# Blender 5.0.1
# www.blender.org
mtllib tripo_convert_eda833f5-bd1e-4f31-8ac9-e6f7c4d9d1a6.mtl
o tripo_node_eda833f5-bd1e-4f31-8ac9-e6f7c4d9d1a6
v 0.012695 0.480469 0.174805
v 0.012695 0.480469 -0.174805
v 0.012695 0.488281 0.166992
v 0.012695 0.488281 -0.166992
v 0.014648 0.494141 0.157227
v 0.014648 0.496094 -0.157227
v 0.014648 0.500000 0.135742
v 0.014648 0.501953 -0.133789
v 0.016602 0.507812 0.098633
v 0.016602 0.507812 -0.098633
v 0.018555 0.511719 0.043945
v 0.018555 0.511719 -0.043945
v 0.018555 0.513672 -0.000977
v 0.053711 0.451172 0.174805
v 0.053711 0.451172 -0.174805
v 0.053711 0.457031 0.184570
v 0.053711 0.457031 -0.184570
v 0.055664 0.462891 0.180664
v 0.055664 0.462891 -0.180664
v 0.061523 0.478516 0.176758
v 0.061523 0.478516 -0.176758
v 0.063477 0.486328 0.168945
v 0.063477 0.486328 -0.168945
v 0.065430 0.492188 0.159180
v 0.065430 0.492188 -0.157227
v 0.069336 0.449219 0.174805
v 0.069336 0.449219 -0.174805
v 0.069336 0.496094 0.137695
v 0.069336 0.498047 -0.135742
v 0.071289 0.453125 0.184570
v 0.071289 0.453125 -0.184570
v 0.071289 0.503906 0.100586
v 0.071289 0.503906 -0.100586
v 0.075195 0.458984 0.182617
v 0.075195 0.458984 -0.182617
v 0.075195 0.507812 0.045898
v 0.075195 0.507812 -0.045898
v 0.075195 0.509766 -0.000977
v 0.081055 0.470703 -0.178711
v 0.081055 0.472656 0.178711
v 0.083008 0.441406 0.176758
v 0.083008 0.441406 -0.176758
v 0.084961 0.445312 0.186523
v 0.086914 0.445312 -0.186523
v 0.086914 0.478516 0.170898
v 0.086914 0.478516 -0.170898
v 0.090820 0.449219 0.184570
v 0.090820 0.449219 -0.184570
v 0.090820 0.484375 0.159180
v 0.090820 0.484375 -0.159180
v 0.092773 0.429688 0.180664
v 0.092773 0.429688 -0.180664
v 0.094727 0.431641 0.190430
v 0.094727 0.431641 -0.190430
v 0.096680 0.460938 0.182617
v 0.096680 0.460938 -0.182617
v 0.096680 0.490234 0.137695
v 0.096680 0.490234 -0.137695
v 0.100586 0.435547 0.188477
v 0.100586 0.496094 0.100586
v 0.100586 0.496094 -0.100586
v 0.102539 0.435547 -0.188477
v 0.102539 0.466797 0.174805
v 0.102539 0.466797 -0.174805
v 0.104492 0.500000 0.045898
v 0.104492 0.500000 -0.045898
v 0.106445 0.501953 -0.000977
v 0.108398 0.441406 0.186523
v 0.108398 0.441406 -0.186523
v 0.108398 0.472656 0.161133
v 0.108398 0.472656 -0.161133
v 0.114258 0.458984 0.165039
v 0.114258 0.458984 -0.165039
v 0.114258 0.466797 0.155273
v 0.114258 0.468750 -0.153320
v 0.114258 0.472656 0.139648
v 0.114258 0.478516 0.139648
v 0.114258 0.480469 -0.137695
v 0.116211 0.333984 0.202148
v 0.116211 0.333984 -0.202148
v 0.116211 0.445312 0.178711
v 0.116211 0.472656 -0.137695
v 0.118164 0.445312 -0.178711
v 0.120117 0.332031 0.213867
v 0.120117 0.332031 -0.213867
v 0.120117 0.445312 -0.170898
v 0.120117 0.468750 0.155273
v 0.120117 0.470703 -0.153320
v 0.120117 0.484375 0.102539
v 0.120117 0.484375 -0.102539
v 0.122070 0.324219 0.213867
v 0.122070 0.324219 -0.213867
v 0.122070 0.443359 0.170898
v 0.122070 0.460938 0.163086
v 0.122070 0.460938 -0.165039
v 0.122070 0.474609 0.139648
v 0.122070 0.474609 -0.139648
v 0.122070 0.478516 0.102539
v 0.122070 0.478516 -0.100586
v 0.124023 0.457031 0.155273
v 0.124023 0.457031 -0.155273
v 0.124023 0.464844 0.137695
v 0.124023 0.464844 -0.137695
v 0.125977 0.460938 0.163086
v 0.125977 0.468750 0.155273
v 0.125977 0.468750 -0.153320
v 0.125977 0.472656 0.139648
v 0.125977 0.482422 0.045898
v 0.125977 0.490234 0.045898
v 0.125977 0.490234 -0.000977
v 0.125977 0.490234 -0.045898
v 0.127930 0.363281 0.196289
v 0.127930 0.363281 -0.196289
v 0.127930 0.447266 0.170898
v 0.127930 0.447266 -0.170898
v 0.127930 0.460938 -0.163086
v 0.127930 0.472656 -0.139648
v 0.127930 0.480469 0.102539
v 0.127930 0.482422 -0.045898
v 0.127930 0.484375 -0.000977
v 0.129883 0.314453 -0.149414
v 0.129883 0.337891 0.202148
v 0.129883 0.337891 -0.202148
v 0.129883 0.445312 0.163086
v 0.129883 0.445312 -0.163086
v 0.129883 0.468750 0.102539
v 0.129883 0.470703 -0.100586
v 0.129883 0.480469 -0.102539
v 0.131836 0.316406 -0.139648
v 0.131836 0.449219 0.168945
v 0.131836 0.449219 -0.168945
v 0.133789 0.349609 0.198242
v 0.133789 0.349609 -0.198242
v 0.133789 0.363281 0.206055
v 0.133789 0.363281 -0.206055
v 0.133789 0.474609 0.045898
v 0.133789 0.474609 -0.045898
v 0.133789 0.476562 0.102539
v 0.133789 0.478516 -0.102539
v 0.133789 0.484375 0.045898
v 0.133789 0.484375 -0.045898
v 0.135742 0.330078 -0.028320
v 0.135742 0.330078 -0.036133
v 0.135742 0.335938 0.213867
v 0.135742 0.335938 -0.213867
v 0.135742 0.474609 -0.000977
v 0.135742 0.486328 -0.000977
v 0.137695 0.330078 -0.141602
v 0.137695 0.482422 0.045898
v 0.137695 0.482422 -0.045898
v 0.139648 0.308594 -0.153320
v 0.139648 0.330078 -0.149414
v 0.139648 0.347656 0.209961
v 0.139648 0.347656 -0.209961
v 0.139648 0.365234 0.204102
v 0.139648 0.365234 -0.204102
v 0.139648 0.482422 -0.000977
v 0.141602 0.324219 -0.088867
v 0.141602 0.330078 0.211914
v 0.141602 0.330078 -0.211914
v 0.143555 0.343750 -0.040039
v 0.145508 0.320312 -0.137695
v 0.145508 0.324219 -0.040039
v 0.145508 0.326172 -0.024414
v 0.145508 0.343750 -0.139648
v 0.145508 0.345703 -0.032227
v 0.147461 0.326172 -0.155273
v 0.147461 0.345703 -0.147461
v 0.147461 0.347656 0.208008
v 0.147461 0.347656 -0.208008
v 0.149414 0.304688 -0.147461
v 0.151367 0.359375 -0.040039
v 0.153320 0.341797 -0.026367
v 0.153320 0.359375 -0.139648
v 0.153320 0.361328 -0.049805
v 0.155273 0.320312 -0.028320
v 0.155273 0.341797 -0.135742
v 0.155273 0.361328 -0.129883
v 0.157227 0.322266 -0.149414
v 0.157227 0.341797 -0.151367
v 0.157227 0.349609 -0.047852
v 0.159180 0.371094 -0.051758
v 0.161133 0.328125 -0.143555
v 0.161133 0.353516 -0.051758
v 0.161133 0.375000 -0.075195
v 0.161133 0.375000 -0.104492
v 0.161133 0.375000 -0.122070
v 0.161133 0.105469 0.239258
v 0.161133 0.103516 -0.239258
v 0.163086 0.357422 -0.034180
v 0.163086 0.357422 -0.143555
v 0.165039 0.335938 -0.147461
v 0.165039 0.339844 -0.040039
v 0.165039 0.380859 -0.071289
v 0.165039 0.380859 -0.098633
v 0.166992 0.343750 -0.034180
v 0.166992 0.363281 -0.112305
v 0.168945 0.367188 -0.081055
v 0.168945 0.369141 -0.045898
v 0.168945 0.369141 -0.131836
v 0.172852 0.318359 0.217773
v 0.172852 0.318359 -0.217773
v 0.172852 0.351562 -0.139648
v 0.172852 0.353516 -0.127930
v 0.172852 0.376953 -0.063477
v 0.172852 0.111328 0.241211
v 0.172852 0.111328 -0.241211
v 0.174805 0.343750 -0.198242
v 0.174805 0.345703 0.198242
v 0.174805 0.376953 -0.116211
v 0.174805 0.382812 -0.081055
v 0.176758 0.310547 0.223633
v 0.176758 0.310547 -0.223633
v 0.176758 0.359375 -0.057617
v 0.176758 0.380859 -0.098633
v 0.178711 0.343750 0.190430
v 0.178711 0.345703 -0.190430
v 0.178711 0.365234 -0.053711
v 0.178711 0.365234 -0.122070
v 0.180664 0.298828 0.229492
v 0.180664 0.298828 -0.229492
v 0.180664 0.367188 -0.081055
v 0.180664 0.367188 -0.104492
v 0.182617 0.283203 0.235352
v 0.182617 0.283203 -0.235352
v 0.182617 0.373047 -0.084961
v 0.182617 0.125000 0.245117
v 0.182617 0.125000 -0.245117
v 0.184570 0.257812 0.243164
v 0.184570 0.257812 -0.243164
v 0.184570 0.265625 0.237305
v 0.184570 0.265625 -0.237305
v 0.186523 0.347656 0.190430
v 0.186523 0.347656 -0.190430
v 0.186523 0.244141 0.247070
v 0.186523 0.244141 -0.247070
v 0.186523 0.142578 0.247070
v 0.186523 0.142578 -0.247070
v 0.188477 0.333984 0.186523
v 0.188477 0.333984 -0.188477
v 0.188477 0.347656 0.182617
v 0.188477 0.347656 -0.182617
v 0.188477 0.072266 0.241211
v 0.188477 0.072266 -0.239258
v 0.188477 0.064453 0.231445
v 0.188477 0.064453 -0.229492
v 0.190430 0.351562 0.188477
v 0.190430 0.351562 -0.188477
v 0.192383 0.320312 0.202148
v 0.192383 0.320312 -0.202148
v 0.192383 0.339844 0.178711
v 0.192383 0.115234 0.245117
v 0.192383 0.113281 -0.245117
v 0.194336 0.328125 0.180664
v 0.194336 0.330078 -0.182617
v 0.194336 0.339844 -0.178711
v 0.194336 0.070312 0.247070
v 0.194336 0.070312 -0.245117
v 0.196289 0.337891 0.188477
v 0.196289 0.337891 -0.188477
v 0.196289 0.343750 0.186523
v 0.196289 0.343750 -0.186523
v 0.198242 0.316406 0.208008
v 0.198242 0.316406 -0.208008
v 0.198242 0.337891 0.168945
v 0.198242 0.337891 -0.168945
v 0.200195 0.111328 0.252930
v 0.200195 0.111328 -0.250977
v 0.200195 0.068359 0.250977
v 0.200195 0.068359 -0.249023
v 0.200195 0.062500 0.235352
v 0.200195 0.062500 -0.233398
v 0.202148 0.328125 0.168945
v 0.202148 0.333984 0.180664
v 0.202148 0.333984 -0.180664
v 0.202148 0.339844 0.178711
v 0.202148 0.339844 -0.178711
v 0.204102 0.330078 -0.168945
v 0.204102 0.150391 0.247070
v 0.204102 0.148438 -0.247070
v 0.206055 0.339844 0.170898
v 0.206055 0.339844 -0.170898
v 0.206055 0.111328 0.258789
v 0.206055 0.109375 -0.256836
v 0.208008 0.333984 0.170898
v 0.208008 0.333984 -0.170898
v 0.208008 0.070312 -0.252930
v 0.209961 0.322266 0.170898
v 0.209961 0.322266 -0.170898
v 0.211914 0.345703 0.110352
v 0.211914 0.345703 -0.108398
v 0.211914 0.146484 0.256836
v 0.211914 0.146484 -0.254883
v 0.213867 0.312500 0.188477
v 0.213867 0.312500 -0.188477
v 0.213867 0.109375 0.260742
v 0.213867 0.109375 -0.260742
v 0.213867 0.068359 0.235352
v 0.213867 0.068359 -0.233398
v 0.213867 0.064453 0.135742
v 0.213867 0.064453 -0.000977
v 0.213867 0.064453 -0.135742
v 0.215820 0.074219 0.252930
v 0.215820 0.074219 -0.250977
v 0.217773 0.335938 0.110352
v 0.217773 0.349609 0.051758
v 0.217773 0.349609 -0.000977
v 0.217773 0.349609 -0.049805
v 0.219727 0.263672 0.241211
v 0.219727 0.263672 -0.241211
v 0.219727 0.316406 0.170898
v 0.219727 0.316406 -0.170898
v 0.219727 0.337891 -0.108398
v 0.219727 0.347656 0.110352
v 0.219727 0.255859 0.247070
v 0.219727 0.255859 -0.247070
v 0.219727 0.242188 0.250977
v 0.219727 0.242188 -0.250977
v 0.219727 0.142578 0.264648
v 0.219727 0.140625 -0.262695
v 0.221680 0.281250 0.239258
v 0.221680 0.281250 -0.239258
v 0.221680 0.296875 0.231445
v 0.221680 0.296875 -0.231445
v 0.221680 0.347656 -0.110352
v 0.221680 0.107422 0.258789
v 0.221680 0.107422 -0.258789
v 0.223633 0.308594 0.223633
v 0.223633 0.308594 -0.223633
v 0.223633 0.341797 0.110352
v 0.223633 0.341797 -0.110352
v 0.223633 0.179688 0.249023
v 0.223633 0.179688 -0.249023
v 0.225586 0.314453 0.209961
v 0.225586 0.314453 -0.209961
v 0.225586 0.332031 0.108398
v 0.225586 0.332031 -0.108398
v 0.225586 0.339844 0.049805
v 0.225586 0.339844 -0.049805
v 0.225586 0.349609 0.051758
v 0.225586 0.349609 -0.051758
v 0.225586 0.138672 0.266602
v 0.225586 0.138672 -0.266602
v 0.227539 0.314453 0.196289
v 0.227539 0.314453 -0.196289
v 0.227539 0.341797 -0.000977
v 0.227539 0.345703 0.051758
v 0.227539 0.345703 -0.051758
v 0.227539 0.351562 -0.000977
v 0.227539 0.089844 0.198242
v 0.227539 0.089844 0.239258
v 0.227539 0.089844 -0.204102
v 0.227539 0.089844 -0.245117
v 0.229492 0.308594 -0.184570
v 0.229492 0.310547 0.184570
v 0.229492 0.345703 -0.000977
v 0.229492 0.113281 0.198242
v 0.229492 0.113281 0.245117
v 0.229492 0.113281 -0.198242
v 0.229492 0.111328 -0.245117
v 0.229492 0.089844 0.250977
v 0.229492 0.066406 0.198242
v 0.229492 0.066406 0.245117
v 0.229492 0.066406 -0.198242
v 0.229492 0.066406 -0.245117
v 0.231445 0.316406 0.174805
v 0.231445 0.316406 -0.172852
v 0.231445 0.326172 0.108398
v 0.231445 0.326172 -0.108398
v 0.231445 0.171875 0.258789
v 0.231445 0.171875 -0.258789
v 0.231445 0.089844 0.188477
v 0.231445 0.089844 -0.188477
v 0.233398 0.337891 -0.000977
v 0.233398 0.134766 0.262695
v 0.233398 0.134766 -0.262695
v 0.233398 0.089844 -0.254883
v 0.235352 0.111328 0.188477
v 0.235352 0.111328 -0.188477
v 0.235352 0.068359 0.254883
v 0.235352 0.068359 -0.254883
v 0.235352 0.066406 0.188477
v 0.235352 0.066406 -0.188477
v 0.237305 0.332031 -0.000977
v 0.237305 0.166016 0.266602
v 0.237305 0.166016 -0.266602
v 0.237305 0.111328 0.256836
v 0.237305 0.111328 -0.256836
v 0.237305 0.089844 0.258789
v 0.237305 0.089844 -0.258789
v 0.239258 0.326172 0.106445
v 0.239258 0.326172 -0.106445
v 0.239258 0.148438 0.135742
v 0.239258 0.148438 -0.135742
v 0.239258 0.134766 0.198242
v 0.239258 0.134766 0.245117
v 0.239258 0.132812 -0.204102
v 0.239258 0.132812 -0.245117
v 0.239258 0.044922 0.198242
v 0.239258 0.044922 0.245117
v 0.239258 0.044922 -0.198242
v 0.239258 0.044922 -0.245117
v 0.243164 0.162109 0.268555
v 0.243164 0.160156 -0.268555
v 0.243164 0.130859 0.188477
v 0.243164 0.130859 0.254883
v 0.243164 0.130859 -0.188477
v 0.243164 0.130859 -0.254883
v 0.243164 0.070312 0.258789
v 0.243164 0.070312 -0.258789
v 0.243164 0.046875 0.188477
v 0.243164 0.046875 0.254883
v 0.243164 0.046875 -0.188477
v 0.243164 0.046875 -0.254883
v 0.245117 0.332031 0.006836
v 0.245117 0.332031 -0.006836
v 0.245117 0.333984 -0.000977
v 0.249023 0.156250 0.266602
v 0.249023 0.156250 -0.266602
v 0.249023 0.128906 0.258789
v 0.249023 0.128906 -0.258789
v 0.249023 0.050781 0.258789
v 0.249023 0.050781 -0.258789
v 0.250977 0.203125 0.252930
v 0.250977 0.203125 -0.252930
v 0.252930 0.152344 0.198242
v 0.252930 0.152344 0.245117
v 0.252930 0.152344 -0.198242
v 0.252930 0.152344 -0.245117
v 0.252930 0.027344 0.245117
v 0.252930 0.025391 0.198242
v 0.252930 0.025391 -0.198242
v 0.252930 0.025391 -0.245117
v 0.254883 0.193359 0.260742
v 0.254883 0.193359 -0.260742
v 0.256836 0.148438 0.188477
v 0.256836 0.148438 0.254883
v 0.256836 0.148438 -0.188477
v 0.256836 0.148438 -0.254883
v 0.256836 0.031250 0.254883
v 0.256836 0.031250 -0.254883
v 0.256836 0.029297 0.188477
v 0.256836 0.029297 -0.188477
v 0.258789 0.099609 0.258789
v 0.258789 0.099609 -0.258789
v 0.258789 0.035156 0.184570
v 0.258789 0.035156 -0.184570
v 0.260742 0.185547 0.268555
v 0.260742 0.185547 -0.268555
v 0.260742 0.144531 0.258789
v 0.260742 0.144531 -0.258789
v 0.260742 0.035156 0.258789
v 0.260742 0.035156 -0.258789
v 0.264648 0.179688 0.270508
v 0.264648 0.179688 -0.270508
v 0.266602 0.105469 0.256836
v 0.266602 0.105469 -0.256836
v 0.266602 0.074219 0.256836
v 0.266602 0.074219 -0.256836
v 0.266602 0.060547 0.258789
v 0.268555 0.154297 0.184570
v 0.268555 0.154297 -0.184570
v 0.270508 0.255859 0.245117
v 0.270508 0.171875 0.268555
v 0.270508 0.171875 -0.266602
v 0.270508 0.103516 -0.252930
v 0.270508 0.089844 0.252930
v 0.270508 0.089844 -0.252930
v 0.272461 0.261719 -0.241211
v 0.272461 0.263672 0.241211
v 0.272461 0.279297 0.237305
v 0.272461 0.279297 -0.237305
v 0.272461 0.294922 0.231445
v 0.272461 0.294922 -0.231445
v 0.272461 0.255859 -0.245117
v 0.272461 0.242188 0.250977
v 0.272461 0.242188 -0.250977
v 0.272461 0.166016 0.198242
v 0.272461 0.166016 0.245117
v 0.272461 0.166016 -0.204102
v 0.272461 0.166016 -0.245117
v 0.272461 0.103516 0.252930
v 0.272461 0.011719 0.198242
v 0.272461 0.011719 0.245117
v 0.272461 0.011719 -0.198242
v 0.272461 0.011719 -0.245117
v 0.274414 0.306641 0.221680
v 0.274414 0.306641 -0.221680
v 0.274414 0.312500 0.206055
v 0.274414 0.312500 -0.206055
v 0.274414 0.162109 0.188477
v 0.274414 0.162109 0.254883
v 0.274414 0.162109 -0.188477
v 0.274414 0.162109 -0.254883
v 0.274414 0.121094 0.256836
v 0.274414 0.121094 -0.256836
v 0.274414 0.015625 0.188477
v 0.274414 0.015625 0.254883
v 0.274414 0.015625 -0.188477
v 0.274414 0.015625 -0.252930
v 0.276367 0.310547 0.188477
v 0.276367 0.310547 -0.190430
v 0.276367 0.111328 0.249023
v 0.276367 0.111328 -0.249023
v 0.276367 0.068359 0.249023
v 0.276367 0.068359 -0.249023
v 0.276367 0.064453 0.252930
v 0.276367 0.064453 -0.252930
v 0.278320 0.304688 0.176758
v 0.278320 0.304688 -0.176758
v 0.278320 0.312500 0.166992
v 0.278320 0.312500 -0.165039
v 0.278320 0.156250 0.258789
v 0.278320 0.156250 -0.258789
v 0.278320 0.050781 0.256836
v 0.278320 0.050781 -0.256836
v 0.282227 0.322266 0.100586
v 0.282227 0.322266 -0.100586
v 0.282227 0.218750 0.254883
v 0.282227 0.121094 0.252930
v 0.282227 0.121094 -0.252930
v 0.284180 0.218750 -0.254883
v 0.284180 0.054688 0.252930
v 0.284180 0.054688 -0.252930
v 0.286133 0.328125 0.006836
v 0.286133 0.328125 -0.006836
v 0.286133 0.332031 0.000977
v 0.286133 0.208984 0.262695
v 0.286133 0.208984 -0.262695
v 0.286133 0.138672 0.258789
v 0.286133 0.138672 -0.258789
v 0.286133 0.019531 0.258789
v 0.286133 0.019531 -0.258789
v 0.288086 0.199219 0.270508
v 0.288086 0.199219 -0.270508
v 0.288086 0.085938 0.256836
v 0.288086 0.085938 -0.256836
v 0.290039 0.191406 0.272461
v 0.290039 0.191406 -0.272461
v 0.290039 0.103516 0.256836
v 0.290039 0.103516 -0.256836
v 0.291992 0.183594 0.268555
v 0.291992 0.183594 -0.268555
v 0.291992 0.042969 0.256836
v 0.291992 0.042969 -0.256836
v 0.293945 0.175781 0.198242
v 0.293945 0.175781 0.245117
v 0.293945 0.175781 -0.198242
v 0.293945 0.175781 -0.239258
v 0.293945 0.171875 0.188477
v 0.293945 0.171875 -0.188477
v 0.293945 0.169922 0.254883
v 0.293945 0.169922 -0.254883
v 0.293945 0.091797 -0.260742
v 0.293945 0.089844 0.122070
v 0.293945 0.089844 0.184570
v 0.293945 0.089844 -0.122070
v 0.293945 0.089844 -0.184570
v 0.293945 0.085938 0.260742
v 0.293945 0.070312 0.256836
v 0.293945 0.070312 -0.256836
v 0.293945 0.009766 0.254883
v 0.293945 0.009766 -0.254883
v 0.293945 0.007812 0.188477
v 0.293945 0.007812 -0.188477
v 0.293945 0.003906 0.204102
v 0.293945 0.003906 0.245117
v 0.293945 0.003906 -0.204102
v 0.293945 0.003906 -0.245117
v 0.295898 0.164062 0.258789
v 0.295898 0.164062 -0.258789
v 0.295898 0.130859 0.252930
v 0.295898 0.101562 0.260742
v 0.297852 0.136719 0.256836
v 0.297852 0.136719 -0.256836
v 0.297852 0.103516 -0.260742
v 0.297852 0.048828 0.249023
v 0.297852 0.048828 -0.249023
v 0.299805 0.074219 0.260742
v 0.299805 0.074219 -0.260742
v 0.299805 0.035156 -0.258789
v 0.299805 0.033203 0.258789
v 0.303711 0.134766 -0.252930
v 0.303711 0.115234 0.256836
v 0.303711 0.115234 -0.256836
v 0.303711 0.044922 0.252930
v 0.303711 0.044922 -0.252930
v 0.303711 0.009766 0.184570
v 0.303711 0.009766 -0.184570
v 0.305664 0.109375 0.260742
v 0.305664 0.109375 -0.260742
v 0.307617 0.068359 0.260742
v 0.307617 0.068359 -0.260742
v 0.307617 0.062500 0.256836
v 0.307617 0.062500 -0.256836
v 0.309570 0.132812 0.249023
v 0.309570 0.132812 -0.249023
v 0.311523 0.142578 0.256836
v 0.315430 0.177734 0.204102
v 0.315430 0.177734 0.245117
v 0.315430 0.177734 -0.204102
v 0.315430 0.177734 -0.245117
v 0.315430 0.175781 0.190430
v 0.315430 0.175781 -0.190430
v 0.315430 0.169922 0.184570
v 0.315430 0.169922 0.256836
v 0.315430 0.169922 -0.184570
v 0.315430 0.169922 -0.256836
v 0.315430 0.136719 0.252930
v 0.315430 0.136719 -0.252930
v 0.315430 0.117188 0.256836
v 0.315430 0.117188 -0.256836
v 0.315430 0.113281 0.260742
v 0.315430 0.113281 -0.260742
v 0.315430 0.111328 0.122070
v 0.315430 0.111328 0.184570
v 0.315430 0.111328 -0.122070
v 0.315430 0.111328 -0.184570
v 0.315430 0.068359 0.122070
v 0.315430 0.068359 0.184570
v 0.315430 0.068359 -0.122070
v 0.315430 0.066406 -0.184570
v 0.315430 0.042969 0.252930
v 0.315430 0.042969 -0.252930
v 0.315430 0.013672 -0.258789
v 0.315430 0.011719 0.258789
v 0.315430 0.007812 0.254883
v 0.315430 0.007812 -0.254883
v 0.315430 0.003906 0.188477
v 0.315430 0.003906 -0.188477
v 0.315430 0.001953 0.249023
v 0.315430 0.001953 -0.249023
v 0.315430 0.000000 0.198242
v 0.315430 0.000000 0.239258
v 0.315430 0.000000 -0.198242
v 0.315430 0.000000 -0.239258
v 0.319336 0.224609 0.250977
v 0.319336 0.224609 -0.250977
v 0.319336 0.214844 0.262695
v 0.319336 0.214844 -0.262695
v 0.319336 0.205078 0.270508
v 0.319336 0.205078 -0.270508
v 0.319336 0.197266 0.272461
v 0.319336 0.197266 -0.272461
v 0.319336 0.187500 0.135742
v 0.319336 0.187500 0.268555
v 0.319336 0.187500 -0.135742
v 0.319336 0.187500 -0.268555
v 0.319336 0.066406 0.260742
v 0.319336 0.066406 -0.260742
v 0.319336 0.062500 0.256836
v 0.321289 0.242188 0.247070
v 0.321289 0.242188 -0.247070
v 0.323242 0.259766 -0.239258
v 0.323242 0.261719 0.239258
v 0.323242 0.277344 0.235352
v 0.323242 0.277344 -0.235352
v 0.323242 0.253906 0.243164
v 0.323242 0.253906 -0.243164
v 0.323242 0.044922 0.249023
v 0.323242 0.044922 -0.249023
v 0.323242 0.037109 0.256836
v 0.323242 0.037109 -0.256836
v 0.325195 0.292969 0.227539
v 0.325195 0.292969 -0.227539
v 0.325195 0.304688 0.217773
v 0.325195 0.304688 -0.217773
v 0.325195 0.308594 -0.200195
v 0.325195 0.310547 0.200195
v 0.325195 0.062500 -0.256836
v 0.327148 0.296875 0.165039
v 0.327148 0.296875 -0.165039
v 0.327148 0.304688 -0.155273
v 0.327148 0.304688 -0.180664
v 0.327148 0.306641 0.157227
v 0.327148 0.306641 0.180664
v 0.327148 0.109375 0.260742
v 0.327148 0.109375 -0.260742
v 0.329102 0.134766 0.252930
v 0.329102 0.134766 -0.252930
v 0.329102 0.115234 0.256836
v 0.329102 0.115234 -0.256836
v 0.329102 0.070312 0.260742
v 0.329102 0.070312 -0.260742
v 0.329102 0.044922 0.252930
v 0.329102 0.044922 -0.252930
v 0.331055 0.316406 0.090820
v 0.331055 0.316406 -0.090820
v 0.333008 0.066406 0.256836
v 0.334961 0.320312 0.006836
v 0.334961 0.320312 -0.006836
v 0.334961 0.326172 0.000977
v 0.336914 0.169922 0.254883
v 0.336914 0.169922 -0.254883
v 0.336914 0.099609 0.260742
v 0.336914 0.099609 -0.260742
v 0.336914 0.089844 0.122070
v 0.336914 0.089844 0.184570
v 0.336914 0.089844 -0.122070
v 0.336914 0.089844 -0.184570
v 0.336914 0.080078 0.260742
v 0.336914 0.080078 -0.260742
v 0.336914 0.070312 -0.256836
v 0.336914 0.009766 0.254883
v 0.336914 0.009766 -0.254883
v 0.338867 0.175781 0.204102
v 0.338867 0.175781 0.245117
v 0.338867 0.175781 -0.204102
v 0.338867 0.175781 -0.245117
v 0.338867 0.171875 0.188477
v 0.338867 0.171875 -0.188477
v 0.338867 0.140625 0.258789
v 0.338867 0.140625 -0.258789
v 0.338867 0.089844 0.260742
v 0.338867 0.089844 -0.260742
v 0.338867 0.007812 0.188477
v 0.338867 0.007812 -0.188477
v 0.338867 0.003906 0.204102
v 0.338867 0.003906 0.245117
v 0.338867 0.003906 -0.204102
v 0.338867 0.003906 -0.245117
v 0.340820 0.128906 0.252930
v 0.340820 0.128906 -0.252930
v 0.340820 0.103516 0.256836
v 0.340820 0.103516 -0.256836
v 0.340820 0.076172 0.256836
v 0.340820 0.050781 0.252930
v 0.340820 0.050781 -0.252930
v 0.342773 0.017578 0.258789
v 0.342773 0.017578 -0.258789
v 0.344727 0.185547 0.268555
v 0.344727 0.185547 -0.268555
v 0.344727 0.085938 0.256836
v 0.344727 0.085938 -0.256836
v 0.346680 0.193359 0.272461
v 0.346680 0.193359 -0.272461
v 0.346680 0.160156 0.258789
v 0.346680 0.160156 -0.258789
v 0.346680 0.042969 0.258789
v 0.346680 0.042969 -0.258789
v 0.348633 0.201172 0.268555
v 0.348633 0.201172 -0.268555
v 0.348633 0.119141 0.250977
v 0.348633 0.119141 -0.250977
v 0.348633 0.060547 0.250977
v 0.348633 0.060547 -0.250977
v 0.348633 0.017578 0.184570
v 0.348633 0.017578 -0.184570
v 0.350586 0.121094 0.252930
v 0.350586 0.058594 0.252930
v 0.352539 0.210938 0.260742
v 0.352539 0.210938 -0.260742
v 0.354492 0.117188 -0.252930
v 0.356445 0.220703 0.245117
v 0.356445 0.220703 -0.245117
v 0.356445 0.126953 -0.258789
v 0.358398 0.162109 0.188477
v 0.358398 0.162109 0.254883
v 0.358398 0.162109 -0.188477
v 0.358398 0.162109 -0.254883
v 0.358398 0.121094 0.256836
v 0.358398 0.078125 0.250977
v 0.358398 0.078125 -0.250977
v 0.358398 0.056641 0.256836
v 0.358398 0.056641 -0.256836
v 0.358398 0.015625 0.188477
v 0.358398 0.015625 0.254883
v 0.358398 0.015625 -0.188477
v 0.358398 0.015625 -0.252930
v 0.360352 0.166016 0.198242
v 0.360352 0.166016 0.245117
v 0.360352 0.166016 -0.198242
v 0.360352 0.166016 -0.245117
v 0.360352 0.103516 0.252930
v 0.360352 0.101562 -0.252930
v 0.360352 0.076172 0.252930
v 0.360352 0.011719 0.198242
v 0.360352 0.011719 0.245117
v 0.360352 0.011719 -0.198242
v 0.360352 0.011719 -0.245117
v 0.362305 0.089844 0.252930
v 0.362305 0.089844 -0.252930
v 0.364258 0.154297 0.184570
v 0.364258 0.154297 -0.184570
v 0.364258 0.074219 -0.256836
v 0.368164 0.175781 0.266602
v 0.368164 0.173828 -0.266602
v 0.368164 0.111328 0.258789
v 0.368164 0.111328 -0.258789
v 0.368164 0.076172 0.258789
v 0.372070 0.181641 0.270508
v 0.372070 0.181641 -0.270508
v 0.372070 0.144531 0.258789
v 0.372070 0.144531 -0.258789
v 0.372070 0.035156 0.258789
v 0.372070 0.035156 -0.258789
v 0.374023 0.076172 -0.258789
v 0.375977 0.273438 0.229492
v 0.375977 0.273438 -0.229492
v 0.375977 0.287109 0.153320
v 0.375977 0.287109 0.221680
v 0.375977 0.287109 -0.153320
v 0.375977 0.287109 -0.221680
v 0.375977 0.294922 -0.143555
v 0.375977 0.296875 0.145508
v 0.375977 0.296875 0.170898
v 0.375977 0.296875 0.211914
v 0.375977 0.296875 -0.170898
v 0.375977 0.296875 -0.211914
v 0.375977 0.302734 0.192383
v 0.375977 0.302734 -0.192383
v 0.375977 0.255859 0.233398
v 0.375977 0.255859 -0.233398
v 0.375977 0.250000 0.237305
v 0.375977 0.250000 -0.237305
v 0.375977 0.148438 0.188477
v 0.375977 0.148438 0.254883
v 0.375977 0.148438 -0.188477
v 0.375977 0.148438 -0.254883
v 0.375977 0.031250 0.254883
v 0.375977 0.031250 -0.254883
v 0.375977 0.029297 0.188477
v 0.375977 0.029297 -0.188477
v 0.377930 0.304688 0.083008
v 0.377930 0.304688 -0.083008
v 0.377930 0.189453 0.268555
v 0.377930 0.189453 -0.268555
v 0.379883 0.152344 0.198242
v 0.379883 0.152344 0.245117
v 0.379883 0.152344 -0.198242
v 0.379883 0.152344 -0.245117
v 0.379883 0.027344 0.245117
v 0.379883 0.025391 0.198242
v 0.379883 0.025391 -0.198242
v 0.379883 0.025391 -0.245117
v 0.381836 0.308594 0.006836
v 0.381836 0.308594 -0.006836
v 0.381836 0.314453 0.000977
v 0.381836 0.197266 0.258789
v 0.381836 0.197266 -0.258789
v 0.383789 0.056641 0.258789
v 0.385742 0.128906 0.256836
v 0.385742 0.128906 -0.256836
v 0.385742 0.058594 -0.258789
v 0.385742 0.052734 0.184570
v 0.385742 0.052734 -0.184570
v 0.387695 0.207031 0.241211
v 0.387695 0.207031 -0.241211
v 0.387695 0.158203 0.266602
v 0.387695 0.158203 -0.264648
v 0.387695 0.115234 -0.258789
v 0.389648 0.130859 0.188477
v 0.389648 0.130859 -0.188477
v 0.389648 0.046875 0.188477
v 0.389648 0.046875 0.254883
v 0.389648 0.046875 -0.188477
v 0.389648 0.046875 -0.254883
v 0.391602 0.232422 0.237305
v 0.391602 0.230469 -0.235352
v 0.391602 0.109375 0.258789
v 0.393555 0.232422 0.241211
v 0.393555 0.230469 -0.239258
v 0.393555 0.164062 0.268555
v 0.393555 0.164062 -0.268555
v 0.393555 0.134766 0.198242
v 0.393555 0.134766 0.245117
v 0.393555 0.132812 -0.198242
v 0.393555 0.132812 -0.245117
v 0.393555 0.044922 0.198242
v 0.393555 0.044922 0.245117
v 0.393555 0.044922 -0.198242
v 0.393555 0.044922 -0.245117
v 0.395508 0.240234 0.235352
v 0.395508 0.240234 -0.233398
v 0.395508 0.222656 0.237305
v 0.395508 0.222656 -0.235352
v 0.395508 0.111328 0.254883
v 0.395508 0.111328 -0.254883
v 0.395508 0.089844 0.258789
v 0.395508 0.089844 -0.258789
v 0.397461 0.279297 0.147461
v 0.397461 0.279297 -0.147461
v 0.397461 0.289062 0.139648
v 0.397461 0.289062 -0.135742
v 0.397461 0.240234 0.239258
v 0.397461 0.238281 -0.237305
v 0.397461 0.228516 0.243164
v 0.397461 0.228516 -0.241211
v 0.397461 0.224609 0.241211
v 0.397461 0.224609 -0.239258
v 0.397461 0.111328 0.188477
v 0.397461 0.111328 -0.188477
v 0.397461 0.068359 0.254883
v 0.397461 0.068359 -0.254883
v 0.397461 0.066406 0.188477
v 0.397461 0.066406 -0.188477
v 0.399414 0.269531 0.225586
v 0.399414 0.269531 -0.225586
v 0.399414 0.281250 0.217773
v 0.399414 0.281250 -0.217773
v 0.399414 0.291016 0.165039
v 0.399414 0.291016 -0.165039
v 0.399414 0.291016 -0.208008
v 0.399414 0.292969 0.208008
v 0.399414 0.296875 0.188477
v 0.399414 0.296875 -0.188477
v 0.399414 0.253906 0.231445
v 0.399414 0.253906 -0.231445
v 0.399414 0.238281 0.243164
v 0.399414 0.238281 -0.239258
v 0.399414 0.169922 0.266602
v 0.399414 0.169922 -0.266602
v 0.401367 0.296875 -0.079102
v 0.401367 0.298828 0.079102
v 0.401367 0.138672 0.264648
v 0.401367 0.138672 -0.262695
v 0.401367 0.113281 0.198242
v 0.401367 0.113281 0.245117
v 0.401367 0.113281 -0.198242
v 0.401367 0.111328 -0.245117
v 0.401367 0.089844 0.188477
v 0.401367 0.089844 -0.188477
v 0.401367 0.066406 0.198242
v 0.401367 0.066406 0.245117
v 0.401367 0.066406 -0.198242
v 0.401367 0.066406 -0.245117
v 0.403320 0.244141 0.233398
v 0.403320 0.244141 -0.231445
v 0.403320 0.218750 0.237305
v 0.403320 0.148438 0.135742
v 0.403320 0.148438 -0.135742
v 0.403320 0.089844 0.250977
v 0.403320 0.089844 -0.250977
v 0.405273 0.300781 0.006836
v 0.405273 0.300781 -0.006836
v 0.405273 0.242188 0.237305
v 0.405273 0.242188 -0.235352
v 0.405273 0.232422 0.243164
v 0.405273 0.232422 -0.241211
v 0.405273 0.224609 0.243164
v 0.405273 0.224609 -0.241211
v 0.405273 0.220703 0.241211
v 0.405273 0.220703 -0.239258
v 0.405273 0.218750 -0.233398
v 0.405273 0.089844 0.198242
v 0.405273 0.089844 0.239258
v 0.405273 0.089844 -0.198242
v 0.405273 0.089844 -0.239258
v 0.407227 0.306641 -0.000977
v 0.407227 0.175781 0.256836
v 0.407227 0.175781 -0.256836
v 0.409180 0.240234 0.241211
v 0.409180 0.240234 -0.239258
v 0.409180 0.142578 0.266602
v 0.409180 0.142578 -0.266602
v 0.411133 0.113281 0.258789
v 0.411133 0.113281 -0.258789
v 0.413086 0.240234 0.231445
v 0.413086 0.240234 -0.229492
v 0.413086 0.238281 0.237305
v 0.413086 0.238281 -0.235352
v 0.413086 0.230469 0.241211
v 0.413086 0.230469 -0.239258
v 0.413086 0.224609 0.239258
v 0.413086 0.224609 -0.237305
v 0.413086 0.222656 0.235352
v 0.413086 0.222656 -0.231445
v 0.415039 0.232422 0.237305
v 0.415039 0.232422 -0.235352
v 0.415039 0.183594 0.237305
v 0.415039 0.183594 -0.237305
v 0.415039 0.097656 0.250977
v 0.415039 0.097656 -0.250977
v 0.416992 0.230469 0.233398
v 0.416992 0.230469 -0.231445
v 0.416992 0.146484 0.264648
v 0.416992 0.146484 -0.262695
v 0.418945 0.269531 0.141602
v 0.418945 0.269531 -0.141602
v 0.418945 0.279297 0.131836
v 0.418945 0.279297 -0.129883
v 0.418945 0.085938 0.235352
v 0.418945 0.085938 -0.235352
v 0.420898 0.283203 0.159180
v 0.420898 0.283203 -0.159180
v 0.420898 0.115234 0.260742
v 0.420898 0.115234 -0.260742
v 0.422852 0.271484 0.215820
v 0.422852 0.271484 -0.215820
v 0.422852 0.285156 0.204102
v 0.422852 0.285156 -0.204102
v 0.422852 0.289062 0.075195
v 0.422852 0.289062 0.184570
v 0.422852 0.289062 -0.075195
v 0.422852 0.289062 -0.184570
v 0.422852 0.251953 0.225586
v 0.422852 0.251953 -0.225586
v 0.424805 0.150391 0.252930
v 0.424805 0.150391 -0.252930
v 0.424805 0.097656 0.252930
v 0.424805 0.097656 -0.252930
v 0.424805 0.072266 0.196289
v 0.424805 0.072266 -0.196289
v 0.426758 0.291016 0.006836
v 0.426758 0.291016 -0.006836
v 0.428711 0.296875 -0.000977
v 0.428711 0.117188 0.258789
v 0.428711 0.117188 -0.258789
v 0.430664 0.083984 0.233398
v 0.430664 0.083984 -0.233398
v 0.430664 0.062500 0.135742
v 0.430664 0.062500 -0.135742
v 0.430664 0.060547 -0.000977
v 0.430664 0.052734 0.104492
v 0.430664 0.052734 -0.104492
v 0.432617 0.257812 0.135742
v 0.432617 0.099609 0.250977
v 0.432617 0.099609 -0.250977
v 0.434570 0.257812 -0.135742
v 0.434570 0.152344 0.231445
v 0.434570 0.152344 -0.231445
v 0.434570 0.050781 -0.000977
v 0.436523 0.269531 0.124023
v 0.436523 0.269531 -0.122070
v 0.436523 0.119141 0.247070
v 0.436523 0.119141 -0.247070
v 0.436523 0.111328 0.241211
v 0.436523 0.109375 -0.241211
v 0.436523 0.097656 0.239258
v 0.436523 0.097656 -0.239258
v 0.436523 0.089844 0.233398
v 0.436523 0.087891 -0.233398
v 0.436523 0.072266 0.194336
v 0.436523 0.072266 -0.196289
v 0.438477 0.271484 0.155273
v 0.438477 0.271484 -0.155273
v 0.438477 0.119141 0.239258
v 0.438477 0.119141 -0.239258
v 0.438477 0.089844 0.235352
v 0.438477 0.087891 -0.235352
v 0.440430 0.250000 0.129883
v 0.440430 0.250000 -0.129883
v 0.442383 0.263672 0.209961
v 0.442383 0.265625 -0.208008
v 0.442383 0.273438 0.198242
v 0.442383 0.273438 -0.198242
v 0.442383 0.275391 0.071289
v 0.442383 0.275391 -0.071289
v 0.442383 0.279297 0.178711
v 0.442383 0.279297 -0.178711
v 0.442383 0.111328 0.247070
v 0.442383 0.109375 -0.247070
v 0.442383 0.097656 0.245117
v 0.442383 0.097656 -0.245117
v 0.442383 0.091797 0.231445
v 0.442383 0.091797 -0.231445
v 0.444336 0.261719 -0.116211
v 0.444336 0.263672 0.118164
v 0.444336 0.251953 -0.217773
v 0.444336 0.250000 0.219727
v 0.444336 0.228516 0.227539
v 0.444336 0.228516 -0.227539
v 0.444336 0.203125 -0.229492
v 0.444336 0.201172 0.229492
v 0.444336 0.123047 0.233398
v 0.444336 0.123047 -0.233398
v 0.444336 0.087891 0.223633
v 0.444336 0.087891 -0.223633
v 0.444336 0.083984 0.231445
v 0.444336 0.083984 -0.231445
v 0.444336 0.052734 0.104492
v 0.444336 0.052734 -0.104492
v 0.446289 0.279297 0.006836
v 0.446289 0.279297 -0.006836
v 0.446289 0.242188 0.122070
v 0.446289 0.242188 -0.122070
v 0.446289 0.121094 0.225586
v 0.446289 0.121094 -0.225586
v 0.446289 0.119141 0.225586
v 0.446289 0.119141 0.245117
v 0.446289 0.119141 -0.225586
v 0.446289 0.119141 -0.245117
v 0.446289 0.089844 0.243164
v 0.446289 0.087891 -0.243164
v 0.446289 0.076172 0.194336
v 0.446289 0.076172 -0.194336
v 0.448242 0.050781 -0.000977
v 0.450195 0.267578 0.069336
v 0.450195 0.267578 -0.069336
v 0.450195 0.283203 -0.000977
v 0.450195 0.255859 0.104492
v 0.450195 0.255859 -0.104492
v 0.450195 0.244141 0.135742
v 0.450195 0.244141 -0.135742
v 0.450195 0.238281 0.104492
v 0.450195 0.238281 -0.104492
v 0.450195 0.125000 0.227539
v 0.450195 0.125000 0.239258
v 0.450195 0.125000 -0.227539
v 0.450195 0.123047 -0.239258
v 0.450195 0.083984 0.225586
v 0.450195 0.083984 0.235352
v 0.450195 0.083984 -0.235352
v 0.450195 0.082031 -0.225586
v 0.452148 0.259766 0.151367
v 0.452148 0.259766 -0.151367
v 0.452148 0.111328 0.249023
v 0.452148 0.109375 -0.249023
v 0.452148 0.097656 0.247070
v 0.452148 0.097656 -0.247070
v 0.454102 0.269531 0.006836
v 0.454102 0.269531 -0.006836
v 0.454102 0.234375 0.124023
v 0.454102 0.234375 -0.124023
v 0.454102 0.087891 0.186523
v 0.454102 0.087891 -0.186523
v 0.454102 0.083984 0.194336
v 0.454102 0.083984 -0.196289
v 0.454102 0.058594 0.104492
v 0.454102 0.058594 -0.104492
v 0.456055 0.257812 0.067383
v 0.456055 0.257812 -0.067383
v 0.456055 0.263672 0.194336
v 0.456055 0.263672 -0.194336
v 0.456055 0.267578 0.176758
v 0.456055 0.267578 -0.176758
v 0.456055 0.248047 0.211914
v 0.456055 0.248047 -0.209961
v 0.456055 0.236328 0.065430
v 0.456055 0.236328 -0.065430
v 0.456055 0.226562 0.221680
v 0.456055 0.226562 -0.221680
v 0.458008 0.257812 0.004883
v 0.458008 0.257812 -0.006836
v 0.458008 0.271484 -0.000977
v 0.458008 0.230469 0.106445
v 0.458008 0.230469 -0.106445
v 0.458008 0.203125 0.219727
v 0.458008 0.203125 -0.219727
v 0.458008 0.121094 0.188477
v 0.458008 0.121094 -0.188477
v 0.458008 0.119141 0.213867
v 0.458008 0.119141 0.245117
v 0.458008 0.119141 -0.213867
v 0.458008 0.119141 -0.245117
v 0.458008 0.089844 0.241211
v 0.458008 0.087891 -0.241211
v 0.458008 0.054688 -0.000977
v 0.459961 0.248047 -0.004883
v 0.459961 0.246094 0.004883
v 0.459961 0.236328 -0.000977
v 0.459961 0.220703 -0.133789
v 0.461914 0.259766 -0.000977
v 0.461914 0.246094 -0.000977
v 0.461914 0.246094 -0.149414
v 0.461914 0.244141 0.149414
v 0.461914 0.244141 0.206055
v 0.461914 0.232422 0.141602
v 0.461914 0.232422 0.213867
v 0.461914 0.232422 -0.141602
v 0.461914 0.232422 -0.211914
v 0.461914 0.228516 0.065430
v 0.461914 0.228516 -0.067383
v 0.461914 0.218750 -0.137695
v 0.461914 0.218750 -0.215820
v 0.461914 0.216797 0.217773
v 0.461914 0.212891 0.135742
v 0.461914 0.203125 0.213867
v 0.461914 0.183594 0.208008
v 0.461914 0.125000 0.188477
v 0.461914 0.125000 -0.188477
v 0.461914 0.111328 0.245117
v 0.461914 0.109375 -0.245117
v 0.461914 0.097656 0.245117
v 0.461914 0.097656 -0.245117
v 0.461914 0.083984 0.188477
v 0.461914 0.083984 -0.188477
v 0.463867 0.255859 0.178711
v 0.463867 0.253906 0.163086
v 0.463867 0.253906 0.192383
v 0.463867 0.253906 -0.163086
v 0.463867 0.253906 -0.192383
v 0.463867 0.246094 -0.204102
v 0.463867 0.228516 -0.000977
v 0.463867 0.216797 0.139648
v 0.463867 0.203125 -0.211914
v 0.463867 0.189453 0.206055
v 0.463867 0.185547 -0.208008
v 0.463867 0.164062 0.192383
v 0.463867 0.154297 0.196289
v 0.463867 0.154297 -0.196289
v 0.463867 0.142578 0.192383
v 0.463867 0.142578 -0.190430
v 0.463867 0.138672 0.180664
v 0.463867 0.125000 0.231445
v 0.463867 0.125000 -0.231445
v 0.463867 0.121094 0.188477
v 0.463867 0.121094 -0.188477
v 0.463867 0.087891 0.112305
v 0.463867 0.087891 -0.112305
v 0.463867 0.083984 0.229492
v 0.463867 0.082031 -0.229492
v 0.463867 0.074219 0.104492
v 0.463867 0.074219 -0.104492
v 0.465820 0.255859 -0.176758
v 0.465820 0.203125 0.141602
v 0.465820 0.203125 -0.141602
v 0.465820 0.191406 -0.204102
v 0.465820 0.181641 0.192383
v 0.465820 0.173828 0.190430
v 0.465820 0.167969 0.180664
v 0.465820 0.164062 -0.190430
v 0.465820 0.154297 0.166992
v 0.465820 0.142578 0.170898
v 0.465820 0.142578 -0.168945
v 0.465820 0.138672 -0.180664
v 0.467773 0.191406 -0.149414
v 0.467773 0.189453 0.149414
v 0.467773 0.187500 -0.145508
v 0.467773 0.185547 0.147461
v 0.467773 0.181641 0.163086
v 0.467773 0.181641 -0.161133
v 0.467773 0.181641 -0.192383
v 0.467773 0.179688 -0.176758
v 0.467773 0.177734 0.176758
v 0.467773 0.173828 -0.190430
v 0.467773 0.167969 -0.180664
v 0.467773 0.164062 0.170898
v 0.467773 0.164062 -0.168945
v 0.467773 0.154297 -0.165039
v 0.467773 0.121094 0.114258
v 0.467773 0.121094 -0.114258
v 0.467773 0.072266 -0.000977
v 0.469727 0.121094 0.116211
v 0.469727 0.121094 0.233398
v 0.469727 0.121094 -0.116211
v 0.469727 0.119141 -0.233398
v 0.469727 0.087891 0.231445
v 0.469727 0.087891 -0.000977
v 0.469727 0.087891 -0.231445
v 0.471680 0.244141 0.178711
v 0.471680 0.242188 0.166992
v 0.471680 0.242188 0.188477
v 0.471680 0.236328 0.157227
v 0.471680 0.236328 0.198242
v 0.471680 0.236328 -0.196289
v 0.471680 0.228516 0.151367
v 0.471680 0.228516 0.204102
v 0.471680 0.228516 -0.202148
v 0.471680 0.218750 -0.204102
v 0.471680 0.216797 0.149414
v 0.471680 0.216797 0.206055
v 0.471680 0.207031 0.151367
v 0.471680 0.207031 0.204102
v 0.471680 0.207031 -0.202148
v 0.471680 0.199219 -0.196289
v 0.471680 0.197266 0.157227
v 0.471680 0.197266 0.198242
v 0.471680 0.193359 -0.186523
v 0.471680 0.191406 0.166992
v 0.471680 0.191406 0.188477
v 0.471680 0.189453 0.178711
v 0.471680 0.166016 0.182617
v 0.471680 0.162109 0.172852
v 0.471680 0.162109 0.190430
v 0.471680 0.162109 -0.190430
v 0.471680 0.154297 0.194336
v 0.471680 0.154297 -0.194336
v 0.471680 0.144531 0.172852
v 0.471680 0.144531 0.190430
v 0.471680 0.144531 -0.190430
v 0.471680 0.140625 0.182617
v 0.471680 0.125000 0.114258
v 0.471680 0.125000 -0.114258
v 0.471680 0.121094 -0.000977
v 0.471680 0.111328 0.235352
v 0.471680 0.111328 -0.235352
v 0.471680 0.097656 0.233398
v 0.471680 0.095703 -0.233398
v 0.471680 0.083984 0.114258
v 0.471680 0.083984 -0.114258
v 0.473633 0.244141 -0.176758
v 0.473633 0.242188 -0.166992
v 0.473633 0.242188 -0.186523
v 0.473633 0.236328 -0.157227
v 0.473633 0.228516 -0.151367
v 0.473633 0.218750 -0.149414
v 0.473633 0.207031 -0.151367
v 0.473633 0.199219 -0.157227
v 0.473633 0.193359 -0.166992
v 0.473633 0.191406 -0.176758
v 0.473633 0.166016 -0.180664
v 0.473633 0.162109 -0.170898
v 0.473633 0.154297 0.168945
v 0.473633 0.154297 -0.166992
v 0.473633 0.144531 -0.170898
v 0.473633 0.140625 -0.180664
v 0.473633 0.121094 -0.000977
v 0.475586 0.228516 0.206055
v 0.475586 0.216797 0.208008
v 0.475586 0.205078 0.206055
v 0.475586 0.125000 0.190430
v 0.475586 0.125000 -0.000977
v 0.475586 0.125000 -0.190430
v 0.475586 0.083984 0.188477
v 0.475586 0.083984 -0.000977
v 0.475586 0.083984 -0.188477
v 0.477539 0.248047 0.178711
v 0.477539 0.248047 -0.176758
v 0.477539 0.246094 0.166992
v 0.477539 0.246094 0.190430
v 0.477539 0.246094 -0.165039
v 0.477539 0.246094 -0.188477
v 0.477539 0.240234 -0.155273
v 0.477539 0.240234 -0.198242
v 0.477539 0.238281 0.155273
v 0.477539 0.238281 0.200195
v 0.477539 0.230469 -0.149414
v 0.477539 0.230469 -0.204102
v 0.477539 0.228516 0.149414
v 0.477539 0.218750 -0.147461
v 0.477539 0.218750 -0.206055
v 0.477539 0.216797 0.147461
v 0.477539 0.216797 0.178711
v 0.477539 0.207031 -0.149414
v 0.477539 0.207031 -0.204102
v 0.477539 0.205078 0.149414
v 0.477539 0.197266 -0.155273
v 0.477539 0.197266 -0.198242
v 0.477539 0.195312 0.157227
v 0.477539 0.195312 0.200195
v 0.477539 0.189453 0.166992
v 0.477539 0.189453 0.190430
v 0.477539 0.189453 -0.165039
v 0.477539 0.189453 -0.188477
v 0.477539 0.187500 0.178711
v 0.477539 0.187500 -0.176758
v 0.479492 0.218750 -0.176758
v 0.481445 0.121094 0.190430
v 0.481445 0.121094 -0.190430
v 0.481445 0.087891 0.188477
v 0.481445 0.087891 -0.188477
v 0.485352 0.125000 0.114258
v 0.485352 0.125000 -0.114258
v 0.485352 0.111328 -0.190430
v 0.485352 0.105469 0.192383
v 0.485352 0.095703 -0.190430
v 0.485352 0.083984 0.114258
v 0.485352 0.083984 -0.114258
v 0.489258 0.125000 -0.000977
v 0.489258 0.083984 -0.000977
v 0.491211 0.121094 0.114258
v 0.491211 0.121094 -0.114258
v 0.491211 0.087891 0.114258
v 0.491211 0.087891 -0.114258
v 0.495117 0.113281 0.114258
v 0.495117 0.097656 0.114258
v 0.497070 0.121094 -0.000977
v 0.497070 0.109375 -0.116211
v 0.497070 0.087891 -0.000977
v 0.499023 0.113281 -0.000977
v 0.499023 0.097656 -0.000977
v -0.022461 0.287109 0.233398
v -0.022461 0.287109 -0.231445
v -0.024414 0.285156 0.233398
v -0.024414 0.285156 -0.231445
v -0.024414 0.287109 0.229492
v -0.024414 0.287109 -0.227539
v -0.024414 0.291016 0.231445
v -0.024414 0.291016 -0.229492
v -0.038086 0.289062 0.237305
v -0.038086 0.289062 -0.235352
v -0.038086 0.292969 0.235352
v -0.038086 0.292969 -0.231445
v -0.038086 0.482422 0.174805
v -0.038086 0.482422 -0.174805
v -0.038086 0.490234 0.166992
v -0.038086 0.490234 -0.166992
v -0.038086 0.496094 0.157227
v -0.038086 0.496094 -0.157227
v -0.038086 0.501953 0.135742
v -0.038086 0.501953 -0.133789
v -0.038086 0.507812 0.098633
v -0.038086 0.507812 -0.098633
v -0.038086 0.511719 0.043945
v -0.038086 0.511719 -0.043945
v -0.038086 0.513672 -0.000977
v -0.040039 0.285156 0.237305
v -0.040039 0.285156 -0.235352
v -0.053711 0.453125 0.172852
v -0.053711 0.453125 -0.172852
v -0.053711 0.080078 -0.135742
v -0.055664 0.457031 0.182617
v -0.055664 0.457031 -0.182617
v -0.057617 0.285156 0.239258
v -0.057617 0.285156 -0.235352
v -0.057617 0.289062 0.239258
v -0.057617 0.289062 -0.237305
v -0.057617 0.292969 0.235352
v -0.057617 0.292969 -0.233398
v -0.057617 0.464844 0.178711
v -0.057617 0.464844 -0.180664
v -0.061523 0.091797 -0.139648
v -0.061523 0.080078 -0.149414
v -0.061523 0.066406 -0.139648
v -0.063477 0.335938 0.200195
v -0.063477 0.335938 -0.200195
v -0.063477 0.093750 -0.141602
v -0.063477 0.064453 -0.141602
v -0.065430 0.332031 -0.211914
v -0.065430 0.333984 0.211914
v -0.065430 0.449219 -0.174805
v -0.065430 0.478516 0.176758
v -0.065430 0.478516 -0.176758
v -0.065430 0.103516 -0.239258
v -0.067383 0.326172 0.211914
v -0.067383 0.326172 -0.211914
v -0.067383 0.449219 0.172852
v -0.067383 0.103516 0.239258
v -0.067383 0.080078 -0.110352
v -0.069336 0.455078 0.182617
v -0.069336 0.455078 -0.184570
v -0.069336 0.093750 -0.124023
v -0.069336 0.064453 -0.124023
v -0.071289 0.287109 0.229492
v -0.071289 0.287109 -0.227539
v -0.071289 0.339844 0.200195
v -0.071289 0.339844 -0.200195
v -0.073242 0.281250 0.231445
v -0.073242 0.281250 -0.229492
v -0.073242 0.283203 0.233398
v -0.073242 0.283203 -0.231445
v -0.073242 0.291016 0.229492
v -0.073242 0.291016 0.231445
v -0.073242 0.291016 -0.225586
v -0.073242 0.291016 -0.229492
v -0.073242 0.441406 -0.176758
v -0.073242 0.458984 -0.180664
v -0.073242 0.093750 -0.112305
v -0.073242 0.091797 -0.145508
v -0.073242 0.066406 -0.112305
v -0.073242 0.066406 -0.145508
v -0.075195 0.285156 0.239258
v -0.075195 0.285156 -0.235352
v -0.075195 0.289062 0.237305
v -0.075195 0.289062 -0.235352
v -0.075195 0.292969 0.237305
v -0.075195 0.292969 -0.233398
v -0.075195 0.337891 0.211914
v -0.075195 0.337891 -0.211914
v -0.075195 0.347656 0.198242
v -0.075195 0.347656 -0.198242
v -0.075195 0.441406 0.174805
v -0.075195 0.458984 0.180664
v -0.077148 0.429688 0.178711
v -0.077148 0.429688 -0.178711
v -0.077148 0.445312 -0.186523
v -0.079102 0.279297 0.233398
v -0.079102 0.279297 -0.229492
v -0.079102 0.283203 0.239258
v -0.079102 0.283203 -0.237305
v -0.079102 0.292969 0.227539
v -0.079102 0.292969 0.235352
v -0.079102 0.292969 -0.225586
v -0.079102 0.292969 -0.233398
v -0.079102 0.345703 -0.209961
v -0.079102 0.347656 0.208008
v -0.079102 0.445312 0.186523
v -0.081055 0.332031 0.209961
v -0.081055 0.332031 -0.209961
v -0.081055 0.433594 0.188477
v -0.081055 0.433594 -0.188477
v -0.081055 0.472656 0.178711
v -0.081055 0.472656 -0.180664
v -0.081055 0.488281 0.168945
v -0.081055 0.488281 -0.168945
v -0.081055 0.078125 -0.149414
v -0.083008 0.285156 0.239258
v -0.083008 0.285156 -0.235352
v -0.083008 0.292969 0.237305
v -0.083008 0.292969 -0.233398
v -0.083008 0.494141 0.157227
v -0.083008 0.494141 -0.157227
v -0.083008 0.113281 0.243164
v -0.083008 0.113281 -0.243164
v -0.084961 0.281250 0.231445
v -0.084961 0.281250 -0.229492
v -0.084961 0.289062 0.237305
v -0.084961 0.289062 -0.235352
v -0.084961 0.291016 0.229492
v -0.084961 0.291016 -0.225586
v -0.084961 0.343750 -0.208008
v -0.084961 0.447266 0.182617
v -0.084961 0.447266 -0.184570
v -0.084961 0.500000 0.135742
v -0.084961 0.501953 -0.135742
v -0.086914 0.287109 0.229492
v -0.086914 0.287109 -0.227539
v -0.086914 0.343750 0.208008
v -0.086914 0.433594 -0.186523
v -0.086914 0.507812 0.098633
v -0.086914 0.507812 -0.098633
v -0.086914 0.511719 0.043945
v -0.086914 0.511719 -0.043945
v -0.086914 0.513672 -0.000977
v -0.086914 0.091797 -0.120117
v -0.086914 0.080078 -0.079102
v -0.086914 0.066406 -0.120117
v -0.088867 0.433594 0.186523
v -0.090820 0.093750 -0.084961
v -0.090820 0.066406 -0.084961
v -0.092773 0.458984 0.182617
v -0.092773 0.458984 -0.184570
v -0.092773 0.080078 -0.122070
v -0.094727 0.304688 -0.223633
v -0.094727 0.312500 0.215820
v -0.094727 0.312500 -0.217773
v -0.094727 0.128906 0.245117
v -0.094727 0.128906 -0.245117
v -0.096680 0.279297 0.235352
v -0.096680 0.279297 -0.235352
v -0.096680 0.294922 0.229492
v -0.096680 0.294922 -0.231445
v -0.096680 0.304688 0.223633
v -0.098633 0.263672 0.237305
v -0.098633 0.263672 -0.237305
v -0.098633 0.253906 0.243164
v -0.098633 0.253906 -0.243164
v -0.098633 0.242188 0.247070
v -0.098633 0.242188 -0.247070
v -0.098633 0.146484 0.247070
v -0.098633 0.146484 -0.247070
v -0.100586 0.093750 -0.096680
v -0.100586 0.066406 -0.096680
v -0.104492 0.341797 -0.209961
v -0.106445 0.341797 0.209961
v -0.106445 0.439453 0.186523
v -0.106445 0.439453 -0.188477
v -0.106445 0.080078 -0.102539
v -0.110352 0.330078 0.211914
v -0.110352 0.330078 -0.211914
v -0.112305 0.341797 -0.209961
v -0.112305 0.343750 0.209961
v -0.112305 0.437500 0.188477
v -0.112305 0.437500 -0.190430
v -0.112305 0.453125 -0.184570
v -0.112305 0.455078 0.184570
v -0.116211 0.335938 0.211914
v -0.116211 0.335938 -0.211914
v -0.116211 0.341797 0.200195
v -0.116211 0.341797 -0.200195
v -0.116211 0.435547 0.178711
v -0.116211 0.435547 -0.178711
v -0.118164 0.337891 0.200195
v -0.118164 0.337891 -0.200195
v -0.118164 0.449219 0.186523
v -0.118164 0.449219 -0.186523
v -0.120117 0.445312 0.176758
v -0.120117 0.445312 -0.176758
v -0.122070 0.324219 0.211914
v -0.122070 0.324219 -0.213867
v -0.124023 0.332031 0.211914
v -0.124023 0.332031 -0.213867
v -0.124023 0.333984 0.202148
v -0.124023 0.333984 -0.202148
v -0.125977 0.460938 0.182617
v -0.125977 0.460938 -0.182617
v -0.125977 0.470703 0.180664
v -0.125977 0.470703 -0.180664
v -0.127930 0.449219 0.176758
v -0.127930 0.449219 -0.176758
v -0.127930 0.453125 -0.186523
v -0.127930 0.455078 0.186523
v -0.133789 0.484375 0.170898
v -0.133789 0.484375 -0.170898
v -0.139648 0.490234 0.159180
v -0.139648 0.492188 -0.157227
v -0.141602 0.496094 0.137695
v -0.141602 0.498047 -0.135742
v -0.141602 0.078125 -0.174805
v -0.143555 0.093750 -0.166992
v -0.143555 0.062500 -0.166992
v -0.145508 0.501953 0.098633
v -0.145508 0.501953 -0.098633
v -0.145508 0.076172 0.239258
v -0.145508 0.076172 -0.239258
v -0.145508 0.068359 0.231445
v -0.145508 0.068359 -0.229492
v -0.145508 0.062500 -0.149414
v -0.147461 0.507812 0.043945
v -0.147461 0.507812 -0.000977
v -0.147461 0.507812 -0.043945
v -0.151367 0.062500 -0.083008
v -0.155273 0.093750 -0.067383
v -0.155273 0.078125 -0.057617
v -0.155273 0.064453 -0.067383
v -0.157227 0.117188 0.245117
v -0.157227 0.117188 -0.245117
v -0.161133 0.072266 0.245117
v -0.161133 0.072266 -0.245117
v -0.163086 0.447266 0.176758
v -0.163086 0.447266 -0.176758
v -0.163086 0.451172 -0.186523
v -0.165039 0.451172 0.186523
v -0.165039 0.458984 0.184570
v -0.165039 0.458984 -0.184570
v -0.166992 0.115234 0.250977
v -0.166992 0.115234 -0.250977
v -0.168945 0.064453 0.235352
v -0.168945 0.064453 -0.233398
v -0.170898 0.152344 0.247070
v -0.170898 0.152344 -0.247070
v -0.170898 0.070312 0.250977
v -0.170898 0.068359 -0.249023
v -0.174805 0.113281 0.258789
v -0.174805 0.113281 -0.258789
v -0.176758 0.464844 0.182617
v -0.176758 0.464844 -0.182617
v -0.178711 0.070312 -0.252930
v -0.180664 0.148438 0.256836
v -0.180664 0.148438 -0.256836
v -0.182617 0.111328 0.260742
v -0.182617 0.111328 -0.260742
v -0.184570 0.068359 0.235352
v -0.184570 0.068359 -0.233398
v -0.184570 0.064453 0.135742
v -0.184570 0.064453 -0.000977
v -0.184570 0.064453 -0.135742
v -0.186523 0.474609 0.174805
v -0.186523 0.474609 -0.174805
v -0.186523 0.074219 0.252930
v -0.186523 0.074219 -0.250977
v -0.188477 0.144531 0.262695
v -0.188477 0.144531 -0.262695
v -0.190430 0.437500 0.178711
v -0.190430 0.437500 -0.180664
v -0.190430 0.179688 -0.249023
v -0.192383 0.441406 0.188477
v -0.192383 0.441406 -0.190430
v -0.192383 0.482422 0.161133
v -0.192383 0.482422 -0.159180
v -0.192383 0.179688 0.249023
v -0.192383 0.111328 0.258789
v -0.192383 0.109375 -0.258789
v -0.194336 0.140625 0.266602
v -0.194336 0.140625 -0.266602
v -0.194336 0.058594 -0.106445
v -0.196289 0.447266 0.186523
v -0.196289 0.447266 -0.186523
v -0.196289 0.488281 0.139648
v -0.196289 0.488281 -0.137695
v -0.198242 0.173828 0.258789
v -0.198242 0.173828 -0.258789
v -0.198242 0.083984 -0.198242
v -0.198242 0.083984 -0.245117
v -0.200195 0.494141 0.098633
v -0.200195 0.494141 -0.100586
v -0.200195 0.107422 -0.204102
v -0.200195 0.107422 -0.245117
v -0.200195 0.089844 0.204102
v -0.200195 0.089844 0.245117
v -0.200195 0.070312 -0.000977
v -0.202148 0.498047 0.043945
v -0.202148 0.498047 -0.045898
v -0.202148 0.134766 0.135742
v -0.202148 0.134766 0.262695
v -0.202148 0.134766 -0.135742
v -0.202148 0.134766 -0.262695
v -0.202148 0.113281 0.198242
v -0.202148 0.113281 0.245117
v -0.202148 0.089844 0.192383
v -0.202148 0.066406 0.198242
v -0.202148 0.066406 0.245117
v -0.202148 0.062500 -0.198242
v -0.202148 0.062500 -0.245117
v -0.204102 0.500000 -0.000977
v -0.204102 0.105469 -0.188477
v -0.204102 0.083984 -0.188477
v -0.204102 0.070312 -0.147461
v -0.206055 0.167969 0.266602
v -0.206055 0.167969 -0.266602
v -0.206055 0.111328 0.188477
v -0.206055 0.105469 -0.254883
v -0.206055 0.089844 0.254883
v -0.206055 0.089844 -0.094727
v -0.206055 0.085938 -0.256836
v -0.206055 0.078125 0.188477
v -0.206055 0.058594 -0.092773
v -0.208008 0.455078 0.184570
v -0.208008 0.455078 -0.184570
v -0.208008 0.128906 -0.198242
v -0.208008 0.128906 -0.245117
v -0.208008 0.068359 0.254883
v -0.208008 0.064453 -0.254883
v -0.208008 0.062500 -0.188477
v -0.209961 0.109375 0.256836
v -0.211914 0.419922 0.182617
v -0.211914 0.419922 -0.182617
v -0.211914 0.164062 0.268555
v -0.211914 0.162109 -0.268555
v -0.211914 0.134766 0.198242
v -0.211914 0.134766 0.245117
v -0.211914 0.126953 -0.188477
v -0.211914 0.099609 -0.258789
v -0.211914 0.078125 0.258789
v -0.211914 0.074219 -0.086914
v -0.211914 0.052734 -0.135742
v -0.211914 0.044922 0.198242
v -0.211914 0.044922 0.245117
v -0.211914 0.041016 -0.198242
v -0.211914 0.041016 -0.245117
v -0.213867 0.126953 -0.254883
v -0.215820 0.423828 -0.192383
v -0.215820 0.425781 0.192383
v -0.215820 0.462891 0.178711
v -0.215820 0.462891 -0.178711
v -0.215820 0.203125 0.249023
v -0.215820 0.203125 -0.249023
v -0.215820 0.130859 0.188477
v -0.215820 0.130859 0.254883
v -0.215820 0.066406 -0.258789
v -0.215820 0.046875 0.188477
v -0.215820 0.046875 0.254883
v -0.215820 0.044922 -0.254883
v -0.215820 0.042969 -0.188477
v -0.217773 0.156250 -0.266602
v -0.219727 0.156250 0.266602
v -0.219727 0.148438 -0.204102
v -0.219727 0.132812 -0.184570
v -0.219727 0.123047 -0.258789
v -0.219727 0.056641 -0.000977
v -0.219727 0.054688 -0.151367
v -0.221680 0.429688 0.190430
v -0.221680 0.429688 -0.190430
v -0.221680 0.195312 0.260742
v -0.221680 0.195312 -0.260742
v -0.221680 0.148438 -0.245117
v -0.221680 0.128906 0.258789
v -0.221680 0.050781 0.258789
v -0.221680 0.046875 -0.258789
v -0.223633 0.470703 0.165039
v -0.223633 0.472656 -0.163086
v -0.223633 0.144531 -0.188477
v -0.223633 0.136719 0.184570
v -0.223633 0.072266 -0.166992
v -0.225586 0.152344 0.198242
v -0.225586 0.152344 0.245117
v -0.225586 0.144531 -0.254883
v -0.225586 0.070312 0.059570
v -0.225586 0.070312 -0.061523
v -0.225586 0.027344 0.198242
v -0.225586 0.027344 0.245117
v -0.225586 0.023438 -0.198242
v -0.225586 0.023438 -0.245117
v -0.227539 0.400391 -0.186523
v -0.227539 0.187500 0.268555
v -0.227539 0.187500 -0.268555
v -0.229492 0.400391 0.186523
v -0.229492 0.476562 0.141602
v -0.229492 0.478516 -0.139648
v -0.229492 0.148438 0.188477
v -0.229492 0.148438 0.254883
v -0.229492 0.140625 -0.258789
v -0.229492 0.031250 0.254883
v -0.229492 0.029297 0.188477
v -0.229492 0.027344 -0.188477
v -0.229492 0.027344 -0.254883
v -0.231445 0.441406 -0.188477
v -0.231445 0.181641 0.270508
v -0.231445 0.181641 -0.270508
v -0.231445 0.091797 0.258789
v -0.231445 0.085938 -0.125977
v -0.231445 0.050781 -0.125977
v -0.233398 0.402344 0.196289
v -0.233398 0.402344 -0.196289
v -0.233398 0.443359 0.186523
v -0.233398 0.482422 0.100586
v -0.233398 0.482422 -0.100586
v -0.233398 0.144531 0.258789
v -0.233398 0.035156 0.258789
v -0.233398 0.031250 -0.258789
v -0.235352 0.087891 -0.256836
v -0.237305 0.445312 -0.182617
v -0.237305 0.488281 0.045898
v -0.237305 0.488281 -0.000977
v -0.237305 0.488281 -0.045898
v -0.237305 0.173828 0.266602
v -0.237305 0.173828 -0.266602
v -0.237305 0.162109 -0.198242
v -0.237305 0.101562 -0.256836
v -0.239258 0.332031 0.200195
v -0.239258 0.332031 -0.202148
v -0.239258 0.406250 0.194336
v -0.239258 0.406250 -0.194336
v -0.239258 0.164062 -0.245117
v -0.239258 0.158203 -0.188477
v -0.239258 0.105469 0.256836
v -0.239258 0.089844 -0.141602
v -0.239258 0.074219 0.256836
v -0.239258 0.072266 -0.256836
v -0.239258 0.056641 0.045898
v -0.239258 0.056641 -0.047852
v -0.241211 0.089844 0.252930
v -0.241211 0.080078 -0.252930
v -0.241211 0.054688 -0.141602
v -0.243164 0.167969 0.204102
v -0.243164 0.156250 -0.256836
v -0.243164 0.097656 -0.249023
v -0.243164 0.093750 0.249023
v -0.243164 0.011719 0.204102
v -0.245117 0.330078 0.211914
v -0.245117 0.330078 -0.211914
v -0.245117 0.166016 0.245117
v -0.245117 0.121094 0.256836
v -0.245117 0.119141 -0.256836
v -0.245117 0.058594 -0.256836
v -0.245117 0.052734 0.258789
v -0.245117 0.050781 -0.000977
v -0.245117 0.011719 0.245117
v -0.245117 0.009766 -0.198242
v -0.245117 0.009766 -0.245117
v -0.247070 0.322266 0.211914
v -0.247070 0.322266 -0.211914
v -0.247070 0.455078 0.168945
v -0.247070 0.455078 -0.166992
v -0.247070 0.162109 0.188477
v -0.247070 0.162109 0.254883
v -0.247070 0.109375 -0.252930
v -0.247070 0.070312 -0.129883
v -0.247070 0.015625 0.188477
v -0.247070 0.015625 0.254883
v -0.247070 0.015625 -0.254883
v -0.247070 0.013672 -0.188477
v -0.249023 0.333984 0.200195
v -0.249023 0.333984 -0.200195
v -0.249023 0.421875 0.190430
v -0.249023 0.421875 -0.190430
v -0.249023 0.220703 0.250977
v -0.249023 0.220703 -0.250977
v -0.249023 0.130859 -0.258789
v -0.249023 0.115234 0.252930
v -0.249023 0.064453 0.252930
v -0.249023 0.021484 -0.258789
v -0.250977 0.460938 0.145508
v -0.250977 0.462891 -0.143555
v -0.250977 0.156250 0.258789
v -0.250977 0.072266 -0.157227
v -0.250977 0.068359 0.250977
v -0.250977 0.064453 -0.250977
v -0.250977 0.023438 0.258789
v -0.252930 0.210938 0.260742
v -0.252930 0.210938 -0.260742
v -0.252930 0.117188 0.249023
v -0.254883 0.332031 -0.211914
v -0.254883 0.341797 0.198242
v -0.254883 0.341797 -0.198242
v -0.254883 0.351562 0.196289
v -0.254883 0.351562 -0.196289
v -0.254883 0.468750 0.100586
v -0.254883 0.468750 -0.100586
v -0.254883 0.201172 0.268555
v -0.254883 0.201172 -0.270508
v -0.254883 0.136719 0.258789
v -0.254883 0.017578 0.184570
v -0.254883 0.015625 -0.184570
v -0.256836 0.333984 0.211914
v -0.256836 0.474609 0.045898
v -0.256836 0.474609 -0.045898
v -0.256836 0.476562 -0.000977
v -0.256836 0.123047 0.252930
v -0.256836 0.091797 -0.256836
v -0.256836 0.054688 0.252930
v -0.256836 0.052734 -0.252930
v -0.256836 0.050781 0.028320
v -0.256836 0.044922 -0.256836
v -0.258789 0.455078 0.129883
v -0.258789 0.455078 -0.129883
v -0.258789 0.462891 0.098633
v -0.258789 0.462891 -0.100586
v -0.258789 0.195312 0.270508
v -0.258789 0.193359 -0.272461
v -0.258789 0.171875 -0.204102
v -0.258789 0.171875 -0.245117
v -0.258789 0.167969 -0.188477
v -0.258789 0.123047 -0.249023
v -0.258789 0.089844 0.256836
v -0.258789 0.078125 -0.256836
v -0.258789 0.050781 -0.030273
v -0.260742 0.326172 -0.209961
v -0.260742 0.328125 0.209961
v -0.260742 0.341797 -0.209961
v -0.260742 0.353516 0.206055
v -0.260742 0.353516 -0.206055
v -0.260742 0.468750 0.043945
v -0.260742 0.468750 -0.000977
v -0.260742 0.468750 -0.045898
v -0.260742 0.185547 0.268555
v -0.260742 0.185547 -0.268555
v -0.260742 0.167969 -0.254883
v -0.260742 0.044922 0.256836
v -0.262695 0.341797 0.208008
v -0.262695 0.443359 0.147461
v -0.262695 0.443359 -0.149414
v -0.262695 0.162109 -0.258789
v -0.262695 0.103516 0.256836
v -0.262695 0.091797 -0.260742
v -0.264648 0.443359 0.124023
v -0.264648 0.443359 -0.124023
v -0.264648 0.451172 0.096680
v -0.264648 0.451172 -0.098633
v -0.264648 0.455078 0.127930
v -0.264648 0.455078 -0.129883
v -0.264648 0.462891 0.098633
v -0.264648 0.462891 -0.100586
v -0.264648 0.134766 0.256836
v -0.264648 0.134766 -0.256836
v -0.264648 0.107422 -0.256836
v -0.264648 0.089844 0.260742
v -0.264648 0.080078 -0.260742
v -0.264648 0.072266 0.256836
v -0.264648 0.050781 -0.249023
v -0.266602 0.353516 0.204102
v -0.266602 0.353516 -0.204102
v -0.266602 0.421875 0.176758
v -0.266602 0.421875 -0.176758
v -0.266602 0.435547 -0.139648
v -0.266602 0.455078 0.043945
v -0.266602 0.455078 -0.043945
v -0.266602 0.457031 -0.000977
v -0.266602 0.468750 0.043945
v -0.266602 0.468750 -0.000977
v -0.266602 0.468750 -0.045898
v -0.266602 0.175781 0.198242
v -0.266602 0.175781 0.245117
v -0.266602 0.171875 0.188477
v -0.266602 0.169922 0.254883
v -0.266602 0.130859 -0.252930
v -0.266602 0.101562 -0.260742
v -0.266602 0.089844 0.077148
v -0.266602 0.089844 0.184570
v -0.266602 0.087891 -0.077148
v -0.266602 0.087891 -0.184570
v -0.266602 0.009766 0.254883
v -0.266602 0.007812 0.188477
v -0.266602 0.007812 -0.188477
v -0.266602 0.007812 -0.254883
v -0.266602 0.003906 0.198242
v -0.266602 0.003906 0.245117
v -0.266602 0.001953 -0.198242
v -0.266602 0.001953 -0.245117
v -0.268555 0.337891 0.208008
v -0.268555 0.337891 -0.208008
v -0.268555 0.435547 0.137695
v -0.268555 0.443359 0.145508
v -0.268555 0.443359 -0.147461
v -0.268555 0.451172 0.125977
v -0.268555 0.451172 -0.125977
v -0.268555 0.457031 -0.098633
v -0.268555 0.166016 0.184570
v -0.268555 0.166016 -0.184570
v -0.268555 0.164062 0.258789
v -0.268555 0.101562 0.260742
v -0.268555 0.066406 -0.256836
v -0.268555 0.048828 0.249023
v -0.268555 0.013672 0.258789
v -0.268555 0.013672 -0.258789
v -0.270508 0.457031 0.098633
v -0.270508 0.462891 0.043945
v -0.270508 0.462891 -0.000977
v -0.270508 0.462891 -0.045898
v -0.270508 0.076172 0.260742
v -0.272461 0.441406 0.141602
v -0.272461 0.441406 -0.143555
v -0.272461 0.187500 0.135742
v -0.272461 0.187500 -0.135742
v -0.272461 0.132812 0.252930
v -0.272461 0.113281 0.256836
v -0.272461 0.072266 -0.260742
v -0.272461 0.046875 0.252930
v -0.272461 0.033203 0.258789
v -0.272461 0.033203 -0.258789
v -0.274414 0.421875 -0.161133
v -0.274414 0.042969 -0.252930
v -0.276367 0.419922 0.145508
v -0.276367 0.419922 -0.147461
v -0.276367 0.421875 0.157227
v -0.276367 0.140625 -0.256836
v -0.276367 0.115234 -0.256836
v -0.276367 0.109375 0.260742
v -0.276367 0.109375 -0.260742
v -0.278320 0.423828 -0.157227
v -0.280273 0.304688 0.215820
v -0.280273 0.304688 -0.217773
v -0.280273 0.423828 0.155273
v -0.280273 0.175781 -0.198242
v -0.280273 0.062500 0.256836
v -0.282227 0.298828 0.225586
v -0.282227 0.298828 -0.225586
v -0.282227 0.357422 0.202148
v -0.282227 0.357422 -0.202148
v -0.282227 0.423828 0.149414
v -0.282227 0.423828 -0.151367
v -0.282227 0.177734 -0.239258
v -0.282227 0.171875 -0.188477
v -0.282227 0.171875 -0.254883
v -0.282227 0.134766 0.249023
v -0.282227 0.117188 0.256836
v -0.282227 0.068359 0.260742
v -0.284180 0.289062 0.233398
v -0.284180 0.289062 -0.233398
v -0.284180 0.134766 -0.252930
v -0.284180 0.060547 -0.256836
v -0.286133 0.257812 0.241211
v -0.286133 0.257812 -0.241211
v -0.286133 0.273438 0.237305
v -0.286133 0.273438 -0.239258
v -0.286133 0.250000 0.247070
v -0.286133 0.250000 -0.247070
v -0.286133 0.240234 -0.250977
v -0.286133 0.109375 -0.077148
v -0.286133 0.109375 -0.184570
v -0.286133 0.070312 0.086914
v -0.286133 0.056641 0.065430
v -0.286133 0.050781 0.040039
v -0.286133 0.050781 -0.041992
v -0.288086 0.240234 0.250977
v -0.288086 0.226562 0.252930
v -0.288086 0.226562 -0.252930
v -0.288086 0.216797 0.260742
v -0.288086 0.216797 -0.262695
v -0.288086 0.207031 0.270508
v -0.288086 0.207031 -0.270508
v -0.288086 0.199219 0.272461
v -0.288086 0.199219 -0.272461
v -0.288086 0.189453 0.268555
v -0.288086 0.189453 -0.268555
v -0.288086 0.177734 0.198242
v -0.288086 0.177734 0.245117
v -0.288086 0.173828 0.188477
v -0.288086 0.169922 0.256836
v -0.288086 0.136719 0.252930
v -0.288086 0.134766 -0.249023
v -0.288086 0.113281 0.260742
v -0.288086 0.111328 0.077148
v -0.288086 0.111328 0.184570
v -0.288086 0.070312 -0.086914
v -0.288086 0.068359 0.077148
v -0.288086 0.068359 0.184570
v -0.288086 0.066406 -0.077148
v -0.288086 0.066406 -0.184570
v -0.288086 0.066406 -0.260742
v -0.288086 0.056641 -0.067383
v -0.288086 0.048828 -0.000977
v -0.288086 0.042969 0.252930
v -0.288086 0.042969 -0.252930
v -0.288086 0.009766 0.256836
v -0.288086 0.007812 -0.256836
v -0.288086 0.005859 0.188477
v -0.288086 0.003906 -0.188477
v -0.288086 0.000000 0.204102
v -0.288086 0.000000 0.245117
v -0.288086 0.000000 -0.204102
v -0.288086 0.000000 -0.245117
v -0.290039 0.111328 -0.260742
v -0.291992 0.142578 0.256836
v -0.291992 0.117188 -0.256836
v -0.291992 0.037109 0.256836
v -0.291992 0.035156 -0.256836
v -0.293945 0.396484 0.149414
v -0.293945 0.396484 -0.151367
v -0.293945 0.066406 0.260742
v -0.293945 0.062500 0.256836
v -0.293945 0.044922 0.249023
v -0.293945 0.044922 -0.249023
v -0.295898 0.369141 0.186523
v -0.295898 0.369141 -0.186523
v -0.297852 0.140625 -0.256836
v -0.297852 0.117188 0.256836
v -0.297852 0.111328 0.260742
v -0.299805 0.070312 -0.260742
v -0.303711 0.408203 -0.081055
v -0.303711 0.175781 -0.204102
v -0.303711 0.169922 -0.188477
v -0.303711 0.167969 -0.254883
v -0.303711 0.130859 -0.252930
v -0.303711 0.105469 -0.260742
v -0.303711 0.072266 0.260742
v -0.303711 0.064453 -0.256836
v -0.305664 0.304688 -0.211914
v -0.305664 0.306641 0.211914
v -0.305664 0.408203 0.081055
v -0.305664 0.173828 -0.245117
v -0.305664 0.162109 -0.258789
v -0.305664 0.132812 0.252930
v -0.305664 0.111328 -0.256836
v -0.305664 0.074219 -0.260742
v -0.305664 0.046875 0.252930
v -0.305664 0.046875 -0.252930
v -0.307617 0.367188 0.165039
v -0.307617 0.367188 -0.166992
v -0.307617 0.412109 -0.000977
v -0.307617 0.103516 0.260742
v -0.307617 0.068359 0.256836
v -0.307617 0.041016 0.256836
v -0.307617 0.039062 -0.256836
v -0.307617 0.013672 0.184570
v -0.307617 0.011719 -0.184570
v -0.309570 0.367188 0.151367
v -0.309570 0.367188 -0.153320
v -0.309570 0.169922 0.254883
v -0.309570 0.164062 0.258789
v -0.309570 0.130859 0.249023
v -0.309570 0.095703 -0.260742
v -0.309570 0.089844 0.077148
v -0.309570 0.089844 0.184570
v -0.309570 0.087891 -0.077148
v -0.309570 0.087891 -0.184570
v -0.309570 0.013672 0.258789
v -0.309570 0.009766 0.254883
v -0.309570 0.009766 -0.254883
v -0.311523 0.369141 -0.165039
v -0.311523 0.175781 0.204102
v -0.311523 0.175781 0.245117
v -0.311523 0.171875 0.188477
v -0.311523 0.093750 0.260742
v -0.311523 0.083984 0.260742
v -0.311523 0.083984 -0.260742
v -0.311523 0.007812 0.188477
v -0.311523 0.007812 -0.188477
v -0.311523 0.003906 0.198242
v -0.311523 0.003906 0.245117
v -0.311523 0.003906 -0.198242
v -0.311523 0.003906 -0.245117
v -0.313477 0.337891 0.188477
v -0.313477 0.337891 -0.190430
v -0.313477 0.359375 -0.153320
v -0.313477 0.369141 0.163086
v -0.313477 0.105469 0.256836
v -0.313477 0.076172 -0.256836
v -0.313477 0.017578 -0.258789
v -0.315430 0.353516 -0.166992
v -0.315430 0.359375 0.151367
v -0.315430 0.371094 0.155273
v -0.315430 0.371094 -0.157227
v -0.315430 0.185547 0.268555
v -0.315430 0.185547 -0.268555
v -0.315430 0.097656 -0.256836
v -0.315430 0.050781 0.028320
v -0.315430 0.050781 -0.030273
v -0.317383 0.300781 -0.219727
v -0.317383 0.353516 0.163086
v -0.317383 0.195312 0.270508
v -0.317383 0.195312 -0.272461
v -0.317383 0.134766 -0.258789
v -0.317383 0.125000 -0.252930
v -0.317383 0.093750 0.256836
v -0.317383 0.087891 -0.256836
v -0.317383 0.082031 0.256836
v -0.319336 0.300781 0.219727
v -0.319336 0.355469 0.147461
v -0.319336 0.355469 -0.149414
v -0.319336 0.357422 -0.163086
v -0.319336 0.203125 0.268555
v -0.319336 0.203125 -0.270508
v -0.319336 0.136719 0.258789
v -0.319336 0.125000 0.252930
v -0.319336 0.121094 -0.249023
v -0.319336 0.056641 0.249023
v -0.319336 0.056641 -0.249023
v -0.319336 0.054688 0.252930
v -0.319336 0.054688 -0.252930
v -0.321289 0.289062 -0.229492
v -0.321289 0.357422 0.161133
v -0.321289 0.361328 0.157227
v -0.321289 0.361328 -0.157227
v -0.323242 0.273438 0.233398
v -0.323242 0.273438 -0.235352
v -0.323242 0.212891 0.260742
v -0.323242 0.212891 -0.260742
v -0.323242 0.162109 0.184570
v -0.323242 0.158203 -0.184570
v -0.323242 0.158203 -0.256836
v -0.325195 0.255859 0.237305
v -0.325195 0.253906 -0.239258
v -0.325195 0.246094 0.247070
v -0.325195 0.246094 -0.247070
v -0.325195 0.234375 0.250977
v -0.325195 0.234375 -0.250977
v -0.325195 0.220703 0.252930
v -0.325195 0.220703 -0.252930
v -0.325195 0.162109 -0.188477
v -0.325195 0.115234 -0.252930
v -0.327148 0.341797 -0.155273
v -0.327148 0.343750 0.153320
v -0.327148 0.355469 0.120117
v -0.327148 0.355469 -0.122070
v -0.327148 0.166016 -0.198242
v -0.327148 0.166016 -0.245117
v -0.327148 0.050781 -0.000977
v -0.327148 0.023438 0.258789
v -0.329102 0.291016 0.225586
v -0.329102 0.347656 -0.155273
v -0.329102 0.353516 0.149414
v -0.329102 0.353516 -0.151367
v -0.329102 0.158203 0.256836
v -0.329102 0.121094 -0.256836
v -0.329102 0.115234 0.252930
v -0.329102 0.111328 0.249023
v -0.329102 0.064453 0.252930
v -0.329102 0.064453 -0.252930
v -0.329102 0.052734 0.258789
v -0.329102 0.052734 -0.258789
v -0.329102 0.019531 -0.256836
v -0.331055 0.306641 0.196289
v -0.331055 0.306641 -0.196289
v -0.331055 0.347656 0.153320
v -0.331055 0.162109 0.188477
v -0.331055 0.121094 0.256836
v -0.331055 0.017578 0.254883
v -0.331055 0.015625 0.188477
v -0.331055 0.015625 -0.188477
v -0.333008 0.375000 -0.010742
v -0.333008 0.166016 0.198242
v -0.333008 0.166016 0.245117
v -0.333008 0.103516 -0.252930
v -0.333008 0.082031 0.249023
v -0.333008 0.080078 -0.249023
v -0.333008 0.011719 0.204102
v -0.333008 0.011719 0.245117
v -0.333008 0.011719 -0.198242
v -0.333008 0.011719 -0.245117
v -0.334961 0.343750 -0.125977
v -0.334961 0.359375 0.065430
v -0.334961 0.359375 -0.067383
v -0.334961 0.371094 0.014648
v -0.334961 0.373047 -0.024414
v -0.334961 0.089844 -0.252930
v -0.334961 0.076172 0.252930
v -0.334961 0.056641 0.047852
v -0.334961 0.056641 -0.047852
v -0.336914 0.343750 0.124023
v -0.336914 0.355469 0.122070
v -0.336914 0.355469 -0.124023
v -0.336914 0.359375 -0.000977
v -0.336914 0.365234 0.026367
v -0.336914 0.367188 -0.028320
v -0.336914 0.373047 -0.026367
v -0.336914 0.376953 0.002930
v -0.336914 0.376953 -0.012695
v -0.336914 0.089844 0.252930
v -0.338867 0.306641 0.184570
v -0.338867 0.306641 -0.184570
v -0.338867 0.347656 0.124023
v -0.338867 0.347656 -0.124023
v -0.338867 0.357422 0.067383
v -0.338867 0.359375 0.030273
v -0.338867 0.365234 0.002930
v -0.338867 0.365234 0.028320
v -0.338867 0.367188 -0.004883
v -0.338867 0.369141 -0.030273
v -0.338867 0.373047 0.018555
v -0.338867 0.173828 0.266602
v -0.338867 0.173828 -0.266602
v -0.338867 0.105469 0.256836
v -0.338867 0.095703 -0.254883
v -0.338867 0.074219 0.256836
v -0.338867 0.074219 -0.256836
v -0.340820 0.361328 0.000977
v -0.340820 0.367188 0.004883
v -0.340820 0.144531 -0.258789
v -0.342773 0.306641 0.170898
v -0.342773 0.306641 -0.170898
v -0.342773 0.343750 -0.000977
v -0.342773 0.347656 0.067383
v -0.342773 0.347656 -0.067383
v -0.342773 0.349609 -0.000977
v -0.342773 0.359375 0.030273
v -0.342773 0.363281 -0.004883
v -0.342773 0.367188 -0.026367
v -0.342773 0.369141 -0.002930
v -0.342773 0.373047 -0.012695
v -0.342773 0.150391 -0.188477
v -0.342773 0.148438 -0.254883
v -0.342773 0.144531 0.258789
v -0.342773 0.035156 0.258789
v -0.342773 0.035156 -0.258789
v -0.344727 0.271484 0.229492
v -0.344727 0.314453 0.163086
v -0.344727 0.314453 -0.163086
v -0.344727 0.343750 0.002930
v -0.344727 0.343750 -0.004883
v -0.344727 0.351562 0.002930
v -0.344727 0.351562 -0.004883
v -0.344727 0.359375 0.028320
v -0.344727 0.359375 0.067383
v -0.344727 0.359375 -0.067383
v -0.344727 0.363281 0.002930
v -0.344727 0.369141 0.002930
v -0.344727 0.369141 0.016602
v -0.344727 0.373047 0.000977
v -0.344727 0.183594 0.270508
v -0.344727 0.183594 -0.270508
v -0.346680 0.298828 0.204102
v -0.346680 0.349609 -0.000977
v -0.346680 0.351562 0.067383
v -0.346680 0.351562 -0.067383
v -0.346680 0.359375 -0.000977
v -0.346680 0.363281 0.002930
v -0.346680 0.365234 -0.000977
v -0.346680 0.154297 -0.198242
v -0.346680 0.152344 -0.245117
v -0.346680 0.099609 0.258789
v -0.346680 0.070312 0.061523
v -0.348633 0.300781 -0.204102
v -0.348633 0.343750 0.004883
v -0.348633 0.343750 -0.006836
v -0.348633 0.351562 0.002930
v -0.348633 0.351562 -0.004883
v -0.348633 0.353516 -0.000977
v -0.348633 0.189453 0.268555
v -0.348633 0.189453 -0.268555
v -0.348633 0.150391 0.188477
v -0.348633 0.148438 0.254883
v -0.348633 0.070312 -0.061523
v -0.348633 0.031250 0.254883
v -0.348633 0.031250 -0.254883
v -0.348633 0.029297 0.188477
v -0.348633 0.029297 -0.188477
v -0.350586 0.322266 0.127930
v -0.350586 0.322266 -0.127930
v -0.350586 0.343750 0.012695
v -0.350586 0.343750 -0.012695
v -0.350586 0.351562 0.002930
v -0.350586 0.351562 -0.004883
v -0.350586 0.353516 -0.000977
v -0.350586 0.251953 0.233398
v -0.350586 0.251953 -0.233398
v -0.350586 0.027344 -0.198242
v -0.350586 0.027344 -0.245117
v -0.352539 0.343750 0.002930
v -0.352539 0.343750 -0.004883
v -0.352539 0.248047 0.235352
v -0.352539 0.197266 -0.258789
v -0.352539 0.152344 0.198242
v -0.352539 0.152344 0.245117
v -0.352539 0.128906 -0.258789
v -0.352539 0.027344 0.198242
v -0.352539 0.027344 0.245117
v -0.354492 0.343750 -0.000977
v -0.354492 0.197266 0.258789
v -0.354492 0.056641 -0.000977
v -0.354492 0.042969 0.184570
v -0.354492 0.041016 -0.184570
v -0.356445 0.328125 0.069336
v -0.356445 0.328125 -0.069336
v -0.356445 0.240234 0.243164
v -0.356445 0.240234 -0.245117
v -0.356445 0.128906 0.258789
v -0.356445 0.050781 0.258789
v -0.356445 0.050781 -0.258789
v -0.358398 0.328125 -0.014648
v -0.358398 0.226562 0.247070
v -0.358398 0.226562 -0.249023
v -0.358398 0.207031 0.249023
v -0.358398 0.205078 -0.249023
v -0.358398 0.158203 0.264648
v -0.358398 0.158203 -0.266602
v -0.358398 0.132812 -0.188477
v -0.358398 0.132812 -0.254883
v -0.360352 0.267578 -0.223633
v -0.360352 0.289062 0.209961
v -0.360352 0.289062 -0.209961
v -0.360352 0.298828 0.186523
v -0.360352 0.298828 -0.188477
v -0.360352 0.328125 0.012695
v -0.360352 0.341797 0.008789
v -0.360352 0.341797 -0.008789
v -0.362305 0.343750 -0.000977
v -0.362305 0.134766 -0.198242
v -0.362305 0.134766 -0.245117
v -0.362305 0.132812 0.188477
v -0.362305 0.132812 0.254883
v -0.362305 0.048828 -0.254883
v -0.362305 0.046875 0.188477
v -0.362305 0.046875 0.254883
v -0.362305 0.046875 -0.188477
v -0.364258 0.298828 0.172852
v -0.364258 0.298828 -0.172852
v -0.364258 0.109375 -0.258789
v -0.364258 0.080078 0.258789
v -0.364258 0.076172 -0.258789
v -0.366211 0.267578 0.219727
v -0.366211 0.166016 0.268555
v -0.366211 0.164062 -0.268555
v -0.366211 0.154297 0.135742
v -0.366211 0.152344 -0.135742
v -0.366211 0.134766 0.245117
v -0.366211 0.044922 0.198242
v -0.366211 0.044922 0.245117
v -0.366211 0.044922 -0.198242
v -0.366211 0.044922 -0.245117
v -0.368164 0.113281 -0.188477
v -0.368164 0.111328 -0.254883
v -0.368164 0.109375 0.256836
v -0.368164 0.070312 0.256836
v -0.370117 0.304688 0.166992
v -0.370117 0.304688 -0.165039
v -0.370117 0.326172 0.008789
v -0.370117 0.326172 -0.010742
v -0.370117 0.089844 -0.256836
v -0.370117 0.068359 0.188477
v -0.370117 0.068359 -0.188477
v -0.370117 0.068359 -0.254883
v -0.372070 0.324219 -0.000977
v -0.372070 0.169922 0.266602
v -0.372070 0.169922 -0.266602
v -0.372070 0.136719 0.262695
v -0.372070 0.136719 -0.262695
v -0.372070 0.125000 0.204102
v -0.372070 0.113281 0.192383
v -0.372070 0.097656 0.188477
v -0.372070 0.089844 0.254883
v -0.372070 0.089844 -0.188477
v -0.374023 0.246094 -0.223633
v -0.374023 0.113281 0.245117
v -0.374023 0.113281 -0.245117
v -0.374023 0.070312 -0.000977
v -0.374023 0.066406 0.198242
v -0.374023 0.066406 0.245117
v -0.374023 0.066406 -0.198242
v -0.374023 0.066406 -0.245117
v -0.375977 0.308594 -0.139648
v -0.375977 0.246094 0.223633
v -0.375977 0.242188 -0.231445
v -0.375977 0.107422 -0.202148
v -0.375977 0.089844 0.192383
v -0.377930 0.285156 0.188477
v -0.377930 0.285156 -0.190430
v -0.377930 0.310547 0.129883
v -0.377930 0.175781 0.256836
v -0.377930 0.175781 -0.256836
v -0.377930 0.089844 0.204102
v -0.377930 0.089844 0.245117
v -0.377930 0.089844 -0.198242
v -0.377930 0.089844 -0.245117
v -0.379883 0.285156 -0.174805
v -0.381836 0.285156 0.174805
v -0.381836 0.142578 0.266602
v -0.381836 0.140625 -0.266602
v -0.381836 0.109375 0.258789
v -0.381836 0.109375 -0.258789
v -0.383789 0.265625 0.206055
v -0.383789 0.265625 -0.206055
v -0.385742 0.314453 0.069336
v -0.385742 0.314453 -0.071289
v -0.385742 0.242188 0.229492
v -0.385742 0.183594 0.241211
v -0.385742 0.183594 -0.241211
v -0.385742 0.095703 0.252930
v -0.385742 0.093750 -0.250977
v -0.387695 0.289062 0.168945
v -0.387695 0.289062 -0.166992
v -0.387695 0.144531 0.262695
v -0.387695 0.144531 -0.262695
v -0.389648 0.316406 -0.000977
v -0.389648 0.232422 -0.237305
v -0.389648 0.085938 0.239258
v -0.389648 0.085938 -0.239258
v -0.391602 0.111328 0.260742
v -0.391602 0.111328 -0.260742
v -0.393555 0.265625 0.190430
v -0.393555 0.265625 -0.190430
v -0.393555 0.232422 0.235352
v -0.395508 0.242188 0.208008
v -0.395508 0.242188 -0.209961
v -0.395508 0.150391 0.252930
v -0.395508 0.148438 -0.252930
v -0.395508 0.093750 0.254883
v -0.395508 0.091797 -0.252930
v -0.395508 0.076172 0.135742
v -0.395508 0.076172 0.202148
v -0.395508 0.076172 -0.000977
v -0.395508 0.076172 -0.135742
v -0.395508 0.076172 -0.202148
v -0.397461 0.265625 0.176758
v -0.397461 0.265625 -0.176758
v -0.397461 0.292969 -0.141602
v -0.397461 0.214844 0.239258
v -0.397461 0.214844 -0.239258
v -0.397461 0.115234 0.258789
v -0.397461 0.113281 -0.258789
v -0.397461 0.087891 0.092773
v -0.397461 0.087891 0.112305
v -0.397461 0.085938 0.102539
v -0.399414 0.294922 0.131836
v -0.399414 0.099609 0.083008
v -0.399414 0.099609 0.122070
v -0.401367 0.113281 0.088867
v -0.401367 0.113281 0.118164
v -0.401367 0.072266 0.157227
v -0.401367 0.072266 -0.157227
v -0.403320 0.097656 0.252930
v -0.403320 0.083984 0.243164
v -0.403320 0.082031 -0.239258
v -0.405273 0.269531 0.168945
v -0.405273 0.269531 -0.168945
v -0.405273 0.154297 0.235352
v -0.405273 0.154297 -0.237305
v -0.405273 0.093750 -0.250977
v -0.407227 0.117188 0.247070
v -0.407227 0.117188 -0.247070
v -0.407227 0.070312 0.075195
v -0.407227 0.070312 -0.075195
v -0.409180 0.298828 0.071289
v -0.409180 0.298828 -0.071289
v -0.409180 0.238281 0.192383
v -0.409180 0.238281 -0.192383
v -0.409180 0.070312 -0.000977
v -0.411133 0.300781 -0.000977
v -0.411133 0.234375 0.213867
v -0.411133 0.234375 -0.213867
v -0.411133 0.087891 0.239258
v -0.411133 0.087891 -0.239258
v -0.413086 0.238281 0.178711
v -0.413086 0.238281 -0.178711
v -0.413086 0.080078 0.225586
v -0.413086 0.080078 -0.225586
v -0.415039 0.273438 -0.143555
v -0.416992 0.273438 0.133789
v -0.416992 0.119141 0.229492
v -0.416992 0.119141 -0.229492
v -0.420898 0.240234 0.170898
v -0.420898 0.240234 -0.170898
v -0.420898 0.224609 0.217773
v -0.420898 0.167969 0.231445
v -0.420898 0.167969 -0.231445
v -0.420898 0.085938 0.227539
v -0.420898 0.085938 -0.227539
v -0.422852 0.230469 0.194336
v -0.422852 0.230469 -0.194336
v -0.422852 0.224609 -0.217773
v -0.424805 0.230469 0.180664
v -0.424805 0.230469 -0.180664
v -0.424805 0.113281 0.237305
v -0.424805 0.111328 -0.237305
v -0.424805 0.097656 0.235352
v -0.424805 0.097656 -0.235352
v -0.426758 0.277344 0.071289
v -0.426758 0.277344 -0.071289
v -0.426758 0.121094 0.235352
v -0.426758 0.119141 -0.235352
v -0.426758 0.089844 0.233398
v -0.426758 0.087891 -0.233398
v -0.428711 0.244141 -0.145508
v -0.428711 0.208984 0.206055
v -0.428711 0.208984 -0.208008
v -0.428711 0.207031 0.211914
v -0.428711 0.207031 0.217773
v -0.428711 0.207031 -0.211914
v -0.428711 0.207031 -0.219727
v -0.428711 0.203125 0.215820
v -0.428711 0.203125 -0.215820
v -0.430664 0.279297 -0.000977
v -0.430664 0.222656 -0.194336
v -0.430664 0.210938 0.200195
v -0.430664 0.210938 -0.200195
v -0.430664 0.197266 0.217773
v -0.430664 0.197266 -0.217773
v -0.430664 0.113281 0.243164
v -0.430664 0.111328 -0.243164
v -0.430664 0.097656 0.241211
v -0.430664 0.097656 -0.241211
v -0.432617 0.246094 0.135742
v -0.432617 0.234375 0.172852
v -0.432617 0.234375 -0.170898
v -0.432617 0.222656 0.180664
v -0.432617 0.222656 -0.180664
v -0.432617 0.126953 0.231445
v -0.432617 0.125000 0.225586
v -0.432617 0.125000 -0.231445
v -0.432617 0.123047 -0.225586
v -0.432617 0.121094 0.241211
v -0.432617 0.087891 0.219727
v -0.432617 0.087891 -0.219727
v -0.432617 0.087891 -0.239258
v -0.432617 0.083984 0.227539
v -0.432617 0.083984 -0.227539
v -0.432617 0.076172 0.198242
v -0.432617 0.076172 -0.200195
v -0.434570 0.210938 0.194336
v -0.434570 0.208984 -0.194336
v -0.434570 0.207031 0.213867
v -0.434570 0.207031 -0.211914
v -0.434570 0.203125 -0.215820
v -0.434570 0.119141 -0.243164
v -0.434570 0.089844 0.239258
v -0.436523 0.210938 0.202148
v -0.436523 0.210938 0.208008
v -0.436523 0.210938 -0.202148
v -0.436523 0.208984 0.188477
v -0.436523 0.208984 -0.208008
v -0.436523 0.207031 -0.190430
v -0.436523 0.203125 0.215820
v -0.436523 0.199219 0.219727
v -0.436523 0.197266 -0.217773
v -0.436523 0.175781 0.219727
v -0.436523 0.175781 -0.219727
v -0.438477 0.210938 0.194336
v -0.438477 0.207031 0.194336
v -0.438477 0.207031 -0.194336
v -0.438477 0.205078 0.184570
v -0.438477 0.203125 -0.186523
v -0.438477 0.173828 0.217773
v -0.438477 0.173828 -0.219727
v -0.438477 0.128906 0.225586
v -0.438477 0.126953 0.237305
v -0.438477 0.126953 -0.225586
v -0.438477 0.125000 -0.237305
v -0.438477 0.089844 0.102539
v -0.438477 0.083984 0.221680
v -0.438477 0.083984 0.231445
v -0.438477 0.082031 -0.221680
v -0.438477 0.082031 -0.233398
v -0.438477 0.070312 0.102539
v -0.440430 0.224609 0.172852
v -0.440430 0.224609 -0.172852
v -0.440430 0.210938 -0.196289
v -0.440430 0.207031 0.180664
v -0.440430 0.207031 -0.182617
v -0.440430 0.199219 0.182617
v -0.440430 0.199219 -0.184570
v -0.440430 0.113281 0.245117
v -0.440430 0.111328 -0.245117
v -0.440430 0.097656 0.245117
v -0.440430 0.097656 -0.245117
v -0.440430 0.072266 0.092773
v -0.440430 0.072266 0.112305
v -0.442383 0.250000 0.071289
v -0.442383 0.250000 -0.071289
v -0.442383 0.208984 0.190430
v -0.442383 0.207031 -0.190430
v -0.442383 0.175781 0.219727
v -0.442383 0.175781 -0.219727
v -0.442383 0.152344 -0.217773
v -0.442383 0.072266 0.155273
v -0.442383 0.072266 -0.155273
v -0.444336 0.205078 0.186523
v -0.444336 0.203125 -0.186523
v -0.444336 0.154297 0.217773
v -0.444336 0.148438 -0.215820
v -0.444336 0.087891 0.196289
v -0.444336 0.087891 -0.196289
v -0.446289 0.250000 -0.000977
v -0.446289 0.210938 0.209961
v -0.446289 0.210938 -0.209961
v -0.446289 0.208984 0.213867
v -0.446289 0.207031 -0.213867
v -0.446289 0.205078 0.217773
v -0.446289 0.203125 -0.217773
v -0.446289 0.199219 0.184570
v -0.446289 0.199219 0.219727
v -0.446289 0.199219 -0.186523
v -0.446289 0.199219 -0.219727
v -0.446289 0.177734 0.182617
v -0.446289 0.175781 -0.184570
v -0.446289 0.148438 0.215820
v -0.446289 0.144531 -0.211914
v -0.446289 0.123047 0.241211
v -0.446289 0.121094 -0.243164
v -0.446289 0.087891 0.239258
v -0.446289 0.087891 -0.239258
v -0.446289 0.083984 0.200195
v -0.446289 0.083984 -0.202148
v -0.448242 0.242188 0.090820
v -0.448242 0.242188 -0.092773
v -0.448242 0.212891 0.204102
v -0.448242 0.210938 0.198242
v -0.448242 0.210938 -0.198242
v -0.448242 0.210938 -0.204102
v -0.448242 0.208984 0.174805
v -0.448242 0.208984 -0.172852
v -0.448242 0.154297 -0.217773
v -0.448242 0.144531 0.211914
v -0.448242 0.142578 -0.208008
v -0.448242 0.078125 0.084961
v -0.450195 0.208984 0.194336
v -0.450195 0.208984 -0.194336
v -0.450195 0.207031 0.213867
v -0.450195 0.207031 -0.213867
v -0.450195 0.199219 0.217773
v -0.450195 0.199219 -0.217773
v -0.450195 0.167969 0.180664
v -0.450195 0.167969 -0.182617
v -0.450195 0.154297 0.219727
v -0.450195 0.148438 -0.215820
v -0.450195 0.142578 0.208008
v -0.450195 0.140625 -0.202148
v -0.450195 0.115234 0.202148
v -0.450195 0.115234 -0.204102
v -0.450195 0.113281 0.243164
v -0.450195 0.111328 -0.243164
v -0.450195 0.097656 0.241211
v -0.450195 0.097656 -0.241211
v -0.450195 0.082031 0.122070
v -0.452148 0.240234 0.022461
v -0.452148 0.240234 -0.000977
v -0.452148 0.240234 -0.022461
v -0.452148 0.208984 0.204102
v -0.452148 0.208984 -0.204102
v -0.452148 0.205078 0.190430
v -0.452148 0.205078 -0.190430
v -0.452148 0.177734 0.184570
v -0.452148 0.177734 0.221680
v -0.452148 0.177734 -0.184570
v -0.452148 0.177734 -0.221680
v -0.452148 0.154297 0.184570
v -0.452148 0.154297 -0.186523
v -0.452148 0.148438 0.217773
v -0.452148 0.148438 -0.188477
v -0.452148 0.144531 0.213867
v -0.452148 0.144531 -0.190430
v -0.452148 0.144531 -0.213867
v -0.452148 0.142578 0.196289
v -0.452148 0.142578 -0.196289
v -0.452148 0.140625 0.202148
v -0.452148 0.128906 0.200195
v -0.452148 0.128906 0.231445
v -0.452148 0.126953 -0.200195
v -0.452148 0.126953 -0.231445
v -0.452148 0.083984 0.198242
v -0.452148 0.083984 0.227539
v -0.452148 0.082031 -0.198242
v -0.452148 0.082031 -0.227539
v -0.452148 0.070312 0.075195
v -0.452148 0.070312 -0.075195
v -0.452148 0.068359 0.102539
v -0.454102 0.244141 -0.000977
v -0.454102 0.236328 0.038086
v -0.454102 0.236328 -0.038086
v -0.454102 0.207031 0.194336
v -0.454102 0.207031 -0.194336
v -0.454102 0.201172 0.188477
v -0.454102 0.199219 -0.188477
v -0.454102 0.179688 0.219727
v -0.454102 0.177734 -0.219727
v -0.454102 0.148438 0.186523
v -0.454102 0.144531 0.190430
v -0.454102 0.142578 0.208008
v -0.454102 0.142578 -0.176758
v -0.454102 0.142578 -0.208008
v -0.454102 0.138672 0.178711
v -0.454102 0.085938 0.083008
v -0.454102 0.070312 0.096680
v -0.454102 0.070312 0.108398
v -0.456055 0.232422 0.051758
v -0.456055 0.232422 -0.051758
v -0.456055 0.201172 0.190430
v -0.456055 0.199219 0.209961
v -0.456055 0.199219 -0.192383
v -0.456055 0.197266 -0.209961
v -0.456055 0.169922 0.174805
v -0.456055 0.169922 -0.172852
v -0.456055 0.156250 0.219727
v -0.456055 0.156250 -0.219727
v -0.456055 0.142578 0.202148
v -0.456055 0.142578 -0.202148
v -0.456055 0.074219 0.090820
v -0.456055 0.072266 0.114258
v -0.456055 0.070312 -0.000977
v -0.458008 0.230469 0.092773
v -0.458008 0.230469 -0.092773
v -0.458008 0.226562 0.059570
v -0.458008 0.226562 -0.061523
v -0.458008 0.199219 0.200195
v -0.458008 0.199219 -0.200195
v -0.458008 0.179688 0.186523
v -0.458008 0.179688 0.215820
v -0.458008 0.179688 -0.213867
v -0.458008 0.177734 -0.188477
v -0.458008 0.156250 0.186523
v -0.458008 0.154297 -0.186523
v -0.458008 0.152344 0.217773
v -0.458008 0.152344 -0.217773
v -0.458008 0.150391 0.188477
v -0.458008 0.150391 -0.188477
v -0.458008 0.146484 0.192383
v -0.458008 0.146484 -0.192383
v -0.458008 0.142578 0.196289
v -0.458008 0.142578 -0.196289
v -0.458008 0.130859 0.163086
v -0.458008 0.130859 -0.165039
v -0.458008 0.123047 0.233398
v -0.458008 0.121094 -0.233398
v -0.458008 0.095703 0.088867
v -0.458008 0.093750 0.118164
v -0.458008 0.087891 0.149414
v -0.458008 0.087891 0.229492
v -0.458008 0.087891 -0.149414
v -0.458008 0.087891 -0.229492
v -0.458008 0.082031 0.153320
v -0.458008 0.082031 -0.153320
v -0.459961 0.222656 0.061523
v -0.459961 0.222656 -0.063477
v -0.459961 0.179688 0.190430
v -0.459961 0.179688 -0.190430
v -0.459961 0.158203 0.217773
v -0.459961 0.158203 -0.217773
v -0.459961 0.148438 0.213867
v -0.459961 0.148438 -0.213867
v -0.459961 0.146484 -0.170898
v -0.459961 0.144531 0.170898
v -0.459961 0.144531 -0.209961
v -0.459961 0.113281 0.233398
v -0.459961 0.111328 -0.233398
v -0.459961 0.099609 0.098633
v -0.459961 0.099609 0.108398
v -0.459961 0.097656 0.233398
v -0.459961 0.095703 -0.233398
v -0.459961 0.082031 0.088867
v -0.459961 0.080078 0.116211
v -0.461914 0.242188 -0.000977
v -0.461914 0.240234 0.022461
v -0.461914 0.240234 -0.022461
v -0.461914 0.238281 0.038086
v -0.461914 0.238281 -0.038086
v -0.461914 0.232422 0.051758
v -0.461914 0.232422 -0.051758
v -0.461914 0.218750 0.059570
v -0.461914 0.218750 -0.059570
v -0.461914 0.181641 0.196289
v -0.461914 0.181641 0.206055
v -0.461914 0.179688 -0.202148
v -0.461914 0.152344 0.213867
v -0.461914 0.150391 -0.213867
v -0.461914 0.146484 0.209961
v -0.461914 0.144531 0.204102
v -0.461914 0.144531 -0.204102
v -0.461914 0.138672 -0.161133
v -0.461914 0.136719 0.159180
v -0.463867 0.232422 -0.000977
v -0.463867 0.226562 0.059570
v -0.463867 0.226562 -0.059570
v -0.463867 0.214844 0.049805
v -0.463867 0.214844 -0.051758
v -0.463867 0.212891 0.092773
v -0.463867 0.210938 -0.092773
v -0.463867 0.162109 0.209961
v -0.463867 0.160156 -0.209961
v -0.463867 0.158203 0.188477
v -0.463867 0.156250 -0.190430
v -0.463867 0.152344 0.190430
v -0.463867 0.152344 -0.192383
v -0.463867 0.148438 0.194336
v -0.463867 0.148438 -0.194336
v -0.463867 0.148438 -0.204102
v -0.463867 0.146484 0.198242
v -0.463867 0.146484 -0.200195
v -0.463867 0.128906 0.151367
v -0.463867 0.126953 -0.151367
v -0.463867 0.087891 0.092773
v -0.463867 0.087891 0.114258
v -0.463867 0.083984 0.149414
v -0.463867 0.082031 -0.149414
v -0.465820 0.222656 0.061523
v -0.465820 0.222656 -0.061523
v -0.465820 0.220703 0.059570
v -0.465820 0.220703 -0.059570
v -0.465820 0.212891 0.036133
v -0.465820 0.212891 -0.036133
v -0.465820 0.210938 0.020508
v -0.465820 0.210938 -0.020508
v -0.465820 0.162109 0.200195
v -0.465820 0.162109 -0.200195
v -0.465820 0.160156 0.192383
v -0.465820 0.158203 -0.192383
v -0.465820 0.152344 0.196289
v -0.465820 0.150391 0.204102
v -0.465820 0.150391 -0.196289
v -0.465820 0.128906 0.202148
v -0.465820 0.126953 -0.202148
v -0.465820 0.091797 0.098633
v -0.465820 0.091797 0.106445
v -0.465820 0.083984 0.200195
v -0.465820 0.082031 -0.200195
v -0.467773 0.226562 0.049805
v -0.467773 0.226562 -0.051758
v -0.467773 0.207031 0.014648
v -0.467773 0.207031 -0.000977
v -0.467773 0.207031 -0.016602
v -0.467773 0.087891 0.069336
v -0.467773 0.087891 -0.069336
v -0.469727 0.226562 0.036133
v -0.469727 0.226562 -0.038086
v -0.469727 0.216797 0.049805
v -0.469727 0.216797 -0.051758
v -0.469727 0.212891 -0.000977
v -0.469727 0.125000 0.090820
v -0.469727 0.125000 -0.090820
v -0.469727 0.087891 -0.000977
v -0.469727 0.082031 0.073242
v -0.469727 0.082031 -0.075195
v -0.471680 0.228516 0.016602
v -0.471680 0.228516 -0.000977
v -0.471680 0.228516 -0.018555
v -0.471680 0.226562 0.020508
v -0.471680 0.226562 -0.020508
v -0.471680 0.214844 0.036133
v -0.471680 0.214844 -0.036133
v -0.471680 0.167969 0.092773
v -0.471680 0.167969 -0.092773
v -0.471680 0.123047 0.202148
v -0.471680 0.121094 -0.202148
v -0.471680 0.087891 0.202148
v -0.471680 0.087891 -0.202148
v -0.473633 0.228516 0.016602
v -0.473633 0.228516 -0.000977
v -0.473633 0.228516 -0.016602
v -0.473633 0.224609 0.018555
v -0.473633 0.224609 -0.018555
v -0.473633 0.212891 0.020508
v -0.473633 0.212891 -0.020508
v -0.473633 0.132812 0.090820
v -0.473633 0.132812 -0.092773
v -0.473633 0.128906 0.069336
v -0.473633 0.126953 -0.069336
v -0.473633 0.083984 0.069336
v -0.473633 0.083984 -0.069336
v -0.473633 0.082031 -0.000977
v -0.475586 0.214844 0.018555
v -0.475586 0.212891 -0.018555
v -0.475586 0.208984 0.014648
v -0.475586 0.208984 -0.014648
v -0.475586 0.128906 -0.000977
v -0.475586 0.125000 -0.000977
v -0.475586 0.113281 -0.204102
v -0.475586 0.109375 0.204102
v -0.475586 0.095703 -0.202148
v -0.475586 0.083984 -0.000977
v -0.477539 0.210938 0.014648
v -0.477539 0.210938 -0.014648
v -0.477539 0.167969 -0.000977
v -0.477539 0.130859 -0.000977
v -0.477539 0.128906 0.151367
v -0.477539 0.126953 -0.151367
v -0.477539 0.083984 0.151367
v -0.477539 0.082031 -0.151367
v -0.485352 0.123047 0.153320
v -0.485352 0.123047 -0.153320
v -0.485352 0.087891 0.151367
v -0.485352 0.087891 -0.151367
v -0.487305 0.128906 0.069336
v -0.487305 0.128906 -0.069336
v -0.487305 0.113281 0.153320
v -0.487305 0.113281 -0.153320
v -0.487305 0.097656 0.153320
v -0.487305 0.097656 -0.153320
v -0.487305 0.083984 0.069336
v -0.487305 0.083984 -0.069336
v -0.489258 0.128906 -0.000977
v -0.489258 0.083984 -0.000977
v -0.495117 0.123047 0.071289
v -0.495117 0.123047 -0.071289
v -0.495117 0.087891 0.069336
v -0.495117 0.087891 -0.069336
v -0.497070 0.123047 -0.000977
v -0.497070 0.115234 0.071289
v -0.497070 0.113281 -0.071289
v -0.497070 0.097656 0.071289
v -0.497070 0.097656 -0.071289
v -0.497070 0.087891 -0.000977
v -0.499023 0.115234 -0.000977
v -0.499023 0.097656 -0.000977
vt 0.405029 0.807617
vt 0.418213 0.808350
vt 0.404541 0.812500
vt 0.389404 0.807861
vt 0.377930 0.815674
vt 0.407715 0.799316
vt 0.373779 0.810303
vt 0.358398 0.812256
vt 0.391602 0.800293
vt 0.376221 0.802002
vt 0.359619 0.809082
vt 0.360840 0.804199
vt 0.344727 0.806641
vt 0.336914 0.811279
vt 0.332275 0.802734
vt 0.314697 0.803223
vt 0.347412 0.799805
vt 0.362305 0.797607
vt 0.382324 0.773682
vt 0.353271 0.771729
vt 0.333252 0.795410
vt 0.367920 0.769775
vt 0.369385 0.762451
vt 0.397461 0.769287
vt 0.385254 0.762695
vt 0.412598 0.767578
vt 0.398438 0.761719
vt 0.394287 0.756592
vt 0.413086 0.759277
vt 0.427002 0.763428
vt 0.427734 0.753174
vt 0.427246 0.747559
vt 0.436768 0.748291
vt 0.414551 0.680420
vt 0.440674 0.761475
vt 0.367188 0.666748
vt 0.421631 0.799316
vt 0.435059 0.801758
vt 0.430664 0.810059
vt 0.440186 0.814941
vt 0.444092 0.812256
vt 0.361816 0.757080
vt 0.323975 0.675049
vt 0.327148 0.747314
vt 0.354980 0.760742
vt 0.341309 0.758301
vt 0.340088 0.765381
vt 0.325928 0.759277
vt 0.327881 0.752441
vt 0.297607 0.718262
vt 0.315918 0.745117
vt 0.305664 0.734375
vt 0.291748 0.723633
vt 0.283447 0.715576
vt 0.299561 0.740967
vt 0.282227 0.759277
vt 0.312744 0.750977
vt 0.306641 0.780029
vt 0.294189 0.770752
vt 0.282715 0.768311
vt 0.319092 0.789551
vt 0.294189 0.780762
vt 0.284180 0.776367
vt 0.272217 0.775146
vt 0.288818 0.788574
vt 0.306885 0.788818
vt 0.305664 0.793945
vt 0.316895 0.798340
vt 0.849854 0.751953
vt 0.852783 0.735840
vt 0.859131 0.735352
vt 0.858887 0.722900
vt 0.864258 0.763672
vt 0.853027 0.775879
vt 0.861572 0.791748
vt 0.872314 0.716309
vt 0.867920 0.711182
vt 0.882568 0.706299
vt 0.884766 0.709229
vt 0.894531 0.718750
vt 0.908203 0.703369
vt 0.875000 0.734131
vt 0.868896 0.748535
vt 0.878174 0.739258
vt 0.872314 0.761963
vt 0.873047 0.751709
vt 0.885742 0.731934
vt 0.880127 0.739746
vt 0.875000 0.752441
vt 0.873047 0.776611
vt 0.874512 0.771240
vt 0.879883 0.791748
vt 0.881104 0.803955
vt 0.901611 0.811768
vt 0.878174 0.773682
vt 0.879639 0.780273
vt 0.902344 0.798340
vt 0.889893 0.793213
vt 0.886230 0.785645
vt 0.900879 0.791992
vt 0.915039 0.800781
vt 0.912598 0.812256
vt 0.911133 0.792969
vt 0.924072 0.808594
vt 0.891846 0.785645
vt 0.943359 0.781738
vt 0.937012 0.803223
vt 0.955811 0.791260
vt 0.922119 0.793213
vt 0.913086 0.790039
vt 0.928467 0.783203
vt 0.939697 0.776611
vt 0.944336 0.765381
vt 0.947266 0.752441
vt 0.936035 0.774658
vt 0.935303 0.769287
vt 0.939453 0.761719
vt 0.941895 0.746338
vt 0.940186 0.735107
vt 0.958252 0.734131
vt 0.938232 0.749756
vt 0.932373 0.742432
vt 0.934814 0.735596
vt 0.924561 0.722168
vt 0.926025 0.730469
vt 0.930908 0.710938
vt 0.951904 0.721436
vt 0.938477 0.708252
vt 0.927979 0.704834
vt 0.917236 0.727539
vt 0.905273 0.721680
vt 0.895264 0.726807
vt 0.908447 0.726074
vt 0.907959 0.728027
vt 0.891602 0.744141
vt 0.914795 0.740479
vt 0.887207 0.750244
vt 0.903076 0.739258
vt 0.902588 0.743896
vt 0.922119 0.746338
vt 0.912109 0.745117
vt 0.896240 0.746582
vt 0.891602 0.751465
vt 0.919189 0.748779
vt 0.926025 0.753906
vt 0.921143 0.755127
vt 0.924805 0.766113
vt 0.916016 0.775146
vt 0.920898 0.763428
vt 0.905273 0.779053
vt 0.912598 0.771973
vt 0.897705 0.771973
vt 0.904297 0.773682
vt 0.894531 0.774902
vt 0.888428 0.768799
vt 0.891357 0.766357
vt 0.889648 0.760010
vt 0.885498 0.758789
vt 0.430176 0.990234
vt 0.444092 0.993164
vt 0.432373 0.995850
vt 0.419189 0.999512
vt 0.442383 0.998779
vt 0.762451 0.943359
vt 0.744873 0.942139
vt 0.747803 0.935547
vt 0.777588 0.914795
vt 0.761230 0.910645
vt 0.744141 0.899658
vt 0.763672 0.902832
vt 0.746826 0.892334
vt 0.732422 0.929688
vt 0.729248 0.894043
vt 0.730713 0.936768
vt 0.693359 0.941406
vt 0.761230 0.964600
vt 0.716797 0.932861
vt 0.717773 0.924072
vt 0.702637 0.921387
vt 0.701416 0.935303
vt 0.686768 0.939697
vt 0.686035 0.921631
vt 0.672607 0.944824
vt 0.662354 0.957764
vt 0.714844 0.889160
vt 0.658691 0.953613
vt 0.649414 0.965576
vt 0.670410 0.927734
vt 0.698730 0.885010
vt 0.656982 0.937012
vt 0.642578 0.942383
vt 0.666748 0.879883
vt 0.682617 0.884033
vt 0.695312 0.861572
vt 0.708252 0.870850
vt 0.720703 0.879639
vt 0.723877 0.875732
vt 0.708252 0.862549
vt 0.734863 0.885010
vt 0.748535 0.888672
vt 0.843750 0.988281
vt 0.843750 0.980713
vt 0.859131 0.982666
vt 0.988525 0.276855
vt 0.990723 0.283203
vt 0.984619 0.278564
vt 0.985596 0.270996
vt 0.987793 0.270752
vt 0.982178 0.272461
vt 0.972412 0.282715
vt 0.987305 0.264893
vt 0.993408 0.264404
vt 0.968506 0.277100
vt 0.984375 0.264648
vt 0.987549 0.258301
vt 0.999756 0.251221
vt 0.989014 0.252441
vt 0.983643 0.257812
vt 0.980957 0.265137
vt 0.966064 0.270264
vt 0.980225 0.257812
vt 0.984131 0.250977
vt 0.989014 0.245850
vt 0.993164 0.240479
vt 0.981689 0.243896
vt 0.989258 0.238770
vt 0.986328 0.236328
vt 0.965820 0.240723
vt 0.961182 0.249512
vt 0.980713 0.250977
vt 0.964355 0.255859
vt 0.959229 0.257324
vt 0.964844 0.262939
vt 0.956055 0.251709
vt 0.951416 0.246826
vt 0.960449 0.269531
vt 0.961426 0.263916
vt 0.963135 0.271484
vt 0.965332 0.277832
vt 0.963867 0.284424
vt 0.967529 0.284180
vt 0.230225 0.530518
vt 0.241211 0.522705
vt 0.243408 0.528564
vt 0.258545 0.525879
vt 0.257812 0.532227
vt 0.281250 0.517334
vt 0.252686 0.515381
vt 0.271973 0.501953
vt 0.223633 0.439453
vt 0.237793 0.515869
vt 0.228027 0.524902
vt 0.225830 0.517578
vt 0.206055 0.528564
vt 0.205078 0.522217
vt 0.187988 0.524414
vt 0.142578 0.436035
vt 0.129395 0.380371
vt 0.170166 0.522217
vt 0.151855 0.519287
vt 0.139648 0.510010
vt 0.186035 0.531738
vt 0.167725 0.528564
vt 0.149170 0.525146
vt 0.148193 0.531738
vt 0.133789 0.523926
vt 0.130615 0.530273
vt 0.145752 0.540039
vt 0.167236 0.536865
vt 0.144775 0.552734
vt 0.127197 0.543213
vt 0.187012 0.537598
vt 0.166504 0.546143
vt 0.166992 0.561035
vt 0.142090 0.576172
vt 0.189453 0.547852
vt 0.207764 0.534668
vt 0.181641 0.600586
vt 0.211670 0.544434
vt 0.192383 0.563721
vt 0.197266 0.587646
vt 0.182861 0.617432
vt 0.174805 0.616699
vt 0.191162 0.606201
vt 0.187012 0.621826
vt 0.220459 0.559570
vt 0.235107 0.539551
vt 0.244873 0.553223
vt 0.256104 0.536865
vt 0.274902 0.548096
vt 0.252441 0.563232
vt 0.205078 0.598877
vt 0.222168 0.597656
vt 0.199463 0.606934
vt 0.193359 0.615479
vt 0.207764 0.603027
vt 0.205078 0.616943
vt 0.190674 0.624756
vt 0.188965 0.636963
vt 0.199951 0.623047
vt 0.197998 0.630859
vt 0.197510 0.639160
vt 0.197754 0.647705
vt 0.201416 0.631836
vt 0.202393 0.625244
vt 0.201660 0.639648
vt 0.219482 0.635986
vt 0.206787 0.619873
vt 0.203125 0.645996
vt 0.208252 0.652100
vt 0.203369 0.654785
vt 0.196777 0.657959
vt 0.211670 0.616699
vt 0.211670 0.613037
vt 0.219727 0.617188
vt 0.219727 0.602539
vt 0.220459 0.613037
vt 0.231689 0.605713
vt 0.228516 0.614990
vt 0.227539 0.619141
vt 0.235840 0.618896
vt 0.237549 0.603516
vt 0.265137 0.577881
vt 0.241943 0.612305
vt 0.247803 0.620850
vt 0.233398 0.622803
vt 0.240723 0.625732
vt 0.251465 0.631836
vt 0.237793 0.628906
vt 0.243896 0.633789
vt 0.245850 0.643799
vt 0.240723 0.635986
vt 0.255615 0.646729
vt 0.239502 0.643555
vt 0.239502 0.650635
vt 0.250244 0.655518
vt 0.256348 0.654541
vt 0.234375 0.649658
vt 0.239014 0.663574
vt 0.247314 0.672119
vt 0.258057 0.680664
vt 0.228516 0.658203
vt 0.224609 0.667725
vt 0.215576 0.658936
vt 0.225830 0.654541
vt 0.217041 0.655518
vt 0.203857 0.665771
vt 0.315918 0.313477
vt 0.336182 0.302490
vt 0.333740 0.319824
vt 0.315918 0.359375
vt 0.332275 0.345703
vt 0.371094 0.312744
vt 0.456543 0.351807
vt 0.284912 0.422119
vt 0.339355 0.506104
vt 0.281982 0.416504
vt 0.303467 0.356689
vt 0.267822 0.413086
vt 0.308350 0.312744
vt 0.315430 0.288574
vt 0.294189 0.352295
vt 0.257568 0.408447
vt 0.247559 0.400635
vt 0.301270 0.304932
vt 0.279541 0.345459
vt 0.221191 0.382568
vt 0.253418 0.317139
vt 0.278320 0.284668
vt 0.287842 0.278564
vt 0.236084 0.270264
vt 0.178955 0.310303
vt 0.152344 0.350830
vt 0.215332 0.272705
vt 0.194580 0.279541
vt 0.229492 0.273926
vt 0.228271 0.271240
vt 0.219482 0.270996
vt 0.406738 0.667969
vt 0.392090 0.662109
vt 0.415283 0.610352
vt 0.404785 0.598877
vt 0.389648 0.655029
vt 0.423828 0.616699
vt 0.416992 0.674805
vt 0.423828 0.673584
vt 0.393066 0.578125
vt 0.295410 0.674561
vt 0.428955 0.562744
vt 0.417480 0.554932
vt 0.364502 0.512451
vt 0.300293 0.542236
vt 0.435547 0.541260
vt 0.437744 0.571045
vt 0.442383 0.544434
vt 0.436035 0.616943
vt 0.461426 0.677246
vt 0.448486 0.566895
vt 0.474609 0.609619
vt 0.541504 0.638428
vt 0.541260 0.680908
vt 0.541748 0.593994
vt 0.478516 0.565918
vt 0.521240 0.584961
vt 0.517334 0.574219
vt 0.532715 0.587891
vt 0.541016 0.591064
vt 0.542480 0.581055
vt 0.525146 0.581543
vt 0.536133 0.580322
vt 0.536865 0.577148
vt 0.543701 0.577637
vt 0.551270 0.578857
vt 0.548828 0.575439
vt 0.543213 0.560303
vt 0.553467 0.571777
vt 0.532227 0.574707
vt 0.529785 0.576660
vt 0.528564 0.569580
vt 0.525391 0.571045
vt 0.527100 0.563721
vt 0.524170 0.563721
vt 0.516602 0.563721
vt 0.527832 0.557373
vt 0.516113 0.553711
vt 0.511475 0.556641
vt 0.523682 0.555908
vt 0.530273 0.550293
vt 0.526855 0.548340
vt 0.476074 0.548340
vt 0.515625 0.541992
vt 0.519775 0.543213
vt 0.531250 0.542480
vt 0.533447 0.545410
vt 0.524902 0.534912
vt 0.537354 0.538574
vt 0.539551 0.542969
vt 0.544922 0.541748
vt 0.549805 0.543213
vt 0.554199 0.548340
vt 0.544434 0.537598
vt 0.551514 0.540283
vt 0.541016 0.526611
vt 0.550781 0.528076
vt 0.532227 0.528564
vt 0.534180 0.521484
vt 0.549072 0.522705
vt 0.521729 0.529541
vt 0.517822 0.518066
vt 0.532227 0.513184
vt 0.505371 0.481689
vt 0.487549 0.521729
vt 0.499023 0.502441
vt 0.471924 0.540039
vt 0.486572 0.492432
vt 0.453125 0.545898
vt 0.466309 0.528076
vt 0.451416 0.533203
vt 0.477051 0.508789
vt 0.459229 0.521973
vt 0.446777 0.528076
vt 0.431152 0.532227
vt 0.442383 0.519531
vt 0.454834 0.517090
vt 0.470459 0.502441
vt 0.449463 0.510498
vt 0.464844 0.499023
vt 0.478271 0.487305
vt 0.458496 0.496094
vt 0.462158 0.484619
vt 0.471680 0.484375
vt 0.467773 0.470459
vt 0.377441 0.459229
vt 0.344238 0.432129
vt 0.470947 0.424072
vt 0.467773 0.411133
vt 0.472168 0.439941
vt 0.471436 0.454834
vt 0.475342 0.470215
vt 0.478027 0.454590
vt 0.478271 0.438477
vt 0.476807 0.423096
vt 0.482666 0.437744
vt 0.484131 0.454590
vt 0.482910 0.471924
vt 0.494873 0.455322
vt 0.492188 0.474121
vt 0.506104 0.460205
vt 0.814209 0.560547
vt 0.759521 0.514893
vt 0.795410 0.503174
vt 0.760742 0.397949
vt 0.109863 0.781738
vt 0.248779 0.681641
vt 0.194824 0.815430
vt 0.585205 0.370850
vt 0.602539 0.361816
vt 0.605957 0.367920
vt 0.586182 0.378174
vt 0.601807 0.357422
vt 0.617432 0.348145
vt 0.621826 0.353271
vt 0.626221 0.358398
vt 0.610107 0.375244
vt 0.587891 0.388916
vt 0.640869 0.365479
vt 0.615479 0.384277
vt 0.590332 0.409668
vt 0.567139 0.396973
vt 0.619385 0.390625
vt 0.551514 0.434082
vt 0.645996 0.374023
vt 0.656738 0.349365
vt 0.650146 0.377441
vt 0.622559 0.394043
vt 0.593506 0.413086
vt 0.570312 0.433594
vt 0.630371 0.403076
vt 0.581787 0.422852
vt 0.589111 0.430176
vt 0.601807 0.421631
vt 0.580078 0.443359
vt 0.594971 0.437012
vt 0.608398 0.429443
vt 0.600098 0.444336
vt 0.569824 0.452393
vt 0.562012 0.445557
vt 0.546387 0.440918
vt 0.555908 0.452637
vt 0.552490 0.457764
vt 0.546143 0.453369
vt 0.564697 0.463867
vt 0.557373 0.466064
vt 0.545410 0.463867
vt 0.540283 0.460693
vt 0.549072 0.470459
vt 0.541748 0.466064
vt 0.545898 0.472168
vt 0.560303 0.476074
vt 0.551758 0.477539
vt 0.548584 0.478027
vt 0.533936 0.481689
vt 0.549316 0.483887
vt 0.549072 0.490479
vt 0.553223 0.484375
vt 0.552979 0.490967
vt 0.562988 0.484863
vt 0.551025 0.496826
vt 0.547852 0.496582
vt 0.564453 0.494385
vt 0.569092 0.474854
vt 0.561523 0.502686
vt 0.547852 0.501709
vt 0.556152 0.508301
vt 0.558105 0.510254
vt 0.573975 0.490479
vt 0.573486 0.502441
vt 0.569336 0.511475
vt 0.567871 0.523193
vt 0.570557 0.547119
vt 0.583008 0.589844
vt 0.577637 0.589600
vt 0.575928 0.547119
vt 0.588623 0.585205
vt 0.574707 0.522217
vt 0.577148 0.510498
vt 0.583740 0.520508
vt 0.593750 0.582031
vt 0.588867 0.589111
vt 0.588379 0.544922
vt 0.582031 0.504883
vt 0.588135 0.513672
vt 0.587158 0.499756
vt 0.601562 0.581055
vt 0.594727 0.586182
vt 0.603027 0.586426
vt 0.594727 0.542969
vt 0.609375 0.578369
vt 0.609863 0.583008
vt 0.600586 0.539551
vt 0.623291 0.574219
vt 0.625732 0.579346
vt 0.593994 0.508545
vt 0.613525 0.532227
vt 0.636719 0.567383
vt 0.638428 0.572510
vt 0.652588 0.562256
vt 0.655762 0.567383
vt 0.626465 0.525146
vt 0.685791 0.554443
vt 0.687012 0.559326
vt 0.683350 0.549316
vt 0.604736 0.499512
vt 0.641113 0.517090
vt 0.617676 0.491211
vt 0.598633 0.492432
vt 0.612061 0.483887
vt 0.629150 0.480957
vt 0.669189 0.500244
vt 0.716309 0.537109
vt 0.696777 0.481689
vt 0.656006 0.461914
vt 0.681152 0.443359
vt 0.651855 0.455322
vt 0.625000 0.474609
vt 0.677002 0.436035
vt 0.695801 0.431152
vt 0.622070 0.462402
vt 0.608887 0.471191
vt 0.596191 0.479248
vt 0.648438 0.444824
vt 0.675293 0.426270
vt 0.692383 0.420898
vt 0.584473 0.485352
vt 0.579590 0.470703
vt 0.591309 0.463623
vt 0.573975 0.458984
vt 0.586914 0.452148
vt 0.604980 0.456299
vt 0.618408 0.448730
vt 0.613281 0.437012
vt 0.646240 0.431885
vt 0.641357 0.421387
vt 0.673096 0.415771
vt 0.690186 0.409424
vt 0.636963 0.412842
vt 0.665527 0.405518
vt 0.688477 0.394531
vt 0.685791 0.386230
vt 0.662598 0.395020
vt 0.683105 0.377930
vt 0.678711 0.371338
vt 0.656494 0.386475
vt 0.672852 0.361572
vt 0.814453 0.000977
vt 0.812012 0.009033
vt 0.809814 0.008789
vt 0.816895 0.002441
vt 0.814209 0.009766
vt 0.810303 0.016846
vt 0.813232 0.016602
vt 0.812988 0.024170
vt 0.847900 0.023193
vt 0.808105 0.017090
vt 0.810791 0.024902
vt 0.814941 0.031250
vt 0.804688 0.017090
vt 0.806152 0.007568
vt 0.808105 0.025391
vt 0.812012 0.032471
vt 0.818359 0.038330
vt 0.847656 0.056641
vt 0.892578 0.010498
vt 0.800781 0.016602
vt 0.802490 0.006592
vt 0.794922 0.006104
vt 0.804688 0.025879
vt 0.786377 0.015137
vt 0.783447 0.011719
vt 0.800293 0.026611
vt 0.809814 0.033691
vt 0.806152 0.034912
vt 0.780029 0.020996
vt 0.803467 0.036377
vt 0.776611 0.018555
vt 0.801758 0.040771
vt 0.780273 0.011963
vt 0.771484 0.003662
vt 0.774170 0.017090
vt 0.775635 0.008545
vt 0.769775 0.014404
vt 0.771484 0.006104
vt 0.810303 0.044434
vt 0.808594 0.046387
vt 0.815186 0.056152
vt 0.812500 0.042969
vt 0.816650 0.053955
vt 0.821289 0.055420
vt 0.815186 0.040771
vt 0.818359 0.052490
vt 0.821045 0.059082
vt 0.843506 0.144775
vt 0.819336 0.049805
vt 0.824463 0.050537
vt 0.821045 0.047363
vt 0.920898 0.181396
vt 0.947754 0.263672
vt 0.892578 0.260742
vt 0.834717 0.310059
vt 0.771973 0.345459
vt 0.815430 0.287354
vt 0.835693 0.301758
vt 0.841553 0.309570
vt 0.848389 0.381836
vt 0.856445 0.324707
vt 0.858154 0.320312
vt 0.861084 0.314697
vt 0.883789 0.361328
vt 0.851562 0.298584
vt 0.865967 0.310059
vt 0.841553 0.301514
vt 0.850342 0.294678
vt 0.858643 0.289307
vt 0.848389 0.291504
vt 0.863525 0.280518
vt 0.855957 0.285645
vt 0.886475 0.290771
vt 0.840088 0.298828
vt 0.835205 0.295410
vt 0.839600 0.296143
vt 0.838135 0.293945
vt 0.846680 0.288818
vt 0.853516 0.283203
vt 0.844238 0.285645
vt 0.851562 0.281494
vt 0.860352 0.277832
vt 0.814697 0.263672
vt 0.768799 0.242676
vt 0.848633 0.279541
vt 0.852783 0.272949
vt 0.855469 0.265625
vt 0.828857 0.238281
vt 0.859619 0.258789
vt 0.855225 0.273926
vt 0.858643 0.266357
vt 0.862061 0.258301
vt 0.864014 0.258789
vt 0.860596 0.267090
vt 0.867676 0.259277
vt 0.857422 0.275391
vt 0.863770 0.268799
vt 0.871582 0.260010
vt 0.867676 0.270508
vt 0.881104 0.249756
vt 0.884033 0.247314
vt 0.892334 0.290283
vt 0.129395 0.214600
vt 0.132324 0.213623
vt 0.133057 0.219482
vt 0.136719 0.213135
vt 0.132812 0.224121
vt 0.177734 0.220947
vt 0.177246 0.215576
vt 0.206055 0.217041
vt 0.136719 0.205811
vt 0.132080 0.205811
vt 0.128174 0.208008
vt 0.137939 0.198242
vt 0.131348 0.197998
vt 0.177979 0.202881
vt 0.204590 0.210693
vt 0.216797 0.212891
vt 0.138672 0.189697
vt 0.132324 0.190186
vt 0.178467 0.195801
vt 0.202637 0.200684
vt 0.211426 0.194336
vt 0.215576 0.206299
vt 0.224365 0.207764
vt 0.227051 0.219482
vt 0.234131 0.216309
vt 0.220703 0.199951
vt 0.224609 0.192627
vt 0.236572 0.204834
vt 0.244141 0.215332
vt 0.239746 0.226562
vt 0.239746 0.193604
vt 0.253662 0.207275
vt 0.254883 0.216309
vt 0.249756 0.224854
vt 0.265381 0.209473
vt 0.263916 0.217529
vt 0.259766 0.225342
vt 0.278809 0.216309
vt 0.255615 0.195801
vt 0.277588 0.203125
vt 0.285889 0.209961
vt 0.295166 0.197998
vt 0.268555 0.198975
vt 0.283203 0.189941
vt 0.260254 0.182373
vt 0.243408 0.180420
vt 0.229492 0.180664
vt 0.272949 0.184326
vt 0.235352 0.165283
vt 0.249023 0.166260
vt 0.264648 0.166992
vt 0.215088 0.188477
vt 0.221680 0.176270
vt 0.180176 0.189209
vt 0.184570 0.174561
vt 0.139893 0.174316
vt 0.133301 0.173340
vt 0.142822 0.158936
vt 0.136475 0.158691
vt 0.189209 0.159668
vt 0.145508 0.142090
vt 0.140381 0.140869
vt 0.149658 0.107910
vt 0.228516 0.161377
vt 0.194336 0.143799
vt 0.234619 0.147217
vt 0.203857 0.111084
vt 0.154053 0.071777
vt 0.145996 0.105469
vt 0.216064 0.078857
vt 0.247559 0.116211
vt 0.261963 0.087646
vt 0.255127 0.119629
vt 0.241943 0.150635
vt 0.269287 0.090332
vt 0.274414 0.069336
vt 0.255127 0.151123
vt 0.267334 0.120605
vt 0.269531 0.152100
vt 0.278564 0.089844
vt 0.284424 0.070801
vt 0.280762 0.120605
vt 0.277344 0.168945
vt 0.282715 0.154541
vt 0.291016 0.090088
vt 0.296143 0.070557
vt 0.292969 0.123047
vt 0.291016 0.157715
vt 0.286377 0.173340
vt 0.302490 0.092041
vt 0.309814 0.071533
vt 0.302246 0.126221
vt 0.294434 0.177979
vt 0.316162 0.096436
vt 0.325195 0.073486
vt 0.332031 0.074219
vt 0.339111 0.075195
vt 0.323975 0.098145
vt 0.313232 0.130127
vt 0.333008 0.103271
vt 0.303223 0.183838
vt 0.300293 0.162842
vt 0.310547 0.169434
vt 0.322754 0.134521
vt 0.339844 0.103516
vt 0.327637 0.137451
vt 0.348145 0.109863
vt 0.314209 0.171875
vt 0.310059 0.211182
vt 0.334961 0.140381
vt 0.345215 0.143311
vt 0.335449 0.168945
vt 0.813965 0.572510
vt 0.802979 0.581543
vt 0.797852 0.578613
vt 0.800781 0.587158
vt 0.795166 0.581787
vt 0.793457 0.585693
vt 0.771729 0.562012
vt 0.799561 0.598145
vt 0.772705 0.559082
vt 0.803467 0.561279
vt 0.779053 0.543701
vt 0.769531 0.564697
vt 0.730225 0.534668
vt 0.735840 0.531494
vt 0.729980 0.531494
vt 0.740234 0.517578
vt 0.733398 0.529297
vt 0.730957 0.528076
vt 0.738037 0.516846
vt 0.736328 0.515625
vt 0.741943 0.495850
vt 0.743896 0.497803
vt 0.745850 0.551025
vt 0.728516 0.537109
vt 0.727295 0.538330
vt 0.767822 0.567139
vt 0.744629 0.553711
vt 0.725586 0.540527
vt 0.742920 0.555420
vt 0.766357 0.568848
vt 0.740234 0.557373
vt 0.722900 0.543457
vt 0.764404 0.570557
vt 0.787598 0.588379
vt 0.699707 0.608398
vt 0.785400 0.589600
vt 0.683350 0.599365
vt 0.789307 0.587158
vt 0.761719 0.573486
vt 0.792725 0.594238
vt 0.719971 0.620605
vt 0.789307 0.592773
vt 0.792969 0.599365
vt 0.787354 0.593506
vt 0.790283 0.597656
vt 0.788330 0.598633
vt 0.783203 0.592285
vt 0.789062 0.604492
vt 0.790771 0.606934
vt 0.785889 0.596436
vt 0.784912 0.600586
vt 0.747803 0.633057
vt 0.787354 0.603027
vt 0.749268 0.637207
vt 0.749756 0.639893
vt 0.743408 0.637451
vt 0.741699 0.633545
vt 0.743164 0.640137
vt 0.737793 0.636475
vt 0.733887 0.630371
vt 0.732178 0.633545
vt 0.718018 0.623779
vt 0.731201 0.635742
vt 0.697021 0.611328
vt 0.717285 0.625488
vt 0.681641 0.602295
vt 0.667480 0.599365
vt 0.680176 0.603760
vt 0.696289 0.613037
vt 0.678955 0.606689
vt 0.665039 0.604248
vt 0.695557 0.615234
vt 0.715576 0.628662
vt 0.677734 0.608643
vt 0.663330 0.607178
vt 0.693848 0.617920
vt 0.673584 0.616699
vt 0.661133 0.610352
vt 0.715088 0.631104
vt 0.690186 0.625977
vt 0.668701 0.627930
vt 0.656738 0.619629
vt 0.711182 0.638184
vt 0.686279 0.636475
vt 0.659912 0.645996
vt 0.652100 0.632324
vt 0.677246 0.654541
vt 0.707764 0.648682
vt 0.701172 0.666260
vt 0.725586 0.645996
vt 0.728516 0.640137
vt 0.721924 0.655518
vt 0.716064 0.674072
vt 0.733887 0.651611
vt 0.730713 0.660889
vt 0.726318 0.677490
vt 0.735596 0.663330
vt 0.731201 0.680908
vt 0.739014 0.655029
vt 0.738037 0.645264
vt 0.739746 0.665039
vt 0.736328 0.680176
vt 0.743408 0.658203
vt 0.743652 0.649658
vt 0.746094 0.667480
vt 0.738281 0.703613
vt 0.748535 0.661865
vt 0.747314 0.652588
vt 0.752197 0.646240
vt 0.743652 0.643311
vt 0.736816 0.641113
vt 0.730225 0.637695
vt 0.736816 0.638672
vt 0.750488 0.643066
vt 0.793701 0.611084
vt 0.810059 0.613525
vt 0.755615 0.650879
vt 0.788818 0.633301
vt 0.751953 0.655762
vt 0.759033 0.652100
vt 0.788330 0.638672
vt 0.794189 0.638916
vt 0.792969 0.642578
vt 0.754639 0.657715
vt 0.761230 0.654541
vt 0.787842 0.644287
vt 0.795898 0.652832
vt 0.762939 0.658203
vt 0.750977 0.663574
vt 0.758789 0.661377
vt 0.754395 0.666016
vt 0.752686 0.671631
vt 0.794922 0.716309
vt 0.749512 0.671875
vt 0.748535 0.705566
vt 0.414307 0.292725
vt 0.452393 0.308350
vt 0.446045 0.309082
vt 0.452148 0.316650
vt 0.461426 0.328857
vt 0.460449 0.332764
vt 0.473389 0.274658
vt 0.459229 0.311523
vt 0.463379 0.313477
vt 0.469727 0.346924
vt 0.470947 0.344238
vt 0.541748 0.517334
vt 0.904541 0.504150
vt 0.899902 0.488770
vt 0.906982 0.488281
vt 0.907471 0.381104
vt 0.912354 0.504883
vt 0.912109 0.486816
vt 0.251709 0.006104
vt 0.340820 0.010010
vt 0.251709 0.011230
vt 0.191895 0.008057
vt 0.357910 0.902832
vt 0.470459 0.902832
vt 0.471191 0.909912
vt 0.395020 0.000000
vt 0.484863 0.000000
vt 0.394531 0.005127
vt 0.334717 0.004883
vt 0.385986 0.954590
vt 0.500244 0.954590
vt 0.500244 0.958496
vt 0.706543 0.377686
vt 0.681641 0.311279
vt 0.688477 0.305908
vt 0.673828 0.302002
vt 0.677002 0.296631
vt 0.657227 0.290527
vt 0.691406 0.303467
vt 0.716064 0.369385
vt 0.664062 0.282227
vt 0.649414 0.279541
vt 0.681885 0.291748
vt 0.671631 0.280518
vt 0.657227 0.272461
vt 0.646240 0.271973
vt 0.667480 0.272949
vt 0.687744 0.291260
vt 0.681152 0.279053
vt 0.693115 0.301270
vt 0.707764 0.306641
vt 0.707520 0.302490
vt 0.713135 0.297607
vt 0.711182 0.285645
vt 0.696777 0.276855
vt 0.710693 0.274902
vt 0.701416 0.265137
vt 0.707764 0.266113
vt 0.694580 0.259277
vt 0.702393 0.262695
vt 0.707764 0.264160
vt 0.705078 0.260742
vt 0.709473 0.261475
vt 0.710938 0.258789
vt 0.707764 0.257812
vt 0.705078 0.256348
vt 0.705322 0.244629
vt 0.708008 0.217529
vt 0.700684 0.256592
vt 0.701416 0.244141
vt 0.703857 0.216797
vt 0.711670 0.186035
vt 0.706787 0.186035
vt 0.703857 0.187012
vt 0.697754 0.258301
vt 0.700439 0.217285
vt 0.697754 0.243896
vt 0.697754 0.217529
vt 0.701416 0.187500
vt 0.695312 0.245361
vt 0.697510 0.192871
vt 0.693848 0.185547
vt 0.686768 0.218506
vt 0.682373 0.245850
vt 0.689209 0.193848
vt 0.693604 0.188965
vt 0.684082 0.191650
vt 0.683350 0.187256
vt 0.672852 0.186035
vt 0.671875 0.217529
vt 0.658936 0.215088
vt 0.659180 0.184082
vt 0.667480 0.249512
vt 0.679932 0.263184
vt 0.646729 0.210693
vt 0.645264 0.181152
vt 0.634033 0.207764
vt 0.630127 0.177979
vt 0.625732 0.177246
vt 0.625000 0.214111
vt 0.615967 0.249756
vt 0.615967 0.211426
vt 0.620361 0.174072
vt 0.613037 0.169922
vt 0.608643 0.207275
vt 0.592529 0.197266
vt 0.597900 0.159424
vt 0.623047 0.243408
vt 0.640869 0.245850
vt 0.643799 0.259277
vt 0.628418 0.258789
vt 0.630615 0.263184
vt 0.654297 0.247559
vt 0.645020 0.265625
vt 0.666748 0.260986
vt 0.655518 0.260498
vt 0.666748 0.265869
vt 0.656250 0.265625
vt 0.639160 0.273682
vt 0.677490 0.267578
vt 0.678955 0.273438
vt 0.461670 0.007568
vt 0.552002 0.010010
vt 0.461670 0.011230
vt 0.461670 0.015137
vt 0.401855 0.009766
vt 0.122559 0.007080
vt 0.039795 0.007080
vt 0.122314 0.000000
vt 0.632812 0.616699
vt 0.633057 0.622803
vt 0.615479 0.617920
vt 0.688232 0.565430
vt 0.633545 0.627441
vt 0.614990 0.626953
vt 0.602295 0.626953
vt 0.615723 0.632324
vt 0.633789 0.633057
vt 0.597168 0.618408
vt 0.589111 0.626221
vt 0.582764 0.614746
vt 0.576416 0.624756
vt 0.573975 0.611328
vt 0.566406 0.620361
vt 0.589355 0.630371
vt 0.569824 0.630127
vt 0.600586 0.635010
vt 0.583984 0.636475
vt 0.615723 0.638672
vt 0.599854 0.641846
vt 0.632812 0.640381
vt 0.648193 0.640381
vt 0.647461 0.647461
vt 0.616211 0.645996
vt 0.633301 0.647705
vt 0.647217 0.655029
vt 0.634277 0.654541
vt 0.646240 0.659912
vt 0.618164 0.651855
vt 0.599121 0.652588
vt 0.603516 0.658447
vt 0.579834 0.644775
vt 0.589844 0.667236
vt 0.620850 0.658936
vt 0.606689 0.664307
vt 0.634766 0.659424
vt 0.608643 0.667725
vt 0.636230 0.666260
vt 0.646729 0.663818
vt 0.622070 0.663086
vt 0.668213 0.715332
vt 0.623047 0.668945
vt 0.611328 0.673584
vt 0.620117 0.738037
vt 0.691895 0.748291
vt 0.600342 0.678955
vt 0.596924 0.675293
vt 0.590820 0.687256
vt 0.581055 0.697266
vt 0.594238 0.671875
vt 0.586182 0.683838
vt 0.575684 0.704346
vt 0.571533 0.710205
vt 0.576172 0.694580
vt 0.583008 0.681152
vt 0.570557 0.702881
vt 0.562012 0.707520
vt 0.555664 0.722656
vt 0.573242 0.692871
vt 0.565674 0.700439
vt 0.558838 0.702148
vt 0.555176 0.708740
vt 0.565674 0.688965
vt 0.577393 0.677246
vt 0.556152 0.684570
vt 0.551270 0.701660
vt 0.568848 0.671631
vt 0.582764 0.660645
vt 0.562256 0.663330
vt 0.551758 0.658936
vt 0.560303 0.644287
vt 0.547607 0.638916
vt 0.564941 0.636230
vt 0.553711 0.631836
vt 0.547852 0.628662
vt 0.558594 0.627686
vt 0.558594 0.618896
vt 0.555176 0.607666
vt 0.552979 0.624756
vt 0.546875 0.622314
vt 0.552734 0.618408
vt 0.590820 0.912842
vt 0.476318 0.912842
vt 0.475830 0.907227
vt 0.196533 0.962402
vt 0.204346 0.933105
vt 0.292480 0.955811
vt 0.125977 0.965820
vt 0.041748 0.965820
vt 0.050781 0.938965
vt 0.326904 0.917480
vt 0.327881 0.923096
vt 0.237061 0.917969
vt 0.510498 0.917480
vt 0.458008 0.949951
vt 0.451660 0.933594
vt 0.454346 0.945068
vt 0.452393 0.949219
vt 0.451904 0.942627
vt 0.447754 0.948975
vt 0.399658 0.922119
vt 0.395752 0.918701
vt 0.611328 0.336182
vt 0.567139 0.376953
vt 0.557617 0.349854
vt 0.593994 0.336670
vt 0.528809 0.445801
vt 0.476807 0.340820
vt 0.611328 0.326660
vt 0.604980 0.322021
vt 0.523193 0.333740
vt 0.477295 0.331055
vt 0.567139 0.342041
vt 0.588135 0.318359
vt 0.605713 0.316406
vt 0.611572 0.320312
vt 0.563965 0.315430
vt 0.588867 0.310059
vt 0.615967 0.297119
vt 0.518555 0.305908
vt 0.477051 0.303223
vt 0.563232 0.303955
vt 0.593750 0.291748
vt 0.612305 0.261963
vt 0.517578 0.292725
vt 0.477295 0.290527
vt 0.481689 0.263672
vt 0.531982 0.271729
vt 0.481934 0.259521
vt 0.574707 0.276611
vt 0.533447 0.266846
vt 0.486572 0.236572
vt 0.572998 0.271240
vt 0.539551 0.247314
vt 0.583496 0.271973
vt 0.579590 0.268311
vt 0.591309 0.258545
vt 0.608154 0.240723
vt 0.584961 0.255859
vt 0.549316 0.223877
vt 0.601562 0.238525
vt 0.607666 0.230713
vt 0.594971 0.235840
vt 0.552979 0.207275
vt 0.601074 0.228516
vt 0.605469 0.223145
vt 0.390137 0.244629
vt 0.392090 0.288086
vt 0.380371 0.289307
vt 0.416748 0.281006
vt 0.372803 0.245605
vt 0.354248 0.291748
vt 0.408691 0.228760
vt 0.420410 0.280762
vt 0.372559 0.203857
vt 0.398926 0.192383
vt 0.403809 0.193604
vt 0.413330 0.227295
vt 0.441406 0.276367
vt 0.429443 0.212891
vt 0.408203 0.188232
vt 0.466064 0.273926
vt 0.452881 0.226074
vt 0.468506 0.218750
vt 0.470947 0.201660
vt 0.360596 0.206299
vt 0.359863 0.185303
vt 0.351807 0.186523
vt 0.333984 0.203125
vt 0.344482 0.247803
vt 0.345459 0.293701
vt 0.329834 0.212158
vt 0.328125 0.187256
vt 0.223389 0.242920
vt 0.474609 0.062256
vt 0.473633 0.126709
vt 0.472168 0.060303
vt 0.529541 0.030762
vt 0.470947 0.125732
vt 0.469727 0.060059
vt 0.524658 0.030273
vt 0.462891 0.119385
vt 0.465576 0.050781
vt 0.492920 0.022217
vt 0.460205 0.054932
vt 0.457520 0.052246
vt 0.462158 0.048828
vt 0.454346 0.056396
vt 0.452881 0.048096
vt 0.458252 0.043945
vt 0.485840 0.018799
vt 0.452881 0.054199
vt 0.449219 0.050781
vt 0.428467 0.051514
vt 0.427246 0.054443
vt 0.427002 0.056152
vt 0.424805 0.050293
vt 0.421631 0.053223
vt 0.421143 0.055420
vt 0.421631 0.047363
vt 0.418457 0.044678
vt 0.415039 0.020996
vt 0.412354 0.047363
vt 0.416504 0.050049
vt 0.414551 0.052490
vt 0.418213 0.058838
vt 0.410156 0.048584
vt 0.397949 0.026611
vt 0.406494 0.052490
vt 0.402100 0.045898
vt 0.393555 0.033691
vt 0.411133 0.057129
vt 0.398926 0.046631
vt 0.389648 0.033203
vt 0.404053 0.058350
vt 0.395508 0.047607
vt 0.386475 0.034424
vt 0.412842 0.071289
vt 0.399658 0.059814
vt 0.386719 0.049561
vt 0.378662 0.036133
vt 0.407471 0.075195
vt 0.392090 0.062500
vt 0.374756 0.052490
vt 0.366943 0.037598
vt 0.356689 0.056152
vt 0.348633 0.041016
vt 0.379883 0.066162
vt 0.342529 0.058594
vt 0.334961 0.044189
vt 0.347412 0.072021
vt 0.361572 0.070312
vt 0.351562 0.093018
vt 0.365479 0.090088
vt 0.383301 0.084717
vt 0.368652 0.108398
vt 0.354736 0.113037
vt 0.356934 0.125732
vt 0.395264 0.080322
vt 0.385498 0.103516
vt 0.370850 0.121338
vt 0.359375 0.133545
vt 0.397217 0.099121
vt 0.388184 0.115234
vt 0.373779 0.129639
vt 0.360352 0.136963
vt 0.391113 0.123779
vt 0.374512 0.131836
vt 0.375244 0.133789
vt 0.360352 0.139404
vt 0.362061 0.141602
vt 0.392090 0.125977
vt 0.376465 0.135742
vt 0.392578 0.127686
vt 0.393066 0.130127
vt 0.376709 0.138916
vt 0.362793 0.144043
vt 0.374023 0.162109
vt 0.394287 0.132080
vt 0.399170 0.151367
vt 0.386719 0.179688
vt 0.407959 0.167969
vt 0.427979 0.147217
vt 0.402832 0.126709
vt 0.403320 0.129639
vt 0.419434 0.140869
vt 0.414062 0.134521
vt 0.431641 0.144775
vt 0.409180 0.129639
vt 0.416748 0.131104
vt 0.434570 0.141846
vt 0.409912 0.126221
vt 0.418213 0.127930
vt 0.434814 0.140137
vt 0.403076 0.124756
vt 0.410400 0.124268
vt 0.402832 0.122803
vt 0.419189 0.125732
vt 0.410889 0.122314
vt 0.405029 0.117188
vt 0.400391 0.110107
vt 0.412842 0.113770
vt 0.407715 0.105957
vt 0.404053 0.096191
vt 0.413574 0.103027
vt 0.423096 0.121338
vt 0.438965 0.132812
vt 0.418945 0.109863
vt 0.426514 0.114502
vt 0.445801 0.127686
vt 0.421143 0.107666
vt 0.432617 0.111816
vt 0.425293 0.104736
vt 0.416748 0.100098
vt 0.409668 0.093262
vt 0.419678 0.096191
vt 0.402588 0.077881
vt 0.413818 0.089600
vt 0.416016 0.085449
vt 0.416016 0.071289
vt 0.418457 0.084961
vt 0.419189 0.065674
vt 0.425293 0.062744
vt 0.420410 0.067383
vt 0.418457 0.072021
vt 0.426758 0.064453
vt 0.423340 0.069092
vt 0.422119 0.071777
vt 0.428223 0.068115
vt 0.459473 0.065674
vt 0.458740 0.062988
vt 0.421631 0.083984
vt 0.463379 0.066162
vt 0.457275 0.069580
vt 0.458252 0.072754
vt 0.458252 0.070312
vt 0.462402 0.069824
vt 0.465332 0.071777
vt 0.462891 0.072754
vt 0.460938 0.117188
vt 0.459229 0.121338
vt 0.460205 0.123779
vt 0.458496 0.114258
vt 0.455078 0.125000
vt 0.457031 0.117676
vt 0.436279 0.106934
vt 0.450928 0.118652
vt 0.453857 0.119385
vt 0.454346 0.122803
vt 0.448486 0.123535
vt 0.448975 0.121826
vt 0.434570 0.110107
vt 0.427734 0.103271
vt 0.430420 0.100830
vt 0.422119 0.094971
vt 0.425049 0.093018
vt 0.183594 0.654785
vt 0.214600 0.687500
vt 0.201416 0.693848
vt 0.167969 0.660156
vt 0.161865 0.630615
vt 0.199707 0.697754
vt 0.144043 0.635254
vt 0.165039 0.661133
vt 0.197021 0.700195
vt 0.151611 0.622070
vt 0.140869 0.631104
vt 0.141357 0.638672
vt 0.134766 0.633789
vt 0.162598 0.663330
vt 0.178711 0.685791
vt 0.195312 0.701172
vt 0.194336 0.702393
vt 0.137451 0.640381
vt 0.159180 0.664551
vt 0.176025 0.687988
vt 0.192383 0.704590
vt 0.136230 0.643799
vt 0.174561 0.689453
vt 0.171631 0.692139
vt 0.189453 0.707520
vt 0.157471 0.667725
vt 0.155762 0.670166
vt 0.135010 0.646973
vt 0.134033 0.649170
vt 0.152588 0.672119
vt 0.122070 0.740234
vt 0.134277 0.755371
vt 0.119385 0.743896
vt 0.106934 0.718750
vt 0.104492 0.722168
vt 0.117676 0.744873
vt 0.120117 0.759033
vt 0.093262 0.707520
vt 0.095703 0.705566
vt 0.132324 0.651855
vt 0.088623 0.700439
vt 0.101807 0.723633
vt 0.114502 0.746338
vt 0.117432 0.760742
vt 0.091553 0.708252
vt 0.099365 0.724365
vt 0.112061 0.748291
vt 0.114502 0.762451
vt 0.088135 0.708740
vt 0.086426 0.700928
vt 0.086426 0.709961
vt 0.083984 0.700928
vt 0.085693 0.695557
vt 0.097412 0.725830
vt 0.104004 0.752686
vt 0.108398 0.767334
vt 0.080566 0.714844
vt 0.090088 0.730469
vt 0.093262 0.758057
vt 0.096924 0.773193
vt 0.079590 0.734863
vt 0.074951 0.767578
vt 0.079590 0.783447
vt 0.061523 0.743164
vt 0.070801 0.718994
vt 0.052246 0.727051
vt 0.073975 0.705811
vt 0.064941 0.710205
vt 0.048096 0.717285
vt 0.080078 0.700684
vt 0.070068 0.701172
vt 0.061279 0.705078
vt 0.044189 0.712402
vt 0.082031 0.694580
vt 0.075684 0.695068
vt 0.066650 0.697510
vt 0.058838 0.700439
vt 0.044189 0.707764
vt 0.062744 0.691895
vt 0.055908 0.695312
vt 0.020996 0.713379
vt 0.071045 0.690918
vt 0.077637 0.684326
vt 0.067383 0.685547
vt 0.073242 0.680176
vt 0.064697 0.684082
vt 0.081299 0.686035
vt 0.114746 0.644775
vt 0.084473 0.687256
vt 0.087402 0.695312
vt 0.091553 0.696777
vt 0.091797 0.690186
vt 0.087158 0.688232
vt 0.117676 0.647217
vt 0.119141 0.649414
vt 0.122314 0.651367
vt 0.123779 0.647217
vt 0.126953 0.650146
vt 0.129639 0.647461
vt 0.129883 0.644775
vt 0.124512 0.644531
vt 0.128906 0.640869
vt 0.122803 0.641357
vt 0.122803 0.635010
vt 0.111084 0.643311
vt 0.111328 0.628906
vt 0.124023 0.632080
vt 0.087646 0.649170
vt 0.114746 0.627197
vt 0.108643 0.535400
vt 0.130127 0.623291
vt 0.133057 0.625977
vt 0.138672 0.611084
vt 0.137207 0.628662
vt 0.142578 0.614990
vt 0.147461 0.617676
vt 0.070557 0.677490
vt 0.081787 0.651123
vt 0.081787 0.645264
vt 0.077637 0.642822
vt 0.067871 0.676514
vt 0.077148 0.650635
vt 0.069336 0.641357
vt 0.065186 0.675537
vt 0.062256 0.681152
vt 0.060059 0.689697
vt 0.056885 0.686523
vt 0.052490 0.693115
vt 0.019043 0.701172
vt 0.051025 0.689453
vt 0.007324 0.660156
vt 0.348877 0.989014
vt 0.370117 0.992676
vt 0.346924 0.998535
vt 0.324219 0.989502
vt 0.842529 0.199707
vt 0.835205 0.208008
vt 0.833740 0.199219
vt 0.845703 0.188232
vt 0.847168 0.200439
vt 0.846680 0.211670
vt 0.851074 0.210938
vt 0.851562 0.200684
vt 0.850098 0.188965
vt 0.829590 0.185303
vt 0.824707 0.187500
vt 0.828613 0.201172
vt 0.825439 0.202637
vt 0.821289 0.188721
vt 0.820068 0.204834
vt 0.815430 0.191650
vt 0.817627 0.179688
vt 0.820801 0.178467
vt 0.825439 0.176514
vt 0.849609 0.176025
vt 0.855957 0.164795
vt 0.856445 0.157471
vt 0.854004 0.178467
vt 0.859131 0.168457
vt 0.867920 0.160156
vt 0.862061 0.171875
vt 0.857422 0.180664
vt 0.854248 0.190918
vt 0.864258 0.173828
vt 0.859619 0.182617
vt 0.856445 0.191895
vt 0.866943 0.176270
vt 0.868896 0.163086
vt 0.870605 0.166016
vt 0.878418 0.155518
vt 0.879150 0.161377
vt 0.876953 0.153076
vt 0.873047 0.168457
vt 0.900879 0.204102
vt 0.912354 0.186279
vt 0.862549 0.184082
vt 0.859863 0.193115
vt 0.890381 0.235840
vt 0.858398 0.201416
vt 0.857422 0.210205
vt 0.854492 0.201416
vt 0.853760 0.210449
vt 0.854980 0.218262
vt 0.856934 0.217773
vt 0.005371 0.695068
vt 0.051758 0.793945
vt 0.008057 0.832764
vt 0.067871 0.938232
vt 0.084961 0.923096
vt 0.150879 0.965576
vt 0.096680 0.927002
vt 0.091553 0.914062
vt 0.102539 0.918945
vt 0.095947 0.911133
vt 0.109375 0.914307
vt 0.103760 0.908203
vt 0.875488 0.150391
vt 0.879150 0.150635
vt 0.865479 0.156006
vt 0.864502 0.149170
vt 0.861572 0.153809
vt 0.864990 0.144287
vt 0.851318 0.082031
vt 0.902588 0.098877
vt 0.505127 0.959229
vt 0.511475 0.929443
vt 0.614746 0.924072
vt 0.511230 0.925537
vt 0.448242 0.820068
vt 0.329102 0.851807
vt 0.315918 0.820312
vt 0.029053 0.857422
vt 0.146484 0.895264
vt 0.015869 0.897461
vt 0.253906 0.685791
vt 0.253906 0.824707
vt 0.210938 0.810059
vt 0.812744 0.535156
vt 0.779297 0.432373
vt 0.814209 0.421143
vt 0.761475 0.377930
vt 0.335693 0.916504
vt 0.427979 0.946045
vt 0.326904 0.954346
vt 0.624268 0.890381
vt 0.495605 0.890381
vt 0.495605 0.807617
vt 0.550293 0.785156
vt 0.555176 0.815430
vt 0.541992 0.781250
vt 0.556152 0.788818
vt 0.542480 0.774902
vt 0.456055 0.799805
vt 0.523438 0.764648
vt 0.528076 0.757080
vt 0.535156 0.755127
vt 0.482910 0.695068
vt 0.555908 0.767822
vt 0.541748 0.751221
vt 0.551025 0.780273
vt 0.559326 0.770508
vt 0.567139 0.761719
vt 0.578857 0.758301
vt 0.571289 0.765381
vt 0.568359 0.731445
vt 0.563232 0.772949
vt 0.554199 0.782715
vt 0.558350 0.785400
vt 0.566406 0.776123
vt 0.570557 0.780762
vt 0.592773 0.812256
vt 0.577637 0.775635
vt 0.575439 0.771729
vt 0.573730 0.768555
vt 0.586426 0.771240
vt 0.595215 0.770020
vt 0.585693 0.767822
vt 0.595215 0.767090
vt 0.594971 0.764893
vt 0.584229 0.765625
vt 0.593506 0.760986
vt 0.604248 0.762695
vt 0.581787 0.761963
vt 0.591309 0.756348
vt 0.605225 0.755615
vt 0.620850 0.751709
vt 0.624512 0.749512
vt 0.570801 0.728760
vt 0.627197 0.747314
vt 0.689941 0.180176
vt 0.691406 0.148926
vt 0.710449 0.152588
vt 0.720459 0.177002
vt 0.712402 0.125000
vt 0.692627 0.129150
vt 0.683105 0.145264
vt 0.687012 0.126709
vt 0.693604 0.124023
vt 0.726074 0.168213
vt 0.744629 0.142334
vt 0.729492 0.175293
vt 0.723145 0.179443
vt 0.743652 0.166748
vt 0.745117 0.171875
vt 0.725586 0.203613
vt 0.765869 0.152832
vt 0.767578 0.161377
vt 0.769043 0.166748
vt 0.783936 0.208984
vt 0.797852 0.204834
vt 0.779297 0.163574
vt 0.777344 0.157227
vt 0.786133 0.160400
vt 0.808594 0.201416
vt 0.804443 0.173340
vt 0.783936 0.153809
vt 0.792480 0.156250
vt 0.811279 0.151611
vt 0.791992 0.149902
vt 0.809570 0.145264
vt 0.781738 0.145752
vt 0.790771 0.141602
vt 0.808350 0.136475
vt 0.763916 0.137451
vt 0.793701 0.128418
vt 0.807861 0.124512
vt 0.782959 0.131592
vt 0.774902 0.133545
vt 0.740723 0.126709
vt 0.769531 0.114258
vt 0.733154 0.116455
vt 0.710449 0.112061
vt 0.730225 0.103760
vt 0.751709 0.105225
vt 0.747559 0.094727
vt 0.729004 0.096436
vt 0.744141 0.087891
vt 0.762695 0.083740
vt 0.768066 0.090820
vt 0.781494 0.073975
vt 0.777100 0.069092
vt 0.781250 0.093262
vt 0.781250 0.115234
vt 0.791260 0.076416
vt 0.794189 0.055908
vt 0.803223 0.058594
vt 0.791016 0.095215
vt 0.800049 0.079102
vt 0.808838 0.058105
vt 0.789551 0.114014
vt 0.798584 0.096436
vt 0.807373 0.082031
vt 0.801514 0.096191
vt 0.796387 0.112305
vt 0.809814 0.109619
vt 0.981445 0.442139
vt 0.994629 0.459961
vt 0.963867 0.462646
vt 0.807617 0.816162
vt 0.790771 0.828857
vt 0.791016 0.816406
vt 0.747803 0.840332
vt 0.816650 0.797363
vt 0.818115 0.804443
vt 0.819336 0.808594
vt 0.810791 0.817627
vt 0.828857 0.798340
vt 0.827881 0.792969
vt 0.830566 0.802734
vt 0.841797 0.811279
vt 0.837646 0.821289
vt 0.845215 0.804443
vt 0.870361 0.819824
vt 0.867920 0.812744
vt 0.845215 0.800293
vt 0.866943 0.808838
vt 0.891602 0.821777
vt 0.842773 0.792480
vt 0.847656 0.689697
vt 0.866455 0.803711
vt 0.980713 0.915039
vt 0.987305 0.976074
vt 0.937744 0.976074
vt 0.974365 0.906982
vt 0.789551 0.794189
vt 0.783203 0.810303
vt 0.718506 0.766113
vt 0.794189 0.779785
vt 0.799072 0.765869
vt 0.803955 0.750977
vt 0.732422 0.708984
vt 0.696777 0.671143
vt 0.701660 0.103516
vt 0.705811 0.119873
vt 0.696533 0.101562
vt 0.696045 0.115234
vt 0.687988 0.100098
vt 0.692627 0.085938
vt 0.700439 0.086914
vt 0.688721 0.086182
vt 0.682617 0.086426
vt 0.693359 0.064941
vt 0.685059 0.066895
vt 0.679688 0.068115
vt 0.673340 0.070801
vt 0.669434 0.053467
vt 0.582275 0.051270
vt 0.676514 0.049805
vt 0.681885 0.047119
vt 0.689941 0.041748
vt 0.700195 0.061279
vt 0.697266 0.037354
vt 0.671387 0.033447
vt 0.664551 0.037109
vt 0.657471 0.024414
vt 0.554688 0.000000
vt 0.663086 0.019775
vt 0.675293 0.028076
vt 0.666504 0.014893
vt 0.681396 0.020264
vt 0.691650 0.018066
vt 0.703857 0.031250
vt 0.695068 0.000244
vt 0.203613 0.889160
vt 0.219238 0.848145
vt 0.320068 0.848145
vt 0.332275 0.897217
vt 0.508789 0.964844
vt 0.407715 0.964844
vt 0.414307 0.960693
vt 0.412842 0.911865
vt 0.321045 0.911865
vt 0.322510 0.906250
vt 0.630127 0.925781
vt 0.643066 0.965576
vt 0.518555 0.963623
vt 0.321777 0.958496
vt 0.229736 0.928711
vt 0.321289 0.927734
vt 0.538574 0.904053
vt 0.656494 0.904053
vt 0.655762 0.909912
vt 0.260010 0.734863
vt 0.265137 0.644287
vt 0.263916 0.734863
vt 0.267578 0.734863
vt 0.265137 0.794678
vt 0.536621 0.116943
vt 0.540039 0.115479
vt 0.545898 0.130371
vt 0.551270 0.129150
vt 0.556152 0.122070
vt 0.544189 0.108643
vt 0.549316 0.104980
vt 0.561768 0.129639
vt 0.557861 0.139648
vt 0.569092 0.138672
vt 0.563965 0.117188
vt 0.574707 0.127441
vt 0.577637 0.143799
vt 0.565674 0.110352
vt 0.478760 0.081299
vt 0.553223 0.100586
vt 0.575928 0.118408
vt 0.585449 0.133301
vt 0.585449 0.146240
vt 0.584717 0.122314
vt 0.577881 0.108398
vt 0.591553 0.134033
vt 0.591797 0.146973
vt 0.590820 0.122559
vt 0.583496 0.110596
vt 0.589355 0.111572
vt 0.593994 0.108887
vt 0.595459 0.134521
vt 0.597168 0.147705
vt 0.594971 0.122803
vt 0.613037 0.133545
vt 0.614502 0.146729
vt 0.614746 0.161865
vt 0.611816 0.120850
vt 0.641113 0.131836
vt 0.643311 0.145264
vt 0.646729 0.162109
vt 0.637207 0.167969
vt 0.674316 0.130859
vt 0.677246 0.144531
vt 0.671875 0.117676
vt 0.679932 0.159180
vt 0.680420 0.163574
vt 0.639893 0.174072
vt 0.682861 0.169922
vt 0.684814 0.178955
vt 0.639648 0.118408
vt 0.665771 0.106934
vt 0.670410 0.107666
vt 0.610840 0.106689
vt 0.671631 0.097656
vt 0.638184 0.103516
vt 0.666748 0.098145
vt 0.663086 0.102783
vt 0.662842 0.094482
vt 0.669189 0.090576
vt 0.638672 0.092041
vt 0.669678 0.088135
vt 0.612305 0.094727
vt 0.598145 0.093994
vt 0.612793 0.092529
vt 0.638916 0.089844
vt 0.599609 0.091797
vt 0.613770 0.088867
vt 0.639160 0.086426
vt 0.670654 0.085205
vt 0.670654 0.080322
vt 0.638672 0.083984
vt 0.639160 0.082031
vt 0.614014 0.084717
vt 0.599854 0.078613
vt 0.600830 0.088623
vt 0.599854 0.082275
vt 0.601562 0.084473
vt 0.597168 0.084473
vt 0.596436 0.080566
vt 0.594238 0.082275
vt 0.595703 0.087158
vt 0.592529 0.082520
vt 0.593262 0.088623
vt 0.580322 0.093994
vt 0.580811 0.080566
vt 0.569580 0.079590
vt 0.565674 0.103027
vt 0.555420 0.098145
vt 0.558594 0.082520
vt 0.553223 0.084229
vt 0.548096 0.084473
vt 0.160156 1.000000
vt 0.145264 1.000000
vt 0.146729 0.992920
vt 0.960938 0.840820
vt 0.956055 0.852051
vt 0.951416 0.845947
vt 0.938232 0.853516
vt 0.956299 0.835938
vt 0.962402 0.832031
vt 0.953613 0.827637
vt 0.950684 0.817383
vt 0.948730 0.821777
vt 0.941406 0.815674
vt 0.958252 0.797363
vt 0.947266 0.826904
vt 0.950439 0.833496
vt 0.949951 0.840820
vt 0.946533 0.836426
vt 0.944092 0.830811
vt 0.923828 0.833008
vt 0.898438 0.819336
vt 0.937256 0.837646
vt 0.939941 0.842285
vt 0.939209 0.847900
vt 0.932373 0.839355
vt 0.933838 0.844971
vt 0.926514 0.838379
vt 0.931152 0.850098
vt 0.927246 0.843506
vt 0.919922 0.837402
vt 0.896729 0.824463
vt 0.917480 0.845947
vt 0.892822 0.842285
vt 0.920166 0.853027
vt 0.890625 0.851318
vt 0.927979 0.862061
vt 0.843994 0.520752
vt 0.838379 0.519531
vt 0.840576 0.494385
vt 0.850830 0.496826
vt 0.836426 0.494873
vt 0.834229 0.519043
vt 0.848633 0.451904
vt 0.828857 0.496338
vt 0.825928 0.518311
vt 0.823730 0.495850
vt 0.822510 0.453125
vt 0.827637 0.453613
vt 0.819824 0.388672
vt 0.815674 0.389160
vt 0.835449 0.452393
vt 0.828613 0.387207
vt 0.839355 0.451904
vt 0.833496 0.386475
vt 0.850098 0.386475
vt 0.857666 0.452393
vt 0.858887 0.386963
vt 0.860107 0.496582
vt 0.853760 0.522461
vt 0.862549 0.452881
vt 0.863525 0.387451
vt 0.866699 0.453613
vt 0.868652 0.388184
vt 0.864014 0.497070
vt 0.876465 0.388672
vt 0.874268 0.455078
vt 0.871826 0.497559
vt 0.877441 0.455566
vt 0.879639 0.390137
vt 0.875000 0.498047
vt 0.896484 0.455078
vt 0.898682 0.390625
vt 0.894287 0.498291
vt 0.893311 0.520020
vt 0.373779 0.998779
vt 0.385010 0.990234
vt 0.383301 0.999512
vt 0.414551 0.997070
vt 0.760742 0.358398
vt 0.731934 0.357666
vt 0.756348 0.297119
vt 0.765381 0.358643
vt 0.731445 0.295410
vt 0.726807 0.358154
vt 0.761963 0.296387
vt 0.770508 0.296875
vt 0.765625 0.254883
vt 0.757812 0.254639
vt 0.760742 0.231689
vt 0.752441 0.255127
vt 0.754639 0.233398
vt 0.756592 0.227051
vt 0.759766 0.222412
vt 0.753418 0.229004
vt 0.750488 0.233398
vt 0.750977 0.226562
vt 0.753662 0.222168
vt 0.750977 0.215332
vt 0.730225 0.253174
vt 0.745850 0.223633
vt 0.747314 0.219482
vt 0.730225 0.231445
vt 0.739014 0.222168
vt 0.738525 0.217773
vt 0.737549 0.213379
vt 0.732422 0.223633
vt 0.729248 0.227295
vt 0.729980 0.219971
vt 0.725098 0.218506
vt 0.726074 0.224365
vt 0.718506 0.227783
vt 0.726807 0.231689
vt 0.727051 0.254150
vt 0.719727 0.253662
vt 0.728027 0.295654
vt 0.719971 0.297119
vt 0.718994 0.360107
vt 0.863281 0.549561
vt 0.855469 0.609131
vt 0.856689 0.549316
vt 0.850830 0.549316
vt 0.850098 0.608643
vt 0.842041 0.549316
vt 0.850830 0.647217
vt 0.833496 0.609375
vt 0.855469 0.648438
vt 0.830322 0.549316
vt 0.844727 0.647705
vt 0.851318 0.670410
vt 0.855957 0.670654
vt 0.853271 0.677979
vt 0.845459 0.671387
vt 0.844971 0.679199
vt 0.847412 0.683838
vt 0.835449 0.684814
vt 0.835938 0.679688
vt 0.827637 0.680420
vt 0.834229 0.648438
vt 0.833740 0.672363
vt 0.828613 0.671875
vt 0.823486 0.672363
vt 0.822510 0.650146
vt 0.826904 0.648926
vt 0.819336 0.609863
vt 0.823975 0.608643
vt 0.818604 0.549316
vt 0.824707 0.549072
vt 0.225342 0.991943
vt 0.230957 0.997559
vt 0.222168 0.996094
vt 0.227539 0.986572
vt 0.236816 0.997070
vt 0.242188 0.993896
vt 0.242676 0.985840
vt 0.992188 0.138428
vt 0.987305 0.150879
vt 0.984863 0.146484
vt 0.979492 0.149658
vt 0.980713 0.155029
vt 0.969727 0.147217
vt 0.972412 0.151367
vt 0.966064 0.153320
vt 0.964111 0.151611
vt 0.957520 0.152344
vt 0.983154 0.130371
vt 0.992432 0.134521
vt 0.975830 0.127441
vt 0.777588 0.984863
vt 0.773193 0.982666
vt 0.781006 0.981689
vt 0.782471 0.988525
vt 0.785156 0.986084
vt 0.782959 0.994629
vt 0.779297 0.998291
vt 0.787354 0.993408
vt 0.798340 0.995361
vt 0.781494 1.000000
vt 0.972900 0.405029
vt 0.968018 0.405273
vt 0.972412 0.399414
vt 0.974854 0.400635
vt 0.970215 0.398438
vt 0.963867 0.389404
vt 0.970703 0.391602
vt 0.974365 0.394775
vt 0.976807 0.389648
vt 0.978760 0.393311
vt 0.981201 0.399902
vt 0.980225 0.405518
vt 0.985840 0.403076
vt 0.985352 0.395996
vt 0.989258 0.400879
vt 0.989014 0.395508
vt 0.992432 0.401123
vt 0.188965 0.996826
vt 0.194580 0.999756
vt 0.187744 0.999512
vt 0.182373 0.997314
vt 0.183838 0.994873
vt 0.177490 0.994141
vt 0.191406 0.993896
vt 0.185303 0.992188
vt 0.967285 0.807861
vt 0.962646 0.800781
vt 0.980957 0.793701
vt 0.975098 0.807861
vt 0.981201 0.804443
vt 0.977539 0.809326
vt 0.983643 0.800049
vt 0.985840 0.792236
vt 0.982422 0.806641
vt 0.983398 0.808594
vt 0.986328 0.801514
vt 0.988525 0.802002
vt 0.002930 0.244873
vt 0.000244 0.194092
vt 0.018799 0.206299
vt 0.035889 0.196045
vt 0.031250 0.243408
vt 0.959961 0.456543
vt 0.917969 0.465576
vt 0.944336 0.446777
vt 0.929199 0.441895
vt 0.912842 0.383057
vt 0.943115 0.400635
vt 0.958496 0.389160
vt 0.322266 0.496338
vt 0.324951 0.500732
vt 0.286133 0.510498
vt 0.288330 0.504150
vt 0.200439 0.382324
vt 0.292969 0.517822
vt 0.291016 0.664307
vt 0.330078 0.504150
vt 0.296387 0.521484
vt 0.358887 0.019043
vt 0.269043 0.019043
vt 0.358887 0.013916
vt 0.419189 0.015137
vt 0.810547 0.769775
vt 0.809326 0.679932
vt 0.814453 0.679443
vt 0.813477 0.619385
vt 0.654541 0.919189
vt 0.537354 0.919189
vt 0.654541 0.915283
vt 0.865479 0.975830
vt 0.802979 0.975830
vt 0.865234 0.970459
vt 0.932373 0.970459
vt 0.932861 0.975830
vt 0.870117 0.971680
vt 0.123291 0.145752
vt 0.058838 0.161865
vt 0.057129 0.159668
vt 0.040527 0.224365
vt 0.121582 0.143066
vt 0.055176 0.156738
vt 0.039551 0.217773
vt 0.113525 0.136963
vt 0.024414 0.189941
vt 0.047119 0.155273
vt 0.048828 0.151367
vt 0.046387 0.150391
vt 0.048340 0.146729
vt 0.044678 0.153564
vt 0.025391 0.184082
vt 0.043213 0.148926
vt 0.041260 0.151367
vt 0.019531 0.183350
vt 0.045166 0.144043
vt 0.043457 0.145752
vt 0.035156 0.115234
vt 0.036865 0.115723
vt 0.033691 0.111572
vt 0.031250 0.111328
vt 0.028076 0.111084
vt 0.005127 0.114014
vt 0.029785 0.104248
vt 0.033691 0.105469
vt 0.030029 0.101807
vt 0.006104 0.096924
vt 0.036133 0.110352
vt 0.035645 0.104004
vt 0.040527 0.117188
vt 0.037598 0.109863
vt 0.040283 0.108643
vt 0.033203 0.097656
vt 0.025391 0.094727
vt 0.011475 0.089844
vt 0.038818 0.100830
vt 0.025146 0.091553
vt 0.009766 0.085938
vt 0.038086 0.093994
vt 0.024902 0.087891
vt 0.010254 0.082764
vt 0.052734 0.099365
vt 0.025146 0.080322
vt 0.009033 0.075195
vt 0.038818 0.089600
vt 0.054932 0.093262
vt 0.024170 0.067139
vt 0.008789 0.062500
vt 0.039307 0.081543
vt 0.057373 0.088623
vt 0.024414 0.048584
vt 0.007324 0.044189
vt 0.039795 0.068604
vt 0.023193 0.033447
vt 0.007080 0.029297
vt 0.037598 0.034912
vt 0.039551 0.049805
vt 0.059570 0.033691
vt 0.060059 0.048584
vt 0.059082 0.067383
vt 0.079102 0.046387
vt 0.080322 0.031738
vt 0.093262 0.030762
vt 0.057617 0.081055
vt 0.092529 0.046387
vt 0.101562 0.031250
vt 0.078613 0.064209
vt 0.076904 0.077881
vt 0.075684 0.085449
vt 0.074219 0.091064
vt 0.090820 0.064697
vt 0.101074 0.046875
vt 0.105225 0.031494
vt 0.071777 0.095947
vt 0.099121 0.065918
vt 0.103760 0.046631
vt 0.105713 0.046875
vt 0.107666 0.031006
vt 0.110352 0.031982
vt 0.102051 0.065186
vt 0.088623 0.078613
vt 0.086670 0.086670
vt 0.097412 0.081299
vt 0.101807 0.076904
vt 0.084473 0.092529
vt 0.095215 0.089600
vt 0.103516 0.084473
vt 0.083008 0.096436
vt 0.092285 0.097412
vt 0.110352 0.090820
vt 0.105957 0.083252
vt 0.103760 0.075928
vt 0.105713 0.097656
vt 0.104004 0.064941
vt 0.107910 0.082275
vt 0.108154 0.047363
vt 0.105957 0.075439
vt 0.106445 0.065674
vt 0.111572 0.047363
vt 0.112793 0.031982
vt 0.109375 0.065674
vt 0.133789 0.037842
vt 0.109131 0.075684
vt 0.130371 0.067139
vt 0.154053 0.046143
vt 0.147949 0.069824
vt 0.130127 0.094971
vt 0.111328 0.080566
vt 0.124023 0.087158
vt 0.118164 0.083252
vt 0.128906 0.098389
vt 0.114258 0.087158
vt 0.129150 0.102539
vt 0.112549 0.089600
vt 0.126953 0.103516
vt 0.120850 0.110107
vt 0.130859 0.104980
vt 0.099365 0.102539
vt 0.117676 0.117920
vt 0.089844 0.103516
vt 0.098389 0.108887
vt 0.079590 0.100098
vt 0.088379 0.105469
vt 0.114502 0.121582
vt 0.116699 0.127441
vt 0.068115 0.099121
vt 0.054199 0.102539
vt 0.069092 0.101562
vt 0.049072 0.106201
vt 0.046875 0.111084
vt 0.051514 0.107422
vt 0.055420 0.104492
vt 0.049561 0.112061
vt 0.053711 0.109131
vt 0.056152 0.107666
vt 0.052979 0.111816
vt 0.058594 0.145996
vt 0.056396 0.146729
vt 0.062744 0.144043
vt 0.059570 0.150635
vt 0.062500 0.145020
vt 0.062012 0.148682
vt 0.066650 0.145020
vt 0.065918 0.150391
vt 0.066650 0.148193
vt 0.068359 0.104980
vt 0.078125 0.105957
vt 0.078857 0.102539
vt 0.086914 0.109375
vt 0.094971 0.113770
vt 0.107178 0.133057
vt 0.097168 0.111084
vt 0.109863 0.125000
vt 0.111572 0.135254
vt 0.112793 0.122803
vt 0.110107 0.131348
vt 0.111328 0.128174
vt 0.114502 0.126953
vt 0.115234 0.131592
vt 0.117676 0.132812
vt 0.533447 0.798584
vt 0.526855 0.800049
vt 0.530029 0.790283
vt 0.539551 0.792725
vt 0.519531 0.800537
vt 0.454834 0.806396
vt 0.528320 0.807129
vt 0.533691 0.801514
vt 0.533691 0.807129
vt 0.538330 0.802490
vt 0.528320 0.813965
vt 0.535889 0.811035
vt 0.580566 0.853760
vt 0.817871 0.527344
vt 0.824219 0.528320
vt 0.823486 0.531738
vt 0.900879 0.529053
vt 0.112793 0.371826
vt 0.118164 0.386963
vt 0.108398 0.378174
vt 0.124512 0.376465
vt 0.124268 0.400635
vt 0.115723 0.396973
vt 0.124756 0.411133
vt 0.116211 0.422363
vt 0.119385 0.422607
vt 0.104980 0.410400
vt 0.103516 0.432129
vt 0.082520 0.431641
vt 0.093750 0.380127
vt 0.101807 0.369141
vt 0.117432 0.365234
vt 0.140625 0.343506
vt 0.108398 0.356201
vt 0.130859 0.336426
vt 0.133057 0.326904
vt 0.147461 0.330566
vt 0.121094 0.327637
vt 0.114990 0.303223
vt 0.122803 0.319824
vt 0.162354 0.301270
vt 0.141846 0.255371
vt 0.113037 0.309814
vt 0.071777 0.288330
vt 0.073975 0.233154
vt 0.099609 0.302734
vt 0.083008 0.295898
vt 0.094971 0.308838
vt 0.108398 0.322510
vt 0.024658 0.288818
vt 0.015625 0.259277
vt 0.063721 0.294922
vt 0.046387 0.294678
vt 0.031494 0.294434
vt 0.019043 0.296631
vt 0.029785 0.301514
vt 0.016357 0.305176
vt 0.011719 0.340576
vt 0.044189 0.304932
vt 0.025146 0.334961
vt 0.013428 0.346436
vt 0.062012 0.301758
vt 0.040527 0.333252
vt 0.077637 0.307861
vt 0.055176 0.331787
vt 0.083984 0.342041
vt 0.070557 0.335449
vt 0.052979 0.339600
vt 0.039551 0.341309
vt 0.067627 0.345703
vt 0.052979 0.343994
vt 0.082031 0.349854
vt 0.026123 0.342041
vt 0.028320 0.347168
vt 0.014893 0.349609
vt 0.005127 0.353027
vt 0.040527 0.347168
vt 0.079102 0.353516
vt 0.090088 0.360840
vt 0.073730 0.366455
vt 0.093506 0.355469
vt 0.096191 0.348145
vt 0.104248 0.364014
vt 0.081055 0.375977
vt 0.060791 0.366455
vt 0.048584 0.363770
vt 0.097168 0.394775
vt 0.072021 0.376709
vt 0.096191 0.404053
vt 0.087158 0.389160
vt 0.081787 0.383301
vt 0.084717 0.391846
vt 0.096924 0.415283
vt 0.072754 0.380859
vt 0.061279 0.371582
vt 0.056396 0.373047
vt 0.048584 0.368896
vt 0.037598 0.369385
vt 0.030273 0.364258
vt 0.038086 0.372314
vt 0.011230 0.386719
vt 0.030029 0.373779
vt 0.022217 0.377197
vt 0.025146 0.379883
vt 0.021484 0.386475
vt 0.025879 0.385254
vt 0.016113 0.392334
vt 0.019775 0.403809
vt 0.024414 0.417236
vt 0.022705 0.402344
vt 0.024658 0.401123
vt 0.027588 0.411621
vt 0.036133 0.418213
vt 0.038086 0.422363
vt 0.049072 0.436523
vt 0.035645 0.405029
vt 0.052734 0.428223
vt 0.071533 0.429932
vt 0.064941 0.427490
vt 0.054443 0.426758
vt 0.079346 0.422852
vt 0.090088 0.422363
vt 0.087158 0.418701
vt 0.082275 0.418701
vt 0.093750 0.406250
vt 0.074219 0.395020
vt 0.075684 0.412109
vt 0.067383 0.416748
vt 0.078857 0.405029
vt 0.069092 0.396729
vt 0.072754 0.404541
vt 0.062744 0.387451
vt 0.060303 0.391113
vt 0.070801 0.410889
vt 0.063721 0.415039
vt 0.053711 0.383789
vt 0.052979 0.386963
vt 0.043213 0.383301
vt 0.035645 0.389893
vt 0.045898 0.387451
vt 0.040039 0.392578
vt 0.039062 0.398193
vt 0.034424 0.397217
vt 0.041748 0.406006
vt 0.048096 0.412109
vt 0.054688 0.414795
vt 0.046387 0.415039
vt 0.057861 0.418701
vt 0.998291 0.025635
vt 0.994629 0.033447
vt 0.994385 0.025635
vt 0.980713 0.026123
vt 0.994629 0.017822
vt 0.979248 0.033936
vt 0.999512 0.019043
vt 1.000000 0.011719
vt 0.996582 0.010254
vt 0.999023 0.003418
vt 0.979004 0.010498
vt 0.978027 0.003174
vt 0.979248 0.018066
vt 0.975342 0.010986
vt 0.974365 0.003906
vt 0.969971 0.010254
vt 0.975586 0.018555
vt 0.975342 0.030273
vt 0.976807 0.026367
vt 0.027344 0.466553
vt 0.029541 0.463135
vt 0.038818 0.472656
vt 0.043945 0.466797
vt 0.036133 0.477051
vt 0.054932 0.477295
vt 0.077393 0.462646
vt 0.072021 0.448242
vt 0.049805 0.481689
vt 0.065186 0.488281
vt 0.046387 0.485596
vt 0.035645 0.492188
vt 0.058594 0.491455
vt 0.055176 0.494629
vt 0.046387 0.514404
vt 0.065186 0.518311
vt 0.051270 0.531982
vt 0.063721 0.504395
vt 0.072266 0.500977
vt 0.069580 0.516602
vt 0.066162 0.541260
vt 0.045654 0.560303
vt 0.069580 0.528809
vt 0.076660 0.514160
vt 0.100342 0.506348
vt 0.083008 0.526611
vt 0.117188 0.525635
vt 0.099121 0.490479
vt 0.075684 0.540527
vt 0.088867 0.476807
vt 0.101074 0.483643
vt 0.110352 0.479980
vt 0.092773 0.472412
vt 0.097168 0.472168
vt 0.120361 0.472656
vt 0.084961 0.458252
vt 0.081299 0.437012
vt 0.078857 0.445801
vt 0.070557 0.542480
vt 0.074951 0.561523
vt 0.093262 0.543945
vt 0.065186 0.554932
vt 0.069580 0.557129
vt 0.070068 0.573486
vt 0.090820 0.580811
vt 0.061523 0.568848
vt 0.044678 0.575684
vt 0.030762 0.587158
vt 0.038818 0.583984
vt 0.074219 0.599854
vt 0.054199 0.578857
vt 0.060059 0.582764
vt 0.047363 0.589111
vt 0.036621 0.596680
vt 0.038574 0.602051
vt 0.059082 0.607666
vt 0.054443 0.625000
vt 0.060547 0.625732
vt 0.070312 0.608398
vt 0.078613 0.613525
vt 0.072754 0.612549
vt 0.064209 0.616211
vt 0.062744 0.633301
vt 0.135498 0.925293
vt 0.122070 0.915771
vt 0.137695 0.920166
vt 0.151367 0.931641
vt 0.151611 0.924316
vt 0.147949 0.919678
vt 0.125244 0.912598
vt 0.163818 0.925781
vt 0.166260 0.932373
vt 0.157227 0.965576
vt 0.179443 0.922852
vt 0.200195 0.911133
vt 0.195312 0.918701
vt 0.190918 0.926758
vt 0.194092 0.946533
vt 0.211426 0.914551
vt 0.931641 0.918945
vt 0.918213 0.913330
vt 0.951904 0.895752
vt 0.944092 0.882568
vt 0.914795 0.952881
vt 0.928955 0.949707
vt 0.947266 0.943115
vt 0.946289 0.924072
vt 0.959229 0.909912
vt 0.953125 0.049561
vt 0.954834 0.065430
vt 0.922852 0.047607
vt 0.942871 0.036865
vt 0.921143 0.056885
vt 0.954346 0.108398
vt 0.881348 0.048340
vt 0.852295 0.076172
vt 0.890137 0.032959
vt 0.922363 0.035156
vt 0.903076 0.024414
vt 0.926025 0.019287
vt 0.951172 0.019043
vt 0.943848 0.002197
vt 0.473145 0.855225
vt 0.473145 0.870605
vt 0.447021 0.860107
vt 0.472412 0.883789
vt 0.438477 0.870117
vt 0.456787 0.848877
vt 0.472900 0.833740
vt 0.435303 0.834473
vt 0.422363 0.836426
vt 0.342041 0.873779
vt 0.449951 0.833008
vt 0.456299 0.817627
vt 0.472656 0.809814
vt 0.009277 0.431641
vt 0.015137 0.427734
vt 0.017334 0.441895
vt 0.020996 0.424805
vt 0.010254 0.439697
vt 0.009277 0.452881
vt 0.005371 0.447021
vt 0.023682 0.442871
vt 0.055908 0.450928
vt 0.013184 0.458008
vt 0.948242 0.239990
vt 0.927246 0.180664
vt 0.945557 0.178223
vt 0.969238 0.232666
vt 0.966553 0.170898
vt 0.987305 0.230225
vt 0.819824 0.817871
vt 0.832031 0.830566
vt 0.812256 0.838867
vt 0.824707 0.853271
vt 0.759521 0.871338
vt 0.890137 0.858154
vt 0.887451 0.873779
vt 0.025146 0.927490
vt 0.019775 0.911377
vt 0.041016 0.922119
vt 0.035889 0.906250
vt 0.097656 0.904053
vt 0.291016 0.971680
vt 0.293945 0.968994
vt 0.294922 0.974854
vt 0.283203 0.966309
vt 0.274658 0.974365
vt 0.288086 0.962891
vt 0.295654 0.983643
vt 0.273682 0.999756
vt 0.300293 0.999512
vt 0.300537 0.967041
vt 0.295410 0.961182
vt 0.298828 0.971924
vt 0.298340 0.979248
vt 0.300537 0.983154
vt 0.306885 0.998291
vt 0.301514 0.977295
vt 0.309326 0.979004
vt 0.315674 0.996094
vt 0.305908 0.972168
vt 0.313477 0.976318
vt 0.319580 0.994385
vt 0.307861 0.967285
vt 0.313232 0.965820
vt 0.302002 0.960938
vt 0.856689 0.897949
vt 0.851562 0.890625
vt 0.857422 0.889404
vt 0.857178 0.883545
vt 0.851074 0.883301
vt 0.865967 0.878174
vt 0.864014 0.882812
vt 0.864014 0.888428
vt 0.864502 0.895020
vt 0.863281 0.902344
vt 0.870117 0.883301
vt 0.898926 0.890381
vt 0.873291 0.892822
vt 0.874023 0.898438
vt 0.874512 0.904541
vt 0.869385 0.914551
vt 0.897705 0.897461
vt 0.925781 0.876953
vt 0.905762 0.866699
vt 0.929688 0.882324
vt 0.902100 0.903320
vt 0.931152 0.886963
vt 0.895752 0.909424
vt 0.911377 0.921387
vt 0.892090 0.928711
vt 0.909912 0.953125
vt 0.868164 0.921875
vt 0.866943 0.945068
vt 0.888428 0.957764
vt 0.866211 0.951904
vt 0.890381 0.942139
vt 0.866455 0.934814
vt 0.823975 0.937744
vt 0.823242 0.942383
vt 0.864502 0.957764
vt 0.783447 0.941650
vt 0.822998 0.927979
vt 0.865234 0.927490
vt 0.782715 0.946777
vt 0.783203 0.931152
vt 0.821533 0.947510
vt 0.821533 0.954346
vt 0.781494 0.952148
vt 0.780518 0.959473
vt 0.821777 0.921631
vt 0.782715 0.925293
vt 0.822510 0.916260
vt 0.783203 0.920166
vt 0.783691 0.912598
vt 0.820557 0.908447
vt 0.819336 0.904297
vt 0.781738 0.908447
vt 0.810303 0.882324
vt 0.771729 0.888916
vt 0.716064 0.086670
vt 0.713623 0.063721
vt 0.717529 0.060791
vt 0.722168 0.060303
vt 0.715332 0.015625
vt 0.720459 0.085449
vt 0.723877 0.017334
vt 0.729736 0.060059
vt 0.729004 0.085693
vt 0.728760 0.017578
vt 0.733643 0.060547
vt 0.734131 0.085938
vt 0.756104 0.016113
vt 0.757080 0.063965
vt 0.763916 0.062012
vt 0.062744 0.861328
vt 0.070557 0.841553
vt 0.099609 0.867432
vt 0.106201 0.848877
vt 0.072021 0.836670
vt 0.148438 0.862549
vt 0.145020 0.881836
vt 0.107910 0.844727
vt 0.148926 0.857666
vt 0.174316 0.871094
vt 0.172852 0.889160
vt 0.175049 0.865723
vt 0.108887 0.836182
vt 0.073975 0.826904
vt 0.150635 0.849609
vt 0.175537 0.857666
vt 0.109619 0.830566
vt 0.075439 0.820557
vt 0.077881 0.812988
vt 0.151611 0.843262
vt 0.113037 0.824463
vt 0.177246 0.852783
vt 0.154541 0.837402
vt 0.116211 0.814209
vt 0.082031 0.800537
vt 0.178711 0.847656
vt 0.118652 0.808105
vt 0.083740 0.795166
vt 0.157715 0.827881
vt 0.183594 0.837891
vt 0.195557 0.854980
vt 0.119629 0.802002
vt 0.086182 0.788574
vt 0.160156 0.822510
vt 0.123779 0.794678
vt 0.089600 0.781006
vt 0.161865 0.817627
vt 0.166748 0.811523
vt 0.185059 0.832520
vt 0.187988 0.828857
vt 0.192139 0.822510
vt 0.201660 0.840088
vt 0.199219 0.845947
vt 0.203857 0.835693
vt 0.208984 0.842773
vt 0.205566 0.849365
vt 0.210938 0.835693
vt 0.209961 0.851807
vt 0.207031 0.829346
vt 0.211182 0.830566
vt 0.209473 0.827393
vt 0.201172 0.857666
vt 0.205078 0.862061
vt 0.191895 0.859131
vt 0.197754 0.863525
vt 0.190186 0.863770
vt 0.198730 0.870605
vt 0.202637 0.872314
vt 0.194336 0.869385
vt 0.188232 0.871338
vt 0.196533 0.874756
vt 0.198975 0.878418
vt 0.192139 0.873047
vt 0.188477 0.875977
vt 0.191162 0.889893
vt 0.856445 0.991455
vt 0.862549 0.989014
vt 0.864502 0.993408
vt 0.858398 0.996094
vt 0.867188 0.990234
vt 0.865967 0.984619
vt 0.870361 0.987305
vt 0.869873 0.994873
vt 0.872803 0.991455
vt 0.874512 0.997314
vt 0.865723 0.997070
vt 0.859619 1.000000
vt 0.686279 0.957031
vt 0.685547 0.953857
vt 0.699219 0.956055
vt 0.700684 0.952881
vt 0.682129 0.955078
vt 0.711426 0.959229
vt 0.714111 0.956543
vt 0.697266 0.978271
vt 0.682861 0.958740
vt 0.679443 0.957031
vt 0.715332 0.961182
vt 0.717529 0.958740
vt 0.680664 0.961182
vt 0.676025 0.961182
vt 0.678955 0.964844
vt 0.676758 0.968262
vt 0.673340 0.966797
vt 0.718018 0.963379
vt 0.719727 0.961670
vt 0.711914 0.979980
vt 0.719727 0.966064
vt 0.722168 0.965088
vt 0.720947 0.970215
vt 0.723389 0.971191
vt 0.719238 0.974121
vt 0.721191 0.977295
vt 0.717285 0.978760
vt 0.718506 0.981201
vt 0.714844 0.981201
vt 0.715576 0.984131
vt 0.711182 0.983887
vt 0.697998 0.981689
vt 0.684326 0.983154
vt 0.683838 0.979248
vt 0.679688 0.981689
vt 0.680176 0.978516
vt 0.676514 0.978516
vt 0.676270 0.972900
vt 0.677490 0.976074
vt 0.672852 0.974365
vt 0.989502 0.876221
vt 0.988770 0.891357
vt 0.984375 0.875977
vt 0.987549 0.862061
vt 0.984131 0.862793
vt 0.985840 0.858154
vt 0.983887 0.888672
vt 0.982666 0.860352
vt 0.983398 0.854980
vt 0.981689 0.863525
vt 0.982422 0.876953
vt 0.982422 0.892090
vt 0.987061 0.894775
vt 0.981445 0.888428
vt 0.976318 0.865723
vt 0.980225 0.894775
vt 0.985596 0.897949
vt 0.978760 0.893066
vt 0.977295 0.896729
vt 0.979736 0.900635
vt 0.974365 0.902588
vt 0.978760 0.876465
vt 0.975342 0.887939
vt 0.972412 0.894287
vt 0.972900 0.897217
vt 0.965820 0.901611
vt 0.968506 0.896729
vt 0.968994 0.888184
vt 0.965820 0.893311
vt 0.965820 0.895752
vt 0.962402 0.898193
vt 0.959229 0.895264
vt 0.962891 0.892578
vt 0.957520 0.891357
vt 0.963135 0.889648
vt 0.961426 0.889893
vt 0.956299 0.876953
vt 0.962402 0.876953
vt 0.966309 0.877686
vt 0.959961 0.876953
vt 0.958008 0.863037
vt 0.964600 0.864990
vt 0.972168 0.877197
vt 0.961914 0.864014
vt 0.959229 0.859375
vt 0.969971 0.865723
vt 0.963135 0.860840
vt 0.965088 0.858154
vt 0.961914 0.856201
vt 0.967041 0.860352
vt 0.967773 0.856934
vt 0.965576 0.853760
vt 0.972168 0.858887
vt 0.972168 0.855225
vt 0.971436 0.852295
vt 0.976562 0.856445
vt 0.978027 0.852539
vt 0.979004 0.859863
vt 0.979736 0.857910
vt 0.965088 0.772461
vt 0.965332 0.748779
vt 0.975586 0.749023
vt 0.972412 0.732910
vt 0.958496 0.746582
vt 0.986328 0.746094
vt 0.959229 0.771729
vt 0.973877 0.776611
vt 0.964111 0.779785
vt 0.960693 0.779297
vt 0.957520 0.780273
vt 0.964844 0.792969
vt 0.967773 0.780273
vt 0.972900 0.782227
vt 0.977295 0.783936
vt 0.981689 0.785889
vt 0.980957 0.779053
vt 0.986328 0.780762
vt 0.033691 0.645020
vt 0.014404 0.651123
vt 0.017334 0.645752
vt 0.000000 0.625000
vt 0.004883 0.622803
vt 0.001709 0.615967
vt 0.024658 0.641846
vt 0.019287 0.611084
vt 0.048828 0.631592
vt 0.005615 0.614502
vt 0.003662 0.602539
vt 0.009033 0.617676
vt 0.013428 0.614502
vt 0.010254 0.611572
vt 0.014404 0.608398
vt 0.017578 0.605225
vt 0.020020 0.601562
vt 0.022949 0.606445
vt 0.026123 0.601807
vt 0.161377 0.017578
vt 0.159912 0.020508
vt 0.158203 0.018555
vt 0.159668 0.015625
vt 0.156494 0.016602
vt 0.168213 0.018555
vt 0.161865 0.019043
vt 0.163574 0.025146
vt 0.166016 0.023438
vt 0.175293 0.021484
vt 0.168213 0.031250
vt 0.172607 0.027588
vt 0.173584 0.038086
vt 0.177490 0.036133
vt 0.179932 0.039307
vt 0.179443 0.035400
vt 0.180908 0.038330
vt 0.176025 0.041504
vt 0.187500 0.053467
vt 0.970215 0.444092
vt 0.967285 0.444824
vt 0.968994 0.440186
vt 0.973145 0.440430
vt 0.966064 0.440918
vt 0.977295 0.435303
vt 0.969238 0.434326
vt 0.964600 0.434570
vt 0.968994 0.427490
vt 0.964600 0.427979
vt 0.963623 0.417236
vt 0.967773 0.416748
vt 0.975586 0.417480
vt 0.976074 0.426025
vt 0.977539 0.427979
vt 0.980713 0.435059
vt 0.983643 0.428955
vt 0.983154 0.427734
vt 0.978516 0.427002
vt 0.976807 0.425537
vt 0.976318 0.417480
vt 0.975830 0.412354
vt 0.986084 0.413818
vt 0.985596 0.426514
vt 0.987061 0.426270
vt 0.987305 0.413330
vt 0.005371 0.501465
vt 0.002441 0.500000
vt 0.011719 0.494141
vt 0.007812 0.492920
vt 0.013428 0.503418
vt 0.010254 0.485596
vt 0.018066 0.497559
vt 0.013672 0.487305
vt 0.013916 0.479980
vt 0.018311 0.498779
vt 0.016602 0.481445
vt 0.018066 0.476318
vt 0.020020 0.488525
vt 0.020264 0.498047
vt 0.026367 0.500488
vt 0.020508 0.503906
vt 0.019287 0.496826
vt 0.025391 0.498779
vt 0.027588 0.500244
vt 0.025635 0.497559
vt 0.029053 0.496338
vt 0.030273 0.498535
vt 0.033936 0.503906
vt 0.025146 0.490234
vt 0.028076 0.489258
vt 0.025391 0.482910
vt 0.028076 0.481689
vt 0.023682 0.479004
vt 0.025635 0.478027
vt 0.020508 0.482178
vt 0.022461 0.478516
vt 0.021729 0.476318
vt 0.020020 0.478516
vt 0.151855 0.985596
vt 0.144775 0.987549
vt 0.137939 0.985596
vt 0.217773 0.993652
vt 0.215332 0.995117
vt 0.215576 0.993164
vt 0.211426 1.000000
vt 0.202637 0.996094
vt 0.215088 0.991211
vt 0.214600 0.987793
vt 0.204590 0.992920
vt 0.205322 0.989746
vt 0.202881 0.994385
vt 0.204590 0.990723
vt 0.201904 0.993652
vt 0.201904 0.990234
vt 0.201904 0.988770
vt 0.200684 0.988281
vt 0.199951 0.990479
vt 0.198242 0.991211
vt 0.200684 0.995361
vt 0.201172 0.996338
vt 0.199463 0.995117
vt 0.199951 0.992920
vt 0.752197 0.984375
vt 0.747070 0.982422
vt 0.751953 0.982422
vt 0.752197 0.980469
vt 0.757568 0.983398
vt 0.757812 0.981689
vt 0.762695 0.981201
vt 0.757324 0.984863
vt 0.761475 0.987549
vt 0.762451 0.986084
vt 0.762695 0.984619
vt 0.764893 0.986084
vt 0.762939 0.983398
vt 0.764160 0.982666
vt 0.765381 0.983643
vt 0.765625 0.984863
vt 0.768066 0.984863
vt 0.946777 0.563477
vt 0.948242 0.560547
vt 0.948975 0.562012
vt 0.950684 0.561523
vt 0.978027 0.568848
vt 0.954834 0.556885
vt 0.946533 0.560791
vt 0.916748 0.569824
vt 0.950684 0.556885
vt 0.950195 0.555664
vt 0.953613 0.546143
vt 0.956055 0.546143
vt 0.172363 0.968262
vt 0.145264 0.981201
vt 0.169678 0.965820
vt 0.198730 0.979492
vt 0.175049 0.966797
vt 0.174072 0.965820
vt 0.172119 0.967041
vt 0.172119 0.958740
vt 0.171875 0.951172
vt 0.171143 0.942139
vt 0.881836 0.984863
vt 0.880127 0.985352
vt 0.877686 0.981689
vt 0.873047 0.980713
vt 0.193848 0.987305
vt 0.177246 0.987305
vt 0.189697 0.985840
vt 0.138428 0.996338
vt 0.136230 1.000000
vt 0.133545 0.998779
vt 0.136719 0.994873
vt 0.140137 0.991943
vt 0.135254 0.994385
vt 0.139404 0.991943
vt 0.127686 0.996094
vt 0.805664 0.987061
vt 0.804443 0.989502
vt 0.802734 0.987549
vt 0.800049 0.988037
vt 0.800293 0.984375
vt 0.803467 0.986572
vt 0.803955 0.985107
vt 0.805420 0.983154
vt 0.806152 0.985840
vt 0.811279 0.984131
vt 0.812988 0.982910
vt 0.811523 0.986084
vt 0.817627 0.986084
vt 0.814941 0.987549
vt 0.810791 0.987061
vt 0.814453 0.990723
vt 0.818359 0.987305
vt 0.813721 0.988525
vt 0.810303 0.989258
vt 0.810547 0.991211
vt 0.803711 0.991943
vt 0.812500 0.992188
vt 0.811768 0.994385
vt 0.172607 0.987061
vt 0.172363 0.989014
vt 0.170166 0.988281
vt 0.169189 0.990967
vt 0.170410 0.985596
vt 0.164062 0.987305
vt 0.164551 0.988037
vt 0.165039 0.989502
vt 0.165039 0.991699
vt 0.162109 0.991211
vt 0.161133 0.989502
vt 0.156738 0.990723
vt 0.160645 0.987793
vt 0.160156 0.985840
vt 0.905029 0.354492
vt 0.908936 0.354492
vt 0.912842 0.361084
vt 0.909912 0.347900
vt 0.922607 0.353516
vt 0.927002 0.358398
vt 0.922852 0.347412
vt 0.925781 0.352783
vt 0.929932 0.363281
vt 0.930664 0.356934
vt 0.928223 0.351807
vt 0.932861 0.361816
vt 0.930420 0.351074
vt 0.926270 0.346436
vt 0.934082 0.357422
vt 0.940674 0.362793
vt 0.941895 0.354736
vt 0.928223 0.343018
vt 0.924561 0.340820
vt 0.921631 0.341064
vt 0.934814 0.343750
vt 0.927002 0.334229
vt 0.925049 0.333984
vt 0.925537 0.327637
vt 0.921631 0.333984
vt 0.907959 0.341064
vt 0.907227 0.333984
vt 0.904053 0.345947
vt 0.903809 0.338867
vt 0.898438 0.339600
vt 0.904297 0.330078
vt 0.902588 0.326416
vt 0.906250 0.324707
vt 0.908447 0.326172
vt 0.907471 0.319092
vt 0.910400 0.319092
vt 0.922363 0.326904
vt 0.907715 0.312012
vt 0.891602 0.300293
vt 0.869873 0.317627
vt 0.905273 0.367920
vt 0.904785 0.303711
vt 0.906982 0.307373
vt 0.910889 0.305664
vt 0.913086 0.312012
vt 0.930420 0.307861
vt 0.924316 0.320312
vt 0.927246 0.313965
vt 0.930420 0.315186
vt 0.934814 0.311523
vt 0.938721 0.308350
vt 0.927979 0.321045
vt 0.931885 0.316162
vt 0.940186 0.310303
vt 0.945801 0.308105
vt 0.927734 0.328125
vt 0.930420 0.322266
vt 0.939453 0.318604
vt 0.945557 0.309814
vt 0.952148 0.309570
vt 0.951660 0.311279
vt 0.956543 0.310791
vt 0.950928 0.315674
vt 0.962158 0.332275
vt 0.933594 0.334717
vt 0.936279 0.326660
vt 0.936523 0.331543
vt 0.940186 0.323242
vt 0.937744 0.331055
vt 0.942139 0.319336
vt 0.936035 0.335693
vt 0.935059 0.340576
vt 0.946045 0.317627
vt 0.942871 0.321045
vt 0.945312 0.322266
vt 0.947998 0.320801
vt 0.953125 0.320557
vt 0.954346 0.323730
vt 0.957520 0.327637
vt 0.956543 0.327881
vt 0.959473 0.333008
vt 0.960205 0.338379
vt 0.958984 0.342529
vt 0.951904 0.328613
vt 0.954590 0.331299
vt 0.956055 0.336182
vt 0.953613 0.332275
vt 0.947510 0.327637
vt 0.951416 0.330566
vt 0.954834 0.336670
vt 0.948975 0.329834
vt 0.943848 0.330078
vt 0.946289 0.330566
vt 0.944336 0.335205
vt 0.942139 0.334717
vt 0.945068 0.338867
vt 0.938232 0.339600
vt 0.943359 0.339600
vt 0.937744 0.342529
vt 0.941406 0.346924
vt 0.939209 0.345703
vt 0.939453 0.348877
vt 0.941650 0.349121
vt 0.944092 0.351562
vt 0.947510 0.351807
vt 0.947266 0.355225
vt 0.953613 0.357178
vt 0.945801 0.344971
vt 0.946045 0.342285
vt 0.947998 0.344482
vt 0.948975 0.347412
vt 0.953125 0.352539
vt 0.950928 0.344971
vt 0.953613 0.346191
vt 0.953613 0.343750
vt 0.954834 0.341553
vt 0.952393 0.354980
vt 0.956299 0.342041
vt 0.955811 0.352051
vt 0.957764 0.350342
vt 0.960449 0.352783
vt 0.948242 0.363525
vt 0.944336 0.365967
vt 0.949951 0.366943
vt 0.938965 0.364258
vt 0.936279 0.366699
vt 0.941895 0.370117
vt 0.945557 0.371826
vt 0.919678 0.371094
vt 0.914795 0.366943
vt 0.910645 0.368408
vt 0.915771 0.373291
vt 0.907471 0.363037
vt 0.915527 0.377686
vt 0.985840 0.640381
vt 0.992920 0.641846
vt 0.986572 0.643311
vt 0.979980 0.645020
vt 0.988281 0.655029
vt 0.994385 0.657227
vt 0.988525 0.659668
vt 0.979492 0.641846
vt 0.981445 0.657471
vt 0.981934 0.660400
vt 0.978271 0.662354
vt 0.975586 0.661133
vt 0.969971 0.662354
vt 0.973877 0.656738
vt 0.973389 0.645020
vt 0.973145 0.642090
vt 0.967041 0.646973
vt 0.968018 0.657959
vt 0.967773 0.642334
vt 0.967285 0.640137
vt 0.961914 0.643799
vt 0.962402 0.639893
vt 0.730713 0.868896
vt 0.707520 0.853271
vt 0.719971 0.855713
vt 0.734131 0.856934
vt 0.723633 0.848145
vt 0.710449 0.847656
vt 0.715576 0.838135
vt 0.735840 0.812500
vt 0.726074 0.804199
vt 0.704102 0.833008
vt 0.697754 0.843994
vt 0.674561 0.840820
vt 0.604248 0.869385
vt 0.712402 0.802734
vt 0.612549 0.828857
vt 0.712891 0.794922
vt 0.723877 0.791748
vt 0.699219 0.800781
vt 0.689453 0.832275
vt 0.684326 0.839355
vt 0.705811 0.788818
vt 0.732178 0.784424
vt 0.701416 0.778076
vt 0.699951 0.793701
vt 0.684570 0.798584
vt 0.673828 0.834229
vt 0.676025 0.827881
vt 0.685303 0.792480
vt 0.669189 0.795410
vt 0.661865 0.829346
vt 0.662354 0.823730
vt 0.651123 0.827148
vt 0.650146 0.819824
vt 0.635010 0.823975
vt 0.621338 0.822266
vt 0.609863 0.821777
vt 0.599365 0.823486
vt 0.621826 0.814453
vt 0.635986 0.816650
vt 0.609863 0.813477
vt 0.597900 0.813721
vt 0.616943 0.776611
vt 0.629639 0.779297
vt 0.641846 0.789551
vt 0.655273 0.790283
vt 0.644775 0.782227
vt 0.634033 0.773438
vt 0.624756 0.766113
vt 0.659424 0.785156
vt 0.648682 0.777100
vt 0.635986 0.765137
vt 0.650635 0.765869
vt 0.672119 0.775391
vt 0.665039 0.782715
vt 0.672363 0.787598
vt 0.685791 0.788818
vt 0.687744 0.778320
vt 0.694092 0.773438
vt 0.682129 0.772461
vt 0.674561 0.768555
vt 0.684326 0.770264
vt 0.973389 0.716553
vt 0.986816 0.704346
vt 0.992676 0.714844
vt 0.960693 0.715820
vt 0.973145 0.722900
vt 0.993652 0.727051
vt 0.964600 0.728271
vt 0.950439 0.270508
vt 0.958008 0.286621
vt 0.944824 0.298828
vt 0.938232 0.282227
vt 0.895996 0.271240
vt 0.898438 0.295166
vt 0.834961 0.993164
vt 0.837402 0.982178
vt 0.839355 0.988770
vt 0.837646 0.996826
vt 0.829834 0.996826
vt 0.823486 0.993896
vt 0.832031 0.980469
vt 0.822754 0.988281
vt 0.826172 0.982910
vt 0.823730 0.980469
vt 0.987549 0.328369
vt 0.993164 0.336426
vt 0.984863 0.332031
vt 0.974365 0.328125
vt 0.990479 0.338135
vt 0.992920 0.345215
vt 0.989502 0.343506
vt 0.983398 0.348145
vt 0.975342 0.346191
vt 0.973389 0.348633
vt 0.967529 0.346191
vt 0.970703 0.335938
vt 0.967285 0.336182
vt 0.971191 0.343262
vt 0.740723 0.986328
vt 0.743164 0.989502
vt 0.739502 0.993164
vt 0.742432 0.993408
vt 0.747070 0.994629
vt 0.748291 0.990723
vt 0.737793 0.991211
vt 0.736328 0.995605
vt 0.732666 0.995605
vt 0.727295 0.991943
vt 0.726074 0.994385
vt 0.723633 0.986328
vt 0.739014 0.980713
vt 0.722168 0.988281
vt 0.037598 0.846191
vt 0.040283 0.844238
vt 0.039062 0.848389
vt 0.045410 0.844727
vt 0.037598 0.852295
vt 0.044189 0.852783
vt 0.042969 0.849365
vt 0.050049 0.850586
vt 0.048584 0.849365
vt 0.052002 0.845459
vt 0.054199 0.846436
vt 0.055664 0.852295
vt 0.057861 0.841797
vt 0.064453 0.840332
vt 0.053223 0.841797
vt 0.050293 0.837646
vt 0.050537 0.843262
vt 0.047363 0.839844
vt 0.118164 0.985596
vt 0.123535 0.985596
vt 0.118408 0.989258
vt 0.123779 0.989258
vt 0.123047 0.991699
vt 0.129883 0.987061
vt 0.908203 0.122803
vt 0.913818 0.116943
vt 0.915527 0.120117
vt 0.912598 0.113037
vt 0.920166 0.115479
vt 0.915527 0.128906
vt 0.918945 0.127197
vt 0.913574 0.135254
vt 0.939453 0.118896
vt 0.922852 0.139893
vt 0.917969 0.141602
vt 0.925781 0.145264
vt 0.924561 0.137695
vt 0.935547 0.143799
vt 0.933594 0.147705
vt 0.941406 0.147217
vt 0.934326 0.141602
vt 0.951416 0.142822
vt 0.949463 0.146973
vt 0.944092 0.142822
vt 0.956787 0.145020
vt 0.954590 0.137695
vt 0.961670 0.126221
vt 0.959229 0.137451
vt 0.962891 0.140625
vt 0.958740 0.117188
vt 0.962891 0.130615
vt 0.966797 0.132812
vt 0.964844 0.125000
vt 0.969727 0.125488
vt 0.964600 0.119141
vt 0.966797 0.114990
vt 0.944336 0.590332
vt 0.942871 0.584229
vt 0.945068 0.585693
vt 0.951416 0.579590
vt 0.950439 0.575928
vt 0.959229 0.573730
vt 0.951416 0.583252
vt 0.958008 0.578857
vt 0.965820 0.575195
vt 0.956543 0.586426
vt 0.961182 0.581543
vt 0.951172 0.608154
vt 0.965088 0.579834
vt 0.972900 0.579834
vt 0.972900 0.583740
vt 0.977539 0.586182
vt 0.972656 0.614502
vt 0.964355 0.623779
vt 0.959717 0.585938
vt 0.979248 0.593506
vt 0.981934 0.591797
vt 0.972412 0.586426
vt 0.984619 0.598389
vt 0.971191 0.590820
vt 0.979004 0.596924
vt 0.982422 0.602539
vt 0.987305 0.605469
vt 0.976074 0.601318
vt 0.980469 0.608398
vt 0.982422 0.611816
vt 0.987305 0.612793
vt 0.977051 0.616699
vt 0.973389 0.621338
vt 0.981201 0.618164
vt 0.985840 0.621826
vt 0.977783 0.623535
vt 0.981934 0.627686
vt 0.970703 0.625732
vt 0.971924 0.632324
vt 0.973389 0.627930
vt 0.134033 0.016357
vt 0.130127 0.011963
vt 0.138916 0.006836
vt 0.128174 0.004395
vt 0.127930 0.016602
vt 0.136719 0.021484
vt 0.187256 0.066895
vt 0.130371 0.022949
vt 0.124512 0.018555
vt 0.124512 0.012207
vt 0.121826 0.023438
vt 0.120361 0.018555
vt 0.063965 0.023682
vt 0.874023 0.538818
vt 0.879883 0.534668
vt 0.880371 0.537842
vt 0.955078 0.537354
vt 0.745605 0.970215
vt 0.804688 0.970215
vt 0.744873 0.971924
vt 0.416016 0.972412
vt 0.424072 0.976318
vt 0.415527 0.977295
vt 0.423096 0.972412
vt 0.431152 0.974609
vt 0.431641 0.978271
vt 0.424561 0.979736
vt 0.402832 0.968750
vt 0.415039 0.982178
vt 0.399170 0.973145
vt 0.396729 0.978027
vt 0.385986 0.964844
vt 0.390381 0.961426
vt 0.393066 0.959961
vt 0.949951 0.692383
vt 0.955811 0.690186
vt 0.955322 0.697266
vt 0.950439 0.699707
vt 0.947754 0.700195
vt 0.944336 0.702881
vt 0.950928 0.702881
vt 0.951172 0.705566
vt 0.949219 0.709229
vt 0.957520 0.700684
vt 0.959961 0.693359
vt 0.965576 0.679443
vt 0.958984 0.705078
vt 0.959961 0.708252
vt 0.963379 0.697266
vt 0.974854 0.685059
vt 0.966553 0.700684
vt 0.969971 0.703613
vt 0.980469 0.686768
vt 0.979492 0.669189
vt 0.969727 0.666748
vt 0.984863 0.669434
vt 0.876465 0.578857
vt 0.866455 0.575928
vt 0.875000 0.567383
vt 0.876465 0.551025
vt 0.866699 0.564697
vt 0.871094 0.553223
vt 0.878418 0.561768
vt 0.880127 0.568115
vt 0.885498 0.572021
vt 0.885010 0.582764
vt 0.885254 0.551758
vt 0.861816 0.539307
vt 0.883545 0.562012
vt 0.885742 0.567139
vt 0.893555 0.566895
vt 0.889893 0.580322
vt 0.892090 0.560303
vt 0.911377 0.549072
vt 0.913330 0.556641
vt 0.937500 0.548096
vt 0.937500 0.543945
vt 0.947510 0.545410
vt 0.940430 0.552002
vt 0.915039 0.558838
vt 0.051514 0.981201
vt 0.026611 0.968994
vt 0.030762 0.965332
vt 0.024170 0.939453
vt 0.028320 0.937988
vt 0.022705 0.934082
vt 0.015381 0.938477
vt 0.017822 0.967529
vt 0.007080 0.978760
vt 0.000244 0.979492
vt 0.015625 0.963867
vt 0.971680 0.506836
vt 0.966309 0.510742
vt 0.965576 0.508057
vt 0.961914 0.512451
vt 0.958252 0.517822
vt 0.959961 0.509521
vt 0.972168 0.510010
vt 0.985840 0.513672
vt 0.978760 0.541016
vt 0.977051 0.508789
vt 0.982666 0.508301
vt 0.977051 0.505859
vt 0.934814 0.520508
vt 0.981934 0.502197
vt 0.987305 0.501465
vt 0.982910 0.485107
vt 0.973389 0.490967
vt 0.978271 0.488770
vt 0.976318 0.485596
vt 0.981201 0.481689
vt 0.968262 0.492676
vt 0.978271 0.479492
vt 0.981201 0.476074
vt 0.971680 0.470459
vt 0.973877 0.484131
vt 0.971191 0.487061
vt 0.966309 0.489258
vt 0.963623 0.486328
vt 0.962402 0.495361
vt 0.962158 0.492188
vt 0.960205 0.489990
vt 0.956543 0.496094
vt 0.955811 0.493164
vt 0.955322 0.491455
vt 0.949463 0.493164
vt 0.954590 0.510254
vt 0.949707 0.496826
vt 0.957031 0.514893
vt 0.952881 0.516602
vt 0.949219 0.513428
vt 0.943848 0.517334
vt 0.944092 0.499023
vt 0.942627 0.512939
vt 0.933838 0.517334
vt 0.926514 0.514893
vt 0.918945 0.517578
vt 0.934814 0.514160
vt 0.927490 0.511963
vt 0.921387 0.508789
vt 0.932861 0.499268
vt 0.938965 0.499512
vt 0.927979 0.494873
vt 0.923340 0.490723
vt 0.938965 0.494873
vt 0.934326 0.493896
vt 0.926514 0.487061
vt 0.919922 0.486572
vt 0.931152 0.489502
vt 0.936035 0.489746
vt 0.928955 0.484619
vt 0.923828 0.482422
vt 0.944092 0.493164
vt 0.931152 0.479736
vt 0.944580 0.495605
vt 0.948730 0.490479
vt 0.947021 0.484863
vt 0.931885 0.476074
vt 0.929199 0.474365
vt 0.937988 0.482422
vt 0.934814 0.478271
vt 0.935059 0.476807
vt 0.941895 0.483887
vt 0.938721 0.479736
vt 0.943604 0.481201
vt 0.933105 0.470459
vt 0.947266 0.482178
vt 0.942627 0.479248
vt 0.953125 0.482178
vt 0.950439 0.481201
vt 0.940918 0.474854
vt 0.946533 0.476562
vt 0.952881 0.484131
vt 0.957031 0.483154
vt 0.960938 0.481201
vt 0.960449 0.479248
vt 0.964355 0.478760
vt 0.964844 0.475586
vt 0.964355 0.472656
vt 0.961426 0.474609
vt 0.962402 0.467773
vt 0.955811 0.480225
vt 0.957031 0.469482
vt 0.950684 0.476807
vt 0.954590 0.475586
vt 0.956543 0.473145
vt 0.955322 0.469727
vt 0.952637 0.473877
vt 0.954590 0.471924
vt 0.940674 0.467773
vt 0.949707 0.474854
vt 0.941650 0.472656
vt 0.945068 0.475098
vt 0.942627 0.473633
vt 0.939697 0.470703
vt 0.937988 0.472168
vt 0.937744 0.469482
vt 0.938477 0.467285
vt 0.354980 0.957764
vt 0.367676 0.963135
vt 0.355225 0.963379
vt 0.342041 0.958740
vt 0.348877 0.967285
vt 0.343262 0.965820
vt 0.329590 0.961426
vt 0.331543 0.970947
vt 0.322021 0.978027
vt 0.319336 0.969727
vt 0.958252 0.677246
vt 0.934570 0.694580
vt 0.927002 0.688721
vt 0.949463 0.672119
vt 0.919434 0.681885
vt 0.953369 0.666992
vt 0.941406 0.666016
vt 0.932373 0.660645
vt 0.909912 0.674316
vt 0.944580 0.661865
vt 0.954590 0.664062
vt 0.962402 0.669189
vt 0.944336 0.656250
vt 0.960449 0.652344
vt 0.937744 0.655273
vt 0.951172 0.645996
vt 0.930908 0.647949
vt 0.933105 0.646484
vt 0.944336 0.637939
vt 0.928711 0.635498
vt 0.926025 0.651123
vt 0.925537 0.637451
vt 0.908691 0.665039
vt 0.900391 0.664551
vt 0.904297 0.675781
vt 0.891357 0.695557
vt 0.900879 0.651367
vt 0.883545 0.637695
vt 0.858398 0.694580
vt 0.896240 0.651855
vt 0.921143 0.639893
vt 0.867920 0.612793
vt 0.895508 0.639893
vt 0.891113 0.641846
vt 0.885742 0.634033
vt 0.916992 0.628662
vt 0.889893 0.630127
vt 0.880371 0.623535
vt 0.922363 0.626709
vt 0.875000 0.614990
vt 0.869141 0.606689
vt 0.887695 0.617676
vt 0.880127 0.610596
vt 0.879395 0.601074
vt 0.904297 0.600830
vt 0.899414 0.591553
vt 0.912354 0.618652
vt 0.910156 0.609375
vt 0.916260 0.607910
vt 0.913330 0.599121
vt 0.909912 0.591064
vt 0.920166 0.616943
vt 0.920410 0.608887
vt 0.921387 0.592041
vt 0.925293 0.625977
vt 0.934570 0.616943
vt 0.934326 0.606689
vt 0.939209 0.613770
vt 0.939941 0.624512
vt 0.940430 0.618896
vt 0.943359 0.618408
vt 0.941162 0.607178
vt 0.943115 0.623779
vt 0.944824 0.631836
vt 0.947510 0.637695
vt 0.951660 0.638916
vt 0.956543 0.644287
vt 0.950928 0.625977
vt 0.950928 0.617920
vt 0.982178 0.053467
vt 0.982910 0.057373
vt 0.977051 0.059570
vt 0.978271 0.062256
vt 0.985107 0.058838
vt 0.972900 0.070557
vt 0.973877 0.066650
vt 0.969971 0.070068
vt 0.966797 0.074219
vt 0.967041 0.067383
vt 0.971191 0.062500
vt 0.959961 0.055664
vt 0.971436 0.048828
vt 0.975586 0.043945
vt 0.965332 0.052002
vt 0.963623 0.049316
vt 0.958984 0.052979
vt 0.962158 0.047607
vt 0.968262 0.045654
vt 0.973389 0.041992
vt 0.979492 0.041260
vt 0.971924 0.040283
vt 0.975586 0.039307
vt 0.959229 0.041016
vt 0.966309 0.035156
vt 0.968506 0.030273
vt 0.965576 0.032471
vt 0.967285 0.028564
vt 0.962402 0.037109
vt 0.958008 0.039551
vt 0.955078 0.038574
vt 0.956787 0.037842
vt 0.965332 0.030762
vt 0.961670 0.035400
vt 0.958008 0.035400
vt 0.958496 0.030029
vt 0.954834 0.031494
vt 0.961670 0.026855
vt 0.964844 0.021240
vt 0.960938 0.023193
vt 0.957275 0.029053
vt 0.954346 0.029785
vt 0.958496 0.019775
vt 0.959473 0.026611
vt 0.959717 0.022949
vt 0.958984 0.018799
vt 0.968262 0.820801
vt 0.997803 0.820801
vt 0.997803 0.829102
vt 0.968262 0.812988
vt 0.968262 0.829102
vt 0.959717 0.812988
vt 0.962158 0.162109
vt 0.902344 0.162109
vt 0.902344 0.145264
vt 0.885498 0.162109
vt 0.884766 0.145996
vt 0.008301 0.570312
vt 0.009033 0.516846
vt 0.022461 0.566406
vt 0.037109 0.562500
vt 0.023926 0.512939
vt 0.037354 0.509521
vt 0.976074 0.297363
vt 0.989502 0.301270
vt 0.986328 0.303711
vt 0.973633 0.300537
vt 0.989258 0.305176
vt 0.985596 0.320801
vt 0.983154 0.322510
vt 0.967773 0.323730
vt 0.961426 0.296387
vt 0.958740 0.296143
vt 0.986572 0.323242
vt 0.989746 0.321289
vt 0.988281 0.318604
vt 0.992432 0.319824
vt 0.990479 0.316895
vt 0.993896 0.316406
vt 0.997803 0.318604
vt 0.991943 0.313965
vt 0.996826 0.316162
vt 0.999268 0.318359
vt 0.994141 0.312988
vt 0.991455 0.310303
vt 0.998291 0.311035
vt 0.990723 0.306885
vt 0.996582 0.312012
vt 0.993652 0.309326
vt 0.992676 0.305664
vt 0.996582 0.309326
vt 0.991211 0.302979
vt 0.993896 0.300537
vt 0.994873 0.304932
vt 0.994629 0.302734
vt 0.996338 0.299805
vt 0.996094 0.305420
vt 0.999512 0.302979
vt 0.969482 0.353516
vt 0.981934 0.359375
vt 0.979004 0.362305
vt 0.967529 0.357178
vt 0.967285 0.359131
vt 0.989258 0.367920
vt 0.978760 0.364014
vt 0.975098 0.369629
vt 0.966064 0.364258
vt 0.988037 0.370117
vt 0.985596 0.374023
vt 0.972412 0.375977
vt 0.992676 0.364990
vt 0.984131 0.357178
vt 0.995850 0.363281
vt 0.991699 0.370117
vt 0.995117 0.366455
vt 0.997803 0.364502
vt 0.991211 0.372803
vt 0.993652 0.373291
vt 0.997070 0.369385
vt 0.999756 0.367920
vt 0.998047 0.374023
vt 0.993896 0.376221
vt 0.989990 0.378418
vt 0.982422 0.379150
vt 0.980713 0.384277
vt 0.969727 0.379150
vt 0.962891 0.369385
vt 0.958496 0.364990
vt 0.956787 0.370117
vt 0.959961 0.373291
vt 0.968750 0.380371
vt 0.956543 0.373291
vt 0.955322 0.370605
vt 0.951172 0.374023
vt 0.952637 0.376709
vt 0.958008 0.375000
vt 0.955566 0.378906
vt 0.965332 0.384521
vt 0.953125 0.380859
vt 0.986572 0.079590
vt 0.994873 0.081787
vt 0.987793 0.084717
vt 0.978271 0.086914
vt 0.987549 0.094238
vt 0.973633 0.084229
vt 0.961670 0.079102
vt 0.961670 0.083740
vt 0.977783 0.093750
vt 0.987793 0.095947
vt 0.976318 0.096924
vt 0.975830 0.093994
vt 0.975098 0.087646
vt 0.973145 0.095703
vt 0.973145 0.099854
vt 0.967041 0.097412
vt 0.972656 0.093994
vt 0.968750 0.094727
vt 0.970947 0.089600
vt 0.972656 0.086426
vt 0.970215 0.087402
vt 0.967285 0.090332
vt 0.968506 0.087158
vt 0.964600 0.086670
vt 0.962402 0.084961
vt 0.959473 0.090088
vt 0.963379 0.090088
vt 0.965332 0.095703
vt 0.962158 0.096191
vt 0.773438 0.995361
vt 0.771729 0.996338
vt 0.771973 0.995117
vt 0.768555 0.991943
vt 0.771973 0.998047
vt 0.757568 0.994385
vt 0.758545 0.996826
vt 0.758057 0.998779
vt 0.757568 0.998047
vt 0.755859 0.998779
vt 0.757324 0.995117
vt 0.755859 0.995117
vt 0.754150 0.998047
vt 0.753174 0.997070
vt 0.755859 0.993408
vt 0.757080 0.992920
vt 0.753906 0.992188
vt 0.754395 0.995117
vt 0.248047 0.991699
vt 0.247314 0.989014
vt 0.252197 0.990967
vt 0.251953 0.988770
vt 0.252441 0.987061
vt 0.262939 0.991943
vt 0.257568 0.988770
vt 0.258057 0.990479
vt 0.263184 0.990234
vt 0.264160 0.989990
vt 0.264404 0.992432
vt 0.265381 0.989990
vt 0.266846 0.991943
vt 0.268799 0.989990
vt 0.266113 0.988525
vt 0.266113 0.987305
vt 0.262939 0.988281
vt 0.262939 0.987061
vt 0.257812 0.987305
vt 0.262207 0.986084
s 1
usemtl tripo_mat_eda833f5-bd1e-4f31-8ac9-e6f7c4d9d1a6
f 820/1 855/2 795/3
f 820/1 795/3 767/4
f 767/4 795/3 729/5
f 855/2 820/1 832/6
f 767/4 729/5 704/7
f 704/7 729/5 626/8
f 820/1 767/4 778/9
f 820/1 778/9 832/6
f 767/4 704/7 719/10
f 767/4 719/10 778/9
f 704/7 626/8 627/11
f 719/10 704/7 631/12
f 631/12 704/7 627/11
f 627/11 626/8 562/13
f 627/11 562/13 631/12
f 562/13 626/8 532/14
f 562/13 532/14 498/15
f 498/15 532/14 452/16
f 631/12 562/13 567/17
f 567/17 562/13 498/15
f 634/18 719/10 631/12
f 634/18 631/12 567/17
f 719/10 634/18 718/19
f 719/10 718/19 778/9
f 634/18 567/17 566/20
f 567/17 498/15 484/21
f 567/17 484/21 566/20
f 718/19 634/18 633/22
f 633/22 634/18 566/20
f 718/19 633/22 629/23
f 629/23 633/22 566/20
f 777/24 778/9 718/19
f 777/24 718/19 716/25
f 716/25 718/19 629/23
f 778/9 777/24 833/26
f 778/9 833/26 832/6
f 777/24 716/25 766/27
f 777/24 766/27 833/26
f 716/25 629/23 747/28
f 716/25 747/28 766/27
f 833/26 766/27 822/29
f 822/29 766/27 747/28
f 832/6 833/26 869/30
f 869/30 833/26 822/29
f 869/30 822/29 854/31
f 854/31 822/29 845/32
f 845/32 822/29 747/28
f 854/31 845/32 895/33
f 845/32 747/28 783/34
f 869/30 854/31 923/35
f 783/34 747/28 605/36
f 870/37 832/6 869/30
f 870/37 869/30 923/35
f 832/6 870/37 855/2
f 870/37 923/35 924/38
f 870/37 924/38 855/2
f 855/2 924/38 893/39
f 893/39 924/38 932/40
f 932/40 924/38 946/41
f 588/42 605/36 747/28
f 605/36 588/42 461/43
f 588/42 747/28 629/23
f 461/43 588/42 446/44
f 588/42 629/23 564/45
f 564/45 629/23 566/20
f 588/42 564/45 497/46
f 588/42 497/46 446/44
f 564/45 566/20 483/47
f 564/45 483/47 497/46
f 483/47 566/20 484/21
f 497/46 483/47 431/48
f 431/48 483/47 484/21
f 446/44 497/46 442/49
f 442/49 497/46 431/48
f 372/50 461/43 446/44
f 446/44 442/49 411/51
f 411/51 442/49 431/48
f 372/50 446/44 382/52
f 382/52 446/44 411/51
f 350/53 357/54 372/50
f 350/53 372/50 362/55
f 362/55 372/50 382/52
f 350/53 362/55 351/56
f 382/52 411/51 399/57
f 382/52 399/57 362/55
f 399/57 411/51 431/48
f 362/55 399/57 400/58
f 400/58 399/57 431/48
f 351/56 362/55 363/59
f 363/59 362/55 400/58
f 351/56 363/59 361/60
f 400/58 431/48 430/61
f 430/61 431/48 484/21
f 363/59 400/58 380/62
f 363/59 380/62 361/60
f 361/60 380/62 389/63
f 361/60 389/63 387/64
f 389/63 380/62 409/65
f 380/62 400/58 412/66
f 380/62 412/66 409/65
f 412/66 400/58 430/61
f 409/65 412/66 422/67
f 422/67 412/66 452/16
f 412/66 430/61 440/68
f 412/66 440/68 452/16
f 440/68 430/61 484/21
f 452/16 440/68 498/15
f 498/15 440/68 484/21
f 795/69 855/70 841/71
f 841/71 855/70 893/72
f 795/69 841/71 739/73
f 795/69 739/73 729/74
f 729/74 739/73 626/75
f 841/71 893/72 879/76
f 879/76 893/72 932/77
f 879/76 932/77 877/78
f 879/76 877/78 860/79
f 879/76 860/79 788/80
f 788/80 860/79 793/81
f 841/71 879/76 790/82
f 790/82 879/76 788/80
f 841/71 790/82 764/83
f 841/71 764/83 739/73
f 764/83 790/82 776/84
f 739/73 764/83 727/85
f 764/83 776/84 750/86
f 764/83 750/86 727/85
f 776/84 790/82 781/87
f 781/87 790/82 788/80
f 750/86 776/84 762/88
f 762/88 776/84 781/87
f 727/85 750/86 745/89
f 745/89 750/86 762/88
f 662/90 739/73 727/85
f 662/90 727/85 685/91
f 739/73 662/90 582/92
f 739/73 582/92 626/75
f 626/75 582/92 532/93
f 532/93 582/92 452/94
f 685/91 727/85 660/95
f 660/95 727/85 745/89
f 662/90 685/91 623/96
f 662/90 623/96 582/92
f 623/96 685/91 660/95
f 452/94 582/92 515/97
f 582/92 623/96 544/98
f 582/92 544/98 515/97
f 544/98 623/96 586/99
f 586/99 623/96 660/95
f 515/97 544/98 523/100
f 523/100 544/98 586/99
f 452/94 515/97 460/101
f 452/94 460/101 422/102
f 515/97 523/100 507/103
f 515/97 507/103 460/101
f 422/102 460/101 409/104
f 586/99 660/95 577/105
f 586/99 577/105 523/100
f 409/104 460/101 444/106
f 409/104 444/106 389/107
f 389/107 444/106 420/108
f 460/101 507/103 458/109
f 460/101 458/109 444/106
f 505/110 507/103 523/100
f 507/103 505/110 458/109
f 505/110 523/100 577/105
f 444/106 458/109 467/111
f 467/111 458/109 505/110
f 444/106 467/111 456/112
f 444/106 456/112 495/113
f 444/106 495/113 530/114
f 456/112 467/111 482/115
f 456/112 482/115 495/113
f 467/111 505/110 503/116
f 467/111 503/116 482/115
f 495/113 482/115 520/117
f 520/117 482/115 503/116
f 530/114 495/113 574/118
f 574/118 495/113 520/117
f 530/114 574/118 598/119
f 530/114 598/119 570/120
f 574/118 520/117 572/121
f 572/121 520/117 596/122
f 596/122 520/117 503/116
f 574/118 572/121 609/123
f 574/118 609/123 598/119
f 609/123 572/121 596/122
f 570/120 598/119 712/124
f 712/124 598/119 609/123
f 609/123 596/122 679/125
f 609/123 679/125 712/124
f 570/120 712/124 737/126
f 570/120 737/126 606/127
f 606/127 737/126 693/128
f 693/128 737/126 758/129
f 737/126 712/124 788/80
f 737/126 788/80 793/81
f 712/124 679/125 722/130
f 788/80 712/124 761/131
f 761/131 712/124 722/130
f 788/80 761/131 774/132
f 788/80 774/132 781/87
f 761/131 722/130 749/133
f 761/131 749/133 774/132
f 722/130 679/125 743/134
f 722/130 743/134 749/133
f 749/133 743/134 774/132
f 774/132 743/134 781/87
f 781/87 743/134 762/88
f 743/134 679/125 596/122
f 762/88 743/134 733/135
f 743/134 596/122 681/136
f 762/88 733/135 726/137
f 762/88 726/137 745/89
f 733/135 743/134 724/138
f 724/138 743/134 681/136
f 733/135 724/138 695/139
f 681/136 596/122 611/140
f 695/139 724/138 677/141
f 677/141 724/138 681/136
f 733/135 695/139 714/142
f 714/142 695/139 677/141
f 733/135 714/142 701/143
f 733/135 701/143 726/137
f 681/136 611/140 613/144
f 681/136 613/144 677/141
f 584/145 611/140 596/122
f 611/140 584/145 613/144
f 584/145 596/122 503/116
f 613/144 584/145 590/146
f 613/144 590/146 677/141
f 584/145 503/116 540/147
f 584/145 540/147 590/146
f 540/147 503/116 536/148
f 590/146 540/147 573/149
f 590/146 573/149 677/141
f 573/149 540/147 536/148
f 536/148 503/116 505/110
f 536/148 505/110 560/150
f 573/149 536/148 559/151
f 573/149 559/151 677/141
f 559/151 536/148 560/150
f 560/150 505/110 577/105
f 677/141 559/151 592/152
f 559/151 560/150 579/153
f 559/151 579/153 592/152
f 592/152 579/153 560/150
f 677/141 592/152 714/142
f 714/142 592/152 701/143
f 560/150 577/105 594/154
f 560/150 594/154 592/152
f 594/154 577/105 651/155
f 651/155 577/105 660/95
f 592/152 594/154 649/156
f 649/156 594/154 651/155
f 701/143 592/152 683/157
f 683/157 592/152 649/156
f 701/143 683/157 726/137
f 651/155 660/95 689/158
f 651/155 689/158 649/156
f 649/156 689/158 683/157
f 683/157 689/158 726/137
f 689/158 660/95 745/89
f 689/158 745/89 726/137
f 923/159 854/160 895/161
f 923/159 895/161 921/162
f 921/162 895/161 845/163
f 923/164 921/165 945/166
f 923/164 945/166 924/167
f 924/167 945/166 946/168
f 946/168 945/166 918/169
f 946/168 918/169 932/170
f 932/170 918/169 877/171
f 918/169 945/166 917/172
f 917/172 945/166 921/165
f 877/171 918/169 866/173
f 917/172 921/165 891/174
f 891/174 921/165 783/175
f 783/175 921/165 845/176
f 917/172 891/174 852/177
f 852/177 891/174 783/175
f 918/169 917/172 865/178
f 865/178 917/172 852/177
f 918/169 865/178 866/173
f 865/178 852/177 828/179
f 865/178 828/179 866/173
f 852/177 783/175 816/180
f 852/177 816/180 828/179
f 816/180 783/175 757/181
f 828/179 816/180 770/182
f 770/182 816/180 757/181
f 757/181 783/175 710/183
f 757/181 710/183 770/182
f 710/183 783/175 605/184
f 829/185 866/173 828/179
f 829/185 828/179 770/182
f 710/183 605/184 603/186
f 603/186 605/184 550/187
f 770/182 710/183 706/188
f 706/188 710/183 603/186
f 829/185 770/182 771/189
f 771/189 770/182 706/188
f 706/188 603/186 599/190
f 599/190 603/186 546/191
f 706/188 599/190 600/192
f 706/188 600/192 707/193
f 706/188 707/193 771/189
f 771/189 707/193 693/194
f 771/189 693/194 758/195
f 771/189 758/195 829/185
f 829/185 758/195 817/196
f 829/185 817/196 866/173
f 817/196 758/195 793/197
f 793/197 758/195 737/198
f 866/173 817/196 842/199
f 842/199 817/196 793/197
f 866/173 842/199 877/171
f 842/199 793/197 860/200
f 842/199 860/200 877/171
f 693/201 707/202 600/203
f 606/204 693/205 600/206
f 606/204 600/206 552/207
f 606/204 552/207 570/208
f 552/207 600/206 547/209
f 547/209 600/206 599/210
f 570/208 552/207 513/211
f 570/208 513/211 530/212
f 547/209 599/210 546/213
f 513/211 552/207 492/214
f 492/214 552/207 547/209
f 530/212 513/211 450/215
f 450/215 513/211 492/214
f 530/212 450/215 444/216
f 444/216 450/215 420/217
f 450/215 492/214 437/218
f 450/215 437/218 420/217
f 492/214 547/209 479/219
f 492/214 479/219 437/218
f 479/219 547/209 478/220
f 478/220 547/209 546/213
f 437/218 479/219 427/221
f 420/217 437/218 406/222
f 406/222 437/218 427/221
f 420/217 406/222 387/223
f 420/217 387/223 389/224
f 387/223 406/222 358/225
f 387/223 358/225 361/226
f 361/226 358/225 351/227
f 351/227 358/225 350/228
f 350/228 358/225 357/229
f 358/225 406/222 396/230
f 358/225 396/230 357/229
f 396/230 406/222 427/221
f 357/229 396/230 395/231
f 395/231 396/230 427/221
f 357/229 395/231 405/232
f 395/231 427/221 426/233
f 426/233 427/221 479/219
f 395/231 426/233 405/232
f 426/233 479/219 478/220
f 357/229 405/232 378/234
f 357/229 378/234 372/235
f 372/235 378/234 405/232
f 372/235 405/232 461/236
f 405/232 426/233 436/237
f 436/237 426/233 478/220
f 405/232 436/237 461/236
f 436/237 478/220 491/238
f 436/237 491/238 461/236
f 491/238 478/220 550/239
f 491/238 550/239 461/236
f 461/236 550/239 605/240
f 550/239 478/220 546/213
f 550/239 546/213 603/241
f 1007/242 1000/243 1017/244
f 1017/244 1000/243 1009/245
f 1017/244 1009/245 1031/246
f 1031/246 1009/245 1033/247
f 1009/245 1000/243 982/248
f 1009/245 982/248 1002/249
f 1002/249 982/248 930/250
f 982/248 1000/243 972/251
f 982/248 972/251 930/250
f 972/251 1000/243 986/252
f 986/252 1000/243 1007/242
f 972/251 986/252 956/253
f 972/251 956/253 930/250
f 956/253 986/252 954/254
f 930/250 956/253 915/255
f 915/255 956/253 954/254
f 930/250 915/255 849/256
f 849/256 915/255 954/254
f 645/257 393/258 930/250
f 930/250 849/256 786/259
f 930/250 786/259 645/257
f 645/257 786/259 731/260
f 645/257 731/260 646/261
f 786/259 849/256 863/262
f 863/262 849/256 954/254
f 731/260 786/259 791/263
f 791/263 786/259 863/262
f 731/260 791/263 735/264
f 735/264 791/263 741/265
f 735/264 741/265 641/266
f 641/266 741/265 639/267
f 639/267 741/265 751/268
f 741/265 791/263 826/269
f 741/265 826/269 751/268
f 826/269 791/263 863/262
f 754/270 637/271 751/268
f 826/269 863/262 911/272
f 911/272 863/262 954/254
f 751/268 826/269 839/273
f 751/268 839/273 754/270
f 839/273 826/269 911/272
f 754/270 839/273 847/274
f 754/270 847/274 814/275
f 839/273 911/272 950/276
f 839/273 950/276 847/274
f 911/272 954/254 976/277
f 911/272 976/277 950/276
f 976/277 954/254 986/252
f 976/277 986/252 1007/242
f 814/275 847/274 1061/278
f 950/276 976/277 998/279
f 998/279 976/277 1007/242
f 970/280 847/274 950/276
f 970/280 950/276 998/279
f 1061/278 847/274 1064/281
f 1064/281 847/274 970/280
f 1060/282 996/283 1061/278
f 1060/282 1061/278 1131/284
f 1131/284 1061/278 1064/281
f 1060/282 1131/284 1127/285
f 970/280 998/279 1020/286
f 970/280 1020/286 1064/281
f 1025/287 998/279 1007/242
f 998/279 1025/287 1020/286
f 1025/287 1007/242 1017/244
f 1020/286 1025/287 1079/288
f 1025/287 1017/244 1055/289
f 1025/287 1055/289 1079/288
f 1055/289 1017/244 1031/246
f 1055/289 1031/246 1117/290
f 1055/289 1117/290 1142/291
f 1055/289 1142/291 1079/288
f 1079/288 1142/291 1020/286
f 1020/286 1142/291 1064/281
f 1064/281 1142/291 1138/292
f 1064/281 1138/292 1131/284
f 1138/292 1142/291 1169/293
f 1131/284 1138/292 1166/294
f 1131/284 1166/294 1159/295
f 1131/284 1159/295 1127/285
f 1166/294 1138/292 1168/296
f 1168/296 1138/292 1169/293
f 1159/295 1166/294 1300/297
f 1300/297 1166/294 1168/296
f 1127/285 1159/295 1157/298
f 1127/285 1157/298 1180/299
f 1157/298 1159/295 1299/300
f 1299/300 1159/295 1300/297
f 1180/299 1157/298 1317/301
f 1317/301 1157/298 1299/300
f 1180/299 1317/301 1311/302
f 1180/299 1311/302 1308/303
f 1317/301 1299/300 1245/304
f 1317/301 1245/304 1311/302
f 1245/304 1299/300 1248/305
f 1248/305 1299/300 1300/297
f 1311/302 1245/304 1243/306
f 1311/302 1243/306 1308/303
f 1245/304 1248/305 1324/307
f 1245/304 1324/307 1243/306
f 1248/305 1300/297 1252/308
f 1248/305 1252/308 1324/307
f 1308/303 1243/306 1241/309
f 1241/309 1243/306 1324/307
f 1308/303 1241/309 1242/310
f 1242/310 1241/309 1324/307
f 1308/303 1242/310 1310/311
f 1308/303 1310/311 1178/312
f 1254/313 1252/308 1300/297
f 1252/308 1254/313 1324/307
f 1254/313 1300/297 1301/314
f 1301/314 1300/297 1168/296
f 1254/313 1301/314 1258/315
f 1254/313 1258/315 1324/307
f 1301/314 1168/296 1187/316
f 1187/316 1168/296 1169/293
f 1258/315 1301/314 1331/317
f 1331/317 1301/314 1187/316
f 1331/317 1187/316 1209/318
f 1209/318 1187/316 1169/293
f 1258/315 1331/317 1333/319
f 1333/319 1331/317 1209/318
f 1258/315 1333/319 1261/320
f 1258/315 1261/320 1324/307
f 1333/319 1209/318 1336/321
f 1333/319 1336/321 1261/320
f 1209/318 1169/293 1210/322
f 1210/322 1169/293 1142/291
f 1210/322 1142/291 1197/323
f 1209/318 1210/322 1225/324
f 1209/318 1225/324 1336/321
f 1210/322 1197/323 1221/325
f 1210/322 1221/325 1225/324
f 1225/324 1221/325 1336/321
f 1262/326 1261/320 1336/321
f 1261/320 1262/326 1324/307
f 1336/321 1221/325 1332/327
f 1336/321 1332/327 1262/326
f 1332/327 1221/325 1218/328
f 1262/326 1332/327 1260/329
f 1262/326 1260/329 1324/307
f 1332/327 1218/328 1330/330
f 1332/327 1330/330 1260/329
f 1330/330 1218/328 1327/331
f 1260/329 1330/330 1257/332
f 1257/332 1330/330 1327/331
f 1260/329 1257/332 1324/307
f 1327/331 1218/328 1206/333
f 1257/332 1327/331 1253/334
f 1257/332 1253/334 1324/307
f 1327/331 1206/333 1323/335
f 1327/331 1323/335 1253/334
f 1323/335 1206/333 1185/336
f 1185/336 1206/333 1167/337
f 1253/334 1323/335 1251/338
f 1253/334 1251/338 1324/307
f 1323/335 1185/336 1158/339
f 1158/339 1185/336 1167/337
f 1158/339 1167/337 1113/340
f 1113/340 1167/337 1136/341
f 1323/335 1158/339 1320/342
f 1323/335 1320/342 1251/338
f 1320/342 1158/339 1156/343
f 1320/342 1156/343 1316/344
f 1251/338 1320/342 1247/345
f 1251/338 1247/345 1324/307
f 1247/345 1320/342 1244/346
f 1247/345 1244/346 1324/307
f 1244/346 1320/342 1316/344
f 1324/307 1244/346 1242/310
f 1242/310 1244/346 1310/311
f 1310/311 1244/346 1316/344
f 1310/311 1316/344 1179/347
f 1033/348 1009/349 1002/350
f 1033/348 1002/350 1014/351
f 1014/351 1002/350 1011/352
f 1011/352 1002/350 930/353
f 1011/352 930/353 300/354
f 1014/351 1011/352 1013/355
f 1013/355 1011/352 301/356
f 1014/351 1013/355 1022/357
f 1014/351 1022/357 1071/358
f 1014/351 1071/358 1033/348
f 1071/358 1022/357 1087/359
f 1033/348 1071/358 1085/360
f 1033/348 1085/360 1031/361
f 1071/358 1087/359 1119/362
f 1071/358 1119/362 1085/360
f 1119/362 1087/359 1148/363
f 1119/362 1148/363 1233/364
f 1031/361 1085/360 1117/365
f 1085/360 1119/362 1203/366
f 1203/366 1119/362 1233/364
f 1085/360 1203/366 1117/365
f 1203/366 1233/364 1298/367
f 1117/365 1203/366 1234/368
f 1234/368 1203/366 1298/367
f 1197/369 1142/370 1117/365
f 1197/369 1117/365 1234/368
f 1197/369 1234/368 1221/371
f 1234/368 1298/367 1162/372
f 1162/372 1298/367 1184/373
f 1234/368 1162/372 1167/374
f 1167/374 1162/372 1136/375
f 1221/371 1234/368 1220/376
f 1220/376 1234/368 1167/374
f 1221/371 1220/376 1218/377
f 1220/376 1167/374 1206/378
f 1220/376 1206/378 1218/377
f 1087/379 1022/380 1072/381
f 1072/381 1022/380 1015/382
f 1015/382 1022/380 1013/383
f 1087/379 1072/381 1120/384
f 1087/379 1120/384 1148/385
f 1148/385 1120/384 1233/386
f 1015/382 1013/383 1012/387
f 1012/387 1013/383 301/388
f 1072/381 1015/382 1034/389
f 1015/382 1012/387 1003/390
f 1015/382 1003/390 1034/389
f 1003/390 1012/387 931/391
f 931/391 1012/387 302/392
f 1034/389 1003/390 1010/393
f 1072/381 1034/389 1086/394
f 1072/381 1086/394 1120/384
f 1086/394 1034/389 1032/395
f 1032/395 1034/389 1010/393
f 1120/384 1086/394 1204/396
f 1120/384 1204/396 1233/386
f 1233/386 1204/396 1298/397
f 1204/396 1086/394 1118/398
f 1118/398 1086/394 1032/395
f 1298/397 1204/396 1236/399
f 1236/399 1204/396 1118/398
f 1163/400 1184/401 1298/397
f 1163/400 1298/397 1236/399
f 1163/400 1236/399 1152/402
f 1236/399 1118/398 1198/403
f 1152/402 1236/399 1219/404
f 1236/399 1198/403 1222/405
f 1236/399 1222/405 1219/404
f 1152/402 1219/404 1207/406
f 1152/402 1207/406 1164/407
f 1164/407 1207/406 1321/408
f 1207/406 1219/404 1217/409
f 1217/409 1219/404 1222/405
f 1321/408 1207/406 1325/410
f 1325/410 1207/406 1217/409
f 1321/408 1325/410 1288/411
f 1321/408 1288/411 1287/412
f 1321/408 1287/412 1318/413
f 1318/413 1287/412 1286/414
f 1286/414 1287/412 1338/415
f 1338/415 1287/412 1288/411
f 1286/414 1338/415 1285/416
f 1288/411 1325/410 1289/417
f 1288/411 1289/417 1338/415
f 1289/417 1325/410 1328/418
f 1328/418 1325/410 1217/409
f 1289/417 1328/418 1290/419
f 1289/417 1290/419 1338/415
f 1328/418 1217/409 1334/420
f 1328/418 1334/420 1290/419
f 1334/420 1217/409 1222/405
f 1290/419 1334/420 1291/421
f 1290/419 1291/421 1338/415
f 1334/420 1222/405 1337/422
f 1334/420 1337/422 1291/421
f 1337/422 1222/405 1224/423
f 1291/421 1337/422 1259/424
f 1291/421 1259/424 1338/415
f 1337/422 1224/423 1223/425
f 1224/423 1222/405 1226/426
f 1224/423 1226/426 1223/425
f 1226/426 1222/405 1198/403
f 1259/424 1337/422 1335/427
f 1335/427 1337/422 1223/425
f 1259/424 1335/427 1256/428
f 1259/424 1256/428 1338/415
f 1335/427 1223/425 1329/429
f 1335/427 1329/429 1256/428
f 1226/426 1198/403 1144/430
f 1144/430 1198/403 1118/398
f 1188/431 1223/425 1226/426
f 1188/431 1226/426 1144/430
f 1329/429 1223/425 1208/432
f 1208/432 1223/425 1188/431
f 1256/428 1329/429 1326/433
f 1326/433 1329/429 1208/432
f 1256/428 1326/433 1255/434
f 1256/428 1255/434 1338/415
f 1326/433 1208/432 1186/435
f 1186/435 1208/432 1188/431
f 1255/434 1326/433 1322/436
f 1322/436 1326/433 1186/435
f 1338/415 1255/434 1250/437
f 1250/437 1255/434 1322/436
f 1338/415 1250/437 1249/438
f 1249/438 1250/437 1322/436
f 1338/415 1249/438 1246/439
f 1338/415 1246/439 1284/440
f 1246/439 1249/438 1319/441
f 1319/441 1249/438 1322/436
f 1246/439 1319/441 1315/442
f 1319/441 1322/436 1161/443
f 1319/441 1161/443 1183/444
f 1161/443 1322/436 1165/445
f 1165/445 1322/436 1186/435
f 1161/443 1165/445 1132/446
f 1161/443 1132/446 1128/447
f 1165/445 1186/435 1139/448
f 1165/445 1139/448 1132/446
f 1139/448 1186/435 1188/431
f 1132/446 1139/448 1063/449
f 1139/448 1188/431 1144/430
f 1139/448 1144/430 1063/449
f 1132/446 1063/449 1062/450
f 1062/450 1063/449 848/451
f 1063/449 1144/430 1021/452
f 848/451 1063/449 971/453
f 971/453 1063/449 1021/452
f 1021/452 1144/430 1081/454
f 848/451 971/453 951/455
f 1081/454 1144/430 1056/456
f 1056/456 1144/430 1118/398
f 1056/456 1118/398 1032/395
f 1081/454 1056/456 1026/457
f 1081/454 1026/457 1021/452
f 1056/456 1032/395 1018/458
f 1056/456 1018/458 1026/457
f 1018/458 1032/395 1010/393
f 999/459 971/453 1021/452
f 999/459 1021/452 1026/457
f 971/453 999/459 951/455
f 1026/457 1018/458 1008/460
f 1026/457 1008/460 999/459
f 1018/458 1010/393 1001/461
f 1018/458 1001/461 1008/460
f 1001/461 1010/393 983/462
f 983/462 1010/393 1003/390
f 983/462 1003/390 931/391
f 1001/461 983/462 973/463
f 973/463 983/462 931/391
f 1008/460 1001/461 987/464
f 987/464 1001/461 973/463
f 977/465 999/459 1008/460
f 977/465 1008/460 987/464
f 999/459 977/465 951/455
f 987/464 973/463 957/466
f 957/466 973/463 931/391
f 977/465 987/464 955/467
f 955/467 987/464 957/466
f 951/455 977/465 912/468
f 912/468 977/465 955/467
f 955/467 957/466 916/469
f 916/469 957/466 931/391
f 955/467 916/469 850/470
f 850/470 916/469 931/391
f 955/467 850/470 864/471
f 955/467 864/471 912/468
f 850/470 931/391 787/472
f 850/470 787/472 864/471
f 787/472 931/391 647/473
f 647/473 931/391 394/474
f 543/475 647/473 465/476
f 647/473 543/475 648/477
f 787/472 647/473 732/478
f 732/478 647/473 648/477
f 864/471 787/472 792/479
f 792/479 787/472 732/478
f 732/478 648/477 736/480
f 732/478 736/480 792/479
f 736/480 648/477 644/481
f 644/481 648/477 539/482
f 736/480 644/481 642/483
f 736/480 642/483 742/484
f 736/480 742/484 792/479
f 827/485 864/471 792/479
f 827/485 792/479 742/484
f 864/471 827/485 912/468
f 827/485 742/484 752/486
f 912/468 827/485 840/487
f 840/487 827/485 752/486
f 912/468 840/487 951/455
f 840/487 752/486 755/488
f 951/455 840/487 848/451
f 848/451 840/487 755/488
f 1012/489 301/490 302/491
f 302/491 301/490 1628/492
f 301/493 1011/494 300/495
f 742/496 642/497 640/498
f 742/496 640/498 752/499
f 644/500 535/501 642/497
f 642/497 535/501 529/502
f 642/497 529/502 640/498
f 640/498 529/502 522/503
f 752/499 640/498 638/504
f 638/504 640/498 522/503
f 752/499 638/504 755/505
f 638/504 522/503 477/506
f 755/505 638/504 653/507
f 653/507 638/504 477/506
f 755/505 653/507 815/508
f 755/505 815/508 848/509
f 653/507 477/506 659/510
f 653/507 659/510 815/508
f 848/509 815/508 1062/511
f 659/510 477/506 475/512
f 475/512 477/506 316/513
f 475/512 316/513 469/514
f 659/510 475/512 654/515
f 654/515 475/512 469/514
f 815/508 659/510 813/516
f 813/516 659/510 654/515
f 997/517 1062/511 815/508
f 654/515 469/514 657/518
f 654/515 657/518 813/516
f 815/508 813/516 908/519
f 815/508 908/519 997/517
f 908/519 813/516 898/520
f 908/519 898/520 997/517
f 898/520 813/516 799/521
f 799/521 813/516 657/518
f 997/517 898/520 989/522
f 898/520 799/521 900/523
f 898/520 900/523 989/522
f 900/523 799/521 803/524
f 803/524 799/521 657/518
f 989/522 900/523 903/525
f 903/525 900/523 803/524
f 997/517 989/522 1044/526
f 1059/527 1062/511 997/517
f 1059/527 997/517 1044/526
f 1062/511 1059/527 1132/528
f 1132/528 1059/527 1128/529
f 1128/529 1059/527 1044/526
f 1183/530 1161/531 1128/529
f 1128/529 1044/526 1124/532
f 1183/530 1128/529 1182/533
f 1182/533 1128/529 1124/532
f 1183/530 1182/533 1315/534
f 1183/530 1315/534 1319/535
f 1315/534 1182/533 1313/536
f 1315/534 1313/536 1246/537
f 1246/537 1313/536 1284/538
f 1313/536 1182/533 1205/539
f 1205/539 1182/533 1124/532
f 1284/538 1313/536 1309/540
f 1309/540 1313/536 1205/539
f 1284/538 1309/540 1282/541
f 1284/538 1282/541 1338/542
f 1338/542 1282/541 1283/543
f 1283/543 1282/541 1309/540
f 1338/542 1283/543 1285/544
f 1283/543 1309/540 1312/545
f 1283/543 1312/545 1285/544
f 1312/545 1309/540 1205/539
f 1285/544 1312/545 1314/546
f 1312/545 1205/539 1181/547
f 1312/545 1181/547 1314/546
f 1285/544 1314/546 1318/548
f 1285/544 1318/548 1286/549
f 1314/546 1181/547 1155/550
f 1314/546 1155/550 1318/548
f 1181/547 1205/539 1126/551
f 1126/551 1205/539 1124/532
f 1318/548 1155/550 1160/552
f 1318/548 1160/552 1321/553
f 1321/553 1160/552 1164/554
f 1164/554 1160/552 1152/555
f 1181/547 1126/551 1106/556
f 1181/547 1106/556 1155/550
f 1160/552 1155/550 1094/557
f 1094/557 1155/550 1106/556
f 1152/555 1160/552 1114/558
f 1114/558 1160/552 1094/557
f 1152/555 1114/558 1137/559
f 1152/555 1137/559 1163/560
f 1151/561 1184/562 1163/560
f 1151/561 1163/560 1130/563
f 1130/563 1163/560 1137/559
f 1151/561 1130/563 1149/564
f 1137/559 1114/558 1096/565
f 1137/559 1096/565 1130/563
f 1096/565 1114/558 1076/566
f 1076/566 1114/558 1094/557
f 1096/565 1076/566 1092/567
f 1149/564 1130/563 1134/568
f 1149/564 1134/568 1154/569
f 1130/563 1096/565 1122/570
f 1122/570 1096/565 1092/567
f 1130/563 1122/570 1134/568
f 1076/566 1094/557 1042/571
f 1092/567 1076/566 1057/572
f 1092/567 1057/572 1122/570
f 1057/572 1076/566 1042/571
f 1042/571 1094/557 1019/573
f 1042/571 1019/573 1057/572
f 1019/573 1094/557 1106/556
f 1112/574 1134/568 1122/570
f 1134/568 1112/574 1153/575
f 1153/575 1112/574 1135/576
f 1112/574 1122/570 1089/577
f 1089/577 1122/570 1057/572
f 1135/576 1112/574 1074/578
f 1074/578 1112/574 1089/577
f 1135/576 1074/578 1090/579
f 1089/577 1057/572 1048/580
f 1089/577 1048/580 1074/578
f 1090/579 1074/578 1005/581
f 1005/581 1074/578 1048/580
f 1090/579 1005/581 1006/582
f 1048/580 1057/572 1024/583
f 1024/583 1057/572 1019/573
f 1005/581 1048/580 994/584
f 994/584 1048/580 1024/583
f 1006/582 1005/581 935/585
f 935/585 1005/581 994/584
f 1006/582 935/585 949/586
f 949/586 935/585 837/587
f 949/586 837/587 838/588
f 935/585 994/584 913/589
f 935/585 913/589 837/587
f 692/590 690/591 838/588
f 692/590 838/588 691/592
f 691/592 838/588 837/587
f 913/589 994/584 981/593
f 981/593 994/584 1024/583
f 837/587 913/589 825/594
f 837/587 825/594 691/592
f 913/589 981/593 884/595
f 913/589 884/595 825/594
f 981/593 1024/583 979/596
f 979/596 1024/583 1019/573
f 884/595 981/593 882/597
f 882/597 981/593 979/596
f 825/594 884/595 804/598
f 804/598 884/595 882/597
f 688/599 691/592 825/594
f 688/599 825/594 804/598
f 691/592 688/599 526/600
f 526/600 688/599 518/601
f 518/601 688/599 673/602
f 673/602 688/599 804/598
f 518/601 673/602 512/603
f 673/602 804/598 672/604
f 673/602 672/604 512/603
f 802/605 804/598 882/597
f 804/598 802/605 672/604
f 512/603 672/604 510/606
f 512/603 510/606 367/607
f 672/604 802/605 808/608
f 802/605 882/597 902/609
f 802/605 902/609 808/608
f 902/609 882/597 985/610
f 985/610 882/597 979/596
f 510/606 672/604 674/611
f 674/611 672/604 808/608
f 510/606 674/611 502/612
f 510/606 502/612 354/613
f 985/610 979/596 1036/614
f 1036/614 979/596 1019/573
f 1036/614 1019/573 1106/556
f 1036/614 1106/556 1126/551
f 1036/614 1126/551 1050/615
f 1036/614 1050/615 985/610
f 1050/615 1126/551 1124/532
f 985/610 1050/615 995/616
f 985/610 995/616 902/609
f 1050/615 1124/532 1046/617
f 1050/615 1046/617 995/616
f 1046/617 1124/532 1044/526
f 1046/617 1044/526 989/522
f 1046/617 989/522 991/618
f 1046/617 991/618 995/616
f 991/618 989/522 903/525
f 906/619 902/609 995/616
f 906/619 995/616 991/618
f 906/619 991/618 903/525
f 902/609 906/619 808/608
f 808/608 906/619 811/620
f 811/620 906/619 903/525
f 808/608 811/620 674/611
f 811/620 903/525 809/621
f 809/621 903/525 803/524
f 674/611 811/620 668/622
f 668/622 811/620 809/621
f 674/611 668/622 502/612
f 809/621 803/524 667/623
f 809/621 667/623 668/622
f 502/612 668/622 490/624
f 490/624 668/622 667/623
f 502/612 490/624 345/625
f 667/623 803/524 665/626
f 665/626 803/524 657/518
f 490/624 667/623 488/627
f 488/627 667/623 665/626
f 490/624 488/627 335/628
f 335/628 488/627 329/629
f 488/627 665/626 474/630
f 488/627 474/630 329/629
f 474/630 665/626 657/518
f 329/629 474/630 324/631
f 324/631 474/630 322/632
f 474/630 657/518 472/633
f 474/630 472/633 322/632
f 472/633 657/518 469/514
f 322/632 472/633 310/634
f 310/634 472/633 469/514
f 644/635 539/636 535/637
f 648/638 543/639 539/636
f 539/636 543/639 455/640
f 539/636 455/640 535/637
f 455/640 543/639 465/641
f 455/640 465/641 419/642
f 419/642 465/641 394/643
f 535/637 455/640 449/644
f 455/640 419/642 404/645
f 455/640 404/645 449/644
f 419/642 394/643 376/646
f 419/642 376/646 404/645
f 535/637 449/644 435/647
f 535/637 435/647 529/648
f 449/644 404/645 386/649
f 449/644 386/649 435/647
f 404/645 376/646 343/650
f 404/645 343/650 386/649
f 327/651 376/646 394/643
f 376/646 327/651 343/650
f 327/651 394/643 302/652
f 302/652 394/643 931/653
f 425/654 529/648 435/647
f 529/648 425/654 522/655
f 522/655 425/654 477/656
f 425/654 435/647 371/657
f 371/657 435/647 386/649
f 477/656 425/654 318/658
f 477/656 318/658 316/659
f 425/654 371/657 333/660
f 425/654 333/660 318/658
f 371/657 386/649 320/661
f 320/661 386/649 343/650
f 333/660 371/657 293/662
f 293/662 371/657 320/661
f 318/658 333/660 236/663
f 318/658 236/663 316/659
f 333/660 293/662 280/664
f 333/660 280/664 236/663
f 316/659 236/663 230/665
f 236/663 280/664 238/666
f 316/659 230/665 310/667
f 316/659 310/667 469/668
f 310/667 230/665 232/669
f 310/667 232/669 322/670
f 322/670 232/669 225/671
f 322/670 225/671 324/672
f 238/666 280/664 268/673
f 268/673 280/664 293/662
f 238/666 268/673 253/674
f 253/674 268/673 244/675
f 268/673 293/662 284/676
f 284/676 293/662 320/661
f 244/675 268/673 258/677
f 258/677 268/673 284/676
f 244/675 258/677 272/678
f 284/676 320/661 297/679
f 297/679 320/661 343/650
f 297/679 343/650 327/651
f 258/677 284/676 270/680
f 258/677 270/680 272/678
f 244/675 272/678 246/681
f 244/675 246/681 1588/682
f 1588/682 246/681 302/652
f 302/652 246/681 272/678
f 270/680 284/676 287/683
f 287/683 284/676 297/679
f 272/678 270/680 299/684
f 272/678 299/684 302/652
f 299/684 270/680 287/683
f 302/652 299/684 304/685
f 304/685 299/684 287/683
f 304/685 287/683 297/679
f 302/652 304/685 327/651
f 327/651 304/685 297/679
f 465/686 647/687 394/688
f 1588/689 302/690 1628/691
f 1588/689 1628/691 1610/692
f 1588/689 1610/692 1586/693
f 1588/689 1586/693 244/694
f 244/694 1586/693 1415/695
f 1415/695 1586/693 1485/696
f 1519/697 189/698 1485/696
f 1519/697 1485/696 1586/693
f 1519/697 1586/693 1598/699
f 1519/697 1598/699 1532/700
f 1600/701 1586/693 1610/692
f 1598/699 1586/693 1608/702
f 1608/702 1586/693 1600/701
f 1598/699 1608/702 1612/703
f 1598/699 1612/703 1532/700
f 1608/702 1600/701 1616/704
f 1532/700 1612/703 1637/705
f 1612/703 1608/702 1621/706
f 1612/703 1621/706 1637/705
f 1621/706 1608/702 1616/704
f 1532/700 1637/705 1530/707
f 1614/708 1600/701 1610/692
f 1600/701 1614/708 1616/704
f 1614/708 1610/692 1625/709
f 1625/709 1610/692 1628/691
f 1616/704 1614/708 1619/710
f 1619/710 1614/708 1625/709
f 1619/710 1625/709 1632/711
f 1632/711 1625/709 1628/691
f 1616/704 1619/710 1623/712
f 1623/712 1619/710 1632/711
f 1616/704 1623/712 1634/713
f 1616/704 1634/713 1621/706
f 1623/712 1632/711 1644/714
f 1644/714 1632/711 1628/691
f 1634/713 1623/712 1646/715
f 1646/715 1623/712 1644/714
f 1621/706 1634/713 1653/716
f 1621/706 1653/716 1637/705
f 1644/714 1628/691 1667/717
f 1667/717 1628/691 2396/718
f 1644/714 1667/717 1668/719
f 1644/714 1668/719 1646/715
f 1668/719 1667/717 1726/720
f 1668/719 1726/720 1646/715
f 1726/720 1667/717 1788/721
f 1788/721 1667/717 1975/722
f 1788/721 1975/722 1898/723
f 1726/720 1788/721 1700/724
f 1726/720 1700/724 1646/715
f 1788/721 1898/723 1770/725
f 1788/721 1770/725 1700/724
f 1770/725 1898/723 1881/726
f 1770/725 1881/726 1862/727
f 1770/725 1862/727 1757/728
f 1770/725 1757/728 1700/724
f 1757/728 1862/727 1852/729
f 1681/730 1646/715 1700/724
f 1681/730 1700/724 1757/728
f 1646/715 1681/730 1634/713
f 1634/713 1681/730 1653/716
f 1681/730 1757/728 1736/731
f 1736/731 1757/728 1852/729
f 1681/730 1736/731 1653/716
f 1736/731 1852/729 1839/732
f 1653/716 1736/731 1718/733
f 1718/733 1736/731 1839/732
f 1653/716 1718/733 1637/705
f 1637/705 1718/733 1530/707
f 1530/707 1718/733 1839/732
f 1530/707 1839/732 2019/734
f 1530/707 2019/734 2018/735
f 1530/707 2018/735 1528/736
f 1149/737 1154/738 1151/739
f 1151/739 1154/738 1150/740
f 1184/741 1151/739 1162/742
f 1162/742 1151/739 1129/743
f 1129/743 1151/739 1150/740
f 1162/742 1129/743 1136/744
f 1150/740 1154/738 1133/745
f 1150/740 1133/745 1129/743
f 1133/745 1154/738 1153/746
f 1153/746 1154/738 1134/747
f 1133/745 1153/746 1111/748
f 1111/748 1153/746 1135/749
f 1129/743 1133/745 1121/750
f 1121/750 1133/745 1111/748
f 1095/751 1136/744 1129/743
f 1095/751 1129/743 1121/750
f 1136/744 1095/751 1113/752
f 1111/748 1135/749 1073/753
f 1073/753 1135/749 1090/754
f 1121/750 1111/748 1088/755
f 1088/755 1111/748 1073/753
f 1095/751 1121/750 1091/756
f 1121/750 1088/755 1058/757
f 1121/750 1058/757 1091/756
f 1095/751 1091/756 1075/758
f 1095/751 1075/758 1113/752
f 1075/758 1091/756 1058/757
f 1113/752 1075/758 1093/759
f 1113/752 1093/759 1158/760
f 1158/760 1093/759 1156/761
f 1093/759 1075/758 1041/762
f 1041/762 1075/758 1058/757
f 1093/759 1041/762 1016/763
f 1016/763 1041/762 1058/757
f 1156/761 1093/759 1105/764
f 1105/764 1093/759 1016/763
f 1156/761 1105/764 1179/765
f 1156/761 1179/765 1316/766
f 1105/764 1016/763 1035/767
f 1179/765 1105/764 1125/768
f 1125/768 1105/764 1035/767
f 1179/765 1125/768 1178/769
f 1179/765 1178/769 1310/770
f 1178/769 1125/768 1123/771
f 1180/772 1308/773 1178/769
f 1180/772 1178/769 1123/771
f 1180/772 1123/771 1127/774
f 1123/771 1125/768 1049/775
f 1049/775 1125/768 1035/767
f 1127/774 1123/771 1043/776
f 1127/774 1043/776 1060/777
f 1060/777 1043/776 996/778
f 1043/776 1123/771 1045/779
f 1045/779 1123/771 1049/775
f 1043/776 1045/779 988/780
f 1043/776 988/780 996/778
f 1045/779 1049/775 993/781
f 984/782 1049/775 1035/767
f 1049/775 984/782 993/781
f 984/782 1035/767 978/783
f 978/783 1035/767 1016/763
f 988/780 1045/779 990/784
f 990/784 1045/779 993/781
f 984/782 978/783 881/785
f 993/781 984/782 901/786
f 901/786 984/782 881/785
f 993/781 901/786 905/787
f 993/781 905/787 990/784
f 978/783 1016/763 1023/788
f 1023/788 1016/763 1058/757
f 978/783 1023/788 980/789
f 978/783 980/789 881/785
f 1023/788 1058/757 1047/790
f 1047/790 1058/757 1088/755
f 1047/790 1088/755 1073/753
f 1023/788 1047/790 992/791
f 1023/788 992/791 980/789
f 1047/790 1073/753 1004/792
f 1047/790 1004/792 992/791
f 1004/792 1073/753 1090/754
f 1004/792 1090/754 1006/793
f 1004/792 1006/793 934/794
f 1004/792 934/794 992/791
f 934/794 1006/793 949/795
f 914/796 980/789 992/791
f 914/796 992/791 934/794
f 934/794 949/795 836/797
f 934/794 836/797 914/796
f 836/797 949/795 838/798
f 836/797 838/798 690/799
f 980/789 914/796 883/800
f 980/789 883/800 881/785
f 914/796 836/797 824/801
f 824/801 836/797 690/799
f 914/796 824/801 883/800
f 881/785 883/800 805/802
f 805/802 883/800 824/801
f 824/801 690/799 687/803
f 824/801 687/803 805/802
f 687/803 690/799 525/804
f 525/804 690/799 692/805
f 687/803 525/804 517/806
f 687/803 517/806 675/807
f 687/803 675/807 805/802
f 675/807 517/806 511/808
f 805/802 675/807 671/809
f 671/809 675/807 511/808
f 800/810 881/785 805/802
f 800/810 805/802 671/809
f 881/785 800/810 901/786
f 671/809 511/808 509/811
f 509/811 511/808 366/812
f 800/810 671/809 806/813
f 800/810 806/813 901/786
f 901/786 806/813 905/787
f 806/813 671/809 676/814
f 676/814 671/809 509/811
f 905/787 806/813 810/815
f 810/815 806/813 676/814
f 676/814 509/811 501/816
f 501/816 509/811 355/817
f 810/815 676/814 669/818
f 669/818 676/814 501/816
f 905/787 810/815 904/819
f 905/787 904/819 990/784
f 810/815 669/818 807/820
f 810/815 807/820 904/819
f 669/818 501/816 489/821
f 489/821 501/816 344/822
f 807/820 669/818 666/823
f 666/823 669/818 489/821
f 904/819 807/820 801/824
f 801/824 807/820 666/823
f 899/825 990/784 904/819
f 899/825 904/819 801/824
f 990/784 899/825 988/780
f 666/823 489/821 487/826
f 487/826 489/821 334/827
f 801/824 666/823 664/828
f 664/828 666/823 487/826
f 988/780 899/825 897/829
f 664/828 487/826 473/830
f 473/830 487/826 328/831
f 473/830 328/831 323/832
f 473/830 323/832 321/833
f 473/830 321/833 471/834
f 988/780 897/829 996/778
f 473/830 471/834 656/835
f 473/830 656/835 664/828
f 664/828 656/835 801/824
f 656/835 471/834 470/836
f 996/778 897/829 907/837
f 798/838 899/825 801/824
f 899/825 798/838 897/829
f 798/838 801/824 656/835
f 897/829 798/838 812/839
f 812/839 798/838 656/835
f 897/829 812/839 907/837
f 655/840 656/835 470/836
f 656/835 655/840 812/839
f 655/840 470/836 463/841
f 655/840 463/841 658/842
f 655/840 658/842 812/839
f 658/842 463/841 476/843
f 907/837 812/839 814/844
f 907/837 814/844 996/778
f 814/844 812/839 658/842
f 996/778 814/844 1061/845
f 658/842 476/843 652/846
f 658/842 652/846 814/844
f 652/846 476/843 637/847
f 814/844 652/846 754/848
f 754/848 652/846 637/847
f 510/849 354/850 367/851
f 367/851 354/850 295/852
f 367/851 295/852 312/853
f 312/853 295/852 289/854
f 367/851 312/853 369/855
f 289/854 295/852 250/856
f 367/851 369/855 392/857
f 367/851 392/857 512/858
f 512/858 392/857 518/859
f 369/855 312/853 337/860
f 337/860 312/853 289/854
f 369/855 337/860 374/861
f 518/859 392/857 416/862
f 392/857 369/855 384/863
f 384/863 369/855 374/861
f 392/857 384/863 416/862
f 518/859 416/862 526/864
f 416/862 384/863 417/865
f 417/865 384/863 415/866
f 416/862 417/865 527/867
f 527/867 417/865 415/866
f 416/862 527/867 526/864
f 527/867 415/866 525/868
f 527/867 525/868 692/869
f 527/867 692/869 526/864
f 526/864 692/869 691/870
f 339/871 374/861 337/860
f 374/861 339/871 346/872
f 346/872 339/871 356/873
f 339/871 337/860 313/874
f 356/873 339/871 348/875
f 348/875 339/871 313/874
f 356/873 348/875 349/876
f 313/874 337/860 289/854
f 349/876 348/875 341/877
f 348/875 313/874 331/878
f 348/875 331/878 341/877
f 349/876 341/877 308/879
f 349/876 308/879 307/880
f 341/877 331/878 325/881
f 341/877 325/881 308/879
f 331/878 313/874 286/882
f 307/880 308/879 137/883
f 325/881 331/878 282/884
f 282/884 331/878 286/882
f 307/880 137/883 146/885
f 286/882 313/874 278/886
f 278/886 313/874 289/854
f 325/881 282/884 291/887
f 325/881 291/887 308/879
f 278/886 289/854 255/888
f 127/889 137/883 308/879
f 127/889 308/879 291/887
f 255/888 289/854 250/856
f 278/886 255/888 275/890
f 278/886 275/890 286/882
f 255/888 250/856 240/891
f 286/882 275/890 277/892
f 286/882 277/892 282/884
f 275/890 255/888 260/893
f 260/893 255/888 240/891
f 277/892 275/890 262/894
f 262/894 275/890 260/893
f 282/884 277/892 266/895
f 282/884 266/895 291/887
f 260/893 240/891 234/896
f 260/893 234/896 262/894
f 217/897 240/891 250/856
f 240/891 217/897 234/896
f 256/898 277/892 262/894
f 277/892 256/898 266/895
f 256/898 262/894 242/899
f 266/895 256/898 125/900
f 125/900 256/898 242/899
f 242/899 262/894 248/901
f 248/901 262/894 234/896
f 242/899 248/901 125/900
f 248/901 234/896 131/902
f 248/901 131/902 125/900
f 131/902 234/896 115/903
f 115/903 234/896 217/897
f 125/900 131/902 116/904
f 116/904 131/902 115/903
f 125/900 116/904 101/905
f 125/900 101/905 266/895
f 116/904 115/903 95/906
f 101/905 116/904 106/907
f 106/907 116/904 95/906
f 266/895 101/905 103/908
f 103/908 101/905 106/907
f 266/895 103/908 291/887
f 291/887 103/908 127/889
f 103/908 106/907 117/909
f 103/908 117/909 127/889
f 127/889 117/909 139/910
f 127/889 139/910 137/883
f 117/909 106/907 97/911
f 137/883 139/910 150/912
f 137/883 150/912 146/885
f 139/910 117/909 128/913
f 128/913 117/909 97/911
f 146/885 150/912 157/914
f 146/885 157/914 149/915
f 149/915 157/914 147/916
f 147/916 157/914 150/912
f 141/917 150/912 139/910
f 150/912 141/917 147/916
f 141/917 139/910 128/913
f 147/916 141/917 120/918
f 147/916 120/918 140/919
f 141/917 128/913 119/920
f 141/917 119/920 120/918
f 119/920 128/913 99/921
f 99/921 128/913 97/911
f 120/918 119/920 110/922
f 120/918 110/922 108/923
f 110/922 119/920 111/924
f 111/924 119/920 99/921
f 110/922 111/924 67/925
f 110/922 67/925 109/926
f 111/924 99/921 90/927
f 67/925 111/924 66/928
f 66/928 111/924 90/927
f 67/925 66/928 38/929
f 67/925 38/929 65/930
f 66/928 90/927 61/931
f 38/929 66/928 37/932
f 37/932 66/928 61/931
f 38/929 37/932 13/933
f 38/929 13/933 36/934
f 13/933 37/932 12/935
f 12/935 37/932 33/936
f 33/936 37/932 61/931
f 12/935 33/936 10/937
f 58/938 61/931 90/927
f 61/931 58/938 33/936
f 58/938 90/927 78/939
f 78/939 90/927 99/921
f 10/937 33/936 29/940
f 29/940 33/936 58/938
f 10/937 29/940 8/941
f 29/940 58/938 50/942
f 50/942 58/938 78/939
f 8/941 29/940 25/943
f 25/943 29/940 50/942
f 8/941 25/943 6/944
f 6/944 25/943 23/945
f 6/944 23/945 4/946
f 25/943 50/942 46/947
f 25/943 46/947 23/945
f 50/942 78/939 71/948
f 50/942 71/948 46/947
f 4/946 23/945 21/949
f 4/946 21/949 2/950
f 23/945 46/947 39/951
f 23/945 39/951 21/949
f 46/947 71/948 64/952
f 46/947 64/952 39/951
f 2/950 21/949 19/953
f 2/950 19/953 1402/954
f 21/949 39/951 35/955
f 21/949 35/955 19/953
f 39/951 64/952 56/956
f 39/951 56/956 35/955
f 56/956 64/952 83/957
f 73/958 64/952 71/948
f 64/952 73/958 83/957
f 73/958 71/948 75/959
f 75/959 71/948 78/939
f 75/959 78/939 82/960
f 82/960 78/939 99/921
f 82/960 99/921 97/911
f 82/960 97/911 88/961
f 82/960 88/961 75/959
f 88/961 97/911 106/907
f 88/961 106/907 95/906
f 88/961 95/906 75/959
f 75/959 95/906 73/958
f 73/958 95/906 86/962
f 86/962 95/906 115/903
f 73/958 86/962 83/957
f 86/962 115/903 217/897
f 86/962 217/897 83/957
f 83/957 217/897 208/963
f 208/963 217/897 250/856
f 208/963 250/856 202/964
f 83/957 208/963 69/965
f 69/965 208/963 202/964
f 83/957 69/965 56/956
f 69/965 202/964 156/966
f 56/956 69/965 48/967
f 56/956 48/967 35/955
f 69/965 156/966 62/968
f 69/965 62/968 48/967
f 62/968 156/966 135/969
f 135/969 156/966 154/970
f 135/969 154/970 133/971
f 48/967 62/968 44/972
f 48/967 44/972 35/955
f 62/968 135/969 54/973
f 62/968 54/973 44/972
f 135/969 133/971 113/974
f 135/969 113/974 54/973
f 113/974 133/971 80/975
f 54/973 113/974 52/976
f 54/973 52/976 44/972
f 52/976 113/974 80/975
f 31/977 35/955 44/972
f 44/972 52/976 42/978
f 42/978 52/976 80/975
f 44/972 42/978 31/977
f 35/955 31/977 19/953
f 42/978 80/975 27/979
f 42/978 27/979 31/977
f 27/979 80/975 15/980
f 15/980 80/975 1407/981
f 31/977 27/979 17/982
f 17/982 27/979 15/980
f 31/977 17/982 19/953
f 17/982 15/980 1394/983
f 17/982 1394/983 19/953
f 502/984 345/985 354/986
f 354/986 345/985 295/987
f 295/987 345/985 264/988
f 295/987 264/988 250/989
f 490/990 335/991 345/985
f 345/985 335/991 264/988
f 264/988 335/991 329/992
f 250/989 264/988 202/993
f 264/988 329/992 213/994
f 264/988 213/994 202/993
f 202/993 213/994 1515/995
f 324/996 225/997 221/998
f 221/998 225/997 1523/999
f 324/996 221/998 329/1000
f 221/998 1523/999 213/1001
f 221/998 213/1001 329/1000
f 1523/1002 225/1003 1521/1004
f 1523/1002 1521/1004 2010/1005
f 1521/1006 225/1007 232/1008
f 1521/1009 232/1010 1526/1011
f 1521/1009 1526/1011 2016/1012
f 1526/1013 232/1014 230/1015
f 1521/1016 2016/1017 2010/1018
f 2010/1018 2016/1017 2177/1019
f 2010/1018 2177/1019 2172/1020
f 2172/1020 2177/1019 2370/1021
f 1998/1022 1523/1023 2010/1018
f 2172/1020 2370/1021 2372/1024
f 2372/1024 2370/1021 2453/1025
f 2010/1018 2172/1020 2150/1026
f 2010/1018 2150/1026 1998/1022
f 2172/1020 2372/1024 2314/1027
f 2172/1020 2314/1027 2150/1026
f 2372/1024 2453/1025 2438/1028
f 2438/1028 2453/1025 2472/1029
f 2314/1027 2372/1024 2374/1030
f 2374/1030 2372/1024 2438/1028
f 1998/1022 2150/1026 2089/1031
f 2150/1026 2314/1027 2215/1032
f 2150/1026 2215/1032 2089/1031
f 1998/1022 2089/1031 1993/1033
f 1823/1034 1993/1033 1889/1035
f 1889/1035 1993/1033 1952/1036
f 1952/1036 1993/1033 2000/1037
f 2000/1037 1993/1033 2089/1031
f 2000/1037 2089/1031 2135/1038
f 2135/1038 2089/1031 2215/1032
f 2000/1037 2135/1038 2076/1039
f 2076/1039 2135/1038 2141/1040
f 2076/1039 2141/1040 2100/1041
f 2135/1038 2215/1032 2193/1042
f 2135/1038 2193/1042 2141/1040
f 2100/1041 2141/1040 2162/1043
f 2162/1043 2141/1040 2193/1042
f 2100/1041 2162/1043 2121/1044
f 2121/1044 2162/1043 2175/1045
f 2121/1044 2175/1045 2144/1046
f 2144/1046 2175/1045 2109/1047
f 2109/1047 2175/1045 2136/1048
f 2136/1048 2175/1045 2161/1049
f 2109/1047 2136/1048 2196/1050
f 2196/1050 2136/1048 2161/1049
f 2109/1047 2196/1050 2234/1051
f 2161/1049 2175/1045 2204/1052
f 2161/1049 2204/1052 2196/1050
f 2204/1052 2175/1045 2162/1043
f 2234/1051 2196/1050 2243/1053
f 2243/1053 2196/1050 2204/1052
f 2234/1051 2243/1053 2296/1054
f 2234/1051 2296/1054 2244/1055
f 2244/1055 2296/1054 2307/1056
f 2307/1056 2296/1054 2319/1057
f 2204/1052 2162/1043 2202/1058
f 2296/1054 2243/1053 2306/1059
f 2296/1054 2306/1059 2319/1057
f 2243/1053 2204/1052 2254/1060
f 2243/1053 2254/1060 2306/1059
f 2254/1060 2204/1052 2202/1058
f 2319/1057 2306/1059 2275/1061
f 2275/1061 2306/1059 2254/1060
f 2319/1057 2275/1061 2304/1062
f 2193/1042 2202/1058 2162/1043
f 2254/1060 2202/1058 2232/1063
f 2254/1060 2232/1063 2275/1061
f 2232/1063 2202/1058 2193/1042
f 2304/1062 2275/1061 2332/1064
f 2304/1062 2332/1064 2378/1065
f 2275/1061 2232/1063 2355/1066
f 2275/1061 2355/1066 2332/1064
f 2232/1063 2193/1042 2330/1067
f 2232/1063 2330/1067 2355/1066
f 2332/1064 2355/1066 2361/1068
f 2378/1065 2332/1064 2377/1069
f 2377/1069 2332/1064 2361/1068
f 2378/1065 2377/1069 2409/1070
f 2409/1070 2377/1069 2361/1068
f 2409/1070 2361/1068 2355/1066
f 2378/1065 2409/1070 2414/1071
f 2414/1071 2409/1070 2465/1072
f 2409/1070 2355/1066 2455/1073
f 2409/1070 2455/1073 2465/1072
f 2455/1073 2355/1066 2330/1067
f 2465/1072 2455/1073 2515/1074
f 2465/1072 2515/1074 2519/1075
f 2455/1073 2330/1067 2432/1076
f 2455/1073 2432/1076 2515/1074
f 2432/1076 2330/1067 2289/1077
f 2289/1077 2330/1067 2193/1042
f 2289/1077 2193/1042 2215/1032
f 2519/1075 2515/1074 2549/1078
f 2519/1075 2549/1078 2563/1079
f 2563/1079 2549/1078 2639/1080
f 2563/1079 2639/1080 2653/1081
f 2653/1081 2639/1080 2737/1082
f 2737/1082 2639/1080 2675/1083
f 2675/1083 2639/1080 2575/1084
f 2737/1082 2675/1083 2771/1085
f 2771/1085 2675/1083 2575/1084
f 2737/1082 2771/1085 2840/1086
f 2840/1086 2771/1085 2896/1087
f 2896/1087 2771/1085 2846/1088
f 2896/1087 2846/1088 2910/1089
f 2896/1087 2910/1089 2941/1090
f 2554/1091 2575/1084 2639/1080
f 2554/1091 2639/1080 2549/1078
f 2554/1091 2549/1078 2528/1092
f 2528/1092 2549/1078 2515/1074
f 2554/1091 2528/1092 2506/1093
f 2554/1091 2506/1093 2533/1094
f 2533/1094 2506/1093 2525/1095
f 2528/1092 2515/1074 2487/1096
f 2528/1092 2487/1096 2506/1093
f 2487/1096 2515/1074 2432/1076
f 2525/1095 2506/1093 2486/1097
f 2487/1096 2432/1076 2407/1098
f 2407/1098 2432/1076 2289/1077
f 2506/1093 2487/1096 2462/1099
f 2462/1099 2487/1096 2407/1098
f 2506/1093 2462/1099 2486/1097
f 2407/1098 2289/1077 2388/1100
f 2407/1098 2388/1100 2462/1099
f 2486/1097 2462/1099 2446/1101
f 2446/1101 2462/1099 2388/1100
f 2486/1097 2446/1101 2472/1029
f 2486/1097 2472/1029 2517/1102
f 2472/1029 2446/1101 2438/1028
f 2438/1028 2446/1101 2388/1100
f 2438/1028 2388/1100 2374/1030
f 2272/1103 2388/1100 2289/1077
f 2388/1100 2272/1103 2374/1030
f 2272/1103 2289/1077 2252/1104
f 2272/1103 2252/1104 2374/1030
f 2252/1104 2289/1077 2215/1032
f 2374/1030 2252/1104 2314/1027
f 2314/1027 2252/1104 2215/1032
f 1526/1105 230/1106 1528/1107
f 1528/1107 230/1106 1530/1108
f 1526/1105 1528/1107 2014/1109
f 2016/1110 1526/1111 2014/1112
f 2016/1113 2014/1114 2177/1115
f 1528/1116 2018/1117 2014/1114
f 2177/1115 2014/1114 2184/1118
f 2184/1118 2014/1114 2018/1117
f 2177/1115 2184/1118 2337/1119
f 2184/1118 2018/1117 2186/1120
f 2184/1118 2186/1120 2337/1119
f 2186/1120 2018/1117 2019/1121
f 2177/1115 2337/1119 2370/1122
f 2370/1122 2337/1119 2424/1123
f 2370/1122 2424/1123 2453/1124
f 2453/1124 2424/1123 2475/1125
f 2453/1124 2475/1125 2472/1126
f 2472/1126 2475/1125 2517/1127
f 2475/1125 2424/1123 2434/1128
f 2434/1128 2424/1123 2337/1119
f 2517/1127 2475/1125 2521/1129
f 2521/1129 2475/1125 2434/1128
f 2434/1128 2337/1119 2357/1130
f 2357/1130 2337/1119 2186/1120
f 2521/1129 2434/1128 2466/1131
f 2466/1131 2434/1128 2357/1130
f 2357/1130 2186/1120 2188/1132
f 2188/1132 2186/1120 2019/1121
f 2466/1131 2357/1130 2363/1133
f 2363/1133 2357/1130 2188/1132
f 2188/1132 2019/1121 2028/1134
f 2028/1134 2019/1121 1839/1135
f 2028/1134 1839/1135 1852/1136
f 2188/1132 2028/1134 2190/1137
f 2188/1132 2190/1137 2363/1133
f 2028/1134 1852/1136 2030/1138
f 2028/1134 2030/1138 2190/1137
f 2030/1138 1852/1136 1862/1139
f 2030/1138 1862/1139 2032/1140
f 2032/1140 1862/1139 1881/1141
f 2190/1137 2030/1138 2179/1142
f 2179/1142 2030/1138 2032/1140
f 2365/1143 2363/1133 2190/1137
f 2190/1137 2179/1142 2343/1144
f 2190/1137 2343/1144 2365/1143
f 2363/1133 2365/1143 2489/1145
f 2363/1133 2489/1145 2466/1131
f 2365/1143 2343/1144 2441/1146
f 2179/1142 2032/1140 2164/1147
f 2343/1144 2179/1142 2321/1148
f 2321/1148 2179/1142 2164/1147
f 2164/1147 2032/1140 2034/1149
f 2034/1149 2032/1140 1881/1141
f 2321/1148 2164/1147 2302/1150
f 2034/1149 1881/1141 2036/1151
f 2036/1151 1881/1141 1898/1152
f 2164/1147 2034/1149 2153/1153
f 2153/1153 2034/1149 2036/1151
f 2164/1147 2153/1153 2302/1150
f 2036/1151 1898/1152 1975/1154
f 2153/1153 2036/1151 2146/1155
f 2146/1155 2036/1151 1975/1154
f 2153/1153 2146/1155 2263/1156
f 2153/1153 2263/1156 2302/1150
f 2146/1155 1975/1154 2396/1157
f 2146/1155 2396/1157 2263/1156
f 2396/1157 1975/1154 1667/1158
f 2302/1150 2263/1156 2367/1159
f 2367/1159 2263/1156 2396/1157
f 2302/1150 2367/1159 2394/1160
f 2302/1150 2394/1160 2321/1148
f 2367/1159 2396/1157 2418/1161
f 2367/1159 2418/1161 2394/1160
f 2418/1161 2396/1157 2451/1162
f 2321/1148 2394/1160 2416/1163
f 2321/1148 2416/1163 2343/1144
f 2394/1160 2418/1161 2449/1164
f 2449/1164 2418/1161 2451/1162
f 2394/1160 2449/1164 2416/1163
f 2343/1144 2416/1163 2441/1146
f 2451/1162 2396/1157 2460/1165
f 2460/1165 2396/1157 2468/1166
f 2449/1164 2451/1162 2470/1167
f 2470/1167 2451/1162 2460/1165
f 2416/1163 2449/1164 2464/1168
f 2464/1168 2449/1164 2470/1167
f 2416/1163 2464/1168 2441/1146
f 2460/1165 2468/1166 2479/1169
f 2460/1165 2479/1169 2470/1167
f 2479/1169 2468/1166 2504/1170
f 2504/1170 2468/1166 2484/1171
f 2470/1167 2479/1169 2491/1172
f 2470/1167 2491/1172 2464/1168
f 2479/1169 2504/1170 2509/1173
f 2479/1169 2509/1173 2491/1172
f 2509/1173 2504/1170 2523/1174
f 2523/1174 2504/1170 2527/1175
f 2491/1172 2509/1173 2511/1176
f 2511/1176 2509/1173 2523/1174
f 2464/1168 2491/1172 2477/1177
f 2477/1177 2491/1172 2511/1176
f 2464/1168 2477/1177 2441/1146
f 2511/1176 2523/1174 2531/1178
f 2531/1178 2523/1174 2538/1179
f 2477/1177 2511/1176 2508/1180
f 2508/1180 2511/1176 2531/1178
f 2441/1146 2477/1177 2458/1181
f 2458/1181 2477/1177 2508/1180
f 2441/1146 2458/1181 2365/1143
f 2508/1180 2531/1178 2536/1182
f 2508/1180 2536/1182 2458/1181
f 2536/1182 2531/1178 2614/1183
f 2365/1143 2458/1181 2489/1145
f 2489/1145 2458/1181 2536/1182
f 2536/1182 2614/1183 2560/1184
f 2536/1182 2560/1184 2489/1145
f 2560/1184 2614/1183 2610/1185
f 2489/1145 2560/1184 2541/1186
f 2489/1145 2541/1186 2466/1131
f 2466/1131 2541/1186 2521/1129
f 2560/1184 2610/1185 2564/1187
f 2560/1184 2564/1187 2541/1186
f 2564/1187 2610/1185 2577/1188
f 2521/1129 2541/1186 2540/1189
f 2540/1189 2541/1186 2564/1187
f 2521/1129 2540/1189 2517/1127
f 2517/1127 2540/1189 2525/1190
f 2517/1127 2525/1190 2486/1191
f 2540/1189 2564/1187 2543/1192
f 2543/1192 2564/1187 2577/1188
f 2540/1189 2543/1192 2525/1190
f 2543/1192 2577/1188 2575/1193
f 2525/1190 2543/1192 2533/1194
f 2533/1194 2543/1192 2575/1193
f 1530/1195 230/1196 236/1197
f 1532/1198 1530/1199 236/1200
f 1532/1201 236/1202 238/1203
f 1519/1204 1532/1205 238/1206
f 1519/1207 238/1208 189/1209
f 189/1209 238/1208 228/1210
f 228/1210 238/1208 253/1211
f 228/1210 253/1211 207/1212
f 228/1210 207/1212 189/1209
f 207/1212 253/1211 244/1213
f 207/1212 244/1213 189/1209
f 189/1209 244/1213 1415/1214
f 189/1209 1415/1214 1485/1215
f 2468/1216 2396/1217 2483/1218
f 2468/1216 2483/1218 2484/1219
f 1628/1220 2482/1221 2483/1218
f 2504/1222 2484/1219 2527/1223
f 2483/1218 2482/1221 2513/1224
f 2513/1224 2482/1221 2518/1225
f 2484/1219 2483/1218 2501/1226
f 2501/1226 2483/1218 2513/1224
f 2527/1223 2484/1219 2589/1227
f 2589/1227 2484/1219 2501/1226
f 2527/1223 2589/1227 2538/1228
f 2527/1223 2538/1228 2523/1229
f 2589/1227 2501/1226 2646/1230
f 2646/1230 2501/1226 2513/1224
f 2538/1228 2589/1227 2673/1231
f 2673/1231 2589/1227 2646/1230
f 2538/1228 2673/1231 2531/1232
f 2735/1233 2513/1224 2518/1225
f 2513/1224 2735/1233 2646/1230
f 2735/1233 2518/1225 2769/1234
f 2673/1231 2646/1230 2801/1235
f 2801/1235 2646/1230 2735/1233
f 2531/1232 2673/1231 2699/1236
f 2699/1236 2673/1231 2801/1235
f 2531/1232 2699/1236 2614/1237
f 2735/1233 2769/1234 2901/1238
f 2735/1233 2901/1238 2801/1235
f 2901/1238 2769/1234 2928/1239
f 2901/1238 2928/1239 2934/1240
f 2901/1238 2934/1240 2898/1241
f 2901/1238 2898/1241 2801/1235
f 2898/1241 2934/1240 2942/1242
f 2791/1243 2699/1236 2801/1235
f 2791/1243 2801/1235 2898/1241
f 2898/1241 2942/1242 2923/1244
f 2923/1244 2942/1242 2941/1245
f 2791/1243 2898/1241 2838/1246
f 2838/1246 2898/1241 2923/1244
f 2923/1244 2941/1245 2910/1247
f 2923/1244 2910/1247 2838/1246
f 2749/1248 2699/1236 2791/1243
f 2699/1236 2749/1248 2614/1237
f 2791/1243 2838/1246 2810/1249
f 2810/1249 2838/1246 2910/1247
f 2791/1243 2810/1249 2749/1248
f 2614/1237 2749/1248 2693/1250
f 2693/1250 2749/1248 2810/1249
f 2614/1237 2693/1250 2610/1251
f 2810/1249 2910/1247 2762/1252
f 2810/1249 2762/1252 2693/1250
f 2762/1252 2910/1247 2846/1253
f 2610/1251 2693/1250 2629/1254
f 2629/1254 2693/1250 2762/1252
f 2610/1251 2629/1254 2577/1255
f 2762/1252 2846/1253 2681/1256
f 2762/1252 2681/1256 2629/1254
f 2681/1256 2846/1253 2771/1257
f 2577/1255 2629/1254 2626/1258
f 2626/1258 2629/1254 2681/1256
f 2626/1258 2681/1256 2771/1257
f 2577/1255 2626/1258 2575/1259
f 2575/1259 2626/1258 2771/1257
f 2900/1260 2928/1261 2769/1262
f 2928/1261 2900/1260 2934/1263
f 2900/1260 2769/1262 2734/1264
f 2734/1264 2769/1262 2518/1265
f 2934/1263 2900/1260 2897/1266
f 2934/1263 2897/1266 2942/1267
f 2900/1260 2734/1264 2800/1268
f 2900/1260 2800/1268 2897/1266
f 2897/1266 2800/1268 2790/1269
f 2897/1266 2790/1269 2839/1270
f 2942/1267 2897/1266 2922/1271
f 2922/1271 2897/1266 2839/1270
f 2942/1267 2922/1271 2941/1272
f 2922/1271 2839/1270 2909/1273
f 2922/1271 2909/1273 2941/1272
f 2909/1273 2839/1270 2811/1274
f 2941/1272 2909/1273 2896/1275
f 2896/1275 2909/1273 2845/1276
f 2896/1275 2845/1276 2770/1277
f 2845/1276 2909/1273 2761/1278
f 2645/1279 2800/1268 2734/1264
f 2800/1268 2645/1279 2672/1280
f 2672/1280 2645/1279 2588/1281
f 2588/1281 2645/1279 2500/1282
f 2645/1279 2734/1264 2512/1283
f 2645/1279 2512/1283 2500/1282
f 2512/1283 2734/1264 2518/1265
f 2512/1283 2518/1265 2482/1284
f 2500/1282 2512/1283 2480/1285
f 2480/1285 2512/1283 2482/1284
f 2500/1282 2480/1285 2481/1286
f 2480/1285 2482/1284 1626/1287
f 1523/1288 1998/1289 1515/1290
f 1523/1288 1515/1290 213/1291
f 1515/1290 1998/1289 1993/1292
f 1515/1290 1993/1292 1517/1293
f 1515/1290 1517/1293 202/1294
f 1517/1293 1993/1292 1823/1295
f 1417/1296 92/1297 1517/1293
f 1417/1296 1517/1293 1470/1298
f 1417/1296 1470/1298 1450/1299
f 1417/1296 1450/1299 1410/1300
f 1450/1299 1470/1298 1492/1301
f 1492/1301 1470/1298 1517/1293
f 1410/1300 1450/1299 1428/1302
f 1407/1303 80/1304 1410/1300
f 1407/1303 1410/1300 1428/1302
f 1428/1302 1450/1299 1466/1305
f 1466/1305 1450/1299 1492/1301
f 1428/1302 1466/1305 1452/1306
f 1428/1302 1452/1306 1456/1307
f 1452/1306 1466/1305 1472/1308
f 1452/1306 1472/1308 1456/1307
f 1472/1308 1466/1305 1500/1309
f 1500/1309 1466/1305 1492/1301
f 1456/1307 1472/1308 1437/1310
f 1456/1307 1437/1310 1428/1302
f 1472/1308 1500/1309 1457/1311
f 1472/1308 1457/1311 1437/1310
f 1457/1311 1500/1309 1494/1312
f 1428/1302 1437/1310 1412/1313
f 1428/1302 1412/1313 1407/1303
f 1407/1303 1412/1313 1391/1314
f 1407/1303 1391/1314 15/1315
f 15/1315 1391/1314 1394/1316
f 1394/1316 1391/1314 1412/1313
f 1412/1313 1437/1310 1422/1317
f 1412/1313 1422/1317 1394/1316
f 1422/1317 1437/1310 1457/1311
f 1438/1318 1457/1311 1494/1312
f 1457/1311 1438/1318 1422/1317
f 1513/1319 1494/1312 1500/1309
f 1494/1312 1513/1319 1438/1318
f 1513/1319 1500/1309 1492/1301
f 1402/1320 1394/1316 1422/1317
f 1402/1320 1422/1317 1438/1318
f 1394/1316 1402/1320 19/1321
f 1402/1320 1438/1318 1414/1322
f 1402/1320 1414/1322 1376/1323
f 1402/1320 1376/1323 2/1324
f 1414/1322 1438/1318 1474/1325
f 1474/1325 1438/1318 1513/1319
f 1376/1323 1414/1322 1378/1326
f 1376/1323 1378/1326 2/1324
f 2/1324 1378/1326 4/1327
f 1378/1326 1414/1322 1476/1328
f 1476/1328 1414/1322 1474/1325
f 4/1327 1378/1326 1380/1329
f 1380/1329 1378/1326 1476/1328
f 4/1327 1380/1329 6/1330
f 1476/1328 1474/1325 1569/1331
f 1569/1331 1474/1325 1513/1319
f 1380/1329 1476/1328 1483/1332
f 6/1330 1380/1329 1382/1333
f 1382/1333 1380/1329 1483/1332
f 6/1330 1382/1333 8/1334
f 1483/1332 1476/1328 1575/1335
f 1575/1335 1476/1328 1569/1331
f 1382/1333 1483/1332 1496/1336
f 8/1334 1382/1333 1384/1337
f 1384/1337 1382/1333 1496/1336
f 8/1334 1384/1337 10/1338
f 10/1338 1384/1337 1386/1339
f 10/1338 1386/1339 12/1340
f 1384/1337 1496/1336 1502/1341
f 1384/1337 1502/1341 1386/1339
f 12/1340 1386/1339 1387/1342
f 12/1340 1387/1342 13/1343
f 1387/1342 1386/1339 1505/1344
f 1505/1344 1386/1339 1504/1345
f 1504/1345 1386/1339 1502/1341
f 1505/1344 1504/1345 1591/1346
f 1591/1346 1504/1345 1592/1347
f 1504/1345 1502/1341 1584/1348
f 1504/1345 1584/1348 1592/1347
f 1591/1346 1592/1347 1664/1349
f 1664/1349 1592/1347 1584/1348
f 1591/1346 1664/1349 1676/1350
f 1676/1350 1664/1349 1785/1351
f 1584/1348 1502/1341 1579/1352
f 1579/1352 1502/1341 1496/1336
f 1664/1349 1584/1348 1657/1353
f 1785/1351 1664/1349 1786/1354
f 1786/1354 1664/1349 1657/1353
f 1785/1351 1786/1354 1869/1355
f 1657/1353 1584/1348 1651/1356
f 1651/1356 1584/1348 1579/1352
f 1786/1354 1657/1353 1778/1357
f 1778/1357 1657/1353 1651/1356
f 1869/1355 1786/1354 1868/1358
f 1868/1358 1786/1354 1778/1357
f 1869/1355 1868/1358 1895/1359
f 1868/1358 1778/1357 1860/1360
f 1895/1359 1868/1358 1896/1361
f 1896/1361 1868/1358 1860/1360
f 1895/1359 1896/1361 1932/1362
f 1895/1359 1932/1362 1931/1363
f 1931/1363 1932/1362 1969/1364
f 1932/1362 1896/1361 1879/1365
f 1879/1365 1896/1361 1860/1360
f 1969/1364 1932/1362 1970/1366
f 1932/1362 1879/1365 1914/1367
f 1932/1362 1914/1367 1970/1366
f 1970/1366 1914/1367 1958/1368
f 1969/1364 1970/1366 1928/1369
f 1969/1364 1928/1369 1929/1370
f 1929/1370 1928/1369 2101/1371
f 1928/1369 1970/1366 1910/1372
f 1910/1372 1970/1366 1958/1368
f 2101/1371 1928/1369 2081/1373
f 2081/1373 1928/1369 1910/1372
f 2244/1374 2101/1371 2234/1375
f 2234/1375 2101/1371 2081/1373
f 2234/1375 2081/1373 2109/1376
f 1910/1372 1958/1368 1957/1377
f 1957/1377 1958/1368 1914/1367
f 2081/1373 1910/1372 1908/1378
f 1908/1378 1910/1372 1957/1377
f 2109/1376 2081/1373 2070/1379
f 2109/1376 2070/1379 1985/1380
f 1985/1380 2070/1379 2081/1373
f 1985/1380 2081/1373 1908/1378
f 2109/1376 1985/1380 2144/1381
f 1985/1380 1908/1378 1926/1382
f 2144/1381 1985/1380 2002/1383
f 2002/1383 1985/1380 1926/1382
f 2144/1381 2002/1383 2121/1384
f 1926/1382 1908/1378 1973/1385
f 1926/1382 1973/1385 2002/1383
f 1973/1385 1908/1378 1957/1377
f 2121/1384 2002/1383 1991/1386
f 1991/1386 2002/1383 1973/1385
f 2121/1384 1991/1386 2100/1387
f 1973/1385 1957/1377 1912/1388
f 1912/1388 1957/1377 1914/1367
f 1912/1388 1914/1367 1879/1365
f 1973/1385 1912/1388 1955/1389
f 1973/1385 1955/1389 1991/1386
f 1912/1388 1879/1365 1877/1390
f 1912/1388 1877/1390 1955/1389
f 1877/1390 1879/1365 1860/1360
f 1991/1386 1955/1389 1982/1391
f 1991/1386 1982/1391 2100/1387
f 1955/1389 1877/1390 1903/1392
f 1955/1389 1903/1392 1982/1391
f 1877/1390 1860/1360 1845/1393
f 1877/1390 1845/1393 1903/1392
f 1845/1393 1860/1360 1760/1394
f 1760/1394 1860/1360 1778/1357
f 1760/1394 1778/1357 1651/1356
f 1903/1392 1845/1393 1825/1395
f 1903/1392 1825/1395 1982/1391
f 1845/1393 1760/1394 1742/1396
f 1742/1396 1760/1394 1651/1356
f 1845/1393 1742/1396 1825/1395
f 1742/1396 1651/1356 1641/1397
f 1641/1397 1651/1356 1579/1352
f 1825/1395 1742/1396 1716/1398
f 1716/1398 1742/1396 1641/1397
f 1925/1399 1982/1391 1825/1395
f 1982/1391 1925/1399 2100/1387
f 2100/1387 1925/1399 2076/1400
f 1925/1399 1825/1395 1783/1401
f 1783/1401 1825/1395 1716/1398
f 2076/1400 1925/1399 1837/1402
f 1837/1402 1925/1399 1783/1401
f 2076/1400 1837/1402 2000/1403
f 1783/1401 1716/1398 1768/1404
f 1783/1401 1768/1404 1837/1402
f 2000/1403 1837/1402 1794/1405
f 1837/1402 1768/1404 1734/1406
f 1837/1402 1734/1406 1794/1405
f 1768/1404 1716/1398 1690/1407
f 1768/1404 1690/1407 1734/1406
f 1690/1407 1716/1398 1630/1408
f 1630/1408 1716/1398 1641/1397
f 1734/1406 1690/1407 1649/1409
f 1630/1408 1641/1397 1577/1410
f 1577/1410 1641/1397 1579/1352
f 1577/1410 1579/1352 1496/1336
f 1577/1410 1496/1336 1483/1332
f 1577/1410 1483/1332 1575/1335
f 1577/1410 1575/1335 1630/1408
f 1618/1411 1690/1407 1630/1408
f 1618/1411 1630/1408 1575/1335
f 1690/1407 1618/1411 1649/1409
f 1618/1411 1575/1335 1569/1331
f 1618/1411 1569/1331 1606/1412
f 1618/1411 1606/1412 1649/1409
f 1606/1412 1569/1331 1567/1413
f 1567/1413 1569/1331 1513/1319
f 1649/1409 1606/1412 1603/1414
f 1603/1414 1606/1412 1567/1413
f 1567/1413 1513/1319 1546/1415
f 1546/1415 1513/1319 1538/1416
f 1538/1416 1513/1319 1492/1301
f 1567/1413 1546/1415 1557/1417
f 1557/1417 1546/1415 1538/1416
f 1567/1413 1557/1417 1572/1418
f 1567/1413 1572/1418 1603/1414
f 1557/1417 1538/1416 1545/1419
f 1572/1418 1557/1417 1559/1420
f 1559/1420 1557/1417 1545/1419
f 1572/1418 1559/1420 1571/1421
f 1572/1418 1571/1421 1603/1414
f 1559/1420 1545/1419 1553/1422
f 1559/1420 1553/1422 1571/1421
f 1545/1419 1538/1416 1542/1423
f 1545/1419 1542/1423 1553/1422
f 1535/1424 1538/1416 1492/1301
f 1538/1416 1535/1424 1542/1423
f 1535/1424 1492/1301 1517/1293
f 1602/1425 1603/1414 1571/1421
f 1535/1424 1517/1293 1541/1426
f 1553/1422 1542/1423 1551/1427
f 1565/1428 1571/1421 1553/1422
f 1571/1421 1565/1428 1602/1425
f 1565/1428 1553/1422 1551/1427
f 1551/1427 1542/1423 1555/1429
f 1551/1427 1555/1429 1565/1428
f 1549/1430 1542/1423 1535/1424
f 1542/1423 1549/1430 1555/1429
f 1549/1430 1535/1424 1541/1426
f 1555/1429 1549/1430 1565/1428
f 1561/1431 1541/1426 1517/1293
f 1541/1426 1561/1431 1549/1430
f 1561/1431 1517/1293 1823/1295
f 1549/1430 1561/1431 1563/1432
f 1563/1432 1561/1431 1823/1295
f 1549/1430 1563/1432 1565/1428
f 1563/1432 1823/1295 1812/1433
f 1812/1433 1823/1295 1854/1434
f 1854/1434 1823/1295 1889/1435
f 1563/1432 1812/1433 1792/1436
f 1563/1432 1792/1436 1565/1428
f 1854/1434 1889/1435 1952/1437
f 1792/1436 1812/1433 1835/1438
f 1835/1438 1812/1433 1854/1434
f 1565/1428 1792/1436 1755/1439
f 1792/1436 1835/1438 1858/1440
f 1792/1436 1858/1440 1755/1439
f 1835/1438 1854/1434 1856/1441
f 1835/1438 1856/1441 1858/1440
f 1854/1434 1952/1437 1891/1442
f 1854/1434 1891/1442 1856/1441
f 1891/1442 1952/1437 1923/1443
f 1923/1443 1952/1437 2000/1403
f 1856/1441 1891/1442 1893/1444
f 1893/1444 1891/1442 1923/1443
f 1856/1441 1893/1444 1858/1440
f 1923/1443 2000/1403 1794/1405
f 1923/1443 1794/1405 1893/1444
f 1858/1440 1893/1444 1775/1445
f 1775/1445 1893/1444 1794/1405
f 1858/1440 1775/1445 1755/1439
f 1775/1445 1794/1405 1713/1446
f 1775/1445 1713/1446 1755/1439
f 1713/1446 1794/1405 1734/1406
f 1713/1446 1734/1406 1649/1409
f 1755/1439 1713/1446 1698/1447
f 1755/1439 1698/1447 1565/1428
f 1713/1446 1649/1409 1639/1448
f 1713/1446 1639/1448 1698/1447
f 1639/1448 1649/1409 1603/1414
f 1565/1428 1698/1447 1636/1449
f 1636/1449 1698/1447 1639/1448
f 1636/1449 1639/1448 1603/1414
f 1565/1428 1636/1449 1602/1425
f 1602/1425 1636/1449 1603/1414
f 517/1450 525/1451 415/1452
f 517/1450 415/1452 391/1453
f 517/1450 391/1453 511/1454
f 391/1453 415/1452 384/1455
f 511/1454 391/1453 366/1456
f 391/1453 384/1455 368/1457
f 391/1453 368/1457 366/1456
f 368/1457 384/1455 374/1458
f 509/1459 366/1456 355/1460
f 366/1456 368/1457 311/1461
f 355/1460 366/1456 294/1462
f 294/1462 366/1456 311/1461
f 368/1457 374/1458 336/1463
f 368/1457 336/1463 311/1461
f 336/1463 374/1458 338/1464
f 338/1464 374/1458 346/1465
f 338/1464 346/1465 356/1466
f 311/1461 336/1463 288/1467
f 311/1461 288/1467 294/1462
f 336/1463 338/1464 305/1468
f 336/1463 305/1468 288/1467
f 338/1464 356/1466 347/1469
f 338/1464 347/1469 305/1468
f 347/1469 356/1466 349/1470
f 288/1467 305/1468 273/1471
f 347/1469 349/1470 340/1472
f 340/1472 349/1470 306/1473
f 306/1473 349/1470 307/1474
f 347/1469 340/1472 330/1475
f 347/1469 330/1475 305/1468
f 330/1475 340/1472 314/1476
f 314/1476 340/1472 306/1473
f 305/1468 330/1475 285/1477
f 305/1468 285/1477 273/1471
f 330/1475 314/1476 281/1478
f 330/1475 281/1478 285/1477
f 314/1476 306/1473 290/1479
f 314/1476 290/1479 281/1478
f 136/1480 306/1473 307/1474
f 136/1480 307/1474 146/1481
f 136/1480 146/1481 149/1482
f 306/1473 136/1480 126/1483
f 306/1473 126/1483 290/1479
f 136/1480 149/1482 138/1484
f 136/1480 138/1484 126/1483
f 138/1484 149/1482 140/1485
f 140/1485 149/1482 147/1486
f 126/1483 138/1484 107/1487
f 290/1479 126/1483 102/1488
f 102/1488 126/1483 107/1487
f 290/1479 102/1488 265/1489
f 290/1479 265/1489 281/1478
f 102/1488 107/1487 105/1490
f 138/1484 140/1485 118/1491
f 138/1484 118/1491 107/1487
f 118/1491 140/1485 108/1492
f 108/1492 140/1485 120/1493
f 107/1487 118/1491 96/1494
f 107/1487 96/1494 105/1490
f 118/1491 108/1492 98/1495
f 118/1491 98/1495 96/1494
f 109/1496 108/1492 110/1497
f 108/1492 109/1496 98/1495
f 96/1494 98/1495 76/1498
f 96/1494 76/1498 87/1499
f 96/1494 87/1499 105/1490
f 76/1498 98/1495 77/1500
f 87/1499 76/1498 74/1501
f 74/1501 76/1498 77/1500
f 87/1499 74/1501 94/1502
f 87/1499 94/1502 105/1490
f 89/1503 98/1495 109/1496
f 98/1495 89/1503 77/1500
f 89/1503 109/1496 65/1504
f 65/1504 109/1496 67/1505
f 77/1500 89/1503 57/1506
f 89/1503 65/1504 60/1507
f 89/1503 60/1507 57/1506
f 60/1507 65/1504 36/1508
f 36/1508 65/1504 38/1509
f 57/1506 60/1507 32/1510
f 32/1510 60/1507 36/1508
f 32/1510 36/1508 11/1511
f 11/1511 36/1508 13/1512
f 32/1510 11/1511 9/1513
f 32/1510 9/1513 28/1514
f 32/1510 28/1514 57/1506
f 28/1514 9/1513 7/1515
f 57/1506 28/1514 49/1516
f 57/1506 49/1516 77/1500
f 28/1514 7/1515 24/1517
f 28/1514 24/1517 49/1516
f 24/1517 7/1515 5/1518
f 77/1500 49/1516 70/1519
f 77/1500 70/1519 74/1501
f 49/1516 24/1517 45/1520
f 49/1516 45/1520 70/1519
f 24/1517 5/1518 22/1521
f 24/1517 22/1521 45/1520
f 22/1521 5/1518 3/1522
f 74/1501 70/1519 72/1523
f 70/1519 45/1520 63/1524
f 70/1519 63/1524 72/1523
f 74/1501 72/1523 94/1502
f 63/1524 45/1520 40/1525
f 40/1525 45/1520 22/1521
f 22/1521 3/1522 20/1526
f 22/1521 20/1526 40/1525
f 20/1526 3/1522 1/1527
f 40/1525 20/1526 34/1528
f 20/1526 1/1527 18/1529
f 20/1526 18/1529 34/1528
f 18/1529 1/1527 1401/1530
f 55/1531 63/1524 40/1525
f 55/1531 40/1525 34/1528
f 63/1524 55/1531 81/1532
f 63/1524 81/1532 72/1523
f 55/1531 34/1528 47/1533
f 55/1531 47/1533 68/1534
f 55/1531 68/1534 81/1532
f 47/1533 34/1528 43/1535
f 72/1523 81/1532 93/1536
f 72/1523 93/1536 94/1502
f 93/1536 81/1532 216/1537
f 94/1502 93/1536 114/1538
f 114/1538 93/1536 216/1537
f 94/1502 114/1538 104/1539
f 94/1502 104/1539 105/1490
f 105/1490 104/1539 100/1540
f 105/1490 100/1540 102/1488
f 102/1488 100/1540 265/1489
f 100/1540 104/1539 124/1541
f 100/1540 124/1541 265/1489
f 104/1539 114/1538 130/1542
f 104/1539 130/1542 124/1541
f 130/1542 114/1538 233/1543
f 233/1543 114/1538 216/1537
f 124/1541 130/1542 247/1544
f 247/1544 130/1542 233/1543
f 124/1541 247/1544 241/1545
f 247/1544 233/1543 261/1546
f 247/1544 261/1546 241/1545
f 124/1541 241/1545 251/1547
f 124/1541 251/1547 265/1489
f 251/1547 241/1545 261/1546
f 265/1489 251/1547 276/1548
f 276/1548 251/1547 261/1546
f 265/1489 276/1548 281/1478
f 281/1478 276/1548 285/1477
f 285/1477 276/1548 274/1549
f 274/1549 276/1548 261/1546
f 285/1477 274/1549 273/1471
f 274/1549 261/1546 259/1550
f 259/1550 261/1546 233/1543
f 273/1471 274/1549 254/1551
f 254/1551 274/1549 259/1550
f 273/1471 254/1551 288/1467
f 259/1550 233/1543 239/1552
f 259/1550 239/1552 254/1551
f 239/1552 233/1543 216/1537
f 288/1467 254/1551 249/1553
f 249/1553 254/1551 239/1552
f 249/1553 239/1552 216/1537
f 288/1467 249/1553 294/1462
f 249/1553 216/1537 209/1554
f 209/1554 216/1537 81/1532
f 209/1554 81/1532 68/1534
f 249/1553 209/1554 201/1555
f 201/1555 209/1554 68/1534
f 294/1462 249/1553 263/1556
f 263/1556 249/1553 201/1555
f 201/1555 68/1534 155/1557
f 263/1556 201/1555 212/1558
f 212/1558 201/1555 1524/1559
f 263/1556 212/1558 328/1560
f 263/1556 328/1560 334/1561
f 334/1561 328/1560 487/1562
f 294/1462 263/1556 344/1563
f 344/1563 263/1556 334/1561
f 344/1563 334/1561 489/1564
f 294/1462 344/1563 355/1460
f 355/1460 344/1563 501/1565
f 59/1566 155/1557 68/1534
f 59/1566 68/1534 47/1533
f 59/1566 47/1533 43/1535
f 155/1557 59/1566 134/1567
f 155/1557 134/1567 153/1568
f 153/1568 134/1567 132/1569
f 134/1567 59/1566 53/1570
f 53/1570 59/1566 43/1535
f 132/1569 134/1567 112/1571
f 112/1571 134/1567 53/1570
f 132/1569 112/1571 79/1572
f 112/1571 53/1570 51/1573
f 51/1573 53/1570 43/1535
f 112/1571 51/1573 79/1572
f 51/1573 43/1535 41/1574
f 51/1573 41/1574 79/1572
f 41/1574 43/1535 30/1575
f 30/1575 43/1535 34/1528
f 30/1575 34/1528 18/1529
f 41/1574 30/1575 26/1576
f 41/1574 26/1576 79/1572
f 30/1575 18/1529 16/1577
f 30/1575 16/1577 26/1576
f 16/1577 18/1529 1393/1578
f 16/1577 1393/1578 14/1579
f 16/1577 14/1579 26/1576
f 26/1576 14/1579 79/1572
f 79/1572 14/1579 1406/1580
f 639/1581 751/1582 637/1583
f 639/1581 637/1583 519/1584
f 519/1585 637/1586 476/1587
f 519/1585 476/1587 424/1588
f 519/1585 424/1588 528/1589
f 519/1585 528/1589 639/1590
f 639/1590 528/1589 641/1591
f 641/1591 528/1589 534/1592
f 528/1589 424/1588 434/1593
f 528/1589 434/1593 534/1592
f 424/1588 476/1587 317/1594
f 317/1594 476/1587 315/1595
f 315/1595 476/1587 463/1596
f 315/1595 463/1596 470/1597
f 315/1595 470/1597 309/1598
f 309/1598 470/1597 471/1599
f 309/1598 471/1599 321/1600
f 309/1598 321/1600 231/1601
f 309/1598 231/1601 229/1602
f 309/1598 229/1602 315/1595
f 315/1595 229/1602 235/1603
f 315/1595 235/1603 317/1594
f 317/1594 235/1603 332/1604
f 317/1594 332/1604 424/1588
f 332/1604 235/1603 279/1605
f 279/1605 235/1603 237/1606
f 424/1588 332/1604 370/1607
f 424/1588 370/1607 434/1593
f 332/1604 279/1605 292/1608
f 332/1604 292/1608 370/1607
f 292/1608 279/1605 267/1609
f 267/1609 279/1605 237/1606
f 370/1607 292/1608 319/1610
f 434/1593 370/1607 385/1611
f 385/1611 370/1607 319/1610
f 434/1593 385/1611 448/1612
f 434/1593 448/1612 534/1592
f 385/1611 319/1610 342/1613
f 448/1612 385/1611 403/1614
f 403/1614 385/1611 342/1613
f 448/1612 403/1614 454/1615
f 448/1612 454/1615 534/1592
f 403/1614 342/1613 375/1616
f 283/1617 319/1610 292/1608
f 283/1617 292/1608 267/1609
f 296/1618 342/1613 319/1610
f 296/1618 319/1610 283/1617
f 296/1618 283/1617 269/1619
f 296/1618 269/1619 303/1620
f 269/1619 283/1617 257/1621
f 257/1621 283/1617 267/1609
f 296/1618 303/1620 326/1622
f 296/1618 326/1622 342/1613
f 342/1613 326/1622 375/1616
f 375/1616 326/1622 393/1623
f 393/1623 326/1622 300/1624
f 418/1625 403/1614 375/1616
f 418/1625 375/1616 393/1623
f 403/1614 418/1625 454/1615
f 418/1625 393/1623 464/1626
f 418/1625 464/1626 454/1615
f 464/1626 393/1623 645/1627
f 464/1626 645/1627 542/1628
f 464/1626 542/1628 454/1615
f 542/1628 645/1627 646/1629
f 454/1615 542/1628 538/1630
f 538/1630 542/1628 646/1629
f 454/1615 538/1630 534/1592
f 534/1592 538/1630 643/1631
f 643/1631 538/1630 646/1629
f 534/1592 643/1631 641/1591
f 641/1591 643/1631 735/1632
f 735/1632 643/1631 646/1629
f 735/1632 646/1629 731/1633
f 930/1634 393/1635 300/1636
f 326/1637 303/1638 300/1639
f 300/1639 303/1638 298/1640
f 298/1640 303/1638 269/1641
f 300/1639 298/1640 271/1642
f 271/1642 298/1640 269/1641
f 271/1642 269/1641 257/1643
f 300/1639 271/1642 245/1644
f 245/1644 271/1642 243/1645
f 243/1646 257/1621 267/1609
f 257/1621 243/1646 271/1647
f 243/1646 267/1609 252/1648
f 252/1648 267/1609 237/1606
f 243/1646 252/1648 206/1649
f 252/1648 237/1606 227/1650
f 252/1648 227/1650 206/1649
f 227/1650 237/1606 188/1651
f 227/1650 188/1651 206/1649
f 206/1649 188/1651 243/1646
f 188/1651 237/1606 1518/1652
f 243/1646 188/1651 1419/1653
f 300/1654 245/1655 1587/1656
f 1587/1656 245/1655 243/1657
f 300/1658 1587/1659 1626/1660
f 300/1661 1626/1662 301/1663
f 301/1664 1626/1665 1627/1666
f 301/1667 1627/1668 1628/1669
f 1628/1669 1627/1668 2482/1670
f 2396/1671 1628/1672 2483/1673
f 2482/1674 1627/1675 1626/1676
f 1609/1677 1626/1678 1587/1679
f 1626/1678 1609/1677 1624/1680
f 1609/1677 1587/1679 1585/1681
f 1585/1681 1587/1679 243/1682
f 1585/1681 243/1682 1419/1683
f 1585/1681 1419/1683 1484/1684
f 1518/1685 1484/1684 188/1686
f 1484/1684 1518/1685 1585/1681
f 1585/1681 1518/1685 1597/1687
f 1597/1687 1518/1685 1531/1688
f 1599/1689 1609/1677 1585/1681
f 1585/1681 1597/1687 1607/1690
f 1585/1681 1607/1690 1599/1689
f 1597/1687 1531/1688 1611/1691
f 1597/1687 1611/1691 1607/1690
f 1611/1691 1531/1688 1642/1692
f 1607/1690 1611/1691 1620/1693
f 1620/1693 1611/1691 1642/1692
f 1642/1692 1531/1688 1529/1694
f 1607/1690 1620/1693 1615/1695
f 1607/1690 1615/1695 1599/1689
f 1613/1696 1609/1677 1599/1689
f 1613/1696 1599/1689 1615/1695
f 1609/1677 1613/1696 1624/1680
f 1624/1680 1613/1696 1631/1697
f 1624/1680 1631/1697 1626/1678
f 1613/1696 1615/1695 1622/1698
f 1613/1696 1622/1698 1631/1697
f 1626/1678 1631/1697 1643/1699
f 1643/1699 1631/1697 1622/1698
f 1626/1678 1643/1699 1665/1700
f 1665/1700 1643/1699 1666/1701
f 1643/1699 1622/1698 1645/1702
f 1643/1699 1645/1702 1666/1701
f 1633/1703 1622/1698 1615/1695
f 1633/1703 1615/1695 1620/1693
f 1622/1698 1633/1703 1645/1702
f 1665/1700 1666/1701 1727/1704
f 1727/1704 1666/1701 1645/1702
f 1665/1700 1727/1704 1787/1705
f 1787/1705 1727/1704 1699/1706
f 1699/1706 1727/1704 1645/1702
f 1787/1705 1699/1706 1769/1707
f 1769/1707 1699/1706 1756/1708
f 1699/1706 1645/1702 1680/1709
f 1699/1706 1680/1709 1756/1708
f 1680/1709 1645/1702 1633/1703
f 1756/1708 1680/1709 1735/1710
f 1756/1708 1735/1710 1851/1711
f 1680/1709 1633/1703 1652/1712
f 1680/1709 1652/1712 1735/1710
f 1652/1712 1633/1703 1620/1693
f 1652/1712 1620/1693 1642/1692
f 1735/1710 1652/1712 1717/1713
f 1717/1713 1652/1712 1642/1692
f 1735/1710 1717/1713 1838/1714
f 1717/1713 1642/1692 1529/1694
f 1717/1713 1529/1694 1838/1714
f 1838/1714 1529/1694 2026/1715
f 2026/1715 1529/1694 2017/1716
f 2017/1716 1529/1694 1527/1717
f 2017/1716 1527/1717 2013/1718
f 2800/1719 2672/1720 2698/1721
f 2800/1719 2698/1721 2790/1722
f 2698/1721 2672/1720 2530/1723
f 2530/1723 2672/1720 2537/1724
f 2537/1724 2672/1720 2588/1725
f 2537/1724 2588/1725 2526/1726
f 2530/1723 2537/1724 2522/1727
f 2790/1722 2698/1721 2751/1728
f 2698/1721 2530/1723 2613/1729
f 2698/1721 2613/1729 2751/1728
f 2790/1722 2751/1728 2811/1730
f 2790/1722 2811/1730 2839/1731
f 2811/1730 2751/1728 2692/1732
f 2692/1732 2751/1728 2613/1729
f 2811/1730 2692/1732 2761/1733
f 2811/1730 2761/1733 2909/1734
f 2692/1732 2613/1729 2609/1735
f 2761/1733 2692/1732 2628/1736
f 2628/1736 2692/1732 2609/1735
f 2761/1733 2628/1736 2680/1737
f 2761/1733 2680/1737 2845/1738
f 2845/1738 2680/1737 2770/1739
f 2680/1737 2628/1736 2625/1740
f 2680/1737 2625/1740 2770/1739
f 2625/1740 2628/1736 2576/1741
f 2576/1741 2628/1736 2609/1735
f 2770/1739 2625/1740 2574/1742
f 2574/1742 2625/1740 2576/1741
f 2770/1739 2574/1742 2674/1743
f 2674/1743 2574/1742 2573/1744
f 2574/1742 2576/1741 2542/1745
f 2542/1745 2576/1741 2609/1735
f 2573/1744 2574/1742 2532/1746
f 2532/1746 2574/1742 2542/1745
f 2573/1744 2532/1746 2505/1747
f 2505/1747 2532/1746 2524/1748
f 2524/1748 2532/1746 2542/1745
f 2505/1747 2524/1748 2485/1749
f 2542/1745 2609/1735 2539/1750
f 2542/1745 2539/1750 2524/1748
f 2485/1749 2524/1748 2516/1751
f 2516/1751 2524/1748 2539/1750
f 2485/1749 2516/1751 2471/1752
f 2539/1750 2609/1735 2558/1753
f 2558/1753 2609/1735 2613/1729
f 2471/1752 2516/1751 2474/1754
f 2471/1752 2474/1754 2452/1755
f 2516/1751 2539/1750 2520/1756
f 2516/1751 2520/1756 2474/1754
f 2539/1750 2558/1753 2534/1757
f 2539/1750 2534/1757 2520/1756
f 2558/1753 2613/1729 2535/1758
f 2534/1757 2558/1753 2488/1759
f 2488/1759 2558/1753 2535/1758
f 2535/1758 2613/1729 2530/1723
f 2535/1758 2530/1723 2507/1760
f 2507/1760 2530/1723 2510/1761
f 2507/1760 2510/1761 2476/1762
f 2535/1758 2507/1760 2457/1763
f 2457/1763 2507/1760 2476/1762
f 2535/1758 2457/1763 2488/1759
f 2457/1763 2476/1762 2440/1764
f 2440/1764 2476/1762 2463/1765
f 2440/1764 2463/1765 2415/1766
f 2440/1764 2415/1766 2350/1767
f 2457/1763 2440/1764 2364/1768
f 2364/1768 2440/1764 2350/1767
f 2457/1763 2364/1768 2488/1759
f 2364/1768 2350/1767 2189/1769
f 2189/1769 2350/1767 2178/1770
f 2488/1759 2364/1768 2362/1771
f 2362/1771 2364/1768 2189/1769
f 2488/1759 2362/1771 2473/1772
f 2488/1759 2473/1772 2534/1757
f 2534/1757 2473/1772 2520/1756
f 2362/1771 2189/1769 2187/1773
f 2187/1773 2189/1769 2027/1774
f 2187/1773 2027/1774 2026/1775
f 2362/1771 2187/1773 2356/1776
f 2362/1771 2356/1776 2473/1772
f 2187/1773 2026/1775 2185/1777
f 2187/1773 2185/1777 2356/1776
f 2185/1777 2026/1775 2017/1778
f 2473/1772 2356/1776 2456/1779
f 2473/1772 2456/1779 2520/1756
f 2520/1756 2456/1779 2474/1754
f 2356/1776 2185/1777 2342/1780
f 2356/1776 2342/1780 2456/1779
f 2342/1780 2185/1777 2183/1781
f 2342/1780 2183/1781 2336/1782
f 2456/1779 2342/1780 2433/1783
f 2433/1783 2342/1780 2336/1782
f 2456/1779 2433/1783 2474/1754
f 2433/1783 2336/1782 2392/1784
f 2474/1754 2433/1783 2452/1755
f 2452/1755 2433/1783 2392/1784
f 2481/1785 2588/1786 2500/1787
f 2526/1788 2588/1789 2481/1790
f 2480/1791 2467/1792 2481/1790
f 2526/1788 2481/1790 2503/1793
f 2503/1793 2481/1790 2467/1792
f 2526/1788 2503/1793 2522/1794
f 2526/1788 2522/1794 2537/1795
f 2503/1793 2467/1792 2478/1796
f 2478/1796 2467/1792 2459/1797
f 2522/1794 2503/1793 2502/1798
f 2502/1798 2503/1793 2478/1796
f 2522/1794 2502/1798 2510/1799
f 2522/1794 2510/1799 2530/1800
f 2510/1799 2502/1798 2490/1801
f 2490/1801 2502/1798 2478/1796
f 2510/1799 2490/1801 2476/1802
f 2476/1802 2490/1801 2463/1803
f 2490/1801 2478/1796 2469/1804
f 2490/1801 2469/1804 2463/1803
f 2469/1804 2478/1796 2459/1797
f 2463/1803 2469/1804 2448/1805
f 2463/1803 2448/1805 2415/1806
f 2469/1804 2459/1797 2450/1807
f 2469/1804 2450/1807 2448/1805
f 2450/1807 2459/1797 2395/1808
f 2448/1805 2450/1807 2417/1809
f 2467/1810 2480/1811 2395/1812
f 2467/1810 2395/1812 2459/1813
f 2417/1814 2450/1815 2395/1816
f 2417/1814 2395/1816 2366/1817
f 2366/1817 2395/1816 2262/1818
f 2262/1818 2395/1816 2145/1819
f 2145/1819 2395/1816 1974/1820
f 1974/1820 2395/1816 1665/1821
f 2415/1822 2448/1823 2393/1824
f 2393/1824 2448/1823 2417/1825
f 2393/1824 2417/1825 2366/1826
f 2415/1822 2393/1824 2320/1827
f 2415/1822 2320/1827 2350/1828
f 2393/1824 2366/1826 2301/1829
f 2393/1824 2301/1829 2320/1827
f 2301/1829 2366/1826 2262/1830
f 2350/1828 2320/1827 2178/1831
f 2320/1827 2301/1829 2163/1832
f 2320/1827 2163/1832 2178/1831
f 2301/1829 2262/1830 2152/1833
f 2301/1829 2152/1833 2163/1832
f 2152/1833 2262/1830 2145/1834
f 2152/1833 2145/1834 2035/1835
f 2035/1835 2145/1834 1974/1836
f 2163/1832 2152/1833 2033/1837
f 2033/1837 2152/1833 2035/1835
f 2031/1838 2178/1831 2163/1832
f 2031/1838 2163/1832 2033/1837
f 2178/1831 2031/1838 2029/1839
f 2178/1831 2029/1839 2189/1840
f 2189/1840 2029/1839 2027/1841
f 2033/1837 2035/1835 1880/1842
f 2033/1837 1880/1842 2031/1838
f 1880/1842 2035/1835 1897/1843
f 1897/1843 2035/1835 1974/1836
f 1897/1843 1974/1836 1787/1844
f 1787/1844 1974/1836 1665/1845
f 1897/1843 1787/1844 1769/1846
f 1897/1843 1769/1846 1880/1842
f 2031/1838 1880/1842 1861/1847
f 1861/1847 1880/1842 1769/1846
f 2031/1838 1861/1847 2029/1839
f 1861/1847 1769/1846 1756/1848
f 1861/1847 1756/1848 1851/1849
f 1861/1847 1851/1849 2029/1839
f 2029/1839 1851/1849 2027/1841
f 2027/1841 1851/1849 1838/1850
f 2027/1841 1838/1850 2026/1851
f 1838/1850 1851/1849 1735/1852
f 1626/1853 1665/1854 2395/1855
f 1626/1853 2395/1855 2480/1856
f 188/1857 1484/1858 1419/1859
f 237/1860 1531/1861 1518/1862
f 237/1863 235/1864 1531/1865
f 1531/1866 235/1867 1529/1868
f 1529/1869 235/1870 229/1871
f 1529/1872 229/1873 1527/1874
f 1527/1874 229/1873 1525/1875
f 1527/1874 1525/1875 2013/1876
f 2017/1877 2013/1878 2185/1879
f 2185/1879 2013/1878 2183/1880
f 2183/1880 2013/1878 2176/1881
f 2176/1881 2013/1878 2015/1882
f 2176/1881 2015/1882 2009/1883
f 2183/1880 2176/1881 2287/1884
f 2183/1880 2287/1884 2336/1885
f 2336/1885 2287/1884 2392/1886
f 2287/1884 2176/1881 2201/1887
f 2287/1884 2201/1887 2392/1886
f 2201/1887 2176/1881 2009/1883
f 2392/1886 2201/1887 2371/1888
f 2392/1886 2371/1888 2452/1889
f 2201/1887 2009/1883 2159/1890
f 1522/1891 1997/1892 2009/1883
f 2009/1883 1997/1892 2159/1890
f 2371/1888 2201/1887 2303/1893
f 2303/1893 2201/1887 2159/1890
f 2452/1889 2371/1888 2437/1894
f 2452/1889 2437/1894 2471/1895
f 2371/1888 2303/1893 2373/1896
f 2371/1888 2373/1896 2437/1894
f 2303/1893 2159/1890 2214/1897
f 2471/1895 2437/1894 2447/1898
f 2471/1895 2447/1898 2485/1899
f 2437/1894 2373/1896 2387/1900
f 2437/1894 2387/1900 2447/1898
f 2373/1896 2303/1893 2251/1901
f 2251/1901 2303/1893 2214/1897
f 2373/1896 2251/1901 2271/1902
f 2373/1896 2271/1902 2387/1900
f 2271/1902 2251/1901 2288/1903
f 2271/1902 2288/1903 2387/1900
f 2288/1903 2251/1901 2214/1897
f 2461/1904 2485/1899 2447/1898
f 2461/1904 2447/1898 2387/1900
f 2485/1899 2461/1904 2505/1905
f 2461/1904 2387/1900 2406/1906
f 2406/1906 2387/1900 2288/1903
f 2505/1905 2461/1904 2495/1907
f 2495/1907 2461/1904 2406/1906
f 2505/1905 2495/1907 2529/1908
f 2505/1905 2529/1908 2573/1909
f 2495/1907 2406/1906 2439/1910
f 2439/1910 2406/1906 2288/1903
f 2529/1908 2495/1907 2514/1911
f 2514/1911 2495/1907 2439/1910
f 2573/1909 2529/1908 2548/1912
f 2548/1912 2529/1908 2514/1911
f 2573/1909 2548/1912 2638/1913
f 2573/1909 2638/1913 2674/1914
f 2548/1912 2514/1911 2519/1915
f 2548/1912 2519/1915 2563/1916
f 2548/1912 2563/1916 2638/1913
f 2519/1915 2514/1911 2465/1917
f 2638/1913 2563/1916 2653/1918
f 2638/1913 2653/1918 2737/1919
f 2638/1913 2737/1919 2674/1914
f 2674/1914 2737/1919 2770/1920
f 2770/1920 2737/1919 2840/1921
f 2770/1920 2840/1921 2896/1922
f 2465/1917 2514/1911 2454/1923
f 2454/1923 2514/1911 2439/1910
f 2465/1917 2454/1923 2408/1924
f 2465/1917 2408/1924 2414/1925
f 2454/1923 2439/1910 2329/1926
f 2414/1925 2408/1924 2378/1927
f 2329/1926 2439/1910 2288/1903
f 2408/1924 2454/1923 2354/1928
f 2354/1928 2454/1923 2329/1926
f 2378/1927 2408/1924 2376/1929
f 2376/1929 2408/1924 2375/1930
f 2375/1930 2408/1924 2354/1928
f 2378/1927 2376/1929 2331/1931
f 2331/1931 2376/1929 2375/1930
f 2331/1931 2375/1930 2354/1928
f 2378/1927 2331/1931 2304/1932
f 2304/1932 2331/1931 2274/1933
f 2274/1933 2331/1931 2354/1928
f 2304/1932 2274/1933 2319/1934
f 2241/1935 2354/1928 2329/1926
f 2354/1928 2241/1935 2274/1933
f 2194/1936 2329/1926 2288/1903
f 2329/1926 2194/1936 2241/1935
f 2194/1936 2288/1903 2214/1897
f 2274/1933 2241/1935 2253/1937
f 2305/1938 2319/1934 2274/1933
f 2305/1938 2274/1933 2253/1937
f 2253/1937 2241/1935 2216/1939
f 2216/1939 2241/1935 2194/1936
f 2305/1938 2253/1937 2242/1940
f 2319/1934 2305/1938 2295/1941
f 2295/1941 2305/1938 2242/1940
f 2319/1934 2295/1941 2307/1942
f 2307/1942 2295/1941 2244/1943
f 2244/1943 2295/1941 2255/1944
f 2255/1944 2295/1941 2242/1940
f 2244/1943 2255/1944 2233/1945
f 2233/1945 2255/1944 2195/1946
f 2195/1946 2255/1944 2242/1940
f 2233/1945 2195/1946 2108/1947
f 2203/1948 2242/1940 2253/1937
f 2242/1940 2203/1948 2195/1946
f 2203/1948 2253/1937 2216/1939
f 2108/1947 2195/1946 2142/1949
f 2195/1946 2203/1948 2160/1950
f 2195/1946 2160/1950 2142/1949
f 2108/1947 2142/1949 2174/1951
f 2174/1951 2142/1949 2160/1950
f 2174/1951 2160/1950 2203/1948
f 2108/1947 2174/1951 2143/1952
f 2143/1952 2174/1951 2137/1953
f 2174/1951 2203/1948 2173/1954
f 2174/1951 2173/1954 2137/1953
f 2173/1954 2203/1948 2216/1939
f 2137/1953 2173/1954 2099/1955
f 2173/1954 2216/1939 2194/1936
f 2099/1955 2173/1954 2151/1956
f 2151/1956 2173/1954 2194/1936
f 2151/1956 2194/1936 2134/1957
f 2151/1956 2134/1957 2075/1958
f 2134/1957 2194/1936 2214/1897
f 2075/1958 2134/1957 1999/1959
f 2134/1957 2214/1897 2090/1960
f 2134/1957 2090/1960 1999/1959
f 2090/1960 2214/1897 2159/1890
f 2090/1960 2159/1890 1997/1892
f 2090/1960 1997/1892 1992/1961
f 2090/1960 1992/1961 1999/1959
f 1999/1959 1992/1961 1951/1962
f 1951/1962 1992/1961 1890/1963
f 1890/1963 1992/1961 1822/1964
f 2554/1965 2533/1966 2575/1967
f 1238/1968 1278/1969 1174/1970
f 1174/1970 1278/1969 1172/1971
f 1238/1968 1174/1970 1146/1972
f 1238/1968 1146/1972 1201/1973
f 1201/1973 1146/1972 1102/1974
f 1201/1973 1102/1974 1101/1975
f 1101/1975 1102/1974 1069/1976
f 1101/1975 1069/1976 1067/1977
f 1101/1975 1067/1977 1115/1978
f 1069/1976 1102/1974 1039/1979
f 1069/1976 1039/1979 1067/1977
f 1102/1974 1146/1972 1083/1980
f 1102/1974 1083/1980 1039/1979
f 1083/1980 1146/1972 1109/1981
f 1109/1981 1146/1972 1174/1970
f 1039/1979 1083/1980 1053/1982
f 1053/1982 1083/1980 1109/1981
f 1067/1977 1039/1979 1029/1983
f 1029/1983 1039/1979 1053/1982
f 1067/1977 1029/1983 1077/1984
f 1067/1977 1077/1984 1140/1985
f 1029/1983 1053/1982 1027/1986
f 1029/1983 1027/1986 1077/1984
f 1053/1982 1109/1981 1051/1987
f 1053/1982 1051/1987 1027/1986
f 1107/1988 1109/1981 1174/1970
f 1109/1981 1107/1988 1051/1987
f 1107/1988 1174/1970 1172/1971
f 1027/1986 1051/1987 1037/1989
f 1027/1986 1037/1989 1077/1984
f 1051/1987 1107/1988 1080/1990
f 1051/1987 1080/1990 1037/1989
f 1077/1984 1037/1989 1065/1991
f 1080/1990 1107/1988 1143/1992
f 1143/1992 1107/1988 1172/1971
f 1037/1989 1080/1990 1098/1993
f 1037/1989 1098/1993 1065/1991
f 1098/1993 1080/1990 1143/1992
f 1077/1984 1065/1991 1097/1994
f 1097/1994 1065/1991 1098/1993
f 1077/1984 1097/1994 1140/1985
f 1140/1985 1097/1994 1170/1995
f 1097/1994 1098/1993 1195/1996
f 1097/1994 1195/1996 1170/1995
f 1195/1996 1098/1993 1143/1992
f 1170/1995 1195/1996 1302/1997
f 1195/1996 1143/1992 1235/1998
f 1195/1996 1235/1998 1302/1997
f 1235/1998 1143/1992 1172/1971
f 1302/1997 1235/1998 1339/1999
f 1235/1998 1172/1971 1276/2000
f 1235/1998 1276/2000 1339/1999
f 1278/2001 1238/2002 1341/2003
f 1278/2001 1341/2003 1346/2004
f 1341/2003 1238/2002 1305/2005
f 1305/2005 1238/2002 1201/2006
f 1346/2004 1341/2003 1357/2007
f 1305/2005 1201/2006 1176/2008
f 1176/2008 1201/2006 1101/2009
f 1176/2008 1101/2009 1115/2010
f 1176/2008 1115/2010 1199/2011
f 1305/2005 1176/2008 1280/2012
f 1280/2012 1176/2008 1199/2011
f 1280/2012 1199/2011 1306/2013
f 1306/2013 1199/2011 1239/2014
f 1305/2005 1280/2012 1348/2015
f 1348/2015 1280/2012 1306/2013
f 1305/2005 1348/2015 1341/2003
f 1348/2015 1306/2013 1351/2016
f 1341/2003 1348/2015 1354/2017
f 1354/2017 1348/2015 1351/2016
f 1341/2003 1354/2017 1357/2007
f 1354/2017 1351/2016 1360/2018
f 1354/2017 1360/2018 1362/2019
f 1354/2017 1362/2019 1357/2007
f 1357/2007 1362/2019 1356/2020
f 1357/2007 1356/2020 1346/2004
f 1356/2020 1362/2019 1361/2021
f 1346/2004 1356/2020 1339/2022
f 1346/2004 1339/2022 1276/2023
f 1356/2020 1361/2021 1352/2024
f 1356/2020 1352/2024 1339/2022
f 1352/2024 1361/2021 1358/2025
f 1339/2022 1352/2024 1343/2026
f 1343/2026 1352/2024 1358/2025
f 1343/2026 1358/2025 1350/2027
f 1339/2022 1343/2026 1302/2028
f 1343/2026 1350/2027 1303/2029
f 1302/2028 1343/2026 1273/2030
f 1273/2030 1343/2026 1303/2029
f 1302/2028 1273/2030 1170/2031
f 1273/2030 1303/2029 1231/2032
f 1273/2030 1231/2032 1170/2031
f 1231/2032 1303/2029 1275/2033
f 1170/2031 1231/2032 1140/2034
f 1231/2032 1275/2033 1199/2035
f 1199/2035 1275/2033 1239/2036
f 1231/2032 1199/2035 1115/2037
f 1231/2032 1115/2037 1140/2034
f 1140/2034 1115/2037 1067/2038
f 1172/2039 1278/2040 1276/2041
f 1276/2041 1278/2040 1346/2042
f 1239/2043 1275/2044 1200/2045
f 1239/2043 1200/2045 1306/2046
f 1200/2045 1275/2044 1232/2047
f 1232/2047 1275/2044 1303/2048
f 1306/2046 1200/2045 1281/2049
f 1306/2046 1281/2049 1349/2050
f 1349/2050 1281/2049 1307/2051
f 1307/2051 1281/2049 1177/2052
f 1177/2052 1281/2049 1200/2045
f 1307/2051 1177/2052 1202/2053
f 1177/2052 1200/2045 1116/2054
f 1116/2054 1200/2045 1232/2047
f 1202/2053 1177/2052 1104/2055
f 1104/2055 1177/2052 1116/2054
f 1202/2053 1104/2055 1103/2056
f 1202/2053 1103/2056 1147/2057
f 1103/2056 1104/2055 1070/2058
f 1104/2055 1116/2054 1068/2059
f 1104/2055 1068/2059 1070/2058
f 1103/2056 1070/2058 1040/2060
f 1040/2060 1070/2058 1068/2059
f 1147/2057 1103/2056 1084/2061
f 1084/2061 1103/2056 1040/2060
f 1147/2057 1084/2061 1110/2062
f 1068/2059 1116/2054 1141/2063
f 1141/2063 1116/2054 1232/2047
f 1040/2060 1068/2059 1030/2064
f 1084/2061 1040/2060 1054/2065
f 1084/2061 1054/2065 1110/2062
f 1054/2065 1040/2060 1030/2064
f 1030/2064 1068/2059 1078/2066
f 1078/2066 1068/2059 1141/2063
f 1054/2065 1030/2064 1028/2067
f 1028/2067 1030/2064 1078/2066
f 1110/2062 1054/2065 1052/2068
f 1052/2068 1054/2065 1028/2067
f 1110/2062 1052/2068 1108/2069
f 1028/2067 1078/2066 1038/2070
f 1028/2067 1038/2070 1052/2068
f 1038/2070 1078/2066 1066/2071
f 1108/2069 1052/2068 1082/2072
f 1082/2072 1052/2068 1038/2070
f 1108/2069 1082/2072 1145/2073
f 1082/2072 1038/2070 1100/2074
f 1082/2072 1100/2074 1145/2073
f 1100/2074 1038/2070 1066/2071
f 1145/2073 1100/2074 1196/2075
f 1099/2076 1066/2071 1078/2066
f 1066/2071 1099/2076 1100/2074
f 1100/2074 1099/2076 1196/2075
f 1099/2076 1078/2066 1141/2063
f 1196/2075 1099/2076 1171/2077
f 1171/2077 1099/2076 1141/2063
f 1196/2075 1171/2077 1304/2078
f 1171/2077 1141/2063 1232/2047
f 1304/2078 1171/2077 1274/2079
f 1274/2079 1171/2077 1232/2047
f 1304/2078 1274/2079 1344/2080
f 1274/2079 1232/2047 1303/2048
f 1274/2079 1303/2048 1344/2080
f 1344/2080 1303/2048 1350/2081
f 1306/2082 1349/2083 1351/2084
f 1351/2084 1349/2083 1360/2085
f 1360/2085 1349/2083 1355/2086
f 1360/2085 1355/2086 1362/2087
f 1355/2086 1349/2083 1342/2088
f 1362/2087 1355/2086 1359/2089
f 1342/2088 1349/2083 1307/2090
f 1362/2087 1359/2089 1361/2091
f 1355/2086 1342/2088 1347/2092
f 1355/2086 1347/2092 1359/2089
f 1342/2088 1307/2090 1240/2093
f 1240/2093 1307/2090 1202/2094
f 1240/2093 1202/2094 1147/2095
f 1342/2088 1240/2093 1279/2096
f 1342/2088 1279/2096 1347/2092
f 1240/2093 1147/2095 1175/2097
f 1240/2093 1175/2097 1279/2096
f 1175/2097 1147/2095 1110/2098
f 1175/2097 1110/2098 1108/2099
f 1175/2097 1108/2099 1173/2100
f 1175/2097 1173/2100 1279/2096
f 1173/2100 1108/2099 1145/2101
f 1345/2102 1347/2092 1279/2096
f 1347/2092 1345/2102 1359/2089
f 1279/2096 1173/2100 1277/2103
f 1279/2096 1277/2103 1345/2102
f 1173/2100 1145/2101 1237/2104
f 1173/2100 1237/2104 1277/2103
f 1237/2104 1145/2101 1196/2105
f 1237/2104 1196/2105 1304/2106
f 1277/2103 1237/2104 1340/2107
f 1277/2103 1340/2107 1345/2102
f 1340/2107 1237/2104 1304/2106
f 1345/2102 1340/2107 1359/2089
f 1340/2107 1304/2106 1344/2108
f 1359/2089 1340/2107 1353/2109
f 1353/2109 1340/2107 1344/2108
f 1359/2089 1353/2109 1361/2091
f 1353/2109 1344/2108 1350/2110
f 1361/2091 1353/2109 1358/2111
f 1358/2111 1353/2109 1350/2110
f 1270/2112 1267/2113 1192/2114
f 1267/2113 1270/2112 1272/2115
f 1267/2113 1272/2115 1265/2116
f 1265/2116 1272/2115 1263/2117
f 1263/2117 1272/2115 1264/2118
f 1192/2119 1267/2120 1190/2121
f 1190/2121 1267/2120 1189/2122
f 1189/2122 1267/2120 1265/2123
f 1190/2121 1189/2122 1211/2124
f 1211/2124 1189/2122 1265/2123
f 1190/2121 1211/2124 1192/2119
f 1211/2124 1265/2123 1263/2125
f 1211/2124 1263/2125 1264/2126
f 1211/2124 1264/2126 1228/2127
f 1211/2124 1228/2127 1213/2128
f 1192/2119 1211/2124 1194/2129
f 1192/2119 1194/2129 1270/2130
f 1194/2129 1211/2124 1214/2131
f 1272/2132 1270/2133 1194/2134
f 1272/2132 1194/2134 1269/2135
f 1269/2135 1194/2134 1214/2136
f 1272/2132 1269/2135 1294/2137
f 1294/2137 1269/2135 1214/2136
f 1272/2132 1294/2137 1264/2138
f 1294/2137 1214/2136 1213/2139
f 1294/2137 1213/2139 1264/2138
f 1213/2139 1214/2136 1211/2140
f 1264/2138 1213/2139 1228/2141
f 964/2142 966/2143 968/2144
f 964/2142 968/2144 962/2145
f 968/2144 966/2143 974/2146
f 974/2146 966/2143 927/2147
f 974/2146 927/2147 958/2148
f 968/2144 974/2146 960/2149
f 960/2149 974/2146 958/2148
f 968/2144 960/2149 962/2145
f 960/2149 958/2148 936/2150
f 960/2149 936/2150 952/2151
f 962/2145 960/2149 938/2152
f 938/2152 960/2149 952/2151
f 962/2145 938/2152 964/2142
f 964/2142 938/2152 940/2153
f 940/2153 938/2152 887/2154
f 938/2152 952/2151 909/2155
f 887/2154 938/2152 861/2156
f 861/2156 938/2152 909/2155
f 861/2156 909/2155 885/2157
f 861/2156 885/2157 858/2158
f 936/2159 958/2160 927/2161
f 936/2159 927/2161 873/2162
f 936/2159 873/2162 885/2163
f 885/2163 873/2162 858/2164
f 936/2159 885/2163 952/2165
f 952/2165 885/2163 909/2166
f 873/2167 927/2168 966/2169
f 873/2167 966/2169 858/2170
f 858/2170 966/2169 875/2171
f 858/2170 875/2171 861/2172
f 875/2171 966/2169 929/2173
f 929/2173 966/2169 964/2174
f 861/2172 875/2171 889/2175
f 861/2172 889/2175 887/2176
f 875/2171 929/2173 942/2177
f 875/2171 942/2177 889/2175
f 942/2177 929/2173 964/2174
f 889/2175 942/2177 887/2176
f 942/2177 964/2174 940/2178
f 942/2177 940/2178 887/2176
f 697/2179 698/2180 620/2181
f 620/2181 698/2180 556/2182
f 697/2179 620/2181 619/2183
f 619/2183 620/2181 556/2182
f 697/2184 619/2185 615/2186
f 615/2186 619/2185 555/2187
f 555/2187 619/2185 556/2188
f 697/2184 615/2186 616/2189
f 616/2189 615/2186 555/2187
f 616/2189 555/2187 556/2188
f 697/2184 616/2189 698/2190
f 698/2190 616/2189 556/2188
f 321/2191 323/2192 224/2193
f 321/2191 224/2193 231/2194
f 231/2194 224/2193 1520/2195
f 224/2193 323/2192 220/2196
f 224/2193 220/2196 1522/2197
f 220/2196 323/2192 328/2198
f 1522/2197 220/2196 212/2199
f 212/2199 220/2196 328/2198
f 1520/2200 224/2201 1522/2202
f 1520/2200 1522/2202 2009/2203
f 231/2204 1520/2205 1525/2206
f 1525/2206 1520/2205 2015/2207
f 231/2208 1525/2209 229/2210
f 2013/2211 1525/2212 2015/2213
f 2009/2214 2015/2215 1520/2216
f 1997/2217 1522/2218 1524/2219
f 1524/2219 1522/2218 212/2220
f 1997/2217 1524/2219 1992/2221
f 1992/2221 1524/2219 1516/2222
f 1516/2222 1524/2219 201/2223
f 1992/2221 1516/2222 1822/2224
f 91/2225 1416/2226 1516/2222
f 1516/2222 1416/2226 1469/2227
f 1469/2227 1416/2226 1449/2228
f 1516/2222 1469/2227 1499/2229
f 1499/2229 1469/2227 1449/2228
f 1449/2228 1416/2226 1411/2230
f 1411/2230 1416/2226 84/2231
f 1449/2228 1411/2230 1427/2232
f 1406/2233 1411/2230 79/2234
f 1411/2230 1406/2233 1427/2232
f 1499/2229 1449/2228 1467/2235
f 1467/2235 1449/2228 1427/2232
f 1467/2235 1427/2232 1451/2236
f 1451/2236 1427/2232 1455/2237
f 1467/2235 1451/2236 1471/2238
f 1471/2238 1451/2236 1455/2237
f 1455/2237 1427/2232 1453/2239
f 1455/2237 1453/2239 1471/2238
f 1418/2240 1427/2232 1406/2233
f 1427/2232 1418/2240 1453/2239
f 1418/2240 1406/2233 1390/2241
f 1390/2241 1406/2233 14/2242
f 1390/2241 14/2242 1393/2243
f 1390/2241 1393/2243 1418/2240
f 1418/2240 1393/2243 1421/2244
f 1418/2240 1421/2244 1453/2239
f 1421/2244 1393/2243 1401/2245
f 1401/2245 1393/2243 18/2246
f 1453/2239 1421/2244 1468/2247
f 1453/2239 1468/2247 1471/2238
f 1421/2244 1401/2245 1454/2248
f 1421/2244 1454/2248 1468/2247
f 1471/2238 1468/2247 1509/2249
f 1471/2238 1509/2249 1467/2235
f 1509/2249 1468/2247 1493/2250
f 1493/2250 1468/2247 1454/2248
f 1467/2235 1509/2249 1499/2229
f 1509/2249 1493/2250 1512/2251
f 1512/2251 1493/2250 1454/2248
f 1509/2249 1512/2251 1499/2229
f 1413/2252 1454/2248 1401/2245
f 1413/2252 1401/2245 1375/2253
f 1375/2253 1401/2245 1/2254
f 1454/2248 1413/2252 1473/2255
f 1454/2248 1473/2255 1512/2251
f 1413/2252 1375/2253 1377/2256
f 1377/2256 1375/2253 1/2254
f 1377/2256 1/2254 3/2257
f 1413/2252 1377/2256 1475/2258
f 1413/2252 1475/2258 1473/2255
f 1377/2256 3/2257 1379/2259
f 1377/2256 1379/2259 1475/2258
f 1379/2259 3/2257 5/2260
f 1473/2255 1475/2258 1568/2261
f 1473/2255 1568/2261 1512/2251
f 1379/2259 5/2260 1381/2262
f 1381/2262 5/2260 7/2263
f 1475/2258 1379/2259 1482/2264
f 1482/2264 1379/2259 1381/2262
f 1475/2258 1482/2264 1574/2265
f 1475/2258 1574/2265 1568/2261
f 1381/2262 7/2263 1383/2266
f 1383/2266 7/2263 9/2267
f 1482/2264 1381/2262 1495/2268
f 1495/2268 1381/2262 1383/2266
f 1574/2265 1482/2264 1576/2269
f 1576/2269 1482/2264 1495/2268
f 1383/2266 9/2267 1385/2270
f 1385/2270 9/2267 11/2271
f 1495/2268 1383/2266 1501/2272
f 1501/2272 1383/2266 1385/2270
f 1385/2270 11/2271 1387/2273
f 1387/2273 11/2271 13/2274
f 1385/2270 1387/2273 1505/2275
f 1385/2270 1505/2275 1503/2276
f 1385/2270 1503/2276 1501/2272
f 1503/2276 1505/2275 1591/2277
f 1503/2276 1591/2277 1590/2278
f 1501/2272 1503/2276 1583/2279
f 1583/2279 1503/2276 1590/2278
f 1590/2278 1591/2277 1663/2280
f 1590/2278 1663/2280 1583/2279
f 1663/2280 1591/2277 1676/2281
f 1663/2280 1676/2281 1785/2282
f 1578/2283 1495/2268 1501/2272
f 1578/2283 1501/2272 1583/2279
f 1495/2268 1578/2283 1576/2269
f 1663/2280 1785/2282 1784/2284
f 1784/2284 1785/2282 1869/2285
f 1656/2286 1583/2279 1663/2280
f 1656/2286 1663/2280 1784/2284
f 1578/2283 1583/2279 1650/2287
f 1650/2287 1583/2279 1656/2286
f 1576/2269 1578/2283 1640/2288
f 1640/2288 1578/2283 1650/2287
f 1576/2269 1640/2288 1629/2289
f 1576/2269 1629/2289 1574/2265
f 1656/2286 1784/2284 1777/2290
f 1656/2286 1777/2290 1650/2287
f 1867/2291 1784/2284 1869/2285
f 1784/2284 1867/2291 1777/2290
f 1867/2291 1869/2285 1895/2292
f 1574/2265 1629/2289 1617/2293
f 1574/2265 1617/2293 1568/2261
f 1777/2290 1867/2291 1859/2294
f 1867/2291 1895/2292 1894/2295
f 1867/2291 1894/2295 1859/2294
f 1894/2295 1895/2292 1930/2296
f 1930/2296 1895/2292 1931/2297
f 1930/2296 1931/2297 1969/2298
f 1894/2295 1930/2296 1878/2299
f 1894/2295 1878/2299 1859/2294
f 1777/2290 1859/2294 1759/2300
f 1777/2290 1759/2300 1650/2287
f 1650/2287 1759/2300 1741/2301
f 1650/2287 1741/2301 1640/2288
f 1759/2300 1859/2294 1844/2302
f 1759/2300 1844/2302 1741/2301
f 1859/2294 1878/2299 1876/2303
f 1859/2294 1876/2303 1844/2302
f 1640/2288 1741/2301 1715/2304
f 1640/2288 1715/2304 1629/2289
f 1741/2301 1844/2302 1824/2305
f 1741/2301 1824/2305 1715/2304
f 1844/2302 1876/2303 1902/2306
f 1844/2302 1902/2306 1824/2305
f 1629/2289 1715/2304 1689/2307
f 1629/2289 1689/2307 1617/2293
f 1715/2304 1824/2305 1776/2308
f 1715/2304 1776/2308 1689/2307
f 1824/2305 1902/2306 1986/2309
f 1902/2306 1876/2303 1954/2310
f 1902/2306 1954/2310 1986/2309
f 1954/2310 1876/2303 1911/2311
f 1911/2311 1876/2303 1878/2299
f 1776/2308 1824/2305 1924/2312
f 1924/2312 1824/2305 1986/2309
f 1911/2311 1878/2299 1913/2313
f 1913/2313 1878/2299 1930/2296
f 1954/2310 1911/2311 1972/2314
f 1913/2313 1930/2296 1968/2315
f 1968/2315 1930/2296 1969/2298
f 1911/2311 1913/2313 1956/2316
f 1911/2311 1956/2316 1972/2314
f 1913/2313 1968/2315 1967/2317
f 1913/2313 1967/2317 1956/2316
f 1968/2315 1969/2298 1927/2318
f 1927/2318 1969/2298 1929/2319
f 1967/2317 1968/2315 1909/2320
f 1909/2320 1968/2315 1927/2318
f 1967/2317 1909/2320 1956/2316
f 1927/2318 1929/2319 2101/2321
f 1956/2316 1909/2320 1907/2322
f 1956/2316 1907/2322 1972/2314
f 1909/2320 1927/2318 2091/2323
f 1909/2320 2091/2323 1907/2322
f 2091/2323 1927/2318 2101/2321
f 2244/2324 2233/2325 2101/2321
f 2101/2321 2233/2325 2091/2323
f 2091/2323 2233/2325 2108/2326
f 1972/2314 1907/2322 1953/2327
f 2091/2323 2108/2326 2069/2328
f 2091/2323 2069/2328 1984/2329
f 1984/2329 2069/2328 2108/2326
f 2091/2323 1984/2329 1907/2322
f 1907/2322 1984/2329 1953/2327
f 1984/2329 2108/2326 2143/2330
f 1953/2327 1984/2329 2001/2331
f 2001/2331 1984/2329 2143/2330
f 1953/2327 2001/2331 1972/2314
f 2001/2331 2143/2330 2137/2332
f 1972/2314 2001/2331 1994/2333
f 1994/2333 2001/2331 2137/2332
f 1972/2314 1994/2333 1954/2310
f 1954/2310 1994/2333 1986/2309
f 1994/2333 2137/2332 2099/2334
f 1994/2333 2099/2334 1986/2309
f 1986/2309 2099/2334 1924/2312
f 1924/2312 2099/2334 2075/2335
f 2075/2335 2099/2334 2151/2336
f 1924/2312 2075/2335 1836/2337
f 1924/2312 1836/2337 1776/2308
f 1836/2337 2075/2335 1999/2338
f 1776/2308 1836/2337 1733/2339
f 1776/2308 1733/2339 1689/2307
f 1836/2337 1999/2338 1793/2340
f 1836/2337 1793/2340 1733/2339
f 1689/2307 1733/2339 1648/2341
f 1689/2307 1648/2341 1617/2293
f 1733/2339 1793/2340 1714/2342
f 1733/2339 1714/2342 1648/2341
f 1793/2340 1999/2338 1922/2343
f 1922/2343 1999/2338 1951/2344
f 1617/2293 1648/2341 1605/2345
f 1617/2293 1605/2345 1568/2261
f 1568/2261 1605/2345 1566/2346
f 1568/2261 1566/2346 1512/2251
f 1605/2345 1648/2341 1604/2347
f 1605/2345 1604/2347 1566/2346
f 1512/2251 1566/2346 1547/2348
f 1512/2251 1547/2348 1537/2349
f 1512/2251 1537/2349 1499/2229
f 1547/2348 1566/2346 1556/2350
f 1547/2348 1556/2350 1537/2349
f 1556/2350 1566/2346 1573/2351
f 1573/2351 1566/2346 1604/2347
f 1537/2349 1556/2350 1544/2352
f 1556/2350 1573/2351 1558/2353
f 1556/2350 1558/2353 1544/2352
f 1558/2353 1573/2351 1570/2354
f 1570/2354 1573/2351 1604/2347
f 1544/2352 1558/2353 1552/2355
f 1552/2355 1558/2353 1570/2354
f 1537/2349 1544/2352 1543/2356
f 1543/2356 1544/2352 1552/2355
f 1536/2357 1499/2229 1537/2349
f 1536/2357 1537/2349 1543/2356
f 1499/2229 1536/2357 1516/2222
f 1543/2356 1552/2355 1550/2358
f 1516/2222 1536/2357 1540/2359
f 1543/2356 1550/2358 1554/2360
f 1536/2357 1543/2356 1548/2361
f 1548/2361 1543/2356 1554/2360
f 1536/2357 1548/2361 1540/2359
f 1554/2360 1550/2358 1564/2362
f 1564/2362 1550/2358 1552/2355
f 1554/2360 1564/2362 1548/2361
f 1564/2362 1552/2355 1570/2354
f 1560/2363 1516/2222 1540/2359
f 1560/2363 1540/2359 1548/2361
f 1516/2222 1560/2363 1822/2224
f 1560/2363 1548/2361 1562/2364
f 1560/2363 1562/2364 1822/2224
f 1562/2364 1548/2361 1564/2362
f 1564/2362 1570/2354 1601/2365
f 1601/2365 1570/2354 1604/2347
f 1601/2365 1604/2347 1635/2366
f 1601/2365 1635/2366 1564/2362
f 1635/2366 1604/2347 1638/2367
f 1638/2367 1604/2347 1648/2341
f 1638/2367 1648/2341 1714/2342
f 1635/2366 1638/2367 1697/2368
f 1635/2366 1697/2368 1564/2362
f 1697/2368 1638/2367 1714/2342
f 1564/2362 1697/2368 1758/2369
f 1758/2369 1697/2368 1714/2342
f 1564/2362 1758/2369 1791/2370
f 1564/2362 1791/2370 1562/2364
f 1758/2369 1714/2342 1774/2371
f 1774/2371 1714/2342 1793/2340
f 1791/2370 1758/2369 1857/2372
f 1857/2372 1758/2369 1774/2371
f 1562/2364 1791/2370 1811/2373
f 1562/2364 1811/2373 1822/2224
f 1774/2371 1793/2340 1892/2374
f 1774/2371 1892/2374 1857/2372
f 1892/2374 1793/2340 1922/2343
f 1791/2370 1857/2372 1834/2375
f 1791/2370 1834/2375 1811/2373
f 1857/2372 1892/2374 1855/2376
f 1857/2372 1855/2376 1834/2375
f 1892/2374 1922/2343 1901/2377
f 1892/2374 1901/2377 1855/2376
f 1901/2377 1922/2343 1951/2344
f 1834/2375 1855/2376 1866/2378
f 1866/2378 1855/2376 1901/2377
f 1834/2375 1866/2378 1811/2373
f 1866/2378 1901/2377 1951/2344
f 1811/2373 1866/2378 1822/2224
f 1866/2378 1951/2344 1890/2379
f 1866/2378 1890/2379 1822/2224
f 169/2380 159/2381 201/2382
f 169/2380 201/2382 155/2383
f 201/2382 159/2381 91/2384
f 201/2382 91/2384 1516/2385
f 91/2384 159/2381 144/2386
f 169/2380 155/2383 153/2387
f 169/2380 153/2387 159/2381
f 159/2381 153/2387 144/2386
f 144/2386 153/2387 122/2388
f 122/2388 153/2387 132/2389
f 144/2386 122/2388 84/2390
f 122/2388 132/2389 79/2391
f 122/2388 79/2391 84/2390
f 84/2390 79/2391 1411/2392
f 144/2393 84/2394 91/2395
f 91/2395 84/2394 1416/2396
f 1723/2397 1693/2398 1739/2399
f 1693/2398 1723/2397 1673/2400
f 1693/2398 1673/2400 1684/2401
f 1693/2398 1684/2401 1705/2402
f 1693/2398 1705/2402 1739/2399
f 1705/2402 1684/2401 1696/2403
f 1705/2402 1696/2403 1738/2404
f 1738/2404 1696/2403 1720/2405
f 1705/2402 1738/2404 1771/2406
f 1705/2402 1771/2406 1739/2399
f 1771/2406 1738/2404 1779/2407
f 1771/2406 1779/2407 1863/2408
f 1739/2399 1771/2406 1817/2409
f 1739/2399 1817/2409 1780/2410
f 1739/2399 1780/2410 1723/2397
f 1709/2411 1673/2400 1723/2397
f 1673/2400 1709/2411 1672/2412
f 1709/2411 1723/2397 1752/2413
f 1672/2412 1709/2411 1708/2414
f 1708/2414 1709/2411 1752/2413
f 1672/2412 1708/2414 1722/2415
f 1672/2412 1722/2415 1687/2416
f 1722/2415 1708/2414 1751/2417
f 1751/2417 1708/2414 1752/2413
f 1687/2416 1722/2415 1864/2418
f 1722/2415 1751/2417 1765/2419
f 1722/2415 1765/2419 1864/2418
f 1687/2416 1864/2418 1744/2420
f 1744/2420 1864/2418 1959/2421
f 1765/2419 1751/2417 1830/2422
f 1765/2419 1830/2422 1864/2418
f 1959/2421 1864/2418 2106/2423
f 1959/2421 2106/2423 2180/2424
f 1864/2418 1830/2422 1944/2425
f 1864/2418 1944/2425 2058/2426
f 1864/2418 2058/2426 2106/2423
f 1944/2425 1830/2422 1947/2427
f 1944/2425 1947/2427 2058/2426
f 1810/2428 1830/2422 1751/2417
f 1830/2422 1810/2428 1947/2427
f 1810/2428 1751/2417 1752/2413
f 2352/2429 2180/2424 2106/2423
f 2180/2424 2352/2429 2421/2430
f 2128/2431 2106/2423 2058/2426
f 2352/2429 2106/2423 2220/2432
f 2220/2432 2106/2423 2128/2431
f 2352/2429 2220/2432 2327/2433
f 2352/2429 2327/2433 2384/2434
f 2384/2434 2327/2433 2347/2435
f 2347/2435 2327/2433 2220/2432
f 2384/2434 2347/2435 2398/2436
f 2398/2436 2347/2435 2399/2437
f 2347/2435 2220/2432 2228/2438
f 2228/2438 2220/2432 2128/2431
f 2399/2437 2347/2435 2348/2439
f 2348/2439 2347/2435 2228/2438
f 2399/2437 2348/2439 2385/2440
f 2228/2438 2128/2431 2130/2441
f 2130/2441 2128/2431 2058/2426
f 2348/2439 2228/2438 2229/2442
f 2130/2441 2058/2426 2060/2443
f 2228/2438 2130/2441 2131/2444
f 2228/2438 2131/2444 2229/2442
f 2131/2444 2130/2441 2060/2443
f 2060/2443 2058/2426 1947/2427
f 2060/2443 1947/2427 1948/2445
f 1948/2445 1947/2427 1810/2428
f 2131/2444 2060/2443 2061/2446
f 2061/2446 2060/2443 1948/2445
f 2229/2442 2131/2444 2119/2447
f 2119/2447 2131/2444 2061/2446
f 2229/2442 2119/2447 2219/2448
f 2229/2442 2219/2448 2348/2439
f 2119/2447 2061/2446 2056/2449
f 2056/2449 2061/2446 1948/2445
f 2119/2447 2056/2449 2118/2450
f 2119/2447 2118/2450 2219/2448
f 2056/2449 1948/2445 1943/2451
f 2348/2439 2219/2448 2325/2452
f 2348/2439 2325/2452 2385/2440
f 2325/2452 2219/2448 2285/2453
f 2385/2440 2325/2452 2359/2454
f 2359/2454 2325/2452 2285/2453
f 2385/2440 2359/2454 2405/2455
f 2285/2453 2219/2448 2200/2456
f 2285/2453 2200/2456 2359/2454
f 2200/2456 2219/2448 2118/2450
f 1965/2457 2118/2450 2056/2449
f 1965/2457 2056/2449 1943/2451
f 2118/2450 1965/2457 2200/2456
f 1965/2457 1943/2451 1850/2458
f 1965/2457 1850/2458 1980/2459
f 1965/2457 1980/2459 2200/2456
f 1850/2458 1943/2451 1831/2460
f 1831/2460 1943/2451 1948/2445
f 1850/2458 1831/2460 1780/2410
f 1850/2458 1780/2410 1980/2459
f 1831/2460 1948/2445 1819/2461
f 1819/2461 1948/2445 1810/2428
f 1819/2461 1810/2428 1752/2413
f 1831/2460 1819/2461 1764/2462
f 1764/2462 1819/2461 1752/2413
f 1831/2460 1764/2462 1780/2410
f 1764/2462 1752/2413 1723/2397
f 1764/2462 1723/2397 1780/2410
f 1980/2459 1780/2410 1817/2409
f 1980/2459 1817/2409 1900/2463
f 2067/2464 2200/2456 1980/2459
f 2067/2464 1980/2459 1900/2463
f 2200/2456 2067/2464 2104/2465
f 1900/2463 1817/2409 1799/2466
f 1799/2466 1817/2409 1771/2406
f 2067/2464 1900/2463 1979/2467
f 1799/2466 1771/2406 1803/2468
f 1900/2463 1799/2466 1842/2469
f 1842/2469 1799/2466 1803/2468
f 1900/2463 1842/2469 1872/2470
f 1900/2463 1872/2470 1979/2467
f 1842/2469 1803/2468 1848/2471
f 1842/2469 1848/2471 1872/2470
f 1803/2468 1771/2406 1797/2472
f 1979/2467 1872/2470 1964/2473
f 1964/2473 1872/2470 1848/2471
f 2054/2474 2067/2464 1979/2467
f 2067/2464 2054/2474 2104/2465
f 1979/2467 1964/2473 2073/2475
f 1979/2467 2073/2475 2054/2474
f 2104/2465 2054/2474 2097/2476
f 2097/2476 2054/2474 2073/2475
f 2104/2465 2097/2476 2170/2477
f 2104/2465 2170/2477 2211/2478
f 2104/2465 2211/2478 2200/2456
f 2200/2456 2211/2478 2359/2454
f 2170/2477 2097/2476 2168/2479
f 2168/2479 2097/2476 2073/2475
f 2359/2454 2211/2478 2312/2480
f 2211/2478 2170/2477 2209/2481
f 2209/2481 2170/2477 2168/2479
f 2211/2478 2209/2481 2266/2482
f 2211/2478 2266/2482 2312/2480
f 2266/2482 2209/2481 2238/2483
f 2312/2480 2266/2482 2250/2484
f 2250/2484 2266/2482 2238/2483
f 2238/2483 2209/2481 2226/2485
f 2226/2485 2209/2481 2168/2479
f 2238/2483 2226/2485 2250/2484
f 2312/2480 2250/2484 2264/2486
f 2312/2480 2264/2486 2218/2487
f 2312/2480 2218/2487 2165/2488
f 2264/2486 2250/2484 2207/2489
f 2264/2486 2207/2489 2218/2487
f 2207/2489 2250/2484 2208/2490
f 2208/2490 2250/2484 2226/2485
f 2218/2487 2207/2489 2166/2491
f 2218/2487 2166/2491 2165/2488
f 2207/2489 2208/2490 2112/2492
f 2207/2489 2112/2492 2166/2491
f 2165/2488 2166/2491 2094/2493
f 2094/2493 2166/2491 2112/2492
f 2165/2488 2094/2493 2065/2494
f 2208/2490 2226/2485 2138/2495
f 2208/2490 2138/2495 2112/2492
f 2094/2493 2112/2492 2041/2496
f 2094/2493 2041/2496 2065/2494
f 2065/2494 2041/2496 1915/2497
f 2065/2494 1915/2497 1863/2408
f 1915/2497 2041/2496 1976/2498
f 2041/2496 2112/2492 2006/2499
f 2041/2496 2006/2499 1976/2498
f 1915/2497 1976/2498 1870/2500
f 1870/2500 1976/2498 2006/2499
f 1863/2408 1915/2497 1814/2501
f 1814/2501 1915/2497 1870/2500
f 1863/2408 1814/2501 1771/2406
f 1771/2406 1814/2501 1797/2472
f 1814/2501 1870/2500 1841/2502
f 1814/2501 1841/2502 1797/2472
f 1841/2502 1870/2500 1853/2503
f 1853/2503 1870/2500 2006/2499
f 1797/2472 1841/2502 1809/2504
f 1809/2504 1841/2502 1853/2503
f 1797/2472 1809/2504 1803/2468
f 1803/2468 1809/2504 1848/2471
f 1848/2471 1809/2504 1920/2505
f 1848/2471 1920/2505 1964/2473
f 1809/2504 1853/2503 1905/2506
f 1853/2503 2006/2499 1977/2507
f 1853/2503 1977/2507 1905/2506
f 1809/2504 1905/2506 1886/2508
f 1809/2504 1886/2508 1920/2505
f 1920/2505 1886/2508 1971/2509
f 1971/2509 1886/2508 1918/2510
f 1996/2511 1964/2473 1920/2505
f 1920/2505 1971/2509 2008/2512
f 2008/2512 1971/2509 1918/2510
f 1920/2505 2008/2512 1996/2511
f 1964/2473 1996/2511 2073/2475
f 1918/2510 1886/2508 1962/2513
f 1962/2513 1886/2508 1905/2506
f 1918/2510 1962/2513 2008/2512
f 1962/2513 1905/2506 1989/2514
f 1962/2513 1989/2514 2008/2512
f 1989/2514 1905/2506 1977/2507
f 2073/2475 1996/2511 2072/2515
f 2072/2515 1996/2511 2071/2516
f 2071/2516 1996/2511 2008/2512
f 2073/2475 2072/2515 2103/2517
f 2103/2517 2072/2515 2071/2516
f 2073/2475 2103/2517 2168/2479
f 2168/2479 2103/2517 2158/2518
f 2103/2517 2071/2516 2087/2519
f 2087/2519 2071/2516 2008/2512
f 2103/2517 2087/2519 2158/2518
f 2087/2519 2008/2512 2126/2520
f 2087/2519 2126/2520 2158/2518
f 2168/2479 2158/2518 2226/2485
f 2126/2520 2008/2512 2125/2521
f 2126/2520 2125/2521 2158/2518
f 2226/2485 2158/2518 2156/2522
f 2156/2522 2158/2518 2125/2521
f 2226/2485 2156/2522 2138/2495
f 2125/2521 2008/2512 2102/2523
f 2125/2521 2102/2523 2156/2522
f 2156/2522 2102/2523 2138/2495
f 2102/2523 2008/2512 1989/2514
f 2138/2495 2102/2523 2079/2524
f 2079/2524 2102/2523 1989/2514
f 2079/2524 1989/2514 2043/2525
f 2138/2495 2079/2524 2078/2526
f 2078/2526 2079/2524 2043/2525
f 2138/2495 2078/2526 2112/2492
f 2112/2492 2078/2526 2006/2499
f 2078/2526 2043/2525 2007/2527
f 2007/2527 2043/2525 1989/2514
f 2078/2526 2007/2527 2006/2499
f 2007/2527 1989/2514 1977/2507
f 2007/2527 1977/2507 2006/2499
f 1684/2528 1673/2529 1661/2530
f 1661/2530 1673/2529 1660/2531
f 1684/2528 1661/2530 1670/2532
f 1670/2532 1661/2530 1660/2531
f 1660/2531 1673/2529 1672/2533
f 1684/2528 1670/2532 1696/2534
f 1696/2534 1670/2532 1720/2535
f 1720/2535 1670/2532 1702/2536
f 1720/2535 1702/2536 1747/2537
f 1747/2537 1702/2536 1701/2538
f 1701/2538 1702/2536 1670/2532
f 1747/2537 1701/2538 1746/2539
f 1669/2540 1670/2532 1660/2531
f 1670/2532 1669/2540 1701/2538
f 1746/2539 1701/2538 1719/2541
f 1719/2541 1701/2538 1669/2540
f 1746/2539 1719/2541 1761/2542
f 1761/2542 1719/2541 1744/2543
f 1744/2543 1719/2541 1682/2544
f 1682/2544 1719/2541 1669/2540
f 1744/2543 1682/2544 1687/2545
f 1671/2546 1669/2540 1660/2531
f 1669/2540 1671/2546 1682/2544
f 1682/2544 1671/2546 1687/2545
f 1671/2546 1660/2531 1672/2533
f 1671/2546 1672/2533 1687/2545
f 1738/2547 1720/2548 1762/2549
f 1762/2549 1720/2548 1747/2550
f 1738/2547 1762/2549 1779/2551
f 1762/2549 1747/2550 1813/2552
f 1813/2552 1747/2550 1806/2553
f 1806/2553 1747/2550 1746/2554
f 1762/2549 1813/2552 1827/2555
f 1762/2549 1827/2555 1779/2551
f 1827/2555 1813/2552 1934/2556
f 1934/2556 1813/2552 1806/2553
f 1779/2551 1827/2555 1846/2557
f 1779/2551 1846/2557 1863/2558
f 1846/2557 1827/2555 1936/2559
f 1936/2559 1827/2555 1934/2556
f 1863/2558 1846/2557 1961/2560
f 1961/2560 1846/2557 1936/2559
f 1863/2558 1961/2560 2065/2561
f 2065/2561 1961/2560 2111/2562
f 2065/2561 2111/2562 2165/2563
f 1961/2560 1936/2559 2040/2564
f 1961/2560 2040/2564 2111/2562
f 2040/2564 1936/2559 2038/2565
f 2038/2565 1936/2559 1934/2556
f 2111/2562 2040/2564 2110/2566
f 2110/2566 2040/2564 2038/2565
f 2165/2563 2111/2562 2284/2567
f 2165/2563 2284/2567 2312/2568
f 2111/2562 2110/2566 2205/2569
f 2111/2562 2205/2569 2284/2567
f 2110/2566 2038/2565 2123/2570
f 2123/2570 2038/2565 2122/2571
f 2110/2566 2123/2570 2224/2572
f 2224/2572 2123/2570 2122/2571
f 2110/2566 2224/2572 2205/2569
f 2224/2572 2122/2571 2223/2573
f 2122/2571 2038/2565 2037/2574
f 2037/2574 2038/2565 1934/2556
f 2224/2572 2223/2573 2345/2575
f 2224/2572 2345/2575 2205/2569
f 2037/2574 1934/2556 1933/2576
f 1933/2576 1934/2556 1806/2553
f 2037/2574 1933/2576 2039/2577
f 2037/2574 2039/2577 2124/2578
f 1933/2576 1806/2553 1935/2579
f 1933/2576 1935/2579 2039/2577
f 2039/2577 1935/2579 1959/2580
f 2039/2577 1959/2580 2180/2581
f 1935/2579 1806/2553 1826/2582
f 1935/2579 1826/2582 1959/2580
f 1826/2582 1806/2553 1746/2554
f 1959/2580 1826/2582 1744/2583
f 1826/2582 1746/2554 1761/2584
f 1826/2582 1761/2584 1744/2583
f 2323/2585 2205/2569 2345/2575
f 2205/2569 2323/2585 2284/2567
f 2323/2585 2345/2575 2397/2586
f 2397/2586 2345/2575 2344/2587
f 2284/2567 2323/2585 2358/2588
f 2284/2567 2358/2588 2312/2568
f 2323/2585 2397/2586 2382/2589
f 2323/2585 2382/2589 2358/2588
f 2382/2589 2397/2586 2425/2590
f 2425/2590 2397/2586 2419/2591
f 2358/2588 2382/2589 2404/2592
f 2404/2592 2382/2589 2425/2590
f 2312/2568 2358/2588 2390/2593
f 2390/2593 2358/2588 2404/2592
f 2312/2568 2390/2593 2359/2594
f 2359/2594 2390/2593 2405/2595
f 2425/2590 2419/2591 2442/2596
f 2390/2593 2404/2592 2422/2597
f 2390/2593 2422/2597 2405/2595
f 2422/2597 2404/2592 2425/2590
f 2422/2597 2425/2590 2443/2598
f 2443/2598 2425/2590 2442/2596
f 2405/2595 2422/2597 2429/2599
f 2429/2599 2422/2597 2443/2598
f 2429/2599 2443/2598 2442/2596
f 2405/2595 2429/2599 2385/2600
f 2385/2600 2429/2599 2399/2601
f 2399/2601 2429/2599 2428/2602
f 2428/2602 2429/2599 2442/2596
f 2399/2601 2428/2602 2398/2603
f 2398/2603 2428/2602 2384/2604
f 2428/2602 2442/2596 2436/2605
f 2436/2605 2442/2596 2420/2606
f 2436/2605 2420/2606 2421/2607
f 2428/2602 2436/2605 2411/2608
f 2411/2608 2436/2605 2421/2607
f 2428/2602 2411/2608 2384/2604
f 2411/2608 2421/2607 2352/2609
f 2411/2608 2352/2609 2384/2604
f 2122/2610 2037/2611 2124/2612
f 2122/2610 2124/2612 2223/2613
f 2223/2613 2124/2612 2217/2614
f 2217/2614 2124/2612 2180/2615
f 2180/2615 2124/2612 2039/2616
f 2223/2613 2217/2614 2322/2617
f 2322/2617 2217/2614 2180/2615
f 2223/2613 2322/2617 2344/2618
f 2223/2613 2344/2618 2345/2619
f 2322/2617 2180/2615 2381/2620
f 2322/2617 2381/2620 2344/2618
f 2381/2620 2180/2615 2421/2621
f 2381/2620 2421/2621 2420/2622
f 2344/2618 2381/2620 2419/2623
f 2419/2623 2381/2620 2420/2622
f 2344/2618 2419/2623 2397/2624
f 2419/2623 2420/2622 2442/2625
f 1801/2626 1749/2627 2023/2628
f 2023/2628 1749/2627 2022/2629
f 1749/2627 1801/2626 1662/2630
f 1662/2630 1801/2626 1731/2631
f 1731/2631 1801/2626 1818/2632
f 1818/2632 1801/2626 1874/2633
f 1874/2633 1801/2626 2023/2628
f 1874/2633 2023/2628 2024/2634
f 2023/2635 2022/2636 2239/2637
f 2023/2635 2239/2637 2024/2638
f 2239/2637 2022/2636 2313/2639
f 2313/2639 2022/2636 1749/2640
f 2313/2639 1749/2640 2427/2641
f 2427/2641 1749/2640 2324/2642
f 2313/2639 2427/2641 2351/2643
f 2313/2639 2351/2643 2239/2637
f 2239/2637 2351/2643 2148/2644
f 2239/2637 2148/2644 2024/2638
f 2148/2644 2351/2643 2199/2645
f 2148/2644 2199/2645 2053/2646
f 2148/2644 2053/2646 2024/2638
f 2024/2638 2053/2646 1874/2647
f 1874/2647 2053/2646 1818/2648
f 2199/2649 2351/2650 2240/2651
f 2240/2651 2351/2650 2427/2652
f 2240/2651 2427/2652 2324/2653
f 2199/2649 2240/2651 2149/2654
f 2199/2649 2149/2654 2053/2655
f 2240/2651 2324/2653 2052/2656
f 2240/2651 2052/2656 2149/2654
f 2052/2656 2324/2653 2046/2657
f 2046/2657 2324/2653 1749/2658
f 2149/2654 2052/2656 2025/2659
f 2149/2654 2025/2659 2053/2655
f 2053/2655 2025/2659 1888/2660
f 2053/2655 1888/2660 1818/2661
f 2025/2662 2052/2663 1802/2664
f 1802/2664 2052/2663 2046/2665
f 2025/2662 1802/2664 1888/2666
f 1888/2666 1802/2664 1731/2667
f 1888/2666 1731/2667 1818/2668
f 1802/2664 2046/2665 1750/2669
f 1802/2664 1750/2669 1731/2667
f 1750/2669 2046/2665 1749/2670
f 1731/2667 1750/2669 1662/2671
f 1662/2671 1750/2669 1749/2670
f 1939/2672 1940/2673 2048/2674
f 1939/2672 2048/2674 2047/2675
f 2047/2675 2048/2674 2115/2676
f 2047/2675 2115/2676 2114/2677
f 2048/2678 1940/2679 2115/2680
f 2115/2680 1940/2679 2045/2681
f 2115/2680 2045/2681 2114/2682
f 2045/2681 1940/2679 1939/2683
f 2045/2681 1939/2683 2044/2684
f 1939/2685 2047/2686 2044/2687
f 2044/2687 2047/2686 2114/2688
f 2044/2687 2114/2688 2045/2689
f 2546/2690 2571/2691 2552/2692
f 2571/2691 2546/2690 2544/2693
f 2544/2693 2546/2690 2579/2694
f 2571/2691 2544/2693 2569/2695
f 2579/2694 2546/2690 2583/2696
f 2583/2696 2546/2690 2552/2692
f 2579/2694 2583/2696 2726/2697
f 2726/2697 2583/2696 2651/2698
f 2571/2691 2569/2695 2634/2699
f 2634/2699 2569/2695 2632/2700
f 2596/2701 2552/2692 2571/2691
f 2596/2701 2571/2691 2634/2699
f 2583/2696 2552/2692 2586/2702
f 2651/2698 2583/2696 2620/2703
f 2620/2703 2583/2696 2586/2702
f 2651/2698 2620/2703 2730/2704
f 2586/2702 2552/2692 2621/2705
f 2586/2702 2621/2705 2620/2703
f 2621/2705 2552/2692 2596/2701
f 2730/2704 2620/2703 2731/2706
f 2731/2706 2620/2703 2621/2705
f 2730/2704 2731/2706 2883/2707
f 2621/2705 2596/2701 2670/2708
f 2621/2705 2670/2708 2731/2706
f 2670/2708 2596/2701 2634/2699
f 2883/2707 2731/2706 2797/2709
f 2797/2709 2731/2706 2670/2708
f 2883/2707 2797/2709 2913/2710
f 2670/2708 2634/2699 2702/2711
f 2670/2708 2702/2711 2797/2709
f 2702/2711 2634/2699 2632/2700
f 2797/2709 2702/2711 2817/2712
f 2702/2711 2632/2700 2700/2713
f 2702/2711 2700/2713 2817/2712
f 2632/2714 2569/2715 2582/2716
f 2582/2716 2569/2715 2550/2717
f 2550/2717 2569/2715 2544/2718
f 2550/2717 2544/2718 2579/2719
f 2550/2717 2579/2719 2578/2720
f 2582/2716 2550/2717 2616/2721
f 2616/2721 2550/2717 2578/2720
f 2632/2714 2582/2716 2668/2722
f 2668/2722 2582/2716 2616/2721
f 2632/2714 2668/2722 2700/2723
f 2578/2720 2579/2719 2615/2724
f 2578/2720 2615/2724 2616/2721
f 2615/2724 2579/2719 2726/2725
f 2616/2721 2615/2724 2727/2726
f 2616/2721 2727/2726 2668/2722
f 2727/2726 2615/2724 2726/2725
f 2700/2723 2668/2722 2792/2727
f 2792/2727 2668/2722 2727/2726
f 2700/2723 2792/2727 2813/2728
f 2700/2723 2813/2728 2817/2729
f 2792/2727 2727/2726 2879/2730
f 2879/2730 2727/2726 2726/2725
f 2879/2730 2726/2725 2858/2731
f 2858/2731 2726/2725 2651/2732
f 2879/2730 2858/2731 2943/2733
f 2792/2727 2879/2730 2911/2734
f 2911/2734 2879/2730 2943/2733
f 2792/2727 2911/2734 2813/2728
f 2911/2734 2943/2733 2947/2735
f 2813/2728 2911/2734 2936/2736
f 2813/2728 2936/2736 2817/2729
f 2936/2736 2911/2734 2953/2737
f 2817/2729 2936/2736 2913/2738
f 2913/2738 2936/2736 2955/2739
f 2817/2729 2913/2738 2797/2740
f 2953/2741 2911/2742 2947/2743
f 2936/2744 2953/2741 2955/2745
f 2953/2741 2947/2743 2966/2746
f 2953/2741 2966/2746 2955/2745
f 2966/2746 2947/2743 2961/2747
f 2961/2747 2947/2743 2943/2748
f 2966/2746 2961/2747 2971/2749
f 2955/2745 2966/2746 2968/2750
f 2968/2750 2966/2746 2971/2749
f 2955/2745 2968/2750 2949/2751
f 2971/2749 2961/2747 2965/2752
f 2968/2750 2971/2749 2972/2753
f 2961/2747 2943/2748 2951/2754
f 2961/2747 2951/2754 2965/2752
f 2951/2754 2943/2748 2924/2755
f 2965/2752 2951/2754 2959/2756
f 2959/2756 2951/2754 2924/2755
f 2959/2756 2924/2755 2933/2757
f 2968/2750 2972/2753 2963/2758
f 2968/2750 2963/2758 2949/2751
f 2963/2758 2972/2753 2970/2759
f 2949/2751 2963/2758 2957/2760
f 2963/2758 2970/2759 2960/2761
f 2963/2758 2960/2761 2957/2760
f 2957/2760 2960/2761 2938/2762
f 2957/2760 2938/2762 2926/2763
f 2926/2763 2938/2762 2890/2764
f 2890/2764 2938/2762 2899/2765
f 2890/2764 2899/2765 2924/2766
f 2924/2766 2899/2765 2933/2767
f 2913/2768 2955/2769 2949/2770
f 2913/2768 2949/2770 2945/2771
f 2945/2771 2949/2770 2957/2772
f 2913/2768 2945/2771 2883/2773
f 2945/2771 2957/2772 2926/2774
f 2883/2773 2945/2771 2862/2775
f 2862/2775 2945/2771 2926/2774
f 2883/2773 2862/2775 2730/2776
f 2862/2775 2926/2774 2890/2777
f 2730/2776 2862/2775 2796/2778
f 2796/2778 2862/2775 2890/2777
f 2730/2776 2796/2778 2651/2779
f 2796/2778 2890/2777 2924/2780
f 2651/2779 2796/2778 2858/2781
f 2858/2781 2796/2778 2924/2780
f 2858/2781 2924/2780 2943/2782
f 2933/2783 2899/2784 2925/2785
f 2925/2785 2899/2784 2891/2786
f 2891/2786 2899/2784 2938/2787
f 2925/2785 2891/2786 2798/2788
f 2925/2785 2798/2788 2859/2789
f 2891/2786 2938/2787 2927/2790
f 2798/2788 2891/2786 2863/2791
f 2863/2791 2891/2786 2927/2790
f 2859/2789 2798/2788 2652/2792
f 2859/2789 2652/2792 2728/2793
f 2798/2788 2863/2791 2732/2794
f 2798/2788 2732/2794 2652/2792
f 2927/2790 2938/2787 2958/2795
f 2958/2795 2938/2787 2960/2796
f 2863/2791 2927/2790 2946/2797
f 2946/2797 2927/2790 2958/2795
f 2732/2794 2863/2791 2884/2798
f 2884/2798 2863/2791 2946/2797
f 2958/2795 2960/2796 2964/2799
f 2964/2799 2960/2796 2970/2800
f 2964/2799 2970/2800 2972/2801
f 2958/2795 2964/2799 2950/2802
f 2958/2795 2950/2802 2946/2797
f 2964/2799 2972/2801 2969/2803
f 2964/2799 2969/2803 2950/2802
f 2946/2797 2950/2802 2914/2804
f 2946/2797 2914/2804 2884/2798
f 2950/2802 2969/2803 2956/2805
f 2950/2802 2956/2805 2914/2804
f 2969/2803 2972/2801 2967/2806
f 2969/2803 2967/2806 2956/2805
f 2967/2806 2972/2801 2971/2807
f 2914/2804 2956/2805 2937/2808
f 2967/2806 2971/2807 2962/2809
f 2962/2809 2971/2807 2965/2810
f 2956/2805 2967/2806 2954/2811
f 2954/2811 2967/2806 2962/2809
f 2937/2808 2956/2805 2935/2812
f 2935/2812 2956/2805 2954/2811
f 2914/2804 2937/2808 2818/2813
f 2818/2813 2937/2808 2935/2812
f 2962/2809 2965/2810 2952/2814
f 2952/2814 2965/2810 2959/2815
f 2954/2811 2962/2809 2948/2816
f 2952/2814 2959/2815 2925/2817
f 2925/2817 2959/2815 2933/2818
f 2962/2809 2952/2814 2944/2819
f 2944/2819 2952/2814 2925/2817
f 2962/2809 2944/2819 2948/2816
f 2944/2819 2925/2817 2859/2820
f 2954/2811 2948/2816 2912/2821
f 2912/2821 2948/2816 2944/2819
f 2954/2811 2912/2821 2935/2812
f 2944/2819 2859/2820 2880/2822
f 2944/2819 2880/2822 2912/2821
f 2880/2822 2859/2820 2728/2823
f 2935/2812 2912/2821 2793/2824
f 2793/2824 2912/2821 2880/2822
f 2935/2812 2793/2824 2814/2825
f 2935/2812 2814/2825 2818/2813
f 2793/2824 2880/2822 2729/2826
f 2729/2826 2880/2822 2728/2823
f 2793/2824 2729/2826 2669/2827
f 2814/2825 2793/2824 2701/2828
f 2701/2828 2793/2824 2669/2827
f 2814/2825 2701/2828 2818/2813
f 2669/2827 2729/2826 2618/2829
f 2701/2828 2669/2827 2633/2830
f 2618/2829 2729/2826 2617/2831
f 2617/2831 2729/2826 2728/2823
f 2618/2829 2617/2831 2580/2832
f 2617/2831 2728/2823 2581/2833
f 2617/2831 2581/2833 2580/2832
f 2701/2828 2633/2830 2703/2834
f 2701/2828 2703/2834 2818/2813
f 2703/2834 2633/2830 2635/2835
f 2818/2813 2703/2834 2799/2836
f 2818/2813 2799/2836 2914/2804
f 2914/2804 2799/2836 2884/2798
f 2799/2836 2703/2834 2671/2837
f 2671/2837 2703/2834 2635/2835
f 2884/2798 2799/2836 2733/2838
f 2733/2838 2799/2836 2671/2837
f 2884/2798 2733/2838 2732/2794
f 2671/2837 2635/2835 2585/2839
f 2585/2839 2635/2835 2572/2840
f 2733/2838 2671/2837 2623/2841
f 2623/2841 2671/2837 2585/2839
f 2732/2794 2733/2838 2622/2842
f 2622/2842 2733/2838 2623/2841
f 2732/2794 2622/2842 2652/2792
f 2585/2839 2572/2840 2553/2843
f 2585/2839 2553/2843 2623/2841
f 2553/2843 2572/2840 2547/2844
f 2622/2842 2623/2841 2587/2845
f 2587/2845 2623/2841 2553/2843
f 2652/2792 2622/2842 2584/2846
f 2584/2846 2622/2842 2587/2845
f 2584/2846 2587/2845 2553/2843
f 2584/2846 2553/2843 2547/2844
f 2652/2792 2584/2846 2728/2793
f 2584/2846 2547/2844 2581/2847
f 2584/2846 2581/2847 2728/2793
f 2635/2848 2633/2849 2570/2850
f 2635/2848 2570/2850 2572/2851
f 2570/2850 2633/2849 2595/2852
f 2595/2852 2633/2849 2669/2853
f 2595/2852 2669/2853 2618/2854
f 2595/2852 2618/2854 2551/2855
f 2595/2852 2551/2855 2570/2850
f 2551/2855 2618/2854 2580/2856
f 2551/2855 2580/2856 2581/2857
f 2570/2850 2551/2855 2545/2858
f 2545/2858 2551/2855 2581/2857
f 2570/2850 2545/2858 2572/2851
f 2545/2858 2581/2857 2547/2859
f 2545/2858 2547/2859 2572/2851
f 2567/2860 2604/2861 2606/2862
f 2606/2862 2604/2861 2642/2863
f 2604/2861 2567/2860 2603/2864
f 2606/2862 2642/2863 2649/2865
f 2649/2865 2642/2863 2694/2866
f 2567/2860 2606/2862 2664/2867
f 2664/2867 2606/2862 2649/2865
f 2603/2864 2567/2860 2561/2868
f 2561/2868 2567/2860 2664/2867
f 2603/2864 2561/2868 2592/2869
f 2649/2865 2694/2866 2666/2870
f 2649/2865 2666/2870 2664/2867
f 2666/2870 2694/2866 2718/2871
f 2592/2869 2561/2868 2557/2872
f 2557/2872 2561/2868 2664/2867
f 2592/2869 2557/2872 2598/2873
f 2598/2873 2557/2872 2555/2874
f 2555/2874 2557/2872 2664/2867
f 2598/2873 2555/2874 2565/2875
f 2565/2875 2555/2874 2664/2867
f 2598/2873 2565/2875 2597/2876
f 2683/2877 2666/2870 2718/2871
f 2683/2877 2718/2871 2720/2878
f 2666/2870 2683/2877 2716/2879
f 2666/2870 2716/2879 2664/2867
f 2683/2877 2720/2878 2696/2880
f 2683/2877 2696/2880 2716/2879
f 2696/2880 2720/2878 2748/2881
f 2696/2880 2748/2881 2725/2882
f 2725/2882 2748/2881 2765/2883
f 2696/2880 2725/2882 2723/2884
f 2723/2884 2725/2882 2765/2883
f 2696/2880 2723/2884 2716/2879
f 2723/2884 2765/2883 2788/2885
f 2723/2884 2788/2885 2747/2886
f 2723/2884 2747/2886 2716/2879
f 2747/2886 2788/2885 2786/2887
f 2747/2886 2786/2887 2746/2888
f 2747/2886 2746/2888 2716/2879
f 2746/2888 2786/2887 2784/2889
f 2746/2888 2784/2889 2780/2890
f 2746/2888 2780/2890 2716/2879
f 2716/2879 2780/2890 2712/2891
f 2716/2879 2712/2891 2664/2867
f 2664/2867 2712/2891 2660/2892
f 2664/2867 2660/2892 2630/2893
f 2630/2893 2660/2892 2647/2894
f 2664/2867 2630/2893 2565/2875
f 2630/2893 2647/2894 2611/2895
f 2611/2895 2647/2894 2640/2896
f 2565/2875 2630/2893 2590/2897
f 2590/2897 2630/2893 2611/2895
f 2565/2875 2590/2897 2597/2876
f 2611/2895 2640/2896 2600/2898
f 2611/2895 2600/2898 2590/2897
f 2600/2898 2640/2896 2608/2899
f 2597/2876 2590/2897 2608/2899
f 2608/2899 2590/2897 2600/2898
f 2642/2900 2604/2901 2713/2902
f 2642/2900 2713/2902 2694/2903
f 2694/2903 2713/2902 2763/2904
f 2694/2903 2763/2904 2718/2905
f 2713/2902 2604/2901 2661/2906
f 2718/2905 2763/2904 2782/2907
f 2718/2905 2782/2907 2720/2908
f 2763/2904 2713/2902 2806/2909
f 2763/2904 2806/2909 2782/2907
f 2713/2902 2661/2906 2744/2910
f 2713/2902 2744/2910 2806/2909
f 2661/2906 2604/2901 2658/2911
f 2658/2911 2604/2901 2603/2912
f 2744/2910 2661/2906 2690/2913
f 2690/2913 2661/2906 2658/2911
f 2806/2909 2744/2910 2847/2914
f 2658/2911 2603/2912 2656/2915
f 2656/2915 2603/2912 2592/2916
f 2690/2913 2658/2911 2688/2917
f 2688/2917 2658/2911 2656/2915
f 2656/2915 2592/2916 2654/2918
f 2656/2915 2654/2918 2688/2917
f 2654/2918 2592/2916 2598/2919
f 2654/2918 2598/2919 2597/2920
f 2777/2921 2744/2910 2690/2913
f 2744/2910 2777/2921 2847/2914
f 2758/2922 2690/2913 2688/2917
f 2690/2913 2758/2922 2777/2921
f 2708/2923 2688/2917 2654/2918
f 2688/2917 2708/2923 2758/2922
f 2676/2924 2654/2918 2597/2920
f 2654/2918 2676/2924 2708/2923
f 2676/2924 2597/2920 2608/2925
f 2708/2923 2676/2924 2677/2926
f 2677/2926 2676/2924 2608/2925
f 2758/2922 2708/2923 2774/2927
f 2708/2923 2677/2926 2740/2928
f 2708/2923 2740/2928 2774/2927
f 2677/2926 2608/2925 2686/2929
f 2677/2926 2686/2929 2740/2928
f 2686/2929 2608/2925 2640/2930
f 2686/2929 2640/2930 2647/2931
f 2686/2929 2647/2931 2710/2932
f 2686/2929 2710/2932 2740/2928
f 2710/2932 2647/2931 2660/2933
f 2740/2928 2710/2932 2757/2934
f 2740/2928 2757/2934 2774/2927
f 2710/2932 2660/2933 2742/2935
f 2710/2932 2742/2935 2757/2934
f 2742/2935 2660/2933 2712/2936
f 2774/2927 2757/2934 2804/2937
f 2804/2937 2757/2934 2742/2935
f 2774/2927 2804/2937 2830/2938
f 2742/2935 2712/2936 2776/2939
f 2742/2935 2776/2939 2804/2937
f 2776/2939 2712/2936 2780/2940
f 2830/2938 2804/2937 2874/2941
f 2874/2941 2804/2937 2776/2939
f 2774/2927 2830/2938 2831/2942
f 2831/2942 2830/2938 2874/2941
f 2774/2927 2831/2942 2758/2922
f 2758/2922 2831/2942 2777/2921
f 2776/2939 2780/2940 2849/2943
f 2776/2939 2849/2943 2874/2941
f 2849/2943 2780/2940 2784/2944
f 2777/2921 2831/2942 2872/2945
f 2872/2945 2831/2942 2874/2941
f 2777/2921 2872/2945 2847/2914
f 2849/2943 2784/2944 2851/2946
f 2849/2943 2851/2946 2874/2941
f 2851/2946 2784/2944 2853/2947
f 2853/2947 2784/2944 2786/2948
f 2874/2941 2851/2946 2876/2949
f 2874/2941 2876/2949 2872/2945
f 2876/2949 2851/2946 2853/2947
f 2853/2947 2786/2948 2856/2950
f 2853/2947 2856/2950 2876/2949
f 2856/2950 2786/2948 2788/2951
f 2872/2945 2876/2949 2877/2952
f 2877/2952 2876/2949 2856/2950
f 2872/2945 2877/2952 2847/2914
f 2856/2950 2788/2951 2836/2953
f 2856/2950 2836/2953 2877/2952
f 2836/2953 2788/2951 2765/2954
f 2836/2953 2765/2954 2835/2955
f 2836/2953 2835/2955 2877/2952
f 2835/2955 2765/2954 2748/2956
f 2847/2914 2877/2952 2833/2957
f 2833/2957 2877/2952 2835/2955
f 2847/2914 2833/2957 2806/2909
f 2806/2909 2833/2957 2782/2907
f 2833/2957 2835/2955 2808/2958
f 2833/2957 2808/2958 2782/2907
f 2808/2958 2835/2955 2748/2956
f 2782/2907 2808/2958 2720/2908
f 2720/2908 2808/2958 2748/2956
f 2637/2959 2493/2960 2497/2961
f 2497/2961 2493/2960 2498/2962
f 2498/2962 2493/2960 2494/2963
f 2497/2961 2498/2962 2499/2964
f 2494/2963 2493/2960 2624/2965
f 2624/2965 2493/2960 2637/2959
f 2637/2959 2497/2961 2704/2966
f 2704/2966 2497/2961 2499/2964
f 2624/2965 2637/2959 2754/2967
f 2624/2965 2754/2967 2736/2968
f 2624/2965 2736/2968 2753/2969
f 2753/2969 2736/2968 2619/2970
f 2619/2970 2736/2968 2754/2967
f 2754/2967 2637/2959 2768/2971
f 2754/2967 2768/2971 2619/2970
f 2768/2971 2637/2959 2704/2966
f 2619/2970 2768/2971 2820/2972
f 2820/2972 2768/2971 2704/2966
f 2619/2970 2820/2972 2861/2973
f 2861/2973 2820/2972 2704/2966
f 2619/2970 2861/2973 2882/2974
f 2861/2973 2704/2966 2795/2975
f 2861/2973 2795/2975 2882/2974
f 2795/2975 2704/2966 2499/2964
f 2882/2974 2795/2975 2816/2976
f 2816/2976 2795/2975 2499/2964
f 2498/2977 2494/2978 2492/2979
f 2492/2979 2494/2978 2624/2980
f 2492/2979 2624/2980 2636/2981
f 2636/2981 2624/2980 2753/2982
f 2498/2977 2492/2979 2496/2983
f 2496/2983 2492/2979 2636/2981
f 2498/2977 2496/2983 2794/2984
f 2498/2977 2794/2984 2499/2985
f 2636/2981 2753/2982 2767/2986
f 2767/2986 2753/2982 2619/2987
f 2496/2983 2636/2981 2685/2988
f 2685/2988 2636/2981 2767/2986
f 2496/2983 2685/2988 2752/2989
f 2496/2983 2752/2989 2794/2984
f 2685/2988 2767/2986 2819/2990
f 2685/2988 2819/2990 2752/2989
f 2819/2990 2767/2986 2619/2987
f 2752/2989 2819/2990 2860/2991
f 2860/2991 2819/2990 2619/2987
f 2752/2989 2860/2991 2794/2984
f 2860/2991 2619/2987 2881/2992
f 2860/2991 2881/2992 2794/2984
f 2881/2992 2619/2987 2882/2993
f 2794/2984 2881/2992 2815/2994
f 2815/2994 2881/2992 2882/2993
f 2794/2984 2815/2994 2499/2985
f 2815/2994 2882/2993 2816/2995
f 2815/2994 2816/2995 2499/2985
f 2864/2996 2828/2997 2802/2998
f 2864/2996 2802/2998 2841/2999
f 2841/2999 2802/2998 2772/3000
f 2864/2996 2841/2999 2885/3001
f 2828/2997 2864/2996 2866/3002
f 2866/3002 2864/2996 2885/3001
f 2828/2997 2866/3002 2843/3003
f 2866/3002 2885/3001 2894/3004
f 2866/3002 2894/3004 2843/3003
f 2894/3004 2885/3001 2892/3005
f 2843/3003 2894/3004 2868/3006
f 2894/3004 2892/3005 2907/3007
f 2894/3004 2907/3007 2868/3006
f 2868/3006 2907/3007 2870/3008
f 2870/3008 2907/3007 2920/3009
f 2870/3008 2920/3009 2931/3010
f 2931/3010 2920/3009 2929/3011
f 2931/3010 2929/3011 2939/3012
f 2870/3008 2931/3010 2887/3013
f 2887/3013 2931/3010 2932/3014
f 2841/3015 2772/3016 2826/3017
f 2841/3015 2826/3017 2885/3018
f 2826/3017 2772/3016 2755/3019
f 2885/3018 2826/3017 2892/3020
f 2826/3017 2755/3019 2824/3021
f 2826/3017 2824/3021 2892/3020
f 2824/3021 2755/3019 2738/3022
f 2824/3021 2738/3022 2822/3023
f 2822/3023 2738/3022 2705/3024
f 2822/3023 2705/3024 2706/3025
f 2822/3023 2706/3025 2821/3026
f 2822/3023 2821/3026 2903/3027
f 2824/3021 2822/3023 2902/3028
f 2824/3021 2902/3028 2892/3020
f 2902/3028 2822/3023 2903/3027
f 2892/3020 2902/3028 2905/3029
f 2892/3020 2905/3029 2907/3030
f 2907/3030 2905/3029 2920/3031
f 2920/3031 2905/3029 2929/3032
f 2905/3029 2902/3028 2918/3033
f 2905/3029 2918/3033 2929/3032
f 2902/3028 2903/3027 2915/3034
f 2902/3028 2915/3034 2918/3033
f 2915/3034 2903/3027 2916/3035
f 2916/3035 2903/3027 2917/3036
f 2915/3034 2916/3035 2940/3037
f 2915/3034 2940/3037 2918/3033
f 2918/3033 2940/3037 2929/3032
f 2929/3032 2940/3037 2939/3038
f 2939/3038 2940/3037 2931/3039
f 2931/3039 2940/3037 2932/3040
f 2821/3041 2706/3042 2823/3043
f 2823/3043 2706/3042 2707/3044
f 2821/3041 2823/3043 2903/3045
f 2823/3043 2707/3044 2739/3046
f 2903/3045 2823/3043 2904/3047
f 2823/3043 2739/3046 2825/3048
f 2823/3043 2825/3048 2904/3047
f 2825/3048 2739/3046 2756/3049
f 2903/3045 2904/3047 2917/3050
f 2825/3048 2756/3049 2827/3051
f 2827/3051 2756/3049 2773/3052
f 2904/3047 2825/3048 2893/3053
f 2893/3053 2825/3048 2827/3051
f 2917/3050 2904/3047 2919/3054
f 2917/3050 2919/3054 2940/3055
f 2917/3050 2940/3055 2916/3056
f 2919/3054 2904/3047 2906/3057
f 2906/3057 2904/3047 2893/3053
f 2940/3055 2919/3054 2930/3058
f 2930/3058 2919/3054 2906/3057
f 2940/3055 2930/3058 2932/3059
f 2930/3058 2906/3057 2921/3060
f 2930/3058 2921/3060 2932/3059
f 2932/3059 2921/3060 2871/3061
f 2932/3059 2871/3061 2889/3062
f 2932/3059 2889/3062 2888/3063
f 2871/3061 2921/3060 2908/3064
f 2908/3064 2921/3060 2906/3057
f 2908/3064 2906/3057 2893/3053
f 2871/3061 2908/3064 2869/3065
f 2869/3065 2908/3064 2895/3066
f 2895/3066 2908/3064 2893/3053
f 2869/3065 2895/3066 2844/3067
f 2844/3067 2895/3066 2867/3068
f 2844/3067 2867/3068 2829/3069
f 2895/3066 2893/3053 2886/3070
f 2895/3066 2886/3070 2867/3068
f 2886/3070 2893/3053 2827/3051
f 2829/3069 2867/3068 2865/3071
f 2865/3071 2867/3068 2886/3070
f 2829/3069 2865/3071 2803/3072
f 2886/3070 2827/3051 2842/3073
f 2886/3070 2842/3073 2865/3071
f 2865/3071 2842/3073 2803/3072
f 2842/3073 2827/3051 2773/3052
f 2842/3073 2773/3052 2803/3072
f 2932/3074 2888/3075 2887/3076
f 1363/3077 1365/3078 1367/3079
f 1365/3078 1363/3077 1388/3080
f 1365/3078 1388/3080 1431/3081
f 1363/3077 1367/3079 1369/3082
f 1363/3077 1369/3082 1373/3083
f 1367/3079 1365/3078 1425/3084
f 1367/3079 1425/3084 1369/3082
f 1425/3084 1365/3078 1431/3081
f 1373/3083 1369/3082 1434/3085
f 1434/3085 1369/3082 1425/3084
f 1425/3084 1431/3081 1429/3086
f 1434/3085 1425/3084 1433/3087
f 1425/3084 1429/3086 1458/3088
f 1425/3084 1458/3088 1433/3087
f 1458/3088 1429/3086 1431/3081
f 1434/3085 1433/3087 1462/3089
f 1462/3089 1433/3087 1458/3088
f 1434/3085 1462/3089 1463/3090
f 1463/3090 1462/3089 1480/3091
f 1480/3091 1462/3089 1490/3092
f 1480/3091 1490/3092 1497/3093
f 1458/3088 1431/3081 1460/3094
f 1460/3094 1431/3081 1443/3095
f 1460/3094 1443/3095 1478/3096
f 1460/3094 1478/3096 1458/3088
f 1497/3093 1490/3092 1486/3097
f 1497/3093 1486/3097 1478/3096
f 1486/3097 1490/3092 1462/3089
f 1478/3096 1486/3097 1458/3088
f 1458/3088 1486/3097 1462/3089
f 1388/3098 1363/3099 1371/3100
f 1371/3100 1363/3099 1373/3101
f 1388/3098 1371/3100 1397/3102
f 1397/3102 1371/3100 1373/3101
f 1397/3102 1373/3101 1399/3103
f 1399/3103 1373/3101 1434/3104
f 1388/3098 1397/3102 1395/3105
f 1388/3098 1395/3105 1431/3106
f 1431/3106 1395/3105 1443/3107
f 1443/3107 1395/3105 1445/3108
f 1445/3108 1395/3105 1397/3102
f 1443/3107 1445/3108 1478/3109
f 1399/3103 1434/3104 1447/3110
f 1399/3103 1447/3110 1397/3102
f 1397/3102 1447/3110 1445/3108
f 1447/3110 1434/3104 1463/3111
f 1447/3110 1463/3111 1480/3112
f 1447/3110 1480/3112 1445/3108
f 1478/3109 1445/3108 1488/3113
f 1488/3113 1445/3108 1480/3112
f 1478/3109 1488/3113 1497/3114
f 1497/3114 1488/3113 1480/3112
f 2256/3115 2258/3116 2277/3117
f 2256/3115 2277/3117 2294/3118
f 2294/3118 2277/3117 2258/3116
f 2256/3115 2294/3118 2279/3119
f 2279/3119 2294/3118 2299/3120
f 2299/3120 2294/3118 2258/3116
f 2258/3116 2256/3115 2245/3121
f 2245/3121 2256/3115 2246/3122
f 2258/3116 2245/3121 2261/3123
f 2258/3116 2261/3123 2299/3120
f 2261/3123 2245/3121 2235/3124
f 2299/3120 2261/3123 2248/3125
f 2299/3120 2248/3125 2300/3126
f 2246/3127 2256/3128 2279/3129
f 2245/3130 2246/3127 2236/3131
f 2236/3131 2246/3127 2247/3132
f 2247/3132 2246/3127 2260/3133
f 2260/3133 2246/3127 2279/3129
f 2260/3133 2279/3129 2247/3132
f 2247/3132 2279/3129 2281/3134
f 2281/3134 2279/3129 2300/3135
f 2300/3135 2279/3129 2299/3136
f 2261/3137 2235/3138 2248/3139
f 2248/3139 2235/3138 2222/3140
f 2245/3141 2236/3142 2235/3143
f 2281/3144 2300/3145 2248/3146
f 2281/3144 2248/3146 2249/3147
f 2281/3144 2249/3147 2247/3148
f 2249/3147 2248/3146 2222/3149
f 2249/3147 2222/3149 2247/3148
f 2247/3148 2222/3149 2236/3150
f 2236/3150 2222/3149 2235/3151
f 2297/3152 2268/3153 2257/3154
f 2257/3154 2268/3153 2259/3155
f 2257/3154 2259/3155 2280/3156
f 2257/3154 2280/3156 2269/3157
f 2257/3154 2269/3157 2297/3152
f 2269/3157 2280/3156 2298/3158
f 2269/3157 2298/3158 2297/3152
f 2298/3158 2280/3156 2309/3159
f 2298/3158 2309/3159 2308/3160
f 2298/3158 2308/3160 2297/3152
f 2308/3160 2309/3159 2335/3161
f 2335/3161 2309/3159 2334/3162
f 2297/3152 2308/3160 2333/3163
f 2333/3163 2308/3160 2335/3161
f 2335/3161 2334/3162 2349/3164
f 2335/3161 2349/3164 2333/3163
f 2333/3163 2349/3164 2340/3165
f 2297/3152 2333/3163 2317/3166
f 2340/3165 2349/3164 2290/3167
f 2290/3167 2349/3164 2341/3168
f 2333/3163 2340/3165 2315/3169
f 2333/3163 2315/3169 2317/3166
f 2315/3169 2340/3165 2290/3167
f 2297/3152 2317/3166 2292/3170
f 2292/3170 2317/3166 2315/3169
f 2292/3170 2315/3169 2290/3167
f 2297/3152 2292/3170 2268/3153
f 2268/3153 2292/3170 2276/3171
f 2276/3171 2292/3170 2290/3167
f 2268/3153 2276/3171 2278/3172
f 2276/3171 2290/3167 2273/3173
f 2276/3171 2273/3173 2291/3174
f 2291/3174 2273/3173 2290/3167
f 2280/3175 2259/3176 2278/3177
f 2278/3177 2259/3176 2268/3178
f 2280/3175 2278/3177 2309/3179
f 2309/3179 2278/3177 2334/3180
f 2334/3180 2278/3177 2318/3181
f 2318/3181 2278/3177 2293/3182
f 2293/3182 2278/3177 2276/3183
f 2293/3182 2276/3183 2291/3184
f 2318/3181 2293/3182 2316/3185
f 2316/3185 2293/3182 2291/3184
f 2318/3181 2316/3185 2334/3180
f 2316/3185 2291/3184 2290/3186
f 2316/3185 2290/3186 2341/3187
f 2316/3185 2341/3187 2334/3180
f 2334/3180 2341/3187 2349/3188
f 630/3189 635/3190 720/3191
f 635/3190 630/3189 568/3192
f 720/3191 635/3190 636/3193
f 636/3193 635/3190 568/3192
f 720/3191 636/3193 721/3194
f 636/3193 568/3192 569/3195
f 721/3194 636/3193 632/3196
f 632/3196 636/3193 569/3195
f 720/3191 721/3194 780/3197
f 721/3194 632/3196 705/3198
f 632/3196 569/3195 628/3199
f 632/3196 628/3199 705/3198
f 721/3194 705/3198 769/3200
f 721/3194 769/3200 780/3197
f 705/3198 628/3199 625/3201
f 628/3199 569/3195 563/3202
f 628/3199 563/3202 625/3201
f 769/3200 705/3198 730/3203
f 730/3203 705/3198 625/3201
f 769/3200 730/3203 796/3204
f 730/3203 625/3201 740/3205
f 730/3203 740/3205 796/3204
f 625/3201 563/3202 533/3206
f 500/3207 563/3202 569/3195
f 563/3202 500/3207 533/3206
f 500/3207 569/3195 486/3208
f 625/3201 533/3206 581/3209
f 625/3201 581/3209 740/3205
f 533/3206 500/3207 453/3210
f 533/3206 453/3210 581/3209
f 486/3208 569/3195 568/3192
f 453/3210 500/3207 441/3211
f 441/3211 500/3207 486/3208
f 453/3210 441/3211 414/3212
f 441/3211 486/3208 433/3213
f 441/3211 433/3213 414/3212
f 486/3208 568/3192 485/3214
f 433/3213 486/3208 432/3215
f 432/3215 486/3208 485/3214
f 485/3214 568/3192 565/3216
f 565/3216 568/3192 630/3189
f 485/3214 565/3216 499/3217
f 485/3214 499/3217 432/3215
f 565/3216 630/3189 589/3218
f 565/3216 589/3218 499/3217
f 432/3215 499/3217 443/3219
f 443/3219 499/3217 447/3220
f 447/3220 499/3217 589/3218
f 432/3215 443/3219 413/3221
f 413/3221 443/3219 447/3220
f 432/3215 413/3221 401/3222
f 432/3215 401/3222 433/3213
f 413/3221 447/3220 383/3223
f 401/3222 413/3221 364/3224
f 364/3224 413/3221 383/3223
f 433/3213 401/3222 402/3225
f 402/3225 401/3222 364/3224
f 433/3213 402/3225 414/3212
f 383/3223 447/3220 373/3226
f 383/3223 373/3226 364/3224
f 462/3227 447/3220 589/3218
f 447/3220 462/3227 373/3226
f 462/3227 589/3218 607/3228
f 607/3228 589/3218 748/3229
f 373/3226 462/3227 407/3230
f 748/3229 589/3218 630/3189
f 373/3226 407/3230 379/3231
f 379/3231 407/3230 359/3232
f 379/3231 359/3232 373/3226
f 373/3226 359/3232 352/3233
f 373/3226 352/3233 364/3224
f 352/3233 359/3232 360/3234
f 364/3224 352/3233 365/3235
f 364/3224 365/3235 402/3225
f 352/3233 360/3234 353/3236
f 352/3233 353/3236 365/3235
f 402/3225 365/3235 414/3212
f 353/3236 360/3234 377/3237
f 353/3236 377/3237 365/3235
f 377/3237 360/3234 388/3238
f 388/3238 360/3234 408/3239
f 365/3235 377/3237 381/3240
f 365/3235 381/3240 414/3212
f 377/3237 388/3238 390/3241
f 377/3237 390/3241 381/3240
f 388/3238 408/3239 421/3242
f 388/3238 421/3242 390/3241
f 421/3242 408/3239 439/3243
f 414/3212 381/3240 423/3244
f 414/3212 423/3244 453/3210
f 381/3240 390/3241 410/3245
f 381/3240 410/3245 423/3244
f 390/3241 421/3242 445/3246
f 390/3241 445/3246 410/3245
f 421/3242 439/3243 451/3247
f 421/3242 451/3247 445/3246
f 451/3247 439/3243 494/3248
f 451/3247 494/3248 514/3249
f 514/3249 494/3248 571/3250
f 451/3247 514/3249 531/3251
f 531/3251 514/3249 571/3250
f 451/3247 531/3251 445/3246
f 531/3251 571/3250 713/3252
f 516/3253 453/3210 423/3244
f 516/3253 423/3244 410/3245
f 453/3210 516/3253 581/3209
f 459/3254 410/3245 445/3246
f 410/3245 459/3254 516/3253
f 516/3253 459/3254 508/3255
f 459/3254 445/3246 468/3256
f 508/3255 459/3254 506/3257
f 506/3257 459/3254 468/3256
f 468/3256 445/3246 457/3258
f 516/3253 508/3255 524/3259
f 524/3259 508/3255 506/3257
f 516/3253 524/3259 545/3260
f 516/3253 545/3260 581/3209
f 457/3258 445/3246 496/3261
f 496/3261 445/3246 531/3251
f 468/3256 457/3258 466/3262
f 466/3262 457/3258 496/3261
f 468/3256 466/3262 504/3263
f 468/3256 504/3263 506/3257
f 466/3262 496/3261 521/3264
f 466/3262 521/3264 504/3263
f 496/3261 531/3251 575/3265
f 496/3261 575/3265 521/3264
f 575/3265 531/3251 713/3252
f 521/3264 575/3265 583/3266
f 575/3265 713/3252 610/3267
f 575/3265 610/3267 583/3266
f 521/3264 583/3266 597/3268
f 597/3268 583/3266 610/3267
f 521/3264 597/3268 504/3263
f 610/3267 713/3252 680/3269
f 610/3267 680/3269 597/3268
f 680/3269 713/3252 723/3270
f 680/3269 723/3270 744/3271
f 680/3269 744/3271 597/3268
f 504/3263 597/3268 585/3272
f 585/3272 597/3268 612/3273
f 612/3273 597/3268 682/3274
f 682/3274 597/3268 744/3271
f 585/3272 612/3273 614/3275
f 614/3275 612/3273 682/3274
f 504/3263 585/3272 541/3276
f 585/3272 614/3275 591/3277
f 585/3272 591/3277 541/3276
f 614/3275 682/3274 678/3278
f 614/3275 678/3278 591/3277
f 541/3276 591/3277 576/3279
f 576/3279 591/3277 678/3278
f 504/3263 541/3276 537/3280
f 541/3276 576/3279 554/3281
f 541/3276 554/3281 537/3280
f 554/3281 576/3279 678/3278
f 504/3263 537/3280 506/3257
f 537/3280 554/3281 580/3282
f 506/3257 537/3280 561/3283
f 561/3283 537/3280 580/3282
f 580/3282 554/3281 593/3284
f 580/3282 593/3284 561/3283
f 593/3284 554/3281 678/3278
f 506/3257 561/3283 578/3285
f 506/3257 578/3285 524/3259
f 578/3285 561/3283 595/3286
f 595/3286 561/3283 593/3284
f 524/3259 578/3285 587/3287
f 524/3259 587/3287 545/3260
f 578/3285 595/3286 661/3288
f 578/3285 661/3288 587/3287
f 545/3260 587/3287 624/3289
f 624/3289 587/3287 661/3288
f 545/3260 624/3289 581/3209
f 581/3209 624/3289 663/3290
f 663/3290 624/3289 686/3291
f 686/3291 624/3289 661/3288
f 581/3209 663/3290 740/3205
f 663/3290 686/3291 728/3292
f 728/3292 686/3291 661/3288
f 663/3290 728/3292 740/3205
f 728/3292 661/3288 746/3293
f 740/3205 728/3292 765/3294
f 765/3294 728/3292 746/3293
f 740/3205 765/3294 797/3295
f 746/3293 661/3288 670/3296
f 670/3296 661/3288 595/3286
f 670/3296 595/3286 650/3297
f 650/3297 595/3286 593/3284
f 670/3296 650/3297 684/3298
f 684/3298 650/3297 593/3284
f 746/3293 670/3296 703/3299
f 703/3299 670/3296 684/3298
f 746/3293 703/3299 763/3300
f 746/3293 763/3300 765/3294
f 703/3299 684/3298 702/3301
f 702/3301 684/3298 593/3284
f 703/3299 702/3301 734/3302
f 703/3299 734/3302 763/3300
f 702/3301 593/3284 715/3303
f 702/3301 715/3303 734/3302
f 715/3303 593/3284 678/3278
f 734/3302 715/3303 696/3304
f 696/3304 715/3303 678/3278
f 785/3305 765/3294 763/3300
f 696/3304 678/3278 725/3306
f 696/3304 725/3306 734/3302
f 725/3306 678/3278 682/3274
f 725/3306 682/3274 744/3271
f 725/3306 744/3271 734/3302
f 734/3302 744/3271 763/3300
f 765/3294 785/3305 797/3295
f 763/3300 744/3271 782/3307
f 763/3300 782/3307 785/3305
f 785/3305 782/3307 797/3295
f 782/3307 744/3271 775/3308
f 782/3307 775/3308 789/3309
f 782/3307 789/3309 797/3295
f 797/3295 796/3204 740/3205
f 796/3204 797/3295 844/3310
f 796/3204 844/3310 857/3311
f 857/3311 844/3310 894/3312
f 796/3204 857/3311 821/3313
f 796/3204 821/3313 769/3200
f 769/3200 821/3313 780/3197
f 821/3313 857/3311 835/3314
f 821/3313 835/3314 780/3197
f 835/3314 857/3311 872/3315
f 872/3315 857/3311 926/3316
f 835/3314 872/3315 834/3317
f 835/3314 834/3317 780/3197
f 780/3197 834/3317 779/3318
f 780/3197 779/3318 720/3191
f 779/3318 834/3317 768/3319
f 768/3319 834/3317 823/3320
f 720/3191 779/3318 717/3321
f 717/3321 779/3318 768/3319
f 720/3191 717/3321 630/3189
f 630/3189 717/3321 748/3229
f 748/3229 717/3321 768/3319
f 748/3229 768/3319 823/3320
f 748/3229 823/3320 846/3322
f 408/3323 360/3324 398/3325
f 408/3323 398/3325 429/3326
f 398/3325 360/3324 397/3327
f 398/3325 397/3327 429/3326
f 397/3327 360/3324 359/3328
f 397/3327 359/3328 407/3329
f 408/3323 429/3326 439/3330
f 397/3327 407/3329 428/3331
f 397/3327 428/3331 429/3326
f 428/3331 407/3329 438/3332
f 438/3332 407/3329 462/3333
f 438/3332 462/3333 493/3334
f 438/3332 493/3334 428/3331
f 493/3334 462/3333 551/3335
f 493/3334 551/3335 480/3336
f 493/3334 480/3336 428/3331
f 428/3331 480/3336 429/3326
f 481/3337 439/3330 429/3326
f 481/3337 429/3326 480/3336
f 439/3330 481/3337 494/3338
f 481/3337 480/3336 549/3339
f 549/3339 480/3336 548/3340
f 494/3338 481/3337 553/3341
f 553/3341 481/3337 549/3339
f 494/3338 553/3341 571/3342
f 553/3341 549/3339 602/3343
f 571/3342 553/3341 608/3344
f 608/3344 553/3341 602/3343
f 462/3345 607/3346 551/3347
f 480/3348 551/3347 548/3349
f 551/3347 607/3346 604/3350
f 551/3347 604/3350 548/3349
f 548/3349 604/3350 601/3351
f 548/3349 601/3351 549/3352
f 549/3352 601/3351 602/3353
f 601/3351 604/3350 708/3354
f 601/3351 708/3354 602/3353
f 604/3350 607/3346 711/3355
f 604/3350 711/3355 708/3354
f 711/3355 607/3346 784/3356
f 784/3356 607/3346 748/3357
f 602/3353 708/3354 709/3358
f 784/3356 748/3357 846/3359
f 602/3353 709/3358 694/3360
f 602/3353 694/3360 608/3361
f 709/3358 708/3354 773/3362
f 709/3358 773/3362 694/3360
f 773/3362 708/3354 772/3363
f 772/3363 708/3354 711/3355
f 759/3364 711/3355 784/3356
f 711/3355 759/3364 772/3363
f 608/3361 694/3360 738/3365
f 608/3361 738/3365 571/3366
f 571/3366 738/3365 713/3367
f 760/3368 694/3360 773/3362
f 694/3360 760/3368 738/3365
f 831/3369 773/3362 772/3363
f 773/3362 831/3369 760/3368
f 818/3370 772/3363 759/3364
f 818/3370 759/3364 784/3356
f 831/3369 772/3363 830/3371
f 830/3371 772/3363 818/3370
f 760/3368 831/3369 819/3372
f 831/3369 830/3371 868/3373
f 831/3369 868/3373 819/3372
f 830/3371 818/3370 853/3374
f 853/3374 818/3370 784/3356
f 830/3371 853/3374 867/3375
f 830/3371 867/3375 868/3373
f 853/3374 784/3356 892/3376
f 867/3375 853/3374 919/3377
f 919/3377 853/3374 892/3376
f 867/3375 919/3377 868/3373
f 892/3376 784/3356 922/3378
f 892/3376 922/3378 919/3377
f 922/3378 784/3356 846/3359
f 922/3378 846/3359 896/3379
f 896/3379 846/3359 856/3380
f 856/3380 846/3359 823/3381
f 922/3378 896/3379 925/3382
f 925/3382 896/3379 856/3380
f 919/3377 922/3378 947/3383
f 947/3383 922/3378 925/3382
f 856/3380 823/3381 871/3384
f 856/3380 871/3384 925/3382
f 871/3384 823/3381 834/3385
f 871/3384 834/3385 872/3386
f 871/3384 872/3386 926/3387
f 871/3384 926/3387 925/3382
f 947/3383 925/3382 948/3388
f 948/3388 925/3382 926/3387
f 920/3389 919/3377 947/3383
f 920/3389 947/3383 948/3388
f 919/3377 920/3389 868/3373
f 948/3388 926/3387 933/3390
f 948/3388 933/3390 920/3389
f 933/3390 926/3387 894/3391
f 894/3391 926/3387 857/3392
f 920/3389 933/3390 878/3393
f 920/3389 878/3393 868/3373
f 933/3390 894/3391 880/3394
f 933/3390 880/3394 878/3393
f 880/3394 894/3391 844/3395
f 880/3394 844/3395 797/3396
f 880/3394 797/3396 789/3397
f 878/3393 880/3394 851/3398
f 851/3398 880/3394 789/3397
f 843/3399 868/3373 878/3393
f 843/3399 878/3393 851/3398
f 868/3373 843/3399 819/3372
f 843/3399 851/3398 794/3400
f 843/3399 794/3400 819/3372
f 794/3400 851/3398 789/3397
f 819/3372 794/3400 760/3368
f 760/3368 794/3400 738/3365
f 738/3365 794/3400 789/3397
f 738/3365 789/3397 756/3401
f 738/3365 756/3401 713/3367
f 713/3367 756/3401 723/3402
f 756/3401 789/3397 753/3403
f 756/3401 753/3403 723/3402
f 753/3403 789/3397 775/3404
f 723/3402 753/3403 744/3405
f 744/3405 753/3403 775/3404
f 622/3406 699/3407 621/3408
f 699/3407 622/3406 700/3409
f 622/3406 621/3408 558/3410
f 622/3406 558/3410 700/3409
f 558/3410 621/3408 557/3411
f 700/3409 558/3410 618/3412
f 618/3412 558/3410 557/3411
f 557/3413 621/3414 699/3415
f 557/3413 699/3415 617/3416
f 557/3413 617/3416 618/3417
f 618/3417 617/3416 699/3415
f 618/3417 699/3415 700/3418
f 1297/3419 1295/3420 1296/3421
f 1297/3419 1296/3421 1216/3422
f 1297/3419 1216/3422 1271/3423
f 1297/3419 1271/3423 1268/3424
f 1295/3420 1297/3419 1293/3425
f 1297/3419 1268/3424 1266/3426
f 1293/3425 1297/3419 1292/3427
f 1292/3427 1297/3419 1266/3426
f 1293/3425 1292/3427 1227/3428
f 1227/3428 1292/3427 1266/3426
f 1296/3429 1295/3430 1215/3431
f 1296/3429 1215/3431 1216/3432
f 1215/3431 1295/3430 1230/3433
f 1230/3433 1295/3430 1293/3434
f 1230/3433 1293/3434 1229/3435
f 1229/3435 1293/3434 1227/3436
f 1229/3435 1227/3436 1230/3433
f 1230/3433 1227/3436 1215/3431
f 1215/3431 1227/3436 1216/3432
f 1216/3432 1227/3436 1212/3437
f 1212/3437 1227/3436 1266/3438
f 1212/3437 1266/3438 1268/3439
f 1216/3432 1212/3437 1193/3440
f 1216/3432 1193/3440 1271/3441
f 1271/3441 1193/3440 1268/3439
f 1193/3440 1212/3437 1191/3442
f 1193/3440 1191/3442 1268/3439
f 1268/3439 1191/3442 1212/3437
f 967/3443 965/3444 969/3445
f 969/3445 965/3444 963/3446
f 963/3446 965/3444 939/3447
f 939/3447 965/3444 941/3448
f 967/3443 969/3445 975/3449
f 975/3449 969/3445 961/3450
f 975/3449 961/3450 959/3451
f 975/3449 959/3451 928/3452
f 928/3452 959/3451 937/3453
f 967/3443 975/3449 874/3454
f 874/3454 975/3449 928/3452
f 874/3454 928/3452 937/3453
f 967/3443 874/3454 944/3455
f 874/3454 937/3453 886/3456
f 969/3457 963/3458 961/3459
f 961/3459 963/3458 939/3460
f 959/3461 961/3459 937/3462
f 937/3462 961/3459 953/3463
f 953/3463 961/3459 939/3460
f 937/3462 953/3463 886/3464
f 953/3463 939/3460 910/3465
f 953/3463 910/3465 886/3464
f 910/3465 939/3460 862/3466
f 910/3465 862/3466 886/3464
f 886/3464 862/3466 859/3467
f 886/3464 859/3467 874/3468
f 874/3468 859/3467 876/3469
f 876/3469 859/3467 862/3466
f 874/3468 876/3469 944/3470
f 876/3469 862/3466 890/3471
f 876/3469 890/3471 943/3472
f 888/3473 862/3466 939/3460
f 862/3466 888/3473 890/3471
f 890/3471 888/3473 943/3472
f 888/3473 939/3460 941/3474
f 888/3473 941/3474 943/3472
f 967/3475 944/3476 965/3477
f 965/3477 944/3476 943/3478
f 965/3477 943/3478 941/3479
f 943/3478 944/3476 876/3480
f 173/3481 164/3482 176/3483
f 164/3482 173/3481 142/3484
f 164/3482 142/3484 163/3485
f 164/3482 163/3485 176/3483
f 173/3481 176/3483 196/3486
f 176/3483 163/3485 193/3487
f 176/3483 193/3487 196/3486
f 173/3481 196/3486 190/3488
f 193/3487 163/3485 158/3489
f 190/3488 196/3486 218/3490
f 190/3488 218/3490 199/3491
f 199/3491 218/3490 205/3492
f 196/3486 193/3487 214/3493
f 196/3486 214/3493 218/3490
f 214/3493 193/3487 158/3489
f 205/3492 218/3490 226/3494
f 226/3494 218/3490 214/3493
f 205/3492 226/3494 211/3495
f 211/3495 226/3494 215/3496
f 226/3494 214/3493 222/3497
f 222/3497 214/3493 158/3489
f 215/3496 226/3494 219/3498
f 215/3496 219/3498 210/3499
f 226/3494 222/3497 223/3500
f 223/3500 222/3497 158/3489
f 226/3494 223/3500 219/3498
f 210/3499 219/3498 200/3501
f 223/3500 158/3489 204/3502
f 223/3500 204/3502 219/3498
f 204/3502 158/3489 183/3503
f 200/3501 219/3498 203/3504
f 203/3504 219/3498 204/3502
f 203/3504 204/3502 183/3503
f 200/3501 203/3504 191/3505
f 183/3503 158/3489 162/3506
f 191/3505 203/3504 192/3507
f 192/3507 203/3504 183/3503
f 191/3505 192/3507 180/3508
f 180/3508 192/3507 179/3509
f 179/3509 192/3507 183/3503
f 180/3508 179/3509 167/3510
f 183/3503 162/3506 171/3511
f 183/3503 171/3511 179/3509
f 179/3509 171/3511 167/3510
f 171/3511 162/3506 151/3512
f 171/3511 151/3512 167/3510
f 163/3513 142/3514 143/3515
f 143/3515 142/3514 166/3516
f 166/3516 142/3514 173/3517
f 166/3516 173/3517 190/3518
f 143/3515 166/3516 161/3519
f 143/3515 161/3519 163/3513
f 166/3516 190/3518 172/3520
f 166/3516 172/3520 161/3519
f 172/3520 190/3518 199/3521
f 163/3513 161/3519 181/3522
f 161/3519 172/3520 175/3523
f 161/3519 175/3523 181/3522
f 163/3513 181/3522 158/3524
f 172/3520 199/3521 182/3525
f 172/3520 182/3525 175/3523
f 182/3525 199/3521 205/3526
f 182/3525 205/3526 194/3527
f 182/3525 194/3527 175/3523
f 194/3527 205/3526 211/3528
f 158/3524 181/3522 177/3529
f 158/3524 177/3529 162/3530
f 184/3531 181/3522 175/3523
f 181/3522 184/3531 177/3529
f 194/3527 211/3528 195/3532
f 195/3532 211/3528 215/3533
f 185/3534 175/3523 194/3527
f 175/3523 185/3534 184/3531
f 185/3534 194/3527 195/3532
f 195/3532 215/3533 210/3535
f 184/3531 185/3534 198/3536
f 185/3534 195/3532 186/3537
f 185/3534 186/3537 198/3536
f 195/3532 210/3535 187/3538
f 195/3532 187/3538 186/3537
f 187/3538 210/3535 200/3539
f 184/3531 198/3536 197/3540
f 197/3540 198/3536 186/3537
f 184/3531 197/3540 177/3529
f 197/3540 186/3537 178/3541
f 197/3540 178/3541 177/3529
f 178/3541 186/3537 187/3538
f 187/3538 200/3539 174/3542
f 187/3538 174/3542 178/3541
f 174/3542 200/3539 191/3543
f 177/3529 178/3541 165/3544
f 165/3544 178/3541 174/3542
f 177/3529 165/3544 148/3545
f 174/3542 191/3543 168/3546
f 174/3542 168/3546 165/3544
f 165/3544 168/3546 148/3545
f 168/3546 191/3543 180/3547
f 177/3529 148/3545 162/3530
f 168/3546 180/3547 152/3548
f 168/3546 152/3548 148/3545
f 152/3548 180/3547 167/3549
f 162/3530 148/3545 129/3550
f 129/3550 148/3545 152/3548
f 162/3530 129/3550 151/3551
f 152/3548 167/3549 121/3552
f 152/3548 121/3552 129/3550
f 121/3552 167/3549 151/3551
f 121/3552 151/3551 129/3550
f 160/3553 170/3554 202/3555
f 202/3555 170/3554 156/3556
f 156/3556 170/3554 154/3557
f 154/3557 170/3554 160/3553
f 160/3553 202/3555 92/3558
f 92/3558 202/3555 1517/3559
f 160/3553 92/3558 145/3560
f 160/3553 145/3560 154/3557
f 154/3557 145/3560 123/3561
f 154/3557 123/3561 133/3562
f 123/3561 145/3560 85/3563
f 133/3562 123/3561 80/3564
f 80/3564 123/3561 85/3563
f 80/3564 85/3563 1410/3565
f 145/3566 92/3567 85/3568
f 85/3568 92/3567 1417/3569
f 1410/3570 85/3571 1417/3572
f 1534/3573 1441/3574 1511/3575
f 1441/3574 1534/3573 1508/3576
f 1441/3574 1508/3576 1405/3577
f 1441/3574 1405/3577 1392/3578
f 1441/3574 1392/3578 1420/3579
f 1441/3574 1420/3579 1511/3575
f 1534/3573 1511/3575 1593/3580
f 1511/3575 1420/3579 1507/3581
f 1511/3575 1507/3581 1596/3582
f 1511/3575 1596/3582 1593/3580
f 1596/3582 1507/3581 1595/3583
f 1596/3582 1595/3583 1706/3584
f 1596/3582 1706/3584 1688/3585
f 1596/3582 1688/3585 1593/3580
f 1593/3580 1688/3585 1647/3586
f 1508/3587 1534/3588 1514/3589
f 1508/3587 1514/3589 1477/3590
f 1508/3587 1477/3590 1442/3591
f 1508/3587 1442/3591 1405/3592
f 1442/3591 1477/3590 1440/3593
f 1442/3591 1440/3593 1405/3592
f 1440/3593 1477/3590 1514/3589
f 1405/3592 1440/3593 1403/3594
f 1405/3592 1403/3594 1392/3595
f 1440/3593 1514/3589 1506/3596
f 1440/3593 1506/3596 1403/3594
f 1539/3597 1514/3589 1534/3588
f 1514/3589 1539/3597 1506/3596
f 1539/3597 1534/3588 1593/3598
f 1392/3595 1403/3594 1439/3599
f 1439/3599 1403/3594 1506/3596
f 1392/3595 1439/3599 1420/3600
f 1506/3596 1539/3597 1533/3601
f 1506/3596 1533/3601 1439/3599
f 1539/3597 1593/3598 1594/3602
f 1539/3597 1594/3602 1533/3601
f 1439/3599 1533/3601 1510/3603
f 1439/3599 1510/3603 1420/3600
f 1510/3603 1533/3601 1594/3602
f 1420/3600 1510/3603 1507/3604
f 1507/3604 1510/3603 1594/3602
f 1507/3604 1594/3602 1595/3605
f 1685/3606 1594/3602 1593/3598
f 1594/3602 1685/3606 1595/3605
f 1685/3606 1593/3598 1647/3607
f 1595/3605 1685/3606 1706/3608
f 1706/3609 1685/3610 1772/3611
f 1772/3611 1685/3610 1679/3612
f 1679/3612 1685/3610 1647/3613
f 1679/3612 1647/3613 1707/3614
f 1772/3611 1679/3612 1798/3615
f 1706/3609 1772/3611 1829/3616
f 1829/3616 1772/3611 1798/3615
f 1706/3609 1829/3616 1773/3617
f 1706/3609 1773/3617 1688/3618
f 1798/3615 1679/3612 1745/3619
f 1745/3619 1679/3612 1581/3620
f 1829/3616 1798/3615 1847/3621
f 1847/3621 1798/3615 1745/3619
f 1773/3617 1829/3616 1805/3622
f 1805/3622 1829/3616 1847/3621
f 1688/3618 1773/3617 1707/3623
f 1707/3623 1773/3617 1805/3622
f 1688/3618 1707/3623 1647/3624
f 1847/3621 1745/3619 1732/3625
f 1847/3621 1732/3625 1805/3622
f 1805/3622 1732/3625 1707/3623
f 1732/3625 1745/3619 1580/3626
f 1707/3623 1732/3625 1582/3627
f 1582/3627 1732/3625 1580/3626
f 1582/3627 1580/3626 1409/3628
f 1409/3628 1580/3626 1404/3629
f 1409/3628 1404/3629 1423/3630
f 1409/3628 1423/3630 1424/3631
f 1409/3628 1424/3631 1582/3627
f 1582/3627 1424/3631 1589/3632
f 1745/3633 1581/3634 1580/3635
f 1580/3635 1581/3634 1408/3636
f 1580/3635 1408/3636 1404/3637
f 1404/3637 1408/3636 1423/3638
f 1423/3638 1408/3636 1424/3639
f 1424/3639 1408/3636 1589/3640
f 1589/3640 1408/3636 1581/3634
f 1589/3640 1581/3634 1679/3641
f 1589/3640 1679/3641 1707/3642
f 1589/3640 1707/3642 1582/3643
f 1674/3644 1725/3645 1710/3646
f 1710/3646 1725/3645 1766/3647
f 1766/3647 1725/3645 1865/3648
f 1710/3646 1766/3647 1753/3649
f 1865/3648 1725/3645 1695/3650
f 1695/3650 1725/3645 1674/3644
f 1865/3648 1695/3650 1729/3651
f 1865/3648 1729/3651 1960/3652
f 1729/3651 1695/3650 1678/3653
f 1678/3653 1695/3650 1674/3644
f 1729/3651 1678/3653 1677/3654
f 1678/3653 1674/3644 1654/3655
f 1678/3653 1654/3655 1677/3654
f 1865/3648 1960/3652 2107/3656
f 1677/3654 1654/3655 1658/3657
f 1677/3654 1658/3657 1691/3658
f 1691/3658 1658/3657 1692/3659
f 1658/3657 1654/3655 1655/3660
f 1655/3660 1654/3655 1674/3644
f 1692/3659 1658/3657 1659/3661
f 1659/3661 1658/3657 1655/3660
f 1692/3659 1659/3661 1683/3662
f 1683/3662 1659/3661 1655/3660
f 1692/3659 1683/3662 1712/3663
f 1655/3660 1674/3644 1675/3664
f 1675/3664 1674/3644 1710/3646
f 1712/3663 1683/3662 1730/3665
f 1712/3663 1730/3665 1763/3666
f 1763/3666 1730/3665 1840/3667
f 1730/3665 1683/3662 1704/3668
f 1730/3665 1704/3668 1840/3667
f 1686/3669 1683/3662 1655/3660
f 1683/3662 1686/3669 1704/3668
f 1686/3669 1655/3660 1694/3670
f 1694/3670 1655/3660 1675/3664
f 1704/3668 1686/3669 1721/3671
f 1704/3668 1721/3671 1840/3667
f 1721/3671 1686/3669 1694/3670
f 1711/3672 1675/3664 1710/3646
f 1711/3672 1710/3646 1753/3649
f 1694/3670 1675/3664 1724/3673
f 1724/3673 1675/3664 1711/3672
f 1694/3670 1724/3673 1740/3674
f 1694/3670 1740/3674 1721/3671
f 1724/3673 1711/3672 1754/3675
f 1754/3675 1711/3672 1753/3649
f 1740/3674 1724/3673 1767/3676
f 1767/3676 1724/3673 1754/3675
f 1740/3674 1767/3676 1781/3677
f 1740/3674 1781/3677 1721/3671
f 1767/3676 1754/3675 1832/3678
f 1767/3676 1832/3678 1781/3677
f 1754/3675 1753/3649 1820/3679
f 1832/3678 1754/3675 1821/3680
f 1821/3680 1754/3675 1820/3679
f 1820/3679 1753/3649 1833/3681
f 1833/3681 1753/3649 1766/3647
f 1833/3681 1766/3647 1865/3648
f 1820/3679 1833/3681 1945/3682
f 1945/3682 1833/3681 1865/3648
f 1821/3680 1820/3679 1949/3683
f 1949/3683 1820/3679 1945/3682
f 1945/3682 1865/3648 2059/3684
f 1945/3682 2059/3684 1949/3683
f 2059/3684 1865/3648 2107/3656
f 1821/3680 1949/3683 1950/3685
f 1949/3683 2059/3684 2062/3686
f 1949/3683 2062/3686 1950/3685
f 2059/3684 2107/3656 2129/3687
f 2129/3687 2107/3656 2221/3688
f 2221/3688 2107/3656 2353/3689
f 2059/3684 2129/3687 2132/3690
f 2059/3684 2132/3690 2062/3686
f 2129/3687 2221/3688 2230/3691
f 2129/3687 2230/3691 2132/3690
f 2230/3691 2221/3688 2338/3692
f 2062/3686 2132/3690 2133/3693
f 2133/3693 2132/3690 2230/3691
f 2063/3694 1950/3685 2062/3686
f 2063/3694 2062/3686 2133/3693
f 2230/3691 2338/3692 2231/3695
f 2230/3691 2231/3695 2133/3693
f 2231/3695 2338/3692 2339/3696
f 2063/3694 2133/3693 2057/3697
f 2063/3694 2057/3697 1950/3685
f 2133/3693 2231/3695 2120/3698
f 2133/3693 2120/3698 2057/3697
f 2231/3695 2339/3696 2326/3699
f 2326/3699 2339/3696 2383/3700
f 2120/3698 2231/3695 2213/3701
f 2213/3701 2231/3695 2326/3699
f 2057/3697 2120/3698 2140/3702
f 2140/3702 2120/3698 2213/3701
f 2213/3701 2326/3699 2286/3703
f 2213/3701 2286/3703 2140/3702
f 2286/3703 2326/3699 2360/3704
f 2057/3697 2140/3702 1966/3705
f 2286/3703 2360/3704 2212/3706
f 2057/3697 1966/3705 1946/3707
f 2057/3697 1946/3707 1950/3685
f 1950/3685 1946/3707 1821/3680
f 1821/3680 1946/3707 1832/3678
f 1946/3707 1966/3705 1843/3708
f 1946/3707 1843/3708 1832/3678
f 1843/3708 1966/3705 2140/3702
f 1832/3678 1843/3708 1781/3677
f 1843/3708 2140/3702 1981/3709
f 1843/3708 1981/3709 1781/3677
f 1981/3709 2140/3702 2286/3703
f 1781/3677 1981/3709 1721/3671
f 2210/3710 2212/3706 2267/3711
f 2105/3712 2286/3703 2212/3706
f 2212/3706 2210/3710 2171/3713
f 2212/3706 2171/3713 2105/3712
f 2171/3713 2210/3710 2169/3714
f 2286/3703 2105/3712 2068/3715
f 2286/3703 2068/3715 1981/3709
f 2105/3712 2171/3713 2098/3716
f 2098/3716 2171/3713 2169/3714
f 2068/3715 2105/3712 2055/3717
f 2055/3717 2105/3712 2098/3716
f 2169/3714 2210/3710 2227/3718
f 2068/3715 2055/3717 1983/3719
f 2068/3715 1983/3719 1981/3709
f 2055/3717 2098/3716 2074/3720
f 2055/3717 2074/3720 1983/3719
f 2074/3720 2098/3716 2169/3714
f 1981/3709 1983/3719 1873/3721
f 1983/3719 2074/3720 1921/3722
f 1983/3719 1921/3722 1873/3721
f 2074/3720 2169/3714 2088/3723
f 1921/3722 2074/3720 2012/3724
f 2012/3724 2074/3720 2088/3723
f 1981/3709 1873/3721 1875/3725
f 1981/3709 1875/3725 1721/3671
f 1875/3725 1873/3721 1816/3726
f 1875/3725 1816/3726 1721/3671
f 1721/3671 1816/3726 1800/3727
f 1816/3726 1873/3721 1804/3728
f 1816/3726 1804/3728 1800/3727
f 1721/3671 1800/3727 1782/3729
f 1782/3729 1800/3727 1804/3728
f 1721/3671 1782/3729 1840/3667
f 1840/3667 1782/3729 1790/3730
f 1790/3730 1782/3729 1804/3728
f 1790/3730 1804/3728 1828/3731
f 1828/3731 1804/3728 1808/3732
f 1828/3731 1808/3732 1885/3733
f 1849/3734 1804/3728 1873/3721
f 1804/3728 1849/3734 1808/3732
f 1849/3734 1873/3721 1921/3722
f 1885/3733 1808/3732 1917/3735
f 1849/3734 1921/3722 1963/3736
f 1963/3736 1921/3722 2012/3724
f 1808/3732 1849/3734 1887/3737
f 1887/3737 1849/3734 1963/3736
f 1917/3735 1808/3732 1871/3738
f 1871/3738 1808/3732 1887/3737
f 1917/3735 1871/3738 1938/3739
f 1887/3737 1963/3736 1919/3740
f 1887/3737 1919/3740 1871/3738
f 1938/3739 1871/3738 1906/3741
f 1906/3741 1871/3738 1919/3740
f 1938/3739 1906/3741 2113/3742
f 1919/3740 1963/3736 1978/3743
f 1978/3743 1963/3736 2012/3724
f 1906/3741 1919/3740 2096/3744
f 2096/3744 1919/3740 1978/3743
f 1906/3741 2096/3744 2113/3742
f 1978/3743 2012/3724 2051/3745
f 1978/3743 2051/3745 2096/3744
f 2051/3745 2012/3724 2088/3723
f 2051/3745 2088/3723 2080/3746
f 2051/3745 2080/3746 2096/3744
f 2096/3744 2080/3746 2088/3723
f 2113/3742 2096/3744 2127/3747
f 2096/3744 2088/3723 2139/3748
f 2096/3744 2139/3748 2127/3747
f 2139/3748 2088/3723 2169/3714
f 2139/3748 2169/3714 2227/3718
f 2127/3747 2139/3748 2157/3749
f 2127/3747 2157/3749 2113/3742
f 2157/3749 2139/3748 2227/3718
f 2113/3742 2157/3749 2147/3750
f 2147/3750 2157/3749 2227/3718
f 2338/3751 2221/3752 2328/3753
f 2338/3751 2328/3753 2400/3754
f 2328/3753 2221/3752 2353/3755
f 2400/3754 2328/3753 2386/3756
f 2386/3756 2328/3753 2353/3755
f 2400/3754 2386/3756 2430/3757
f 2386/3756 2353/3755 2412/3758
f 2386/3756 2412/3758 2430/3757
f 2412/3758 2353/3755 2423/3759
f 2412/3758 2423/3759 2430/3757
f 2430/3757 2423/3759 2444/3760
f 2339/3761 2338/3762 2400/3763
f 2339/3761 2400/3763 2401/3764
f 2401/3764 2400/3763 2430/3765
f 2339/3761 2401/3764 2383/3766
f 2401/3764 2430/3765 2431/3767
f 2401/3764 2431/3767 2383/3766
f 2431/3767 2430/3765 2445/3768
f 2445/3768 2430/3765 2444/3769
f 2383/3766 2431/3767 2413/3770
f 2413/3770 2431/3767 2445/3768
f 2383/3766 2413/3770 2360/3771
f 2383/3766 2360/3771 2326/3772
f 2360/3771 2413/3770 2391/3773
f 2360/3771 2391/3773 2212/3774
f 2413/3770 2445/3768 2410/3775
f 2413/3770 2410/3775 2391/3773
f 2212/3774 2391/3773 2267/3776
f 2410/3775 2445/3768 2403/3777
f 2391/3773 2410/3775 2389/3778
f 2389/3778 2410/3775 2403/3777
f 2391/3773 2389/3778 2265/3779
f 2391/3773 2265/3779 2267/3776
f 2389/3778 2403/3777 2346/3780
f 2389/3778 2346/3780 2265/3779
f 2403/3777 2445/3768 2426/3781
f 2346/3780 2403/3777 2369/3782
f 2369/3782 2403/3777 2426/3781
f 2426/3781 2445/3768 2435/3783
f 2435/3783 2445/3768 2444/3769
f 2435/3783 2444/3769 2402/3784
f 2402/3784 2444/3769 2423/3785
f 2402/3784 2423/3785 2353/3786
f 2435/3783 2402/3784 2379/3787
f 2435/3783 2379/3787 2426/3781
f 2402/3784 2353/3786 2181/3788
f 2181/3788 2353/3786 2107/3789
f 2379/3787 2402/3784 2368/3790
f 2368/3790 2402/3784 2181/3788
f 2426/3781 2379/3787 2380/3791
f 2426/3781 2380/3791 2369/3782
f 2181/3788 2107/3789 1960/3792
f 2379/3787 2368/3790 2310/3793
f 2379/3787 2310/3793 2380/3791
f 2368/3790 2181/3788 2282/3794
f 2368/3790 2282/3794 2310/3793
f 2282/3794 2181/3788 2191/3795
f 2380/3791 2310/3793 2311/3796
f 2380/3791 2311/3796 2369/3782
f 2310/3793 2282/3794 2197/3797
f 2197/3797 2282/3794 2191/3795
f 2310/3793 2197/3797 2311/3796
f 2191/3795 2181/3788 2083/3798
f 2191/3795 2083/3798 2197/3797
f 2083/3798 2181/3788 1960/3792
f 2369/3782 2311/3796 2283/3799
f 2369/3782 2283/3799 2346/3780
f 2083/3798 1960/3792 2004/3800
f 2004/3800 1960/3792 1884/3801
f 2197/3797 2083/3798 2082/3802
f 2082/3802 2083/3798 2004/3800
f 2004/3800 1884/3801 1995/3803
f 2004/3800 1995/3803 2082/3802
f 1995/3803 1884/3801 1882/3804
f 1995/3803 1882/3804 2003/3805
f 1995/3803 2003/3805 2082/3802
f 2003/3805 1882/3804 1883/3806
f 2197/3797 2082/3802 2198/3807
f 2197/3797 2198/3807 2311/3796
f 2082/3802 2003/3805 2092/3808
f 2082/3802 2092/3808 2198/3807
f 2092/3808 2003/3805 2084/3809
f 2092/3808 2084/3809 2198/3807
f 2084/3809 2003/3805 2005/3810
f 2005/3810 2003/3805 1899/3811
f 2311/3796 2198/3807 2182/3812
f 2182/3812 2198/3807 2084/3809
f 2311/3796 2182/3812 2283/3799
f 2084/3809 2005/3810 2093/3813
f 2084/3809 2093/3813 2182/3812
f 2093/3813 2005/3810 1904/3814
f 2283/3799 2182/3812 2270/3815
f 2270/3815 2182/3812 2093/3813
f 2283/3799 2270/3815 2346/3780
f 2093/3813 1904/3814 2154/3816
f 2093/3813 2154/3816 2270/3815
f 2346/3780 2270/3815 2265/3779
f 2154/3816 1904/3814 2077/3817
f 2265/3779 2270/3815 2154/3816
f 2154/3816 2077/3817 2085/3818
f 2265/3779 2154/3816 2206/3819
f 2154/3816 2085/3818 2155/3820
f 2154/3816 2155/3820 2206/3819
f 2155/3820 2085/3818 2167/3821
f 2167/3821 2085/3818 2042/3822
f 2206/3819 2155/3820 2192/3823
f 2192/3823 2155/3820 2167/3821
f 2206/3819 2192/3823 2225/3824
f 2225/3824 2192/3823 2167/3821
f 2206/3819 2225/3824 2265/3779
f 2265/3779 2225/3824 2237/3825
f 2265/3779 2237/3825 2267/3776
f 2237/3825 2225/3824 2227/3826
f 2237/3825 2227/3826 2267/3776
f 2227/3826 2225/3824 2167/3821
f 2267/3776 2227/3826 2210/3827
f 2227/3826 2167/3821 2147/3828
f 2147/3828 2167/3821 2095/3829
f 1882/3830 1884/3831 1789/3832
f 1789/3832 1884/3831 1796/3833
f 1796/3833 1884/3831 1960/3834
f 1796/3833 1960/3834 1729/3835
f 1789/3832 1796/3833 1743/3836
f 1743/3836 1796/3833 1729/3835
f 1743/3836 1729/3835 1703/3837
f 1703/3837 1729/3835 1677/3838
f 1703/3837 1677/3838 1691/3839
f 1703/3837 1691/3839 1743/3836
f 1743/3836 1691/3839 1728/3840
f 1743/3836 1728/3840 1789/3832
f 1728/3840 1691/3839 1692/3841
f 1795/3842 1882/3830 1789/3832
f 1795/3842 1789/3832 1728/3840
f 1882/3830 1795/3842 1883/3843
f 1728/3840 1692/3841 1737/3844
f 1728/3840 1737/3844 1795/3842
f 1737/3844 1692/3841 1748/3845
f 1737/3844 1748/3845 1795/3842
f 1748/3845 1692/3841 1712/3846
f 1748/3845 1712/3846 1763/3847
f 1795/3842 1748/3845 1807/3848
f 1807/3848 1748/3845 1763/3847
f 1899/3849 1883/3843 1795/3842
f 1899/3849 1795/3842 1807/3848
f 1883/3843 1899/3849 2003/3850
f 1807/3848 1763/3847 1904/3851
f 1807/3848 1904/3851 1899/3849
f 1899/3849 1904/3851 2005/3852
f 1904/3851 1763/3847 1840/3853
f 1904/3851 1840/3853 1987/3854
f 1904/3851 1987/3854 2077/3855
f 2077/3855 1987/3854 2011/3856
f 2077/3855 2011/3856 2085/3857
f 1987/3854 1840/3853 1916/3858
f 1987/3854 1916/3858 2011/3856
f 1916/3858 1840/3853 1815/3859
f 1815/3859 1840/3853 1790/3860
f 1815/3859 1790/3860 1828/3861
f 1815/3859 1828/3861 1916/3858
f 2085/3857 2011/3856 2042/3862
f 2011/3856 1916/3858 1937/3863
f 1937/3863 1916/3858 1828/3861
f 2011/3856 1937/3863 2042/3862
f 1937/3863 1828/3861 1885/3864
f 1937/3863 1885/3864 2042/3862
f 2042/3862 1885/3864 1988/3865
f 1988/3865 1885/3864 1917/3866
f 2042/3862 1988/3865 2066/3867
f 2042/3862 2066/3867 2167/3868
f 2167/3868 2066/3867 2095/3869
f 1988/3865 1917/3866 1990/3870
f 1990/3870 1917/3866 1938/3871
f 1990/3870 1938/3871 2113/3872
f 1988/3865 1990/3870 2064/3873
f 2064/3873 1990/3870 2113/3872
f 1988/3865 2064/3873 2066/3867
f 2064/3873 2113/3872 2086/3874
f 2064/3873 2086/3874 2066/3867
f 2066/3867 2086/3874 2095/3869
f 2086/3874 2113/3872 2147/3875
f 2086/3874 2147/3875 2095/3869
f 1942/3876 1941/3877 2049/3878
f 1941/3877 1942/3876 2021/3879
f 1942/3876 2049/3878 2050/3880
f 2021/3879 1942/3876 2117/3881
f 2117/3881 1942/3876 2050/3880
f 2050/3882 2049/3883 2116/3884
f 2116/3884 2049/3883 1941/3885
f 2116/3884 1941/3885 2020/3886
f 2050/3887 2116/3888 2117/3889
f 2117/3889 2116/3888 2021/3890
f 2021/3890 2116/3888 2020/3891
f 2021/3890 2020/3891 1941/3892
f 2714/3893 2781/3894 2717/3895
f 2714/3893 2717/3895 2665/3896
f 2717/3895 2781/3894 2719/3897
f 2665/3896 2717/3895 2650/3898
f 2665/3896 2650/3898 2644/3899
f 2665/3896 2644/3899 2607/3900
f 2665/3896 2607/3900 2631/3901
f 2631/3901 2607/3900 2612/3902
f 2644/3899 2650/3898 2682/3903
f 2682/3903 2650/3898 2695/3904
f 2695/3904 2650/3898 2667/3905
f 2667/3905 2650/3898 2717/3895
f 2695/3904 2667/3905 2722/3906
f 2667/3905 2717/3895 2684/3907
f 2667/3905 2684/3907 2722/3906
f 2684/3907 2717/3895 2719/3897
f 2722/3906 2684/3907 2750/3908
f 2722/3906 2750/3908 2809/3909
f 2750/3908 2684/3907 2697/3910
f 2809/3909 2750/3908 2812/3911
f 2809/3909 2812/3911 2834/3912
f 2750/3908 2697/3910 2766/3913
f 2750/3908 2766/3913 2812/3911
f 2697/3910 2684/3907 2724/3914
f 2697/3910 2724/3914 2766/3913
f 2724/3914 2684/3907 2719/3897
f 2834/3912 2812/3911 2855/3915
f 2724/3914 2719/3897 2721/3916
f 2812/3911 2766/3913 2837/3917
f 2812/3911 2837/3917 2855/3915
f 2766/3913 2724/3914 2789/3918
f 2789/3918 2724/3914 2721/3916
f 2766/3913 2789/3918 2837/3917
f 2721/3916 2719/3897 2787/3919
f 2721/3916 2787/3919 2789/3918
f 2837/3917 2789/3918 2857/3920
f 2857/3920 2789/3918 2787/3919
f 2837/3917 2857/3920 2855/3915
f 2787/3919 2719/3897 2785/3921
f 2785/3921 2719/3897 2781/3894
f 2785/3921 2781/3894 2850/3922
f 2787/3919 2785/3921 2854/3923
f 2787/3919 2854/3923 2857/3920
f 2785/3921 2850/3922 2852/3924
f 2785/3921 2852/3924 2854/3923
f 2852/3924 2850/3922 2875/3925
f 2857/3920 2854/3923 2878/3926
f 2878/3926 2854/3923 2852/3924
f 2857/3920 2878/3926 2855/3915
f 2878/3926 2852/3924 2875/3925
f 2855/3915 2878/3926 2873/3927
f 2873/3927 2878/3926 2875/3925
f 2781/3928 2714/3929 2779/3930
f 2781/3928 2779/3930 2850/3931
f 2850/3931 2779/3930 2875/3932
f 2779/3930 2714/3929 2743/3933
f 2875/3932 2779/3930 2805/3934
f 2805/3934 2779/3930 2743/3933
f 2875/3932 2805/3934 2832/3935
f 2875/3932 2832/3935 2873/3936
f 2805/3934 2743/3933 2759/3937
f 2832/3935 2805/3934 2775/3938
f 2775/3938 2805/3934 2759/3937
f 2873/3936 2832/3935 2778/3939
f 2778/3939 2832/3935 2775/3938
f 2662/3940 2743/3933 2714/3929
f 2662/3940 2714/3929 2665/3941
f 2662/3940 2665/3941 2631/3942
f 2743/3933 2662/3940 2711/3943
f 2743/3933 2711/3943 2759/3937
f 2662/3940 2631/3942 2648/3944
f 2662/3940 2648/3944 2711/3943
f 2648/3944 2631/3942 2612/3945
f 2759/3937 2711/3943 2741/3946
f 2759/3937 2741/3946 2775/3938
f 2711/3943 2648/3944 2687/3947
f 2711/3943 2687/3947 2741/3946
f 2648/3944 2612/3945 2641/3948
f 2648/3944 2641/3948 2687/3947
f 2641/3948 2612/3945 2602/3949
f 2641/3948 2602/3949 2627/3950
f 2641/3948 2627/3950 2687/3947
f 2687/3947 2627/3950 2678/3951
f 2687/3947 2678/3951 2741/3946
f 2741/3946 2678/3951 2709/3952
f 2741/3946 2709/3952 2775/3938
f 2775/3938 2709/3952 2760/3953
f 2775/3938 2760/3953 2778/3939
f 2778/3939 2760/3953 2691/3954
f 2778/3939 2691/3954 2745/3955
f 2778/3939 2745/3955 2848/3956
f 2778/3939 2848/3956 2873/3936
f 2873/3936 2848/3956 2855/3957
f 2855/3957 2848/3956 2834/3958
f 2848/3956 2745/3955 2807/3959
f 2848/3956 2807/3959 2834/3958
f 2807/3959 2745/3955 2715/3960
f 2834/3958 2807/3959 2783/3961
f 2834/3958 2783/3961 2809/3962
f 2809/3962 2783/3961 2722/3963
f 2722/3963 2783/3961 2695/3964
f 2783/3961 2807/3959 2764/3965
f 2783/3961 2764/3965 2695/3964
f 2764/3965 2807/3959 2715/3960
f 2695/3964 2764/3965 2682/3966
f 2682/3966 2764/3965 2715/3960
f 2682/3966 2715/3960 2643/3967
f 2682/3966 2643/3967 2644/3968
f 2607/3969 2644/3970 2643/3971
f 2607/3969 2643/3971 2605/3972
f 2605/3972 2643/3971 2715/3973
f 2607/3969 2605/3972 2568/3974
f 2607/3969 2568/3974 2612/3975
f 2612/3975 2568/3974 2602/3976
f 2605/3972 2715/3973 2663/3977
f 2663/3977 2715/3973 2745/3978
f 2663/3977 2745/3978 2691/3979
f 2605/3972 2663/3977 2659/3980
f 2659/3980 2663/3977 2691/3979
f 2605/3972 2659/3980 2594/3981
f 2605/3972 2594/3981 2568/3974
f 2659/3980 2691/3979 2689/3982
f 2689/3982 2691/3979 2760/3983
f 2689/3982 2760/3983 2709/3984
f 2659/3980 2689/3982 2657/3985
f 2659/3980 2657/3985 2594/3981
f 2689/3982 2709/3984 2655/3986
f 2689/3982 2655/3986 2657/3985
f 2594/3981 2657/3985 2593/3987
f 2593/3987 2657/3985 2655/3986
f 2594/3981 2593/3987 2562/3988
f 2594/3981 2562/3988 2568/3974
f 2562/3988 2593/3987 2559/3989
f 2562/3988 2559/3989 2568/3974
f 2593/3987 2655/3986 2601/3990
f 2593/3987 2601/3990 2559/3989
f 2568/3974 2559/3989 2556/3991
f 2556/3991 2559/3989 2601/3990
f 2568/3974 2556/3991 2566/3992
f 2566/3992 2556/3991 2601/3990
f 2568/3974 2566/3992 2591/3993
f 2568/3974 2591/3993 2602/3976
f 2602/3976 2591/3993 2627/3994
f 2591/3993 2566/3992 2599/3995
f 2599/3995 2566/3992 2601/3990
f 2591/3993 2599/3995 2627/3994
f 2599/3995 2601/3990 2655/3986
f 2627/3994 2599/3995 2679/3996
f 2679/3996 2599/3995 2655/3986
f 2627/3994 2679/3996 2678/3997
f 2679/3996 2655/3986 2709/3984
f 2679/3996 2709/3984 2678/3997
f 1364/3998 1368/3999 1366/4000
f 1364/3998 1366/4000 1389/4001
f 1368/3999 1364/3998 1370/4002
f 1389/4001 1366/4000 1432/4003
f 1366/4000 1368/3999 1426/4004
f 1426/4004 1368/3999 1370/4002
f 1366/4000 1426/4004 1432/4003
f 1426/4004 1370/4002 1436/4005
f 1426/4004 1436/4005 1435/4006
f 1435/4006 1436/4005 1464/4007
f 1432/4003 1426/4004 1430/4008
f 1435/4006 1464/4007 1459/4009
f 1435/4006 1459/4009 1426/4004
f 1426/4004 1459/4009 1430/4008
f 1430/4008 1459/4009 1432/4003
f 1459/4009 1464/4007 1491/4010
f 1459/4009 1491/4010 1498/4011
f 1432/4003 1459/4009 1461/4012
f 1432/4003 1461/4012 1444/4013
f 1444/4013 1461/4012 1479/4014
f 1479/4014 1461/4012 1459/4009
f 1459/4009 1498/4011 1487/4015
f 1487/4015 1498/4011 1479/4014
f 1487/4015 1479/4014 1459/4009
f 1370/4016 1364/4017 1374/4018
f 1374/4018 1364/4017 1372/4019
f 1372/4019 1364/4017 1389/4020
f 1370/4016 1374/4018 1436/4021
f 1372/4019 1389/4020 1398/4022
f 1372/4019 1398/4022 1374/4018
f 1436/4021 1374/4018 1400/4023
f 1400/4023 1374/4018 1398/4022
f 1436/4021 1400/4023 1448/4024
f 1448/4024 1400/4023 1398/4022
f 1436/4021 1448/4024 1465/4025
f 1436/4021 1465/4025 1464/4026
f 1464/4026 1465/4025 1481/4027
f 1481/4027 1465/4025 1448/4024
f 1464/4026 1481/4027 1491/4028
f 1491/4028 1481/4027 1498/4029
f 1498/4029 1481/4027 1489/4030
f 1498/4029 1489/4030 1479/4031
f 1481/4027 1448/4024 1446/4032
f 1481/4027 1446/4032 1489/4030
f 1489/4030 1446/4032 1479/4031
f 1446/4032 1448/4024 1398/4022
f 1479/4031 1446/4032 1444/4033
f 1446/4032 1398/4022 1396/4034
f 1446/4032 1396/4034 1444/4033
f 1396/4034 1398/4022 1389/4020
f 1444/4033 1396/4034 1432/4035
f 1432/4035 1396/4034 1389/4020
