# Blender 5.0.1
# www.blender.org
mtllib tripo_convert_51952377-7170-450b-9cad-1e18388e7c35.mtl
o tripo_node_51952377-7170-450b-9cad-1e18388e7c35
v 0.002930 0.054688 0.038086
v 0.004883 0.144531 -0.022461
v 0.008789 0.542969 0.051758
v 0.008789 0.585938 0.051758
v 0.008789 0.050781 0.020508
v 0.010742 0.583984 0.006836
v 0.010742 0.583984 0.096680
v 0.010742 0.162109 0.024414
v 0.010742 0.154297 0.049805
v 0.012695 0.541016 0.110352
v 0.012695 0.541016 -0.004883
v 0.012695 0.185547 0.051758
v 0.012695 0.130859 0.067383
v 0.012695 0.111328 -0.040039
v 0.014648 0.511719 0.051758
v 0.014648 0.625000 0.051758
v 0.014648 0.156250 -0.000977
v 0.014648 0.142578 0.112305
v 0.014648 0.052734 -0.000977
v 0.016602 0.580078 0.127930
v 0.016602 0.580078 -0.024414
v 0.018555 0.511719 0.106445
v 0.018555 0.511719 -0.002930
v 0.018555 0.621094 0.008789
v 0.018555 0.621094 0.096680
v 0.018555 0.187500 0.112305
v 0.018555 0.187500 -0.006836
v 0.018555 0.136719 -0.018555
v 0.018555 0.103516 0.075195
v 0.018555 0.083984 -0.034180
v 0.018555 0.064453 -0.020508
v 0.022461 0.105469 0.110352
v 0.024414 0.615234 0.135742
v 0.024414 0.615234 -0.030273
v 0.026367 0.111328 -0.024414
v 0.028320 0.482422 0.051758
v 0.028320 0.537109 0.166992
v 0.028320 0.537109 -0.063477
v 0.028320 0.662109 0.051758
v 0.028320 0.232422 0.051758
v 0.028320 0.146484 0.163086
v 0.028320 0.146484 -0.059570
v 0.030273 0.576172 0.174805
v 0.030273 0.576172 -0.071289
v 0.030273 0.660156 0.008789
v 0.030273 0.660156 0.096680
v 0.030273 0.080078 0.069336
v 0.032227 0.234375 0.108398
v 0.032227 0.234375 -0.004883
v 0.032227 0.191406 0.165039
v 0.032227 0.191406 -0.061523
v 0.032227 0.087891 -0.018555
v 0.034180 0.480469 0.000977
v 0.034180 0.480469 0.102539
v 0.034180 0.505859 0.161133
v 0.034180 0.505859 -0.057617
v 0.034180 0.109375 0.157227
v 0.034180 0.109375 -0.051758
v 0.038086 0.605469 0.178711
v 0.038086 0.605469 -0.075195
v 0.038086 0.650391 0.137695
v 0.038086 0.650391 -0.034180
v 0.038086 0.074219 0.106445
v 0.040039 0.072266 -0.000977
v 0.040039 0.066406 0.055664
v 0.041992 0.064453 0.016602
v 0.043945 0.062500 0.038086
v 0.045898 0.271484 0.051758
v 0.047852 0.474609 0.153320
v 0.047852 0.474609 -0.049805
v 0.047852 0.236328 0.163086
v 0.047852 0.236328 -0.059570
v 0.047852 0.078125 0.147461
v 0.047852 0.078125 -0.043945
v 0.049805 0.455078 0.051758
v 0.049805 0.636719 0.180664
v 0.049805 0.636719 -0.077148
v 0.051758 0.533203 0.215820
v 0.051758 0.533203 -0.112305
v 0.051758 0.273438 0.106445
v 0.051758 0.273438 -0.000977
v 0.051758 0.146484 0.206055
v 0.051758 0.146484 -0.102539
v 0.053711 0.568359 0.221680
v 0.053711 0.568359 -0.116211
v 0.053711 0.707031 0.051758
v 0.055664 0.453125 0.004883
v 0.055664 0.453125 0.098633
v 0.055664 0.703125 0.006836
v 0.055664 0.703125 0.096680
v 0.055664 0.109375 0.196289
v 0.055664 0.109375 -0.090820
v 0.057617 0.500000 0.208008
v 0.057617 0.500000 -0.104492
v 0.057617 0.687500 0.139648
v 0.057617 0.687500 -0.034180
v 0.059570 0.189453 0.213867
v 0.059570 0.189453 -0.108398
v 0.059570 0.046875 0.051758
v 0.061523 0.048828 0.000977
v 0.061523 0.048828 0.102539
v 0.063477 0.080078 0.182617
v 0.063477 0.080078 -0.077148
v 0.067383 0.611328 0.223633
v 0.067383 0.611328 -0.120117
v 0.067383 0.308594 0.051758
v 0.067383 0.275391 0.157227
v 0.067383 0.275391 -0.053711
v 0.069336 0.447266 0.145508
v 0.069336 0.447266 -0.040039
v 0.069336 0.673828 0.180664
v 0.069336 0.673828 -0.077148
v 0.069336 0.054688 0.141602
v 0.069336 0.054688 -0.038086
v 0.071289 0.468750 0.198242
v 0.071289 0.468750 -0.094727
v 0.071289 0.310547 0.002930
v 0.071289 0.310547 0.100586
v 0.077148 0.712891 0.141602
v 0.077148 0.712891 -0.036133
v 0.077148 0.058594 0.165039
v 0.077148 0.058594 -0.061523
v 0.079102 0.431641 0.051758
v 0.079102 0.234375 0.211914
v 0.079102 0.234375 -0.108398
v 0.083008 0.529297 0.254883
v 0.083008 0.529297 -0.151367
v 0.083008 0.429688 0.010742
v 0.083008 0.429688 0.094727
v 0.084961 0.642578 0.223633
v 0.084961 0.642578 -0.120117
v 0.084961 0.345703 0.051758
v 0.084961 0.111328 0.223633
v 0.084961 0.111328 -0.120117
v 0.086914 0.498047 0.249023
v 0.086914 0.498047 -0.143555
v 0.086914 0.558594 0.258789
v 0.086914 0.558594 -0.155273
v 0.086914 0.142578 0.235352
v 0.086914 0.142578 -0.131836
v 0.088867 0.691406 0.188477
v 0.088867 0.691406 -0.083008
v 0.088867 0.746094 0.051758
v 0.088867 0.312500 0.147461
v 0.088867 0.312500 -0.043945
v 0.088867 0.083984 0.208008
v 0.088867 0.083984 -0.104492
v 0.090820 0.718750 0.202148
v 0.090820 0.718750 -0.098633
v 0.090820 0.347656 0.006836
v 0.090820 0.347656 0.096680
v 0.092773 0.744141 0.004883
v 0.092773 0.744141 0.098633
v 0.094727 0.443359 0.186523
v 0.094727 0.443359 -0.081055
v 0.094727 0.029297 0.051758
v 0.096680 0.585938 0.258789
v 0.096680 0.585938 -0.155273
v 0.096680 0.750000 0.217773
v 0.096680 0.750000 -0.112305
v 0.096680 0.382812 0.051758
v 0.096680 0.060547 0.188477
v 0.096680 0.060547 -0.084961
v 0.096680 0.031250 0.002930
v 0.096680 0.031250 0.100586
v 0.098633 0.662109 0.223633
v 0.098633 0.662109 -0.120117
v 0.098633 0.693359 0.239258
v 0.098633 0.693359 -0.135742
v 0.098633 0.724609 0.155273
v 0.098633 0.724609 -0.051758
v 0.098633 0.425781 0.133789
v 0.098633 0.425781 -0.030273
v 0.098633 0.273438 0.202148
v 0.098633 0.273438 -0.098633
v 0.100586 0.466797 0.235352
v 0.100586 0.466797 -0.131836
v 0.100586 0.748047 0.170898
v 0.100586 0.748047 -0.067383
v 0.100586 0.181641 0.243164
v 0.100586 0.181641 -0.139648
v 0.102539 0.732422 0.252930
v 0.102539 0.732422 -0.147461
v 0.102539 0.419922 0.051758
v 0.102539 0.382812 0.010742
v 0.102539 0.382812 0.092773
v 0.104492 0.779297 0.227539
v 0.104492 0.779297 -0.124023
v 0.106445 0.781250 0.192383
v 0.106445 0.781250 -0.088867
v 0.108398 0.417969 0.014648
v 0.108398 0.417969 0.088867
v 0.108398 0.347656 0.137695
v 0.108398 0.347656 -0.034180
v 0.108398 0.039062 0.153320
v 0.108398 0.039062 -0.049805
v 0.110352 0.765625 0.260742
v 0.110352 0.765625 -0.157227
v 0.112305 0.613281 0.258789
v 0.112305 0.613281 -0.153320
v 0.116211 0.810547 0.237305
v 0.116211 0.810547 -0.133789
v 0.118164 0.687500 0.272461
v 0.118164 0.687500 -0.168945
v 0.118164 0.722656 0.278320
v 0.118164 0.722656 -0.174805
v 0.118164 0.382812 0.129883
v 0.118164 0.382812 -0.026367
v 0.118164 0.308594 0.188477
v 0.118164 0.308594 -0.083008
v 0.118164 0.113281 0.237305
v 0.118164 0.113281 -0.131836
v 0.118164 0.087891 0.223633
v 0.118164 0.087891 -0.120117
v 0.120117 0.500000 0.276367
v 0.120117 0.500000 -0.170898
v 0.120117 0.525391 0.282227
v 0.120117 0.525391 -0.178711
v 0.120117 0.658203 0.264648
v 0.120117 0.658203 -0.161133
v 0.120117 0.751953 0.133789
v 0.120117 0.751953 -0.030273
v 0.120117 0.771484 0.149414
v 0.120117 0.771484 -0.045898
v 0.120117 0.796875 0.266602
v 0.120117 0.796875 -0.163086
v 0.122070 0.757812 0.280273
v 0.122070 0.757812 -0.176758
v 0.124023 0.556641 0.282227
v 0.124023 0.556641 -0.178711
v 0.124023 0.632812 0.254883
v 0.124023 0.632812 -0.151367
v 0.124023 0.794922 0.170898
v 0.124023 0.794922 -0.067383
v 0.124023 0.441406 0.219727
v 0.124023 0.441406 -0.116211
v 0.124023 0.138672 0.245117
v 0.124023 0.138672 -0.141602
v 0.124023 0.066406 0.208008
v 0.124023 0.066406 -0.104492
v 0.125977 0.421875 0.168945
v 0.125977 0.421875 -0.065430
v 0.125977 0.414062 0.124023
v 0.125977 0.414062 -0.020508
v 0.127930 0.466797 0.260742
v 0.127930 0.466797 -0.155273
v 0.127930 0.769531 0.051758
v 0.127930 0.791016 0.282227
v 0.127930 0.791016 -0.176758
v 0.127930 0.824219 0.206055
v 0.127930 0.824219 -0.100586
v 0.129883 0.837891 0.249023
v 0.129883 0.837891 -0.145508
v 0.129883 0.224609 0.243164
v 0.129883 0.224609 -0.139648
v 0.133789 0.771484 0.014648
v 0.133789 0.771484 0.088867
v 0.133789 0.828125 0.272461
v 0.133789 0.828125 -0.168945
v 0.135742 0.345703 0.172852
v 0.135742 0.345703 -0.067383
v 0.135742 0.050781 0.190430
v 0.135742 0.050781 -0.086914
v 0.135742 0.025391 0.051758
v 0.137695 0.714844 0.297852
v 0.137695 0.714844 -0.192383
v 0.137695 0.164062 0.250977
v 0.137695 0.164062 -0.145508
v 0.137695 0.105469 0.264648
v 0.137695 0.105469 -0.159180
v 0.137695 0.078125 0.252930
v 0.137695 0.078125 -0.149414
v 0.137695 0.025391 0.002930
v 0.137695 0.025391 0.102539
v 0.139648 0.675781 0.291992
v 0.139648 0.675781 -0.188477
v 0.139648 0.750000 0.299805
v 0.139648 0.750000 -0.194336
v 0.141602 0.849609 0.227539
v 0.141602 0.849609 -0.122070
v 0.141602 0.441406 0.235352
v 0.141602 0.441406 -0.131836
v 0.141602 0.052734 0.237305
v 0.141602 0.052734 -0.131836
v 0.143555 0.523438 0.295898
v 0.143555 0.523438 -0.192383
v 0.143555 0.550781 0.293945
v 0.143555 0.550781 -0.188477
v 0.143555 0.640625 0.282227
v 0.143555 0.640625 -0.178711
v 0.143555 0.787109 0.297852
v 0.143555 0.787109 -0.192383
v 0.143555 0.267578 0.229492
v 0.143555 0.267578 -0.124023
v 0.143555 0.134766 0.268555
v 0.143555 0.134766 -0.165039
v 0.143555 0.033203 0.145508
v 0.143555 0.033203 -0.041992
v 0.145508 0.808594 0.159180
v 0.145508 0.808594 -0.055664
v 0.145508 0.855469 0.276367
v 0.145508 0.855469 -0.170898
v 0.145508 0.861328 0.260742
v 0.145508 0.861328 -0.155273
v 0.147461 0.787109 0.137695
v 0.147461 0.787109 -0.032227
v 0.147461 0.820312 0.293945
v 0.147461 0.820312 -0.188477
v 0.147461 0.380859 0.161133
v 0.147461 0.380859 -0.057617
v 0.149414 0.527344 0.321289
v 0.149414 0.527344 -0.217773
v 0.149414 0.539062 0.311523
v 0.149414 0.539062 -0.208008
v 0.149414 0.587891 0.282227
v 0.149414 0.587891 -0.176758
v 0.149414 0.615234 0.272461
v 0.149414 0.615234 -0.168945
v 0.149414 0.769531 0.120117
v 0.149414 0.769531 -0.016602
v 0.149414 0.833984 0.188477
v 0.149414 0.833984 -0.084961
v 0.151367 0.488281 0.290039
v 0.151367 0.488281 -0.186523
v 0.151367 0.498047 0.291992
v 0.151367 0.498047 -0.188477
v 0.151367 0.554688 0.299805
v 0.151367 0.554688 -0.194336
v 0.151367 0.869141 0.245117
v 0.151367 0.869141 -0.141602
v 0.151367 0.164062 0.264648
v 0.151367 0.164062 -0.159180
v 0.153320 0.507812 0.290039
v 0.153320 0.507812 -0.186523
v 0.153320 0.517578 0.317383
v 0.153320 0.517578 -0.211914
v 0.153320 0.410156 0.153320
v 0.153320 0.410156 -0.049805
v 0.153320 0.041016 0.172852
v 0.153320 0.041016 -0.069336
v 0.153320 0.035156 0.213867
v 0.153320 0.035156 -0.110352
v 0.155273 0.468750 0.278320
v 0.155273 0.468750 -0.174805
v 0.155273 0.531250 0.327148
v 0.155273 0.531250 -0.223633
v 0.155273 0.851562 0.288086
v 0.155273 0.851562 -0.184570
v 0.157227 0.302734 0.211914
v 0.157227 0.302734 -0.106445
v 0.159180 0.488281 0.311523
v 0.159180 0.488281 -0.208008
v 0.159180 0.498047 0.309570
v 0.159180 0.498047 -0.206055
v 0.159180 0.519531 0.327148
v 0.159180 0.519531 -0.223633
v 0.159180 0.542969 0.317383
v 0.159180 0.542969 -0.211914
v 0.159180 0.876953 0.270508
v 0.159180 0.876953 -0.166992
v 0.159180 0.183594 0.249023
v 0.159180 0.183594 -0.145508
v 0.161133 0.468750 0.286133
v 0.161133 0.468750 -0.182617
v 0.161133 0.525391 0.329102
v 0.161133 0.525391 -0.225586
v 0.161133 0.710938 0.307617
v 0.161133 0.710938 -0.204102
v 0.163086 0.671875 0.301758
v 0.163086 0.671875 -0.198242
v 0.163086 0.748047 0.309570
v 0.163086 0.748047 -0.204102
v 0.163086 0.873047 0.280273
v 0.163086 0.873047 -0.176758
v 0.163086 0.882812 0.260742
v 0.163086 0.882812 -0.155273
v 0.163086 0.417969 0.198242
v 0.163086 0.417969 -0.092773
v 0.165039 0.498047 0.321289
v 0.165039 0.498047 -0.217773
v 0.165039 0.507812 0.305664
v 0.165039 0.507812 -0.200195
v 0.165039 0.560547 0.303711
v 0.165039 0.560547 -0.198242
v 0.165039 0.634766 0.291992
v 0.165039 0.634766 -0.186523
v 0.165039 0.783203 0.305664
v 0.165039 0.783203 -0.202148
v 0.165039 0.859375 0.213867
v 0.165039 0.859375 -0.108398
v 0.165039 0.880859 0.274414
v 0.165039 0.880859 -0.170898
v 0.166992 0.876953 0.239258
v 0.166992 0.876953 -0.135742
v 0.168945 0.449219 0.260742
v 0.168945 0.449219 -0.157227
v 0.168945 0.486328 0.319336
v 0.168945 0.486328 -0.215820
v 0.168945 0.589844 0.286133
v 0.168945 0.589844 -0.182617
v 0.168945 0.609375 0.278320
v 0.168945 0.609375 -0.174805
v 0.168945 0.818359 0.301758
v 0.168945 0.818359 -0.198242
v 0.168945 0.839844 0.182617
v 0.168945 0.839844 -0.079102
v 0.168945 0.884766 0.266602
v 0.168945 0.884766 -0.161133
v 0.170898 0.492188 0.323242
v 0.170898 0.492188 -0.219727
v 0.170898 0.343750 0.190430
v 0.170898 0.343750 -0.086914
v 0.172852 0.781250 0.051758
v 0.172852 0.818359 0.153320
v 0.172852 0.818359 -0.049805
v 0.172852 0.847656 0.295898
v 0.172852 0.847656 -0.190430
v 0.172852 0.880859 0.278320
v 0.172852 0.880859 -0.174805
v 0.172852 0.884766 0.256836
v 0.172852 0.884766 -0.153320
v 0.172852 0.097656 0.291992
v 0.172852 0.097656 -0.186523
v 0.172852 0.066406 0.280273
v 0.172852 0.066406 -0.176758
v 0.172852 0.027344 0.188477
v 0.172852 0.027344 -0.084961
v 0.174805 0.783203 0.020508
v 0.174805 0.783203 0.084961
v 0.174805 0.031250 0.002930
v 0.174805 0.031250 0.051758
v 0.174805 0.031250 0.100586
v 0.176758 0.466797 0.297852
v 0.176758 0.466797 -0.194336
v 0.176758 0.507812 0.311523
v 0.176758 0.507812 -0.208008
v 0.176758 0.796875 0.131836
v 0.176758 0.796875 -0.028320
v 0.176758 0.871094 0.286133
v 0.176758 0.871094 -0.182617
v 0.176758 0.884766 0.268555
v 0.176758 0.884766 -0.165039
v 0.176758 0.039062 0.157227
v 0.176758 0.039062 -0.053711
v 0.178711 0.128906 0.293945
v 0.178711 0.128906 -0.190430
v 0.178711 0.039062 0.260742
v 0.178711 0.039062 -0.157227
v 0.180664 0.777344 0.116211
v 0.180664 0.777344 -0.010742
v 0.180664 0.876953 0.280273
v 0.180664 0.876953 -0.176758
v 0.180664 0.878906 0.241211
v 0.180664 0.878906 -0.135742
v 0.180664 0.378906 0.180664
v 0.180664 0.378906 -0.077148
v 0.182617 0.748047 0.301758
v 0.182617 0.748047 -0.198242
v 0.182617 0.781250 0.299805
v 0.182617 0.781250 -0.196289
v 0.184570 0.673828 0.295898
v 0.184570 0.673828 -0.192383
v 0.184570 0.712891 0.301758
v 0.184570 0.712891 -0.198242
v 0.184570 0.814453 0.295898
v 0.184570 0.814453 -0.192383
v 0.184570 0.882812 0.270508
v 0.184570 0.882812 -0.166992
v 0.184570 0.404297 0.170898
v 0.184570 0.404297 -0.065430
v 0.184570 0.222656 0.239258
v 0.184570 0.222656 -0.135742
v 0.186523 0.638672 0.286133
v 0.186523 0.638672 -0.182617
v 0.186523 0.845703 0.290039
v 0.186523 0.845703 -0.186523
v 0.186523 0.884766 0.260742
v 0.186523 0.884766 -0.157227
v 0.186523 0.429688 0.231445
v 0.186523 0.429688 -0.127930
v 0.186523 0.197266 0.241211
v 0.186523 0.197266 -0.137695
v 0.188477 0.447266 0.274414
v 0.188477 0.447266 -0.170898
v 0.188477 0.507812 0.311523
v 0.188477 0.507812 -0.206055
v 0.188477 0.513672 0.315430
v 0.188477 0.513672 -0.211914
v 0.188477 0.705078 0.258789
v 0.188477 0.705078 -0.155273
v 0.188477 0.736328 0.223633
v 0.188477 0.736328 -0.120117
v 0.188477 0.781250 0.245117
v 0.188477 0.781250 -0.139648
v 0.188477 0.863281 0.213867
v 0.188477 0.863281 -0.110352
v 0.188477 0.869141 0.280273
v 0.188477 0.869141 -0.176758
v 0.188477 0.162109 0.286133
v 0.188477 0.162109 -0.182617
v 0.190430 0.496094 0.317383
v 0.190430 0.496094 -0.211914
v 0.190430 0.501953 0.313477
v 0.190430 0.501953 -0.209961
v 0.190430 0.521484 0.319336
v 0.190430 0.521484 -0.213867
v 0.190430 0.615234 0.274414
v 0.190430 0.615234 -0.170898
v 0.190430 0.748047 0.270508
v 0.190430 0.748047 -0.166992
v 0.190430 0.257812 0.229492
v 0.190430 0.257812 -0.125977
v 0.190430 0.021484 0.233398
v 0.190430 0.021484 -0.129883
v 0.192383 0.478516 0.307617
v 0.192383 0.478516 -0.204102
v 0.192383 0.748047 0.284180
v 0.192383 0.748047 -0.178711
v 0.192383 0.779297 0.282227
v 0.192383 0.779297 -0.178711
v 0.194336 0.556641 0.297852
v 0.194336 0.556641 -0.194336
v 0.194336 0.666016 0.245117
v 0.194336 0.666016 -0.141602
v 0.194336 0.710938 0.213867
v 0.194336 0.710938 -0.108398
v 0.194336 0.714844 0.282227
v 0.194336 0.714844 -0.178711
v 0.194336 0.812500 0.280273
v 0.194336 0.812500 -0.176758
v 0.194336 0.830078 0.258789
v 0.194336 0.830078 -0.155273
v 0.194336 0.841797 0.184570
v 0.194336 0.841797 -0.079102
v 0.194336 0.875000 0.268555
v 0.194336 0.875000 -0.163086
v 0.194336 0.876953 0.245117
v 0.194336 0.876953 -0.141602
v 0.196289 0.679688 0.278320
v 0.196289 0.679688 -0.172852
v 0.196289 0.835938 0.276367
v 0.196289 0.835938 -0.172852
v 0.198242 0.847656 0.270508
v 0.198242 0.847656 -0.166992
v 0.198242 0.287109 0.217773
v 0.198242 0.287109 -0.112305
v 0.198242 0.189453 0.264648
v 0.198242 0.189453 -0.161133
v 0.200195 0.595703 0.278320
v 0.200195 0.595703 -0.174805
v 0.200195 0.648438 0.270508
v 0.200195 0.648438 -0.166992
v 0.200195 0.820312 0.155273
v 0.200195 0.820312 -0.051758
v 0.200195 0.869141 0.252930
v 0.200195 0.869141 -0.149414
v 0.202148 0.630859 0.264648
v 0.202148 0.630859 -0.159180
v 0.204102 0.849609 0.258789
v 0.204102 0.849609 -0.155273
v 0.204102 0.861328 0.221680
v 0.204102 0.861328 -0.116211
v 0.204102 0.048828 0.145508
v 0.204102 0.048828 -0.041992
v 0.206055 0.794922 0.219727
v 0.206055 0.794922 -0.116211
v 0.206055 0.798828 0.135742
v 0.206055 0.798828 -0.030273
v 0.206055 0.431641 0.249023
v 0.206055 0.431641 -0.143555
v 0.206055 0.343750 0.196289
v 0.206055 0.343750 -0.092773
v 0.206055 0.017578 0.204102
v 0.206055 0.017578 -0.100586
v 0.208008 0.416016 0.204102
v 0.208008 0.416016 -0.098633
v 0.208008 0.314453 0.204102
v 0.208008 0.314453 -0.098633
v 0.208008 0.044922 0.004883
v 0.208008 0.044922 0.100586
v 0.208008 0.042969 0.051758
v 0.209961 0.777344 0.118164
v 0.209961 0.777344 -0.012695
v 0.211914 0.455078 0.280273
v 0.211914 0.455078 -0.176758
v 0.211914 0.759766 0.194336
v 0.211914 0.759766 -0.090820
v 0.211914 0.781250 0.051758
v 0.211914 0.783203 0.020508
v 0.211914 0.783203 0.083008
v 0.211914 0.839844 0.241211
v 0.211914 0.839844 -0.137695
v 0.211914 0.853516 0.231445
v 0.211914 0.853516 -0.125977
v 0.211914 0.365234 0.192383
v 0.211914 0.365234 -0.088867
v 0.211914 0.029297 0.170898
v 0.211914 0.029297 -0.067383
v 0.213867 0.839844 0.192383
v 0.213867 0.839844 -0.088867
v 0.213867 0.402344 0.174805
v 0.213867 0.402344 -0.069336
v 0.215820 0.201172 0.227539
v 0.215820 0.201172 -0.122070
v 0.217773 0.662109 0.245117
v 0.217773 0.662109 -0.141602
v 0.217773 0.738281 0.182617
v 0.217773 0.738281 -0.079102
v 0.217773 0.341797 0.209961
v 0.217773 0.341797 -0.106445
v 0.219727 0.320312 0.219727
v 0.219727 0.320312 -0.114258
v 0.219727 0.279297 0.209961
v 0.219727 0.279297 -0.106445
v 0.221680 0.816406 0.166992
v 0.221680 0.816406 -0.061523
v 0.221680 0.818359 0.215820
v 0.221680 0.818359 -0.112305
v 0.221680 0.832031 0.204102
v 0.221680 0.832031 -0.100586
v 0.221680 0.056641 0.303711
v 0.221680 0.056641 -0.200195
v 0.223633 0.378906 0.186523
v 0.223633 0.378906 -0.083008
v 0.223633 0.087891 0.313477
v 0.223633 0.087891 -0.209961
v 0.225586 0.474609 0.291992
v 0.225586 0.474609 -0.188477
v 0.227539 0.498047 0.299805
v 0.227539 0.498047 -0.196289
v 0.227539 0.507812 0.295898
v 0.227539 0.507812 -0.192383
v 0.227539 0.794922 0.145508
v 0.227539 0.794922 -0.041992
v 0.227539 0.029297 0.280273
v 0.227539 0.029297 -0.176758
v 0.229492 0.517578 0.297852
v 0.229492 0.517578 -0.194336
v 0.229492 0.416016 0.221680
v 0.229492 0.416016 -0.118164
v 0.229492 0.121094 0.315430
v 0.229492 0.121094 -0.211914
v 0.231445 0.796875 0.194336
v 0.231445 0.796875 -0.090820
v 0.231445 0.808594 0.178711
v 0.231445 0.808594 -0.075195
v 0.231445 0.361328 0.204102
v 0.231445 0.361328 -0.098633
v 0.231445 0.246094 0.211914
v 0.231445 0.246094 -0.106445
v 0.231445 0.066406 0.141602
v 0.231445 0.066406 -0.038086
v 0.233398 0.552734 0.282227
v 0.233398 0.552734 -0.176758
v 0.233398 0.697266 0.217773
v 0.233398 0.697266 -0.114258
v 0.233398 0.769531 0.125977
v 0.233398 0.769531 -0.022461
v 0.233398 0.287109 0.227539
v 0.233398 0.287109 -0.122070
v 0.233398 0.199219 0.247070
v 0.233398 0.199219 -0.143555
v 0.235352 0.402344 0.174805
v 0.235352 0.402344 -0.071289
v 0.235352 0.398438 0.168945
v 0.235352 0.398438 -0.065430
v 0.237305 0.589844 0.266602
v 0.237305 0.589844 -0.163086
v 0.237305 0.775391 0.178711
v 0.237305 0.775391 -0.073242
v 0.237305 0.064453 0.006836
v 0.237305 0.064453 0.098633
v 0.239258 0.787109 0.161133
v 0.239258 0.787109 -0.057617
v 0.239258 0.330078 0.221680
v 0.239258 0.330078 -0.116211
v 0.239258 0.154297 0.305664
v 0.239258 0.154297 -0.202148
v 0.239258 0.062500 0.051758
v 0.239258 0.013672 0.250977
v 0.239258 0.013672 -0.147461
v 0.241211 0.615234 0.256836
v 0.241211 0.615234 -0.153320
v 0.241211 0.382812 0.178711
v 0.241211 0.382812 -0.073242
v 0.243164 0.439453 0.252930
v 0.243164 0.439453 -0.149414
v 0.243164 0.214844 0.208008
v 0.243164 0.214844 -0.104492
v 0.245117 0.748047 0.161133
v 0.245117 0.748047 -0.057617
v 0.247070 0.759766 0.141602
v 0.247070 0.759766 -0.038086
v 0.247070 0.193359 0.206055
v 0.247070 0.193359 -0.100586
v 0.249023 0.769531 0.116211
v 0.249023 0.769531 -0.012695
v 0.249023 0.255859 0.229492
v 0.249023 0.255859 -0.124023
v 0.249023 0.048828 0.157227
v 0.249023 0.048828 -0.051758
v 0.250977 0.650391 0.239258
v 0.250977 0.650391 -0.135742
v 0.250977 0.775391 0.020508
v 0.250977 0.775391 0.051758
v 0.250977 0.775391 0.083008
v 0.250977 0.371094 0.192383
v 0.250977 0.371094 -0.086914
v 0.252930 0.179688 0.288086
v 0.252930 0.179688 -0.182617
v 0.252930 0.089844 0.145508
v 0.252930 0.089844 -0.040039
v 0.252930 0.011719 0.221680
v 0.252930 0.011719 -0.118164
v 0.254883 0.406250 0.196289
v 0.254883 0.406250 -0.092773
v 0.254883 0.396484 0.157227
v 0.254883 0.396484 -0.053711
v 0.256836 0.298828 0.229492
v 0.256836 0.298828 -0.124023
v 0.258789 0.339844 0.213867
v 0.258789 0.339844 -0.110352
v 0.260742 0.468750 0.270508
v 0.260742 0.468750 -0.165039
v 0.260742 0.685547 0.217773
v 0.260742 0.685547 -0.112305
v 0.260742 0.375000 0.165039
v 0.260742 0.375000 -0.061523
v 0.266602 0.500000 0.278320
v 0.266602 0.500000 -0.174805
v 0.266602 0.509766 0.276367
v 0.266602 0.509766 -0.172852
v 0.266602 0.714844 0.192383
v 0.266602 0.714844 -0.086914
v 0.266602 0.220703 0.227539
v 0.266602 0.220703 -0.122070
v 0.266602 0.115234 0.153320
v 0.266602 0.115234 -0.049805
v 0.266602 0.021484 0.198242
v 0.266602 0.021484 -0.092773
v 0.268555 0.191406 0.262695
v 0.268555 0.191406 -0.157227
v 0.268555 0.095703 0.004883
v 0.268555 0.095703 0.098633
v 0.270508 0.369141 0.176758
v 0.270508 0.369141 -0.073242
v 0.272461 0.546875 0.258789
v 0.272461 0.546875 -0.155273
v 0.272461 0.093750 0.051758
v 0.274414 0.117188 0.139648
v 0.274414 0.117188 -0.036133
v 0.276367 0.589844 0.243164
v 0.276367 0.589844 -0.139648
v 0.276367 0.349609 0.200195
v 0.276367 0.349609 -0.096680
v 0.276367 0.267578 0.231445
v 0.276367 0.267578 -0.125977
v 0.278320 0.734375 0.165039
v 0.278320 0.734375 -0.059570
v 0.278320 0.392578 0.135742
v 0.278320 0.392578 -0.032227
v 0.280273 0.361328 0.153320
v 0.280273 0.361328 -0.049805
v 0.280273 0.312500 0.219727
v 0.280273 0.312500 -0.114258
v 0.282227 0.746094 0.141602
v 0.282227 0.746094 -0.038086
v 0.282227 0.429688 0.221680
v 0.282227 0.429688 -0.118164
v 0.282227 0.187500 0.233398
v 0.282227 0.187500 -0.129883
v 0.282227 0.089844 0.157227
v 0.282227 0.089844 -0.053711
v 0.282227 0.048828 0.321289
v 0.282227 0.048828 -0.215820
v 0.284180 0.636719 0.225586
v 0.284180 0.636719 -0.122070
v 0.284180 0.080078 0.331055
v 0.284180 0.080078 -0.227539
v 0.286133 0.361328 0.165039
v 0.286133 0.361328 -0.061523
v 0.286133 0.357422 0.182617
v 0.286133 0.357422 -0.079102
v 0.286133 0.041016 0.176758
v 0.286133 0.041016 -0.073242
v 0.286133 0.023438 0.297852
v 0.286133 0.023438 -0.192383
v 0.288086 0.753906 0.116211
v 0.288086 0.753906 -0.012695
v 0.288086 0.181641 0.223633
v 0.288086 0.181641 -0.118164
v 0.288086 0.125000 0.118164
v 0.288086 0.125000 -0.014648
v 0.288086 0.083984 0.147461
v 0.288086 0.083984 -0.043945
v 0.290039 0.111328 0.331055
v 0.290039 0.111328 -0.227539
v 0.291992 0.369141 0.139648
v 0.291992 0.369141 -0.034180
v 0.293945 0.759766 0.020508
v 0.293945 0.759766 0.083008
v 0.293945 0.007812 0.266602
v 0.293945 0.007812 -0.163086
v 0.295898 0.667969 0.208008
v 0.295898 0.667969 -0.102539
v 0.295898 0.759766 0.051758
v 0.295898 0.232422 0.229492
v 0.295898 0.232422 -0.125977
v 0.297852 0.400391 0.161133
v 0.297852 0.400391 -0.057617
v 0.297852 0.324219 0.202148
v 0.297852 0.324219 -0.098633
v 0.299805 0.388672 0.106445
v 0.299805 0.388672 -0.000977
v 0.299805 0.138672 0.321289
v 0.299805 0.138672 -0.217773
v 0.301758 0.458984 0.239258
v 0.301758 0.458984 -0.135742
v 0.301758 0.339844 0.141602
v 0.301758 0.339844 -0.038086
v 0.301758 0.279297 0.219727
v 0.301758 0.279297 -0.116211
v 0.301758 0.062500 0.131836
v 0.301758 0.062500 -0.026367
v 0.303711 0.144531 0.000977
v 0.303711 0.144531 0.104492
v 0.303711 0.132812 0.051758
v 0.303711 0.080078 0.108398
v 0.303711 0.080078 -0.004883
v 0.305664 0.693359 0.186523
v 0.305664 0.693359 -0.083008
v 0.305664 0.066406 0.170898
v 0.305664 0.066406 -0.065430
v 0.305664 0.009766 0.237305
v 0.305664 0.009766 -0.133789
v 0.309570 0.333984 0.178711
v 0.309570 0.333984 -0.075195
v 0.309570 0.162109 0.303711
v 0.309570 0.162109 -0.198242
v 0.311523 0.486328 0.245117
v 0.311523 0.486328 -0.141602
v 0.311523 0.582031 0.215820
v 0.311523 0.582031 -0.112305
v 0.311523 0.386719 0.024414
v 0.311523 0.386719 0.079102
v 0.311523 0.339844 0.155273
v 0.311523 0.339844 -0.049805
v 0.313477 0.539062 0.229492
v 0.313477 0.539062 -0.124023
v 0.313477 0.386719 0.051758
v 0.313477 0.365234 0.112305
v 0.313477 0.365234 -0.008789
v 0.313477 0.052734 0.161133
v 0.313477 0.052734 -0.055664
v 0.313477 0.015625 0.223633
v 0.313477 0.015625 -0.118164
v 0.315430 0.509766 0.241211
v 0.315430 0.509766 -0.137695
v 0.315430 0.623047 0.208008
v 0.315430 0.623047 -0.104492
v 0.315430 0.166016 0.221680
v 0.315430 0.166016 -0.118164
v 0.315430 0.099609 0.012695
v 0.315430 0.099609 0.092773
v 0.317383 0.041016 0.114258
v 0.317383 0.041016 -0.010742
v 0.319336 0.716797 0.153320
v 0.319336 0.716797 -0.047852
v 0.319336 0.736328 0.118164
v 0.319336 0.736328 -0.014648
v 0.321289 0.304688 0.127930
v 0.321289 0.304688 -0.024414
v 0.321289 0.292969 0.200195
v 0.321289 0.292969 -0.096680
v 0.321289 0.191406 0.225586
v 0.321289 0.191406 -0.120117
v 0.321289 0.171875 0.278320
v 0.321289 0.171875 -0.172852
v 0.321289 0.058594 0.014648
v 0.321289 0.058594 0.090820
v 0.323242 0.244141 0.217773
v 0.323242 0.244141 -0.114258
v 0.323242 0.177734 0.008789
v 0.323242 0.177734 0.096680
v 0.325195 0.363281 0.020508
v 0.325195 0.363281 0.083008
v 0.325195 0.335938 0.114258
v 0.325195 0.335938 -0.010742
v 0.327148 0.662109 0.188477
v 0.327148 0.662109 -0.083008
v 0.327148 0.740234 0.020508
v 0.327148 0.740234 0.084961
v 0.327148 0.421875 0.184570
v 0.327148 0.421875 -0.079102
v 0.327148 0.173828 0.051758
v 0.329102 0.396484 0.124023
v 0.329102 0.396484 -0.020508
v 0.329102 0.033203 0.202148
v 0.329102 0.033203 -0.098633
v 0.329102 0.031250 0.145508
v 0.329102 0.031250 -0.041992
v 0.331055 0.740234 0.051758
v 0.331055 0.361328 0.051758
v 0.333008 0.306641 0.145508
v 0.333008 0.306641 -0.040039
v 0.333008 0.302734 0.174805
v 0.333008 0.302734 -0.069336
v 0.333008 0.300781 0.112305
v 0.333008 0.300781 -0.008789
v 0.333008 0.263672 0.114258
v 0.333008 0.263672 -0.010742
v 0.333008 0.218750 0.002930
v 0.333008 0.218750 0.100586
v 0.333008 0.167969 0.250977
v 0.333008 0.167969 -0.147461
v 0.333008 0.119141 0.024414
v 0.333008 0.119141 0.081055
v 0.334961 0.615234 0.190430
v 0.334961 0.615234 -0.086914
v 0.334961 0.078125 0.030273
v 0.334961 0.078125 0.073242
v 0.336914 0.162109 0.016602
v 0.336914 0.162109 0.086914
v 0.336914 0.023438 0.002930
v 0.336914 0.023438 0.100586
v 0.338867 0.263672 0.104492
v 0.338867 0.263672 -0.000977
v 0.338867 0.064453 0.190430
v 0.338867 0.064453 -0.084961
v 0.340820 0.578125 0.188477
v 0.340820 0.578125 -0.084961
v 0.340820 0.333984 0.020508
v 0.340820 0.333984 0.084961
v 0.340820 0.216797 0.026367
v 0.340820 0.216797 0.077148
v 0.340820 0.152344 0.227539
v 0.340820 0.152344 -0.124023
v 0.340820 0.140625 0.217773
v 0.340820 0.140625 -0.112305
v 0.340820 0.039062 0.028320
v 0.340820 0.039062 0.077148
v 0.344727 0.716797 0.120117
v 0.344727 0.716797 -0.016602
v 0.344727 0.332031 0.051758
v 0.344727 0.255859 0.196289
v 0.344727 0.255859 -0.092773
v 0.344727 0.214844 0.051758
v 0.344727 0.041016 0.333008
v 0.344727 0.041016 -0.227539
v 0.346680 0.392578 0.016602
v 0.346680 0.392578 0.086914
v 0.346680 0.205078 0.213867
v 0.346680 0.205078 -0.110352
v 0.346680 0.017578 0.309570
v 0.346680 0.017578 -0.206055
v 0.346680 0.013672 0.129883
v 0.346680 0.013672 -0.024414
v 0.348633 0.449219 0.202148
v 0.348633 0.449219 -0.098633
v 0.348633 0.638672 0.174805
v 0.348633 0.638672 -0.071289
v 0.348633 0.683594 0.155273
v 0.348633 0.683594 -0.049805
v 0.348633 0.298828 0.020508
v 0.348633 0.298828 0.083008
v 0.348633 0.259766 0.022461
v 0.348633 0.259766 0.081055
v 0.348633 0.144531 0.215820
v 0.348633 0.144531 -0.112305
v 0.348633 0.070312 0.342773
v 0.348633 0.070312 -0.239258
v 0.350586 0.037109 0.172852
v 0.350586 0.037109 -0.067383
v 0.352539 0.296875 0.051758
v 0.352539 0.269531 0.135742
v 0.352539 0.269531 -0.032227
v 0.352539 0.257812 0.051758
v 0.352539 0.097656 0.342773
v 0.352539 0.097656 -0.237305
v 0.352539 0.083984 0.200195
v 0.352539 0.083984 -0.096680
v 0.352539 0.005859 0.280273
v 0.352539 0.005859 -0.176758
v 0.354492 0.548828 0.178711
v 0.354492 0.548828 -0.073242
v 0.354492 0.572266 0.165039
v 0.354492 0.572266 -0.061523
v 0.354492 0.583984 0.163086
v 0.354492 0.583984 -0.059570
v 0.354492 0.392578 0.051758
v 0.354492 0.265625 0.166992
v 0.354492 0.265625 -0.063477
v 0.354492 0.109375 0.208008
v 0.354492 0.109375 -0.104492
v 0.354492 0.095703 0.040039
v 0.354492 0.095703 0.065430
v 0.354492 0.068359 0.348633
v 0.354492 0.068359 -0.245117
v 0.354492 0.056641 0.041992
v 0.354492 0.056641 0.061523
v 0.356445 0.558594 0.165039
v 0.356445 0.558594 -0.061523
v 0.356445 0.595703 0.159180
v 0.356445 0.595703 -0.055664
v 0.356445 0.718750 0.018555
v 0.356445 0.718750 0.084961
v 0.356445 0.226562 0.108398
v 0.356445 0.226562 -0.004883
v 0.356445 0.136719 0.028320
v 0.356445 0.136719 0.075195
v 0.356445 0.013672 0.088867
v 0.358398 0.527344 0.192383
v 0.358398 0.527344 -0.088867
v 0.358398 0.123047 0.331055
v 0.358398 0.123047 -0.227539
v 0.358398 0.011719 0.012695
v 0.360352 0.476562 0.208008
v 0.360352 0.476562 -0.104492
v 0.360352 0.548828 0.161133
v 0.360352 0.548828 -0.057617
v 0.360352 0.597656 0.165039
v 0.360352 0.597656 -0.059570
v 0.360352 0.603516 0.153320
v 0.360352 0.603516 -0.047852
v 0.360352 0.718750 0.051758
v 0.360352 0.027344 0.034180
v 0.362305 0.501953 0.204102
v 0.362305 0.501953 -0.100586
v 0.362305 0.029297 0.067383
v 0.362305 0.007812 0.252930
v 0.362305 0.007812 -0.149414
v 0.362305 0.005859 -0.014648
v 0.364258 0.572266 0.143555
v 0.364258 0.572266 0.168945
v 0.364258 0.572266 -0.040039
v 0.364258 0.572266 -0.063477
v 0.364258 0.585938 0.166992
v 0.364258 0.585938 -0.061523
v 0.364258 0.593750 0.163086
v 0.364258 0.593750 -0.059570
v 0.364258 0.095703 0.358398
v 0.364258 0.095703 -0.254883
v 0.364258 0.005859 0.116211
v 0.366211 0.541016 0.155273
v 0.366211 0.541016 -0.051758
v 0.366211 0.560547 0.166992
v 0.366211 0.560547 -0.063477
v 0.366211 0.576172 -0.049805
v 0.366211 0.601562 0.157227
v 0.366211 0.601562 -0.051758
v 0.366211 0.605469 0.145508
v 0.366211 0.605469 -0.041992
v 0.366211 0.654297 0.151367
v 0.366211 0.654297 -0.045898
v 0.366211 0.693359 0.122070
v 0.366211 0.693359 -0.016602
v 0.366211 0.140625 0.313477
v 0.366211 0.140625 -0.209961
v 0.366211 0.017578 0.153320
v 0.366211 0.017578 -0.049805
v 0.368164 0.552734 0.165039
v 0.368164 0.552734 -0.061523
v 0.368164 0.416016 0.141602
v 0.368164 0.416016 -0.036133
v 0.368164 0.218750 0.190430
v 0.368164 0.218750 -0.086914
v 0.368164 0.109375 0.206055
v 0.368164 0.109375 -0.102539
v 0.368164 0.058594 -0.084961
v 0.368164 0.048828 0.182617
v 0.370117 0.595703 0.159180
v 0.370117 0.595703 -0.055664
v 0.370117 0.181641 0.012695
v 0.370117 0.181641 0.092773
v 0.370117 0.140625 0.338867
v 0.370117 0.140625 -0.235352
v 0.372070 0.539062 0.149414
v 0.372070 0.539062 -0.043945
v 0.372070 0.544922 0.159180
v 0.372070 0.544922 -0.055664
v 0.372070 0.585938 0.163086
v 0.372070 0.585938 -0.059570
v 0.372070 0.603516 0.137695
v 0.372070 0.603516 0.149414
v 0.372070 0.603516 -0.034180
v 0.372070 0.603516 -0.045898
v 0.372070 0.230469 0.127930
v 0.372070 0.230469 -0.024414
v 0.374023 0.550781 0.161133
v 0.374023 0.550781 -0.057617
v 0.374023 0.560547 0.165039
v 0.374023 0.560547 -0.059570
v 0.374023 0.158203 0.206055
v 0.374023 0.158203 -0.100586
v 0.374023 0.117188 0.364258
v 0.374023 0.117188 -0.258789
v 0.374023 0.072266 0.049805
v 0.374023 0.041016 0.047852
v 0.374023 0.023438 0.231445
v 0.374023 0.023438 -0.127930
v 0.374023 0.007812 -0.030273
v 0.375977 0.574219 0.165039
v 0.375977 0.574219 -0.059570
v 0.375977 0.597656 0.153320
v 0.375977 0.597656 -0.049805
v 0.375977 0.148438 0.291992
v 0.375977 0.148438 -0.186523
v 0.375977 0.039062 0.057617
v 0.375977 0.007812 0.133789
v 0.377930 0.541016 0.141602
v 0.377930 0.541016 -0.036133
v 0.377930 0.542969 0.153320
v 0.377930 0.542969 -0.047852
v 0.377930 0.595703 0.131836
v 0.377930 0.595703 -0.028320
v 0.377930 0.601562 0.143555
v 0.377930 0.601562 -0.038086
v 0.377930 0.617188 0.141602
v 0.377930 0.617188 -0.038086
v 0.377930 0.695312 0.018555
v 0.377930 0.695312 0.086914
v 0.377930 0.226562 0.161133
v 0.377930 0.226562 -0.055664
v 0.377930 0.109375 0.041992
v 0.377930 0.068359 0.053711
v 0.379883 0.548828 0.155273
v 0.379883 0.548828 -0.051758
v 0.379883 0.585938 0.155273
v 0.379883 0.585938 -0.051758
v 0.379883 0.003906 -0.010742
v 0.381836 0.544922 0.145508
v 0.381836 0.544922 -0.041992
v 0.381836 0.548828 0.133789
v 0.381836 0.548828 -0.030273
v 0.381836 0.562500 0.157227
v 0.381836 0.562500 -0.053711
v 0.381836 0.574219 0.157227
v 0.381836 0.574219 -0.053711
v 0.381836 0.585938 0.127930
v 0.381836 0.585938 -0.024414
v 0.381836 0.595703 0.145508
v 0.381836 0.595703 -0.041992
v 0.381836 0.695312 0.051758
v 0.381836 0.158203 0.338867
v 0.381836 0.158203 -0.235352
v 0.381836 0.021484 0.038086
v 0.381836 0.021484 0.065430
v 0.381836 0.007812 0.016602
v 0.381836 0.007812 0.088867
v 0.381836 0.003906 0.114258
v 0.383789 0.560547 0.129883
v 0.383789 0.560547 -0.026367
v 0.383789 0.572266 0.127930
v 0.383789 0.572266 -0.024414
v 0.383789 0.580078 0.125977
v 0.383789 0.580078 -0.022461
v 0.383789 0.593750 0.137695
v 0.383789 0.593750 -0.034180
v 0.383789 0.664062 0.120117
v 0.383789 0.664062 -0.016602
v 0.383789 0.406250 0.010742
v 0.383789 0.406250 0.092773
v 0.383789 0.136719 0.366211
v 0.383789 0.136719 -0.260742
v 0.383789 0.068359 0.190430
v 0.385742 0.550781 0.147461
v 0.385742 0.550781 -0.043945
v 0.385742 0.552734 0.139648
v 0.385742 0.552734 -0.036133
v 0.385742 0.585938 0.137695
v 0.385742 0.585938 0.147461
v 0.385742 0.585938 -0.032227
v 0.385742 0.585938 -0.043945
v 0.385742 0.167969 0.319336
v 0.385742 0.167969 -0.213867
v 0.385742 0.144531 0.268555
v 0.385742 0.144531 -0.163086
v 0.385742 0.115234 0.065430
v 0.385742 0.046875 0.219727
v 0.385742 0.046875 -0.116211
v 0.387695 0.560547 0.137695
v 0.387695 0.560547 -0.034180
v 0.387695 0.562500 0.149414
v 0.387695 0.562500 -0.043945
v 0.387695 0.574219 0.137695
v 0.387695 0.574219 0.147461
v 0.387695 0.574219 -0.032227
v 0.387695 0.574219 -0.043945
v 0.387695 0.152344 0.020508
v 0.387695 0.152344 0.084961
v 0.387695 0.029297 0.346680
v 0.387695 0.029297 -0.243164
v 0.387695 0.009766 0.321289
v 0.387695 0.009766 -0.217773
v 0.391602 0.171875 0.303711
v 0.391602 0.171875 -0.200195
v 0.391602 0.070312 -0.084961
v 0.391602 0.054688 0.366211
v 0.391602 0.054688 -0.260742
v 0.391602 0.031250 0.166992
v 0.391602 0.031250 -0.061523
v 0.393555 0.443359 0.161133
v 0.393555 0.443359 -0.057617
v 0.393555 0.628906 0.114258
v 0.393555 0.628906 -0.010742
v 0.393555 0.404297 0.051758
v 0.393555 0.173828 0.182617
v 0.393555 0.173828 -0.079102
v 0.393555 0.152344 0.364258
v 0.393555 0.152344 -0.260742
v 0.393555 0.130859 0.245117
v 0.393555 0.130859 -0.141602
v 0.393555 0.123047 0.196289
v 0.393555 0.123047 -0.090820
v 0.393555 0.000000 0.290039
v 0.393555 0.000000 -0.184570
v 0.395508 0.667969 0.018555
v 0.395508 0.667969 0.086914
v 0.395508 0.187500 0.118164
v 0.395508 0.187500 -0.014648
v 0.395508 0.167969 0.350586
v 0.395508 0.167969 -0.245117
v 0.395508 0.078125 0.219727
v 0.395508 0.078125 -0.114258
v 0.395508 0.054688 0.049805
v 0.397461 0.550781 0.125977
v 0.397461 0.550781 -0.022461
v 0.397461 0.593750 0.104492
v 0.397461 0.593750 -0.000977
v 0.397461 0.156250 0.268555
v 0.397461 0.156250 -0.165039
v 0.397461 0.107422 0.229492
v 0.397461 0.107422 -0.124023
v 0.399414 0.667969 0.051758
v 0.399414 0.179688 0.329102
v 0.399414 0.179688 -0.223633
v 0.399414 0.132812 0.079102
v 0.399414 0.083984 0.377930
v 0.399414 0.083984 -0.274414
v 0.399414 0.050781 0.053711
v 0.399414 0.015625 0.143555
v 0.399414 0.015625 -0.040039
v 0.401367 0.519531 0.159180
v 0.401367 0.519531 -0.055664
v 0.401367 0.183594 0.151367
v 0.401367 0.183594 -0.047852
v 0.401367 0.082031 0.045898
v 0.403320 0.169922 0.282227
v 0.403320 0.169922 -0.178711
v 0.403320 0.003906 0.266602
v 0.403320 0.003906 -0.161133
v 0.405273 0.470703 0.170898
v 0.405273 0.470703 -0.065430
v 0.405273 0.634766 0.020508
v 0.405273 0.634766 0.084961
v 0.405273 0.007812 0.118164
v 0.405273 0.007812 -0.014648
v 0.407227 0.496094 0.168945
v 0.407227 0.496094 -0.065430
v 0.407227 0.183594 0.311523
v 0.407227 0.183594 -0.206055
v 0.407227 0.119141 0.028320
v 0.407227 0.109375 0.383789
v 0.407227 0.109375 -0.278320
v 0.409180 0.109375 0.229492
v 0.409180 0.109375 -0.125977
v 0.409180 0.083984 0.059570
v 0.409180 0.025391 0.036133
v 0.409180 0.025391 0.067383
v 0.409180 0.009766 0.012695
v 0.409180 0.009766 0.090820
v 0.411133 0.566406 0.002930
v 0.411133 0.566406 0.100586
v 0.411133 0.601562 0.024414
v 0.411133 0.601562 0.081055
v 0.411133 0.636719 0.051758
v 0.411133 0.162109 0.370117
v 0.411133 0.162109 -0.266602
v 0.411133 0.156250 0.110352
v 0.411133 0.156250 -0.006836
v 0.411133 0.138672 0.174805
v 0.411133 0.138672 -0.071289
v 0.411133 0.113281 0.075195
v 0.411133 0.083984 -0.077148
v 0.413086 0.175781 0.358398
v 0.413086 0.175781 -0.252930
v 0.413086 0.017578 0.249023
v 0.413086 0.017578 -0.145508
v 0.415039 0.605469 0.051758
v 0.415039 0.421875 0.004883
v 0.415039 0.421875 0.100586
v 0.415039 0.089844 0.178711
v 0.416992 0.134766 0.383789
v 0.416992 0.134766 -0.280273
v 0.416992 0.046875 0.163086
v 0.416992 0.046875 -0.059570
v 0.418945 0.187500 0.338867
v 0.418945 0.187500 -0.233398
v 0.418945 0.181641 0.288086
v 0.418945 0.181641 -0.184570
v 0.418945 0.150391 0.143555
v 0.418945 0.150391 -0.040039
v 0.418945 0.136719 0.245117
v 0.418945 0.136719 -0.139648
v 0.418945 0.064453 0.041992
v 0.418945 0.060547 0.061523
v 0.420898 0.578125 0.026367
v 0.420898 0.578125 0.077148
v 0.420898 0.134766 0.104492
v 0.422852 0.115234 0.166992
v 0.422852 0.093750 0.073242
v 0.422852 0.029297 0.141602
v 0.422852 0.029297 -0.038086
v 0.424805 0.582031 0.051758
v 0.424805 0.160156 0.377930
v 0.424805 0.160156 -0.272461
v 0.424805 0.156250 0.258789
v 0.424805 0.156250 -0.153320
v 0.424805 0.083984 0.032227
v 0.426758 0.191406 0.319336
v 0.426758 0.191406 -0.213867
v 0.426758 0.121094 0.002930
v 0.426758 0.076172 0.071289
v 0.426758 0.039062 0.237305
v 0.426758 0.039062 -0.133789
v 0.426758 0.021484 0.122070
v 0.426758 0.021484 -0.018555
v 0.428711 0.423828 0.051758
v 0.428711 0.099609 -0.057617
v 0.428711 0.039062 0.026367
v 0.428711 0.039062 0.077148
v 0.428711 0.009766 0.336914
v 0.428711 0.009766 -0.231445
v 0.428711 0.001953 0.317383
v 0.428711 0.001953 -0.211914
v 0.430664 0.443359 0.122070
v 0.430664 0.443359 -0.018555
v 0.430664 0.171875 0.272461
v 0.430664 0.171875 -0.166992
v 0.430664 0.126953 0.137695
v 0.430664 0.113281 0.098633
v 0.430664 0.091797 0.159180
v 0.430664 0.025391 0.004883
v 0.430664 0.025391 0.098633
v 0.430664 0.025391 0.354492
v 0.430664 0.025391 -0.250977
v 0.432617 0.175781 0.366211
v 0.432617 0.175781 -0.260742
v 0.434570 0.000000 0.297852
v 0.434570 0.000000 -0.192383
v 0.436523 0.537109 0.114258
v 0.436523 0.537109 -0.010742
v 0.436523 0.187500 0.297852
v 0.436523 0.187500 -0.192383
v 0.436523 0.154297 0.381836
v 0.436523 0.154297 -0.278320
v 0.436523 0.113281 -0.028320
v 0.436523 0.087891 0.092773
v 0.436523 0.064453 0.145508
v 0.436523 0.064453 -0.041992
v 0.436523 0.048828 0.372070
v 0.436523 0.048828 -0.268555
v 0.438477 0.103516 0.129883
v 0.438477 0.087891 0.010742
v 0.438477 0.068359 0.233398
v 0.438477 0.068359 -0.129883
v 0.438477 0.064453 0.016602
v 0.438477 0.064453 0.086914
v 0.438477 0.042969 0.127930
v 0.438477 0.042969 -0.024414
v 0.440430 0.187500 0.346680
v 0.440430 0.187500 -0.243164
v 0.442383 0.468750 0.131836
v 0.442383 0.468750 -0.028320
v 0.442383 0.517578 0.127930
v 0.442383 0.517578 -0.024414
v 0.442383 0.074219 0.383789
v 0.442383 0.074219 -0.280273
v 0.442383 0.052734 0.108398
v 0.442383 0.052734 -0.004883
v 0.442383 0.005859 0.280273
v 0.442383 0.005859 -0.174805
v 0.444336 0.179688 0.282227
v 0.444336 0.179688 -0.178711
v 0.444336 0.078125 0.120117
v 0.444336 0.078125 -0.016602
v 0.446289 0.494141 0.133789
v 0.446289 0.494141 -0.030273
v 0.446289 0.552734 0.020508
v 0.446289 0.552734 0.084961
v 0.448242 0.193359 0.327148
v 0.448242 0.193359 -0.223633
v 0.448242 0.097656 0.389648
v 0.448242 0.097656 -0.284180
v 0.450195 0.443359 0.012695
v 0.450195 0.443359 0.090820
v 0.450195 0.560547 0.051758
v 0.450195 0.101562 0.239258
v 0.450195 0.101562 -0.135742
v 0.452148 0.169922 0.374023
v 0.452148 0.169922 -0.270508
v 0.454102 0.017578 0.266602
v 0.454102 0.017578 -0.163086
v 0.456055 0.189453 0.305664
v 0.456055 0.189453 -0.200195
v 0.456055 0.119141 0.389648
v 0.456055 0.119141 -0.286133
v 0.458008 0.445312 0.051758
v 0.458008 0.130859 0.250977
v 0.458008 0.130859 -0.147461
v 0.459961 0.046875 0.313477
v 0.459961 0.046875 -0.209961
v 0.461914 0.177734 0.286133
v 0.461914 0.177734 -0.182617
v 0.461914 0.158203 0.268555
v 0.461914 0.158203 -0.163086
v 0.463867 0.183594 0.356445
v 0.463867 0.183594 -0.250977
v 0.463867 0.140625 0.387695
v 0.463867 0.140625 -0.282227
v 0.465820 0.035156 0.258789
v 0.465820 0.035156 -0.155273
v 0.471680 0.470703 0.014648
v 0.471680 0.470703 0.088867
v 0.471680 0.519531 0.008789
v 0.471680 0.519531 0.094727
v 0.471680 0.187500 0.334961
v 0.471680 0.187500 -0.231445
v 0.471680 0.158203 0.377930
v 0.471680 0.158203 -0.272461
v 0.473633 0.173828 0.288086
v 0.473633 0.173828 -0.184570
v 0.475586 0.496094 0.008789
v 0.475586 0.496094 0.096680
v 0.477539 0.468750 0.051758
v 0.477539 0.529297 0.022461
v 0.477539 0.529297 0.083008
v 0.477539 0.535156 0.026367
v 0.477539 0.535156 0.079102
v 0.477539 0.183594 0.311523
v 0.477539 0.183594 -0.206055
v 0.477539 0.060547 0.256836
v 0.477539 0.060547 -0.153320
v 0.479492 0.521484 0.022461
v 0.479492 0.521484 0.083008
v 0.479492 0.539062 0.036133
v 0.479492 0.539062 0.067383
v 0.479492 0.541016 0.051758
v 0.481445 0.171875 0.360352
v 0.481445 0.171875 -0.256836
v 0.481445 0.125000 0.338867
v 0.481445 0.125000 -0.235352
v 0.483398 0.501953 0.034180
v 0.483398 0.501953 0.071289
v 0.483398 0.511719 0.026367
v 0.483398 0.511719 0.077148
v 0.485352 0.490234 0.051758
v 0.485352 0.494141 0.041992
v 0.485352 0.494141 0.061523
v 0.487305 0.529297 0.024414
v 0.487305 0.529297 0.079102
v 0.487305 0.535156 0.028320
v 0.487305 0.535156 0.077148
v 0.489258 0.523438 0.024414
v 0.489258 0.523438 0.079102
v 0.489258 0.537109 0.038086
v 0.489258 0.537109 0.065430
v 0.489258 0.089844 0.260742
v 0.489258 0.089844 -0.157227
v 0.491211 0.505859 0.036133
v 0.491211 0.505859 0.067383
v 0.491211 0.513672 0.030273
v 0.491211 0.513672 0.075195
v 0.491211 0.539062 0.051758
v 0.491211 0.175781 0.338867
v 0.491211 0.175781 -0.235352
v 0.493164 0.496094 0.051758
v 0.493164 0.498047 0.045898
v 0.493164 0.498047 0.059570
v 0.493164 0.531250 0.030273
v 0.493164 0.531250 0.073242
v 0.495117 0.525391 0.030273
v 0.495117 0.525391 0.073242
v 0.495117 0.117188 0.272461
v 0.495117 0.117188 -0.166992
v 0.497070 0.513672 0.041992
v 0.497070 0.513672 0.063477
v 0.497070 0.533203 0.040039
v 0.497070 0.533203 0.063477
v 0.497070 0.169922 0.317383
v 0.497070 0.169922 -0.213867
v 0.499023 0.513672 0.051758
v 0.499023 0.525391 0.040039
v 0.499023 0.525391 0.051758
v 0.499023 0.525391 0.063477
v 0.499023 0.533203 0.051758
v 0.499023 0.158203 0.299805
v 0.499023 0.158203 -0.194336
v 0.499023 0.138672 0.284180
v 0.499023 0.138672 -0.180664
v -0.002930 0.158203 -0.012695
v -0.002930 0.078125 -0.063477
v -0.002930 0.064453 0.055664
v -0.004883 0.113281 -0.067383
v -0.008789 0.052734 -0.049805
v -0.010742 0.167969 0.010742
v -0.010742 0.083984 0.067383
v -0.012695 0.144531 -0.043945
v -0.016602 0.160156 0.040039
v -0.016602 0.138672 0.061523
v -0.018555 0.113281 0.069336
v -0.020508 0.160156 -0.032227
v -0.020508 0.037109 -0.026367
v -0.024414 0.121094 -0.102539
v -0.026367 0.078125 -0.102539
v -0.028320 0.154297 -0.069336
v -0.032227 0.035156 -0.002930
v -0.034180 0.177734 -0.006836
v -0.038086 0.171875 -0.055664
v -0.041992 0.042969 -0.086914
v -0.043945 0.171875 0.028320
v -0.043945 0.169922 -0.100586
v -0.043945 0.136719 -0.141602
v -0.043945 0.042969 0.022461
v -0.047852 0.148438 0.051758
v -0.053711 0.193359 -0.026367
v -0.053711 0.191406 -0.081055
v -0.053711 0.083984 -0.147461
v -0.053711 0.058594 0.045898
v -0.055664 0.195312 -0.131836
v -0.059570 0.085938 0.059570
v -0.059570 0.025391 -0.061523
v -0.061523 0.121094 0.061523
v -0.065430 0.218750 -0.106445
v -0.065430 0.158203 -0.186523
v -0.067383 0.222656 -0.163086
v -0.069336 0.216797 -0.047852
v -0.069336 0.189453 0.012695
v -0.075195 0.250000 -0.129883
v -0.079102 0.250000 -0.192383
v -0.079102 0.162109 0.040039
v -0.079102 0.041016 -0.133789
v -0.079102 0.023438 -0.032227
v -0.083008 0.244141 -0.065430
v -0.084961 0.095703 -0.198242
v -0.088867 0.281250 -0.153320
v -0.088867 0.185547 -0.233398
v -0.092773 0.212891 -0.000977
v -0.094727 0.275391 -0.219727
v -0.094727 0.033203 0.000977
v -0.096680 0.275391 -0.084961
v -0.104492 0.310547 -0.174805
v -0.104492 0.019531 -0.104492
v -0.106445 0.054688 0.030273
v -0.108398 0.208984 -0.264648
v -0.108398 0.134766 0.049805
v -0.110352 0.181641 0.030273
v -0.110352 0.091797 0.047852
v -0.112305 0.306641 -0.102539
v -0.112305 0.242188 -0.014648
v -0.114258 0.296875 -0.243164
v -0.120117 0.119141 -0.250977
v -0.120117 0.046875 -0.186523
v -0.125977 0.333984 -0.196289
v -0.127930 0.230469 -0.290039
v -0.129883 0.017578 -0.067383
v -0.131836 0.335938 -0.122070
v -0.131836 0.271484 -0.028320
v -0.139648 0.205078 0.018555
v -0.141602 0.318359 -0.266602
v -0.143555 0.140625 -0.286133
v -0.149414 0.029297 -0.028320
v -0.151367 0.302734 -0.043945
v -0.153320 0.359375 -0.141602
v -0.153320 0.355469 -0.217773
v -0.153320 0.251953 -0.313477
v -0.155273 0.154297 0.038086
v -0.155273 0.023438 -0.153320
v -0.161133 0.056641 0.008789
v -0.163086 0.101562 0.034180
v -0.165039 0.160156 -0.311523
v -0.165039 0.062500 -0.241211
v -0.170898 0.234375 0.008789
v -0.174805 0.335938 -0.290039
v -0.174805 0.332031 -0.063477
v -0.182617 0.376953 -0.165039
v -0.184570 0.275391 -0.333008
v -0.184570 0.019531 -0.108398
v -0.186523 0.369141 -0.241211
v -0.190430 0.183594 -0.334961
v -0.196289 0.082031 -0.280273
v -0.200195 0.355469 -0.084961
v -0.200195 0.263672 -0.004883
v -0.200195 0.177734 0.024414
v -0.206055 0.035156 -0.204102
v -0.208008 0.031250 -0.061523
v -0.211914 0.349609 -0.309570
v -0.213867 0.388672 -0.190430
v -0.217773 0.208984 -0.356445
v -0.217773 0.117188 0.016602
v -0.219727 0.296875 -0.350586
v -0.219727 0.099609 -0.307617
v -0.221680 0.062500 -0.016602
v -0.225586 0.378906 -0.262695
v -0.227539 0.375000 -0.108398
v -0.229492 0.292969 -0.022461
v -0.239258 0.031250 -0.153320
v -0.243164 0.205078 0.008789
v -0.243164 0.052734 -0.243164
v -0.245117 0.123047 -0.333008
v -0.249023 0.394531 -0.215820
v -0.249023 0.236328 -0.372070
v -0.252930 0.359375 -0.327148
v -0.256836 0.386719 -0.137695
v -0.256836 0.318359 -0.043945
v -0.258789 0.316406 -0.364258
v -0.262695 0.382812 -0.284180
v -0.266602 0.042969 -0.098633
v -0.270508 0.136719 -0.004883
v -0.270508 0.070312 -0.272461
v -0.272461 0.152344 -0.354492
v -0.278320 0.076172 -0.045898
v -0.280273 0.230469 -0.010742
v -0.282227 0.048828 -0.190430
v -0.284180 0.339844 -0.071289
v -0.284180 0.267578 -0.383789
v -0.286133 0.394531 -0.239258
v -0.288086 0.392578 -0.168945
v -0.293945 0.373047 -0.336914
v -0.295898 0.093750 -0.299805
v -0.297852 0.341797 -0.370117
v -0.299805 0.183594 -0.370117
v -0.301758 0.386719 -0.299805
v -0.311523 0.255859 -0.032227
v -0.311523 0.066406 -0.219727
v -0.311523 0.060547 -0.131836
v -0.313477 0.355469 -0.102539
v -0.315430 0.160156 -0.028320
v -0.319336 0.392578 -0.200195
v -0.319336 0.392578 -0.262695
v -0.319336 0.298828 -0.389648
v -0.319336 0.123047 -0.321289
v -0.325195 0.095703 -0.075195
v -0.327148 0.220703 -0.383789
v -0.331055 0.388672 -0.340820
v -0.336914 0.396484 -0.309570
v -0.336914 0.367188 -0.370117
v -0.336914 0.089844 -0.247070
v -0.338867 0.365234 -0.137695
v -0.338867 0.277344 -0.059570
v -0.342773 0.078125 -0.161133
v -0.344727 0.390625 -0.227539
v -0.344727 0.156250 -0.340820
v -0.348633 0.396484 -0.280273
v -0.348633 0.183594 -0.051758
v -0.354492 0.332031 -0.387695
v -0.356445 0.259766 -0.389648
v -0.358398 0.115234 -0.102539
v -0.360352 0.371094 -0.172852
v -0.360352 0.117188 -0.270508
v -0.364258 0.298828 -0.092773
v -0.368164 0.406250 -0.338867
v -0.368164 0.394531 -0.252930
v -0.368164 0.193359 -0.356445
v -0.370117 0.101562 -0.188477
v -0.372070 0.408203 -0.313477
v -0.374023 0.392578 -0.362305
v -0.375977 0.207031 -0.081055
v -0.377930 0.406250 -0.295898
v -0.377930 0.375000 -0.204102
v -0.381836 0.148438 -0.293945
v -0.383789 0.314453 -0.127930
v -0.385742 0.300781 -0.387695
v -0.385742 0.138672 -0.129883
v -0.389648 0.402344 -0.274414
v -0.389648 0.365234 -0.379883
v -0.391602 0.234375 -0.366211
v -0.391602 0.128906 -0.213867
v -0.393555 0.382812 -0.233398
v -0.397461 0.230469 -0.112305
v -0.399414 0.330078 -0.163086
v -0.401367 0.183594 -0.311523
v -0.403320 0.427734 -0.333008
v -0.405273 0.425781 -0.309570
v -0.407227 0.394531 -0.256836
v -0.407227 0.166016 -0.159180
v -0.411133 0.414062 -0.354492
v -0.411133 0.345703 -0.196289
v -0.411133 0.279297 -0.366211
v -0.411133 0.158203 -0.239258
v -0.413086 0.339844 -0.377930
v -0.415039 0.417969 -0.290039
v -0.415039 0.255859 -0.145508
v -0.418945 0.361328 -0.223633
v -0.418945 0.224609 -0.325195
v -0.422852 0.390625 -0.368164
v -0.424805 0.195312 -0.188477
v -0.426758 0.406250 -0.276367
v -0.426758 0.378906 -0.249023
v -0.426758 0.279297 -0.178711
v -0.426758 0.191406 -0.262695
v -0.430664 0.324219 -0.360352
v -0.432617 0.271484 -0.333008
v -0.434570 0.304688 -0.208008
v -0.438477 0.439453 -0.309570
v -0.438477 0.439453 -0.327148
v -0.438477 0.365234 -0.366211
v -0.438477 0.224609 -0.215820
v -0.440430 0.392578 -0.270508
v -0.440430 0.332031 -0.231445
v -0.440430 0.230469 -0.282227
v -0.442383 0.429688 -0.297852
v -0.442383 0.316406 -0.331055
v -0.444336 0.427734 -0.344727
v -0.446289 0.355469 -0.252930
v -0.446289 0.275391 -0.293945
v -0.446289 0.259766 -0.239258
v -0.448242 0.349609 -0.352539
v -0.450195 0.416016 -0.290039
v -0.450195 0.296875 -0.258789
v -0.454102 0.406250 -0.356445
v -0.454102 0.318359 -0.301758
v -0.456055 0.373047 -0.270508
v -0.456055 0.341797 -0.331055
v -0.456055 0.332031 -0.272461
v -0.458008 0.402344 -0.286133
v -0.461914 0.441406 -0.311523
v -0.461914 0.341797 -0.307617
v -0.463867 0.441406 -0.325195
v -0.463867 0.433594 -0.301758
v -0.463867 0.384766 -0.356445
v -0.463867 0.353516 -0.286133
v -0.467773 0.371094 -0.346680
v -0.469727 0.431641 -0.336914
v -0.469727 0.421875 -0.297852
v -0.469727 0.386719 -0.286133
v -0.471680 0.437500 -0.313477
v -0.473633 0.435547 -0.321289
v -0.473633 0.431641 -0.307617
v -0.473633 0.363281 -0.331055
v -0.477539 0.416016 -0.344727
v -0.477539 0.412109 -0.295898
v -0.477539 0.371094 -0.297852
v -0.477539 0.363281 -0.313477
v -0.479492 0.429688 -0.315430
v -0.479492 0.429688 -0.329102
v -0.479492 0.423828 -0.305664
v -0.485352 0.419922 -0.334961
v -0.485352 0.416016 -0.305664
v -0.485352 0.400391 -0.344727
v -0.487305 0.400391 -0.297852
v -0.489258 0.390625 -0.338867
v -0.491211 0.417969 -0.319336
v -0.493164 0.410156 -0.333008
v -0.493164 0.408203 -0.307617
v -0.493164 0.388672 -0.305664
v -0.493164 0.384766 -0.329102
v -0.495117 0.382812 -0.315430
v -0.497070 0.402344 -0.333008
v -0.499023 0.408203 -0.321289
v -0.499023 0.398438 -0.311523
v -0.499023 0.396484 -0.323242
vt 0.720703 0.417725
vt 0.706299 0.414795
vt 0.729492 0.390137
vt 0.693359 0.454346
vt 0.752441 0.458984
vt 0.693359 0.414307
vt 0.680420 0.415527
vt 0.680664 0.391357
vt 0.713379 0.387451
vt 0.697510 0.385254
vt 0.683105 0.380371
vt 0.688232 0.368652
vt 0.700195 0.362549
vt 0.692627 0.352295
vt 0.710693 0.364990
vt 0.725098 0.364990
vt 0.718506 0.349365
vt 0.703857 0.347656
vt 0.697998 0.337158
vt 0.721680 0.337891
vt 0.734131 0.345703
vt 0.748047 0.356201
vt 0.766113 0.323242
vt 0.750488 0.313232
vt 0.740967 0.366211
vt 0.763184 0.364990
vt 0.785645 0.333496
vt 0.782471 0.296631
vt 0.760254 0.369629
vt 0.781006 0.375000
vt 0.807129 0.308350
vt 0.803711 0.343994
vt 0.749023 0.394043
vt 0.768066 0.399902
vt 0.798828 0.385742
vt 0.820312 0.355469
vt 0.834961 0.370361
vt 0.812744 0.399414
vt 0.785889 0.408691
vt 0.801025 0.422852
vt 0.823975 0.414307
vt 0.768799 0.427490
vt 0.779541 0.434326
vt 0.809326 0.436523
vt 0.833252 0.430176
vt 0.786865 0.443604
vt 0.815918 0.450684
vt 0.791016 0.454590
vt 0.789795 0.467041
vt 0.815918 0.468994
vt 0.832764 0.473145
vt 0.783447 0.479492
vt 0.810059 0.489258
vt 0.770264 0.492432
vt 0.756104 0.423584
vt 0.738281 0.419922
vt 0.195068 0.902588
vt 0.172852 0.918457
vt 0.163574 0.913086
vt 0.187256 0.895508
vt 0.169922 0.889893
vt 0.140625 0.909180
vt 0.143555 0.934082
vt 0.134521 0.927002
vt 0.121338 0.915771
vt 0.125000 0.896484
vt 0.136963 0.946533
vt 0.143555 0.959229
vt 0.133545 0.968506
vt 0.136475 0.978027
vt 0.122314 0.978516
vt 0.126953 0.986572
vt 0.118896 0.994141
vt 0.127441 0.959229
vt 0.109863 0.986816
vt 0.128174 0.938232
vt 0.115967 0.967529
vt 0.118896 0.948730
vt 0.115234 0.926514
vt 0.108887 0.937744
vt 0.108154 0.957275
vt 0.101318 0.976562
vt 0.099121 0.946289
vt 0.091797 0.992188
vt 0.091797 1.000000
vt 0.045410 0.995850
vt 0.084473 0.982910
vt 0.093994 0.965820
vt 0.079346 0.971436
vt 0.086426 0.953857
vt 0.100098 0.928711
vt 0.090576 0.935059
vt 0.072266 0.960938
vt 0.065430 0.950928
vt 0.083252 0.938477
vt 0.057861 0.937012
vt 0.082764 0.920410
vt 0.049316 0.924561
vt 0.038818 0.910400
vt 0.002197 0.947510
vt 0.029297 0.894531
vt 0.072266 0.903320
vt 0.060791 0.887207
vt 0.049072 0.869141
vt 0.082520 0.871826
vt 0.095215 0.887695
vt 0.099854 0.903564
vt 0.104004 0.917725
vt 0.117432 0.902344
vt 0.110596 0.882080
vt 0.618408 0.910156
vt 0.636719 0.917236
vt 0.618408 0.951660
vt 0.598145 0.943115
vt 0.638428 0.956055
vt 0.655029 0.923340
vt 0.608154 0.983887
vt 0.630615 0.991211
vt 0.588623 0.979492
vt 0.653320 0.984375
vt 0.581055 0.951416
vt 0.561035 0.936279
vt 0.571777 0.979492
vt 0.656982 0.960693
vt 0.673096 0.927979
vt 0.675293 0.965820
vt 0.677246 0.995117
vt 0.682373 0.966553
vt 0.689697 0.934082
vt 0.700928 0.907227
vt 0.697021 0.952637
vt 0.713867 0.910400
vt 0.705566 0.935791
vt 0.711670 0.939209
vt 0.728760 0.913574
vt 0.039551 0.680420
vt 0.025635 0.656494
vt 0.044434 0.669678
vt 0.030029 0.646729
vt 0.046143 0.656494
vt 0.044189 0.685303
vt 0.027100 0.689697
vt 0.036377 0.698486
vt 0.066650 0.684814
vt 0.063965 0.702393
vt 0.052002 0.724854
vt 0.066895 0.670898
vt 0.072510 0.703857
vt 0.091797 0.681885
vt 0.065674 0.646484
vt 0.043701 0.641602
vt 0.029541 0.634766
vt 0.050537 0.627930
vt 0.029541 0.621582
vt 0.053467 0.618652
vt 0.029297 0.603760
vt 0.049072 0.600342
vt 0.088623 0.666992
vt 0.109375 0.662598
vt 0.124268 0.675293
vt 0.140381 0.666016
vt 0.111328 0.697266
vt 0.140869 0.687012
vt 0.155518 0.677734
vt 0.159668 0.698486
vt 0.129150 0.700684
vt 0.148926 0.710938
vt 0.119873 0.712891
vt 0.139404 0.723145
vt 0.167480 0.724365
vt 0.158447 0.737061
vt 0.090576 0.714600
vt 0.109863 0.725830
vt 0.129395 0.737305
vt 0.147217 0.750000
vt 0.115234 0.758057
vt 0.134277 0.770020
vt 0.117920 0.798584
vt 0.095459 0.747314
vt 0.098633 0.786377
vt 0.102051 0.823486
vt 0.123779 0.812500
vt 0.083008 0.811768
vt 0.079346 0.777344
vt 0.063721 0.802979
vt 0.075195 0.736084
vt 0.058838 0.769287
vt 0.044678 0.796875
vt 0.057617 0.727783
vt 0.038086 0.745605
vt 0.041992 0.764160
vt 0.026123 0.762695
vt 0.026855 0.792236
vt 0.012939 0.791016
vt 0.002930 0.774658
vt 0.644531 0.644775
vt 0.645020 0.636719
vt 0.665771 0.645752
vt 0.665771 0.632568
vt 0.644531 0.622314
vt 0.666504 0.617676
vt 0.686523 0.629883
vt 0.687744 0.614014
vt 0.668213 0.601318
vt 0.701660 0.629639
vt 0.662354 0.660889
vt 0.642090 0.659180
vt 0.691650 0.645508
vt 0.682129 0.662354
vt 0.655029 0.673584
vt 0.634521 0.667480
vt 0.669678 0.681152
vt 0.647705 0.678467
vt 0.665039 0.685791
vt 0.686035 0.679199
vt 0.627441 0.679199
vt 0.620605 0.676270
vt 0.605469 0.682861
vt 0.678223 0.687988
vt 0.679688 0.695312
vt 0.658447 0.703613
vt 0.653564 0.691650
vt 0.636475 0.686523
vt 0.615479 0.687012
vt 0.641357 0.698242
vt 0.623047 0.694092
vt 0.599854 0.692871
vt 0.584717 0.697998
vt 0.609131 0.694092
vt 0.628662 0.704590
vt 0.587891 0.706543
vt 0.578857 0.716553
vt 0.597168 0.703857
vt 0.614502 0.699951
vt 0.590576 0.722168
vt 0.606445 0.703125
vt 0.599121 0.717041
vt 0.609131 0.712402
vt 0.619629 0.710205
vt 0.587402 0.734131
vt 0.582764 0.741211
vt 0.605469 0.729980
vt 0.613770 0.723633
vt 0.622070 0.720947
vt 0.631348 0.714844
vt 0.601074 0.737793
vt 0.617432 0.739258
vt 0.620850 0.728516
vt 0.632568 0.725098
vt 0.628174 0.736816
vt 0.601807 0.746582
vt 0.613525 0.745117
vt 0.623779 0.749268
vt 0.604736 0.755127
vt 0.586426 0.755615
vt 0.614014 0.751221
vt 0.614502 0.765137
vt 0.620117 0.756836
vt 0.638916 0.749023
vt 0.628662 0.758545
vt 0.630859 0.768311
vt 0.641602 0.754883
vt 0.643311 0.765137
vt 0.645020 0.732910
vt 0.656982 0.738770
vt 0.652100 0.752686
vt 0.657959 0.764893
vt 0.645752 0.720947
vt 0.660645 0.726562
vt 0.664795 0.750488
vt 0.674072 0.761719
vt 0.668945 0.770752
vt 0.679443 0.751953
vt 0.670654 0.736816
vt 0.679443 0.737061
vt 0.685547 0.755127
vt 0.694336 0.746338
vt 0.693848 0.761230
vt 0.680420 0.719482
vt 0.701416 0.730225
vt 0.660400 0.714600
vt 0.697021 0.700195
vt 0.644531 0.709229
vt 0.680176 0.707275
vt 0.707520 0.684326
vt 0.713379 0.712646
vt 0.722656 0.726807
vt 0.723145 0.697754
vt 0.738037 0.708984
vt 0.732178 0.686768
vt 0.694336 0.669189
vt 0.716064 0.672363
vt 0.701904 0.656738
vt 0.741699 0.675293
vt 0.749512 0.690918
vt 0.757568 0.682861
vt 0.725830 0.661377
vt 0.707764 0.644287
vt 0.737549 0.651123
vt 0.753662 0.664795
vt 0.722168 0.640137
vt 0.711914 0.632080
vt 0.727539 0.626709
vt 0.749023 0.640137
vt 0.714844 0.619385
vt 0.703857 0.614502
vt 0.728760 0.610352
vt 0.739014 0.612793
vt 0.744141 0.618408
vt 0.740479 0.603516
vt 0.718262 0.608154
vt 0.730225 0.598389
vt 0.722168 0.596924
vt 0.706299 0.599121
vt 0.688721 0.598877
vt 0.669678 0.584473
vt 0.685303 0.581299
vt 0.708496 0.587158
vt 0.728027 0.583740
vt 0.697754 0.568848
vt 0.691406 0.555664
vt 0.713379 0.575928
vt 0.728027 0.572754
vt 0.717041 0.562500
vt 0.698730 0.554443
vt 0.719727 0.549561
vt 0.703369 0.540283
vt 0.215820 0.862793
vt 0.235352 0.867676
vt 0.208496 0.894287
vt 0.227051 0.901611
vt 0.254395 0.872070
vt 0.246582 0.907471
vt 0.264648 0.910889
vt 0.240234 0.937988
vt 0.802734 1.000000
vt 0.792236 0.989014
vt 0.812500 0.986572
vt 0.805176 0.977051
vt 0.818359 0.979980
vt 0.823486 0.994629
vt 0.831055 0.985840
vt 0.828125 0.963379
vt 0.790283 0.977051
vt 0.776611 0.992920
vt 0.776367 0.981445
vt 0.760986 0.989502
vt 0.785400 0.966797
vt 0.760742 0.980469
vt 0.747314 0.983154
vt 0.806152 0.953369
vt 0.759033 0.964844
vt 0.747070 0.965332
vt 0.734375 0.967285
vt 0.733887 0.985352
vt 0.723389 0.974365
vt 0.722168 0.990479
vt 0.734619 0.949707
vt 0.723633 0.954834
vt 0.746094 0.949219
vt 0.735596 0.932129
vt 0.726562 0.934814
vt 0.745361 0.932617
vt 0.742188 0.922852
vt 0.733154 0.918457
vt 0.756592 0.947266
vt 0.734131 0.906250
vt 0.753906 0.929688
vt 0.774414 0.952148
vt 0.764404 0.940186
vt 0.790283 0.938232
vt 0.748047 0.916992
vt 0.776855 0.924316
vt 0.741211 0.909668
vt 0.750732 0.895264
vt 0.761475 0.907959
vt 0.777100 0.896240
vt 0.765625 0.883545
vt 0.791992 0.909180
vt 0.790283 0.879639
vt 0.808105 0.920898
vt 0.806396 0.890869
vt 0.825439 0.933105
vt 0.824707 0.901855
vt 0.802734 0.864014
vt 0.820801 0.873535
vt 0.840088 0.881836
vt 0.843018 0.912598
vt 0.844482 0.945068
vt 0.845215 0.972168
vt 0.842529 0.992188
vt 0.857422 0.980225
vt 0.854004 0.999023
vt 0.868896 0.988770
vt 0.861572 0.955322
vt 0.873535 0.966797
vt 0.884277 0.976562
vt 0.881104 0.995117
vt 0.890381 0.950684
vt 0.878906 0.937744
vt 0.862305 0.924805
vt 0.879395 0.905762
vt 0.858154 0.892090
vt 0.873291 0.871582
vt 0.858398 0.858154
vt 0.834961 0.854980
vt 0.858398 0.838379
vt 0.868652 0.838379
vt 0.837646 0.833252
vt 0.816162 0.847168
vt 0.819580 0.826904
vt 0.802246 0.841309
vt 0.804932 0.820801
vt 0.788330 0.852051
vt 0.786621 0.838135
vt 0.778809 0.867920
vt 0.768799 0.857422
vt 0.757568 0.872314
vt 0.746094 0.884766
vt 0.738770 0.886230
vt 0.739014 0.871338
vt 0.729248 0.877197
vt 0.726807 0.864990
vt 0.898682 0.307861
vt 0.878906 0.303955
vt 0.877686 0.286865
vt 0.851074 0.308594
vt 0.880127 0.325439
vt 0.851074 0.289062
vt 0.834229 0.287842
vt 0.833984 0.316162
vt 0.805176 0.299316
vt 0.809082 0.279053
vt 0.851074 0.269287
vt 0.830811 0.257080
vt 0.810059 0.257812
vt 0.845459 0.253418
vt 0.827637 0.248047
vt 0.801514 0.248779
vt 0.851318 0.245361
vt 0.875000 0.252441
vt 0.897461 0.254395
vt 0.815430 0.233643
vt 0.786621 0.235596
vt 0.828613 0.221436
vt 0.859619 0.231934
vt 0.802002 0.219971
vt 0.774902 0.220215
vt 0.869873 0.217529
vt 0.895020 0.221191
vt 0.901123 0.197266
vt 0.886475 0.196777
vt 0.789307 0.206543
vt 0.766846 0.210205
vt 0.778320 0.194580
vt 0.814697 0.205322
vt 0.800781 0.191650
vt 0.790771 0.180908
vt 0.811768 0.179688
vt 0.826172 0.192871
vt 0.835449 0.178711
vt 0.840576 0.208740
vt 0.851562 0.194580
vt 0.860352 0.179443
vt 0.843262 0.164307
vt 0.869141 0.160889
vt 0.886719 0.171387
vt 0.876709 0.192383
vt 0.903564 0.178223
vt 0.354736 0.133545
vt 0.341553 0.111328
vt 0.366699 0.125488
vt 0.362061 0.147705
vt 0.367188 0.108154
vt 0.347656 0.094727
vt 0.320068 0.098145
vt 0.326416 0.080811
vt 0.303711 0.068359
vt 0.310059 0.056152
vt 0.333008 0.064941
vt 0.354736 0.077148
vt 0.377197 0.095215
vt 0.380127 0.074951
vt 0.363770 0.062988
vt 0.379150 0.119385
vt 0.379395 0.134521
vt 0.392090 0.114502
vt 0.390625 0.082764
vt 0.391846 0.065186
vt 0.405273 0.077881
vt 0.398438 0.095703
vt 0.414307 0.093506
vt 0.422119 0.073730
vt 0.406006 0.111328
vt 0.430420 0.091553
vt 0.395264 0.131104
vt 0.442627 0.069092
vt 0.420898 0.109131
vt 0.410400 0.128418
vt 0.447510 0.089844
vt 0.465576 0.066162
vt 0.436035 0.107422
vt 0.426514 0.126465
vt 0.467773 0.090820
vt 0.490479 0.065674
vt 0.450928 0.108154
vt 0.440918 0.124756
vt 0.490234 0.091064
vt 0.513184 0.063965
vt 0.517090 0.083252
vt 0.479736 0.114258
vt 0.501221 0.106934
vt 0.466309 0.110596
vt 0.456055 0.123535
vt 0.469971 0.120605
vt 0.492188 0.137207
vt 0.492432 0.122070
vt 0.476807 0.145508
vt 0.484375 0.175293
vt 0.460693 0.147461
vt 0.444580 0.148193
vt 0.465332 0.177246
vt 0.469727 0.209717
vt 0.451172 0.210938
vt 0.447266 0.178711
vt 0.428223 0.150879
vt 0.430664 0.211670
vt 0.432129 0.242676
vt 0.429443 0.179199
vt 0.410889 0.244141
vt 0.410400 0.153320
vt 0.409912 0.212402
vt 0.389893 0.213379
vt 0.409424 0.181641
vt 0.393311 0.155029
vt 0.391113 0.183350
vt 0.376953 0.156738
vt 0.359375 0.183350
vt 0.374512 0.184814
vt 0.374512 0.214111
vt 0.829102 0.731445
vt 0.833252 0.721680
vt 0.843994 0.721191
vt 0.826416 0.712158
vt 0.840088 0.733887
vt 0.838135 0.709473
vt 0.829834 0.701660
vt 0.817383 0.700195
vt 0.853027 0.718750
vt 0.847412 0.705078
vt 0.826904 0.695557
vt 0.835693 0.697021
vt 0.839600 0.689209
vt 0.825928 0.690674
vt 0.852051 0.697266
vt 0.855957 0.688232
vt 0.841309 0.679932
vt 0.855713 0.675537
vt 0.873535 0.685791
vt 0.862549 0.703857
vt 0.868164 0.694580
vt 0.856689 0.711914
vt 0.875244 0.703613
vt 0.869629 0.713379
vt 0.865479 0.721436
vt 0.878662 0.695068
vt 0.883545 0.685791
vt 0.877930 0.678223
vt 0.886230 0.675293
vt 0.894043 0.685059
vt 0.897217 0.674316
vt 0.890137 0.695312
vt 0.889648 0.705811
vt 0.906250 0.683350
vt 0.902100 0.695312
vt 0.907227 0.669678
vt 0.884766 0.717529
vt 0.880127 0.727783
vt 0.901611 0.722168
vt 0.919189 0.679443
vt 0.909668 0.657227
vt 0.917236 0.663330
vt 0.915283 0.694336
vt 0.930664 0.674561
vt 0.906494 0.708252
vt 0.927002 0.655518
vt 0.928955 0.692627
vt 0.924316 0.710205
vt 0.919434 0.727783
vt 0.942139 0.669434
vt 0.938477 0.648682
vt 0.954102 0.663574
vt 0.949463 0.642334
vt 0.958252 0.686523
vt 0.943848 0.690186
vt 0.961182 0.710449
vt 0.942871 0.711426
vt 0.960693 0.736328
vt 0.939697 0.732666
vt 0.914062 0.744873
vt 0.935059 0.754639
vt 0.956787 0.762939
vt 0.927979 0.773193
vt 0.949463 0.784912
vt 0.907959 0.760498
vt 0.895996 0.735840
vt 0.890625 0.748535
vt 0.918457 0.789795
vt 0.937988 0.804932
vt 0.906982 0.805176
vt 0.924561 0.822510
vt 0.890869 0.786865
vt 0.900635 0.774658
vt 0.877197 0.770020
vt 0.884277 0.760742
vt 0.865967 0.754639
vt 0.859131 0.761963
vt 0.870850 0.747314
vt 0.875732 0.737793
vt 0.862061 0.728760
vt 0.859375 0.735107
vt 0.850342 0.725830
vt 0.848877 0.733398
vt 0.856201 0.742432
vt 0.846680 0.739990
vt 0.836426 0.746826
vt 0.831543 0.740723
vt 0.843750 0.747559
vt 0.852295 0.748779
vt 0.846924 0.754395
vt 0.985352 0.417725
vt 0.998779 0.413330
vt 0.997559 0.430908
vt 0.730957 0.219971
vt 0.744385 0.227539
vt 0.734619 0.234131
vt 0.718750 0.226562
vt 0.721924 0.214600
vt 0.752197 0.244873
vt 0.739502 0.251221
vt 0.723389 0.240967
vt 0.757324 0.266357
vt 0.744141 0.272217
vt 0.726074 0.256104
vt 0.709473 0.235596
vt 0.729248 0.276123
vt 0.748535 0.293945
vt 0.732422 0.299316
vt 0.712158 0.244385
vt 0.712158 0.259766
vt 0.714600 0.279541
vt 0.716064 0.302246
vt 0.702637 0.244629
vt 0.699707 0.261230
vt 0.701172 0.282227
vt 0.702148 0.304443
vt 0.690918 0.259277
vt 0.703125 0.231201
vt 0.696045 0.242676
vt 0.712158 0.220215
vt 0.686035 0.243408
vt 0.697510 0.219727
vt 0.708984 0.212402
vt 0.720215 0.207520
vt 0.736816 0.200684
vt 0.709717 0.208740
vt 0.723145 0.192383
vt 0.733154 0.200439
vt 0.700439 0.198975
vt 0.733887 0.176758
vt 0.725586 0.168945
vt 0.713135 0.184326
vt 0.707275 0.163574
vt 0.688477 0.180664
vt 0.677734 0.163086
vt 0.676025 0.213623
vt 0.682617 0.229736
vt 0.662842 0.195801
vt 0.650879 0.179443
vt 0.654297 0.226562
vt 0.665527 0.240967
vt 0.635986 0.209717
vt 0.672119 0.254639
vt 0.652588 0.250000
vt 0.637451 0.236816
vt 0.642334 0.257812
vt 0.624023 0.246582
vt 0.659912 0.263916
vt 0.647705 0.273438
vt 0.619385 0.224854
vt 0.604492 0.235840
vt 0.604248 0.213867
vt 0.585693 0.224854
vt 0.666260 0.281494
vt 0.623047 0.192139
vt 0.640869 0.167480
vt 0.612549 0.180664
vt 0.653320 0.290771
vt 0.597656 0.199219
vt 0.587646 0.187256
vt 0.582520 0.205322
vt 0.569092 0.214844
vt 0.557617 0.204590
vt 0.567627 0.194336
vt 0.560059 0.183594
vt 0.548340 0.193359
vt 0.672119 0.299805
vt 0.660156 0.309570
vt 0.677246 0.318604
vt 0.667725 0.328857
vt 0.684570 0.340332
vt 0.675537 0.348877
vt 0.664551 0.353027
vt 0.676514 0.372559
vt 0.690430 0.333496
vt 0.687500 0.310547
vt 0.684570 0.290039
vt 0.692139 0.309082
vt 0.699951 0.328857
vt 0.691650 0.283936
vt 0.678223 0.270996
vt 0.644287 0.442871
vt 0.631836 0.425293
vt 0.648438 0.418945
vt 0.631348 0.400391
vt 0.660400 0.439453
vt 0.656250 0.390625
vt 0.669189 0.410889
vt 0.674072 0.381348
vt 0.680176 0.434570
vt 0.648682 0.380859
vt 0.662109 0.365479
vt 0.624023 0.378906
vt 0.638184 0.363281
vt 0.650391 0.352783
vt 0.666504 0.461426
vt 0.685791 0.460693
vt 0.666260 0.484619
vt 0.686035 0.486328
vt 0.652588 0.482910
vt 0.651367 0.462891
vt 0.632568 0.483398
vt 0.633057 0.467285
vt 0.647461 0.348389
vt 0.657959 0.343018
vt 0.628906 0.354492
vt 0.615723 0.367432
vt 0.640137 0.341064
vt 0.654053 0.332520
vt 0.618164 0.346436
vt 0.597656 0.358398
vt 0.634277 0.330811
vt 0.648438 0.327393
vt 0.637939 0.320557
vt 0.591797 0.338623
vt 0.565674 0.348145
vt 0.614990 0.332275
vt 0.616211 0.318848
vt 0.636963 0.316895
vt 0.590820 0.320801
vt 0.560791 0.333008
vt 0.535400 0.358887
vt 0.529785 0.343750
vt 0.614502 0.313477
vt 0.637695 0.313477
vt 0.637207 0.307617
vt 0.613281 0.308350
vt 0.555908 0.321289
vt 0.589355 0.315674
vt 0.604980 0.289307
vt 0.578369 0.296387
vt 0.596191 0.269531
vt 0.569092 0.273682
vt 0.552246 0.303711
vt 0.524170 0.325439
vt 0.545898 0.280518
vt 0.296875 0.631836
vt 0.267822 0.613281
vt 0.298828 0.610596
vt 0.326660 0.629395
vt 0.263916 0.632812
vt 0.233887 0.612305
vt 0.327637 0.653076
vt 0.349121 0.631104
vt 0.231201 0.635010
vt 0.205078 0.610596
vt 0.200195 0.633301
vt 0.263916 0.654785
vt 0.229248 0.657715
vt 0.196533 0.655273
vt 0.195068 0.679932
vt 0.296631 0.653809
vt 0.265625 0.675781
vt 0.230225 0.678467
vt 0.221436 0.708252
vt 0.194824 0.712402
vt 0.240967 0.704590
vt 0.298828 0.675293
vt 0.270752 0.701904
vt 0.247559 0.727783
vt 0.222656 0.733643
vt 0.196045 0.738037
vt 0.216797 0.759277
vt 0.197266 0.753174
vt 0.205078 0.773438
vt 0.249756 0.751221
vt 0.258545 0.774658
vt 0.285156 0.765137
vt 0.279541 0.741211
vt 0.275146 0.720703
vt 0.302979 0.697998
vt 0.308350 0.726318
vt 0.314453 0.746582
vt 0.319336 0.759766
vt 0.295410 0.774414
vt 0.329346 0.673828
vt 0.353271 0.654541
vt 0.333008 0.693115
vt 0.356445 0.672119
vt 0.336914 0.711914
vt 0.358643 0.693359
vt 0.343750 0.730469
vt 0.371582 0.716553
vt 0.371826 0.689697
vt 0.346191 0.743896
vt 0.366943 0.733887
vt 0.348145 0.759521
vt 0.327637 0.773682
vt 0.366211 0.750000
vt 0.367432 0.768799
vt 0.355469 0.771973
vt 0.381836 0.768311
vt 0.379639 0.747803
vt 0.380371 0.731934
vt 0.392334 0.751221
vt 0.394043 0.770264
vt 0.404541 0.754883
vt 0.393555 0.737305
vt 0.403564 0.745361
vt 0.418457 0.760254
vt 0.400146 0.727051
vt 0.382812 0.719238
vt 0.385742 0.697266
vt 0.377686 0.692383
vt 0.403320 0.700684
vt 0.388428 0.683594
vt 0.381592 0.680664
vt 0.371582 0.670166
vt 0.385986 0.672852
vt 0.390625 0.674805
vt 0.393799 0.670898
vt 0.406738 0.670166
vt 0.425781 0.675293
vt 0.425049 0.706543
vt 0.403809 0.659180
vt 0.425049 0.727783
vt 0.427734 0.738525
vt 0.447510 0.731934
vt 0.421631 0.760498
vt 0.450439 0.758789
vt 0.434814 0.755859
vt 0.391846 0.667969
vt 0.394775 0.654785
vt 0.402100 0.655762
vt 0.385498 0.665771
vt 0.403320 0.653076
vt 0.374023 0.656494
vt 0.385986 0.655029
vt 0.373779 0.650391
vt 0.372803 0.644531
vt 0.369141 0.629150
vt 0.391602 0.646240
vt 0.384521 0.647705
vt 0.384521 0.641602
vt 0.374512 0.635498
vt 0.395020 0.643311
vt 0.404785 0.649170
vt 0.394531 0.638428
vt 0.394775 0.628174
vt 0.140137 0.859131
vt 0.124268 0.864502
vt 0.124512 0.854004
vt 0.106689 0.859863
vt 0.090088 0.855225
vt 0.087158 0.867920
vt 0.107910 0.851562
vt 0.139648 0.848389
vt 0.155273 0.853271
vt 0.124756 0.844238
vt 0.086426 0.849854
vt 0.107666 0.843262
vt 0.124023 0.840332
vt 0.139160 0.836670
vt 0.120850 0.830811
vt 0.103760 0.839355
vt 0.097412 0.834473
vt 0.114014 0.824707
vt 0.136475 0.823486
vt 0.140137 0.829346
vt 0.153809 0.816650
vt 0.149658 0.815674
vt 0.153809 0.830322
vt 0.154053 0.843018
vt 0.168457 0.847412
vt 0.167480 0.836670
vt 0.181152 0.842285
vt 0.166504 0.824951
vt 0.166016 0.811523
vt 0.160889 0.805176
vt 0.165771 0.794678
vt 0.179932 0.832764
vt 0.177979 0.821533
vt 0.176514 0.804688
vt 0.177734 0.788330
vt 0.192383 0.819580
vt 0.195801 0.834717
vt 0.198242 0.847412
vt 0.188965 0.799805
vt 0.204102 0.798340
vt 0.212402 0.839355
vt 0.215332 0.853516
vt 0.211182 0.822266
vt 0.219971 0.797363
vt 0.197998 0.771973
vt 0.228516 0.821777
vt 0.226807 0.843262
vt 0.231934 0.859131
vt 0.184082 0.773926
vt 0.183105 0.756592
vt 0.176270 0.753174
vt 0.175049 0.773438
vt 0.173340 0.775635
vt 0.170654 0.764160
vt 0.168457 0.751465
vt 0.243896 0.852051
vt 0.246826 0.864014
vt 0.238281 0.840332
vt 0.240723 0.823975
vt 0.250488 0.841064
vt 0.258057 0.855713
vt 0.267822 0.855469
vt 0.259033 0.866943
vt 0.270020 0.866211
vt 0.269287 0.869141
vt 0.270508 0.872314
vt 0.136475 0.414551
vt 0.105469 0.432373
vt 0.097656 0.418701
vt 0.075928 0.446777
vt 0.127930 0.401123
vt 0.159424 0.381836
vt 0.118652 0.386475
vt 0.148682 0.365967
vt 0.068848 0.432617
vt 0.090088 0.404541
vt 0.042236 0.443848
vt 0.109375 0.373779
vt 0.112549 0.353271
vt 0.134277 0.342285
vt 0.084961 0.364014
vt 0.062256 0.419189
vt 0.036621 0.430420
vt 0.053955 0.406494
vt 0.069824 0.385498
vt 0.050049 0.381592
vt 0.068359 0.365723
vt 0.067627 0.340820
vt 0.091797 0.345703
vt 0.107666 0.330811
vt 0.090576 0.318604
vt 0.120850 0.320312
vt 0.157959 0.327637
vt 0.121826 0.290283
vt 0.139160 0.305664
vt 0.101562 0.300537
vt 0.073730 0.293945
vt 0.103027 0.277100
vt 0.070801 0.314941
vt 0.051758 0.273926
vt 0.076172 0.266846
vt 0.050049 0.293457
vt 0.044434 0.319092
vt 0.029297 0.274414
vt 0.033691 0.252441
vt 0.013428 0.250488
vt 0.000000 0.285156
vt 0.023193 0.300781
vt 0.003906 0.304199
vt 0.027100 0.320557
vt 0.009521 0.323486
vt 0.047363 0.341797
vt 0.031982 0.341797
vt 0.013672 0.343750
vt 0.051025 0.362793
vt 0.034424 0.362549
vt 0.016113 0.363037
vt 0.033447 0.378418
vt 0.018066 0.375000
vt 0.013184 0.395020
vt 0.033203 0.402344
vt 0.017090 0.420654
vt 0.007812 0.416016
vt 0.013184 0.425781
vt 0.024414 0.422852
vt 0.019531 0.426514
vt 0.027100 0.427979
vt 0.021973 0.429688
vt 0.016602 0.430420
vt 0.010254 0.430176
vt 0.005371 0.422852
vt 0.016846 0.434570
vt 0.028320 0.432861
vt 0.021973 0.433594
vt 0.026855 0.439941
vt 0.010986 0.437256
vt 0.003174 0.431152
vt 0.021973 0.438965
vt 0.014648 0.442627
vt 0.009033 0.447266
vt 0.020264 0.445801
vt 0.017578 0.451416
vt 0.026123 0.447021
vt 0.022461 0.453857
vt 0.044922 0.460205
vt 0.482910 0.779053
vt 0.468994 0.769043
vt 0.501221 0.750732
vt 0.487793 0.740234
vt 0.495117 0.786377
vt 0.468506 0.804688
vt 0.512695 0.759277
vt 0.480713 0.812256
vt 0.525391 0.768799
vt 0.545654 0.743164
vt 0.507568 0.793945
vt 0.536377 0.779053
vt 0.468262 0.836670
vt 0.555420 0.776611
vt 0.566406 0.756836
vt 0.575439 0.782227
vt 0.585449 0.770508
vt 0.558594 0.797363
vt 0.582764 0.798340
vt 0.612549 0.774658
vt 0.600342 0.791748
vt 0.544922 0.798584
vt 0.562500 0.816162
vt 0.603516 0.816895
vt 0.621582 0.791748
vt 0.543701 0.801514
vt 0.554932 0.812012
vt 0.523193 0.814209
vt 0.503418 0.827637
vt 0.525635 0.832520
vt 0.492432 0.819092
vt 0.480469 0.842041
vt 0.548584 0.826904
vt 0.503662 0.849365
vt 0.544922 0.845215
vt 0.470947 0.850586
vt 0.523926 0.850830
vt 0.541504 0.862305
vt 0.524902 0.865479
vt 0.506592 0.867432
vt 0.559814 0.865479
vt 0.564453 0.848145
vt 0.576904 0.870605
vt 0.484619 0.861328
vt 0.486572 0.870117
vt 0.568848 0.829346
vt 0.583252 0.853027
vt 0.594482 0.875732
vt 0.582520 0.837402
vt 0.597412 0.859375
vt 0.613037 0.878662
vt 0.584717 0.817383
vt 0.601562 0.838867
vt 0.614990 0.860107
vt 0.633301 0.879150
vt 0.635254 0.860352
vt 0.619385 0.838379
vt 0.628174 0.817627
vt 0.543457 0.624512
vt 0.523193 0.631836
vt 0.531982 0.593506
vt 0.512207 0.601074
vt 0.546875 0.587646
vt 0.558838 0.619385
vt 0.503418 0.574707
vt 0.485596 0.588379
vt 0.522705 0.567139
vt 0.483887 0.567871
vt 0.469971 0.589600
vt 0.499756 0.550537
vt 0.537842 0.557617
vt 0.470215 0.568359
vt 0.559326 0.583740
vt 0.571777 0.614258
vt 0.575928 0.578613
vt 0.542725 0.555420
vt 0.564941 0.551758
vt 0.556396 0.528809
vt 0.535645 0.532715
vt 0.530518 0.534912
vt 0.589111 0.545654
vt 0.577393 0.523682
vt 0.598145 0.568604
vt 0.619141 0.560547
vt 0.615723 0.539795
vt 0.524170 0.537354
vt 0.516602 0.517090
vt 0.513428 0.545654
vt 0.503174 0.528320
vt 0.510498 0.520508
vt 0.490967 0.530029
vt 0.486328 0.547363
vt 0.480469 0.528320
vt 0.473633 0.546143
vt 0.452393 0.550537
vt 0.455322 0.530029
vt 0.448486 0.577881
vt 0.448730 0.598145
vt 0.439697 0.551270
vt 0.430176 0.593750
vt 0.423584 0.575928
vt 0.415283 0.555176
vt 0.399658 0.580078
vt 0.408447 0.595703
vt 0.410889 0.613281
vt 0.388184 0.602783
vt 0.396484 0.620361
vt 0.375732 0.628418
vt 0.372070 0.615234
vt 0.378418 0.590820
vt 0.389160 0.562500
vt 0.361572 0.605469
vt 0.366211 0.574951
vt 0.891846 0.325195
vt 0.895508 0.316162
vt 0.897705 0.326904
vt 0.902832 0.318604
vt 0.895020 0.335205
vt 0.885498 0.329590
vt 0.904297 0.328369
vt 0.882568 0.345459
vt 0.876709 0.337158
vt 0.869873 0.351562
vt 0.864502 0.341553
vt 0.895264 0.343262
vt 0.887695 0.358398
vt 0.855957 0.359131
vt 0.838379 0.361572
vt 0.846191 0.350586
vt 0.843506 0.370850
vt 0.860352 0.370361
vt 0.874756 0.365479
vt 0.861084 0.384766
vt 0.843018 0.387695
vt 0.863037 0.401123
vt 0.843506 0.403564
vt 0.882812 0.396973
vt 0.879150 0.381348
vt 0.900635 0.389893
vt 0.894775 0.375488
vt 0.905762 0.359619
vt 0.910645 0.370605
vt 0.898193 0.351074
vt 0.904053 0.347900
vt 0.902832 0.338135
vt 0.910156 0.353271
vt 0.918457 0.366211
vt 0.916016 0.381836
vt 0.913330 0.345703
vt 0.915527 0.337158
vt 0.922363 0.394287
vt 0.910156 0.403564
vt 0.922363 0.358643
vt 0.930664 0.372314
vt 0.925781 0.349121
vt 0.934570 0.362549
vt 0.941895 0.377197
vt 0.931396 0.398438
vt 0.932861 0.406006
vt 0.937988 0.389404
vt 0.946289 0.396484
vt 0.937500 0.405273
vt 0.948242 0.380859
vt 0.948242 0.366943
vt 0.939209 0.351807
vt 0.953857 0.355713
vt 0.961426 0.366699
vt 0.928223 0.337891
vt 0.942871 0.340820
vt 0.958252 0.343750
vt 0.916748 0.327881
vt 0.928955 0.328125
vt 0.943848 0.328857
vt 0.960693 0.331055
vt 0.971680 0.337646
vt 0.907959 0.320801
vt 0.915771 0.319824
vt 0.913086 0.313232
vt 0.909668 0.309570
vt 0.919922 0.303711
vt 0.925049 0.307861
vt 0.928223 0.317627
vt 0.943604 0.316895
vt 0.940918 0.306152
vt 0.960693 0.318848
vt 0.973389 0.322510
vt 0.974121 0.312012
vt 0.974121 0.656982
vt 0.971436 0.633789
vt 0.996094 0.641846
vt 0.999756 0.649414
vt 0.989746 0.678223
vt 0.730469 0.132324
vt 0.716797 0.134521
vt 0.719482 0.121582
vt 0.705566 0.125488
vt 0.710938 0.113037
vt 0.700439 0.138184
vt 0.694580 0.115723
vt 0.690430 0.126953
vt 0.686035 0.136719
vt 0.673340 0.127930
vt 0.676514 0.139404
vt 0.676270 0.114502
vt 0.698242 0.109375
vt 0.714111 0.112549
vt 0.663086 0.133545
vt 0.672119 0.143799
vt 0.661865 0.144043
vt 0.653809 0.140625
vt 0.658936 0.119629
vt 0.654297 0.130859
vt 0.646973 0.141113
vt 0.683838 0.105957
vt 0.697021 0.099609
vt 0.676025 0.102295
vt 0.674561 0.106201
vt 0.665283 0.113770
vt 0.663086 0.106934
vt 0.654053 0.116943
vt 0.656250 0.111572
vt 0.654053 0.102295
vt 0.645996 0.108643
vt 0.644531 0.095947
vt 0.635254 0.100098
vt 0.646729 0.129883
vt 0.643311 0.115479
vt 0.631348 0.109131
vt 0.634277 0.127686
vt 0.633057 0.142090
vt 0.634033 0.153564
vt 0.617920 0.103027
vt 0.618652 0.123535
vt 0.615967 0.141113
vt 0.615234 0.157715
vt 0.617432 0.171387
vt 0.594482 0.177002
vt 0.593018 0.159180
vt 0.567383 0.178711
vt 0.596191 0.138428
vt 0.567627 0.156738
vt 0.538086 0.177246
vt 0.540039 0.151367
vt 0.573730 0.132568
vt 0.549316 0.122559
vt 0.602051 0.116943
vt 0.582275 0.107422
vt 0.561279 0.094727
vt 0.533447 0.113525
vt 0.603516 0.093506
vt 0.590332 0.082031
vt 0.577637 0.069824
vt 0.550537 0.083008
vt 0.610840 0.082520
vt 0.587158 0.057617
vt 0.577881 0.044678
vt 0.596924 0.042236
vt 0.598633 0.069824
vt 0.606689 0.055176
vt 0.617676 0.067871
vt 0.622559 0.093262
vt 0.628174 0.079590
vt 0.327148 0.398193
vt 0.300049 0.416992
vt 0.298340 0.400146
vt 0.322998 0.375732
vt 0.292236 0.376953
vt 0.320801 0.352051
vt 0.287842 0.355225
vt 0.285400 0.331299
vt 0.355225 0.376709
vt 0.355225 0.354492
vt 0.359131 0.396973
vt 0.331299 0.413818
vt 0.388428 0.377197
vt 0.356445 0.333252
vt 0.390137 0.399170
vt 0.364502 0.416260
vt 0.387695 0.354736
vt 0.416260 0.377930
vt 0.418701 0.399902
vt 0.433105 0.399414
vt 0.417480 0.355469
vt 0.439209 0.377441
vt 0.389404 0.333008
vt 0.443359 0.353516
vt 0.419678 0.334229
vt 0.392334 0.309814
vt 0.361084 0.306885
vt 0.331055 0.305176
vt 0.319824 0.331543
vt 0.311279 0.302246
vt 0.283936 0.299316
vt 0.335938 0.281982
vt 0.311523 0.277344
vt 0.285156 0.272949
vt 0.314453 0.251953
vt 0.288086 0.248779
vt 0.341553 0.259033
vt 0.346680 0.234375
vt 0.374512 0.243652
vt 0.369141 0.267578
vt 0.365234 0.288086
vt 0.404297 0.261719
vt 0.409180 0.248779
vt 0.398682 0.281982
vt 0.436035 0.265137
vt 0.437744 0.249268
vt 0.432861 0.277588
vt 0.427246 0.296631
vt 0.423340 0.315186
vt 0.453857 0.257080
vt 0.456543 0.239502
vt 0.470947 0.240479
vt 0.447021 0.335938
vt 0.467041 0.259521
vt 0.456787 0.273926
vt 0.478760 0.252441
vt 0.461182 0.291260
vt 0.470703 0.275879
vt 0.484375 0.270996
vt 0.448975 0.314941
vt 0.494629 0.253906
vt 0.492920 0.241943
vt 0.493164 0.263428
vt 0.506836 0.246582
vt 0.493408 0.281982
vt 0.461426 0.318115
vt 0.474121 0.288818
vt 0.467529 0.315430
vt 0.475586 0.310303
vt 0.493652 0.307617
vt 0.478027 0.323975
vt 0.471924 0.327393
vt 0.462402 0.338379
vt 0.476318 0.335449
vt 0.480957 0.333008
vt 0.464355 0.351562
vt 0.475098 0.342529
vt 0.483887 0.337158
vt 0.482178 0.340332
vt 0.485840 0.352783
vt 0.496826 0.338379
vt 0.496094 0.344971
vt 0.515869 0.334229
vt 0.516113 0.301758
vt 0.518311 0.345459
vt 0.495117 0.349854
vt 0.494629 0.354004
vt 0.516602 0.278809
vt 0.538818 0.294434
vt 0.515625 0.264893
vt 0.508545 0.246826
vt 0.545410 0.274170
vt 0.546875 0.250977
vt 0.531006 0.245605
vt 0.495361 0.358398
vt 0.512207 0.366455
vt 0.486084 0.362061
vt 0.482422 0.360596
vt 0.484619 0.366699
vt 0.493408 0.374756
vt 0.478271 0.380859
vt 0.476318 0.365723
vt 0.465576 0.378174
vt 0.475586 0.352783
vt 0.475342 0.360107
vt 0.464111 0.358154
vt 0.463135 0.364502
vt 0.459717 0.376953
vt 0.459961 0.391357
vt 0.626465 0.591797
vt 0.647461 0.580811
vt 0.632324 0.602783
vt 0.660156 0.590576
vt 0.644043 0.610840
vt 0.623047 0.629150
vt 0.615723 0.599121
vt 0.625000 0.578369
vt 0.612549 0.618652
vt 0.614014 0.583740
vt 0.626953 0.563232
vt 0.604248 0.599854
vt 0.604004 0.578857
vt 0.594238 0.600098
vt 0.595459 0.617188
vt 0.584473 0.620605
vt 0.596924 0.640869
vt 0.610107 0.647705
vt 0.594238 0.664795
vt 0.583740 0.635498
vt 0.581299 0.656982
vt 0.572266 0.629395
vt 0.579346 0.612305
vt 0.570557 0.672607
vt 0.584961 0.682373
vt 0.568115 0.651611
vt 0.576172 0.700195
vt 0.562500 0.640869
vt 0.554688 0.632812
vt 0.544678 0.642822
vt 0.551025 0.652588
vt 0.556396 0.662598
vt 0.538818 0.658203
vt 0.533691 0.649414
vt 0.561768 0.690674
vt 0.544189 0.671631
vt 0.528076 0.662598
vt 0.524414 0.653320
vt 0.518066 0.665039
vt 0.531982 0.677979
vt 0.545898 0.679688
vt 0.557129 0.715576
vt 0.571289 0.727295
vt 0.541748 0.702881
vt 0.528809 0.696777
vt 0.553711 0.737549
vt 0.568115 0.749756
vt 0.537598 0.722900
vt 0.532715 0.738770
vt 0.519287 0.720215
vt 0.518555 0.679443
vt 0.517090 0.697021
vt 0.497070 0.715576
vt 0.508057 0.736572
vt 0.498779 0.695068
vt 0.500000 0.674072
vt 0.499756 0.665283
vt 0.477295 0.667725
vt 0.474365 0.674316
vt 0.475342 0.687988
vt 0.446777 0.684814
vt 0.449951 0.690430
vt 0.429932 0.690674
vt 0.456055 0.700684
vt 0.435791 0.704590
vt 0.478027 0.699951
vt 0.460449 0.717529
vt 0.479980 0.717285
vt 0.484619 0.726807
vt 0.459717 0.729248
vt 0.299316 0.156250
vt 0.266602 0.140625
vt 0.293213 0.132568
vt 0.282715 0.104492
vt 0.268311 0.165527
vt 0.242188 0.152100
vt 0.240479 0.133301
vt 0.230957 0.162598
vt 0.225586 0.150391
vt 0.230469 0.125732
vt 0.234619 0.102295
vt 0.220947 0.120117
vt 0.257812 0.110840
vt 0.222412 0.099854
vt 0.255127 0.083740
vt 0.278564 0.081299
vt 0.270264 0.057617
vt 0.234863 0.082031
vt 0.220703 0.082031
vt 0.250977 0.062012
vt 0.247559 0.042969
vt 0.266846 0.037354
vt 0.262451 0.018066
vt 0.243164 0.022949
vt 0.218994 0.065918
vt 0.206299 0.065186
vt 0.203613 0.051025
vt 0.231934 0.063721
vt 0.226807 0.047852
vt 0.222168 0.028320
vt 0.215820 0.051025
vt 0.218750 0.034912
vt 0.212402 0.025146
vt 0.208252 0.039062
vt 0.197266 0.038574
vt 0.202148 0.028564
vt 0.192627 0.030518
vt 0.195312 0.018799
vt 0.205078 0.015137
vt 0.190918 0.000000
vt 0.184082 0.004395
vt 0.668701 0.791748
vt 0.688232 0.786865
vt 0.685303 0.821777
vt 0.660889 0.823730
vt 0.672852 0.850342
vt 0.693848 0.848877
vt 0.716064 0.840088
vt 0.711670 0.816650
vt 0.712158 0.787109
vt 0.701172 0.759766
vt 0.739014 0.831543
vt 0.743408 0.849609
vt 0.766846 0.839355
vt 0.729980 0.764404
vt 0.716553 0.739746
vt 0.735596 0.814697
vt 0.760498 0.823242
vt 0.786377 0.824707
vt 0.734619 0.788574
vt 0.737061 0.742920
vt 0.758057 0.810791
vt 0.758545 0.787354
vt 0.781250 0.807129
vt 0.763672 0.760254
vt 0.780518 0.788086
vt 0.800537 0.801270
vt 0.805420 0.812500
vt 0.817627 0.799805
vt 0.800293 0.788574
vt 0.815674 0.791504
vt 0.820557 0.792725
vt 0.822754 0.783936
vt 0.818115 0.781494
vt 0.823730 0.776611
vt 0.804443 0.776611
vt 0.787109 0.767822
vt 0.813965 0.767334
vt 0.798584 0.750732
vt 0.773438 0.742676
vt 0.822021 0.761719
vt 0.832764 0.772461
vt 0.831299 0.757812
vt 0.812744 0.741211
vt 0.822998 0.735596
vt 0.811035 0.713379
vt 0.783447 0.731445
vt 0.796387 0.719727
vt 0.779297 0.700684
vt 0.793945 0.691895
vt 0.764893 0.713379
vt 0.752441 0.729492
vt 0.739258 0.714355
vt 0.752930 0.184326
vt 0.738281 0.163330
vt 0.755127 0.156494
vt 0.740234 0.135742
vt 0.773682 0.177002
vt 0.765137 0.200439
vt 0.772217 0.148193
vt 0.792236 0.166504
vt 0.756592 0.126953
vt 0.742676 0.107178
vt 0.804443 0.154297
vt 0.813721 0.174805
vt 0.784180 0.135498
vt 0.726318 0.114014
vt 0.812744 0.140137
vt 0.829346 0.153564
vt 0.834961 0.134277
vt 0.767822 0.117432
vt 0.794434 0.124023
vt 0.810791 0.117920
vt 0.830322 0.094971
vt 0.814941 0.084717
vt 0.786133 0.100586
vt 0.779785 0.106689
vt 0.783691 0.070068
vt 0.753662 0.099609
vt 0.765381 0.090820
vt 0.818604 0.053223
vt 0.750000 0.073486
vt 0.739502 0.081787
vt 0.728516 0.087158
vt 0.712891 0.094482
vt 0.728271 0.063232
vt 0.719238 0.068359
vt 0.706055 0.072510
vt 0.713867 0.052490
vt 0.703613 0.055176
vt 0.741211 0.059570
vt 0.708984 0.045166
vt 0.703125 0.047119
vt 0.704346 0.037598
vt 0.714844 0.045654
vt 0.752441 0.053467
vt 0.710938 0.037109
vt 0.707764 0.030518
vt 0.720215 0.029053
vt 0.717041 0.036621
vt 0.725830 0.036377
vt 0.721680 0.047119
vt 0.731201 0.021729
vt 0.738770 0.050781
vt 0.734619 0.030273
vt 0.743408 0.041992
vt 0.753418 0.022217
vt 0.749512 0.011963
vt 0.756348 0.034668
vt 0.788330 0.047852
vt 0.779785 0.029297
vt 0.801758 0.027344
vt 0.821533 0.029053
vt 0.801514 0.013184
vt 0.776611 0.016846
vt 0.775146 0.005615
vt 0.800293 0.000244
vt 0.454346 0.832031
vt 0.464111 0.851562
vt 0.458252 0.853516
vt 0.458984 0.858887
vt 0.452881 0.855713
vt 0.465820 0.856201
vt 0.455811 0.860107
vt 0.452637 0.863281
vt 0.448730 0.860107
vt 0.464844 0.866943
vt 0.458008 0.871094
vt 0.471191 0.855469
vt 0.468262 0.862305
vt 0.475830 0.860596
vt 0.474121 0.865479
vt 0.470215 0.870850
vt 0.466309 0.876221
vt 0.476318 0.873047
vt 0.479248 0.866943
vt 0.486084 0.871338
vt 0.478271 0.879395
vt 0.479248 0.860840
vt 0.481934 0.864990
vt 0.493408 0.873535
vt 0.482178 0.859375
vt 0.479492 0.856445
vt 0.483643 0.855469
vt 0.481445 0.852051
vt 0.476074 0.855957
vt 0.477295 0.850586
vt 0.953125 0.438477
vt 0.958740 0.463379
vt 0.938232 0.442383
vt 0.942871 0.465820
vt 0.933838 0.422119
vt 0.949463 0.416992
vt 0.921875 0.447021
vt 0.925293 0.467773
vt 0.918213 0.429443
vt 0.913574 0.414795
vt 0.907959 0.449707
vt 0.896729 0.425781
vt 0.911377 0.469482
vt 0.900146 0.469482
vt 0.894775 0.450928
vt 0.874756 0.431396
vt 0.885254 0.412354
vt 0.877441 0.455811
vt 0.886475 0.482666
vt 0.860840 0.471924
vt 0.864014 0.493408
vt 0.837402 0.488770
vt 0.837402 0.477783
vt 0.821777 0.489990
vt 0.838623 0.459473
vt 0.858398 0.455811
vt 0.839111 0.436523
vt 0.857666 0.433105
vt 0.861572 0.421387
vt 0.978516 0.425537
vt 0.994873 0.437744
vt 0.978271 0.458984
vt 0.396240 0.899902
vt 0.426270 0.894287
vt 0.402588 0.918457
vt 0.431396 0.912842
vt 0.415527 0.951904
vt 0.370361 0.919678
vt 0.357910 0.893066
vt 0.385742 0.946533
vt 0.347900 0.916992
vt 0.336670 0.898193
vt 0.333740 0.924316
vt 0.363037 0.936279
vt 0.350586 0.945801
vt 0.336426 0.955811
vt 0.321045 0.933105
vt 0.356689 0.972900
vt 0.367920 0.963135
vt 0.375732 0.989258
vt 0.378418 0.953369
vt 0.394531 0.967529
vt 0.384521 0.978760
vt 0.400879 0.993896
vt 0.410400 0.984131
vt 0.429688 0.984375
vt 0.420898 0.995117
vt 0.428955 0.999023
vt 0.489014 0.878662
vt 0.520996 0.875977
vt 0.493408 0.897217
vt 0.523438 0.896484
vt 0.543701 0.871094
vt 0.547852 0.892090
vt 0.499756 0.919189
vt 0.530273 0.917236
vt 0.514404 0.957275
vt 0.486572 0.927246
vt 0.539307 0.940918
vt 0.521729 0.977051
vt 0.502930 0.987061
vt 0.491699 0.959229
vt 0.196777 0.492676
vt 0.213867 0.495361
vt 0.215088 0.525391
vt 0.196533 0.512695
vt 0.176025 0.482666
vt 0.174316 0.460938
vt 0.149414 0.463379
vt 0.207764 0.544189
vt 0.218994 0.557617
vt 0.208252 0.576416
vt 0.214355 0.591553
vt 0.193115 0.531494
vt 0.179688 0.505127
vt 0.157959 0.484863
vt 0.118652 0.480469
vt 0.101318 0.463135
vt 0.087891 0.447510
vt 0.068848 0.478760
vt 0.081055 0.494141
vt 0.104980 0.510986
vt 0.071777 0.524170
vt 0.131348 0.498535
vt 0.165771 0.506592
vt 0.144775 0.517334
vt 0.174561 0.529297
vt 0.092529 0.534424
vt 0.066650 0.552734
vt 0.124756 0.540039
vt 0.157227 0.537354
vt 0.088135 0.556641
vt 0.085693 0.581055
vt 0.114990 0.562744
vt 0.145508 0.554688
vt 0.171387 0.554443
vt 0.112305 0.580322
vt 0.115723 0.599121
vt 0.088867 0.603027
vt 0.139160 0.576660
vt 0.141113 0.595459
vt 0.123779 0.614014
vt 0.098145 0.620361
vt 0.108398 0.629883
vt 0.162598 0.565430
vt 0.161377 0.579590
vt 0.181152 0.567383
vt 0.176270 0.573975
vt 0.175537 0.581055
vt 0.164795 0.589111
vt 0.181641 0.576416
vt 0.180908 0.589111
vt 0.185059 0.572021
vt 0.169189 0.598633
vt 0.183838 0.581787
vt 0.189697 0.576904
vt 0.188721 0.566895
vt 0.182861 0.550781
vt 0.191895 0.553711
vt 0.196045 0.575684
vt 0.200439 0.561523
vt 0.192383 0.581299
vt 0.195801 0.586914
vt 0.186523 0.586670
vt 0.188232 0.594727
vt 0.201172 0.600098
vt 0.177246 0.601318
vt 0.187256 0.607666
vt 0.196777 0.613525
vt 0.159424 0.613281
vt 0.171875 0.617188
vt 0.160156 0.640869
vt 0.186279 0.644775
vt 0.134277 0.660400
vt 0.146484 0.629639
vt 0.123535 0.639404
vt 0.110107 0.650391
vt 0.133789 0.621826
vt 0.149902 0.606201
vt 0.153809 0.228027
vt 0.131104 0.223877
vt 0.150391 0.209961
vt 0.169678 0.221680
vt 0.166748 0.203369
vt 0.176758 0.236572
vt 0.182861 0.215088
vt 0.158936 0.242920
vt 0.182861 0.201172
vt 0.139404 0.239746
vt 0.188232 0.258789
vt 0.195068 0.228760
vt 0.195312 0.205322
vt 0.118408 0.238525
vt 0.119141 0.207031
vt 0.144531 0.198242
vt 0.148193 0.183350
vt 0.166016 0.189209
vt 0.169189 0.176758
vt 0.160156 0.169434
vt 0.149170 0.171875
vt 0.177979 0.164307
vt 0.190674 0.171631
vt 0.200684 0.163574
vt 0.186035 0.186035
vt 0.204834 0.175049
vt 0.213867 0.162842
vt 0.203369 0.190430
vt 0.220947 0.182861
vt 0.235596 0.170166
vt 0.219238 0.200928
vt 0.239258 0.193115
vt 0.254150 0.183105
vt 0.210693 0.217285
vt 0.261475 0.209717
vt 0.264404 0.188721
vt 0.243896 0.214355
vt 0.236572 0.228027
vt 0.224609 0.239258
vt 0.208740 0.250488
vt 0.240723 0.265625
vt 0.259277 0.226562
vt 0.255371 0.252930
vt 0.250488 0.288574
vt 0.264648 0.277100
vt 0.262939 0.250977
vt 0.268311 0.274658
vt 0.274658 0.284668
vt 0.282715 0.246582
vt 0.284424 0.231689
vt 0.289062 0.221680
vt 0.283447 0.199951
vt 0.281494 0.179443
vt 0.304688 0.209961
vt 0.319824 0.218018
vt 0.299316 0.190430
vt 0.293701 0.170410
vt 0.321533 0.198242
vt 0.307373 0.184326
vt 0.315430 0.164795
vt 0.332031 0.187988
vt 0.319092 0.171875
vt 0.166260 0.264404
vt 0.143555 0.264648
vt 0.120117 0.260742
vt 0.149902 0.289307
vt 0.175293 0.288086
vt 0.198730 0.282959
vt 0.221924 0.276123
vt 0.207031 0.305908
vt 0.229736 0.299561
vt 0.238770 0.328369
vt 0.215088 0.333008
vt 0.191650 0.337646
vt 0.182373 0.309082
vt 0.172607 0.339600
vt 0.155273 0.310547
vt 0.991455 0.484619
vt 0.988281 0.493408
vt 0.982910 0.479248
vt 0.991211 0.471924
vt 0.980225 0.468018
vt 0.989258 0.456543
vt 1.000000 0.462402
vt 0.999756 0.478271
vt 0.998779 0.490723
vt 0.952393 0.081299
vt 0.943848 0.106445
vt 0.922852 0.092773
vt 0.920410 0.071777
vt 0.923828 0.112549
vt 0.924805 0.132324
vt 0.883789 0.083740
vt 0.889648 0.102051
vt 0.877686 0.066406
vt 0.891602 0.119629
vt 0.854492 0.108643
vt 0.848389 0.093750
vt 0.840576 0.079346
vt 0.833984 0.063965
vt 0.869385 0.050781
vt 0.824463 0.049072
vt 0.855713 0.126221
vt 0.892090 0.137207
vt 0.854004 0.140137
vt 0.924316 0.141357
vt 0.889893 0.150146
vt 0.851074 0.153320
vt 0.890381 0.157471
vt 0.916992 0.150391
vt 0.930420 0.158203
vt 0.953125 0.158936
vt 0.947754 0.180420
vt 0.911621 0.169922
vt 0.931396 0.173584
vt 0.912842 0.180176
vt 0.927979 0.193848
vt 0.940918 0.197998
vt 0.914551 0.483643
vt 0.931641 0.486328
vt 0.916260 0.493652
vt 0.894775 0.498535
vt 0.899902 0.478760
vt 0.922607 0.501465
vt 0.937988 0.500977
vt 0.950928 0.487793
vt 0.908203 0.512207
vt 0.901367 0.506348
vt 0.887451 0.529785
vt 0.877197 0.529785
vt 0.898438 0.533447
vt 0.921875 0.511475
vt 0.893555 0.564209
vt 0.887451 0.567871
vt 0.926514 0.604980
vt 0.900879 0.563965
vt 0.912109 0.524414
vt 0.911621 0.535400
vt 0.909912 0.545898
vt 0.921631 0.536621
vt 0.922607 0.523438
vt 0.911133 0.566162
vt 0.921387 0.566895
vt 0.921387 0.551025
vt 0.937256 0.511719
vt 0.936035 0.523926
vt 0.934570 0.537354
vt 0.935303 0.552490
vt 0.933594 0.566162
vt 0.948242 0.538330
vt 0.948975 0.525879
vt 0.949463 0.513428
vt 0.963379 0.526367
vt 0.947510 0.552979
vt 0.963135 0.539062
vt 0.948730 0.502686
vt 0.965332 0.515137
vt 0.965576 0.504395
vt 0.968018 0.489258
vt 0.974121 0.528320
vt 0.978760 0.517822
vt 0.973389 0.497559
vt 0.977783 0.480957
vt 0.987061 0.511963
vt 0.995850 0.506104
vt 0.999512 0.535889
vt 0.987549 0.538330
vt 0.990723 0.575195
vt 0.973877 0.540771
vt 0.962158 0.553467
vt 0.974854 0.549072
vt 0.980469 0.572021
vt 0.998779 0.581543
vt 0.971191 0.570068
vt 0.958252 0.570068
vt 0.946289 0.567871
vt 0.284668 0.829834
vt 0.275146 0.816650
vt 0.287842 0.825684
vt 0.294922 0.848633
vt 0.284180 0.805664
vt 0.280518 0.791504
vt 0.307373 0.791748
vt 0.307373 0.811523
vt 0.312500 0.829590
vt 0.321777 0.848145
vt 0.305176 0.863770
vt 0.291504 0.891357
vt 0.318359 0.875977
vt 0.333252 0.798828
vt 0.336426 0.784180
vt 0.332520 0.814941
vt 0.363770 0.819092
vt 0.384033 0.777344
vt 0.335449 0.828125
vt 0.340332 0.839355
vt 0.335938 0.862061
vt 0.331543 0.884033
vt 0.348877 0.845947
vt 0.348877 0.868408
vt 0.344238 0.890137
vt 0.362549 0.874268
vt 0.358643 0.849854
vt 0.368896 0.849365
vt 0.379395 0.869385
vt 0.383057 0.890625
vt 0.401611 0.886963
vt 0.380371 0.845215
vt 0.396973 0.865479
vt 0.420654 0.875732
vt 0.420166 0.882324
vt 0.393066 0.836670
vt 0.413818 0.853516
vt 0.436279 0.865479
vt 0.440674 0.876465
vt 0.439941 0.895508
vt 0.455322 0.899658
vt 0.452393 0.875000
vt 0.427490 0.843262
vt 0.405762 0.823730
vt 0.419678 0.820312
vt 0.376709 0.422852
vt 0.402588 0.419678
vt 0.402588 0.443848
vt 0.429688 0.438721
vt 0.427490 0.413574
vt 0.374512 0.445557
vt 0.345947 0.420410
vt 0.341553 0.440186
vt 0.456787 0.431152
vt 0.452637 0.406494
vt 0.430176 0.458008
vt 0.458008 0.451660
vt 0.483887 0.421631
vt 0.478027 0.397461
vt 0.487061 0.444580
vt 0.401611 0.462402
vt 0.515625 0.409424
vt 0.507080 0.386963
vt 0.536865 0.376221
vt 0.522217 0.436035
vt 0.546387 0.394775
vt 0.565186 0.363037
vt 0.556396 0.427246
vt 0.583984 0.400635
vt 0.604736 0.372803
vt 0.616211 0.392090
vt 0.590576 0.417725
vt 0.622559 0.408203
vt 0.626465 0.458496
vt 0.594238 0.459229
vt 0.619141 0.499268
vt 0.559082 0.460449
vt 0.588379 0.494629
vt 0.613525 0.517334
vt 0.556396 0.489258
vt 0.583252 0.512695
vt 0.524414 0.463135
vt 0.523438 0.485596
vt 0.551758 0.509033
vt 0.522949 0.504883
vt 0.488770 0.466064
vt 0.489746 0.485352
vt 0.487549 0.505127
vt 0.459229 0.470947
vt 0.458252 0.489502
vt 0.455078 0.508789
vt 0.483398 0.523682
vt 0.429199 0.476807
vt 0.427490 0.495605
vt 0.423340 0.514893
vt 0.449463 0.528564
vt 0.399414 0.481201
vt 0.396729 0.499512
vt 0.372803 0.462646
vt 0.371094 0.480713
vt 0.338379 0.456299
vt 0.308594 0.433594
vt 0.313477 0.415527
vt 0.335205 0.473877
vt 0.304199 0.449463
vt 0.275391 0.424561
vt 0.281250 0.408203
vt 0.253174 0.414551
vt 0.270752 0.439697
vt 0.300781 0.466553
vt 0.369629 0.500244
vt 0.332520 0.491943
vt 0.394531 0.519043
vt 0.419678 0.534180
vt 0.369141 0.519043
vt 0.391602 0.538574
vt 0.331299 0.510986
vt 0.354004 0.536377
vt 0.297607 0.484863
vt 0.296387 0.503906
vt 0.318115 0.529053
vt 0.266602 0.500732
vt 0.266113 0.481934
vt 0.242676 0.501221
vt 0.266357 0.457031
vt 0.235596 0.463379
vt 0.246582 0.429443
vt 0.216553 0.487305
vt 0.239990 0.445557
vt 0.214600 0.436768
vt 0.210449 0.454102
vt 0.182617 0.461182
vt 0.186279 0.416992
vt 0.194336 0.401611
vt 0.220947 0.417725
vt 0.228271 0.403564
vt 0.203613 0.384766
vt 0.236328 0.388428
vt 0.213135 0.369629
vt 0.798828 0.662598
vt 0.787842 0.625488
vt 0.815430 0.645264
vt 0.846191 0.656982
vt 0.834229 0.680176
vt 0.831055 0.621582
vt 0.858154 0.629883
vt 0.806641 0.606934
vt 0.768799 0.636719
vt 0.766113 0.601318
vt 0.844482 0.597168
vt 0.866699 0.601318
vt 0.824219 0.584961
vt 0.787842 0.586670
vt 0.854492 0.570801
vt 0.871338 0.574951
vt 0.890381 0.598633
vt 0.886719 0.577148
vt 0.857666 0.552734
vt 0.871094 0.553467
vt 0.837402 0.561523
vt 0.861816 0.536621
vt 0.872070 0.535400
vt 0.844727 0.546875
vt 0.807129 0.567627
vt 0.823975 0.548340
vt 0.865967 0.520752
vt 0.873047 0.520020
vt 0.868408 0.512451
vt 0.852295 0.532715
vt 0.859863 0.518311
vt 0.864258 0.504395
vt 0.871094 0.508057
vt 0.834229 0.537842
vt 0.844727 0.526123
vt 0.861572 0.510498
vt 0.853516 0.514404
vt 0.856689 0.505615
vt 0.855469 0.498779
vt 0.847900 0.501221
vt 0.850342 0.509033
vt 0.835693 0.506836
vt 0.839600 0.517822
vt 0.827393 0.525146
vt 0.824219 0.510254
vt 0.810303 0.513916
vt 0.814209 0.532227
vt 0.792725 0.520264
vt 0.797363 0.546143
vt 0.773193 0.529053
vt 0.771973 0.504883
vt 0.776367 0.559326
vt 0.748047 0.504639
vt 0.753906 0.570068
vt 0.745117 0.605469
vt 0.750977 0.532715
vt 0.730469 0.565918
vt 0.726318 0.527832
vt 0.726807 0.497070
vt 0.144043 0.047119
vt 0.166748 0.045166
vt 0.145264 0.080322
vt 0.124023 0.053223
vt 0.168701 0.081543
vt 0.189209 0.042236
vt 0.125000 0.079346
vt 0.140869 0.110107
vt 0.164795 0.117920
vt 0.191162 0.083984
vt 0.120361 0.104248
vt 0.107422 0.058350
vt 0.102783 0.036621
vt 0.088379 0.044189
vt 0.106201 0.078613
vt 0.091309 0.062256
vt 0.075195 0.045654
vt 0.129883 0.136963
vt 0.185303 0.123535
vt 0.153076 0.147217
vt 0.136719 0.173340
vt 0.114990 0.162354
vt 0.116943 0.199707
vt 0.109375 0.126953
vt 0.096191 0.184570
vt 0.087891 0.226318
vt 0.096191 0.147217
vt 0.080322 0.164795
vt 0.071777 0.206299
vt 0.039307 0.221436
vt 0.060059 0.181885
vt 0.029297 0.245850
vt 0.000000 0.233398
vt 0.010010 0.211426
vt 0.036621 0.197754
vt 0.010742 0.185059
vt 0.026123 0.168457
vt 0.049316 0.157471
vt 0.022461 0.140625
vt 0.067627 0.145020
vt 0.042725 0.132324
vt 0.081299 0.131348
vt 0.057129 0.123535
vt 0.000732 0.115479
vt 0.003174 0.132568
vt 0.018311 0.116211
vt 0.001465 0.094482
vt 0.034424 0.109131
vt 0.013672 0.093506
vt 0.005615 0.072510
vt 0.048828 0.101807
vt 0.028564 0.088867
vt 0.069092 0.113525
vt 0.092773 0.116699
vt 0.059814 0.093506
vt 0.101562 0.098633
vt 0.076660 0.105225
vt 0.084961 0.092529
vt 0.090088 0.077881
vt 0.068604 0.082520
vt 0.074219 0.072021
vt 0.076172 0.060303
vt 0.060059 0.062256
vt 0.062500 0.053711
vt 0.062256 0.042480
vt 0.049561 0.049805
vt 0.044922 0.045166
vt 0.049316 0.055664
vt 0.039307 0.051758
vt 0.035400 0.050049
vt 0.040527 0.054932
vt 0.027100 0.057373
vt 0.023438 0.054688
vt 0.018066 0.064453
vt 0.040527 0.059326
vt 0.033203 0.060547
vt 0.045654 0.062012
vt 0.036865 0.063477
vt 0.024902 0.068359
vt 0.054688 0.070557
vt 0.040527 0.066895
vt 0.031738 0.066406
vt 0.048584 0.076660
vt 0.040283 0.082520
vt 0.032959 0.071777
vt 0.024414 0.074707
vt 0.015381 0.075928
vt 0.019287 0.068848
vt 0.013428 0.064453
vt 0.986572 0.604492
vt 0.986328 0.596191
vt 0.992676 0.597412
vt 0.992920 0.592773
vt 0.986572 0.592529
vt 0.997803 0.597900
vt 0.980713 0.593506
vt 0.992676 0.604492
vt 0.999756 0.602783
vt 0.999756 0.611572
vt 0.981201 0.597412
vt 0.976807 0.598877
vt 0.979980 0.603760
vt 0.975098 0.603271
vt 0.973389 0.611084
vt 0.993896 0.611572
vt 0.986816 0.611572
vt 0.980957 0.612061
vt 0.975342 0.620117
vt 0.993652 0.618652
vt 0.999512 0.619141
vt 0.998535 0.623779
vt 0.980957 0.619385
vt 0.977539 0.625000
vt 0.993652 0.625000
vt 0.994141 0.629395
vt 0.987549 0.619141
vt 0.982178 0.625977
vt 0.980713 0.630127
vt 0.987549 0.626465
vt 0.988281 0.630859
vt 0.919189 0.826416
vt 0.925781 0.830322
vt 0.916504 0.835693
vt 0.925537 0.840332
vt 0.932129 0.835205
vt 0.913818 0.831299
vt 0.911621 0.823730
vt 0.903564 0.843994
vt 0.928955 0.848633
vt 0.936768 0.845459
vt 0.937988 0.856445
vt 0.910645 0.829346
vt 0.903320 0.833252
vt 0.906738 0.828857
vt 0.904541 0.826172
vt 0.897461 0.834961
vt 0.897217 0.845215
vt 0.902832 0.851807
vt 0.895996 0.852051
vt 0.896729 0.861816
vt 0.929932 0.856934
vt 0.904541 0.860840
vt 0.901123 0.869629
vt 0.935303 0.864990
vt 0.910889 0.866455
vt 0.909912 0.874268
vt 0.928223 0.864990
vt 0.929932 0.872559
vt 0.915527 0.871094
vt 0.919922 0.876465
vt 0.925781 0.870361
vt 0.920898 0.871826
vt 0.900391 0.916260
vt 0.906982 0.908447
vt 0.906738 0.917236
vt 0.898438 0.911621
vt 0.902344 0.923340
vt 0.906738 0.920898
vt 0.906982 0.924805
vt 0.909424 0.922607
vt 0.912842 0.924072
vt 0.915283 0.928955
vt 0.919189 0.921631
vt 0.925049 0.925537
vt 0.924561 0.916748
vt 0.929199 0.918701
vt 0.927979 0.907471
vt 0.931641 0.910400
vt 0.933838 0.900635
vt 0.903076 0.900146
vt 0.927979 0.899902
vt 0.897949 0.898193
vt 0.900879 0.889893
vt 0.935059 0.893311
vt 0.905029 0.891357
vt 0.903320 0.883301
vt 0.929199 0.892090
vt 0.910645 0.886475
vt 0.914062 0.880859
vt 0.929932 0.884277
vt 0.917480 0.884277
vt 0.923584 0.880859
vt 0.927002 0.885986
vt 0.922363 0.884521
vt 0.998779 0.706055
vt 0.998047 0.710449
vt 0.993164 0.705566
vt 0.998291 0.697754
vt 0.993408 0.712158
vt 0.994873 0.716064
vt 0.991943 0.699219
vt 0.988037 0.714355
vt 0.989990 0.717773
vt 0.983398 0.717529
vt 0.986816 0.706787
vt 0.983398 0.713867
vt 0.979248 0.713379
vt 0.981689 0.708740
vt 0.976807 0.709717
vt 0.974609 0.703125
vt 0.985840 0.700439
vt 0.981201 0.701172
vt 0.974609 0.694824
vt 0.979004 0.694580
vt 0.974854 0.690430
vt 0.990479 0.692871
vt 0.996826 0.690918
vt 0.993896 0.687012
vt 0.979004 0.688721
vt 0.977539 0.684326
vt 0.985107 0.693604
vt 0.989258 0.687256
vt 0.989746 0.682861
vt 0.983398 0.687012
vt 0.983154 0.682861
s 1
usemtl tripo_mat_51952377-7170-450b-9cad-1e18388e7c35
f 1377/1 1393/2 1238/3
f 1393/2 1377/1 1451/4
f 1451/4 1377/1 1411/5
f 1393/2 1451/4 1406/6
f 1406/6 1451/4 1419/7
f 1406/6 1419/7 1355/8
f 1393/2 1406/6 1263/9
f 1393/2 1263/9 1238/3
f 1406/6 1355/8 1293/10
f 1406/6 1293/10 1263/9
f 1293/10 1355/8 1315/11
f 1293/10 1315/11 1277/12
f 1293/10 1277/12 1209/13
f 1209/13 1277/12 1221/14
f 1263/9 1293/10 1163/15
f 1163/15 1293/10 1209/13
f 1263/9 1163/15 1095/16
f 1263/9 1095/16 1238/3
f 1163/15 1209/13 1075/17
f 1163/15 1075/17 1095/16
f 1209/13 1221/14 1144/18
f 1209/13 1144/18 1075/17
f 1144/18 1221/14 1174/19
f 1144/18 1174/19 1057/20
f 1144/18 1057/20 1075/17
f 1075/17 1057/20 1014/21
f 1075/17 1014/21 1095/16
f 1095/16 1014/21 978/22
f 978/22 1014/21 796/23
f 796/23 1014/21 815/24
f 1095/16 978/22 1041/25
f 1095/16 1041/25 1238/3
f 978/22 796/23 970/26
f 978/22 970/26 1041/25
f 970/26 796/23 778/27
f 778/27 796/23 641/28
f 1041/25 970/26 997/29
f 970/26 778/27 948/30
f 970/26 948/30 997/29
f 625/31 774/32 778/27
f 778/27 774/32 948/30
f 1041/25 997/29 1198/33
f 1041/25 1198/33 1238/3
f 997/29 948/30 1191/34
f 997/29 1191/34 1198/33
f 948/30 774/32 954/35
f 954/35 774/32 786/36
f 954/35 786/36 802/37
f 954/35 802/37 982/38
f 948/30 954/35 1193/39
f 1193/39 954/35 982/38
f 948/30 1193/39 1191/34
f 1193/39 982/38 1215/40
f 1215/40 982/38 1030/41
f 1191/34 1193/39 1332/42
f 1193/39 1215/40 1334/43
f 1193/39 1334/43 1332/42
f 1215/40 1030/41 1250/44
f 1250/44 1030/41 1099/45
f 1334/43 1215/40 1349/46
f 1349/46 1215/40 1250/44
f 1250/44 1099/45 1287/47
f 1334/43 1349/46 1411/5
f 1334/43 1411/5 1332/42
f 1349/46 1250/44 1381/48
f 1381/48 1250/44 1287/47
f 1349/46 1381/48 1411/5
f 1381/48 1287/47 1402/49
f 1381/48 1402/49 1411/5
f 1402/49 1287/47 1324/50
f 1324/50 1287/47 1179/51
f 1402/49 1324/50 1421/52
f 1402/49 1421/52 1411/5
f 1421/52 1324/50 1365/53
f 1421/52 1365/53 1442/54
f 1421/52 1442/54 1411/5
f 1345/55 1332/42 1411/5
f 1332/42 1345/55 1191/34
f 1191/34 1345/55 1198/33
f 1345/55 1411/5 1361/56
f 1345/55 1361/56 1198/33
f 1361/56 1411/5 1377/1
f 1198/33 1361/56 1238/3
f 1238/3 1361/56 1377/1
f 815/57 1014/58 1057/59
f 815/57 1057/59 838/60
f 838/60 1057/59 877/61
f 877/61 1057/59 1106/62
f 1106/62 1057/59 1174/63
f 1106/62 1174/63 1195/64
f 1106/62 1195/64 1248/65
f 1106/62 1248/65 1176/66
f 1195/64 1174/63 1235/67
f 1235/67 1174/63 1221/68
f 1235/67 1221/68 1285/69
f 1285/69 1221/68 1277/70
f 1285/69 1277/70 1347/71
f 1347/71 1277/70 1315/72
f 1347/71 1315/72 1355/73
f 1285/69 1347/71 1297/74
f 1285/69 1297/74 1235/67
f 1347/71 1355/73 1400/75
f 1235/67 1297/74 1260/76
f 1235/67 1260/76 1195/64
f 1297/74 1347/71 1371/77
f 1371/77 1347/71 1400/75
f 1260/76 1297/74 1320/78
f 1320/78 1297/74 1371/77
f 1195/64 1260/76 1299/79
f 1195/64 1299/79 1248/65
f 1260/76 1320/78 1353/80
f 1260/76 1353/80 1299/79
f 1320/78 1371/77 1391/81
f 1320/78 1391/81 1353/80
f 1391/81 1371/77 1417/82
f 1417/82 1371/77 1400/75
f 1353/80 1391/81 1404/83
f 1429/84 1400/75 1355/73
f 1400/75 1429/84 1417/82
f 1429/84 1355/73 1419/85
f 1429/84 1419/85 1451/86
f 1417/82 1429/84 1449/87
f 1449/87 1429/84 1451/86
f 1427/88 1391/81 1417/82
f 1427/88 1417/82 1449/87
f 1391/81 1427/88 1404/83
f 1427/88 1449/87 1475/89
f 1475/89 1449/87 1451/86
f 1404/83 1427/88 1440/90
f 1440/90 1427/88 1475/89
f 1383/91 1353/80 1404/83
f 1353/80 1383/91 1299/79
f 1383/91 1404/83 1413/92
f 1413/92 1404/83 1440/90
f 1440/90 1475/89 1490/93
f 1490/93 1475/89 1451/86
f 1440/90 1490/93 1497/94
f 1497/94 1490/93 1451/86
f 1440/90 1497/94 1431/95
f 1440/90 1431/95 1413/92
f 1497/94 1451/86 1499/96
f 1497/94 1499/96 1431/95
f 1413/92 1431/95 1415/97
f 1415/97 1431/95 1499/96
f 1413/92 1415/97 1383/91
f 1499/96 1451/86 1484/98
f 1499/96 1484/98 1415/97
f 1484/98 1451/86 1468/99
f 1468/99 1451/86 1411/100
f 1468/99 1411/100 1442/101
f 1484/98 1468/99 1409/102
f 1484/98 1409/102 1415/97
f 1468/99 1442/101 1398/103
f 1468/99 1398/103 1409/102
f 1398/103 1442/101 1365/104
f 1398/103 1365/104 1265/105
f 1398/103 1265/105 1303/106
f 1398/103 1303/106 1409/102
f 1415/97 1409/102 1317/107
f 1317/107 1409/102 1303/106
f 1415/97 1317/107 1338/108
f 1415/97 1338/108 1383/91
f 1383/91 1338/108 1299/79
f 1299/79 1338/108 1248/65
f 1338/108 1317/107 1230/109
f 1230/109 1317/107 1303/106
f 1338/108 1230/109 1248/65
f 1230/109 1303/106 1211/110
f 1248/65 1230/109 1176/66
f 1176/66 1230/109 1211/110
f 796/111 815/112 677/113
f 796/111 677/113 641/114
f 677/113 815/112 709/115
f 709/115 815/112 838/116
f 641/114 677/113 499/117
f 499/117 677/113 547/118
f 547/118 677/113 709/115
f 641/114 499/117 445/119
f 547/118 709/115 661/120
f 641/114 445/119 625/121
f 641/114 625/121 778/122
f 625/121 445/119 422/123
f 741/124 709/115 838/116
f 709/115 741/124 661/120
f 741/124 838/116 877/125
f 661/120 741/124 770/126
f 770/126 741/124 877/125
f 661/120 770/126 694/127
f 694/127 770/126 790/128
f 770/126 877/125 914/129
f 770/126 914/129 790/128
f 914/129 877/125 1106/130
f 790/128 914/129 861/131
f 914/129 1106/130 1176/132
f 861/131 914/129 936/133
f 936/133 914/129 1176/132
f 861/131 936/133 938/134
f 936/133 1176/132 1211/135
f 936/133 1211/135 938/134
f 1265/136 1365/137 1223/138
f 1223/138 1365/137 1324/139
f 1223/138 1324/139 1179/140
f 1265/136 1223/138 1232/141
f 1265/136 1232/141 1303/142
f 1303/142 1232/141 1211/143
f 1232/141 1223/138 980/144
f 980/144 1223/138 1179/140
f 1211/143 1232/141 993/145
f 993/145 1232/141 980/144
f 1211/143 993/145 938/146
f 980/144 1179/140 928/147
f 938/146 993/145 1067/148
f 1067/148 993/145 980/144
f 980/144 928/147 1165/149
f 980/144 1165/149 1067/148
f 928/147 1179/140 898/150
f 898/150 1179/140 1099/151
f 1099/151 1179/140 1287/152
f 898/150 1099/151 855/153
f 855/153 1099/151 1030/154
f 855/153 1030/154 834/155
f 834/155 1030/154 982/156
f 834/155 982/156 802/157
f 1070/158 1165/149 928/147
f 1165/149 1070/158 1200/159
f 1165/149 1200/159 1295/160
f 1295/160 1200/159 1312/161
f 1165/149 1295/160 1292/162
f 1295/160 1312/161 1359/163
f 1295/160 1359/163 1292/162
f 1359/163 1312/161 1369/164
f 1359/163 1369/164 1385/165
f 1359/163 1385/165 1342/166
f 1359/163 1342/166 1292/162
f 1342/166 1385/165 1363/167
f 1165/149 1292/162 1067/148
f 1342/166 1363/167 1310/168
f 1342/166 1310/168 1292/162
f 1310/168 1363/167 1340/169
f 1340/169 1363/167 1341/170
f 1340/169 1341/170 1309/171
f 1292/162 1310/168 1213/172
f 1292/162 1213/172 1067/148
f 1310/168 1340/169 1281/173
f 1310/168 1281/173 1213/172
f 1340/169 1309/171 1301/174
f 1340/169 1301/174 1281/173
f 1301/174 1309/171 1279/175
f 1301/174 1279/175 1245/176
f 1301/174 1245/176 1281/173
f 1245/176 1279/175 1219/177
f 1245/176 1219/177 1087/178
f 1281/173 1245/176 1207/179
f 1281/173 1207/179 1213/172
f 1245/176 1087/178 1122/180
f 1245/176 1122/180 1207/179
f 1122/180 1087/178 975/181
f 975/181 1087/178 1007/182
f 1122/180 975/181 991/183
f 1122/180 991/183 1065/184
f 1122/180 1065/184 1207/179
f 1065/184 991/183 945/185
f 1093/186 1213/172 1207/179
f 1093/186 1207/179 1065/184
f 1213/172 1093/186 1067/148
f 1065/184 945/185 952/187
f 1065/184 952/187 1093/186
f 952/187 945/185 881/188
f 1067/148 1093/186 968/189
f 968/189 1093/186 952/187
f 1067/148 968/189 938/146
f 938/146 968/189 861/190
f 968/189 952/187 875/191
f 968/189 875/191 861/190
f 875/191 952/187 881/188
f 861/190 875/191 790/192
f 875/191 881/188 807/193
f 875/191 807/193 790/192
f 790/192 807/193 735/194
f 790/192 735/194 694/195
f 855/196 834/197 739/198
f 739/198 834/197 713/199
f 713/199 834/197 802/200
f 713/199 802/200 680/201
f 713/199 680/201 573/202
f 713/199 573/202 739/198
f 573/202 680/201 513/203
f 513/203 680/201 635/204
f 573/202 513/203 426/205
f 784/206 855/196 739/198
f 855/196 784/206 898/207
f 739/198 573/202 597/208
f 597/208 573/202 426/205
f 784/206 739/198 700/209
f 700/209 739/198 597/208
f 898/207 784/206 832/210
f 898/207 832/210 928/211
f 832/210 784/206 772/212
f 772/212 784/206 700/209
f 928/211 832/210 853/213
f 832/210 772/212 794/214
f 832/210 794/214 853/213
f 772/212 700/209 711/215
f 928/211 853/213 972/216
f 928/211 972/216 1070/217
f 1070/217 972/216 1200/218
f 794/214 772/212 737/219
f 737/219 772/212 711/215
f 794/214 737/219 750/220
f 750/220 737/219 711/215
f 794/214 750/220 828/221
f 823/222 853/213 794/214
f 823/222 794/214 828/221
f 900/223 972/216 853/213
f 900/223 853/213 823/222
f 972/216 900/223 1059/224
f 972/216 1059/224 1200/218
f 900/223 823/222 865/225
f 865/225 823/222 828/221
f 1059/224 900/223 956/226
f 956/226 900/223 865/225
f 1200/218 1059/224 1241/227
f 1200/218 1241/227 1312/228
f 1059/224 956/226 1109/229
f 1059/224 1109/229 1241/227
f 956/226 865/225 925/230
f 1312/228 1241/227 1326/231
f 1312/228 1326/231 1369/232
f 1241/227 1109/229 1256/233
f 1241/227 1256/233 1326/231
f 1109/229 956/226 1043/234
f 1043/234 956/226 925/230
f 1369/232 1326/231 1344/235
f 1344/235 1326/231 1256/233
f 1256/233 1109/229 1150/236
f 1150/236 1109/229 1043/234
f 1256/233 1150/236 1271/237
f 1256/233 1271/237 1344/235
f 1150/236 1043/234 1149/238
f 1150/236 1149/238 1271/237
f 1011/239 1043/234 925/230
f 1043/234 1011/239 1149/238
f 1379/240 1369/232 1344/235
f 1369/232 1379/240 1385/241
f 1269/242 1344/235 1271/237
f 1271/237 1149/238 1147/243
f 1271/237 1147/243 1269/242
f 1149/238 1011/239 1029/244
f 1149/238 1029/244 1147/243
f 1029/244 1011/239 941/245
f 941/245 1011/239 925/230
f 1344/235 1269/242 1331/246
f 1344/235 1331/246 1379/240
f 1269/242 1147/243 1240/247
f 1269/242 1240/247 1331/246
f 1147/243 1029/244 1108/248
f 1147/243 1108/248 1240/247
f 1108/248 1029/244 1000/249
f 1000/249 1029/244 941/245
f 1240/247 1108/248 1125/250
f 1125/250 1108/248 1000/249
f 1368/251 1379/240 1331/246
f 1379/240 1368/251 1385/241
f 1306/252 1331/246 1240/247
f 1331/246 1306/252 1368/251
f 1240/247 1125/250 1267/253
f 1240/247 1267/253 1306/252
f 1385/241 1368/251 1358/254
f 1385/241 1358/254 1363/255
f 1368/251 1306/252 1323/256
f 1323/256 1306/252 1267/253
f 1368/251 1323/256 1358/254
f 1363/255 1358/254 1341/257
f 1358/254 1323/256 1311/258
f 1311/258 1323/256 1267/253
f 1358/254 1311/258 1341/257
f 1311/258 1267/253 1178/259
f 1178/259 1267/253 1125/250
f 1341/257 1311/258 1283/260
f 1283/260 1311/258 1178/259
f 1341/257 1283/260 1309/261
f 1309/261 1283/260 1237/262
f 1237/262 1283/260 1178/259
f 1309/261 1237/262 1279/263
f 1178/259 1125/250 996/264
f 996/264 1125/250 1000/249
f 1237/262 1178/259 1010/265
f 1010/265 1178/259 996/264
f 1279/263 1237/262 1190/266
f 1190/266 1237/262 1010/265
f 1279/263 1190/266 1219/267
f 996/264 1000/249 921/268
f 921/268 1000/249 941/245
f 1010/265 996/264 917/269
f 917/269 996/264 921/268
f 1190/266 1010/265 1074/270
f 1190/266 1074/270 1219/267
f 1219/267 1074/270 1007/271
f 1219/267 1007/271 1087/272
f 1007/271 1074/270 913/273
f 1074/270 1010/265 923/274
f 1074/270 923/274 913/273
f 923/274 1010/265 917/269
f 913/273 923/274 884/275
f 913/273 884/275 935/276
f 935/276 884/275 895/277
f 935/276 895/277 947/278
f 884/275 923/274 826/279
f 884/275 826/279 895/277
f 826/279 923/274 917/269
f 895/277 826/279 827/280
f 826/279 917/269 864/281
f 864/281 917/269 921/268
f 827/280 826/279 744/282
f 864/281 921/268 880/283
f 880/283 921/268 941/245
f 880/283 941/245 925/230
f 880/283 925/230 865/225
f 880/283 865/225 828/221
f 880/283 828/221 864/281
f 792/284 826/279 864/281
f 792/284 864/281 828/221
f 826/279 792/284 744/282
f 792/284 828/221 750/220
f 792/284 750/220 744/282
f 744/282 750/220 711/215
f 744/282 711/215 672/285
f 749/286 827/280 744/282
f 749/286 744/282 672/285
f 827/280 749/286 743/287
f 749/286 672/285 679/288
f 749/286 679/288 671/289
f 671/289 679/288 581/290
f 581/290 679/288 672/285
f 651/291 672/285 711/215
f 651/291 711/215 700/209
f 581/290 672/285 580/292
f 580/292 672/285 651/291
f 651/291 700/209 563/293
f 651/291 563/293 580/292
f 563/293 700/209 597/208
f 581/290 580/292 431/294
f 581/290 431/294 579/295
f 579/295 431/294 430/296
f 431/294 580/292 432/297
f 432/297 580/292 563/293
f 563/293 597/208 443/298
f 563/293 443/298 432/297
f 443/298 597/208 426/205
f 431/294 432/297 274/299
f 431/294 274/299 264/300
f 432/297 443/298 297/301
f 432/297 297/301 274/299
f 443/298 426/205 339/302
f 443/298 339/302 297/301
f 274/299 297/301 195/303
f 195/303 297/301 339/302
f 274/299 195/303 165/304
f 339/302 426/205 262/305
f 339/302 262/305 195/303
f 262/305 426/205 341/306
f 341/306 426/205 513/203
f 195/303 262/305 162/307
f 195/303 162/307 121/308
f 195/303 121/308 113/309
f 121/308 162/307 102/310
f 162/307 262/305 239/311
f 239/311 262/305 341/306
f 162/307 239/311 146/312
f 146/312 239/311 213/313
f 239/311 341/306 283/314
f 239/311 283/314 213/313
f 447/315 341/306 513/203
f 341/306 447/315 283/314
f 447/315 513/203 635/204
f 447/315 635/204 621/316
f 447/315 621/316 424/317
f 447/315 424/317 283/314
f 213/313 283/314 271/318
f 271/318 283/314 424/317
f 213/313 271/318 211/319
f 271/318 424/317 422/320
f 422/320 424/317 625/321
f 211/319 271/318 269/322
f 269/322 271/318 422/320
f 211/319 269/322 237/323
f 237/323 269/322 295/324
f 295/324 269/322 422/320
f 295/324 422/320 445/325
f 295/324 445/325 331/326
f 331/326 445/325 499/327
f 802/328 786/329 680/330
f 680/330 786/329 635/331
f 635/331 786/329 774/332
f 635/331 774/332 621/333
f 621/333 774/332 625/334
f 621/333 625/334 424/335
f 499/336 547/337 331/338
f 331/338 547/337 361/339
f 331/338 361/339 267/340
f 331/338 267/340 295/341
f 295/341 267/340 237/342
f 237/342 267/340 180/343
f 180/343 267/340 361/339
f 361/339 547/337 481/344
f 481/344 547/337 661/345
f 481/344 661/345 603/346
f 603/346 661/345 694/347
f 361/339 481/344 471/348
f 471/348 481/344 603/346
f 603/346 694/347 688/349
f 603/346 688/349 471/348
f 688/349 694/347 735/350
f 361/339 471/348 254/351
f 361/339 254/351 180/343
f 471/348 688/349 649/352
f 688/349 735/350 698/353
f 688/349 698/353 649/352
f 698/353 735/350 756/354
f 756/354 735/350 807/355
f 756/354 807/355 821/356
f 821/356 807/355 881/357
f 698/353 756/354 719/358
f 719/358 756/354 764/359
f 649/352 698/353 659/360
f 659/360 698/353 719/358
f 659/360 719/358 675/361
f 675/361 719/358 721/362
f 659/360 675/361 611/363
f 611/363 675/361 609/364
f 609/364 675/361 647/365
f 659/360 611/363 613/366
f 659/360 613/366 649/352
f 609/364 647/365 623/367
f 613/366 611/363 577/368
f 577/368 611/363 609/364
f 649/352 613/366 511/369
f 649/352 511/369 471/348
f 511/369 613/366 545/370
f 545/370 613/366 577/368
f 471/348 511/369 293/371
f 293/371 511/369 545/370
f 471/348 293/371 254/351
f 577/368 609/364 571/372
f 293/371 545/370 349/373
f 349/373 545/370 577/368
f 595/374 609/364 623/367
f 609/364 595/374 571/372
f 595/374 623/367 455/375
f 577/368 571/372 411/376
f 411/376 571/372 595/374
f 577/368 411/376 349/373
f 411/376 595/374 455/375
f 349/373 411/376 260/377
f 411/376 455/375 309/378
f 411/376 309/378 260/377
f 349/373 260/377 209/379
f 349/373 209/379 293/371
f 209/379 260/377 193/380
f 193/380 260/377 309/378
f 293/371 209/379 174/381
f 293/371 174/381 254/351
f 209/379 193/380 144/382
f 209/379 144/382 174/381
f 254/351 174/381 124/383
f 254/351 124/383 180/343
f 174/381 144/382 107/384
f 174/381 107/384 124/383
f 144/382 193/380 151/385
f 107/384 144/382 118/386
f 118/386 144/382 151/385
f 107/384 118/386 80/387
f 124/383 107/384 71/388
f 71/388 107/384 80/387
f 97/389 180/343 124/383
f 97/389 124/383 71/388
f 180/343 97/389 139/390
f 180/343 139/390 237/342
f 237/342 139/390 211/391
f 211/391 139/390 133/392
f 211/391 133/392 213/393
f 213/393 133/392 146/394
f 133/392 139/390 82/395
f 82/395 139/390 97/389
f 146/394 133/392 91/396
f 91/396 133/392 82/395
f 146/394 91/396 102/397
f 146/394 102/397 162/398
f 102/397 91/396 57/399
f 57/399 91/396 41/400
f 41/400 91/396 82/395
f 82/395 97/389 50/401
f 82/395 50/401 41/400
f 50/401 97/389 71/388
f 41/400 50/401 26/402
f 50/401 71/388 48/403
f 50/401 48/403 26/402
f 26/402 48/403 40/404
f 48/403 71/388 80/387
f 40/404 48/403 68/405
f 68/405 48/403 80/387
f 68/405 80/387 106/406
f 106/406 80/387 118/386
f 68/405 106/406 81/407
f 68/405 81/407 49/408
f 81/407 106/406 117/409
f 106/406 118/386 132/410
f 106/406 132/410 117/409
f 117/409 132/410 150/411
f 132/410 118/386 151/385
f 150/411 132/410 161/412
f 161/412 132/410 151/385
f 150/411 161/412 185/413
f 161/412 151/385 186/414
f 161/412 186/414 192/415
f 186/414 151/385 207/416
f 186/414 207/416 243/417
f 207/416 151/385 193/380
f 243/417 207/416 337/418
f 207/416 193/380 309/378
f 207/416 309/378 337/418
f 337/418 309/378 469/419
f 469/419 309/378 455/375
f 469/419 455/375 601/420
f 337/418 469/419 377/421
f 377/421 469/419 575/422
f 377/421 575/422 479/423
f 581/424 579/425 671/426
f 564/427 579/425 430/428
f 671/426 579/425 652/429
f 652/429 579/425 564/427
f 652/429 564/427 701/430
f 701/430 564/427 598/431
f 701/430 598/431 740/432
f 701/430 740/432 785/433
f 652/429 701/430 712/434
f 652/429 712/434 671/426
f 701/430 785/433 773/435
f 701/430 773/435 712/434
f 773/435 785/433 833/436
f 712/434 773/435 738/437
f 773/435 833/436 795/438
f 773/435 795/438 738/437
f 795/438 833/436 854/439
f 712/434 738/437 751/440
f 751/440 738/437 795/438
f 743/441 671/426 712/434
f 743/441 712/434 751/440
f 671/426 743/441 749/442
f 795/438 854/439 824/443
f 824/443 854/439 901/444
f 751/440 795/438 829/445
f 829/445 795/438 824/443
f 743/441 751/440 793/446
f 793/446 751/440 829/445
f 824/443 901/444 866/447
f 824/443 866/447 829/445
f 866/447 901/444 957/448
f 743/441 793/446 825/449
f 743/441 825/449 827/450
f 827/450 825/449 895/451
f 895/451 825/449 883/452
f 866/447 957/448 924/453
f 924/453 957/448 1032/454
f 924/453 1032/454 1016/455
f 866/447 924/453 879/456
f 866/447 879/456 829/445
f 924/453 1016/455 940/457
f 924/453 940/457 879/456
f 940/457 1016/455 1026/458
f 940/457 1026/458 999/459
f 940/457 999/459 920/460
f 940/457 920/460 879/456
f 920/460 999/459 995/461
f 863/462 829/445 879/456
f 863/462 879/456 920/460
f 829/445 863/462 793/446
f 793/446 863/462 825/449
f 863/462 920/460 916/463
f 916/463 920/460 995/461
f 863/462 916/463 825/449
f 916/463 995/461 1009/464
f 1009/464 995/461 1124/465
f 1009/464 1124/465 1189/466
f 1009/464 1189/466 1073/467
f 916/463 1009/464 922/468
f 916/463 922/468 825/449
f 922/468 1009/464 1073/467
f 825/449 922/468 883/452
f 922/468 1073/467 912/469
f 922/468 912/469 883/452
f 564/470 430/471 444/472
f 564/470 444/472 598/473
f 444/472 430/471 298/474
f 298/474 430/471 273/475
f 273/475 430/471 431/476
f 273/475 431/476 264/477
f 274/478 165/479 264/477
f 264/477 165/479 156/480
f 264/477 156/480 164/481
f 264/477 164/481 273/475
f 298/474 273/475 196/482
f 196/482 273/475 164/481
f 114/483 164/481 100/484
f 164/481 114/483 196/482
f 340/485 444/472 298/474
f 340/485 298/474 196/482
f 444/472 340/485 427/486
f 444/472 427/486 598/473
f 340/485 196/482 263/487
f 340/485 263/487 427/486
f 196/482 114/483 122/488
f 122/488 114/483 74/489
f 122/488 74/489 103/490
f 196/482 122/488 163/491
f 163/491 122/488 103/490
f 196/482 163/491 263/487
f 163/491 103/490 147/492
f 147/492 103/490 92/493
f 263/487 163/491 240/494
f 240/494 163/491 147/492
f 147/492 92/493 134/495
f 263/487 240/494 342/496
f 263/487 342/496 427/486
f 134/495 92/493 83/497
f 240/494 147/492 214/498
f 214/498 147/492 134/495
f 342/496 240/494 284/499
f 284/499 240/494 214/498
f 134/495 83/497 140/500
f 140/500 83/497 98/501
f 214/498 134/495 212/502
f 212/502 134/495 140/500
f 284/499 214/498 272/503
f 272/503 214/498 212/502
f 140/500 98/501 181/504
f 181/504 98/501 125/505
f 212/502 140/500 238/506
f 238/506 140/500 181/504
f 272/503 212/502 270/507
f 270/507 212/502 238/506
f 181/504 125/505 255/508
f 255/508 125/505 175/509
f 255/508 175/509 294/510
f 181/504 255/508 362/511
f 362/511 255/508 472/512
f 238/506 181/504 268/513
f 268/513 181/504 362/511
f 238/506 268/513 296/514
f 238/506 296/514 270/507
f 268/513 362/511 332/515
f 268/513 332/515 296/514
f 332/515 362/511 548/516
f 548/516 362/511 482/517
f 332/515 548/516 500/518
f 500/518 548/516 678/519
f 296/514 332/515 446/520
f 446/520 332/515 500/518
f 423/521 270/507 296/514
f 423/521 296/514 446/520
f 270/507 423/521 272/503
f 500/518 678/519 642/522
f 500/518 642/522 446/520
f 642/522 678/519 797/523
f 642/522 797/523 779/524
f 446/520 642/522 626/525
f 446/520 626/525 423/521
f 626/525 642/522 779/524
f 425/526 272/503 423/521
f 425/526 423/521 626/525
f 272/503 425/526 284/499
f 626/525 779/524 775/527
f 775/527 779/524 949/528
f 425/526 626/525 622/529
f 622/529 626/525 775/527
f 775/527 949/528 955/530
f 425/526 622/529 448/531
f 425/526 448/531 284/499
f 284/499 448/531 342/496
f 775/527 955/530 787/532
f 787/532 955/530 803/533
f 622/529 775/527 636/534
f 636/534 775/527 787/532
f 622/529 636/534 448/531
f 342/496 448/531 514/535
f 514/535 448/531 636/534
f 342/496 514/535 427/486
f 636/534 787/532 681/536
f 636/534 681/536 514/535
f 681/536 787/532 803/533
f 427/486 514/535 574/537
f 574/537 514/535 681/536
f 427/486 574/537 598/473
f 598/473 574/537 740/538
f 740/538 574/537 714/539
f 714/539 574/537 681/536
f 714/539 681/536 803/533
f 714/539 803/533 835/540
f 164/541 156/542 99/543
f 99/543 156/542 165/544
f 164/541 99/543 100/545
f 99/543 165/544 101/546
f 101/546 165/544 113/547
f 113/547 165/544 195/548
f 99/543 101/546 65/549
f 101/546 113/547 63/550
f 101/546 63/550 65/549
f 121/551 73/552 113/547
f 113/547 73/552 63/550
f 57/553 73/552 102/554
f 63/550 73/552 32/555
f 32/555 73/552 57/553
f 32/555 57/553 18/556
f 18/556 57/553 41/557
f 18/556 41/557 26/558
f 18/556 26/558 9/559
f 32/555 18/556 29/560
f 32/555 29/560 63/550
f 18/556 9/559 13/561
f 18/556 13/561 29/560
f 63/550 29/560 47/562
f 63/550 47/562 65/549
f 29/560 13/561 1511/563
f 47/562 29/560 1507/564
f 1507/564 29/560 1511/563
f 47/562 1507/564 1503/565
f 47/562 1503/565 65/549
f 1510/566 13/561 9/559
f 13/561 1510/566 1511/563
f 1510/566 9/559 1509/567
f 1509/567 9/559 8/568
f 1509/567 8/568 1506/569
f 1509/567 1506/569 1521/570
f 1521/570 1506/569 1518/571
f 1510/566 1509/567 1525/572
f 1525/572 1509/567 1521/570
f 1533/573 1511/563 1510/566
f 1533/573 1510/566 1525/572
f 1521/570 1518/571 1538/574
f 1525/572 1521/570 1541/575
f 1541/575 1521/570 1538/574
f 1525/572 1541/575 1533/573
f 1538/574 1518/571 1526/576
f 1511/563 1533/573 1531/577
f 1511/563 1531/577 1507/564
f 1507/564 1531/577 1529/578
f 1507/564 1529/578 1503/565
f 1531/577 1533/573 1558/579
f 1538/574 1526/576 1548/580
f 1519/581 1537/582 1526/576
f 1526/576 1537/582 1548/580
f 1538/574 1548/580 1557/583
f 1538/574 1557/583 1541/575
f 1548/580 1537/582 1560/584
f 1556/585 1533/573 1541/575
f 1556/585 1541/575 1557/583
f 1533/573 1556/585 1558/579
f 1560/584 1537/582 1544/586
f 1557/583 1548/580 1569/587
f 1569/587 1548/580 1560/584
f 1556/585 1557/583 1577/588
f 1577/588 1557/583 1569/587
f 1558/579 1556/585 1580/589
f 1580/589 1556/585 1577/588
f 1560/584 1544/586 1568/590
f 1568/590 1544/586 1551/591
f 1568/590 1551/591 1573/592
f 1573/592 1551/591 1559/593
f 1568/590 1573/592 1593/594
f 1560/584 1568/590 1583/595
f 1583/595 1568/590 1593/594
f 1560/584 1583/595 1569/587
f 1583/595 1593/594 1608/596
f 1569/587 1583/595 1594/597
f 1594/597 1583/595 1608/596
f 1569/587 1594/597 1577/588
f 1594/597 1608/596 1619/598
f 1577/588 1594/597 1600/599
f 1600/599 1594/597 1619/598
f 1577/588 1600/599 1580/589
f 1580/589 1600/599 1579/600
f 1600/599 1619/598 1603/601
f 1600/599 1603/601 1579/600
f 1603/601 1619/598 1622/602
f 1580/589 1579/600 1558/579
f 1603/601 1622/602 1596/603
f 1596/603 1622/602 1618/604
f 1579/600 1603/601 1572/605
f 1572/605 1603/601 1596/603
f 1558/579 1579/600 1554/606
f 1558/579 1554/606 1531/577
f 1579/600 1572/605 1550/607
f 1579/600 1550/607 1554/606
f 1531/577 1554/606 1529/578
f 1529/578 1554/606 1550/607
f 1588/608 1596/603 1618/604
f 1588/608 1618/604 1607/609
f 1588/608 1607/609 1578/610
f 1578/610 1607/609 1595/611
f 1588/608 1578/610 1553/612
f 1596/603 1588/608 1566/613
f 1566/613 1588/608 1553/612
f 1596/603 1566/613 1572/605
f 1566/613 1553/612 1532/614
f 1572/605 1566/613 1543/615
f 1543/615 1566/613 1532/614
f 1572/605 1543/615 1550/607
f 1543/615 1532/614 1513/616
f 1513/616 1532/614 1505/617
f 1550/607 1543/615 1517/618
f 1517/618 1543/615 1513/616
f 1550/607 1517/618 1524/619
f 1550/607 1524/619 1529/578
f 1529/578 1524/619 1/620
f 1529/578 1/620 1503/565
f 1503/565 1/620 65/549
f 1/620 1524/619 5/621
f 5/621 1524/619 1517/618
f 65/549 1/620 67/622
f 67/622 1/620 5/621
f 65/549 67/622 99/543
f 99/543 67/622 100/545
f 67/622 5/621 66/623
f 67/622 66/623 100/545
f 5/621 1517/618 19/624
f 5/621 19/624 66/623
f 19/624 1517/618 1513/616
f 100/545 66/623 64/625
f 64/625 66/623 19/624
f 100/545 64/625 74/626
f 100/545 74/626 114/627
f 74/626 64/625 52/628
f 19/624 1513/616 31/629
f 19/624 31/629 64/625
f 64/625 31/629 52/628
f 31/629 1513/616 1505/617
f 52/628 31/629 30/630
f 30/630 31/629 1505/617
f 121/631 102/632 73/633
f 647/634 675/635 721/636
f 647/634 721/636 707/637
f 647/634 707/637 623/638
f 719/639 764/640 721/636
f 721/636 764/640 754/641
f 721/636 754/641 707/637
f 756/642 821/643 764/640
f 754/641 764/640 811/644
f 811/644 764/640 821/643
f 707/637 754/641 745/645
f 811/644 821/643 873/646
f 873/646 821/643 881/647
f 873/646 881/647 945/648
f 754/641 811/644 782/649
f 754/641 782/649 745/645
f 811/644 873/646 836/650
f 811/644 836/650 782/649
f 873/646 945/648 906/651
f 873/646 906/651 836/650
f 906/651 945/648 991/652
f 782/649 836/650 780/653
f 782/649 780/653 745/645
f 836/650 906/651 846/654
f 836/650 846/654 780/653
f 906/651 991/652 904/655
f 906/651 904/655 846/654
f 904/655 991/652 975/656
f 780/653 846/654 819/657
f 819/657 846/654 904/655
f 727/658 745/645 780/653
f 745/645 727/658 707/637
f 780/653 819/657 762/659
f 780/653 762/659 727/658
f 707/637 727/658 684/660
f 707/637 684/660 623/638
f 727/658 762/659 798/661
f 798/661 762/659 819/657
f 684/660 727/658 717/662
f 717/662 727/658 798/661
f 623/638 684/660 665/663
f 665/663 684/660 717/662
f 623/638 665/663 601/664
f 623/638 601/664 455/665
f 601/664 665/663 663/666
f 663/666 665/663 717/662
f 601/664 663/666 575/667
f 601/664 575/667 469/668
f 663/666 717/662 715/669
f 663/666 715/669 575/667
f 479/670 575/667 569/671
f 569/671 575/667 639/672
f 639/672 575/667 715/669
f 569/671 639/672 686/673
f 686/673 639/672 768/674
f 768/674 639/672 715/669
f 686/673 768/674 817/675
f 809/676 715/669 717/662
f 715/669 809/676 768/674
f 809/676 717/662 760/677
f 760/677 717/662 798/661
f 817/675 768/674 893/678
f 893/678 768/674 809/676
f 817/675 893/678 958/679
f 809/676 760/677 896/680
f 809/676 896/680 893/678
f 760/677 798/661 813/681
f 760/677 813/681 896/680
f 958/679 893/678 1063/682
f 1063/682 893/678 896/680
f 813/681 798/661 851/683
f 851/683 798/661 819/657
f 896/680 813/681 845/684
f 845/684 813/681 851/683
f 896/680 845/684 951/685
f 896/680 951/685 1063/682
f 951/685 845/684 850/686
f 951/685 850/686 990/687
f 850/686 845/684 886/688
f 886/688 845/684 851/683
f 850/686 886/688 903/689
f 951/685 990/687 1162/690
f 951/685 1162/690 1063/682
f 1162/690 990/687 1206/691
f 1162/690 1206/691 1291/692
f 1162/690 1291/692 1063/682
f 1291/692 1206/691 1328/693
f 903/689 886/688 933/694
f 1063/682 1291/692 1202/695
f 1063/682 1202/695 958/679
f 958/679 1202/695 1017/696
f 1017/696 1202/695 1252/697
f 903/689 933/694 944/698
f 1252/697 1202/695 1336/699
f 1336/699 1202/695 1291/692
f 1252/697 1336/699 1373/700
f 1336/699 1291/692 1396/701
f 1336/699 1396/701 1373/700
f 1396/701 1291/692 1328/693
f 1396/701 1328/693 1408/702
f 1396/701 1408/702 1435/703
f 1373/700 1396/701 1424/704
f 1424/704 1396/701 1435/703
f 1373/700 1424/704 1434/705
f 1424/704 1435/703 1459/706
f 965/707 944/698 933/694
f 944/698 965/707 974/708
f 974/708 965/707 967/709
f 974/708 967/709 977/710
f 977/710 967/709 935/711
f 977/710 935/711 947/712
f 977/710 947/712 934/713
f 934/713 947/712 895/714
f 935/711 967/709 913/715
f 967/709 965/707 926/716
f 967/709 926/716 913/715
f 926/716 965/707 908/717
f 908/717 965/707 933/694
f 913/715 926/716 910/718
f 910/718 926/716 908/717
f 913/715 910/718 1007/719
f 1007/719 910/718 975/656
f 975/656 910/718 871/720
f 871/720 910/718 908/717
f 975/656 871/720 904/655
f 904/655 871/720 819/657
f 871/720 908/717 887/721
f 871/720 887/721 819/657
f 887/721 908/717 933/694
f 819/657 887/721 851/683
f 887/721 933/694 886/688
f 887/721 886/688 851/683
f 243/722 337/723 241/724
f 241/724 337/723 377/725
f 243/722 241/724 172/726
f 241/724 377/725 235/727
f 241/724 235/727 154/728
f 241/724 154/728 172/726
f 154/728 235/727 176/729
f 172/726 154/728 109/730
f 176/729 235/727 281/731
f 281/731 235/727 377/725
f 176/729 281/731 245/732
f 281/731 377/725 479/733
f 245/732 281/731 395/734
f 395/734 281/731 479/733
f 245/732 395/734 343/735
f 172/726 109/730 129/736
f 129/736 109/730 88/737
f 129/736 88/737 123/738
f 123/738 88/737 75/739
f 129/736 123/738 184/740
f 172/726 129/736 192/741
f 192/741 129/736 184/740
f 192/741 184/740 161/742
f 172/726 192/741 243/722
f 243/722 192/741 186/743
f 363/744 343/735 395/734
f 343/735 363/744 323/745
f 363/744 395/734 483/746
f 483/746 395/734 479/733
f 483/746 479/733 569/747
f 363/744 483/746 433/748
f 363/744 433/748 351/749
f 483/746 569/747 584/750
f 483/746 584/750 433/748
f 584/750 569/747 686/751
f 433/748 584/750 515/752
f 433/748 515/752 397/753
f 397/753 515/752 501/754
f 584/750 686/751 723/755
f 723/755 686/751 817/756
f 515/752 584/750 627/757
f 627/757 584/750 723/755
f 501/754 515/752 629/758
f 629/758 515/752 627/757
f 501/754 629/758 503/759
f 627/757 723/755 729/760
f 627/757 729/760 629/758
f 723/755 817/756 840/761
f 723/755 840/761 729/760
f 840/761 817/756 958/762
f 840/761 958/762 1017/763
f 503/759 629/758 631/764
f 631/764 629/758 729/760
f 503/759 631/764 485/765
f 485/765 631/764 487/766
f 487/766 631/764 637/767
f 840/761 1017/763 857/768
f 637/767 631/764 731/769
f 731/769 631/764 729/760
f 731/769 729/760 840/761
f 731/769 840/761 857/768
f 637/767 731/769 653/770
f 653/770 731/769 747/771
f 747/771 731/769 857/768
f 653/770 747/771 667/772
f 667/772 747/771 752/773
f 747/771 857/768 848/774
f 747/771 848/774 752/773
f 848/774 857/768 1027/775
f 752/773 848/774 842/776
f 115/777 109/778 154/779
f 115/777 154/779 176/780
f 109/778 115/777 69/781
f 109/778 69/781 88/782
f 115/777 176/780 135/783
f 135/783 176/780 245/784
f 88/782 69/781 54/785
f 88/782 54/785 75/786
f 75/786 54/785 36/787
f 54/785 69/781 55/788
f 55/788 69/781 115/777
f 36/787 54/785 22/789
f 22/789 54/785 55/788
f 36/787 22/789 15/790
f 15/790 22/789 3/791
f 55/788 115/777 93/792
f 93/792 115/777 135/783
f 22/789 55/788 37/793
f 37/793 55/788 93/792
f 3/791 22/789 10/794
f 10/794 22/789 37/793
f 3/791 10/794 7/795
f 3/791 7/795 4/796
f 10/794 37/793 20/797
f 10/794 20/797 7/795
f 37/793 93/792 78/798
f 78/798 93/792 135/783
f 20/797 37/793 43/799
f 43/799 37/793 78/798
f 7/795 20/797 33/800
f 33/800 20/797 43/799
f 25/801 4/796 7/795
f 25/801 7/795 33/800
f 4/796 25/801 16/802
f 16/802 25/801 46/803
f 16/802 46/803 39/804
f 39/804 46/803 90/805
f 46/803 25/801 61/806
f 61/806 25/801 33/800
f 46/803 61/806 95/807
f 95/807 61/806 111/808
f 61/806 33/800 76/809
f 61/806 76/809 111/808
f 76/809 33/800 59/810
f 59/810 33/800 43/799
f 59/810 43/799 84/811
f 84/811 43/799 78/798
f 76/809 59/810 104/812
f 104/812 59/810 84/811
f 111/808 76/809 130/813
f 130/813 76/809 104/812
f 111/808 130/813 166/814
f 111/808 166/814 141/815
f 84/811 78/798 126/816
f 126/816 78/798 135/783
f 126/816 135/783 215/817
f 215/817 135/783 245/784
f 84/811 126/816 137/818
f 137/818 126/816 217/819
f 217/819 126/816 215/817
f 84/811 137/818 157/820
f 84/811 157/820 104/812
f 157/820 137/818 229/821
f 229/821 137/818 217/819
f 104/812 157/820 199/822
f 104/812 199/822 130/813
f 157/820 229/821 315/823
f 157/820 315/823 199/822
f 229/821 217/819 287/824
f 229/821 287/824 315/823
f 130/813 199/822 231/825
f 130/813 231/825 166/814
f 231/825 199/822 317/826
f 317/826 199/822 315/823
f 166/814 231/825 219/827
f 166/814 219/827 168/828
f 231/825 317/826 289/829
f 231/825 289/829 219/827
f 219/827 289/829 275/830
f 219/827 275/830 203/831
f 275/830 289/829 369/832
f 289/829 317/826 385/833
f 289/829 385/833 369/832
f 385/833 317/826 401/834
f 401/834 317/826 315/823
f 369/832 385/833 473/835
f 369/832 473/835 461/836
f 461/836 473/835 551/837
f 473/835 385/833 507/838
f 507/838 385/833 401/834
f 551/837 473/835 557/839
f 557/839 473/835 507/838
f 551/837 557/839 523/840
f 507/838 401/834 549/841
f 507/838 549/841 557/839
f 399/842 401/834 315/823
f 401/834 399/842 549/841
f 399/842 315/823 383/843
f 383/843 315/823 327/844
f 327/844 315/823 287/824
f 399/842 383/843 521/845
f 399/842 521/845 549/841
f 383/843 327/844 357/846
f 383/843 357/846 521/845
f 327/844 287/824 313/847
f 327/844 313/847 357/846
f 313/847 287/824 285/848
f 357/846 313/847 311/849
f 311/849 313/847 285/848
f 285/848 287/824 217/819
f 357/846 311/849 345/850
f 357/846 345/850 521/845
f 345/850 311/849 365/851
f 345/850 365/851 521/845
f 521/845 365/851 505/852
f 521/845 505/852 637/853
f 521/845 637/853 653/854
f 521/845 653/854 549/841
f 637/853 505/852 487/855
f 487/855 505/852 365/851
f 549/841 653/854 667/856
f 549/841 667/856 682/857
f 549/841 682/857 557/839
f 682/857 667/856 752/858
f 557/839 682/857 605/859
f 682/857 752/858 776/860
f 605/859 682/857 702/861
f 702/861 682/857 776/860
f 355/862 487/855 365/851
f 355/862 365/851 311/849
f 487/855 355/862 435/863
f 487/855 435/863 485/864
f 355/862 311/849 335/865
f 355/862 335/865 435/863
f 335/865 311/849 285/848
f 485/864 435/863 503/866
f 335/865 285/848 333/867
f 333/867 285/848 217/819
f 333/867 217/819 215/817
f 335/865 333/867 381/868
f 335/865 381/868 435/863
f 333/867 215/817 325/869
f 333/867 325/869 381/868
f 325/869 215/817 323/870
f 323/870 215/817 245/784
f 323/870 245/784 343/871
f 435/863 381/868 379/872
f 435/863 379/872 503/866
f 381/868 325/869 353/873
f 381/868 353/873 379/872
f 325/869 323/870 351/874
f 325/869 351/874 353/873
f 353/873 351/874 379/872
f 351/874 323/870 363/875
f 503/866 379/872 409/876
f 503/866 409/876 501/877
f 501/877 409/876 397/878
f 397/878 409/876 379/872
f 397/878 379/872 351/874
f 397/878 351/874 433/879
f 974/880 977/881 966/882
f 966/882 977/881 934/883
f 883/884 934/883 895/885
f 934/883 883/884 912/886
f 934/883 912/886 966/882
f 974/880 966/882 964/887
f 974/880 964/887 944/888
f 966/882 912/886 927/889
f 966/882 927/889 964/887
f 1073/890 1008/891 912/886
f 927/889 912/886 911/892
f 911/892 912/886 1008/891
f 927/889 911/892 909/893
f 927/889 909/893 964/887
f 911/892 1008/891 976/894
f 976/894 1008/891 1088/895
f 976/894 1088/895 1123/896
f 976/894 1123/896 992/897
f 976/894 992/897 905/898
f 911/892 976/894 872/899
f 872/899 976/894 905/898
f 911/892 872/899 909/893
f 872/899 905/898 820/900
f 820/900 905/898 847/901
f 909/893 872/899 888/902
f 888/902 872/899 820/900
f 932/903 964/887 909/893
f 932/903 909/893 888/902
f 964/887 932/903 944/888
f 944/888 932/903 903/904
f 903/904 932/903 885/905
f 885/905 932/903 888/902
f 903/904 885/905 850/906
f 852/907 888/902 820/900
f 888/902 852/907 885/905
f 852/907 820/900 799/908
f 799/908 820/900 763/909
f 799/908 763/909 728/910
f 885/905 852/907 844/911
f 885/905 844/911 850/906
f 852/907 799/908 814/912
f 852/907 814/912 844/911
f 799/908 728/910 761/913
f 799/908 761/913 814/912
f 761/913 728/910 718/914
f 844/911 814/912 897/915
f 897/915 814/912 761/913
f 950/916 850/906 844/911
f 950/916 844/911 897/915
f 850/906 950/916 990/917
f 761/913 718/914 810/918
f 761/913 810/918 897/915
f 897/915 810/918 894/919
f 990/917 950/916 1161/920
f 990/917 1161/920 1206/921
f 950/916 897/915 1064/922
f 1064/922 897/915 894/919
f 950/916 1064/922 1161/920
f 1064/922 894/919 959/923
f 894/919 810/918 769/924
f 1064/922 959/923 1203/925
f 1206/921 1161/920 1290/926
f 1290/926 1161/920 1064/922
f 1290/926 1064/922 1203/925
f 1206/921 1290/926 1328/927
f 769/924 810/918 716/928
f 716/928 810/918 718/914
f 769/924 716/928 640/929
f 640/929 716/928 576/930
f 716/928 718/914 664/931
f 716/928 664/931 576/930
f 664/931 718/914 666/932
f 664/931 666/932 602/933
f 664/931 602/933 576/930
f 576/930 602/933 470/934
f 1395/935 1328/927 1290/926
f 1328/927 1395/935 1408/936
f 1337/937 1290/926 1203/925
f 1290/926 1337/937 1395/935
f 1337/937 1203/925 1253/938
f 1337/937 1253/938 1374/939
f 1337/937 1374/939 1395/935
f 1395/935 1374/939 1423/940
f 1423/940 1374/939 1433/941
f 1435/942 1408/936 1395/935
f 1435/942 1395/935 1423/940
f 1435/942 1423/940 1458/943
f 1435/942 1458/943 1457/944
f 1435/942 1457/944 1459/945
f 1017/946 1252/947 1258/948
f 1258/948 1252/947 1373/949
f 1027/950 857/951 1017/946
f 1027/950 1017/946 1258/948
f 1027/950 1258/948 1012/952
f 1027/950 1012/952 848/953
f 1258/948 1373/949 1387/954
f 1012/952 1258/948 1243/955
f 1243/955 1258/948 1387/954
f 1387/954 1373/949 1434/956
f 848/953 1012/952 984/957
f 984/957 1012/952 1243/955
f 848/953 984/957 930/958
f 848/953 930/958 842/959
f 930/958 984/957 1033/960
f 1033/960 984/957 1243/955
f 1243/955 1387/954 1375/961
f 1387/954 1434/956 1426/962
f 1387/954 1426/962 1375/961
f 1243/955 1375/961 1351/963
f 1351/963 1375/961 1426/962
f 1243/955 1351/963 1226/964
f 1243/955 1226/964 1033/960
f 1226/964 1351/963 1273/965
f 1033/960 1226/964 1155/966
f 1155/966 1226/964 1273/965
f 1033/960 1155/966 1118/967
f 1021/968 930/958 1033/960
f 1021/968 1033/960 1118/967
f 930/958 1021/968 918/969
f 930/958 918/969 842/959
f 918/969 1021/968 960/970
f 960/970 1021/968 1118/967
f 842/959 918/969 859/971
f 842/959 859/971 752/972
f 859/971 918/969 960/970
f 804/973 776/974 859/971
f 804/973 859/971 889/975
f 889/975 859/971 960/970
f 889/975 960/970 962/976
f 889/975 962/976 830/977
f 962/976 960/970 1053/978
f 1053/978 960/970 1118/967
f 942/979 867/980 962/976
f 962/976 1053/978 1055/981
f 962/976 1055/981 942/979
f 1053/978 1118/967 1159/982
f 1053/978 1159/982 1055/981
f 942/979 1055/981 1006/983
f 942/979 1006/983 892/984
f 892/984 1006/983 902/985
f 902/985 1006/983 1025/986
f 1006/983 1055/981 1121/987
f 1006/983 1121/987 1025/986
f 1121/987 1055/981 1159/982
f 1025/986 1121/987 1143/988
f 1143/988 1121/987 1218/989
f 1218/989 1121/987 1159/982
f 1143/988 1218/989 1234/990
f 1218/989 1159/982 1204/991
f 1204/991 1159/982 1118/967
f 1234/990 1218/989 1255/992
f 1255/992 1218/989 1204/991
f 1234/990 1255/992 1276/993
f 1204/991 1118/967 1228/994
f 1204/991 1228/994 1255/992
f 1228/994 1118/967 1155/966
f 1276/993 1255/992 1275/995
f 1275/995 1255/992 1228/994
f 1276/993 1275/995 1289/996
f 1228/994 1155/966 1273/965
f 1228/994 1273/965 1275/995
f 1289/996 1275/995 1308/997
f 1308/997 1275/995 1273/965
f 1289/996 1308/997 1314/998
f 1314/998 1308/997 1397/999
f 1308/997 1273/965 1390/1000
f 1308/997 1390/1000 1397/999
f 1390/1000 1273/965 1351/963
f 1390/1000 1351/963 1426/962
f 1397/999 1390/1000 1447/1001
f 1397/999 1447/1001 1448/1002
f 1448/1002 1447/1001 1467/1003
f 1447/1001 1390/1000 1439/1004
f 1467/1003 1447/1001 1463/1005
f 1463/1005 1447/1001 1439/1004
f 1390/1000 1426/962 1437/1006
f 1390/1000 1437/1006 1439/1004
f 1463/1005 1439/1004 1461/1007
f 1461/1007 1439/1004 1437/1006
f 1467/1003 1463/1005 1481/1008
f 1481/1008 1463/1005 1461/1007
f 1467/1003 1481/1008 1489/1009
f 1467/1003 1489/1009 1474/1010
f 1481/1008 1461/1007 1483/1011
f 1481/1008 1483/1011 1489/1009
f 1461/1007 1437/1006 1445/1012
f 1445/1012 1437/1006 1426/962
f 1461/1007 1445/1012 1465/1013
f 1461/1007 1465/1013 1483/1011
f 1445/1012 1426/962 1456/1014
f 1445/1012 1456/1014 1465/1013
f 1456/1014 1426/962 1434/956
f 1495/1015 1489/1009 1483/1011
f 1489/1009 1495/1015 1496/1016
f 1483/1011 1465/1013 1473/1017
f 1473/1017 1465/1013 1456/1014
f 1495/1015 1483/1011 1487/1018
f 1487/1018 1483/1011 1473/1017
f 1495/1015 1487/1018 1492/1019
f 1487/1018 1473/1017 1471/1020
f 1487/1018 1471/1020 1479/1021
f 1473/1017 1456/1014 1454/1022
f 1473/1017 1454/1022 1471/1020
f 1471/1020 1454/1022 1479/1021
f 1454/1022 1456/1014 1434/956
f 1479/1021 1454/1022 1459/1023
f 1454/1022 1434/956 1424/1024
f 1454/1022 1424/1024 1459/1023
f 1253/1025 1203/1026 1018/1027
f 1018/1027 1203/1026 959/1028
f 1253/1025 1018/1027 1259/1029
f 1253/1025 1259/1029 1374/1030
f 1259/1029 1018/1027 1028/1031
f 1374/1030 1259/1029 1388/1032
f 1259/1029 1028/1031 1013/1033
f 1013/1033 1028/1031 849/1034
f 1259/1029 1013/1033 1244/1035
f 1259/1029 1244/1035 1388/1032
f 1013/1033 849/1034 985/1036
f 1013/1033 985/1036 1244/1035
f 1374/1030 1388/1032 1433/1037
f 985/1036 849/1034 931/1038
f 931/1038 849/1034 843/1039
f 931/1038 843/1039 919/1040
f 919/1040 843/1039 860/1041
f 931/1038 919/1040 1022/1042
f 919/1040 860/1041 961/1043
f 919/1040 961/1043 1022/1042
f 805/1044 890/1045 860/1041
f 860/1041 890/1045 961/1043
f 931/1038 1022/1042 1048/1046
f 931/1038 1048/1046 985/1036
f 1022/1042 961/1043 1119/1047
f 1022/1042 1119/1047 1048/1046
f 961/1043 890/1045 963/1048
f 963/1048 890/1045 831/1049
f 985/1036 1048/1046 1035/1050
f 985/1036 1035/1050 1244/1035
f 1035/1050 1048/1046 1156/1051
f 1156/1051 1048/1046 1119/1047
f 1244/1035 1035/1050 1227/1052
f 1227/1052 1035/1050 1156/1051
f 1244/1035 1227/1052 1352/1053
f 1227/1052 1156/1051 1272/1054
f 1227/1052 1272/1054 1352/1053
f 1244/1035 1352/1053 1376/1055
f 1244/1035 1376/1055 1388/1032
f 1388/1032 1376/1055 1425/1056
f 1425/1056 1376/1055 1352/1053
f 1388/1032 1425/1056 1433/1037
f 1272/1054 1156/1051 1229/1057
f 1229/1057 1156/1051 1119/1047
f 1389/1058 1352/1053 1272/1054
f 1352/1053 1389/1058 1425/1056
f 1272/1054 1229/1057 1274/1059
f 1433/1037 1425/1056 1455/1060
f 1272/1054 1274/1059 1307/1061
f 1272/1054 1307/1061 1389/1058
f 1307/1061 1274/1059 1289/1062
f 1307/1061 1289/1062 1314/1063
f 1307/1061 1314/1063 1397/1064
f 1307/1061 1397/1064 1389/1058
f 1289/1062 1274/1059 1276/1065
f 1276/1065 1274/1059 1254/1066
f 1254/1066 1274/1059 1229/1057
f 1276/1065 1254/1066 1234/1067
f 1389/1058 1397/1064 1446/1068
f 1446/1068 1397/1064 1448/1069
f 1254/1066 1229/1057 1205/1070
f 1205/1070 1229/1057 1119/1047
f 1234/1067 1254/1066 1217/1071
f 1217/1071 1254/1066 1205/1070
f 1234/1067 1217/1071 1143/1072
f 1205/1070 1119/1047 1160/1073
f 1205/1070 1160/1073 1217/1071
f 1143/1072 1217/1071 1120/1074
f 1120/1074 1217/1071 1160/1073
f 1143/1072 1120/1074 1025/1075
f 1160/1073 1119/1047 1054/1076
f 1054/1076 1119/1047 961/1043
f 1054/1076 961/1043 963/1048
f 1160/1073 1054/1076 1056/1077
f 1160/1073 1056/1077 1120/1074
f 1056/1077 1054/1076 963/1048
f 1025/1075 1120/1074 1005/1078
f 1005/1078 1120/1074 1056/1077
f 1025/1075 1005/1078 902/1079
f 902/1079 1005/1078 891/1080
f 891/1080 1005/1078 943/1081
f 943/1081 1005/1078 1056/1077
f 943/1081 1056/1077 963/1048
f 943/1081 963/1048 868/1082
f 959/1083 894/1084 818/1085
f 818/1085 894/1084 769/1086
f 959/1083 818/1085 841/1087
f 959/1083 841/1087 1018/1088
f 818/1085 769/1086 687/1089
f 687/1089 769/1086 640/1090
f 818/1085 687/1089 724/1091
f 818/1085 724/1091 841/1087
f 687/1089 640/1090 570/1092
f 570/1092 640/1090 576/1093
f 724/1091 687/1089 585/1094
f 585/1094 687/1089 570/1092
f 841/1087 724/1091 730/1095
f 570/1092 576/1093 480/1096
f 858/1097 1018/1088 841/1087
f 1018/1088 858/1097 1028/1098
f 1028/1098 858/1097 849/1099
f 858/1097 841/1087 732/1100
f 732/1100 841/1087 730/1095
f 849/1099 858/1097 748/1101
f 748/1101 858/1097 732/1100
f 748/1101 732/1100 654/1102
f 654/1102 732/1100 638/1103
f 638/1103 732/1100 632/1104
f 632/1104 732/1100 730/1095
f 849/1099 748/1101 753/1105
f 753/1105 748/1101 668/1106
f 849/1099 753/1105 843/1107
f 843/1107 753/1105 860/1108
f 860/1108 753/1105 777/1109
f 632/1104 730/1095 630/1110
f 632/1104 630/1110 504/1111
f 630/1110 730/1095 628/1112
f 628/1112 730/1095 724/1091
f 630/1110 628/1112 516/1113
f 630/1110 516/1113 502/1114
f 628/1112 724/1091 585/1094
f 628/1112 585/1094 516/1113
f 516/1113 585/1094 434/1115
f 434/1115 585/1094 484/1116
f 434/1115 484/1116 364/1117
f 484/1116 585/1094 570/1092
f 364/1117 484/1116 396/1118
f 484/1116 570/1092 480/1096
f 484/1116 480/1096 396/1118
f 396/1118 480/1096 282/1119
f 396/1118 282/1119 246/1120
f 282/1119 480/1096 378/1121
f 378/1121 480/1096 576/1093
f 378/1121 576/1093 470/1122
f 282/1119 378/1121 236/1123
f 378/1121 470/1122 338/1124
f 236/1123 378/1121 242/1125
f 242/1125 378/1121 338/1124
f 236/1123 242/1125 155/1126
f 155/1126 242/1125 173/1127
f 242/1125 338/1124 244/1128
f 242/1125 244/1128 173/1127
f 244/1128 338/1124 208/1129
f 173/1127 244/1128 191/1130
f 191/1130 244/1128 185/1131
f 191/1130 185/1131 161/1132
f 191/1130 161/1132 184/1133
f 173/1127 191/1130 128/1134
f 128/1134 191/1130 184/1133
f 173/1127 128/1134 110/1135
f 128/1134 184/1133 123/1136
f 128/1134 123/1136 87/1137
f 666/1138 718/1139 685/1140
f 685/1140 718/1139 728/1141
f 666/1138 685/1140 624/1142
f 666/1138 624/1142 602/1143
f 685/1140 728/1141 708/1144
f 685/1140 708/1144 624/1142
f 602/1143 624/1142 456/1145
f 602/1143 456/1145 470/1146
f 470/1146 456/1145 310/1147
f 470/1146 310/1147 338/1148
f 456/1145 624/1142 596/1149
f 456/1145 596/1149 412/1150
f 456/1145 412/1150 310/1147
f 338/1148 310/1147 208/1151
f 185/1152 244/1153 208/1151
f 185/1152 208/1151 150/1154
f 208/1151 310/1147 194/1155
f 208/1151 194/1155 150/1154
f 194/1155 310/1147 261/1156
f 261/1156 310/1147 412/1150
f 150/1154 194/1155 145/1157
f 150/1154 145/1157 117/1158
f 117/1158 145/1157 108/1159
f 117/1158 108/1159 81/1160
f 108/1159 145/1157 175/1161
f 145/1157 194/1155 210/1162
f 145/1157 210/1162 175/1161
f 210/1162 194/1155 261/1156
f 175/1161 210/1162 294/1163
f 210/1162 261/1156 350/1164
f 350/1164 261/1156 412/1150
f 210/1162 350/1164 294/1163
f 350/1164 412/1150 578/1165
f 294/1163 350/1164 546/1166
f 546/1166 350/1164 578/1165
f 578/1165 412/1150 572/1167
f 572/1167 412/1150 596/1149
f 572/1167 596/1149 610/1168
f 572/1167 610/1168 578/1165
f 610/1168 596/1149 624/1142
f 610/1168 624/1142 648/1169
f 648/1169 624/1142 708/1144
f 578/1165 610/1168 612/1170
f 614/1171 546/1166 578/1165
f 614/1171 578/1165 612/1170
f 546/1166 614/1171 512/1172
f 546/1166 512/1172 294/1163
f 610/1168 648/1169 676/1173
f 610/1168 676/1173 612/1170
f 722/1174 648/1169 708/1144
f 648/1169 722/1174 676/1173
f 294/1163 512/1172 472/1175
f 294/1163 472/1175 255/1176
f 612/1170 676/1173 660/1177
f 612/1170 660/1177 614/1171
f 650/1178 512/1172 614/1171
f 650/1178 614/1171 660/1177
f 512/1172 650/1178 472/1175
f 660/1177 676/1173 720/1179
f 720/1179 676/1173 722/1174
f 650/1178 660/1177 699/1180
f 699/1180 660/1177 720/1179
f 472/1175 650/1178 689/1181
f 689/1181 650/1178 699/1180
f 482/1182 362/1183 472/1175
f 472/1175 689/1181 604/1184
f 472/1175 604/1184 482/1182
f 482/1182 604/1184 662/1185
f 482/1182 662/1185 548/1186
f 662/1185 604/1184 695/1187
f 695/1187 604/1184 689/1181
f 695/1187 689/1181 736/1188
f 736/1188 689/1181 699/1180
f 736/1188 699/1180 757/1189
f 757/1189 699/1180 720/1179
f 736/1188 757/1189 808/1190
f 736/1188 808/1190 791/1191
f 757/1189 720/1179 765/1192
f 765/1192 720/1179 722/1174
f 808/1190 757/1189 822/1193
f 822/1193 757/1189 765/1192
f 808/1190 822/1193 882/1194
f 765/1192 722/1174 755/1195
f 755/1195 722/1174 708/1144
f 822/1193 765/1192 812/1196
f 812/1196 765/1192 755/1195
f 882/1194 822/1193 874/1197
f 874/1197 822/1193 812/1196
f 882/1194 874/1197 946/1198
f 882/1194 946/1198 953/1199
f 755/1195 708/1144 746/1200
f 746/1200 708/1144 728/1141
f 812/1196 755/1195 783/1201
f 783/1201 755/1195 746/1200
f 746/1200 728/1141 781/1202
f 746/1200 781/1202 783/1201
f 781/1202 728/1141 763/1203
f 781/1202 763/1203 820/1204
f 781/1202 820/1204 847/1205
f 812/1196 783/1201 837/1206
f 837/1206 783/1201 781/1202
f 837/1206 781/1202 847/1205
f 812/1196 837/1206 874/1197
f 837/1206 847/1205 907/1207
f 837/1206 907/1207 874/1197
f 907/1207 847/1205 905/1208
f 874/1197 907/1207 946/1198
f 907/1207 905/1208 992/1209
f 907/1207 992/1209 946/1198
f 946/1198 992/1209 1066/1210
f 1066/1210 992/1209 1123/1211
f 695/1212 736/1213 791/1214
f 695/1212 791/1214 771/1215
f 695/1212 771/1215 662/1216
f 175/1217 125/1218 108/1219
f 108/1219 125/1218 72/1220
f 108/1219 72/1220 81/1221
f 72/1220 125/1218 98/1222
f 81/1221 72/1220 49/1223
f 72/1220 98/1222 51/1224
f 72/1220 51/1224 49/1223
f 51/1224 98/1222 83/1225
f 51/1224 83/1225 42/1226
f 42/1226 83/1225 92/1227
f 49/1223 51/1224 27/1228
f 27/1228 51/1224 42/1226
f 40/1229 68/1230 49/1223
f 40/1229 49/1223 27/1228
f 42/1226 92/1227 58/1231
f 58/1231 92/1227 103/1232
f 58/1231 103/1232 74/1233
f 58/1231 74/1233 52/1234
f 42/1226 58/1231 28/1235
f 42/1226 28/1235 27/1228
f 58/1231 52/1234 35/1236
f 58/1231 35/1236 28/1235
f 35/1236 52/1234 30/1237
f 12/1238 40/1229 27/1228
f 40/1229 12/1238 26/1239
f 26/1239 12/1238 9/1240
f 9/1240 12/1238 8/1241
f 8/1241 12/1238 27/1228
f 8/1241 27/1228 17/1242
f 17/1242 27/1228 28/1235
f 8/1241 17/1242 1506/1243
f 17/1242 28/1235 2/1244
f 2/1244 28/1235 35/1236
f 1506/1243 17/1242 1501/1245
f 1501/1245 17/1242 2/1244
f 1506/1243 1501/1245 1518/1246
f 1518/1246 1501/1245 1512/1247
f 1512/1247 1501/1245 2/1244
f 1518/1246 1512/1247 1526/1248
f 1526/1248 1512/1247 1519/1249
f 2/1244 35/1236 14/1250
f 14/1250 35/1236 30/1237
f 1512/1247 2/1244 1508/1251
f 1508/1251 2/1244 14/1250
f 1519/1249 1512/1247 1516/1252
f 1516/1252 1512/1247 1508/1251
f 1508/1251 14/1250 1504/1253
f 1508/1251 1504/1253 1516/1252
f 14/1250 30/1237 1502/1254
f 14/1250 1502/1254 1504/1253
f 1502/1254 30/1237 1505/1255
f 1519/1249 1516/1252 1522/1256
f 1516/1252 1504/1253 1514/1257
f 1516/1252 1514/1257 1522/1256
f 1504/1253 1502/1254 1515/1258
f 1504/1253 1515/1258 1514/1257
f 1502/1254 1505/1255 1520/1259
f 1502/1254 1520/1259 1515/1258
f 1520/1259 1505/1255 1532/1260
f 1520/1259 1532/1260 1553/1261
f 1520/1259 1553/1261 1542/1262
f 1520/1259 1542/1262 1515/1258
f 1542/1262 1553/1261 1578/1263
f 1528/1264 1514/1257 1515/1258
f 1528/1264 1515/1258 1542/1262
f 1542/1262 1578/1263 1563/1265
f 1542/1262 1563/1265 1528/1264
f 1563/1265 1578/1263 1595/1266
f 1563/1265 1595/1266 1582/1267
f 1563/1265 1582/1267 1545/1268
f 1563/1265 1545/1268 1528/1264
f 1545/1268 1582/1267 1562/1269
f 1523/1270 1514/1257 1528/1264
f 1523/1270 1528/1264 1545/1268
f 1514/1257 1523/1270 1522/1256
f 1545/1268 1562/1269 1535/1271
f 1545/1268 1535/1271 1523/1270
f 1535/1271 1562/1269 1547/1272
f 1547/1272 1562/1269 1571/1273
f 1523/1270 1535/1271 1530/1274
f 1523/1270 1530/1274 1522/1256
f 1535/1271 1547/1272 1536/1275
f 1535/1271 1536/1275 1530/1274
f 1540/1276 1547/1272 1555/1277
f 1547/1272 1540/1276 1536/1275
f 1522/1256 1530/1274 1534/1278
f 1534/1278 1530/1274 1536/1275
f 1536/1275 1540/1276 1546/1279
f 1546/1279 1540/1276 1552/1280
f 1546/1279 1552/1280 1559/1281
f 1536/1275 1546/1279 1539/1282
f 1539/1282 1546/1279 1559/1281
f 1536/1275 1539/1282 1534/1278
f 1539/1282 1559/1281 1551/1283
f 1539/1282 1551/1283 1534/1278
f 1534/1278 1551/1283 1544/1284
f 1527/1285 1522/1256 1534/1278
f 1527/1285 1534/1278 1544/1284
f 1522/1256 1527/1285 1519/1249
f 1527/1285 1544/1284 1537/1286
f 1527/1285 1537/1286 1519/1249
f 87/1287 123/1288 75/1289
f 87/1287 75/1289 53/1290
f 53/1290 75/1289 36/1291
f 53/1290 36/1291 23/1292
f 23/1292 36/1291 15/1293
f 23/1292 15/1293 3/1294
f 87/1287 53/1290 70/1295
f 53/1290 23/1292 56/1296
f 53/1290 56/1296 70/1295
f 87/1287 70/1295 110/1297
f 87/1287 110/1297 128/1298
f 70/1295 56/1296 116/1299
f 70/1295 116/1299 110/1297
f 56/1296 23/1292 38/1300
f 155/1301 173/1302 110/1297
f 155/1301 110/1297 116/1299
f 116/1299 56/1296 94/1303
f 94/1303 56/1296 38/1300
f 155/1301 116/1299 177/1304
f 155/1301 177/1304 236/1305
f 236/1305 177/1304 282/1306
f 177/1304 116/1299 136/1307
f 136/1307 116/1299 94/1303
f 282/1306 177/1304 246/1308
f 246/1308 177/1304 136/1307
f 136/1307 94/1303 79/1309
f 79/1309 94/1303 38/1300
f 246/1308 136/1307 216/1310
f 136/1307 79/1309 127/1311
f 136/1307 127/1311 216/1310
f 127/1311 79/1309 85/1312
f 79/1309 38/1300 44/1313
f 79/1309 44/1313 85/1312
f 44/1313 38/1300 21/1314
f 21/1314 38/1300 11/1315
f 11/1315 38/1300 23/1292
f 11/1315 23/1292 3/1294
f 11/1315 3/1294 6/1316
f 11/1315 6/1316 21/1314
f 6/1316 3/1294 4/1317
f 44/1313 21/1314 34/1318
f 34/1318 21/1314 6/1316
f 6/1316 4/1317 24/1319
f 6/1316 24/1319 34/1318
f 24/1319 4/1317 16/1320
f 24/1319 16/1320 45/1321
f 45/1321 16/1320 39/1322
f 24/1319 45/1321 62/1323
f 24/1319 62/1323 34/1318
f 62/1323 45/1321 96/1324
f 62/1323 96/1324 112/1325
f 34/1318 62/1323 77/1326
f 77/1326 62/1323 112/1325
f 60/1327 44/1313 34/1318
f 60/1327 34/1318 77/1326
f 44/1313 60/1327 85/1312
f 77/1326 112/1325 131/1328
f 131/1328 112/1325 167/1329
f 60/1327 77/1326 105/1330
f 60/1327 105/1330 85/1312
f 105/1330 77/1326 131/1328
f 131/1328 167/1329 232/1331
f 232/1331 167/1329 220/1332
f 105/1330 131/1328 200/1333
f 200/1333 131/1328 232/1331
f 85/1312 105/1330 158/1334
f 158/1334 105/1330 200/1333
f 85/1312 158/1334 138/1335
f 85/1312 138/1335 127/1311
f 232/1331 220/1332 290/1336
f 290/1336 220/1332 276/1337
f 290/1336 276/1337 370/1338
f 127/1311 138/1335 218/1339
f 290/1336 370/1338 386/1340
f 232/1331 290/1336 318/1341
f 318/1341 290/1336 386/1340
f 232/1331 318/1341 200/1333
f 386/1340 370/1338 474/1342
f 127/1311 218/1339 216/1310
f 200/1333 318/1341 316/1343
f 200/1333 316/1343 158/1334
f 318/1341 386/1340 402/1344
f 318/1341 402/1344 316/1343
f 402/1344 386/1340 508/1345
f 508/1345 386/1340 474/1342
f 230/1346 138/1335 158/1334
f 230/1346 158/1334 316/1343
f 138/1335 230/1346 218/1339
f 552/1347 474/1342 462/1348
f 474/1342 552/1347 558/1349
f 474/1342 558/1349 508/1345
f 558/1349 552/1347 524/1350
f 508/1345 558/1349 550/1351
f 508/1345 550/1351 402/1344
f 218/1339 230/1346 288/1352
f 288/1352 230/1346 316/1343
f 400/1353 316/1343 402/1344
f 400/1353 402/1344 550/1351
f 288/1352 316/1343 328/1354
f 316/1343 400/1353 384/1355
f 316/1343 384/1355 328/1354
f 384/1355 400/1353 522/1356
f 522/1356 400/1353 550/1351
f 328/1354 384/1355 358/1357
f 358/1357 384/1355 522/1356
f 288/1352 328/1354 314/1358
f 314/1358 328/1354 358/1357
f 288/1352 314/1358 286/1359
f 288/1352 286/1359 218/1339
f 314/1358 358/1357 312/1360
f 314/1358 312/1360 286/1359
f 358/1357 522/1356 346/1361
f 358/1357 346/1361 312/1360
f 218/1339 286/1359 334/1362
f 218/1339 334/1362 216/1310
f 286/1359 312/1360 336/1363
f 286/1359 336/1363 334/1362
f 312/1360 346/1361 366/1364
f 366/1364 346/1361 522/1356
f 336/1363 312/1360 356/1365
f 356/1365 312/1360 366/1364
f 336/1363 356/1365 436/1366
f 366/1364 522/1356 506/1367
f 356/1365 366/1364 488/1368
f 488/1368 366/1364 506/1367
f 356/1365 488/1368 436/1366
f 506/1367 522/1356 638/1369
f 506/1367 638/1369 488/1368
f 638/1369 522/1356 654/1370
f 488/1368 638/1369 632/1371
f 654/1370 522/1356 550/1351
f 488/1368 632/1371 486/1372
f 488/1368 486/1372 436/1366
f 486/1372 632/1371 504/1373
f 486/1372 504/1373 436/1366
f 654/1370 550/1351 668/1374
f 654/1370 668/1374 748/1375
f 668/1374 550/1351 683/1376
f 683/1376 550/1351 558/1349
f 683/1376 558/1349 606/1377
f 668/1374 683/1376 753/1378
f 753/1378 683/1376 777/1379
f 777/1379 683/1376 703/1380
f 502/1381 504/1373 630/1382
f 504/1373 502/1381 410/1383
f 504/1373 410/1383 380/1384
f 504/1373 380/1384 436/1366
f 410/1383 502/1381 398/1385
f 410/1383 398/1385 380/1384
f 398/1385 502/1381 516/1386
f 398/1385 516/1386 434/1387
f 398/1385 434/1387 352/1388
f 398/1385 352/1388 380/1384
f 352/1388 434/1387 364/1389
f 382/1390 436/1366 380/1384
f 436/1366 382/1390 336/1363
f 336/1363 382/1390 334/1362
f 382/1390 380/1384 354/1391
f 354/1391 380/1384 352/1388
f 334/1362 382/1390 326/1392
f 326/1392 382/1390 354/1391
f 326/1392 354/1391 352/1388
f 334/1362 326/1392 216/1310
f 326/1392 352/1388 324/1393
f 326/1392 324/1393 216/1310
f 324/1393 352/1388 364/1389
f 216/1310 324/1393 246/1308
f 324/1393 364/1389 344/1394
f 324/1393 344/1394 246/1308
f 344/1394 364/1389 396/1395
f 344/1394 396/1395 246/1308
f 96/1396 45/1397 89/1398
f 89/1398 45/1397 39/1399
f 89/1398 39/1399 86/1400
f 89/1398 86/1400 143/1401
f 96/1396 89/1398 120/1402
f 96/1396 120/1402 112/1403
f 89/1398 143/1401 152/1404
f 89/1398 152/1404 120/1402
f 112/1403 120/1402 142/1405
f 112/1403 142/1405 167/1406
f 142/1405 120/1402 171/1407
f 142/1405 171/1407 149/1408
f 149/1408 171/1407 179/1409
f 171/1407 120/1402 222/1410
f 171/1407 222/1410 179/1409
f 222/1410 120/1402 152/1404
f 179/1409 222/1410 224/1411
f 256/1412 152/1404 143/1401
f 152/1404 256/1412 222/1410
f 256/1412 143/1401 247/1413
f 256/1412 247/1413 413/1414
f 222/1410 256/1412 320/1415
f 222/1410 320/1415 224/1411
f 256/1412 413/1414 428/1416
f 256/1412 428/1416 320/1415
f 224/1411 320/1415 306/1417
f 224/1411 306/1417 234/1418
f 428/1416 413/1414 589/1419
f 589/1419 413/1414 588/1420
f 320/1415 428/1416 450/1421
f 450/1421 428/1416 589/1419
f 589/1419 588/1420 705/1422
f 320/1415 450/1421 438/1423
f 320/1415 438/1423 306/1417
f 306/1417 438/1423 415/1424
f 415/1424 438/1423 554/1425
f 438/1423 450/1421 568/1426
f 438/1423 568/1426 554/1425
f 450/1421 589/1419 583/1427
f 450/1421 583/1427 568/1426
f 554/1425 568/1426 634/1428
f 634/1428 568/1426 583/1427
f 554/1425 634/1428 616/1429
f 583/1427 589/1419 704/1430
f 704/1430 589/1419 705/1422
f 634/1428 583/1427 658/1431
f 616/1429 634/1428 674/1432
f 674/1432 634/1428 658/1431
f 616/1429 674/1432 646/1433
f 646/1433 674/1432 670/1434
f 674/1432 658/1431 693/1435
f 674/1432 693/1435 670/1434
f 658/1431 583/1427 697/1436
f 697/1436 583/1427 704/1430
f 658/1431 697/1436 693/1435
f 800/1437 704/1430 705/1422
f 800/1437 705/1422 806/1438
f 697/1436 704/1430 789/1439
f 789/1439 704/1430 800/1437
f 693/1435 697/1436 767/1440
f 767/1440 697/1436 789/1439
f 800/1437 806/1438 891/1441
f 891/1441 806/1438 902/1442
f 789/1439 800/1437 870/1443
f 870/1443 800/1437 891/1441
f 789/1439 870/1443 767/1440
f 870/1443 891/1441 943/1444
f 870/1443 943/1444 868/1445
f 870/1443 868/1445 767/1440
f 691/1446 693/1435 767/1440
f 693/1435 691/1446 670/1434
f 767/1440 868/1445 759/1447
f 767/1440 759/1447 691/1446
f 759/1447 868/1445 831/1448
f 831/1448 868/1445 963/1449
f 691/1446 759/1447 734/1450
f 734/1450 759/1447 831/1448
f 670/1434 691/1446 608/1451
f 608/1451 691/1446 734/1450
f 670/1434 608/1451 587/1452
f 587/1452 608/1451 492/1453
f 492/1453 608/1451 526/1454
f 526/1454 608/1451 656/1455
f 656/1455 608/1451 734/1450
f 526/1454 656/1455 524/1456
f 524/1456 656/1455 606/1457
f 524/1456 606/1457 558/1458
f 606/1457 656/1455 703/1459
f 606/1457 703/1459 683/1460
f 656/1455 734/1450 726/1461
f 656/1455 726/1461 703/1459
f 726/1461 734/1450 831/1448
f 703/1459 726/1461 777/1462
f 726/1461 831/1448 805/1463
f 726/1461 805/1463 777/1462
f 805/1463 831/1448 890/1464
f 777/1462 805/1463 860/1465
f 39/1466 90/1467 86/1468
f 86/1468 90/1467 143/1469
f 46/1470 95/1471 90/1467
f 90/1467 95/1471 119/1472
f 119/1472 95/1471 111/1473
f 119/1472 111/1473 141/1474
f 119/1472 141/1474 170/1475
f 119/1472 170/1475 221/1476
f 221/1476 170/1475 178/1477
f 90/1467 119/1472 153/1478
f 90/1467 153/1478 143/1469
f 153/1478 119/1472 221/1476
f 221/1476 178/1477 223/1479
f 143/1469 153/1478 257/1480
f 257/1480 153/1478 221/1476
f 143/1469 257/1480 247/1481
f 247/1481 257/1480 413/1482
f 221/1476 223/1479 319/1483
f 221/1476 319/1483 257/1480
f 319/1483 223/1479 305/1484
f 413/1482 257/1480 429/1485
f 429/1485 257/1480 319/1483
f 413/1482 429/1485 590/1486
f 413/1482 590/1486 588/1487
f 588/1487 590/1486 705/1488
f 705/1488 590/1486 706/1489
f 319/1483 305/1484 437/1490
f 437/1490 305/1484 414/1491
f 437/1490 414/1491 553/1492
f 429/1485 319/1483 449/1493
f 449/1493 319/1483 437/1490
f 429/1485 449/1493 590/1486
f 706/1489 590/1486 582/1494
f 582/1494 590/1486 449/1493
f 706/1489 582/1494 696/1495
f 449/1493 437/1490 567/1496
f 449/1493 567/1496 582/1494
f 567/1496 437/1490 553/1492
f 696/1495 582/1494 657/1497
f 696/1495 657/1497 692/1498
f 582/1494 567/1496 633/1499
f 633/1499 567/1496 553/1492
f 582/1494 633/1499 657/1497
f 633/1499 553/1492 615/1500
f 657/1497 633/1499 673/1501
f 673/1501 633/1499 615/1500
f 657/1497 673/1501 692/1498
f 673/1501 615/1500 645/1502
f 673/1501 645/1502 669/1503
f 673/1501 669/1503 692/1498
f 692/1498 669/1503 690/1504
f 690/1504 669/1503 607/1505
f 607/1505 669/1503 586/1506
f 142/1507 149/1508 169/1509
f 142/1507 169/1509 167/1510
f 167/1510 169/1509 220/1511
f 220/1511 169/1509 204/1512
f 204/1512 169/1509 206/1513
f 169/1509 149/1508 183/1514
f 169/1509 183/1514 206/1513
f 183/1514 149/1508 160/1515
f 160/1515 149/1508 179/1516
f 206/1513 183/1514 228/1517
f 206/1513 228/1517 278/1518
f 278/1518 228/1517 292/1519
f 160/1515 179/1516 190/1520
f 190/1520 179/1516 224/1521
f 183/1514 160/1515 198/1522
f 183/1514 198/1522 228/1517
f 292/1519 228/1517 249/1523
f 249/1523 228/1517 198/1522
f 292/1519 249/1523 308/1524
f 198/1522 160/1515 188/1525
f 188/1525 160/1515 190/1520
f 190/1520 224/1521 234/1526
f 198/1522 188/1525 226/1527
f 198/1522 226/1527 249/1523
f 188/1525 190/1520 202/1528
f 188/1525 202/1528 226/1527
f 249/1523 226/1527 259/1529
f 259/1529 226/1527 202/1528
f 249/1523 259/1529 308/1524
f 202/1528 190/1520 251/1530
f 251/1530 190/1520 234/1526
f 259/1529 202/1528 253/1531
f 253/1531 202/1528 251/1530
f 308/1524 259/1529 302/1532
f 308/1524 302/1532 348/1533
f 348/1533 302/1532 374/1534
f 302/1532 259/1529 304/1535
f 304/1535 259/1529 253/1531
f 374/1534 302/1532 360/1536
f 360/1536 302/1532 304/1535
f 374/1534 360/1536 392/1537
f 392/1537 360/1536 408/1538
f 408/1538 360/1536 376/1539
f 408/1538 376/1539 421/1540
f 360/1536 304/1535 330/1541
f 360/1536 330/1541 376/1539
f 280/1542 304/1535 253/1531
f 304/1535 280/1542 330/1541
f 280/1542 253/1531 251/1530
f 376/1539 330/1541 394/1543
f 376/1539 394/1543 421/1540
f 330/1541 280/1542 390/1544
f 330/1541 390/1544 394/1543
f 280/1542 251/1530 322/1545
f 280/1542 322/1545 390/1544
f 322/1545 251/1530 234/1526
f 421/1540 394/1543 454/1546
f 421/1540 454/1546 478/1547
f 478/1547 454/1546 538/1548
f 454/1546 394/1543 496/1549
f 454/1546 496/1549 538/1548
f 496/1549 394/1543 390/1544
f 538/1548 496/1549 562/1550
f 562/1550 496/1549 600/1551
f 496/1549 390/1544 406/1552
f 406/1552 390/1544 322/1545
f 600/1551 496/1549 534/1553
f 534/1553 496/1549 406/1552
f 600/1551 534/1553 554/1554
f 600/1551 554/1554 616/1555
f 554/1554 534/1553 415/1556
f 415/1556 534/1553 406/1552
f 406/1552 322/1545 300/1557
f 406/1552 300/1557 415/1556
f 300/1557 322/1545 234/1526
f 415/1556 300/1557 306/1558
f 306/1558 300/1557 234/1526
f 204/1559 206/1560 266/1561
f 266/1561 206/1560 278/1562
f 204/1559 266/1561 276/1563
f 204/1559 276/1563 220/1564
f 276/1563 266/1561 368/1565
f 276/1563 368/1565 370/1566
f 266/1561 278/1562 372/1567
f 266/1561 372/1567 368/1565
f 372/1567 278/1562 388/1568
f 370/1566 368/1565 462/1569
f 370/1566 462/1569 474/1570
f 368/1565 372/1567 464/1571
f 368/1565 464/1571 462/1569
f 388/1568 278/1562 292/1572
f 462/1569 464/1571 540/1573
f 462/1569 540/1573 552/1574
f 552/1574 540/1573 524/1575
f 464/1571 372/1567 458/1576
f 458/1576 372/1567 388/1568
f 540/1573 464/1571 528/1577
f 528/1577 464/1571 458/1576
f 524/1575 540/1573 490/1578
f 490/1578 540/1573 528/1577
f 524/1575 490/1578 526/1579
f 526/1579 490/1578 492/1580
f 490/1578 528/1577 510/1581
f 490/1578 510/1581 492/1580
f 528/1577 458/1576 518/1582
f 528/1577 518/1582 510/1581
f 492/1580 510/1581 494/1583
f 518/1582 458/1576 460/1584
f 460/1584 458/1576 388/1568
f 510/1581 518/1582 520/1585
f 520/1585 518/1582 460/1584
f 510/1581 520/1585 494/1583
f 492/1580 494/1583 587/1586
f 520/1585 460/1584 530/1587
f 520/1585 530/1587 494/1583
f 460/1584 388/1568 466/1588
f 460/1584 466/1588 530/1587
f 466/1588 388/1568 404/1589
f 404/1589 388/1568 292/1572
f 404/1589 292/1572 308/1590
f 466/1588 404/1589 476/1591
f 404/1589 308/1590 417/1592
f 404/1589 417/1592 476/1591
f 417/1592 308/1590 348/1593
f 417/1592 348/1593 440/1594
f 417/1592 440/1594 476/1591
f 440/1594 348/1593 374/1595
f 466/1588 476/1591 542/1596
f 466/1588 542/1596 530/1587
f 440/1594 374/1595 419/1597
f 419/1597 374/1595 392/1598
f 419/1597 392/1598 408/1599
f 440/1594 419/1597 452/1600
f 530/1587 542/1596 532/1601
f 419/1597 408/1599 442/1602
f 442/1602 408/1599 421/1603
f 442/1602 421/1603 478/1604
f 419/1597 442/1602 468/1605
f 468/1605 442/1602 478/1604
f 419/1597 468/1605 452/1600
f 530/1587 532/1601 494/1583
f 468/1605 478/1604 536/1606
f 452/1600 468/1605 498/1607
f 452/1600 498/1607 440/1594
f 498/1607 468/1605 536/1606
f 440/1594 498/1607 476/1591
f 536/1606 478/1604 538/1608
f 476/1591 498/1607 544/1609
f 544/1609 498/1607 536/1606
f 476/1591 544/1609 542/1596
f 542/1596 544/1609 532/1601
f 536/1606 538/1608 556/1610
f 544/1609 536/1606 560/1611
f 544/1609 560/1611 532/1601
f 560/1611 536/1606 556/1610
f 556/1610 538/1608 594/1612
f 556/1610 594/1612 560/1611
f 594/1612 538/1608 562/1613
f 532/1601 560/1611 592/1614
f 592/1614 560/1611 594/1612
f 532/1601 592/1614 566/1615
f 532/1601 566/1615 494/1583
f 494/1583 566/1615 587/1586
f 566/1615 592/1614 618/1616
f 618/1616 592/1614 594/1612
f 587/1586 566/1615 644/1617
f 644/1617 566/1615 618/1616
f 587/1586 644/1617 670/1618
f 670/1618 644/1617 646/1619
f 644/1617 618/1616 620/1620
f 620/1620 618/1616 594/1612
f 644/1617 620/1620 646/1619
f 620/1620 594/1612 562/1613
f 620/1620 562/1613 600/1621
f 620/1620 600/1621 646/1619
f 646/1619 600/1621 616/1622
f 1423/1623 1433/1037 1453/1624
f 1423/1623 1453/1624 1458/1625
f 1453/1624 1433/1037 1455/1060
f 1458/1625 1453/1624 1478/1626
f 1458/1625 1478/1626 1457/1627
f 1478/1626 1453/1624 1470/1628
f 1457/1627 1478/1626 1477/1629
f 1457/1627 1477/1629 1479/1630
f 1457/1627 1479/1630 1459/1631
f 1479/1630 1477/1629 1492/1632
f 1492/1632 1477/1629 1478/1626
f 1479/1630 1492/1632 1487/1633
f 1470/1628 1453/1624 1472/1634
f 1472/1634 1453/1624 1455/1060
f 1486/1635 1478/1626 1470/1628
f 1486/1635 1470/1628 1472/1634
f 1478/1626 1486/1635 1492/1632
f 1486/1635 1472/1634 1482/1636
f 1492/1632 1486/1635 1493/1637
f 1493/1637 1486/1635 1482/1636
f 1492/1632 1493/1637 1494/1638
f 1492/1632 1494/1638 1495/1639
f 1495/1639 1494/1638 1496/1640
f 1496/1640 1494/1638 1493/1637
f 1496/1640 1493/1637 1488/1641
f 1488/1641 1493/1637 1482/1636
f 1496/1640 1488/1641 1474/1642
f 1496/1640 1474/1642 1489/1643
f 1488/1641 1482/1636 1480/1644
f 1474/1642 1488/1641 1466/1645
f 1466/1645 1488/1641 1480/1644
f 1474/1642 1466/1645 1448/1069
f 1474/1642 1448/1069 1467/1646
f 1448/1069 1466/1645 1446/1068
f 1466/1645 1480/1644 1462/1647
f 1466/1645 1462/1647 1446/1068
f 1460/1648 1480/1644 1482/1636
f 1480/1644 1460/1648 1462/1647
f 1446/1068 1462/1647 1438/1649
f 1438/1649 1462/1647 1460/1648
f 1446/1068 1438/1649 1389/1058
f 1389/1058 1438/1649 1436/1650
f 1436/1650 1438/1649 1460/1648
f 1389/1058 1436/1650 1425/1056
f 1460/1648 1482/1636 1464/1651
f 1464/1651 1482/1636 1472/1634
f 1464/1651 1472/1634 1455/1060
f 1460/1648 1464/1651 1444/1652
f 1444/1652 1464/1651 1455/1060
f 1460/1648 1444/1652 1436/1650
f 1444/1652 1455/1060 1425/1056
f 1444/1652 1425/1056 1436/1650
f 806/1653 705/1654 801/1655
f 801/1655 705/1654 706/1656
f 806/1653 801/1655 892/1657
f 806/1653 892/1657 902/1658
f 801/1655 706/1656 788/1659
f 788/1659 706/1656 696/1660
f 892/1657 801/1655 869/1661
f 869/1661 801/1655 788/1659
f 892/1657 869/1661 942/1662
f 788/1659 696/1660 766/1663
f 788/1659 766/1663 869/1661
f 942/1662 869/1661 867/1664
f 867/1664 869/1661 766/1663
f 766/1663 696/1660 692/1665
f 766/1663 692/1665 690/1666
f 867/1664 766/1663 758/1667
f 758/1667 766/1663 690/1666
f 867/1664 758/1667 830/1668
f 867/1664 830/1668 962/1669
f 758/1667 690/1666 733/1670
f 758/1667 733/1670 830/1668
f 733/1670 690/1666 607/1671
f 733/1670 607/1671 655/1672
f 655/1672 607/1671 525/1673
f 655/1672 525/1673 523/1674
f 655/1672 523/1674 605/1675
f 605/1675 523/1674 557/1676
f 655/1672 605/1675 702/1677
f 733/1670 655/1672 725/1678
f 725/1678 655/1672 702/1677
f 733/1670 725/1678 830/1668
f 725/1678 702/1677 776/1679
f 725/1678 776/1679 804/1680
f 725/1678 804/1680 830/1668
f 830/1668 804/1680 889/1681
f 859/1682 776/1683 752/1684
f 525/1685 607/1686 491/1687
f 491/1687 607/1686 586/1688
f 491/1687 586/1688 493/1689
f 525/1685 491/1687 489/1690
f 525/1685 489/1690 523/1691
f 491/1687 493/1689 509/1692
f 491/1687 509/1692 489/1690
f 523/1691 489/1690 539/1693
f 523/1691 539/1693 551/1694
f 551/1694 539/1693 461/1695
f 539/1693 489/1690 527/1696
f 527/1696 489/1690 509/1692
f 461/1695 539/1693 463/1697
f 463/1697 539/1693 527/1696
f 461/1695 463/1697 367/1698
f 461/1695 367/1698 369/1699
f 367/1698 463/1697 371/1700
f 371/1700 463/1697 457/1701
f 457/1701 463/1697 527/1696
f 371/1700 457/1701 387/1702
f 517/1703 527/1696 509/1692
f 527/1696 517/1703 457/1701
f 517/1703 509/1692 519/1704
f 519/1704 509/1692 493/1689
f 457/1701 517/1703 459/1705
f 457/1701 459/1705 387/1702
f 459/1705 517/1703 519/1704
f 387/1702 459/1705 465/1706
f 519/1704 493/1689 529/1707
f 519/1704 529/1707 459/1705
f 459/1705 529/1707 465/1706
f 529/1707 493/1689 531/1708
f 465/1706 529/1707 541/1709
f 541/1709 529/1707 531/1708
f 541/1709 531/1708 543/1710
f 369/1711 367/1712 275/1713
f 275/1713 367/1712 265/1714
f 265/1714 367/1712 371/1715
f 265/1714 371/1715 277/1716
f 275/1713 265/1714 203/1717
f 265/1714 277/1716 205/1718
f 265/1714 205/1718 203/1717
f 203/1717 205/1718 168/1719
f 203/1717 168/1719 219/1720
f 168/1719 205/1718 182/1721
f 168/1719 182/1721 148/1722
f 168/1719 148/1722 141/1723
f 168/1719 141/1723 166/1724
f 277/1725 371/1726 387/1727
f 277/1725 387/1727 291/1728
f 277/1725 291/1728 227/1729
f 277/1725 227/1729 205/1730
f 205/1730 227/1729 182/1731
f 291/1728 387/1727 403/1732
f 403/1732 387/1727 465/1733
f 403/1732 465/1733 475/1734
f 475/1734 465/1733 541/1735
f 291/1728 403/1732 307/1736
f 248/1737 227/1729 291/1728
f 248/1737 291/1728 307/1736
f 197/1738 182/1731 227/1729
f 197/1738 227/1729 248/1737
f 182/1731 197/1738 159/1739
f 182/1731 159/1739 148/1740
f 141/1741 148/1740 170/1742
f 170/1742 148/1740 178/1743
f 178/1743 148/1740 159/1739
f 178/1743 159/1739 189/1744
f 178/1743 189/1744 223/1745
f 159/1739 197/1738 187/1746
f 159/1739 187/1746 189/1744
f 187/1746 197/1738 225/1747
f 225/1747 197/1738 248/1737
f 189/1744 187/1746 201/1748
f 201/1748 187/1746 225/1747
f 225/1747 248/1737 258/1749
f 225/1747 258/1749 201/1748
f 258/1749 248/1737 307/1736
f 233/1750 223/1745 189/1744
f 223/1745 233/1750 305/1751
f 189/1744 201/1748 250/1752
f 189/1744 250/1752 233/1750
f 201/1748 258/1749 252/1753
f 201/1748 252/1753 250/1752
f 305/1751 233/1750 299/1754
f 305/1751 299/1754 414/1755
f 233/1750 250/1752 321/1756
f 233/1750 321/1756 299/1754
f 250/1752 252/1753 279/1757
f 250/1752 279/1757 321/1756
f 303/1758 252/1753 258/1749
f 252/1753 303/1758 279/1757
f 414/1755 299/1754 405/1759
f 405/1759 299/1754 321/1756
f 414/1755 405/1759 533/1760
f 414/1755 533/1760 553/1761
f 405/1759 321/1756 389/1762
f 389/1762 321/1756 279/1757
f 533/1760 405/1759 495/1763
f 495/1763 405/1759 389/1762
f 553/1761 533/1760 599/1764
f 599/1764 533/1760 495/1763
f 553/1761 599/1764 615/1765
f 615/1765 599/1764 645/1766
f 389/1762 279/1757 329/1767
f 329/1767 279/1757 303/1758
f 389/1762 329/1767 393/1768
f 389/1762 393/1768 495/1763
f 329/1767 303/1758 359/1769
f 393/1768 329/1767 375/1770
f 375/1770 329/1767 359/1769
f 393/1768 375/1770 420/1771
f 495/1763 393/1768 453/1772
f 453/1772 393/1768 420/1771
f 420/1771 375/1770 407/1773
f 407/1773 375/1770 359/1769
f 453/1772 420/1771 477/1774
f 407/1773 359/1769 391/1775
f 495/1763 453/1772 537/1776
f 537/1776 453/1772 477/1774
f 477/1774 420/1771 441/1777
f 441/1777 420/1771 407/1773
f 407/1773 391/1775 418/1778
f 407/1773 418/1778 441/1777
f 391/1775 359/1769 373/1779
f 391/1775 373/1779 418/1778
f 373/1779 359/1769 301/1780
f 301/1780 359/1769 303/1758
f 301/1780 303/1758 258/1749
f 301/1780 258/1749 307/1736
f 373/1779 301/1780 347/1781
f 347/1781 301/1780 307/1736
f 418/1778 373/1779 439/1782
f 439/1782 373/1779 347/1781
f 347/1781 307/1736 416/1783
f 347/1781 416/1783 439/1782
f 416/1783 307/1736 403/1732
f 416/1783 403/1732 475/1734
f 416/1783 475/1734 439/1782
f 418/1778 439/1782 451/1784
f 439/1782 475/1734 497/1785
f 439/1782 497/1785 451/1784
f 418/1778 451/1784 467/1786
f 467/1786 451/1784 497/1785
f 418/1778 467/1786 441/1777
f 441/1777 467/1786 477/1774
f 477/1774 467/1786 535/1787
f 535/1787 467/1786 497/1785
f 543/1788 497/1785 475/1734
f 543/1788 475/1734 541/1735
f 497/1785 543/1788 535/1787
f 477/1774 535/1787 537/1776
f 537/1776 535/1787 555/1789
f 535/1787 543/1788 559/1790
f 535/1787 559/1790 555/1789
f 559/1790 543/1788 531/1791
f 537/1776 555/1789 593/1792
f 593/1792 555/1789 559/1790
f 559/1790 531/1791 591/1793
f 559/1790 591/1793 593/1792
f 591/1793 531/1791 565/1794
f 565/1794 531/1791 493/1795
f 565/1794 493/1795 586/1796
f 591/1793 565/1794 617/1797
f 591/1793 617/1797 593/1792
f 565/1794 586/1796 643/1798
f 565/1794 643/1798 617/1797
f 643/1798 586/1796 669/1799
f 643/1798 669/1799 645/1766
f 617/1797 643/1798 619/1800
f 619/1800 643/1798 645/1766
f 617/1797 619/1800 593/1792
f 619/1800 645/1766 599/1764
f 593/1792 619/1800 561/1801
f 561/1801 619/1800 599/1764
f 593/1792 561/1801 537/1776
f 561/1801 599/1764 495/1763
f 561/1801 495/1763 537/1776
f 1367/1802 1305/1803 1330/1804
f 1367/1802 1330/1804 1380/1805
f 1380/1805 1330/1804 1343/1806
f 1367/1802 1380/1805 1386/1807
f 1380/1805 1343/1806 1370/1808
f 1380/1805 1370/1808 1386/1807
f 1367/1802 1386/1807 1364/1809
f 1370/1808 1343/1806 1327/1810
f 1367/1802 1364/1809 1319/1811
f 1367/1802 1319/1811 1305/1803
f 1364/1809 1386/1807 1357/1812
f 1386/1807 1370/1808 1360/1813
f 1386/1807 1360/1813 1357/1812
f 1370/1808 1327/1810 1313/1814
f 1370/1808 1313/1814 1360/1813
f 1305/1803 1319/1811 1247/1815
f 1305/1803 1247/1815 1225/1816
f 1305/1803 1225/1816 1268/1817
f 1305/1803 1268/1817 1330/1804
f 1268/1817 1225/1816 1146/1818
f 1330/1804 1268/1817 1270/1819
f 1330/1804 1270/1819 1343/1806
f 1268/1817 1146/1818 1148/1820
f 1268/1817 1148/1820 1270/1819
f 1148/1820 1146/1818 1026/1821
f 1026/1821 1146/1818 1098/1822
f 1148/1820 1026/1821 1016/1823
f 1148/1820 1016/1823 1130/1824
f 1148/1820 1130/1824 1270/1819
f 1130/1824 1016/1823 1032/1825
f 1257/1826 1343/1806 1270/1819
f 1257/1826 1270/1819 1130/1824
f 1343/1806 1257/1826 1327/1810
f 1130/1824 1032/1825 1101/1827
f 1130/1824 1101/1827 1257/1826
f 1101/1827 1032/1825 957/1828
f 1327/1810 1257/1826 1242/1829
f 1242/1829 1257/1826 1101/1827
f 1327/1810 1242/1829 1313/1814
f 1101/1827 957/1828 1060/1830
f 1101/1827 1060/1830 1242/1829
f 1060/1830 957/1828 901/1831
f 1313/1814 1242/1829 1201/1832
f 1201/1832 1242/1829 1060/1830
f 1060/1830 901/1831 973/1833
f 1060/1830 973/1833 1201/1832
f 973/1833 901/1831 854/1834
f 1313/1814 1201/1832 1296/1835
f 1313/1814 1296/1835 1360/1813
f 973/1833 854/1834 929/1836
f 929/1836 854/1834 833/1837
f 1201/1832 973/1833 1069/1838
f 1069/1838 973/1833 929/1836
f 1296/1835 1201/1832 1197/1839
f 1197/1839 1201/1832 1069/1838
f 1360/1813 1296/1835 1284/1840
f 1284/1840 1296/1835 1197/1839
f 1360/1813 1284/1840 1329/1841
f 1360/1813 1329/1841 1357/1812
f 1284/1840 1197/1839 1214/1842
f 1284/1840 1214/1842 1329/1841
f 1197/1839 1069/1838 981/1843
f 981/1843 1069/1838 929/1836
f 1214/1842 1197/1839 1068/1844
f 1068/1844 1197/1839 981/1843
f 1214/1842 1068/1844 1094/1845
f 1094/1845 1068/1844 969/1846
f 969/1846 1068/1844 994/1847
f 994/1847 1068/1844 981/1843
f 969/1846 994/1847 939/1848
f 969/1846 939/1848 862/1849
f 994/1847 981/1843 1233/1850
f 1233/1850 981/1843 1224/1851
f 1224/1851 981/1843 1180/1852
f 1180/1852 981/1843 929/1836
f 1180/1852 929/1836 899/1853
f 899/1853 929/1836 833/1837
f 899/1853 833/1837 785/1854
f 1180/1852 899/1853 1100/1855
f 1180/1852 1100/1855 1288/1856
f 899/1853 785/1854 856/1857
f 899/1853 856/1857 1100/1855
f 856/1857 785/1854 740/1858
f 1100/1855 856/1857 1031/1859
f 856/1857 740/1858 835/1860
f 856/1857 835/1860 1031/1859
f 835/1860 740/1858 714/1861
f 1031/1859 835/1860 983/1862
f 983/1862 835/1860 803/1863
f 1322/1864 1319/1811 1364/1809
f 1322/1864 1364/1809 1357/1812
f 1319/1811 1322/1864 1262/1865
f 1319/1811 1262/1865 1247/1815
f 1247/1815 1262/1865 1124/1866
f 1124/1866 1262/1865 1189/1867
f 1262/1865 1322/1864 1280/1868
f 1262/1865 1280/1868 1189/1867
f 1322/1864 1357/1812 1302/1869
f 1322/1864 1302/1869 1280/1868
f 1302/1869 1357/1812 1282/1870
f 1282/1870 1357/1812 1329/1841
f 1282/1870 1329/1841 1214/1842
f 1302/1869 1282/1870 1246/1871
f 1302/1869 1246/1871 1280/1868
f 1282/1870 1214/1842 1208/1872
f 1282/1870 1208/1872 1246/1871
f 1208/1872 1214/1842 1094/1845
f 1208/1872 1094/1845 1066/1873
f 1208/1872 1066/1873 1123/1874
f 1208/1872 1123/1874 1246/1871
f 1246/1871 1123/1874 1088/1875
f 1220/1876 1280/1868 1246/1871
f 1220/1876 1246/1871 1088/1875
f 1280/1868 1220/1876 1189/1867
f 1220/1876 1088/1875 1008/1877
f 1189/1867 1220/1876 1073/1878
f 1073/1878 1220/1876 1008/1877
f 1098/1879 1146/1880 1225/1881
f 1098/1879 1225/1881 1097/1882
f 1097/1882 1225/1881 1247/1883
f 1097/1882 1247/1883 1124/1884
f 1097/1882 1124/1884 995/1885
f 1097/1882 995/1885 999/1886
f 1097/1882 999/1886 1098/1879
f 1098/1879 999/1886 1026/1887
f 548/1888 662/1889 710/1890
f 548/1888 710/1890 678/1891
f 710/1890 662/1889 742/1892
f 742/1892 662/1889 771/1893
f 678/1891 710/1890 816/1894
f 710/1890 742/1892 839/1895
f 710/1890 839/1895 816/1894
f 678/1891 816/1894 797/1896
f 839/1895 742/1892 878/1897
f 878/1897 742/1892 771/1893
f 816/1894 839/1895 1058/1898
f 1058/1898 839/1895 878/1897
f 816/1894 1058/1898 1015/1899
f 816/1894 1015/1899 797/1896
f 797/1896 1015/1899 979/1900
f 797/1896 979/1900 971/1901
f 797/1896 971/1901 779/1902
f 779/1902 971/1901 949/1903
f 1058/1898 878/1897 1107/1904
f 1107/1904 878/1897 915/1905
f 915/1905 878/1897 771/1893
f 1107/1904 915/1905 1177/1906
f 915/1905 771/1893 791/1907
f 1177/1906 915/1905 937/1908
f 1177/1906 937/1908 1212/1909
f 1212/1909 937/1908 939/1910
f 939/1910 937/1908 862/1911
f 862/1911 937/1908 915/1905
f 862/1911 915/1905 791/1907
f 862/1911 791/1907 876/1912
f 876/1912 791/1907 808/1913
f 876/1912 808/1913 882/1914
f 862/1911 876/1912 969/1915
f 876/1912 882/1914 953/1916
f 876/1912 953/1916 969/1915
f 969/1915 953/1916 1094/1917
f 1094/1917 953/1916 1066/1918
f 1066/1918 953/1916 946/1919
f 1015/1920 1058/1921 1076/1922
f 1096/1923 979/1924 1015/1920
f 1096/1923 1015/1920 1076/1922
f 1076/1922 1058/1921 1145/1925
f 1145/1925 1058/1921 1175/1926
f 1175/1926 1058/1921 1107/1927
f 1076/1922 1145/1925 1210/1928
f 1096/1923 1076/1922 1164/1929
f 1164/1929 1076/1922 1210/1928
f 1096/1923 1164/1929 1264/1930
f 1096/1923 1264/1930 1239/1931
f 1164/1929 1210/1928 1294/1932
f 1164/1929 1294/1932 1264/1930
f 1210/1928 1145/1925 1222/1933
f 1222/1933 1145/1925 1175/1926
f 1239/1931 1264/1930 1394/1934
f 1239/1931 1394/1934 1378/1935
f 1378/1935 1394/1934 1452/1936
f 1394/1934 1264/1930 1407/1937
f 1394/1934 1407/1937 1452/1936
f 1407/1937 1264/1930 1294/1932
f 1210/1928 1222/1933 1278/1938
f 1210/1928 1278/1938 1294/1932
f 1294/1932 1278/1938 1316/1939
f 1407/1937 1294/1932 1356/1940
f 1356/1940 1294/1932 1316/1939
f 1316/1939 1278/1938 1348/1941
f 1316/1939 1348/1941 1356/1940
f 1278/1938 1222/1933 1286/1942
f 1278/1938 1286/1942 1348/1941
f 1407/1937 1356/1940 1420/1943
f 1407/1937 1420/1943 1452/1936
f 1420/1943 1356/1940 1430/1944
f 1420/1943 1430/1944 1452/1936
f 1430/1944 1356/1940 1401/1945
f 1401/1945 1356/1940 1348/1941
f 1236/1946 1286/1942 1222/1933
f 1236/1946 1222/1933 1175/1926
f 1298/1947 1348/1941 1286/1942
f 1298/1947 1286/1942 1236/1946
f 1401/1945 1348/1941 1372/1948
f 1372/1948 1348/1941 1298/1947
f 1418/1949 1430/1944 1401/1945
f 1418/1949 1401/1945 1372/1948
f 1430/1944 1418/1949 1450/1950
f 1430/1944 1450/1950 1452/1936
f 1418/1949 1372/1948 1392/1951
f 1372/1948 1298/1947 1321/1952
f 1372/1948 1321/1952 1392/1951
f 1321/1952 1298/1947 1261/1953
f 1261/1953 1298/1947 1236/1946
f 1392/1951 1321/1952 1354/1954
f 1354/1954 1321/1952 1261/1953
f 1418/1949 1392/1951 1428/1955
f 1418/1949 1428/1955 1450/1950
f 1392/1951 1354/1954 1405/1956
f 1392/1951 1405/1956 1428/1955
f 1261/1953 1236/1946 1196/1957
f 1196/1957 1236/1946 1175/1926
f 1196/1957 1175/1926 1107/1927
f 1261/1953 1196/1957 1300/1958
f 1261/1953 1300/1958 1354/1954
f 1196/1957 1107/1927 1249/1959
f 1196/1957 1249/1959 1300/1958
f 1249/1959 1107/1927 1177/1960
f 1354/1954 1300/1958 1384/1961
f 1354/1954 1384/1961 1405/1956
f 1300/1958 1249/1959 1339/1962
f 1300/1958 1339/1962 1384/1961
f 1249/1959 1177/1960 1231/1963
f 1249/1959 1231/1963 1339/1962
f 1231/1963 1177/1960 1212/1964
f 1339/1962 1231/1963 1318/1965
f 1318/1965 1231/1963 1304/1966
f 1318/1965 1304/1966 1410/1967
f 1339/1962 1318/1965 1416/1968
f 1416/1968 1318/1965 1410/1967
f 1339/1962 1416/1968 1384/1961
f 1416/1968 1410/1967 1485/1969
f 1384/1961 1416/1968 1414/1970
f 1384/1961 1414/1970 1405/1956
f 1405/1956 1414/1970 1441/1971
f 1405/1956 1441/1971 1428/1955
f 1414/1970 1416/1968 1432/1972
f 1414/1970 1432/1972 1441/1971
f 1416/1968 1485/1969 1500/1973
f 1416/1968 1500/1973 1432/1972
f 1500/1973 1485/1969 1452/1936
f 1452/1936 1485/1969 1469/1974
f 1432/1972 1500/1973 1498/1975
f 1432/1972 1498/1975 1441/1971
f 1498/1975 1500/1973 1452/1936
f 1441/1971 1498/1975 1491/1976
f 1491/1976 1498/1975 1452/1936
f 1441/1971 1491/1976 1476/1977
f 1476/1977 1491/1976 1452/1936
f 1441/1971 1476/1977 1428/1955
f 1476/1977 1452/1936 1450/1950
f 1476/1977 1450/1950 1428/1955
f 971/1978 979/1979 998/1980
f 971/1978 998/1980 949/1981
f 998/1980 979/1979 1042/1982
f 1042/1982 979/1979 1096/1983
f 1042/1982 1096/1983 1239/1984
f 998/1980 1042/1982 1199/1985
f 1199/1985 1042/1982 1239/1984
f 949/1981 998/1980 1192/1986
f 1192/1986 998/1980 1199/1985
f 949/1981 1192/1986 1194/1987
f 949/1981 1194/1987 955/1988
f 803/1989 955/1988 983/1990
f 983/1990 955/1988 1194/1987
f 1199/1985 1239/1984 1362/1991
f 1362/1991 1239/1984 1378/1992
f 1192/1986 1199/1985 1346/1993
f 1346/1993 1199/1985 1362/1991
f 1362/1991 1378/1992 1412/1994
f 1362/1991 1412/1994 1346/1993
f 1412/1994 1378/1992 1452/1995
f 1192/1986 1346/1993 1333/1996
f 1192/1986 1333/1996 1194/1987
f 1333/1996 1346/1993 1412/1994
f 1194/1987 1333/1996 1335/1997
f 1335/1997 1333/1996 1412/1994
f 1216/1998 983/1990 1194/1987
f 1216/1998 1194/1987 1335/1997
f 983/1990 1216/1998 1031/1999
f 1216/1998 1335/1997 1350/2000
f 1350/2000 1335/1997 1412/1994
f 1031/1999 1216/1998 1251/2001
f 1251/2001 1216/1998 1350/2000
f 1031/1999 1251/2001 1100/2002
f 1100/2002 1251/2001 1288/2003
f 1251/2001 1350/2000 1382/2004
f 1251/2001 1382/2004 1288/2003
f 1382/2004 1350/2000 1412/1994
f 1288/2003 1382/2004 1403/2005
f 1403/2005 1382/2004 1412/1994
f 1288/2003 1403/2005 1325/2006
f 1288/2003 1325/2006 1180/2007
f 1180/2007 1325/2006 1224/2008
f 1325/2006 1403/2005 1422/2009
f 1422/2009 1403/2005 1412/1994
f 1224/2008 1325/2006 1366/2010
f 1366/2010 1325/2006 1422/2009
f 1224/2008 1366/2010 1266/2011
f 1224/2008 1266/2011 1233/2012
f 1366/2010 1422/2009 1443/2013
f 1443/2013 1422/2009 1412/1994
f 1266/2011 1366/2010 1399/2014
f 1399/2014 1366/2010 1443/2013
f 1233/2012 1266/2011 1304/2015
f 1304/2015 1266/2011 1399/2014
f 1233/2012 1304/2015 1212/2016
f 1233/2012 1212/2016 994/2017
f 994/2017 1212/2016 939/2018
f 1212/2016 1304/2015 1231/2019
f 1304/2015 1399/2014 1410/2020
f 1399/2014 1443/2013 1469/2021
f 1399/2014 1469/2021 1410/2020
f 1469/2021 1443/2013 1412/1994
f 1410/2020 1469/2021 1485/2022
f 1469/2021 1412/1994 1452/1995
f 1582/2023 1595/2024 1609/2025
f 1609/2025 1595/2024 1624/2026
f 1624/2026 1595/2024 1607/2027
f 1582/2023 1609/2025 1591/2028
f 1582/2023 1591/2028 1562/2029
f 1562/2029 1591/2028 1571/2030
f 1624/2026 1607/2027 1636/2031
f 1636/2031 1607/2027 1618/2032
f 1609/2025 1624/2026 1635/2033
f 1624/2026 1636/2031 1651/2034
f 1624/2026 1651/2034 1635/2033
f 1636/2031 1618/2032 1643/2035
f 1643/2035 1618/2032 1622/2036
f 1651/2034 1636/2031 1658/2037
f 1658/2037 1636/2031 1643/2035
f 1609/2025 1635/2033 1620/2038
f 1609/2025 1620/2038 1591/2028
f 1643/2035 1622/2036 1638/2039
f 1638/2039 1622/2036 1619/2040
f 1638/2039 1619/2040 1608/2041
f 1643/2035 1638/2039 1655/2042
f 1643/2035 1655/2042 1658/2037
f 1638/2039 1608/2041 1623/2043
f 1623/2043 1608/2041 1593/2044
f 1655/2042 1638/2039 1634/2045
f 1634/2045 1638/2039 1623/2043
f 1623/2043 1593/2044 1606/2046
f 1623/2043 1606/2046 1634/2045
f 1606/2046 1593/2044 1573/2047
f 1606/2046 1573/2047 1585/2048
f 1606/2046 1585/2048 1615/2049
f 1606/2046 1615/2049 1634/2045
f 1615/2049 1585/2048 1592/2050
f 1615/2049 1592/2050 1605/2051
f 1615/2049 1605/2051 1625/2052
f 1615/2049 1625/2052 1634/2045
f 1625/2052 1605/2051 1614/2053
f 1634/2045 1625/2052 1650/2054
f 1634/2045 1650/2054 1655/2042
f 1625/2052 1614/2053 1637/2055
f 1625/2052 1637/2055 1650/2054
f 1637/2055 1614/2053 1628/2056
f 1650/2054 1637/2055 1661/2057
f 1661/2057 1637/2055 1649/2058
f 1655/2042 1650/2054 1668/2059
f 1668/2059 1650/2054 1661/2057
f 1655/2042 1668/2059 1658/2037
f 1668/2059 1661/2057 1680/2060
f 1680/2060 1661/2057 1672/2061
f 1680/2060 1672/2061 1693/2062
f 1658/2037 1668/2059 1674/2063
f 1674/2063 1668/2059 1680/2060
f 1658/2037 1674/2063 1651/2034
f 1680/2060 1693/2062 1686/2064
f 1680/2060 1686/2064 1674/2063
f 1686/2064 1693/2062 1697/2065
f 1651/2034 1674/2063 1665/2066
f 1665/2066 1674/2063 1686/2064
f 1651/2034 1665/2066 1635/2033
f 1686/2064 1697/2065 1678/2067
f 1686/2064 1678/2067 1665/2066
f 1678/2067 1697/2065 1690/2068
f 1690/2068 1697/2065 1708/2069
f 1635/2033 1665/2066 1648/2070
f 1648/2070 1665/2066 1678/2067
f 1635/2033 1648/2070 1620/2038
f 1678/2067 1690/2068 1660/2071
f 1678/2067 1660/2071 1648/2070
f 1660/2071 1690/2068 1671/2072
f 1671/2072 1690/2068 1701/2073
f 1648/2070 1660/2071 1630/2074
f 1648/2070 1630/2074 1620/2038
f 1660/2071 1671/2072 1642/2075
f 1660/2071 1642/2075 1630/2074
f 1620/2038 1630/2074 1602/2076
f 1620/2038 1602/2076 1591/2028
f 1591/2028 1602/2076 1571/2030
f 1602/2076 1630/2074 1610/2077
f 1610/2077 1630/2074 1642/2075
f 1571/2030 1602/2076 1581/2078
f 1581/2078 1602/2076 1610/2077
f 1571/2030 1581/2078 1555/2079
f 1571/2030 1555/2079 1547/2080
f 1581/2078 1610/2077 1590/2081
f 1555/2079 1581/2078 1565/2082
f 1565/2082 1581/2078 1590/2081
f 1555/2079 1565/2082 1549/2083
f 1555/2079 1549/2083 1540/2084
f 1540/2084 1549/2083 1552/2085
f 1549/2083 1565/2082 1561/2086
f 1549/2083 1561/2086 1552/2085
f 1565/2082 1590/2081 1576/2087
f 1565/2082 1576/2087 1561/2086
f 1621/2088 1590/2081 1610/2077
f 1621/2088 1610/2077 1642/2075
f 1590/2081 1621/2088 1599/2089
f 1590/2081 1599/2089 1576/2087
f 1621/2088 1642/2075 1653/2090
f 1653/2090 1642/2075 1671/2072
f 1653/2090 1671/2072 1682/2091
f 1621/2088 1653/2090 1632/2092
f 1621/2088 1632/2092 1599/2089
f 1632/2092 1653/2090 1664/2093
f 1599/2089 1632/2092 1612/2094
f 1612/2094 1632/2092 1644/2095
f 1599/2089 1612/2094 1587/2096
f 1599/2089 1587/2096 1576/2087
f 1587/2096 1612/2094 1601/2097
f 1601/2097 1612/2094 1626/2098
f 1587/2096 1601/2097 1597/2099
f 1587/2096 1597/2099 1584/2100
f 1587/2096 1584/2100 1576/2087
f 1584/2100 1597/2099 1604/2101
f 1576/2087 1584/2100 1570/2102
f 1576/2087 1570/2102 1561/2086
f 1584/2100 1604/2101 1589/2103
f 1561/2086 1570/2102 1564/2104
f 1589/2103 1604/2101 1611/2105
f 1570/2102 1584/2100 1575/2106
f 1575/2106 1584/2100 1589/2103
f 1570/2102 1575/2106 1564/2104
f 1561/2086 1564/2104 1552/2085
f 1575/2106 1589/2103 1586/2107
f 1575/2106 1586/2107 1564/2104
f 1589/2103 1611/2105 1598/2108
f 1589/2103 1598/2108 1586/2107
f 1598/2108 1611/2105 1614/2109
f 1598/2108 1614/2109 1605/2110
f 1598/2108 1605/2110 1586/2107
f 1586/2107 1605/2110 1592/2111
f 1564/2104 1586/2107 1574/2112
f 1574/2112 1586/2107 1592/2111
f 1564/2104 1574/2112 1567/2113
f 1567/2113 1574/2112 1592/2111
f 1564/2104 1567/2113 1552/2085
f 1567/2113 1592/2111 1585/2114
f 1552/2085 1567/2113 1559/2115
f 1559/2115 1567/2113 1585/2114
f 1559/2115 1585/2114 1573/2116
f 1653/2117 1682/2118 1664/2119
f 1644/2120 1632/2121 1664/2119
f 1644/2120 1664/2119 1677/2122
f 1644/2120 1677/2122 1657/2123
f 1664/2119 1682/2118 1695/2124
f 1664/2119 1695/2124 1677/2122
f 1671/2125 1701/2126 1682/2118
f 1657/2123 1677/2122 1689/2127
f 1657/2123 1689/2127 1673/2128
f 1677/2122 1695/2124 1703/2129
f 1677/2122 1703/2129 1689/2127
f 1695/2124 1682/2118 1711/2130
f 1711/2130 1682/2118 1701/2126
f 1695/2124 1711/2130 1703/2129
f 1673/2128 1689/2127 1702/2131
f 1702/2131 1689/2127 1703/2129
f 1673/2128 1702/2131 1691/2132
f 1673/2128 1691/2132 1656/2133
f 1656/2133 1691/2132 1676/2134
f 1691/2132 1702/2131 1718/2135
f 1691/2132 1718/2135 1707/2136
f 1702/2131 1703/2129 1713/2137
f 1702/2131 1713/2137 1718/2135
f 1707/2136 1718/2135 1733/2138
f 1707/2136 1733/2138 1731/2139
f 1718/2135 1713/2137 1724/2140
f 1718/2135 1724/2140 1733/2138
f 1713/2137 1703/2129 1716/2141
f 1716/2141 1703/2129 1711/2130
f 1724/2140 1713/2137 1722/2142
f 1722/2142 1713/2137 1716/2141
f 1731/2139 1733/2138 1752/2143
f 1731/2139 1752/2143 1750/2144
f 1750/2144 1752/2143 1759/2145
f 1752/2143 1733/2138 1740/2146
f 1740/2146 1733/2138 1724/2140
f 1759/2145 1752/2143 1757/2147
f 1757/2147 1752/2143 1740/2146
f 1760/2148 1754/2149 1759/2145
f 1740/2146 1724/2140 1728/2150
f 1728/2150 1724/2140 1722/2142
f 1757/2147 1740/2146 1744/2151
f 1744/2151 1740/2146 1728/2150
f 1759/2145 1757/2147 1762/2152
f 1759/2145 1762/2152 1760/2148
f 1757/2147 1744/2151 1758/2153
f 1757/2147 1758/2153 1762/2152
f 1760/2148 1762/2152 1761/2154
f 1761/2154 1762/2152 1758/2153
f 1760/2148 1761/2154 1755/2155
f 1755/2155 1761/2154 1751/2156
f 1751/2156 1761/2154 1756/2157
f 1756/2157 1761/2154 1758/2153
f 1751/2156 1756/2157 1736/2158
f 1756/2157 1758/2153 1743/2159
f 1756/2157 1743/2159 1736/2158
f 1743/2159 1758/2153 1744/2151
f 1736/2158 1743/2159 1732/2160
f 1732/2160 1743/2159 1744/2151
f 1736/2158 1732/2160 1723/2161
f 1732/2160 1744/2151 1728/2150
f 1723/2161 1732/2160 1715/2162
f 1732/2160 1728/2150 1725/2163
f 1732/2160 1725/2163 1715/2162
f 1725/2163 1728/2150 1722/2142
f 1715/2162 1725/2163 1710/2164
f 1725/2163 1722/2142 1720/2165
f 1725/2163 1720/2165 1710/2164
f 1720/2165 1722/2142 1716/2141
f 1710/2164 1720/2165 1704/2166
f 1710/2164 1704/2166 1688/2167
f 1720/2165 1716/2141 1717/2168
f 1720/2165 1717/2168 1704/2166
f 1717/2168 1716/2141 1711/2130
f 1688/2167 1704/2166 1681/2169
f 1717/2168 1711/2130 1708/2170
f 1708/2170 1711/2130 1701/2126
f 1708/2170 1701/2126 1690/2171
f 1717/2168 1708/2170 1700/2172
f 1717/2168 1700/2172 1704/2166
f 1704/2166 1700/2172 1681/2169
f 1700/2172 1708/2170 1697/2173
f 1700/2172 1697/2173 1693/2174
f 1700/2172 1693/2174 1681/2169
f 1681/2169 1693/2174 1672/2175
f 1681/2176 1672/2177 1659/2178
f 1681/2176 1659/2178 1688/2179
f 1659/2178 1672/2177 1649/2180
f 1649/2180 1672/2177 1661/2181
f 1688/2179 1659/2178 1670/2182
f 1659/2178 1649/2180 1639/2183
f 1659/2178 1639/2183 1670/2182
f 1639/2183 1649/2180 1628/2184
f 1628/2184 1649/2180 1637/2185
f 1670/2182 1639/2183 1652/2186
f 1688/2179 1670/2182 1694/2187
f 1688/2179 1694/2187 1710/2188
f 1710/2188 1694/2187 1715/2189
f 1694/2187 1670/2182 1679/2190
f 1679/2190 1670/2182 1652/2186
f 1715/2189 1694/2187 1699/2191
f 1699/2191 1694/2187 1679/2190
f 1715/2189 1699/2191 1723/2192
f 1627/2193 1652/2186 1639/2183
f 1627/2193 1639/2183 1628/2184
f 1614/2194 1611/2195 1628/2184
f 1628/2184 1611/2195 1627/2193
f 1627/2193 1611/2195 1604/2196
f 1627/2193 1604/2196 1617/2197
f 1617/2197 1604/2196 1597/2198
f 1640/2199 1652/2186 1627/2193
f 1617/2197 1597/2198 1613/2200
f 1613/2200 1597/2198 1601/2201
f 1627/2193 1617/2197 1633/2202
f 1627/2193 1633/2202 1640/2199
f 1617/2197 1613/2200 1629/2203
f 1617/2197 1629/2203 1633/2202
f 1613/2200 1601/2201 1616/2204
f 1616/2204 1601/2201 1626/2205
f 1629/2203 1613/2200 1631/2206
f 1631/2206 1613/2200 1616/2204
f 1612/2207 1644/2208 1626/2205
f 1626/2205 1644/2208 1657/2209
f 1616/2204 1626/2205 1641/2210
f 1641/2210 1626/2205 1657/2209
f 1616/2204 1641/2210 1631/2206
f 1641/2210 1657/2209 1673/2211
f 1641/2210 1673/2211 1656/2212
f 1641/2210 1656/2212 1631/2206
f 1631/2206 1656/2212 1647/2213
f 1631/2206 1647/2213 1629/2203
f 1647/2213 1656/2212 1676/2214
f 1629/2203 1647/2213 1645/2215
f 1629/2203 1645/2215 1633/2202
f 1647/2213 1676/2214 1667/2216
f 1647/2213 1667/2216 1645/2215
f 1633/2202 1645/2215 1646/2217
f 1633/2202 1646/2217 1640/2199
f 1645/2215 1667/2216 1662/2218
f 1645/2215 1662/2218 1646/2217
f 1707/2219 1676/2214 1691/2220
f 1676/2214 1707/2219 1696/2221
f 1676/2214 1696/2221 1667/2216
f 1696/2221 1707/2219 1731/2222
f 1662/2218 1667/2216 1687/2223
f 1687/2223 1667/2216 1696/2221
f 1696/2221 1731/2222 1721/2224
f 1696/2221 1721/2224 1687/2223
f 1721/2224 1731/2222 1750/2225
f 1662/2218 1687/2223 1683/2226
f 1687/2223 1721/2224 1714/2227
f 1687/2223 1714/2227 1683/2226
f 1662/2218 1683/2226 1666/2228
f 1662/2218 1666/2228 1646/2217
f 1646/2217 1666/2228 1654/2229
f 1646/2217 1654/2229 1640/2199
f 1666/2228 1683/2226 1684/2230
f 1640/2199 1654/2229 1663/2231
f 1640/2199 1663/2231 1652/2186
f 1652/2186 1663/2231 1679/2190
f 1654/2229 1666/2228 1669/2232
f 1669/2232 1666/2228 1684/2230
f 1663/2231 1654/2229 1675/2233
f 1675/2233 1654/2229 1669/2232
f 1679/2190 1663/2231 1685/2234
f 1685/2234 1663/2231 1675/2233
f 1679/2190 1685/2234 1699/2191
f 1675/2233 1669/2232 1692/2235
f 1692/2235 1669/2232 1684/2230
f 1685/2234 1675/2233 1698/2236
f 1698/2236 1675/2233 1692/2235
f 1699/2191 1685/2234 1709/2237
f 1709/2237 1685/2234 1698/2236
f 1699/2191 1709/2237 1723/2192
f 1698/2236 1692/2235 1719/2238
f 1698/2236 1719/2238 1709/2237
f 1723/2192 1709/2237 1726/2239
f 1726/2239 1709/2237 1719/2238
f 1723/2192 1726/2239 1736/2240
f 1736/2240 1726/2239 1742/2241
f 1736/2240 1742/2241 1751/2242
f 1726/2239 1719/2238 1735/2243
f 1726/2239 1735/2243 1742/2241
f 1751/2242 1742/2241 1749/2244
f 1751/2242 1749/2244 1755/2245
f 1742/2241 1735/2243 1747/2246
f 1742/2241 1747/2246 1749/2244
f 1755/2245 1749/2244 1753/2247
f 1753/2247 1749/2244 1747/2246
f 1755/2245 1753/2247 1760/2248
f 1760/2248 1753/2247 1754/2249
f 1747/2246 1735/2243 1739/2250
f 1753/2247 1747/2246 1745/2251
f 1745/2251 1747/2246 1739/2250
f 1739/2250 1735/2243 1730/2252
f 1730/2252 1735/2243 1719/2238
f 1745/2251 1739/2250 1737/2253
f 1737/2253 1739/2250 1730/2252
f 1753/2247 1745/2251 1746/2254
f 1730/2252 1719/2238 1712/2255
f 1712/2255 1719/2238 1692/2235
f 1737/2253 1730/2252 1727/2256
f 1727/2256 1730/2252 1712/2255
f 1745/2251 1737/2253 1738/2257
f 1745/2251 1738/2257 1746/2254
f 1712/2255 1692/2235 1705/2258
f 1712/2255 1705/2258 1727/2256
f 1705/2258 1692/2235 1684/2230
f 1705/2258 1684/2230 1706/2259
f 1705/2258 1706/2259 1727/2256
f 1706/2259 1684/2230 1683/2226
f 1706/2259 1683/2226 1714/2227
f 1727/2256 1706/2259 1729/2260
f 1727/2256 1729/2260 1737/2253
f 1729/2260 1706/2259 1714/2227
f 1737/2253 1729/2260 1738/2257
f 1729/2260 1714/2227 1734/2261
f 1729/2260 1734/2261 1738/2257
f 1738/2257 1734/2261 1746/2254
f 1734/2261 1714/2227 1721/2224
f 1734/2261 1721/2224 1741/2262
f 1734/2261 1741/2262 1746/2254
f 1741/2262 1721/2224 1750/2225
f 1746/2254 1741/2262 1748/2263
f 1748/2263 1741/2262 1750/2225
f 1746/2254 1748/2263 1753/2247
f 1753/2247 1748/2263 1754/2249
f 1754/2249 1748/2263 1750/2225
f 1754/2249 1750/2225 1759/2264
f 1135/2265 1126/2266 1166/2267
f 1166/2267 1126/2266 1131/2268
f 1131/2268 1126/2266 1112/2269
f 1166/2267 1131/2268 1168/2270
f 1112/2269 1126/2266 1079/2271
f 1166/2267 1168/2270 1183/2272
f 1166/2267 1183/2272 1135/2265
f 1183/2272 1168/2270 1181/2273
f 1183/2272 1181/2273 1185/2274
f 1079/2271 1126/2266 1089/2275
f 1089/2275 1126/2266 1135/2265
f 1079/2271 1089/2275 1061/2276
f 1061/2276 1089/2275 1091/2277
f 1091/2277 1089/2275 1135/2265
f 1061/2276 1091/2277 1046/2278
f 1046/2278 1091/2277 1034/2279
f 1183/2272 1185/2274 1186/2280
f 1137/2281 1135/2265 1183/2272
f 1135/2265 1137/2281 1091/2277
f 1137/2281 1183/2272 1186/2280
f 1034/2279 1091/2277 1102/2282
f 1102/2282 1091/2277 1137/2281
f 1034/2279 1102/2282 1037/2283
f 1186/2280 1185/2274 1171/2284
f 1186/2280 1171/2284 1137/2281
f 1171/2284 1185/2274 1170/2285
f 1171/2284 1170/2285 1157/2286
f 1037/2283 1102/2282 1081/2287
f 1081/2287 1102/2282 1137/2281
f 1037/2283 1081/2287 1039/2288
f 1171/2284 1157/2286 1141/2289
f 1141/2289 1157/2286 1116/2290
f 1128/2291 1137/2281 1171/2284
f 1137/2281 1128/2291 1081/2287
f 1128/2291 1171/2284 1141/2289
f 1039/2288 1081/2287 1071/2292
f 1071/2292 1081/2287 1128/2291
f 1039/2288 1071/2292 1049/2293
f 1128/2291 1141/2289 1104/2294
f 1104/2294 1141/2289 1116/2290
f 1128/2291 1104/2294 1071/2292
f 1071/2292 1104/2294 1049/2293
f 1104/2294 1116/2290 1084/2295
f 1104/2294 1084/2295 1049/2293
f 1079/2296 1061/2297 1019/2298
f 1019/2298 1061/2297 1001/2299
f 1001/2299 1061/2297 1046/2300
f 1079/2296 1019/2298 1044/2301
f 1079/2296 1044/2301 1112/2302
f 1019/2298 1001/2299 1151/2303
f 1001/2299 1046/2300 986/2304
f 1001/2299 986/2304 1151/2303
f 986/2304 1046/2300 1034/2305
f 986/2304 1034/2305 1037/2306
f 1112/2302 1044/2301 1077/2307
f 1133/2308 1044/2301 1019/2298
f 1044/2301 1133/2308 1077/2307
f 1133/2308 1019/2298 1151/2303
f 1112/2302 1077/2307 1110/2309
f 1110/2309 1077/2307 1133/2308
f 1112/2302 1110/2309 1131/2310
f 1131/2310 1110/2309 1133/2308
f 1131/2310 1133/2308 1168/2311
f 1168/2311 1133/2308 1151/2303
f 1168/2311 1151/2303 1181/2312
f 1181/2312 1151/2303 1153/2313
f 1153/2313 1151/2303 986/2304
f 1181/2312 1153/2313 1185/2314
f 1185/2314 1153/2313 1170/2315
f 1153/2313 986/2304 988/2316
f 988/2316 986/2304 1037/2306
f 1170/2315 1153/2313 1139/2317
f 1139/2317 1153/2313 988/2316
f 1170/2315 1139/2317 1157/2318
f 988/2316 1037/2306 1039/2319
f 1157/2318 1139/2317 1114/2320
f 1114/2320 1139/2317 988/2316
f 1157/2318 1114/2320 1116/2321
f 988/2316 1039/2319 1003/2322
f 988/2316 1003/2322 1114/2320
f 1003/2322 1039/2319 1049/2323
f 1116/2321 1114/2320 1083/2324
f 1083/2324 1114/2320 1003/2322
f 1116/2321 1083/2324 1084/2325
f 1003/2322 1049/2323 1023/2326
f 1023/2326 1049/2323 1084/2325
f 1003/2322 1023/2326 1051/2327
f 1051/2327 1023/2326 1084/2325
f 1003/2322 1051/2327 1083/2324
f 1083/2324 1051/2327 1084/2325
f 1169/2328 1152/2329 1134/2330
f 1152/2329 1169/2328 1182/2331
f 1169/2328 1134/2330 1132/2332
f 1132/2332 1134/2330 1111/2333
f 1132/2332 1111/2333 1113/2334
f 1111/2333 1134/2330 1078/2335
f 1111/2333 1078/2335 1113/2334
f 1113/2334 1078/2335 1045/2336
f 1045/2336 1078/2335 1134/2330
f 1113/2334 1045/2336 1080/2337
f 1045/2336 1134/2330 1020/2338
f 1045/2336 1020/2338 1080/2337
f 1020/2338 1134/2330 1152/2329
f 1080/2337 1020/2338 1062/2339
f 1062/2339 1020/2338 1002/2340
f 1002/2340 1020/2338 1152/2329
f 1062/2339 1002/2340 1047/2341
f 1047/2341 1002/2340 987/2342
f 987/2342 1002/2340 1152/2329
f 1047/2341 987/2342 1036/2343
f 1036/2343 987/2342 1038/2344
f 987/2342 1152/2329 1154/2345
f 1154/2345 1152/2329 1182/2331
f 1038/2344 987/2342 989/2346
f 989/2346 987/2342 1154/2345
f 1154/2345 1182/2331 1187/2347
f 1154/2345 1187/2347 1172/2348
f 1038/2344 989/2346 1040/2349
f 1154/2345 1172/2348 1140/2350
f 1154/2345 1140/2350 989/2346
f 1140/2350 1172/2348 1158/2351
f 1040/2349 989/2346 1004/2352
f 1140/2350 1158/2351 1115/2353
f 1140/2350 1115/2353 989/2346
f 989/2346 1115/2353 1004/2352
f 1115/2353 1158/2351 1117/2354
f 1040/2349 1004/2352 1050/2355
f 1115/2353 1117/2354 1085/2356
f 1115/2353 1085/2356 1004/2352
f 1085/2356 1117/2354 1086/2357
f 1050/2355 1004/2352 1024/2358
f 1050/2355 1024/2358 1086/2357
f 1004/2352 1085/2356 1052/2359
f 1052/2359 1085/2356 1086/2357
f 1004/2352 1052/2359 1024/2358
f 1024/2358 1052/2359 1086/2357
f 1182/2360 1169/2361 1184/2362
f 1182/2360 1184/2362 1187/2363
f 1184/2362 1169/2361 1167/2364
f 1167/2364 1169/2361 1132/2365
f 1187/2363 1184/2362 1188/2366
f 1167/2364 1132/2365 1127/2367
f 1127/2367 1132/2365 1113/2368
f 1127/2367 1113/2368 1080/2369
f 1167/2364 1127/2367 1136/2370
f 1167/2364 1136/2370 1184/2362
f 1127/2367 1080/2369 1090/2371
f 1127/2367 1090/2371 1136/2370
f 1090/2371 1080/2369 1062/2372
f 1090/2371 1062/2372 1092/2373
f 1090/2371 1092/2373 1136/2370
f 1092/2373 1062/2372 1047/2374
f 1092/2373 1047/2374 1036/2375
f 1138/2376 1184/2362 1136/2370
f 1138/2376 1136/2370 1092/2373
f 1184/2362 1138/2376 1188/2366
f 1092/2373 1036/2375 1103/2377
f 1092/2373 1103/2377 1138/2376
f 1103/2377 1036/2375 1038/2378
f 1103/2377 1038/2378 1082/2379
f 1103/2377 1082/2379 1138/2376
f 1082/2379 1038/2378 1040/2380
f 1188/2366 1138/2376 1173/2381
f 1188/2366 1173/2381 1187/2363
f 1187/2363 1173/2381 1172/2382
f 1172/2382 1173/2381 1158/2383
f 1082/2379 1040/2380 1072/2384
f 1072/2384 1040/2380 1050/2385
f 1129/2386 1138/2376 1082/2379
f 1129/2386 1082/2379 1072/2384
f 1138/2376 1129/2386 1173/2381
f 1158/2383 1173/2381 1142/2387
f 1142/2387 1173/2381 1129/2386
f 1158/2383 1142/2387 1117/2388
f 1072/2384 1050/2385 1105/2389
f 1072/2384 1105/2389 1129/2386
f 1129/2386 1105/2389 1142/2387
f 1142/2387 1105/2389 1117/2388
f 1105/2389 1050/2385 1086/2390
f 1105/2389 1086/2390 1117/2388
