mtllib material.mtl
s 0
usemtl Material
v -0.2070309966802597 0.7519530057907104 -0.5683590173721313
v -0.1914059966802597 0.7792969942092896 -0.5683590173721313
v -0.1796880066394806 0.7402340173721313 -0.5664060115814209
v -0.1679690033197403 0.7636719942092896 -0.5664060115814209
v -0.16992199420928955 0.8007810115814209 -0.5644530057907104
v -0.18554699420928955 0.7167969942092896 -0.5625
v -0.21289099752902985 0.7226560115814209 -0.5625
v -0.15039099752902985 0.78125 -0.5625
v -0.23242199420928955 0.7636719942092896 -0.5605469942092896
v -0.2148440033197403 0.7949219942092896 -0.5605469942092896
v -0.140625 0.8144530057907104 -0.5566409826278687
v -0.18945300579071045 0.8203120231628418 -0.5566409826278687
v -0.24023400247097015 0.7304689884185791 -0.5546879768371582
v -0.1445309966802597 0.7460939884185791 -0.5546879768371582
v -0.1289059966802597 0.7890620231628418 -0.5546879768371582
v -0.15429699420928955 0.7265620231628418 -0.5527340173721313
v -0.15625 0.7109379768371582 -0.5507810115814209
v -0.1289059966802597 0.7597659826278687 -0.5507810115814209
v -0.15625 0.8378909826278687 -0.5488280057907104
v -0.11523400247097015 0.7636719942092896 -0.5449219942092896
v -0.2539060115814209 0.7753909826278687 -0.5449219942092896
v -0.234375 0.8085939884185791 -0.5449219942092896
v -0.2070309966802597 0.8359379768371582 -0.5410159826278687
v -0.2617189884185791 0.7402340173721313 -0.5390620231628418
v -0.09179700165987015 0.7871090173721313 -0.5371090173721313
v -0.09960900247097015 0.7597659826278687 -0.5351560115814209
v -0.08789099752902985 0.8164060115814209 -0.5351560115814209
v -0.171875 0.8574219942092896 -0.53125
v -0.08789099752902985 0.84375 -0.5253909826278687
v -0.27148398756980896 0.7871090173721313 -0.5234379768371582
v -0.25195300579071045 0.8203120231628418 -0.5214840173721313
v -0.27929699420928955 0.75 -0.5175780057907104
v -0.22460900247097015 0.8496090173721313 -0.5175780057907104
v -0.09179700165987015 0.8691409826278687 -0.5097659826278687
v -0.1875 0.8730469942092896 -0.5078120231628418
v -0.2890619933605194 0.796875 -0.49414101243019104
v -0.2695310115814209 0.8300780057907104 -0.4921880066394806
v -0.296875 0.7597659826278687 -0.4882810115814209
v -0.2421880066394806 0.859375 -0.4882810115814209
v -0.1015620008111 0.8886719942092896 -0.4882810115814209
v -0.20507800579071045 0.8828120231628418 -0.4804689884185791
v -0.11523400247097015 0.9042969942092896 -0.4609380066394806
v -0.28125 0.8691409826278687 -0.42773398756980896
v -0.25195300579071045 0.8867189884185791 -0.4257810115814209
v -0.37695300579071045 0.4101560115814209 -0.42382800579071045
v -0.37695300579071045 0.421875 -0.42382800579071045
v -0.30664101243019104 0.8457030057907104 -0.42382800579071045
v -0.2851560115814209 0.859375 -0.42382800579071045
v -0.2578119933605194 0.8789060115814209 -0.42382800579071045
v -0.37695300579071045 0.43164101243019104 -0.421875
v -0.21875 0.9003909826278687 -0.421875
v -0.36523398756980896 0.4101560115814209 -0.41992199420928955
v -0.38867199420928955 0.41210898756980896 -0.41992199420928955
v -0.38867199420928955 0.421875 -0.41992199420928955
v -0.36523398756980896 0.42382800579071045 -0.41992199420928955
v -0.32617199420928955 0.8183590173721313 -0.41992199420928955
v -0.3085939884185791 0.8359379768371582 -0.41992199420928955
v -0.2265619933605194 0.8925780057907104 -0.41992199420928955
v -0.390625 0.43164101243019104 -0.4179689884185791
v -0.3671880066394806 0.43164101243019104 -0.4179689884185791
v -0.3789060115814209 0.4414060115814209 -0.4179689884185791
v -0.2929689884185791 0.8613280057907104 -0.4179689884185791
v -0.3671880066394806 0.4375 -0.41601601243019104
v -0.31445300579071045 0.8378909826278687 -0.41601601243019104
v -0.26757800579071045 0.8808590173721313 -0.41601601243019104
v -0.39257800579071045 0.43945300579071045 -0.4140619933605194
v -0.38085898756980896 0.4492189884185791 -0.4140619933605194
v -0.32617199420928955 0.8085939884185791 -0.4140619933605194
v -0.18554699420928955 0.9101560115814209 -0.4140619933605194
v -0.36914101243019104 0.44335898756980896 -0.41210898756980896
v -0.3398439884185791 0.7871090173721313 -0.41210898756980896
v -0.3320310115814209 0.8125 -0.41210898756980896
v -0.1953119933605194 0.9023439884185791 -0.41210898756980896
v -0.3710939884185791 0.44726601243019104 -0.4101560115814209
v -0.24023400247097015 0.8964840173721313 -0.4101560115814209
v -0.3828119933605194 0.45507800579071045 -0.40820300579071045
v -0.34375 0.7734379768371582 -0.40820300579071045
v -0.33789101243019104 0.7832030057907104 -0.40820300579071045
v -0.3945310115814209 0.44726601243019104 -0.40625
v -0.34179699420928955 0.7871090173721313 -0.40625
v -0.37304699420928955 0.453125 -0.40429699420928955
v -0.34179699420928955 0.7675780057907104 -0.40429699420928955
v -0.34570300579071045 0.7714840173721313 -0.4023439884185791
v -0.32617199420928955 0.8417969942092896 -0.4023439884185791
v -0.30664101243019104 0.8652340173721313 -0.4023439884185791
v -0.2109380066394806 0.90625 -0.4023439884185791
v -0.1523440033197403 0.9140620231628418 -0.4023439884185791
v -0.38476601243019104 0.45898398756980896 -0.40039101243019104
v -0.28320300579071045 0.8847659826278687 -0.40039101243019104
v -0.1640619933605194 0.9082030057907104 -0.40039101243019104
v -0.1328119933605194 0.9160159826278687 -0.40039101243019104
v -0.3398439884185791 0.8164060115814209 -0.3984380066394806
v -0.3984380066394806 0.453125 -0.39648398756980896
v -0.4023439884185791 0.3007810115814209 -0.3945310115814209
v -0.41210898756980896 0.30664101243019104 -0.39257800579071045
v -0.34960898756980896 0.7929689884185791 -0.39257800579071045
v -0.2578119933605194 0.9003909826278687 -0.39257800579071045
v -0.390625 0.29882800579071045 -0.390625
v -0.18164099752902985 0.9121090173721313 -0.390625
v -0.40429699420928955 0.453125 -0.38867199420928955
v -0.390625 0.4609380066394806 -0.38867199420928955
v -0.35351601243019104 0.7773439884185791 -0.38867199420928955
v -0.1328119933605194 0.9101560115814209 -0.38867199420928955
v -0.38085898756980896 0.4609380066394806 -0.3867189884185791
v -0.4101560115814209 0.2851560115814209 -0.3828119933605194
v -0.41992199420928955 0.2929689884185791 -0.3828119933605194
v -0.2304690033197403 0.9121090173721313 -0.3828119933605194
v -0.40039101243019104 0.28320300579071045 -0.3789060115814209
v -0.40820300579071045 0.45117199420928955 -0.3789060115814209
v -0.39648398756980896 0.4609380066394806 -0.3789060115814209
v -0.15429699420928955 0.9140620231628418 -0.37695300579071045
v -0.3867189884185791 0.46289101243019104 -0.375
v -0.34179699420928955 0.8457030057907104 -0.3710939884185791
v -0.3242189884185791 0.8691409826278687 -0.3710939884185791
v -0.20507800579071045 0.9199219942092896 -0.3710939884185791
v -0.4257810115814209 0.2890619933605194 -0.36914101243019104
v -0.4140619933605194 0.4414060115814209 -0.36914101243019104
v -0.4179689884185791 0.27929699420928955 -0.3671880066394806
v -0.4023439884185791 0.4570310115814209 -0.3671880066394806
v -0.3554689884185791 0.8222659826278687 -0.3671880066394806
v -0.30273398756980896 0.8886719942092896 -0.3671880066394806
v -0.40820300579071045 0.27929699420928955 -0.36523398756980896
v -0.41601601243019104 0.4335939884185791 -0.36523398756980896
v -0.39257800579071045 0.45898398756980896 -0.3632810115814209
v -0.3632810115814209 0.7988280057907104 -0.3632810115814209
v -0.27929699420928955 0.90625 -0.36132800579071045
v -0.40625 0.4492189884185791 -0.359375
v -0.3671880066394806 0.7851560115814209 -0.359375
v -0.1796880066394806 0.921875 -0.35742199420928955
v -0.43164101243019104 0.2890619933605194 -0.3554689884185791
v -0.3984380066394806 0.45117199420928955 -0.3554689884185791
v -0.41210898756980896 0.43945300579071045 -0.35351601243019104
v -0.25585898756980896 0.9179689884185791 -0.3515619933605194
v -0.42382800579071045 0.28125 -0.34960898756980896
v -0.4023439884185791 0.43945300579071045 -0.34960898756980896
v -0.41601601243019104 0.27929699420928955 -0.3476560115814209
v -0.4375 0.296875 -0.34375
v -0.09375 0.9101560115814209 -0.34179699420928955
v -0.1054690033197403 0.9121090173721313 -0.34179699420928955
v -0.09179700165987015 0.9160159826278687 -0.34179699420928955
v -0.10351599752902985 0.9199219942092896 -0.34179699420928955
v -0.23242199420928955 0.9257810115814209 -0.34179699420928955
v -0.0859379991889 0.9238280057907104 -0.3398439884185791
v -0.3515619933605194 0.8476560115814209 -0.33789101243019104
v -0.33398398756980896 0.8691409826278687 -0.33789101243019104
v -0.0820309966802597 0.9160159826278687 -0.33789101243019104
v -0.09570299834012985 0.9277340173721313 -0.33789101243019104
v -0.43164101243019104 0.29101601243019104 -0.3359380066394806
v -0.4414060115814209 0.3085939884185791 -0.3359380066394806
v -0.4414060115814209 0.3203119933605194 -0.3359380066394806
v -0.3632810115814209 0.8242189884185791 -0.3359380066394806
v -0.08398400247097015 0.9101560115814209 -0.3359380066394806
v -0.1171879991889 0.9160159826278687 -0.3359380066394806
v -0.1132809966802597 0.9238280057907104 -0.3359380066394806
v -0.31445300579071045 0.8886719942092896 -0.33398398756980896
v -0.07617200165987015 0.9238280057907104 -0.33398398756980896
v -0.42382800579071045 0.2890619933605194 -0.3320310115814209
v -0.3710939884185791 0.8027340173721313 -0.3320310115814209
v -0.1054690033197403 0.9335939884185791 -0.3320310115814209
v -0.08789099752902985 0.9355469942092896 -0.3320310115814209
v -0.12304700165987015 0.9179689884185791 -0.33007800579071045
v -0.2070309966802597 0.9296879768371582 -0.33007800579071045
v -0.07617200165987015 0.9316409826278687 -0.33007800579071045
v -0.37304699420928955 0.7890620231628418 -0.328125
v -0.2929689884185791 0.9042969942092896 -0.328125
v -0.43554699420928955 0.3046880066394806 -0.32617199420928955
v -0.09570299834012985 0.9394530057907104 -0.32617199420928955
v -0.1289059966802597 0.9199219942092896 -0.3242189884185791
v -0.12304700165987015 0.9277340173721313 -0.3242189884185791
v -0.08007799834012985 0.9394530057907104 -0.3242189884185791
v -0.42773398756980896 0.30273398756980896 -0.32226601243019104
v -0.43554699420928955 0.3242189884185791 -0.32226601243019104
v -0.2734380066394806 0.9160159826278687 -0.32226601243019104
v -0.1132809966802597 0.9375 -0.3203119933605194
v -0.42773398756980896 0.3242189884185791 -0.31835898756980896
v -0.10351599752902985 0.9433590173721313 -0.3164060115814209
v -0.25195300579071045 0.9238280057907104 -0.31445300579071045
v -0.0859379991889 0.9453120231628418 -0.31445300579071045
v -0.13476599752902985 0.9238280057907104 -0.31054699420928955
v -0.13085900247097015 0.9316409826278687 -0.31054699420928955
v -0.34960898756980896 0.84375 -0.30664101243019104
v -0.2265619933605194 0.9296879768371582 -0.30664101243019104
v -0.1210940033197403 0.9414060115814209 -0.30664101243019104
v -0.36132800579071045 0.8222659826278687 -0.3046880066394806
v -0.3359380066394806 0.8652340173721313 -0.3046880066394806
v -0.13476599752902985 0.9238280057907104 -0.3046880066394806
v -0.36914101243019104 0.8027340173721313 -0.30273398756980896
v -0.3164060115814209 0.8828120231628418 -0.30273398756980896
v -0.1992190033197403 0.9316409826278687 -0.30273398756980896
v -0.109375 0.9472659826278687 -0.30273398756980896
v -0.09375 0.9492189884185791 -0.30273398756980896
v -0.3710939884185791 0.7890620231628418 -0.29882800579071045
v -0.1367190033197403 0.9257810115814209 -0.29882800579071045
v -0.296875 0.8964840173721313 -0.296875
v -0.1328119933605194 0.9335939884185791 -0.296875
v -0.125 0.9414060115814209 -0.29492199420928955
v -0.1367190033197403 0.9257810115814209 -0.2929689884185791
v -0.28125 0.90625 -0.29101601243019104
v -0.1132809966802597 0.9472659826278687 -0.29101601243019104
v -0.0976559966802597 0.9492189884185791 -0.29101601243019104
v -0.26367199420928955 0.9140620231628418 -0.2851560115814209
v -0.13476599752902985 0.9257810115814209 -0.2851560115814209
v -0.13085900247097015 0.9335939884185791 -0.2851560115814209
v -0.12304700165987015 0.9414060115814209 -0.2851560115814209
v -0.1132809966802597 0.9453120231628418 -0.28125
v -0.09960900247097015 0.9492189884185791 -0.28125
v -0.34960898756980896 0.8183590173721313 -0.2773439884185791
v -0.3398439884185791 0.8378909826278687 -0.2773439884185791
v -0.32617199420928955 0.8535159826278687 -0.2773439884185791
v -0.24023400247097015 0.9199219942092896 -0.2773439884185791
v -0.35742199420928955 0.7988280057907104 -0.27539101243019104
v -0.12695300579071045 0.9277340173721313 -0.27539101243019104
v -0.125 0.9335939884185791 -0.27539101243019104
v -0.11914099752902985 0.9394530057907104 -0.27539101243019104
v -0.31054699420928955 0.8691409826278687 -0.2734380066394806
v -0.10351599752902985 0.9472659826278687 -0.2734380066394806
v -0.359375 0.7851560115814209 -0.27148398756980896
v -0.2148440033197403 0.9257810115814209 -0.27148398756980896
v -0.29492199420928955 0.8808590173721313 -0.2695310115814209
v -0.11914099752902985 0.9257810115814209 -0.2695310115814209
v -0.1171879991889 0.9335939884185791 -0.2695310115814209
v -0.109375 0.9414060115814209 -0.2695310115814209
v -0.28125 0.8886719942092896 -0.265625
v -0.265625 0.8945310115814209 -0.25976601243019104
v -0.3320310115814209 0.8105469942092896 -0.25585898756980896
v -0.32226601243019104 0.8242189884185791 -0.25585898756980896
v -0.33789101243019104 0.7949219942092896 -0.2539060115814209
v -0.3125 0.8378909826278687 -0.2539060115814209
v -0.24804699420928955 0.9023439884185791 -0.2539060115814209
v 0.052733998745679855 0.9042969942092896 -0.2539060115814209
v 0.052733998745679855 0.9121090173721313 -0.2539060115814209
v -0.26367199420928955 0.7714840173721313 -0.25195300579071045
v -0.3007810115814209 0.8496090173721313 -0.25195300579071045
v 0.05078100040555 0.9003909826278687 -0.25195300579071045
v -0.2773439884185791 0.7382810115814209 -0.25
v -0.3398439884185791 0.7773439884185791 -0.25
v 0.052733998745679855 0.9199219942092896 -0.25
v -0.28710898756980896 0.8574219942092896 -0.24804699420928955
v -0.22851599752902985 0.9101560115814209 -0.24804699420928955
v -0.26757800579071045 0.7734379768371582 -0.2460940033197403
v -0.2421880066394806 0.796875 -0.2460940033197403
v -0.2773439884185791 0.8632810115814209 -0.2460940033197403
v 0.06054700165987015 0.9121090173721313 -0.2460940033197403
v 0.046875 0.9257810115814209 -0.2460940033197403
v -0.28125 0.7402340173721313 -0.24414099752902985
v -0.23242199420928955 0.75 -0.24414099752902985
v 0.0625 0.9023439884185791 -0.24414099752902985
v -0.265625 0.8710939884185791 -0.2421880066394806
v 0.06054700165987015 0.8964840173721313 -0.2421880066394806
v -0.2460940033197403 0.7226560115814209 -0.24023400247097015
v -0.3164060115814209 0.7851560115814209 -0.24023400247097015
v -0.3125 0.796875 -0.24023400247097015
v -0.2460940033197403 0.7988280057907104 -0.24023400247097015
v 0.056641001254320145 0.921875 -0.24023400247097015
v -0.20898400247097015 0.7714840173721313 -0.2382809966802597
v -0.3046880066394806 0.8027340173721313 -0.2382809966802597
v -0.29882800579071045 0.8144530057907104 -0.2382809966802597
v -0.25 0.8789060115814209 -0.2382809966802597
v -0.2890619933605194 0.8242189884185791 -0.23632800579071045
v 0.0625 0.9140620231628418 -0.23632800579071045
v 0.04296899959445 0.9316409826278687 -0.23632800579071045
v -0.3164060115814209 0.7695310115814209 -0.234375
v -0.2382809966802597 0.8867189884185791 -0.234375
v -0.2421880066394806 0.7558590173721313 -0.23242199420928955
v -0.27929699420928955 0.8300780057907104 -0.23242199420928955
v -0.2734380066394806 0.8359379768371582 -0.23242199420928955
v 0.06445299834012985 0.9042969942092896 -0.23242199420928955
v -0.25585898756980896 0.7246090173721313 -0.2304690033197403
v -0.26367199420928955 0.84375 -0.2304690033197403
v 0.0625 0.8984379768371582 -0.2304690033197403
v -0.2070309966802597 0.8164060115814209 -0.22851599752902985
v 0.052733998745679855 0.9257810115814209 -0.22851599752902985
v -0.21875 0.7773439884185791 -0.2265619933605194
v -0.28125 0.78125 -0.2265619933605194
v -0.25195300579071045 0.8535159826278687 -0.2265619933605194
v -0.29492199420928955 0.7480469942092896 -0.22460900247097015
v -0.1875 0.7792969942092896 -0.22460900247097015
v -0.2890619933605194 0.7851560115814209 -0.22460900247097015
v -0.2421880066394806 0.8613280057907104 -0.22460900247097015
v 0.037108998745679855 0.9355469942092896 -0.22460900247097015
v -0.30273398756980896 0.75 -0.2226559966802597
v -0.2109380066394806 0.8183590173721313 -0.2226559966802597
v 0.05859399959445 0.9179689884185791 -0.2226559966802597
v -0.49804699420928955 -0.7011719942092896 -0.22070300579071045
v -0.25976601243019104 0.8066409826278687 -0.22070300579071045
v -0.5273439884185791 -0.6972659826278687 -0.21875
v -0.265625 0.8125 -0.21875
v 0.06054700165987015 0.9082030057907104 -0.21875
v 0.05859399959445 0.9003909826278687 -0.21679699420928955
v 0.046875 0.9296879768371582 -0.2148440033197403
v -0.5019530057907104 -0.7304689884185791 -0.21289099752902985
v -0.46875 -0.6992189884185791 -0.21289099752902985
v -0.1953119933605194 0.7851560115814209 -0.21289099752902985
v 0.125 0.8867189884185791 -0.21289099752902985
v 0.11132799834012985 0.890625 -0.21289099752902985
v 0.0976559966802597 0.8925780057907104 -0.2109380066394806
v 0.029296999797225 0.9375 -0.2109380066394806
v -0.5332030057907104 -0.734375 -0.20898400247097015
v -0.46875 -0.7148439884185791 -0.20898400247097015
v 0.13867199420928955 0.8847659826278687 -0.20898400247097015
v 0.052733998745679855 0.921875 -0.20898400247097015
v -0.5546879768371582 -0.6894530057907104 -0.2070309966802597
v 0.1328119933605194 0.9101560115814209 -0.20507800579071045
v 0.054687999188899994 0.9121090173721313 -0.20507800579071045
v 0.1210940033197403 0.9121090173721313 -0.20507800579071045
v -0.2226559966802597 0.8261719942092896 -0.203125
v 0.1523440033197403 0.8828120231628418 -0.203125
v 0.0859379991889 0.8964840173721313 -0.203125
v 0.052733998745679855 0.9042969942092896 -0.203125
v 0.14257800579071045 0.9082030057907104 -0.203125
v 0.11132799834012985 0.9140620231628418 -0.203125
v 0.039062000811100006 0.9316409826278687 -0.203125
v 0.021484000608325005 0.9375 -0.203125
v -0.5 -0.7617189884185791 -0.20117199420928955
v -0.46875 -0.7421879768371582 -0.20117199420928955
v -0.2226559966802597 0.8359379768371582 -0.20117199420928955
v 0.15429699420928955 0.90625 -0.1992190033197403
v 0.16601599752902985 0.8828120231628418 -0.19726599752902985
v 0.140625 0.9140620231628418 -0.19726599752902985
v 0.10351599752902985 0.9160159826278687 -0.19726599752902985
v 0.12304700165987015 0.9179689884185791 -0.19726599752902985
v 0.04492200165987015 0.9238280057907104 -0.19726599752902985
v -0.5292969942092896 -0.7695310115814209 -0.1953119933605194
v -0.5605469942092896 -0.7304689884185791 -0.1953119933605194
v 0.029296999797225 0.9316409826278687 -0.1953119933605194
v 0.019531000405550003 0.9335939884185791 -0.1953119933605194
v 0.078125 0.8984379768371582 -0.19335900247097015
v 0.16601599752902985 0.90625 -0.19335900247097015
v 0.15429699420928955 0.9121090173721313 -0.19335900247097015
v 0.04492200165987015 0.90625 -0.1914059966802597
v 0.046875 0.9140620231628418 -0.1914059966802597
v 0.013671999797224998 0.9277340173721313 -0.1914059966802597
v -0.46289101243019104 -0.7675780057907104 -0.18945300579071045
v 0.00976600032299757 0.9121090173721313 -0.18945300579071045
v 0.011718999594449997 0.9199219942092896 -0.18945300579071045
v 0.0976559966802597 0.9199219942092896 -0.18945300579071045
v 0.1132809966802597 0.921875 -0.18945300579071045
v 0.03515600040555 0.9257810115814209 -0.18945300579071045
v -0.49023398756980896 -0.7890620231628418 -0.1875
v 0.16210900247097015 0.9121090173721313 -0.1875
v 0.025390999391674995 0.9257810115814209 -0.1875
v -0.578125 -0.6816409826278687 -0.18554699420928955
v 0.1796880066394806 0.8828120231628418 -0.18554699420928955
v 0.037108998745679855 0.9160159826278687 -0.18554699420928955
v 0.1757809966802597 0.9042969942092896 -0.1835940033197403
v 0.03515600040555 0.9082030057907104 -0.1835940033197403
v 0.023437999188899994 0.9101560115814209 -0.1835940033197403
v 0.025390999391674995 0.9179689884185791 -0.1835940033197403
v 0.16992199420928955 0.9121090173721313 -0.18164099752902985
v 0.10742200165987015 0.9238280057907104 -0.18164099752902985
v -0.5566409826278687 -0.7714840173721313 -0.1796880066394806
v 0.0742190033197403 0.9023439884185791 -0.1796880066394806
v 0.09375 0.921875 -0.1796880066394806
v -0.5175780057907104 -0.8007810115814209 -0.17773400247097015
v 0.18945300579071045 0.8808590173721313 -0.1757809966802597
v 0.1835940033197403 0.9042969942092896 -0.1757809966802597
v -0.4492189884185791 -0.7871090173721313 -0.17382800579071045
v -0.5820310115814209 -0.7246090173721313 -0.17382800579071045
v 0.10742200165987015 0.9257810115814209 -0.171875
v -0.4726560115814209 -0.8105469942092896 -0.16992199420928955
v 0.09570299834012985 0.921875 -0.16992199420928955
v 0.17773400247097015 0.9121090173721313 -0.1679690033197403
v 0.07617200165987015 0.9042969942092896 -0.16601599752902985
v 0.1875 0.9042969942092896 -0.16601599752902985
v 0.19726599752902985 0.8808590173721313 -0.1640619933605194
v 0.11132799834012985 0.9257810115814209 -0.16210900247097015
v -0.5429689884185791 -0.8066409826278687 -0.1601559966802597
v 0.09960900247097015 0.9238280057907104 -0.1601559966802597
v -0.4960939884185791 -0.828125 -0.15820300579071045
v -0.4296880066394806 -0.8007810115814209 -0.15820300579071045
v 0.1796880066394806 0.9121090173721313 -0.15820300579071045
v -0.578125 -0.7675780057907104 -0.15625
v -0.5957030057907104 -0.671875 -0.15625
v 0.18945300579071045 0.90625 -0.15625
v 0.0820309966802597 0.9042969942092896 -0.15429699420928955
v -0.4492189884185791 -0.828125 -0.15039099752902985
v 0.1992190033197403 0.8828120231628418 -0.15039099752902985
v 0.1054690033197403 0.9238280057907104 -0.15039099752902985
v 0.11914099752902985 0.9257810115814209 -0.15039099752902985
v 0.17773400247097015 0.9140620231628418 -0.1484380066394806
v 0.1875 0.9082030057907104 -0.14648400247097015
v -0.6015620231628418 -0.7167969942092896 -0.1445309966802597
v 0.1289059966802597 0.9257810115814209 -0.1445309966802597
v 0.1132809966802597 0.921875 -0.14257800579071045
v 0.09179700165987015 0.9042969942092896 -0.140625
v -0.40429699420928955 -0.8105469942092896 -0.13867199420928955
v 0.1367190033197403 0.9238280057907104 -0.13867199420928955
v -0.5195310115814209 -0.8378909826278687 -0.1367190033197403
v 0.19726599752902985 0.8847659826278687 -0.1367190033197403
v 0.1835940033197403 0.9101560115814209 -0.1367190033197403
v 0.16601599752902985 0.9179689884185791 -0.1367190033197403
v 0.12304700165987015 0.921875 -0.1367190033197403
v 0.1445309966802597 0.9238280057907104 -0.1367190033197403
v -0.47070300579071045 -0.8476560115814209 -0.13476599752902985
v -0.5644530057907104 -0.8066409826278687 -0.13476599752902985
v 0.15625 0.921875 -0.13476599752902985
v 0.5546879768371582 0.6875 -0.1328119933605194
v 0.5625 0.7128909826278687 -0.1328119933605194
v 0.5664060115814209 0.7421879768371582 -0.13085900247097015
v 0.10351599752902985 0.9023439884185791 -0.13085900247097015
v 0.1757809966802597 0.9121090173721313 -0.13085900247097015
v 0.1328119933605194 0.921875 -0.13085900247097015
v -0.41992199420928955 -0.8378909826278687 -0.12695300579071045
v -0.5976560115814209 -0.7597659826278687 -0.12695300579071045
v -0.3359380066394806 0.26367199420928955 -0.12695300579071045
v 0.1445309966802597 0.9199219942092896 -0.12695300579071045
v 0.1914059966802597 0.8886719942092896 -0.125
v 0.16601599752902985 0.9160159826278687 -0.125
v 0.15625 0.9179689884185791 -0.125
v -0.3828119933605194 0.23242199420928955 -0.12304700165987015
v 0.11523400247097015 0.9023439884185791 -0.12304700165987015
v -0.6132810115814209 -0.6601560115814209 -0.1210940033197403
v 0.5664060115814209 0.7695310115814209 -0.1210940033197403
v 0.2890619933605194 0.8730469942092896 -0.1210940033197403
v -0.375 -0.8144530057907104 -0.11914099752902985
v 0.28710898756980896 0.8671879768371582 -0.11914099752902985
v 0.27929699420928955 0.875 -0.11914099752902985
v 0.29492199420928955 0.8808590173721313 -0.11914099752902985
v -0.38867199420928955 0.23242199420928955 -0.1171879991889
v 0.578125 0.6796879768371582 -0.1171879991889
v 0.2773439884185791 0.8691409826278687 -0.1171879991889
v 0.29882800579071045 0.8730469942092896 -0.1171879991889
v 0.2851560115814209 0.8847659826278687 -0.1171879991889
v -0.3359380066394806 0.23242199420928955 -0.11523400247097015
v -0.3476560115814209 0.26367199420928955 -0.11523400247097015
v 0.5878909826278687 0.7050780057907104 -0.11523400247097015
v 0.18164099752902985 0.8925780057907104 -0.11523400247097015
v 0.1289059966802597 0.9003909826278687 -0.11523400247097015
v 0.29882800579071045 0.8652340173721313 -0.1132809966802597
v 0.2695310115814209 0.8789060115814209 -0.1132809966802597
v 0.30273398756980896 0.8808590173721313 -0.1132809966802597
v -0.49023398756980896 -0.859375 -0.11132799834012985
v -0.5410159826278687 -0.8398439884185791 -0.11132799834012985
v 0.59375 0.734375 -0.11132799834012985
v 0.2695310115814209 0.8730469942092896 -0.11132799834012985
v 0.27539101243019104 0.8886719942092896 -0.11132799834012985
v 0.3007810115814209 0.8886719942092896 -0.11132799834012985
v 0.29101601243019104 0.8925780057907104 -0.11132799834012985
v -0.4375 -0.859375 -0.109375
v -0.6191409826278687 -0.7050780057907104 -0.109375
v -0.38085898756980896 0.20117199420928955 -0.109375
v 0.16992199420928955 0.8945310115814209 -0.109375
v 0.14257800579071045 0.8984379768371582 -0.109375
v 0.15625 0.8964840173721313 -0.10742200165987015
v -0.3867189884185791 -0.84375 -0.1054690033197403
v -0.5820310115814209 -0.8007810115814209 -0.1054690033197403
v 0.5585939884185791 0.7949219942092896 -0.1054690033197403
v 0.2851560115814209 0.8964840173721313 -0.1054690033197403
v -0.38476601243019104 0.20117199420928955 -0.10351599752902985
v 0.59375 0.671875 -0.10351599752902985
v 0.296875 0.8964840173721313 -0.10351599752902985
v -0.34570300579071045 0.23242199420928955 -0.1015620008111
v 0.25976601243019104 0.8769530057907104 -0.1015620008111
v 0.2617189884185791 0.8828120231628418 -0.1015620008111
v 0.609375 0.6953120231628418 -0.09960900247097015
v 0.5957030057907104 0.7617189884185791 -0.09960900247097015
v 0.26757800579071045 0.8925780057907104 -0.09960900247097015
v -0.31835898756980896 0.2109380066394806 -0.0976559966802597
v -0.40039101243019104 0.23632800579071045 -0.0976559966802597
v -0.40820300579071045 0.2382809966802597 -0.09570299834012985
v 0.2773439884185791 0.9003909826278687 -0.09570299834012985
v 0.6054689884185791 0.6640620231628418 -0.09375
v 0.29101601243019104 0.9023439884185791 -0.09375
v -0.6132810115814209 -0.75 -0.09179700165987015
v -0.36132800579071045 0.1796880066394806 -0.09179700165987015
v 0.6191409826278687 0.7226560115814209 -0.09179700165987015
v 0.2539060115814209 0.8808590173721313 -0.08789099752902985
v 0.2539060115814209 0.8867189884185791 -0.08789099752902985
v 0.2617189884185791 0.8964840173721313 -0.08789099752902985
v -0.45507800579071045 -0.875 -0.0859379991889
v -0.4023439884185791 -0.8652340173721313 -0.0859379991889
v -0.6289060115814209 -0.6503909826278687 -0.0859379991889
v -0.3671880066394806 0.1796880066394806 -0.0859379991889
v -0.3984380066394806 0.20507800579071045 -0.0859379991889
v 0.625 0.6855469942092896 -0.0859379991889
v -0.5078120231628418 -0.8632810115814209 -0.08398400247097015
v -0.328125 0.2109380066394806 -0.08398400247097015
v 0.6152340173721313 0.65625 -0.08398400247097015
v 0.546875 0.8164060115814209 -0.08398400247097015
v 0.27148398756980896 0.9023439884185791 -0.08398400247097015
v 0.5898439884185791 0.7871090173721313 -0.0820309966802597
v 0.28320300579071045 0.90625 -0.0820309966802597
v -0.5585939884185791 -0.8339840173721313 -0.08007799834012985
v -0.40625 0.20117199420928955 -0.08007799834012985
v -0.2929689884185791 0.19726599752902985 -0.078125
v 0.6210939884185791 0.75 -0.078125
v 0.6210939884185791 0.6484379768371582 -0.07617200165987015
v 0.6367189884185791 0.7109379768371582 -0.07617200165987015
v 0.6367189884185791 0.6757810115814209 -0.0742190033197403
v 0.25 0.8828120231628418 -0.0742190033197403
v 0.25 0.8886719942092896 -0.0742190033197403
v 0.2578119933605194 0.8984379768371582 -0.0742190033197403
v -0.6328120231628418 -0.6953120231628418 -0.07226599752902985
v 0.26757800579071045 0.9042969942092896 -0.07226599752902985
v -0.5976560115814209 -0.7890620231628418 -0.0703120008111
v 0.625 0.6386719942092896 -0.0703120008111
v 0.2773439884185791 0.9082030057907104 -0.0703120008111
v -0.3320310115814209 0.1679690033197403 -0.06835900247097015
v -0.3789060115814209 0.1835940033197403 -0.0664059966802597
v 0.6269530057907104 0.6289060115814209 -0.0664059966802597
v -0.3007810115814209 0.19726599752902985 -0.06445299834012985
v 0.6425780057907104 0.6640620231628418 -0.06445299834012985
v 0.2578119933605194 0.8984379768371582 -0.06445299834012985
v -0.33789101243019104 0.1679690033197403 -0.0625
v -0.3867189884185791 0.18164099752902985 -0.0625
v 0.6230469942092896 0.6152340173721313 -0.0625
v 0.6289060115814209 0.6191409826278687 -0.0625
v 0.25195300579071045 0.8847659826278687 -0.0625
v 0.25195300579071045 0.890625 -0.0625
v 0.265625 0.9023439884185791 -0.0625
v -0.4179689884185791 -0.8808590173721313 -0.06054700165987015
v 0.6503909826278687 0.6972659826278687 -0.06054700165987015
v 0.27539101243019104 0.90625 -0.06054700165987015
v -0.6386719942092896 -0.6464840173721313 -0.05859399959445
v 0.6425780057907104 0.7363280057907104 -0.05859399959445
v 0.6171879768371582 0.7753909826278687 -0.05859399959445
v 0.5800780057907104 0.8085939884185791 -0.05859399959445
v -0.4726560115814209 -0.8789060115814209 -0.056641001254320145
v -0.6269530057907104 -0.7382810115814209 -0.056641001254320145
v 0.6484379768371582 0.6503909826278687 -0.056641001254320145
v 0.53125 0.8320310115814209 -0.056641001254320145
v -0.5253909826278687 -0.859375 -0.052733998745679855
v -0.6386719942092896 -0.6523439884185791 -0.052733998745679855
v -0.6445310115814209 -0.6464840173721313 -0.052733998745679855
v 0.2617189884185791 0.8945310115814209 -0.052733998745679855
v 0.2695310115814209 0.9003909826278687 -0.052733998745679855
v 0.25976601243019104 0.8867189884185791 -0.05078100040555
v 0.6503909826278687 0.6367189884185791 -0.04882799834012985
v -0.5742189884185791 -0.8222659826278687 -0.046875
v -0.640625 -0.6894530057907104 -0.046875
v 0.6582030057907104 0.6816409826278687 -0.046875
v 0.6503909826278687 0.6230469942092896 -0.04492200165987015
v 0.6484379768371582 0.6152340173721313 -0.04296899959445
v -0.640625 -0.6933590173721313 -0.041016001254320145
v -0.6464840173721313 -0.6894530057907104 -0.041016001254320145
v -0.3476560115814209 0.1679690033197403 -0.041016001254320145
v 0.65625 0.7207030057907104 -0.041016001254320145
v -0.6523439884185791 -0.640625 -0.039062000811100006
v 0.6386719942092896 0.7597659826278687 -0.037108998745679855
v -0.6113280057907104 -0.7753909826278687 -0.03515600040555
v 0.6640620231628418 0.6640620231628418 -0.03515600040555
v -0.41601601243019104 0.06445299834012985 -0.03320299834012985
v -0.4140619933605194 0.0664059966802597 -0.03320299834012985
v -0.3515619933605194 0.1640619933605194 -0.03320299834012985
v 0.6074219942092896 0.7949219942092896 -0.03320299834012985
v 0.43164101243019104 0.8535159826278687 -0.03320299834012985
v -0.43164101243019104 -0.8867189884185791 -0.03125
v -0.421875 0.04882799834012985 -0.03125
v -0.40625 0.07617200165987015 -0.03125
v -0.6347659826278687 -0.7304689884185791 -0.029296999797225
v 0.5644530057907104 0.8242189884185791 -0.029296999797225
v 0.4414060115814209 0.8652340173721313 -0.029296999797225
v -0.6542969942092896 -0.6855469942092896 -0.027343999594449997
v 0.6660159826278687 0.6464840173721313 -0.027343999594449997
v 0.43945300579071045 0.8730469942092896 -0.027343999594449997
v -0.4882810115814209 -0.8769530057907104 -0.025390999391674995
v -0.421875 0.03515600040555 -0.025390999391674995
v -0.38867199420928955 0.0859379991889 -0.025390999391674995
v 0.6660159826278687 0.7011719942092896 -0.025390999391674995
v 0.44726601243019104 0.8574219942092896 -0.025390999391674995
v -0.6308590173721313 -0.7324219942092896 -0.023437999188899994
v -0.6367189884185791 -0.7304689884185791 -0.023437999188899994
v 0.44726601243019104 0.8515620231628418 -0.023437999188899994
v 0.6660159826278687 0.6289060115814209 -0.021484000608325005
v 0.44726601243019104 0.8691409826278687 -0.021484000608325005
v -0.5410159826278687 -0.8476560115814209 -0.019531000405550003
v -0.42382800579071045 0.06835900247097015 -0.019531000405550003
v 0.6640620231628418 0.6171879768371582 -0.019531000405550003
v 0.43554699420928955 0.8808590173721313 -0.019531000405550003
v -0.4140619933605194 0.023437999188899994 -0.017578000202775
v -0.4296880066394806 0.052733998745679855 -0.017578000202775
v -0.4140619933605194 0.08007799834012985 -0.017578000202775
v 0.6542969942092896 0.7402340173721313 -0.017578000202775
v 0.453125 0.859375 -0.017578000202775
v -0.41210898756980896 0.019531000405550003 -0.015625
v -0.3671880066394806 0.0898440033197403 -0.015625
v 0.453125 0.8515620231628418 -0.015625
v -0.5878909826278687 -0.8085939884185791 -0.011718999594449997
v -0.6640620231628418 -0.6308590173721313 -0.011718999594449997
v -0.42773398756980896 0.039062000811100006 -0.011718999594449997
v 0.671875 0.6796879768371582 -0.011718999594449997
v 0.44726601243019104 0.875 -0.011718999594449997
v -0.6191409826278687 -0.765625 -0.00976600032299757
v -0.6464840173721313 -0.7285159826278687 -0.00976600032299757
v -0.39648398756980896 0.0898440033197403 -0.00976600032299757
v -0.35742199420928955 0.0898440033197403 -0.00976600032299757
v 0.6289060115814209 0.7773439884185791 -0.00976600032299757
v 0.4296880066394806 0.8867189884185791 -0.0078119998797774315
v -0.42382800579071045 0.06835900247097015 -0.005859000142663717
v 0.45507800579071045 0.8632810115814209 -0.005859000142663717
v -0.6191409826278687 -0.7675780057907104 -0.0039059999398887157
v -0.6132810115814209 -0.765625 -0.0039059999398887157
v -0.39648398756980896 0.011718999594449997 -0.0039059999398887157
v -0.42773398756980896 0.056641001254320145 -0.0039059999398887157
v -0.4140619933605194 0.078125 -0.0039059999398887157
v 0.5917969942092896 0.8105469942092896 -0.0039059999398887157
v -0.3945310115814209 0.00976600032299757 -0.0019529999699443579
v -0.41992199420928955 0.025390999391674995 -0.0019529999699443579
v 0.6738280057907104 0.6582030057907104 -0.0019529999699443579
v 0.4570310115814209 0.8515620231628418 -0.0019529999699443579
v -0.44726601243019104 -0.8847659826278687 0.0
v -0.4257810115814209 0.04492200165987015 -0.0
v -0.375 0.09570299834012985 -0.0
v 0.6640620231628418 0.71875 -0.0
v -0.6660159826278687 -0.6757810115814209 0.0019529999699443579
v 0.44335898756980896 0.8808590173721313 0.0019529999699443579
v -0.39257800579071045 0.08789099752902985 0.0039059999398887157
v -0.3359380066394806 0.08789099752902985 0.0039059999398887157
v 0.671875 0.6367189884185791 0.0039059999398887157
v 0.5078120231628418 0.8457030057907104 0.0039059999398887157
v 0.421875 0.890625 0.0039059999398887157
v -0.5039060115814209 -0.8671879768371582 0.0078119998797774315
v -0.4179689884185791 0.03515600040555 0.0078119998797774315
v 0.671875 0.6230469942092896 0.0078119998797774315
v -0.6289060115814209 -0.765625 0.00976600032299757
v -0.375 0.0078119998797774315 0.00976600032299757
v -0.40429699420928955 0.015625 0.00976600032299757
v 0.6445310115814209 0.7578120231628418 0.00976600032299757
v 0.45117199420928955 0.8691409826278687 0.00976600032299757
v -0.5546879768371582 -0.8339840173721313 0.013671999797224998
v -0.59375 -0.796875 0.013671999797224998
v 0.6699219942092896 0.6933590173721313 0.013671999797224998
v 0.453125 0.8554689884185791 0.013671999797224998
v 0.4335939884185791 0.8847659826278687 0.013671999797224998
v -0.3203119933605194 0.08007799834012985 0.015625
v 0.4140619933605194 0.8925780057907104 0.015625
v -0.59375 -0.796875 0.017578000202775
v -0.6601560115814209 -0.71875 0.017578000202775
v -0.40429699420928955 0.027343999594449997 0.017578000202775
v -0.3710939884185791 0.0898440033197403 0.017578000202775
v -0.5898439884185791 -0.7949219942092896 0.019531000405550003
v -0.6699219942092896 -0.6230469942092896 0.019531000405550003
v -0.35351601243019104 0.00976600032299757 0.019531000405550003
v -0.34570300579071045 0.09179700165987015 0.019531000405550003
v 0.6132810115814209 0.7910159826278687 0.019531000405550003
v 0.4492189884185791 0.8574219942092896 0.021484000608325005
v 0.4414060115814209 0.875 0.021484000608325005
v -0.3828119933605194 0.013671999797224998 0.023437999188899994
v 0.40429699420928955 0.8925780057907104 0.023437999188899994
v -0.31054699420928955 0.06835900247097015 0.025390999391674995
v 0.671875 0.6699219942092896 0.025390999391674995
v 0.42382800579071045 0.8867189884185791 0.025390999391674995
v -0.33789101243019104 0.013671999797224998 0.027343999594449997
v 0.6542969942092896 0.734375 0.027343999594449997
v 0.4453119933605194 0.859375 0.027343999594449997
v -0.38476601243019104 0.023437999188899994 0.029296999797225
v -0.33007800579071045 0.08398400247097015 0.029296999797225
v -0.35351601243019104 0.0859379991889 0.029296999797225
v 0.39648398756980896 0.8886719942092896 0.029296999797225
v -0.46289101243019104 -0.875 0.03125
v -0.6015620231628418 -0.796875 0.03125
v -0.671875 -0.6660159826278687 0.03125
v -0.30664101243019104 0.052733998745679855 0.03125
v 0.6699219942092896 0.6464840173721313 0.03125
v 0.5371090173721313 0.8378909826278687 0.03125
v 0.4140619933605194 0.8867189884185791 0.03125
v -0.3242189884185791 0.023437999188899994 0.03320299834012985
v 0.43164101243019104 0.8789060115814209 0.03320299834012985
v -0.3789060115814209 -0.16601599752902985 0.03515600040555
v -0.31054699420928955 0.037108998745679855 0.03515600040555
v 0.6679689884185791 0.6308590173721313 0.03515600040555
v 0.40429699420928955 0.8847659826278687 0.03515600040555
v -0.5625 -0.8203120231628418 0.037108998745679855
v -0.6425780057907104 -0.7578120231628418 0.037108998745679855
v -0.40820300579071045 -0.2148440033197403 0.037108998745679855
v -0.34179699420928955 -0.12304700165987015 0.037108998745679855
v -0.35742199420928955 0.015625 0.037108998745679855
v 0.49804699420928955 0.8496090173721313 0.037108998745679855
v 0.39648398756980896 0.8769530057907104 0.037108998745679855
v -0.5175780057907104 -0.8515620231628418 0.039062000811100006
v -0.5585939884185791 -0.8144530057907104 0.039062000811100006
v -0.3203119933605194 0.07226599752902985 0.039062000811100006
v -0.3398439884185791 0.078125 0.039062000811100006
v 0.43554699420928955 0.8632810115814209 0.039062000811100006
v 0.41992199420928955 0.8789060115814209 0.039062000811100006
v -0.5625 -0.8183590173721313 0.041016001254320145
v -0.3632810115814209 0.025390999391674995 0.041016001254320145
v 0.6289060115814209 0.7714840173721313 0.041016001254320145
v 0.4335939884185791 0.8632810115814209 0.041016001254320145
v 0.39648398756980896 0.8710939884185791 0.041016001254320145
v 0.40820300579071045 0.8769530057907104 0.041016001254320145
v -0.5585939884185791 -0.8164060115814209 0.04296899959445
v 0.6601560115814209 0.7070310115814209 0.04296899959445
v -0.4296880066394806 -0.26757800579071045 0.04492200165987015
v -0.3007810115814209 -0.0859379991889 0.04492200165987015
v -0.3164060115814209 0.05859399959445 0.04492200165987015
v 0.4453119933605194 0.8652340173721313 0.04492200165987015
v 0.4140619933605194 0.8671879768371582 0.04492200165987015
v 0.41992199420928955 0.8671879768371582 0.04492200165987015
v 0.421875 0.8671879768371582 0.04492200165987015
v 0.4101560115814209 0.8691409826278687 0.04492200165987015
v -0.6660159826278687 -0.7070310115814209 0.046875
v -0.40820300579071045 -0.14648400247097015 0.046875
v -0.33398398756980896 0.029296999797225 0.046875
v -0.33398398756980896 0.0664059966802597 0.046875
v -0.6660159826278687 -0.6171879768371582 0.04882799834012985
v -0.43945300579071045 -0.1992190033197403 0.04882799834012985
v -0.39648398756980896 -0.15429699420928955 0.04882799834012985
v -0.36914101243019104 -0.09960900247097015 0.04882799834012985
v -0.34375 0.037108998745679855 0.04882799834012985
v -0.3203119933605194 0.04296899959445 0.04882799834012985
v -0.33007800579071045 0.06054700165987015 0.04882799834012985
v -0.42773398756980896 -0.20507800579071045 0.05078100040555
v -0.359375 -0.109375 0.05078100040555
v -0.33398398756980896 0.04882799834012985 0.05078100040555
v 0.6621090173721313 0.6816409826278687 0.052733998745679855
v -0.5703120231628418 -0.8183590173721313 0.054687999188899994
v -0.4609380066394806 -0.2539060115814209 0.056641001254320145
v -0.3867189884185791 -0.1601559966802597 0.056641001254320145
v 0.5625 0.8261719942092896 0.056641001254320145
v -0.6171879768371582 -0.7890620231628418 0.05859399959445
v -0.44335898756980896 -0.32226601243019104 0.05859399959445
v -0.4492189884185791 -0.2578119933605194 0.05859399959445
v -0.41601601243019104 -0.20898400247097015 0.05859399959445
v -0.3515619933605194 -0.1171879991889 0.05859399959445
v -0.3164060115814209 -0.0703120008111 0.05859399959445
v -0.3242189884185791 -0.06054700165987015 0.05859399959445
v -0.25585898756980896 -0.054687999188899994 0.05859399959445
v 0.640625 0.7460939884185791 0.05859399959445
v 0.46289101243019104 0.8632810115814209 0.05859399959445
v -0.5253909826278687 -0.828125 0.06054700165987015
v -0.6679689884185791 -0.65625 0.06054700165987015
v 0.6601560115814209 0.65625 0.06054700165987015
v 0.5273439884185791 0.8417969942092896 0.06054700165987015
v -0.4765619933605194 -0.859375 0.0625
v -0.5273439884185791 -0.8359379768371582 0.0625
v -0.5273439884185791 -0.8320310115814209 0.06445299834012985
v -0.6503909826278687 -0.7441409826278687 0.06445299834012985
v 0.6582030057907104 0.640625 0.06445299834012985
v -0.5253909826278687 -0.8300780057907104 0.0664059966802597
v -0.4375 -0.2617189884185791 0.0664059966802597
v -0.31054699420928955 -0.08007799834012985 0.0664059966802597
v -0.3867189884185791 -0.16210900247097015 0.0703120008111
v -0.46289101243019104 -0.31445300579071045 0.07226599752902985
v -0.4765619933605194 -0.3125 0.07226599752902985
v -0.4140619933605194 -0.20898400247097015 0.07226599752902985
v -0.3515619933605194 -0.11914099752902985 0.07226599752902985
v -0.2695310115814209 -0.039062000811100006 0.07226599752902985
v -0.27539101243019104 -0.027343999594449997 0.07226599752902985
v 0.6464840173721313 0.7207030057907104 0.07226599752902985
v -0.6640620231628418 -0.6953120231628418 0.0742190033197403
v -0.6523439884185791 -0.6113280057907104 0.07617200165987015
v -0.5351560115814209 -0.8339840173721313 0.078125
v -0.44726601243019104 -0.37695300579071045 0.078125
v -0.3789060115814209 -0.1679690033197403 0.078125
v -0.2070309966802597 -0.03125 0.078125
v 0.4882810115814209 0.8574219942092896 0.078125
v -0.45117199420928955 -0.31445300579071045 0.08007799834012985
v -0.43554699420928955 -0.25976601243019104 0.08007799834012985
v -0.40625 -0.21289099752902985 0.08007799834012985
v -0.34375 -0.12695300579071045 0.08007799834012985
v -0.3125 -0.0820309966802597 0.08007799834012985
v -0.265625 -0.04882799834012985 0.08007799834012985
v -0.4882810115814209 -0.8339840173721313 0.0820309966802597
v -0.5859379768371582 -0.8105469942092896 0.0820309966802597
v 0.5839840173721313 0.8105469942092896 0.0820309966802597
v 0.6484379768371582 0.6933590173721313 0.08398400247097015
v 0.5507810115814209 0.8300780057907104 0.08398400247097015
v -0.4882810115814209 -0.84375 0.0859379991889
v -0.49023398756980896 -0.8398439884185791 0.0859379991889
v -0.6269530057907104 -0.7753909826278687 0.0859379991889
v -0.65625 -0.6464840173721313 0.0859379991889
v -0.4882810115814209 -0.8378909826278687 0.08789099752902985
v -0.42382800579071045 -0.2617189884185791 0.08789099752902985
v -0.3046880066394806 -0.09179700165987015 0.08789099752902985
v -0.6503909826278687 -0.7285159826278687 0.09179700165987015
v -0.48242199420928955 -0.37304699420928955 0.09179700165987015
v -0.46875 -0.37304699420928955 0.09179700165987015
v -0.44726601243019104 -0.3125 0.09179700165987015
v -0.21875 -0.015625 0.09179700165987015
v -0.22460900247097015 -0.0019529999699443579 0.09179700165987015
v 0.6464840173721313 0.6679689884185791 0.09179700165987015
v -0.26757800579071045 -0.052733998745679855 0.09375
v -0.6308590173721313 -0.6074219942092896 0.09570299834012985
v 0.6445310115814209 0.6523439884185791 0.09570299834012985
v -0.6523439884185791 -0.6796879768371582 0.0976559966802597
v -0.45507800579071045 -0.36914101243019104 0.0976559966802597
v -0.49804699420928955 -0.8398439884185791 0.09960900247097015
v -0.4414060115814209 -0.43164101243019104 0.09960900247097015
v -0.43554699420928955 -0.31054699420928955 0.09960900247097015
v -0.21875 -0.025390999391674995 0.09960900247097015
v 0.5136719942092896 0.8496090173721313 0.09960900247097015
v 0.45117199420928955 0.8652340173721313 0.09960900247097015
v -0.4179689884185791 -0.29101601243019104 0.1015620008111
v -0.2617189884185791 -0.06445299834012985 0.1015620008111
v -0.15625 -0.015625 0.1015620008111
v 0.5996090173721313 0.7910159826278687 0.1015620008111
v -0.6347659826278687 -0.6367189884185791 0.10351599752902985
v -0.41992199420928955 -0.3007810115814209 0.10351599752902985
v -0.5507810115814209 -0.8261719942092896 0.1054690033197403
v 0.5722659826278687 0.8144530057907104 0.1054690033197403
v -0.4179689884185791 -0.3085939884185791 0.10742200165987015
v 0.46289101243019104 0.8632810115814209 0.10742200165987015
v -0.5957030057907104 -0.796875 0.109375
v -0.45117199420928955 -0.36523398756980896 0.109375
v -0.4179689884185791 -0.3085939884185791 0.109375
v -0.6289060115814209 -0.7558590173721313 0.11132799834012985
v -0.6035159826278687 -0.6054689884185791 0.11132799834012985
v 0.3554689884185791 0.7226560115814209 0.11132799834012985
v -0.640625 -0.7089840173721313 0.1132809966802597
v -0.22070300579071045 -0.029296999797225 0.1132809966802597
v -0.6328120231628418 -0.6640620231628418 0.11523400247097015
v -0.4765619933605194 -0.43164101243019104 0.11523400247097015
v -0.46289101243019104 -0.42773398756980896 0.11523400247097015
v -0.4257810115814209 -0.2851560115814209 0.11523400247097015
v -0.35742199420928955 -0.24023400247097015 0.11523400247097015
v -0.6054689884185791 -0.625 0.1171879991889
v -0.43945300579071045 -0.36132800579071045 0.1171879991889
v -0.42773398756980896 -0.29492199420928955 0.1171879991889
v -0.1679690033197403 0.0 0.1171879991889
v -0.171875 0.013671999797224998 0.1171879991889
v -0.4492189884185791 -0.421875 0.11914099752902985
v 0.6113280057907104 0.7675780057907104 0.11914099752902985
v 0.5371090173721313 0.8378909826278687 0.11914099752902985
v -0.3515619933605194 -0.24804699420928955 0.1210940033197403
v -0.21679699420928955 -0.039062000811100006 0.1210940033197403
v 0.609375 0.4296880066394806 0.1210940033197403
v -0.4257810115814209 -0.30273398756980896 0.12304700165987015
v -0.421875 -0.28125 0.12304700165987015
v -0.1679690033197403 -0.00976600032299757 0.12304700165987015
v 0.6074219942092896 0.4179689884185791 0.12304700165987015
v 0.609375 0.43945300579071045 0.12304700165987015
v 0.36523398756980896 0.71875 0.12304700165987015
v 0.484375 0.8574219942092896 0.12304700165987015
v -0.3632810115814209 -0.234375 0.125
v 0.609375 0.4492189884185791 0.125
v 0.5898439884185791 0.7949219942092896 0.125
v -0.6054689884185791 -0.6503909826278687 0.12695300579071045
v -0.42773398756980896 -0.4804689884185791 0.12695300579071045
v -0.42382800579071045 -0.2929689884185791 0.12695300579071045
v 0.6210939884185791 0.4257810115814209 0.12695300579071045
v 0.34960898756980896 0.7304689884185791 0.12695300579071045
v -0.5117189884185791 -0.8320310115814209 0.1289059966802597
v -0.6230469942092896 -0.6875 0.1289059966802597
v -0.10351599752902985 -0.00976600032299757 0.1289059966802597
v 0.6191409826278687 0.41601601243019104 0.1289059966802597
v 0.6230469942092896 0.43554699420928955 0.1289059966802597
v 0.609375 0.4570310115814209 0.1289059966802597
v -0.6230469942092896 -0.7324219942092896 0.13085900247097015
v -0.4453119933605194 -0.41601601243019104 0.13085900247097015
v 0.6230469942092896 0.4453119933605194 0.13085900247097015
v -0.5625 -0.8105469942092896 0.1328119933605194
v -0.6015620231628418 -0.7753909826278687 0.1328119933605194
v -0.3515619933605194 -0.27929699420928955 0.1328119933605194
v -0.3671880066394806 -0.2382809966802597 0.1328119933605194
v 0.6210939884185791 0.453125 0.1328119933605194
v 0.6191409826278687 0.7421879768371582 0.1328119933605194
v 0.43554699420928955 0.859375 0.1328119933605194
v -0.171875 -0.013671999797224998 0.13476599752902985
v 0.6074219942092896 0.4648439884185791 0.13476599752902985
v 0.3789060115814209 0.7578120231628418 0.13476599752902985
v 0.5 0.8515620231628418 0.13476599752902985
v -0.5996090173721313 -0.6679689884185791 0.1367190033197403
v -0.4335939884185791 -0.4101560115814209 0.1367190033197403
v -0.39648398756980896 -0.34960898756980896 0.1367190033197403
v 0.5957030057907104 0.36523398756980896 0.1367190033197403
v 0.36132800579071045 0.7265620231628418 0.1367190033197403
v -0.36132800579071045 -0.2421880066394806 0.13867199420928955
v 0.6191409826278687 0.45898398756980896 0.13867199420928955
v 0.38867199420928955 0.7011719942092896 0.13867199420928955
v 0.5585939884185791 0.8203120231628418 0.13867199420928955
v 0.44726601243019104 0.8574219942092896 0.13867199420928955
v -0.16992199420928955 -0.025390999391674995 0.140625
v 0.6269530057907104 0.41601601243019104 0.140625
v 0.6269530057907104 0.42382800579071045 0.140625
v 0.6289060115814209 0.43164101243019104 0.140625
v 0.6054689884185791 0.46875 0.140625
v 0.6015620231628418 0.7714840173721313 0.140625
v -0.44726601243019104 -0.47851601243019104 0.14257800579071045
v -0.390625 -0.35742199420928955 0.14257800579071045
v -0.21679699420928955 -0.28710898756980896 0.14257800579071045
v -0.20507800579071045 -0.27148398756980896 0.14257800579071045
v 0.5898439884185791 0.34570300579071045 0.14257800579071045
v 0.6289060115814209 0.43945300579071045 0.14257800579071045
v 0.37695300579071045 0.7597659826278687 0.14257800579071045
v -0.6074219942092896 -0.7070310115814209 0.1445309966802597
v -0.4609380066394806 -0.484375 0.1445309966802597
v -0.359375 -0.32226601243019104 0.1445309966802597
v -0.22460900247097015 -0.3046880066394806 0.1445309966802597
v -0.1953119933605194 -0.2578119933605194 0.1445309966802597
v -0.11523400247097015 0.005859000142663717 0.1445309966802597
v 0.6074219942092896 0.359375 0.1445309966802597
v 0.6171879768371582 0.4648439884185791 0.1445309966802597
v 0.6210939884185791 0.7167969942092896 0.1445309966802597
v -0.43554699420928955 -0.4726560115814209 0.14648400247097015
v 0.6269530057907104 0.44726601243019104 0.14648400247097015
v 0.6035159826278687 0.4726560115814209 0.14648400247097015
v 0.3945310115814209 0.7539060115814209 0.14648400247097015
v -0.5878909826278687 -0.6835939884185791 0.1484380066394806
v -0.3828119933605194 -0.36132800579071045 0.1484380066394806
v -0.2304690033197403 -0.32226601243019104 0.1484380066394806
v -0.35742199420928955 -0.27539101243019104 0.1484380066394806
v -0.1796880066394806 -0.2460940033197403 0.1484380066394806
v -0.1171879991889 0.019531000405550003 0.1484380066394806
v 0.6054689884185791 0.34960898756980896 0.1484380066394806
v -0.5976560115814209 -0.7480469942092896 0.15039099752902985
v -0.375 -0.35742199420928955 0.15039099752902985
v -0.36523398756980896 -0.2773439884185791 0.15039099752902985
v -0.11523400247097015 -0.0039059999398887157 0.15039099752902985
v 0.625 0.45117199420928955 0.15039099752902985
v 0.6132810115814209 0.46875 0.15039099752902985
v -0.23242199420928955 -0.3398439884185791 0.1523440033197403
v -0.16601599752902985 -0.23632800579071045 0.1523440033197403
v 0.6015620231628418 0.34179699420928955 0.1523440033197403
v 0.6191409826278687 0.6933590173721313 0.1523440033197403
v 0.5234379768371582 0.8398439884185791 0.1523440033197403
v -0.5234379768371582 -0.8164060115814209 0.15429699420928955
v -0.5683590173721313 -0.7890620231628418 0.15429699420928955
v -0.39648398756980896 -0.3515619933605194 0.15429699420928955
v 0.5996090173721313 0.47460898756980896 0.15429699420928955
v 0.4023439884185791 0.6738280057907104 0.15429699420928955
v 0.3867189884185791 0.7089840173721313 0.15429699420928955
v 0.609375 0.7480469942092896 0.15429699420928955
v 0.3945310115814209 0.7558590173721313 0.15429699420928955
v 0.41992199420928955 0.84375 0.15429699420928955
v 0.46875 0.8515620231628418 0.15429699420928955
v -0.40429699420928955 -0.5253909826278687 0.15625
v -0.43164101243019104 -0.4648439884185791 0.15625
v -0.36523398756980896 -0.3164060115814209 0.15625
v 0.5820310115814209 0.33007800579071045 0.15625
v 0.6152340173721313 0.3632810115814209 0.15625
v 0.6230469942092896 0.4570310115814209 0.15625
v 0.6171879768371582 0.6796879768371582 0.15625
v 0.5761719942092896 0.8007810115814209 0.15625
v -0.234375 -0.35742199420928955 0.15820300579071045
v -0.37304699420928955 -0.31054699420928955 0.15820300579071045
v -0.3085939884185791 -0.28320300579071045 0.15820300579071045
v -0.15039099752902985 -0.22851599752902985 0.15820300579071045
v 0.5976560115814209 0.33398398756980896 0.15820300579071045
v 0.6113280057907104 0.3554689884185791 0.15820300579071045
v 0.609375 0.4726560115814209 0.15820300579071045
v -0.5878909826278687 -0.7207030057907104 0.1601559966802597
v -0.5722659826278687 -0.6933590173721313 0.1601559966802597
v -0.38867199420928955 -0.3554689884185791 0.1601559966802597
v 0.4296880066394806 0.8417969942092896 0.1601559966802597
v -0.41992199420928955 -0.4570310115814209 0.16210900247097015
v -0.38085898756980896 -0.3515619933605194 0.16210900247097015
v -0.30273398756980896 -0.2890619933605194 0.16210900247097015
v -0.11914099752902985 -0.00976600032299757 0.16210900247097015
v 0.609375 0.3476560115814209 0.16210900247097015
v 0.3671880066394806 0.7675780057907104 0.16210900247097015
v -0.390625 -0.3476560115814209 0.1640619933605194
v 0.59375 0.328125 0.1640619933605194
v 0.59375 0.4765619933605194 0.1640619933605194
v 0.40429699420928955 0.6445310115814209 0.1640619933605194
v 0.6113280057907104 0.7226560115814209 0.1640619933605194
v 0.36914101243019104 0.7773439884185791 0.1640619933605194
v 0.48242199420928955 0.8457030057907104 0.1640619933605194
v -0.2304690033197403 -0.375 0.16601599752902985
v -0.29882800579071045 -0.2929689884185791 0.16601599752902985
v -0.1367190033197403 -0.2226559966802597 0.16601599752902985
v -0.039062000811100006 -0.015625 0.16601599752902985
v 0.6054689884185791 0.34179699420928955 0.16601599752902985
v 0.6210939884185791 0.4570310115814209 0.16601599752902985
v 0.421875 0.7382810115814209 0.16601599752902985
v 0.40625 0.8203120231628418 0.16601599752902985
v -0.1210940033197403 -0.023437999188899994 0.1679690033197403
v -0.5703120231628418 -0.7597659826278687 0.16992199420928955
v -0.296875 -0.30273398756980896 0.16992199420928955
v -0.2460940033197403 -0.28320300579071045 0.16992199420928955
v -0.234375 -0.26367199420928955 0.16992199420928955
v -0.25976601243019104 -0.2460940033197403 0.16992199420928955
v -0.22070300579071045 -0.2460940033197403 0.16992199420928955
v 0.5742189884185791 0.32226601243019104 0.16992199420928955
v 0.5898439884185791 0.32226601243019104 0.16992199420928955
v 0.6035159826278687 0.47460898756980896 0.16992199420928955
v 0.40039101243019104 0.6796879768371582 0.16992199420928955
v 0.5429689884185791 0.8222659826278687 0.16992199420928955
v -0.5546879768371582 -0.7011719942092896 0.171875
v -0.3125 -0.32617199420928955 0.171875
v -0.2734380066394806 -0.2695310115814209 0.171875
v -0.2421880066394806 -0.22460900247097015 0.171875
v 0.6015620231628418 0.3359380066394806 0.171875
v 0.6171879768371582 0.4609380066394806 0.171875
v 0.6113280057907104 0.6992189884185791 0.171875
v 0.5878909826278687 0.7773439884185791 0.171875
v 0.3945310115814209 0.7949219942092896 0.171875
v 0.4140619933605194 0.8183590173721313 0.171875
v -0.5332030057907104 -0.7929689884185791 0.17382800579071045
v -0.42382800579071045 -0.5253909826278687 0.17382800579071045
v -0.296875 -0.3125 0.17382800579071045
v -0.2539060115814209 -0.3046880066394806 0.17382800579071045
v -0.3125 -0.27929699420928955 0.17382800579071045
v -0.203125 -0.2304690033197403 0.17382800579071045
v 0.5898439884185791 0.4765619933605194 0.17382800579071045
v 0.421875 0.7402340173721313 0.17382800579071045
v 0.38476601243019104 0.7636719942092896 0.17382800579071045
v 0.4492189884185791 0.8359379768371582 0.17382800579071045
v -0.5644530057907104 -0.7304689884185791 0.1757809966802597
v -0.4375 -0.53125 0.1757809966802597
v -0.41210898756980896 -0.515625 0.1757809966802597
v -0.2265619933605194 -0.390625 0.1757809966802597
v -0.30273398756980896 -0.32226601243019104 0.1757809966802597
v -0.3007810115814209 -0.31835898756980896 0.1757809966802597
v -0.28320300579071045 -0.29492199420928955 0.1757809966802597
v -0.25976601243019104 -0.27539101243019104 0.1757809966802597
v -0.24804699420928955 -0.25585898756980896 0.1757809966802597
v -0.22070300579071045 -0.2070309966802597 0.1757809966802597
v 0.609375 0.6875 0.1757809966802597
v -0.23242199420928955 -0.23632800579071045 0.17773400247097015
v -0.1132809966802597 -0.2226559966802597 0.17773400247097015
v 0.5839840173721313 0.3203119933605194 0.17773400247097015
v 0.5976560115814209 0.3320310115814209 0.17773400247097015
v 0.5996090173721313 0.4726560115814209 0.17773400247097015
v 0.3867189884185791 0.7734379768371582 0.17773400247097015
v 0.40039101243019104 0.7929689884185791 0.17773400247097015
v -0.2578119933605194 -0.32617199420928955 0.1796880066394806
v -0.2695310115814209 -0.29882800579071045 0.1796880066394806
v -0.3046880066394806 -0.28710898756980896 0.1796880066394806
v -0.3125 -0.28320300579071045 0.1796880066394806
v -0.1835940033197403 -0.21875 0.1796880066394806
v 0.6132810115814209 0.4609380066394806 0.1796880066394806
v 0.5019530057907104 0.8339840173721313 0.1796880066394806
v -0.22070300579071045 -0.3984380066394806 0.18164099752902985
v -0.2890619933605194 -0.32226601243019104 0.18164099752902985
v -0.21289099752902985 -0.21875 0.18164099752902985
v 0.5429689884185791 0.08789099752902985 0.18164099752902985
v 0.5429689884185791 0.09179700165987015 0.18164099752902985
v 0.5839840173721313 0.4726560115814209 0.18164099752902985
v 0.40429699420928955 0.6484379768371582 0.18164099752902985
v 0.4375 0.7128909826278687 0.18164099752902985
v -0.31835898756980896 -0.3203119933605194 0.1835940033197403
v -0.30273398756980896 -0.296875 0.1835940033197403
v -0.19726599752902985 -0.19335900247097015 0.1835940033197403
v -0.13085900247097015 -0.08007799834012985 0.1835940033197403
v -0.125 -0.07226599752902985 0.1835940033197403
v -0.046875 0.0 0.1835940033197403
v 0.5429689884185791 0.09570299834012985 0.1835940033197403
v 0.5800780057907104 0.3203119933605194 0.1835940033197403
v 0.59375 0.33007800579071045 0.1835940033197403
v 0.5957030057907104 0.7539060115814209 0.1835940033197403
v 0.43164101243019104 0.8144530057907104 0.1835940033197403
v 0.4609380066394806 0.8320310115814209 0.1835940033197403
v -0.5292969942092896 -0.7050780057907104 0.18554699420928955
v -0.4101560115814209 -0.5078120231628418 0.18554699420928955
v -0.2578119933605194 -0.3476560115814209 0.18554699420928955
v -0.2734380066394806 -0.32226601243019104 0.18554699420928955
v -0.3046880066394806 -0.30664101243019104 0.18554699420928955
v -0.1171879991889 -0.0664059966802597 0.18554699420928955
v -0.052733998745679855 -0.00976600032299757 0.18554699420928955
v 0.5429689884185791 0.1015620008111 0.18554699420928955
v 0.609375 0.4609380066394806 0.18554699420928955
v 0.5957030057907104 0.47070300579071045 0.18554699420928955
v 0.5585939884185791 0.8027340173721313 0.18554699420928955
v -0.5371090173721313 -0.765625 0.1875
v -0.31054699420928955 -0.3164060115814209 0.1875
v -0.31835898756980896 -0.3125 0.1875
v -0.31054699420928955 -0.30273398756980896 0.1875
v -0.1640619933605194 -0.2109380066394806 0.1875
v -0.19335900247097015 -0.2070309966802597 0.1875
v -0.1132809966802597 -0.0664059966802597 0.1875
v -0.04882799834012985 0.013671999797224998 0.1875
v 0.5429689884185791 0.10742200165987015 0.1875
v 0.5644530057907104 0.3242189884185791 0.1875
v 0.41601601243019104 0.7890620231628418 0.1875
v -0.5351560115814209 -0.734375 0.18945300579071045
v -0.375 -0.5644530057907104 0.18945300579071045
v -0.40039101243019104 -0.49804699420928955 0.18945300579071045
v -0.09570299834012985 -0.2265619933605194 0.18945300579071045
v -0.10742200165987015 -0.06445299834012985 0.18945300579071045
v 0.5546879768371582 0.08007799834012985 0.18945300579071045
v 0.5566409826278687 0.0898440033197403 0.18945300579071045
v 0.5566409826278687 0.0976559966802597 0.18945300579071045
v 0.5898439884185791 0.328125 0.18945300579071045
v 0.4375 0.7148439884185791 0.18945300579071045
v -0.21289099752902985 -0.41210898756980896 0.1914059966802597
v -0.2890619933605194 -0.34960898756980896 0.1914059966802597
v 0.5546879768371582 0.10742200165987015 0.1914059966802597
v 0.5410159826278687 0.1171879991889 0.1914059966802597
v 0.5742189884185791 0.3203119933605194 0.1914059966802597
v 0.6054689884185791 0.4570310115814209 0.1914059966802597
v 0.578125 0.4648439884185791 0.1914059966802597
v 0.5917969942092896 0.46679699420928955 0.1914059966802597
v 0.43945300579071045 0.8105469942092896 0.1914059966802597
v -0.2734380066394806 -0.34570300579071045 0.19335900247097015
v -0.17382800579071045 -0.1835940033197403 0.19335900247097015
v -0.06835900247097015 -0.013671999797224998 0.19335900247097015
v 0.5527340173721313 0.11523400247097015 0.19335900247097015
v 0.4414060115814209 0.6816409826278687 0.19335900247097015
v 0.5976560115814209 0.7304689884185791 0.19335900247097015
v 0.421875 0.7851560115814209 0.19335900247097015
v -0.2539060115814209 -0.3671880066394806 0.1953119933605194
v -0.1367190033197403 -0.0742190033197403 0.1953119933605194
v -0.13085900247097015 -0.06835900247097015 0.1953119933605194
v 0.5761719942092896 0.45507800579071045 0.1953119933605194
v 0.41210898756980896 0.7480469942092896 0.1953119933605194
v 0.5214840173721313 0.8183590173721313 0.1953119933605194
v -0.171875 -0.19726599752902985 0.19726599752902985
v -0.14648400247097015 -0.14257800579071045 0.19726599752902985
v -0.12304700165987015 -0.0625 0.19726599752902985
v 0.0078119998797774315 -0.03125 0.19726599752902985
v 0.5488280057907104 0.1210940033197403 0.19726599752902985
v 0.5859379768371582 0.33007800579071045 0.19726599752902985
v 0.6015620231628418 0.453125 0.19726599752902985
v 0.5878909826278687 0.4609380066394806 0.19726599752902985
v 0.47851601243019104 0.8222659826278687 0.19726599752902985
v -0.0820309966802597 -0.234375 0.1992190033197403
v -0.0742190033197403 -0.025390999391674995 0.1992190033197403
v 0.5449219942092896 0.12695300579071045 0.1992190033197403
v 0.5703120231628418 0.3242189884185791 0.1992190033197403
v 0.5957030057907104 0.7070310115814209 0.1992190033197403
v 0.5703120231628418 0.78125 0.1992190033197403
v -0.20117199420928955 -0.421875 0.20117199420928955
v -0.1445309966802597 -0.15039099752902985 0.20117199420928955
v -0.1132809966802597 -0.06054700165987015 0.20117199420928955
v 0.5371090173721313 0.13085900247097015 0.20117199420928955
v 0.5585939884185791 0.33398398756980896 0.20117199420928955
v 0.5996090173721313 0.4453119933605194 0.20117199420928955
v 0.5839840173721313 0.453125 0.20117199420928955
v 0.4414060115814209 0.6835939884185791 0.20117199420928955
v 0.59375 0.6953120231628418 0.20117199420928955
v 0.41601601243019104 0.7558590173721313 0.20117199420928955
v -0.28320300579071045 -0.37304699420928955 0.203125
v -0.1328119933605194 -0.0742190033197403 0.203125
v -0.125 -0.0664059966802597 0.203125
v -0.08789099752902985 -0.0664059966802597 0.203125
v -0.0898440033197403 -0.06445299834012985 0.203125
v 0.5605469942092896 0.078125 0.203125
v 0.5625 0.08789099752902985 0.203125
v 0.5820310115814209 0.3320310115814209 0.203125
v 0.4335939884185791 0.7792969942092896 0.203125
v 0.45507800579071045 0.8027340173721313 0.203125
v -0.2695310115814209 -0.3671880066394806 0.20507800579071045
v 0.5625 0.09570299834012985 0.20507800579071045
v 0.5683590173721313 0.33007800579071045 0.20507800579071045
v -0.39257800579071045 -0.5644530057907104 0.2070309966802597
v -0.3828119933605194 -0.5546879768371582 0.2070309966802597
v -0.2460940033197403 -0.3867189884185791 0.2070309966802597
v -0.13867199420928955 -0.15820300579071045 0.2070309966802597
v 0.5605469942092896 0.10351599752902985 0.2070309966802597
v -0.13085900247097015 -0.20507800579071045 0.20898400247097015
v -0.08007799834012985 -0.0703120008111 0.20898400247097015
v 0.5800780057907104 0.3359380066394806 0.20898400247097015
v 0.5351560115814209 0.8007810115814209 0.20898400247097015
v -0.40429699420928955 -0.5722659826278687 0.2109380066394806
v -0.06835900247097015 -0.2421880066394806 0.2109380066394806
v -0.1523440033197403 -0.13867199420928955 0.2109380066394806
v 0.5585939884185791 0.11132799834012985 0.2109380066394806
v 0.5644530057907104 0.3359380066394806 0.2109380066394806
v 0.5546879768371582 0.3476560115814209 0.2109380066394806
v 0.5761719942092896 0.7578120231628418 0.2109380066394806
v 0.4960939884185791 0.8085939884185791 0.2109380066394806
v -0.18945300579071045 -0.43164101243019104 0.21289099752902985
v -0.13085900247097015 -0.1601559966802597 0.21289099752902985
v 0.578125 0.34179699420928955 0.21289099752902985
v 0.42773398756980896 0.7226560115814209 0.21289099752902985
v 0.4453119933605194 0.7714840173721313 0.21289099752902985
v -0.1523440033197403 -0.14648400247097015 0.2148440033197403
v -0.0742190033197403 -0.07617200165987015 0.2148440033197403
v -0.09375 -0.0625 0.2148440033197403
v 0.5566409826278687 0.1171879991889 0.2148440033197403
v 0.5644530057907104 0.34375 0.2148440033197403
v 0.5546879768371582 0.36914101243019104 0.2148440033197403
v 0.46875 0.7929689884185791 0.2148440033197403
v -0.38085898756980896 -0.5449219942092896 0.21679699420928955
v -0.2734380066394806 -0.3945310115814209 0.21679699420928955
v -0.25976601243019104 -0.38867199420928955 0.21679699420928955
v -0.13476599752902985 -0.17773400247097015 0.21679699420928955
v -0.15039099752902985 -0.13867199420928955 0.21679699420928955
v -0.005859000142663717 -0.025390999391674995 0.21679699420928955
v 0.0019529999699443579 -0.015625 0.21679699420928955
v 0.578125 0.34960898756980896 0.21679699420928955
v -0.3710939884185791 -0.5351560115814209 0.21875
v -0.234375 -0.40429699420928955 0.21875
v -0.1367190033197403 -0.1914059966802597 0.21875
v -0.07226599752902985 -0.08398400247097015 0.21875
v 0.5625 0.35351601243019104 0.21875
v 0.578125 0.35742199420928955 0.21875
v 0.578125 0.7363280057907104 0.21875
v 0.45117199420928955 0.7636719942092896 0.21875
v 0.1835940033197403 -0.875 0.22070300579071045
v -0.17382800579071045 -0.43554699420928955 0.22070300579071045
v -0.1445309966802597 -0.15625 0.22070300579071045
v -0.08789099752902985 -0.0664059966802597 0.22070300579071045
v 0.5546879768371582 0.12304700165987015 0.22070300579071045
v 0.5625 0.3632810115814209 0.22070300579071045
v 0.5800780057907104 0.3671880066394806 0.22070300579071045
v 0.5644530057907104 0.37304699420928955 0.22070300579071045
v 0.5800780057907104 0.375 0.22070300579071045
v 0.4335939884185791 0.7285159826278687 0.22070300579071045
v 0.546875 0.78125 0.22070300579071045
v -0.11132799834012985 -0.2070309966802597 0.2226559966802597
v -0.14648400247097015 -0.1484380066394806 0.2226559966802597
v 0.0019529999699443579 -0.0019529999699443579 0.2226559966802597
v 0.5761719942092896 0.7148439884185791 0.2226559966802597
v 0.5078120231628418 0.7949219942092896 0.2226559966802597
v -0.3359380066394806 -0.5957030057907104 0.22460900247097015
v -0.1132809966802597 -0.16210900247097015 0.22460900247097015
v -0.09179700165987015 -0.06835900247097015 0.22460900247097015
v -0.017578000202775 -0.027343999594449997 0.22460900247097015
v 0.5273439884185791 0.13867199420928955 0.22460900247097015
v 0.43164101243019104 0.6914060115814209 0.22460900247097015
v 0.5742189884185791 0.703125 0.22460900247097015
v 0.47851601243019104 0.7832030057907104 0.22460900247097015
v 0.49804699420928955 -0.109375 0.2265619933605194
v -0.0820309966802597 -0.07226599752902985 0.2265619933605194
v 0.5507810115814209 0.125 0.2265619933605194
v 0.45898398756980896 0.7539060115814209 0.2265619933605194
v -0.1054690033197403 -0.1601559966802597 0.22851599752902985
v 0.5117189884185791 -0.09960900247097015 0.22851599752902985
v -0.025390999391674995 -0.039062000811100006 0.22851599752902985
v -0.15820300579071045 -0.4375 0.2304690033197403
v -0.24804699420928955 -0.40625 0.2304690033197403
v -0.04882799834012985 -0.265625 0.2304690033197403
v -0.11132799834012985 -0.1796880066394806 0.2304690033197403
v -0.08007799834012985 -0.08007799834012985 0.2304690033197403
v -0.0898440033197403 -0.078125 0.2304690033197403
v 0.05078100040555 -0.054687999188899994 0.2304690033197403
v 0.5527340173721313 0.7597659826278687 0.2304690033197403
v -0.22070300579071045 -0.4179689884185791 0.23242199420928955
v -0.25976601243019104 -0.4140619933605194 0.23242199420928955
v -0.11523400247097015 -0.19335900247097015 0.23242199420928955
v -0.09960900247097015 -0.1601559966802597 0.23242199420928955
v 0.5527340173721313 0.12304700165987015 0.23242199420928955
v 0.5234379768371582 0.14257800579071045 0.23242199420928955
v 0.4375 0.6953120231628418 0.23242199420928955
v 0.46289101243019104 0.7421879768371582 0.23242199420928955
v 0.48632800579071045 0.7714840173721313 0.23242199420928955
v 0.5175780057907104 0.7773439884185791 0.23242199420928955
v 0.17382800579071045 -0.9042969942092896 0.234375
v 0.21289099752902985 -0.875 0.234375
v -0.09375 -0.2148440033197403 0.234375
v -0.09179700165987015 -0.15429699420928955 0.234375
v -0.08789099752902985 -0.14648400247097015 0.234375
v 0.5117189884185791 -0.10742200165987015 0.234375
v 0.5273439884185791 0.13867199420928955 0.234375
v -0.11914099752902985 -0.15820300579071045 0.23632800579071045
v -0.04492200165987015 -0.2773439884185791 0.2382809966802597
v 0.5488280057907104 0.12695300579071045 0.2382809966802597
v 0.46875 0.7324219942092896 0.2382809966802597
v 0.5546879768371582 0.7402340173721313 0.2382809966802597
v -0.140625 -0.43554699420928955 0.24023400247097015
v -0.11914099752902985 -0.1523440033197403 0.24023400247097015
v 0.49023398756980896 -0.12695300579071045 0.24023400247097015
v 0.5097659826278687 -0.11523400247097015 0.24023400247097015
v 0.4921880066394806 0.7578120231628418 0.24023400247097015
v -0.3515619933605194 -0.5976560115814209 0.2421880066394806
v -0.34375 -0.5859379768371582 0.2421880066394806
v -0.109375 -0.15625 0.2421880066394806
v 0.5507810115814209 0.7109379768371582 0.2421880066394806
v 0.47070300579071045 0.7207030057907104 0.2421880066394806
v 0.5527340173721313 0.7207030057907104 0.2421880066394806
v 0.5234379768371582 0.7597659826278687 0.2421880066394806
v 0.2382809966802597 -0.8691409826278687 0.24414099752902985
v -0.23242199420928955 -0.41992199420928955 0.24414099752902985
v 0.4882810115814209 -0.1289059966802597 0.24414099752902985
v 0.5195310115814209 -0.0898440033197403 0.24414099752902985
v 0.5449219942092896 0.12695300579071045 0.24414099752902985
v 0.4648439884185791 0.7089840173721313 0.24414099752902985
v -0.20117199420928955 -0.42773398756980896 0.2460940033197403
v -0.039062000811100006 -0.29492199420928955 0.2460940033197403
v -0.09570299834012985 -0.20117199420928955 0.2460940033197403
v -0.0898440033197403 -0.1875 0.2460940033197403
v -0.1015620008111 -0.15039099752902985 0.2460940033197403
v -0.10742200165987015 -0.1445309966802597 0.2460940033197403
v -0.09570299834012985 -0.14257800579071045 0.2460940033197403
v 0.5058590173721313 -0.1210940033197403 0.2460940033197403
v 0.4960939884185791 0.7441409826278687 0.2460940033197403
v -0.3632810115814209 -0.6054689884185791 0.24804699420928955
v -0.125 -0.4335939884185791 0.24804699420928955
v -0.2421880066394806 -0.4296880066394806 0.24804699420928955
v -0.078125 -0.22460900247097015 0.24804699420928955
v 0.5175780057907104 -0.0976559966802597 0.24804699420928955
v 0.5136719942092896 0.13867199420928955 0.24804699420928955
v 0.5292969942092896 0.140625 0.24804699420928955
v 0.5253909826278687 0.7421879768371582 0.24804699420928955
v 0.20898400247097015 -0.9042969942092896 0.25
v -0.34375 -0.5761719942092896 0.25
v -0.3359380066394806 -0.5644530057907104 0.25
v 0.037108998745679855 -0.04882799834012985 0.25
v 0.04492200165987015 -0.039062000811100006 0.25
v 0.25976601243019104 -0.859375 0.25195300579071045
v 0.5019530057907104 -0.12695300579071045 0.25195300579071045
v 0.515625 -0.1054690033197403 0.25195300579071045
v 0.5410159826278687 0.12695300579071045 0.25195300579071045
v 0.5253909826278687 0.7246090173721313 0.25195300579071045
v 0.4960939884185791 0.7285159826278687 0.25195300579071045
v 0.16210900247097015 -0.9277340173721313 0.2539060115814209
v -0.037108998745679855 -0.3125 0.2539060115814209
v 0.49414101243019104 0.7128909826278687 0.2539060115814209
v 0.5234379768371582 0.7148439884185791 0.2539060115814209
v 0.3164060115814209 -0.78125 0.25585898756980896
v -0.109375 -0.42773398756980896 0.25585898756980896
v 0.4804689884185791 -0.13476599752902985 0.25585898756980896
v 0.5117189884185791 -0.1132809966802597 0.25585898756980896
v 0.046875 -0.027343999594449997 0.25585898756980896
v 0.5253909826278687 0.13867199420928955 0.25585898756980896
v 0.28125 -0.8457030057907104 0.2578119933605194
v 0.3085939884185791 -0.8046879768371582 0.2578119933605194
v 0.49804699420928955 -0.1328119933605194 0.2578119933605194
v 0.027343999594449997 -0.05078100040555 0.2578119933605194
v 0.5371090173721313 0.125 0.2578119933605194
v 0.5078120231628418 0.13476599752902985 0.2578119933605194
v 0.296875 -0.8261719942092896 0.25976601243019104
v -0.2890619933605194 -0.6191409826278687 0.25976601243019104
v -0.1796880066394806 -0.4335939884185791 0.25976601243019104
v -0.2109380066394806 -0.43164101243019104 0.25976601243019104
v -0.037108998745679855 -0.33007800579071045 0.25976601243019104
v -0.078125 -0.21289099752902985 0.25976601243019104
v 0.017578000202775 -0.06054700165987015 0.25976601243019104
v 0.24023400247097015 -0.8964840173721313 0.2617189884185791
v -0.09375 -0.41992199420928955 0.2617189884185791
v -0.06445299834012985 -0.2382809966802597 0.2617189884185791
v -0.0703120008111 -0.1992190033197403 0.2617189884185791
v 0.5078120231628418 -0.11914099752902985 0.2617189884185791
v 0.0859379991889 -0.0859379991889 0.2617189884185791
v 0.5058590173721313 0.1328119933605194 0.2617189884185791
v 0.265625 0.140625 0.2617189884185791
v -0.039062000811100006 -0.34570300579071045 0.26367199420928955
v 0.5332030057907104 0.12304700165987015 0.26367199420928955
v 0.5039060115814209 0.13085900247097015 0.26367199420928955
v 0.5214840173721313 0.13476599752902985 0.26367199420928955
v -0.21875 -0.4414060115814209 0.265625
v -0.08007799834012985 -0.40820300579071045 0.265625
v 0.4921880066394806 -0.1367190033197403 0.265625
v -0.0664059966802597 -0.39648398756980896 0.26757800579071045
v -0.054687999188899994 -0.38085898756980896 0.26757800579071045
v -0.04492200165987015 -0.3632810115814209 0.26757800579071045
v 0.5039060115814209 -0.12304700165987015 0.26757800579071045
v 0.5019530057907104 0.12695300579071045 0.26757800579071045
v 0.53125 0.1171879991889 0.2695310115814209
v 0.5175780057907104 0.1289059966802597 0.2695310115814209
v 0.20117199420928955 -0.9277340173721313 0.27148398756980896
v 0.2695310115814209 -0.8847659826278687 0.27148398756980896
v -0.16210900247097015 -0.4335939884185791 0.27148398756980896
v 0.48632800579071045 -0.13867199420928955 0.27148398756980896
v 0.4726560115814209 -0.13476599752902985 0.27148398756980896
v 0.5 0.1210940033197403 0.27148398756980896
v 0.2929689884185791 0.15625 0.27148398756980896
v 0.31054699420928955 0.1835940033197403 0.27148398756980896
v -0.18945300579071045 -0.43554699420928955 0.2734380066394806
v -0.054687999188899994 -0.25585898756980896 0.2734380066394806
v -0.0625 -0.22851599752902985 0.2734380066394806
v 0.5 -0.12695300579071045 0.2734380066394806
v 0.5273439884185791 0.11132799834012985 0.2734380066394806
v 0.49804699420928955 0.11523400247097015 0.2734380066394806
v 0.515625 0.12304700165987015 0.2734380066394806
v 0.34179699420928955 -0.7871090173721313 0.27539101243019104
v 0.29492199420928955 -0.8652340173721313 0.2773439884185791
v -0.296875 -0.609375 0.2773439884185791
v -0.052733998745679855 -0.21679699420928955 0.2773439884185791
v 0.4804689884185791 -0.13867199420928955 0.2773439884185791
v 0.5253909826278687 0.10351599752902985 0.2773439884185791
v 0.5117189884185791 0.11523400247097015 0.2773439884185791
v 0.25976601243019104 0.140625 0.2773439884185791
v 0.1484380066394806 -0.9433590173721313 0.27929699420928955
v -0.30273398756980896 -0.6210939884185791 0.27929699420928955
v -0.1953119933605194 -0.44726601243019104 0.27929699420928955
v 0.4960939884185791 -0.13085900247097015 0.27929699420928955
v 0.3164060115814209 -0.84375 0.28125
v 0.3320310115814209 -0.8164060115814209 0.28125
v 0.07226599752902985 -0.08007799834012985 0.28125
v 0.0820309966802597 -0.0703120008111 0.28125
v -0.29101601243019104 -0.5859379768371582 0.28320300579071045
v -0.22070300579071045 -0.48632800579071045 0.28320300579071045
v -0.2148440033197403 -0.47851601243019104 0.28320300579071045
v -0.140625 -0.43164101243019104 0.28320300579071045
v -0.046875 -0.27539101243019104 0.28320300579071045
v 0.47460898756980896 -0.13867199420928955 0.28320300579071045
v 0.2382809966802597 -0.9199219942092896 0.2851560115814209
v -0.3125 -0.6308590173721313 0.2851560115814209
v -0.296875 -0.5976560115814209 0.2851560115814209
v -0.2070309966802597 -0.4726560115814209 0.2851560115814209
v -0.171875 -0.4375 0.2851560115814209
v 0.49023398756980896 -0.13085900247097015 0.2851560115814209
v -0.05078100040555 -0.2460940033197403 0.28710898756980896
v 0.2890619933605194 0.15625 0.28710898756980896
v 0.30664101243019104 0.18554699420928955 0.28710898756980896
v -0.1992190033197403 -0.47070300579071045 0.2890619933605194
v 0.46289101243019104 -0.1289059966802597 0.2890619933605194
v 0.052733998745679855 -0.08789099752902985 0.2890619933605194
v 0.0625 -0.08007799834012985 0.2890619933605194
v 0.0859379991889 -0.06054700165987015 0.2890619933605194
v 0.47070300579071045 -0.13476599752902985 0.29101601243019104
v 0.48632800579071045 -0.13085900247097015 0.29101601243019104
v 0.11523400247097015 -0.12304700165987015 0.29101601243019104
v -0.23632800579071045 -0.6328120231628418 0.2929689884185791
v -0.17773400247097015 -0.4492189884185791 0.2929689884185791
v -0.11914099752902985 -0.42382800579071045 0.2929689884185791
v -0.04296899959445 -0.296875 0.2929689884185791
v -0.039062000811100006 -0.2382809966802597 0.2929689884185791
v 0.26367199420928955 0.10351599752902985 0.2929689884185791
v 0.2734380066394806 -0.9042969942092896 0.29492199420928955
v -0.2265619933605194 -0.48242199420928955 0.296875
v -0.22070300579071045 -0.47460898756980896 0.296875
v 0.48242199420928955 -0.1289059966802597 0.296875
v 0.1914059966802597 -0.9433590173721313 0.29882800579071045
v -0.23632800579071045 -0.5488280057907104 0.29882800579071045
v -0.21289099752902985 -0.46875 0.29882800579071045
v -0.1484380066394806 -0.43554699420928955 0.29882800579071045
v -0.04296899959445 -0.26757800579071045 0.29882800579071045
v 0.46679699420928955 -0.13085900247097015 0.29882800579071045
v 0.35742199420928955 -0.7890620231628418 0.3007810115814209
v -0.1835940033197403 -0.47070300579071045 0.3007810115814209
v -0.20507800579071045 -0.46679699420928955 0.3007810115814209
v -0.09960900247097015 -0.41210898756980896 0.3007810115814209
v -0.041016001254320145 -0.31835898756980896 0.3007810115814209
v 0.25976601243019104 0.1015620008111 0.3007810115814209
v 0.3046880066394806 -0.8828120231628418 0.30273398756980896
v -0.234375 -0.5546879768371582 0.30273398756980896
v 0.4804689884185791 -0.125 0.30273398756980896
v 0.4570310115814209 -0.1171879991889 0.30273398756980896
v -0.2226559966802597 -0.48242199420928955 0.3046880066394806
v -0.2148440033197403 -0.47460898756980896 0.3046880066394806
v -0.1757809966802597 -0.4726560115814209 0.3046880066394806
v -0.03125 -0.2617189884185791 0.3046880066394806
v 0.46289101243019104 -0.12695300579071045 0.3046880066394806
v 0.328125 -0.8554689884185791 0.30664101243019104
v 0.3476560115814209 -0.8242189884185791 0.30664101243019104
v -0.2304690033197403 -0.5585939884185791 0.30664101243019104
v -0.15039099752902985 -0.44726601243019104 0.30664101243019104
v -0.0820309966802597 -0.3984380066394806 0.30664101243019104
v -0.04492200165987015 -0.34179699420928955 0.30664101243019104
v 0.13476599752902985 -0.9492189884185791 0.3085939884185791
v -0.16992199420928955 -0.47460898756980896 0.3085939884185791
v -0.12304700165987015 -0.42773398756980896 0.3085939884185791
v -0.0664059966802597 -0.3828119933605194 0.3085939884185791
v -0.054687999188899994 -0.3632810115814209 0.3085939884185791
v -0.039062000811100006 -0.29101601243019104 0.3085939884185791
v 0.4765619933605194 -0.1210940033197403 0.3085939884185791
v 0.45507800579071045 -0.10351599752902985 0.3085939884185791
v 0.1640619933605194 0.005859000142663717 0.3085939884185791
v 0.1757809966802597 0.019531000405550003 0.3085939884185791
v -0.24414099752902985 -0.6230469942092896 0.31054699420928955
v 0.4609380066394806 -0.11914099752902985 0.31054699420928955
v 0.1015620008111 -0.1171879991889 0.31054699420928955
v 0.1601559966802597 -0.00976600032299757 0.31054699420928955
v 0.23242199420928955 -0.9355469942092896 0.3125
v -0.22460900247097015 -0.5625 0.3125
v -0.24023400247097015 -0.5488280057907104 0.3125
v 0.47460898756980896 -0.11523400247097015 0.3125
v 0.1132809966802597 -0.109375 0.3125
v 0.453125 -0.09375 0.3125
v 0.33398398756980896 0.1523440033197403 0.3125
v -0.24804699420928955 -0.6347659826278687 0.31445300579071045
v -0.1640619933605194 -0.48242199420928955 0.31445300579071045
v -0.18164099752902985 -0.46875 0.31445300579071045
v 0.45898398756980896 -0.11132799834012985 0.31445300579071045
v 0.453125 -0.0898440033197403 0.31445300579071045
v 0.1914059966802597 0.029296999797225 0.31445300579071045
v 0.24804699420928955 0.10351599752902985 0.31445300579071045
v -0.2421880066394806 -0.5976560115814209 0.3164060115814209
v -0.1015620008111 -0.41601601243019104 0.3164060115814209
v -0.037108998745679855 -0.31445300579071045 0.3164060115814209
v -0.025390999391674995 -0.28710898756980896 0.3164060115814209
v 0.4726560115814209 -0.10742200165987015 0.3164060115814209
v 0.45507800579071045 -0.0742190033197403 0.3164060115814209
v 0.45507800579071045 -0.0703120008111 0.3164060115814209
v -0.2460940033197403 -0.6113280057907104 0.31835898756980896
v -0.23632800579071045 -0.5546879768371582 0.31835898756980896
v -0.1640619933605194 -0.49023398756980896 0.31835898756980896
v -0.12304700165987015 -0.4375 0.31835898756980896
v 0.13867199420928955 -0.16601599752902985 0.31835898756980896
v 0.0820309966802597 -0.12304700165987015 0.31835898756980896
v 0.09179700165987015 -0.1171879991889 0.31835898756980896
v 0.45898398756980896 -0.1015620008111 0.31835898756980896
v 0.1640619933605194 -0.025390999391674995 0.31835898756980896
v -0.23632800579071045 -0.5449219942092896 0.3203119933605194
v -0.1757809966802597 -0.47070300579071045 0.3203119933605194
v 0.11914099752902985 -0.09960900247097015 0.3203119933605194
v 0.4726560115814209 -0.09960900247097015 0.3203119933605194
v 0.45898398756980896 -0.09179700165987015 0.3203119933605194
v 0.3320310115814209 0.1523440033197403 0.3203119933605194
v -0.25585898756980896 -0.6445310115814209 0.32226601243019104
v -0.2304690033197403 -0.5585939884185791 0.32226601243019104
v -0.08398400247097015 -0.40039101243019104 0.32226601243019104
v -0.041016001254320145 -0.3398439884185791 0.32226601243019104
v 0.47460898756980896 -0.0898440033197403 0.32226601243019104
v 0.4609380066394806 -0.0820309966802597 0.32226601243019104
v 0.4765619933605194 -0.0820309966802597 0.32226601243019104
v 0.46289101243019104 -0.07226599752902985 0.32226601243019104
v 0.47851601243019104 -0.07226599752902985 0.32226601243019104
v 0.1679690033197403 -0.03125 0.32226601243019104
v 0.15820300579071045 0.00976600032299757 0.32226601243019104
v 0.24414099752902985 0.0976559966802597 0.32226601243019104
v 0.27148398756980896 -0.9179689884185791 0.3242189884185791
v -0.1796880066394806 -0.6367189884185791 0.3242189884185791
v -0.0664059966802597 -0.3828119933605194 0.3242189884185791
v -0.052733998745679855 -0.3632810115814209 0.3242189884185791
v -0.025390999391674995 -0.3125 0.3242189884185791
v 0.1679690033197403 0.025390999391674995 0.3242189884185791
v 0.21289099752902985 0.03515600040555 0.3242189884185791
v -0.23242199420928955 -0.5546879768371582 0.32617199420928955
v -0.171875 -0.47851601243019104 0.32617199420928955
v -0.1796880066394806 -0.47460898756980896 0.32617199420928955
v -0.09960900247097015 -0.4257810115814209 0.32617199420928955
v 0.15429699420928955 -0.00976600032299757 0.32617199420928955
v 0.21679699420928955 0.03515600040555 0.32617199420928955
v 0.1796880066394806 -0.9492189884185791 0.328125
v -0.19335900247097015 -0.5644530057907104 0.328125
v 0.18554699420928955 0.03515600040555 0.328125
v 0.3671880066394806 -0.7871090173721313 0.33007800579071045
v -0.16992199420928955 -0.48632800579071045 0.33007800579071045
v 0.30664101243019104 -0.8925780057907104 0.3320310115814209
v -0.18554699420928955 -0.5605469942092896 0.3320310115814209
v -0.1796880066394806 -0.5546879768371582 0.3320310115814209
v -0.17773400247097015 -0.484375 0.3320310115814209
v -0.078125 -0.4101560115814209 0.3320310115814209
v -0.029296999797225 -0.34179699420928955 0.3320310115814209
v -0.041016001254320145 -0.36914101243019104 0.33398398756980896
v 0.1796880066394806 -0.04296899959445 0.33398398756980896
v 0.33398398756980896 -0.8613280057907104 0.3359380066394806
v 0.35351601243019104 -0.8261719942092896 0.3359380066394806
v -0.05859399959445 -0.390625 0.3359380066394806
v -0.021484000608325005 -0.3320310115814209 0.3359380066394806
v -0.015625 -0.32226601243019104 0.3359380066394806
v 0.1601559966802597 -0.025390999391674995 0.3359380066394806
v 0.15820300579071045 0.00976600032299757 0.3359380066394806
v 0.1679690033197403 0.021484000608325005 0.3359380066394806
v 0.234375 0.03515600040555 0.3359380066394806
v 0.1210940033197403 -0.9492189884185791 0.33789101243019104
v -0.023437999188899994 -0.34179699420928955 0.33789101243019104
v -0.0078119998797774315 -0.3164060115814209 0.33789101243019104
v 0.125 -0.1601559966802597 0.33789101243019104
v 0.15625 -0.005859000142663717 0.33789101243019104
v 0.2070309966802597 0.041016001254320145 0.33789101243019104
v 0.3242189884185791 0.15429699420928955 0.33789101243019104
v -0.1992190033197403 -0.5605469942092896 0.3398439884185791
v 0.18164099752902985 0.03125 0.3398439884185791
v -0.1875 -0.6269530057907104 0.34179699420928955
v -0.023437999188899994 -0.34960898756980896 0.34179699420928955
v 0.1367190033197403 -0.15429699420928955 0.34179699420928955
v 0.2226559966802597 -0.9414060115814209 0.34375
v -0.1914059966802597 -0.5566409826278687 0.34375
v -0.20117199420928955 -0.5546879768371582 0.34375
v -0.18554699420928955 -0.5507810115814209 0.34375
v 0.15429699420928955 -0.2148440033197403 0.34375
v 0.1953119933605194 -0.046875 0.34375
v -0.18945300579071045 -0.6386719942092896 0.34570300579071045
v -0.18945300579071045 -0.6015620231628418 0.34570300579071045
v -0.1914059966802597 -0.546875 0.34570300579071045
v 0.10351599752902985 -0.1640619933605194 0.34570300579071045
v 0.11523400247097015 -0.1601559966802597 0.34570300579071045
v 0.1601559966802597 -0.017578000202775 0.34570300579071045
v -0.1914059966802597 -0.6152340173721313 0.3476560115814209
v 0.20117199420928955 -0.04882799834012985 0.3476560115814209
v 0.17382800579071045 -0.037108998745679855 0.3476560115814209
v 0.25195300579071045 0.029296999797225 0.3476560115814209
v 0.2265619933605194 0.039062000811100006 0.3476560115814209
v 0.328125 0.1523440033197403 0.3476560115814209
v -0.017578000202775 -0.35742199420928955 0.34960898756980896
v -0.027343999594449997 -0.32617199420928955 0.34960898756980896
v -0.021484000608325005 -0.3164060115814209 0.34960898756980896
v 0.1445309966802597 -0.14648400247097015 0.34960898756980896
v 0.20117199420928955 0.03515600040555 0.34960898756980896
v -0.1210940033197403 -0.6308590173721313 0.3515619933605194
v -0.029296999797225 -0.3359380066394806 0.3515619933605194
v -0.015625 -0.31054699420928955 0.3515619933605194
v 0.26367199420928955 -0.9238280057907104 0.3554689884185791
v -0.19335900247097015 -0.6484379768371582 0.3554689884185791
v -0.029296999797225 -0.34375 0.3554689884185791
v 0.17382800579071045 -0.027343999594449997 0.3554689884185791
v 0.2617189884185791 0.021484000608325005 0.3554689884185791
v 0.16601599752902985 -0.9492189884185791 0.35742199420928955
v -0.027343999594449997 -0.3320310115814209 0.35742199420928955
v -0.017578000202775 -0.31445300579071045 0.35742199420928955
v 0.21875 0.03515600040555 0.35742199420928955
v 0.22460900247097015 -0.04882799834012985 0.359375
v 0.24414099752902985 0.03320299834012985 0.359375
v 0.3632810115814209 -0.78125 0.36132800579071045
v -0.023437999188899994 -0.3515619933605194 0.36132800579071045
v 0.05078100040555 -0.2890619933605194 0.36132800579071045
v 0.1953119933605194 -0.04296899959445 0.36132800579071045
v 0.26757800579071045 0.013671999797224998 0.36132800579071045
v 0.3007810115814209 -0.8964840173721313 0.3632810115814209
v 0.05859399959445 -0.28320300579071045 0.3632810115814209
v 0.140625 -0.20898400247097015 0.3632810115814209
v -0.025390999391674995 -0.34375 0.36523398756980896
v 0.039062000811100006 -0.3164060115814209 0.36523398756980896
v 0.16210900247097015 -0.26757800579071045 0.36523398756980896
v 0.2695310115814209 0.005859000142663717 0.36523398756980896
v 0.2304690033197403 0.03125 0.36523398756980896
v 0.3515619933605194 -0.8242189884185791 0.3671880066394806
v 0.1523440033197403 -0.20507800579071045 0.3671880066394806
v 0.24414099752902985 -0.04296899959445 0.3671880066394806
v 0.19335900247097015 -0.03320299834012985 0.3671880066394806
v 0.25585898756980896 0.025390999391674995 0.3671880066394806
v 0.33007800579071045 -0.8632810115814209 0.36914101243019104
v -0.13085900247097015 -0.6210939884185791 0.36914101243019104
v 0.1171879991889 -0.2109380066394806 0.36914101243019104
v 0.2539060115814209 -0.037108998745679855 0.36914101243019104
v 0.27148398756980896 -0.0019529999699443579 0.36914101243019104
v 0.10742200165987015 -0.9394530057907104 0.3710939884185791
v -0.1367190033197403 -0.5957030057907104 0.3710939884185791
v 0.1289059966802597 -0.2070309966802597 0.3710939884185791
v 0.25976601243019104 -0.03320299834012985 0.3710939884185791
v 0.27148398756980896 -0.00976600032299757 0.3710939884185791
v 0.2109380066394806 -0.9414060115814209 0.37304699420928955
v 0.21875 -0.04296899959445 0.37304699420928955
v 0.265625 -0.025390999391674995 0.37304699420928955
v 0.2695310115814209 -0.017578000202775 0.37304699420928955
v 0.25976601243019104 0.017578000202775 0.37304699420928955
v -0.13085900247097015 -0.6328120231628418 0.375
v -0.13476599752902985 -0.609375 0.375
v 0.1601559966802597 -0.1992190033197403 0.375
v 0.2460940033197403 0.025390999391674995 0.375
v -0.0664059966802597 -0.6152340173721313 0.37695300579071045
v 0.027343999594449997 -0.359375 0.37695300579071045
v 0.052733998745679855 -0.2773439884185791 0.37695300579071045
v 0.26367199420928955 0.00976600032299757 0.37695300579071045
v 0.03125 -0.31054699420928955 0.3789060115814209
v 0.2148440033197403 -0.03320299834012985 0.3789060115814209
v 0.25 0.019531000405550003 0.3789060115814209
v 0.041016001254320145 -0.28320300579071045 0.38085898756980896
v 0.2382809966802597 -0.037108998745679855 0.38085898756980896
v 0.265625 0.0019529999699443579 0.38085898756980896
v 0.04882799834012985 -0.27929699420928955 0.3828119933605194
v 0.265625 -0.005859000142663717 0.3828119933605194
v 0.2539060115814209 0.013671999797224998 0.3828119933605194
v -0.1328119933605194 -0.6445310115814209 0.38476601243019104
v 0.1601559966802597 -0.32226601243019104 0.38476601243019104
v 0.1484380066394806 -0.2617189884185791 0.38476601243019104
v 0.2539060115814209 -0.027343999594449997 0.38476601243019104
v 0.26367199420928955 -0.013671999797224998 0.38476601243019104
v 0.25195300579071045 -0.921875 0.3867189884185791
v 0.03320299834012985 -0.31445300579071045 0.3867189884185791
v 0.23242199420928955 -0.027343999594449997 0.3867189884185791
v 0.25976601243019104 -0.019531000405550003 0.3867189884185791
v 0.25585898756980896 0.0078119998797774315 0.3867189884185791
v 0.1523440033197403 -0.9394530057907104 0.38867199420928955
v 0.021484000608325005 -0.35351601243019104 0.38867199420928955
v 0.12304700165987015 -0.25976601243019104 0.38867199420928955
v 0.1601559966802597 -0.2578119933605194 0.38867199420928955
v 0.25585898756980896 0.0 0.38867199420928955
v 0.1367190033197403 -0.25976601243019104 0.390625
v 0.2460940033197403 -0.019531000405550003 0.390625
v 0.25 -0.013671999797224998 0.390625
v 0.2539060115814209 -0.005859000142663717 0.390625
v 0.3515619933605194 -0.7734379768371582 0.39257800579071045
v -0.021484000608325005 -0.59375 0.39257800579071045
v -0.0859379991889 -0.5820310115814209 0.39257800579071045
v 0.025390999391674995 -0.40429699420928955 0.39257800579071045
v -0.07617200165987015 -0.6054689884185791 0.3945310115814209
v 0.2890619933605194 -0.8945310115814209 0.39648398756980896
v 0.03320299834012985 -0.40820300579071045 0.39648398756980896
v 0.027343999594449997 -0.3515619933605194 0.39648398756980896
v 0.3398439884185791 -0.8183590173721313 0.3984380066394806
v -0.0820309966802597 -0.59375 0.3984380066394806
v 0.1484380066394806 -0.3789060115814209 0.3984380066394806
v 0.1679690033197403 -0.2539060115814209 0.3984380066394806
v 0.31835898756980896 -0.859375 0.40039101243019104
v -0.0742190033197403 -0.6171879768371582 0.40039101243019104
v 0.04296899959445 -0.40429699420928955 0.40039101243019104
v 0.09375 -0.9238280057907104 0.4023439884185791
v 0.052733998745679855 -0.39648398756980896 0.4023439884185791
v 0.14648400247097015 -0.31445300579071045 0.4023439884185791
v 0.023437999188899994 -0.5644530057907104 0.40429699420928955
v 0.021484000608325005 -0.3984380066394806 0.40429699420928955
v 0.1953119933605194 -0.9316409826278687 0.40625
v 0.15820300579071045 -0.31445300579071045 0.40625
v 0.1210940033197403 -0.31054699420928955 0.40625
v -0.04296899959445 -0.5625 0.40820300579071045
v 0.1289059966802597 -0.43164101243019104 0.40820300579071045
v 0.027343999594449997 -0.4023439884185791 0.40820300579071045
v 0.09179700165987015 -0.359375 0.40820300579071045
v 0.1015620008111 -0.34179699420928955 0.40820300579071045
v 0.13476599752902985 -0.3125 0.40820300579071045
v 0.05078100040555 -0.9003909826278687 0.4101560115814209
v -0.0742190033197403 -0.6269530057907104 0.4101560115814209
v -0.03125 -0.5839840173721313 0.4101560115814209
v 0.09375 -0.359375 0.4101560115814209
v 0.09960900247097015 -0.3515619933605194 0.4101560115814209
v 0.06445299834012985 -0.5273439884185791 0.41210898756980896
v 0.037108998745679855 -0.3984380066394806 0.41210898756980896
v 0.025390999391674995 -0.3945310115814209 0.41210898756980896
v -0.039062000811100006 -0.5742189884185791 0.4140619933605194
v 0.1015620008111 -0.48242199420928955 0.4140619933605194
v 0.046875 -0.90625 0.41601601243019104
v -0.027343999594449997 -0.5957030057907104 0.41601601243019104
v 0.13476599752902985 -0.3710939884185791 0.41601601243019104
v 0.16601599752902985 -0.3125 0.41601601243019104
v 0.11132799834012985 -0.3632810115814209 0.4179689884185791
v 0.23632800579071045 -0.9121090173721313 0.41992199420928955
v -0.0019529999699443579 -0.5351560115814209 0.41992199420928955
v 0.09570299834012985 -0.3359380066394806 0.41992199420928955
v 0.1367190033197403 -0.9238280057907104 0.421875
v 0.013671999797224998 -0.5546879768371582 0.421875
v 0.14648400247097015 -0.37304699420928955 0.421875
v 0.12304700165987015 -0.36523398756980896 0.421875
v 0.0859379991889 -0.35351601243019104 0.421875
v 0.09375 -0.34570300579071045 0.421875
v 0.08789099752902985 -0.3320310115814209 0.421875
v 0.0820309966802597 -0.34375 0.42382800579071045
v 0.0820309966802597 -0.9082030057907104 0.4257810115814209
v 0.33398398756980896 -0.7636719942092896 0.4257810115814209
v 0.0039059999398887157 -0.5449219942092896 0.4257810115814209
v 0.11523400247097015 -0.42382800579071045 0.4257810115814209
v 0.09179700165987015 -0.41210898756980896 0.4257810115814209
v 0.2734380066394806 -0.8847659826278687 0.42773398756980896
v -0.027343999594449997 -0.6054689884185791 0.42773398756980896
v 0.03515600040555 -0.5 0.42773398756980896
v 0.039062000811100006 -0.90625 0.4296880066394806
v 0.08789099752902985 -0.9042969942092896 0.4296880066394806
v 0.019531000405550003 -0.5664060115814209 0.4296880066394806
v 0.052733998745679855 -0.5175780057907104 0.4296880066394806
v 0.0664059966802597 -0.45898398756980896 0.4296880066394806
v 0.32226601243019104 -0.8085939884185791 0.43164101243019104
v 0.08789099752902985 -0.4726560115814209 0.43164101243019104
v 0.12695300579071045 -0.4296880066394806 0.43164101243019104
v 0.10351599752902985 -0.4179689884185791 0.43164101243019104
v 0.15429699420928955 -0.37304699420928955 0.43164101243019104
v 0.30273398756980896 -0.8496090173721313 0.4335939884185791
v 0.04296899959445 -0.5078120231628418 0.4335939884185791
v 0.0859379991889 -0.9101560115814209 0.43554699420928955
v 0.07617200165987015 -0.4648439884185791 0.43554699420928955
v 0.0625 -0.5273439884185791 0.4375
v 0.09960900247097015 -0.4804689884185791 0.4375
v 0.17773400247097015 -0.9140620231628418 0.43945300579071045
v 0.023437999188899994 -0.5742189884185791 0.4414060115814209
v 0.13476599752902985 -0.43164101243019104 0.44335898756980896
v 0.125 -0.9082030057907104 0.4453119933605194
v 0.12695300579071045 -0.9023439884185791 0.44726601243019104
v 0.06835900247097015 -0.5332030057907104 0.4492189884185791
v 0.1054690033197403 -0.484375 0.4492189884185791
v 0.078125 -0.9101560115814209 0.45117199420928955
v 0.21679699420928955 -0.8964840173721313 0.45117199420928955
v 0.12695300579071045 -0.9082030057907104 0.453125
v 0.31445300579071045 -0.7558590173721313 0.4570310115814209
v 0.025390999391674995 -0.8984379768371582 0.45898398756980896
v 0.2539060115814209 -0.8710939884185791 0.4609380066394806
v 0.16601599752902985 -0.9003909826278687 0.46289101243019104
v 0.1640619933605194 -0.8945310115814209 0.46289101243019104
v 0.30273398756980896 -0.7988280057907104 0.46289101243019104
v 0.28320300579071045 -0.8378909826278687 0.4648439884185791
v 0.1210940033197403 -0.9082030057907104 0.46875
v 0.16601599752902985 -0.8984379768371582 0.46875
v 0.203125 -0.8828120231628418 0.47460898756980896
v 0.1992190033197403 -0.8789060115814209 0.47460898756980896
v 0.06445299834012985 -0.9023439884185791 0.47851601243019104
v 0.203125 -0.8808590173721313 0.47851601243019104
v 0.296875 -0.75 0.4804689884185791
v 0.2382809966802597 -0.8574219942092896 0.48242199420928955
v 0.23242199420928955 -0.8554689884185791 0.48242199420928955
v 0.29101601243019104 -0.7519530057907104 0.48242199420928955
v 0.1601559966802597 -0.8964840173721313 0.484375
v 0.013671999797224998 -0.8828120231628418 0.484375
v 0.2851560115814209 -0.7890620231628418 0.484375
v 0.29492199420928955 -0.7460939884185791 0.484375
v 0.25976601243019104 -0.8261719942092896 0.48632800579071045
v 0.265625 -0.8261719942092896 0.48632800579071045
v 0.27929699420928955 -0.7910159826278687 0.48632800579071045
v 0.23632800579071045 -0.8554689884185791 0.4882810115814209
v 0.28320300579071045 -0.7851560115814209 0.49023398756980896
v 0.26367199420928955 -0.8222659826278687 0.4921880066394806
v 0.10742200165987015 -0.9003909826278687 0.4960939884185791
v 0.1992190033197403 -0.8789060115814209 0.4960939884185791
v 0.29101601243019104 -0.7363280057907104 0.49804699420928955
v 0.052733998745679855 -0.8867189884185791 0.5039060115814209
v 0.005859000142663717 -0.859375 0.5039060115814209
v 0.23242199420928955 -0.8515620231628418 0.5039060115814209
v 0.27929699420928955 -0.7773439884185791 0.5039060115814209
v 0.25976601243019104 -0.8183590173721313 0.5078120231628418
v 0.0078119998797774315 -0.7714840173721313 0.5097659826278687
v 0.1484380066394806 -0.8886719942092896 0.5117189884185791
v 0.0019529999699443579 -0.8320310115814209 0.515625
v 0.0039059999398887157 -0.8007810115814209 0.515625
v 0.09375 -0.8847659826278687 0.5214840173721313
v 0.27539101243019104 -0.7246090173721313 0.5214840173721313
v 0.18554699420928955 -0.8691409826278687 0.5234379768371582
v 0.04296899959445 -0.8632810115814209 0.5234379768371582
v 0.037108998745679855 -0.7734379768371582 0.5234379768371582
v 0.26367199420928955 -0.765625 0.5292969942092896
v 0.21875 -0.8417969942092896 0.53125
v 0.03515600040555 -0.8046879768371582 0.53125
v 0.037108998745679855 -0.8359379768371582 0.5332030057907104
v 0.2460940033197403 -0.8066409826278687 0.5332030057907104
v 0.1328119933605194 -0.8730469942092896 0.5351560115814209
v 0.06445299834012985 -0.7714840173721313 0.5351560115814209
v 0.0820309966802597 -0.8613280057907104 0.5390620231628418
v 0.2539060115814209 -0.7128909826278687 0.5410159826278687
v 0.08398400247097015 -0.765625 0.5429689884185791
v 0.14648400247097015 -0.6816409826278687 0.5429689884185791
v 0.0664059966802597 -0.8027340173721313 0.5449219942092896
v 0.14257800579071045 -0.6953120231628418 0.5449219942092896
v 0.16992199420928955 -0.8535159826278687 0.546875
v 0.07226599752902985 -0.8339840173721313 0.546875
v 0.1015620008111 -0.7558590173721313 0.546875
v 0.24414099752902985 -0.7519530057907104 0.5488280057907104
v 0.11914099752902985 -0.7402340173721313 0.5488280057907104
v 0.13085900247097015 -0.7207030057907104 0.5488280057907104
v 0.1171879991889 -0.8515620231628418 0.5527340173721313
v 0.20117199420928955 -0.8261719942092896 0.5527340173721313
v 0.09179700165987015 -0.7949219942092896 0.5546879768371582
v 0.2265619933605194 -0.7910159826278687 0.5546879768371582
v 0.2304690033197403 -0.703125 0.5546879768371582
v 0.171875 -0.6875 0.5546879768371582
v 0.10351599752902985 -0.8242189884185791 0.5585939884185791
v 0.16601599752902985 -0.7109379768371582 0.5585939884185791
v 0.20117199420928955 -0.6953120231628418 0.5585939884185791
v 0.11523400247097015 -0.78125 0.5605469942092896
v 0.22070300579071045 -0.7382810115814209 0.5605469942092896
v 0.1523440033197403 -0.8320310115814209 0.5625
v 0.15625 -0.7363280057907104 0.5625
v 0.13867199420928955 -0.7617189884185791 0.5644530057907104
v 0.19335900247097015 -0.7246090173721313 0.5644530057907104
v 0.1328119933605194 -0.8085939884185791 0.5664060115814209
v 0.18164099752902985 -0.8066409826278687 0.5664060115814209
v 0.20507800579071045 -0.7734379768371582 0.5664060115814209
v 0.1601559966802597 -0.7851560115814209 0.5703120231628418
v 0.1796880066394806 -0.7558590173721313 0.5703120231628418
v -0.05859399959445 -0.2539060115814209 0.22070300579071045
v 0.5214639902114868 -0.08202099800109863 0.24220800399780273
vt 0.819176971912384 0.6142150163650513
vt 0.819616973400116 0.6269959807395935
vt 0.8129259943962097 0.6290220022201538
vt 0.8123970031738281 0.6155629754066467
vt 0.6821929812431335 0.02967900037765503
vt 0.6824960112571716 0.041854001581668854
vt 0.6731989979743958 0.04106299951672554
vt 0.6730539798736572 0.028369000181555748
vt 0.2686919867992401 0.7191709876060486
vt 0.26907798647880554 0.7355049848556519
vt 0.2657409906387329 0.7368699908256531
vt 0.2656239867210388 0.7200909852981567
vt 0.3919230103492737 0.7759280204772949
vt 0.39055100083351135 0.7847080230712891
vt 0.385578989982605 0.78752201795578
vt 0.38595399260520935 0.7793430089950562
vt 0.8625360131263733 0.4247710108757019
vt 0.8627349734306335 0.4321430027484894
vt 0.8534809947013855 0.4336720108985901
vt 0.8539829850196838 0.42598700523376465
vt 0.399042010307312 0.8194609880447388
vt 0.41338399052619934 0.8142009973526001
vt 0.41419699788093567 0.8176829814910889
vt 0.40055400133132935 0.8226159811019897
vt 0.5321800112724304 0.5469130277633667
vt 0.5324289798736572 0.5586720108985901
vt 0.5283039808273315 0.5592520236968994
vt 0.5276020169258118 0.5478019714355469
vt 0.4800550043582916 0.7803019881248474
vt 0.48069000244140625 0.7909209728240967
vt 0.4722279906272888 0.7897850275039673
vt 0.47153401374816895 0.7799180150032043
vt 0.8395990133285522 0.4277710020542145
vt 0.8388000130653381 0.43647998571395874
vt 0.8369899988174438 0.43690699338912964
vt 0.8380820155143738 0.42768698930740356
vt 0.2653310000896454 0.7706180214881897
vt 0.2652199864387512 0.7540599703788757
vt 0.2689700126647949 0.7519299983978271
vt 0.2682580053806305 0.7718769907951355
vt 0.2717140018939972 0.8322769999504089
vt 0.2722280025482178 0.8491119742393494
vt 0.2686440050601959 0.848816990852356
vt 0.26820099353790283 0.8330240249633789
vt 0.6923859715461731 0.4783869981765747
vt 0.6926119923591614 0.484391987323761
vt 0.6854000091552734 0.48671698570251465
vt 0.6848840117454529 0.480103999376297
vt 0.5823400020599365 0.8596739768981934
vt 0.5935789942741394 0.8614240288734436
vt 0.5937539935112 0.8665099740028381
vt 0.5824130177497864 0.8640490174293518
vt 0.6310459971427917 0.4892190098762512
vt 0.6307380199432373 0.4953700006008148
vt 0.6216719746589661 0.49377501010894775
vt 0.6217049956321716 0.4874710142612457
vt 0.6020169854164124 0.044071998447179794
vt 0.6027799844741821 0.05441800132393837
vt 0.5960819721221924 0.054354000836610794
vt 0.5956640243530273 0.04568599909543991
vt 0.3757449984550476 0.2085060030221939
vt 0.38638898730278015 0.2210790067911148
vt 0.3842869997024536 0.22316999733448029
vt 0.3728939890861511 0.21060599386692047
vt 0.5977780222892761 0.7519040107727051
vt 0.5987390279769897 0.8078140020370483
vt 0.5948839783668518 0.8071810007095337
vt 0.5950120091438293 0.7523030042648315
vt 0.2928979992866516 0.6112669706344604
vt 0.2926799952983856 0.6283000111579895
vt 0.28665798902511597 0.6283559799194336
vt 0.28687500953674316 0.6113229990005493
vt 0.6719229817390442 0.00712599977850914
vt 0.672681987285614 0.01688399910926819
vt 0.6625189781188965 0.01682399958372116
vt 0.6613119840621948 0.006976999808102846
vt 0.8583999872207642 0.5150160193443298
vt 0.8574309945106506 0.5603389739990234
vt 0.8539329767227173 0.5605289936065674
vt 0.8544449806213379 0.5149040222167969
vt 0.8648409843444824 0.7386109828948975
vt 0.8650069832801819 0.7440410256385803
vt 0.862559974193573 0.7438439726829529
vt 0.8623600006103516 0.7389320135116577
vt 0.573065996170044 0.5437759757041931
vt 0.5729140043258667 0.727840006351471
vt 0.5661540031433105 0.727869987487793
vt 0.5665599703788757 0.5441949963569641
vt 0.34871700406074524 0.7950159907341003
vt 0.3492310047149658 0.7906230092048645
vt 0.35714900493621826 0.7929649949073792
vt 0.3565639853477478 0.7985450029373169
vt 0.059755001217126846 0.00873900018632412
vt 0.2457430064678192 0.013573000207543373
vt 0.24525299668312073 0.02152100019156933
vt 0.06023599952459335 0.016970999538898468
vt 0.3696709871292114 0.5604289770126343
vt 0.38123199343681335 0.5638300180435181
vt 0.37570101022720337 0.5779970288276672
vt 0.3713360130786896 0.5787299871444702
vt 0.39730700850486755 0.23416399955749512
vt 0.3788529932498932 0.24717099964618683
vt 0.3749299943447113 0.24410699307918549
vt 0.6887019872665405 0.01255400013178587
vt 0.6897929906845093 0.021726999431848526
vt 0.6821110248565674 0.01880200020968914
vt 0.680903971195221 0.008954999968409538
vt 0.5294520258903503 0.2233169972896576
vt 0.5161399841308594 0.2336830049753189
vt 0.5142999887466431 0.23137499392032623
vt 0.5271400213241577 0.22088399529457092
vt 0.8143720030784607 0.810712993144989
vt 0.8143939971923828 0.8145009875297546
vt 0.8105700016021729 0.8142229914665222
vt 0.8100950121879578 0.8101279735565186
vt 0.014946999959647655 0.4713380038738251
vt 0.015768000856041908 0.47523999214172363
vt 0.009062999859452248 0.4773840010166168
vt 0.007884999737143517 0.4723129868507385
vt 0.7135339975357056 0.4989059865474701
vt 0.7187070250511169 0.49868398904800415
vt 0.7183889746665955 0.5008959770202637
vt 0.7136669754981995 0.5008090138435364
vt 0.46545499563217163 0.7869009971618652
vt 0.46494200825691223 0.7781850099563599
vt 0.8656619787216187 0.6513530015945435
vt 0.8660240173339844 0.6539049744606018
vt 0.8642500042915344 0.654308021068573
vt 0.8638889789581299 0.6517549753189087
vt 0.4468199908733368 0.9938679933547974
vt 0.4612630009651184 0.9906600117683411
vt 0.4623599946498871 0.9939900040626526
vt 0.447409987449646 0.9970769882202148
vt 0.23631399869918823 0.7475889921188354
vt 0.23608100414276123 0.763077974319458
vt 0.2330629974603653 0.7630050182342529
vt 0.233132004737854 0.7470390200614929
vt 0.8850610256195068 0.2355159968137741
vt 0.8849859833717346 0.23756800591945648
vt 0.8816159963607788 0.23758000135421753
vt 0.8812389969825745 0.23521900177001953
vt 0.1849910020828247 0.8680220246315002
vt 0.18544700741767883 0.8703849911689758
vt 0.1820639967918396 0.8723940253257751
vt 0.181878000497818 0.8695080280303955
vt 0.8702359795570374 0.8365479707717896
vt 0.8700399994850159 0.8399069905281067
vt 0.8671389818191528 0.8416569828987122
vt 0.8671709895133972 0.8371449708938599
vt 0.3413270115852356 0.47628000378608704
vt 0.35236701369285583 0.4826340079307556
vt 0.3524309992790222 0.4850910007953644
vt 0.3400610089302063 0.47732698917388916
vt 0.5338490009307861 0.08309199661016464
vt 0.5449230074882507 0.09630800038576126
vt 0.5417150259017944 0.0982849970459938
vt 0.5310720205307007 0.0857120007276535
vt 0.36855700612068176 0.5508919954299927
vt 0.3584890067577362 0.5545939803123474
vt 0.358227014541626 0.5488809943199158
vt 0.862034022808075 0.6146090030670166
vt 0.861752986907959 0.618923008441925
vt 0.8515939712524414 0.6240159869194031
vt 0.851406991481781 0.6186450123786926
vt 0.8264279961585999 0.00292899995110929
vt 0.8264319896697998 0.012380000203847885
vt 0.8189259767532349 0.012418000027537346
vt 0.8182910084724426 0.0025190000887960196
vt 0.2361930012702942 0.7783430218696594
vt 0.23309999704360962 0.7790169715881348
vt 0.2755439877510071 0.8221669793128967
vt 0.2759590148925781 0.8276979923248291
vt 0.27165400981903076 0.8267250061035156
vt 0.2715890109539032 0.8240230083465576
vt 0.4752950072288513 0.9848330020904541
vt 0.4768970012664795 0.9882820248603821
vt 0.6925079822540283 0.4722520112991333
vt 0.6851639747619629 0.4734489917755127
vt 0.3836260139942169 0.5271210074424744
vt 0.38485899567604065 0.5348929762840271
vt 0.37744900584220886 0.5343179702758789
vt 0.3764829933643341 0.5260990262031555
vt 0.01847199909389019 0.5212540030479431
vt 0.17376300692558289 0.5259990096092224
vt 0.16324099898338318 0.53575599193573
vt 0.0270990002900362 0.5323169827461243
vt 0.589398980140686 0.7512379884719849
vt 0.5903589725494385 0.7537469863891602
vt 0.5872269868850708 0.7561519742012024
vt 0.5867140293121338 0.7537360191345215
vt 0.5865479707717896 0.7248780131340027
vt 0.5868930220603943 0.732932984828949
vt 0.5806009769439697 0.7336570024490356
vt 0.5800639986991882 0.7248610258102417
vt 0.3369219899177551 0.05152000114321709
vt 0.36678099632263184 0.03049599938094616
vt 0.4136100113391876 0.06326399743556976
vt 0.39770498871803284 0.07197500020265579
vt 0.8457450270652771 0.0020890000741928816
vt 0.8465399742126465 0.011977000162005424
vt 0.8372880220413208 0.011812999844551086
vt 0.8367230296134949 0.0021639999467879534
vt 0.6171360015869141 0.003944000229239464
vt 0.6180790066719055 0.011533999815583229
vt 0.6102790236473083 0.015149000100791454
vt 0.6091619729995728 0.00762300007045269
vt 0.6147609949111938 0.471574991941452
vt 0.6142439842224121 0.4743269979953766
vt 0.6078410148620605 0.47276198863983154
vt 0.6079099774360657 0.4699220061302185
vt 0.2449830025434494 0.03093400038778782
vt 0.26871201395988464 0.4946039915084839
vt 0.033594001084566116 0.4827579855918884
vt 0.060433998703956604 0.026266999542713165
vt 0.37299999594688416 0.8353139758110046
vt 0.38452398777008057 0.8250539898872375
vt 0.38589999079704285 0.8273069858551025
vt 0.3745709955692291 0.8371189832687378
vt 0.4455530047416687 0.24828100204467773
vt 0.4677479863166809 0.24843500554561615
vt 0.4675329923629761 0.2516700029373169
vt 0.4453369975090027 0.2515160143375397
vt 0.8798390030860901 0.05635099858045578
vt 0.8795769810676575 0.049504999071359634
vt 0.8827360272407532 0.05349000170826912
vt 0.8823440074920654 0.059480998665094376
vt 0.8874350190162659 0.1016170009970665
vt 0.8873440027236938 0.10401800274848938
vt 0.8810499906539917 0.10365799814462662
vt 0.883171021938324 0.10038500279188156
vt 0.45914700627326965 0.8178189992904663
vt 0.4732930064201355 0.8231469988822937
vt 0.4547330141067505 0.866379976272583
vt 0.44780200719833374 0.8636389970779419
vt 0.7357820272445679 0.49520599842071533
vt 0.7358589768409729 0.4932920038700104
vt 0.7394239902496338 0.494037002325058
vt 0.7394800186157227 0.4960710108280182
vt 0.7845960259437561 0.45211100578308105
vt 0.7844240069389343 0.4620929956436157
vt 0.7766619920730591 0.4597660005092621
vt 0.7773900032043457 0.45097801089286804
vt 0.25786998867988586 0.8208240270614624
vt 0.25816500186920166 0.8065569996833801
vt 0.25986000895500183 0.806846022605896
vt 0.25986000895500183 0.8227869868278503
vt 0.45991501212120056 0.81427001953125
vt 0.4745660126209259 0.8197180032730103
vt 0.6664360165596008 0.4894700050354004
vt 0.6666929721832275 0.49638301134109497
vt 0.6469320058822632 0.4970259964466095
vt 0.6469500064849854 0.4902670085430145
vt 0.4311339855194092 0.8622620105743408
vt 0.4237320125102997 0.8646739721298218
vt 0.8581029772758484 0.8587260246276855
vt 0.8582730293273926 0.8626019954681396
vt 0.8519830107688904 0.8602150082588196
vt 0.8519589900970459 0.8575549721717834
vt 0.539451003074646 0.8440430164337158
vt 0.5385879874229431 0.8410090208053589
vt 0.5409910082817078 0.8409299850463867
vt 0.5429329872131348 0.8443509936332703
vt 0.8399209976196289 0.4201259911060333
vt 0.8386390209197998 0.41976600885391235
vt 0.025675000622868538 0.03188500180840492
vt 0.020353000611066818 0.038656000047922134
vt 0.01361900009214878 0.03457900136709213
vt 0.019300999119877815 0.026126999408006668
vt 0.5795379877090454 0.48954498767852783
vt 0.5834980010986328 0.4869140088558197
vt 0.5900459885597229 0.4920260012149811
vt 0.5852530002593994 0.49570098519325256
vt 0.47443899512290955 0.5429440140724182
vt 0.4733859896659851 0.5333529710769653
vt 0.48124098777770996 0.5297639966011047
vt 0.48207899928092957 0.5400580167770386
vt 0.8617669939994812 0.6095209717750549
vt 0.8510400056838989 0.6128799915313721
vt 0.5311409831047058 0.5356469750404358
vt 0.5311260223388672 0.5265939831733704
vt 0.5396900177001953 0.525530993938446
vt 0.5399450063705444 0.5349799990653992
vt 0.8481900095939636 0.6542289853096008
vt 0.8475959897041321 0.6510260105133057
vt 0.8500509858131409 0.6509760022163391
vt 0.8503869771957397 0.6539250016212463
vt 0.5866039991378784 0.7469409704208374
vt 0.588001012802124 0.7490890026092529
vt 0.5859280228614807 0.7511640191078186
vt 0.5845310091972351 0.7490149736404419
vt 0.02439899928867817 0.49599799513816833
vt 0.031106999143958092 0.4990839958190918
vt 0.02913999930024147 0.5056040287017822
vt 0.020889999344944954 0.5019770264625549
vt 0.4259670078754425 0.8360450267791748
vt 0.43850699067115784 0.8407179713249207
vt 0.43578800559043884 0.855256974697113
vt 0.30640798807144165 0.7601230144500732
vt 0.30743300914764404 0.7723249793052673
vt 0.30601000785827637 0.7732080221176147
vt 0.30498600006103516 0.7602559924125671
vt 0.7359369993209839 0.4913780093193054
vt 0.7390409708023071 0.4918789863586426
vt 0.29062700271606445 0.05180399864912033
vt 0.2913700044155121 0.06036499887704849
vt 0.28324899077415466 0.06214100122451782
vt 0.2823919951915741 0.057718999683856964
vt 0.7043499946594238 0.47929099202156067
vt 0.7047179937362671 0.49937599897384644
vt 0.702921986579895 0.49925100803375244
vt 0.7025520205497742 0.4810259938240051
vt 0.33787301182746887 0.8808559775352478
vt 0.3377789855003357 0.882955014705658
vt 0.33368098735809326 0.8826810121536255
vt 0.3340440094470978 0.8807460069656372
vt 0.7664250135421753 0.0020890000741928816
vt 0.7043439745903015 0.41703298687934875
vt 0.7029849886894226 0.41856899857521057
vt 0.7652260065078735 0.0039049999322742224
vt 0.7523980140686035 0.4962790012359619
vt 0.7522109746932983 0.4988810122013092
vt 0.7500370144844055 0.4988020062446594
vt 0.7492449879646301 0.49610498547554016
vt 0.28615498542785645 0.8540199995040894
vt 0.28619998693466187 0.8565059900283813
vt 0.28235799074172974 0.8566100001335144
vt 0.2823129892349243 0.8541240096092224
vt 0.2576949894428253 0.014546999707818031
vt 0.2564519941806793 0.022484999150037766
vt 0.8385220170021057 0.726963996887207
vt 0.8383669853210449 0.7284020185470581
vt 0.8356860280036926 0.733244001865387
vt 0.8351979851722717 0.7321799993515015
vt 0.8534979820251465 0.6503610014915466
vt 0.8533499836921692 0.6534500122070312
vt 0.8845530152320862 0.26550400257110596
vt 0.8805879950523376 0.2662549912929535
vt 0.881060004234314 0.263588011264801
vt 0.8848699927330017 0.2640160024166107
vt 0.3381119966506958 0.854062020778656
vt 0.3378469944000244 0.8565229773521423
vt 0.33436501026153564 0.8577029705047607
vt 0.3341600000858307 0.8551149964332581
vt 0.26819300651550293 0.7044079899787903
vt 0.26499900221824646 0.7054539918899536
vt 0.5596669912338257 0.49570998549461365
vt 0.5656650066375732 0.4949989914894104
vt 0.5680590271949768 0.5024840235710144
vt 0.561269998550415 0.5037209987640381
vt 0.5653290152549744 0.48594099283218384
vt 0.5696750283241272 0.48447099328041077
vt 0.5743569731712341 0.49205899238586426
vt 0.5687469840049744 0.49393099546432495
vt 0.37734800577163696 0.7827370166778564
vt 0.3666220009326935 0.7854059934616089
vt 0.3708699941635132 0.7646830081939697
vt 0.3722589910030365 0.7655609846115112
vt 0.45360100269317627 0.9378610253334045
vt 0.4599190056324005 0.9338780045509338
vt 0.462442010641098 0.9372739791870117
vt 0.4559299945831299 0.9417049884796143
vt 0.8515260219573975 0.5879859924316406
vt 0.8509950041770935 0.5939559936523438
vt 0.8471480011940002 0.5934079885482788
vt 0.8474029898643494 0.586821973323822
vt 0.8867290019989014 0.006351999938488007
vt 0.886896014213562 0.010262000374495983
vt 0.8828129768371582 0.010711000300943851
vt 0.8828949928283691 0.00634399987757206
vt 0.7283769845962524 0.49010300636291504
vt 0.7316030263900757 0.4899590015411377
vt 0.7316030263900757 0.4935869872570038
vt 0.7283710241317749 0.4941979944705963
vt 0.5409839749336243 0.5462459921836853
vt 0.5490930080413818 0.5355119705200195
vt 0.5498909950256348 0.5463820099830627
vt 0.5941759943962097 0.48732298612594604
vt 0.5867499709129333 0.48377400636672974
vt 0.818647027015686 0.697517991065979
vt 0.819553017616272 0.7129529714584351
vt 0.8160780072212219 0.7132459878921509
vt 0.8154489994049072 0.6984249949455261
vt 0.3612459897994995 0.8646569848060608
vt 0.4012629985809326 0.8866440057754517
vt 0.3882400095462799 0.8853669762611389
vt 0.3693709969520569 0.8829190135002136
vt 0.8436130285263062 0.6639869809150696
vt 0.8454480171203613 0.6636390089988708
vt 0.8447340130805969 0.7094209790229797
vt 0.8428999781608582 0.7097690105438232
vt 0.5298539996147156 0.7514849901199341
vt 0.5304759740829468 0.7639700174331665
vt 0.5263509750366211 0.7645509839057922
vt 0.5257279872894287 0.7520650029182434
vt 0.5775589942932129 0.8476129770278931
vt 0.5769860148429871 0.8526099920272827
vt 0.5672760009765625 0.8505060076713562
vt 0.5674030184745789 0.8431599736213684
vt 0.3324519991874695 0.5018740296363831
vt 0.33736199140548706 0.5046700239181519
vt 0.3355410099029541 0.5114250183105469
vt 0.3288939893245697 0.5089060068130493
vt 0.2750740051269531 0.7038630247116089
vt 0.2755720019340515 0.7186260223388672
vt 0.4954630136489868 0.7976149916648865
vt 0.49566298723220825 0.8002930283546448
vt 0.4911789894104004 0.8000149726867676
vt 0.49097898602485657 0.797336995601654
vt 0.8471390008926392 0.6407189965248108
vt 0.8473520278930664 0.6389269828796387
vt 0.8498029708862305 0.6384099721908569
vt 0.849606990814209 0.6420680284500122
vt 0.2598170042037964 0.6744340062141418
vt 0.2599160075187683 0.681734025478363
vt 0.2553749978542328 0.6819189786911011
vt 0.25527501106262207 0.6746190190315247
vt 0.7259989976882935 0.47929099202156067
vt 0.7286999821662903 0.4800249934196472
vt 0.7286660075187683 0.4823560118675232
vt 0.7252190113067627 0.48195698857307434
vt 0.5489090085029602 0.7976260185241699
vt 0.5532630085945129 0.8189340233802795
vt 0.5495390295982361 0.8177070021629333
vt 0.5445950031280518 0.7974629998207092
vt 0.3343380093574524 0.8599050045013428
vt 0.33435699343681335 0.8615890145301819
vt 0.3309270143508911 0.8616060018539429
vt 0.3310840129852295 0.8584970235824585
vt 0.3636769950389862 0.8466439843177795
vt 0.36594799160957336 0.8481209874153137
vt 0.29281800985336304 0.5760430097579956
vt 0.2927440106868744 0.5591760277748108
vt 0.29576700925827026 0.5603899955749512
vt 0.29605498909950256 0.5765529870986938
vt 0.29249998927116394 0.4797469973564148
vt 0.2920970022678375 0.48660698533058167
vt 0.2837679982185364 0.483597993850708
vt 0.2836639881134033 0.47918498516082764
vt 0.8179150223731995 0.8114290237426758
vt 0.8176130056381226 0.8147879838943481
vt 0.5671659708023071 0.8576580286026001
vt 0.5676140189170837 0.8637279868125916
vt 0.5630829930305481 0.8649430274963379
vt 0.5629050135612488 0.8584290146827698
vt 0.5740640163421631 0.48248299956321716
vt 0.5764819979667664 0.48038700222969055
vt 0.40964800119400024 0.9288619756698608
vt 0.41477298736572266 0.9341899752616882
vt 0.41198399662971497 0.9372580051422119
vt 0.4067690074443817 0.9316359758377075
vt 0.8842639923095703 0.213686004281044
vt 0.8842639923095703 0.22850899398326874
vt 0.8795769810676575 0.22860899567604065
vt 0.8795769810676575 0.21378499269485474
vt 0.29607900977134705 0.8561019897460938
vt 0.2961460053920746 0.8583340048789978
vt 0.29316800832748413 0.8564249873161316
vt 0.29284998774528503 0.8545849919319153
vt 0.8559489846229553 0.49758100509643555
vt 0.8572080135345459 0.4747470021247864
vt 0.8595849871635437 0.47570401430130005
vt 0.8587149977684021 0.4954119920730591
vt 0.3421179950237274 0.027778999879956245
vt 0.349355012178421 0.024337999522686005
vt 0.35253599286079407 0.032586999237537384
vt 0.34688299894332886 0.03497700020670891
vt 0.4755150079727173 0.890330970287323
vt 0.47200000286102295 0.8828639984130859
vt 0.5078200101852417 0.8515639901161194
vt 0.5153440237045288 0.8648589849472046
vt 0.6368290185928345 0.029758000746369362
vt 0.6371470093727112 0.04238700121641159
vt 0.6281710267066956 0.04311300069093704
vt 0.6281279921531677 0.030639000236988068
vt 0.3357209861278534 0.48397499322891235
vt 0.3381890058517456 0.48653700947761536
vt 0.3354569971561432 0.4944620132446289
vt 0.3322399854660034 0.491907000541687
vt 0.884460985660553 0.25790101289749146
vt 0.8810830116271973 0.2569290101528168
vt 0.45271700620651245 0.8704509735107422
vt 0.4464870095252991 0.8673819899559021
vt 0.35181400179862976 0.879522979259491
vt 0.3577220141887665 0.8627790212631226
vt 0.3556370139122009 0.8802109956741333
vt 0.34932199120521545 0.5531070232391357
vt 0.3492560088634491 0.5481340289115906
vt 0.2964339852333069 0.8775650262832642
vt 0.2961390018463135 0.8799480199813843
vt 0.2925640046596527 0.8796110153198242
vt 0.2926029860973358 0.8777580261230469
vt 0.24789099395275116 0.7814459800720215
vt 0.24778200685977936 0.7976009845733643
vt 0.24175399541854858 0.7963230013847351
vt 0.241566002368927 0.780676007270813
vt 0.8183040022850037 0.8613399863243103
vt 0.8175479769706726 0.8591579794883728
vt 0.819038987159729 0.855974018573761
vt 0.8204219937324524 0.8592079877853394
vt 0.8356249928474426 0.5878499746322632
vt 0.8358290195465088 0.5839530229568481
vt 0.8380060195922852 0.5852140188217163
vt 0.8374239802360535 0.5885859727859497
vt 0.6282879710197449 0.055302999913692474
vt 0.6314849853515625 0.4726809859275818
vt 0.6227250099182129 0.4721490144729614
vt 0.6198329925537109 0.05583399906754494
vt 0.8283470273017883 0.6512190103530884
vt 0.8282719850540161 0.6533200144767761
vt 0.8241720199584961 0.6530839800834656
vt 0.8242470026016235 0.650983989238739
vt 0.5676180124282837 0.8693090081214905
vt 0.5635480284690857 0.8708199858665466
vt 0.24860599637031555 0.7165110111236572
vt 0.24858400225639343 0.7318959832191467
vt 0.24229800701141357 0.7325839996337891
vt 0.242248997092247 0.7179470062255859
vt 0.8581609725952148 0.8659520149230957
vt 0.8522570133209229 0.8630489706993103
vt 0.3202059864997864 0.49320098757743835
vt 0.3242819905281067 0.4970409870147705
vt 0.3195880055427551 0.5029209852218628
vt 0.3143340051174164 0.498445987701416
vt 0.049803998321294785 0.5036659836769104
vt 0.2669430077075958 0.5104179978370667
vt 0.2660149931907654 0.5170750021934509
vt 0.048875998705625534 0.5103219747543335
vt 0.36054301261901855 0.9450690150260925
vt 0.3685719966888428 0.9584850072860718
vt 0.36524999141693115 0.9607099890708923
vt 0.3571310043334961 0.9470000267028809
vt 0.2593420147895813 0.6658959984779358
vt 0.25558000802993774 0.6651430130004883
vt 0.5293449759483337 0.7388740181922913
vt 0.5254189968109131 0.7396770119667053
vt 0.48947399854660034 0.5275480151176453
vt 0.4896070063114166 0.5192980170249939
vt 0.5002110004425049 0.5183799862861633
vt 0.5000789761543274 0.5266309976577759
vt 0.40563899278640747 0.9230329990386963
vt 0.4023590087890625 0.9249449968338013
vt 0.8274940252304077 0.4198009967803955
vt 0.8265990018844604 0.42944100499153137
vt 0.8025349974632263 0.43047401309013367
vt 0.8017489910125732 0.42024898529052734
vt 0.18125000596046448 0.8166109919548035
vt 0.18161900341510773 0.8195170164108276
vt 0.17928999662399292 0.817999005317688
vt 0.17904600501060486 0.8148069977760315
vt 0.3980390131473541 0.90106201171875
vt 0.39865899085998535 0.8948519825935364
vt 0.40263399481773376 0.8954070210456848
vt 0.4019249975681305 0.9013220071792603
vt 0.8265219926834106 0.7289180159568787
vt 0.8263660073280334 0.7455310225486755
vt 0.8197720050811768 0.7455899715423584
vt 0.819927990436554 0.7289770245552063
vt 0.5544559955596924 0.016604000702500343
vt 0.5639079809188843 0.018187999725341797
vt 0.561369001865387 0.027015000581741333
vt 0.553138017654419 0.025547999888658524
vt 0.6013069748878479 0.7502110004425049
vt 0.6015480160713196 0.7529280185699463
vt 0.5975369811058044 0.7491880059242249
vt 0.8263630270957947 0.7611240148544312
vt 0.819491982460022 0.7605670094490051
vt 0.8312820196151733 0.8251109719276428
vt 0.843218982219696 0.8264319896697998
vt 0.8431429862976074 0.8329219818115234
vt 0.8314260244369507 0.8299689888954163
vt 0.38811299204826355 0.8301349878311157
vt 0.41690799593925476 0.8685370087623596
vt 0.8240290284156799 0.517084002494812
vt 0.8239910006523132 0.5129050016403198
vt 0.8310059905052185 0.515404999256134
vt 0.8310369849205017 0.5188350081443787
vt 0.3998129963874817 0.07506100088357925
vt 0.3866960108280182 0.08568400144577026
vt 0.38379600644111633 0.08312500268220901
vt 0.5123810172080994 0.5487859845161438
vt 0.5097600221633911 0.7254419922828674
vt 0.4992550015449524 0.7257800102233887
vt 0.5018759965896606 0.5491229891777039
vt 0.866221010684967 0.5127000212669373
vt 0.8660609722137451 0.5095850229263306
vt 0.8687689900398254 0.5096259713172913
vt 0.8688169717788696 0.513342022895813
vt 0.375573992729187 0.09874600172042847
vt 0.36680901050567627 0.11307699978351593
vt 0.3635900020599365 0.11116699874401093
vt 0.37267398834228516 0.09618599712848663
vt 0.2933819890022278 0.6579059958457947
vt 0.2938460111618042 0.6707850098609924
vt 0.2873699963092804 0.6711469888687134
vt 0.28710299730300903 0.6584920287132263
vt 0.3260219991207123 0.47165098786354065
vt 0.32805898785591125 0.4735710024833679
vt 0.3208470046520233 0.4793429970741272
vt 0.31878501176834106 0.4750930070877075
vt 0.3234739899635315 0.8337100148200989
vt 0.32208800315856934 0.8315280079841614
vt 0.3248269855976105 0.8297529816627502
vt 0.32595500349998474 0.8321890234947205
vt 0.27460598945617676 0.6903529763221741
vt 0.26772499084472656 0.6908980011940002
vt 0.32650500535964966 0.4637509882450104
vt 0.32533299922943115 0.4682939946651459
vt 0.31798601150512695 0.470441997051239
vt 0.31845200061798096 0.46538999676704407
vt 0.6224979758262634 0.47550898790359497
vt 0.479654997587204 0.7411119937896729
vt 0.4791879951953888 0.7543380260467529
vt 0.4710870087146759 0.7555019855499268
vt 0.47110098600387573 0.7425829768180847
vt 0.5117120146751404 0.5270040035247803
vt 0.5114330053329468 0.5192340016365051
vt 0.5199260115623474 0.5198990106582642
vt 0.5199670195579529 0.5272719860076904
vt 0.5641170144081116 0.7278450131416321
vt 0.564333975315094 0.5448799729347229
vt 0.20218099653720856 0.5212540030479431
vt 0.20347000658512115 0.5297979712486267
vt 0.19885599613189697 0.5311130285263062
vt 0.19777099788188934 0.5227839946746826
vt 0.8161489963531494 0.8680509924888611
vt 0.8184499740600586 0.8698570132255554
vt 0.8168960213661194 0.871025025844574
vt 0.8134220242500305 0.8685749769210815
vt 0.8014519810676575 0.8575019836425781
vt 0.8009120225906372 0.8542050123214722
vt 0.8031589984893799 0.8546779751777649
vt 0.8035910129547119 0.8591579794883728
vt 0.29594698548316956 0.5936520099639893
vt 0.29294899106025696 0.5935379862785339
vt 0.6198329925537109 0.044318001717329025
vt 0.6126070022583008 0.05595799908041954
vt 0.6127390265464783 0.045570001006126404
vt 0.47611701488494873 0.799301028251648
vt 0.4762740135192871 0.8031290173530579
vt 0.47033798694610596 0.8022739887237549
vt 0.4704839885234833 0.7993190288543701
vt 0.4059790074825287 0.8792110085487366
vt 0.41099101305007935 0.8733829855918884
vt 0.41377100348472595 0.8759030103683472
vt 0.40895500779151917 0.8812839984893799
vt 0.323186993598938 0.483460009098053
vt 0.31621500849723816 0.48832499980926514
vt 0.31325098872184753 0.48330798745155334
vt 0.4204829931259155 0.9381740093231201
vt 0.41800400614738464 0.9418100118637085
vt 0.7917810082435608 0.4207499921321869
vt 0.792568027973175 0.4309749901294708
vt 0.7842959761619568 0.4308840036392212
vt 0.7836750149726868 0.4211350083351135
vt 0.38693100214004517 0.5446289777755737
vt 0.38872000575065613 0.5550060272216797
vt 0.3801890015602112 0.5531060099601746
vt 0.3785949945449829 0.5434690117835999
vt 0.8454650044441223 0.5626360177993774
vt 0.8461310267448425 0.5603749752044678
vt 0.8498299717903137 0.5607349872589111
vt 0.848887026309967 0.5634379982948303
vt 0.483038991689682 0.5522559881210327
vt 0.4905509948730469 0.5382400155067444
vt 0.4915109872817993 0.5504379868507385
vt 0.625980019569397 0.0020890000741928816
vt 0.6269239783287048 0.009680000133812428
vt 0.8078680038452148 0.02443999983370304
vt 0.818992018699646 0.024121999740600586
vt 0.8147159814834595 0.2854529917240143
vt 0.8092060089111328 0.28439098596572876
vt 0.46708500385284424 0.876052975654602
vt 0.46125900745391846 0.8710529804229736
vt 0.4862450063228607 0.8304399847984314
vt 0.4980910122394562 0.8399930000305176
vt 0.1819089949131012 0.8586879968643188
vt 0.18243199586868286 0.8519619703292847
vt 0.18500199913978577 0.8526229858398438
vt 0.18490299582481384 0.8588799834251404
vt 0.011064000427722931 0.7549020051956177
vt 0.005530000198632479 0.7471359968185425
vt 0.015529000200331211 0.7388269901275635
vt 0.021195000037550926 0.7461230158805847
vt 0.42605599761009216 0.5566040277481079
vt 0.4268310070037842 0.5677750110626221
vt 0.4187520146369934 0.5686360001564026
vt 0.4177809953689575 0.556725025177002
vt 0.8525859713554382 0.5637980103492737
vt 0.38319599628448486 0.8028410077095032
vt 0.38472500443458557 0.7956010103225708
vt 0.3894290030002594 0.7932339906692505
vt 0.38763299584388733 0.8009210228919983
vt 0.46463000774383545 0.9292389750480652
vt 0.4679589867591858 0.9315659999847412
vt 0.6662269830703735 0.47455498576164246
vt 0.6662369966506958 0.48181799054145813
vt 0.6465920209884644 0.483134001493454
vt 0.6464239954948425 0.47639000415802
vt 0.8617749810218811 0.006155000068247318
vt 0.8624529838562012 0.015333999879658222
vt 0.855085015296936 0.012966999784111977
vt 0.8544629812240601 0.00355300004594028
vt 0.3420470058917999 0.039170000702142715
vt 0.33886098861694336 0.04412199929356575
vt 0.33088600635528564 0.03954700008034706
vt 0.3356980085372925 0.033025000244379044
vt 0.33585599064826965 0.4685730040073395
vt 0.3341600000858307 0.4689770042896271
vt 0.5553529858589172 0.28582000732421875
vt 0.3595049977302551 0.2890560030937195
vt 0.3597550094127655 0.2872389853000641
vt 0.5556460022926331 0.2834849953651428
vt 0.5485939979553223 0.4824950098991394
vt 0.5480570197105408 0.47991299629211426
vt 0.05189400166273117 0.4884989857673645
vt 0.267628014087677 0.5024960041046143
vt 0.05048799887299538 0.4957430064678192
vt 0.31131601333618164 0.4775039851665497
vt 0.3101310133934021 0.4716930091381073
vt 0.023469999432563782 0.48649299144744873
vt 0.028169000521302223 0.48915600776672363
vt 0.01858999952673912 0.492154985666275
vt 0.8468160033226013 0.7107589840888977
vt 0.8471860289573669 0.7136639952659607
vt 0.8448569774627686 0.7121469974517822
vt 0.4640829861164093 0.8009949922561646
vt 0.46615999937057495 0.7953659892082214
vt 0.4660109877586365 0.8065230250358582
vt 0.46615999937057495 0.8069620132446289
vt 0.8562309741973877 0.6498140096664429
vt 0.8563079833984375 0.652508020401001
vt 0.3574509918689728 0.02218100056052208
vt 0.3665579855442047 0.022086000069975853
vt 0.35861799120903015 0.030841000378131866
vt 0.6774299740791321 0.24994899332523346
vt 0.682004988193512 0.05447399988770485
vt 0.6852589845657349 0.4689610004425049
vt 0.6780679821968079 0.30800798535346985
vt 0.8678179979324341 0.8612800240516663
vt 0.8672729730606079 0.8653849959373474
vt 0.86245197057724 0.8649430274963379
vt 0.8628290295600891 0.8613539934158325
vt 0.28305599093437195 0.8933820128440857
vt 0.28621599078178406 0.8897020220756531
vt 0.2883070111274719 0.8904849886894226
vt 0.2849079966545105 0.8951110243797302
vt 0.5929650068283081 0.46727100014686584
vt 0.5928189754486084 0.47167301177978516
vt 0.5854660272598267 0.4686430096626282
vt 0.5845829844474792 0.46502798795700073
vt 0.4958629906177521 0.8034859895706177
vt 0.4961700141429901 0.8056920170783997
vt 0.49145400524139404 0.8056920170783997
vt 0.4913800060749054 0.8032069802284241
vt 0.4049389958381653 0.5362799763679504
vt 0.4062969982624054 0.5459780097007751
vt 0.7733169794082642 0.49802398681640625
vt 0.7786620259284973 0.49983400106430054
vt 0.7772079706192017 0.5012419819831848
vt 0.7741510272026062 0.5002999901771545
vt 0.008677000179886818 0.054441001266241074
vt 0.007852000184357166 0.46894198656082153
vt 0.0020890000741928816 0.4691910147666931
vt 0.0020890000741928816 0.053638000041246414
vt 0.47617700695991516 0.7953659892082214
vt 0.47077101469039917 0.7967079877853394
vt 0.6511099934577942 0.053011998534202576
vt 0.6616640090942383 0.05389999970793724
vt 0.6656050086021423 0.23914499580860138
vt 0.6597210168838501 0.23913200199604034
vt 0.2714320123195648 0.8292989730834961
vt 0.2687079906463623 0.83057701587677
vt 0.8247060179710388 0.5340440273284912
vt 0.8244050145149231 0.5297430157661438
vt 0.831125020980835 0.5282589793205261
vt 0.8314110040664673 0.5310620069503784
vt 0.8061190247535706 0.8101649880409241
vt 0.8061410188674927 0.8139539957046509
vt 0.8032019734382629 0.8144819736480713
vt 0.8029000163078308 0.8111310005187988
vt 0.8562319874763489 0.5632910132408142
vt 0.8795890212059021 0.19614900648593903
vt 0.8835620284080505 0.19496600329875946
vt 0.8833850026130676 0.19766700267791748
vt 0.8795769810676575 0.1981319934129715
vt 0.8196550011634827 0.5213689804077148
vt 0.8187119960784912 0.536404013633728
vt 0.8122940063476562 0.534857988357544
vt 0.8127920031547546 0.5197160243988037
vt 0.6901029944419861 0.04291199892759323
vt 0.6902040243148804 0.05464800074696541
vt 0.8690130114555359 0.5311750173568726
vt 0.8662859797477722 0.531266987323761
vt 0.8660169839859009 0.5277739763259888
vt 0.8690130114555359 0.5252950191497803
vt 0.8662689924240112 0.5164160132408142
vt 0.8690000176429749 0.519087016582489
vt 0.8828870058059692 0.8806849718093872
vt 0.8760859966278076 0.8877930045127869
vt 0.8747850060462952 0.8860639929771423
vt 0.8813880085945129 0.8796539902687073
vt 0.2342739999294281 0.5327569842338562
vt 0.23533600568771362 0.6821100115776062
vt 0.2282949984073639 0.6821230053901672
vt 0.2278359979391098 0.5318930149078369
vt 0.8515369892120361 0.5826529860496521
vt 0.8471369743347168 0.5808749794960022
vt 0.16611699759960175 0.7555440068244934
vt 0.17544400691986084 0.7533329725265503
vt 0.1794230043888092 0.7616980075836182
vt 0.16957800090312958 0.7638580203056335
vt 0.017628999426960945 0.4792790114879608
vt 0.02042499929666519 0.48308199644088745
vt 0.014433999545872211 0.4875659942626953
vt 0.010995999909937382 0.482464998960495
vt 0.3369539976119995 0.02097800001502037
vt 0.3296999931335449 0.02726699970662594
vt 0.3247149884700775 0.0229250006377697
vt 0.33327600359916687 0.01571599952876568
vt 0.7863709926605225 0.02505500055849552
vt 0.776485025882721 0.4219749867916107
vt 0.7777109742164612 0.02673099935054779
vt 0.334432989358902 0.4820460081100464
vt 0.8555970191955566 0.66532301902771
vt 0.8556429743766785 0.708154022693634
vt 0.8534409999847412 0.7084149718284607
vt 0.8533949851989746 0.6655840277671814
vt 0.8833749890327454 0.11822699755430222
vt 0.882544994354248 0.11644800007343292
vt 0.8869860172271729 0.11324899643659592
vt 0.8873500227928162 0.1147959977388382
vt 0.014759000390768051 0.4974850118160248
vt 0.5779489874839783 0.8693360090255737
vt 0.5680360198020935 0.8741250038146973
vt 0.5778830051422119 0.8666089773178101
vt 0.5947149991989136 0.8109359741210938
vt 0.5949379801750183 0.8089929819107056
vt 0.5987169742584229 0.8123459815979004
vt 0.5986869931221008 0.8145480155944824
vt 0.6189110279083252 0.021006999537348747
vt 0.6114429831504822 0.02403699979186058
vt 0.8029680252075195 0.8908630013465881
vt 0.8046650290489197 0.893447995185852
vt 0.8021849989891052 0.8930670022964478
vt 0.8009120225906372 0.8911280035972595
vt 0.8491460084915161 0.7100149989128113
vt 0.8489949703216553 0.7137150168418884
vt 0.2980540096759796 0.8187339901924133
vt 0.29826200008392334 0.8500660061836243
vt 0.2959910035133362 0.8504980206489563
vt 0.2958979904651642 0.8178790211677551
vt 0.26874199509620667 0.5212540030479431
vt 0.2686559855937958 0.5289919972419739
vt 0.2644389867782593 0.5296940207481384
vt 0.2642810046672821 0.5222229957580566
vt 0.5004630088806152 0.537231981754303
vt 0.8597440123558044 0.5643529891967773
vt 0.8586879968643188 0.562620997428894
vt 0.8603240251541138 0.5601639747619629
vt 0.8618379831314087 0.5621979832649231
vt 0.5396929979324341 0.8281840085983276
vt 0.5409929752349854 0.8257290124893188
vt 0.5437660217285156 0.8274289965629578
vt 0.5418670177459717 0.8297590017318726
vt 0.18119099736213684 0.7718459963798523
vt 0.17910900712013245 0.7720140218734741
vt 0.17911100387573242 0.7690010070800781
vt 0.1817139983177185 0.7680370211601257
vt 0.029684999957680702 0.4806250035762787
vt 0.7934979796409607 0.45264899730682373
vt 0.7932519912719727 0.46338000893592834
vt 0.8355309963226318 0.7407529950141907
vt 0.8381519913673401 0.7401670217514038
vt 0.846796989440918 0.7946730256080627
vt 0.8411629796028137 0.7940689921379089
vt 0.37849700450897217 0.9696080088615417
vt 0.3755750060081482 0.9726960062980652
vt 0.5627449750900269 0.8372830152511597
vt 0.5626360177993774 0.8299970030784607
vt 0.5671510100364685 0.8308349847793579
vt 0.5670700073242188 0.8373799920082092
vt 0.8554009795188904 0.8701310157775879
vt 0.8654630184173584 0.8707460165023804
vt 0.8679770231246948 0.8732630014419556
vt 0.8534629940986633 0.8729069828987122
vt 0.518339991569519 0.7384470105171204
vt 0.5183249711990356 0.7513660192489624
vt 0.5105479955673218 0.7518929839134216
vt 0.510125994682312 0.7383530139923096
vt 0.358242005109787 0.14604400098323822
vt 0.3583720028400421 0.16286900639533997
vt 0.35517698526382446 0.16328999400138855
vt 0.3548949956893921 0.145688995718956
vt 0.5878130197525024 0.014708999544382095
vt 0.5948960185050964 0.023048000410199165
vt 0.5897889733314514 0.027109000831842422
vt 0.5831360220909119 0.019411999732255936
vt 0.4709480106830597 0.7679010033607483
vt 0.4640829861164093 0.7676249742507935
vt 0.46444299817085266 0.7565500140190125
vt 0.5817239880561829 0.47450700402259827
vt 0.5841839909553528 0.4718930125236511
vt 0.5916470289230347 0.4762150049209595
vt 0.5895730257034302 0.47999000549316406
vt 0.6609609723091125 0.416579008102417
vt 0.6634629964828491 0.41672399640083313
vt 0.6763690114021301 0.46945300698280334
vt 0.6663219928741455 0.47006699442863464
vt 0.48959600925445557 0.7799479961395264
vt 0.49066799879074097 0.7911869883537292
vt 0.30333200097084045 0.5727319717407227
vt 0.3048970103263855 0.5595909953117371
vt 0.3064500093460083 0.558987021446228
vt 0.30449798703193665 0.5708590149879456
vt 0.48898500204086304 0.7534540295600891
vt 0.4892660081386566 0.7674000263214111
vt 0.4792709946632385 0.7680609822273254
vt 0.3433609902858734 0.01082099974155426
vt 0.34620401263237 0.017125999554991722
vt 0.7254350185394287 0.49748098850250244
vt 0.7286369800567627 0.49715399742126465
vt 0.7289159893989563 0.4991779923439026
vt 0.7262020111083984 0.49937599897384644
vt 0.8345109820365906 0.7231850028038025
vt 0.8342670202255249 0.7259119749069214
vt 0.8308119773864746 0.7249079942703247
vt 0.8310559988021851 0.7221810221672058
vt 0.8228769898414612 0.6585350036621094
vt 0.8238999843597412 0.6693639755249023
vt 0.8176789879798889 0.6702589988708496
vt 0.8166570067405701 0.6594300270080566
vt 0.4588429927825928 0.8742610216140747
vt 0.4571470022201538 0.8770279884338379
vt 0.4515269994735718 0.873337984085083
vt 0.5971469879150391 0.8351359963417053
vt 0.5969120264053345 0.8418369889259338
vt 0.5931879878044128 0.8420550227165222
vt 0.5933449864387512 0.8361009955406189
vt 0.5548689961433411 0.4816510081291199
vt 0.562995970249176 0.4870019853115082
vt 0.5554569959640503 0.48824700713157654
vt 0.8615900278091431 0.598816990852356
vt 0.8617669939994812 0.604138970375061
vt 0.8511130213737488 0.6067600250244141
vt 0.8510059714317322 0.6002470254898071
vt 0.5116599798202515 0.5369849801063538
vt 0.40142199397087097 0.9085479974746704
vt 0.40303000807762146 0.916549026966095
vt 0.39934998750686646 0.9175990223884583
vt 0.3978469967842102 0.9088550209999084
vt 0.01711300015449524 0.046891000121831894
vt 0.009514999575912952 0.044091999530792236
vt 0.8474339842796326 0.6259120106697083
vt 0.8471459746360779 0.6198650002479553
vt 0.8871350288391113 0.0164170004427433
vt 0.8830509781837463 0.01686600036919117
vt 0.3318989872932434 0.4586470127105713
vt 0.29623499512672424 0.8753139972686768
vt 0.2963170111179352 0.8659780025482178
vt 0.2980540096759796 0.8664360046386719
vt 0.297775000333786 0.8755480051040649
vt 0.5822880268096924 0.8298550248146057
vt 0.5925449728965759 0.8249490261077881
vt 0.5929750204086304 0.830407977104187
vt 0.5825110077857971 0.8345569968223572
vt 0.5995090007781982 0.49102699756622314
vt 0.5945879817008972 0.4962559938430786
vt 0.557748019695282 0.4877049922943115
vt 0.2364329993724823 0.533515989780426
vt 0.23738700151443481 0.6821939945220947
vt 0.8245949745178223 0.6821339726448059
vt 0.825410008430481 0.6969429850578308
vt 0.818103015422821 0.6828680038452148
vt 0.5388990044593811 0.7512140274047852
vt 0.5383909940719604 0.7386029958724976
vt 0.5477499961853027 0.7384309768676758
vt 0.5478180050849915 0.750423014163971
vt 0.8634359836578369 0.6477749943733215
vt 0.8608099818229675 0.6478319764137268
vt 0.8604869842529297 0.6435649991035461
vt 0.8631129860877991 0.6435080170631409
vt 0.28231099247932434 0.5804759860038757
vt 0.28220999240875244 0.597104012966156
vt 0.2753799855709076 0.5971829891204834
vt 0.2754809856414795 0.5805559754371643
vt 0.4394710063934326 0.8615530133247375
vt 0.4392560124397278 0.8658310174942017
vt 0.6000040173530579 0.4696600139141083
vt 0.5999860167503357 0.4725069999694824
vt 0.3608750104904175 0.12880100309848785
vt 0.35756999254226685 0.1279280036687851
vt 0.879764974117279 0.01295700017362833
vt 0.879751980304718 0.007532999850809574
vt 0.2508400082588196 0.5438849925994873
vt 0.25101399421691895 0.6916120052337646
vt 0.24357900023460388 0.6911579966545105
vt 0.24549899995326996 0.5445740222930908
vt 0.6368150115013123 0.05448799952864647
vt 0.4879310131072998 0.9768660068511963
vt 0.5390639901161194 0.8601869940757751
vt 0.5375720262527466 0.8621169924736023
vt 0.5365229845046997 0.8595880270004272
vt 0.5380150079727173 0.8576580286026001
vt 0.4211919903755188 0.7822999954223633
vt 0.4118340015411377 0.7823489904403687
vt 0.40912699699401855 0.5691319704055786
vt 0.8657410144805908 0.6474850177764893
vt 0.43323901295661926 0.5666760206222534
vt 0.4347510039806366 0.7818089723587036
vt 0.4288780093193054 0.7820129990577698
vt 0.3240109980106354 0.03535199910402298
vt 0.3553459942340851 0.862043023109436
vt 0.2974649965763092 0.04862400144338608
vt 0.2981700003147125 0.05951299890875816
vt 0.8879029750823975 0.03773700073361397
vt 0.8878989815711975 0.04357900097966194
vt 0.8826050162315369 0.04360000044107437
vt 0.8830649852752686 0.038061998784542084
vt 0.20430399477481842 0.5440719723701477
vt 0.20319999754428864 0.7145779728889465
vt 0.19892099499702454 0.7142990231513977
vt 0.19918599724769592 0.5446079969406128
vt 0.5696679949760437 0.5092039704322815
vt 0.562129020690918 0.5104489922523499
vt 0.8579270243644714 0.6653419733047485
vt 0.8601340055465698 0.6646490097045898
vt 0.8604530096054077 0.7057909965515137
vt 0.8582460284233093 0.7064840197563171
vt 0.20079399645328522 0.7371469736099243
vt 0.20142699778079987 0.7525069713592529
vt 0.1997630000114441 0.7553550004959106
vt 0.1987919956445694 0.7329090237617493
vt 0.5656599998474121 0.47726601362228394
vt 0.5540549755096436 0.479202002286911
vt 0.564054012298584 0.4753429889678955
vt 0.0020890000741928816 0.5397199988365173
vt 0.018154000863432884 0.5357980132102966
vt 0.01268600020557642 0.5438460111618042
vt 0.3085319995880127 0.5473920106887817
vt 0.3099539875984192 0.5480089783668518
vt 0.865185022354126 0.5003780126571655
vt 0.8642929792404175 0.5016930103302002
vt 0.8637639880180359 0.4969809949398041
vt 0.865185022354126 0.495525985956192
vt 0.485166996717453 0.7954729795455933
vt 0.48680099844932556 0.8034600019454956
vt 0.4804520010948181 0.8037229776382446
vt 0.4804520010948181 0.7953659892082214
vt 0.6761929988861084 0.48824700713157654
vt 0.676738977432251 0.4957689940929413
vt 0.4076929986476898 0.5569289922714233
vt 0.18996499478816986 0.8504409790039062
vt 0.1898539960384369 0.8479139804840088
vt 0.19287699460983276 0.8471390008926392
vt 0.19359199702739716 0.8525919914245605
vt 0.613444983959198 0.4909459948539734
vt 0.6137679815292358 0.48524999618530273
vt 0.43179601430892944 0.5464529991149902
vt 0.43265798687934875 0.5562450289726257
vt 0.4249970018863678 0.5460730195045471
vt 0.42376700043678284 0.8027960062026978
vt 0.41506698727607727 0.8038769960403442
vt 0.8046090006828308 0.8671749830245972
vt 0.8130049705505371 0.8672829866409302
vt 0.8042290210723877 0.8689860105514526
vt 0.5199019908905029 0.776494026184082
vt 0.5208340287208557 0.7867569923400879
vt 0.5127419829368591 0.788565993309021
vt 0.5120660066604614 0.7777730226516724
vt 0.7822369933128357 0.619608998298645
vt 0.7733780145645142 0.6123049855232239
vt 0.7725480198860168 0.610476016998291
vt 0.7816659808158875 0.617605984210968
vt 0.5569049715995789 0.49612799286842346
vt 0.342835009098053 0.4998210072517395
vt 0.3438299894332886 0.4921729862689972
vt 0.8580520153045654 0.8545590043067932
vt 0.851921021938324 0.8541420102119446
vt 0.8554930090904236 0.7108719944953918
vt 0.8574439883232117 0.7096189856529236
vt 0.8583329916000366 0.7120090126991272
vt 0.8557310104370117 0.7136790156364441
vt 0.1835239976644516 0.768090009689331
vt 0.18247899413108826 0.7719410061836243
vt 0.6020619869232178 0.8390100002288818
vt 0.6023139953613281 0.83918297290802
vt 0.6013410091400146 0.8296269774436951
vt 0.6023139953613281 0.8205419778823853
vt 0.5457059741020203 0.8178049921989441
vt 0.5406339764595032 0.7967010140419006
vt 0.4996210038661957 0.7386900186538696
vt 0.32067999243736267 0.04470599815249443
vt 0.31947198510169983 0.05494299903512001
vt 0.3124139904975891 0.05437599867582321
vt 0.3144559860229492 0.043095000088214874
vt 0.3904320001602173 0.979453980922699
vt 0.40759700536727905 0.9690539836883545
vt 0.4080980122089386 0.9719690084457397
vt 0.4033840000629425 0.9867470264434814
vt 0.5584220290184021 0.5106179714202881
vt 0.34238201379776 0.5142019987106323
vt 0.34274399280548096 0.5075899958610535
vt 0.5580350160598755 0.5040140151977539
vt 0.8441410064697266 0.4273580014705658
vt 0.8438130021095276 0.43551701307296753
vt 0.5202550292015076 0.9269229769706726
vt 0.5229889750480652 0.9113489985466003
vt 0.5268750190734863 0.9116089940071106
vt 0.5242570042610168 0.9282000064849854
vt 0.834443986415863 0.7279930114746094
vt 0.8348429799079895 0.7303469777107239
vt 0.8310549855232239 0.7286990284919739
vt 0.8307009935379028 0.7268660068511963
vt 0.8039550185203552 0.4776630103588104
vt 0.8084049820899963 0.47090399265289307
vt 0.8097230195999146 0.47315600514411926
vt 0.8059070110321045 0.4787349998950958
vt 0.5938720107078552 0.03612599894404411
vt 0.5866720080375671 0.04034100100398064
vt 0.5832539796829224 0.03235200047492981
vt 0.3313950002193451 0.8555179834365845
vt 0.8051509857177734 0.33361101150512695
vt 0.8109610080718994 0.3341659903526306
vt 0.8503419756889343 0.5151100158691406
vt 0.8463670015335083 0.5151919722557068
vt 0.7521830201148987 0.48932701349258423
vt 0.7484819889068604 0.49152499437332153
vt 0.7480069994926453 0.48700499534606934
vt 0.7521389722824097 0.4872730076313019
vt 0.3374690115451813 0.8281800150871277
vt 0.33799099922180176 0.8307650089263916
vt 0.3338389992713928 0.8285840153694153
vt 0.3337880074977875 0.8261269927024841
vt 0.8685489892959595 0.6585350036621094
vt 0.8689680099487305 0.6768630146980286
vt 0.8646609783172607 0.6769769787788391
vt 0.8648200035095215 0.6593239903450012
vt 0.3558410108089447 0.014436000026762486
vt 0.3664900064468384 0.013806000351905823
vt 0.4296970069408417 0.530942976474762
vt 0.43098700046539307 0.5377209782600403
vt 0.42385101318359375 0.5369210243225098
vt 0.42261698842048645 0.5291489958763123
vt 0.7359709739685059 0.4973579943180084
vt 0.7395359873771667 0.4981040060520172
vt 0.8827970027923584 0.028943000361323357
vt 0.8828070163726807 0.022940000519156456
vt 0.8872359991073608 0.023090999573469162
vt 0.8872259855270386 0.0290949996560812
vt 0.8492159843444824 0.6585350036621094
vt 0.8490920066833496 0.6610829830169678
vt 0.8474060297012329 0.6614969968795776
vt 0.8470100164413452 0.6589919924736023
vt 0.8592820167541504 0.7434110045433044
vt 0.8594920039176941 0.7402999997138977
vt 0.8075770139694214 0.012493999674916267
vt 0.7963389754295349 0.024553000926971436
vt 0.7960469722747803 0.012606999836862087
vt 0.48901599645614624 0.7396079897880554
vt 0.8456360101699829 0.5076299905776978
vt 0.8458470106124878 0.511102020740509
vt 0.8430950045585632 0.5124049782752991
vt 0.8426079750061035 0.5093749761581421
vt 0.8534389734268188 0.4418349862098694
vt 0.8535079956054688 0.4495280086994171
vt 0.8429039716720581 0.4519599974155426
vt 0.8435350060462952 0.4439550042152405
vt 0.2879379987716675 0.029812000691890717
vt 0.2938869893550873 0.0385890007019043
vt 0.2878729999065399 0.0428210012614727
vt 0.283035010099411 0.03522400185465813
vt 0.4851369857788086 0.2483769953250885
vt 0.48460400104522705 0.24514999985694885
vt 0.3635930120944977 0.2413789927959442
vt 0.35716599225997925 0.24144700169563293
vt 0.8282349705696106 0.6281650066375732
vt 0.8283470273017883 0.6302549839019775
vt 0.823976993560791 0.6298570036888123
vt 0.8243110179901123 0.6278690099716187
vt 0.8378210067749023 0.44523000717163086
vt 0.6402599811553955 0.4830319881439209
vt 0.6403660178184509 0.47644200921058655
vt 0.6463599801063538 0.4724220037460327
vt 0.838467001914978 0.4682910144329071
vt 0.8484249711036682 0.47889599204063416
vt 0.848675012588501 0.4808250069618225
vt 0.8367959856987 0.4686169922351837
vt 0.4986650049686432 0.9666399955749512
vt 0.5014730095863342 0.969880998134613
vt 0.49003899097442627 0.9804350137710571
vt 0.8535289764404297 0.8914210200309753
vt 0.8683180212974548 0.891638994216919
vt 0.8668540120124817 0.8945299983024597
vt 0.8552950024604797 0.8939599990844727
vt 0.8556309938430786 0.6611440181732178
vt 0.8579549789428711 0.6619120240211487
vt 0.853967010974884 0.4151889979839325
vt 0.8537780046463013 0.4191280007362366
vt 0.8446369767189026 0.4201880097389221
vt 0.8446530103683472 0.41577398777008057
vt 0.5446000099182129 0.016707999631762505
vt 0.5448089838027954 0.008294999599456787
vt 0.3105109930038452 0.4676760137081146
vt 0.30371201038360596 0.4698239862918854
vt 0.6762830018997192 0.48120400309562683
vt 0.3148829936981201 0.5372139811515808
vt 0.3234339952468872 0.5282580256462097
vt 0.32356101274490356 0.5297179818153381
vt 0.31565800309181213 0.5382519960403442
vt 0.43206900358200073 0.9937139749526978
vt 0.43176499009132385 0.9976980090141296
vt 0.18330399692058563 0.8198559880256653
vt 0.1835239976644516 0.8226950168609619
vt 0.181317999958992 0.822396993637085
vt 0.8187479972839355 0.7749429941177368
vt 0.8151649832725525 0.7741050124168396
vt 0.8163560032844543 0.7598279714584351
vt 0.2867960035800934 0.5760980248451233
vt 0.28672099113464355 0.5592319965362549
vt 0.3704479932785034 0.5695469975471497
vt 0.37115800380706787 0.5757449865341187
vt 0.35899800062179565 0.566211998462677
vt 0.35887598991394043 0.5622320175170898
vt 0.8358790278434753 0.8825420141220093
vt 0.83542799949646 0.8873050212860107
vt 0.8309580087661743 0.8868499994277954
vt 0.8307009935379028 0.8823800086975098
vt 0.4767119884490967 0.9131979942321777
vt 0.4779149889945984 0.9056439995765686
vt 0.4825400114059448 0.9080579876899719
vt 0.48183000087738037 0.9139729738235474
vt 0.5829259753227234 0.7429109811782837
vt 0.5852069854736328 0.7447929978370667
vt 0.5829700231552124 0.7473850250244141
vt 0.5814089775085449 0.7457540035247803
vt 0.2265930026769638 0.6819139719009399
vt 0.22613400220870972 0.5316839814186096
vt 0.30333200097084045 0.8322889804840088
vt 0.3048439919948578 0.829101026058197
vt 0.30667200684547424 0.8320789933204651
vt 0.30601000785827637 0.8342739939689636
vt 0.8410210013389587 0.5900570154190063
vt 0.8403459787368774 0.63264000415802
vt 0.8382419943809509 0.6343399882316589
vt 0.8099910020828247 0.7882930040359497
vt 0.8108289837837219 0.8009679913520813
vt 0.8043259978294373 0.8032209873199463
vt 0.80315101146698 0.7901260256767273
vt 0.7607190012931824 0.4952180087566376
vt 0.7610350251197815 0.49820899963378906
vt 0.7565770149230957 0.49874699115753174
vt 0.7566949725151062 0.49542298913002014
vt 0.8256189823150635 0.7754979729652405
vt 0.2758620083332062 0.029404999688267708
vt 0.2771669924259186 0.042729999870061874
vt 0.27125099301338196 0.037324000149965286
vt 0.6359149813652039 0.00940799992531538
vt 0.6365730166435242 0.018945999443531036
vt 0.6275820136070251 0.019217999652028084
vt 0.5492990016937256 0.19579699635505676
vt 0.5650860071182251 0.24313199520111084
vt 0.5593839883804321 0.24086299538612366
vt 0.5407689809799194 0.21051299571990967
vt 0.8514819741249084 0.8917400240898132
vt 0.8514819741249084 0.8721889853477478
vt 0.8369550108909607 0.45351099967956543
vt 0.4728879928588867 0.912509024143219
vt 0.4738970100879669 0.9054039716720581
vt 0.5505930185317993 0.5578320026397705
vt 0.5473009943962097 0.7264490127563477
vt 0.5383939743041992 0.7263129949569702
vt 0.5416849851608276 0.5576959848403931
vt 0.27577000856399536 0.8336439728736877
vt 0.27592700719833374 0.8493090271949768
vt 0.3859249949455261 0.8072289824485779
vt 0.3886620104312897 0.7999340295791626
vt 0.40555301308631897 0.8044390082359314
vt 0.833745002746582 0.4545620083808899
vt 0.8353109955787659 0.44596898555755615
vt 0.8022180199623108 0.8717089891433716
vt 0.8173210024833679 0.8908259868621826
vt 0.2647550106048584 0.7865250110626221
vt 0.2678090035915375 0.7876589894294739
vt 0.5294749736785889 0.7942969799041748
vt 0.5294749736785889 0.8070350289344788
vt 0.5250130295753479 0.807108998298645
vt 0.5254080295562744 0.7917249798774719
vt 0.3297309875488281 0.48986300826072693
vt 0.8454959988594055 0.7393389940261841
vt 0.8506540060043335 0.7976920008659363
vt 0.7521610260009766 0.4918319880962372
vt 0.5558859705924988 0.008307999931275845
vt 0.5662819743156433 0.010141000151634216
vt 0.7134829759597778 0.48524901270866394
vt 0.7173489928245544 0.48224499821662903
vt 0.7139859795570374 0.49859699606895447
vt 0.025211000815033913 0.056984998285770416
vt 0.023920999839901924 0.46875301003456116
vt 0.014986000023782253 0.46900901198387146
vt 0.016168000176548958 0.05567700043320656
vt 0.6856570243835449 0.49362999200820923
vt 0.3610840141773224 0.779649019241333
vt 0.35191699862480164 0.7781630158424377
vt 0.34936800599098206 0.5644329786300659
vt 0.3378100097179413 0.8328359723091125
vt 0.33408400416374207 0.8313000202178955
vt 0.6981469988822937 0.47086799144744873
vt 0.6980670094490051 0.4758099913597107
vt 0.27395299077033997 0.4953410029411316
vt 0.27911901473999023 0.5019270181655884
vt 0.8086529970169067 0.7740730047225952
vt 0.8020809888839722 0.7754589915275574
vt 0.7306910157203674 0.4803430140018463
vt 0.7313979864120483 0.482805997133255
vt 0.5968570113182068 0.848501980304718
vt 0.5933730006217957 0.8484489917755127
vt 0.882453978061676 0.0040790000930428505
vt 0.8796640038490295 0.005675000138580799
vt 0.5383269786834717 0.8379070162773132
vt 0.5380650162696838 0.8348050117492676
vt 0.5403469800949097 0.8350549936294556
vt 0.5407289862632751 0.8378279805183411
vt 0.3309839963912964 0.8300219774246216
vt 0.3309270143508911 0.8245900273323059
vt 0.8255850076675415 0.4388839900493622
vt 0.8235200047492981 0.44819000363349915
vt 0.8034660220146179 0.4521479904651642
vt 0.8034129738807678 0.4412580132484436
vt 0.8626620173454285 0.8262519836425781
vt 0.8671680092811584 0.8240010142326355
vt 0.8671159744262695 0.831184983253479
vt 0.8626300096511841 0.8314080238342285
vt 0.8636050224304199 0.8075569868087769
vt 0.8623930215835571 0.8034589886665344
vt 0.865513026714325 0.8022130131721497
vt 0.8666319847106934 0.8058080077171326
vt 0.3241350054740906 0.8361430168151855
vt 0.3267480134963989 0.8351079821586609
vt 0.630977988243103 0.4826950132846832
vt 0.6312580108642578 0.4760409891605377
vt 0.8197979927062988 0.6382480263710022
vt 0.8133749961853027 0.6404399871826172
vt 0.823976993560791 0.5254809856414795
vt 0.8305780291557312 0.5252180099487305
vt 0.526964008808136 0.8944180011749268
vt 0.5229730010032654 0.8948990106582642
vt 0.36578699946403503 0.799036979675293
vt 0.3661769926548004 0.7927190065383911
vt 0.37724000215530396 0.7904679775238037
vt 0.37704598903656006 0.7975260019302368
vt 0.8469889760017395 0.6464239954948425
vt 0.8471519947052002 0.642117977142334
vt 0.849702000617981 0.6466280221939087
vt 0.8562949895858765 0.7219600081443787
vt 0.8561800122261047 0.7246429920196533
vt 0.853568971157074 0.7240260243415833
vt 0.8535680174827576 0.7220309972763062
vt 0.8500139713287354 0.5069829821586609
vt 0.8500970005989075 0.510578989982605
vt 0.5998380184173584 0.033351000398397446
vt 0.5208340287208557 0.5492770075798035
vt 0.5182129740715027 0.7259330153465271
vt 0.3097180128097534 0.4926699995994568
vt 0.577675998210907 0.8281049728393555
vt 0.567313015460968 0.8249639868736267
vt 0.5779489874839783 0.8241609930992126
vt 0.25989100337028503 0.5227149724960327
vt 0.2599160075187683 0.531561017036438
vt 0.2556009888648987 0.5300379991531372
vt 0.25540098547935486 0.5212540030479431
vt 0.7436320185661316 0.48159199953079224
vt 0.7434809803962708 0.4832729995250702
vt 0.7395920157432556 0.4809719920158386
vt 0.7397429943084717 0.47929099202156067
vt 0.47319498658180237 0.8983849883079529
vt 0.47128599882125854 0.8915740251541138
vt 0.4773179888725281 0.8978840112686157
vt 0.04588399827480316 0.003404000075533986
vt 0.05902799963951111 0.0020890000741928816
vt 0.047832001000642776 0.009945999830961227
vt 0.870510995388031 0.7158060073852539
vt 0.8703100085258484 0.7181190252304077
vt 0.8657950162887573 0.717028021812439
vt 0.8659060001373291 0.7138509750366211
vt 0.5356169939041138 0.8668079972267151
vt 0.5557630062103271 0.8710820078849792
vt 0.5570340156555176 0.886722981929779
vt 0.5369750261306763 0.8899959921836853
vt 0.8316310048103333 0.8580080270767212
vt 0.8314409852027893 0.8514050245285034
vt 0.8426250219345093 0.8520110249519348
vt 0.841168999671936 0.861473023891449
vt 0.5378640294075012 0.7948070168495178
vt 0.5418810248374939 0.8190910220146179
vt 0.5389000177383423 0.82122802734375
vt 0.5358039736747742 0.7915220260620117
vt 0.8534079790115356 0.6462669968605042
vt 0.8561450242996216 0.6461859941482544
vt 0.27316001057624817 0.8659440279006958
vt 0.287445992231369 0.8742820024490356
vt 0.2793470025062561 0.8955259919166565
vt 0.2690980136394501 0.8882750272750854
vt 0.5858020186424255 0.7138969898223877
vt 0.5793780088424683 0.7128869891166687
vt 0.8488410115242004 0.7199789881706238
vt 0.8490639925003052 0.7215650081634521
vt 0.8450449705123901 0.7218469977378845
vt 0.8448219895362854 0.7202609777450562
vt 0.577459990978241 0.025940999388694763
vt 0.5203149914741516 0.07249200344085693
vt 0.518438994884491 0.07587900012731552
vt 0.2510969936847687 0.698872983455658
vt 0.2436619997024536 0.6984189748764038
vt 0.8209220170974731 0.7958049774169922
vt 0.8207330107688904 0.7985759973526001
vt 0.8162699937820435 0.7985759973526001
vt 0.8166390061378479 0.7957590222358704
vt 0.5799790024757385 0.051541998982429504
vt 0.5069580078125 0.06499599665403366
vt 0.5440739989280701 0.025126000866293907
vt 0.6746169924736023 0.24403400719165802
vt 0.6736040115356445 0.24318300187587738
vt 0.6725500226020813 0.05420299991965294
vt 0.8322129845619202 0.46854498982429504
vt 0.8350459933280945 0.46755900979042053
vt 0.831367015838623 0.471017986536026
vt 0.8009120225906372 0.8719729781150818
vt 0.7521899938583374 0.4828859865665436
vt 0.748058021068573 0.48261699080467224
vt 0.21720300614833832 0.7409160137176514
vt 0.2195899933576584 0.7542920112609863
vt 0.21690599620342255 0.7522779703140259
vt 0.2135380059480667 0.7427660226821899
vt 0.41544100642204285 0.06648299843072891
vt 0.8197979927062988 0.5082110166549683
vt 0.8133829832077026 0.50621098279953
vt 0.46817201375961304 0.8849700093269348
vt 0.46416300535202026 0.8791409730911255
vt 0.2348790019750595 0.6921039819717407
vt 0.23438499867916107 0.700281023979187
vt 0.22734500467777252 0.700294017791748
vt 0.22783899307250977 0.6921179890632629
vt 0.8027539849281311 0.46290698647499084
vt 0.8018249869346619 0.7033720016479492
vt 0.8025310039520264 0.6859549880027771
vt 0.8092960119247437 0.687362015247345
vt 0.8081269860267639 0.7044860124588013
vt 0.8691959977149963 0.41444501280784607
vt 0.8692420125007629 0.4181089997291565
vt 0.8625040054321289 0.41838499903678894
vt 0.8624579906463623 0.4147210121154785
vt 0.4269079864025116 0.9407939910888672
vt 0.42552998661994934 0.9449650049209595
vt 0.33613699674606323 0.05722400173544884
vt 0.32735198736190796 0.0560230016708374
vt 0.3281550109386444 0.04747200012207031
vt 0.879601001739502 0.04347100108861923
vt 0.8797829747200012 0.038373999297618866
vt 0.7847089767456055 0.44169801473617554
vt 0.7774279713630676 0.4413129985332489
vt 0.7769410014152527 0.4312469959259033
vt 0.39432400465011597 0.7780640125274658
vt 0.3906889855861664 0.5663149952888489
vt 0.5112820267677307 0.7655320167541504
vt 0.5000680088996887 0.7667059898376465
vt 0.49978700280189514 0.7527599930763245
vt 0.7948859930038452 0.6617860198020935
vt 0.7954009771347046 0.6505100131034851
vt 0.7966750264167786 0.6494870185852051
vt 0.7967339754104614 0.6612920165061951
vt 0.8012149930000305 0.8600620031356812
vt 0.8032019734382629 0.8620330095291138
vt 0.8533949851989746 0.7144100069999695
vt 0.8538079857826233 0.7111849784851074
vt 0.8157809972763062 0.8936780095100403
vt 0.34136301279067993 0.4896099865436554
vt 0.3396179974079132 0.4972659945487976
vt 0.8691340088844299 0.5062509775161743
vt 0.8664259910583496 0.50621098279953
vt 0.377483993768692 0.839618980884552
vt 0.6623129844665527 0.04075999930500984
vt 0.6516000032424927 0.04039200022816658
vt 0.8702679872512817 0.4718259871006012
vt 0.8693289756774902 0.4897550046443939
vt 0.8673020005226135 0.49134698510169983
vt 0.868569016456604 0.470429003238678
vt 0.8349310159683228 0.6700999736785889
vt 0.8309890031814575 0.6745499968528748
vt 0.8309879899024963 0.6722210049629211
vt 0.8165979981422424 0.856423020362854
vt 0.8130980134010315 0.8565750122070312
vt 0.5403640270233154 0.8566280007362366
vt 0.5406860113143921 0.8589280247688293
vt 0.704243004322052 0.42966198921203613
vt 0.7059310078620911 0.43872201442718506
vt 0.7052609920501709 0.4416410028934479
vt 0.7028279900550842 0.43249499797821045
vt 0.8646079897880554 0.7821170091629028
vt 0.8647879958152771 0.7850919961929321
vt 0.8619030117988586 0.7842580080032349
vt 0.8621969819068909 0.7814009785652161
vt 0.34871700406074524 0.9142000079154968
vt 0.34871700406074524 0.8967139720916748
vt 0.3527350127696991 0.8969550132751465
vt 0.3524239957332611 0.913873016834259
vt 0.29296499490737915 0.6436290144920349
vt 0.28648999333381653 0.6439909934997559
vt 0.572363018989563 0.5015320181846619
vt 0.7234600186347961 0.49055400490760803
vt 0.7237250208854675 0.4862540066242218
vt 0.7251889705657959 0.48586899042129517
vt 0.7251750230789185 0.49042999744415283
vt 0.8386020064353943 0.8772249817848206
vt 0.8383520245552063 0.8814389705657959
vt 0.8353430032730103 0.8773959875106812
vt 0.19777099788188934 0.7199599742889404
vt 0.2023019939661026 0.720628023147583
vt 0.5557060241699219 0.18019799888134003
vt 0.5464299917221069 0.19427600502967834
vt 0.5525169968605042 0.17932699620723724
vt 0.818149983882904 0.7878419756889343
vt 0.8150079846382141 0.7866489887237549
vt 0.8072869777679443 0.7403150200843811
vt 0.807686984539032 0.7578340172767639
vt 0.8015069961547852 0.7586460113525391
vt 0.8009120225906372 0.7403879761695862
vt 0.5190770030021667 0.7640789747238159
vt 0.8363509774208069 0.5329329967498779
vt 0.8367509841918945 0.50621098279953
vt 0.8367509841918945 0.5712310075759888
vt 0.8355900049209595 0.5376610159873962
vt 0.8620089888572693 0.6231020092964172
vt 0.8519459962844849 0.6284170150756836
vt 0.414902001619339 0.5362039804458618
vt 0.4163849949836731 0.5457749962806702
vt 0.7383490204811096 0.47014299035072327
vt 0.747232973575592 0.473006010055542
vt 0.7451589703559875 0.4751119911670685
vt 0.7404490113258362 0.4728659987449646
vt 0.8878800272941589 0.05378599837422371
vt 0.8873590230941772 0.05990099906921387
vt 0.5887410044670105 0.7244229912757874
vt 0.5888159871101379 0.7329239845275879
vt 0.5626270174980164 0.2641260027885437
vt 0.578357994556427 0.30162501335144043
vt 0.5565869808197021 0.2653549909591675
vt 0.4098049998283386 0.9746760129928589
vt 0.41953399777412415 0.9862470030784607
vt 0.41772401332855225 0.9916279911994934
vt 0.5937039852142334 0.8713529706001282
vt 0.5822619795799255 0.8681809902191162
vt 0.869566023349762 0.42398399114608765
vt 0.8695909976959229 0.43088299036026
vt 0.7709680199623108 0.43203699588775635
vt 0.7706030011177063 0.4239889979362488
vt 0.5395219922065735 0.763700008392334
vt 0.5408660173416138 0.7758010029792786
vt 0.5320619940757751 0.7764670252799988
vt 0.2759590148925781 0.8526809811592102
vt 0.2758510112762451 0.8551579713821411
vt 0.2716499865055084 0.8545569777488708
vt 0.2722249925136566 0.8519619703292847
vt 0.8359130024909973 0.6342949867248535
vt 0.41929998993873596 0.871953010559082
vt 0.3233250081539154 0.8051369786262512
vt 0.3322480022907257 0.8129850029945374
vt 0.3328939974308014 0.8148109912872314
vt 0.32332301139831543 0.8073859810829163
vt 0.847786009311676 0.6303139925003052
vt 0.8250210285186768 0.788398027420044
vt 0.29569798707962036 0.6111570000648499
vt 0.7237550020217896 0.4823409914970398
vt 0.7245360016822815 0.4796749949455261
vt 0.5822679996490479 0.8392860293388367
vt 0.8127660155296326 0.46761399507522583
vt 0.8174260258674622 0.46755900979042053
vt 0.8168079853057861 0.4703519940376282
vt 0.8133190274238586 0.4707689881324768
vt 0.740261971950531 0.4993009865283966
vt 0.7431939840316772 0.49584901332855225
vt 0.7436509728431702 0.4975239932537079
vt 0.28267499804496765 0.5081220269203186
vt 0.29058098793029785 0.5032190084457397
vt 0.29447200894355774 0.5067409873008728
vt 0.2857019901275635 0.5129219889640808
vt 0.2956950068473816 0.627485990524292
vt 0.29578301310539246 0.6425920128822327
vt 0.8699790239334106 0.4449650049209595
vt 0.8702300190925598 0.45092400908470154
vt 0.8630130290985107 0.45395800471305847
vt 0.8628249764442444 0.44724899530410767
vt 0.676272988319397 0.47394099831581116
vt 0.5787670016288757 0.7408890128135681
vt 0.5809289813041687 0.7416419982910156
vt 0.5798490047454834 0.7441239953041077
vt 0.5776870250701904 0.7433710098266602
vt 0.5579969882965088 0.5479379892349243
vt 0.5584570169448853 0.5589929819107056
vt 0.18192799389362335 0.8648229837417603
vt 0.18496300280094147 0.8640890121459961
vt 0.35766100883483887 0.5318750143051147
vt 0.3580229878425598 0.5401219725608826
vt 0.34897899627685547 0.5405619740486145
vt 0.3489550054073334 0.5327349901199341
vt 0.552111029624939 0.8576160073280334
vt 0.5535730123519897 0.8597210049629211
vt 0.5522909760475159 0.8620859980583191
vt 0.550682008266449 0.8605030179023743
vt 0.5291380286216736 0.7272890210151672
vt 0.5250130295753479 0.7278689742088318
vt 0.254925012588501 0.031484998762607574
vt 0.8214309811592102 0.2932789921760559
vt 0.8270390033721924 0.02330699935555458
vt 0.8277469873428345 0.4158650040626526
vt 0.8206239938735962 0.3253830075263977
vt 0.5626360177993774 0.7561830282211304
vt 0.5877969861030579 0.7608889937400818
vt 0.5887889862060547 0.8083620071411133
vt 0.5647429823875427 0.8087069988250732
vt 0.7523220181465149 0.47929099202156067
vt 0.7523980140686035 0.48215198516845703
vt 0.749101996421814 0.4795700013637543
vt 0.6501250267028809 0.00816699955612421
vt 0.6510419845581055 0.01740499958395958
vt 0.6428040266036987 0.018828999251127243
vt 0.6417139768600464 0.009655999951064587
vt 0.5759850144386292 0.30255699157714844
vt 0.26707300543785095 0.02485400065779686
vt 0.2640399932861328 0.03383500128984451
vt 0.3613069951534271 0.17875899374485016
vt 0.3674769997596741 0.19435499608516693
vt 0.3641969859600067 0.19581200182437897
vt 0.3580690026283264 0.17969700694084167
vt 0.8500360250473022 0.6358659863471985
vt 0.8530070185661316 0.6363239884376526
vt 0.8527699708938599 0.6384009718894958
vt 0.30333200097084045 0.47383999824523926
vt 0.5103099942207336 0.8496860265731812
vt 0.518339991569519 0.8631020188331604
vt 0.299142986536026 0.488211989402771
vt 0.2959029972553253 0.49644801020622253
vt 0.2897210121154785 0.49356499314308167
vt 0.03709099814295769 0.01337399985641241
vt 0.04953400045633316 0.018069999292492867
vt 0.040481001138687134 0.021273000165820122
vt 0.29826200008392334 0.813979983329773
vt 0.2957870066165924 0.8124750256538391
vt 0.28648999333381653 0.5436980128288269
vt 0.2872700095176697 0.530381977558136
vt 0.29353201389312744 0.530722975730896
vt 0.2927510142326355 0.5440390110015869
vt 0.8040570020675659 0.28574100136756897
vt 0.8001700043678284 0.2879849970340729
vt 0.8560640215873718 0.7273269891738892
vt 0.8533949851989746 0.7260550260543823
vt 0.5386379957199097 0.8313639760017395
vt 0.5408120155334473 0.832938015460968
vt 0.23366199433803558 0.705560028553009
vt 0.23370200395584106 0.7179279923439026
vt 0.22742800414562225 0.7173889875411987
vt 0.2272229939699173 0.7045429944992065
vt 0.4439859986305237 0.8150449991226196
vt 0.44902101159095764 0.8200780153274536
vt 0.44620901346206665 0.8196300268173218
vt 0.8795769810676575 0.18044300377368927
vt 0.8803279995918274 0.17643900215625763
vt 0.8876389861106873 0.17818500101566315
vt 0.8874490261077881 0.18115900456905365
vt 0.3571000099182129 0.5185610055923462
vt 0.35735398530960083 0.5246890187263489
vt 0.34871700406074524 0.5264149904251099
vt 0.34880098700523376 0.5207070112228394
vt 0.5783550143241882 0.007949000224471092
vt 0.5752859711647034 0.013929000124335289
vt 0.8621630072593689 0.6266049742698669
vt 0.8521919846534729 0.6316869854927063
vt 0.31040000915527344 0.7840099930763245
vt 0.3094939887523651 0.7856910228729248
vt 0.7605999708175659 0.4815550148487091
vt 0.7617679834365845 0.47929099202156067
vt 0.7626889944076538 0.4957840144634247
vt 0.33824101090431213 0.8742759823799133
vt 0.33823901414871216 0.8765980005264282
vt 0.3344089984893799 0.876488983631134
vt 0.33441200852394104 0.8741660118103027
vt 0.1848910003900528 0.5588430166244507
vt 0.18400199711322784 0.5545250177383423
vt 0.19283699989318848 0.5458379983901978
vt 0.19359199702739716 0.5513740181922913
vt 0.3678889870643616 0.5418400168418884
vt 0.29577401280403137 0.5452529788017273
vt 0.26728901267051697 0.6786400079727173
vt 0.2645319998264313 0.6919440031051636
vt 0.2640950083732605 0.6796870231628418
vt 0.5990480184555054 0.47743499279022217
vt 0.5973619818687439 0.4823710024356842
vt 0.38860899209976196 0.632968008518219
vt 0.3885580003261566 0.5898150205612183
vt 0.7860050201416016 0.013856999576091766
vt 0.7777500152587891 0.015737000852823257
vt 0.8533130288124084 0.6417070031166077
vt 0.861283004283905 0.5119199752807617
vt 0.8612930178642273 0.5148410201072693
vt 0.8586130142211914 0.5107859969139099
vt 0.5815849900245667 0.519120991230011
vt 0.5865579843521118 0.5183799862861633
vt 0.870510995388031 0.7320089936256409
vt 0.8657379746437073 0.7313709855079651
vt 0.8032649755477905 0.6702060103416443
vt 0.8045989871025085 0.6585350036621094
vt 0.8108289837837219 0.6608350276947021
vt 0.8097630143165588 0.6720589995384216
vt 0.8338900208473206 0.6676499843597412
vt 0.8307009935379028 0.6697689890861511
vt 0.027532000094652176 0.019022999331355095
vt 0.014368999749422073 0.021727999672293663
vt 0.02346399985253811 0.013345999643206596
vt 0.36682799458503723 0.524927020072937
vt 0.36733201146125793 0.5328540205955505
vt 0.8671119809150696 0.8173959851264954
vt 0.8671910166740417 0.8128700256347656
vt 0.8702359795570374 0.814300000667572
vt 0.8699229955673218 0.8184260129928589
vt 0.29248499870300293 0.8661710023880005
vt 0.2928360104560852 0.8644170165061951
vt 0.2966670095920563 0.8642240166664124
vt 0.23278699815273285 0.8089939951896667
vt 0.23314400017261505 0.8226580023765564
vt 0.22632800042629242 0.8228949904441833
vt 0.22597099840641022 0.8092300295829773
vt 0.47086599469184875 0.055410001426935196
vt 0.48957398533821106 0.058320000767707825
vt 0.4884049892425537 0.062217000871896744
vt 0.470210999250412 0.05891399830579758
vt 0.6001290082931519 0.7436180114746094
vt 0.6005010008811951 0.7454270124435425
vt 0.5969700217247009 0.7441449761390686
vt 0.5966439843177795 0.7418180108070374
vt 0.8261470198631287 0.7128940224647522
vt 0.2753300070762634 0.772072970867157
vt 0.2748810052871704 0.7878550291061401
vt 0.5712609887123108 0.021215999498963356
vt 0.36676499247550964 0.9012669920921326
vt 0.3852179944515228 0.9038879871368408
vt 0.6191830039024353 0.03227299824357033
vt 0.5781909823417664 0.7259290218353271
vt 0.5772449970245361 0.7123469710350037
vt 0.23594599962234497 0.7936819791793823
vt 0.2328519970178604 0.7943559885025024
vt 0.6401690244674683 0.4900749921798706
vt 0.7038040161132812 0.42166098952293396
vt 0.7025520205497742 0.42268800735473633
vt 0.8814589977264404 0.1151529997587204
vt 0.8868780136108398 0.11121799796819687
vt 0.8592820167541504 0.7989029884338379
vt 0.8599759936332703 0.7933719754219055
vt 0.8624129891395569 0.7933189868927002
vt 0.8614490032196045 0.7983739972114563
vt 0.22597099840641022 0.692425012588501
vt 0.3203679919242859 0.8298310041427612
vt 0.3229750096797943 0.8275690078735352
vt 0.24772700667381287 0.764769971370697
vt 0.2417369931936264 0.7649509906768799
vt 0.01583999954164028 0.7680370211601257
vt 0.15133599936962128 0.7724829912185669
vt 0.0020890000741928816 0.9636690020561218
vt 0.0020890000741928816 0.7791619896888733
vt 0.21802300214767456 0.5212540030479431
vt 0.22179199755191803 0.7199329733848572
vt 0.2087779939174652 0.5615170001983643
vt 0.22179199755191803 0.5229700207710266
vt 0.833528995513916 0.023141000419855118
vt 0.8399369716644287 0.41571301221847534
vt 0.8386549949645996 0.415353000164032
vt 0.832302987575531 0.02254600077867508
vt 0.5554069876670837 0.7280049920082092
vt 0.5889589786529541 0.5009750127792358
vt 0.5816799998283386 0.5049350261688232
vt 0.5787649750709534 0.49913498759269714
vt 0.5484409928321838 0.7629079818725586
vt 0.5495439767837524 0.7746139764785767
vt 0.8313490152359009 0.8403400182723999
vt 0.8315709829330444 0.8348259925842285
vt 0.8429099917411804 0.8393629789352417
vt 0.8431710004806519 0.8456680178642273
vt 0.8577139973640442 0.8416439890861511
vt 0.85726398229599 0.8454620242118835
vt 0.8519319891929626 0.8466730117797852
vt 0.8518760204315186 0.8436599969863892
vt 0.5379430055618286 0.20847399532794952
vt 0.022590000182390213 0.4701479971408844
vt 0.02380800060927868 0.4728899896144867
vt 0.8089929819107056 0.8567349910736084
vt 0.8057090044021606 0.8557729721069336
vt 0.8836039900779724 0.20550799369812012
vt 0.8844360113143921 0.20908400416374207
vt 0.8799309730529785 0.20950700342655182
vt 0.8795769810676575 0.20652000606060028
vt 0.8382449746131897 0.023202000185847282
vt 0.8327460289001465 0.012225000187754631
vt 0.5438539981842041 0.8239210247993469
vt 0.5463629961013794 0.8227130174636841
vt 0.5483080148696899 0.8259400129318237
vt 0.8016560077667236 0.8696410059928894
vt 0.612047016620636 0.034717999398708344
vt 0.670291006565094 0.24047300219535828
vt 0.5161359906196594 0.9421160221099854
vt 0.5192430019378662 0.944167971611023
vt 0.3144710063934326 0.8271629810333252
vt 0.3118320107460022 0.8279150128364563
vt 0.31000399589538574 0.8249369859695435
vt 0.31310901045799255 0.8241869807243347
vt 0.735954999923706 0.488862007856369
vt 0.7357820272445679 0.4856239855289459
vt 0.7390210032463074 0.48552900552749634
vt 0.7389259934425354 0.4892440140247345
vt 0.7708979845046997 0.028804000467061996
vt 0.7708020210266113 0.01879199966788292
vt 0.8186799883842468 0.288098007440567
vt 0.6138319969177246 0.4798539876937866
vt 0.6073129773139954 0.47761499881744385
vt 0.6219279766082764 0.4815550148487091
vt 0.36526399850845337 0.899869978427887
vt 0.20459899306297302 0.5396980047225952
vt 0.20017600059509277 0.5403019785881042
vt 0.8100939989089966 0.8073999881744385
vt 0.8061190247535706 0.807437002658844
vt 0.7094849944114685 0.44721800088882446
vt 0.7092679738998413 0.4503209888935089
vt 0.003790999995544553 0.04201100021600723
vt 0.8536350131034851 0.4569849967956543
vt 0.36886098980903625 0.8506209850311279
vt 0.8183689713478088 0.809008002281189
vt 0.8143720030784607 0.8079839944839478
vt 0.24854899942874908 0.7030519843101501
vt 0.24241900444030762 0.7047290205955505
vt 0.5665259957313538 0.5383319854736328
vt 0.5730329751968384 0.537913978099823
vt 0.17736199498176575 0.8657429814338684
vt 0.17758099734783173 0.8699049949645996
vt 0.02636599913239479 0.050133999437093735
vt 0.22603599727153778 0.7945929765701294
vt 0.2265239953994751 0.7789829969406128
vt 0.8607540130615234 0.8078169822692871
vt 0.8600490093231201 0.8040149807929993
vt 0.7940220236778259 0.673101007938385
vt 0.7890599966049194 0.684565007686615
vt 0.7870460152626038 0.6838970184326172
vt 0.7918609976768494 0.6728919744491577
vt 0.7313650250434875 0.4960229992866516
vt 0.7435969710350037 0.48519301414489746
vt 0.7393069863319397 0.48325100541114807
vt 0.6076210141181946 0.5068759918212891
vt 0.6069579720497131 0.50621098279953
vt 0.8265219926834106 0.7936750054359436
vt 0.8265119791030884 0.8057730197906494
vt 0.825219988822937 0.8048049807548523
vt 0.8253520131111145 0.7925770282745361
vt 0.5626360177993774 0.7355750203132629
vt 0.5646730065345764 0.7355999946594238
vt 0.35503000020980835 0.9304969906806946
vt 0.35121798515319824 0.9315659999847412
vt 0.7251690030097961 0.4945249855518341
vt 0.051419999450445175 0.02714099921286106
vt 0.04402000084519386 0.029596000909805298
vt 0.8164529800415039 0.7292699813842773
vt 0.5569890141487122 0.5377730131149292
vt 0.618511974811554 0.8718140125274658
vt 0.6069579720497131 0.8670169711112976
vt 0.6087830066680908 0.8663740158081055
vt 0.6198760271072388 0.8709269762039185
vt 0.6010199785232544 0.7480120062828064
vt 0.5970180034637451 0.7466019988059998
vt 0.5053589940071106 0.06825000047683716
vt 0.5758470296859741 0.03786600008606911
vt 0.5716609954833984 0.03273199871182442
vt 0.5113170146942139 0.9576359987258911
vt 0.5131490230560303 0.9594879746437073
vt 0.5033050179481506 0.9717329740524292
vt 0.6515730023384094 0.028371000662446022
vt 0.643405020236969 0.040623001754283905
vt 0.643218994140625 0.02912200056016445
vt 0.843159019947052 0.5161929726600647
vt 0.8436980247497559 0.5591840147972107
vt 0.8414270281791687 0.5589280128479004
vt 0.840939998626709 0.5168060064315796
vt 0.8831520080566406 0.8508440256118774
vt 0.8934299945831299 0.8729860186576843
vt 0.8777710199356079 0.8484529852867126
vt 0.5012620091438293 0.24225300550460815
vt 0.5002130270004272 0.23941899836063385
vt 0.4290409982204437 0.8153380155563354
vt 0.42736101150512695 0.8308389782905579
vt 0.4255549907684326 0.833424985408783
vt 0.3343220055103302 0.8697519898414612
vt 0.333967000246048 0.8721910119056702
vt 0.3312000036239624 0.8726909756660461
vt 0.3312000036239624 0.8708230257034302
vt 0.5882760286331177 0.05482000112533569
vt 0.24618899822235107 0.5224419832229614
vt 0.24338500201702118 0.5448899865150452
vt 0.24397499859333038 0.5235030055046082
vt 0.35473400354385376 0.007853000424802303
vt 0.36608898639678955 0.007732999976724386
vt 0.5707280039787292 0.24876800179481506
vt 0.5675960183143616 0.2451770007610321
vt 0.567330002784729 0.8151689767837524
vt 0.5690550208091736 0.8162819743156433
vt 0.5667179822921753 0.8190569877624512
vt 0.5647100210189819 0.8173329830169678
vt 0.4136680066585541 0.5284309983253479
vt 0.4032430052757263 0.5282149910926819
vt 0.5720000267028809 0.5183799862861633
vt 0.5727130174636841 0.5271999835968018
vt 0.5657650232315063 0.5279409885406494
vt 0.5646100044250488 0.5194439888000488
vt 0.27542099356651306 0.6134049892425537
vt 0.2820349931716919 0.6140289902687073
vt 0.8382570147514343 0.6667439937591553
vt 0.8386330008506775 0.7250049710273743
vt 0.5008519887924194 0.7789469957351685
vt 0.501725971698761 0.7899630069732666
vt 0.5989400148391724 0.8104029893875122
vt 0.2729850113391876 0.6698690056800842
vt 0.27392899990081787 0.6595590114593506
vt 0.28011301159858704 0.6615899801254272
vt 0.2794080078601837 0.672298014163971
vt 0.8877859711647034 0.03327300027012825
vt 0.8829489946365356 0.033597998321056366
vt 0.28074899315834045 0.049915000796318054
vt 0.542493999004364 0.7868989706039429
vt 0.533490002155304 0.7873430252075195
vt 0.5527340173721313 0.7963399887084961
vt 0.5565140247344971 0.8210880160331726
vt 0.8841310143470764 0.11940500140190125
vt 0.8878499865531921 0.11645899713039398
vt 0.8697460293769836 0.8246309757232666
vt 0.8699179887771606 0.8311139941215515
vt 0.5493599772453308 0.8229529857635498
vt 0.5521219968795776 0.8236579895019531
vt 0.5510690212249756 0.8266440033912659
vt 0.6406580209732056 0.009998000226914883
vt 0.6410260200500488 0.01892700046300888
vt 0.2869260013103485 0.5935940146446228
vt 0.04385500028729439 0.48680800199508667
vt 0.04169600084424019 0.4940420091152191
vt 0.8617759943008423 0.7780429720878601
vt 0.8592820167541504 0.7770730257034302
vt 0.5091270208358765 0.9058669805526733
vt 0.5071200132369995 0.9043490290641785
vt 0.5202620029449463 0.8790169954299927
vt 0.2369309961795807 0.692188024520874
vt 0.8466799855232239 0.8252900242805481
vt 0.8470450043678284 0.8323969841003418
vt 0.8850759863853455 0.24540799856185913
vt 0.8849779963493347 0.24765199422836304
vt 0.8807029724121094 0.24704499542713165
vt 0.8812530040740967 0.24511000514030457
vt 0.20284099876880646 0.7401970028877258
vt 0.20471200346946716 0.751239001750946
vt 0.5973520278930664 0.7018370032310486
vt 0.5975729823112488 0.711463987827301
vt 0.5929949879646301 0.7116249799728394
vt 0.5930439829826355 0.7015519738197327
vt 0.2926119863986969 0.850937008857727
vt 0.29248499870300293 0.8177980184555054
vt 0.040258001536130905 0.501954972743988
vt 0.038575999438762665 0.5086020231246948
vt 0.8634510040283203 0.6390659809112549
vt 0.8607749938964844 0.6395779848098755
vt 0.8610939979553223 0.6362130045890808
vt 0.8637189865112305 0.6361560225486755
vt 0.31771600246429443 0.8281279802322388
vt 0.3192020058631897 0.8246570229530334
vt 0.32125499844551086 0.8258709907531738
vt 0.6751400232315063 0.312936007976532
vt 0.6760630011558533 0.3114660084247589
vt 0.5238530039787292 0.8776739835739136
vt 0.6403099894523621 0.49631500244140625
vt 0.8197230100631714 0.8909509778022766
vt 0.8185080289840698 0.8931549787521362
vt 0.6931859850883484 0.49026599526405334
vt 0.8846279978752136 0.24005700647830963
vt 0.5821279883384705 0.844726026058197
vt 0.5823910236358643 0.8503720164299011
vt 0.642782986164093 0.052115000784397125
vt 0.6548089981079102 0.2411630004644394
vt 0.8812879920005798 0.1901569962501526
vt 0.880158007144928 0.18767200410366058
vt 0.8873879909515381 0.18663500249385834
vt 0.888043999671936 0.1885710060596466
vt 0.6312659978866577 0.8730869889259338
vt 0.6321690082550049 0.8719540238380432
vt 0.47612300515174866 0.8067070245742798
vt 0.47033798694610596 0.804951012134552
vt 0.5563439726829529 0.8275229930877686
vt 0.5573239922523499 0.8304219841957092
vt 0.5556650161743164 0.8320930004119873
vt 0.5532410144805908 0.8284119963645935
vt 0.23612099885940552 0.8080480098724365
vt 0.23631399869918823 0.8212360143661499
vt 0.8471239805221558 0.6135240197181702
vt 0.8471969962120056 0.6074039936065674
vt 0.5645530223846436 0.5394060015678406
vt 0.5637909770011902 0.5290150046348572
vt 0.8321179747581482 0.003324999939650297
vt 0.7826030254364014 0.6950110197067261
vt 0.6826459765434265 0.8425580263137817
vt 0.6808909773826599 0.8417140245437622
vt 0.7807360291481018 0.6938830018043518
vt 0.8241990208625793 0.5215399861335754
vt 0.8308079838752747 0.522026002407074
vt 0.27965399622917175 0.5212540030479431
vt 0.2807919979095459 0.5342249870300293
vt 0.2739259898662567 0.53615802526474
vt 0.2729850113391876 0.5234100222587585
vt 0.5088199973106384 0.9549630284309387
vt 0.8351539969444275 0.8720290064811707
vt 0.8310340046882629 0.8774189949035645
vt 0.8307009935379028 0.8730319738388062
vt 0.8626270294189453 0.8176190257072449
vt 0.8627060055732727 0.8130919933319092
vt 0.5732769966125488 0.4698069989681244
vt 0.5766080021858215 0.46045300364494324
vt 0.248089000582695 0.7484920024871826
vt 0.24210000038146973 0.7486730217933655
vt 0.03420799970626831 0.007067999802529812
vt 0.5629510283470154 0.8504089713096619
vt 0.870311975479126 0.43798398971557617
vt 0.8625190258026123 0.43983200192451477
vt 0.6520799994468689 0.244378000497818
vt 0.641668975353241 0.05104399845004082
vt 0.8567000031471252 0.7197409868240356
vt 0.8539729714393616 0.7198110222816467
vt 0.241566002368927 0.6907280087471008
vt 0.8137789964675903 0.8957549929618835
vt 0.804207980632782 0.8950030207633972
vt 0.6751530170440674 0.8522289991378784
vt 0.6738600134849548 0.8516299724578857
vt 0.5741680264472961 0.45957499742507935
vt 0.8281909823417664 0.6326379776000977
vt 0.8240910172462463 0.6324020028114319
vt 0.22648699581623077 0.762969970703125
vt 0.8027700185775757 0.8085259795188904
vt 0.23611100018024445 0.7329220175743103
vt 0.23363499343395233 0.7320719957351685
vt 0.8472520112991333 0.8394560217857361
vt 0.3181920051574707 0.03205399960279465
vt 0.33413800597190857 0.8786470293998718
vt 0.33101099729537964 0.8806260228157043
vt 0.3309270143508911 0.879040002822876
vt 0.5744860172271729 0.5078589916229248
vt 0.5561460256576538 0.7503470182418823
vt 0.5565400123596191 0.7615100145339966
vt 0.5633389949798584 0.8232359886169434
vt 0.3431139886379242 0.8188160061836243
vt 0.34453800320625305 0.8197489976882935
vt 0.3765529990196228 0.7660139799118042
vt 0.8184790015220642 0.5999050140380859
vt 0.8118789792060852 0.6007400155067444
vt 0.5528290271759033 0.111626997590065
vt 0.5496640205383301 0.11308600008487701
vt 0.742946982383728 0.4923799932003021
vt 0.7430030107498169 0.49441298842430115
vt 0.7362020015716553 0.48274898529052734
vt 0.7361609935760498 0.4803459942340851
vt 0.24548399448394775 0.0068060001358389854
vt 0.8563079833984375 0.6418799757957458
vt 0.4723759889602661 0.9253230094909668
vt 0.8072410225868225 0.0020890000741928816
vt 0.7961170077323914 0.002406999934464693
vt 0.4891040027141571 0.72639000415802
vt 0.5934979915618896 0.855076014995575
vt 0.5822060108184814 0.8555319905281067
vt 0.28188401460647583 0.5644530057907104
vt 0.2752929925918579 0.5649290084838867
vt 0.27943700551986694 0.02253899909555912
vt 0.857479989528656 0.8504449725151062
vt 0.8514819741249084 0.8504909873008728
vt 0.2759590148925781 0.7349600195884705
vt 0.2673409879207611 0.8017730116844177
vt 0.27441298961639404 0.8019689917564392
vt 0.8703169822692871 0.535444974899292
vt 0.8703169822692871 0.5379930138587952
vt 0.8662970066070557 0.538254976272583
vt 0.866034984588623 0.5355330109596252
vt 0.5432010293006897 0.8488349914550781
vt 0.5411490201950073 0.8467389941215515
vt 0.544867992401123 0.8465830087661743
vt 0.40484899282455444 0.8880950212478638
vt 0.36908799409866333 0.7643790245056152
vt 0.3677000105381012 0.7635020017623901
vt 0.8635630011558533 0.7892709970474243
vt 0.8666319847106934 0.7906739711761475
vt 0.8654509782791138 0.7940670251846313
vt 0.182327002286911 0.7474039793014526
vt 0.18507400155067444 0.7400079965591431
vt 0.19359199702739716 0.7458639740943909
vt 0.18720899522304535 0.7563390135765076
vt 0.8812950253486633 0.1733579933643341
vt 0.888043999671936 0.17613400518894196
vt 0.8430870175361633 0.459183007478714
vt 0.8364369869232178 0.4610460102558136
vt 0.5384160280227661 0.24600200355052948
vt 0.5360230207443237 0.2504279911518097
vt 0.8533539772033691 0.8704509735107422
vt 0.8019819855690002 0.33188900351524353
vt 0.8030189871788025 0.33254098892211914
vt 0.8197320103645325 0.4985159933567047
vt 0.8231549859046936 0.49242299795150757
vt 0.8243569731712341 0.4953489899635315
vt 0.8211830258369446 0.5004979968070984
vt 0.8637639880180359 0.4908429980278015
vt 0.8638569712638855 0.4702419936656952
vt 0.40929698944091797 0.967208981513977
vt 0.8684759736061096 0.46774500608444214
vt 0.8637639880180359 0.46755900979042053
vt 0.5103279948234558 0.9084540009498596
vt 0.5662059783935547 0.8131780028343201
vt 0.5633130073547363 0.815185010433197
vt 0.15512999892234802 0.9888489842414856
vt 0.02002600021660328 0.9826750159263611
vt 0.811152994632721 0.8607059717178345
vt 0.8068749904632568 0.8601210117340088
vt 0.42551299929618835 0.868710994720459
vt 0.8865370154380798 0.003630999941378832
vt 0.5775460004806519 0.8624669909477234
vt 0.8689389824867249 0.6795840263366699
vt 0.8689680099487305 0.6820700168609619
vt 0.8646609783172607 0.682183027267456
vt 0.8646320104598999 0.6796969771385193
vt 0.7147430181503296 0.4548709988594055
vt 0.7153779864311218 0.4575519859790802
vt 0.818664014339447 0.552157998085022
vt 0.81215500831604 0.5518029928207397
vt 0.5708789825439453 0.46841099858283997
vt 0.8700370192527771 0.5408200025558472
vt 0.8660169839859009 0.5410820245742798
vt 0.034088000655174255 0.4917120039463043
vt 0.2715420126914978 0.8570340275764465
vt 0.2683190107345581 0.855059027671814
vt 0.26846200227737427 0.85310298204422
vt 0.2813839912414551 0.5487260222434998
vt 0.2747749984264374 0.5501300096511841
vt 0.86245197057724 0.8369680047035217
vt 0.8597790002822876 0.7092059850692749
vt 0.8677229881286621 0.8566349744796753
vt 0.8627340197563171 0.8567100167274475
vt 0.35637399554252625 0.24197299778461456
vt 0.3507640063762665 0.24384500086307526
vt 0.5775430202484131 0.8424469828605652
vt 0.841592013835907 0.487650990486145
vt 0.8302860260009766 0.47436198592185974
vt 0.5869370102882385 0.8812170028686523
vt 0.5842580199241638 0.8813980221748352
vt 0.58467698097229 0.87739098072052
vt 0.5869370102882385 0.8774089813232422
vt 0.8560429811477661 0.6585540175437927
vt 0.8587499856948853 0.6598439812660217
vt 0.5969039797782898 0.8558769822120667
vt 0.5971469879150391 0.8627020120620728
vt 0.45096099376678467 0.05471400171518326
vt 0.844976007938385 0.7327200174331665
vt 0.8428999781608582 0.7334290146827698
vt 0.8428999781608582 0.7218760251998901
vt 0.8874059915542603 0.09981700032949448
vt 0.8833979964256287 0.09810099750757217
vt 0.2820740044116974 0.4895240068435669
vt 0.3736099898815155 0.9745810031890869
vt 0.36348000168800354 0.9621469974517822
vt 0.6027799844741821 0.48503899574279785
vt 0.0028540000785142183 0.7364320158958435
vt 0.012462000362575054 0.7291020154953003
vt 0.5979049801826477 0.7195190191268921
vt 0.593326985836029 0.7196810245513916
vt 0.8626819849014282 0.8242239952087402
vt 0.8307009935379028 0.817326009273529
vt 0.8422300219535828 0.8152480125427246
vt 0.842930018901825 0.8205990195274353
vt 0.8314099907875061 0.8217489719390869
vt 0.8558679819107056 0.023881999775767326
vt 0.8470309972763062 0.023403000086545944
vt 0.838720977306366 0.7260460257530212
vt 0.5579289793968201 0.12788300216197968
vt 0.5597100257873535 0.14546699821949005
vt 0.5564360022544861 0.14563299715518951
vt 0.5543349981307983 0.12869900465011597
vt 0.24164800345897675 0.6979900002479553
vt 0.8489949703216553 0.7324380278587341
vt 0.7286360263824463 0.4862689971923828
vt 0.5629510283470154 0.8431900143623352
vt 0.5584319829940796 0.8341799974441528
vt 0.5584570169448853 0.8377460241317749
vt 0.5566620230674744 0.837369978427887
vt 0.5561630129814148 0.8347319960594177
vt 0.5879250168800354 0.04796399921178818
vt 0.578253984451294 0.043793998658657074
vt 0.27526000142097473 0.6330029964447021
vt 0.28189700841903687 0.6347270011901855
vt 0.8242179751396179 0.5092800259590149
vt 0.8247100114822388 0.50621098279953
vt 0.8312169909477234 0.509850025177002
vt 0.8311079740524292 0.5122529864311218
vt 0.5947239995002747 0.7471290230751038
vt 0.5945379734039307 0.7462249994277954
vt 0.18978799879550934 0.8452280163764954
vt 0.1898690015077591 0.843034029006958
vt 0.19289200007915497 0.8422600030899048
vt 0.5453720092773438 0.8506029844284058
vt 0.5473930239677429 0.8477510213851929
vt 0.26957300305366516 0.017328999936580658
vt 0.2687869966030121 0.8509010076522827
vt 0.7934049963951111 0.6390640139579773
vt 0.7890660166740417 0.6286100149154663
vt 0.7892159819602966 0.6266769766807556
vt 0.7944769859313965 0.6376199722290039
vt 0.3825719952583313 0.5202810168266296
vt 0.3758929967880249 0.5195519924163818
vt 0.3989790081977844 0.23142999410629272
vt 0.8212040066719055 0.4696269929409027
vt 0.8243569731712341 0.4736250042915344
vt 0.8215169906616211 0.47447600960731506
vt 0.8182479739189148 0.4716989994049072
vt 0.8678669929504395 0.8708069920539856
vt 0.8691909909248352 0.8727110028266907
vt 0.8799120187759399 0.09467600286006927
vt 0.8798379898071289 0.09407500177621841
vt 0.5777369737625122 0.8324699997901917
vt 0.5558519959449768 0.8412740230560303
vt 0.5534890294075012 0.8457199931144714
vt 0.275272011756897 0.8187199831008911
vt 0.27156001329421997 0.8218420147895813
vt 0.27153098583221436 0.819661021232605
vt 0.885001003742218 0.2518309950828552
vt 0.8850290179252625 0.25443899631500244
vt 0.8809210062026978 0.25443899631500244
vt 0.8808929920196533 0.2518309950828552
vt 0.5486270189285278 0.5267680287361145
vt 0.5568050146102905 0.5295979976654053
vt 0.20599399507045746 0.7424929738044739
vt 0.20868000388145447 0.7509880065917969
vt 0.5578839778900146 0.8411870002746582
vt 0.26871800422668457 0.8260669708251953
vt 0.26868999004364014 0.823885977268219
vt 0.8674409985542297 0.8520029783248901
vt 0.86245197057724 0.8520770072937012
vt 0.5201129913330078 0.5374760031700134
vt 0.47974300384521484 0.7278950214385986
vt 0.6661660075187683 0.860880970954895
vt 0.6556270122528076 0.8676360249519348
vt 0.6557199954986572 0.8662970066070557
vt 0.6652780175209045 0.8596479892730713
vt 0.8677170276641846 0.84859699010849
vt 0.8625990152359009 0.8470370173454285
vt 0.5570650100708008 0.8439030051231384
vt 0.555528998374939 0.8468220233917236
vt 0.43302100896835327 0.06086000055074692
vt 0.4317049980163574 0.05724800005555153
vt 0.2758510112762451 0.751384973526001
vt 0.5375609993934631 0.89239501953125
vt 0.5391700267791748 0.8939769864082336
vt 0.5364869832992554 0.8955489993095398
vt 0.5350260138511658 0.8934440016746521
vt 0.5574569702148438 0.7720659971237183
vt 0.6401450037956238 0.47299298644065857
vt 0.6475949883460999 0.25285300612449646
vt 0.6484609842300415 0.3075520098209381
vt 0.8492159843444824 0.7158010005950928
vt 0.8474079966545105 0.7157490253448486
vt 0.26846200227737427 0.8281210064888
vt 0.846153974533081 0.8128700256347656
vt 0.8465999960899353 0.8187519907951355
vt 0.8875010013580322 0.1564279943704605
vt 0.8874809741973877 0.15985800325870514
vt 0.8842200040817261 0.15999899804592133
vt 0.8841729760169983 0.15534299612045288
vt 0.8646960258483887 0.7783589959144592
vt 0.8657060265541077 0.6392310261726379
vt 0.865418016910553 0.6432179808616638
vt 0.6439449787139893 0.8718569874763489
vt 0.6439260244369507 0.8702340126037598
vt 0.5681290030479431 0.004044000059366226
vt 0.5565130114555359 0.0020940001122653484
vt 0.3763729929924011 0.804485023021698
vt 0.8879029750823975 0.050673000514507294
vt 0.8621630072593689 0.5839999914169312
vt 0.8618770241737366 0.5887179970741272
vt 0.47516000270843506 0.5547450184822083
vt 0.26880699396133423 0.5385860204696655
vt 0.26443400979042053 0.5388090014457703
vt 0.8795769810676575 0.1609950065612793
vt 0.8843960165977478 0.16419099271297455
vt 0.8798419833183289 0.16444000601768494
vt 0.24823200702667236 0.8119480013847351
vt 0.24860599637031555 0.8240429759025574
vt 0.24194400012493134 0.8223220109939575
vt 0.24156999588012695 0.8102269768714905
vt 0.2757439911365509 0.8576350212097168
vt 0.27531498670578003 0.8594639897346497
vt 0.2718670070171356 0.8588730096817017
vt 0.580348014831543 0.05555000156164169
vt 0.23643699288368225 0.7003639936447144
vt 0.8872609734535217 0.021902000531554222
vt 0.5626360177993774 0.5205180048942566
vt 0.032253000885248184 0.025527000427246094
vt 0.037911999970674515 0.032986000180244446
vt 0.8799239993095398 0.01706000044941902
vt 0.22655600309371948 0.747003972530365
vt 0.23622100055217743 0.5247319936752319
vt 0.23433400690555573 0.5241310000419617
vt 0.8669130206108093 0.8962129950523376
vt 0.8548460006713867 0.8960450291633606
vt 0.8204870223999023 0.8108559846878052
vt 0.8197519779205322 0.8137170076370239
vt 0.41351500153541565 0.23955999314785004
vt 0.4118010103702545 0.24281199276447296
vt 0.22807200253009796 0.5232049822807312
vt 0.44259798526763916 0.8597750067710876
vt 0.4457100033760071 0.85903400182724
vt 0.8691340088844299 0.5211160182952881
vt 0.8660169839859009 0.5188189744949341
vt 0.8265219926834106 0.8174840211868286
vt 0.8257009983062744 0.8167949914932251
vt 0.8409820199012756 0.8657780289649963
vt 0.8457840085029602 0.8630620241165161
vt 0.8451880216598511 0.8678500056266785
vt 0.4164089858531952 0.9953709840774536
vt 0.5774970054626465 0.8576859831809998
vt 0.007822999730706215 0.031456999480724335
vt 0.870606005191803 0.4553860127925873
vt 0.863090991973877 0.45944398641586304
vt 0.7296810150146484 0.4662629961967468
vt 0.7312210202217102 0.4693099856376648
vt 0.40156298875808716 0.990369975566864
vt 0.3880159854888916 0.9826620221138
vt 0.8557149767875671 0.7293909788131714
vt 0.8586680293083191 0.7295119762420654
vt 0.8593590259552002 0.7341229915618896
vt 0.33395901322364807 0.8660809993743896
vt 0.3309270143508911 0.8678299784660339
vt 0.36564901471138 0.8051019906997681
vt 0.8469889760017395 0.6002150177955627
vt 0.8796949982643127 0.027950000017881393
vt 0.8795769810676575 0.02227099984884262
vt 0.8382120132446289 0.7298399806022644
vt 0.8383229970932007 0.7320709824562073
vt 0.8364620208740234 0.7344319820404053
vt 0.2852630019187927 0.4990589916706085
vt 0.48866701126098633 0.9017279744148254
vt 0.8186240196228027 0.568418025970459
vt 0.8185020089149475 0.5845040082931519
vt 0.81181401014328 0.5846620202064514
vt 0.8119350075721741 0.5685750246047974
vt 0.45152801275253296 0.058334000408649445
vt 0.3260419964790344 0.48718300461769104
vt 0.7714750170707703 0.4490480124950409
vt 0.7713639736175537 0.4408789873123169
vt 0.8703879714012146 0.6884139776229858
vt 0.8701649904251099 0.7074120044708252
vt 0.8663330078125 0.7073869705200195
vt 0.8665570020675659 0.688389003276825
vt 0.8534290194511414 0.6614050269126892
vt 0.17899000644683838 0.820127010345459
vt 0.5590059757232666 0.16333700716495514
vt 0.5557739734649658 0.1629839986562729
vt 0.5544099807739258 0.8252909779548645
vt 0.858784019947052 0.7236449718475342
vt 0.7934460043907166 0.44176000356674194
vt 0.650825023651123 0.3133780062198639
vt 0.6518380045890808 0.31422901153564453
vt 0.8380270004272461 0.8731070160865784
vt 0.19033999741077423 0.8405879735946655
vt 0.19056899845600128 0.8388839960098267
vt 0.19359199702739716 0.8381100296974182
vt 0.5268049836158752 0.5369319915771484
vt 0.8150079846382141 0.6844519972801208
vt 0.5289250016212463 0.7873049974441528
vt 0.5274969935417175 0.7764289975166321
vt 0.8412089943885803 0.6350399851799011
vt 0.8397459983825684 0.6370779871940613
vt 0.19777099788188934 0.8573729991912842
vt 0.22332799434661865 0.8305220007896423
vt 0.25766199827194214 0.8475210070610046
vt 0.23832599818706512 0.8924300074577332
vt 0.3279710114002228 0.4997209906578064
vt 0.3239839971065521 0.5061100125312805
vt 0.6069579720497131 0.4824030101299286
vt 0.5363489985466003 0.254954993724823
vt 0.5388839840888977 0.2593289911746979
vt 0.817520022392273 0.644743025302887
vt 0.8176969885826111 0.6535879969596863
vt 0.81181401014328 0.6535879969596863
vt 0.8127920031547546 0.6446179747581482
vt 0.42905300855636597 0.24522000551223755
vt 0.42781099677085876 0.24859599769115448
vt 0.25384101271629333 0.8207799792289734
vt 0.25413599610328674 0.8065130114555359
vt 0.2780120074748993 0.4938580095767975
vt 0.8075219988822937 0.7223830223083496
vt 0.8009529709815979 0.7217170000076294
vt 0.2510969936847687 0.5212540030479431
vt 0.34992900490760803 0.2448890060186386
vt 0.3466770052909851 0.24802899360656738
vt 0.5265910029411316 0.5276560187339783
vt 0.3155669867992401 0.7954180240631104
vt 0.3151789903640747 0.7971469759941101
vt 0.595104992389679 0.7512680292129517
vt 0.6002280116081238 0.741936981678009
vt 0.5967440009117126 0.740136981010437
vt 0.8646320104598999 0.7071700096130371
vt 0.8649600148200989 0.6888480186462402
vt 0.6624429821968079 0.028219999745488167
vt 0.8619570136070251 0.5938169956207275
vt 0.6023139953613281 0.8056039810180664
vt 0.35020899772644043 0.7844700217247009
vt 0.3583950102329254 0.7863649725914001
vt 0.7313740253448486 0.4862520098686218
vt 0.7975819706916809 0.46785300970077515
vt 0.799776017665863 0.4696680009365082
vt 0.7990170121192932 0.4712370038032532
vt 0.7956579923629761 0.4696359932422638
vt 0.17202800512313843 0.5391730070114136
vt 0.18254999816417694 0.529416024684906
vt 0.6422910094261169 0.03955100104212761
vt 0.5695880055427551 0.743736982345581
vt 0.5679290294647217 0.7449460029602051
vt 0.5667930245399475 0.7429050207138062
vt 0.5690640211105347 0.74127197265625
vt 0.7237259745597839 0.49713900685310364
vt 0.7237129807472229 0.49444299936294556
vt 0.5716860294342041 0.735958993434906
vt 0.8315780162811279 0.8455439805984497
vt 0.698373019695282 0.4675079882144928
vt 0.6927189826965332 0.4684379994869232
vt 0.4718640148639679 0.7303829789161682
vt 0.037971001118421555 0.48477301001548767
vt 0.2961939871311188 0.8536249995231628
vt 0.4284229874610901 0.8114070296287537
vt 0.44446900486946106 0.8116490244865417
vt 0.6069579720497131 0.05554499849677086
vt 0.17742499709129333 0.8577550053596497
vt 0.177715003490448 0.8517270088195801
vt 0.8544759750366211 0.5099310278892517
vt 0.5945379734039307 0.8123610019683838
vt 0.5984249711036682 0.8163629770278931
vt 0.5308039784431458 0.5188249945640564
vt 0.5398070216178894 0.5183799862861633
vt 0.4319309890270233 0.8667799830436707
vt 0.5424360036849976 0.8554499745368958
vt 0.545087993144989 0.8550220131874084
vt 0.5446630120277405 0.85828697681427
vt 0.5426099896430969 0.8582720160484314
vt 0.7900210022926331 0.4878929853439331
vt 0.7900850176811218 0.49009600281715393
vt 0.7795889973640442 0.5011640191078186
vt 0.5260589718818665 0.5205919742584229
vt 0.366237998008728 0.5183799862861633
vt 0.28633901476860046 0.8517720103263855
vt 0.2823239862918854 0.851402997970581
vt 0.26860201358795166 0.6666579842567444
vt 0.2640950083732605 0.6658880114555359
vt 0.8850759863853455 0.23278799653053284
vt 0.8809700012207031 0.23292799293994904
vt 0.8541719913482666 0.4629479944705963
vt 0.36675599217414856 0.5830240249633789
vt 0.36609500646591187 0.5840449929237366
vt 0.3332749903202057 0.5218870043754578
vt 0.34453800320625305 0.5183799862861633
vt 0.3435010015964508 0.5194650292396545
vt 0.3328849971294403 0.523298978805542
vt 0.7717549800872803 0.4943790137767792
vt 0.7719560265541077 0.4984860122203827
vt 0.7706030011177063 0.49644601345062256
vt 0.4883340001106262 0.8277000188827515
vt 0.5002700090408325 0.8375470042228699
vt 0.8430320024490356 0.5614439845085144
vt 0.29285699129104614 0.8751999735832214
vt 0.3292199969291687 0.47705399990081787
vt 0.33164501190185547 0.4801349937915802
vt 0.8321179747581482 0.462211012840271
vt 0.8611270189285278 0.7893239855766296
vt 0.02849300019443035 0.04357000067830086
vt 0.18305900692939758 0.8166639804840088
vt 0.820285975933075 0.8011639714241028
vt 0.8158230185508728 0.8011639714241028
vt 0.4408529996871948 0.9420179724693298
vt 0.4470770061016083 0.9405350089073181
vt 0.4487060010433197 0.9447060227394104
vt 0.44118601083755493 0.9461020231246948
vt 0.22597099840641022 0.5212540030479431
vt 0.4731070101261139 0.525583028793335
vt 0.48072299361228943 0.5215960144996643
vt 0.8591150045394897 0.5073670148849487
vt 0.8545219898223877 0.50621098279953
vt 0.5766059756278992 0.740136981010437
vt 0.5757989883422852 0.7427759766578674
vt 0.5967730283737183 0.7245169878005981
vt 0.597009003162384 0.7357050180435181
vt 0.5929949879646301 0.7353219985961914
vt 0.5929949879646301 0.7238590121269226
vt 0.8013659715652466 0.8134469985961914
vt 0.3921490013599396 0.8891429901123047
vt 0.39044201374053955 0.8864359855651855
vt 0.7438279986381531 0.4897480010986328
vt 0.22689500451087952 0.731561005115509
vt 0.870074987411499 0.6863870024681091
vt 0.8662440180778503 0.6863620281219482
vt 0.0059830001555383205 0.48557400703430176
vt 0.0036929999478161335 0.47932299971580505
vt 0.8099139928817749 0.5000839829444885
vt 0.825124979019165 0.5371249914169312
vt 0.8313050270080566 0.5333489775657654
vt 0.5879939794540405 0.7134420275688171
vt 0.025025000795722008 0.47563299536705017
vt 0.026995999738574028 0.47838500142097473
vt 0.4336329996585846 0.9422249794006348
vt 0.4334610104560852 0.9461889863014221
vt 0.5821279883384705 0.8810790181159973
vt 0.5825459957122803 0.8770719766616821
vt 0.5652559995651245 0.8111230134963989
vt 0.5626360177993774 0.8132870197296143
vt 0.27475300431251526 0.6473439931869507
vt 0.2813909947872162 0.6490690112113953
vt 0.7820839881896973 0.48041000962257385
vt 0.7975010275840759 0.29333001375198364
vt 0.7968289852142334 0.3244520127773285
vt 0.579692006111145 0.4777640104293823
vt 0.3311980068683624 0.876882016658783
vt 0.8166360259056091 0.7448509931564331
vt 0.30669599771499634 0.8266569972038269
vt 0.30911698937416077 0.8288969993591309
vt 0.8618379831314087 0.5093700289726257
vt 0.42263099551200867 0.9515690207481384
vt 0.4202229976654053 0.9666749835014343
vt 0.17727500200271606 0.7716079950332642
vt 0.1772110015153885 0.8144009709358215
vt 0.7740300297737122 0.47037601470947266
vt 0.7802339792251587 0.48210498690605164
vt 0.7722020149230957 0.4714230000972748
vt 0.8595269918441772 0.49735701084136963
vt 0.8574529886245728 0.4993079900741577
vt 0.2640950083732605 0.7998989820480347
vt 0.5556259751319885 0.7386639714241028
vt 0.4244360029697418 0.9489820003509521
vt 0.8218749761581421 0.45652198791503906
vt 0.8798609972000122 0.1839659959077835
vt 0.8870360255241394 0.18404200673103333
vt 0.8842329978942871 0.15219299495220184
vt 0.8796190023422241 0.15559199452400208
vt 0.8799239993095398 0.15217499434947968
vt 0.8285359740257263 0.4733029901981354
vt 0.8301389813423157 0.4704970121383667
vt 0.33842000365257263 0.8718950152397156
vt 0.3310210108757019 0.8750720024108887
vt 0.03216199949383736 0.03754600137472153
vt 0.6902070045471191 0.032019998878240585
vt 0.4123469889163971 0.522038996219635
vt 0.4023149907588959 0.521248996257782
vt 0.7434449791908264 0.4875909984111786
vt 0.36566001176834106 0.8860399723052979
vt 0.36376699805259705 0.8956789970397949
vt 0.00977800041437149 0.4918439984321594
vt 0.44349798560142517 0.8212339878082275
vt 0.43026700615882874 0.8287870287895203
vt 0.3066050112247467 0.4862320125102997
vt 0.8753219842910767 0.8458930253982544
vt 0.2542549967765808 0.8043619990348816
vt 0.2585209906101227 0.8048040270805359
vt 0.4561069905757904 0.5916919708251953
vt 0.45479801297187805 0.5962290167808533
vt 0.4576129913330078 0.6368579864501953
vt 0.45165500044822693 0.8042389750480652
vt 0.8196759819984436 0.8723130226135254
vt 0.4818260073661804 0.9167670011520386
vt 0.48353299498558044 0.9194740056991577
vt 0.6938170194625854 0.495400995016098
vt 0.6865779757499695 0.49937400221824646
vt 0.6577370166778564 0.4161910116672516
vt 0.5496259927749634 0.8563259840011597
vt 0.5489240288734436 0.8594430088996887
vt 0.3373720049858093 0.8262400031089783
vt 0.33392998576164246 0.8239279985427856
vt 0.8473389744758606 0.6375280022621155
vt 0.8475810289382935 0.635915994644165
vt 0.7218130230903625 0.4611720144748688
vt 0.7228999733924866 0.4640370011329651
vt 0.17224299907684326 0.7937549948692322
vt 0.1730329990386963 0.9739410281181335
vt 0.43132901191711426 0.800583004951477
vt 0.29915300011634827 0.4796620011329651
vt 0.6412820219993591 0.029738999903202057
vt 0.6414690017700195 0.04123999923467636
vt 0.21298299729824066 0.7513419985771179
vt 0.21004000306129456 0.7433000206947327
vt 0.799776017665863 0.4926849901676178
vt 0.7973750233650208 0.49340999126434326
vt 0.4160510003566742 0.9979109764099121
vt 0.4006989896297455 0.9927899837493896
vt 0.5662670135498047 0.26214599609375
vt 0.568684995174408 0.2600499987602234
vt 0.5477210283279419 0.8557890057563782
vt 0.5471670031547546 0.858381986618042
vt 0.5446850061416626 0.0020890000741928816
vt 0.8473029732704163 0.8464660048484802
vt 0.8469989895820618 0.8532050251960754
vt 0.6412950158119202 0.05282200127840042
vt 0.6479120254516602 0.25181400775909424
vt 0.8148040175437927 0.8602380156517029
vt 0.38118499517440796 0.7648339867591858
vt 0.384429007768631 0.7627750039100647
vt 0.7860749959945679 0.003656999906525016
vt 0.7133200168609619 0.4822460114955902
vt 0.7133129835128784 0.47929099202156067
vt 0.7173420190811157 0.47929099202156067
vt 0.8796659708023071 0.1602489948272705
vt 0.30451700091362 0.4796519875526428
vt 0.3672710061073303 0.8839020133018494
vt 0.48494699597358704 0.8065890073776245
vt 0.4804700016975403 0.8062090277671814
vt 0.8795949816703796 0.20378099381923676
vt 0.8537129759788513 0.6585350036621094
vt 0.884893000125885 0.2573559880256653
vt 0.5511829853057861 0.7847849726676941
vt 0.1798969954252243 0.5454490184783936
vt 0.18925300240516663 0.5360620021820068
vt 0.7775200009346008 0.0060430001467466354
vt 0.5512400269508362 0.8502249717712402
vt 0.5483700037002563 0.8508440256118774
vt 0.5501459836959839 0.8472669720649719
vt 0.27417001128196716 0.6780959963798523
vt 0.5100150108337402 0.9180259704589844
vt 0.511139988899231 0.9119359850883484
vt 0.5888159871101379 0.518792986869812
vt 0.5500419735908508 0.2405730038881302
vt 0.5447940230369568 0.24127499759197235
vt 0.8875010013580322 0.16357000172138214
vt 0.2875730097293854 0.5212540030479431
vt 0.29383400082588196 0.5215950012207031
vt 0.2864469885826111 0.8316770195960999
vt 0.2862119972705841 0.8336449861526489
vt 0.28190499544143677 0.8337870240211487
vt 0.28190499544143677 0.8320940136909485
vt 0.8628900051116943 0.02530200034379959
vt 0.18288099765777588 0.8448870182037354
vt 0.18544700741767883 0.8466489911079407
vt 0.8616750240325928 0.6539109945297241
vt 0.8612629771232605 0.6518129706382751
vt 0.8355900049209595 0.6377969980239868
vt 0.8371390104293823 0.637969970703125
vt 0.8445309996604919 0.6611760258674622
vt 0.38664698600769043 0.984961986541748
vt 0.3497079908847809 0.5607460141181946
vt 0.8699730038642883 0.8917220234870911
vt 0.8688169717788696 0.8939570188522339
vt 0.2929849922657013 0.8578600287437439
vt 0.29617899656295776 0.8600460290908813
vt 0.26699501276016235 0.8138999938964844
vt 0.27379700541496277 0.8145409822463989
vt 0.42163100838661194 0.9880579710006714
vt 0.42444300651550293 0.988506019115448
vt 0.8824869990348816 0.0020890000741928816
vt 0.8795769810676575 0.0038169999606907368
vt 0.4375849962234497 0.8582580089569092
vt 0.8660240173339844 0.6358659863471985
vt 0.6020439863204956 0.8080639839172363
vt 0.8865770101547241 0.10918600112199783
vt 0.8795769810676575 0.11351100355386734
vt 0.7083060145378113 0.47935599088668823
vt 0.7091349959373474 0.49973800778388977
vt 0.7565770149230957 0.48176100850105286
vt 0.864870011806488 0.798259973526001
vt 0.39113500714302063 0.8990430235862732
vt 0.3921549916267395 0.8936949968338013
vt 0.8848329782485962 0.1689089983701706
vt 0.879813015460968 0.1691790074110031
vt 0.8274980187416077 0.011339999735355377
vt 0.827938973903656 0.021789999678730965
vt 0.5670710206031799 0.029285000637173653
vt 0.43476998805999756 0.9553800225257874
vt 0.43365800380706787 0.9530869722366333
vt 0.33877500891685486 0.8694559931755066
vt 0.020111000165343285 0.7581279873847961
vt 0.03024199977517128 0.7493489980697632
vt 0.4479160010814667 0.8573089838027954
vt 0.45133501291275024 0.8424440026283264
vt 0.8472920060157776 0.6487249732017517
vt 0.5584570169448853 0.7813969850540161
vt 0.17738400399684906 0.8586810231208801
vt 0.1772110015153885 0.8645880222320557
vt 0.4956749975681305 0.795644998550415
vt 0.49119099974632263 0.7953659892082214
vt 0.33796799182891846 0.8787559866905212
vt 0.8703879714012146 0.7096719741821289
vt 0.8662850260734558 0.7094879746437073
vt 0.8875089883804321 0.10593400150537491
vt 0.8879470229148865 0.10808099806308746
vt 0.32165199518203735 0.8654329776763916
vt 0.30333200097084045 0.8657630085945129
vt 0.3847520053386688 0.5791950225830078
vt 0.38026198744773865 0.5780029892921448
vt 0.8394790291786194 0.5827440023422241
vt 0.8416280150413513 0.5855039954185486
vt 0.8401690125465393 0.5872250199317932
vt 0.5966140031814575 0.8289660215377808
vt 0.8409299850463867 0.5138850212097168
vt 0.25818899273872375 0.007790000177919865
vt 0.27060601115226746 0.011495999991893768
vt 0.4688520133495331 0.9234439730644226
vt 0.5979049801826477 0.5194050073623657
vt 0.5934060215950012 0.5183799862861633
vt 0.4326620101928711 0.9692959785461426
vt 0.39766600728034973 0.8172079920768738
vt 0.5537480115890503 0.849016010761261
vt 0.4862560033798218 0.9021419882774353
vt 0.4840500056743622 0.9038670063018799
vt 0.38782399892807007 0.9030259847640991
vt 0.39002999663352966 0.9013019800186157
vt 0.2928430140018463 0.8122779726982117
vt 0.8351640105247498 0.4973770081996918
vt 0.8547379970550537 0.4998590052127838
vt 0.8364989757537842 0.4998590052127838
vt 0.8064860105514526 0.862995982170105
vt 0.8146389722824097 0.33365198969841003
vt 0.26880699396133423 0.6739169955253601
vt 0.26436400413513184 0.6729140281677246
vt 0.8527730107307434 0.8941630125045776
vt 0.8516430258750916 0.5775430202484131
vt 0.8476840257644653 0.5754089951515198
vt 0.1776989996433258 0.8460479974746704
vt 0.6775019764900208 0.5020319819450378
vt 0.5964249968528748 0.8232359886169434
vt 0.4276379942893982 0.9485350251197815
vt 0.43034499883651733 0.9497249722480774
vt 0.7756519913673401 0.4679329991340637
vt 0.7945039868354797 0.46755900979042053
vt 0.7706030011177063 0.010556000284850597
vt 0.8307009935379028 0.7386109828948975
vt 0.8328880071640015 0.799140989780426
vt 0.8307009935379028 0.8048700094223022
vt 0.4458020031452179 0.870389997959137
vt 0.8009120225906372 0.8104119896888733
vt 0.857895016670227 0.838051974773407
vt 0.8522030115127563 0.841284990310669
vt 0.5882430076599121 0.8111079931259155
vt 0.5772190093994141 0.8182380199432373
vt 0.506509006023407 0.9224569797515869
vt 0.5087149739265442 0.9207329750061035
vt 0.8360059857368469 0.5815539956092834
vt 0.33841198682785034 0.8657850027084351
vt 0.3387719988822937 0.8680419921875
vt 0.8795880079269409 0.10344699770212173
vt 0.8795769810676575 0.09864600002765656
vt 0.20253999531269073 0.8775429725646973
vt 0.2182520031929016 0.8909689784049988
vt 0.8627790212631226 0.8428580164909363
vt 0.8625869750976562 0.8390480279922485
vt 0.837706983089447 0.6607000231742859
vt 0.5564420223236084 0.8888120055198669
vt 0.5472419857978821 0.8962079882621765
vt 0.5039029717445374 0.9233189821243286
vt 0.31543999910354614 0.8715599775314331
vt 0.30730000138282776 0.8711040019989014
vt 0.4855400025844574 0.9209920167922974
vt 0.5718039870262146 0.7432969808578491
vt 0.5877400040626526 0.7585669755935669
vt 0.8207780122756958 0.792622983455658
vt 0.8164950013160706 0.7925770282745361
vt 0.5365300178527832 0.864126980304718
vt 0.36474400758743286 0.7587609887123108
vt 0.366115003824234 0.7618839740753174
vt 0.671118974685669 0.41193199157714844
vt 0.6723589897155762 0.4094240069389343
vt 0.8843989968299866 0.2666819989681244
vt 0.6653990149497986 0.4161069989204407
vt 0.6673349738121033 0.41548898816108704
vt 0.8848839998245239 0.19762000441551208
vt 0.198294997215271 0.8681480288505554
vt 0.3078329861164093 0.7610560059547424
vt 0.36502501368522644 0.5878859758377075
vt 0.3644630014896393 0.8981459736824036
vt 0.45165500044822693 0.5183799862861633
vt 0.4554249942302704 0.587568998336792
vt 0.23362599313259125 0.829800009727478
vt 0.24346399307250977 0.8327069878578186
vt 0.010972999967634678 0.9802089929580688
vt 0.005299000069499016 0.9729200005531311
vt 0.8663420081138611 0.5801839828491211
vt 0.8663420081138611 0.5754089951515198
vt 0.8667140007019043 0.5781630277633667
vt 0.2845819890499115 0.8673949837684631
vt 0.2812879979610443 0.8646489977836609
vt 0.28299498558044434 0.8657850027084351
vt 0.3788689970970154 0.7654240131378174
vt 0.8646320104598999 0.7159219980239868
vt 0.8665410280227661 0.5256379842758179
vt 0.3701289892196655 0.24260500073432922
vt 0.5400429964065552 0.2444320023059845
vt 0.6502130031585693 0.41059499979019165
vt 0.6526449918746948 0.4135810136795044
vt 0.34453800320625305 0.8324459791183472
vt 0.34230300784111023 0.8272889852523804
vt 0.343299001455307 0.825340986251831
vt 0.8593590259552002 0.7185890078544617
vt 0.8660169839859009 0.5689859986305237
vt 0.8660169839859009 0.5641509890556335
vt 0.8663889765739441 0.5669689774513245
vt 0.5561270117759705 0.8910509943962097
vt 0.2563149929046631 0.8770859837532043
vt 0.24973799288272858 0.885549008846283
vt 0.5537520051002502 0.8641909956932068
vt 0.5698819756507874 0.2578369975090027
vt 0.2772679924964905 0.8643100261688232
vt 0.6735990047454834 0.4069159924983978
vt 0.6738259792327881 0.4035559892654419
vt 0.31681400537490845 0.8239279985427856
vt 0.3922489881515503 0.8911949992179871
vt 0.5775449872016907 0.8370879888534546
vt 0.22844600677490234 0.829800009727478
vt 0.3427079916000366 0.8541290163993835
vt 0.34230300784111023 0.8483049869537354
vt 0.3443729877471924 0.8518790006637573
vt 0.3861590027809143 0.7599660158157349
vt 0.386106014251709 0.7568529844284058
vt 0.274944007396698 0.8954259753227234
vt 0.27153000235557556 0.8931530117988586
vt 0.8795769810676575 0.2545270025730133
vt 0.5432789921760559 0.2625179886817932
vt 0.5497310161590576 0.2647800147533417
vt 0.8365449905395508 0.7959550023078918
vt 0.2599259912967682 0.867563009262085
vt 0.26016199588775635 0.8578389883041382
vt 0.4328570067882538 0.9513620138168335
vt 0.5871409773826599 0.8130850195884705
vt 0.58576500415802 0.8149060010910034
vt 0.6549460291862488 0.4154379963874817
vt 0.8263030052185059 0.8563439846038818
vt 0.8263030052185059 0.862529993057251
vt 0.825219988822937 0.8596220016479492
vt 0.24496600031852722 0.8892509937286377
vt 0.5715259909629822 0.25341901183128357
vt 0.5715010166168213 0.2510890066623688
vt 0.44299599528312683 0.9756940007209778
vt 0.5839419960975647 0.8166319727897644
vt 0.5822830200195312 0.8178409934043884
vt 0.5090150237083435 0.9195430278778076
vt 0.38826900720596313 0.6366549730300903
vt 0.6769859790802002 0.30999699234962463
vt 0.6777510046958923 0.30904701352119446
vt 0.575003981590271 0.8186780214309692
vt 0.8054180145263672 0.49201899766921997
vt 0.8048229813575745 0.48555099964141846
vt 0.16697099804878235 0.7813079953193665
vt 0.4836449921131134 0.9057989716529846
vt 0.8898530006408691 0.8514000177383423
vt 0.8930349946022034 0.8510519862174988
vt 0.8390640020370483 0.6473739743232727
vt 0.8377829790115356 0.6509169936180115
vt 0.8370310068130493 0.6490089893341064
vt 0.25986000895500183 0.8001829981803894
vt 0.2577250003814697 0.7109169960021973
vt 0.2590149939060211 0.7071430087089539
vt 0.43978598713874817 0.8593279719352722
vt 0.8663420081138611 0.5968919992446899
vt 0.8680220246315002 0.593101978302002
vt 0.8683429956436157 0.5968919992446899
vt 0.6487089991569519 0.3093540072441101
vt 0.19359199702739716 0.833931028842926
vt 0.18836699426174164 0.8117920160293579
vt 0.19359199702739716 0.7680370211601257
vt 0.2866869866847992 0.8259159922599792
vt 0.28648999333381653 0.8227220177650452
vt 0.2866869866847992 0.8175169825553894
vt 0.5661069750785828 0.7466729879379272
vt 0.3907249867916107 0.7918000221252441
vt 0.3922399878501892 0.7827000021934509
vt 0.8618339896202087 0.5796999931335449
vt 0.28190499544143677 0.8274989724159241
vt 0.28190499544143677 0.7610530257225037
vt 0.28231099247932434 0.7649869918823242
vt 0.8540459871292114 0.8028330206871033
vt 0.8263530135154724 0.8408380150794983
vt 0.825219988822937 0.8389170169830322
vt 0.8263530135154724 0.8330320119857788
vt 0.5366460084915161 0.8243499994277954
vt 0.514756977558136 0.805154025554657
vt 0.5144299864768982 0.8002899885177612
vt 0.514756977558136 0.7953659892082214
vt 0.5208340287208557 0.8046309947967529
vt 0.5206009745597839 0.80000901222229
vt 0.5208340287208557 0.7953659892082214
vt 0.836143970489502 0.5810859799385071
vt 0.19359199702739716 0.8615279793739319
vt 0.19296599924564362 0.8619139790534973
vt 0.19004300236701965 0.8587759733200073
vt 0.5710790157318115 0.255623996257782
vt 0.2931729853153229 0.7150800228118896
vt 0.29248499870300293 0.7114319801330566
vt 0.29511600732803345 0.6753259897232056
vt 0.19777099788188934 0.8256210088729858
vt 0.545041024684906 0.8967159986495972
vt 0.6024199724197388 0.7348489761352539
vt 0.6020839810371399 0.731033980846405
vt 0.6024199724197388 0.7023299932479858
vt 0.8072869777679443 0.4968779981136322
vt 0.719281017780304 0.4799579977989197
vt 0.8646320104598999 0.8967980146408081
vt 0.8569849729537964 0.8968899846076965
vt 0.8307009935379028 0.8645529747009277
vt 0.8309190273284912 0.8613479733467102
vt 0.7727829813957214 0.46924400329589844
vt 0.5645570158958435 0.7485569715499878
vt 0.5584570169448853 0.824508011341095
vt 0.825219988822937 0.8521649837493896
vt 0.825219988822937 0.8450170159339905
vt 0.8253830075263977 0.8496050238609314
vt 0.8409299850463867 0.5704159736633301
vt 0.8425859808921814 0.5685319900512695
vt 0.8425859808921814 0.570717990398407
vt 0.8797699809074402 0.10607899725437164
vt 0.31921300292015076 0.8698430061340332
vt 0.8233870267868042 0.4793339967727661
vt 0.8241050243377686 0.4853309988975525
vt 0.6695889830589294 0.41383200883865356
vt 0.8390640020370483 0.6529669761657715
vt 0.5350260138511658 0.8688979744911194
vt 0.8178200125694275 0.33170899748802185
vt 0.8197399973869324 0.3288719952106476
vt 0.8851500153541565 0.206386998295784
vt 0.5518419742584229 0.8955780267715454
vt 0.5497699975967407 0.8967570066452026
vt 0.3777509927749634 0.5778539776802063
vt 0.5855420231819153 0.8755319714546204
vt 0.16355000436306 0.9868069887161255
vt 0.17042599618434906 0.9808700084686279
vt 0.823976993560791 0.6236900091171265
vt 0.49698299169540405 0.7987080216407776
vt 0.8747850060462952 0.8374509811401367
vt 0.8761159777641296 0.42583799362182617
vt 0.8761159777641296 0.8388609886169434
vt 0.5102519989013672 0.7953659892082214
vt 0.5102519989013672 0.8054739832878113
vt 0.5099700093269348 0.8008000254631042
vt 0.5547639727592468 0.8662160038948059
vt 0.46196600794792175 0.840304970741272
vt 0.8553659915924072 0.7314559817314148
vt 0.5294309854507446 0.7915220260620117
vt 0.8797299861907959 0.0957610011100769
vt 0.19004300236701965 0.8663319945335388
vt 0.38218700885772705 0.2561970055103302
vt 0.3821370005607605 0.2515369951725006
vt 0.8747850060462952 0.8453369736671448
vt 0.8660169839859009 0.5506200194358826
vt 0.8660169839859009 0.545261025428772
vt 0.8664780259132385 0.5455570220947266
vt 0.007416999898850918 0.771577000617981
vt 0.8668490052223206 0.601069986820221
vt 0.8668490052223206 0.6046329736709595
vt 0.8663420081138611 0.6017360091209412
vt 0.20504599809646606 0.8401169776916504
vt 0.6022599935531616 0.8507050275802612
vt 0.6022599935531616 0.8433610200881958
vt 0.6023139953613281 0.8475059866905212
vt 0.5533159971237183 0.8948420286178589
vt 0.30412501096725464 0.8686820268630981
vt 0.419624000787735 0.9865409731864929
vt 0.8900629878044128 0.14799700677394867
vt 0.8813499808311462 0.12706699967384338
vt 0.8900629878044128 0.12358400225639343
vt 0.8660169839859009 0.5599719882011414
vt 0.8660169839859009 0.5547990202903748
vt 0.8664699792861938 0.5574830174446106
vt 0.900081992149353 0.8496959805488586
vt 0.9052680134773254 0.8468520045280457
vt 0.26792600750923157 0.8817750215530396
vt 0.2684290111064911 0.8749129772186279
vt 0.8003150224685669 0.3307900130748749
vt 0.6020839810371399 0.6981509923934937
vt 0.6020839810371399 0.5183799862861633
vt 0.6026759743690491 0.529429018497467
vt 0.570779025554657 0.8173940181732178
vt 0.5737469792366028 0.7426990270614624
vt 0.7979869842529297 0.32778599858283997
vt 0.8703320026397705 0.7140759825706482
vt 0.5426849722862244 0.8960980176925659
vt 0.24812200665473938 0.835614025592804
vt 0.25254198908805847 0.8391219973564148
vt 0.20946599543094635 0.8857409954071045
vt 0.8355900049209595 0.582958996295929
vt 0.2284969985485077 0.89301598072052
vt 0.8150079846382141 0.7960749864578247
vt 0.4436030089855194 0.8204920291900635
vt 0.8166549801826477 0.5009459853172302
vt 0.510828971862793 0.9113680124282837
vt 0.287771999835968 0.8836640119552612
vt 0.2883070111274719 0.8783000111579895
vt 0.8795769810676575 0.12973099946975708
vt 0.6502599716186523 0.3126150071620941
vt 0.7993540167808533 0.3293910026550293
vt 0.5353540182113647 0.8279939889907837
vt 0.6501169800758362 0.24664300680160522
vt 0.17809900641441345 0.842100977897644
vt 0.6023139953613281 0.8614749908447266
vt 0.6019709706306458 0.8593810200691223
vt 0.6023139953613281 0.8548840284347534
vt 0.5631809830665588 0.7534369826316833
vt 0.3874579966068268 0.5821380019187927
vt 0.8027309775352478 0.50621098279953
vt 0.8027309775352478 0.6543560028076172
vt 0.8009120225906372 0.5916280150413513
vt 0.19777099788188934 0.724806010723114
vt 0.1981080025434494 0.7286520004272461
vt 0.5801770091056824 0.8189569711685181
vt 0.6731770038604736 0.3152010142803192
vt 0.2133760005235672 0.8342239856719971
vt 0.9086430072784424 0.8430389761924744
vt 0.38634398579597473 0.6387240290641785
vt 0.8663420081138611 0.588923990726471
vt 0.8663420081138611 0.5843629837036133
vt 0.866487979888916 0.5864109992980957
vt 0.38850799202919006 0.5846490263938904
vt 0.6498330235481262 0.40766599774360657
vt 0.813165009021759 0.5013620257377625
vt 0.44747599959373474 0.8048610091209412
vt 0.43946701288223267 0.5881490111351013
vt 0.44747599959373474 0.5183799862861633
vt 0.5509520173072815 0.2648969888687134
vt 0.28231099247932434 0.7568740248680115
vt 0.2821759879589081 0.6895779967308044
vt 0.28231099247932434 0.676476001739502
vt 0.8811579942703247 0.08695700019598007
vt 0.8890650272369385 0.06407999992370605
vt 0.8890650272369385 0.08989699929952621
vt 0.36706700921058655 0.6339420080184937
vt 0.8292440176010132 0.4758859872817993
vt 0.2556860148906708 0.8434180021286011
vt 0.2336769998073578 0.89301598072052
vt 0.25747400522232056 0.6951749920845032
vt 0.25527501106262207 0.6980779767036438
vt 0.25527501106262207 0.6860979795455933
vt 0.6492940187454224 0.3822239935398102
vt 0.33557501435279846 0.30755800008773804
vt 0.8332509994506836 0.6628950238227844
vt 0.8331869840621948 0.6607149839401245
vt 0.2554109990596771 0.7141720056533813
vt 0.8795769810676575 0.23492099344730377
vt 0.669277012348175 0.3180840015411377
vt 0.1596119999885559 0.7750899791717529
vt 0.27907899022102356 0.8642240166664124
vt 0.34230300784111023 0.8441259860992432
vt 0.34230300784111023 0.836624026298523
vt 0.3426220118999481 0.8417710065841675
vt 0.8489410281181335 0.6662899851799011
vt 0.7025520205497742 0.5010740160942078
vt 0.28617000579833984 0.869005024433136
vt 0.3836340010166168 0.6398879885673523
vt 0.5553500056266785 0.8686149716377258
vt 0.5550850033760071 0.8930609822273254
vt 0.34230300784111023 0.8549379706382751
vt 0.8333160281181335 0.6650760173797607
vt 0.5407800078392029 0.8955600261688232
vt 0.8328520059585571 0.6533200144767761
vt 0.8325260281562805 0.6492779850959778
vt 0.8328520059585571 0.6451709866523743
vt 0.5635629892349243 0.751209020614624
vt 0.5350260138511658 0.8321589827537537
vt 0.25923100113868713 0.8524839878082275
vt 0.8372910022735596 0.5754089951515198
vt 0.5731149911880493 0.8180829882621765
vt 0.6545869708061218 0.31617599725723267
vt 0.25812000036239624 0.8723250031471252
vt 0.5057910084724426 0.8057379722595215
vt 0.5055670142173767 0.800707995891571
vt 0.5057910084724426 0.7953659892082214
vt 0.8796529769897461 0.1943349987268448
vt 0.28648999333381653 0.8133379817008972
vt 0.28648999333381653 0.6753259897232056
vt 0.2883070111274719 0.7136440277099609
vt 0.8551030158996582 0.8086910247802734
vt 0.34453800320625305 0.8239279985427856
vt 0.25986000895500183 0.7030519843101501
vt 0.31140100955963135 0.8723040223121643
vt 0.27495500445365906 0.8651090264320374
vt 0.8259490132331848 0.8288530111312866
vt 0.6494050025939941 0.31124401092529297
vt 0.5520550012588501 0.24016299843788147
vt 0.3640899956226349 0.7135810256004333
vt 0.36454999446868896 0.7559679746627808
vt 0.20568400621414185 0.8818389773368835
vt 0.4599049985408783 0.6479570269584656
vt 0.19014599919319153 0.8522740006446838
vt 0.8428099751472473 0.6325330138206482
vt 0.8747850060462952 0.421658992767334
vt 0.8747850060462952 0.0020890000741928816
vt 0.8753979802131653 0.4172700047492981
vt 0.18049000203609467 0.8379219770431519
vt 0.8801850080490112 0.11720400303602219
vt 0.3443729877471924 0.8591169714927673
vt 0.3443729877471924 0.8652259707450867
vt 0.34419500827789307 0.8624569773674011
vt 0.2705189883708954 0.8696600198745728
vt 0.8070729970932007 0.8959019780158997
vt 0.7664250135421753 0.47498100996017456
vt 0.1904750019311905 0.8545979857444763
vt 0.25278499722480774 0.7169880270957947
vt 0.4256420135498047 0.9487749934196472
vt 0.29511600732803345 0.8080989718437195
vt 0.6493520140647888 0.2475930005311966
vt 0.22372399270534515 0.8921570181846619
vt 0.6733139753341675 0.38798201084136963
vt 0.8582730293273926 0.8128700256347656
vt 0.5011619925498962 0.8058639764785767
vt 0.5011619925498962 0.7953659892082214
vt 0.5013880133628845 0.8007689714431763
vt 0.8076350092887878 0.649491012096405
vt 0.80690997838974 0.5725380182266235
vt 0.8076350092887878 0.50621098279953
vt 0.19986699521541595 0.8492389917373657
vt 0.29248499870300293 0.8812919855117798
vt 0.8795769810676575 0.084647998213768
vt 0.8331220149993896 0.6585350036621094
vt 0.4389289915561676 0.5905399918556213
vt 0.8383510112762451 0.6451709866523743
o mesh_input
f 666/1 685/2 716/3 704/4
f 1578/5 1573/6 1637/7 1641/8
f 1270/9 1160/10 1190/11 1291/12
f 103/13 90/14 99/15 111/16
f 151/17 144/18 113/19 120/20
f 1703/21 1705/22 1696/23 1691/24
f 1715/25 1692/26 1668/27 1704/28
f 395/29 372/30 351/31 367/32
f 72/33 64/34 57/35 68/36
f 939/37 1077/38 1040/39 899/40
f 882/41 836/42 864/43 921/44
f 599/45 581/46 622/47 641/48
f 1298/49 1397/50 1380/51 1279/52
f 1031/53 976/54 1102/55 1141/56
f 1791/57 1785/58 1789/59 1795/60
f 704/61 716/62 717/63 699/64
f 1471/65 1344/66 1336/67 1448/68
f 1238/69 1127/70 1057/71 1187/72
f 1615/73 1634/74 1689/75 1673/76
f 569/77 451/78 463/79 588/80
f 171/81 175/82 172/83 166/84
f 941/85 306/86 282/87 875/88
f 198/89 201/90 177/91 173/92
f 1278/93 471/94 445/95 1220/96
f 747/97 668/98 645/99 674/100
f 717/63 739/101 657/102 643/103
f 1476/104 1494/105 1565/106 1549/107
f 1460/108 1373/109 1353/110 1432/111
f 272/112 261/113 280/114 290/115
f 532/116 528/117 554/118 564/119
f 792/120 818/121 809/122 789/123
f 367/32 351/31 323/124 354/125
f 270/126 249/127 247/128 267/129
f 750/130 745/131 733/132 736/133
f 749/134 736/135 714/136 731/137
f 1415/138 1405/139 1437/140 1459/141
f 602/142 594/143 571/144 580/145
f 1534/146 1515/147 1487/148 1507/149
f 285/150 306/151 316/152 287/153
f 1709/154 1713/155 1706/156 1694/157
f 782/158 747/97 824/159 852/160
f 872/161 880/162 984/163 963/164
f 550/165 530/166 493/167 519/168
f 736/135 733/169 709/170 714/136
f 920/171 873/172 904/173 929/174
f 745/131 751/175 737/176 733/132
f 609/177 599/45 641/48 654/178
f 787/179 756/180 791/181 827/182
f 1434/183 1079/184 1020/185 1368/186
f 1235/187 1225/188 1263/189 1274/190
f 473/191 449/192 474/193 499/194
f 807/195 1034/196 1259/197 1135/198
f 628/199 605/200 553/201 584/202
f 1767/203 1775/204 1792/205 1781/206
f 1240/207 1242/208 1276/209 1281/210
f 415/211 26/212 462/213 1171/214
f 1660/215 1677/216 1686/217 1666/218
f 881/219 1027/220 1052/221 894/222
f 607/223 630/224 603/225 585/226
f 1275/227 1248/228 1226/229 1265/230
f 1651/231 1622/232 1445/233 1480/234
f 850/235 867/236 883/237 859/238
f 23/239 28/240 19/241 12/242
f 919/243 1022/244 1047/245 926/246
f 1657/247 1625/248 1622/232 1651/231
f 740/249 719/250 813/251 847/252
f 1691/24 1696/23 1500/253 1504/254
f 300/255 294/256 303/257 310/258
f 378/259 384/260 379/261 366/262
f 80/263 72/33 68/36 78/264
f 1339/265 1350/266 1408/267 1399/268
f 1154/269 1194/270 1186/271 1142/272
f 1387/273 1428/274 1523/275 1489/276
f 871/277 872/161 963/164 961/278
f 1725/279 1735/280 1754/281 1745/282
f 139/283 153/284 154/285 141/286
f 1273/287 1257/288 1285/289 1305/290
f 488/291 466/292 486/293 515/294
f 1632/295 1598/296 1541/297 1500/253
f 763/298 730/299 726/300 759/301
f 867/236 887/302 901/303 883/237
f 291/304 284/305 292/306 299/307
f 1675/308 1599/309 1607/310 1682/311
f 1571/312 1564/313 1592/314 1600/315
f 523/316 82/317 77/318 514/319
f 600/320 577/321 574/322 590/323
f 1084/324 1090/325 1039/326 1026/327
f 471/94 439/328 403/329 445/95
f 1028/330 1041/331 1092/332 1078/333
f 154/285 159/334 147/335 141/286
f 1051/336 1090/337 1105/338 1060/339
f 1108/340 1094/341 1095/342 1109/343
f 1352/344 1270/9 1291/12 1372/345
f 978/346 1032/347 988/348 935/349
f 1081/350 1121/351 1122/352 1074/353
f 129/354 162/355 186/356 179/357
f 1000/358 1016/359 998/360 972/361
f 1036/362 1007/363 1037/364 1075/365
f 1553/366 1538/367 1559/368 1577/369
f 457/370 461/371 448/372 436/373
f 1729/374 1745/282 1757/375 1748/376
f 1219/377 1186/271 1194/270 1218/378
f 1698/379 1687/380 1700/381 1705/382
f 1584/383 1411/384 1451/385 1496/386
f 555/387 552/388 431/389 437/390
f 707/391 651/392 627/393 676/394
f 1172/395 1143/396 1250/397 1296/398
f 224/399 229/400 210/401 201/402
f 1306/403 1208/404 1270/9 1352/344
f 1547/405 1542/406 1505/407 1512/408
f 186/409 193/410 195/411 180/412
f 246/413 255/414 273/415 264/416
f 509/417 503/418 492/419 491/420
f 453/421 377/422 389/423 467/424
f 1073/425 1043/426 1019/427 1072/428
f 1633/429 1660/215 1666/218 1638/430
f 1424/431 1520/432 1535/433 1449/434
f 6/435 3/436 16/437 17/438
f 254/439 244/440 261/113 272/112
f 1210/441 1164/442 1203/443 1245/444
f 1147/445 1170/446 1194/270 1154/269
f 1157/447 1123/448 1113/449 1156/450
f 1569/451 1513/452 1548/453 1601/454
f 50/455 61/456 60/457 55/458
f 830/459 858/460 845/461 819/462
f 876/463 932/464 933/465 889/466
f 1304/467 1341/468 1454/469 1371/470
f 1752/471 1751/472 1762/473 1766/474
f 266/475 269/476 248/477 242/478
f 1117/479 1060/339 1105/338 1150/480
f 1480/234 1445/233 1419/481 1444/482
f 1535/483 1594/484 1584/383 1530/485
f 916/486 948/487 852/160 824/159
f 1450/488 1430/489 1400/490 1410/491
f 1678/492 1650/493 1611/494 1639/495
f 147/496 160/497 163/498 143/499
f 680/500 691/501 681/502 669/503
f 1758/504 1111/505 1193/506 1770/507
f 1166/508 1149/509 1196/510 1206/511
f 1164/442 1128/512 1157/513 1203/443
f 1694/514 1706/515 1663/516 1647/517
f 294/256 295/518 305/519 303/257
f 1549/107 1565/106 1634/74 1615/73
f 215/520 219/521 194/522 188/523
f 399/524 27/525 29/526 413/527
f 1163/528 1058/529 1035/530 1155/531
f 250/532 246/413 264/416 268/533
f 743/534 707/391 676/394 727/535
f 1588/536 1615/537 1673/538 1649/539
f 1203/540 1157/447 1156/450 1211/541
f 71/542 56/543 36/544 38/545
f 146/546 140/547 143/548 156/549
f 1348/550 1378/551 1364/552 1331/553
f 1639/554 1611/555 1646/556 1670/557
f 1764/558 1773/559 1768/560 1761/561
f 1470/562 1472/563 1471/65 1469/564
f 1611/555 1570/565 1612/566 1646/556
f 1204/567 1303/568 1262/569 1801/570
f 1674/571 1691/24 1504/254 1498/572
f 428/573 443/574 406/575 402/576
f 1126/577 980/578 990/579 1135/198
f 1644/580 725/581 650/582 1583/583
f 101/584 110/585 112/586 104/587
f 869/588 804/589 803/590 877/591
f 885/592 812/593 779/594 829/595
f 252/596 256/597 226/598 225/599
f 54/600 59/601 50/602 46/603
f 1376/604 1306/403 1352/344 1426/605
f 262/606 251/607 227/608 236/609
f 1193/506 1185/610 1242/208 1240/207
f 518/611 476/612 432/613 470/614
f 1708/615 1716/616 1727/617 1721/618
f 875/88 282/87 271/619 851/620
f 967/621 912/622 860/623 911/624
f 1239/625 1254/626 1255/627 1233/628
f 205/629 216/630 206/631 199/632
f 1449/434 1362/633 1340/634 1424/431
f 1778/635 1770/507 1785/636 1791/637
f 407/638 389/639 381/640 390/641
f 1452/642 1486/643 1443/644 1416/645
f 226/598 228/646 209/647 208/648
f 1123/448 1075/649 1067/650 1113/449
f 32/651 30/652 21/653 24/654
f 710/655 655/656 724/657 758/658
f 494/659 497/660 482/661 480/662
f 1414/663 1489/276 1554/664 1511/665
f 1754/666 1759/667 1775/204 1767/203
f 412/668 472/669 157/670 136/671
f 1381/672 1406/673 1580/674 1532/675
f 617/676 638/677 646/678 629/679
f 441/680 465/681 477/682 452/683
f 481/684 447/685 479/686 517/687
f 480/662 482/661 463/79 461/688
f 75/689 86/690 73/691 58/692
f 1016/359 1050/693 1024/694 998/360
f 772/695 757/696 884/697 905/698
f 741/699 722/700 652/701 692/702
f 853/703 828/704 802/705 834/706
f 274/707 285/150 287/153 278/708
f 1441/709 536/710 544/711 1475/712
f 947/713 316/152 306/151 941/714
f 397/715 26/212 25/716 398/717
f 227/608 225/599 207/718 211/719
f 489/720 475/721 488/291 512/722
f 422/723 414/724 418/725 431/389
f 687/726 720/727 690/728 689/729
f 159/334 167/730 160/731 147/335
f 989/732 1056/733 1034/196 969/734
f 1257/288 1235/187 1274/190 1285/289
f 1195/735 1560/736 661/737 1017/738
f 653/739 640/740 672/741 686/742
f 1509/743 1519/744 1491/745 1481/746
f 1280/747 1277/748 1241/749 1249/750
f 1543/751 1548/752 1513/753 1506/754
f 635/755 596/756 710/655 756/180
f 1555/757 1556/758 1543/759 1542/760
f 1393/761 568/762 614/763 1492/764
f 427/765 407/638 390/641 401/766
f 1718/767 1685/768 1327/769 1370/770
f 895/771 882/41 921/44 930/772
f 375/773 385/774 378/775 368/776
f 312/777 297/778 313/779 325/780
f 451/78 448/781 461/688 463/79
f 1199/782 1239/783 1227/784 1188/785
f 779/786 744/787 768/788 804/789
f 1503/790 1492/791 1560/736 1573/6
f 815/792 806/793 825/794 858/795
f 88/796 101/584 104/587 81/797
f 499/798 474/799 484/800 505/801
f 419/802 245/803 276/804 459/805
f 1082/806 1036/362 1075/365 1123/807
f 268/808 264/809 232/810 235/811
f 520/812 502/813 531/814 541/815
f 839/816 800/817 766/818 797/819
f 342/820 24/654 13/821 302/822
f 278/708 287/153 265/823 256/597
f 335/824 221/825 220/826 334/827
f 1078/828 1092/829 1151/830 1138/831
f 512/722 488/291 515/294 537/832
f 992/833 1082/834 1128/512 1014/835
f 1320/836 1328/837 1322/838 1312/839
f 1775/204 1782/840 1797/841 1792/205
f 1114/842 1115/843 1084/844 1083/845
f 429/846 416/847 414/724 422/723
f 95/848 53/849 45/850 94/851
f 1345/852 1367/853 1329/854 1308/855
f 1554/664 1588/536 1649/539 1620/856
f 423/857 438/858 437/859 418/860
f 409/861 408/862 391/863 396/864
f 230/865 231/866 243/867 247/868
f 478/869 462/213 475/721 489/720
f 33/870 35/871 28/240 23/239
f 1215/872 1191/873 964/874 1054/875
f 1058/529 936/876 918/877 1035/530
f 1364/878 1390/879 1357/880 1325/881
f 1483/882 1525/883 1531/884 1458/885
f 726/886 663/887 620/888 670/889
f 734/890 713/891 708/892 735/893
f 1792/894 1797/895 1799/896 1796/897
f 432/613 388/898 369/899 394/900
f 1217/901 1230/902 1258/903 1236/904
f 910/905 887/906 729/907 775/908
f 446/909 404/910 372/30 395/29
f 1684/911 1711/912 1712/913 1693/914
f 522/915 483/916 433/917 476/612
f 797/819 843/918 896/919 839/816
f 417/920 423/921 418/922 414/923
f 1061/924 1062/925 1119/926 1118/927
f 1630/928 1647/929 1677/930 1660/931
f 1419/481 1391/932 1358/933 1380/934
f 1466/935 1478/936 1417/937 1412/938
f 947/713 1005/939 1055/940 977/941
f 891/942 879/943 960/944 982/945
f 1583/583 1620/856 1676/946 1644/580
f 1297/947 1245/948 1261/949 1313/950
f 1350/266 1351/951 1409/952 1408/267
f 963/164 984/163 1016/953 1000/954
f 1538/367 1510/955 1539/956 1559/368
f 281/957 278/708 256/597 262/606
f 1465/958 1518/959 1525/960 1483/961
f 1302/962 1379/963 1396/964 1314/965
f 1181/966 1134/967 1186/271 1219/377
f 1006/968 1055/940 1032/347 978/346
f 410/969 235/970 245/803 419/802
f 483/916 446/909 395/29 433/917
f 1663/971 1667/972 1698/379 1695/973
f 755/974 790/975 842/976 794/977
f 288/978 283/979 301/980 304/981
f 1271/982 1161/983 1091/984 1208/985
f 1499/986 1480/234 1444/482 1467/987
f 1277/748 1258/903 1230/902 1241/749
f 1281/988 1276/989 1277/748 1280/747
f 768/990 734/890 735/893 767/991
f 1577/369 1559/368 1572/992 1596/993
f 1517/994 1192/995 1110/996 1463/997
f 1751/472 1747/998 1758/504 1762/473
f 998/360 1024/694 765/999 751/175
f 1145/1000 1162/1001 1152/1002 1139/1003
f 479/686 40/1004 42/1005 521/1006
f 289/1007 270/126 267/129 288/978
f 413/1008 29/1009 34/1010 447/685
f 834/706 802/705 776/1011 800/817
f 1579/1012 1633/429 1638/430 1594/484
f 298/1013 286/1014 284/305 291/304
f 625/1015 608/1016 634/1017 647/1018
f 447/685 34/1010 40/1004 479/686
f 800/817 839/816 876/463 834/706
f 832/1019 293/1020 277/1021 799/1022
f 935/349 988/348 916/1023 862/1024
f 332/1025 326/1026 216/1027 222/1028
f 375/1029 346/1030 347/1031 385/1032
f 1112/1033 1005/939 987/1034 1086/1035
f 1382/1036 1434/183 1367/1037 1345/1038
f 1711/912 1721/1039 1722/1040 1712/913
f 70/1041 63/1042 67/1043 76/1044
f 1601/1045 1604/1046 1562/1047 1569/1048
f 683/1049 644/1050 719/250 740/249
f 596/756 551/1051 655/656 710/655
f 1029/1052 1070/1053 1054/1054 964/1055
f 1141/56 1102/55 1181/1056 1209/1057
f 486/1058 456/1059 481/684 516/1060
f 34/1010 28/1061 35/1062 40/1004
f 1173/1063 1227/1064 1233/628 1183/1065
f 583/1066 550/1067 519/1068 540/1069
f 1741/1070 1734/1071 1738/1072 1743/1073
f 956/1074 263/1075 279/1076 977/941
f 307/1077 300/255 310/258 317/1078
f 804/589 768/990 767/991 803/590
f 213/1079 214/1080 204/1081 203/1082
f 249/1083 234/1084 230/865 247/868
f 674/1085 679/1086 720/1087 747/1088
f 467/424 389/423 407/1089 490/1090
f 612/1091 650/582 725/581 670/889
f 762/1092 742/1093 696/1094 722/1095
f 854/1096 890/1097 870/1098 808/1099
f 848/1100 218/1101 239/1102 915/1103
f 92/1104 84/1105 64/34 72/33
f 957/1106 1098/1107 1077/1108 939/1109
f 1147/445 1055/940 1005/939 1112/1033
f 1055/940 1081/350 1074/353 1032/347
f 1063/1110 1068/1111 1130/1112 1124/1113
f 667/1114 694/1115 700/1116 677/1117
f 1799/896 1800/1118 1793/1119 1794/1120
f 1109/343 1095/342 1072/428 1085/1121
f 81/1122 104/1123 38/545 32/651
f 611/1124 482/661 497/660 626/1125
f 636/1126 619/1127 637/1128 645/1129
f 1168/1130 1177/1131 1176/1132 1167/1133
f 1430/1134 1384/1135 1355/1136 1388/1137
f 958/1138 1045/1139 1056/733 989/732
f 537/1140 515/1141 539/1142 573/1143
f 838/1144 850/235 859/238 846/1145
f 1491/1146 1516/1147 1482/1148 1440/1149
f 577/1150 563/1151 560/1152 574/1153
f 166/84 172/83 150/1154 149/1155
f 440/1156 412/668 373/1157 382/1158
f 556/1159 522/915 476/612 518/611
f 658/1160 642/1161 656/1162 675/1163
f 114/1164 121/1165 89/1166 85/1167
f 354/1168 323/1169 314/1170 339/1171
f 1184/1172 1052/221 1027/220 1161/1173
f 699/64 717/63 616/1174 597/1175
f 1213/1176 1223/1177 1254/1178 1239/1179
f 84/1105 85/1167 62/1180 64/34
f 905/698 884/697 946/1181 975/1182
f 775/908 772/695 905/698 923/1183
f 983/1184 892/1185 898/1186 1010/1187
f 765/999 785/1188 773/1189 752/1190
f 1403/1191 1497/1192 1485/1193 1404/1194
f 335/824 348/1195 341/1196 332/1025
f 128/1197 125/1198 96/1199 102/1200
f 1445/233 1406/673 1391/932 1419/481
f 1756/1201 1056/733 1045/1139 1755/1202
f 742/1093 217/1203 192/1204 696/1094
f 641/48 622/47 683/1049 706/1205
f 1727/1206 1732/1207 1733/1208 1728/1209
f 764/1210 750/130 736/133 749/1211
f 138/1212 139/1213 141/1214 140/547
f 1612/566 1567/1215 1585/1216 1625/1217
f 1377/1218 1477/1219 1520/432 1424/431
f 720/1220 687/1221 783/1222 793/1223
f 1481/1224 1491/1225 1440/1226 1423/1227
f 1158/1228 1205/1229 1188/1230 1144/1231
f 1315/1232 1290/1233 1319/1234 1334/1235
f 459/805 276/804 281/1236 460/1237
f 132/1238 127/1239 117/1240 123/1241
f 669/503 649/1242 526/1243 525/1244
f 917/1245 829/1246 869/1247 980/1248
f 1561/1249 1551/1250 1521/1251 1541/1252
f 1570/565 1527/1253 1567/1215 1612/566
f 360/1254 339/1171 333/1255 357/1256
f 1746/1257 1750/1258 1763/1259 1759/667
f 1595/1260 1575/1261 1558/1262 1544/1263
f 1458/885 1403/1191 1384/1264 1430/1265
f 85/1167 89/1166 65/1266 62/1180
f 1165/1267 1212/1268 1205/1229 1158/1228
f 1736/1269 907/1270 833/1271 1719/1272
f 856/1273 821/1274 836/42 882/41
f 44/1275 51/1276 42/1005 41/1277
f 1762/473 1758/504 1770/507 1778/635
f 62/1180 65/1266 49/1278 48/1279
f 1159/1280 1255/627 1207/1281 1114/842
f 849/1282 939/37 899/40 820/1283
f 1645/1284 1655/1285 1680/1286 1664/1287
f 265/823 266/475 242/478 238/1288
f 1191/873 1106/1289 920/1290 964/874
f 623/1291 600/320 590/323 619/1127
f 1765/1292 1776/1293 1773/559 1764/558
f 855/1294 909/1295 818/121 796/1296
f 1282/1297 506/1298 533/1299 1338/1300
f 622/47 604/1301 644/1050 683/1049
f 783/1222 189/1302 218/1303 848/1304
f 1179/1305 1108/340 1109/343 1178/1306
f 564/1307 554/1308 599/45 609/177
f 26/212 20/1309 15/1310 25/716
f 1057/1311 917/1245 980/1248 1126/1312
f 552/388 560/1152 422/723 431/389
f 503/418 510/1313 494/1314 492/419
f 1478/936 1479/1315 1418/1316 1417/937
f 1592/1317 1577/369 1596/993 1603/1318
f 392/1319 402/1320 387/1321 383/1322
f 1167/1133 1176/1132 1153/1323 1140/1324
f 47/1325 43/1326 39/1327 37/1328
f 1528/1329 1563/1330 1537/1331 1501/1332
f 105/1333 118/1334 116/1335 106/1336
f 53/1337 54/600 46/603 45/1338
f 975/1182 946/1181 1080/1339 1101/1340
f 685/2 718/1341 738/1342 716/3
f 385/774 400/1343 384/1344 378/775
f 1190/1345 1077/1108 1098/1107 1201/1346
f 724/657 668/98 747/97 782/158
f 133/1347 142/1348 115/1349 107/1350
f 168/1351 179/1352 180/412 169/1353
f 1392/1354 1374/1355 1386/1356 1401/1357
f 637/1358 624/1359 642/1161 658/1160
f 1797/895 1798/1360 1800/1118 1799/896
f 1684/1361 759/1362 725/581 1644/580
f 209/647 215/520 188/523 185/1363
f 1283/1364 1357/880 1379/1365 1302/1366
f 424/1367 405/1368 425/1369 452/1370
f 1071/1371 1042/1372 1043/1373 1073/1374
f 1252/1375 1299/1376 1304/467 1253/1377
f 1387/1378 1346/1379 1278/93 1323/1380
f 938/1381 927/1382 983/1383 1009/1384
f 1177/1385 921/1386 864/1387 1108/1388
f 951/1389 1001/1390 1131/1391 1049/1392
f 508/1393 427/1394 442/1395 527/1396
f 174/1397 176/1398 167/730 159/334
f 1626/1399 1572/1400 1508/1401 1552/1402
f 504/1403 473/191 499/194 536/1404
f 890/1405 897/1406 937/1407 934/1408
f 1796/897 1799/896 1794/1120 1790/1409
f 1690/1410 1709/154 1694/157 1669/1411
f 1192/995 1146/1412 1065/1413 1110/996
f 981/1414 959/1415 1023/1416 1038/1417
f 1774/1418 1690/1410 1659/1419 1753/1420
f 1560/736 1234/1421 1246/1422 1629/1423
f 1023/1424 1009/1425 1010/1187 1048/1426
f 1159/1280 1114/842 1083/845 1137/1427
f 674/1428 645/1129 637/1128 658/1429
f 296/1430 249/1431 270/1432 308/1433
f 1237/1434 1126/577 1135/198 1259/197
f 829/1435 779/786 804/789 869/1436
f 1381/672 1341/468 1333/1437 1366/1438
f 240/1439 253/1440 285/1441 274/1442
f 39/1327 41/1443 35/871 33/870
f 1529/1444 1593/1445 1546/1446 1477/1447
f 192/1448 187/1449 158/1450 164/1451
f 1075/649 1037/1452 1015/1453 1067/650
f 807/195 798/1454 774/1455 788/1456
f 647/1018 634/1017 648/1457 673/1458
f 21/653 22/1459 10/1460 9/1461
f 521/1006 42/1005 91/1462 610/1463
f 620/888 578/1464 529/1465 566/1466
f 1722/1467 1728/1468 1730/1469 1726/1470
f 204/1471 205/629 199/632 196/1472
f 630/224 648/1457 634/1017 603/225
f 202/1473 212/1474 213/1079 203/1082
f 1114/842 1207/1281 1189/1475 1115/843
f 269/476 275/1476 258/1477 248/477
f 124/1478 112/586 110/585 119/1479
f 1666/218 1686/217 1674/571 1652/1480
f 1697/1481 1685/768 1718/767 1723/1482
f 819/1483 845/1484 825/1485 805/1486
f 517/687 479/686 521/1006 551/1051
f 1200/1487 1061/924 1118/927 1802/1488 1247/1489
f 107/1350 115/1349 99/15 86/690
f 244/440 170/1490 178/1491 261/113
f 1139/1003 1125/1492 1133/1493 1145/1000
f 68/1494 57/1495 47/1496 56/1497
f 131/1498 124/1499 119/1500 127/1501
f 1362/1502 1449/1503 1442/1504 1354/1505
f 1127/70 991/1506 917/1507 1057/71
f 1032/347 1074/353 1033/1508 988/348
f 932/464 989/732 969/734 933/465
f 384/260 392/1319 383/1322 379/261
f 453/1509 467/1510 468/1511 454/1512
f 1508/1513 1509/1514 1481/1224 1474/1515
f 255/1516 277/1021 293/1020 273/1517
f 1640/1518 1595/1260 1574/1519 1623/1520
f 1567/1215 1514/1521 1533/1522 1585/1216
f 1295/1523 1187/1524 1237/1525 1347/1526
f 663/887 621/1527 578/1464 620/888
f 915/1103 239/1102 263/1075 956/1074
f 653/1528 739/1529 544/1530 640/1531
f 1058/529 1163/528 1211/541 1156/450
f 893/1532 1011/1533 984/163 880/162
f 587/1534 545/1535 596/756 635/755
f 90/1536 103/1537 91/1538 87/1539
f 585/226 603/225 576/1540 558/1541
f 465/1542 441/1543 449/192 473/191
f 1538/1544 1540/1545 1475/712 1510/1546
f 855/1547 796/1548 780/1549 808/1099
f 1279/52 1380/51 1358/1550 1251/1551
f 184/1552 181/1553 144/18 151/17
f 13/821 9/1461 1/1554 7/1555
f 711/1556 664/1557 615/1558 651/392
f 817/1559 822/1560 837/1561 831/1562
f 669/503 525/1244 527/1563 680/500
f 1486/643 1498/572 1466/1564 1443/644
f 592/1565 561/1566 550/1567 583/1568
f 980/578 869/588 877/591 990/579
f 984/163 1011/1533 1050/1569 1016/953
f 896/919 958/1138 989/732 932/464
f 1527/1253 1453/1570 1514/1521 1567/1215
f 1362/633 1268/1571 1238/69 1340/634
f 490/1572 508/1573 509/417 491/420
f 1314/965 1396/964 1412/938 1316/1574
f 701/1575 686/1576 702/1577 705/1578
f 388/898 367/32 354/125 369/899
f 841/1579 846/1145 886/1580 874/1581
f 11/1582 5/1583 12/1584 19/1585
f 1155/1586 1035/1587 991/1506 1127/70
f 188/1588 194/1589 165/1590 155/1591
f 654/178 641/48 706/1205 723/1592
f 1342/1593 1326/1594 1349/1595 1365/1596
f 1736/1269 1748/376 1760/1597 1749/1598
f 551/1051 521/1006 610/1463 655/656
f 598/1599 617/676 629/679 613/1600
f 502/813 489/720 512/722 531/814
f 968/1601 906/1602 1013/1603 1087/1604
f 965/1605 943/1606 973/1607 1003/1608
f 1692/26 778/1609 760/1610 1668/27
f 445/95 403/329 386/1611 415/211
f 175/1612 514/1613 77/1614 135/1615
f 1472/1616 1802/1617 1118/1618 1343/1619
f 287/153 316/152 279/1076 265/823
f 690/1620 679/1621 658/1429 675/1622
f 1716/1623 1720/1624 1732/1625 1727/1626
f 1475/712 1540/1545 1517/1627 1441/709
f 376/1628 360/1254 357/1256 370/1629
f 703/1630 698/1631 693/1632 697/1633
f 203/1634 204/1635 196/1636 195/411
f 217/1203 211/719 187/1637 192/1204
f 1455/1638 1372/1639 1371/470 1454/469
f 1/1640 2/1641 4/1642 3/436
f 1360/1643 1323/1380 1267/1644 1301/1645
f 106/1646 95/848 94/851 105/1647
f 1546/1648 1597/1649 1633/1650 1579/1651
f 342/820 373/1157 122/1652 108/1653
f 1719/1272 833/1271 778/1609 1692/26
f 1374/1355 1359/1654 1375/1655 1386/1356
f 406/1656 409/861 396/864 393/1657
f 812/1658 777/1659 744/1660 779/1661
f 1672/1662 1651/231 1656/1663 1662/1664
f 327/1665 352/1666 353/1667 336/1668
f 1102/1669 1044/1670 1134/1671 1181/1672
f 1753/1420 1034/196 1056/733 1756/1201
f 1781/1673 1792/894 1796/897 1787/1674
f 86/690 99/15 90/14 73/691
f 903/1675 1049/1676 1011/1533 893/1532
f 275/1476 279/1076 263/1075 258/1477
f 730/299 682/1677 663/1678 726/300
f 1561/1249 1621/1679 1636/1680 1568/1681
f 1591/1682 1587/1683 1608/1684 1614/1685
f 832/1686 857/1687 888/1688 851/1689
f 814/1690 782/158 852/160 906/1602
f 757/696 740/249 847/252 884/697
f 1520/432 1579/1651 1594/1691 1535/433
f 1514/1692 1426/605 1455/1693 1533/1694
f 1266/1695 1243/1696 1236/904 1258/903
f 610/1463 91/1462 429/1697 546/1698
f 358/1699 342/820 302/822 324/1700
f 195/411 196/1636 183/1701 180/412
f 565/1702 555/1703 569/77 582/1704
f 1441/1705 1398/1706 504/1403 536/1404
f 927/1382 844/1707 892/1708 983/1383
f 212/1474 220/826 221/825 213/1079
f 1642/1709 1669/1710 1630/1711 1597/1712
f 1225/1713 1200/1487 1247/1489 1263/1714
f 1383/1715 1399/268 1494/1716 1476/1717
f 1341/468 1304/467 1299/1376 1333/1437
f 1426/605 1352/344 1372/345 1455/1693
f 924/1718 861/1719 968/1601 1044/1670
f 1589/1720 1605/1721 1617/1722 1602/1723
f 1490/1724 1495/1725 1524/1726 1518/959
f 732/1727 753/1728 718/1729 685/1730
f 1550/1731 1610/1732 1593/1733 1529/1734
f 1446/1735 1461/1736 1456/1737 1438/1738
f 1667/972 1653/1739 1687/380 1698/379
f 820/1283 899/40 835/1740 786/1741
f 1787/1674 1796/897 1790/1409 1783/1742
f 1354/1505 1388/1743 1355/1744 1313/950
f 1766/474 1762/473 1778/635 1784/1745
f 536/1404 499/194 505/1746 544/1747
f 733/169 737/1748 715/1749 709/170
f 884/697 847/252 913/1750 946/1181
f 433/917 395/29 367/32 388/898
f 1326/1594 1315/1232 1334/1235 1349/1595
f 78/1751 68/1494 56/1497 71/1752
f 1092/829 1099/1753 1175/1754 1151/830
f 136/1755 157/1756 148/1757 134/1758
f 276/804 274/1442 278/1759 281/1236
f 59/601 66/1760 61/1761 50/602
f 1699/1762 1678/492 1639/495 1653/1763
f 1330/1764 945/1765 485/1766 1308/1767
f 1553/1768 1216/1769 1540/1770 1538/1771
f 524/1772 83/1773 82/1774 523/1775
f 1749/1598 979/1776 907/1270 1736/1269
f 1087/1777 1013/1778 1096/1779 1142/272
f 761/1780 728/1781 664/1557 711/1556
f 802/705 788/1456 762/1092 776/1011
f 1097/1782 1136/1783 1222/1784 1182/1785
f 355/1786 343/1787 345/1788 356/1789
f 1477/1219 1546/1648 1579/1651 1520/432
f 1544/1263 1460/108 1432/111 1522/1790
f 1134/967 1087/1777 1142/272 1186/271
f 507/1791 500/1792 528/117 532/116
f 280/114 191/1793 200/1794 297/778
f 1173/1795 1148/1796 1104/1797 1129/1798
f 553/201 538/1799 524/1772 535/1800
f 401/1801 390/1802 380/1803 391/863
f 1183/1065 1233/628 1255/627 1159/1280
f 1183/1065 1159/1280 1137/1427 1148/1804
f 1782/840 1784/1745 1798/1805 1797/841
f 991/1506 885/592 829/595 917/1507
f 834/706 876/463 889/466 853/703
f 1685/768 1629/1423 1284/1806 1327/769
f 863/1807 957/1106 939/1109 849/1808
f 506/1298 507/1791 532/116 533/1299
f 93/1809 100/1810 110/1811 101/1812
f 910/1813 944/1814 966/1815 931/1816
f 324/1700 302/822 286/1817 298/1818
f 472/669 514/1613 171/1819 157/670
f 1242/208 1231/1820 1266/1821 1276/209
f 1080/1339 1031/53 1141/56 1169/1822
f 1489/276 1523/275 1588/536 1554/664
f 936/876 1058/529 1156/450 1113/449
f 1354/1505 1442/1504 1400/1823 1388/1743
f 912/622 857/1824 823/1825 860/623
f 301/1826 290/115 312/777 322/1827
f 57/1495 48/1828 43/1829 47/1496
f 1409/952 1393/761 1492/764 1503/1830
f 155/1591 165/1590 126/1831 121/1165
f 1584/383 1631/1832 1452/642 1411/384
f 260/1833 254/439 272/112 283/1834
f 1243/1696 1219/377 1218/378 1236/904
f 1669/1835 1694/514 1647/517 1630/1836
f 515/1141 486/1058 516/1060 539/1142
f 875/88 914/1837 987/1838 941/85
f 570/1839 598/1599 580/145 557/1840
f 493/167 472/669 412/668 440/1156
f 1177/1131 1179/1305 1178/1306 1176/1132
f 1289/1841 1282/1297 1338/1300 1351/951
f 709/170 715/1749 666/1842 659/1843
f 118/1334 105/1333 108/1844 122/1845
f 1717/1846 1704/1847 1693/1848 1712/1849
f 436/373 448/372 438/1850 423/921
f 566/1466 529/1465 483/916 522/915
f 1042/1372 1012/1851 1004/1852 1043/1373
f 1738/1072 1734/1071 1433/1853 1439/1854
f 754/1855 721/1856 730/1857 763/1858
f 241/1859 271/619 282/87 253/1860
f 1269/1861 1163/528 1155/531 1268/1862
f 454/1512 457/370 436/373 430/1863
f 1301/1645 1267/1644 1221/1864 1244/1865
f 1687/380 1670/557 1679/1866 1700/381
f 1748/376 1757/375 1769/1867 1760/1597
f 535/1868 524/1869 523/1870 534/1871
f 1461/1736 1468/1872 1462/1873 1456/1737
f 1610/1732 1659/1419 1642/1874 1593/1733
f 1406/673 1381/672 1366/1438 1391/932
f 169/1353 174/1397 159/334 154/285
f 221/825 222/1028 214/1080 213/1079
f 1790/1409 1794/1120 1779/1875 1777/1876
f 915/1103 935/349 862/1024 848/1100
f 555/1703 437/859 451/78 569/77
f 773/1189 801/1877 781/1878 753/1879
f 1724/1880 1723/1482 1737/1881 1740/1882
f 639/1883 513/1884 526/1885 649/1886
f 558/1887 544/1888 505/801 549/1889
f 1373/109 1286/1890 1271/1891 1353/110
f 1696/23 1688/1892 1643/1893 1635/1894
f 1613/1895 1618/1896 1627/1897 1626/1898
f 1789/59 1281/988 1280/747 1786/1899
f 1398/1900 1463/997 1434/1901 1382/1902
f 908/1903 979/1904 1045/1139 958/1138
f 1595/1260 1640/1518 1590/1905 1581/1906
f 1310/1907 1292/1908 1287/1909 1312/1910
f 618/1911 587/1534 635/755 678/1912
f 1146/1913 1086/1914 986/1915 1065/1916
f 952/1917 1091/984 1161/983 1027/1918
f 111/16 99/15 115/1349 129/354
f 827/182 791/181 861/1719 924/1718
f 1195/1919 1017/1920 1061/924 1200/1487
f 495/1921 464/1922 404/910 446/909
f 1344/66 1337/1923 1328/837 1336/67
f 861/1719 814/1690 906/1602 968/1601
f 718/1924 746/1925 770/1926 738/1927
f 640/1928 625/1015 647/1018 672/1929
f 314/1170 291/304 299/307 315/1930
f 664/1557 628/1931 584/1932 615/1558
f 158/1450 151/17 120/20 125/1198
f 453/421 435/1933 365/1934 377/422
f 1068/1935 1078/828 1138/831 1130/1936
f 1537/1331 1563/1330 1576/1937 1552/1938
f 381/1939 374/1940 371/1941 380/1803
f 1730/1942 1742/1943 1750/1258 1746/1257
f 1340/634 1238/69 1187/72 1295/1944
f 420/1945 397/715 398/717 426/1946
f 172/83 132/1947 123/1948 150/1154
f 1149/1949 1166/1950 1300/1951 1201/1346
f 235/970 232/1952 240/1439 245/803
f 1333/1953 1299/1954 1262/569 1303/568
f 1369/1955 1363/1956 1389/1957 1395/1958
f 363/1959 330/1960 346/1030 375/1029
f 485/1961 458/1962 477/1963 501/1964
f 94/851 45/850 52/1965 98/1966
f 434/1967 399/524 413/527 456/1968
f 331/1969 322/1970 338/1971 344/1972
f 79/1973 93/1809 76/1974 67/1975
f 1053/1976 1041/1977 661/737 729/907
f 1372/1639 1291/1978 1300/1951 1371/470
f 913/1750 868/1979 976/54 1031/53
f 1206/1980 1196/1981 1189/1475 1207/1281
f 581/46 559/1982 604/1301 622/47
f 1394/1983 1369/1955 1395/1958 1437/140
f 1317/1984 1417/937 1418/1316 1318/1985
f 1044/1670 968/1601 1087/1604 1134/1671
f 1731/1986 1718/767 1370/770 1402/1987
f 295/1988 296/1989 311/1990 305/1991
f 562/1992 535/1868 534/1871 561/1993
f 887/302 910/1813 931/1816 901/303
f 389/639 377/1994 374/1995 381/640
f 476/612 433/917 388/898 432/613
f 356/1996 345/1997 349/1998 362/1999
f 1565/106 1578/5 1641/8 1634/74
f 752/2000 773/2001 753/1728 732/1727
f 960/944 961/278 997/2002 996/2003
f 986/1915 914/1837 888/2004 955/2005
f 584/202 553/201 535/1800 562/2006
f 1668/2007 760/2008 754/2009 1658/2010
f 411/2011 428/573 402/576 392/2012
f 1574/2013 1522/2014 1453/2015 1527/2016
f 816/2017 863/1807 849/1808 801/1877
f 1487/2018 1474/1515 1422/2019 1427/2020
f 1558/2021 1575/2022 1605/1721 1589/1720
f 1249/750 1217/901 1180/2023 1216/2024
f 1706/515 1707/2025 1667/2026 1663/516
f 1428/2027 1387/1378 1323/1380 1360/1643
f 1245/948 1203/540 1211/541 1261/949
f 1250/397 1210/441 1245/444 1297/2028
f 1217/901 1147/445 1112/1033 1180/2023
f 181/1553 185/2029 145/2030 144/18
f 1731/1986 1402/1987 1421/2031 1734/2032
f 1407/2033 1392/1354 1401/1357 1420/2034
f 1463/997 1110/996 1079/2035 1434/1901
f 1115/843 1189/1475 1150/2036 1090/2037
f 760/2008 727/2038 721/2039 754/2009
f 1540/1545 1216/2024 1192/2040 1517/1627
f 1224/2041 1166/508 1206/511 1256/2042
f 743/534 778/1609 833/1271 790/975
f 714/136 709/170 659/1843 665/2043
f 791/181 758/658 814/1690 861/1719
f 322/1827 312/777 325/780 338/2044
f 769/2045 749/134 731/137 748/2046
f 1222/1784 1262/569 1299/1954 1252/2047
f 698/1631 704/61 699/64 693/1632
f 776/1011 762/1092 722/1095 741/2048
f 1707/2025 1699/1762 1653/1763 1667/2026
f 1606/2049 1600/315 1609/2050 1619/2051
f 988/348 1033/1508 948/2052 916/1023
f 761/1780 794/977 843/2053 797/2054
f 1631/1832 1652/1480 1486/643 1452/642
f 1390/879 1416/2055 1379/1365 1357/880
f 561/1566 534/2056 530/2057 550/1567
f 168/2058 111/16 129/354 179/357
f 659/2059 666/1 704/4 698/2060
f 1713/155 1714/2061 1707/2062 1706/156
f 1086/1914 987/1838 914/1837 986/1915
f 922/2063 900/2064 859/238 883/237
f 1043/1373 1004/1852 985/2065 1019/2066
f 1346/1379 511/2067 471/94 1278/93
f 183/1701 190/2068 176/1398 174/1397
f 1024/694 1076/2069 785/1188 765/999
f 578/1464 540/1069 495/1921 529/1465
f 464/2070 440/1156 382/1158 404/2071
f 1583/583 650/582 601/2072 1511/665
f 1318/1985 1418/1316 1413/2073 1309/2074
f 1353/2075 1271/982 1208/985 1306/2076
f 369/2077 354/1168 339/1171 360/1254
f 318/2078 307/1077 317/1078 328/2079
f 64/34 62/1180 48/1279 57/35
f 1208/404 1091/2080 1160/10 1270/9
f 781/2081 820/1283 786/1741 746/2082
f 1661/2083 1662/2084 1681/2085 1680/2086
f 361/2087 368/2088 366/262 359/2089
f 539/1142 516/1060 545/1535 587/1534
f 961/278 963/164 1000/954 997/2002
f 66/1760 79/1973 67/1975 61/1761
f 1378/551 1411/384 1390/2090 1364/552
f 193/2091 162/355 189/1302 197/2092
f 148/1757 166/2093 149/2094 137/2095
f 273/2096 293/2097 271/2098 241/2099
f 352/1666 363/2100 361/2101 353/1667
f 89/1166 97/2102 75/2103 65/1266
f 1290/1233 1273/287 1305/290 1319/1234
f 1637/7 1629/1423 1685/768 1697/1481
f 1309/2074 1413/2073 1397/50 1298/49
f 1373/109 1460/108 1457/2104 1427/2105
f 1483/882 1458/885 1430/1265 1450/2106
f 70/2107 74/2108 32/651 24/654
f 626/1125 497/660 513/1884 639/1883
f 595/2109 607/2110 585/2111 572/2112
f 805/1486 825/1485 806/2113 784/2114
f 854/1096 1067/650 897/2115 890/1097
f 809/2116 805/1486 784/2114 789/2117
f 1132/2118 1149/1949 1201/1346 1098/1107
f 1321/2119 1310/1907 1312/1910 1322/2120
f 485/1766 945/1765 250/2121 405/2122
f 178/1491 176/2123 190/2124 191/1793
f 1498/572 1504/254 1478/2125 1466/1564
f 1564/2126 1553/366 1577/369 1592/1317
f 1066/2127 1014/835 1128/512 1164/442
f 1385/2128 1389/2129 1363/2130 1356/2131
f 48/1828 49/2132 44/2133 43/1829
f 744/787 712/2134 734/2135 768/788
f 1180/2023 1112/1033 1086/1035 1146/2136
f 1662/2084 1656/2137 1675/2138 1681/2085
f 475/721 455/2139 466/292 488/291
f 837/1561 841/2140 874/2141 866/2142
f 843/918 908/1903 958/1138 896/919
f 1522/2014 1432/2143 1376/2144 1453/2015
f 1537/1331 1507/149 1473/2145 1501/1332
f 214/1080 222/1028 205/2146 204/1081
f 1185/610 1169/1822 1231/1820 1242/208
f 660/2147 653/739 686/742 701/2148
f 693/1632 699/64 593/2149 575/2150
f 1202/2151 1172/395 1296/398 1325/881
f 926/2152 1047/2153 1010/1187 898/1186
f 1632/2154 1635/2155 1654/2156 1648/2157
f 785/1188 816/2017 801/1877 773/1189
f 344/2158 338/2159 341/1196 348/1195
f 1467/2160 1444/2161 1397/50 1413/2073
f 1034/196 1753/1420 1550/1731 1464/2162
f 854/1096 936/876 1113/449 1067/650
f 937/1407 919/2163 926/2164 942/2165
f 1292/2166 1275/227 1265/230 1287/2167
f 3/436 4/1642 14/2168 16/437
f 1035/530 918/877 885/2169 991/2170
f 1209/2171 1181/966 1219/377 1243/1696
f 1750/1258 1752/471 1766/474 1763/1259
f 465/681 498/2172 501/2173 477/682
f 458/1962 424/2174 452/2175 477/1963
f 799/1022 823/1825 857/1824 832/1019
f 1536/2176 1558/2021 1589/1720 1563/1330
f 1251/2177 1358/2178 1332/2179 1228/2180
f 652/701 632/2181 579/2182 605/200
f 1686/217 1703/21 1691/24 1674/571
f 1017/1920 1018/2183 1068/1111 1063/1110
f 1712/1849 1722/1467 1726/1470 1717/1846
f 405/1368 250/532 268/533 425/1369
f 1710/2184 1701/2185 1678/2186 1699/2187
f 1110/996 1065/1413 1021/2188 1079/2035
f 937/1407 897/1406 878/2189 919/2163
f 283/1834 272/112 290/115 301/1826
f 426/1946 398/717 399/524 434/1967
f 468/1511 469/2190 457/370 454/1512
f 1331/2191 1364/878 1325/881 1296/398
f 328/2192 317/2193 329/2194 340/2195
f 1793/1119 1788/2196 1774/1418 1780/2197
f 835/2198 952/1917 1027/1918 881/2199
f 444/2200 442/2201 408/2202 409/2203
f 1438/1738 1456/1737 1439/2204 1433/2205
f 1100/2206 1125/2207 1107/2208 1054/1054
f 304/981 301/980 322/1970 331/1969
f 353/2209 361/2087 359/2089 350/2210
f 439/328 394/2211 376/1628 403/329
f 706/1205 683/1049 740/249 757/696
f 466/292 434/1967 456/1968 486/293
f 836/42 831/1562 865/2212 864/43
f 1733/2213 1739/2214 1744/2215 1742/2216
f 813/2217 787/179 827/182 868/2218
f 1216/2024 1180/2023 1146/2136 1192/2040
f 716/62 738/2219 739/101 717/63
f 672/2220 647/2221 673/2222 695/2223
f 1524/2224 1526/2225 1531/884 1525/883
f 1800/1118 1795/60 1788/2196 1793/1119
f 914/1837 875/88 851/620 888/2004
f 144/18 145/2030 114/1164 113/19
f 1101/1340 1080/1339 1169/1822 1185/610
f 129/354 115/1349 142/1348 162/355
f 1307/2226 1311/2227 1287/2167 1265/230
f 1121/351 1147/445 1154/269 1122/352
f 1260/2228 1325/881 1357/880 1283/1364
f 380/1803 319/2229 321/2230 391/863
f 231/866 230/865 146/546 156/549
f 964/2231 920/171 943/2232 965/2233
f 467/1510 490/1572 491/420 468/1511
f 1149/2234 1132/2235 1174/2236 1196/2237
f 723/1592 706/1205 757/696 772/695
f 758/658 724/657 782/158 814/1690
f 1757/375 1767/2238 1781/2239 1769/1867
f 352/2240 309/2241 330/1960 363/1959
f 1276/989 1266/1695 1258/903 1277/748
f 145/2030 155/1591 121/1165 114/1164
f 317/2193 310/2242 319/2229 329/2194
f 943/2232 929/174 953/2243 973/2244
f 657/2245 660/2147 701/2148 694/2246
f 1644/580 1676/946 1711/2247 1684/1361
f 601/2072 556/1159 518/611 547/2248
f 676/2249 627/2250 631/2251 671/2252
f 946/1181 913/1750 1031/53 1080/1339
f 643/2253 657/2245 694/2246 667/2254
f 545/1535 517/687 551/1051 596/756
f 303/2255 305/2256 321/2230 319/2229
f 345/1997 328/2192 340/2195 349/1998
f 1347/2257 1237/1434 1259/197 1361/2258
f 952/2259 835/1740 899/40 1040/39
f 1094/2260 1071/2261 1073/2262 1095/2263
f 797/2054 766/2264 728/1781 761/1780
f 1747/998 999/2265 1111/505 1758/504
f 1448/2266 1336/2267 999/2265 1747/998
f 528/117 520/812 541/815 554/118
f 416/847 421/2268 417/2269 414/724
f 904/173 895/771 930/772 940/2270
f 1468/1872 1470/562 1469/564 1462/1873
f 900/2064 886/1580 846/1145 859/238
f 490/1090 407/1089 427/1394 508/1393
f 1391/2271 1366/2272 1332/2179 1358/2178
f 594/2273 589/2274 567/2275 571/2276
f 1406/673 1445/233 1622/232 1580/674
f 686/1576 672/2220 695/2223 702/1577
f 1018/2183 1028/330 1078/333 1068/1111
f 400/1343 411/2011 392/2012 384/1344
f 175/82 135/2277 132/1947 172/83
f 330/2278 309/2279 304/981 331/1969
f 627/2250 591/2280 592/2281 631/2251
f 1795/60 1789/59 1786/1899 1788/2196
f 999/2265 975/1182 1101/1340 1111/505
f 1769/2282 1781/1673 1787/1674 1776/1293
f 1760/2283 1769/2282 1776/1293 1765/1292
f 97/2284 107/1350 86/690 75/689
f 608/1016 586/2285 603/225 634/1017
f 800/817 776/1011 741/2048 766/818
f 1552/1938 1534/146 1507/149 1537/1331
f 949/2286 925/2287 1036/362 1082/806
f 1489/276 1414/663 1346/2288 1387/273
f 1367/853 1368/2289 1330/2290 1329/854
f 543/2291 567/2275 572/2292 549/2293
f 1623/2294 1574/2295 1527/2296 1570/2297
f 826/2298 838/2299 846/2300 841/2140
f 573/1143 539/1142 587/1534 618/1911
f 1788/2196 1786/1899 1772/2301 1774/1418
f 1776/1293 1787/1674 1783/1742 1773/559
f 82/317 78/1751 71/1752 77/318
f 828/704 807/195 788/1456 802/705
f 232/1952 241/2302 253/1440 240/1439
f 1488/2303 1516/1147 1539/956 1510/955
f 1065/1916 986/1915 955/2005 1021/2304
f 25/716 15/1310 11/1582 27/525
f 642/1161 626/1125 639/1883 656/1162
f 1324/2305 1301/1645 1244/1865 1272/2306
f 1593/1445 1642/1709 1597/1712 1546/1446
f 1559/368 1539/956 1557/2307 1572/992
f 731/137 714/136 665/2043 684/2308
f 441/2309 410/969 419/802 449/2310
f 1404/1194 1485/1193 1459/2311 1389/2312
f 243/2313 237/2314 254/439 260/1833
f 738/2219 770/2315 771/2316 739/101
f 449/2310 419/802 459/805 474/2317
f 1505/2318 1506/2319 1480/234 1499/986
f 81/797 74/2320 76/2321 88/796
f 430/1863 436/373 423/921 417/920
f 721/1856 671/2322 682/2323 730/1857
f 794/977 761/1780 711/1556 755/974
f 1011/2324 1049/1392 1088/2325 1050/2326
f 251/607 252/596 225/599 227/608
f 780/1549 764/1210 749/1211 769/2327
f 1163/528 1269/1861 1261/949 1211/541
f 1103/2328 1066/2127 1164/442 1210/441
f 1723/1482 1718/767 1731/1986 1737/1881
f 1408/267 1409/952 1503/1830 1502/2329
f 194/1589 198/2330 173/2331 165/1590
f 73/2332 90/1536 87/1539 69/2333
f 261/113 178/1491 191/1793 280/114
f 854/1096 808/1099 795/2334 840/2335
f 1342/2336 1359/1654 1327/2337 1284/2338
f 1605/2339 1613/1895 1626/1898 1617/2340
f 126/2341 133/1347 107/1350 97/2284
f 982/945 960/944 996/2003 1008/2342
f 1519/2343 1545/2344 1516/1147 1491/1146
f 1053/2345 1069/2346 1099/2347 1092/332
f 2/1641 5/1583 8/2348 4/1642
f 1224/2349 1253/1377 1300/1951 1166/1950
f 1228/2180 1332/2179 1303/568 1204/567
f 1772/2301 1709/154 1690/1410 1774/1418
f 264/809 273/2096 241/2099 232/810
f 972/361 998/360 751/175 745/131
f 684/2350 665/2351 703/2352 713/2353
f 1464/2162 1550/1731 1529/1734 1435/2354
f 1474/1515 1481/1224 1423/1227 1422/2019
f 655/656 610/1463 668/98 724/657
f 1033/1508 1096/1779 1013/1778 948/2052
f 1160/10 1040/39 1077/38 1190/11
f 1715/25 1725/279 1745/282 1729/374
f 41/1277 42/1005 40/1004 35/1062
f 228/646 233/2355 215/520 209/647
f 10/1460 12/242 5/2356 2/2357
f 1511/665 601/2072 547/2248 1414/663
f 1268/1571 1155/1586 1127/70 1238/69
f 1496/2358 1451/2359 1493/2360 1526/2361
f 334/827 347/2362 348/1195 335/824
f 141/1214 147/2363 143/548 140/547
f 1801/570 1262/569 1222/1784 1136/1783
f 1671/2364 1640/1518 1623/1520 1650/2365
f 613/1600 602/142 580/145 598/1599
f 125/1198 120/20 92/1104 96/1199
f 377/422 365/1934 364/2366 374/1940
f 839/816 896/919 932/464 876/463
f 1143/396 1103/2328 1210/441 1250/397
f 1359/1654 1374/1355 1370/2367 1327/2337
f 37/1328 39/1327 33/870 31/2368
f 1307/2369 1293/2370 923/1183 999/2265
f 831/1562 837/1561 866/2142 865/2212
f 1515/2371 1508/1513 1474/1515 1487/2018
f 1139/2372 1152/2373 1140/2374 1107/2208
f 1704/28 1717/2375 1725/279 1715/25
f 1695/973 1698/379 1705/382 1703/2376
f 808/1099 780/1549 769/2327 795/2334
f 615/1558 584/1932 562/2377 591/2378
f 525/1244 526/1243 510/2379 503/2380
f 1212/1268 1252/1375 1253/1377 1205/1229
f 1721/1039 1727/1206 1728/1209 1722/1040
f 992/2381 1260/2382 1298/2383 951/2384
f 713/891 703/1630 697/1633 708/892
f 219/521 223/2385 198/2386 194/522
f 1231/1820 1209/1057 1243/2387 1266/1821
f 1422/2388 1423/2389 1475/712 1373/109
f 456/1059 413/1008 447/685 481/684
f 1267/1644 1220/96 1171/214 1221/1864
f 236/609 227/608 211/719 217/1203
f 632/2181 164/1451 128/1197 579/2182
f 844/2390 815/2391 858/2392 892/2393
f 770/2315 810/2394 811/2395 771/2316
f 878/2396 970/2397 1022/244 919/243
f 20/1309 18/2398 8/2348 15/1310
f 1652/1480 1674/571 1498/572 1486/643
f 1435/2354 1347/2257 1361/2258 1464/2162
f 1477/1447 1377/2399 1435/2400 1529/1444
f 27/525 11/1582 19/1585 29/526
f 1441/2401 1517/994 1463/997 1398/1900
f 712/2134 684/2350 713/2353 734/2135
f 697/1633 693/1632 570/2402 557/2403
f 1717/2375 1726/2404 1735/280 1725/279
f 651/392 615/1558 591/2378 627/393
f 682/1677 631/2405 621/2406 663/1678
f 1462/1873 1469/564 1448/68 1447/2407
f 1431/2408 1446/1735 1438/1738 1425/2409
f 873/172 856/1273 882/41 895/771
f 1526/2361 1493/2360 1497/2410 1531/2411
f 1634/74 1641/8 1702/2412 1689/75
f 925/2287 902/2413 1007/363 1036/362
f 1472/563 1343/2414 1344/66 1471/65
f 302/822 13/821 7/1555 286/1817
f 210/2415 218/1303 189/1302 182/2416
f 492/419 494/1314 480/2417 469/2190
f 185/2029 188/1588 155/1591 145/2030
f 36/544 37/1328 31/2368 30/652
f 258/1477 263/1075 239/1102 229/400
f 1681/2418 1675/2419 1682/2420 1683/2421
f 223/2385 224/399 201/402 198/2386
f 967/2422 1020/185 1079/184 1021/2423
f 1737/1881 1731/1986 1734/2032 1741/2424
f 1420/2425 1431/2426 1425/2427 1407/2428
f 1007/363 982/945 1008/2342 1037/364
f 421/2429 435/2430 430/1863 417/920
f 9/1461 10/1460 2/2357 1/1554
f 1360/1643 1383/1715 1476/1717 1428/2027
f 1693/914 763/298 759/301 1684/911
f 1689/75 1702/2412 1724/1880 1720/1624
f 253/1860 282/87 306/86 285/2431
f 692/702 652/701 605/200 628/199
f 1059/2432 1097/1782 1182/1785 1131/1391
f 790/975 833/1271 907/1270 842/976
f 538/1799 102/1200 83/1773 524/1772
f 568/2433 564/1307 609/177 614/2434
f 102/1200 96/1199 80/263 83/1773
f 547/2248 518/611 470/614 511/2435
f 450/2436 420/1945 426/1946 455/2139
f 1111/505 1101/1340 1185/610 1193/506
f 225/599 226/598 208/648 207/718
f 1411/384 1452/642 1416/645 1390/2090
f 45/850 46/2437 55/458 52/1965
f 1700/2438 1679/2439 1672/1662 1688/1892
f 1785/636 1240/207 1281/210 1789/2440
f 597/2441 616/2442 638/677 617/676
f 582/1704 569/77 588/80 606/2443
f 1311/2444 1320/836 1312/839 1287/2445
f 1755/1202 1765/1292 1764/558 1756/1201
f 1735/280 1746/2446 1759/2447 1754/281
f 1504/254 1500/253 1479/2448 1478/2125
f 1100/2449 1070/2450 1093/2451 1120/2452
f 135/2277 131/1498 127/1501 132/1947
f 1745/282 1754/281 1767/2238 1757/375
f 469/2190 480/2417 461/371 457/370
f 1556/758 1616/2453 1601/2454 1548/2455
f 1726/2404 1730/2456 1746/2446 1735/280
f 394/2211 369/2077 360/1254 376/1628
f 976/2457 924/1718 1044/1670 1102/1669
f 1083/2458 1084/324 1026/327 1025/2459
f 199/632 200/1794 191/1793 190/2124
f 1368/2289 1020/2460 945/2461 1330/2290
f 1763/1259 1766/474 1784/1745 1782/840
f 1436/2462 1415/138 1459/141 1484/2463
f 201/90 210/2415 182/2416 177/91
f 1187/1524 1057/1311 1126/1312 1237/1525
f 165/1590 173/2331 133/2464 126/1831
f 783/1222 687/1221 688/2465 691/2466
f 1740/2467 1737/2468 1741/2469 1739/2470
f 605/200 579/2182 538/1799 553/201
f 727/2038 676/2249 671/2252 721/2039
f 1269/1861 1354/1505 1313/950 1261/949
f 1458/885 1531/884 1497/1192 1403/1191
f 1568/2471 1555/757 1547/2472 1551/2473
f 1696/23 1635/1894 1632/295 1500/253
f 1585/2474 1533/2475 1532/675 1580/674
f 510/2476 513/1884 497/660 494/659
f 1410/491 1429/2477 1465/958 1450/488
f 1676/946 1708/615 1721/618 1711/2247
f 1316/1574 1412/938 1417/937 1317/1984
f 257/2478 259/2479 233/2355 228/646
f 65/1266 75/2103 58/2480 49/1278
f 1705/22 1700/2438 1688/1892 1696/23
f 157/1756 171/2481 166/2093 148/1757
f 1294/2482 1289/1841 1351/951 1350/266
f 245/803 240/1439 274/1442 276/804
f 1659/1419 1690/1410 1669/1411 1642/1874
f 670/889 620/888 566/1466 612/1091
f 1653/1739 1639/554 1670/557 1687/380
f 152/2483 138/1212 140/547 146/546
f 122/1845 136/1755 134/1758 118/1334
f 402/1320 406/1656 393/1657 387/1321
f 959/1415 950/2484 1009/2485 1023/1416
f 996/2486 997/2487 962/2488 971/2489
f 335/824 332/1025 222/1028 221/825
f 374/1940 364/2366 362/1999 371/1941
f 962/2488 972/361 745/131 750/130
f 474/2317 459/805 460/1237 484/2490
f 729/907 723/1592 772/695 775/908
f 516/1060 481/684 517/687 545/1535
f 665/2351 659/2059 698/2060 703/2352
f 1428/274 1476/2491 1549/2492 1523/275
f 590/2493 582/1704 606/2443 619/2494
f 1359/2495 1342/1593 1365/1596 1375/2496
f 977/941 279/1076 316/152 947/713
f 1648/2497 1621/2498 1598/2499 1632/2500
f 313/779 206/631 216/630 326/2501
f 1415/2502 1436/2503 1411/384 1378/551
f 954/2504 922/2063 883/237 901/303
f 164/1451 158/1450 125/1198 128/1197
f 810/2394 881/219 894/222 811/2395
f 748/2046 731/137 684/2308 712/2505
f 614/2434 609/177 654/178 661/737
f 1495/2506 1496/2358 1526/2361 1524/2507
f 1739/2214 1741/1070 1743/1073 1744/2215
f 554/118 541/815 581/2508 599/2509
f 1732/1207 1740/2467 1739/2470 1733/1208
f 1786/1899 1280/747 1249/750 1772/2301
f 602/2510 677/1117 695/2223 607/2110
f 391/863 321/2230 350/2210 393/1657
f 519/168 493/167 440/1156 464/2070
f 1770/507 1193/506 1240/207 1785/636
f 847/252 813/251 868/1979 913/1750
f 363/2511 375/773 368/776 361/2512
f 790/975 755/974 707/391 743/534
f 498/2513 465/1542 473/191 504/1403
f 1573/6 1560/736 1629/1423 1637/7
f 496/2514 487/2515 502/813 520/812
f 1008/2516 996/2486 971/2489 995/2517
f 1635/2155 1643/2518 1664/2519 1654/2156
f 1335/2520 1321/2119 1322/2120 1337/2521
f 786/2522 835/2198 881/2199 810/2523
f 1719/1272 1729/374 1748/376 1736/1269
f 238/1288 242/478 223/2385 219/521
f 1568/2471 1636/2524 1616/2453 1556/758
f 1004/1852 966/1815 944/1814 985/2065
f 98/2525 52/2526 24/654 342/820
f 1170/446 1198/2527 1218/378 1194/270
f 529/1465 495/1921 446/909 483/916
f 1037/1452 1008/2516 995/2517 1015/1453
f 879/943 871/277 961/278 960/944
f 1608/1684 1606/2049 1619/2051 1624/2528
f 22/1459 23/239 12/242 10/1460
f 1670/557 1646/556 1657/2529 1679/1866
f 18/2398 14/2168 4/1642 8/2348
f 500/1792 496/2514 520/812 528/117
f 237/2314 163/498 170/1490 244/440
f 127/1239 119/2530 109/2531 117/1240
f 15/1310 8/2348 5/1583 11/1582
f 574/2532 565/1702 582/1704 590/2493
f 343/1787 318/2078 328/2079 345/1788
f 746/1925 786/2522 810/2523 770/1926
f 398/717 25/716 27/525 399/524
f 491/420 492/419 469/2190 468/1511
f 897/2115 1067/650 970/2533 878/2534
f 694/1115 701/1575 705/1578 700/1116
f 237/2535 231/866 156/549 163/2536
f 1665/2537 1636/2524 1621/2538 1648/2539
f 290/115 280/114 297/778 312/777
f 96/1199 92/1104 72/33 80/263
f 830/459 819/462 805/2540 809/2541
f 801/2542 849/1282 820/1283 781/2081
f 462/213 450/2436 455/2139 475/721
f 242/478 248/477 224/399 223/2385
f 1341/468 1381/672 1532/675 1454/469
f 1545/2344 1557/2307 1539/956 1516/1147
f 794/977 842/976 908/2543 843/2053
f 821/1274 817/1559 831/1562 836/42
f 970/2533 1067/650 1015/1453 993/2544
f 1122/352 1154/269 1142/272 1096/1779
f 120/20 113/19 84/1105 92/1104
f 43/1326 44/2545 41/1443 39/1327
f 606/2443 588/80 611/1124 624/1359
f 308/2546 327/1665 336/1668 320/2547
f 798/1454 807/195 1135/198 990/579
f 778/1609 743/534 727/535 760/1610
f 1323/1380 1278/93 1220/96 1267/1644
f 580/2548 571/2276 548/2549 557/2550
f 1046/2551 1038/2552 1048/1426 1047/2153
f 1590/2553 1591/1682 1614/1685 1618/1896
f 1091/2080 952/2259 1040/39 1160/10
f 1449/1503 1535/483 1530/485 1442/1504
f 1714/2061 1710/2184 1699/2187 1707/2062
f 373/1157 412/668 136/671 122/1652
f 1618/1896 1614/1685 1628/2554 1627/1897
f 309/2279 289/1007 288/978 304/981
f 1339/265 1324/2305 1272/2306 1288/2555
f 923/1183 905/698 975/1182 999/2265
f 1494/105 1502/2556 1578/5 1565/106
f 1178/1306 1109/343 1085/1121 1153/1323
f 100/1810 109/2531 119/2530 110/1811
f 1429/2477 1490/1724 1518/959 1465/958
f 256/597 257/2478 228/646 226/598
f 1074/353 1122/352 1096/1779 1033/1508
f 644/2557 618/1911 678/1912 719/2558
f 974/2559 954/2504 901/303 931/1816
f 1442/1504 1530/485 1490/2560 1429/2561
f 541/815 531/814 559/2562 581/2508
f 1688/1892 1672/1662 1655/2563 1645/2564
f 1650/493 1623/2294 1570/2297 1611/494
f 208/648 209/647 185/1363 181/2565
f 549/1889 505/801 484/800 543/2566
f 1502/2556 1503/790 1573/6 1578/5
f 1759/667 1763/1259 1782/840 1775/204
f 970/2397 993/2567 1046/2568 1022/244
f 1414/663 547/2248 511/2435 1346/2288
f 1384/1135 1385/2128 1356/2131 1355/1136
f 1533/2475 1455/1638 1454/469 1532/675
f 548/2569 542/2570 484/2571 262/2572
f 1288/2555 1294/2482 1350/266 1339/265
f 1701/2185 1671/2364 1650/2365 1678/2186
f 1256/2573 1206/1980 1207/1281 1255/627
f 1798/1360 1791/57 1795/60 1800/1118
f 1076/2069 1158/1228 1129/2574 1104/2575
f 1125/1492 1100/2449 1120/2452 1133/1493
f 941/714 987/1034 1005/939 947/713
f 559/1982 537/2576 573/2577 604/1301
f 442/1395 427/1394 401/1801 408/862
f 944/2578 910/905 775/908 923/1183
f 1198/2527 1217/901 1236/904 1218/378
f 248/477 258/1477 229/400 224/399
f 1002/2579 965/1605 1003/1608 1030/2580
f 1162/2581 1168/1130 1167/1133 1152/2582
f 197/2583 202/2584 203/1634 195/411
f 58/2585 73/2332 69/2333 51/2586
f 1377/2399 1295/1523 1347/1526 1435/2400
f 250/2121 945/1765 799/2587 277/2588
f 29/1009 19/2589 28/1061 34/1010
f 286/1014 7/2590 6/435 284/305
f 1742/1943 1744/2591 1752/471 1750/1258
f 624/1359 611/1124 626/1125 642/1161
f 1595/1260 1544/1263 1522/1790 1574/1519
f 1641/8 1637/7 1697/1481 1702/2412
f 1432/2143 1353/2075 1306/2076 1376/2144
f 1744/2591 1743/2592 1751/472 1752/471
f 1673/76 1689/75 1720/1624 1716/1623
f 308/1433 270/1432 289/2593 327/2594
f 1682/2420 1607/2595 1604/2596 1683/2421
f 284/305 6/435 17/438 292/306
f 1366/2272 1333/1953 1303/568 1332/2179
f 795/2334 769/2327 748/2597 777/2598
f 1296/398 1250/397 1297/2028 1331/2191
f 588/80 463/79 482/661 611/1124
f 1553/2599 1564/2600 1249/750 1216/2024
f 1029/2601 1002/2579 1030/2580 1064/2602
f 113/19 114/1164 85/1167 84/1105
f 1755/1202 1045/1139 979/1904 1749/2603
f 1756/1201 1764/558 1761/561 1753/1420
f 49/2132 58/2585 51/2586 44/2133
f 1131/1391 1182/1785 1212/2604 1165/2605
f 1747/998 1738/2606 1447/2607 1448/2266
f 170/1490 167/2608 176/2123 178/1491
f 103/13 111/16 153/2609 139/2610
f 1289/1841 1171/214 462/213 507/1791
f 1620/856 1649/539 1708/615 1676/946
f 404/2071 382/1158 358/1699 372/2611
f 83/1773 80/263 78/264 82/1774
f 870/2612 890/2613 934/2614 909/1295
f 571/2276 567/2275 542/2615 548/2549
f 207/718 208/648 181/2565 184/2616
f 211/719 207/718 184/2616 187/1637
f 1530/485 1584/383 1496/386 1495/2617
f 1649/539 1673/538 1716/616 1708/615
f 1604/1046 1599/2618 1566/2619 1562/1047
f 1794/1120 1793/1119 1780/2197 1779/1875
f 1144/2620 1188/785 1227/784 1173/1795
f 347/2362 346/2621 344/2158 348/1195
f 1132/2235 1116/2622 1150/480 1174/2236
f 728/1781 692/2623 628/1931 664/1557
f 912/2624 967/2422 1021/2423 955/2625
f 372/2611 358/1699 324/1700 351/2626
f 320/2627 336/2628 350/2210 337/2629
f 1453/2630 1376/604 1426/605 1514/1692
f 487/2515 478/869 489/720 502/813
f 327/2594 289/2593 309/2241 352/2240
f 339/1171 314/1170 315/1930 333/1255
f 1169/1822 1141/56 1209/1057 1231/1820
f 56/543 47/1325 37/1328 36/544
f 1060/2631 1117/2632 1098/1107 957/1106
f 1382/2633 498/2513 504/1403 1398/1706
f 1544/1263 1528/2634 1501/2635 1460/108
f 619/2494 606/2443 624/1359 637/1358
f 382/1158 373/1157 342/820 358/1699
f 589/2274 595/2636 572/2292 567/2275
f 1492/791 614/2434 661/737 1560/736
f 1597/1649 1630/2637 1660/2638 1633/1650
f 857/1687 912/2624 955/2625 888/1688
f 1148/2639 1137/2640 1089/2641 1104/2642
f 722/700 696/2643 632/2181 652/701
f 1614/1685 1608/1684 1624/2528 1628/2554
f 1638/430 1666/218 1652/1480 1631/1832
f 638/677 667/2644 677/2645 646/678
f 455/2139 426/1946 434/1967 466/292
f 1594/484 1638/430 1631/1832 1584/383
f 247/128 243/2646 260/2647 267/129
f 533/1299 532/116 564/119 568/762
f 1479/1315 1467/2160 1413/2073 1418/1316
f 508/2648 527/1563 525/1244 509/2649
f 560/1152 552/388 565/2650 574/1153
f 777/1659 748/2046 712/2505 744/1660
f 840/2335 795/2334 777/2598 812/2651
f 862/2652 916/486 824/159 793/1223
f 918/877 840/2335 812/2651 885/2169
f 1253/1377 1304/467 1371/470 1300/1951
f 696/2643 192/1448 164/1451 632/2181
f 1137/2640 1083/2458 1025/2459 1089/2641
f 1493/2653 1484/2654 1485/1193 1497/1192
f 63/2655 60/457 61/456 67/2656
f 719/2558 678/1912 787/179 813/2217
f 753/2657 781/2081 746/2082 718/2658
f 780/1549 789/2659 784/2660 764/1210
f 1220/96 445/95 415/211 1171/214
f 1600/2661 1592/1317 1603/1318 1609/2662
f 936/876 854/1096 840/2335 918/877
f 1541/297 1521/2663 1499/986 1500/253
f 971/2489 962/2488 750/130 764/1210
f 1062/925 1063/1110 1124/1113 1119/926
f 1500/253 1499/986 1467/987 1479/2448
f 346/2664 330/2278 331/1969 344/1972
f 902/2413 891/942 982/945 1007/363
f 297/778 200/1794 206/631 313/779
f 868/2218 827/182 924/1718 976/2457
f 737/1748 752/2000 732/1727 715/1749
f 1286/1890 1184/1172 1161/1173 1271/1891
f 1012/1851 974/2559 966/1815 1004/1852
f 1343/2414 1335/2665 1337/1923 1344/66
f 7/2590 1/1640 3/436 6/435
f 1679/2439 1657/247 1651/231 1672/1662
f 1197/2666 1175/1754 1099/1753 1106/2667
f 1656/2668 1566/2669 1599/309 1675/308
f 1541/1252 1598/2670 1621/1679 1561/1249
f 540/1069 519/1068 464/1922 495/1921
f 1704/1847 1668/2007 1658/2010 1693/1848
f 1646/556 1612/566 1625/1217 1657/2529
f 267/129 260/2647 283/979 288/978
f 531/814 512/722 537/832 559/2562
f 556/1159 601/2072 650/582 612/1091
f 1523/275 1549/2492 1615/537 1588/536
f 134/1758 148/1757 137/2095 130/2671
f 956/1074 978/346 935/349 915/1103
f 1369/2672 1394/2673 1378/551 1348/550
f 572/2292 585/2674 558/2675 549/2293
f 534/2676 523/2677 514/1613 530/166
f 1783/1742 1790/1409 1777/1876 1771/2678
f 177/91 182/2416 162/355 142/1348
f 1647/929 1663/971 1695/973 1677/930
f 995/2517 971/2489 927/2679 938/2680
f 1586/2681 1590/2553 1618/1896 1613/1895
f 1399/268 1408/267 1502/2329 1494/1716
f 530/166 514/1613 472/669 493/167
f 410/2682 441/680 452/683 425/2683
f 715/1749 732/1727 685/1730 666/1842
f 1513/2684 1569/2685 1651/231 1480/234
f 788/1456 774/1455 742/1093 762/1092
f 678/1912 635/755 756/180 787/179
f 848/1304 862/2652 793/1223 783/1222
f 161/2686 168/1351 169/1353 154/285
f 234/1084 152/2483 146/546 230/865
f 766/2264 741/2687 692/2623 728/1781
f 1542/406 1543/751 1506/754 1505/407
f 977/941 1006/968 978/346 956/1074
f 593/2688 617/676 598/1599 575/2689
f 1551/2690 1547/405 1512/408 1521/2691
f 1582/2692 1571/312 1600/315 1606/2049
f 259/2479 265/823 238/1288 233/2355
f 296/1989 308/2546 320/2547 311/1990
f 1451/2359 1436/2693 1484/2694 1493/2360
f 1625/248 1585/2474 1580/674 1622/232
f 233/2355 238/1288 219/521 215/520
f 1383/1715 1360/1643 1301/1645 1324/2305
f 1728/1468 1733/2213 1742/2216 1730/1469
f 323/1169 298/1013 291/304 314/1170
f 173/92 177/91 142/1348 133/1347
f 1197/2666 1226/229 1229/2695 1214/2696
f 842/976 907/1270 979/1776 908/2543
f 30/652 31/2368 22/1459 21/653
f 95/2697 150/2698 123/1241 53/1337
f 798/1454 262/606 236/609 774/1455
f 755/974 711/1556 651/392 707/391
f 668/98 610/1463 600/2699 623/2700
f 1351/951 1338/1300 1393/761 1409/952
f 591/2280 562/1992 561/1993 592/2281
f 756/180 710/655 758/658 791/181
f 675/2701 656/2702 662/2703 681/502
f 631/2405 592/1565 583/1568 621/2406
f 1443/2704 1466/935 1412/938 1396/964
f 656/1162 639/1883 649/1886 662/2705
f 470/2706 432/2707 394/2211 439/328
f 1313/950 1348/550 1331/553 1297/947
f 997/2487 1000/358 972/361 962/2488
f 747/97 720/1220 793/1223 824/159
f 403/329 376/1628 370/1629 386/1611
f 511/2067 470/2706 439/328 471/94
f 1050/693 1088/2708 1076/2069 1024/694
f 1308/2709 485/1961 501/1964 1345/2710
f 1743/2592 1738/2606 1747/998 1751/472
f 1088/2708 1165/1267 1158/1228 1076/2069
f 1587/1683 1582/2692 1606/2049 1608/1684
f 927/2679 971/2489 764/1210 844/2711
f 1291/1978 1190/1345 1201/1346 1300/1951
f 822/1560 826/2298 841/2140 837/1561
f 1677/216 1695/2712 1703/21 1686/217
f 1511/665 1554/664 1620/856 1583/583
f 1702/2412 1697/1481 1723/1482 1724/1880
f 311/2713 320/2627 337/2629 321/2230
f 435/2430 453/1509 454/1512 430/1863
f 1205/1229 1253/1377 1223/2714 1213/2715
f 299/307 16/437 26/212 415/211
f 1356/2716 1363/2717 1348/550 1313/950
f 774/1455 236/609 217/1203 742/1093
f 105/1647 94/851 98/1966 108/2718
f 942/2719 830/459 818/2720 909/2721
f 196/1472 199/632 190/2124 183/2722
f 121/1165 126/1831 97/2102 89/1166
f 443/574 444/2200 409/2203 406/575
f 104/1123 112/2723 77/1614 38/545
f 1784/1745 1778/635 1791/637 1798/1805
f 24/654 21/653 9/1461 13/821
f 1720/1624 1724/1880 1740/1882 1732/1625
f 1020/2460 967/2724 911/2725 945/2461
f 38/545 36/544 30/652 32/651
f 1403/1191 1404/1194 1385/2726 1384/1264
f 621/1527 583/1066 540/1069 578/1464
f 1773/559 1783/1742 1771/2678 1768/560
f 1128/2727 1082/806 1123/807 1157/2728
f 633/2729 667/2644 638/677 616/2442
f 579/2182 128/1197 102/1200 538/1799
f 604/1301 573/2577 618/2730 644/1050
f 906/1602 852/160 948/487 1013/1603
f 1223/1177 1224/2041 1256/2042 1254/1178
f 1049/1392 1131/1391 1165/2605 1088/2325
f 1416/2731 1443/2704 1396/964 1379/963
f 1070/2450 1029/2601 1064/2602 1093/2451
f 187/1449 184/1552 151/17 158/1450
f 1182/1785 1222/1784 1252/2047 1212/2604
f 229/400 239/1102 218/1101 210/401
f 180/412 183/1701 174/1397 169/1353
f 118/1334 134/1758 130/2671 116/1335
f 1338/1300 533/1299 568/762 1393/761
f 670/889 725/581 759/1362 726/886
f 1424/431 1340/634 1295/1944 1377/1218
f 612/1091 566/1466 522/915 556/1159
f 661/737 654/178 723/1592 729/907
f 929/174 904/173 940/2270 953/2243
f 981/2732 1015/1453 995/2517 959/2733
f 1664/2734 1680/2735 1683/2421 1665/2537
f 1749/2603 1760/2283 1765/1292 1755/1202
f 351/2626 324/1700 298/1818 323/2736
f 1354/1505 1269/1861 1268/1862 1362/1502
f 31/2368 33/870 23/239 22/1459
f 1264/2737 1215/872 1140/2738 1153/2739
f 1444/482 1419/481 1380/934 1397/2740
f 851/1689 271/2098 293/2097 832/1686
f 1324/2305 1339/265 1399/268 1383/1715
f 1563/1330 1589/1720 1602/1723 1576/1937
f 338/2044 325/780 326/2501 341/2741
f 1692/26 1715/25 1729/374 1719/1272
f 365/2742 355/1786 356/1789 364/2743
f 425/2683 268/808 235/811 410/2682
f 498/2172 1382/1036 1345/1038 501/2173
f 1118/1618 1119/2744 1214/2745 1343/1619
f 863/1807 1026/2746 1039/2747 957/1106
f 675/2701 681/502 691/501 689/2748
f 1575/2749 1581/2750 1613/1895 1605/2339
f 1226/229 1215/2751 1264/2752 1265/230
f 160/497 167/2608 170/1490 163/498
f 695/2223 677/1117 705/1578 702/1577
f 891/2753 992/2381 951/2384 880/2754
f 1427/2755 1457/2756 1507/149 1487/148
f 1200/1487 1225/1713 1234/2757 1195/1919
f 662/2703 649/1242 669/503 681/502
f 864/1387 865/2758 954/2759 1108/1388
f 816/2017 1025/2760 1026/2746 863/1807
f 438/858 448/781 451/78 437/859
f 116/2761 137/2762 150/2698 95/2697
f 785/1188 1089/2763 1025/2760 816/2017
f 1802/1617 1472/1616 1401/2764 1247/2765
f 993/2766 981/1414 1038/1417 1046/2767
f 737/176 751/175 765/999 752/1190
f 1064/2602 921/1386 1177/1385 1168/2768
f 189/1302 212/2769 202/2770
f 1076/2069 1104/2575 1089/2763
f 729/907 826/2771 822/2772
f 1039/2773 1090/337 1051/336
f 729/907 867/2774 850/2775
f 251/607 262/606 256/597
f 1227/784 1239/783 1233/2776
f 542/2615 567/2275 543/2291
f 891/2753 925/2777 992/2381
f 754/2778 763/298 1693/914
f 680/2779 783/1222 691/2466
f 1400/1823 1442/1504 1410/2780
f 262/2572 697/2781 557/2782
f 1260/2382 1302/2783 1316/2784
f 424/2785 458/2786 485/1766
f 205/2146 222/1028 216/1027
f 1581/2787 1590/2788 1586/2789
f 1603/2790 1619/2791 1609/2792
f 111/16 168/2058 161/2793
f 1263/189 1401/2764 1274/190
f 799/1022 860/623 823/1825
f 983/1383 1010/2794 1009/1384
f 825/794 845/2795 858/795
f 616/1174 717/63 633/2796
f 1460/108 1501/2635 1473/2797
f 1572/1400 1619/2791 1603/2790
f 1710/2184 1714/2061 1772/2301
f 923/1183 1072/2798 1019/2799
f 1508/1401 1519/744 1509/743
f 593/2688 597/2441 617/676
f 1411/384 1436/2503 1451/385
f 1234/2800 1290/2801 1315/2802
f 462/213 496/2514 500/1792
f 1370/2367 1392/1354 1402/2803
f 38/545 77/1614 71/542
f 59/2804 79/2805 66/2806
f 356/1996 362/1999 364/2366
f 865/2758 866/2807 954/2759
f 951/2384 1136/2808 1059/2809
f 953/2810 1064/2602 973/1607
f 1448/68 1469/564 1471/65
f 1604/2596 1616/2453 1683/2421
f 1249/750 1564/2600 1571/2811
f 1572/1400 1626/1399 1628/2812
f 111/16 161/2793 153/2609
f 544/711 739/101 771/2316
f 729/907 817/2813 821/2814
f 544/711 894/222 1475/712
f 257/2478 265/823 259/2479
f 231/866 237/2535 243/867
f 1385/2726 1404/1194 1389/2312
f 76/1974 93/1809 88/2815
f 1378/551 1405/2816 1415/2502
f 1232/2817 1325/881 1260/2228
f 1260/2382 1283/2818 1302/2783
f 792/120 796/1296 818/121
f 1246/2819 1326/2820 1284/2821
f 1439/2204 1462/1873 1447/2407
f 103/13 138/2822 152/2823
f 1515/2824 1534/2825 1552/1402
f 1378/551 1394/2673 1405/2816
f 889/466 933/465 1034/196
f 1150/480 1189/2826 1174/2236
f 1223/2714 1253/1377 1224/2349
f 1440/2827 1482/2828 1475/712
f 1410/2780 1442/1504 1429/2561
f 1054/875 1107/2829 1215/872
f 1204/2830 1298/2383 1251/2831
f 938/2680 950/2832 995/2517
f 1124/2833 1130/2834 1214/2745
f 923/1183 1019/2799 985/2835
f 1392/2836 1421/2837 1402/2838
f 658/1429 679/1621 674/1428
f 1171/214 1244/1865 1221/1864
f 507/1791 1282/1297 1289/1841
f 951/2384 1059/2809 1001/2839
f 1550/1731 1753/1420 1610/1732
f 1171/214 1288/2555 1272/2306
f 1249/750 1587/2840 1591/2841
f 764/1210 784/2660 806/2842
f 1138/2843 1151/2844 1214/2745
f 544/711 811/2395 894/222
f 957/1106 1051/2845 1060/2631
f 1713/155 1772/2301 1714/2061
f 91/1462 416/2846 429/1697
f 1601/2454 1616/2453 1604/2596
f 570/1839 575/2689 598/1599
f 661/737 1028/2847 1018/2848
f 1214/2745 1229/2849 1343/1619
f 629/2850 646/2851 677/1117
f 1319/1234 1401/2764 1334/1235
f 799/2587 945/1765 860/2852
f 319/2229 380/1803 362/1999
f 1401/2764 1431/2426 1420/2425
f 1064/2602 1145/1000 1133/1493
f 1119/2744 1124/2833 1214/2745
f 1188/1230 1205/1229 1199/2853
f 830/459 898/1186 858/460
f 544/1888 576/2854 586/2855
f 1421/2856 1425/2857 1438/2858
f 91/2859 294/2860 300/2861
f 1499/986 1521/2663 1512/2862
f 981/2863 1015/2864 994/2865
f 999/2265 1336/2267 1328/2866
f 91/2867 152/2868 234/2869
f 992/2870 1014/2871 1066/2872
f 1401/2764 1446/2873 1431/2426
f 1147/445 1217/901 1198/2527
f 42/1005 69/2874 87/2875
f 350/2210 359/2089 366/262
f 949/2286 1082/806 992/2876
f 1528/1329 1536/2176 1563/1330
f 256/597 265/823 257/2478
f 189/2877 347/2878 334/2879
f 1010/1187 1047/2153 1048/1426
f 1490/2560 1530/485 1495/2617
f 873/2880 920/1290 1106/1289
f 1392/2881 1407/2882 1421/2883
f 321/2230 337/2629 350/2210
f 442/1395 444/2884 527/1396
f 1034/196 1361/2258 1259/197
f 973/1607 1064/2602 1030/2580 1003/1608
f 1143/2885 1172/2886 1202/2887
f 179/1352 186/409 180/412
f 891/2888 902/2889 925/2890
f 303/2255 319/2229 310/2242
f 675/2701 689/2748 690/2891
f 1655/2892 1661/2893 1680/2894
f 808/1099 870/1098 855/1547
f 1249/750 1582/2895 1587/2840
f 307/2896 318/2897 435/2898
f 189/2899 385/1032 347/1031
f 954/2759 974/2900 1108/1388
f 343/2901 355/2902 435/2903
f 1249/750 1671/2364 1772/2301
f 602/2510 613/2904 629/2850
f 1129/1798 1144/2620 1173/1795
f 909/1295 934/2614 942/2905
f 1389/2312 1437/2906 1395/2907
f 1322/838 1328/837 1337/1923
f 903/2908 928/2909 1049/1392
f 570/2402 693/1632 575/2150
f 1654/2910 1664/2734 1665/2537
f 1140/1324 1152/2582 1167/1133
f 42/1005 51/1276 69/2874
f 391/863 408/862 401/1801
f 1401/2764 1461/2911 1446/2873
f 355/2912 365/1934 435/1933
f 1055/2913 1121/2914 1081/2915
f 934/2916 937/2917 942/2918
f 1249/750 1571/2811 1582/2895
f 1191/2919 1215/2751 1226/229
f 1643/1893 1688/1892 1645/2564
f 1302/962 1314/965 1316/1574
f 95/2697 106/2920 116/2761
f 607/2110 648/2921 630/2922
f 1575/1261 1595/1260 1581/1906
f 544/711 771/2316 811/2395
f 729/907 850/2775 838/2923
f 767/991 798/1454 803/590
f 1285/289 1401/2764 1305/290
f 923/1183 985/2835 944/2578
f 1041/331 1053/2345 1092/332
f 1407/2924 1425/2857 1421/2856
f 1249/750 1640/1518 1671/2364
f 1108/1388 1179/2925 1177/1385
f 77/1614 124/2926 131/2927
f 873/172 895/771 904/173
f 1148/1796 1173/1795 1183/2928
f 53/1337 109/2531 93/1809
f 1226/229 1248/228 1229/2695
f 900/2929 922/2930 954/2759
f 636/2931 645/99 668/98
f 1648/2157 1654/2156 1665/2932
f 305/2256 311/2713 321/2230
f 237/2314 244/440 254/439
f 1555/757 1568/2471 1556/758
f 246/2933 250/2121 255/2934
f 189/2935 428/573 411/2011
f 1542/406 1547/405 1555/2936
f 623/2700 636/2931 668/98
f 506/2937 1282/2938 507/2939
f 871/2940 880/2941 872/2942
f 940/2943 1064/2602 953/2810
f 1566/2944 1656/1663 1651/231
f 677/1117 700/1116 705/1578
f 1284/2338 1326/2945 1342/2336
f 1508/1401 1515/2824 1552/1402
f 1171/214 1272/2306 1244/1865
f 1174/2236 1189/2826 1196/2237
f 1394/1983 1437/140 1405/139
f 46/2437 50/455 55/458
f 1643/2946 1645/1284 1664/1287
f 1265/230 1293/2947 1307/2226
f 1130/2834 1138/2843 1214/2745
f 1655/2892 1672/2948 1661/2893
f 653/2949 660/2950 739/101
f 484/800 542/2951 543/2566
f 920/171 929/174 943/2232
f 1153/1323 1176/1132 1178/1306
f 383/1322 387/1321 393/1657
f 329/2194 362/1999 340/2195
f 780/2952 796/2953 792/2954
f 1308/1767 1329/2955 1330/1764
f 189/1302 202/2770 197/2092
f 70/2956 76/2957 74/2958
f 1610/1732 1753/1420 1659/1419
f 1365/1596 1401/2764 1375/2496
f 26/212 420/1945 450/2436
f 1321/2119 1335/2520 1343/1619
f 462/213 478/869 487/2515
f 370/1629 415/211 386/1611
f 992/2381 1143/2959 1260/2382
f 1499/986 1512/2862 1505/2318
f 1147/2960 1198/2961 1170/2962
f 886/2963 900/2929 954/2759
f 137/2762 149/2964 150/2698
f 98/2525 342/820 108/1653
f 366/262 368/2088 378/259
f 780/1549 792/2965 789/2659
f 764/2966 815/2967 844/2968
f 16/437 299/307 292/306
f 77/1614 112/2723 124/2926
f 93/2969 109/2970 100/2971
f 1064/2602 1168/2768 1162/1001
f 544/1888 608/2972 625/2973
f 1552/1402 1576/2974 1602/2975
f 735/893 798/1454 767/991
f 405/2122 424/2785 485/1766
f 366/262 379/261 383/1322
f 1202/2151 1325/881 1232/2817
f 24/654 63/2976 70/2107
f 754/2977 1693/2978 1658/2979
f 1107/2208 1125/2207 1139/2372
f 199/632 206/631 200/1794
f 1275/2980 1292/1908 1343/1619
f 391/863 393/1657 396/864
f 1370/2367 1374/1355 1392/1354
f 262/606 735/893 708/892
f 103/13 139/2610 138/2822
f 1375/2496 1401/2764 1386/2981
f 53/1337 59/601 54/600
f 193/410 197/2583 195/411
f 1054/1054 1070/1053 1100/2206
f 1508/1401 1572/1400 1519/744
f 26/212 397/715 420/1945
f 262/2572 557/2782 548/2569
f 1217/901 1241/749 1230/902
f 1753/1420 1777/1876 1779/1875
f 1199/2853 1205/1229 1213/2715
f 24/654 52/2526 55/2982
f 1457/2104 1460/108 1473/2797
f 938/1381 1009/1384 950/2983
f 974/2900 1012/2984 1108/1388
f 53/1337 93/1809 79/1973
f 1316/2784 1317/2985 1318/2986
f 1480/234 1506/2319 1513/2684
f 871/2987 891/2753 880/2754
f 688/2988 689/2748 691/501
f 880/2754 951/2384 903/2989
f 981/2732 993/2544 1015/1453
f 1023/1416 1048/2990 1038/1417
f 1661/2991 1672/1662 1662/1664
f 1184/1172 1286/1890 1475/712
f 589/2992 602/2510 607/2110
f 315/1930 415/211 333/1255
f 1098/1107 1117/2632 1116/2993
f 1545/2994 1572/1400 1557/2995
f 1389/2312 1459/2311 1437/2906
f 1543/759 1556/758 1548/2455
f 764/2966 806/2996 815/2967
f 999/2265 1311/2997 1307/2369
f 24/654 60/2998 63/2976
f 162/355 193/2091 186/356
f 1055/940 1147/445 1121/351
f 443/2999 527/1396 444/2884
f 418/725 437/390 431/389
f 1421/2031 1433/3000 1734/2032
f 633/2729 643/3001 667/2644
f 1310/3002 1321/3003 1343/3004
f 1401/2764 1472/1616 1470/3005
f 577/3006 600/2699 610/1463
f 923/3007 1264/3008 1153/3009
f 189/2899 411/3010 400/3011
f 798/1454 990/579 877/591
f 633/2796 717/63 643/103
f 1450/488 1465/958 1483/961
f 1482/1148 1516/1147 1488/2303
f 1151/2844 1175/3012 1214/2745
f 853/703 889/466 1034/196
f 928/2909 951/1389 1049/1392
f 729/907 1069/3013 1053/1976
f 1143/2959 1202/3014 1260/2382
f 250/2121 277/2588 255/2934
f 1084/844 1115/843 1090/2037
f 1254/626 1256/2573 1255/627
f 333/1255 415/211 357/1256
f 1552/1402 1602/2975 1626/1399
f 544/1888 625/2973 640/3015
f 1274/190 1401/2764 1285/289
f 422/723 560/1152 429/846
f 91/1462 421/3016 416/2846
f 1247/2765 1401/2764 1263/189
f 1064/3017 1120/3018 1093/3019
f 729/907 822/2772 817/2813
f 1367/1037 1434/183 1368/186
f 828/704 853/703 1034/196
f 607/2110 695/2223 648/2921
f 189/2899 400/3011 385/1032
f 546/1698 563/3020 610/1463
f 313/779 326/2501 325/780
f 1171/214 1289/1841 1294/2482
f 299/307 415/211 315/1930
f 923/1183 1085/3021 1072/2798
f 265/823 269/476 266/475
f 589/2992 594/3022 602/2510
f 830/459 942/2719 926/2152
f 1249/3023 1590/3024 1640/3025
f 319/2229 362/1999 329/2194
f 1175/1754 1197/2666 1214/2696
f 1475/712 1482/2828 1488/3026
f 951/2384 1298/2383 1204/2830
f 1071/2261 1094/2260 1108/1388
f 91/3027 249/3028 296/3029
f 563/3020 577/3006 610/1463
f 1562/3030 1651/3031 1569/3032
f 24/654 55/2982 60/2998
f 1753/1420 1780/2197 1774/1418
f 357/1256 415/211 370/1629
f 189/1302 783/1222 527/3033
f 1022/3034 1046/2551 1047/2153
f 1107/2829 1140/2738 1215/872
f 1298/2383 1318/2986 1309/3035
f 1202/2151 1232/2817 1260/2228
f 903/2989 951/2384 928/3036
f 679/3037 690/3038 720/3039
f 923/1183 1153/3040 1085/3021
f 262/606 460/3041 281/957
f 1701/2185 1710/2184 1772/2301
f 1234/2757 1257/3042 1273/3043
f 91/2859 295/3044 294/2860
f 1459/141 1485/3045 1484/2463
f 729/907 1106/3046 1069/3013
f 1098/1107 1116/2993 1132/2118
f 143/548 163/2536 156/549
f 1052/221 1184/1172 1475/712
f 860/2852 945/1765 911/3047
f 593/2149 699/64 597/1175
f 1619/2791 1628/2812 1624/3048
f 977/3049 1055/3050 1006/3051
f 251/607 256/597 252/596
f 546/3052 560/1152 563/1151
f 1753/1420 1771/2678 1777/1876
f 1599/309 1604/3053 1607/310
f 462/213 487/2515 496/2514
f 1572/1400 1603/2790 1596/3054
f 91/1462 435/3055 421/3016
f 265/823 279/1076 269/476
f 1680/2735 1681/2418 1683/2421
f 336/2628 353/2209 350/2210
f 619/1127 636/1126 623/1291
f 1439/2204 1456/1737 1462/1873
f 1753/1420 1761/561 1768/560
f 32/651 74/2108 81/1122
f 544/1888 558/1887 576/2854
f 340/2195 362/1999 349/1998
f 1064/2602 1133/1493 1120/2452
f 171/1819 514/1613 175/1612
f 1246/1422 1284/1806 1629/1423
f 1636/2524 1665/2537 1683/2421
f 957/1106 1039/2747 1051/2845
f 930/3056 1064/2602 940/2943
f 950/2832 959/2733 995/2517
f 1457/2756 1473/2145 1507/149
f 866/2807 874/3057 954/2759
f 53/1337 79/1973 59/601
f 1195/735 1234/1421 1560/736
f 1234/3058 1326/2820 1246/2819
f 1551/1250 1561/1249 1568/1681
f 350/2210 366/262 393/1657
f 729/907 838/2923 826/2771
f 1234/2757 1235/3059 1257/3042
f 661/737 1041/1977 1028/2847
f 1012/2984 1042/3060 1108/1388
f 925/3061 949/3062 992/3063
f 657/102 739/101 660/2950
f 1401/2764 1468/3064 1461/2911
f 1423/2389 1440/2827 1475/712
f 326/1026 332/1025 341/1196
f 1753/1420 1768/560 1771/2678
f 428/3065 527/1396 443/2999
f 1753/1420 1779/1875 1780/2197
f 1251/2831 1298/2383 1279/3066
f 687/3067 689/2748 688/2988
f 380/1803 390/1802 381/1939
f 1248/3068 1275/2980 1343/1619
f 923/1183 1293/2370 1264/3069
f 729/907 887/906 867/2774
f 809/2541 818/2720 830/459
f 1518/959 1524/1726 1525/960
f 153/284 161/2686 154/285
f 951/2384 1204/2830 1801/3070 1136/2808
f 1292/1908 1310/1907 1343/1619
f 1066/3071 1103/3072 1143/3073
f 552/388 555/387 565/2650
f 42/1005 87/2875 91/1462
f 1199/782 1213/3074 1239/783
f 189/3075 527/3076 428/3077
f 856/3078 873/2880 1106/1289
f 1072/428 1095/342 1073/425
f 1234/2800 1315/2802 1326/3079
f 366/262 383/1322 393/1657
f 931/1816 966/1815 974/2559
f 91/2859 300/2861 307/3080
f 1171/214 1294/2482 1288/2555
f 1225/1713 1235/3059 1234/2757
f 116/2761 130/3081 137/2762
f 830/459 926/2152 898/1186
f 1616/2453 1636/2524 1683/2421
f 798/1454 877/591 803/590
f 1626/1399 1627/3082 1628/2812
f 1305/290 1401/2764 1319/1234
f 807/195 828/704 1034/196
f 661/737 1018/2848 1017/738
f 631/3083 682/2323 671/2322
f 999/2265 1328/2866 1320/3084
f 1528/2634 1544/1263 1536/3085
f 1042/3060 1071/2261 1108/1388
f 1475/712 1488/3026 1510/1546
f 189/1302 334/3086 220/3087
f 1349/1595 1401/2764 1365/1596
f 1286/1890 1373/109 1475/712
f 26/212 450/2436 462/213
f 871/2987 879/3088 891/2753
f 1001/1390 1059/2432 1131/1391
f 262/2572 484/2571 460/3089
f 1260/2382 1316/2784 1298/2383
f 964/1055 1002/3090 1029/1052
f 510/2379 526/1243 513/3091
f 1671/2364 1701/2185 1772/2301
f 189/1302 220/3087 212/2769
f 1017/1920 1062/925 1061/924
f 16/3092 292/3093 17/3094
f 91/3095 234/1084 249/1083
f 1116/2622 1117/479 1150/480
f 362/1999 380/1803 371/1941
f 1334/1235 1401/2764 1349/1595
f 1298/2383 1316/2784 1318/2986
f 1069/3096 1106/2667 1099/1753
f 999/2265 1320/3084 1311/2997
f 1017/1920 1063/1110 1062/925
f 1034/196 1464/2162 1361/2258
f 1217/901 1249/750 1241/749
f 1064/2602 1162/1001 1145/1000
f 269/3097 279/3098 275/3099
f 1229/2849 1248/3068 1343/1619
f 648/2921 695/2223 673/2222
f 1572/1400 1628/2812 1619/2791
f 1602/2975 1617/3100 1626/1399
f 1090/2037 1150/2036 1105/3101
f 1373/109 1427/2105 1422/2388
f 1129/2574 1158/1228 1144/1231
f 1581/2750 1586/2681 1613/1895
f 53/1337 123/1241 109/2531
f 1536/3085 1544/1263 1558/1262
f 527/3033 783/1222 680/2779
f 77/1614 131/2927 135/1615
f 91/1538 103/1537 152/3102
f 1519/744 1572/1400 1545/2994
f 964/1055 965/3103 1002/3090
f 894/222 1052/221 1475/712
f 91/2859 296/3104 295/3044
f 981/2732 994/3105 1015/1453
f 874/3057 886/2963 954/2759
f 602/2510 629/2850 677/1117
f 88/2815 93/1809 101/1812
f 1106/2667 1226/229 1197/2666
f 921/1386 1064/2602 930/3056
f 1709/154 1772/2301 1713/155
f 14/2168 18/2398 26/212
f 91/3106 307/2896 435/2898
f 933/465 969/734 1034/196
f 785/1188 1076/2069 1089/2763
f 1204/567 1251/2177 1228/2180
f 1439/3107 1447/2607 1738/2606
f 880/2754 903/2989 893/3108
f 589/2992 607/2110 595/2109
f 729/907 821/2814 856/3109
f 1348/550 1363/2717 1369/2672
f 1401/2764 1470/3005 1468/3064
f 262/606 798/1454 735/893
f 855/1294 870/2612 909/1295
f 318/2078 343/1787 435/3110
f 1059/3111 1136/3112 1097/3113
f 544/1888 586/2855 608/2972
f 109/2531 123/1241 117/1240
f 729/3114 856/3115 1106/3116
f 1106/2667 1191/2919 1226/229
f 1313/950 1355/1744 1356/2716
f 262/606 708/892 697/1633
f 992/2381 1066/3117 1143/2959
f 429/846 560/1152 546/3052
f 1264/2752 1293/2947 1265/230
f 14/2168 26/212 16/437
f 162/355 182/2416 189/1302
f 503/2380 509/2649 525/1244
f 18/2398 20/1309 26/212
f 1388/3118 1400/490 1430/489
f 576/1540 603/225 586/2285
f 1562/3030 1566/3119 1651/3031
f 1234/2757 1273/3043 1290/3120
f 1249/3023 1591/3121 1590/3024
f 858/460 898/1186 892/1185
f 462/213 500/1792 507/1791
f 1421/2856 1438/2858 1433/3122
