# This file uses centimeters as units for non-parametric coordinates.

mtllib Desk.mtl
g default
v 0.000977 0.107422 -0.368164
v 0.000977 0.105469 -0.362305
v 0.000977 0.105469 -0.395508
v 0.000977 0.103516 -0.401367
v 0.000977 0.099609 -0.360352
v 0.000977 0.099609 -0.403320
v 0.000977 0.097656 0.354492
v 0.000977 0.097656 0.381836
v 0.000977 0.095703 0.348633
v 0.000977 0.095703 0.385742
v 0.000977 0.091797 0.389648
v 0.000977 0.089844 0.346680
v 0.000977 0.064453 -0.360352
v 0.000977 0.064453 -0.403320
v 0.000977 0.060547 -0.362305
v 0.000977 0.058594 -0.368164
v 0.000977 0.058594 -0.401367
v 0.000977 0.056641 0.389648
v 0.000977 0.056641 -0.397461
v 0.000977 0.054688 0.346680
v 0.000977 0.052734 0.387695
v 0.000977 0.050781 0.348633
v 0.000977 0.048828 0.354492
v 0.000977 0.048828 0.381836
v 0.006836 0.271484 -0.227539
v 0.006836 0.283203 -0.231445
v 0.006836 0.285156 -0.010742
v 0.006836 0.289062 0.166992
v 0.006836 0.291016 0.176758
v 0.006836 0.291016 -0.188477
v 0.006836 0.292969 -0.198242
v 0.006836 0.300781 0.184570
v 0.006836 0.302734 -0.206055
v 0.006836 0.310547 0.186523
v 0.006836 0.310547 -0.208008
v 0.006836 0.386719 0.186523
v 0.006836 0.386719 -0.208008
v 0.006836 0.263672 -0.219727
v 0.006836 0.261719 -0.208008
v 0.006836 0.257812 -0.010742
v 0.008789 0.269531 0.206055
v 0.008789 0.281250 0.209961
v 0.008789 0.291016 0.184570
v 0.008789 0.291016 -0.010742
v 0.008789 0.292969 -0.206055
v 0.008789 0.388672 0.186523
v 0.008789 0.388672 0.202148
v 0.008789 0.388672 0.211914
v 0.008789 0.388672 -0.208008
v 0.008789 0.390625 -0.223633
v 0.008789 0.390625 -0.233398
v 0.008789 0.261719 0.198242
v 0.008789 0.259766 0.186523
v 0.028320 0.390625 0.444336
v 0.028320 0.390625 -0.463867
v 0.028320 0.396484 0.452148
v 0.028320 0.398438 -0.471680
v 0.028320 0.410156 0.454102
v 0.028320 0.410156 -0.473633
v 0.028320 0.427734 0.456055
v 0.028320 0.427734 -0.475586
v 0.028320 0.447266 0.454102
v 0.028320 0.447266 -0.473633
v 0.028320 0.458984 0.452148
v 0.028320 0.458984 -0.471680
v 0.028320 0.464844 0.444336
v 0.028320 0.464844 -0.463867
v 0.028320 0.468750 0.432617
v 0.028320 0.468750 -0.452148
v 0.030273 0.386719 0.432617
v 0.030273 0.388672 -0.452148
v 0.034180 0.470703 0.194336
v 0.036133 0.386719 0.395508
v 0.036133 0.386719 -0.416992
v 0.036133 0.388672 -0.010742
v 0.036133 0.390625 0.194336
v 0.036133 0.390625 -0.213867
v 0.036133 0.468750 -0.213867
v 0.036133 0.468750 -0.416992
v 0.036133 0.470703 0.397461
v 0.036133 0.470703 -0.010742
v 0.049805 0.388672 0.432617
v 0.049805 0.390625 -0.010742
v 0.049805 0.390625 -0.213867
v 0.049805 0.390625 -0.452148
v 0.049805 0.392578 0.444336
v 0.049805 0.394531 -0.465820
v 0.049805 0.396484 0.194336
v 0.049805 0.398438 0.450195
v 0.049805 0.398438 -0.469727
v 0.049805 0.410156 0.454102
v 0.049805 0.410156 -0.473633
v 0.049805 0.427734 0.454102
v 0.049805 0.427734 -0.473633
v 0.049805 0.447266 0.454102
v 0.049805 0.447266 -0.473633
v 0.049805 0.457031 -0.469727
v 0.049805 0.458984 0.450195
v 0.049805 0.462891 0.444336
v 0.049805 0.462891 -0.465820
v 0.049805 0.466797 0.432617
v 0.049805 0.466797 -0.452148
v 0.049805 0.468750 0.194336
v 0.049805 0.468750 -0.010742
v 0.049805 0.468750 -0.213867
v 0.051758 0.388672 0.397461
v 0.051758 0.388672 -0.416992
v 0.051758 0.466797 -0.416992
v 0.051758 0.468750 0.397461
v 0.053711 0.398438 0.446289
v 0.053711 0.398438 -0.465820
v 0.053711 0.458984 0.446289
v 0.053711 0.458984 -0.465820
v 0.055664 0.394531 0.434570
v 0.055664 0.394531 -0.454102
v 0.055664 0.396484 -0.010742
v 0.055664 0.396484 -0.213867
v 0.055664 0.402344 0.194336
v 0.055664 0.408203 0.401367
v 0.055664 0.410156 0.196289
v 0.055664 0.410156 0.448242
v 0.055664 0.410156 -0.467773
v 0.055664 0.423828 -0.215820
v 0.055664 0.425781 -0.422852
v 0.055664 0.427734 0.401367
v 0.055664 0.427734 0.448242
v 0.055664 0.427734 -0.010742
v 0.055664 0.427734 -0.469727
v 0.055664 0.431641 0.196289
v 0.055664 0.445312 -0.420898
v 0.055664 0.447266 0.448242
v 0.055664 0.447266 -0.467773
v 0.055664 0.449219 -0.010742
v 0.055664 0.451172 0.196289
v 0.055664 0.460938 -0.454102
v 0.055664 0.462891 0.434570
v 0.055664 0.462891 -0.010742
v 0.055664 0.462891 -0.213867
v 0.055664 0.464844 0.194336
v 0.057617 0.394531 0.397461
v 0.057617 0.394531 0.399414
v 0.057617 0.394531 -0.010742
v 0.057617 0.394531 -0.416992
v 0.057617 0.396484 0.194336
v 0.057617 0.406250 0.436523
v 0.057617 0.406250 -0.215820
v 0.057617 0.406250 -0.454102
v 0.057617 0.408203 -0.012695
v 0.057617 0.408203 -0.418945
v 0.057617 0.416016 0.196289
v 0.057617 0.423828 -0.458008
v 0.057617 0.425781 0.436523
v 0.057617 0.441406 -0.456055
v 0.057617 0.443359 -0.215820
v 0.057617 0.445312 0.436523
v 0.057617 0.449219 0.399414
v 0.057617 0.457031 -0.213867
v 0.057617 0.458984 -0.418945
v 0.057617 0.460938 -0.010742
v 0.057617 0.462891 0.397461
v 0.057617 0.462891 -0.416992
v 0.057617 0.464844 0.194336
v 0.059570 0.388672 0.399414
v 0.059570 0.392578 0.434570
v 0.059570 0.394531 -0.213867
v 0.059570 0.394531 -0.416992
v 0.059570 0.394531 -0.454102
v 0.059570 0.406250 0.448242
v 0.059570 0.406250 -0.467773
v 0.059570 0.408203 -0.213867
v 0.059570 0.408203 -0.418945
v 0.059570 0.410156 0.399414
v 0.059570 0.410156 0.434570
v 0.059570 0.410156 -0.010742
v 0.059570 0.410156 -0.454102
v 0.059570 0.423828 0.450195
v 0.059570 0.423828 -0.469727
v 0.059570 0.427734 0.436523
v 0.059570 0.427734 -0.456055
v 0.059570 0.429688 -0.010742
v 0.059570 0.429688 -0.215820
v 0.059570 0.431641 0.196289
v 0.059570 0.441406 0.448242
v 0.059570 0.441406 -0.467773
v 0.059570 0.447266 0.434570
v 0.059570 0.447266 -0.418945
v 0.059570 0.447266 -0.454102
v 0.059570 0.449219 0.399414
v 0.059570 0.449219 -0.010742
v 0.059570 0.449219 -0.213867
v 0.059570 0.451172 0.194336
v 0.059570 0.457031 -0.454102
v 0.059570 0.458984 0.434570
v 0.059570 0.460938 0.397461
v 0.061523 0.388672 0.434570
v 0.061523 0.388672 -0.010742
v 0.061523 0.388672 -0.416992
v 0.061523 0.388672 -0.452148
v 0.061523 0.392578 0.194336
v 0.061523 0.394531 0.448242
v 0.061523 0.394531 -0.465820
v 0.061523 0.427734 -0.420898
v 0.061523 0.429688 0.401367
v 0.061523 0.451172 -0.467773
v 0.061523 0.453125 0.448242
v 0.061523 0.460938 -0.213867
v 0.061523 0.460938 -0.454102
v 0.061523 0.462891 0.432617
v 0.061523 0.462891 -0.416992
v 0.061523 0.466797 0.397461
v 0.061523 0.466797 -0.010742
v 0.061523 0.468750 0.194336
v 0.063477 0.388672 -0.213867
v 0.063477 0.390625 0.446289
v 0.063477 0.390625 -0.465820
v 0.063477 0.394531 0.452148
v 0.063477 0.394531 -0.471680
v 0.063477 0.404297 -0.473633
v 0.063477 0.406250 0.454102
v 0.063477 0.421875 -0.475586
v 0.063477 0.423828 0.454102
v 0.063477 0.439453 -0.473633
v 0.063477 0.441406 0.454102
v 0.063477 0.451172 -0.471680
v 0.063477 0.453125 0.452148
v 0.063477 0.455078 -0.465820
v 0.063477 0.457031 0.446289
v 0.067383 0.386719 0.397461
v 0.069336 0.386719 -0.010742
v 0.069336 0.386719 -0.213867
v 0.069336 0.386719 -0.416992
v 0.069336 0.390625 0.194336
v 0.069336 0.462891 -0.213867
v 0.069336 0.464844 -0.416992
v 0.069336 0.466797 0.397461
v 0.069336 0.468750 -0.010742
v 0.069336 0.470703 0.194336
v 0.071289 0.384766 0.432617
v 0.071289 0.384766 -0.454102
v 0.071289 0.462891 -0.454102
v 0.071289 0.464844 0.432617
v 0.073242 0.386719 -0.465820
v 0.073242 0.388672 0.446289
v 0.073242 0.392578 0.454102
v 0.073242 0.392578 -0.473633
v 0.073242 0.404297 0.456055
v 0.073242 0.404297 -0.475586
v 0.073242 0.421875 -0.477539
v 0.073242 0.423828 0.458008
v 0.073242 0.439453 -0.475586
v 0.073242 0.441406 0.456055
v 0.073242 0.451172 -0.473633
v 0.073242 0.453125 0.454102
v 0.073242 0.458984 0.446289
v 0.073242 0.458984 -0.465820
v 0.075195 0.105469 -0.368164
v 0.075195 0.103516 -0.364258
v 0.075195 0.103516 -0.395508
v 0.075195 0.101562 -0.399414
v 0.075195 0.099609 -0.360352
v 0.075195 0.097656 0.381836
v 0.075195 0.097656 -0.401367
v 0.075195 0.095703 0.354492
v 0.075195 0.095703 0.385742
v 0.075195 0.093750 0.350586
v 0.075195 0.089844 0.348633
v 0.075195 0.089844 0.387695
v 0.075195 0.066406 -0.360352
v 0.075195 0.064453 -0.403320
v 0.075195 0.060547 -0.362305
v 0.075195 0.060547 -0.401367
v 0.075195 0.058594 -0.368164
v 0.075195 0.058594 -0.395508
v 0.075195 0.056641 0.346680
v 0.075195 0.056641 0.389648
v 0.075195 0.052734 0.387695
v 0.075195 0.050781 0.348633
v 0.075195 0.050781 0.381836
v 0.075195 0.048828 0.354492
v 0.094727 0.382812 -0.454102
v 0.094727 0.384766 0.399414
v 0.094727 0.384766 0.434570
v 0.094727 0.384766 -0.213867
v 0.094727 0.384766 -0.418945
v 0.094727 0.386719 0.448242
v 0.094727 0.386719 -0.010742
v 0.094727 0.386719 -0.467773
v 0.094727 0.388672 0.194336
v 0.094727 0.392578 0.454102
v 0.094727 0.392578 -0.473633
v 0.094727 0.404297 0.458008
v 0.094727 0.404297 -0.477539
v 0.094727 0.421875 -0.477539
v 0.094727 0.423828 0.458008
v 0.094727 0.439453 -0.477539
v 0.094727 0.441406 0.458008
v 0.094727 0.451172 -0.473633
v 0.094727 0.453125 0.454102
v 0.094727 0.458984 -0.467773
v 0.094727 0.460938 0.448242
v 0.094727 0.462891 -0.454102
v 0.094727 0.464844 0.434570
v 0.094727 0.464844 -0.418945
v 0.094727 0.466797 0.399414
v 0.094727 0.466797 -0.213867
v 0.094727 0.468750 -0.010742
v 0.094727 0.470703 0.194336
v 0.102539 0.269531 0.206055
v 0.102539 0.269531 -0.227539
v 0.102539 0.281250 0.208008
v 0.102539 0.281250 -0.229492
v 0.102539 0.291016 -0.204102
v 0.102539 0.292969 0.182617
v 0.102539 0.261719 0.196289
v 0.102539 0.261719 -0.219727
v 0.102539 0.259766 0.184570
v 0.102539 0.259766 -0.208008
v 0.104492 0.388672 0.184570
v 0.104492 0.388672 0.200195
v 0.104492 0.388672 0.209961
v 0.104492 0.388672 -0.208008
v 0.104492 0.388672 -0.221680
v 0.104492 0.388672 -0.233398
v 0.114258 0.386719 -0.465820
v 0.114258 0.388672 0.446289
v 0.114258 0.392578 -0.473633
v 0.114258 0.394531 0.454102
v 0.114258 0.404297 0.456055
v 0.114258 0.404297 -0.475586
v 0.114258 0.421875 -0.477539
v 0.114258 0.423828 0.458008
v 0.114258 0.439453 -0.475586
v 0.114258 0.441406 0.456055
v 0.114258 0.451172 -0.473633
v 0.114258 0.453125 0.454102
v 0.114258 0.458984 0.446289
v 0.114258 0.458984 -0.465820
v 0.116211 0.384766 0.432617
v 0.116211 0.384766 -0.454102
v 0.116211 0.462891 0.432617
v 0.116211 0.462891 -0.454102
v 0.118164 0.466797 0.397461
v 0.120117 0.384766 -0.418945
v 0.120117 0.386719 0.397461
v 0.120117 0.386719 -0.010742
v 0.120117 0.386719 -0.213867
v 0.120117 0.390625 0.194336
v 0.120117 0.464844 -0.416992
v 0.120117 0.466797 -0.213867
v 0.120117 0.468750 -0.010742
v 0.120117 0.470703 0.194336
v 0.124023 0.388672 -0.465820
v 0.124023 0.390625 0.446289
v 0.124023 0.394531 0.452148
v 0.124023 0.394531 -0.471680
v 0.124023 0.404297 -0.473633
v 0.124023 0.406250 0.454102
v 0.124023 0.421875 -0.475586
v 0.124023 0.423828 0.456055
v 0.124023 0.439453 -0.473633
v 0.124023 0.441406 0.454102
v 0.124023 0.451172 -0.471680
v 0.124023 0.453125 0.452148
v 0.124023 0.455078 -0.465820
v 0.124023 0.457031 0.446289
v 0.125977 0.386719 -0.454102
v 0.125977 0.388672 0.432617
v 0.125977 0.394531 0.448242
v 0.125977 0.451172 -0.467773
v 0.125977 0.453125 0.448242
v 0.125977 0.460938 0.434570
v 0.125977 0.460938 -0.454102
v 0.127930 0.386719 -0.418945
v 0.127930 0.388672 0.397461
v 0.127930 0.388672 -0.010742
v 0.127930 0.388672 -0.213867
v 0.127930 0.390625 -0.456055
v 0.127930 0.392578 0.194336
v 0.127930 0.392578 0.434570
v 0.127930 0.392578 -0.467773
v 0.127930 0.404297 -0.467773
v 0.127930 0.406250 0.448242
v 0.127930 0.417969 0.405273
v 0.127930 0.421875 -0.469727
v 0.127930 0.423828 0.450195
v 0.127930 0.441406 0.448242
v 0.127930 0.441406 -0.469727
v 0.127930 0.455078 -0.454102
v 0.127930 0.457031 0.434570
v 0.127930 0.462891 -0.416992
v 0.127930 0.464844 0.397461
v 0.127930 0.464844 -0.213867
v 0.127930 0.466797 -0.010742
v 0.127930 0.468750 0.194336
v 0.129883 0.392578 0.397461
v 0.129883 0.394531 -0.010742
v 0.129883 0.394531 -0.213867
v 0.129883 0.396484 0.403320
v 0.129883 0.396484 -0.010742
v 0.129883 0.398438 0.194336
v 0.129883 0.398438 0.196289
v 0.129883 0.398438 0.440430
v 0.129883 0.398438 -0.422852
v 0.129883 0.398438 -0.459961
v 0.129883 0.400391 -0.215820
v 0.129883 0.404297 -0.456055
v 0.129883 0.406250 0.436523
v 0.129883 0.417969 0.198242
v 0.129883 0.417969 0.442383
v 0.129883 0.417969 -0.010742
v 0.129883 0.417969 -0.463867
v 0.129883 0.419922 -0.424805
v 0.129883 0.423828 0.436523
v 0.129883 0.423828 -0.456055
v 0.129883 0.435547 0.442383
v 0.129883 0.435547 -0.461914
v 0.129883 0.437500 0.198242
v 0.129883 0.437500 -0.010742
v 0.129883 0.439453 0.405273
v 0.129883 0.439453 -0.424805
v 0.129883 0.441406 -0.217773
v 0.129883 0.441406 -0.456055
v 0.129883 0.443359 0.436523
v 0.129883 0.458984 -0.416992
v 0.129883 0.460938 0.397461
v 0.129883 0.460938 -0.010742
v 0.129883 0.460938 -0.213867
v 0.129883 0.464844 0.194336
v 0.131836 0.300781 0.374023
v 0.131836 0.302734 -0.364258
v 0.131836 0.302734 -0.391602
v 0.131836 0.386719 -0.362305
v 0.131836 0.386719 -0.389648
v 0.131836 0.392578 -0.418945
v 0.131836 0.406250 0.399414
v 0.131836 0.406250 -0.418945
v 0.131836 0.408203 -0.010742
v 0.131836 0.408203 -0.215820
v 0.131836 0.412109 0.196289
v 0.131836 0.416016 0.456055
v 0.131836 0.425781 0.401367
v 0.131836 0.425781 -0.420898
v 0.131836 0.427734 -0.010742
v 0.131836 0.427734 -0.215820
v 0.131836 0.431641 0.196289
v 0.131836 0.445312 -0.418945
v 0.131836 0.447266 0.399414
v 0.131836 0.447266 -0.010742
v 0.131836 0.447266 -0.215820
v 0.131836 0.451172 0.196289
v 0.131836 0.451172 0.442383
v 0.131836 0.453125 -0.422852
v 0.131836 0.248047 -0.389648
v 0.133789 0.300781 0.346680
v 0.133789 0.302734 -0.416992
v 0.133789 0.382812 0.399414
v 0.133789 0.382812 0.438477
v 0.133789 0.382812 -0.010742
v 0.133789 0.384766 0.196289
v 0.133789 0.384766 -0.415039
v 0.133789 0.384766 -0.420898
v 0.133789 0.384766 -0.459961
v 0.133789 0.386719 -0.215820
v 0.133789 0.398438 0.454102
v 0.133789 0.398438 -0.475586
v 0.133789 0.408203 -0.360352
v 0.133789 0.416016 -0.475586
v 0.133789 0.433594 0.456055
v 0.133789 0.433594 -0.475586
v 0.133789 0.445312 0.454102
v 0.133789 0.451172 0.196289
v 0.133789 0.451172 -0.010742
v 0.133789 0.451172 -0.461914
v 0.133789 0.453125 0.403320
v 0.133789 0.453125 -0.215820
v 0.133789 0.250000 -0.364258
v 0.133789 0.246094 0.372070
v 0.133789 0.109375 0.375977
v 0.133789 0.064453 0.375977
v 0.135742 0.300781 0.399414
v 0.135742 0.384766 0.397461
v 0.135742 0.386719 0.344727
v 0.135742 0.386719 0.372070
v 0.135742 0.386719 0.452148
v 0.135742 0.388672 -0.350586
v 0.135742 0.388672 -0.471680
v 0.135742 0.404297 -0.415039
v 0.135742 0.406250 -0.389648
v 0.135742 0.445312 -0.473633
v 0.135742 0.248047 0.346680
v 0.135742 0.248047 -0.416992
v 0.135742 0.246094 0.399414
v 0.135742 0.197266 -0.364258
v 0.135742 0.197266 -0.391602
v 0.135742 0.195312 0.374023
v 0.135742 0.115234 0.372070
v 0.135742 0.105469 0.190430
v 0.135742 0.064453 0.190430
v 0.135742 0.058594 0.370117
v 0.137695 0.302734 0.333008
v 0.137695 0.302734 -0.350586
v 0.137695 0.302734 -0.430664
v 0.137695 0.376953 0.399414
v 0.137695 0.376953 -0.010742
v 0.137695 0.378906 -0.418945
v 0.137695 0.380859 0.194336
v 0.137695 0.380859 -0.458008
v 0.137695 0.382812 -0.215820
v 0.137695 0.388672 -0.428711
v 0.137695 0.404297 -0.352539
v 0.137695 0.406250 0.344727
v 0.137695 0.416016 0.461914
v 0.137695 0.416016 -0.481445
v 0.137695 0.433594 0.461914
v 0.137695 0.433594 -0.481445
v 0.137695 0.455078 0.440430
v 0.137695 0.455078 -0.459961
v 0.137695 0.457031 0.196289
v 0.137695 0.457031 -0.010742
v 0.137695 0.458984 0.403320
v 0.137695 0.458984 -0.215820
v 0.137695 0.458984 -0.422852
v 0.137695 0.250000 -0.350586
v 0.137695 0.197266 -0.416992
v 0.137695 0.195312 0.346680
v 0.137695 0.195312 0.399414
v 0.137695 0.162109 -0.366211
v 0.137695 0.162109 -0.391602
v 0.137695 0.160156 0.375977
v 0.137695 0.113281 0.375977
v 0.137695 0.111328 0.190430
v 0.137695 0.105469 -0.397461
v 0.137695 0.103516 -0.006836
v 0.137695 0.103516 -0.204102
v 0.137695 0.074219 -0.397461
v 0.137695 0.062500 -0.006836
v 0.137695 0.062500 -0.204102
v 0.137695 0.060547 0.375977
v 0.137695 0.058594 0.190430
v 0.139648 0.300781 0.413086
v 0.139648 0.378906 0.436523
v 0.139648 0.382812 0.450195
v 0.139648 0.382812 -0.471680
v 0.139648 0.386719 0.456055
v 0.139648 0.388672 0.333008
v 0.139648 0.388672 -0.477539
v 0.139648 0.398438 0.459961
v 0.139648 0.398438 -0.481445
v 0.139648 0.402344 -0.428711
v 0.139648 0.404297 0.334961
v 0.139648 0.404297 0.395508
v 0.139648 0.404297 0.399414
v 0.139648 0.406250 0.370117
v 0.139648 0.406250 0.372070
v 0.139648 0.445312 0.459961
v 0.139648 0.445312 -0.479492
v 0.139648 0.451172 0.454102
v 0.139648 0.451172 -0.473633
v 0.139648 0.248047 0.333008
v 0.139648 0.248047 -0.428711
v 0.139648 0.246094 0.411133
v 0.139648 0.160156 0.348633
v 0.139648 0.160156 0.401367
v 0.139648 0.160156 -0.418945
v 0.139648 0.107422 -0.006836
v 0.139648 0.107422 -0.204102
v 0.139648 0.105469 -0.368164
v 0.139648 0.105469 -0.389648
v 0.139648 0.103516 0.377930
v 0.139648 0.074219 0.379883
v 0.139648 0.074219 -0.368164
v 0.139648 0.074219 -0.424805
v 0.139648 0.066406 -0.389648
v 0.139648 0.058594 -0.006836
v 0.139648 0.058594 -0.204102
v 0.139648 0.025391 0.379883
v 0.139648 0.025391 -0.370117
v 0.139648 0.025391 -0.397461
v 0.141602 0.384766 0.411133
v 0.141602 0.400391 0.411133
v 0.141602 0.197266 -0.352539
v 0.141602 0.197266 -0.430664
v 0.141602 0.195312 0.334961
v 0.141602 0.162109 -0.354492
v 0.141602 0.117188 0.374023
v 0.141602 0.115234 0.375977
v 0.141602 0.109375 -0.385742
v 0.141602 0.105469 -0.424805
v 0.141602 0.103516 0.350586
v 0.141602 0.103516 0.405273
v 0.141602 0.103516 -0.362305
v 0.141602 0.103516 -0.397461
v 0.141602 0.095703 0.385742
v 0.141602 0.093750 0.352539
v 0.141602 0.074219 0.350586
v 0.141602 0.074219 0.407227
v 0.141602 0.060547 -0.383789
v 0.141602 0.060547 -0.399414
v 0.141602 0.056641 0.374023
v 0.141602 0.052734 0.387695
v 0.141602 0.050781 0.350586
v 0.141602 0.025391 0.352539
v 0.141602 0.025391 0.407227
v 0.141602 0.025391 -0.422852
v 0.141602 0.013672 -0.370117
v 0.141602 0.013672 -0.397461
v 0.141602 0.011719 0.379883
v 0.143555 0.195312 0.413086
v 0.143555 0.160156 0.336914
v 0.143555 0.160156 -0.430664
v 0.143555 0.113281 0.190430
v 0.143555 0.109375 -0.204102
v 0.143555 0.109375 -0.389648
v 0.143555 0.105469 -0.356445
v 0.143555 0.101562 -0.364258
v 0.143555 0.101562 -0.397461
v 0.143555 0.093750 0.352539
v 0.143555 0.093750 0.385742
v 0.143555 0.074219 -0.356445
v 0.143555 0.062500 -0.364258
v 0.143555 0.062500 -0.389648
v 0.143555 0.062500 -0.397461
v 0.143555 0.056641 0.190430
v 0.143555 0.054688 -0.204102
v 0.143555 0.052734 0.352539
v 0.143555 0.052734 0.385742
v 0.143555 0.013672 -0.422852
v 0.143555 0.011719 0.354492
v 0.143555 0.011719 0.405273
v 0.145508 0.160156 0.413086
v 0.145508 0.109375 -0.006836
v 0.145508 0.105469 -0.368164
v 0.145508 0.105469 -0.393555
v 0.145508 0.105469 -0.436523
v 0.145508 0.103516 0.338867
v 0.145508 0.099609 -0.362305
v 0.145508 0.099609 -0.399414
v 0.145508 0.095703 0.356445
v 0.145508 0.095703 0.381836
v 0.145508 0.089844 0.350586
v 0.145508 0.089844 0.387695
v 0.145508 0.074219 0.338867
v 0.145508 0.074219 -0.438477
v 0.145508 0.066406 -0.362305
v 0.145508 0.066406 -0.401367
v 0.145508 0.060547 -0.368164
v 0.145508 0.058594 -0.393555
v 0.145508 0.056641 0.348633
v 0.145508 0.056641 0.387695
v 0.145508 0.056641 -0.006836
v 0.145508 0.050781 0.381836
v 0.145508 0.048828 0.356445
v 0.145508 0.027344 -0.356445
v 0.145508 0.025391 0.338867
v 0.145508 0.013672 -0.358398
v 0.147461 0.302734 -0.344727
v 0.147461 0.390625 -0.346680
v 0.147461 0.408203 -0.348633
v 0.147461 0.412109 -0.416992
v 0.147461 0.414062 -0.360352
v 0.147461 0.414062 -0.389648
v 0.147461 0.111328 -0.387695
v 0.147461 0.109375 -0.389648
v 0.147461 0.103516 0.418945
v 0.147461 0.072266 0.418945
v 0.147461 0.058594 -0.387695
v 0.147461 0.025391 0.418945
v 0.147461 0.025391 -0.436523
v 0.147461 0.013672 0.340820
v 0.147461 0.013672 0.416992
v 0.147461 0.013672 -0.434570
v 0.147461 0.007812 -0.360352
v 0.147461 0.005859 0.354492
v 0.147461 0.005859 0.379883
v 0.147461 0.005859 0.405273
v 0.147461 0.005859 -0.372070
v 0.147461 0.005859 -0.397461
v 0.147461 0.005859 -0.420898
v 0.149414 0.302734 0.329102
v 0.149414 0.302734 -0.436523
v 0.149414 0.386719 -0.432617
v 0.149414 0.404297 -0.430664
v 0.149414 0.412109 0.372070
v 0.149414 0.250000 -0.346680
v 0.149414 0.248047 0.329102
v 0.149414 0.007812 0.344727
v 0.149414 0.007812 0.415039
v 0.149414 0.007812 -0.432617
v 0.151367 0.300781 0.418945
v 0.151367 0.375000 -0.010742
v 0.151367 0.376953 0.399414
v 0.151367 0.378906 0.194336
v 0.151367 0.378906 -0.418945
v 0.151367 0.380859 -0.215820
v 0.151367 0.382812 0.415039
v 0.151367 0.388672 0.329102
v 0.151367 0.402344 0.413086
v 0.151367 0.406250 0.333008
v 0.151367 0.410156 0.399414
v 0.151367 0.412109 0.342773
v 0.151367 0.458984 0.196289
v 0.151367 0.458984 -0.010742
v 0.151367 0.458984 -0.215820
v 0.151367 0.460938 0.403320
v 0.151367 0.460938 -0.422852
v 0.151367 0.248047 -0.434570
v 0.151367 0.246094 0.416992
v 0.151367 0.197266 -0.346680
v 0.151367 0.195312 0.331055
v 0.153320 0.197266 -0.434570
v 0.153320 0.195312 0.416992
v 0.153320 0.162109 -0.348633
v 0.153320 0.160156 0.331055
v 0.155273 0.457031 0.440430
v 0.155273 0.457031 -0.459961
v 0.155273 0.162109 -0.436523
v 0.155273 0.160156 0.418945
v 0.155273 0.105469 -0.350586
v 0.155273 0.074219 -0.350586
v 0.155273 0.027344 -0.350586
v 0.157227 0.376953 0.436523
v 0.157227 0.378906 0.450195
v 0.157227 0.378906 -0.456055
v 0.157227 0.380859 -0.471680
v 0.157227 0.384766 0.458008
v 0.157227 0.386719 -0.477539
v 0.157227 0.396484 0.461914
v 0.157227 0.398438 -0.481445
v 0.157227 0.414062 0.463867
v 0.157227 0.416016 -0.483398
v 0.157227 0.433594 0.463867
v 0.157227 0.433594 -0.483398
v 0.157227 0.445312 0.459961
v 0.157227 0.445312 -0.479492
v 0.157227 0.453125 0.454102
v 0.157227 0.453125 -0.473633
v 0.157227 0.105469 -0.442383
v 0.157227 0.103516 0.333008
v 0.157227 0.074219 0.333008
v 0.157227 0.074219 -0.442383
v 0.157227 0.072266 0.424805
v 0.157227 0.027344 -0.442383
v 0.157227 0.025391 0.334961
v 0.157227 0.025391 0.424805
v 0.157227 0.013672 0.336914
v 0.157227 0.013672 -0.352539
v 0.157227 0.005859 -0.358398
v 0.157227 0.003906 -0.370117
v 0.159180 0.103516 0.424805
v 0.159180 0.013672 -0.438477
v 0.159180 0.011719 0.422852
v 0.159180 0.005859 0.342773
v 0.159180 0.005859 0.416992
v 0.159180 0.005859 -0.434570
v 0.159180 0.003906 -0.395508
v 0.159180 0.003906 -0.420898
v 0.159180 0.001953 0.354492
v 0.159180 0.001953 0.379883
v 0.159180 0.001953 0.405273
v 0.168945 0.408203 -0.348633
v 0.168945 0.414062 -0.360352
v 0.170898 0.304688 -0.342773
v 0.170898 0.384766 -0.432617
v 0.170898 0.390625 -0.344727
v 0.170898 0.404297 -0.430664
v 0.170898 0.414062 -0.415039
v 0.170898 0.417969 -0.387695
v 0.172852 0.302734 0.327148
v 0.172852 0.302734 -0.436523
v 0.172852 0.388672 0.327148
v 0.172852 0.406250 0.331055
v 0.172852 0.414062 0.342773
v 0.172852 0.416016 0.372070
v 0.172852 0.250000 -0.344727
v 0.172852 0.248047 0.327148
v 0.172852 0.248047 -0.436523
v 0.172852 0.117188 0.374023
v 0.172852 0.115234 0.375977
v 0.172852 0.056641 0.374023
v 0.174805 0.300781 0.418945
v 0.174805 0.382812 0.416992
v 0.174805 0.402344 0.413086
v 0.174805 0.412109 0.399414
v 0.174805 0.246094 0.418945
v 0.174805 0.197266 -0.344727
v 0.174805 0.195312 0.329102
v 0.174805 0.162109 -0.346680
v 0.174805 0.113281 0.190430
v 0.174805 0.109375 -0.204102
v 0.174805 0.056641 0.190430
v 0.174805 0.054688 -0.204102
v 0.176758 0.197266 -0.436523
v 0.176758 0.195312 0.418945
v 0.176758 0.162109 -0.436523
v 0.176758 0.160156 0.329102
v 0.176758 0.115234 0.372070
v 0.176758 0.113281 0.375977
v 0.176758 0.109375 -0.006836
v 0.176758 0.060547 0.375977
v 0.176758 0.056641 -0.006836
v 0.178711 0.160156 0.420898
v 0.178711 0.111328 0.190430
v 0.178711 0.111328 -0.387695
v 0.178711 0.109375 0.375977
v 0.178711 0.109375 -0.389648
v 0.178711 0.105469 -0.348633
v 0.178711 0.076172 -0.348633
v 0.178711 0.064453 0.375977
v 0.178711 0.058594 0.190430
v 0.178711 0.058594 0.370117
v 0.178711 0.058594 -0.387695
v 0.178711 0.027344 -0.348633
v 0.180664 0.107422 -0.006836
v 0.180664 0.107422 -0.204102
v 0.180664 0.105469 0.190430
v 0.180664 0.105469 -0.442383
v 0.180664 0.103516 0.331055
v 0.180664 0.074219 0.331055
v 0.180664 0.074219 -0.444336
v 0.180664 0.064453 0.190430
v 0.180664 0.058594 -0.006836
v 0.180664 0.058594 -0.204102
v 0.180664 0.025391 0.333008
v 0.180664 0.025391 0.426758
v 0.180664 0.013672 -0.352539
v 0.180664 0.011719 0.334961
v 0.180664 0.011719 0.424805
v 0.180664 0.007812 -0.356445
v 0.180664 0.005859 0.340820
v 0.180664 0.003906 0.418945
v 0.180664 0.003906 -0.370117
v 0.180664 0.003906 -0.395508
v 0.180664 0.001953 0.354492
v 0.180664 0.001953 0.379883
v 0.180664 0.001953 0.405273
v 0.182617 0.109375 -0.385742
v 0.182617 0.109375 -0.389648
v 0.182617 0.103516 0.424805
v 0.182617 0.103516 -0.204102
v 0.182617 0.072266 0.426758
v 0.182617 0.062500 -0.204102
v 0.182617 0.062500 -0.389648
v 0.182617 0.060547 -0.383789
v 0.182617 0.027344 -0.442383
v 0.182617 0.013672 -0.440430
v 0.182617 0.007812 -0.434570
v 0.182617 0.003906 -0.420898
v 0.184570 0.105469 -0.389648
v 0.184570 0.103516 -0.006836
v 0.184570 0.066406 -0.389648
v 0.184570 0.062500 -0.006836
v 0.192383 0.390625 -0.344727
v 0.192383 0.402344 -0.430664
v 0.192383 0.408203 -0.348633
v 0.192383 0.414062 -0.360352
v 0.194336 0.304688 -0.344727
v 0.194336 0.382812 -0.432617
v 0.194336 0.388672 0.329102
v 0.194336 0.406250 0.331055
v 0.194336 0.412109 -0.415039
v 0.194336 0.414062 -0.387695
v 0.196289 0.285156 -0.010742
v 0.196289 0.289062 -0.184570
v 0.196289 0.289062 -0.186523
v 0.196289 0.291016 0.163086
v 0.196289 0.291016 0.165039
v 0.196289 0.292969 0.174805
v 0.196289 0.292969 -0.196289
v 0.196289 0.302734 0.182617
v 0.196289 0.302734 0.329102
v 0.196289 0.302734 -0.204102
v 0.196289 0.302734 -0.434570
v 0.196289 0.312500 0.184570
v 0.196289 0.312500 -0.206055
v 0.196289 0.314453 0.184570
v 0.196289 0.314453 -0.206055
v 0.196289 0.373047 -0.010742
v 0.196289 0.376953 -0.010742
v 0.196289 0.382812 0.415039
v 0.196289 0.388672 0.186523
v 0.196289 0.388672 -0.010742
v 0.196289 0.388672 -0.208008
v 0.196289 0.394531 0.184570
v 0.196289 0.394531 0.186523
v 0.196289 0.394531 -0.206055
v 0.196289 0.394531 -0.208008
v 0.196289 0.402344 0.413086
v 0.196289 0.410156 0.397461
v 0.196289 0.412109 0.342773
v 0.196289 0.412109 0.370117
v 0.196289 0.458984 -0.010742
v 0.196289 0.460938 0.196289
v 0.196289 0.460938 -0.215820
v 0.196289 0.250000 -0.346680
v 0.196289 0.250000 -0.434570
v 0.196289 0.248047 0.329102
v 0.198242 0.269531 -0.227539
v 0.198242 0.271484 0.206055
v 0.198242 0.281250 -0.229492
v 0.198242 0.283203 0.208008
v 0.198242 0.285156 -0.010742
v 0.198242 0.291016 0.165039
v 0.198242 0.291016 -0.010742
v 0.198242 0.292969 0.182617
v 0.198242 0.292969 -0.204102
v 0.198242 0.300781 0.416992
v 0.198242 0.380859 0.194336
v 0.198242 0.380859 -0.215820
v 0.198242 0.398438 -0.483398
v 0.198242 0.414062 0.465820
v 0.198242 0.416016 -0.485352
v 0.198242 0.431641 0.463867
v 0.198242 0.433594 -0.483398
v 0.198242 0.445312 0.461914
v 0.198242 0.445312 -0.481445
v 0.198242 0.451172 0.454102
v 0.198242 0.453125 -0.473633
v 0.198242 0.457031 0.440430
v 0.198242 0.457031 -0.459961
v 0.198242 0.460938 0.405273
v 0.198242 0.460938 -0.424805
v 0.198242 0.263672 0.196289
v 0.198242 0.261719 0.184570
v 0.198242 0.261719 -0.219727
v 0.198242 0.259766 -0.208008
v 0.198242 0.257812 -0.010742
v 0.198242 0.246094 0.416992
v 0.198242 0.197266 -0.346680
v 0.198242 0.197266 -0.434570
v 0.198242 0.195312 0.331055
v 0.198242 0.162109 -0.348633
v 0.200195 0.375000 0.399414
v 0.200195 0.375000 0.436523
v 0.200195 0.376953 -0.420898
v 0.200195 0.376953 -0.458008
v 0.200195 0.378906 0.452148
v 0.200195 0.380859 -0.471680
v 0.200195 0.384766 0.458008
v 0.200195 0.386719 -0.479492
v 0.200195 0.396484 0.463867
v 0.200195 0.195312 0.416992
v 0.200195 0.162109 -0.434570
v 0.200195 0.160156 0.331055
v 0.200195 0.130859 0.239258
v 0.200195 0.128906 0.168945
v 0.200195 0.126953 0.243164
v 0.200195 0.125000 0.165039
v 0.200195 0.125000 -0.180664
v 0.200195 0.109375 0.243164
v 0.200195 0.107422 0.165039
v 0.200195 0.107422 -0.180664
v 0.200195 0.103516 0.168945
v 0.200195 0.103516 0.241211
v 0.200195 0.101562 -0.176758
v 0.202148 0.388672 -0.010742
v 0.202148 0.390625 0.184570
v 0.202148 0.390625 0.200195
v 0.202148 0.390625 0.209961
v 0.202148 0.390625 -0.206055
v 0.202148 0.390625 -0.221680
v 0.202148 0.390625 -0.231445
v 0.202148 0.160156 0.418945
v 0.202148 0.130859 -0.258789
v 0.202148 0.128906 0.010742
v 0.202148 0.128906 0.081055
v 0.202148 0.128906 0.241211
v 0.202148 0.128906 -0.106445
v 0.202148 0.128906 -0.176758
v 0.202148 0.126953 0.166992
v 0.202148 0.126953 -0.178711
v 0.202148 0.126953 -0.262695
v 0.202148 0.125000 0.006836
v 0.202148 0.125000 0.084961
v 0.202148 0.125000 -0.102539
v 0.202148 0.107422 0.006836
v 0.202148 0.107422 0.084961
v 0.202148 0.107422 0.243164
v 0.202148 0.107422 -0.102539
v 0.202148 0.107422 -0.262695
v 0.202148 0.105469 0.166992
v 0.202148 0.105469 -0.178711
v 0.202148 0.105469 -0.348633
v 0.202148 0.103516 0.010742
v 0.202148 0.103516 0.081055
v 0.202148 0.103516 -0.106445
v 0.202148 0.103516 -0.258789
v 0.202148 0.076172 -0.348633
v 0.202148 0.015625 -0.352539
v 0.202148 0.013672 0.336914
v 0.202148 0.007812 -0.358398
v 0.202148 0.005859 0.340820
v 0.202148 0.005859 0.416992
v 0.202148 0.005859 -0.370117
v 0.202148 0.001953 0.354492
v 0.204102 0.390625 -0.348633
v 0.204102 0.400391 -0.426758
v 0.204102 0.406250 -0.350586
v 0.204102 0.126953 0.008789
v 0.204102 0.126953 0.083008
v 0.204102 0.126953 0.241211
v 0.204102 0.126953 -0.104492
v 0.204102 0.126953 -0.260742
v 0.204102 0.125000 0.168945
v 0.204102 0.125000 -0.176758
v 0.204102 0.109375 0.241211
v 0.204102 0.107422 0.168945
v 0.204102 0.107422 -0.176758
v 0.204102 0.105469 0.008789
v 0.204102 0.105469 0.083008
v 0.204102 0.105469 -0.104492
v 0.204102 0.105469 -0.260742
v 0.204102 0.105469 -0.440430
v 0.204102 0.103516 0.333008
v 0.204102 0.074219 0.333008
v 0.204102 0.027344 -0.350586
v 0.204102 0.025391 0.334961
v 0.204102 0.025391 0.424805
v 0.204102 0.015625 -0.438477
v 0.204102 0.011719 0.422852
v 0.204102 0.007812 -0.432617
v 0.204102 0.005859 -0.420898
v 0.204102 0.003906 -0.395508
v 0.204102 0.001953 0.379883
v 0.204102 0.001953 0.405273
v 0.206055 0.271484 -0.225586
v 0.206055 0.273438 0.204102
v 0.206055 0.281250 -0.227539
v 0.206055 0.302734 0.333008
v 0.206055 0.302734 -0.430664
v 0.206055 0.304688 -0.350586
v 0.206055 0.384766 -0.426758
v 0.206055 0.388672 0.333008
v 0.206055 0.398438 0.409180
v 0.206055 0.404297 0.333008
v 0.206055 0.404297 -0.416992
v 0.206055 0.406250 -0.416992
v 0.206055 0.408203 -0.360352
v 0.206055 0.408203 -0.387695
v 0.206055 0.265625 0.196289
v 0.206055 0.263672 -0.217773
v 0.206055 0.261719 -0.208008
v 0.206055 0.259766 -0.010742
v 0.206055 0.250000 -0.350586
v 0.206055 0.248047 0.333008
v 0.206055 0.130859 -0.186523
v 0.206055 0.128906 0.000977
v 0.206055 0.126953 -0.184570
v 0.206055 0.126953 -0.258789
v 0.206055 0.125000 0.004883
v 0.206055 0.125000 0.010742
v 0.206055 0.125000 0.081055
v 0.206055 0.125000 -0.106445
v 0.206055 0.107422 0.004883
v 0.206055 0.107422 0.010742
v 0.206055 0.107422 0.081055
v 0.206055 0.107422 -0.106445
v 0.206055 0.107422 -0.184570
v 0.206055 0.107422 -0.258789
v 0.206055 0.103516 0.000977
v 0.206055 0.103516 0.422852
v 0.206055 0.103516 -0.186523
v 0.206055 0.076172 -0.442383
v 0.206055 0.074219 0.424805
v 0.206055 0.027344 -0.440430
v 0.208008 0.283203 0.206055
v 0.208008 0.300781 0.413086
v 0.208008 0.380859 0.409180
v 0.208008 0.386719 -0.360352
v 0.208008 0.400391 0.397461
v 0.208008 0.263672 0.184570
v 0.208008 0.250000 -0.428711
v 0.208008 0.246094 0.411133
v 0.208008 0.197266 -0.352539
v 0.208008 0.195312 0.334961
v 0.208008 0.132812 -0.266602
v 0.208008 0.132812 -0.340820
v 0.208008 0.128906 0.165039
v 0.208008 0.128906 -0.073242
v 0.208008 0.128906 -0.184570
v 0.208008 0.128906 -0.262695
v 0.208008 0.128906 -0.344727
v 0.208008 0.126953 0.002930
v 0.208008 0.125000 0.168945
v 0.208008 0.125000 -0.077148
v 0.208008 0.111328 -0.262695
v 0.208008 0.111328 -0.344727
v 0.208008 0.107422 0.168945
v 0.208008 0.107422 -0.077148
v 0.208008 0.107422 -0.184570
v 0.208008 0.107422 -0.266602
v 0.208008 0.107422 -0.340820
v 0.208008 0.105469 0.002930
v 0.208008 0.103516 0.165039
v 0.208008 0.103516 -0.073242
v 0.209961 0.271484 -0.219727
v 0.209961 0.291016 -0.010742
v 0.209961 0.292969 0.182617
v 0.209961 0.292969 -0.204102
v 0.209961 0.302734 -0.364258
v 0.209961 0.384766 -0.415039
v 0.209961 0.386719 -0.387695
v 0.209961 0.390625 0.208008
v 0.209961 0.390625 -0.229492
v 0.209961 0.406250 0.342773
v 0.209961 0.406250 0.370117
v 0.209961 0.197266 -0.428711
v 0.209961 0.195312 0.413086
v 0.209961 0.162109 -0.352539
v 0.209961 0.160156 0.336914
v 0.209961 0.130859 -0.264648
v 0.209961 0.130859 -0.342773
v 0.209961 0.128906 0.094727
v 0.209961 0.128906 0.249023
v 0.209961 0.128906 0.325195
v 0.209961 0.126953 0.166992
v 0.209961 0.126953 -0.075195
v 0.209961 0.126953 -0.186523
v 0.209961 0.125000 0.000977
v 0.209961 0.125000 0.090820
v 0.209961 0.125000 0.247070
v 0.209961 0.125000 0.327148
v 0.209961 0.109375 -0.264648
v 0.209961 0.109375 -0.342773
v 0.209961 0.107422 0.000977
v 0.209961 0.107422 0.090820
v 0.209961 0.107422 0.247070
v 0.209961 0.107422 0.327148
v 0.209961 0.107422 -0.186523
v 0.209961 0.105469 0.166992
v 0.209961 0.105469 -0.075195
v 0.209961 0.103516 0.094727
v 0.209961 0.103516 0.325195
v 0.209961 0.101562 0.249023
v 0.211914 0.269531 -0.209961
v 0.211914 0.273438 0.196289
v 0.211914 0.281250 -0.219727
v 0.211914 0.283203 0.198242
v 0.211914 0.300781 0.346680
v 0.211914 0.302734 -0.416992
v 0.211914 0.378906 0.397461
v 0.211914 0.384766 0.370117
v 0.211914 0.386719 0.342773
v 0.211914 0.390625 0.184570
v 0.211914 0.390625 -0.206055
v 0.211914 0.267578 -0.010742
v 0.211914 0.250000 -0.364258
v 0.211914 0.250000 -0.416992
v 0.211914 0.248047 0.346680
v 0.211914 0.246094 0.399414
v 0.211914 0.197266 -0.364258
v 0.211914 0.162109 -0.430664
v 0.211914 0.160156 0.413086
v 0.211914 0.128906 -0.266602
v 0.211914 0.128906 -0.340820
v 0.211914 0.126953 0.092773
v 0.211914 0.126953 0.247070
v 0.211914 0.126953 0.327148
v 0.211914 0.125000 0.165039
v 0.211914 0.125000 -0.073242
v 0.211914 0.111328 -0.266602
v 0.211914 0.111328 -0.340820
v 0.211914 0.107422 0.165039
v 0.211914 0.107422 -0.073242
v 0.211914 0.107422 -0.354492
v 0.211914 0.105469 0.092773
v 0.211914 0.105469 0.247070
v 0.211914 0.105469 0.327148
v 0.211914 0.009766 -0.360352
v 0.211914 0.007812 0.344727
v 0.211914 0.007812 0.415039
v 0.213867 0.271484 0.186523
v 0.213867 0.283203 -0.010742
v 0.213867 0.285156 -0.209961
v 0.213867 0.300781 0.372070
v 0.213867 0.300781 0.399414
v 0.213867 0.302734 -0.389648
v 0.213867 0.250000 -0.389648
v 0.213867 0.246094 0.372070
v 0.213867 0.197266 -0.389648
v 0.213867 0.197266 -0.416992
v 0.213867 0.195312 0.346680
v 0.213867 0.195312 0.399414
v 0.213867 0.162109 -0.366211
v 0.213867 0.125000 0.094727
v 0.213867 0.125000 0.249023
v 0.213867 0.125000 0.325195
v 0.213867 0.107422 0.094727
v 0.213867 0.107422 0.249023
v 0.213867 0.107422 0.325195
v 0.213867 0.105469 -0.434570
v 0.213867 0.076172 -0.354492
v 0.213867 0.027344 -0.356445
v 0.213867 0.015625 -0.356445
v 0.213867 0.013672 0.340820
v 0.213867 0.013672 0.416992
v 0.213867 0.009766 -0.430664
v 0.213867 0.007812 -0.370117
v 0.213867 0.007812 -0.420898
v 0.213867 0.005859 0.354492
v 0.213867 0.005859 0.379883
v 0.213867 0.005859 0.405273
v 0.215820 0.285156 0.186523
v 0.215820 0.390625 0.200195
v 0.215820 0.390625 -0.221680
v 0.215820 0.195312 0.374023
v 0.215820 0.162109 -0.391602
v 0.215820 0.162109 -0.418945
v 0.215820 0.160156 0.348633
v 0.215820 0.160156 0.401367
v 0.215820 0.103516 0.336914
v 0.215820 0.103516 0.418945
v 0.215820 0.076172 -0.436523
v 0.215820 0.074219 0.338867
v 0.215820 0.074219 0.418945
v 0.215820 0.027344 -0.436523
v 0.215820 0.025391 0.338867
v 0.215820 0.025391 0.418945
v 0.215820 0.015625 -0.434570
v 0.215820 0.007812 -0.395508
v 0.217773 0.292969 -0.196289
v 0.217773 0.302734 -0.204102
v 0.217773 0.314453 0.184570
v 0.217773 0.314453 -0.206055
v 0.217773 0.390625 0.192383
v 0.217773 0.390625 -0.213867
v 0.217773 0.160156 0.374023
v 0.217773 0.107422 -0.368164
v 0.217773 0.015625 -0.370117
v 0.217773 0.013672 0.354492
v 0.217773 0.011719 0.405273
v 0.219727 0.287109 -0.010742
v 0.219727 0.289062 -0.186523
v 0.219727 0.291016 0.165039
v 0.219727 0.294922 0.174805
v 0.219727 0.302734 0.182617
v 0.219727 0.333984 0.026367
v 0.219727 0.333984 -0.047852
v 0.219727 0.339844 0.028320
v 0.219727 0.339844 0.045898
v 0.219727 0.339844 -0.047852
v 0.219727 0.339844 -0.067383
v 0.219727 0.345703 0.030273
v 0.219727 0.345703 0.041992
v 0.219727 0.345703 -0.051758
v 0.219727 0.345703 -0.063477
v 0.219727 0.347656 0.036133
v 0.219727 0.347656 -0.057617
v 0.219727 0.388672 -0.010742
v 0.219727 0.394531 -0.208008
v 0.219727 0.396484 0.186523
v 0.219727 0.105469 -0.395508
v 0.219727 0.105469 -0.422852
v 0.219727 0.103516 0.350586
v 0.219727 0.103516 0.405273
v 0.219727 0.076172 -0.368164
v 0.219727 0.074219 0.350586
v 0.219727 0.027344 -0.368164
v 0.219727 0.025391 0.352539
v 0.219727 0.025391 0.407227
v 0.219727 0.015625 -0.395508
v 0.219727 0.015625 -0.420898
v 0.219727 0.011719 0.379883
v 0.221680 0.320312 0.036133
v 0.221680 0.320312 -0.057617
v 0.221680 0.322266 0.030273
v 0.221680 0.322266 0.041992
v 0.221680 0.322266 -0.051758
v 0.221680 0.322266 -0.063477
v 0.221680 0.328125 0.028320
v 0.221680 0.328125 0.045898
v 0.221680 0.328125 -0.047852
v 0.221680 0.328125 -0.067383
v 0.221680 0.333984 0.045898
v 0.221680 0.333984 -0.067383
v 0.221680 0.103516 0.377930
v 0.221680 0.076172 -0.395508
v 0.221680 0.076172 -0.422852
v 0.221680 0.074219 0.379883
v 0.221680 0.074219 0.407227
v 0.221680 0.027344 -0.395508
v 0.221680 0.027344 -0.422852
v 0.221680 0.025391 0.379883
v 0.223633 0.287109 -0.010742
v 0.223633 0.291016 -0.184570
v 0.223633 0.292969 0.163086
v 0.223633 0.294922 0.172852
v 0.223633 0.294922 -0.194336
v 0.223633 0.304688 0.180664
v 0.223633 0.304688 -0.202148
v 0.223633 0.314453 -0.204102
v 0.223633 0.316406 0.182617
v 0.225586 0.292969 -0.010742
v 0.225586 0.296875 0.161133
v 0.225586 0.296875 -0.182617
v 0.225586 0.298828 0.168945
v 0.225586 0.298828 -0.192383
v 0.225586 0.306641 0.176758
v 0.225586 0.306641 -0.198242
v 0.225586 0.318359 0.178711
v 0.225586 0.318359 -0.200195
v 0.225586 0.386719 -0.010742
v 0.225586 0.394531 0.184570
v 0.225586 0.394531 -0.206055
v 0.227539 0.382812 -0.010742
v 0.227539 0.388672 -0.202148
v 0.227539 0.390625 0.180664
v 0.229492 0.320312 0.036133
v 0.229492 0.320312 -0.057617
v 0.229492 0.322266 0.030273
v 0.229492 0.322266 -0.051758
v 0.229492 0.322266 -0.063477
v 0.229492 0.324219 0.041992
v 0.229492 0.328125 0.028320
v 0.229492 0.328125 0.045898
v 0.229492 0.328125 -0.049805
v 0.229492 0.328125 -0.067383
v 0.229492 0.333984 0.026367
v 0.229492 0.333984 0.045898
v 0.229492 0.333984 -0.047852
v 0.229492 0.333984 -0.067383
v 0.229492 0.339844 0.028320
v 0.229492 0.339844 0.045898
v 0.229492 0.339844 -0.049805
v 0.229492 0.339844 -0.067383
v 0.229492 0.345703 0.030273
v 0.229492 0.345703 0.041992
v 0.229492 0.345703 -0.051758
v 0.229492 0.345703 -0.063477
v 0.229492 0.347656 0.036133
v 0.229492 0.347656 -0.057617
v 0.237305 0.324219 0.041992
v 0.237305 0.324219 -0.063477
v 0.237305 0.328125 0.028320
v 0.237305 0.328125 0.045898
v 0.237305 0.328125 -0.049805
v 0.237305 0.328125 -0.065430
v 0.237305 0.333984 0.026367
v 0.237305 0.333984 0.045898
v 0.237305 0.333984 -0.047852
v 0.237305 0.333984 -0.067383
v 0.237305 0.339844 0.028320
v 0.237305 0.339844 0.045898
v 0.237305 0.339844 -0.049805
v 0.237305 0.339844 -0.065430
v 0.237305 0.345703 0.030273
v 0.237305 0.345703 0.041992
v 0.237305 0.345703 -0.051758
v 0.237305 0.345703 -0.063477
v 0.237305 0.347656 0.036133
v 0.237305 0.347656 -0.057617
v 0.239258 0.322266 0.036133
v 0.239258 0.322266 -0.057617
v 0.239258 0.324219 0.030273
v 0.239258 0.324219 -0.051758
v 0.239258 0.443359 0.459961
v 0.241211 0.378906 0.450195
v 0.241211 0.382812 -0.471680
v 0.241211 0.384766 0.458008
v 0.241211 0.386719 -0.479492
v 0.241211 0.396484 0.461914
v 0.241211 0.398438 -0.481445
v 0.241211 0.414062 0.463867
v 0.241211 0.416016 -0.483398
v 0.241211 0.431641 0.463867
v 0.241211 0.433594 -0.483398
v 0.241211 0.445312 -0.479492
v 0.241211 0.449219 0.454102
v 0.241211 0.451172 -0.473633
v 0.241211 0.455078 0.440430
v 0.241211 0.457031 -0.459961
v 0.243164 0.376953 0.436523
v 0.243164 0.378906 -0.010742
v 0.243164 0.378906 -0.458008
v 0.243164 0.382812 0.194336
v 0.243164 0.382812 -0.215820
v 0.243164 0.458984 0.196289
v 0.243164 0.458984 -0.010742
v 0.243164 0.460938 -0.215820
v 0.245117 0.324219 0.041992
v 0.245117 0.324219 -0.063477
v 0.245117 0.328125 0.028320
v 0.245117 0.328125 0.045898
v 0.245117 0.328125 -0.047852
v 0.245117 0.328125 -0.067383
v 0.245117 0.333984 0.026367
v 0.245117 0.333984 0.045898
v 0.245117 0.333984 -0.047852
v 0.245117 0.333984 -0.067383
v 0.245117 0.339844 0.045898
v 0.245117 0.339844 -0.067383
v 0.245117 0.341797 0.028320
v 0.245117 0.341797 -0.047852
v 0.245117 0.345703 0.041992
v 0.245117 0.345703 -0.063477
v 0.247070 0.322266 0.036133
v 0.247070 0.322266 -0.057617
v 0.247070 0.324219 0.030273
v 0.247070 0.324219 -0.051758
v 0.247070 0.333984 0.024414
v 0.247070 0.333984 -0.045898
v 0.247070 0.345703 0.030273
v 0.247070 0.345703 -0.051758
v 0.247070 0.347656 0.036133
v 0.247070 0.347656 -0.057617
v 0.247070 0.376953 0.399414
v 0.247070 0.378906 -0.420898
v 0.247070 0.458984 0.403320
v 0.247070 0.458984 -0.422852
v 0.249023 0.328125 0.026367
v 0.249023 0.328125 0.045898
v 0.249023 0.328125 -0.047852
v 0.249023 0.328125 -0.065430
v 0.249023 0.333984 0.016602
v 0.249023 0.333984 0.045898
v 0.249023 0.333984 -0.010742
v 0.249023 0.333984 -0.038086
v 0.249023 0.333984 -0.067383
v 0.249023 0.339844 0.045898
v 0.249023 0.339844 -0.065430
v 0.249023 0.341797 0.026367
v 0.249023 0.341797 -0.047852
v 0.250977 0.322266 0.036133
v 0.250977 0.322266 -0.057617
v 0.250977 0.324219 0.041992
v 0.250977 0.324219 -0.063477
v 0.250977 0.328125 0.016602
v 0.250977 0.328125 -0.010742
v 0.250977 0.328125 -0.038086
v 0.250977 0.339844 -0.010742
v 0.250977 0.341797 0.016602
v 0.250977 0.341797 -0.038086
v 0.250977 0.345703 0.041992
v 0.250977 0.345703 -0.063477
v 0.250977 0.347656 0.036133
v 0.250977 0.347656 -0.057617
v 0.252930 0.324219 0.018555
v 0.252930 0.324219 0.028320
v 0.252930 0.324219 -0.010742
v 0.252930 0.324219 -0.040039
v 0.252930 0.324219 -0.049805
v 0.252930 0.345703 0.018555
v 0.252930 0.345703 0.028320
v 0.252930 0.345703 -0.010742
v 0.252930 0.345703 -0.040039
v 0.252930 0.345703 -0.049805
v 0.254883 0.322266 0.036133
v 0.254883 0.322266 -0.057617
v 0.254883 0.324219 0.041992
v 0.254883 0.324219 -0.063477
v 0.254883 0.330078 0.043945
v 0.254883 0.330078 -0.065430
v 0.254883 0.333984 0.045898
v 0.254883 0.333984 -0.067383
v 0.254883 0.339844 0.043945
v 0.254883 0.339844 -0.065430
v 0.254883 0.345703 0.041992
v 0.254883 0.345703 -0.063477
v 0.254883 0.347656 0.036133
v 0.254883 0.347656 -0.057617
v 0.254883 0.457031 -0.010742
v 0.256836 0.380859 -0.010742
v 0.256836 0.384766 0.194336
v 0.256836 0.384766 -0.215820
v 0.256836 0.458984 0.196289
v 0.256836 0.458984 -0.215820
v 0.258789 0.322266 0.016602
v 0.258789 0.322266 0.024414
v 0.258789 0.322266 0.032227
v 0.258789 0.322266 -0.010742
v 0.258789 0.322266 -0.038086
v 0.258789 0.322266 -0.045898
v 0.258789 0.322266 -0.053711
v 0.258789 0.326172 0.041992
v 0.258789 0.326172 -0.061523
v 0.258789 0.330078 0.043945
v 0.258789 0.330078 -0.065430
v 0.258789 0.333984 -0.065430
v 0.258789 0.335938 0.043945
v 0.258789 0.339844 0.043945
v 0.258789 0.339844 -0.065430
v 0.258789 0.343750 0.041992
v 0.258789 0.343750 -0.061523
v 0.258789 0.347656 0.016602
v 0.258789 0.347656 0.024414
v 0.258789 0.347656 0.032227
v 0.258789 0.347656 -0.010742
v 0.258789 0.347656 -0.038086
v 0.258789 0.347656 -0.045898
v 0.258789 0.347656 -0.053711
v 0.258789 0.382812 0.452148
v 0.258789 0.384766 -0.471680
v 0.258789 0.386719 0.458008
v 0.258789 0.388672 -0.477539
v 0.258789 0.398438 -0.481445
v 0.258789 0.414062 0.461914
v 0.258789 0.416016 -0.483398
v 0.258789 0.429688 0.461914
v 0.258789 0.433594 -0.481445
v 0.258789 0.441406 0.459961
v 0.258789 0.443359 -0.479492
v 0.258789 0.447266 0.454102
v 0.258789 0.449219 -0.473633
v 0.258789 0.453125 0.440430
v 0.260742 0.324219 0.038086
v 0.260742 0.324219 -0.059570
v 0.260742 0.326172 0.041992
v 0.260742 0.326172 -0.061523
v 0.260742 0.330078 0.041992
v 0.260742 0.330078 -0.063477
v 0.260742 0.339844 0.041992
v 0.260742 0.339844 -0.063477
v 0.260742 0.343750 0.041992
v 0.260742 0.343750 -0.061523
v 0.260742 0.345703 0.038086
v 0.260742 0.345703 -0.059570
v 0.260742 0.378906 0.436523
v 0.260742 0.380859 -0.420898
v 0.260742 0.380859 -0.458008
v 0.260742 0.386719 -0.010742
v 0.260742 0.390625 0.196289
v 0.260742 0.390625 -0.215820
v 0.260742 0.396484 0.459961
v 0.260742 0.451172 -0.010742
v 0.260742 0.453125 0.196289
v 0.260742 0.453125 -0.215820
v 0.260742 0.455078 -0.459961
v 0.260742 0.457031 0.403320
v 0.260742 0.458984 -0.422852
v 0.262695 0.326172 0.036133
v 0.262695 0.326172 0.040039
v 0.262695 0.326172 -0.057617
v 0.262695 0.326172 -0.059570
v 0.262695 0.335938 0.041992
v 0.262695 0.335938 -0.063477
v 0.262695 0.343750 0.036133
v 0.262695 0.343750 0.040039
v 0.262695 0.343750 -0.057617
v 0.262695 0.343750 -0.059570
v 0.262695 0.378906 0.399414
v 0.262695 0.386719 0.452148
v 0.262695 0.388672 -0.473633
v 0.262695 0.400391 -0.010742
v 0.262695 0.439453 -0.010742
v 0.262695 0.441406 0.198242
v 0.262695 0.441406 -0.217773
v 0.262695 0.443359 0.454102
v 0.262695 0.445312 -0.473633
v 0.264648 0.324219 0.016602
v 0.264648 0.324219 0.024414
v 0.264648 0.324219 0.030273
v 0.264648 0.324219 -0.010742
v 0.264648 0.324219 -0.038086
v 0.264648 0.324219 -0.045898
v 0.264648 0.324219 -0.051758
v 0.264648 0.330078 0.040039
v 0.264648 0.330078 -0.061523
v 0.264648 0.335938 0.040039
v 0.264648 0.335938 -0.061523
v 0.264648 0.339844 0.040039
v 0.264648 0.339844 -0.061523
v 0.264648 0.345703 0.016602
v 0.264648 0.345703 0.024414
v 0.264648 0.345703 0.030273
v 0.264648 0.345703 -0.010742
v 0.264648 0.345703 -0.038086
v 0.264648 0.345703 -0.045898
v 0.264648 0.345703 -0.051758
v 0.264648 0.382812 0.438477
v 0.264648 0.386719 -0.459961
v 0.264648 0.396484 0.454102
v 0.264648 0.398438 -0.475586
v 0.264648 0.402344 0.196289
v 0.264648 0.404297 -0.217773
v 0.264648 0.414062 0.456055
v 0.264648 0.416016 -0.477539
v 0.264648 0.419922 -0.010742
v 0.264648 0.421875 0.198242
v 0.264648 0.421875 -0.217773
v 0.264648 0.431641 0.456055
v 0.264648 0.433594 -0.475586
v 0.264648 0.447266 0.442383
v 0.264648 0.449219 -0.461914
v 0.264648 0.451172 0.403320
v 0.264648 0.453125 -0.422852
v 0.266602 0.330078 0.032227
v 0.266602 0.330078 0.036133
v 0.266602 0.330078 -0.053711
v 0.266602 0.330078 -0.057617
v 0.266602 0.335938 0.036133
v 0.266602 0.335938 -0.057617
v 0.266602 0.339844 0.032227
v 0.266602 0.339844 0.036133
v 0.266602 0.339844 -0.053711
v 0.266602 0.339844 -0.057617
v 0.266602 0.382812 0.401367
v 0.266602 0.386719 -0.420898
v 0.266602 0.433594 0.442383
v 0.266602 0.435547 -0.461914
v 0.268555 0.330078 0.016602
v 0.268555 0.330078 0.026367
v 0.268555 0.330078 -0.010742
v 0.268555 0.330078 -0.038086
v 0.268555 0.330078 -0.047852
v 0.268555 0.335938 0.016602
v 0.268555 0.335938 0.026367
v 0.268555 0.335938 0.032227
v 0.268555 0.335938 -0.010742
v 0.268555 0.335938 -0.038086
v 0.268555 0.335938 -0.045898
v 0.268555 0.335938 -0.053711
v 0.268555 0.341797 0.016602
v 0.268555 0.341797 0.026367
v 0.268555 0.341797 -0.010742
v 0.268555 0.341797 -0.038086
v 0.268555 0.341797 -0.047852
v 0.268555 0.396484 0.403320
v 0.268555 0.396484 0.440430
v 0.268555 0.400391 -0.422852
v 0.268555 0.400391 -0.461914
v 0.268555 0.414062 0.442383
v 0.268555 0.416016 0.405273
v 0.268555 0.417969 -0.463867
v 0.268555 0.419922 -0.424805
v 0.268555 0.437500 0.405273
v 0.268555 0.439453 -0.424805
v -0.022461 0.386719 0.397461
v -0.022461 0.386719 0.432617
v -0.022461 0.386719 -0.416992
v -0.022461 0.386719 -0.452148
v -0.022461 0.388672 -0.008789
v -0.022461 0.388672 -0.213867
v -0.022461 0.390625 0.194336
v -0.022461 0.390625 0.446289
v -0.022461 0.390625 -0.463867
v -0.022461 0.396484 0.452148
v -0.022461 0.396484 -0.471680
v -0.022461 0.410156 0.456055
v -0.022461 0.410156 -0.475586
v -0.022461 0.427734 0.458008
v -0.022461 0.427734 -0.475586
v -0.022461 0.445312 -0.475586
v -0.022461 0.447266 0.456055
v -0.022461 0.458984 0.452148
v -0.022461 0.458984 -0.471680
v -0.022461 0.464844 -0.465820
v -0.022461 0.466797 0.446289
v -0.022461 0.468750 -0.452148
v -0.022461 0.470703 0.397461
v -0.022461 0.470703 0.432617
v -0.022461 0.470703 -0.213867
v -0.022461 0.470703 -0.416992
v -0.022461 0.472656 0.194336
v -0.022461 0.472656 -0.008789
v -0.073242 0.392578 0.444336
v -0.073242 0.398438 0.452148
v -0.073242 0.398438 -0.471680
v -0.073242 0.410156 -0.473633
v -0.073242 0.458984 0.452148
v -0.073242 0.458984 -0.471680
v -0.073242 0.466797 0.444336
v -0.075195 0.388672 0.432617
v -0.075195 0.388672 -0.452148
v -0.075195 0.392578 -0.463867
v -0.075195 0.410156 0.454102
v -0.075195 0.427734 -0.475586
v -0.075195 0.429688 0.456055
v -0.075195 0.445312 -0.473633
v -0.075195 0.447266 0.456055
v -0.075195 0.464844 -0.463867
v -0.075195 0.468750 -0.450195
v -0.075195 0.470703 0.432617
v -0.075195 0.109375 -0.368164
v -0.075195 0.107422 -0.364258
v -0.075195 0.107422 -0.395508
v -0.075195 0.103516 -0.399414
v -0.075195 0.101562 -0.362305
v -0.075195 0.099609 0.381836
v -0.075195 0.099609 -0.401367
v -0.075195 0.097656 0.354492
v -0.075195 0.097656 0.385742
v -0.075195 0.095703 0.350586
v -0.075195 0.093750 0.387695
v -0.075195 0.089844 0.348633
v -0.075195 0.066406 -0.360352
v -0.075195 0.064453 -0.403320
v -0.075195 0.060547 -0.362305
v -0.075195 0.060547 -0.401367
v -0.075195 0.058594 -0.368164
v -0.075195 0.058594 -0.395508
v -0.075195 0.056641 0.346680
v -0.075195 0.056641 0.389648
v -0.075195 0.052734 0.387695
v -0.075195 0.050781 0.348633
v -0.075195 0.050781 0.381836
v -0.075195 0.048828 0.354492
v -0.081055 0.388672 0.397461
v -0.081055 0.388672 -0.415039
v -0.081055 0.390625 0.194336
v -0.081055 0.390625 -0.008789
v -0.081055 0.390625 -0.211914
v -0.081055 0.468750 -0.211914
v -0.081055 0.468750 -0.415039
v -0.081055 0.470703 0.194336
v -0.081055 0.470703 0.397461
v -0.081055 0.470703 -0.008789
v -0.086914 0.269531 0.206055
v -0.086914 0.279297 0.208008
v -0.086914 0.291016 0.182617
v -0.086914 0.261719 0.196289
v -0.086914 0.259766 0.186523
v -0.088867 0.271484 -0.227539
v -0.088867 0.283203 -0.229492
v -0.088867 0.294922 -0.204102
v -0.088867 0.388672 0.184570
v -0.088867 0.388672 0.200195
v -0.088867 0.388672 0.209961
v -0.088867 0.390625 -0.206055
v -0.088867 0.390625 -0.221680
v -0.088867 0.390625 -0.231445
v -0.088867 0.263672 -0.217773
v -0.088867 0.261719 -0.208008
v -0.094727 0.392578 0.194336
v -0.094727 0.392578 -0.008789
v -0.094727 0.392578 -0.211914
v -0.094727 0.394531 0.446289
v -0.094727 0.394531 -0.463867
v -0.094727 0.398438 0.450195
v -0.094727 0.400391 -0.469727
v -0.094727 0.457031 -0.469727
v -0.094727 0.458984 0.450195
v -0.094727 0.462891 -0.463867
v -0.094727 0.464844 0.446289
v -0.094727 0.468750 -0.211914
v -0.094727 0.470703 -0.008789
v -0.096680 0.390625 0.397461
v -0.096680 0.390625 0.432617
v -0.096680 0.390625 -0.415039
v -0.096680 0.390625 -0.452148
v -0.096680 0.410156 0.454102
v -0.096680 0.410156 -0.471680
v -0.096680 0.427734 -0.473633
v -0.096680 0.429688 0.454102
v -0.096680 0.445312 -0.471680
v -0.096680 0.447266 0.454102
v -0.096680 0.466797 -0.415039
v -0.096680 0.466797 -0.452148
v -0.096680 0.468750 0.432617
v -0.096680 0.470703 0.194336
v -0.098633 0.470703 0.397461
v -0.100586 0.396484 0.194336
v -0.100586 0.396484 0.434570
v -0.100586 0.396484 -0.008789
v -0.100586 0.396484 -0.213867
v -0.100586 0.396484 -0.452148
v -0.100586 0.398438 0.446289
v -0.100586 0.398438 -0.465820
v -0.100586 0.457031 -0.465820
v -0.100586 0.458984 0.446289
v -0.100586 0.460938 -0.454102
v -0.100586 0.462891 -0.213867
v -0.100586 0.464844 0.194336
v -0.100586 0.464844 -0.008789
v -0.102539 0.394531 -0.416992
v -0.102539 0.396484 0.397461
v -0.102539 0.410156 0.448242
v -0.102539 0.410156 -0.420898
v -0.102539 0.410156 -0.467773
v -0.102539 0.412109 0.196289
v -0.102539 0.412109 0.403320
v -0.102539 0.412109 -0.008789
v -0.102539 0.427734 -0.467773
v -0.102539 0.429688 0.450195
v -0.102539 0.429688 -0.459961
v -0.102539 0.431641 0.198242
v -0.102539 0.431641 0.403320
v -0.102539 0.431641 0.440430
v -0.102539 0.431641 -0.422852
v -0.102539 0.433594 -0.008789
v -0.102539 0.433594 -0.217773
v -0.102539 0.447266 0.448242
v -0.102539 0.447266 -0.467773
v -0.102539 0.453125 0.403320
v -0.102539 0.453125 -0.420898
v -0.102539 0.455078 -0.008789
v -0.102539 0.462891 0.434570
v -0.102539 0.462891 -0.416992
v -0.102539 0.464844 0.397461
v -0.104492 0.410156 0.196289
v -0.104492 0.410156 0.434570
v -0.104492 0.410156 0.438477
v -0.104492 0.410156 -0.213867
v -0.104492 0.410156 -0.454102
v -0.104492 0.410156 -0.458008
v -0.104492 0.412109 -0.008789
v -0.104492 0.412109 -0.215820
v -0.104492 0.429688 -0.215820
v -0.104492 0.447266 -0.454102
v -0.104492 0.449219 0.434570
v -0.104492 0.449219 -0.213867
v -0.104492 0.449219 -0.458008
v -0.104492 0.451172 0.194336
v -0.104492 0.451172 0.438477
v -0.104492 0.451172 -0.008789
v -0.104492 0.453125 0.196289
v -0.104492 0.453125 -0.215820
v -0.106445 0.396484 0.401367
v -0.106445 0.396484 0.438477
v -0.106445 0.396484 -0.418945
v -0.106445 0.396484 -0.458008
v -0.106445 0.398438 0.196289
v -0.106445 0.398438 -0.008789
v -0.106445 0.398438 -0.215820
v -0.106445 0.410156 0.399414
v -0.106445 0.410156 -0.418945
v -0.106445 0.410156 -0.471680
v -0.106445 0.412109 0.452148
v -0.106445 0.427734 -0.456055
v -0.106445 0.429688 0.401367
v -0.106445 0.429688 0.436523
v -0.106445 0.429688 0.454102
v -0.106445 0.429688 -0.418945
v -0.106445 0.429688 -0.473633
v -0.106445 0.431641 0.196289
v -0.106445 0.431641 -0.008789
v -0.106445 0.447266 -0.471680
v -0.106445 0.449219 0.452148
v -0.106445 0.449219 -0.418945
v -0.106445 0.451172 0.399414
v -0.106445 0.466797 0.401367
v -0.106445 0.466797 -0.215820
v -0.106445 0.466797 -0.418945
v -0.106445 0.468750 0.196289
v -0.106445 0.468750 -0.008789
v -0.108398 0.398438 -0.469727
v -0.108398 0.400391 0.450195
v -0.108398 0.458984 -0.469727
v -0.108398 0.460938 0.450195
v -0.108398 0.464844 0.438477
v -0.108398 0.464844 -0.458008
v -0.110352 0.390625 0.399414
v -0.110352 0.392578 0.196289
v -0.110352 0.392578 -0.008789
v -0.110352 0.392578 -0.213867
v -0.110352 0.392578 -0.418945
v -0.110352 0.472656 0.399414
v -0.112305 0.390625 0.436523
v -0.112305 0.390625 -0.456055
v -0.112305 0.394531 0.450195
v -0.112305 0.394531 -0.469727
v -0.112305 0.400391 0.456055
v -0.112305 0.400391 -0.473633
v -0.112305 0.410156 -0.477539
v -0.112305 0.412109 0.458008
v -0.112305 0.429688 0.459961
v -0.112305 0.429688 -0.477539
v -0.112305 0.447266 -0.477539
v -0.112305 0.449219 0.458008
v -0.112305 0.468750 -0.456055
v -0.112305 0.470703 0.436523
v -0.112305 0.472656 -0.213867
v -0.112305 0.472656 -0.418945
v -0.112305 0.474609 0.196289
v -0.112305 0.474609 -0.008789
v -0.114258 0.458984 -0.473633
v -0.114258 0.460938 0.456055
v -0.114258 0.464844 -0.467773
v -0.114258 0.466797 0.450195
v -0.124023 0.390625 0.196289
v -0.124023 0.390625 -0.008789
v -0.124023 0.390625 -0.213867
v -0.124023 0.476562 -0.008789
v -0.125977 0.388672 0.399414
v -0.125977 0.388672 -0.418945
v -0.125977 0.472656 -0.418945
v -0.125977 0.474609 0.399414
v -0.125977 0.474609 -0.213867
v -0.125977 0.476562 0.196289
v -0.131836 0.388672 0.436523
v -0.131836 0.388672 -0.454102
v -0.131836 0.392578 0.450195
v -0.131836 0.392578 -0.467773
v -0.131836 0.398438 0.456055
v -0.131836 0.398438 -0.475586
v -0.131836 0.410156 -0.479492
v -0.131836 0.412109 0.459961
v -0.131836 0.429688 0.461914
v -0.131836 0.429688 -0.479492
v -0.131836 0.447266 -0.479492
v -0.131836 0.449219 0.459961
v -0.131836 0.460938 -0.475586
v -0.131836 0.462891 0.456055
v -0.131836 0.466797 -0.467773
v -0.131836 0.468750 0.450195
v -0.131836 0.472656 0.436523
v -0.131836 0.472656 -0.456055
v -0.131836 0.113281 -0.206055
v -0.131836 0.105469 -0.008789
v -0.131836 0.103516 -0.395508
v -0.131836 0.074219 -0.395508
v -0.131836 0.070312 -0.206055
v -0.131836 0.066406 -0.008789
v -0.133789 0.160156 -0.391602
v -0.133789 0.111328 -0.391602
v -0.133789 0.103516 0.377930
v -0.133789 0.103516 -0.368164
v -0.133789 0.103516 -0.422852
v -0.133789 0.074219 0.379883
v -0.133789 0.074219 -0.368164
v -0.133789 0.074219 -0.422852
v -0.133789 0.070312 -0.391602
v -0.133789 0.064453 -0.385742
v -0.133789 0.025391 -0.395508
v -0.135742 0.304688 -0.389648
v -0.135742 0.388672 -0.387695
v -0.135742 0.250000 -0.389648
v -0.135742 0.197266 -0.389648
v -0.135742 0.197266 -0.416992
v -0.135742 0.160156 -0.366211
v -0.135742 0.160156 -0.418945
v -0.135742 0.117188 -0.206055
v -0.135742 0.117188 -0.385742
v -0.135742 0.115234 -0.389648
v -0.135742 0.111328 -0.008789
v -0.135742 0.103516 0.350586
v -0.135742 0.103516 0.405273
v -0.135742 0.101562 0.188477
v -0.135742 0.074219 0.350586
v -0.135742 0.074219 0.407227
v -0.135742 0.066406 -0.389648
v -0.135742 0.064453 -0.206055
v -0.135742 0.062500 0.188477
v -0.135742 0.060547 -0.008789
v -0.135742 0.025391 0.379883
v -0.135742 0.025391 0.407227
v -0.135742 0.025391 -0.368164
v -0.135742 0.025391 -0.422852
v -0.135742 0.011719 -0.395508
v -0.137695 0.304688 0.372070
v -0.137695 0.304688 -0.364258
v -0.137695 0.304688 -0.416992
v -0.137695 0.384766 -0.415039
v -0.137695 0.388672 -0.360352
v -0.137695 0.250000 -0.364258
v -0.137695 0.250000 -0.416992
v -0.137695 0.197266 -0.364258
v -0.137695 0.160156 0.375977
v -0.137695 0.105469 0.188477
v -0.137695 0.103516 -0.436523
v -0.137695 0.074219 -0.436523
v -0.137695 0.056641 0.188477
v -0.137695 0.025391 0.352539
v -0.137695 0.013672 -0.370117
v -0.137695 0.011719 0.379883
v -0.137695 0.011719 0.405273
v -0.137695 0.011719 -0.420898
v -0.139648 0.304688 0.346680
v -0.139648 0.304688 0.399414
v -0.139648 0.386719 0.395508
v -0.139648 0.388672 0.340820
v -0.139648 0.388672 0.368164
v -0.139648 0.408203 -0.360352
v -0.139648 0.408203 -0.387695
v -0.139648 0.250000 0.374023
v -0.139648 0.197266 0.374023
v -0.139648 0.197266 0.399414
v -0.139648 0.160156 0.348633
v -0.139648 0.160156 0.401367
v -0.139648 0.160156 -0.430664
v -0.139648 0.119141 -0.206055
v -0.139648 0.119141 -0.389648
v -0.139648 0.117188 -0.391602
v -0.139648 0.113281 -0.008789
v -0.139648 0.105469 -0.354492
v -0.139648 0.103516 0.338867
v -0.139648 0.103516 0.375977
v -0.139648 0.103516 0.418945
v -0.139648 0.074219 0.338867
v -0.139648 0.074219 -0.354492
v -0.139648 0.072266 0.420898
v -0.139648 0.064453 -0.391602
v -0.139648 0.062500 0.375977
v -0.139648 0.062500 -0.206055
v -0.139648 0.062500 -0.362305
v -0.139648 0.062500 -0.389648
v -0.139648 0.060547 -0.401367
v -0.139648 0.058594 -0.008789
v -0.139648 0.056641 0.370117
v -0.139648 0.052734 0.387695
v -0.139648 0.050781 0.348633
v -0.139648 0.025391 -0.436523
v -0.139648 0.011719 0.354492
v -0.141602 0.302734 -0.430664
v -0.141602 0.386719 -0.426758
v -0.141602 0.406250 -0.415039
v -0.141602 0.250000 0.346680
v -0.141602 0.250000 0.399414
v -0.141602 0.248047 -0.428711
v -0.141602 0.197266 0.348633
v -0.141602 0.197266 -0.352539
v -0.141602 0.195312 -0.428711
v -0.141602 0.162109 -0.352539
v -0.141602 0.109375 0.372070
v -0.141602 0.107422 0.375977
v -0.141602 0.107422 -0.362305
v -0.141602 0.103516 -0.399414
v -0.141602 0.097656 0.387695
v -0.141602 0.093750 0.350586
v -0.141602 0.058594 0.375977
v -0.141602 0.025391 0.338867
v -0.141602 0.025391 0.418945
v -0.141602 0.025391 -0.356445
v -0.141602 0.013672 -0.358398
v -0.141602 0.013672 -0.434570
v -0.141602 0.011719 0.418945
v -0.141602 0.005859 0.379883
v -0.141602 0.005859 -0.370117
v -0.141602 0.005859 -0.395508
v -0.141602 0.005859 -0.420898
v -0.143555 0.302734 0.413086
v -0.143555 0.304688 -0.350586
v -0.143555 0.388672 0.407227
v -0.143555 0.390625 -0.348633
v -0.143555 0.400391 -0.426758
v -0.143555 0.406250 0.395508
v -0.143555 0.406250 -0.350586
v -0.143555 0.408203 0.340820
v -0.143555 0.408203 0.368164
v -0.143555 0.250000 -0.350586
v -0.143555 0.162109 0.336914
v -0.143555 0.160156 0.415039
v -0.143555 0.128906 0.249023
v -0.143555 0.128906 0.325195
v -0.143555 0.128906 -0.084961
v -0.143555 0.125000 0.247070
v -0.143555 0.125000 0.327148
v -0.143555 0.125000 -0.086914
v -0.143555 0.109375 0.188477
v -0.143555 0.107422 0.247070
v -0.143555 0.107422 0.327148
v -0.143555 0.107422 -0.086914
v -0.143555 0.107422 -0.393555
v -0.143555 0.105469 -0.364258
v -0.143555 0.105469 -0.397461
v -0.143555 0.103516 0.325195
v -0.143555 0.103516 -0.084961
v -0.143555 0.101562 0.249023
v -0.143555 0.101562 -0.360352
v -0.143555 0.099609 -0.401367
v -0.143555 0.097656 0.356445
v -0.143555 0.097656 0.381836
v -0.143555 0.095703 0.352539
v -0.143555 0.095703 0.385742
v -0.143555 0.091797 0.389648
v -0.143555 0.089844 0.350586
v -0.143555 0.066406 -0.360352
v -0.143555 0.066406 -0.403320
v -0.143555 0.062500 -0.364258
v -0.143555 0.062500 -0.399414
v -0.143555 0.060547 -0.368164
v -0.143555 0.058594 -0.395508
v -0.143555 0.056641 0.348633
v -0.143555 0.056641 0.389648
v -0.143555 0.054688 0.188477
v -0.143555 0.052734 0.350586
v -0.143555 0.052734 0.385742
v -0.143555 0.050781 0.381836
v -0.143555 0.048828 0.354492
v -0.143555 0.013672 0.340820
v -0.143555 0.007812 -0.432617
v -0.143555 0.005859 0.354492
v -0.143555 0.005859 0.405273
v -0.145508 0.304688 0.333008
v -0.145508 0.390625 0.331055
v -0.145508 0.402344 0.407227
v -0.145508 0.406250 0.333008
v -0.145508 0.250000 0.334961
v -0.145508 0.248047 0.413086
v -0.145508 0.197266 0.334961
v -0.145508 0.197266 0.413086
v -0.145508 0.126953 0.247070
v -0.145508 0.126953 0.327148
v -0.145508 0.126953 -0.086914
v -0.145508 0.111328 0.374023
v -0.145508 0.109375 0.375977
v -0.145508 0.107422 -0.368164
v -0.145508 0.105469 0.247070
v -0.145508 0.105469 0.327148
v -0.145508 0.105469 -0.086914
v -0.145508 0.056641 0.375977
v -0.145508 0.054688 0.374023
v -0.145508 0.007812 0.344727
v -0.145508 0.007812 -0.360352
v -0.145508 0.005859 0.415039
v -0.147461 0.132812 -0.262695
v -0.147461 0.132812 -0.336914
v -0.147461 0.130859 -0.100586
v -0.147461 0.128906 0.000977
v -0.147461 0.128906 -0.008789
v -0.147461 0.128906 -0.258789
v -0.147461 0.128906 -0.340820
v -0.147461 0.126953 -0.096680
v -0.147461 0.125000 0.249023
v -0.147461 0.125000 0.325195
v -0.147461 0.125000 -0.002930
v -0.147461 0.125000 -0.004883
v -0.147461 0.125000 -0.084961
v -0.147461 0.111328 -0.258789
v -0.147461 0.111328 -0.340820
v -0.147461 0.107422 0.249023
v -0.147461 0.107422 0.325195
v -0.147461 0.107422 -0.002930
v -0.147461 0.107422 -0.004883
v -0.147461 0.107422 -0.084961
v -0.147461 0.107422 -0.096680
v -0.147461 0.107422 -0.262695
v -0.147461 0.107422 -0.336914
v -0.147461 0.103516 0.000977
v -0.147461 0.103516 -0.008789
v -0.147461 0.103516 -0.100586
v -0.147461 0.103516 -0.440430
v -0.149414 0.160156 -0.434570
v -0.149414 0.130859 -0.168945
v -0.149414 0.130859 -0.260742
v -0.149414 0.130859 -0.338867
v -0.149414 0.128906 0.073242
v -0.149414 0.128906 0.083008
v -0.149414 0.128906 -0.098633
v -0.149414 0.126953 0.168945
v -0.149414 0.126953 0.241211
v -0.149414 0.126953 -0.000977
v -0.149414 0.126953 -0.006836
v -0.149414 0.126953 -0.172852
v -0.149414 0.125000 0.077148
v -0.149414 0.125000 0.079102
v -0.149414 0.125000 -0.008789
v -0.149414 0.123047 0.165039
v -0.149414 0.123047 0.243164
v -0.149414 0.109375 -0.260742
v -0.149414 0.109375 -0.338867
v -0.149414 0.107422 0.077148
v -0.149414 0.107422 0.079102
v -0.149414 0.107422 -0.008789
v -0.149414 0.107422 -0.172852
v -0.149414 0.105469 0.243164
v -0.149414 0.105469 -0.000977
v -0.149414 0.105469 -0.006836
v -0.149414 0.105469 -0.098633
v -0.149414 0.103516 0.073242
v -0.149414 0.103516 0.083008
v -0.149414 0.103516 0.165039
v -0.149414 0.103516 0.424805
v -0.149414 0.103516 -0.168945
v -0.149414 0.103516 -0.350586
v -0.149414 0.101562 0.241211
v -0.149414 0.099609 0.168945
v -0.149414 0.072266 -0.442383
v -0.149414 0.025391 -0.440430
v -0.151367 0.302734 -0.434570
v -0.151367 0.412109 -0.415039
v -0.151367 0.195312 -0.434570
v -0.151367 0.160156 -0.348633
v -0.151367 0.128906 0.153320
v -0.151367 0.128906 -0.170898
v -0.151367 0.128906 -0.262695
v -0.151367 0.128906 -0.336914
v -0.151367 0.126953 0.075195
v -0.151367 0.126953 0.081055
v -0.151367 0.126953 -0.100586
v -0.151367 0.125000 0.000977
v -0.151367 0.125000 0.166992
v -0.151367 0.125000 0.243164
v -0.151367 0.111328 -0.262695
v -0.151367 0.111328 -0.336914
v -0.151367 0.107422 0.000977
v -0.151367 0.107422 -0.100586
v -0.151367 0.105469 0.075195
v -0.151367 0.105469 0.081055
v -0.151367 0.105469 -0.170898
v -0.151367 0.103516 0.153320
v -0.151367 0.103516 0.166992
v -0.151367 0.103516 0.243164
v -0.151367 0.103516 0.333008
v -0.151367 0.074219 0.333008
v -0.151367 0.074219 -0.350586
v -0.151367 0.072266 0.424805
v -0.151367 0.025391 0.424805
v -0.151367 0.025391 -0.350586
v -0.151367 0.011719 -0.438477
v -0.153320 0.304688 -0.344727
v -0.153320 0.386719 -0.432617
v -0.153320 0.392578 -0.344727
v -0.153320 0.404297 -0.428711
v -0.153320 0.414062 -0.360352
v -0.153320 0.416016 -0.387695
v -0.153320 0.250000 -0.346680
v -0.153320 0.248047 -0.434570
v -0.153320 0.197266 -0.346680
v -0.153320 0.160156 0.418945
v -0.153320 0.130859 -0.182617
v -0.153320 0.126953 0.155273
v -0.153320 0.126953 -0.168945
v -0.153320 0.126953 -0.178711
v -0.153320 0.125000 0.073242
v -0.153320 0.125000 0.083008
v -0.153320 0.125000 0.157227
v -0.153320 0.123047 0.168945
v -0.153320 0.123047 0.241211
v -0.153320 0.109375 -0.178711
v -0.153320 0.107422 0.073242
v -0.153320 0.107422 0.083008
v -0.153320 0.107422 0.157227
v -0.153320 0.107422 -0.168945
v -0.153320 0.105469 0.155273
v -0.153320 0.105469 0.241211
v -0.153320 0.105469 -0.182617
v -0.153320 0.103516 0.168945
v -0.153320 0.025391 0.334961
v -0.153320 0.013672 -0.352539
v -0.153320 0.011719 0.336914
v -0.153320 0.011719 0.422852
v -0.153320 0.005859 0.416992
v -0.153320 0.005859 -0.358398
v -0.153320 0.005859 -0.434570
v -0.153320 0.001953 0.354492
v -0.153320 0.001953 0.379883
v -0.153320 0.001953 0.405273
v -0.153320 0.001953 -0.370117
v -0.153320 0.001953 -0.395508
v -0.153320 0.001953 -0.420898
v -0.155273 0.302734 0.416992
v -0.155273 0.386719 0.413086
v -0.155273 0.404297 0.409180
v -0.155273 0.410156 -0.348633
v -0.155273 0.412109 0.395508
v -0.155273 0.416016 0.368164
v -0.155273 0.197266 0.331055
v -0.155273 0.195312 0.416992
v -0.155273 0.160156 0.331055
v -0.155273 0.130859 -0.252930
v -0.155273 0.128906 -0.180664
v -0.155273 0.126953 -0.256836
v -0.155273 0.125000 0.153320
v -0.155273 0.109375 -0.256836
v -0.155273 0.107422 0.153320
v -0.155273 0.107422 -0.180664
v -0.155273 0.105469 -0.252930
v -0.155273 0.005859 0.342773
v -0.157227 0.304688 0.329102
v -0.157227 0.392578 0.327148
v -0.157227 0.410156 0.331055
v -0.157227 0.416016 0.340820
v -0.157227 0.250000 0.329102
v -0.157227 0.248047 0.416992
v -0.157227 0.128906 -0.254883
v -0.157227 0.126953 -0.182617
v -0.157227 0.109375 -0.182617
v -0.157227 0.107422 -0.254883
v -0.159180 0.126953 -0.252930
v -0.159180 0.109375 -0.252930
v -0.170898 0.119141 -0.206055
v -0.170898 0.119141 -0.389648
v -0.170898 0.117188 -0.391602
v -0.170898 0.113281 -0.008789
v -0.170898 0.103516 -0.442383
v -0.170898 0.064453 -0.391602
v -0.170898 0.062500 -0.206055
v -0.170898 0.062500 -0.389648
v -0.170898 0.058594 -0.008789
v -0.172852 0.287109 -0.010742
v -0.172852 0.289062 0.166992
v -0.172852 0.291016 0.174805
v -0.172852 0.300781 0.182617
v -0.172852 0.310547 0.186523
v -0.172852 0.388672 0.186523
v -0.172852 0.390625 -0.008789
v -0.172852 0.390625 -0.208008
v -0.172852 0.160156 -0.436523
v -0.172852 0.103516 0.426758
v -0.172852 0.103516 -0.348633
v -0.172852 0.072266 -0.444336
v -0.172852 0.025391 -0.444336
v -0.174805 0.292969 -0.188477
v -0.174805 0.294922 -0.196289
v -0.174805 0.302734 -0.436523
v -0.174805 0.304688 -0.204102
v -0.174805 0.312500 -0.208008
v -0.174805 0.386719 -0.432617
v -0.174805 0.390625 0.196289
v -0.174805 0.390625 -0.215820
v -0.174805 0.406250 -0.430664
v -0.174805 0.414062 -0.415039
v -0.174805 0.476562 -0.008789
v -0.174805 0.476562 -0.215820
v -0.174805 0.478516 0.196289
v -0.174805 0.248047 -0.436523
v -0.174805 0.197266 -0.344727
v -0.174805 0.195312 -0.436523
v -0.174805 0.160156 -0.346680
v -0.174805 0.115234 -0.389648
v -0.174805 0.109375 0.188477
v -0.174805 0.103516 0.331055
v -0.174805 0.074219 0.331055
v -0.174805 0.074219 -0.348633
v -0.174805 0.072266 0.426758
v -0.174805 0.066406 -0.391602
v -0.174805 0.054688 0.188477
v -0.174805 0.025391 0.426758
v -0.174805 0.025391 -0.348633
v -0.174805 0.011719 0.424805
v -0.174805 0.011719 -0.440430
v -0.174805 0.003906 0.418945
v -0.174805 0.003906 -0.434570
v -0.174805 0.001953 -0.370117
v -0.174805 0.001953 -0.420898
v -0.174805 0.000000 -0.395508
v -0.176758 0.304688 -0.342773
v -0.176758 0.388672 0.403320
v -0.176758 0.388672 0.438477
v -0.176758 0.388672 -0.422852
v -0.176758 0.388672 -0.456055
v -0.176758 0.390625 -0.344727
v -0.176758 0.392578 0.450195
v -0.176758 0.392578 -0.469727
v -0.176758 0.398438 0.458008
v -0.176758 0.398438 -0.477539
v -0.176758 0.408203 -0.348633
v -0.176758 0.410156 -0.479492
v -0.176758 0.412109 0.461914
v -0.176758 0.416016 -0.360352
v -0.176758 0.417969 -0.387695
v -0.176758 0.429688 0.461914
v -0.176758 0.429688 -0.481445
v -0.176758 0.449219 0.461914
v -0.176758 0.449219 -0.479492
v -0.176758 0.460938 -0.477539
v -0.176758 0.462891 0.458008
v -0.176758 0.468750 0.450195
v -0.176758 0.468750 -0.469727
v -0.176758 0.472656 -0.456055
v -0.176758 0.474609 0.436523
v -0.176758 0.474609 -0.420898
v -0.176758 0.476562 0.401367
v -0.176758 0.250000 -0.344727
v -0.176758 0.160156 0.420898
v -0.176758 0.117188 -0.206055
v -0.176758 0.117188 -0.385742
v -0.176758 0.111328 0.374023
v -0.176758 0.111328 -0.008789
v -0.176758 0.109375 0.375977
v -0.176758 0.064453 -0.206055
v -0.176758 0.064453 -0.385742
v -0.176758 0.060547 -0.008789
v -0.176758 0.056641 0.375977
v -0.176758 0.054688 0.374023
v -0.176758 0.025391 0.333008
v -0.176758 0.011719 0.334961
v -0.176758 0.011719 -0.352539
v -0.176758 0.005859 0.340820
v -0.176758 0.005859 -0.358398
v -0.176758 0.001953 0.354492
v -0.176758 0.001953 0.405273
v -0.176758 0.000000 0.379883
v -0.178711 0.302734 0.418945
v -0.178711 0.304688 0.327148
v -0.178711 0.384766 0.415039
v -0.178711 0.390625 0.327148
v -0.178711 0.404297 0.411133
v -0.178711 0.410156 0.331055
v -0.178711 0.414062 0.397461
v -0.178711 0.416016 0.342773
v -0.178711 0.417969 0.370117
v -0.178711 0.248047 0.418945
v -0.178711 0.197266 0.329102
v -0.178711 0.195312 0.418945
v -0.178711 0.160156 0.329102
v -0.178711 0.113281 -0.206055
v -0.178711 0.111328 -0.391602
v -0.178711 0.105469 0.188477
v -0.178711 0.105469 -0.008789
v -0.178711 0.070312 -0.206055
v -0.178711 0.070312 -0.391602
v -0.178711 0.066406 -0.008789
v -0.178711 0.056641 0.188477
v -0.180664 0.250000 0.327148
v -0.180664 0.107422 0.375977
v -0.180664 0.101562 0.188477
v -0.180664 0.062500 0.188477
v -0.180664 0.058594 0.375977
v -0.182617 0.269531 0.206055
v -0.182617 0.281250 0.208008
v -0.182617 0.291016 -0.010742
v -0.182617 0.292969 0.182617
v -0.182617 0.261719 0.196289
v -0.182617 0.259766 0.186523
v -0.182617 0.109375 0.372070
v -0.182617 0.062500 0.375977
v -0.182617 0.056641 0.370117
v -0.184570 0.273438 -0.227539
v -0.184570 0.285156 -0.229492
v -0.184570 0.294922 -0.204102
v -0.184570 0.265625 -0.217773
v -0.184570 0.263672 -0.208008
v -0.184570 0.257812 -0.010742
v -0.184570 0.105469 0.375977
v -0.186523 0.390625 0.184570
v -0.186523 0.390625 0.200195
v -0.186523 0.390625 0.209961
v -0.186523 0.390625 -0.010742
v -0.186523 0.392578 -0.206055
v -0.186523 0.392578 -0.221680
v -0.186523 0.392578 -0.231445
v -0.190430 0.269531 0.204102
v -0.190430 0.281250 0.206055
v -0.190430 0.263672 0.196289
v -0.190430 0.261719 0.186523
v -0.192383 0.273438 -0.225586
v -0.192383 0.285156 -0.227539
v -0.192383 0.265625 -0.217773
v -0.192383 0.259766 -0.010742
v -0.194336 0.291016 0.182617
v -0.194336 0.291016 -0.010742
v -0.194336 0.294922 -0.204102
v -0.194336 0.265625 -0.208008
v -0.194336 0.103516 -0.442383
v -0.196289 0.269531 0.186523
v -0.196289 0.271484 0.196289
v -0.196289 0.281250 0.198242
v -0.196289 0.390625 0.184570
v -0.196289 0.390625 0.208008
v -0.196289 0.390625 -0.010742
v -0.196289 0.392578 -0.206055
v -0.196289 0.392578 -0.229492
v -0.196289 0.195312 -0.434570
v -0.196289 0.160156 -0.436523
v -0.196289 0.103516 0.424805
v -0.196289 0.103516 -0.350586
v -0.196289 0.072266 -0.442383
v -0.196289 0.011719 -0.440430
v -0.196289 0.003906 -0.434570
v -0.196289 0.001953 -0.420898
v -0.198242 0.269531 -0.010742
v -0.198242 0.273438 -0.208008
v -0.198242 0.273438 -0.217773
v -0.198242 0.283203 0.188477
v -0.198242 0.285156 -0.219727
v -0.198242 0.302734 -0.436523
v -0.198242 0.382812 -0.434570
v -0.198242 0.390625 -0.346680
v -0.198242 0.402344 -0.430664
v -0.198242 0.408203 -0.350586
v -0.198242 0.412109 -0.416992
v -0.198242 0.414062 -0.360352
v -0.198242 0.248047 -0.434570
v -0.198242 0.197266 -0.346680
v -0.198242 0.160156 -0.348633
v -0.198242 0.103516 0.333008
v -0.198242 0.072266 0.424805
v -0.198242 0.072266 -0.350586
v -0.198242 0.025391 0.424805
v -0.198242 0.025391 -0.350586
v -0.198242 0.023438 -0.442383
v -0.198242 0.011719 0.336914
v -0.198242 0.011719 0.422852
v -0.198242 0.011719 -0.354492
v -0.198242 0.005859 0.342773
v -0.198242 0.005859 -0.358398
v -0.198242 0.003906 0.416992
v -0.198242 0.001953 0.354492
v -0.198242 0.001953 0.379883
v -0.198242 0.001953 0.405273
v -0.198242 0.001953 -0.372070
v -0.198242 0.001953 -0.397461
v -0.200195 0.283203 -0.010742
v -0.200195 0.287109 -0.209961
v -0.200195 0.304688 -0.346680
v -0.200195 0.380859 0.416992
v -0.200195 0.390625 0.200195
v -0.200195 0.392578 -0.221680
v -0.200195 0.400391 0.413086
v -0.200195 0.408203 0.333008
v -0.200195 0.414062 -0.389648
v -0.200195 0.250000 -0.346680
v -0.200195 0.195312 0.416992
v -0.200195 0.160156 0.331055
v -0.200195 0.160156 0.418945
v -0.200195 0.074219 0.333008
v -0.200195 0.025391 0.334961
v -0.202148 0.302734 0.329102
v -0.202148 0.302734 0.418945
v -0.202148 0.390625 0.192383
v -0.202148 0.390625 0.329102
v -0.202148 0.392578 -0.213867
v -0.202148 0.410156 0.399414
v -0.202148 0.414062 0.344727
v -0.202148 0.414062 0.372070
v -0.202148 0.248047 0.416992
v -0.202148 0.197266 0.331055
v -0.204102 0.248047 0.329102
v -0.206055 0.158203 -0.430664
v -0.206055 0.103516 -0.436523
v -0.206055 0.005859 0.415039
v -0.206055 0.005859 -0.432617
v -0.208008 0.400391 -0.428711
v -0.208008 0.195312 -0.430664
v -0.208008 0.160156 -0.352539
v -0.208008 0.103516 0.418945
v -0.208008 0.103516 -0.356445
v -0.208008 0.072266 -0.436523
v -0.208008 0.023438 -0.436523
v -0.208008 0.011719 0.418945
v -0.208008 0.011719 -0.434570
v -0.208008 0.007812 0.344727
v -0.208008 0.005859 -0.360352
v -0.208008 0.005859 -0.372070
v -0.208008 0.003906 0.405273
v -0.208008 0.003906 -0.422852
v -0.209961 0.302734 -0.430664
v -0.209961 0.384766 -0.428711
v -0.209961 0.390625 -0.350586
v -0.209961 0.398438 0.411133
v -0.209961 0.406250 -0.352539
v -0.209961 0.406250 -0.416992
v -0.209961 0.406250 -0.418945
v -0.209961 0.250000 -0.350586
v -0.209961 0.248047 -0.428711
v -0.209961 0.195312 -0.352539
v -0.209961 0.160156 0.336914
v -0.209961 0.160156 0.415039
v -0.209961 0.103516 0.338867
v -0.209961 0.074219 0.338867
v -0.209961 0.072266 0.420898
v -0.209961 0.072266 -0.356445
v -0.209961 0.025391 0.338867
v -0.209961 0.025391 0.418945
v -0.209961 0.025391 -0.356445
v -0.209961 0.013672 0.340820
v -0.209961 0.011719 -0.358398
v -0.209961 0.005859 0.354492
v -0.209961 0.003906 0.379883
v -0.209961 0.003906 -0.397461
v -0.211914 0.304688 -0.350586
v -0.211914 0.382812 0.411133
v -0.211914 0.388672 0.333008
v -0.211914 0.404297 0.334961
v -0.211914 0.404297 0.399414
v -0.211914 0.406250 0.399414
v -0.211914 0.406250 0.401367
v -0.211914 0.408203 -0.362305
v -0.211914 0.408203 -0.389648
v -0.211914 0.197266 0.334961
v -0.211914 0.195312 0.413086
v -0.211914 0.195312 -0.416992
v -0.211914 0.160156 -0.366211
v -0.211914 0.158203 -0.418945
v -0.211914 0.103516 -0.368164
v -0.211914 0.103516 -0.422852
v -0.211914 0.011719 -0.422852
v -0.213867 0.302734 0.333008
v -0.213867 0.302734 0.413086
v -0.213867 0.386719 -0.415039
v -0.213867 0.388672 -0.362305
v -0.213867 0.406250 0.344727
v -0.213867 0.406250 0.372070
v -0.213867 0.248047 0.334961
v -0.213867 0.248047 0.413086
v -0.213867 0.248047 -0.416992
v -0.213867 0.195312 -0.364258
v -0.213867 0.195312 -0.391602
v -0.213867 0.160156 0.401367
v -0.213867 0.160156 -0.391602
v -0.213867 0.103516 0.350586
v -0.213867 0.103516 0.405273
v -0.213867 0.103516 -0.395508
v -0.213867 0.072266 0.407227
v -0.213867 0.072266 -0.368164
v -0.213867 0.072266 -0.424805
v -0.213867 0.023438 -0.424805
v -0.213867 0.011719 0.354492
v -0.213867 0.011719 0.405273
v -0.213867 0.011719 -0.370117
v -0.213867 0.011719 -0.397461
v -0.215820 0.302734 -0.418945
v -0.215820 0.304688 -0.364258
v -0.215820 0.384766 0.397461
v -0.215820 0.386719 0.344727
v -0.215820 0.386719 -0.389648
v -0.215820 0.248047 -0.364258
v -0.215820 0.248047 -0.389648
v -0.215820 0.195312 0.401367
v -0.215820 0.160156 0.348633
v -0.215820 0.160156 0.375977
v -0.215820 0.103516 0.377930
v -0.215820 0.072266 0.350586
v -0.215820 0.072266 0.379883
v -0.215820 0.072266 -0.397461
v -0.215820 0.025391 0.352539
v -0.215820 0.025391 0.407227
v -0.215820 0.025391 -0.370117
v -0.215820 0.025391 -0.397461
v -0.215820 0.011719 0.379883
v -0.217773 0.302734 0.346680
v -0.217773 0.302734 0.401367
v -0.217773 0.302734 -0.391602
v -0.217773 0.384766 0.372070
v -0.217773 0.248047 0.346680
v -0.217773 0.248047 0.399414
v -0.217773 0.195312 0.348633
v -0.217773 0.195312 0.374023
v -0.217773 0.025391 0.379883
v -0.219727 0.302734 0.374023
v -0.219727 0.248047 0.374023
v -0.221680 0.390625 -0.008789
v -0.221680 0.392578 0.450195
v -0.221680 0.392578 -0.467773
v -0.221680 0.398438 0.456055
v -0.221680 0.398438 -0.475586
v -0.221680 0.412109 0.459961
v -0.221680 0.412109 -0.479492
v -0.221680 0.429688 -0.481445
v -0.221680 0.431641 0.461914
v -0.221680 0.449219 0.459961
v -0.221680 0.449219 -0.479492
v -0.221680 0.460938 -0.475586
v -0.221680 0.462891 0.456055
v -0.221680 0.468750 0.450195
v -0.223633 0.388672 0.436523
v -0.223633 0.388672 -0.456055
v -0.223633 0.390625 0.196289
v -0.223633 0.392578 -0.215820
v -0.223633 0.468750 -0.469727
v -0.223633 0.472656 0.436523
v -0.223633 0.472656 -0.456055
v -0.223633 0.476562 0.196289
v -0.223633 0.476562 -0.008789
v -0.225586 0.474609 -0.215820
v -0.227539 0.388672 -0.418945
v -0.227539 0.390625 0.401367
v -0.229492 0.474609 0.401367
v -0.229492 0.474609 -0.418945
v -0.235352 0.392578 -0.008789
v -0.235352 0.474609 -0.008789
v -0.237305 0.392578 0.196289
v -0.237305 0.394531 -0.215820
v -0.237305 0.474609 -0.215820
v -0.237305 0.476562 0.196289
v -0.239258 0.398438 -0.008789
v -0.241211 0.392578 0.436523
v -0.241211 0.394531 -0.469727
v -0.241211 0.396484 0.450195
v -0.241211 0.398438 0.196289
v -0.241211 0.398438 -0.215820
v -0.241211 0.400391 0.456055
v -0.241211 0.400391 -0.475586
v -0.241211 0.460938 0.456055
v -0.241211 0.460938 -0.475586
v -0.241211 0.466797 0.450195
v -0.241211 0.466797 -0.469727
v -0.241211 0.468750 -0.008789
v -0.243164 0.390625 -0.418945
v -0.243164 0.390625 -0.456055
v -0.243164 0.392578 0.401367
v -0.243164 0.412109 0.458008
v -0.243164 0.412109 -0.008789
v -0.243164 0.412109 -0.477539
v -0.243164 0.429688 -0.479492
v -0.243164 0.431641 0.459961
v -0.243164 0.433594 -0.008789
v -0.243164 0.449219 0.458008
v -0.243164 0.449219 -0.477539
v -0.243164 0.455078 -0.008789
v -0.243164 0.468750 -0.215820
v -0.243164 0.470703 0.196289
v -0.243164 0.470703 0.436523
v -0.243164 0.470703 -0.456055
v -0.243164 0.474609 0.401367
v -0.243164 0.474609 -0.418945
v -0.245117 0.400391 0.452148
v -0.245117 0.400391 -0.469727
v -0.245117 0.414062 0.198242
v -0.245117 0.414062 -0.215820
v -0.245117 0.433594 -0.217773
v -0.245117 0.435547 0.198242
v -0.245117 0.455078 0.198242
v -0.245117 0.455078 -0.215820
v -0.245117 0.462891 0.452148
v -0.247070 0.396484 0.401367
v -0.247070 0.396484 0.438477
v -0.247070 0.396484 -0.458008
v -0.247070 0.412109 0.454102
v -0.247070 0.412109 -0.471680
v -0.247070 0.449219 0.454102
v -0.247070 0.460938 -0.469727
v -0.247070 0.466797 0.438477
v -0.247070 0.466797 -0.458008
v -0.249023 0.396484 -0.420898
v -0.249023 0.431641 0.454102
v -0.249023 0.431641 -0.473633
v -0.249023 0.449219 -0.471680
v -0.249023 0.468750 0.401367
v -0.249023 0.468750 -0.420898
v -0.250977 0.412109 0.403320
v -0.250977 0.412109 0.440430
v -0.250977 0.412109 -0.422852
v -0.250977 0.412109 -0.458008
v -0.250977 0.431641 0.440430
v -0.250977 0.431641 -0.459961
v -0.250977 0.451172 0.440430
v -0.250977 0.451172 -0.458008
v -0.250977 0.453125 0.403320
v -0.250977 0.453125 -0.422852
v -0.252930 0.431641 -0.422852
v -0.252930 0.433594 0.405273
vt 0.880371 0.304443
vt 0.876709 0.306396
vt 0.876221 0.303955
vt 0.880615 0.307129
vt 0.880615 0.299072
vt 0.875732 0.299316
vt 0.875732 0.280518
vt 0.889404 0.304688
vt 0.888916 0.308105
vt 0.896729 0.307861
vt 0.897461 0.305176
vt 0.900146 0.307617
vt 0.889648 0.299316
vt 0.898193 0.300049
vt 0.898438 0.281982
vt 0.888916 0.281494
vt 0.897705 0.270020
vt 0.880127 0.280273
vt 0.875732 0.269287
vt 0.888916 0.269531
vt 0.879883 0.269287
vt 0.876709 0.248291
vt 0.881104 0.248047
vt 0.877441 0.234863
vt 0.889893 0.248291
vt 0.898682 0.248779
vt 0.881592 0.234619
vt 0.878174 0.215576
vt 0.890625 0.235107
vt 0.899170 0.235596
vt 0.882324 0.215332
vt 0.878418 0.194580
vt 0.891357 0.215576
vt 0.899902 0.216309
vt 0.882324 0.194336
vt 0.878174 0.164062
vt 0.891357 0.194824
vt 0.900146 0.195068
vt 0.883057 0.163330
vt 0.878906 0.157471
vt 0.882812 0.155762
vt 0.891357 0.163574
vt 0.899902 0.164062
vt 0.890869 0.156250
vt 0.899658 0.156738
vt 0.771240 0.771484
vt 0.770508 0.773682
vt 0.766602 0.771973
vt 0.766602 0.774414
vt 0.756836 0.774170
vt 0.767578 0.766846
vt 0.772217 0.766846
vt 0.772705 0.747803
vt 0.757080 0.766357
vt 0.756836 0.771729
vt 0.747070 0.770752
vt 0.768066 0.747803
vt 0.772949 0.736572
vt 0.757568 0.747559
vt 0.746338 0.766113
vt 0.741699 0.770508
vt 0.740967 0.766113
vt 0.767578 0.736328
vt 0.771240 0.714355
vt 0.746094 0.747070
vt 0.741455 0.747070
vt 0.757080 0.736084
vt 0.766602 0.714355
vt 0.771729 0.700684
vt 0.746338 0.735840
vt 0.740967 0.735596
vt 0.756104 0.714111
vt 0.766357 0.700684
vt 0.771484 0.680908
vt 0.746338 0.713623
vt 0.741699 0.713623
vt 0.756348 0.700439
vt 0.766846 0.680908
vt 0.772705 0.659668
vt 0.745850 0.699951
vt 0.741211 0.699951
vt 0.756104 0.680664
vt 0.746338 0.679443
vt 0.740967 0.679443
vt 0.767334 0.659668
vt 0.756836 0.659424
vt 0.746826 0.659180
vt 0.741699 0.658203
vt 0.767334 0.629150
vt 0.771973 0.628662
vt 0.772217 0.621826
vt 0.767578 0.620850
vt 0.756836 0.626709
vt 0.757080 0.618408
vt 0.746338 0.625732
vt 0.746582 0.617920
vt 0.742432 0.624756
vt 0.742676 0.618652
vt 0.853027 0.919434
vt 0.853760 0.915527
vt 0.857422 0.914795
vt 0.856689 0.919434
vt 0.853027 0.929199
vt 0.865967 0.919434
vt 0.865967 0.914062
vt 0.856689 0.929199
vt 0.874268 0.914795
vt 0.853027 0.939209
vt 0.877930 0.915527
vt 0.878906 0.919434
vt 0.874268 0.919434
vt 0.878906 0.929199
vt 0.874268 0.929199
vt 0.878906 0.939209
vt 0.865967 0.929199
vt 0.874268 0.939209
vt 0.877930 0.942871
vt 0.874268 0.943604
vt 0.865967 0.939209
vt 0.865967 0.944336
vt 0.857422 0.939209
vt 0.857422 0.944336
vt 0.853760 0.942871
vt 0.680176 0.376465
vt 0.677246 0.368652
vt 0.680420 0.368652
vt 0.680420 0.359863
vt 0.674561 0.820312
vt 0.676270 0.798340
vt 0.679443 0.820068
vt 0.675781 0.832520
vt 0.680664 0.798096
vt 0.676758 0.784668
vt 0.680176 0.832275
vt 0.684814 0.820068
vt 0.684814 0.831299
vt 0.685547 0.797852
vt 0.680908 0.850586
vt 0.685547 0.850342
vt 0.676514 0.850830
vt 0.681641 0.854980
vt 0.676758 0.855957
vt 0.681641 0.857422
vt 0.680664 0.784424
vt 0.685791 0.784180
vt 0.676514 0.764893
vt 0.681396 0.764648
vt 0.685547 0.764404
vt 0.675049 0.743652
vt 0.679932 0.743408
vt 0.684570 0.743164
vt 0.674561 0.711670
vt 0.683594 0.710693
vt 0.678467 0.710693
vt 0.682861 0.703125
vt 0.678223 0.704834
vt 0.674805 0.704102
vt 0.903564 0.830322
vt 0.904541 0.852051
vt 0.899902 0.851562
vt 0.899414 0.862793
vt 0.904541 0.862793
vt 0.899170 0.830322
vt 0.903076 0.816895
vt 0.891113 0.850586
vt 0.898926 0.881104
vt 0.903564 0.881348
vt 0.903076 0.885498
vt 0.898193 0.885254
vt 0.890625 0.861816
vt 0.890137 0.880127
vt 0.890137 0.885010
vt 0.882080 0.883057
vt 0.882080 0.878662
vt 0.882568 0.860352
vt 0.883057 0.849365
vt 0.890381 0.829102
vt 0.882324 0.827881
vt 0.898926 0.816895
vt 0.903076 0.797119
vt 0.890381 0.815918
vt 0.882080 0.814453
vt 0.898926 0.796875
vt 0.903809 0.776367
vt 0.890137 0.795898
vt 0.882080 0.794678
vt 0.883057 0.773926
vt 0.891113 0.775146
vt 0.885010 0.741455
vt 0.899902 0.776367
vt 0.905273 0.743896
vt 0.892578 0.742676
vt 0.885986 0.734619
vt 0.882080 0.734619
vt 0.893311 0.735840
vt 0.900635 0.743652
vt 0.905518 0.738037
vt 0.901123 0.736816
vt 0.819824 0.330322
vt 0.819824 0.341797
vt 0.814941 0.330322
vt 0.819336 0.308350
vt 0.814941 0.341797
vt 0.819092 0.360840
vt 0.810791 0.330322
vt 0.810791 0.308350
vt 0.810791 0.341797
vt 0.814697 0.360840
vt 0.810059 0.360840
vt 0.814697 0.365234
vt 0.818604 0.365234
vt 0.814209 0.367676
vt 0.817627 0.368408
vt 0.814941 0.308350
vt 0.810791 0.294678
vt 0.814941 0.294678
vt 0.810547 0.274170
vt 0.818848 0.294678
vt 0.815186 0.274170
vt 0.818848 0.274170
vt 0.814697 0.252930
vt 0.810059 0.253662
vt 0.819092 0.252930
vt 0.811279 0.220215
vt 0.815430 0.219482
vt 0.819824 0.219482
vt 0.814941 0.213379
vt 0.027588 0.601318
vt 0.027832 0.596924
vt 0.030762 0.601318
vt 0.028809 0.608398
vt 0.030762 0.597412
vt 0.031006 0.592773
vt 0.033447 0.594971
vt 0.031982 0.607910
vt 0.029785 0.614990
vt 0.033447 0.614014
vt 0.502197 0.330811
vt 0.505127 0.329834
vt 0.505127 0.340332
vt 0.029053 0.994873
vt 0.025146 0.995361
vt 0.024902 0.992676
vt 0.015381 0.996094
vt 0.030273 0.992432
vt 0.015137 0.992920
vt 0.005371 0.996582
vt 0.025391 0.987793
vt 0.030762 0.988037
vt 0.014893 0.988037
vt 0.005371 0.993896
vt 0.001709 0.996582
vt 0.000732 0.994385
vt 0.004150 0.989014
vt 0.013916 0.971680
vt 0.003174 0.972656
vt 0.025146 0.971191
vt 0.003418 0.962891
vt 0.013916 0.961670
vt 0.024658 0.961426
vt 0.003662 0.943359
vt 0.013672 0.942383
vt 0.024170 0.942139
vt 0.003906 0.931152
vt 0.013672 0.930176
vt 0.024170 0.929932
vt 0.002686 0.913818
vt 0.013428 0.912598
vt 0.001709 0.895508
vt 0.023193 0.911865
vt 0.011475 0.894043
vt 0.000732 0.867188
vt 0.022217 0.893799
vt 0.028564 0.912109
vt 0.028809 0.930420
vt 0.409912 0.646973
vt 0.405762 0.646240
vt 0.404297 0.642090
vt 0.409912 0.640381
vt 0.407227 0.631592
vt 0.378174 0.646973
vt 0.369629 0.646973
vt 0.378174 0.641602
vt 0.369629 0.640869
vt 0.387207 0.646973
vt 0.369629 0.630371
vt 0.391846 0.641846
vt 0.390869 0.646240
vt 0.387207 0.641602
vt 0.387939 0.631104
vt 0.378906 0.631104
vt 0.387207 0.619629
vt 0.365234 0.640869
vt 0.364502 0.630371
vt 0.369629 0.619629
vt 0.364502 0.619629
vt 0.370605 0.615234
vt 0.365967 0.615967
vt 0.378906 0.619629
vt 0.378906 0.615234
vt 0.387207 0.615967
vt 0.391846 0.616699
vt 0.392578 0.620361
vt 0.391846 0.631104
vt 0.608643 0.114258
vt 0.612305 0.103516
vt 0.612305 0.115723
vt 0.609131 0.125977
vt 0.602539 0.239258
vt 0.606445 0.229492
vt 0.603271 0.238037
vt 0.606934 0.228760
vt 0.602051 0.244141
vt 0.606934 0.246582
vt 0.446045 0.014160
vt 0.446045 0.013428
vt 0.446045 0.024170
vt 0.532959 0.003906
vt 0.542725 0.003174
vt 0.543457 0.010010
vt 0.546631 0.003174
vt 0.532959 0.010986
vt 0.523193 0.005371
vt 0.545898 0.038818
vt 0.523193 0.012695
vt 0.535156 0.040283
vt 0.630859 0.643311
vt 0.630127 0.641846
vt 0.630127 0.624756
vt 0.630859 0.623291
vt 0.632324 0.622559
vt 0.644043 0.623291
vt 0.645508 0.624023
vt 0.645508 0.644043
vt 0.632080 0.645020
vt 0.643799 0.645752
vt 0.646973 0.625488
vt 0.646973 0.642822
vt 0.518799 0.664551
vt 0.501465 0.664551
vt 0.517334 0.592285
vt 0.521240 0.662842
vt 0.519531 0.592285
vt 0.516602 0.515625
vt 0.501465 0.592285
vt 0.499023 0.662109
vt 0.499756 0.664551
vt 0.499023 0.592285
vt 0.500732 0.515625
vt 0.516602 0.438965
vt 0.518066 0.438965
vt 0.518799 0.368164
vt 0.500732 0.438965
vt 0.517334 0.366699
vt 0.518799 0.366699
vt 0.502197 0.366699
vt 0.499756 0.368896
vt 0.500732 0.366699
vt 0.499023 0.438965
vt 0.499023 0.515625
vt 0.439453 0.057617
vt 0.436768 0.056396
vt 0.438477 0.056152
vt 0.437012 0.054443
vt 0.438232 0.054688
vt 0.438232 0.045166
vt 0.439453 0.045166
vt 0.616211 0.200928
vt 0.613281 0.136719
vt 0.615479 0.136719
vt 0.616211 0.072266
vt 0.525879 0.723145
vt 0.449219 0.723389
vt 0.449219 0.721924
vt 0.372559 0.722900
vt 0.526123 0.721680
vt 0.596680 0.722900
vt 0.597412 0.721436
vt 0.372559 0.720703
vt 0.302002 0.723145
vt 0.301270 0.721680
vt 0.301270 0.709473
vt 0.526123 0.709473
vt 0.597412 0.709229
vt 0.449463 0.709717
vt 0.596680 0.707031
vt 0.526123 0.707275
vt 0.449463 0.707520
vt 0.372803 0.707031
vt 0.372559 0.708496
vt 0.302002 0.707275
vt 0.300537 0.708008
vt 0.445312 0.390625
vt 0.446045 0.388428
vt 0.446045 0.391113
vt 0.498291 0.270752
vt 0.497559 0.271973
vt 0.497559 0.269287
vt 0.018311 0.456299
vt 0.020020 0.456299
vt 0.018799 0.458252
vt 0.651367 0.361328
vt 0.653809 0.362793
vt 0.650635 0.433594
vt 0.652832 0.433594
vt 0.652100 0.510254
vt 0.650391 0.510254
vt 0.652100 0.586914
vt 0.650635 0.586914
vt 0.653320 0.657471
vt 0.651611 0.659180
vt 0.653809 0.659180
vt 0.361328 0.666748
vt 0.433594 0.667969
vt 0.433594 0.681641
vt 0.361328 0.681641
vt 0.363525 0.684082
vt 0.361328 0.683838
vt 0.362061 0.685791
vt 0.433594 0.684082
vt 0.510254 0.682373
vt 0.510254 0.668701
vt 0.510254 0.684082
vt 0.586914 0.681885
vt 0.586914 0.668213
vt 0.586914 0.683594
vt 0.659180 0.680664
vt 0.659180 0.667480
vt 0.656738 0.683105
vt 0.659180 0.682861
vt 0.658447 0.684814
vt 0.586914 0.685791
vt 0.510254 0.685791
vt 0.001709 0.722656
vt 0.002441 0.721191
vt 0.004150 0.723389
vt 0.073975 0.721436
vt 0.002441 0.708984
vt 0.073975 0.722900
vt 0.073730 0.709229
vt 0.003906 0.706787
vt 0.073730 0.707031
vt 0.150635 0.707275
vt 0.150635 0.709473
vt 0.227295 0.706787
vt 0.150635 0.721680
vt 0.150635 0.723145
vt 0.227295 0.722656
vt 0.227295 0.720459
vt 0.297119 0.722900
vt 0.298828 0.721436
vt 0.227295 0.708252
vt 0.298584 0.709229
vt 0.297119 0.707031
vt 0.389893 0.382080
vt 0.389893 0.393555
vt 0.388916 0.381836
vt 0.388916 0.380371
vt 0.388916 0.393311
vt 0.389404 0.395264
vt 0.001221 0.391113
vt 0.462158 0.367676
vt 0.462158 0.369629
vt 0.461182 0.368652
vt 0.545166 0.562256
vt 0.545166 0.560791
vt 0.545166 0.575928
vt 0.419922 0.484619
vt 0.420654 0.486084
vt 0.419922 0.502441
vt 0.420654 0.500977
vt 0.405762 0.483398
vt 0.405762 0.500977
vt 0.404297 0.484619
vt 0.404297 0.499512
vt 0.383789 0.415527
vt 0.385742 0.414551
vt 0.385498 0.416748
vt 0.385742 0.426270
vt 0.384277 0.427246
vt 0.446533 0.435791
vt 0.447754 0.372559
vt 0.448730 0.435791
vt 0.446533 0.498291
vt 0.905273 0.298340
vt 0.903809 0.299805
vt 0.903564 0.298828
vt 0.905273 0.324951
vt 0.917969 0.297852
vt 0.903564 0.324951
vt 0.905029 0.352783
vt 0.903564 0.352783
vt 0.917725 0.324219
vt 0.920166 0.299072
vt 0.919922 0.323975
vt 0.918457 0.352295
vt 0.903320 0.381348
vt 0.905029 0.381592
vt 0.903076 0.405762
vt 0.904785 0.407227
vt 0.918213 0.406738
vt 0.918945 0.380615
vt 0.920410 0.405762
vt 0.920410 0.380371
vt 0.919678 0.351807
vt 0.131836 0.873047
vt 0.132568 0.873779
vt 0.130371 0.899658
vt 0.132568 0.899658
vt 0.130371 0.872314
vt 0.132568 0.928467
vt 0.119629 0.899658
vt 0.120361 0.872314
vt 0.130371 0.928467
vt 0.132568 0.958008
vt 0.119629 0.928467
vt 0.117432 0.899658
vt 0.118164 0.873779
vt 0.117432 0.928467
vt 0.119629 0.958008
vt 0.117432 0.958008
vt 0.117432 0.983154
vt 0.118164 0.984619
vt 0.130371 0.958008
vt 0.119629 0.984619
vt 0.132568 0.983154
vt 0.130371 0.984619
vt 0.131836 0.984619
vt 0.578613 0.376221
vt 0.577637 0.377686
vt 0.577637 0.362305
vt 0.578613 0.363525
vt 0.545166 0.660156
vt 0.543701 0.661133
vt 0.545166 0.644287
vt 0.543701 0.643555
vt 0.533936 0.643555
vt 0.533936 0.661865
vt 0.532227 0.644287
vt 0.532227 0.660156
vt 0.056152 0.476807
vt 0.055664 0.479492
vt 0.055664 0.477783
vt 0.054199 0.476807
vt 0.097900 0.983154
vt 0.096191 0.984619
vt 0.096191 0.957275
vt 0.097656 0.957275
vt 0.086426 0.984619
vt 0.097412 0.928467
vt 0.085449 0.957275
vt 0.084961 0.983887
vt 0.095947 0.928467
vt 0.097168 0.898682
vt 0.084961 0.983154
vt 0.083984 0.957275
vt 0.083008 0.928467
vt 0.085205 0.928467
vt 0.083496 0.898926
vt 0.084961 0.898926
vt 0.083252 0.873047
vt 0.095703 0.898682
vt 0.097900 0.872803
vt 0.085693 0.872314
vt 0.084229 0.872314
vt 0.095459 0.872070
vt 0.096924 0.872070
vt 0.716797 0.361816
vt 0.715576 0.384521
vt 0.714600 0.362061
vt 0.714600 0.338867
vt 0.409912 0.531250
vt 0.408936 0.554688
vt 0.408936 0.530518
vt 0.494629 0.001465
vt 0.495605 0.002441
vt 0.494629 0.003906
vt 0.601562 0.647461
vt 0.603027 0.645996
vt 0.603027 0.660400
vt 0.601562 0.659180
vt 0.604736 0.645508
vt 0.604736 0.661133
vt 0.614502 0.645508
vt 0.615234 0.661865
vt 0.615967 0.645996
vt 0.616699 0.660400
vt 0.617676 0.659180
vt 0.616699 0.647949
vt 0.479492 0.001709
vt 0.480957 0.000732
vt 0.480957 0.002686
vt 0.762207 0.404785
vt 0.762451 0.377686
vt 0.764160 0.404297
vt 0.762207 0.428955
vt 0.764160 0.429932
vt 0.776855 0.403320
vt 0.776855 0.429199
vt 0.778564 0.427979
vt 0.778564 0.428711
vt 0.779785 0.404053
vt 0.778564 0.403564
vt 0.776855 0.376221
vt 0.779297 0.376221
vt 0.763672 0.377441
vt 0.779785 0.348877
vt 0.777344 0.348877
vt 0.779053 0.324951
vt 0.777588 0.324219
vt 0.764648 0.349609
vt 0.762451 0.350098
vt 0.764893 0.324951
vt 0.762695 0.326660
vt 0.429199 0.010986
vt 0.431396 0.010254
vt 0.431396 0.032227
vt 0.712646 0.300781
vt 0.712646 0.326904
vt 0.711914 0.301514
vt 0.443359 0.470703
vt 0.442383 0.471436
vt 0.442383 0.468750
vt 0.016113 0.597900
vt 0.016113 0.613525
vt 0.015137 0.599365
vt 0.415283 0.047119
vt 0.415283 0.061523
vt 0.413818 0.060059
vt 0.781982 0.347412
vt 0.783203 0.324463
vt 0.783691 0.347900
vt 0.781982 0.371094
vt 0.010742 0.440674
vt 0.009766 0.442139
vt 0.009766 0.439697
vt 0.498291 0.112549
vt 0.497314 0.111084
vt 0.498291 0.109863
vt 0.044678 0.470215
vt 0.044678 0.449219
vt 0.046875 0.469971
vt 0.576660 0.579346
vt 0.578613 0.579590
vt 0.577637 0.580078
vt 0.578613 0.555420
vt 0.450439 0.365723
vt 0.450439 0.364502
vt 0.451416 0.364502
vt 0.372803 0.423584
vt 0.373779 0.423340
vt 0.373779 0.424561
vt 0.630615 0.707520
vt 0.632324 0.707520
vt 0.630615 0.840332
vt 0.632324 0.840576
vt 0.631592 0.841309
vt 0.638916 0.707275
vt 0.638916 0.840088
vt 0.632080 0.705811
vt 0.640381 0.839844
vt 0.640381 0.707031
vt 0.638916 0.705566
vt 0.639648 0.706543
vt 0.967285 0.563232
vt 0.967285 0.700684
vt 0.937500 0.700684
vt 0.937500 0.563232
vt 0.298096 0.880615
vt 0.299072 0.879883
vt 0.300293 0.880615
vt 0.300781 0.910156
vt 0.306152 0.880371
vt 0.306885 0.910156
vt 0.298096 0.910156
vt 0.299805 0.910889
vt 0.527832 0.072998
vt 0.526855 0.073730
vt 0.526123 0.072998
vt 0.527832 0.066162
vt 0.526123 0.066162
vt 0.526855 0.065430
vt 0.750000 0.368408
vt 0.747803 0.338867
vt 0.750000 0.338867
vt 0.756836 0.368408
vt 0.756836 0.338867
vt 0.670166 0.998047
vt 0.670166 0.869873
vt 0.672363 0.997803
vt 0.672363 0.869385
vt 0.678955 0.868652
vt 0.679688 0.867920
vt 0.680420 0.868896
vt 0.680420 0.997314
vt 0.678955 0.997070
vt 0.672363 0.999268
vt 0.671631 0.998535
vt 0.678955 0.998779
vt 0.444824 0.413818
vt 0.444824 0.416748
vt 0.444092 0.415039
vt 0.022705 0.432373
vt 0.021973 0.434082
vt 0.021973 0.431641
vt 0.383057 0.381836
vt 0.382080 0.380615
vt 0.383057 0.380615
vt 0.698486 0.754150
vt 0.699463 0.753418
vt 0.700684 0.754150
vt 0.700684 0.779053
vt 0.698486 0.779053
vt 0.699463 0.779785
vt 0.393799 0.428711
vt 0.393799 0.429932
vt 0.392822 0.429932
vt 0.371094 0.431396
vt 0.370117 0.431396
vt 0.370117 0.429932
vt 0.996582 0.001953
vt 0.996582 0.139404
vt 0.967041 0.139404
vt 0.967041 0.001953
vt 0.059570 0.446045
vt 0.059570 0.444580
vt 0.060303 0.445312
vt 0.055420 0.431885
vt 0.056641 0.431152
vt 0.057617 0.431885
vt 0.057617 0.461426
vt 0.055420 0.461426
vt 0.056641 0.462158
vt 0.524658 0.041260
vt 0.525146 0.041992
vt 0.523438 0.041992
vt 0.523438 0.048828
vt 0.525146 0.048828
vt 0.524658 0.049561
vt 0.426514 0.431152
vt 0.427246 0.430420
vt 0.427246 0.432617
vt 0.416748 0.018799
vt 0.415771 0.018066
vt 0.416748 0.017090
vt 0.045898 0.557129
vt 0.046875 0.556641
vt 0.048340 0.557373
vt 0.045898 0.585449
vt 0.467529 0.400635
vt 0.466797 0.398926
vt 0.467529 0.398193
vt 0.617920 0.762451
vt 0.620117 0.762451
vt 0.617188 0.894043
vt 0.618896 0.894043
vt 0.618164 0.894775
vt 0.626953 0.762207
vt 0.625488 0.893799
vt 0.626953 0.893555
vt 0.626709 0.760498
vt 0.620117 0.760986
vt 0.998047 0.863525
vt 0.998047 0.999268
vt 0.969971 0.999268
vt 0.969971 0.863525
vt 0.744873 0.867432
vt 0.729248 0.884521
vt 0.728027 0.882812
vt 0.728271 0.884033
vt 0.727295 0.884766
vt 0.744873 0.990967
vt 0.742676 0.991211
vt 0.387207 0.523926
vt 0.387207 0.552002
vt 0.380371 0.523682
vt 0.380371 0.551758
vt 0.936523 0.831055
vt 0.937012 0.830078
vt 0.937500 0.832031
vt 0.943848 0.829346
vt 0.944092 0.831299
vt 0.944580 0.830322
vt 0.945557 0.829834
vt 0.943848 0.702637
vt 0.936523 0.703125
vt 0.945801 0.702881
vt 0.944824 0.701904
vt 0.444824 0.426758
vt 0.444824 0.428711
vt 0.443848 0.427490
vt 0.442871 0.427979
vt 0.048340 0.466553
vt 0.048340 0.467529
vt 0.048340 0.465332
vt 0.540527 0.593994
vt 0.542480 0.593994
vt 0.541992 0.622070
vt 0.539795 0.622070
vt 0.541016 0.623047
vt 0.533936 0.622070
vt 0.533936 0.593994
vt 0.052246 0.513428
vt 0.052246 0.520996
vt 0.050049 0.521240
vt 0.050049 0.513428
vt 0.051270 0.512695
vt 0.778320 0.989502
vt 0.778320 0.988281
vt 0.779541 0.989990
vt 0.794922 0.972900
vt 0.796875 0.974121
vt 0.796143 0.973389
vt 0.797119 0.972656
vt 0.778320 0.868652
vt 0.998535 0.832031
vt 0.971191 0.832031
vt 0.999268 0.696045
vt 0.971191 0.696045
vt 0.395508 0.656494
vt 0.394531 0.655762
vt 0.396484 0.655762
vt 0.394531 0.627441
vt 0.396484 0.627686
vt 0.395508 0.626709
vt 0.525391 0.032227
vt 0.524902 0.031494
vt 0.526367 0.031494
vt 0.526367 0.024658
vt 0.524902 0.024658
vt 0.525391 0.023682
vt 0.391113 0.417236
vt 0.390381 0.417969
vt 0.390381 0.416260
vt 0.607910 0.002441
vt 0.608154 0.003662
vt 0.606689 0.001953
vt 0.591797 0.018311
vt 0.590332 0.016846
vt 0.590576 0.018066
vt 0.589600 0.018799
vt 0.608154 0.129150
vt 0.606201 0.129639
vt 0.607178 0.129883
vt 0.452637 0.526123
vt 0.453125 0.525146
vt 0.453613 0.527100
vt 0.451660 0.526611
vt 0.452393 0.660645
vt 0.454102 0.661865
vt 0.453125 0.661621
vt 0.460205 0.526611
vt 0.460938 0.661377
vt 0.459961 0.524658
vt 0.460938 0.525635
vt 0.935059 0.571289
vt 0.935059 0.711182
vt 0.907715 0.711426
vt 0.907715 0.571533
vt 0.750244 0.372559
vt 0.751221 0.371582
vt 0.752441 0.372314
vt 0.751953 0.370850
vt 0.752441 0.399658
vt 0.758301 0.372314
vt 0.758301 0.399658
vt 0.750244 0.399902
vt 0.751221 0.400635
vt 0.534424 0.456787
vt 0.532959 0.456787
vt 0.534424 0.449951
vt 0.532959 0.449951
vt 0.723389 0.381592
vt 0.722900 0.383057
vt 0.722412 0.382324
vt 0.721191 0.381592
vt 0.721191 0.354248
vt 0.723389 0.354248
vt 0.722412 0.353516
vt 0.875977 0.866943
vt 0.876953 0.866699
vt 0.875000 0.867676
vt 0.894775 0.972900
vt 0.892822 0.973145
vt 0.893799 0.973633
vt 0.894043 0.974854
vt 0.876221 0.989990
vt 0.875000 0.988281
vt 0.875000 0.989502
vt 0.906494 0.795166
vt 0.933838 0.795166
vt 0.906494 0.934814
vt 0.933838 0.935059
vt 0.746094 0.179688
vt 0.747070 0.180664
vt 0.745117 0.180176
vt 0.747559 0.312744
vt 0.745605 0.312256
vt 0.746582 0.313232
vt 0.746094 0.314209
vt 0.739502 0.314697
vt 0.739014 0.312988
vt 0.738525 0.180664
vt 0.738525 0.313965
vt 0.508057 0.123047
vt 0.509033 0.123779
vt 0.506836 0.123779
vt 0.506836 0.130615
vt 0.509033 0.130615
vt 0.508057 0.131348
vt 0.614990 0.521973
vt 0.614990 0.549316
vt 0.608154 0.549316
vt 0.608154 0.521973
vt 0.862061 0.605713
vt 0.858887 0.605713
vt 0.858887 0.601074
vt 0.862793 0.601318
vt 0.862305 0.525146
vt 0.859375 0.525146
vt 0.862793 0.448486
vt 0.821777 0.601074
vt 0.859619 0.448486
vt 0.862793 0.444824
vt 0.859619 0.443848
vt 0.822510 0.443848
vt 0.822510 0.448242
vt 0.784912 0.524902
vt 0.785156 0.448242
vt 0.785156 0.443604
vt 0.748047 0.444092
vt 0.821777 0.605469
vt 0.821777 0.609375
vt 0.858887 0.609619
vt 0.785156 0.609131
vt 0.785156 0.606201
vt 0.748047 0.447998
vt 0.748047 0.440430
vt 0.785400 0.440674
vt 0.710938 0.444092
vt 0.710938 0.440186
vt 0.707764 0.440918
vt 0.710693 0.447754
vt 0.707764 0.444092
vt 0.707031 0.447754
vt 0.707275 0.524414
vt 0.710449 0.524414
vt 0.710693 0.601318
vt 0.707764 0.601318
vt 0.748047 0.601318
vt 0.707764 0.604980
vt 0.785156 0.601562
vt 0.748047 0.605225
vt 0.748047 0.608887
vt 0.710693 0.604980
vt 0.710693 0.608887
vt 0.707764 0.608154
vt 0.462402 0.497803
vt 0.461182 0.435791
vt 0.465088 0.435547
vt 0.466309 0.498291
vt 0.462402 0.372559
vt 0.466064 0.371826
vt 0.466309 0.368164
vt 0.714844 0.164307
vt 0.714111 0.159668
vt 0.717285 0.160400
vt 0.718018 0.164307
vt 0.722656 0.160400
vt 0.721924 0.165039
vt 0.721924 0.167969
vt 0.763672 0.168701
vt 0.763672 0.165771
vt 0.763672 0.162842
vt 0.721924 0.083740
vt 0.715820 0.083740
vt 0.716553 0.006348
vt 0.725586 0.158936
vt 0.724854 0.083740
vt 0.725586 0.008545
vt 0.722656 0.006348
vt 0.717285 0.002441
vt 0.763672 0.004639
vt 0.720947 0.002441
vt 0.763672 0.001709
vt 0.824707 0.244141
vt 0.827637 0.241699
vt 0.828369 0.244629
vt 0.823975 0.247070
vt 0.832031 0.243896
vt 0.827637 0.247803
vt 0.873535 0.244385
vt 0.873291 0.241455
vt 0.832275 0.247803
vt 0.872803 0.281250
vt 0.831543 0.283936
vt 0.826904 0.283936
vt 0.872803 0.317383
vt 0.831787 0.319336
vt 0.826904 0.319092
vt 0.830811 0.355225
vt 0.872803 0.354004
vt 0.823242 0.282959
vt 0.823242 0.318604
vt 0.826904 0.355225
vt 0.831543 0.391113
vt 0.873535 0.390625
vt 0.826904 0.391113
vt 0.831299 0.393799
vt 0.826660 0.393799
vt 0.535889 0.555664
vt 0.535889 0.589355
vt 0.531982 0.555908
vt 0.643311 0.710938
vt 0.644287 0.707764
vt 0.647217 0.710938
vt 0.647217 0.705566
vt 0.650146 0.704834
vt 0.653320 0.707031
vt 0.653320 0.710938
vt 0.653320 0.748779
vt 0.647217 0.748779
vt 0.643311 0.748779
vt 0.652588 0.786133
vt 0.646484 0.786133
vt 0.642578 0.786133
vt 0.643311 0.823975
vt 0.647217 0.823975
vt 0.653320 0.823975
vt 0.643311 0.862061
vt 0.653320 0.862061
vt 0.647217 0.862061
vt 0.644287 0.865723
vt 0.647217 0.867432
vt 0.650146 0.868164
vt 0.653320 0.865723
vt 0.729248 0.865723
vt 0.729248 0.862061
vt 0.805176 0.862061
vt 0.805176 0.865723
vt 0.811279 0.867432
vt 0.808350 0.868164
vt 0.811279 0.862061
vt 0.814209 0.865723
vt 0.815186 0.862061
vt 0.811279 0.823975
vt 0.805176 0.823975
vt 0.815186 0.823975
vt 0.805908 0.786133
vt 0.812012 0.786133
vt 0.815918 0.786133
vt 0.815918 0.748779
vt 0.811279 0.748779
vt 0.805908 0.748779
vt 0.815186 0.710938
vt 0.811279 0.710938
vt 0.805176 0.710938
vt 0.814209 0.707764
vt 0.805176 0.707031
vt 0.811279 0.705566
vt 0.808350 0.704834
vt 0.444824 0.018555
vt 0.444824 0.058838
vt 0.441895 0.056152
vt 0.177002 0.877686
vt 0.180908 0.877686
vt 0.177002 0.909668
vt 0.572021 0.902344
vt 0.572021 0.906006
vt 0.534912 0.908203
vt 0.534912 0.904053
vt 0.571289 0.866943
vt 0.534912 0.869385
vt 0.571533 0.832520
vt 0.534424 0.835449
vt 0.534180 0.800537
vt 0.571289 0.796631
vt 0.534912 0.765625
vt 0.572021 0.761230
vt 0.675293 0.779541
vt 0.671387 0.781006
vt 0.671387 0.717041
vt 0.160889 0.875732
vt 0.160400 0.800537
vt 0.165283 0.875732
vt 0.165039 0.800537
vt 0.160156 0.725342
vt 0.164551 0.725342
vt 0.202637 0.875488
vt 0.201904 0.725098
vt 0.238770 0.800049
vt 0.239014 0.876221
vt 0.238281 0.724121
vt 0.276367 0.875244
vt 0.276367 0.724854
vt 0.312988 0.799805
vt 0.313477 0.875000
vt 0.313477 0.724609
vt 0.870361 0.153564
vt 0.869141 0.078369
vt 0.907959 0.078125
vt 0.908203 0.154053
vt 0.870361 0.003174
vt 0.908203 0.002197
vt 0.471924 0.910889
vt 0.472168 0.875000
vt 0.508545 0.873047
vt 0.509033 0.909912
vt 0.507812 0.836182
vt 0.471436 0.838135
vt 0.470947 0.802979
vt 0.508057 0.800293
vt 0.471924 0.767090
vt 0.509033 0.763672
vt 0.471924 0.762695
vt 0.509033 0.760010
vt 0.876221 0.156250
vt 0.872314 0.187500
vt 0.872314 0.155518
vt 0.032959 0.875732
vt 0.035889 0.873535
vt 0.059326 0.901611
vt 0.056152 0.904053
vt 0.061035 0.904785
vt 0.058838 0.906250
vt 0.062988 0.907715
vt 0.057861 0.909180
vt 0.062012 0.910645
vt 0.048096 0.936768
vt 0.052246 0.938232
vt 0.041992 0.965332
vt 0.037842 0.963867
vt 0.032959 0.992676
vt 0.862793 0.912842
vt 0.821777 0.915771
vt 0.862549 0.909912
vt 0.821533 0.912598
vt 0.861572 0.874268
vt 0.817383 0.913330
vt 0.818115 0.916260
vt 0.817139 0.878418
vt 0.821289 0.877930
vt 0.862061 0.839355
vt 0.817627 0.843750
vt 0.821777 0.842773
vt 0.817627 0.808838
vt 0.821777 0.808350
vt 0.818115 0.774170
vt 0.862061 0.804199
vt 0.822510 0.773438
vt 0.862793 0.768555
vt 0.414795 0.003418
vt 0.416748 0.000732
vt 0.416748 0.006592
vt 0.803711 0.198975
vt 0.803223 0.203613
vt 0.800537 0.203613
vt 0.801025 0.198975
vt 0.796875 0.203613
vt 0.803223 0.157227
vt 0.797363 0.198975
vt 0.800049 0.157227
vt 0.796875 0.157227
vt 0.467529 0.513184
vt 0.465576 0.511963
vt 0.467529 0.508057
vt 0.756592 0.170410
vt 0.759277 0.173584
vt 0.755615 0.173584
vt 0.755371 0.177246
vt 0.758789 0.177246
vt 0.750488 0.176514
vt 0.751465 0.172852
vt 0.714844 0.174805
vt 0.715088 0.171631
vt 0.751465 0.253906
vt 0.756592 0.254150
vt 0.760986 0.254150
vt 0.760254 0.330811
vt 0.756592 0.330811
vt 0.751465 0.331543
vt 0.755859 0.334473
vt 0.759766 0.334473
vt 0.757568 0.337646
vt 0.752686 0.335205
vt 0.715088 0.335693
vt 0.714844 0.332764
vt 0.050293 0.469971
vt 0.053467 0.431885
vt 0.053467 0.472900
vt 0.049805 0.431885
vt 0.609131 0.365723
vt 0.613037 0.363525
vt 0.613525 0.440918
vt 0.609863 0.440918
vt 0.612549 0.518555
vt 0.609131 0.516113
vt 0.580811 0.759033
vt 0.614014 0.760010
vt 0.614990 0.835205
vt 0.581055 0.834961
vt 0.614502 0.910400
vt 0.580811 0.910889
vt 0.371094 0.381592
vt 0.370117 0.420410
vt 0.367432 0.381592
vt 0.367432 0.423340
vt 0.703369 0.787598
vt 0.702881 0.830078
vt 0.700195 0.787354
vt 0.698975 0.830078
vt 0.703369 0.833740
vt 0.699463 0.834473
vt 0.418457 0.000732
vt 0.421875 0.001221
vt 0.418457 0.042969
vt 0.408447 0.044189
vt 0.409668 0.001709
vt 0.411377 0.044189
vt 0.731445 0.870361
vt 0.729980 0.868896
vt 0.731201 0.869141
vt 0.715088 0.885742
vt 0.713623 0.884277
vt 0.713867 0.885498
vt 0.712891 0.886230
vt 0.731445 0.993164
vt 0.729248 0.993652
vt 0.730469 0.993896
vt 0.865234 0.770020
vt 0.865723 0.769043
vt 0.866211 0.770752
vt 0.864258 0.770508
vt 0.864990 0.902100
vt 0.866699 0.902344
vt 0.865967 0.902832
vt 0.872803 0.770508
vt 0.873535 0.901855
vt 0.872559 0.768555
vt 0.873535 0.769531
vt 0.996582 0.279785
vt 0.996582 0.416748
vt 0.968506 0.416504
vt 0.969238 0.280518
vt 0.749023 0.403809
vt 0.750000 0.403076
vt 0.750977 0.403809
vt 0.750977 0.431885
vt 0.756836 0.403809
vt 0.756836 0.431885
vt 0.749023 0.431885
vt 0.750000 0.432617
vt 0.101807 0.520264
vt 0.100830 0.521240
vt 0.099609 0.520264
vt 0.101807 0.513428
vt 0.099609 0.513428
vt 0.100830 0.512695
vt 0.787598 0.867676
vt 0.788818 0.868164
vt 0.786621 0.868408
vt 0.806396 0.971924
vt 0.804443 0.972412
vt 0.805420 0.972656
vt 0.805664 0.974121
vt 0.787842 0.988770
vt 0.786621 0.987061
vt 0.786865 0.988281
vt 0.676758 0.689941
vt 0.675781 0.689209
vt 0.677979 0.689209
vt 0.675781 0.661133
vt 0.677979 0.661133
vt 0.676758 0.660400
vt 0.965820 0.141846
vt 0.993896 0.141846
vt 0.966064 0.277832
vt 0.993408 0.278564
vt 0.059570 0.473389
vt 0.060547 0.472656
vt 0.061523 0.473389
vt 0.059570 0.480225
vt 0.061523 0.480225
vt 0.060547 0.480957
vt 0.690186 0.868652
vt 0.691162 0.868164
vt 0.692139 0.868896
vt 0.692627 0.997314
vt 0.690674 0.996826
vt 0.691650 0.997803
vt 0.691162 0.998779
vt 0.684570 0.999268
vt 0.684082 0.997314
vt 0.683594 0.869141
vt 0.683594 0.998535
vt 0.406006 0.524658
vt 0.406006 0.552002
vt 0.399170 0.552002
vt 0.399170 0.524658
vt 0.688477 0.715820
vt 0.689209 0.716797
vt 0.687500 0.716553
vt 0.688232 0.848389
vt 0.688965 0.714844
vt 0.689941 0.848633
vt 0.688965 0.849365
vt 0.696045 0.716309
vt 0.696533 0.848389
vt 0.695801 0.714600
vt 0.696533 0.715332
vt 0.965820 0.702637
vt 0.967041 0.703125
vt 0.967285 0.704346
vt 0.949951 0.720215
vt 0.948730 0.718506
vt 0.948975 0.719727
vt 0.947998 0.720703
vt 0.967285 0.828369
vt 0.965576 0.828369
vt 0.966309 0.829346
vt 0.967285 0.422363
vt 0.967285 0.560059
vt 0.937500 0.559326
vt 0.938232 0.422363
vt 0.869385 0.571045
vt 0.870605 0.570312
vt 0.871094 0.571045
vt 0.871582 0.600830
vt 0.877197 0.571045
vt 0.877441 0.600586
vt 0.869385 0.600830
vt 0.870605 0.601562
vt 0.373779 0.431396
vt 0.372803 0.431396
vt 0.372803 0.430176
vt 0.509033 0.140625
vt 0.507568 0.140625
vt 0.509033 0.133789
vt 0.507568 0.133789
vt 0.406006 0.046875
vt 0.405029 0.048340
vt 0.405029 0.046875
vt 0.769287 0.868652
vt 0.770508 0.869141
vt 0.768311 0.869385
vt 0.789062 0.973145
vt 0.786865 0.973633
vt 0.788086 0.973877
vt 0.788330 0.975342
vt 0.769775 0.991211
vt 0.768311 0.989746
vt 0.768555 0.990967
vt 0.385986 0.412598
vt 0.385010 0.411865
vt 0.386719 0.411865
vt 0.385010 0.382080
vt 0.387207 0.382324
vt 0.386230 0.381348
vt 0.937500 0.282471
vt 0.967285 0.281738
vt 0.938232 0.419189
vt 0.967285 0.419189
vt 0.949463 0.001709
vt 0.950439 0.002686
vt 0.948730 0.002441
vt 0.951172 0.131836
vt 0.949219 0.131348
vt 0.950195 0.132324
vt 0.949707 0.133301
vt 0.943115 0.134033
vt 0.942627 0.132080
vt 0.942139 0.002930
vt 0.942139 0.133057
vt 0.081055 0.515381
vt 0.081787 0.516113
vt 0.080078 0.516113
vt 0.080078 0.522949
vt 0.081787 0.522949
vt 0.081055 0.523682
vt 0.616211 0.228271
vt 0.616211 0.257324
vt 0.609375 0.257324
vt 0.609375 0.228271
vt 0.451416 0.000732
vt 0.451416 0.002686
vt 0.449707 0.001709
vt 0.003418 0.430664
vt 0.003418 0.429199
vt 0.008789 0.431396
vt 0.009521 0.429932
vt 0.001221 0.429199
vt 0.001221 0.422363
vt 0.004150 0.422119
vt 0.001221 0.406250
vt 0.009521 0.423096
vt 0.023926 0.424561
vt 0.023926 0.430664
vt 0.009521 0.406250
vt 0.103760 0.428223
vt 0.003418 0.406250
vt 0.023926 0.406250
vt 0.103760 0.423096
vt 0.183350 0.428223
vt 0.103760 0.405518
vt 0.183350 0.423096
vt 0.263184 0.423096
vt 0.263184 0.428223
vt 0.343018 0.424561
vt 0.343018 0.429932
vt 0.263184 0.405518
vt 0.357422 0.429932
vt 0.183350 0.404785
vt 0.183350 0.387207
vt 0.357422 0.423096
vt 0.362793 0.429199
vt 0.343018 0.406250
vt 0.263184 0.387207
vt 0.342285 0.387207
vt 0.263184 0.382080
vt 0.183350 0.382080
vt 0.342285 0.382080
vt 0.103760 0.382080
vt 0.357422 0.382080
vt 0.103760 0.387207
vt 0.023926 0.382080
vt 0.023926 0.387207
vt 0.009521 0.382812
vt 0.009521 0.389648
vt 0.004150 0.382812
vt 0.008789 0.380371
vt 0.004150 0.389648
vt 0.001221 0.389648
vt 0.001953 0.382812
vt 0.356689 0.389648
vt 0.362793 0.382812
vt 0.362793 0.389648
vt 0.357422 0.406250
vt 0.362793 0.406250
vt 0.365723 0.406250
vt 0.365723 0.422363
vt 0.362793 0.422363
vt 0.273438 0.887695
vt 0.274414 0.881104
vt 0.278076 0.888184
vt 0.278320 0.880615
vt 0.272705 0.903076
vt 0.270020 0.902588
vt 0.270752 0.886963
vt 0.271973 0.919189
vt 0.277588 0.903809
vt 0.285156 0.881592
vt 0.284912 0.878662
vt 0.291748 0.878662
vt 0.291260 0.881592
vt 0.285156 0.888428
vt 0.291748 0.888428
vt 0.295654 0.881348
vt 0.295898 0.888672
vt 0.284424 0.904785
vt 0.291016 0.904541
vt 0.296143 0.904297
vt 0.276611 0.919678
vt 0.272217 0.925781
vt 0.276855 0.926025
vt 0.283447 0.919922
vt 0.283691 0.927002
vt 0.291016 0.919922
vt 0.295166 0.919434
vt 0.290527 0.927002
vt 0.294922 0.926025
vt 0.364990 0.508057
vt 0.362793 0.508057
vt 0.363525 0.504395
vt 0.365723 0.504395
vt 0.364258 0.497559
vt 0.358154 0.504395
vt 0.357422 0.509521
vt 0.358887 0.497559
vt 0.358887 0.489990
vt 0.364258 0.490723
vt 0.363525 0.486084
vt 0.358887 0.484619
vt 0.343750 0.504395
vt 0.344482 0.496826
vt 0.343018 0.509521
vt 0.344482 0.488281
vt 0.343750 0.483154
vt 0.263916 0.494385
vt 0.263184 0.501953
vt 0.263184 0.506592
vt 0.262451 0.508789
vt 0.182617 0.510498
vt 0.263916 0.486816
vt 0.263184 0.482178
vt 0.343750 0.480713
vt 0.263184 0.479980
vt 0.182617 0.483154
vt 0.182617 0.487549
vt 0.103027 0.482178
vt 0.182617 0.495117
vt 0.102051 0.486816
vt 0.022461 0.482178
vt 0.182617 0.502686
vt 0.102051 0.494385
vt 0.102051 0.501221
vt 0.182617 0.508057
vt 0.103027 0.508789
vt 0.103027 0.506592
vt 0.023193 0.510498
vt 0.023193 0.508057
vt 0.022461 0.502686
vt 0.008057 0.508057
vt 0.021729 0.495117
vt 0.007324 0.502686
vt 0.002686 0.507324
vt 0.001953 0.503662
vt 0.001221 0.496826
vt 0.006348 0.495850
vt 0.001953 0.489990
vt 0.021729 0.487549
vt 0.007324 0.489014
vt 0.002686 0.485352
vt 0.007324 0.483887
vt 0.022461 0.479980
vt 0.008057 0.481445
vt 0.608887 0.226074
vt 0.604492 0.226074
vt 0.605469 0.223389
vt 0.609619 0.222900
vt 0.602783 0.225098
vt 0.601807 0.229980
vt 0.601807 0.218262
vt 0.598633 0.229004
vt 0.592041 0.239990
vt 0.594482 0.241211
vt 0.599365 0.220459
vt 0.592041 0.209229
vt 0.595215 0.207031
vt 0.428711 0.456787
vt 0.425537 0.456787
vt 0.425781 0.440918
vt 0.420410 0.456787
vt 0.425537 0.473389
vt 0.420166 0.473389
vt 0.425537 0.480225
vt 0.420166 0.480225
vt 0.405762 0.475586
vt 0.405762 0.480957
vt 0.325195 0.479004
vt 0.406738 0.456543
vt 0.420410 0.439941
vt 0.325439 0.455322
vt 0.325195 0.473633
vt 0.244629 0.477539
vt 0.420410 0.433105
vt 0.425781 0.434082
vt 0.421143 0.430908
vt 0.406006 0.438477
vt 0.406006 0.433105
vt 0.325439 0.432617
vt 0.325439 0.437988
vt 0.245117 0.432129
vt 0.244873 0.437256
vt 0.165283 0.431396
vt 0.244873 0.454834
vt 0.165283 0.436768
vt 0.084717 0.436279
vt 0.084717 0.430908
vt 0.165039 0.454346
vt 0.070312 0.430908
vt 0.244629 0.473145
vt 0.165039 0.477783
vt 0.165039 0.472412
vt 0.084473 0.478760
vt 0.083740 0.454590
vt 0.070312 0.437744
vt 0.064941 0.431641
vt 0.064941 0.438477
vt 0.084473 0.473633
vt 0.070068 0.478760
vt 0.070068 0.454346
vt 0.064941 0.454346
vt 0.064697 0.471191
vt 0.064697 0.478027
vt 0.070068 0.471191
vt 0.520752 0.373047
vt 0.523682 0.440430
vt 0.520508 0.440186
vt 0.520264 0.507812
vt 0.522949 0.507568
vt 0.520996 0.575928
vt 0.523682 0.575928
vt 0.367188 0.521484
vt 0.286865 0.520996
vt 0.367188 0.518555
vt 0.447754 0.522461
vt 0.286865 0.518311
vt 0.207031 0.521240
vt 0.447754 0.519775
vt 0.462158 0.521240
vt 0.286865 0.512939
vt 0.462891 0.518799
vt 0.368164 0.513428
vt 0.448486 0.514404
vt 0.207031 0.518555
vt 0.206299 0.513916
vt 0.126465 0.520752
vt 0.126465 0.517822
vt 0.125732 0.512695
vt 0.112061 0.519531
vt 0.111328 0.517334
vt 0.111328 0.511475
vt 0.106689 0.518555
vt 0.106689 0.515869
vt 0.105957 0.511475
vt 0.104492 0.516602
vt 0.368164 0.506836
vt 0.448486 0.506836
vt 0.462891 0.513184
vt 0.467529 0.517334
vt 0.467529 0.520264
vt 0.500488 0.263916
vt 0.500488 0.182861
vt 0.507080 0.182861
vt 0.499512 0.102295
vt 0.504395 0.103027
vt 0.500488 0.021729
vt 0.506836 0.021729
vt 0.501709 0.007324
vt 0.507568 0.006592
vt 0.514160 0.022705
vt 0.514160 0.008057
vt 0.514893 0.001953
vt 0.518555 0.003662
vt 0.519531 0.008301
vt 0.521240 0.003662
vt 0.519287 0.001221
vt 0.521729 0.009033
vt 0.519531 0.023438
vt 0.513184 0.103027
vt 0.522217 0.024170
vt 0.518555 0.103027
vt 0.520752 0.103027
vt 0.514404 0.182861
vt 0.519775 0.182861
vt 0.522461 0.182861
vt 0.518799 0.263428
vt 0.520996 0.262695
vt 0.521973 0.342285
vt 0.513428 0.263428
vt 0.519287 0.342285
vt 0.521729 0.356689
vt 0.519287 0.357666
vt 0.513916 0.343750
vt 0.506836 0.264160
vt 0.499512 0.344482
vt 0.506348 0.344482
vt 0.506592 0.359131
vt 0.500732 0.358887
vt 0.513184 0.358398
vt 0.507812 0.364258
vt 0.513916 0.363525
vt 0.518311 0.362793
vt 0.520508 0.362061
vt 0.519043 0.364502
vt 0.623047 0.368164
vt 0.623047 0.375000
vt 0.618164 0.368896
vt 0.618652 0.364258
vt 0.615479 0.364258
vt 0.616943 0.362061
vt 0.615479 0.368896
vt 0.618652 0.375732
vt 0.615479 0.375732
vt 0.618652 0.382568
vt 0.615479 0.382568
vt 0.616455 0.387207
vt 0.618652 0.387207
vt 0.589600 0.220459
vt 0.590332 0.215576
vt 0.593262 0.220947
vt 0.593506 0.215576
vt 0.593506 0.233154
vt 0.017578 0.610840
vt 0.017822 0.604736
vt 0.022705 0.610840
vt 0.525146 0.484863
vt 0.525146 0.405029
vt 0.534424 0.484131
vt 0.530273 0.565430
vt 0.466309 0.616455
vt 0.465576 0.621582
vt 0.462891 0.616455
vt 0.462402 0.621582
vt 0.462402 0.603760
vt 0.636475 0.179443
vt 0.633789 0.179443
vt 0.634521 0.175537
vt 0.637695 0.175781
vt 0.634521 0.168701
vt 0.630615 0.167969
vt 0.630127 0.161133
vt 0.637207 0.168945
vt 0.634766 0.161865
vt 0.637451 0.162109
vt 0.637695 0.157471
vt 0.635010 0.157471
vt 0.243896 0.885498
vt 0.244873 0.879150
vt 0.247803 0.884766
vt 0.248291 0.878418
vt 0.254883 0.877441
vt 0.246826 0.899414
vt 0.242920 0.900879
vt 0.254395 0.884277
vt 0.261475 0.877197
vt 0.241943 0.915771
vt 0.260986 0.884033
vt 0.266113 0.877930
vt 0.253418 0.898926
vt 0.246338 0.915283
vt 0.242676 0.922363
vt 0.246094 0.921631
vt 0.265869 0.884277
vt 0.268799 0.878662
vt 0.269287 0.885010
vt 0.268555 0.899902
vt 0.252686 0.914795
vt 0.252441 0.921143
vt 0.260254 0.898926
vt 0.264893 0.898926
vt 0.266846 0.915527
vt 0.259521 0.914307
vt 0.264160 0.914795
vt 0.265869 0.921875
vt 0.259277 0.921143
vt 0.252930 0.924072
vt 0.259766 0.924072
vt 0.263184 0.921143
vt 0.264404 0.923340
vt 0.266846 0.925781
vt 0.269287 0.924561
vt 0.639160 0.154053
vt 0.644043 0.157715
vt 0.642822 0.160156
vt 0.645020 0.159668
vt 0.644531 0.164795
vt 0.648438 0.158203
vt 0.641602 0.165283
vt 0.646973 0.155273
vt 0.652344 0.152344
vt 0.653809 0.155518
vt 0.644043 0.177490
vt 0.640869 0.177002
vt 0.639160 0.241211
vt 0.563232 0.182373
vt 0.570801 0.182373
vt 0.562988 0.262207
vt 0.555420 0.262207
vt 0.570557 0.262207
vt 0.555420 0.182373
vt 0.555908 0.341309
vt 0.561768 0.102051
vt 0.550049 0.261475
vt 0.569336 0.102051
vt 0.574707 0.102783
vt 0.563477 0.342041
vt 0.550537 0.340332
vt 0.549072 0.340332
vt 0.548584 0.261475
vt 0.549805 0.354736
vt 0.550293 0.182373
vt 0.547852 0.182373
vt 0.552002 0.354980
vt 0.552002 0.359375
vt 0.554199 0.102051
vt 0.548828 0.102783
vt 0.547363 0.102783
vt 0.549072 0.023682
vt 0.550537 0.023682
vt 0.555908 0.022949
vt 0.552246 0.009277
vt 0.550537 0.009277
vt 0.557373 0.008545
vt 0.553711 0.003906
vt 0.564209 0.022217
vt 0.558105 0.003906
vt 0.553711 0.002441
vt 0.565186 0.003174
vt 0.564941 0.008545
vt 0.571777 0.022949
vt 0.571777 0.008545
vt 0.577148 0.023682
vt 0.571777 0.003906
vt 0.572021 0.001709
vt 0.565186 0.000977
vt 0.576416 0.002441
vt 0.576416 0.003906
vt 0.577881 0.004883
vt 0.577148 0.009277
vt 0.578613 0.010010
vt 0.578613 0.023682
vt 0.576904 0.102783
vt 0.578369 0.182617
vt 0.575928 0.182617
vt 0.578125 0.261475
vt 0.575928 0.261475
vt 0.578613 0.341309
vt 0.576416 0.341309
vt 0.571045 0.341309
vt 0.577148 0.355713
vt 0.578613 0.354980
vt 0.571777 0.355713
vt 0.576416 0.360352
vt 0.571777 0.360107
vt 0.564941 0.361084
vt 0.564209 0.355713
vt 0.557373 0.360840
vt 0.557373 0.355713
vt 0.553711 0.360107
vt 0.553711 0.361816
vt 0.008545 0.642334
vt 0.003906 0.641602
vt 0.008545 0.638428
vt 0.003906 0.637695
vt 0.001709 0.641602
vt 0.022949 0.639893
vt 0.022949 0.643066
vt 0.008545 0.630127
vt 0.003174 0.630127
vt 0.003906 0.621826
vt 0.022217 0.630127
vt 0.008545 0.621094
vt 0.003906 0.617920
vt 0.001709 0.617920
vt 0.008545 0.617188
vt 0.022949 0.620117
vt 0.022949 0.617188
vt 0.101807 0.617188
vt 0.101807 0.630127
vt 0.101807 0.620361
vt 0.180908 0.617188
vt 0.101807 0.639893
vt 0.101807 0.643066
vt 0.180908 0.620117
vt 0.260742 0.620117
vt 0.260742 0.617188
vt 0.180908 0.630127
vt 0.260742 0.630127
vt 0.339600 0.620117
vt 0.339600 0.617188
vt 0.353271 0.617188
vt 0.180908 0.639893
vt 0.180908 0.643066
vt 0.260742 0.639893
vt 0.260742 0.643066
vt 0.339600 0.639160
vt 0.339600 0.643066
vt 0.354004 0.642334
vt 0.340332 0.630127
vt 0.353271 0.638428
vt 0.358643 0.641602
vt 0.358643 0.637695
vt 0.354004 0.630127
vt 0.359375 0.630127
vt 0.353271 0.621094
vt 0.358643 0.621826
vt 0.358643 0.617920
vt 0.360840 0.617920
vt 0.361816 0.621826
vt 0.361816 0.630127
vt 0.804688 0.611816
vt 0.807861 0.615479
vt 0.803955 0.615479
vt 0.796875 0.615479
vt 0.797363 0.612061
vt 0.789062 0.615479
vt 0.789795 0.611816
vt 0.785889 0.615479
vt 0.789307 0.620117
vt 0.796875 0.620361
vt 0.789551 0.626953
vt 0.804199 0.620117
vt 0.807861 0.620117
vt 0.809814 0.618896
vt 0.810547 0.626221
vt 0.808350 0.626709
vt 0.797363 0.626953
vt 0.790527 0.633545
vt 0.804443 0.626953
vt 0.809082 0.633301
vt 0.797852 0.633545
vt 0.791016 0.637695
vt 0.798828 0.637695
vt 0.805420 0.633545
vt 0.809814 0.636719
vt 0.805908 0.637695
vt 0.603271 0.610840
vt 0.603760 0.615479
vt 0.599854 0.610840
vt 0.600342 0.615479
vt 0.604248 0.622314
vt 0.597656 0.614746
vt 0.598145 0.610840
vt 0.600830 0.622314
vt 0.603760 0.629150
vt 0.598145 0.621582
vt 0.600342 0.629150
vt 0.597656 0.628418
vt 0.599854 0.632812
vt 0.603271 0.633545
vt 0.661621 0.358154
vt 0.660400 0.360352
vt 0.660156 0.358887
vt 0.661621 0.353516
vt 0.663330 0.353516
vt 0.656006 0.354248
vt 0.656494 0.358887
vt 0.650635 0.359619
vt 0.650146 0.355225
vt 0.656738 0.340576
vt 0.661621 0.339844
vt 0.663818 0.339111
vt 0.656250 0.260986
vt 0.649170 0.260986
vt 0.657227 0.181152
vt 0.660645 0.260010
vt 0.662842 0.260010
vt 0.661621 0.181152
vt 0.664307 0.181152
vt 0.662354 0.101318
vt 0.664551 0.101318
vt 0.657471 0.100586
vt 0.663330 0.022217
vt 0.661133 0.022461
vt 0.662109 0.008789
vt 0.656738 0.021729
vt 0.660400 0.007812
vt 0.660400 0.003418
vt 0.649170 0.020996
vt 0.651123 0.100586
vt 0.655518 0.007324
vt 0.658691 0.002686
vt 0.654541 0.002686
vt 0.659180 0.001221
vt 0.635742 0.263184
vt 0.641602 0.263916
vt 0.635254 0.267578
vt 0.641113 0.269287
vt 0.645996 0.264648
vt 0.646240 0.262451
vt 0.647461 0.264648
vt 0.645508 0.269287
vt 0.647949 0.270020
vt 0.634277 0.281250
vt 0.629395 0.268311
vt 0.627686 0.281982
vt 0.635010 0.361816
vt 0.640625 0.282959
vt 0.645508 0.283691
vt 0.647949 0.283691
vt 0.641357 0.361816
vt 0.645752 0.362549
vt 0.648438 0.362549
vt 0.633789 0.441650
vt 0.626709 0.441650
vt 0.626221 0.521973
vt 0.632568 0.521973
vt 0.627197 0.601074
vt 0.639893 0.522217
vt 0.640869 0.440918
vt 0.634033 0.601807
vt 0.645508 0.441650
vt 0.648193 0.441650
vt 0.644775 0.521240
vt 0.646973 0.521240
vt 0.647949 0.601074
vt 0.645752 0.601074
vt 0.648438 0.614746
vt 0.640625 0.601807
vt 0.646729 0.614746
vt 0.648193 0.619385
vt 0.646484 0.620117
vt 0.646729 0.621582
vt 0.641602 0.615479
vt 0.642090 0.620117
vt 0.636230 0.620850
vt 0.635254 0.615479
vt 0.628662 0.615479
vt 0.630371 0.620117
vt 0.536621 0.409180
vt 0.541260 0.488281
vt 0.536621 0.489014
vt 0.538086 0.568115
vt 0.439697 0.495605
vt 0.438232 0.494629
vt 0.442139 0.491943
vt 0.443848 0.492432
vt 0.444824 0.490967
vt 0.440918 0.488770
vt 0.444580 0.487793
vt 0.439697 0.482422
vt 0.443359 0.481934
vt 0.438232 0.476562
vt 0.575928 0.638184
vt 0.579834 0.638428
vt 0.579834 0.642578
vt 0.587158 0.638672
vt 0.576172 0.642578
vt 0.587402 0.642822
vt 0.580078 0.649170
vt 0.576172 0.649170
vt 0.595215 0.639160
vt 0.579834 0.656738
vt 0.576172 0.656006
vt 0.575928 0.660645
vt 0.579834 0.660645
vt 0.587402 0.649658
vt 0.587402 0.656982
vt 0.587158 0.661865
vt 0.595459 0.649902
vt 0.595459 0.643311
vt 0.598877 0.643799
vt 0.598633 0.639404
vt 0.598877 0.650391
vt 0.595459 0.657715
vt 0.598877 0.657227
vt 0.598633 0.661865
vt 0.595215 0.662109
vt 0.586426 0.664551
vt 0.578857 0.663574
vt 0.425781 0.494873
vt 0.426025 0.499023
vt 0.423340 0.498535
vt 0.426025 0.505127
vt 0.423340 0.504639
vt 0.610840 0.205566
vt 0.611328 0.200928
vt 0.613525 0.205566
vt 0.613037 0.200928
vt 0.613037 0.212402
vt 0.610840 0.212402
vt 0.613525 0.219238
vt 0.613037 0.223633
vt 0.611328 0.223633
vt 0.610840 0.219238
vt 0.607178 0.212402
vt 0.607666 0.205566
vt 0.596191 0.000732
vt 0.596191 0.008057
vt 0.591797 0.004883
vt 0.606201 0.605225
vt 0.606201 0.607422
vt 0.602295 0.608154
vt 0.602295 0.605225
vt 0.593994 0.608154
vt 0.606934 0.599854
vt 0.603027 0.600586
vt 0.593994 0.600586
vt 0.593994 0.605957
vt 0.586426 0.605225
vt 0.603760 0.586182
vt 0.606934 0.586182
vt 0.593994 0.586914
vt 0.585693 0.600586
vt 0.582520 0.605225
vt 0.581787 0.600586
vt 0.583984 0.586914
vt 0.581055 0.586914
vt 0.593750 0.507080
vt 0.603516 0.507080
vt 0.605957 0.507080
vt 0.583740 0.507080
vt 0.580811 0.507324
vt 0.603516 0.428223
vt 0.606445 0.428223
vt 0.593506 0.428223
vt 0.583740 0.428223
vt 0.580566 0.428223
vt 0.593262 0.348389
vt 0.603271 0.348389
vt 0.606201 0.348389
vt 0.606934 0.268555
vt 0.583496 0.348389
vt 0.580566 0.348389
vt 0.583252 0.269531
vt 0.580322 0.269531
vt 0.581055 0.255859
vt 0.603760 0.269531
vt 0.605957 0.254883
vt 0.593262 0.268799
vt 0.584717 0.255859
vt 0.602295 0.255859
vt 0.605225 0.250488
vt 0.593262 0.255127
vt 0.585449 0.250488
vt 0.581787 0.250488
vt 0.585449 0.247314
vt 0.581787 0.248291
vt 0.593018 0.247314
vt 0.593262 0.249756
vt 0.601562 0.250488
vt 0.601562 0.247314
vt 0.605225 0.248047
vt 0.008545 0.456787
vt 0.007568 0.450928
vt 0.011719 0.456055
vt 0.013428 0.462158
vt 0.011230 0.449707
vt 0.007080 0.447266
vt 0.010254 0.446533
vt 0.008301 0.445557
vt 0.011719 0.443115
vt 0.013428 0.443848
vt 0.048340 0.435547
vt 0.048340 0.447510
vt 0.045654 0.446777
vt 0.666260 0.801025
vt 0.667969 0.813232
vt 0.666016 0.812500
vt 0.668457 0.801758
vt 0.666016 0.733643
vt 0.875977 0.419678
vt 0.903320 0.418945
vt 0.901123 0.493408
vt 0.905518 0.417480
vt 0.902588 0.493408
vt 0.874512 0.418213
vt 0.871338 0.420410
vt 0.870605 0.418945
vt 0.868408 0.422852
vt 0.904053 0.567871
vt 0.905518 0.569336
vt 0.875977 0.567139
vt 0.875244 0.568604
vt 0.871338 0.566406
vt 0.870605 0.567871
vt 0.868408 0.563232
vt 0.866943 0.564697
vt 0.867676 0.560303
vt 0.866211 0.561035
vt 0.863770 0.493408
vt 0.866211 0.493408
vt 0.867676 0.426514
vt 0.865234 0.425781
vt 0.866943 0.421875
vt 0.714600 0.254150
vt 0.714600 0.178223
vt 0.717041 0.254150
vt 0.714600 0.330078
vt 0.717041 0.177490
vt 0.717041 0.330811
vt 0.723877 0.254150
vt 0.726074 0.177490
vt 0.726074 0.330811
vt 0.041748 0.557861
vt 0.044189 0.557861
vt 0.043945 0.587891
vt 0.041504 0.587891
vt 0.044189 0.591309
vt 0.033447 0.557129
vt 0.041748 0.592041
vt 0.033691 0.587158
vt 0.033936 0.591553
vt 0.747070 0.868896
vt 0.751221 0.867432
vt 0.751709 0.869141
vt 0.747070 0.871338
vt 0.751953 0.871582
vt 0.755615 0.869873
vt 0.755615 0.867920
vt 0.747070 0.877930
vt 0.751953 0.878174
vt 0.751709 0.936523
vt 0.747070 0.936279
vt 0.752197 0.991211
vt 0.747314 0.991211
vt 0.334473 0.873047
vt 0.361328 0.874512
vt 0.334473 0.873779
vt 0.334473 0.949707
vt 0.369629 0.882568
vt 0.365234 0.875488
vt 0.368408 0.878662
vt 0.669678 0.733887
vt 0.669922 0.734619
vt 0.669678 0.798340
vt 0.543945 0.442871
vt 0.543945 0.518799
vt 0.541504 0.518799
vt 0.543945 0.594727
vt 0.429443 0.431641
vt 0.431885 0.430908
vt 0.430176 0.461670
vt 0.432617 0.462402
vt 0.440674 0.431885
vt 0.430176 0.466309
vt 0.440674 0.462646
vt 0.431885 0.467041
vt 0.429443 0.470459
vt 0.440674 0.467285
vt 0.431152 0.470459
vt 0.439941 0.471436
vt 0.574707 0.832031
vt 0.574707 0.767334
vt 0.574707 0.831299
vt 0.756836 0.777100
vt 0.756836 0.778076
vt 0.729980 0.778564
vt 0.756836 0.854004
vt 0.722900 0.782471
vt 0.726074 0.779297
vt 0.722412 0.787109
vt 0.722168 0.854736
vt 0.001709 0.864990
vt 0.002197 0.797363
vt 0.003418 0.865723
vt 0.003662 0.797363
vt 0.002441 0.729736
vt 0.012451 0.869629
vt 0.004150 0.869629
vt 0.004150 0.729004
vt 0.002441 0.726074
vt 0.004150 0.725342
vt 0.012451 0.865723
vt 0.011963 0.797363
vt 0.012451 0.729004
vt 0.013184 0.725342
vt 0.013184 0.729736
vt 0.012695 0.797363
vt 0.012451 0.864990
vt 0.086426 0.797852
vt 0.013184 0.729004
vt 0.086914 0.724854
vt 0.086914 0.728760
vt 0.156738 0.726074
vt 0.156738 0.729004
vt 0.156250 0.798340
vt 0.156738 0.867432
vt 0.086182 0.866943
vt 0.086182 0.870850
vt 0.156738 0.870361
vt 0.898926 0.310791
vt 0.898926 0.379150
vt 0.898926 0.311523
vt 0.628174 0.797852
vt 0.628174 0.865479
vt 0.628174 0.797119
vt 0.154053 0.875488
vt 0.154053 0.874756
vt 0.194336 0.942139
vt 0.154053 0.943115
vt 0.372559 0.873291
vt 0.407227 0.874268
vt 0.372559 0.941650
vt 0.817139 0.688232
vt 0.818604 0.619873
vt 0.851318 0.688232
vt 0.820068 0.615967
vt 0.819336 0.756592
vt 0.823975 0.613037
vt 0.820068 0.760498
vt 0.827637 0.612305
vt 0.857422 0.611572
vt 0.823975 0.763428
vt 0.827637 0.764160
vt 0.857422 0.764893
vt 0.412598 0.524902
vt 0.416992 0.525391
vt 0.416504 0.596924
vt 0.412109 0.596191
vt 0.416260 0.664307
vt 0.411865 0.663574
vt 0.420166 0.664551
vt 0.420166 0.596924
vt 0.420898 0.525391
vt 0.450195 0.524170
vt 0.449463 0.595459
vt 0.450195 0.663086
vt 0.856445 0.235352
vt 0.853027 0.238281
vt 0.822510 0.163818
vt 0.849854 0.239746
vt 0.823486 0.239746
vt 0.856934 0.232178
vt 0.857422 0.163086
vt 0.854736 0.093994
vt 0.854004 0.090820
vt 0.850830 0.087891
vt 0.848145 0.086426
vt 0.936523 0.969971
vt 0.936035 0.900879
vt 0.939941 0.969238
vt 0.938721 0.900391
vt 0.936523 0.834961
vt 0.967529 0.897461
vt 0.968506 0.966309
vt 0.968506 0.832031
vt 0.939209 0.834229
vt 0.897461 0.311279
vt 0.897461 0.366943
vt 0.894287 0.366211
vt 0.798340 0.838135
vt 0.773682 0.846680
vt 0.773682 0.764648
vt 0.315430 0.797119
vt 0.315430 0.727295
vt 0.392822 0.727295
vt 0.468994 0.797119
vt 0.468750 0.727295
vt 0.315430 0.870850
vt 0.392090 0.870850
vt 0.468750 0.870850
vt 0.418701 0.328369
vt 0.399658 0.328125
vt 0.419678 0.248535
vt 0.391602 0.407959
vt 0.394287 0.328125
vt 0.395508 0.248291
vt 0.397705 0.407959
vt 0.392334 0.421631
vt 0.392334 0.426758
vt 0.390137 0.422363
vt 0.399170 0.421631
vt 0.399902 0.427002
vt 0.417480 0.408691
vt 0.417480 0.422363
vt 0.417480 0.427002
vt 0.417480 0.429932
vt 0.399902 0.429199
vt 0.434814 0.427002
vt 0.434814 0.421631
vt 0.437256 0.407227
vt 0.442383 0.421875
vt 0.442383 0.427002
vt 0.444824 0.422607
vt 0.443359 0.407471
vt 0.443604 0.328369
vt 0.438232 0.328369
vt 0.444092 0.248535
vt 0.438721 0.248535
vt 0.444336 0.168945
vt 0.438965 0.168945
vt 0.444824 0.089111
vt 0.438721 0.089111
vt 0.444092 0.074707
vt 0.419434 0.167969
vt 0.400635 0.248291
vt 0.400391 0.167969
vt 0.395020 0.167969
vt 0.418945 0.087402
vt 0.436523 0.075439
vt 0.444092 0.069336
vt 0.399170 0.088867
vt 0.393066 0.088867
vt 0.393066 0.074463
vt 0.436523 0.070068
vt 0.436523 0.067139
vt 0.418945 0.074463
vt 0.400879 0.074463
vt 0.418945 0.069336
vt 0.418945 0.066162
vt 0.401611 0.069824
vt 0.394043 0.069092
vt 0.401611 0.066895
vt 0.545654 0.147217
vt 0.546631 0.227783
vt 0.543457 0.147217
vt 0.545654 0.068359
vt 0.543945 0.227783
vt 0.546143 0.307617
vt 0.542480 0.067627
vt 0.542969 0.053223
vt 0.545654 0.053955
vt 0.544678 0.048584
vt 0.541992 0.048584
vt 0.542725 0.046387
vt 0.536865 0.053223
vt 0.537598 0.047852
vt 0.530273 0.052246
vt 0.530762 0.047119
vt 0.530029 0.066895
vt 0.523926 0.052979
vt 0.536865 0.066895
vt 0.531006 0.146484
vt 0.537354 0.147217
vt 0.523682 0.147217
vt 0.523193 0.066650
vt 0.524170 0.227783
vt 0.531250 0.227783
vt 0.523682 0.308350
vt 0.538574 0.227783
vt 0.530273 0.308350
vt 0.523193 0.387939
vt 0.537354 0.308350
vt 0.529297 0.388916
vt 0.543457 0.307617
vt 0.544922 0.387451
vt 0.542969 0.387451
vt 0.545410 0.401123
vt 0.542969 0.401855
vt 0.536865 0.388184
vt 0.530273 0.402588
vt 0.523926 0.402588
vt 0.536865 0.402588
vt 0.530762 0.407715
vt 0.537598 0.407715
vt 0.541992 0.406982
vt 0.544189 0.406250
vt 0.542725 0.408691
vt 0.682861 0.548828
vt 0.679443 0.549072
vt 0.681152 0.544189
vt 0.681885 0.561279
vt 0.679688 0.561035
vt 0.677734 0.625732
vt 0.683105 0.544434
vt 0.682861 0.542236
vt 0.677734 0.538330
vt 0.687256 0.542725
vt 0.686035 0.539795
vt 0.681152 0.535645
vt 0.022705 0.554688
vt 0.101807 0.552246
vt 0.102539 0.554443
vt 0.182373 0.552002
vt 0.182373 0.554199
vt 0.261963 0.551758
vt 0.261963 0.553955
vt 0.182373 0.546631
vt 0.341064 0.554688
vt 0.341797 0.552246
vt 0.355469 0.554688
vt 0.261963 0.546387
vt 0.342529 0.546143
vt 0.356201 0.552246
vt 0.262695 0.538818
vt 0.360840 0.550781
vt 0.360840 0.552979
vt 0.182129 0.538330
vt 0.356201 0.546875
vt 0.361572 0.546143
vt 0.363037 0.550781
vt 0.356934 0.538574
vt 0.362305 0.539307
vt 0.342529 0.538574
vt 0.356201 0.531006
vt 0.361572 0.531738
vt 0.360596 0.527100
vt 0.356201 0.525635
vt 0.342529 0.530273
vt 0.341797 0.524902
vt 0.261963 0.530518
vt 0.261963 0.524414
vt 0.182129 0.524658
vt 0.182129 0.530029
vt 0.101807 0.525635
vt 0.101807 0.530762
vt 0.022705 0.525635
vt 0.101074 0.538574
vt 0.021973 0.531006
vt 0.007568 0.526611
vt 0.101807 0.546875
vt 0.022705 0.552979
vt 0.021240 0.539307
vt 0.021973 0.547852
vt 0.007568 0.553223
vt 0.007568 0.532715
vt 0.002930 0.528809
vt 0.002197 0.533447
vt 0.006836 0.540283
vt 0.001465 0.540283
vt 0.007568 0.547852
vt 0.002930 0.552490
vt 0.002197 0.547852
vt 0.622803 0.416748
vt 0.626465 0.350342
vt 0.629639 0.350586
vt 0.626953 0.338135
vt 0.629150 0.339111
vt 0.625977 0.417480
vt 0.619873 0.483887
vt 0.623047 0.484131
vt 0.616455 0.550781
vt 0.619629 0.551025
vt 0.614990 0.617432
vt 0.612305 0.617920
vt 0.611572 0.630615
vt 0.614258 0.630127
vt 0.613281 0.635254
vt 0.610107 0.635010
vt 0.611572 0.637939
vt 0.606201 0.636719
vt 0.616455 0.640625
vt 0.618408 0.637939
vt 0.629639 0.645752
vt 0.607422 0.639648
vt 0.601807 0.642822
vt 0.600342 0.639893
vt 0.447021 0.184082
vt 0.447266 0.104248
vt 0.451660 0.184082
vt 0.452637 0.104492
vt 0.447510 0.024658
vt 0.452148 0.263916
vt 0.446777 0.263916
vt 0.471436 0.103760
vt 0.452637 0.024658
vt 0.447510 0.010254
vt 0.451904 0.342773
vt 0.446045 0.342773
vt 0.446777 0.357178
vt 0.471436 0.184082
vt 0.471191 0.263916
vt 0.454346 0.357422
vt 0.447510 0.362549
vt 0.454346 0.362549
vt 0.471680 0.343750
vt 0.471680 0.357422
vt 0.471680 0.362793
vt 0.471680 0.365723
vt 0.454346 0.364990
vt 0.489258 0.362793
vt 0.489990 0.357422
vt 0.497559 0.357422
vt 0.496826 0.362793
vt 0.492188 0.343750
vt 0.497559 0.343750
vt 0.495605 0.263916
vt 0.490234 0.263916
vt 0.494873 0.184326
vt 0.490234 0.184326
vt 0.495850 0.103760
vt 0.491211 0.103760
vt 0.492920 0.024658
vt 0.498291 0.024658
vt 0.498291 0.010254
vt 0.472412 0.023926
vt 0.490723 0.010254
vt 0.497559 0.004883
vt 0.490723 0.004883
vt 0.455078 0.010254
vt 0.472412 0.010254
vt 0.472412 0.004883
vt 0.455078 0.005615
vt 0.448242 0.005615
vt 0.446045 0.009521
vt 0.446045 0.004883
vt 0.455078 0.002686
vt 0.472412 0.001953
vt 0.214355 0.902344
vt 0.213867 0.919189
vt 0.210693 0.901611
vt 0.210938 0.885498
vt 0.214355 0.885498
vt 0.210938 0.878418
vt 0.213623 0.879150
vt 0.206055 0.885498
vt 0.206299 0.877930
vt 0.206055 0.901855
vt 0.205322 0.918213
vt 0.210938 0.918213
vt 0.198486 0.885986
vt 0.198730 0.878418
vt 0.198486 0.902100
vt 0.198730 0.918701
vt 0.192139 0.886719
vt 0.192139 0.879150
vt 0.187988 0.880615
vt 0.187256 0.887695
vt 0.187012 0.903809
vt 0.191406 0.903076
vt 0.187256 0.920410
vt 0.191406 0.919434
vt 0.188232 0.927734
vt 0.191406 0.926758
vt 0.198975 0.926025
vt 0.192139 0.929688
vt 0.199219 0.928711
vt 0.205566 0.925537
vt 0.206055 0.928467
vt 0.210205 0.925049
vt 0.210693 0.927490
vt 0.213135 0.925537
vt 0.679199 0.631592
vt 0.678955 0.635986
vt 0.675781 0.635986
vt 0.679199 0.643799
vt 0.676025 0.631348
vt 0.677734 0.629150
vt 0.676025 0.642822
vt 0.678467 0.650391
vt 0.675781 0.650391
vt 0.678467 0.655029
vt 0.675781 0.655029
vt 0.620361 0.360107
vt 0.615967 0.360840
vt 0.616211 0.355469
vt 0.610352 0.361816
vt 0.609863 0.356445
vt 0.622314 0.355469
vt 0.623535 0.360107
vt 0.624268 0.354736
vt 0.616943 0.341797
vt 0.609375 0.342041
vt 0.611572 0.262207
vt 0.622559 0.341064
vt 0.618652 0.261475
vt 0.625488 0.340332
vt 0.623535 0.261475
vt 0.618896 0.180908
vt 0.626709 0.261475
vt 0.623779 0.180908
vt 0.626953 0.180908
vt 0.623779 0.101074
vt 0.626953 0.101074
vt 0.618164 0.100342
vt 0.625000 0.021240
vt 0.621826 0.021240
vt 0.623535 0.007568
vt 0.616211 0.020508
vt 0.621582 0.006836
vt 0.622803 0.002441
vt 0.620605 0.001709
vt 0.615479 0.006104
vt 0.615723 0.000977
vt 0.609375 0.020020
vt 0.611816 0.100342
vt 0.533203 0.039795
vt 0.535889 0.045654
vt 0.532715 0.045654
vt 0.467529 0.593994
vt 0.466309 0.601562
vt 0.462646 0.593994
vt 0.401123 0.619873
vt 0.401855 0.621338
vt 0.399658 0.622070
vt 0.401611 0.626709
vt 0.399414 0.626709
vt 0.401855 0.633545
vt 0.398682 0.633545
vt 0.401123 0.641113
vt 0.398926 0.641113
vt 0.398682 0.645508
vt 0.400879 0.645752
vt 0.428223 0.045410
vt 0.431396 0.045410
vt 0.430908 0.051025
vt 0.427490 0.051025
vt 0.431396 0.064209
vt 0.458740 0.916992
vt 0.457764 0.924316
vt 0.453857 0.917480
vt 0.453369 0.925293
vt 0.459229 0.900146
vt 0.446777 0.925781
vt 0.454346 0.900635
vt 0.459473 0.883057
vt 0.447266 0.917725
vt 0.439209 0.925781
vt 0.454590 0.883545
vt 0.458984 0.876465
vt 0.454590 0.876221
vt 0.446777 0.900879
vt 0.447266 0.884033
vt 0.447266 0.876465
vt 0.439697 0.917725
vt 0.434570 0.924805
vt 0.434082 0.917480
vt 0.440186 0.901123
vt 0.434570 0.900879
vt 0.440430 0.884033
vt 0.434814 0.883789
vt 0.432129 0.883301
vt 0.433105 0.875977
vt 0.435791 0.876465
vt 0.435303 0.874268
vt 0.440430 0.876465
vt 0.446777 0.873779
vt 0.439941 0.873779
vt 0.440918 0.498779
vt 0.444824 0.493896
vt 0.444824 0.502441
vt 0.501465 0.337646
vt 0.503662 0.344971
vt 0.501465 0.345703
vt 0.016113 0.453369
vt 0.018799 0.464844
vt 0.015381 0.464844
vt 0.521240 0.602783
vt 0.521240 0.585205
vt 0.523682 0.586182
vt 0.523438 0.578613
vt 0.406982 0.556641
vt 0.406982 0.564941
vt 0.402344 0.556641
vt 0.403076 0.554199
vt 0.409912 0.564941
vt 0.409912 0.584717
vt 0.402344 0.564209
vt 0.387939 0.562012
vt 0.388672 0.555908
vt 0.402344 0.584717
vt 0.309570 0.556641
vt 0.407715 0.584717
vt 0.388672 0.584717
vt 0.309570 0.562012
vt 0.229980 0.556641
vt 0.309570 0.584717
vt 0.229980 0.562012
vt 0.150879 0.556641
vt 0.150879 0.562012
vt 0.072021 0.555908
vt 0.072021 0.562012
vt 0.058350 0.556641
vt 0.072021 0.584717
vt 0.058350 0.564209
vt 0.052979 0.556641
vt 0.053711 0.564941
vt 0.058350 0.584717
vt 0.053711 0.584717
vt 0.150879 0.584717
vt 0.058350 0.605225
vt 0.230713 0.584717
vt 0.072754 0.607422
vt 0.151611 0.607422
vt 0.230713 0.607422
vt 0.151611 0.612793
vt 0.072754 0.613525
vt 0.230713 0.612793
vt 0.058350 0.613525
vt 0.309570 0.612793
vt 0.053711 0.612793
vt 0.309570 0.607422
vt 0.388672 0.613525
vt 0.388672 0.607422
vt 0.402344 0.613525
vt 0.402344 0.605225
vt 0.407715 0.612793
vt 0.406982 0.604492
vt 0.409912 0.604492
vt 0.053711 0.605225
vt 0.050781 0.604492
vt 0.050781 0.584717
vt 0.050781 0.564941
vt 0.472168 0.651123
vt 0.468750 0.650391
vt 0.469238 0.639404
vt 0.472656 0.639648
vt 0.470947 0.573242
vt 0.474121 0.573242
vt 0.469238 0.508545
vt 0.472412 0.508789
vt 0.468994 0.443848
vt 0.472168 0.444092
vt 0.468750 0.379639
vt 0.472168 0.379883
vt 0.468994 0.367920
vt 0.830811 0.013184
vt 0.828857 0.004395
vt 0.831543 0.004883
vt 0.831299 0.003174
vt 0.835938 0.002441
vt 0.836182 0.013184
vt 0.836182 0.005127
vt 0.842529 0.002197
vt 0.843018 0.004883
vt 0.850098 0.001709
vt 0.850342 0.004639
vt 0.830566 0.032471
vt 0.843018 0.013184
vt 0.828125 0.031982
vt 0.828125 0.012695
vt 0.831299 0.051514
vt 0.836182 0.032471
vt 0.850342 0.012695
vt 0.854492 0.004150
vt 0.854736 0.012207
vt 0.843018 0.032471
vt 0.850342 0.031982
vt 0.854492 0.031494
vt 0.854492 0.050537
vt 0.835938 0.052246
vt 0.831055 0.059326
vt 0.829346 0.059082
vt 0.835938 0.060303
vt 0.843506 0.052002
vt 0.843262 0.060059
vt 0.850098 0.051758
vt 0.854248 0.058350
vt 0.850098 0.059814
vt 0.705811 0.613281
vt 0.706055 0.692139
vt 0.703369 0.613281
vt 0.705811 0.534180
vt 0.702881 0.692139
vt 0.706055 0.705811
vt 0.703369 0.534180
vt 0.705811 0.455322
vt 0.697998 0.614014
vt 0.703369 0.454590
vt 0.697266 0.534180
vt 0.706055 0.376221
vt 0.703369 0.706543
vt 0.705078 0.711182
vt 0.702637 0.711182
vt 0.697510 0.692871
vt 0.697998 0.706543
vt 0.698242 0.711914
vt 0.691650 0.712646
vt 0.690918 0.707275
vt 0.690918 0.693604
vt 0.684814 0.706543
vt 0.683838 0.692871
vt 0.690186 0.614014
vt 0.690186 0.534180
vt 0.697998 0.454590
vt 0.691406 0.453613
vt 0.703613 0.375488
vt 0.706055 0.361816
vt 0.697510 0.374756
vt 0.703369 0.361816
vt 0.705078 0.357178
vt 0.702637 0.356445
vt 0.697998 0.361084
vt 0.698242 0.355713
vt 0.691650 0.360352
vt 0.690918 0.374756
vt 0.684326 0.374756
vt 0.685547 0.361084
vt 0.684814 0.454346
vt 0.684082 0.534180
vt 0.604492 0.072266
vt 0.604736 0.067871
vt 0.607422 0.071777
vt 0.607422 0.067871
vt 0.604980 0.061035
vt 0.600830 0.060791
vt 0.608154 0.061035
vt 0.605225 0.053467
vt 0.607910 0.054199
vt 0.608154 0.049805
vt 0.605469 0.049561
vt 0.606689 0.047363
vt 0.361816 0.483643
vt 0.359619 0.481934
vt 0.361816 0.481201
vt 0.411377 0.050293
vt 0.408203 0.064209
vt 0.404297 0.049805
vt 0.411377 0.045654
vt 0.408936 0.876465
vt 0.412354 0.875244
vt 0.411865 0.883545
vt 0.418945 0.874512
vt 0.407715 0.884033
vt 0.411133 0.901611
vt 0.406250 0.902344
vt 0.418457 0.882080
vt 0.425781 0.874512
vt 0.406494 0.920898
vt 0.425293 0.882080
vt 0.430420 0.875244
vt 0.430664 0.882812
vt 0.417725 0.901123
vt 0.424316 0.900879
vt 0.410645 0.920410
vt 0.406250 0.928955
vt 0.410400 0.928223
vt 0.417236 0.919678
vt 0.429932 0.901123
vt 0.432617 0.901855
vt 0.432129 0.920410
vt 0.424805 0.919434
vt 0.429199 0.919434
vt 0.416992 0.927734
vt 0.410889 0.931152
vt 0.417236 0.930420
vt 0.424316 0.927246
vt 0.424805 0.930176
vt 0.428467 0.927734
vt 0.431152 0.927979
vt 0.429443 0.929688
vt 0.370605 0.422852
vt 0.373779 0.428711
vt 0.370605 0.428711
vt 0.005371 0.478516
vt 0.001465 0.483643
vt 0.001465 0.474854
vt 0.769531 0.787109
vt 0.771729 0.802490
vt 0.765381 0.787598
vt 0.767090 0.780518
vt 0.765137 0.780762
vt 0.769775 0.776123
vt 0.771729 0.778076
vt 0.765869 0.778809
vt 0.761719 0.777100
vt 0.760498 0.780029
vt 0.667236 0.179199
vt 0.666992 0.100098
vt 0.671631 0.100098
vt 0.666016 0.021240
vt 0.672607 0.179199
vt 0.669678 0.259033
vt 0.671387 0.020508
vt 0.666016 0.006836
vt 0.675049 0.259766
vt 0.666748 0.337891
vt 0.672119 0.006836
vt 0.667480 0.002197
vt 0.672119 0.001465
vt 0.678955 0.000732
vt 0.678955 0.006104
vt 0.686523 0.001465
vt 0.678955 0.019775
vt 0.686523 0.006836
vt 0.691162 0.002197
vt 0.691895 0.006836
vt 0.686523 0.020508
vt 0.692627 0.021240
vt 0.679932 0.099365
vt 0.687500 0.100098
vt 0.692871 0.100098
vt 0.680176 0.179199
vt 0.687744 0.179199
vt 0.693115 0.179199
vt 0.680908 0.259766
vt 0.688721 0.258789
vt 0.693848 0.258789
vt 0.693359 0.337891
vt 0.687988 0.338623
vt 0.693359 0.352295
vt 0.672852 0.338623
vt 0.666748 0.352295
vt 0.680420 0.339355
vt 0.687256 0.352295
vt 0.691895 0.356934
vt 0.687256 0.357666
vt 0.679688 0.357666
vt 0.679688 0.353027
vt 0.672852 0.357666
vt 0.672852 0.352295
vt 0.668213 0.356934
vt 0.666016 0.356201
vt 0.396973 0.051270
vt 0.399170 0.064941
vt 0.396973 0.065674
vt 0.500488 0.361816
vt 0.502441 0.360596
vt 0.502441 0.364502
vt 0.004150 0.701660
vt 0.001953 0.693359
vt 0.004883 0.693359
vt 0.001953 0.673584
vt 0.009521 0.701904
vt 0.008789 0.704102
vt 0.009521 0.693359
vt 0.009521 0.673584
vt 0.004150 0.673584
vt 0.023193 0.696533
vt 0.023193 0.702637
vt 0.023193 0.673828
vt 0.102295 0.696777
vt 0.102051 0.701904
vt 0.005127 0.653076
vt 0.001953 0.653809
vt 0.002930 0.645508
vt 0.010254 0.653076
vt 0.005127 0.645508
vt 0.009521 0.644775
vt 0.024170 0.650879
vt 0.024170 0.644775
vt 0.103027 0.645752
vt 0.102295 0.673828
vt 0.103027 0.651123
vt 0.181152 0.696777
vt 0.181885 0.674072
vt 0.181152 0.702148
vt 0.182129 0.651367
vt 0.182129 0.645996
vt 0.260986 0.674316
vt 0.260986 0.651367
vt 0.260986 0.645508
vt 0.340088 0.651611
vt 0.340088 0.644775
vt 0.353760 0.645508
vt 0.260986 0.696289
vt 0.339844 0.674561
vt 0.353760 0.654053
vt 0.358154 0.654785
vt 0.359131 0.646484
vt 0.353516 0.674561
vt 0.358887 0.674561
vt 0.358154 0.694336
vt 0.353516 0.694336
vt 0.358154 0.702637
vt 0.353516 0.702637
vt 0.339844 0.697266
vt 0.339844 0.703369
vt 0.260986 0.702393
vt 0.260986 0.704590
vt 0.060059 0.447266
vt 0.062988 0.448730
vt 0.060059 0.459473
vt 0.502686 0.322510
vt 0.505127 0.315918
vt 0.505127 0.324219
vt 0.669189 0.714600
vt 0.665527 0.715332
vt 0.665039 0.709961
vt 0.670410 0.709961
vt 0.672363 0.713867
vt 0.665527 0.696289
vt 0.673096 0.709229
vt 0.670654 0.695557
vt 0.666016 0.616699
vt 0.673340 0.694824
vt 0.671143 0.616699
vt 0.674316 0.615967
vt 0.666748 0.536865
vt 0.672119 0.536865
vt 0.675293 0.536865
vt 0.672119 0.457764
vt 0.674805 0.457764
vt 0.674561 0.378906
vt 0.671875 0.378906
vt 0.674316 0.365234
vt 0.666748 0.457764
vt 0.659912 0.536865
vt 0.659424 0.617432
vt 0.659912 0.457031
vt 0.666504 0.378174
vt 0.671387 0.364502
vt 0.673584 0.359863
vt 0.670410 0.359863
vt 0.666260 0.364502
vt 0.666016 0.359131
vt 0.659424 0.363770
vt 0.659424 0.377441
vt 0.577393 0.512207
vt 0.574707 0.578613
vt 0.574219 0.511963
vt 0.577393 0.445801
vt 0.574219 0.445557
vt 0.576416 0.379395
vt 0.525146 0.531982
vt 0.531250 0.598145
vt 0.528076 0.598145
vt 0.529297 0.610596
vt 0.531738 0.610107
vt 0.531006 0.614502
vt 0.528809 0.615234
vt 0.530029 0.617188
vt 0.525146 0.617432
vt 0.526855 0.620361
vt 0.663086 0.633789
vt 0.663086 0.712646
vt 0.660889 0.633789
vt 0.661377 0.619385
vt 0.007324 0.457275
vt 0.009277 0.465332
vt 0.007324 0.466309
vt 0.589111 0.633545
vt 0.588623 0.628906
vt 0.592041 0.628906
vt 0.588623 0.621338
vt 0.591797 0.633545
vt 0.590332 0.635010
vt 0.591309 0.621338
vt 0.588623 0.614502
vt 0.592041 0.614502
vt 0.596191 0.621338
vt 0.589111 0.609863
vt 0.591797 0.609863
vt 0.590332 0.607666
vt 0.395996 0.000977
vt 0.398682 0.001465
vt 0.399170 0.007568
vt 0.395020 0.007568
vt 0.398926 0.022949
vt 0.395264 0.022705
vt 0.398682 0.038330
vt 0.395020 0.038574
vt 0.395264 0.045654
vt 0.373535 0.418213
vt 0.375732 0.418945
vt 0.375732 0.420410
vt 0.375732 0.416748
vt 0.373535 0.416016
vt 0.373535 0.412842
vt 0.377930 0.418945
vt 0.375732 0.412842
vt 0.375732 0.421875
vt 0.374268 0.421875
vt 0.377930 0.421875
vt 0.377930 0.420410
vt 0.379639 0.420410
vt 0.379639 0.421875
vt 0.379639 0.418945
vt 0.381836 0.418213
vt 0.377930 0.416748
vt 0.380371 0.416748
vt 0.380371 0.412842
vt 0.377930 0.412842
vt 0.377930 0.402344
vt 0.380371 0.402344
vt 0.380371 0.391602
vt 0.375732 0.402344
vt 0.373535 0.402344
vt 0.375732 0.391602
vt 0.373535 0.391602
vt 0.377930 0.391602
vt 0.377930 0.388672
vt 0.380371 0.387695
vt 0.375732 0.387695
vt 0.373535 0.388672
vt 0.373535 0.386230
vt 0.377930 0.385498
vt 0.375732 0.385498
vt 0.375732 0.384033
vt 0.379639 0.385498
vt 0.381836 0.386230
vt 0.379639 0.384033
vt 0.377930 0.384033
vt 0.377930 0.382568
vt 0.375732 0.382568
vt 0.379639 0.382568
vt 0.381104 0.383301
vt 0.444824 0.385742
vt 0.444824 0.383057
vt 0.446045 0.384766
vt 0.393066 0.010254
vt 0.393799 0.012695
vt 0.393066 0.013428
vt 0.000732 0.439941
vt 0.000732 0.437744
vt 0.002930 0.439941
vt 0.000732 0.443115
vt 0.002930 0.437012
vt 0.002197 0.434814
vt 0.002930 0.443115
vt 0.005371 0.438477
vt 0.004395 0.435547
vt 0.004395 0.433105
vt 0.006104 0.433105
vt 0.006104 0.435547
vt 0.007568 0.435547
vt 0.008301 0.433105
vt 0.007568 0.437744
vt 0.010498 0.437744
vt 0.005371 0.442383
vt 0.005371 0.453613
vt 0.010498 0.435547
vt 0.011230 0.433105
vt 0.014404 0.437744
vt 0.014404 0.433105
vt 0.014404 0.435547
vt 0.017334 0.437744
vt 0.017334 0.435547
vt 0.017334 0.433105
vt 0.002930 0.453613
vt 0.000732 0.453613
vt 0.002930 0.464355
vt 0.005371 0.465088
vt 0.000732 0.464355
vt 0.005371 0.468994
vt 0.002930 0.467285
vt 0.000732 0.467285
vt 0.000732 0.469727
vt 0.002930 0.470459
vt 0.002197 0.472656
vt 0.004395 0.471924
vt 0.004395 0.474121
vt 0.006104 0.474121
vt 0.006104 0.471924
vt 0.007568 0.471924
vt 0.008301 0.474121
vt 0.007568 0.469727
vt 0.008301 0.468262
vt 0.010498 0.469727
vt 0.010498 0.471924
vt 0.011230 0.474121
vt 0.014404 0.474121
vt 0.014404 0.471924
vt 0.014404 0.469727
vt 0.017334 0.469727
vt 0.017334 0.471924
vt 0.017334 0.474121
vt 0.005371 0.601807
vt 0.005127 0.600342
vt 0.007080 0.602783
vt 0.004883 0.597900
vt 0.005859 0.598877
vt 0.007568 0.600342
vt 0.007568 0.598877
vt 0.005859 0.598145
vt 0.005615 0.597168
vt 0.007080 0.596436
vt 0.007324 0.598145
vt 0.009521 0.596191
vt 0.009521 0.597168
vt 0.010986 0.597656
vt 0.010986 0.596191
vt 0.012695 0.597656
vt 0.011230 0.598633
vt 0.009766 0.598877
vt 0.012695 0.598389
vt 0.009277 0.600586
vt 0.011230 0.600098
vt 0.013428 0.599854
vt 0.011475 0.602539
vt 0.009277 0.602783
vt 0.009277 0.604248
vt 0.011475 0.604004
vt 0.007080 0.604248
vt 0.009521 0.607178
vt 0.005371 0.604004
vt 0.005371 0.606934
vt 0.011719 0.606934
vt 0.007080 0.607422
vt 0.005615 0.610107
vt 0.009521 0.610107
vt 0.011719 0.609863
vt 0.011963 0.613525
vt 0.009521 0.613037
vt 0.007324 0.610352
vt 0.007324 0.613281
vt 0.004883 0.613037
vt 0.466553 0.426025
vt 0.466553 0.424316
vt 0.467285 0.425781
vt 0.467529 0.424561
vt 0.428711 0.462891
vt 0.427490 0.463623
vt 0.427490 0.462402
vt 0.428711 0.460449
vt 0.019287 0.433105
vt 0.020020 0.434570
vt 0.019287 0.435303
vt 0.020020 0.432373
vt 0.502686 0.005371
vt 0.500977 0.004150
vt 0.502441 0.004395
vt 0.500977 0.002441
vt 0.503662 0.004150
vt 0.502930 0.003174
vt 0.503662 0.000732
vt 0.532471 0.437744
vt 0.530762 0.437988
vt 0.532227 0.435303
vt 0.534424 0.436523
vt 0.534424 0.434570
vt 0.534180 0.431885
vt 0.531982 0.432129
vt 0.533691 0.423096
vt 0.531494 0.423096
vt 0.531006 0.414307
vt 0.533203 0.414062
vt 0.530762 0.411133
vt 0.532959 0.411621
vt 0.532715 0.409668
vt 0.423340 0.038330
vt 0.423340 0.036133
vt 0.425537 0.036133
vt 0.423340 0.032959
vt 0.425537 0.039062
vt 0.424805 0.041260
vt 0.425537 0.032959
vt 0.423340 0.022461
vt 0.427734 0.037598
vt 0.427002 0.040527
vt 0.427002 0.042969
vt 0.428467 0.042969
vt 0.428467 0.040527
vt 0.427734 0.033691
vt 0.427734 0.022461
vt 0.430176 0.040527
vt 0.430176 0.038330
vt 0.430908 0.042969
vt 0.433838 0.038330
vt 0.433838 0.042969
vt 0.425537 0.022461
vt 0.425537 0.011719
vt 0.427734 0.010986
vt 0.423340 0.011719
vt 0.433838 0.040527
vt 0.437012 0.042969
vt 0.437012 0.038330
vt 0.427734 0.007080
vt 0.437012 0.040527
vt 0.440674 0.038330
vt 0.440674 0.040527
vt 0.440674 0.042969
vt 0.425537 0.008789
vt 0.423340 0.008789
vt 0.423340 0.006348
vt 0.425537 0.005615
vt 0.424805 0.003418
vt 0.427002 0.004150
vt 0.427002 0.001953
vt 0.428467 0.001953
vt 0.428467 0.004150
vt 0.430176 0.004150
vt 0.430908 0.001953
vt 0.433838 0.001953
vt 0.430176 0.006348
vt 0.430908 0.008057
vt 0.433838 0.006348
vt 0.433838 0.004150
vt 0.437012 0.001953
vt 0.437012 0.006348
vt 0.437012 0.004150
vt 0.440674 0.006348
vt 0.440674 0.004150
vt 0.440674 0.001953
vt 0.763672 0.800537
vt 0.763672 0.812012
vt 0.761963 0.800537
vt 0.763672 0.789307
vt 0.761963 0.811279
vt 0.763672 0.815918
vt 0.761475 0.815186
vt 0.759277 0.814209
vt 0.759521 0.811279
vt 0.759521 0.800537
vt 0.761963 0.790039
vt 0.763672 0.785400
vt 0.759521 0.790039
vt 0.761475 0.786133
vt 0.759277 0.786865
vt 0.016113 0.476318
vt 0.013916 0.478271
vt 0.013916 0.475830
vt 0.581543 0.243896
vt 0.582031 0.240479
vt 0.582764 0.241699
vt 0.584717 0.242676
vt 0.583008 0.240967
vt 0.584961 0.240967
vt 0.583008 0.239990
vt 0.584473 0.239258
vt 0.586670 0.239746
vt 0.586670 0.240967
vt 0.584473 0.238281
vt 0.582520 0.239502
vt 0.581543 0.237793
vt 0.583740 0.237305
vt 0.585449 0.236572
vt 0.582275 0.235840
vt 0.391113 0.430420
vt 0.389893 0.431396
vt 0.389893 0.428467
vt 0.037354 0.476807
vt 0.038818 0.475342
vt 0.038818 0.478271
vt 0.005371 0.521484
vt 0.002930 0.520020
vt 0.004395 0.519775
vt 0.004395 0.518066
vt 0.006592 0.519775
vt 0.006836 0.520752
vt 0.005371 0.522461
vt 0.006836 0.522461
vt 0.008545 0.520996
vt 0.008545 0.521973
vt 0.009277 0.521240
vt 0.008545 0.520264
vt 0.009033 0.518555
vt 0.006836 0.518311
vt 0.006836 0.516113
vt 0.009277 0.517090
vt 0.004395 0.516113
vt 0.002441 0.516357
vt 0.006592 0.514404
vt 0.009277 0.514893
vt 0.009277 0.511963
vt 0.004395 0.514648
vt 0.004639 0.511719
vt 0.002197 0.514648
vt 0.000977 0.517334
vt 0.444092 0.064209
vt 0.444092 0.062012
vt 0.444824 0.062256
vt 0.444336 0.061035
vt 0.440674 0.476807
vt 0.439209 0.475342
vt 0.440674 0.474121
vt 0.421143 0.031738
vt 0.421875 0.034180
vt 0.421143 0.034912
vt 0.011963 0.462891
vt 0.014648 0.465820
vt 0.011963 0.465088
vt 0.011963 0.467529
vt 0.025391 0.595947
vt 0.025391 0.598389
vt 0.022705 0.595947
vt 0.022217 0.598389
vt 0.019043 0.595703
vt 0.018555 0.598145
vt 0.022217 0.600586
vt 0.025146 0.600830
vt 0.019531 0.600586
vt 0.022461 0.602783
vt 0.025391 0.602783
vt 0.019531 0.602783
vt 0.445557 0.002930
vt 0.447510 0.000732
vt 0.447510 0.003906
vt 0.041016 0.474609
vt 0.042969 0.477539
vt 0.041748 0.476562
vt 0.041016 0.479492
vt 0.538086 0.584229
vt 0.541260 0.582275
vt 0.540771 0.584717
vt 0.538330 0.587158
vt 0.537354 0.587158
vt 0.538574 0.589355
vt 0.541260 0.589111
vt 0.028320 0.515381
vt 0.030273 0.514648
vt 0.030762 0.517578
vt 0.028809 0.518066
vt 0.029785 0.521973
vt 0.027588 0.522461
vt 0.026855 0.518799
vt 0.025146 0.522217
vt 0.026367 0.515869
vt 0.025635 0.513184
vt 0.023926 0.516357
vt 0.024414 0.519287
vt 0.022705 0.522461
vt 0.022217 0.519531
vt 0.022217 0.515869
vt 0.023438 0.513672
vt 0.021484 0.512939
vt 0.671143 0.849365
vt 0.668945 0.848633
vt 0.669434 0.844727
vt 0.666016 0.847900
vt 0.666504 0.844727
vt 0.671143 0.845459
vt 0.666504 0.834229
vt 0.668701 0.834229
vt 0.671143 0.834229
vt 0.671143 0.822754
vt 0.669434 0.823486
vt 0.666504 0.823486
vt 0.671143 0.818848
vt 0.666016 0.820557
vt 0.668945 0.819824
vt 0.001465 0.510742
vt 0.000977 0.508301
vt 0.002686 0.510010
vt 0.000977 0.513184
vt 0.046143 0.515869
vt 0.046143 0.518311
vt 0.044678 0.518311
vt 0.046875 0.519775
vt 0.044678 0.519775
vt 0.045166 0.515869
vt 0.044678 0.512939
vt 0.046143 0.512939
vt 0.046875 0.511475
vt 0.044678 0.511475
vt 0.443115 0.475342
vt 0.444824 0.475098
vt 0.444580 0.477539
vt 0.442871 0.477783
vt 0.444824 0.480957
vt 0.015381 0.521729
vt 0.013184 0.521973
vt 0.013184 0.519287
vt 0.015381 0.518799
vt 0.017578 0.518799
vt 0.015381 0.515869
vt 0.018555 0.521729
vt 0.020020 0.518799
vt 0.020020 0.522461
vt 0.020020 0.516113
vt 0.017578 0.516113
vt 0.017578 0.512451
vt 0.020020 0.512451
vt 0.015381 0.512451
vt 0.013184 0.513672
vt 0.011230 0.514160
vt 0.013184 0.516357
vt 0.011230 0.516846
vt 0.393799 0.228027
vt 0.393799 0.230469
vt 0.393799 0.225586
vt 0.088379 0.510498
vt 0.091064 0.513672
vt 0.091064 0.518311
vt 0.085938 0.510498
vt 0.083984 0.511963
vt 0.083984 0.516602
vt 0.086914 0.519775
vt 0.084717 0.518311
vt 0.089111 0.519531
vt 0.421875 0.486572
vt 0.421875 0.483643
vt 0.424561 0.487061
vt 0.424561 0.484131
vt 0.424561 0.489258
vt 0.421875 0.489014
vt 0.424561 0.491699
vt 0.421875 0.491455
vt 0.421875 0.493164
vt 0.424561 0.492920
vt 0.421875 0.494385
vt 0.393066 0.253662
vt 0.393799 0.251221
vt 0.393799 0.255859
vt 0.466309 0.442139
vt 0.466309 0.439453
vt 0.467529 0.440674
vt 0.010010 0.460693
vt 0.010742 0.462158
vt 0.010010 0.462158
vt 0.863281 0.764648
vt 0.859131 0.762207
vt 0.863770 0.762207
vt 0.860107 0.764648
vt 0.863281 0.756592
vt 0.859131 0.756836
vt 0.858398 0.738770
vt 0.872070 0.762451
vt 0.871582 0.765625
vt 0.880127 0.766357
vt 0.880615 0.762939
vt 0.872314 0.757080
vt 0.880859 0.757568
vt 0.872314 0.739014
vt 0.880859 0.739502
vt 0.863281 0.738770
vt 0.858154 0.727051
vt 0.871582 0.727051
vt 0.862549 0.726807
vt 0.880127 0.727539
vt 0.863281 0.705566
vt 0.859131 0.705811
vt 0.859619 0.691650
vt 0.872314 0.705811
vt 0.880859 0.706543
vt 0.863770 0.692383
vt 0.872803 0.692627
vt 0.880615 0.693115
vt 0.872803 0.672363
vt 0.881348 0.673096
vt 0.881592 0.651855
vt 0.864502 0.672119
vt 0.859619 0.672363
vt 0.872559 0.651611
vt 0.880371 0.622070
vt 0.863770 0.651367
vt 0.858887 0.651367
vt 0.872314 0.620361
vt 0.880127 0.614990
vt 0.871826 0.613281
vt 0.863281 0.619385
vt 0.862793 0.613037
vt 0.858154 0.618896
vt 0.858887 0.613770
vt 0.583252 0.912842
vt 0.591797 0.912842
vt 0.592041 0.918213
vt 0.600830 0.914307
vt 0.583008 0.917480
vt 0.580322 0.913330
vt 0.579102 0.917236
vt 0.600342 0.918701
vt 0.603760 0.915283
vt 0.604248 0.918945
vt 0.604248 0.928955
vt 0.599609 0.928711
vt 0.603516 0.938721
vt 0.591309 0.927979
vt 0.582275 0.927246
vt 0.577637 0.927002
vt 0.598877 0.938477
vt 0.602295 0.942627
vt 0.598633 0.942871
vt 0.590576 0.937744
vt 0.590088 0.943115
vt 0.581543 0.937012
vt 0.577637 0.936768
vt 0.581787 0.941650
vt 0.860596 0.155518
vt 0.858887 0.152344
vt 0.862793 0.152344
vt 0.863281 0.154541
vt 0.863281 0.146973
vt 0.868164 0.152100
vt 0.858398 0.146973
vt 0.867920 0.146729
vt 0.862061 0.128662
vt 0.866943 0.128662
vt 0.857666 0.128906
vt 0.861816 0.116455
vt 0.856934 0.116699
vt 0.866943 0.116455
vt 0.858887 0.094727
vt 0.862793 0.094482
vt 0.867432 0.094482
vt 0.859131 0.081055
vt 0.863281 0.080811
vt 0.867676 0.080811
vt 0.858887 0.060547
vt 0.863281 0.060303
vt 0.868164 0.060303
vt 0.862793 0.039062
vt 0.857910 0.039307
vt 0.866943 0.039062
vt 0.856934 0.008789
vt 0.861816 0.008057
vt 0.866455 0.007080
vt 0.857666 0.001221
vt 0.467285 0.913574
vt 0.466553 0.908203
vt 0.469727 0.912109
vt 0.470215 0.908447
vt 0.470215 0.898438
vt 0.466309 0.898438
vt 0.461426 0.898193
vt 0.461426 0.908936
vt 0.467041 0.888672
vt 0.469971 0.888672
vt 0.462158 0.887695
vt 0.469727 0.884766
vt 0.467529 0.883301
vt 0.629395 0.254639
vt 0.629883 0.243896
vt 0.645264 0.254639
vt 0.645752 0.243896
vt 0.629639 0.265137
vt 0.018799 0.452881
vt 0.014160 0.450195
vt 0.018799 0.440430
vt 0.724121 0.416748
vt 0.724609 0.406250
vt 0.734863 0.416016
vt 0.746094 0.415527
vt 0.745850 0.431396
vt 0.735352 0.405518
vt 0.725586 0.387207
vt 0.735352 0.386475
vt 0.745850 0.405518
vt 0.725342 0.375000
vt 0.746094 0.385986
vt 0.735840 0.374268
vt 0.745605 0.374023
vt 0.735352 0.356201
vt 0.745850 0.356201
vt 0.745361 0.337891
vt 0.725586 0.356934
vt 0.734863 0.337891
vt 0.724121 0.338623
vt 0.602539 0.725830
vt 0.620605 0.727051
vt 0.620605 0.731689
vt 0.625977 0.727295
vt 0.601562 0.731201
vt 0.590332 0.726318
vt 0.625977 0.732422
vt 0.628174 0.728760
vt 0.601318 0.741943
vt 0.590332 0.731689
vt 0.568359 0.727539
vt 0.620361 0.742188
vt 0.625732 0.742432
vt 0.627930 0.742432
vt 0.625488 0.752197
vt 0.620117 0.752930
vt 0.624512 0.757568
vt 0.620117 0.758301
vt 0.601074 0.753174
vt 0.601074 0.757812
vt 0.590088 0.742432
vt 0.589844 0.752930
vt 0.589600 0.757568
vt 0.568115 0.732666
vt 0.553955 0.727783
vt 0.567871 0.742676
vt 0.553711 0.733154
vt 0.534180 0.727295
vt 0.567627 0.753174
vt 0.566895 0.757812
vt 0.553467 0.743164
vt 0.533203 0.732666
vt 0.512939 0.726807
vt 0.553223 0.752930
vt 0.553223 0.758301
vt 0.532715 0.753174
vt 0.532715 0.757812
vt 0.532959 0.742676
vt 0.511475 0.758057
vt 0.511963 0.732178
vt 0.511719 0.742920
vt 0.479980 0.732910
vt 0.479492 0.728516
vt 0.472412 0.732910
vt 0.474121 0.728271
vt 0.479004 0.743652
vt 0.471436 0.743408
vt 0.511475 0.752686
vt 0.478760 0.754150
vt 0.471191 0.754150
vt 0.478027 0.758057
vt 0.471924 0.757080
vt 0.375488 0.524902
vt 0.377686 0.526123
vt 0.371094 0.531982
vt 0.373535 0.533447
vt 0.371338 0.536377
vt 0.368408 0.536621
vt 0.369629 0.540527
vt 0.372803 0.539795
vt 0.372070 0.547607
vt 0.375000 0.546387
vt 0.374756 0.553223
vt 0.377686 0.552002
vt 0.758301 0.126465
vt 0.758057 0.137451
vt 0.752930 0.137451
vt 0.756836 0.156006
vt 0.753174 0.126465
vt 0.757080 0.104248
vt 0.751953 0.155762
vt 0.756348 0.160156
vt 0.752197 0.160645
vt 0.744141 0.136719
vt 0.743164 0.154785
vt 0.743408 0.159912
vt 0.735840 0.158936
vt 0.735107 0.153809
vt 0.735352 0.135498
vt 0.736328 0.124512
vt 0.744385 0.125488
vt 0.751953 0.104980
vt 0.743164 0.104248
vt 0.735840 0.103027
vt 0.756592 0.091064
vt 0.743652 0.090088
vt 0.735596 0.088867
vt 0.735107 0.069824
vt 0.752441 0.091064
vt 0.757080 0.071045
vt 0.743164 0.070312
vt 0.736328 0.049316
vt 0.751953 0.071045
vt 0.757324 0.050537
vt 0.744385 0.049561
vt 0.737061 0.015869
vt 0.752441 0.050293
vt 0.757812 0.018311
vt 0.745361 0.017090
vt 0.738525 0.009033
vt 0.746094 0.009521
vt 0.752930 0.017334
vt 0.758301 0.012207
vt 0.753662 0.010254
vt 0.587158 0.030518
vt 0.589355 0.026367
vt 0.589355 0.033447
vt 0.093750 0.519775
vt 0.093750 0.510498
vt 0.099121 0.510986
vt 0.534668 0.925537
vt 0.534668 0.915039
vt 0.539307 0.925537
vt 0.540039 0.915039
vt 0.535400 0.911865
vt 0.540039 0.911133
vt 0.548340 0.915771
vt 0.548340 0.911133
vt 0.556641 0.911865
vt 0.557617 0.916504
vt 0.548340 0.926270
vt 0.557617 0.927246
vt 0.539307 0.936279
vt 0.534668 0.936279
vt 0.557617 0.937744
vt 0.548340 0.937012
vt 0.539307 0.941650
vt 0.548340 0.942383
vt 0.561279 0.938477
vt 0.556641 0.943115
vt 0.560547 0.942383
vt 0.594727 0.230469
vt 0.594727 0.223389
vt 0.598877 0.226074
vt 0.035156 0.594727
vt 0.042969 0.602051
vt 0.035156 0.609619
vt 0.788086 0.760498
vt 0.787842 0.738525
vt 0.792236 0.760498
vt 0.792480 0.738281
vt 0.787109 0.724854
vt 0.792480 0.723877
vt 0.787598 0.704346
vt 0.796875 0.738281
vt 0.797119 0.760498
vt 0.796143 0.723877
vt 0.796631 0.771729
vt 0.791748 0.704102
vt 0.787354 0.682861
vt 0.795898 0.704102
vt 0.792236 0.771729
vt 0.796143 0.790771
vt 0.787598 0.772705
vt 0.791992 0.682861
vt 0.796387 0.682861
vt 0.788086 0.650391
vt 0.792480 0.649414
vt 0.796143 0.648682
vt 0.791748 0.643311
vt 0.795654 0.641846
vt 0.792480 0.790771
vt 0.787109 0.790771
vt 0.791992 0.795410
vt 0.796387 0.796143
vt 0.791504 0.797607
vt 0.794922 0.798340
vt 0.076416 0.522461
vt 0.074219 0.519287
vt 0.076416 0.516113
vt 0.368408 0.531738
vt 0.368408 0.525391
vt 0.371094 0.528076
vt 0.042236 0.437500
vt 0.042236 0.432617
vt 0.046875 0.434082
vt 0.031738 0.432617
vt 0.020996 0.437012
vt 0.020264 0.437012
vt 0.031738 0.437500
vt 0.021729 0.445068
vt 0.042236 0.444336
vt 0.046143 0.437744
vt 0.031738 0.445312
vt 0.041748 0.472412
vt 0.031006 0.472900
vt 0.020508 0.472412
vt 0.466553 0.558594
vt 0.466553 0.551514
vt 0.468994 0.555664
vt 0.403564 0.058105
vt 0.404053 0.057617
vt 0.404541 0.057861
vt 0.404541 0.062988
vt 0.467285 0.469238
vt 0.467529 0.468506
vt 0.467529 0.476807
vt 0.596924 0.201416
vt 0.601562 0.200439
vt 0.601562 0.207764
vt 0.596191 0.207031
vt 0.529297 0.033203
vt 0.531738 0.035889
vt 0.529297 0.041504
vt 0.058838 0.471191
vt 0.055420 0.474121
vt 0.055664 0.471436
vt 0.055420 0.463623
vt 0.367676 0.486084
vt 0.369141 0.503418
vt 0.368408 0.501953
vt 0.368164 0.484619
vt 0.369629 0.483887
vt 0.381592 0.484131
vt 0.383057 0.484863
vt 0.383789 0.503418
vt 0.384521 0.485596
vt 0.384521 0.501953
vt 0.370605 0.504150
vt 0.382324 0.504150
vt 0.382324 0.505127
vt 0.370361 0.504883
vt 0.367920 0.504639
vt 0.571045 0.661621
vt 0.555176 0.661865
vt 0.569580 0.588623
vt 0.573486 0.660156
vt 0.571045 0.588623
vt 0.570312 0.511963
vt 0.554443 0.588867
vt 0.552734 0.659424
vt 0.553711 0.661865
vt 0.552246 0.588867
vt 0.555176 0.512207
vt 0.572510 0.435303
vt 0.552734 0.512207
vt 0.555908 0.435303
vt 0.553467 0.435547
vt 0.552979 0.365479
vt 0.555176 0.363281
vt 0.571045 0.363037
vt 0.573486 0.365234
vt 0.572510 0.363770
vt 0.439941 0.020020
vt 0.440674 0.021484
vt 0.438232 0.020264
vt 0.438477 0.018311
vt 0.439453 0.018555
vt 0.439697 0.008789
vt 0.440674 0.009033
vt 0.658203 0.703613
vt 0.586914 0.704590
vt 0.586914 0.702148
vt 0.510010 0.704590
vt 0.658936 0.701904
vt 0.510010 0.703125
vt 0.586914 0.689941
vt 0.659180 0.689941
vt 0.658447 0.687500
vt 0.510254 0.690918
vt 0.433350 0.704102
vt 0.586914 0.688477
vt 0.510254 0.688721
vt 0.433594 0.690430
vt 0.433594 0.687988
vt 0.363525 0.687500
vt 0.362061 0.689941
vt 0.433350 0.702637
vt 0.363525 0.703613
vt 0.362061 0.701904
vt 0.476807 0.557373
vt 0.473877 0.491943
vt 0.476562 0.491699
vt 0.476807 0.426514
vt 0.474854 0.426270
vt 0.475586 0.367676
vt 0.460205 0.378662
vt 0.460938 0.376465
vt 0.460938 0.379150
vt 0.437988 0.061523
vt 0.437988 0.062988
vt 0.436523 0.060791
vt 0.437988 0.059814
vt 0.548828 0.586182
vt 0.547363 0.657471
vt 0.546875 0.586182
vt 0.545898 0.509277
vt 0.550537 0.586182
vt 0.548828 0.659180
vt 0.547852 0.509521
vt 0.550049 0.509521
vt 0.547119 0.432617
vt 0.548828 0.432617
vt 0.548340 0.362793
vt 0.550537 0.360596
vt 0.548584 0.361328
vt 0.478516 0.664307
vt 0.480957 0.591309
vt 0.494141 0.591553
vt 0.493164 0.664551
vt 0.495117 0.662109
vt 0.494873 0.664551
vt 0.497070 0.663818
vt 0.496338 0.591553
vt 0.493652 0.514893
vt 0.480469 0.514648
vt 0.496094 0.514893
vt 0.492920 0.437988
vt 0.495117 0.437988
vt 0.478516 0.437988
vt 0.495605 0.368164
vt 0.493408 0.365967
vt 0.479492 0.365723
vt 0.495361 0.365967
vt 0.711670 0.073730
vt 0.711670 0.150635
vt 0.709229 0.150635
vt 0.712158 0.227295
vt 0.710205 0.073730
vt 0.712646 0.003174
vt 0.710449 0.001709
vt 0.698242 0.001709
vt 0.697998 0.073975
vt 0.696045 0.003174
vt 0.695801 0.073975
vt 0.697021 0.150635
vt 0.695557 0.150635
vt 0.709961 0.227295
vt 0.712646 0.297119
vt 0.710449 0.298584
vt 0.697754 0.227295
vt 0.696289 0.227295
vt 0.698242 0.298828
vt 0.696045 0.297119
vt 0.385986 0.500244
vt 0.385986 0.484619
vt 0.387451 0.501709
vt 0.387695 0.483154
vt 0.401855 0.502930
vt 0.401855 0.484375
vt 0.388916 0.502686
vt 0.400146 0.503662
vt 0.445068 0.375000
vt 0.445068 0.372314
vt 0.446045 0.373779
vt 0.445801 0.372070
vt 0.393799 0.208984
vt 0.393799 0.220459
vt 0.392822 0.208740
vt 0.392822 0.220215
vt 0.393555 0.222412
vt 0.442383 0.440918
vt 0.442383 0.431396
vt 0.443359 0.442139
vt 0.443359 0.430176
vt 0.466797 0.414062
vt 0.467529 0.412598
vt 0.467529 0.415283
vt 0.392822 0.042725
vt 0.393799 0.044189
vt 0.392822 0.061523
vt 0.393799 0.060059
vt 0.367432 0.426514
vt 0.368408 0.425537
vt 0.368408 0.428711
vt 0.061279 0.431885
vt 0.059814 0.431152
vt 0.062988 0.431152
vt 0.062500 0.433838
vt 0.061279 0.433838
vt 0.061279 0.443359
vt 0.062256 0.443359
vt 0.405029 0.003906
vt 0.405029 0.000732
vt 0.406006 0.001221
vt 0.377930 0.429932
vt 0.377930 0.426758
vt 0.379150 0.428955
vt 0.393799 0.185791
vt 0.393799 0.187500
vt 0.393066 0.187012
vt 0.573975 0.604736
vt 0.575928 0.604980
vt 0.574951 0.605469
vt 0.575928 0.582275
vt 0.656250 0.718506
vt 0.656982 0.717529
vt 0.657227 0.719482
vt 0.655273 0.718994
vt 0.655273 0.851074
vt 0.663818 0.718994
vt 0.663574 0.717285
vt 0.664551 0.718018
vt 0.664551 0.851074
vt 0.656982 0.851318
vt 0.656006 0.852051
vt 0.969238 0.557861
vt 0.996582 0.557861
vt 0.969238 0.693848
vt 0.995850 0.693848
vt 0.814453 0.870850
vt 0.813965 0.976074
vt 0.811768 0.870361
vt 0.811768 0.976074
vt 0.812988 0.976562
vt 0.812988 0.869873
vt 0.812988 0.868652
vt 0.696289 0.996582
vt 0.695557 0.995850
vt 0.696045 0.994629
vt 0.702637 0.994141
vt 0.702881 0.996094
vt 0.703613 0.994873
vt 0.704346 0.995117
vt 0.702881 0.868164
vt 0.695557 0.868896
vt 0.704590 0.868408
vt 0.703613 0.867676
vt 0.626953 0.628174
vt 0.624756 0.628174
vt 0.624756 0.600830
vt 0.617920 0.628174
vt 0.617920 0.600830
vt 0.435791 0.472900
vt 0.436768 0.473633
vt 0.434570 0.473633
vt 0.436768 0.500244
vt 0.434570 0.500244
vt 0.435791 0.500977
vt 0.427979 0.500244
vt 0.427979 0.473633
vt 0.508057 0.120605
vt 0.506836 0.119873
vt 0.509033 0.119873
vt 0.509033 0.112305
vt 0.506836 0.112305
vt 0.508057 0.111572
vt 0.509521 0.092529
vt 0.508789 0.091553
vt 0.510498 0.091797
vt 0.510498 0.064453
vt 0.758545 0.992676
vt 0.774902 0.976562
vt 0.776123 0.978271
vt 0.776123 0.977051
vt 0.777100 0.976318
vt 0.758545 0.870361
vt 0.760742 0.870117
vt 0.759521 0.869629
vt 0.995850 0.419434
vt 0.996582 0.555420
vt 0.969238 0.555908
vt 0.969238 0.419189
vt 0.542969 0.439453
vt 0.541748 0.438721
vt 0.543945 0.438721
vt 0.541748 0.412109
vt 0.543945 0.412109
vt 0.542725 0.411377
vt 0.045898 0.471924
vt 0.046875 0.472656
vt 0.044678 0.472656
vt 0.044678 0.480225
vt 0.046875 0.480225
vt 0.045898 0.480957
vt 0.451172 0.368408
vt 0.451172 0.369385
vt 0.449707 0.369873
vt 0.451416 0.370117
vt 0.450928 0.505615
vt 0.452881 0.505859
vt 0.451904 0.506348
vt 0.458740 0.369629
vt 0.459473 0.505371
vt 0.458496 0.368164
vt 0.459473 0.368896
vt 0.411377 0.002686
vt 0.410889 0.001953
vt 0.411377 0.000977
vt 0.935059 0.418457
vt 0.934326 0.558350
vt 0.906982 0.558594
vt 0.906982 0.419678
vt 0.724609 0.868408
vt 0.726074 0.870117
vt 0.708984 0.886719
vt 0.707764 0.885010
vt 0.708008 0.886230
vt 0.707031 0.886963
vt 0.726074 0.993164
vt 0.723877 0.993652
vt 0.725098 0.993896
vt 0.605469 0.044922
vt 0.604492 0.045654
vt 0.603516 0.044678
vt 0.603516 0.017334
vt 0.605469 0.017578
vt 0.604492 0.016602
vt 0.597656 0.017334
vt 0.597656 0.044678
vt 0.072266 0.521729
vt 0.071289 0.522461
vt 0.070312 0.521729
vt 0.072266 0.514893
vt 0.070312 0.514893
vt 0.071289 0.514160
vt 0.056152 0.519043
vt 0.055176 0.519775
vt 0.054199 0.519043
vt 0.056152 0.512207
vt 0.054199 0.512207
vt 0.055176 0.511475
vt 0.955811 0.134033
vt 0.954834 0.133057
vt 0.955322 0.132080
vt 0.962646 0.131348
vt 0.963135 0.133301
vt 0.961426 0.002197
vt 0.954834 0.002930
vt 0.964600 0.131592
vt 0.962891 0.132324
vt 0.963379 0.002686
vt 0.962402 0.001709
vt 0.365967 0.552002
vt 0.364990 0.551270
vt 0.366943 0.551270
vt 0.364990 0.523926
vt 0.366943 0.523926
vt 0.365967 0.523193
vt 0.904297 0.156006
vt 0.931641 0.156250
vt 0.904297 0.294922
vt 0.932373 0.296143
vt 0.058838 0.434570
vt 0.058838 0.435547
vt 0.058838 0.436768
vt 0.046143 0.589844
vt 0.048340 0.589844
vt 0.048340 0.612793
vt 0.046143 0.613037
vt 0.047119 0.613525
vt 0.396484 0.553223
vt 0.388916 0.553223
vt 0.388916 0.525146
vt 0.396484 0.525146
vt 0.498291 0.114990
vt 0.498291 0.250488
vt 0.497070 0.115234
vt 0.393799 0.261230
vt 0.393066 0.260742
vt 0.393799 0.259521
vt 0.575195 0.951172
vt 0.575195 0.841064
vt 0.577393 0.841064
vt 0.576416 0.840576
vt 0.793945 0.150879
vt 0.793457 0.154297
vt 0.789307 0.151123
vt 0.789551 0.153809
vt 0.793213 0.146240
vt 0.789062 0.146729
vt 0.802002 0.151855
vt 0.801758 0.154297
vt 0.810547 0.155518
vt 0.811035 0.152100
vt 0.788574 0.127930
vt 0.802979 0.146240
vt 0.811768 0.146729
vt 0.802490 0.127686
vt 0.811035 0.128662
vt 0.793701 0.127441
vt 0.789062 0.115967
vt 0.810791 0.116699
vt 0.793213 0.116455
vt 0.789307 0.094971
vt 0.802002 0.116455
vt 0.794189 0.094727
vt 0.789551 0.081543
vt 0.802979 0.094727
vt 0.811035 0.094971
vt 0.793945 0.081055
vt 0.789795 0.061279
vt 0.802734 0.081055
vt 0.811523 0.081543
vt 0.793945 0.061035
vt 0.789307 0.040283
vt 0.802979 0.061035
vt 0.811523 0.061279
vt 0.794189 0.040039
vt 0.789062 0.007324
vt 0.803223 0.040039
vt 0.811768 0.041016
vt 0.793945 0.007080
vt 0.788574 0.001465
vt 0.793213 0.000732
vt 0.802002 0.007324
vt 0.810547 0.007568
vt 0.802002 0.000977
vt 0.810059 0.000977
vt 0.493164 0.912109
vt 0.501465 0.911377
vt 0.501465 0.916748
vt 0.510742 0.912109
vt 0.493164 0.916748
vt 0.489258 0.912842
vt 0.488525 0.916748
vt 0.510742 0.916748
vt 0.514404 0.912842
vt 0.514404 0.917480
vt 0.514404 0.927246
vt 0.509766 0.926514
vt 0.514404 0.936523
vt 0.501465 0.926514
vt 0.492432 0.926514
vt 0.487793 0.926514
vt 0.509766 0.936523
vt 0.513672 0.940918
vt 0.509766 0.941650
vt 0.500732 0.936523
vt 0.500732 0.941650
vt 0.492432 0.940918
vt 0.492432 0.936523
vt 0.488525 0.940186
vt 0.488525 0.936523
vt 0.632324 0.157959
vt 0.630615 0.155029
vt 0.635498 0.155029
vt 0.630615 0.149658
vt 0.635010 0.149658
vt 0.640381 0.150391
vt 0.639648 0.131348
vt 0.635498 0.131348
vt 0.630615 0.131348
vt 0.639648 0.119385
vt 0.635498 0.119141
vt 0.630615 0.119385
vt 0.639648 0.097168
vt 0.630371 0.097168
vt 0.635254 0.097168
vt 0.639404 0.083496
vt 0.634766 0.083496
vt 0.639893 0.062988
vt 0.630371 0.083496
vt 0.635254 0.062988
vt 0.640381 0.042480
vt 0.630859 0.062988
vt 0.635010 0.042480
vt 0.639648 0.009766
vt 0.630615 0.042480
vt 0.635498 0.009033
vt 0.631104 0.008301
vt 0.635254 0.002930
vt 0.631592 0.001465
vt 0.400391 0.006592
vt 0.400391 0.001465
vt 0.401855 0.003418
vt 0.627441 0.998779
vt 0.626709 0.996338
vt 0.631348 0.995605
vt 0.632080 0.999268
vt 0.631348 0.991211
vt 0.642090 0.999268
vt 0.642090 0.995605
vt 0.651855 0.996094
vt 0.651123 0.999268
vt 0.642090 0.991211
vt 0.655762 0.999023
vt 0.656494 0.996826
vt 0.651855 0.991699
vt 0.642090 0.974609
vt 0.652588 0.974854
vt 0.630615 0.974854
vt 0.642090 0.964111
vt 0.652832 0.964844
vt 0.630615 0.964355
vt 0.650635 0.946045
vt 0.639893 0.945068
vt 0.630127 0.945068
vt 0.649902 0.933105
vt 0.655029 0.933838
vt 0.639893 0.932861
vt 0.629395 0.932861
vt 0.649902 0.915771
vt 0.639160 0.915039
vt 0.629395 0.914795
vt 0.649902 0.896973
vt 0.655273 0.897705
vt 0.640137 0.896729
vt 0.649414 0.869385
vt 0.629395 0.896729
vt 0.639404 0.868408
vt 0.628906 0.868408
vt 0.800537 0.419189
vt 0.797363 0.418213
vt 0.797363 0.416016
vt 0.801758 0.416260
vt 0.809082 0.416992
vt 0.802734 0.411133
vt 0.798340 0.411377
vt 0.793213 0.411133
vt 0.794678 0.392090
vt 0.799805 0.392578
vt 0.804199 0.392822
vt 0.800293 0.380371
vt 0.805176 0.380859
vt 0.796143 0.380127
vt 0.804932 0.358643
vt 0.799805 0.359131
vt 0.795654 0.358643
vt 0.804932 0.344971
vt 0.800537 0.344482
vt 0.805908 0.325195
vt 0.801025 0.324707
vt 0.795898 0.344238
vt 0.796875 0.324463
vt 0.807617 0.303955
vt 0.802490 0.303711
vt 0.809082 0.271484
vt 0.797852 0.303223
vt 0.800049 0.271484
vt 0.804688 0.270264
vt 0.805664 0.264893
vt 0.809082 0.264648
vt 0.795410 0.319580
vt 0.793945 0.321777
vt 0.790283 0.319580
vt 0.790283 0.322754
vt 0.780518 0.322754
vt 0.780273 0.319824
vt 0.770508 0.320068
vt 0.790771 0.314941
vt 0.780273 0.315186
vt 0.795410 0.314941
vt 0.790527 0.296143
vt 0.795654 0.295898
vt 0.779785 0.296387
vt 0.769531 0.315430
vt 0.764404 0.315674
vt 0.765137 0.320068
vt 0.763916 0.296631
vt 0.769287 0.296387
vt 0.764404 0.285156
vt 0.768799 0.285156
vt 0.765381 0.263184
vt 0.779541 0.284912
vt 0.770020 0.263184
vt 0.765869 0.249512
vt 0.790039 0.283936
vt 0.795410 0.283691
vt 0.780518 0.262939
vt 0.790527 0.262695
vt 0.795654 0.262451
vt 0.770264 0.249268
vt 0.765381 0.229004
vt 0.781006 0.249268
vt 0.790771 0.249023
vt 0.795410 0.248779
vt 0.770020 0.229004
vt 0.764160 0.208496
vt 0.780518 0.228760
vt 0.790527 0.228516
vt 0.795654 0.228271
vt 0.769531 0.208496
vt 0.764893 0.176514
vt 0.780029 0.208252
vt 0.790039 0.208008
vt 0.795166 0.207031
vt 0.769531 0.176514
vt 0.764893 0.170410
vt 0.768555 0.168945
vt 0.790771 0.175293
vt 0.795166 0.173584
vt 0.780029 0.175537
vt 0.794434 0.167480
vt 0.790527 0.166992
vt 0.780029 0.167236
vt 0.768555 0.168213
vt 0.782715 0.410156
vt 0.790283 0.405029
vt 0.785889 0.412109
vt 0.783691 0.414551
vt 0.780762 0.414795
vt 0.784912 0.417969
vt 0.781494 0.419189
vt 0.784180 0.425781
vt 0.787109 0.424561
vt 0.790283 0.431396
vt 0.532715 0.906738
vt 0.532959 0.910889
vt 0.528320 0.910889
vt 0.528809 0.906494
vt 0.533203 0.888184
vt 0.520020 0.905762
vt 0.520264 0.910889
vt 0.511963 0.909668
vt 0.510742 0.904785
vt 0.519287 0.888184
vt 0.511230 0.887207
vt 0.511230 0.875244
vt 0.528809 0.888184
vt 0.532959 0.876953
vt 0.528564 0.876953
vt 0.519775 0.876221
vt 0.528320 0.854980
vt 0.533203 0.854980
vt 0.532959 0.841553
vt 0.519531 0.854248
vt 0.511963 0.853271
vt 0.527832 0.841553
vt 0.532715 0.821533
vt 0.519775 0.840820
vt 0.511719 0.839844
vt 0.527588 0.821533
vt 0.531982 0.801514
vt 0.518799 0.821533
vt 0.511475 0.820557
vt 0.527832 0.801514
vt 0.519287 0.800781
vt 0.510742 0.799805
vt 0.528076 0.770996
vt 0.533203 0.770264
vt 0.519531 0.769287
vt 0.511963 0.767822
vt 0.527832 0.763428
vt 0.532471 0.764160
vt 0.520020 0.761719
vt 0.512207 0.760986
vt 0.593506 0.008545
vt 0.585938 0.016113
vt 0.585938 0.000732
vt 0.583984 0.210205
vt 0.582031 0.207031
vt 0.583984 0.202881
vt 0.077637 0.519775
vt 0.077637 0.512207
vt 0.077637 0.511475
vt 0.070557 0.512207
vt 0.215820 0.909912
vt 0.220947 0.904541
vt 0.220215 0.910645
vt 0.229492 0.904541
vt 0.215820 0.921143
vt 0.229492 0.910645
vt 0.237793 0.904541
vt 0.238525 0.909912
vt 0.238525 0.920410
vt 0.229492 0.921143
vt 0.220215 0.921143
vt 0.215820 0.931885
vt 0.220947 0.931885
vt 0.238525 0.931885
vt 0.243896 0.931885
vt 0.242188 0.934814
vt 0.230225 0.931885
vt 0.238525 0.936523
vt 0.220947 0.936523
vt 0.230225 0.936523
vt 0.401855 0.064209
vt 0.396973 0.046387
vt 0.401855 0.044434
vt 0.525391 0.036133
vt 0.527832 0.033203
vt 0.527832 0.040283
vt 0.032471 0.479492
vt 0.032471 0.474121
vt 0.037598 0.474609
vt 0.597412 0.246582
vt 0.594482 0.244385
vt 0.597412 0.240479
vt 0.378418 0.425293
vt 0.381836 0.420654
vt 0.381836 0.428711
vt 0.507080 0.094482
vt 0.510498 0.093506
vt 0.510498 0.101807
vt 0.574463 0.608398
vt 0.581787 0.607666
vt 0.581787 0.618896
vt 0.586670 0.618896
vt 0.574463 0.619141
vt 0.581299 0.628906
vt 0.586182 0.629639
vt 0.584229 0.635010
vt 0.574463 0.628906
vt 0.576660 0.634277
vt 0.581543 0.634277
vt 0.533447 0.545166
vt 0.535889 0.548340
vt 0.533447 0.553223
vt 0.729492 0.180176
vt 0.728516 0.179199
vt 0.729248 0.178223
vt 0.727783 0.179932
vt 0.728271 0.313965
vt 0.729980 0.314209
vt 0.729248 0.314697
vt 0.736084 0.179688
vt 0.736816 0.313965
vt 0.735840 0.177979
vt 0.736816 0.178955
vt 0.736816 0.869141
vt 0.738037 0.869629
vt 0.738037 0.870850
vt 0.720459 0.886719
vt 0.719238 0.885010
vt 0.719482 0.886230
vt 0.718506 0.886963
vt 0.738037 0.993164
vt 0.736084 0.993652
vt 0.737061 0.993896
vt 0.964600 0.141846
vt 0.964600 0.280029
vt 0.935791 0.279785
vt 0.935791 0.141357
vt 0.882812 0.347656
vt 0.881836 0.348389
vt 0.880859 0.347656
vt 0.880859 0.318604
vt 0.874756 0.347412
vt 0.874756 0.318604
vt 0.882812 0.318604
vt 0.881836 0.317871
vt 0.066895 0.519043
vt 0.065918 0.519775
vt 0.064941 0.519043
vt 0.066895 0.512207
vt 0.064941 0.512207
vt 0.065918 0.511475
vt 0.061523 0.520264
vt 0.060547 0.521240
vt 0.059570 0.520264
vt 0.061523 0.513428
vt 0.059570 0.513428
vt 0.060547 0.512695
vt 0.658203 0.868896
vt 0.664795 0.868164
vt 0.658691 0.997314
vt 0.665771 0.867676
vt 0.666504 0.868652
vt 0.667236 0.997070
vt 0.665283 0.996826
vt 0.666260 0.997559
vt 0.665771 0.998779
vt 0.659180 0.999268
vt 0.658203 0.998535
vt 0.783936 0.404541
vt 0.782959 0.403809
vt 0.784912 0.403809
vt 0.782959 0.375000
vt 0.784912 0.375000
vt 0.783936 0.374268
vt 0.911621 0.000977
vt 0.940430 0.000732
vt 0.911621 0.139404
vt 0.940430 0.138916
vt 0.699951 0.731934
vt 0.701172 0.732422
vt 0.698975 0.732666
vt 0.719482 0.839355
vt 0.717285 0.839600
vt 0.718506 0.840088
vt 0.718750 0.841309
vt 0.700439 0.857422
vt 0.698975 0.855713
vt 0.699219 0.856934
vt 0.468994 0.562012
vt 0.468994 0.590820
vt 0.462158 0.590820
vt 0.462158 0.562012
vt 0.655029 0.121826
vt 0.653564 0.122559
vt 0.655029 0.106445
vt 0.653564 0.104980
vt 0.643799 0.104980
vt 0.643799 0.123291
vt 0.642090 0.106445
vt 0.642090 0.121826
vt 0.392822 0.205078
vt 0.392822 0.190186
vt 0.393799 0.203369
vt 0.393799 0.190918
vt 0.136963 0.875000
vt 0.138672 0.874512
vt 0.138184 0.901123
vt 0.151367 0.874023
vt 0.135986 0.900879
vt 0.150879 0.900635
vt 0.152832 0.875488
vt 0.136963 0.928955
vt 0.135498 0.928711
vt 0.135010 0.957520
vt 0.150391 0.928467
vt 0.137207 0.957520
vt 0.135254 0.981689
vt 0.136963 0.983398
vt 0.150391 0.982910
vt 0.150635 0.957031
vt 0.152344 0.981934
vt 0.152832 0.956787
vt 0.152588 0.928223
vt 0.152100 0.900146
vt 0.114502 0.874268
vt 0.115234 0.900879
vt 0.113037 0.900879
vt 0.115234 0.929688
vt 0.113037 0.873535
vt 0.102295 0.900879
vt 0.103027 0.873535
vt 0.113037 0.929688
vt 0.115234 0.959473
vt 0.101562 0.929688
vt 0.100098 0.900879
vt 0.100830 0.875000
vt 0.100098 0.929688
vt 0.102295 0.959473
vt 0.100098 0.959473
vt 0.100098 0.984375
vt 0.100830 0.986084
vt 0.113037 0.959473
vt 0.102295 0.986084
vt 0.115234 0.984375
vt 0.113037 0.986084
vt 0.114502 0.986084
vt 0.448730 0.502441
vt 0.446533 0.502441
vt 0.447754 0.501709
vt 0.448242 0.499512
vt 0.415283 0.024414
vt 0.415283 0.044189
vt 0.413086 0.024414
vt 0.413574 0.001953
vt 0.080322 0.984375
vt 0.078125 0.986084
vt 0.078125 0.958740
vt 0.068115 0.986084
vt 0.079590 0.958740
vt 0.080322 0.929688
vt 0.067383 0.958740
vt 0.078125 0.929688
vt 0.079590 0.900146
vt 0.067383 0.929688
vt 0.066650 0.984375
vt 0.065918 0.958740
vt 0.065186 0.929688
vt 0.065918 0.900146
vt 0.067383 0.900146
vt 0.078125 0.900146
vt 0.080322 0.874268
vt 0.078125 0.872803
vt 0.079590 0.873535
vt 0.068115 0.873535
vt 0.065918 0.874268
vt 0.066650 0.873535
vt 0.573486 0.564941
vt 0.572510 0.588135
vt 0.572510 0.563965
vt 0.445068 0.392822
vt 0.446045 0.393555
vt 0.445068 0.395264
vt 0.417725 0.047119
vt 0.419189 0.045898
vt 0.419189 0.060303
vt 0.417725 0.059082
vt 0.466064 0.531250
vt 0.467529 0.530273
vt 0.467529 0.547852
vt 0.023926 0.434082
vt 0.023926 0.432373
vt 0.025391 0.433350
vt 0.697754 0.328125
vt 0.696289 0.327637
vt 0.696777 0.312012
vt 0.706787 0.312012
vt 0.708496 0.328125
vt 0.708252 0.312500
vt 0.709961 0.326904
vt 0.711426 0.325439
vt 0.709961 0.314209
vt 0.434570 0.029541
vt 0.434570 0.008301
vt 0.436768 0.029297
vt 0.402588 0.022461
vt 0.403320 0.045654
vt 0.401123 0.022217
vt 0.403320 0.001953
vt 0.668457 0.746094
vt 0.667725 0.720703
vt 0.668457 0.720215
vt 0.478271 0.612305
vt 0.476074 0.591064
vt 0.478271 0.590332
vt 0.437988 0.011230
vt 0.437012 0.011963
vt 0.437012 0.009277
vt 0.317383 0.980713
vt 0.315430 0.979736
vt 0.316162 0.954834
vt 0.328857 0.953857
vt 0.330078 0.979492
vt 0.331787 0.978271
vt 0.330322 0.953857
vt 0.328857 0.926514
vt 0.330566 0.926758
vt 0.330322 0.899170
vt 0.331787 0.927246
vt 0.332275 0.899658
vt 0.330078 0.875244
vt 0.328613 0.899170
vt 0.328369 0.874268
vt 0.315186 0.900391
vt 0.315674 0.875488
vt 0.313721 0.877197
vt 0.315674 0.927979
vt 0.313721 0.928467
vt 0.313965 0.900635
vt 0.383057 0.403320
vt 0.381592 0.401611
vt 0.383057 0.388672
vt 0.498291 0.542480
vt 0.497314 0.528564
vt 0.498291 0.527588
vt 0.541260 0.578613
vt 0.539307 0.577637
vt 0.541260 0.552979
vt 0.436768 0.033691
vt 0.436523 0.034912
vt 0.436523 0.032471
vt 0.001953 0.586426
vt 0.002686 0.587158
vt 0.001953 0.612305
vt 0.476318 0.001465
vt 0.476807 0.002686
vt 0.476318 0.003906
vt 0.407227 0.000977
vt 0.407227 0.024658
vt 0.405762 0.024170
vt 0.406006 0.044189
vt 0.400635 0.040527
vt 0.400635 0.042969
vt 0.399170 0.041748
vt 0.448730 0.366943
vt 0.447998 0.366211
vt 0.448730 0.364746
vt 0.018066 0.475830
vt 0.020020 0.474121
vt 0.020020 0.475830
vt 0.020020 0.478271
vt 0.373779 0.523193
vt 0.372559 0.526367
vt 0.371826 0.525146
vt 0.370605 0.523193
vt 0.441406 0.060547
vt 0.442139 0.063232
vt 0.439941 0.060303
vt 0.439453 0.062988
vt 0.439453 0.065430
vt 0.442139 0.065674
vt 0.393066 0.000732
vt 0.393799 0.003174
vt 0.393066 0.005371
vt 0.041504 0.517822
vt 0.040771 0.519775
vt 0.038818 0.521240
vt 0.034424 0.519531
vt 0.036377 0.520996
vt 0.037109 0.511719
vt 0.041504 0.513428
vt 0.039551 0.511963
vt 0.034424 0.515137
vt 0.035156 0.513184
vt 0.008057 0.479492
vt 0.008057 0.476562
vt 0.010742 0.477051
vt 0.421875 0.023438
vt 0.421875 0.028076
vt 0.421143 0.025635
vt 0.365967 0.427002
vt 0.366943 0.431396
vt 0.364990 0.431396
vt 0.466309 0.507324
vt 0.463867 0.510498
vt 0.463623 0.506836
vt 0.463623 0.500732
vt 0.466309 0.501221
vt 0.526367 0.369629
vt 0.527832 0.376465
vt 0.525635 0.376465
vt 0.760254 0.157471
vt 0.765381 0.157227
vt 0.761475 0.159912
vt 0.764648 0.160645
vt 0.773438 0.161133
vt 0.764893 0.152588
vt 0.760498 0.152832
vt 0.760254 0.134033
vt 0.774170 0.158691
vt 0.781494 0.161621
vt 0.781982 0.159180
vt 0.784912 0.162109
vt 0.773926 0.153076
vt 0.782471 0.153809
vt 0.782715 0.135742
vt 0.774170 0.134277
vt 0.782227 0.123779
vt 0.765137 0.134033
vt 0.760498 0.122070
vt 0.764648 0.122803
vt 0.761719 0.100342
vt 0.773438 0.123047
vt 0.774658 0.101318
vt 0.765869 0.101074
vt 0.761963 0.086914
vt 0.783447 0.102051
vt 0.766846 0.086670
vt 0.763184 0.066650
vt 0.775146 0.087158
vt 0.783691 0.087891
vt 0.767090 0.066650
vt 0.763428 0.045654
vt 0.776123 0.066895
vt 0.784668 0.067627
vt 0.784912 0.046875
vt 0.776611 0.045898
vt 0.784668 0.013916
vt 0.767578 0.045410
vt 0.763916 0.012695
vt 0.776855 0.013184
vt 0.784424 0.007324
vt 0.776611 0.006836
vt 0.768066 0.011963
vt 0.768555 0.005615
vt 0.763916 0.006836
vt 0.738525 0.765625
vt 0.737793 0.767822
vt 0.733887 0.765625
vt 0.733887 0.768799
vt 0.724121 0.769043
vt 0.734619 0.761230
vt 0.739258 0.760986
vt 0.723877 0.761230
vt 0.724121 0.766602
vt 0.714111 0.766846
vt 0.734131 0.742188
vt 0.723633 0.742432
vt 0.739502 0.741943
vt 0.713379 0.761475
vt 0.708984 0.766357
vt 0.708008 0.761719
vt 0.712891 0.742676
vt 0.707520 0.742676
vt 0.707275 0.731445
vt 0.712646 0.731201
vt 0.709229 0.709229
vt 0.723389 0.730957
vt 0.713623 0.709229
vt 0.709473 0.695557
vt 0.733887 0.730713
vt 0.739258 0.729980
vt 0.724365 0.708984
vt 0.734131 0.708740
vt 0.739502 0.707764
vt 0.714111 0.694824
vt 0.709229 0.675049
vt 0.724854 0.694580
vt 0.734619 0.694336
vt 0.739258 0.694092
vt 0.713623 0.674316
vt 0.708008 0.653809
vt 0.724365 0.674072
vt 0.734131 0.673828
vt 0.739502 0.673584
vt 0.713135 0.652832
vt 0.708740 0.621094
vt 0.723877 0.652832
vt 0.733643 0.652588
vt 0.739014 0.652344
vt 0.713379 0.621826
vt 0.708496 0.615723
vt 0.713135 0.613525
vt 0.723877 0.620117
vt 0.723633 0.612549
vt 0.734375 0.619873
vt 0.739014 0.618896
vt 0.734375 0.612305
vt 0.738037 0.612793
vt 0.461182 0.916992
vt 0.464355 0.916260
vt 0.464355 0.920654
vt 0.459717 0.920654
vt 0.472656 0.920654
vt 0.473389 0.916260
vt 0.464355 0.930664
vt 0.459717 0.930664
vt 0.472656 0.930664
vt 0.481689 0.921387
vt 0.481689 0.916260
vt 0.485596 0.921387
vt 0.485596 0.916992
vt 0.481689 0.931396
vt 0.486328 0.931396
vt 0.480957 0.940430
vt 0.485596 0.941162
vt 0.480957 0.945801
vt 0.484863 0.945068
vt 0.472656 0.940430
vt 0.472656 0.945801
vt 0.464355 0.945801
vt 0.464355 0.940430
vt 0.459717 0.940430
vt 0.460449 0.945068
vt 0.590820 0.201660
vt 0.589600 0.209961
vt 0.586914 0.208252
vt 0.585449 0.216797
vt 0.583008 0.215576
vt 0.583008 0.220459
vt 0.580566 0.220215
vt 0.581787 0.224121
vt 0.584473 0.223877
vt 0.584473 0.231201
vt 0.587891 0.229736
vt 0.590820 0.235840
vt 0.587158 0.237061
vt 0.905518 0.665527
vt 0.905518 0.687500
vt 0.901367 0.665527
vt 0.905029 0.652100
vt 0.901367 0.687500
vt 0.905518 0.698730
vt 0.900635 0.652344
vt 0.900635 0.699463
vt 0.905029 0.717041
vt 0.892578 0.687012
vt 0.899658 0.632324
vt 0.904785 0.632080
vt 0.892578 0.665039
vt 0.891846 0.651611
vt 0.884277 0.686279
vt 0.884033 0.664307
vt 0.884277 0.650879
vt 0.891846 0.698975
vt 0.883545 0.698242
vt 0.891602 0.631836
vt 0.883545 0.630859
vt 0.883057 0.610352
vt 0.891846 0.716797
vt 0.883057 0.716553
vt 0.884033 0.720947
vt 0.891846 0.721436
vt 0.900635 0.722168
vt 0.891602 0.611084
vt 0.883057 0.579834
vt 0.900879 0.717041
vt 0.904541 0.721191
vt 0.891846 0.578857
vt 0.883545 0.572266
vt 0.892090 0.571289
vt 0.900146 0.611572
vt 0.904297 0.611572
vt 0.899658 0.579590
vt 0.904541 0.579346
vt 0.900146 0.572510
vt 0.903809 0.574219
vt 0.825195 0.118164
vt 0.824463 0.130127
vt 0.820312 0.117920
vt 0.823730 0.095947
vt 0.819336 0.130127
vt 0.823242 0.149170
vt 0.819336 0.096680
vt 0.823486 0.082275
vt 0.814697 0.129883
vt 0.814941 0.117920
vt 0.814453 0.096680
vt 0.819092 0.148926
vt 0.814209 0.148926
vt 0.818359 0.153564
vt 0.823242 0.153809
vt 0.818359 0.155762
vt 0.821777 0.156738
vt 0.819092 0.082275
vt 0.814453 0.082031
vt 0.823242 0.061768
vt 0.818359 0.061768
vt 0.814209 0.061523
vt 0.819336 0.040527
vt 0.824463 0.040527
vt 0.814697 0.040283
vt 0.814941 0.007812
vt 0.824463 0.009521
vt 0.819580 0.008545
vt 0.823730 0.001709
vt 0.820312 0.002441
vt 0.930908 0.759521
vt 0.931396 0.771973
vt 0.920654 0.770752
vt 0.932373 0.790283
vt 0.921875 0.789795
vt 0.911133 0.790039
vt 0.910889 0.770996
vt 0.920898 0.759033
vt 0.931152 0.741455
vt 0.910400 0.758789
vt 0.905518 0.771729
vt 0.920654 0.740967
vt 0.932373 0.722656
vt 0.910645 0.740723
vt 0.921875 0.722168
vt 0.911133 0.721680
vt 0.534424 0.626709
vt 0.544922 0.626953
vt 0.534668 0.637451
vt 0.545166 0.637695
vt 0.523193 0.636475
vt 0.523682 0.625732
vt 0.523193 0.652344
vt 0.027100 0.593018
vt 0.016602 0.593506
vt 0.025391 0.564941
vt 0.030762 0.559326
vt 0.030762 0.564697
vt 0.026123 0.557617
vt 0.015625 0.565430
vt 0.005859 0.592529
vt 0.015625 0.557373
vt 0.004883 0.564209
vt 0.004883 0.557373
vt 0.001221 0.557617
vt 0.783691 0.705078
vt 0.783936 0.727051
vt 0.779541 0.727051
vt 0.778809 0.704834
vt 0.780029 0.739014
vt 0.784180 0.739258
vt 0.775146 0.704834
vt 0.774658 0.726807
vt 0.775146 0.739014
vt 0.774902 0.757324
vt 0.779785 0.757324
vt 0.784912 0.757324
vt 0.780273 0.762695
vt 0.775879 0.762695
vt 0.780029 0.764893
vt 0.779541 0.691162
vt 0.783936 0.691406
vt 0.774658 0.690430
vt 0.784668 0.670898
vt 0.779541 0.669922
vt 0.775635 0.669922
vt 0.780273 0.648682
vt 0.784912 0.648682
vt 0.775879 0.648682
vt 0.784424 0.616211
vt 0.780273 0.615234
vt 0.775879 0.615234
vt 0.780762 0.609131
vt 0.776855 0.608398
vt 0.841309 0.423340
vt 0.840576 0.427246
vt 0.835938 0.427979
vt 0.835938 0.424072
vt 0.836670 0.412842
vt 0.841309 0.412842
vt 0.827637 0.424072
vt 0.827637 0.428711
vt 0.819336 0.428711
vt 0.840576 0.402100
vt 0.818604 0.424072
vt 0.827637 0.413574
vt 0.835938 0.402100
vt 0.840576 0.401367
vt 0.835938 0.396729
vt 0.826904 0.396729
vt 0.826904 0.402832
vt 0.818604 0.397461
vt 0.817871 0.402832
vt 0.818604 0.413574
vt 0.813965 0.402832
vt 0.813232 0.413574
vt 0.813232 0.424072
vt 0.526367 0.606201
vt 0.525635 0.610840
vt 0.521729 0.606689
vt 0.521729 0.612305
vt 0.373047 0.536377
vt 0.376465 0.533447
vt 0.376465 0.539795
vt 0.448242 0.493652
vt 0.448730 0.487305
vt 0.448730 0.494385
vt 0.525391 0.385742
vt 0.525391 0.378906
vt 0.527832 0.381836
vt 0.532227 0.442139
vt 0.534424 0.439209
vt 0.534424 0.446045
vt 0.823486 0.917480
vt 0.829346 0.921875
vt 0.824219 0.922119
vt 0.821045 0.918213
vt 0.821289 0.922852
vt 0.821289 0.932861
vt 0.824707 0.932617
vt 0.829590 0.932617
vt 0.845215 0.932129
vt 0.824463 0.942627
vt 0.821045 0.942627
vt 0.821533 0.946533
vt 0.823730 0.947021
vt 0.828857 0.943115
vt 0.845215 0.942871
vt 0.001221 0.391113
vt 0.001221 0.391113
vn 0.211862 -0.352054 0.911687
vn 0.521092 -0.726412 0.448095
vn 0.747924 -0.251960 0.614106
vn 0.110067 -0.878331 0.465209
vn 0.216710 -0.035401 0.975594
vn 0.746185 -0.043448 0.664319
vn 0.747146 -0.015685 0.664475
vn 0.000021 -0.340562 0.940222
vn -0.000000 -0.890950 0.454102
vn -0.128089 -0.877884 0.461426
vn -0.193126 -0.355125 0.914652
vn -0.514436 -0.712143 0.477712
vn -0.001699 -0.032419 0.999473
vn -0.229493 -0.035915 0.972647
vn -0.220748 0.003339 0.975325
vn 0.007999 0.016626 0.999830
vn -0.169242 0.058700 0.983825
vn 0.225881 0.014110 0.974053
vn 0.777948 0.097313 0.620748
vn 0.042014 0.068810 0.996745
vn 0.181102 0.081121 0.980113
vn 0.792447 0.078429 0.604878
vn 0.223035 0.071457 0.972188
vn 0.784733 0.060973 0.616828
vn 0.005383 0.072453 0.997357
vn -0.231360 0.070935 0.970279
vn 0.178817 0.036584 0.983202
vn 0.792261 0.005118 0.610161
vn 0.000002 0.022739 0.999741
vn -0.178897 0.008300 0.983833
vn 0.223562 -0.000467 0.974689
vn 0.743323 0.015387 0.668756
vn -0.000978 -0.000038 1.000000
vn -0.209842 -0.010517 0.977679
vn 0.176761 0.018944 0.984072
vn 0.738851 0.037626 0.672817
vn 0.037456 0.009406 0.999254
vn -0.168741 0.006312 0.985640
vn 0.217782 0.038898 0.975222
vn 0.744437 0.334146 0.578066
vn 0.215085 0.534443 0.817379
vn 0.001833 0.061247 0.998121
vn -0.171711 0.055709 0.983571
vn -0.013969 0.504390 0.863363
vn -0.103688 0.496390 0.861885
vn 0.946156 -0.296967 0.128840
vn 0.570811 -0.816293 0.088549
vn 0.547810 -0.836549 -0.009484
vn 0.988572 -0.043457 0.144347
vn 0.999530 -0.030654 -0.000500
vn 0.928393 -0.371353 -0.013532
vn 0.949568 -0.290664 -0.117620
vn 0.989558 -0.004844 0.144053
vn 0.999784 -0.002553 -0.020619
vn 0.989535 -0.038286 -0.139125
vn 0.699342 -0.325993 -0.636121
vn 0.741600 -0.047892 -0.669131
vn 0.988368 0.070278 0.134869
vn 0.989644 -0.002213 -0.143530
vn 0.750526 -0.023829 -0.660411
vn 0.998960 0.045574 0.001019
vn 0.986722 0.070780 0.146183
vn 0.989179 0.039422 -0.141318
vn 0.749142 0.029015 -0.661774
vn 0.997901 0.064723 -0.001990
vn 0.988005 0.049607 0.146235
vn 0.977985 0.063116 -0.198900
vn 0.738554 0.035847 -0.673241
vn 0.999019 0.044262 0.001066
vn 0.988147 0.003289 0.153477
vn 0.978821 0.038641 -0.201040
vn 0.715064 0.013720 -0.698925
vn 0.999899 0.012707 -0.006379
vn 0.980617 0.015060 -0.195355
vn 0.741294 0.001199 -0.671179
vn 0.988946 0.008900 0.148010
vn 0.999227 0.013875 -0.036777
vn 0.982352 0.003169 -0.187014
vn 0.745048 -0.006886 -0.666976
vn 0.993863 0.045984 0.100603
vn 0.885017 0.443527 0.141519
vn 0.999410 0.033952 0.005115
vn 0.851104 0.517911 0.085963
vn 0.986392 0.015165 -0.163712
vn 0.845403 0.520838 -0.118416
vn 0.605402 0.003242 -0.795913
vn 0.584215 0.352963 -0.730828
vn 0.119268 -0.987236 0.105551
vn -0.000000 -0.997756 0.066950
vn 0.121190 -0.992628 -0.001349
vn 0.607804 -0.789704 -0.083321
vn -0.518377 -0.850005 0.093682
vn -0.114716 -0.988107 0.102393
vn -0.489379 -0.872021 -0.009377
vn -0.116834 -0.993151 0.000000
vn -0.530243 -0.844700 -0.072965
vn 0.000000 -1.000000 0.000000
vn -0.108129 -0.989533 -0.095567
vn -0.485979 -0.752719 -0.444116
vn -0.102007 -0.839926 -0.533028
vn -0.003004 -0.995088 -0.098946
vn -0.030728 -0.884944 -0.464683
vn 0.103481 -0.989927 -0.096626
vn 0.126218 -0.830516 -0.542505
vn 0.544478 -0.748981 -0.377585
vn -0.734099 0.032340 0.678272
vn -0.753771 0.012409 0.657020
vn -0.749199 0.000000 0.662345
vn -0.981653 -0.006140 0.190577
vn -0.980641 0.002319 0.195801
vn -0.979082 -0.032085 0.200921
vn -0.747056 -0.021890 0.664401
vn -0.980839 -0.030439 0.192426
vn -0.735831 -0.231042 0.636532
vn -0.737994 -0.035347 0.673881
vn -0.980700 -0.044112 0.190478
vn -0.755150 -0.023073 0.655146
vn -0.988732 -0.018971 0.148490
vn -0.776572 0.009023 0.629964
vn -0.981775 -0.004533 0.189993
vn -0.985498 0.065568 0.156508
vn -0.767363 0.043352 0.639746
vn -0.981470 0.171469 0.085527
vn -0.757422 0.293796 0.583091
vn 0.173123 -0.004882 -0.984888
vn 0.211243 -0.030494 -0.976958
vn 0.221951 -0.011963 -0.974984
vn 0.002394 -0.022569 -0.999742
vn 0.173491 -0.059000 -0.983067
vn 0.165286 -0.279177 -0.945907
vn 0.000000 -0.024971 -0.999688
vn -0.000059 -0.062735 -0.998030
vn -0.018753 -0.365529 -0.930611
vn -0.167598 -0.347137 -0.922717
vn -0.172195 -0.055742 -0.983485
vn -0.216128 -0.024378 -0.976061
vn -0.212808 -0.031965 -0.976571
vn -0.001122 -0.021348 -0.999772
vn -0.225736 -0.036529 -0.973503
vn 0.174161 -0.013945 -0.984618
vn 0.000003 -0.022261 -0.999752
vn -0.174106 -0.029857 -0.984274
vn 0.172061 -0.014884 -0.984974
vn -0.000958 -0.018201 -0.999834
vn -0.174115 -0.022696 -0.984464
vn -0.165332 0.002300 -0.986235
vn -0.000000 0.000490 -1.000000
vn -0.167098 0.035355 -0.985306
vn 0.175278 0.000273 -0.984519
vn 0.000002 0.037791 -0.999286
vn -0.131466 0.514389 -0.847420
vn -0.652413 0.401185 -0.642969
vn -0.023641 0.507896 -0.861094
vn 0.162855 0.023506 -0.986370
vn 0.103910 0.515063 -0.850831
vn -0.750636 -0.037090 -0.659674
vn -0.743579 -0.010570 -0.668564
vn -0.988781 -0.025894 -0.147110
vn -0.987772 -0.048468 -0.148180
vn -0.989644 -0.002214 -0.143529
vn -0.741600 -0.047890 -0.669131
vn -0.989517 -0.037471 -0.139474
vn -0.725428 -0.315819 -0.611566
vn -0.787934 -0.059799 -0.612849
vn -0.987162 -0.048534 -0.152172
vn -0.758661 -0.050809 -0.649502
vn -0.988224 -0.037114 -0.148444
vn -0.784050 -0.039998 -0.619408
vn -0.753937 0.000975 -0.656946
vn -0.990919 0.005158 -0.134364
vn -0.994682 0.038979 -0.095328
vn -0.690042 0.027441 -0.723249
vn -0.946968 -0.295999 -0.125047
vn -0.933411 -0.358705 -0.008614
vn -0.999532 -0.030601 0.000000
vn -0.948237 -0.284386 0.141316
vn -0.999999 -0.000512 0.001102
vn -0.999768 -0.021519 -0.000003
vn -0.999096 -0.042506 -0.000004
vn -0.998944 -0.045953 0.000001
vn -0.999568 -0.029341 0.001929
vn -0.999534 0.002459 0.030436
vn 0.326857 0.924019 0.198378
vn 0.265994 0.961850 0.063960
vn 0.021743 0.958140 0.285474
vn -0.487048 0.848953 0.205092
vn -0.217574 0.944135 0.247529
vn -0.285234 0.958023 0.028876
vn 0.006515 0.998958 0.045166
vn -0.211791 0.965721 -0.150092
vn 0.216739 0.962484 -0.163245
vn -0.004390 0.977194 -0.212304
vn -0.840709 0.541165 -0.018677
vn -0.500566 0.865440 0.021169
vn -0.985251 0.169610 0.022657
vn -0.997752 0.066942 -0.003206
vn 0.018326 -0.034088 0.999251
vn 0.999600 -0.001385 0.028247
vn 0.999185 0.027395 0.029652
vn 0.012814 0.009872 0.999869
vn 0.024458 0.373737 0.927212
vn -0.042227 0.350895 0.935462
vn -0.010743 0.014594 0.999836
vn -0.017026 -0.034852 0.999247
vn 0.036381 -0.998711 0.035395
vn -0.037517 -0.998888 0.028568
vn -0.999340 0.026886 0.024441
vn -0.999565 -0.021680 0.019972
vn 0.999059 0.040833 0.014619
vn 0.806576 0.591130 -0.000571
vn 0.798559 0.601917 -0.000172
vn 0.996370 0.085024 0.004149
vn 0.999068 -0.040500 0.014921
vn 0.820329 -0.571739 0.013246
vn 0.798043 -0.602545 0.008196
vn 0.996273 -0.086136 0.004481
vn 0.999079 0.042903 0.000249
vn 0.599777 0.800156 0.004190
vn 0.724006 0.689612 0.015848
vn 0.999034 -0.043948 0.000127
vn 0.999631 0.025421 -0.009559
vn 0.008210 0.012315 -0.999891
vn 0.999713 -0.023027 -0.006677
vn 0.799947 -0.600055 -0.004269
vn 0.020384 -0.032189 -0.999274
vn 0.706305 -0.707907 0.000886
vn 0.601022 -0.799232 0.001021
vn 0.040949 0.999113 -0.009781
vn -0.043774 0.998985 -0.010575
vn 0.600778 0.799400 -0.004937
vn 0.056167 0.998375 -0.009608
vn 0.055196 0.998277 -0.019918
vn 0.051563 0.998657 0.005140
vn 0.043154 0.999068 0.000455
vn -0.042118 0.999113 -0.000385
vn -0.052310 0.998409 -0.021040
vn -0.052122 0.998589 -0.010148
vn -0.732214 0.680890 -0.015857
vn -0.706892 0.706984 -0.021868
vn -0.601721 0.798644 -0.009944
vn -0.706849 0.707363 0.001165
vn -0.056171 0.998408 0.005103
vn -0.633793 0.773495 -0.003512
vn -0.010207 0.017663 -0.999792
vn -0.999096 0.041042 -0.011052
vn -0.999051 0.043254 -0.005173
vn -0.999069 0.042866 -0.004881
vn -0.998538 0.027463 -0.046554
vn -0.999126 -0.040589 -0.010005
vn -0.725462 -0.688258 -0.002342
vn -0.706407 -0.707777 -0.006415
vn -0.999032 -0.043712 -0.004931
vn -0.599244 -0.800561 -0.002967
vn -0.999050 -0.043263 -0.005306
vn -0.798067 -0.602561 -0.003176
vn -0.998844 -0.025383 -0.040826
vn -0.722574 -0.690684 -0.029014
vn -0.018925 -0.042183 -0.998931
vn -0.037517 -0.997703 -0.056400
vn -0.109884 -0.993934 -0.004505
vn -0.052589 -0.998609 0.003932
vn 0.054944 -0.998489 0.000289
vn -0.052113 -0.998641 -0.000540
vn 0.056725 -0.998379 0.004667
vn 0.101455 -0.994831 -0.004369
vn 0.035656 -0.998115 -0.049948
vn 0.000000 0.707104 -0.707110
vn 0.051279 0.743583 -0.666674
vn 0.084636 -0.002700 0.996408
vn 0.043699 -0.499032 0.865481
vn 0.447259 -0.770056 0.454943
vn 0.003459 -0.004837 0.999982
vn 0.060460 0.050765 0.996879
vn 0.000000 -0.799951 0.600066
vn 0.008605 -0.043614 0.999011
vn 0.006553 -0.709435 0.704740
vn 0.006049 0.090307 0.995896
vn 0.020332 0.720862 0.692780
vn 0.010633 0.605121 0.796063
vn 0.008107 0.103789 0.994566
vn -0.007825 -0.797013 0.603911
vn -0.000319 -0.012665 0.999920
vn -0.007106 -0.790246 0.612749
vn -0.081835 -0.030858 0.996168
vn -0.080637 0.052170 0.995377
vn 0.001944 0.096945 0.995288
vn -0.044753 0.761147 0.647034
vn 0.019368 0.709726 0.704212
vn 0.005255 0.798149 0.602437
vn 0.002660 -0.993830 0.110881
vn 0.551035 -0.825595 0.121463
vn 0.000744 -1.000000 -0.000033
vn 0.515695 -0.855379 -0.048840
vn 0.010429 -0.992605 0.120938
vn 0.008279 -0.998603 -0.052196
vn 0.009848 -0.705043 -0.709096
vn 0.070412 -0.723873 -0.686331
vn 0.002453 -0.797414 -0.603427
vn -0.008829 -0.999944 -0.005813
vn -0.002372 -0.708773 -0.705432
vn -0.093157 -0.590957 -0.801306
vn -0.617168 -0.645252 -0.450282
vn -0.013480 -0.993158 0.115998
vn -0.527730 -0.847759 -0.052981
vn -0.567638 -0.818853 0.085240
vn -0.992851 -0.098091 0.068015
vn 0.934577 0.049969 0.352235
vn 0.566690 0.823377 0.030196
vn 0.544370 0.834932 -0.080937
vn 0.525448 0.672812 -0.520796
vn 0.536091 -0.657659 -0.529236
vn 0.012441 0.999860 0.011205
vn 0.016057 0.992209 -0.123544
vn 0.004125 0.998443 0.055637
vn 0.023663 0.484811 -0.874299
vn 0.026471 0.702158 -0.711529
vn 0.006787 0.703603 -0.710561
vn 0.003949 0.997867 -0.065161
vn -0.016506 0.607091 -0.794461
vn -0.001457 0.993595 -0.112987
vn -0.032194 0.572940 -0.818965
vn 0.002323 0.999995 -0.002231
vn -0.554573 0.827661 -0.086170
vn -0.997551 0.053768 -0.044725
vn -0.545952 0.836766 0.041938
vn -0.686866 0.716912 0.119379
vn -0.090064 0.049273 -0.994716
vn -0.069138 0.055645 -0.996054
vn 0.021749 -0.005128 -0.999750
vn 0.108195 0.013781 -0.994034
vn 0.026943 0.103649 -0.994249
vn 0.086319 0.091251 -0.992080
vn -0.007789 0.054017 -0.998510
vn -0.007813 -0.044963 -0.998958
vn -0.016937 0.090472 -0.995755
vn -0.011549 0.003436 -0.999927
vn 0.010795 -0.997172 0.074372
vn 0.983538 -0.174688 0.046229
vn 0.461097 -0.461085 0.758149
vn 0.015596 -0.998650 -0.049539
vn 0.004456 -0.089625 0.995966
vn -0.011119 -0.997188 0.074112
vn -0.004457 -0.089625 0.995966
vn -0.461095 -0.461083 0.758152
vn 0.004457 0.089625 0.995966
vn -0.004456 0.089625 0.995966
vn -0.010690 0.998716 0.049511
vn 0.010690 0.998716 0.049511
vn 0.983583 0.175441 0.042259
vn 0.461093 0.461084 0.758152
vn -0.015827 -0.998659 -0.049283
vn -0.983582 -0.175443 0.042259
vn -0.986107 -0.162182 -0.035909
vn -0.983582 0.175443 0.042259
vn -0.983582 0.175443 -0.042259
vn -0.450933 -0.337927 -0.826114
vn -0.461090 0.461085 0.758153
vn 0.986080 -0.161457 -0.039716
vn 0.983582 0.175443 -0.042259
vn 0.004105 -0.082244 -0.996604
vn -0.004105 -0.082244 -0.996604
vn -0.004457 0.089627 -0.995966
vn -0.461085 0.461087 -0.758156
vn -0.010690 0.998716 -0.049511
vn 0.010690 0.998716 -0.049511
vn 0.004457 0.089627 -0.995965
vn 0.450933 -0.337929 -0.826114
vn 0.461083 0.461091 -0.758154
vn 0.004597 -0.081453 0.996667
vn 0.450853 -0.337965 0.826143
vn 0.986485 -0.158421 0.041827
vn 0.026331 -0.996319 0.081576
vn 0.021953 -0.998471 -0.050738
vn -0.005255 -0.996909 0.078394
vn -0.003514 -0.090593 0.995882
vn -0.461082 -0.461013 0.758202
vn 0.003691 0.178827 0.983874
vn -0.005476 0.088645 0.996048
vn -0.017208 0.998622 0.049573
vn 0.987928 0.148629 0.043675
vn -0.004061 -0.999590 -0.028330
vn 0.983518 -0.176536 -0.039092
vn 0.577261 -0.577394 -0.577396
vn 0.011179 -0.175306 -0.984451
vn -0.007911 -0.165003 -0.986261
vn 0.985115 0.165169 -0.047616
vn 0.008322 0.178393 -0.983924
vn 0.577263 0.577392 -0.577396
vn 0.000484 0.997219 -0.074530
vn -0.010359 0.162760 -0.986611
vn -0.016099 0.998575 -0.050889
vn -0.577346 0.577351 -0.577353
vn -0.577398 -0.577253 -0.577400
vn -0.985348 -0.165337 -0.041878
vn -0.984031 -0.171231 0.048602
vn -0.983987 0.172763 0.043852
vn -0.986387 0.158435 -0.044031
vn 0.002181 0.999681 0.025179
vn 0.362088 0.699975 0.615571
vn -0.461089 0.461090 0.758151
vn 0.577355 -0.577346 0.577349
vn 0.008449 -0.998546 0.053232
vn 0.982272 -0.173782 0.070302
vn 0.012047 -0.998631 -0.050913
vn 0.985137 -0.170768 -0.018550
vn 0.577370 -0.577372 -0.577309
vn 0.040756 -0.179537 -0.982907
vn -0.008450 -0.998546 -0.053232
vn 0.022714 -0.175469 -0.984223
vn -0.577351 -0.577350 -0.577350
vn -0.022618 -0.174768 0.984350
vn -0.012252 -0.998028 0.061569
vn -0.041463 -0.150903 0.987679
vn -0.615572 -0.699975 0.362087
vn -0.022617 0.174768 0.984350
vn -0.041463 0.150903 0.987679
vn 0.982272 0.173782 0.070303
vn 0.577352 0.577346 0.577353
vn -0.985131 -0.171765 -0.003655
vn -0.982272 -0.173780 -0.070303
vn -0.985131 0.171765 -0.003655
vn -0.982272 0.173780 -0.070303
vn -0.615565 0.699979 0.362089
vn -0.012252 0.998028 0.061569
vn -0.008449 0.998546 -0.053232
vn -0.577348 0.577349 -0.577353
vn 0.008449 0.998546 0.053232
vn 0.985137 0.170768 -0.018550
vn 0.012047 0.998630 -0.050913
vn 0.577366 0.577373 -0.577312
vn 0.022715 0.175469 -0.984223
vn 0.040756 0.179537 -0.982907
vn 0.468768 -0.781093 0.412492
vn 0.035538 -0.909204 0.414832
vn 0.037047 -0.998917 0.028160
vn 0.550206 -0.834753 0.021456
vn 0.578224 -0.815876 0.001789
vn 0.013005 -0.999915 0.001024
vn 0.597101 -0.802013 -0.015659
vn 0.005939 -0.999794 0.019429
vn 0.018846 -0.999648 -0.018679
vn 0.572700 -0.743870 -0.344489
vn 0.023960 -0.893505 -0.448414
vn -0.009119 -0.894804 -0.446366
vn -0.005846 -0.999794 -0.019426
vn -0.000851 -0.999996 -0.002903
vn -0.010290 -0.999554 -0.028046
vn -0.013727 -0.893157 -0.449536
vn -0.009452 -0.895336 -0.445291
vn 0.010518 -0.910699 0.412936
vn 0.010184 -0.518722 0.854882
vn 0.032456 -0.512907 0.857830
vn -0.000065 -0.516303 0.856406
vn 0.003412 -0.893580 0.448891
vn -0.005814 -0.999560 -0.029094
vn -0.010090 -0.518681 -0.854908
vn -0.003474 -0.513491 -0.858088
vn -0.019609 -0.892871 -0.449886
vn -0.025345 -0.509337 -0.860194
vn -0.502661 -0.397623 -0.767612
vn -0.036692 -0.998639 -0.037074
vn -0.424173 -0.822525 -0.378853
vn -0.589024 -0.807726 -0.025075
vn -0.647810 -0.761800 -0.001701
vn -0.013056 -0.999897 -0.005958
vn -0.018655 -0.999646 0.018975
vn -0.582501 -0.812642 0.017485
vn 0.000000 -0.999857 0.016941
vn -0.514569 -0.780668 0.354650
vn 0.000104 -0.999823 0.018805
vn -0.003674 -0.895751 0.444542
vn -0.004362 -0.550716 0.834681
vn -0.016362 -0.894842 0.446084
vn -0.015610 -0.511682 0.859033
vn -0.538832 -0.402519 0.740026
vn 0.948305 -0.317347 -0.003096
vn 0.945601 -0.325201 0.009112
vn 0.952970 -0.302683 -0.015210
vn 0.893416 -0.288462 -0.344381
vn 0.874460 -0.312401 0.371115
vn 0.996741 0.078483 0.018659
vn 0.926149 -0.037451 0.375295
vn 0.581457 -0.042120 0.812486
vn 0.584410 0.048822 0.809988
vn 0.892120 0.061446 0.447600
vn 0.971069 0.109579 -0.212175
vn 0.996812 0.079734 -0.002972
vn 0.520333 0.739354 -0.427328
vn 0.448775 0.893645 -0.000000
vn 0.634100 0.675807 0.375768
vn 0.999962 0.005872 -0.006505
vn 0.972575 0.101929 0.209065
vn 0.907036 -0.054397 -0.417525
vn 0.893063 0.056486 -0.446372
vn 0.520988 -0.456157 0.721452
vn 0.018037 0.073983 0.997096
vn 0.018121 -0.032672 0.999302
vn 0.009216 0.072788 0.997305
vn 0.010758 -0.032975 0.999398
vn -0.000016 0.071673 0.997428
vn -0.000530 -0.048011 0.998847
vn -0.009654 -0.033962 0.999377
vn -0.009140 0.071498 0.997399
vn -0.018197 -0.032173 0.999317
vn -0.017754 0.072098 0.997240
vn -0.570225 -0.052142 0.819832
vn -0.018258 0.999833 0.000000
vn 0.449570 0.139934 -0.882216
vn -0.003309 0.182152 -0.983265
vn -0.011462 0.178703 -0.983836
vn -0.010085 0.999949 0.000000
vn 0.000003 0.181793 -0.983337
vn 0.000000 1.000000 0.000000
vn 0.009984 0.999950 0.000000
vn 0.011483 0.176194 -0.984289
vn 0.879256 0.210785 -0.427176
vn 0.018200 0.999834 0.000000
vn -0.585003 0.041899 0.809948
vn -0.934739 0.067215 0.348921
vn -0.972639 0.100011 -0.209693
vn -0.995744 0.087291 -0.029558
vn -0.996936 0.078226 0.000390
vn 0.990941 0.134265 -0.002880
vn 0.878438 0.194342 0.436553
vn -0.995498 0.089762 0.030435
vn -0.928264 0.128908 -0.348868
vn -0.976603 0.039409 0.211408
vn 0.017888 0.999840 0.000000
vn -0.581449 0.052967 -0.811857
vn -0.017358 0.072870 -0.997190
vn 0.015658 0.999870 0.003918
vn 0.013203 0.179506 0.983668
vn -0.009236 0.072947 -0.997293
vn 0.006989 0.181300 0.983403
vn 0.010097 0.997080 0.075688
vn -0.004714 0.068112 -0.997667
vn 0.005366 0.074847 -0.997181
vn -0.004873 0.999980 0.003956
vn -0.006892 0.174070 0.984709
vn 0.036397 0.074059 -0.996589
vn -0.018247 0.999834 0.000000
vn -0.021028 0.180943 0.983269
vn 0.584036 0.045183 -0.810469
vn 0.449523 0.139938 0.882239
vn -0.000084 0.887286 -0.461219
vn -0.009168 0.931215 -0.364355
vn -0.009162 0.894948 -0.446077
vn 0.008906 0.932634 -0.360713
vn 0.672321 0.658686 -0.337814
vn -0.001645 0.999991 -0.003895
vn -0.020231 0.884298 0.466484
vn -0.001778 0.933660 0.358156
vn 0.000901 0.999995 0.002942
vn 0.018122 0.893746 0.448208
vn 0.008909 0.928965 0.370061
vn 0.507763 0.861480 0.005354
vn 0.675021 0.656499 0.336683
vn 0.574310 -0.045717 -0.817361
vn 0.534813 -0.382057 -0.753662
vn 0.022544 -0.449759 -0.892866
vn -0.004590 -0.448765 -0.893638
vn 0.026319 -0.040920 -0.998816
vn 0.004601 -0.045642 -0.998947
vn 0.000316 -0.048012 -0.998847
vn -0.010541 -0.032799 -0.999406
vn -0.018786 -0.032490 -0.999296
vn -0.573103 -0.043503 -0.818328
vn -0.909512 -0.305688 -0.281678
vn -0.909649 -0.037219 -0.413708
vn -0.966283 -0.257402 -0.006411
vn -0.996765 0.077027 0.022930
vn -0.984474 0.175406 0.006599
vn -0.948472 -0.316842 0.003472
vn -0.942428 -0.334193 0.012034
vn -0.999880 0.013434 0.007762
vn -0.911801 -0.289008 0.291708
vn -0.910372 -0.050356 0.410715
vn -0.997723 0.052698 0.042091
vn -0.999301 0.037379 0.000799
vn -0.999139 0.028270 -0.030359
vn 0.009475 -0.998531 0.053359
vn 0.984025 -0.172381 0.044486
vn 0.577313 -0.577370 0.577368
vn 0.011816 -0.998647 -0.050644
vn 0.984025 -0.172381 -0.044486
vn 0.577312 -0.577370 -0.577368
vn 0.036458 -0.179192 -0.983138
vn -0.009005 -0.998628 -0.051591
vn 0.017903 -0.175791 -0.984265
vn -0.577370 -0.577370 -0.577311
vn -0.012398 -0.176132 0.984288
vn -0.011798 -0.998674 0.050119
vn -0.030862 -0.178874 0.983388
vn -0.577352 -0.577350 0.577348
vn -0.012398 0.176132 0.984288
vn -0.030862 0.178874 0.983388
vn 0.984025 0.172381 0.044486
vn 0.577311 0.577371 0.577368
vn -0.985109 -0.170978 0.018069
vn -0.982374 -0.173923 -0.068498
vn -0.985109 0.170980 0.018069
vn -0.982374 0.173921 -0.068498
vn -0.577348 0.577349 0.577353
vn -0.011889 0.998653 0.050508
vn 0.009465 0.998533 0.053304
vn 0.984025 0.172381 -0.044486
vn 0.011722 0.998668 -0.050244
vn 0.577313 0.577369 -0.577369
vn -0.009016 0.998625 -0.051652
vn -0.577368 0.577366 -0.577316
vn 0.017903 0.175791 -0.984265
vn 0.036458 0.179192 -0.983138
vn 0.577355 -0.577344 0.577352
vn -0.017710 -0.175782 0.984270
vn 0.008979 -0.998688 0.050419
vn -0.012217 -0.998761 0.048250
vn 0.982469 -0.174055 0.066785
vn -0.036267 -0.179790 0.983036
vn -0.758154 -0.461084 0.461089
vn -0.017710 0.175782 0.984270
vn -0.036267 0.179790 0.983036
vn 0.982468 0.174059 0.066785
vn 0.577351 0.577346 0.577354
vn 0.012229 -0.998759 -0.048279
vn 0.985082 -0.171181 -0.017612
vn 0.577353 -0.577347 -0.577351
vn 0.037246 -0.178565 -0.983223
vn -0.008988 -0.998717 -0.049841
vn 0.022894 -0.089022 -0.995767
vn -0.461091 -0.461087 -0.758151
vn -0.996289 -0.085962 -0.004408
vn -0.982189 -0.173940 -0.071055
vn -0.995897 0.090079 -0.008626
vn -0.981983 0.176807 -0.066697
vn -0.758154 0.461084 0.461090
vn -0.012289 0.998754 0.048369
vn 0.008971 0.998690 0.050373
vn 0.985083 0.171178 -0.017612
vn 0.011871 0.998780 -0.047932
vn 0.577350 0.577346 -0.577355
vn -0.008751 0.998729 -0.049637
vn -0.461089 0.461086 -0.758154
vn 0.023872 0.089947 -0.995660
vn 0.036258 0.179191 -0.983146
vn 0.244452 -0.468119 0.849181
vn 0.263511 -0.889699 0.372823
vn 0.863486 -0.385916 0.324747
vn 0.940462 -0.329223 0.084520
vn 0.159446 -0.983671 0.083474
vn 0.020606 -0.557256 0.830085
vn 0.057324 -0.937290 0.343806
vn 0.016021 -0.553458 0.832723
vn 0.061854 -0.997219 0.041572
vn 0.063170 -0.997704 -0.024411
vn 0.123985 -0.991941 -0.026089
vn 0.000038 -0.997832 0.065817
vn 0.404685 -0.914412 -0.008997
vn 0.005099 -0.908805 0.417190
vn 0.005196 -0.999840 -0.017116
vn 0.066368 -0.997780 -0.005459
vn 0.404857 -0.914380 -0.000000
vn 0.042445 -0.999086 -0.005111
vn 0.064624 -0.997910 0.000000
vn 0.066359 -0.997796 0.000693
vn 0.406594 -0.913601 0.003935
vn 0.065117 -0.997745 0.016291
vn 0.148354 -0.988764 0.018353
vn 0.019656 -0.999805 -0.001855
vn 0.114244 -0.989702 -0.086248
vn 0.040935 -0.999160 -0.002139
vn 0.000049 -0.999988 -0.004836
vn 0.061663 -0.995124 -0.076977
vn 0.104986 -0.944682 -0.310731
vn 0.000904 -0.999874 0.015830
vn -0.030125 -0.999526 -0.006327
vn -0.029565 -0.999480 0.012861
vn -0.138448 -0.990326 -0.009261
vn -0.141410 -0.989940 -0.004724
vn 0.000000 -0.999968 0.008064
vn -0.141410 -0.989951 0.000000
vn -0.081588 -0.994843 -0.060258
vn -0.004134 -0.999988 -0.002692
vn -0.005203 -0.999986 -0.000621
vn -0.032356 -0.999460 -0.005769
vn -0.124510 -0.986459 0.106756
vn -0.064324 -0.996897 0.045367
vn -0.184411 -0.918435 0.349956
vn -0.481519 -0.842719 0.240756
vn -0.082587 -0.936572 0.340606
vn -0.067444 -0.556130 0.828354
vn -0.151209 -0.520737 0.840219
vn -0.059067 -0.997531 -0.037999
vn -0.094530 -0.985624 -0.140037
vn -0.058364 -0.983349 -0.172098
vn 0.004802 -0.997363 -0.072417
vn 0.014648 -0.912711 -0.408343
vn 0.000000 -0.799951 -0.600066
vn 0.050690 -0.883031 -0.466568
vn 0.060091 -0.937421 -0.342975
vn 0.047810 -0.198598 0.978914
vn 0.332770 -0.143225 0.932068
vn 0.009112 -0.249623 0.968300
vn 0.302092 -0.042964 0.952310
vn 0.904268 0.009574 0.426857
vn 0.929925 0.070278 0.360971
vn 0.307730 0.058959 0.949645
vn 0.064640 -0.054622 0.996413
vn 0.041899 0.137637 0.989596
vn 0.259965 0.405462 0.876367
vn 0.029229 0.477949 0.877901
vn -0.010282 -0.007730 0.999917
vn 0.001170 0.120533 0.992709
vn 0.039576 0.442968 0.895663
vn -0.070172 -0.199394 0.977404
vn -0.124738 -0.188093 0.974198
vn -0.054007 -0.045167 0.997519
vn -0.104643 -0.053429 0.993074
vn -0.033542 0.109833 0.993384
vn -0.031514 0.316073 0.948211
vn -0.099260 0.068584 0.992695
vn -0.065298 0.226019 0.971932
vn 0.923320 -0.114755 0.366486
vn 0.990699 -0.118729 0.066481
vn 0.995527 0.047396 0.081726
vn 0.992496 0.094418 0.077692
vn 0.888064 0.313645 0.336110
vn 0.919899 0.372192 0.123532
vn 0.998291 -0.056622 -0.014441
vn 0.999915 0.003093 -0.012684
vn 0.988861 -0.148240 -0.013399
vn 0.994253 0.106597 -0.009936
vn 0.930856 0.365235 -0.010542
vn 0.998715 0.049301 -0.011711
vn 0.992508 -0.121352 -0.014207
vn 0.916317 -0.399831 -0.022349
vn 0.992100 0.124845 -0.012265
vn 0.948605 0.316350 -0.008402
vn 0.409741 0.912055 0.016360
vn 0.313258 0.949647 -0.006304
vn 0.985963 0.166964 -0.000033
vn 0.992319 0.123705 0.000000
vn 0.986601 0.162891 0.009205
vn 0.999997 0.002468 -0.000212
vn 0.992106 0.124727 0.012965
vn 0.956459 0.291600 0.012472
vn 0.992837 -0.119479 -0.000293
vn 0.998614 0.051298 0.011788
vn 0.992557 -0.120973 0.014025
vn 0.957191 -0.289456 -0.000001
vn 0.930443 -0.366167 0.014054
vn 0.989413 -0.144625 0.012074
vn 0.998302 -0.056542 0.014008
vn 0.964604 -0.259571 -0.046491
vn 0.999915 0.003080 0.012651
vn 0.991122 -0.117328 -0.062541
vn 0.941769 -0.268532 -0.202390
vn 0.959956 -0.106532 -0.259106
vn 0.961614 -0.002840 -0.274391
vn 0.996252 0.044508 -0.074176
vn 0.973322 0.118930 -0.196216
vn 0.993505 0.113262 0.010922
vn 0.991348 0.111994 -0.068462
vn 0.968711 0.163715 -0.186539
vn 0.961823 0.261014 -0.082273
vn 0.829769 0.555306 -0.055848
vn 0.821261 0.567418 -0.059725
vn 0.222874 0.831680 0.508562
vn 0.306930 0.932184 0.191903
vn 0.056372 0.856530 0.513009
vn 0.045881 0.876195 0.479768
vn -0.017419 0.948538 0.316183
vn 0.027352 0.981299 0.190536
vn 0.060475 0.979885 0.190178
vn 0.062219 0.997918 0.016985
vn 0.035372 0.999004 0.027194
vn -0.031758 0.987620 0.153620
vn 0.041390 0.999143 -0.000722
vn 0.026668 0.999642 -0.002180
vn 0.000000 0.999956 -0.009432
vn -0.143879 0.974005 0.174968
vn -0.145171 0.945673 0.290908
vn -0.456181 0.836316 0.304096
vn -0.038610 0.993620 0.105965
vn -0.140722 0.984610 0.103635
vn 0.000000 1.000000 -0.000000
vn 0.000000 1.000000 -0.000000
vn 0.000000 1.000000 -0.000000
vn -0.433780 0.901006 -0.004752
vn -0.111466 0.993724 -0.009376
vn -0.406639 0.913579 -0.004312
vn -0.066540 0.997773 -0.004708
vn -0.010895 0.999919 -0.006633
vn -0.406640 0.913578 0.004330
vn -0.056355 0.998405 -0.003359
vn -0.319595 0.947544 0.004491
vn 0.000078 1.000000 0.000097
vn 0.036934 0.999286 -0.008022
vn -0.032768 0.999429 0.008308
vn 0.000000 1.000000 0.000000
vn 0.000000 1.000000 0.000000
vn 0.000000 1.000000 0.000000
vn -0.083879 0.995880 -0.034470
vn -0.370784 0.928634 -0.012600
vn -0.020494 0.999766 0.006971
vn -0.285395 0.946187 -0.152578
vn 0.033302 0.999433 0.004893
vn 0.408377 0.912807 0.003417
vn 0.405041 0.914262 0.008200
vn 0.033470 0.999430 0.004426
vn 0.287848 0.957590 -0.012859
vn 0.000000 1.000000 0.000000
vn 0.000000 1.000000 0.000000
vn 0.000000 1.000000 0.000000
vn 0.028342 0.999148 -0.030009
vn -0.031758 0.987619 -0.153623
vn -0.239749 0.843852 -0.480035
vn -0.025795 0.862974 -0.504589
vn 0.032883 0.999307 -0.017424
vn 0.130940 0.974527 -0.182078
vn 0.004982 0.986857 -0.161520
vn 0.014133 0.877308 -0.479720
vn 0.039746 0.860811 -0.507370
vn 0.219590 0.831180 -0.510803
vn 0.041725 0.985870 -0.162235
vn 0.707044 0.707044 -0.013340
vn 0.708408 0.705803 0.000048
vn 0.832002 0.554673 0.010519
vn 0.831946 0.554635 0.015696
vn -0.928800 0.370577 -0.001668
vn -0.928620 0.371028 0.001759
vn -0.928982 0.370109 -0.003340
vn -0.582211 0.812827 0.018503
vn -0.993301 0.115556 0.000565
vn -0.938962 0.339216 0.057299
vn -0.993205 0.116375 -0.000593
vn -0.987409 0.158062 -0.006378
vn -0.913923 0.405848 0.005631
vn -0.996911 0.078546 0.000357
vn -0.930733 0.365619 -0.007678
vn -0.998324 0.057869 0.000289
vn -0.922586 0.370501 -0.107537
vn -0.991748 0.105009 -0.073543
vn -0.880171 0.296908 -0.370330
vn -0.922455 0.079075 -0.377920
vn -0.231681 0.415914 -0.879397
vn -1.000000 0.000000 -0.000342
vn -0.999998 -0.000161 -0.002160
vn -0.994324 0.064473 0.084639
vn -0.867989 0.259235 0.423548
vn -0.292639 0.686481 0.665662
vn -0.999999 0.001003 -0.000284
vn -0.999984 -0.002946 -0.004760
vn -0.999969 0.000373 0.007870
vn -0.996387 0.000873 -0.084928
vn -0.995101 -0.098716 0.005371
vn -0.992088 -0.111296 -0.058098
vn -0.898870 -0.117558 -0.422154
vn -0.876210 -0.358995 -0.321526
vn -0.911145 -0.407111 -0.063838
vn -0.399096 -0.698922 -0.593490
vn -0.238282 -0.494204 -0.836053
vn -0.710538 -0.702591 -0.038753
vn -0.932778 -0.360449 0.001233
vn -0.998863 -0.047594 -0.002596
vn -0.831190 -0.555987 0.001523
vn -0.914828 -0.403842 -0.000993
vn -0.709107 -0.705100 -0.000106
vn -0.993752 -0.111609 -0.000534
vn -0.927947 -0.372702 -0.002643
vn -0.831297 -0.555805 -0.005193
vn -0.914662 -0.404218 -0.000831
vn -0.706475 -0.707732 0.002891
vn -0.830772 -0.556573 0.006710
vn -0.993382 -0.114855 -0.000000
vn -0.930949 -0.365148 0.000074
vn -0.585617 -0.810556 0.007144
vn -0.911510 -0.408447 0.048177
vn -0.988159 -0.153414 -0.002319
vn -0.997179 -0.006149 0.074814
vn -0.991733 -0.112912 0.060971
vn -0.926392 -0.016186 0.376213
vn -0.882764 -0.173961 0.436423
vn -0.863516 -0.359161 0.354040
vn -0.577934 -0.744670 0.333854
vn -0.669126 -0.323531 0.669028
vn -0.925028 0.078319 0.371738
vn -0.366332 0.557409 0.745048
vn -0.803778 0.126626 0.581298
vn -0.704937 -0.078321 0.704933
vn -0.695223 -0.182557 0.695225
vn -0.047367 0.599275 0.799141
vn -0.041555 0.607466 0.793258
vn -0.038067 0.599512 0.799460
vn -0.046549 -0.706281 -0.706400
vn -0.044760 -0.493691 -0.868485
vn -0.020551 -0.335797 -0.941710
vn -0.220122 -0.136335 -0.965898
vn -0.911380 -0.006484 -0.411516
vn -0.313713 -0.035914 -0.948839
vn -0.319559 0.080456 -0.944144
vn -0.045894 -0.187941 -0.981108
vn -0.008401 -0.191448 -0.981467
vn -0.064230 -0.055357 -0.996399
vn 0.066575 -0.211845 -0.975033
vn -0.038535 0.134413 -0.990176
vn 0.008622 -0.006960 -0.999939
vn 0.042066 -0.139506 -0.989327
vn 0.236227 -0.505341 -0.829956
vn 0.232796 -0.200431 -0.951648
vn -0.011713 0.451100 -0.892397
vn 0.020142 -0.045728 -0.998751
vn 0.252865 -0.020216 -0.967290
vn 0.002912 0.129886 -0.991525
vn -0.010667 0.447661 -0.894140
vn 0.026731 0.127978 -0.991417
vn 0.044070 0.490584 -0.870279
vn 0.313424 0.133944 -0.940119
vn 0.707108 0.000001 -0.707106
vn 0.715858 0.114663 -0.688767
vn 0.270415 0.417741 -0.867391
vn 0.713821 0.484978 -0.505229
vn 0.709226 0.609319 -0.354583
vn 0.457035 -0.792181 -0.404436
vn 0.663361 -0.586825 -0.464316
vn 0.801573 -0.587173 -0.112731
vn 0.699421 -0.147071 -0.699414
vn 0.804789 -0.588258 -0.079164
vn 0.709006 -0.704648 0.027946
vn 0.706824 -0.706819 0.028407
vn 0.706709 -0.706704 0.033654
vn 1.000000 0.000000 0.000000
vn 0.998269 -0.058819 0.000566
vn 1.000000 -0.000000 0.000000
vn 0.998199 0.059998 -0.000314
vn 0.998314 -0.057993 0.002369
vn 1.000000 0.000000 0.000000
vn 1.000000 0.000000 0.000000
vn 1.000000 0.000000 0.000000
vn 0.998371 0.056251 -0.009519
vn 1.000000 0.000000 0.000000
vn 1.000000 0.000000 0.000000
vn 1.000000 0.000000 0.000000
vn 0.990759 0.135628 -0.001284
vn 0.976158 0.217061 -0.000994
vn 0.998338 -0.057631 -0.000395
vn 1.000000 0.000000 0.000000
vn 0.980855 -0.194739 -0.000722
vn 0.999892 -0.000162 -0.014716
vn 0.976620 0.214691 -0.011050
vn 0.515736 0.856560 -0.017937
vn 0.515678 0.856751 -0.007425
vn 0.535085 0.825861 -0.177872
vn 0.980679 0.195612 -0.002328
vn 0.624000 0.781382 -0.008219
vn 0.973245 0.203752 -0.106201
vn 0.484861 0.767787 -0.418822
vn 0.998235 0.059385 0.000101
vn 0.975957 0.217962 0.000331
vn 0.511441 0.859304 0.004947
vn 0.448278 0.893309 0.032324
vn 1.000000 0.000000 0.000000
vn 0.976585 0.214707 0.013516
vn 0.993579 0.111243 0.020655
vn 0.969159 0.223204 0.104460
vn 0.435155 0.881493 0.183333
vn 0.994207 0.062494 0.087442
vn 0.935376 0.238735 0.260915
vn 1.000000 0.000000 0.000000
vn 1.000000 0.000000 0.000000
vn 1.000000 0.000000 0.000000
vn 0.998567 0.000054 0.053516
vn 0.949217 0.072705 0.306108
vn 0.404355 0.425665 0.809510
vn 0.953466 -0.003304 0.301482
vn 0.996766 -0.001316 0.080347
vn 1.000000 0.000000 0.000000
vn 1.000000 0.000000 0.000000
vn 1.000000 0.000000 0.000000
vn 0.993699 -0.111294 0.013231
vn 0.994418 -0.066480 0.081937
vn 0.976737 -0.214424 0.002634
vn 0.953841 -0.070573 0.291902
vn 0.500998 -0.112282 0.858134
vn 0.478372 -0.000003 0.878157
vn 0.425010 -0.421039 0.801307
vn 0.939898 -0.244160 0.238698
vn 0.376263 -0.871345 0.314937
vn 0.970332 -0.227035 0.083138
vn 0.549365 -0.832585 0.070715
vn 0.513638 -0.857950 -0.009885
vn 0.627102 -0.778937 -0.000744
vn 0.623116 -0.782094 0.007484
vn 0.980492 -0.196552 0.001881
vn 0.625412 -0.780286 0.003733
vn 0.980533 -0.196315 0.003926
vn 0.556176 -0.831046 0.005529
vn 0.980226 -0.197654 -0.009525
vn 0.999776 -0.004674 -0.020667
vn 1.000000 0.000001 0.000000
vn 1.000000 0.000001 0.000000
vn 1.000000 0.000001 0.000000
vn 0.973596 -0.218167 -0.067188
vn 0.477617 -0.875199 -0.076874
vn 0.996160 -0.055039 -0.068090
vn 0.919264 -0.261486 -0.294243
vn 0.950624 -0.030752 -0.308818
vn 0.955887 -0.004436 -0.293700
vn 0.996874 -0.000648 -0.079002
vn 0.945238 0.074041 -0.317873
vn 0.994257 0.064292 -0.085552
vn 0.933731 0.272149 -0.232552
vn 0.369246 0.432187 -0.822722
vn 0.065889 0.989282 -0.130306
vn 0.097643 0.869245 -0.484643
vn 0.058600 0.998151 -0.016156
vn -0.000095 0.992992 -0.118180
vn 0.011948 0.853044 -0.521702
vn -0.103530 0.871801 -0.478795
vn 0.000008 0.999864 -0.016510
vn -0.065272 0.989455 -0.129302
vn -0.449411 0.780034 -0.435403
vn -0.398788 0.414042 -0.818253
vn -0.433193 0.885130 -0.169967
vn -0.065701 0.997778 -0.011086
vn -0.464329 0.885662 0.001000
vn -0.449951 0.893025 -0.007179
vn -0.070660 0.997454 -0.009596
vn -0.173842 0.984728 -0.009461
vn -0.552733 0.833180 -0.017247
vn 0.058716 0.998229 -0.009598
vn -0.063288 0.997919 -0.012371
vn -0.058617 0.998269 0.004774
vn -0.444992 0.895530 0.002796
vn 0.000000 0.999954 -0.009568
vn -0.000002 0.999989 0.004762
vn -0.004052 0.999705 0.023952
vn -0.510279 0.859601 0.026504
vn -0.462427 0.873703 0.151013
vn 0.058716 0.998229 -0.009552
vn 0.058888 0.998252 0.005032
vn 0.058621 0.997772 0.031857
vn 0.002462 0.999618 0.027534
vn 0.104062 0.984660 0.140059
vn 0.370260 0.846040 0.383566
vn 0.138800 0.904836 0.402500
vn 0.034665 0.990839 0.130526
vn -0.020434 0.862972 0.504839
vn -0.064007 0.986441 0.151122
vn -0.082350 0.876669 0.473994
vn -0.353713 0.822086 0.446164
vn -0.404370 0.425679 0.809495
vn -0.077647 0.493992 0.865992
vn -0.005326 0.450924 0.892547
vn 0.081028 0.457129 -0.885702
vn -0.005924 0.446302 -0.894863
vn -0.071942 0.427777 -0.901017
vn -0.106235 0.146275 -0.983523
vn 0.003840 0.135056 -0.990831
vn -0.079336 -0.016550 -0.996711
vn 0.110666 0.111265 -0.987610
vn 0.416442 0.099590 -0.903691
vn 0.483309 -0.000005 -0.875450
vn -0.000706 -0.000366 -1.000000
vn -0.103763 -0.113182 -0.988141
vn 0.083626 0.017145 -0.996350
vn 0.492496 -0.122742 -0.861616
vn -0.002529 -0.134433 -0.990920
vn -0.105173 -0.499917 -0.859664
vn 0.008073 -0.483835 -0.875122
vn 0.115127 -0.148438 -0.982198
vn 0.401914 -0.357561 -0.842980
vn 0.101967 -0.475006 -0.874055
vn -0.486732 0.114149 -0.866061
vn -0.949284 0.082837 -0.303311
vn -0.935984 0.236648 -0.260637
vn -0.485144 -0.004801 -0.874421
vn -0.944213 0.004132 -0.329309
vn -0.496891 -0.124098 -0.858894
vn -0.957196 -0.088270 -0.275652
vn -0.516629 -0.395583 -0.759348
vn -0.971409 0.210528 -0.109741
vn -0.993987 0.063335 -0.089327
vn -0.996246 -0.003442 -0.086500
vn -0.998236 0.059161 -0.004982
vn -0.957946 0.286948 0.000290
vn -0.998147 0.060806 -0.002251
vn -0.999992 -0.004045 -0.000174
vn -0.998239 0.059305 -0.001392
vn -0.976387 0.215973 -0.004911
vn -0.948569 0.316492 -0.007060
vn -0.948247 0.317514 0.003535
vn -0.996618 0.081854 0.007255
vn -0.976576 0.214765 0.013211
vn -0.993594 0.112867 0.005707
vn -0.969951 0.231513 0.074812
vn -0.999001 0.044228 0.006440
vn -0.999994 0.002109 0.002858
vn -0.994587 0.076943 0.069838
vn -0.930309 0.233889 0.282526
vn -0.953637 0.059102 0.295099
vn -0.994759 -0.089227 -0.049934
vn -0.948084 -0.250266 -0.196223
vn -0.504414 -0.804666 -0.313176
vn -0.975245 -0.216962 -0.042726
vn -0.644929 -0.763698 -0.028829
vn -0.998844 -0.047669 -0.006227
vn -0.992417 -0.122913 -0.000464
vn -0.980936 -0.194328 -0.000809
vn -0.626018 -0.779809 0.000110
vn -0.991280 -0.131772 0.000566
vn -0.949856 -0.312688 0.000350
vn -0.622467 -0.782646 0.000736
vn -0.998915 -0.046528 -0.001856
vn -1.000000 0.000000 0.000000
vn -1.000000 0.000000 0.000000
vn -1.000000 0.000000 0.000000
vn -0.998385 -0.056782 -0.001853
vn -0.998107 -0.061368 -0.004156
vn -0.980423 -0.196875 -0.003451
vn -0.553557 -0.832801 0.004014
vn -0.950784 -0.309821 -0.004558
vn -0.447946 -0.894058 -0.002153
vn -0.649023 -0.760743 -0.006200
vn -0.980922 -0.194342 0.004830
vn -0.552851 -0.830727 0.065179
vn -0.998349 -0.056913 0.007707
vn -0.971198 -0.226350 0.074434
vn -0.412112 -0.844946 0.340926
vn -0.939899 -0.244160 0.238698
vn -0.443032 -0.406894 0.798849
vn -0.994637 -0.065120 0.080353
vn -0.950451 -0.066989 0.303571
vn -0.943826 -0.006668 0.330377
vn -0.996800 0.001373 0.079919
vn 0.089262 0.455361 0.885821
vn 0.113908 0.146892 0.982572
vn 0.492919 0.114819 0.862466
vn -0.002529 0.134432 0.990920
vn 0.082726 -0.016265 0.996440
vn 0.113892 -0.111200 0.987250
vn 0.111017 -0.512849 0.851270
vn -0.000168 -0.000482 1.000000
vn 0.006699 -0.130201 0.991465
vn 0.016170 -0.488634 0.872339
vn -0.126878 0.027801 0.991529
vn -0.115702 0.098259 0.988412
vn -0.476585 0.071593 0.876208
vn -0.492072 0.012841 0.870460
vn -0.114149 -0.138505 0.983761
vn -0.502255 -0.079766 0.861032
vn -0.111376 -0.511348 0.852126
vn 0.020261 -0.930808 0.364947
vn 0.118563 -0.917008 0.380840
vn -0.136911 -0.919017 -0.369681
vn -0.167531 -0.985794 -0.011938
vn 0.000172 -0.999731 -0.023201
vn -0.009559 -0.891425 -0.453068
vn 0.106406 -0.921314 -0.373977
vn -0.116721 -0.993151 0.005329
vn -0.035885 -0.999342 0.005257
vn 0.099681 -0.994576 -0.029692
vn 0.327946 -0.865360 -0.378950
vn 0.063419 -0.997985 0.001806
vn 0.000170 -0.999988 0.004797
vn -0.123931 -0.992291 0.000291
vn 0.114586 -0.993380 0.008099
vn -0.063297 -0.997952 0.009273
vn 0.001519 -0.999972 0.007366
vn 0.060958 -0.998121 0.006182
vn 0.000001 -1.000000 -0.000576
vn -0.116923 -0.993141 -0.000589
vn 0.116953 -0.993137 -0.000000
vn 0.116296 -0.993001 -0.020605
vn -0.114790 -0.993158 -0.021445
vn 0.000042 -0.999779 -0.021010
vn 0.132527 -0.989400 0.059360
vn -0.122729 -0.991278 0.048025
vn -0.000266 -0.998302 0.058242
vn -0.109777 -0.939839 0.323499
vn 0.714618 -0.698782 -0.032016
vn 0.697383 -0.715758 0.036705
vn 0.697393 -0.715748 0.036704
vn 0.712626 -0.701158 -0.023285
vn 0.716465 -0.696454 -0.040370
vn 0.999548 -0.023310 -0.019012
vn 0.999834 0.009877 -0.015302
vn 0.999996 0.002824 -0.000089
vn 0.490416 0.836070 -0.245926
vn 0.602901 0.797815 -0.001005
vn 0.545955 -0.050240 -0.836307
vn 0.999775 -0.008065 -0.019627
vn 0.609549 -0.322596 -0.724142
vn 0.999596 -0.022112 -0.017880
vn 0.999811 0.013104 0.014328
vn 0.567358 0.774718 0.279137
vn 0.999592 -0.022825 0.017188
vn 0.549404 -0.044458 0.834374
vn 0.999734 -0.010157 0.020731
vn 0.721580 -0.249982 0.645625
vn 0.999703 -0.019785 0.014200
vn 0.713333 -0.588454 0.380628
vn 0.996928 -0.078248 0.003558
vn 0.657154 -0.753352 0.024668
vn 0.698992 -0.715110 0.005341
vn 0.999147 -0.041290 0.000000
vn 0.997562 -0.069734 -0.002640
vn 0.752581 -0.658061 -0.024027
vn 0.651991 -0.588738 -0.477803
vn 0.082053 0.996621 -0.003731
vn 0.025514 0.928640 -0.370103
vn 0.010008 0.939113 0.343462
vn -0.003073 0.999989 -0.003509
vn -0.031943 0.933661 -0.356731
vn -0.108213 0.919998 0.376689
vn 0.068743 -0.043537 -0.996684
vn 0.090446 -0.416968 -0.904410
vn -0.993552 -0.004820 -0.113276
vn -0.487798 -0.361249 -0.794703
vn 0.087360 -0.786308 -0.611627
vn 0.058335 -0.997780 -0.032134
vn 0.000000 -0.794519 -0.607240
vn 0.675861 -0.330048 -0.658999
vn 0.001893 -0.791645 -0.610978
vn -0.003879 -0.830918 -0.556382
vn -0.002044 -0.484958 -0.874535
vn -0.702066 -0.570452 -0.426249
vn -0.734767 -0.374954 -0.565268
vn -0.999996 0.002869 0.000042
vn -0.994096 0.108501 0.000000
vn -1.000000 0.000000 0.000000
vn -1.000000 0.000000 0.000000
vn -0.999996 0.002870 -0.000042
vn 0.063448 -0.044515 0.996992
vn -0.993025 -0.005130 0.117796
vn 0.112279 -0.445922 0.888001
vn -0.214452 -0.404160 0.889194
vn 0.080016 -0.829240 0.553135
vn -0.996381 -0.070958 0.046797
vn -0.998128 -0.061121 0.002218
vn -0.999257 -0.038532 0.000217
vn 0.073927 -0.997262 0.001664
vn 0.067702 -0.996440 0.050235
vn 0.006174 -0.999448 -0.032651
vn 0.079953 -0.996799 0.000325
vn 0.001192 -0.998854 0.047844
vn -0.834314 -0.551281 -0.003007
vn -0.005221 -0.999982 -0.002842
vn -0.004878 -0.998902 -0.046591
vn 0.414682 -0.909953 0.005057
vn 0.183651 -0.982328 0.036123
vn 0.004384 -0.831284 0.555830
vn 0.640809 -0.639090 0.425356
vn 0.002857 -0.999582 0.028773
vn -0.696731 -0.575527 0.428177
vn -0.232761 -0.972318 0.020474
vn -0.497933 -0.867204 -0.004479
vn -0.241332 -0.969669 -0.038750
vn -0.010031 -0.999073 -0.041876
vn 1.000000 0.000305 0.000000
vn 0.000000 0.000000 0.000000
vn 1.000000 0.000305 0.000000
vn 1.000000 0.000000 0.000000
vn 1.000000 0.000000 0.000000
vn 1.000000 0.000000 0.000000
vn 1.000000 0.000000 0.000000
vn -1.000000 0.000000 0.000000
vn -1.000000 0.000000 0.000000
vn -1.000000 0.000000 0.000000
vn 1.000000 0.000000 0.000000
vn 0.457527 0.888466 0.036019
vn 1.000000 0.000000 0.000000
vn 0.665336 -0.029652 -0.745955
vn 0.225644 0.953199 -0.201236
vn 0.677724 -0.328343 0.657937
vn 0.668037 -0.033638 0.743367
vn 0.333642 0.901210 0.276594
vn 0.004648 -0.448498 0.893772
vn -0.728759 -0.352597 0.587014
vn -0.657832 -0.033056 0.752439
vn 0.001896 -0.025674 0.999669
vn 0.016326 0.963814 0.266076
vn -0.367495 0.861350 0.350747
vn -0.269672 0.962948 0.002689
vn -0.660942 -0.019479 -0.750184
vn 0.004779 -0.023880 -0.999703
vn 0.003681 0.975830 -0.218499
vn -0.355820 0.870821 -0.339209
vn 0.000000 -1.000000 0.000000
vn -0.051248 -0.998686 -0.000960
vn 0.000000 -1.000000 0.000000
vn -0.294396 -0.955667 -0.005628
vn -0.404480 -0.914514 -0.007696
vn -0.403278 -0.915071 -0.003414
vn -0.062101 -0.997991 -0.012521
vn -0.306504 -0.949904 0.061134
vn 0.000000 -1.000000 0.000000
vn 0.000000 -1.000000 0.000000
vn 0.000000 -1.000000 0.000000
vn -0.260720 -0.883731 0.388645
vn -0.896435 -0.439267 0.058727
vn -0.070474 -0.996280 0.049603
vn -0.054218 -0.893763 0.445250
vn -0.017967 -0.999791 -0.009798
vn -0.005237 -0.999940 -0.009614
vn 0.000002 -0.996417 0.084578
vn -0.005186 -0.893339 0.449354
vn -0.004855 -0.506755 0.862076
vn -0.040492 -0.461854 0.886031
vn 0.038687 -0.894293 0.445807
vn 0.028269 -0.996920 0.073154
vn 0.028350 -0.999568 -0.007770
vn 0.297736 -0.951403 0.078654
vn 0.259783 -0.858852 0.441459
vn 0.920635 -0.383222 0.074649
vn 0.394147 -0.919034 -0.004995
vn 0.405767 -0.913968 -0.003925
vn 0.050400 -0.998700 -0.007662
vn 0.406163 -0.913801 0.000000
vn 0.000000 -1.000000 0.000000
vn 0.000000 -1.000000 0.000000
vn 0.000000 -1.000000 0.000000
vn 0.033237 -0.999448 0.000000
vn 0.407142 -0.913365 0.000000
vn 0.031014 -0.999512 0.003679
vn 0.371649 -0.928318 0.010161
vn 0.056102 -0.998388 0.008590
vn 0.309335 -0.947816 -0.077178
vn -0.018309 -0.999828 0.002969
vn -0.033239 -0.999446 -0.001549
vn -0.059569 -0.998221 0.002389
vn -0.315154 -0.948986 0.010178
vn -0.002351 -0.999930 0.011573
vn 0.026651 -0.996904 -0.073977
vn 0.211421 -0.860446 -0.463610
vn -0.028497 -0.999449 0.017004
vn -0.361029 -0.932275 0.022832
vn -0.330379 -0.940227 -0.082604
vn 0.028069 -0.913062 -0.406854
vn 0.038698 -0.542325 -0.839277
vn 0.000354 -0.996476 -0.083877
vn -0.027982 -0.996539 -0.078282
vn -0.000003 -0.908540 -0.417797
vn 0.008072 -0.484114 -0.874968
vn -0.024715 -0.902630 -0.429707
vn -0.228799 -0.863369 -0.449717
vn -0.035169 -0.516370 -0.855643
vn -0.927921 -0.372119 0.022136
vn -0.928355 -0.371696 -0.000000
vn -0.948488 -0.316181 0.020005
vn -0.935843 -0.343700 -0.077903
vn -0.888410 -0.305451 -0.342676
vn -0.231355 -0.394665 -0.889221
vn -0.989417 -0.119360 -0.082503
vn -0.928199 -0.132847 -0.347562
vn -0.996138 -0.009775 -0.087255
vn -0.930263 -0.030651 -0.365611
vn -0.999558 -0.000482 0.029738
vn -0.991686 0.116900 -0.053792
vn -0.993756 -0.108505 0.025987
vn -0.999806 0.000156 0.019699
vn -0.994087 -0.106659 0.020369
vn -0.998346 0.054427 0.018542
vn -0.994440 0.102615 0.023663
vn -0.998481 0.055091 -0.000261
vn -1.000000 0.000013 -0.000000
vn -0.998335 0.054473 -0.018965
vn -0.993853 -0.110710 0.000000
vn -0.999768 0.001393 -0.021490
vn -0.993993 0.106864 -0.023641
vn -0.994301 -0.104368 -0.021768
vn -0.999757 0.000029 -0.022046
vn -0.939979 -0.340794 -0.017288
vn -0.930917 -0.364397 -0.024652
vn -0.988667 -0.148420 -0.022567
vn -0.997379 -0.005005 0.072174
vn -0.988390 0.118956 0.094527
vn -0.991444 -0.114411 0.062839
vn -0.926524 0.019955 0.375707
vn -0.899187 -0.135468 0.416066
vn -0.863492 -0.359199 0.354060
vn -0.178453 -0.425285 0.887292
vn 0.920210 -0.384823 -0.071581
vn 0.917648 -0.397295 0.008913
vn 0.957214 -0.289368 -0.002573
vn 0.886689 -0.322079 -0.331734
vn 0.250617 -0.403028 -0.880204
vn 0.928984 -0.087228 -0.359695
vn 0.282771 -0.125010 -0.951006
vn 0.045912 -0.135294 -0.989741
vn 0.928586 -0.371118 0.000000
vn 0.928724 -0.370767 -0.001770
vn 0.993851 -0.110728 -0.000265
vn 0.942858 -0.333195 0.000911
vn 0.993271 -0.115808 -0.000524
vn 0.994402 -0.105523 0.005379
vn 0.999024 0.044180 -0.000102
vn 0.905241 -0.282556 0.317334
vn 0.999997 0.001384 -0.002222
vn 0.992595 -0.103744 0.063186
vn 0.923053 -0.114203 0.367329
vn 0.249320 -0.394641 0.884363
vn 0.997196 0.011027 0.074013
vn 0.893781 0.014261 0.448276
vn 0.999986 -0.000192 0.005389
vn 0.987208 0.143228 0.070038
vn 0.924248 0.095990 0.369528
vn 0.864813 0.373880 0.335130
vn 0.914895 0.391310 0.099220
vn 0.993817 0.110857 0.006185
vn 0.934507 0.355893 0.006166
vn 0.994239 0.107186 0.000856
vn 0.940050 0.341037 0.000424
vn 0.895710 0.444636 0.001513
vn 0.993769 0.111461 -0.000881
vn 0.927782 0.373096 -0.004555
vn 0.993299 0.115572 0.000273
vn 0.898844 0.438245 -0.004661
vn 1.000000 0.000043 0.000320
vn 0.994050 0.108750 -0.006120
vn 0.911992 0.394355 -0.112940
vn 0.993929 -0.109946 -0.004103
vn 1.000000 0.000369 0.000402
vn 0.994483 -0.104682 0.006802
vn 0.987289 0.143590 -0.068133
vn 0.851742 0.359143 -0.381512
vn 0.910101 0.141161 -0.389601
vn 0.996207 -0.000747 -0.087014
vn 0.876999 -0.031088 -0.479485
vn 0.989823 -0.114408 -0.084625
vn 0.287962 0.957426 -0.020336
vn 0.296928 0.946014 -0.129963
vn 0.372655 0.927957 -0.005026
vn 0.404936 0.914337 -0.003879
vn 0.369458 0.929242 0.003123
vn 0.393790 0.919059 0.016160
vn 0.323136 0.937284 0.130700
vn 0.251506 0.865424 0.433343
vn 0.234551 0.393329 0.888976
vn 0.034599 0.459723 0.887388
vn 0.043263 0.889468 0.454945
vn 0.004624 0.876820 0.480797
vn 0.300809 0.135000 0.944081
vn 0.286498 0.000035 0.958081
vn 0.033797 0.999428 -0.001332
vn 0.061919 0.998042 -0.008813
vn 0.059749 0.998212 0.001597
vn 0.000340 0.999989 -0.004658
vn 0.033487 0.999366 -0.012114
vn 0.059384 0.998094 0.016810
vn -0.000056 0.999989 -0.004637
vn 0.001539 0.999997 0.001827
vn 0.057186 0.991546 0.116475
vn -0.000240 0.999866 0.016377
vn -0.000001 0.988901 0.148579
vn 0.004855 0.506754 0.862077
vn -0.046667 0.892482 0.448663
vn -0.054702 0.991231 0.120288
vn -0.254940 0.957029 0.138205
vn -0.187129 0.877810 0.440944
vn -0.030601 0.999368 0.018092
vn -0.291545 0.956422 0.016056
vn -0.284631 0.958622 -0.005344
vn -0.031961 0.999484 0.003335
vn -0.402432 0.915449 -0.001104
vn -0.033877 0.999402 -0.006969
vn -0.315279 0.948994 0.003089
vn -0.029022 0.999578 -0.001144
vn -0.005736 0.999876 -0.014682
vn -0.310214 0.950646 -0.006354
vn -0.249968 0.958971 -0.133756
vn 0.017250 0.999744 -0.014631
vn -0.026329 0.993130 -0.114017
vn -0.236913 0.863232 -0.445760
vn -0.021031 0.864522 -0.502155
vn 0.066213 0.989348 -0.129640
vn 0.006272 0.992376 -0.123090
vn 0.023110 0.876895 -0.480126
vn 0.051210 0.865158 -0.498879
vn 0.236887 0.849079 -0.472175
vn 0.062369 0.512990 -0.856126
vn -0.001145 0.449670 -0.893194
vn -0.004186 0.453389 -0.891303
vn -0.215704 0.397213 -0.892017
vn -0.022101 0.176831 -0.983993
vn -0.281409 0.134539 -0.950110
vn 0.004688 0.123425 -0.992343
vn 0.043305 0.115116 -0.992408
vn -0.030138 0.000010 -0.999546
vn -0.264000 -0.003211 -0.964517
vn 0.013687 0.006493 -0.999885
vn 0.049867 0.009519 -0.998711
vn -0.035607 -0.171289 -0.984577
vn -0.307687 -0.153029 -0.939101
vn 0.005071 -0.130632 -0.991418
vn 0.234616 -0.008847 -0.972048
vn 0.281652 0.150270 -0.947677
vn 0.236146 0.445644 -0.863502
vn -0.920522 0.101083 -0.377389
vn -0.870289 0.349498 -0.347057
vn -0.923544 0.374247 -0.083699
vn -0.949064 0.314849 0.012193
vn -0.928325 0.371352 0.017634
vn -0.928482 0.371374 -0.001771
vn -0.939353 0.342532 -0.016976
vn -0.944239 0.329063 -0.011437
vn -0.928297 0.361092 0.088754
vn -0.853147 0.350704 0.386195
vn -0.915000 0.105985 0.389285
vn -0.178562 0.382224 0.906653
vn -0.239845 0.141266 0.960478
vn -0.263199 0.000599 0.964742
vn -0.230291 -0.133089 0.963978
vn -0.040890 0.452348 0.890904
vn -0.052133 0.178423 0.982572
vn 0.010056 0.124017 0.992229
vn -0.041056 -0.007372 0.999130
vn 0.041339 0.157731 0.986616
vn 0.000295 -0.000106 1.000000
vn 0.041093 0.008671 0.999118
vn -0.040790 -0.160460 0.986199
vn -0.009252 -0.130755 0.991372
vn 0.053230 -0.178996 0.982409
vn 0.040890 -0.452347 0.890904
vn 0.291771 -0.126222 0.948123
vn 0.244875 -0.852168 0.462434
vn 0.023424 -0.897805 0.439770
vn 0.286331 -0.953418 0.094912
vn 0.913803 -0.397971 0.081137
vn 0.029460 -0.444165 0.895461
vn 0.005980 -0.447677 0.894176
vn 0.024119 -0.996844 0.075635
vn 0.030182 -0.999346 -0.019911
vn 0.353310 -0.935027 -0.029931
vn -0.018596 -0.996753 0.078337
vn 0.512193 -0.858871 -0.000059
vn -0.012672 -0.893863 0.448162
vn -0.014611 -0.999810 -0.012894
vn 0.079938 -0.996795 -0.003052
vn 0.373838 -0.927465 0.007352
vn -0.001894 -0.999962 -0.008532
vn 0.028930 -0.999574 0.003967
vn 0.288623 -0.957439 0.002912
vn 0.025248 -0.999681 0.000754
vn 0.341234 -0.939966 0.004817
vn 0.026838 -0.999606 0.008218
vn 0.237434 -0.964327 -0.117040
vn -0.012442 -0.999873 0.009927
vn 0.040313 -0.996078 -0.078764
vn 0.206108 -0.874879 -0.438299
vn 0.046284 -0.896321 -0.440984
vn -0.003928 -0.996888 -0.078732
vn -0.010991 -0.892360 -0.451191
vn -0.001481 -0.999995 0.002877
vn -0.049071 -0.995652 -0.079176
vn -0.016549 -0.999851 0.004844
vn -0.052422 -0.998596 0.007617
vn -0.053786 -0.998541 0.004702
vn -0.055582 -0.998448 0.003446
vn -0.287336 -0.957816 0.005160
vn -0.275705 -0.961188 0.010235
vn -0.287334 -0.957831 0.000000
vn -0.290292 -0.951036 -0.106118
vn -0.286996 -0.957913 -0.005992
vn -0.206619 -0.871139 -0.445449
vn -0.049405 -0.998686 -0.013653
vn 0.000000 -1.000000 0.000000
vn 0.000000 -1.000000 0.000000
vn 0.000000 -1.000000 0.000000
vn -0.342016 -0.939662 -0.007754
vn -0.052784 -0.998578 -0.007400
vn -0.315632 -0.944054 0.095592
vn -0.047839 -0.995552 0.081164
vn -0.180987 -0.891318 0.415688
vn -0.043389 -0.898549 0.436722
vn -0.047901 -0.464136 0.884468
vn -0.049861 -0.894362 -0.444556
vn -0.052240 -0.484952 -0.872979
vn 0.000003 -0.522108 -0.852879
vn 0.037608 -0.444703 -0.894888
vn 0.941073 -0.338021 -0.011156
vn 0.930028 -0.367481 -0.002321
vn 0.893243 -0.449516 0.007282
vn 0.874257 -0.485420 0.006544
vn 0.930844 -0.365394 -0.003984
vn 0.204016 -0.427376 0.880754
vn 0.868138 -0.322804 0.377006
vn 0.886539 -0.093929 0.453019
vn 0.034771 -0.130380 0.990854
vn 0.198738 -0.127174 0.971766
vn 0.878878 0.006023 0.477008
vn 0.257435 -0.017546 0.966136
vn 0.892045 0.079300 0.444936
vn 0.220829 0.140708 0.965109
vn 0.046404 -0.007273 0.998896
vn 0.005146 -0.179804 0.983689
vn 0.033515 0.130095 0.990935
vn 0.180455 0.492672 0.851299
vn 0.054524 0.478634 0.876320
vn 0.000532 -0.001239 0.999999
vn 0.004391 0.173792 0.984773
vn -0.005933 0.452130 0.891932
vn -0.013808 0.502754 0.864319
vn -0.034181 -0.133738 0.990427
vn -0.166575 -0.414787 0.894542
vn -0.231223 -0.148182 0.961550
vn -0.036367 -0.035720 0.998700
vn -0.218733 -0.008245 0.975750
vn -0.027448 0.130259 0.991100
vn -0.198584 0.402555 0.893596
vn -0.263216 0.148899 0.953177
vn -0.875415 -0.483332 -0.006226
vn -0.899053 -0.437831 -0.002652
vn -0.894771 -0.446525 0.000000
vn -0.986609 -0.163076 -0.002904
vn -0.875234 -0.483638 0.007781
vn -0.986428 -0.164193 -0.000000
vn -0.916644 -0.392875 0.073566
vn -0.850234 -0.414536 0.324442
vn -0.993687 -0.112151 -0.003044
vn -0.983430 -0.162328 0.080711
vn -0.922222 -0.099325 0.373685
vn -0.877033 -0.031085 0.479424
vn -0.996006 0.000441 0.089282
vn -1.000000 0.000285 -0.000371
vn -0.992133 0.104387 0.069099
vn -0.994371 0.105908 0.002998
vn -0.999996 -0.001527 -0.002494
vn -0.999995 0.001801 -0.002772
vn -0.992986 -0.118196 0.002894
vn -0.999996 0.001290 0.002656
vn -0.906712 -0.421744 0.002295
vn -0.994188 -0.107655 -0.001178
vn -0.922865 -0.377175 -0.077835
vn -0.830498 -0.446679 -0.332795
vn -0.985290 -0.162885 -0.051686
vn -0.893524 -0.120885 -0.432436
vn -0.996967 0.007910 -0.077425
vn -0.999997 0.000305 0.002512
vn -0.993472 0.114066 -0.001598
vn -0.987163 0.143793 -0.069513
vn -0.993248 0.115942 0.004008
vn -0.985065 0.172151 -0.003400
vn -0.181513 -0.403284 -0.896892
vn -0.213516 -0.139585 -0.966916
vn -0.884537 0.013454 -0.466276
vn -0.260519 -0.012047 -0.965394
vn -0.910179 0.101240 -0.401653
vn -0.207622 0.138959 -0.968289
vn -0.177695 0.397967 -0.900026
vn -0.841399 0.410953 -0.350950
vn -0.209629 0.867049 -0.451975
vn -0.053165 -0.135522 -0.989347
vn 0.008545 -0.121259 -0.992584
vn -0.037560 0.008328 -0.999260
vn -0.042194 0.118734 -0.992029
vn -0.051047 0.454546 -0.889259
vn -0.000069 0.000016 -1.000000
vn -0.003737 0.122072 -0.992514
vn 0.021350 -0.128937 -0.991423
vn 0.190974 -0.410274 -0.891742
vn 0.220451 -0.148324 -0.964055
vn 0.030064 -0.001043 -0.999548
vn 0.011960 0.448917 -0.893493
vn 0.004581 0.894202 -0.447640
vn 0.014054 0.897879 -0.440018
vn 0.033478 0.128557 -0.991137
vn 0.022544 0.478984 -0.877534
vn 0.199839 0.011108 -0.979766
vn 0.891377 -0.101471 -0.441758
vn 0.869000 -0.012113 -0.494663
vn 0.189197 0.137398 -0.972279
vn 0.894786 0.107576 -0.433343
vn 0.206629 0.386055 -0.899036
vn 0.207479 0.855149 -0.475051
vn 0.857223 0.359422 -0.368762
vn 0.890020 -0.447672 -0.086337
vn 0.870023 -0.326108 -0.369748
vn 0.993113 -0.117060 0.004884
vn 0.993292 -0.115525 0.005023
vn 0.993154 -0.116659 -0.006060
vn 0.991611 -0.129196 -0.003904
vn 0.991305 -0.110485 -0.071471
vn 0.993561 -0.010599 -0.112801
vn 0.999997 -0.000857 -0.002072
vn 0.988241 0.127702 -0.084100
vn 0.902212 0.424699 -0.075135
vn 0.994021 0.109187 0.000282
vn 0.930803 0.365422 -0.008520
vn 0.999995 0.001690 0.002758
vn 0.993354 0.115085 0.001857
vn 0.894062 0.447933 0.003026
vn 0.999997 -0.001220 0.002292
vn 0.993235 0.116123 -0.000554
vn 0.894707 0.446649 -0.002137
vn 0.998578 -0.053233 -0.002761
vn 0.993236 0.116094 -0.001893
vn 0.873732 0.486390 -0.004181
vn 0.931799 0.362902 0.007335
vn 0.993369 0.114970 -0.000370
vn 0.895441 0.434583 0.096557
vn 0.993684 -0.111997 -0.006934
vn 0.999987 -0.000300 -0.005044
vn 0.988992 0.117597 0.089812
vn 0.861175 0.343061 0.375082
vn 0.991541 0.002551 0.129772
vn 0.988604 -0.126999 0.080832
vn 0.277411 0.956288 -0.092496
vn 0.034519 0.995233 -0.091209
vn -0.001001 0.992704 -0.120572
vn 0.052950 0.998596 -0.001240
vn 0.267380 0.963587 -0.003013
vn 0.000234 0.999988 -0.005006
vn 0.027660 0.999601 -0.005666
vn 0.287823 0.957663 -0.006321
vn -0.041832 0.910213 -0.412022
vn -0.037245 0.995677 -0.085092
vn -0.304781 0.946076 -0.109766
vn -0.051792 0.998655 -0.002226
vn -0.277367 0.960759 -0.003202
vn -0.288116 0.957583 -0.004945
vn -0.000156 0.999989 -0.004744
vn -0.027144 0.999620 -0.004872
vn 0.053508 0.998560 -0.003859
vn -0.000029 0.999989 -0.004743
vn 0.369743 0.929134 -0.000880
vn -0.027016 0.999624 -0.004806
vn -0.285657 0.958321 -0.004621
vn 0.001576 0.999995 0.002857
vn -0.026320 0.999654 0.000000
vn -0.286611 0.958043 -0.002756
vn -0.005354 0.999962 0.006845
vn -0.265495 0.964081 0.007695
vn -0.271799 0.956751 0.103693
vn 0.055265 0.998466 0.003326
vn 0.006260 0.999930 0.010032
vn -0.023198 0.996670 0.078171
vn -0.013894 0.867733 0.496837
vn -0.192872 0.849528 0.491022
vn 0.018862 0.996688 0.079107
vn 0.006120 0.858847 0.512196
vn 0.056118 0.896214 0.440058
vn 0.034893 0.993206 0.111012
vn 0.174001 0.893863 0.413198
vn 0.210540 0.968277 0.134580
vn 0.083844 0.996165 0.024998
vn 0.000000 1.000000 0.000000
vn 0.000000 1.000000 0.000000
vn 0.000000 1.000000 0.000000
vn 0.341949 0.939687 0.007685
vn 0.262571 0.964912 -0.001255
vn -0.914863 0.391014 -0.100671
vn -0.889697 0.456551 0.000490
vn -0.894405 0.447257 0.001060
vn -0.894410 0.447242 -0.002146
vn -0.927981 0.372584 -0.005765
vn -0.929662 0.368401 -0.002889
vn -0.984882 0.173170 -0.004534
vn -0.913920 0.391565 0.106898
vn -0.843472 0.338230 0.417320
vn -0.910123 0.141161 0.389551
vn 0.622797 -0.770631 0.135101
vn 0.926118 -0.336326 0.170849
vn 0.896543 -0.328308 0.297361
vn 0.950826 -0.301639 0.070315
vn 0.627889 -0.778303 0.000000
vn 0.629028 -0.777383 0.000000
vn 0.975474 0.011294 0.219824
vn 0.948668 -0.316275 0.000000
vn 0.733169 -0.124435 0.668566
vn 0.705858 -0.619570 0.343362
vn 0.772696 -0.005934 0.634748
vn 0.894381 0.000000 0.447306
vn 0.874779 0.381466 0.298738
vn 0.737841 0.156466 0.656589
vn 0.887682 0.398380 0.230900
vn 0.582223 0.795684 0.167041
vn 1.000000 0.000000 0.000000
vn 0.930704 0.354299 0.090898
vn 0.928444 0.371472 0.000000
vn 1.000000 0.000000 0.000000
vn 1.000000 0.000000 0.000000
vn 0.928445 0.371470 0.000000
vn 0.925996 0.377533 0.000000
vn 0.948668 -0.316273 0.000000
vn 0.624657 -0.780900 0.000000
vn 0.947161 -0.320758 0.000000
vn 0.629030 -0.777381 0.000000
vn 1.000000 0.000000 0.000000
vn 1.000000 0.000000 0.000000
vn 0.933568 0.347156 -0.089070
vn 0.952572 -0.296367 -0.069090
vn 0.627888 -0.778304 0.000000
vn 0.622788 -0.770637 -0.135106
vn 0.980054 0.010197 -0.198468
vn 0.926117 -0.336317 -0.170872
vn 0.891558 -0.324735 -0.315708
vn 0.887680 0.398366 -0.230929
vn 0.582213 0.795691 -0.167044
vn 0.868336 0.378318 -0.320731
vn 0.894381 0.000000 -0.447306
vn 0.772747 -0.005936 -0.634687
vn 0.705486 -0.218840 -0.674091
vn 0.699356 0.274421 -0.659996
vn 0.686921 0.637899 -0.348172
vn 0.732392 -0.613516 0.295296
vn 0.382424 -0.877712 0.288745
vn -0.010381 -0.999946 0.000000
vn 0.098814 -0.994393 0.037670
vn -0.029520 -0.999564 0.000000
vn -0.373457 -0.910902 -0.175463
vn 0.050047 -0.995304 0.082856
vn 0.204413 -0.729674 0.652527
vn 0.000000 -0.859606 0.510958
vn 0.000000 -1.000000 -0.000003
vn -0.010354 -0.999927 -0.006269
vn 0.000000 -0.859150 0.511724
vn -0.095940 -0.825581 -0.556068
vn 0.081591 -0.781707 -0.618286
vn -0.587448 -0.809262 0.000000
vn -0.609438 -0.792834 0.000000
vn 0.081243 -0.996298 0.028116
vn 0.000000 -0.857492 0.514497
vn 0.072138 -0.745592 -0.662486
vn 0.077934 -0.787108 0.611872
vn 0.106379 -0.981473 0.159357
vn -0.955018 -0.260835 -0.141092
vn -0.308531 -0.948158 0.076188
vn -0.857619 -0.411617 0.308322
vn 0.000000 -1.000000 0.000000
vn -0.029522 -0.999564 0.000000
vn -0.587448 -0.809262 0.000000
vn -0.357894 -0.916687 0.177755
vn -0.010377 -0.999946 0.000000
vn 0.098801 -0.994394 -0.037670
vn 0.385500 -0.857169 -0.341542
vn 0.050057 -0.995304 -0.082854
vn 0.239502 -0.678076 -0.694876
vn 0.024960 -0.818100 -0.574534
vn 0.000000 -1.000000 0.000003
vn -0.010355 -0.999927 0.006269
vn 0.000000 -0.859172 -0.511687
vn -0.079502 -0.871543 0.483831
vn -0.163568 -0.394219 0.904343
vn 0.044072 -0.803959 0.593049
vn 0.105900 -0.994372 0.003230
vn 0.077238 -0.785739 -0.613717
vn 0.102067 -0.793564 -0.599865
vn 0.108502 -0.994096 -0.000021
vn 0.072109 -0.745542 0.662546
vn -0.944669 -0.293368 0.146753
vn -0.369587 -0.929196 0.000000
vn -0.871973 -0.382275 -0.305826
vn 0.127071 -0.345434 0.929800
vn 0.187701 -0.584869 0.789111
vn 0.274139 -0.375055 0.885540
vn 0.347613 -0.233190 0.908178
vn 0.384480 -0.490406 0.782098
vn 0.584710 -0.081485 0.807140
vn 0.617269 0.007282 0.786719
vn 0.586102 0.110877 0.802615
vn 0.384480 0.490407 0.782097
vn 0.264955 0.261541 0.928114
vn 0.447212 0.000000 0.894428
vn 0.187701 0.584869 0.789111
vn 0.222484 -0.011170 0.974872
vn 0.206548 0.319619 0.924760
vn 0.168364 0.726149 0.666604
vn 0.101214 0.295795 0.949874
vn 0.000000 0.000000 1.000000
vn 0.000000 0.000000 1.000000
vn 0.000000 0.326261 0.945280
vn 0.000000 -0.387286 0.921960
vn 0.000000 0.000000 1.000000
vn 0.000000 0.316204 0.948691
vn 0.000000 -0.371390 0.928477
vn 0.000000 0.000000 1.000000
vn 0.000000 0.316204 0.948691
vn -0.396631 0.286343 0.872176
vn -0.959315 -0.081962 0.270179
vn 0.000000 -0.371391 0.928477
vn -0.335319 -0.317584 0.886962
vn 0.705856 0.619569 0.343366
vn 0.382426 0.877711 0.288747
vn 0.732391 0.613517 0.295298
vn 0.517528 0.855666 0.000000
vn 0.518155 0.855287 0.000000
vn 0.514459 0.857515 0.000000
vn 0.518158 0.855285 0.000000
vn 0.517528 0.855666 0.000000
vn -0.010381 0.999946 0.000000
vn 0.098815 0.994393 0.037669
vn -0.029520 0.999564 0.000000
vn -0.373459 0.910901 -0.175463
vn 0.050047 0.995304 0.082856
vn 0.000000 0.782789 0.622287
vn 0.000000 1.000000 -0.000003
vn -0.598174 0.801338 -0.006799
vn -0.717444 0.696616 0.000000
vn -0.009370 0.999744 -0.020574
vn -0.085570 0.826922 -0.555768
vn 0.000000 0.783789 0.621027
vn -0.014162 0.737122 -0.675611
vn 0.000000 0.789039 0.614344
vn 0.000000 1.000000 0.000000
vn -0.029522 0.999564 0.000000
vn -0.598174 0.801337 0.006798
vn 0.000000 1.000000 0.000000
vn 0.000000 0.780868 0.624696
vn 0.000000 0.707151 -0.707063
vn -0.357896 0.916686 0.177756
vn 0.000000 1.000000 0.000000
vn -0.969527 0.154785 -0.189895
vn -0.303110 0.952955 0.000000
vn -0.868619 0.330652 0.369013
vn -0.010377 0.999946 0.000000
vn 0.098803 0.994394 -0.037669
vn 0.385502 0.857168 -0.341543
vn 0.050058 0.995304 -0.082854
vn 0.213948 0.670347 -0.710536
vn 0.031598 0.731862 -0.680720
vn 0.000000 1.000000 0.000003
vn -0.009371 0.999744 0.020575
vn 0.000000 0.783821 -0.620987
vn -0.034065 0.736777 -0.675277
vn -0.070681 0.871836 0.484670
vn -0.164056 0.369278 0.914724
vn -0.052467 0.752247 0.656788
vn 0.000000 1.000000 0.000000
vn 0.031371 0.767762 -0.639967
vn 0.035267 0.723833 0.689073
vn 0.000000 1.000000 0.000000
vn -0.959468 0.212161 0.185494
vn -0.303111 0.952955 -0.000000
vn -0.868604 0.330698 -0.369008
vn -0.927634 -0.373490 0.000000
vn -0.918186 -0.394807 -0.032606
vn -0.701998 -0.608308 -0.370352
vn -0.927254 -0.011108 -0.374269
vn -0.998359 -0.000359 -0.057273
vn -1.000000 0.000089 0.000000
vn -0.918186 -0.394805 0.032605
vn -0.998359 -0.000359 0.057272
vn -0.665164 -0.610731 0.429611
vn -0.918016 -0.011678 0.396372
vn 0.729188 -0.588755 -0.348787
vn 0.686922 -0.637901 -0.348167
vn 0.363459 -0.585573 -0.724570
vn 0.576950 -0.247943 -0.778237
vn 0.614345 0.007146 -0.789005
vn 0.305414 -0.427039 -0.851094
vn 0.357826 -0.456757 -0.814453
vn 0.147162 -0.428083 -0.891677
vn 0.121919 -0.008823 -0.992501
vn 0.211368 -0.270426 -0.939251
vn 0.447213 0.000000 -0.894427
vn 0.268952 0.373986 -0.887581
vn 0.570458 0.314025 -0.758924
vn 0.363459 0.585573 -0.724570
vn 0.357826 0.456757 -0.814453
vn 0.060810 0.361590 -0.930352
vn 0.185314 0.236426 -0.953814
vn 0.000000 -0.000000 -1.000000
vn 0.048907 0.283409 -0.957751
vn 0.066721 0.000002 -0.997772
vn -0.037672 0.031507 -0.998793
vn 0.054837 -0.350514 -0.934951
vn 0.729188 0.588755 -0.348787
vn -0.064554 0.322107 -0.944500
vn 0.102497 0.309012 -0.945519
vn -0.396629 0.286344 -0.872177
vn 0.035735 0.033844 -0.998788
vn -0.959315 -0.081962 -0.270179
vn 0.080244 -0.338234 -0.937635
vn -0.001676 -0.397241 -0.917713
vn -0.359746 -0.295056 -0.885170
vn -0.706619 0.545484 0.450707
vn -0.110390 0.263632 0.958286
vn -0.312810 0.000005 0.949816
vn -0.041518 -0.342573 0.938574
vn 0.072704 0.288445 0.954732
vn -0.186502 0.251778 0.949645
vn -0.901236 -0.042452 0.431244
vn 0.035034 0.048308 0.998218
vn -0.153118 -0.344288 0.926294
vn 0.000000 0.000000 1.000000
vn 0.083890 -0.349327 0.933238
vn -0.934515 0.352491 0.049315
vn -0.947150 0.320790 0.000000
vn -0.934514 0.352493 -0.049315
vn -0.744405 0.542349 -0.389511
vn -0.129423 -0.424632 -0.896068
vn -0.239799 -0.000793 -0.970822
vn -0.157643 0.366997 -0.916767
vn 0.017846 -0.355860 -0.934369
vn 0.000000 -0.000000 -1.000000
vn -0.027024 0.302983 -0.952613
vn 0.000000 0.010980 -0.999940
vn 0.000000 0.316203 -0.948692
vn -0.000032 0.316204 -0.948691
vn -0.903153 -0.054308 -0.425871
vn 0.000000 -0.316227 -0.948684
vn 0.000000 -0.316228 -0.948683
vn 0.083651 -0.874482 0.477790
vn 0.715214 -0.297683 0.632340
vn 0.150162 -0.365286 0.918704
vn 0.437214 -0.827040 0.353340
vn 0.216112 -0.041537 0.975485
vn 0.746831 -0.045609 0.663448
vn 0.748747 0.010456 0.662774
vn 0.007539 -0.340071 0.940370
vn 0.041062 -0.889382 0.455317
vn -0.103431 -0.874579 0.473723
vn -0.176098 -0.323274 0.929776
vn 0.000000 -0.031878 0.999492
vn -0.209366 -0.040107 0.977015
vn -0.001320 0.000082 0.999999
vn -0.171625 0.010998 0.985101
vn 0.168292 0.003836 0.985730
vn 0.808157 0.071989 0.584550
vn 0.003511 0.066485 0.997781
vn 0.233846 0.069515 0.969785
vn -0.207829 0.060511 0.976292
vn 0.177430 0.089418 0.980063
vn 0.786560 0.087625 0.611265
vn 0.742495 0.023040 0.669455
vn -0.001106 0.084809 0.996397
vn -0.182956 0.071367 0.980527
vn 0.172247 0.030163 0.984592
vn -0.001218 0.023015 0.999734
vn -0.171755 0.016529 0.985001
vn 0.005680 -0.007060 0.999959
vn -0.169943 -0.015874 0.985326
vn -0.171046 0.009578 0.985216
vn 0.169891 -0.000981 0.985462
vn 0.743826 -0.003089 0.668366
vn 0.046377 0.022397 0.998673
vn -0.121028 0.065556 0.990482
vn 0.165246 0.025701 0.985917
vn 0.737850 0.008217 0.674915
vn 0.076444 0.077054 0.994092
vn -0.092129 0.472600 0.876448
vn 0.021418 0.539013 0.842025
vn 0.209289 0.075472 0.974937
vn 0.154610 0.569805 0.807105
vn 0.763278 0.061175 0.643167
vn 0.642027 0.414904 0.644714
vn -0.003833 -0.995498 0.094701
vn 0.119633 -0.986921 0.108046
vn 0.519268 -0.853197 0.049155
vn -0.061957 -0.996543 0.055341
vn -0.534139 -0.752161 0.385939
vn -0.521432 -0.847217 0.101645
vn -0.490334 -0.871302 -0.020138
vn -0.112274 -0.993669 0.004070
vn -0.518838 -0.849492 -0.095765
vn -0.000587 -1.000000 -0.000376
vn 0.152694 -0.988220 -0.010260
vn 0.541168 -0.840903 -0.004370
vn -0.125785 -0.985473 -0.114111
vn -0.493323 -0.754138 -0.433484
vn -0.100863 -0.877750 -0.468382
vn 0.010540 -0.990645 -0.136055
vn -0.005382 -0.887803 -0.460192
vn 0.121167 -0.987044 -0.105183
vn 0.562771 -0.817997 -0.119034
vn 0.105549 -0.869045 -0.483343
vn -0.700998 -0.253599 0.666550
vn -0.717262 -0.053982 0.694709
vn -0.932367 -0.322308 0.163738
vn -0.981741 -0.016216 0.189532
vn -0.738851 0.043199 0.672483
vn -0.988305 0.035001 0.148418
vn -0.736980 0.033595 0.675079
vn -0.982801 0.005846 0.184574
vn -0.784060 0.020756 0.620337
vn -0.989276 -0.013555 0.145430
vn -0.714427 -0.019811 0.699429
vn -0.987564 -0.042496 0.151363
vn -0.747197 -0.010856 0.664514
vn -0.989231 -0.015781 0.145510
vn -0.749013 0.012192 0.662443
vn -0.988585 0.015043 0.149913
vn -0.788809 0.055923 0.612089
vn -0.988639 0.058096 0.138631
vn -0.941341 -0.337456 -0.000000
vn -1.000000 0.000996 0.000000
vn -0.946857 -0.293266 -0.132124
vn -0.986041 -0.021122 -0.165158
vn -0.717403 -0.273790 -0.640602
vn -0.999453 0.017162 0.028266
vn -0.987728 0.013125 -0.155631
vn -0.999953 0.007431 0.006295
vn -0.999135 -0.028584 0.030191
vn -0.989877 0.003174 -0.141894
vn -0.988210 -0.039532 -0.147913
vn -0.998389 -0.043650 0.036240
vn -0.987216 -0.038226 -0.154734
vn -0.999921 -0.011461 0.005175
vn -0.988290 -0.005931 -0.152472
vn -0.989913 0.010973 -0.141253
vn -0.999897 0.014365 0.000652
vn 0.987779 -0.053252 0.146481
vn 0.989721 0.003812 0.142958
vn 0.936137 -0.340323 0.088476
vn 0.999835 -0.017196 -0.005938
vn 0.988378 0.054128 0.142052
vn 0.997442 -0.061756 -0.036004
vn 0.957666 -0.285525 -0.036770
vn 0.948999 -0.283914 -0.137093
vn 0.987817 -0.068852 -0.139562
vn 0.727874 -0.296028 -0.618519
vn 0.740214 -0.085056 -0.666969
vn 0.989331 -0.027129 -0.143134
vn 0.749931 -0.018741 -0.661251
vn 0.998945 0.045914 -0.000001
vn 0.988386 0.041728 -0.146122
vn 0.752129 0.019375 -0.658731
vn 0.986980 0.055961 0.150792
vn 0.998429 0.055737 -0.005703
vn 0.988784 0.027881 0.146727
vn 0.986956 0.057677 -0.150304
vn 0.753945 0.021286 -0.656593
vn 0.999049 0.029293 -0.032308
vn 0.989844 -0.009414 0.141846
vn 0.989190 0.017110 -0.145635
vn 0.777589 0.004643 -0.628756
vn 0.987965 -0.016753 -0.153768
vn 0.749789 -0.016084 -0.661482
vn 0.999813 -0.019319 0.000853
vn 0.702935 -0.023978 -0.710850
vn 0.989524 -0.008797 0.144099
vn 0.999973 -0.005941 -0.004294
vn 0.992970 0.049675 0.107438
vn 0.838496 0.525903 0.142657
vn 0.998759 0.049684 -0.003531
vn 0.864598 0.502141 0.018002
vn 0.982645 -0.013202 -0.185026
vn 0.986079 0.027076 -0.164058
vn 0.843155 0.531490 -0.081290
vn 0.585764 -0.000994 -0.810481
vn 0.606745 0.385035 -0.695420
vn 0.512117 -0.753356 -0.412543
vn 0.172311 -0.364669 -0.915055
vn 0.000023 -0.360599 -0.932721
vn -0.158501 -0.363209 -0.918127
vn 0.213668 -0.022578 -0.976645
vn 0.224124 -0.011767 -0.974490
vn 0.162721 -0.068103 -0.984319
vn 0.001274 -0.024602 -0.999696
vn -0.001641 -0.062847 -0.998022
vn -0.181341 -0.057224 -0.981754
vn -0.219772 -0.020838 -0.975329
vn -0.212776 -0.023592 -0.976816
vn 0.002394 -0.022569 -0.999742
vn 0.210867 -0.014173 -0.977412
vn -0.002278 -0.020336 -0.999791
vn -0.234569 -0.030576 -0.971618
vn 0.002055 -0.022614 -0.999742
vn -0.178717 -0.024575 -0.983594
vn -0.225915 -0.026119 -0.973797
vn 0.180087 -0.014075 -0.983550
vn -0.001232 -0.017600 -0.999844
vn -0.164048 0.003710 -0.986445
vn 0.212208 -0.019906 -0.977022
vn -0.000273 0.000394 -1.000000
vn -0.167246 0.036734 -0.985231
vn 0.168501 -0.006219 -0.985682
vn -0.038531 0.026857 -0.998896
vn -0.184949 0.547079 -0.816393
vn -0.065452 0.531587 -0.844471
vn 0.109324 0.018783 -0.993829
vn 0.095353 0.525998 -0.845123
vn 0.253958 0.966270 0.042746
vn 0.184290 0.971143 -0.151390
vn -0.038967 0.983043 -0.179188
vn -0.286159 0.944998 -0.158401
vn -0.027631 0.998575 0.045659
vn -0.299233 0.952384 0.058512
vn 0.219993 0.940363 0.259462
vn -0.188754 0.931858 0.309860
vn -0.025066 0.952920 0.302183
vn -0.392514 0.841083 0.372171
vn -0.700578 0.285500 0.653972
vn -0.752753 -0.025591 -0.657806
vn -0.746927 -0.040118 -0.663695
vn -0.749911 -0.032581 -0.660735
vn -0.793172 -0.029787 -0.608269
vn -0.748871 0.001519 -0.662714
vn -0.746829 0.007302 -0.664976
vn -0.988954 0.039657 -0.142820
vn -0.720173 0.021710 -0.693455
vn -0.680941 0.387411 -0.621476
vn -0.734439 -0.028743 -0.678065
vn -0.883519 0.460590 -0.085156
vn -0.940771 0.332671 0.065424
vn -0.885265 0.464630 0.020609
vn -0.998508 0.054600 -0.000542
vn -0.952884 0.127014 0.275463
vn 0.998748 0.030018 0.040018
vn 0.018838 -0.018842 0.999645
vn 0.999267 -0.002181 0.038210
vn 0.013822 0.010652 0.999848
vn 0.024461 0.373803 0.927186
vn -0.042222 0.350953 0.935441
vn -0.007311 0.014622 0.999866
vn -0.020856 -0.018252 0.999616
vn -0.999758 -0.013850 0.017120
vn -0.999079 -0.042534 0.005685
vn 0.063801 -0.369671 0.926970
vn -0.024461 -0.373802 0.927186
vn -0.037941 -0.999219 0.011007
vn 0.036784 -0.999256 0.011556
vn 0.815558 -0.578370 0.018807
vn 0.998820 0.044112 0.020305
vn 0.801762 0.597530 0.011658
vn 0.709480 0.704554 0.015540
vn 0.996290 0.085273 0.011622
vn 0.998892 -0.042949 0.019222
vn 0.705250 -0.708950 0.003473
vn 0.996313 -0.085457 0.007588
vn 0.996470 0.083902 -0.002983
vn 0.707471 -0.706665 -0.010466
vn 0.996998 -0.077282 -0.004666
vn 0.707424 -0.706780 -0.003678
vn 0.818503 -0.574397 -0.011029
vn 0.999629 -0.001187 -0.027198
vn 0.999270 0.023808 -0.029877
vn 0.794980 0.606540 -0.010757
vn -0.003620 -0.000641 -0.999993
vn 0.041517 0.999138 0.000721
vn -0.044306 0.999018 -0.000074
vn 0.103518 0.994605 0.006772
vn 0.707303 0.706516 0.023611
vn 0.056108 0.998104 0.025290
vn -0.110617 0.993861 0.002132
vn -0.644201 0.764688 -0.016020
vn -0.052572 0.998300 0.025178
vn 0.600805 0.799266 0.014410
vn -0.799256 0.600847 -0.013176
vn -0.705649 0.708363 0.016751
vn -0.051968 0.998530 0.015381
vn -0.599394 0.800341 0.013442
vn -0.719848 0.694094 -0.007216
vn -0.037182 0.999245 -0.011231
vn 0.054748 0.998382 0.015372
vn 0.033119 0.999388 -0.011270
vn -0.998918 0.044024 -0.015009
vn -0.999078 0.042773 -0.003792
vn -0.999103 0.042338 0.000879
vn -0.999062 0.025029 -0.035338
vn 0.026964 0.025295 -0.999316
vn -0.998843 -0.045681 -0.015037
vn -0.824735 -0.565507 -0.003890
vn -0.797254 -0.603328 -0.019566
vn -0.999038 -0.043471 -0.005853
vn -0.706249 -0.707747 -0.017538
vn -0.999231 -0.039199 -0.000404
vn -0.708515 -0.705658 -0.007312
vn -0.723329 -0.690489 -0.004544
vn -0.999251 -0.024243 -0.030171
vn 0.032577 0.015301 -0.999352
vn -0.052027 -0.998445 -0.020031
vn -0.055106 -0.998417 -0.011243
vn 0.051740 -0.998616 -0.009471
vn 0.056020 -0.998240 -0.019480
vn -0.052200 -0.998584 -0.010261
vn -0.037302 -0.999240 -0.011353
vn 0.055087 -0.998432 -0.009970
vn 0.037181 -0.999245 -0.011230
vn 0.027862 0.015854 -0.999486
vn -0.035765 -0.304998 -0.951681
vn 0.045004 0.173985 -0.983719
vn -0.045005 -0.173914 -0.983732
vn 0.058924 -0.252958 -0.965681
vn 0.007710 -0.997149 0.075067
vn 0.985173 -0.170056 0.022675
vn 0.577313 -0.577370 0.577368
vn 0.008480 -0.998584 -0.052516
vn 0.025573 -0.177998 0.983699
vn -0.009448 -0.998508 0.053790
vn 0.026571 0.177696 0.983727
vn 0.985129 0.170811 0.018561
vn 0.577311 0.577370 0.577370
vn 0.007767 0.163364 0.986535
vn 0.006908 -0.162145 0.986743
vn -0.577349 -0.577353 0.577349
vn -0.012493 -0.998682 -0.049781
vn -0.014007 -0.162004 -0.986691
vn -0.031242 -0.164437 -0.985893
vn -0.577394 -0.577395 -0.577262
vn 0.636606 -0.435048 -0.636762
vn 0.984807 -0.159843 -0.067871
vn -0.011623 0.206260 -0.978428
vn 0.993449 0.092159 -0.067571
vn 0.615420 0.362254 -0.700022
vn 0.015555 0.998954 -0.043002
vn -0.030329 0.166424 -0.985588
vn -0.006365 0.998580 -0.052892
vn -0.577391 0.577396 -0.577264
vn -0.987466 -0.156590 -0.019739
vn -0.984497 -0.159490 0.072998
vn -0.984497 0.159491 0.072998
vn -0.987467 0.156589 -0.019739
vn 0.016870 0.998552 0.051074
vn -0.003885 0.998581 0.053114
vn -0.577350 0.577352 0.577349
vn 0.987165 -0.159607 -0.005594
vn 0.477799 -0.294388 0.827673
vn 0.006370 -0.998559 0.053294
vn 0.019207 -0.084122 0.996270
vn -0.014579 -0.998520 0.052390
vn 0.005936 -0.175196 0.984516
vn -0.577263 -0.577392 0.577396
vn 0.019665 0.083565 0.996308
vn 0.006834 0.176546 0.984269
vn 0.987420 0.157984 -0.006600
vn 0.461086 0.461088 0.758154
vn -0.016676 -0.998541 -0.051350
vn 0.003661 -0.998736 -0.050122
vn 0.982432 -0.161013 -0.094347
vn 0.577313 -0.577371 -0.577367
vn -0.007601 -0.163387 -0.986533
vn -0.025997 -0.177724 -0.983737
vn -0.577308 -0.577373 -0.577370
vn -0.982263 -0.173825 0.070313
vn -0.985129 -0.170810 -0.018561
vn -0.985129 0.170811 -0.018561
vn -0.982263 0.173824 0.070313
vn -0.577262 0.577392 0.577397
vn -0.025021 0.178019 -0.983709
vn -0.577309 0.577372 -0.577371
vn -0.006514 0.162450 -0.986695
vn 0.982124 0.162199 -0.095522
vn 0.009120 0.998681 -0.050530
vn 0.577278 0.577350 -0.577423
vn -0.011391 0.998593 -0.051787
vn -0.009223 0.998595 0.052187
vn 0.011621 0.998541 0.052732
vn 0.131012 -0.363918 0.922171
vn 0.123744 -0.868184 0.480567
vn 0.698922 -0.277800 0.659041
vn 0.506866 -0.770153 0.387234
vn 0.206892 -0.044896 0.977333
vn 0.755571 -0.014529 0.654906
vn 0.017588 -0.385610 0.922494
vn 0.037155 -0.864284 0.501631
vn -0.081029 -0.872448 0.481942
vn -0.161550 -0.357894 0.919681
vn 0.746406 0.006876 0.665456
vn 0.000589 -0.049955 0.998751
vn -0.226062 -0.039066 0.973329
vn -0.033045 -0.008671 0.999416
vn -0.216017 0.000000 0.976390
vn 0.163243 -0.017532 0.986430
vn 0.781456 0.027784 0.623342
vn -0.218012 -0.027652 0.975554
vn 0.168891 -0.001397 0.985634
vn 0.743265 0.027812 0.668418
vn -0.033428 -0.015103 0.999327
vn 0.158338 -0.017846 0.987224
vn 0.783951 0.002022 0.620819
vn -0.002327 -0.041930 0.999118
vn -0.227882 -0.047597 0.972525
vn 0.226704 -0.022449 0.973705
vn 0.747220 0.017160 0.664355
vn 0.001183 -0.022541 0.999745
vn -0.222399 -0.039567 0.974153
vn 0.177646 -0.008589 0.984057
vn 0.783006 -0.002374 0.622010
vn 0.000002 -0.018202 0.999834
vn -0.167816 -0.017505 0.985663
vn 0.213686 -0.011903 0.976830
vn 0.677759 0.023821 0.734898
vn -0.004989 -0.004727 0.999976
vn -0.226724 -0.009964 0.973908
vn 0.117806 0.045494 0.991994
vn 0.667665 0.393060 0.632240
vn 0.092887 0.568270 0.817583
vn -0.043132 0.055752 0.997513
vn -0.158735 0.043423 0.986366
vn -0.017064 0.538275 0.842597
vn -0.150801 0.505484 0.849556
vn 0.044078 -0.995299 0.086235
vn 0.095800 -0.991332 0.089906
vn 0.533440 -0.836328 0.126481
vn -0.061966 -0.996609 0.054129
vn -0.523355 -0.754852 0.395346
vn -0.524997 -0.850302 0.036929
vn -0.505017 -0.862983 -0.014779
vn -0.055045 -0.998481 -0.002347
vn -0.527647 -0.846971 -0.065034
vn 0.009740 -0.999891 0.011107
vn 0.118870 -0.992871 0.008821
vn 0.603640 -0.797255 0.001849
vn -0.056831 -0.997042 -0.051753
vn -0.480227 -0.779282 -0.402619
vn -0.077839 -0.870904 -0.485250
vn 0.032554 -0.994900 -0.095468
vn 0.058767 -0.888898 -0.454321
vn 0.139518 -0.870019 -0.472866
vn 0.134986 -0.986285 -0.094975
vn 0.533516 -0.763811 -0.363254
vn 0.513780 -0.854625 -0.075140
vn -0.729704 -0.241617 0.639651
vn -0.781617 -0.035725 0.622735
vn -0.988809 -0.047207 0.141523
vn -0.989139 -0.007559 0.146792
vn -0.753691 -0.013628 0.657088
vn -0.990824 -0.014468 0.134380
vn -0.747394 -0.031484 0.663635
vn -0.993502 -0.046915 0.103695
vn -0.745111 -0.052592 0.664863
vn -0.985897 -0.053157 0.158689
vn -0.746978 -0.053949 0.662656
vn -0.988960 -0.033724 0.144293
vn -0.750693 -0.038239 0.659544
vn -0.990560 -0.012188 0.136536
vn -0.774758 -0.014646 0.632088
vn -0.994754 0.018481 0.100614
vn -0.690808 0.026386 0.722556
vn -0.655171 0.322098 0.683377
vn -0.934946 -0.345376 0.081188
vn -0.928734 -0.369158 -0.034272
vn -0.946656 -0.292985 -0.134172
vn -0.997249 -0.064254 -0.036949
vn -0.702411 -0.260969 -0.662204
vn -0.980290 -0.064322 -0.186798
vn -0.999860 -0.010245 -0.013216
vn -0.982729 -0.008174 -0.184872
vn -0.999493 -0.006177 -0.031241
vn -0.981406 0.005711 -0.191858
vn -0.988237 -0.018381 -0.151824
vn -0.999248 -0.027095 -0.027744
vn -0.988401 -0.040001 -0.146504
vn -0.744123 -0.024633 -0.667588
vn -0.997211 -0.059904 -0.044515
vn -0.980784 -0.045583 -0.189698
vn -0.998781 -0.036200 -0.033568
vn -0.988072 -0.006208 -0.153869
vn -0.773559 -0.002732 -0.633719
vn -0.999422 -0.005011 -0.033636
vn -0.988423 0.018817 -0.150552
vn -0.998824 0.035703 -0.032789
vn -0.123550 -0.326979 -0.936921
vn 0.024246 -0.355126 -0.934504
vn -0.172144 -0.085514 -0.981353
vn -0.780064 -0.066865 -0.622116
vn -0.714299 -0.004134 -0.699829
vn -0.169828 0.006159 -0.985454
vn -0.732617 0.041811 -0.679356
vn -0.168226 0.070375 -0.983233
vn -0.180930 0.066186 -0.981266
vn -0.752853 0.020037 -0.657883
vn -0.172171 0.007291 -0.985040
vn -0.216571 -0.011278 -0.976202
vn -0.754546 -0.030899 -0.655519
vn -0.166841 0.011576 -0.985916
vn -0.122108 0.047442 -0.991382
vn -0.751652 0.030712 -0.658844
vn -0.623875 0.443750 -0.643324
vn -0.115422 0.555533 -0.823445
vn 0.949842 -0.284885 0.129001
vn 0.957488 -0.286118 0.036771
vn 0.939803 -0.326821 -0.099791
vn 0.980924 -0.030044 0.192054
vn 0.998868 -0.031098 0.036006
vn 0.981961 0.021337 0.187873
vn 0.999053 0.024951 0.035658
vn 0.988914 -0.035427 -0.144202
vn 0.743383 -0.031984 -0.668101
vn 0.719350 -0.269108 -0.640404
vn 0.777585 0.026319 -0.628227
vn 0.989572 0.027020 -0.141479
vn 0.739131 0.088596 -0.667709
vn 0.986560 0.067880 -0.148632
vn 0.703776 0.084823 -0.705340
vn 0.997273 0.066167 0.032673
vn 0.992765 0.069725 -0.097753
vn 0.746237 0.039340 -0.664516
vn 0.981523 0.061380 0.181234
vn 0.997385 0.062399 0.036460
vn 0.986835 0.051209 0.153409
vn 0.994152 0.046417 -0.097505
vn 0.749564 0.015691 -0.661746
vn 0.999095 0.029347 0.030779
vn 0.987408 0.020273 0.156888
vn 0.989382 0.012400 -0.144809
vn 0.742192 0.016408 -0.669987
vn 1.000000 0.000000 -0.000000
vn 0.979769 0.012855 0.199721
vn 0.982450 0.014355 -0.185974
vn 0.753879 0.053034 -0.654869
vn 0.998953 0.026995 0.036924
vn 0.981280 0.027208 0.190655
vn 0.992955 0.064467 -0.099422
vn 0.672295 0.346472 -0.654199
vn 0.859278 0.284155 -0.425320
vn 0.988652 0.034912 0.146110
vn 0.997049 0.065778 0.039586
vn 0.864903 0.493901 0.089468
vn 0.871137 0.491025 -0.003745
vn 0.829975 0.539997 -0.139799
vn 0.167676 -0.350818 -0.921310
vn 0.182131 -0.059203 -0.981490
vn 0.035863 -0.068638 -0.996997
vn 0.013671 0.000370 -0.999906
vn 0.220010 0.005397 -0.975483
vn 0.228765 0.103210 -0.967995
vn 0.041617 0.091184 -0.994964
vn 0.173022 0.071955 -0.982286
vn 0.042256 0.066670 -0.996880
vn 0.227065 0.009247 -0.973836
vn 0.009370 0.006459 -0.999935
vn 0.214748 0.002039 -0.976667
vn -0.002681 0.000545 -0.999996
vn 0.173929 0.016874 -0.984614
vn 0.033508 0.017830 -0.999279
vn 0.171316 0.056185 -0.983613
vn 0.004677 0.056938 -0.998367
vn 0.138398 0.480145 -0.866203
vn 0.025426 0.534224 -0.844961
vn 0.219660 0.940933 -0.257672
vn 0.001257 0.961140 -0.276060
vn -0.258035 0.935829 -0.240087
vn -0.289196 0.955399 -0.059817
vn -0.007192 0.999593 -0.027622
vn 0.267218 0.963205 -0.028815
vn 0.176762 0.966888 0.184071
vn -0.192372 0.968020 0.161026
vn -0.866006 0.493342 0.081535
vn 0.000000 0.970106 0.242681
vn -0.871882 0.486956 -0.051913
vn -0.871167 0.467312 -0.150627
vn 0.019841 -0.178274 0.983781
vn 0.577374 -0.577365 0.577311
vn 0.984073 -0.172674 0.042241
vn 0.010894 -0.998741 0.048959
vn -0.009939 -0.998696 0.050073
vn 0.001557 -0.176874 0.984232
vn -0.577346 -0.577354 0.577351
vn 0.019841 0.178273 0.983781
vn 0.001557 0.176874 0.984232
vn 0.984073 0.172675 0.042241
vn 0.577373 0.577365 0.577312
vn 0.009939 -0.998696 -0.050073
vn 0.984073 -0.172675 -0.042241
vn 0.577393 -0.577393 -0.577265
vn -0.001557 -0.176916 -0.984225
vn -0.010894 -0.998741 -0.048960
vn -0.019841 -0.178231 -0.983789
vn -0.577352 -0.577351 -0.577347
vn -0.984073 -0.172675 0.042241
vn -0.984073 -0.172675 -0.042241
vn -0.984073 0.172675 0.042241
vn -0.984073 0.172675 -0.042241
vn -0.577346 0.577355 0.577350
vn -0.019840 0.178231 -0.983789
vn -0.577352 0.577352 -0.577348
vn -0.010893 0.998741 -0.048960
vn 0.009939 0.998696 -0.050073
vn -0.001558 0.176917 -0.984225
vn 0.577393 0.577394 -0.577264
vn 0.984073 0.172674 -0.042241
vn -0.009939 0.998696 0.050073
vn 0.010894 0.998741 0.048960
vn 0.288491 -0.636331 0.715441
vn 0.555409 -0.824463 0.108547
vn 0.953725 0.040188 0.297981
vn 0.516339 0.854440 0.057681
vn 0.513668 0.849732 -0.118742
vn 0.514618 -0.856068 -0.048133
vn 0.556267 0.573355 -0.601524
vn 0.525518 -0.667043 -0.528096
vn 0.079402 -0.043071 0.995912
vn 0.067820 0.002851 0.997694
vn 0.014724 -0.048649 0.998707
vn 0.021645 -0.708639 0.705239
vn 0.010671 0.099565 0.994974
vn 0.026757 0.688989 0.724278
vn 0.000001 -0.051586 0.998669
vn 0.000000 -0.800000 0.600000
vn -0.012249 -0.710750 0.703338
vn -0.001758 0.054704 0.998501
vn -0.001242 -0.011721 0.999931
vn -0.023241 -0.779278 0.626247
vn -0.081832 -0.030856 0.996168
vn -0.082183 0.053557 0.995177
vn 0.001453 0.095114 0.995465
vn -0.034748 0.751592 0.658712
vn 0.011156 0.608746 0.793287
vn 0.015827 0.701621 0.712374
vn 0.000674 0.795980 0.605323
vn 0.022557 -0.997643 0.064805
vn 0.023928 -0.998346 -0.052274
vn -0.007893 -0.994442 0.104988
vn -0.008990 -0.999927 -0.008085
vn 0.022102 -0.795605 -0.605412
vn 0.080224 -0.736758 -0.671380
vn -0.005110 -0.608823 -0.793290
vn -0.005037 -0.998747 -0.049786
vn -0.008391 -0.795975 -0.605271
vn -0.065221 -0.779489 -0.623011
vn -0.685414 -0.602687 -0.408627
vn -0.005087 -0.997924 0.064198
vn -0.538561 -0.840064 -0.065148
vn -0.580077 -0.811030 0.075769
vn -0.987111 -0.126481 0.098057
vn 0.005058 0.999973 0.005364
vn 0.002777 0.992154 -0.124991
vn 0.025223 0.999682 0.000011
vn 0.022857 0.992703 -0.118401
vn 0.038006 0.721033 -0.691858
vn 0.019870 0.704117 -0.709806
vn 0.007739 0.797013 -0.603912
vn -0.000292 0.606915 -0.794767
vn 0.004302 0.984107 -0.177525
vn 0.002295 0.999993 -0.002967
vn -0.583921 0.811647 0.016300
vn -0.569693 0.738447 0.360759
vn -0.545211 0.831179 -0.109022
vn -0.013653 0.691767 -0.721992
vn -0.997944 0.052328 -0.037013
vn -0.100444 0.017750 -0.994784
vn -0.077181 0.092351 -0.992731
vn 0.022547 -0.007030 -0.999721
vn 0.106742 0.015518 -0.994166
vn 0.026952 0.102360 -0.994382
vn 0.074657 0.091693 -0.992985
vn -0.008009 0.057237 -0.998329
vn -0.004693 0.091986 -0.995749
vn 0.000154 0.000473 -1.000000
vn -0.008662 -0.040969 -0.999123
vn 0.727185 -0.315581 0.609599
vn 0.151959 -0.369499 0.916722
vn 0.485297 -0.726193 0.486961
vn 0.084160 -0.823909 0.560438
vn 0.003237 -0.874940 0.484220
vn 0.221729 -0.047739 0.973939
vn 0.749058 -0.060417 0.659744
vn 0.711199 -0.021508 0.702662
vn -0.013818 -0.440796 0.897501
vn -0.071510 -0.880380 0.468847
vn -0.151663 -0.353294 0.923137
vn -0.407406 -0.841574 0.354644
vn -0.002885 -0.056226 0.998414
vn -0.209803 -0.057033 0.976079
vn -0.217223 0.005374 0.976107
vn -0.001445 0.000143 0.999999
vn -0.214169 -0.021938 0.976550
vn 0.164469 -0.001961 0.986380
vn 0.749897 -0.000186 0.661555
vn 0.176579 -0.022544 0.984028
vn 0.746666 0.007797 0.665153
vn 0.002396 -0.022773 0.999738
vn -0.001105 -0.041044 0.999157
vn 0.179327 -0.030786 0.983308
vn 0.749742 -0.008512 0.661676
vn -0.182136 -0.045283 0.982230
vn 0.221154 -0.020893 0.975015
vn 0.743005 0.005112 0.669266
vn 0.001188 -0.022222 0.999752
vn -0.212210 -0.028375 0.976812
vn 0.179125 -0.012583 0.983746
vn 0.777348 -0.016609 0.628852
vn -0.006519 -0.011510 0.999913
vn -0.174465 -0.004992 0.984651
vn -0.212301 -0.003715 0.977197
vn -0.037721 -0.004970 0.999276
vn -0.174971 0.045509 0.983521
vn 0.220026 -0.009231 0.975450
vn 0.684637 0.007668 0.728844
vn -0.037762 0.045892 0.998232
vn -0.154328 0.525858 0.836454
vn -0.060740 0.505583 0.860637
vn 0.109349 0.036595 0.993330
vn 0.094294 0.599252 0.794988
vn 0.625369 0.409882 0.664011
vn 0.944967 -0.299425 0.131845
vn 0.605262 -0.789280 0.103417
vn 0.498280 -0.866830 0.017965
vn 0.978962 -0.062834 0.194130
vn 0.998058 -0.062286 0.000499
vn 0.930893 -0.364614 0.022254
vn 0.949106 -0.284428 -0.135269
vn 0.981906 -0.027366 0.187383
vn 0.999688 -0.024974 -0.000000
vn 0.987494 -0.065978 -0.143184
vn 0.758939 -0.265077 -0.594766
vn 0.785952 -0.075449 -0.613667
vn 0.989684 -0.024730 -0.141117
vn 0.785219 -0.014050 -0.619059
vn 0.781894 0.059616 -0.620555
vn 0.989043 0.030839 -0.144374
vn 0.759070 0.083674 -0.645609
vn 0.999737 0.022850 -0.002058
vn 0.987944 0.035389 -0.150713
vn 0.743748 0.019791 -0.668167
vn 0.982664 0.016981 0.184618
vn 0.999358 0.035143 0.006995
vn 0.980107 0.032630 0.195770
vn 0.988129 0.028335 -0.150990
vn 0.746390 0.000887 -0.665508
vn 0.999110 0.028711 0.030915
vn 0.986830 0.014294 0.161130
vn 0.989909 0.007011 -0.141534
vn 0.777782 0.007282 -0.628492
vn 1.000000 0.000000 -0.000000
vn 0.981110 0.003057 0.193425
vn 0.989439 0.003523 -0.144905
vn 0.744076 0.040656 -0.666857
vn 1.000000 0.000016 0.000179
vn 0.981301 -0.004828 0.192417
vn 0.988960 0.032547 -0.144565
vn 0.709934 0.342315 -0.615478
vn 0.854885 0.485915 -0.181821
vn 0.999212 0.039681 0.000509
vn 0.842443 0.538184 -0.025442
vn 0.980465 0.015985 0.196043
vn 0.850002 0.516048 0.105788
vn 0.127104 -0.985160 0.115343
vn -0.018634 -0.988987 0.146827
vn 0.161112 -0.986842 -0.013623
vn -0.000945 -0.999998 0.001935
vn -0.117694 -0.988828 0.091469
vn -0.478717 -0.874305 0.080131
vn -0.107281 -0.994015 0.020633
vn -0.539445 -0.841940 0.011670
vn -0.070807 -0.995125 -0.068652
vn -0.517771 -0.849971 -0.097276
vn -0.069778 -0.887053 -0.456363
vn -0.526046 -0.693373 -0.492453
vn 0.023179 -0.995204 -0.095038
vn 0.040563 -0.896120 -0.441954
vn 0.115208 -0.868498 -0.482118
vn 0.114828 -0.988580 -0.097589
vn 0.518184 -0.850433 -0.090821
vn 0.522518 -0.739751 -0.423961
vn 0.190744 -0.320385 -0.927885
vn 0.034762 -0.408504 -0.912094
vn -0.139686 -0.359248 -0.922729
vn 0.178799 0.076043 -0.980943
vn 0.178963 0.083987 -0.980265
vn 0.229016 0.010154 -0.973370
vn 0.212659 -0.002052 -0.977124
vn 0.042582 0.088401 -0.995174
vn 0.222823 -0.002584 -0.974856
vn 0.041610 0.065495 -0.996985
vn 0.005433 0.008592 -0.999948
vn -0.164221 0.074688 -0.983592
vn -0.185169 0.073209 -0.979976
vn -0.177322 0.010176 -0.984100
vn 0.013196 0.008113 -0.999880
vn -0.216251 0.009693 -0.976290
vn 0.005712 -0.007683 -0.999954
vn -0.215619 -0.016501 -0.976338
vn -0.169069 0.007091 -0.985579
vn 0.039460 -0.049516 -0.997994
vn -0.221760 -0.034720 -0.974483
vn 0.046446 0.022256 -0.998673
vn -0.118659 0.061861 -0.991006
vn 0.218023 -0.054239 -0.974435
vn 0.037032 0.054651 -0.997819
vn -0.131162 0.476462 -0.869356
vn 0.016859 0.561716 -0.827159
vn 0.173958 0.018871 -0.984572
vn 0.165276 0.050608 -0.984948
vn 0.182771 0.585034 -0.790146
vn -0.730009 0.060953 -0.680714
vn -0.712867 0.022337 -0.700943
vn -0.750252 0.034824 -0.660235
vn -0.980097 0.025996 -0.196811
vn -0.980939 0.038733 -0.190417
vn -0.982307 0.004630 -0.187220
vn -0.744462 -0.021498 -0.667319
vn -0.980073 -0.033161 -0.195849
vn -0.731879 -0.252234 -0.633033
vn -0.740716 -0.014035 -0.671672
vn -0.988948 -0.016960 -0.147292
vn -0.756583 -0.016622 -0.653687
vn -0.987844 -0.033571 -0.151780
vn -0.714524 0.003311 -0.699603
vn -0.979859 0.002801 -0.199673
vn -0.988402 0.050428 -0.143244
vn -0.793567 0.036133 -0.607409
vn -0.703636 0.337547 -0.625266
vn -0.999998 0.000891 0.001882
vn -0.999730 0.023213 -0.000420
vn -0.988764 0.017954 0.148406
vn -0.989949 -0.020570 0.139919
vn -0.999076 -0.029096 -0.031616
vn -0.993811 -0.044746 0.101675
vn -0.777910 -0.045996 0.626690
vn -0.998693 -0.036320 -0.035961
vn -0.988397 -0.027655 0.149356
vn -0.999974 0.004665 -0.005589
vn -0.990150 0.012152 0.139484
vn -0.999419 0.032972 -0.008605
vn -0.988005 0.040819 0.148927
vn -0.989576 -0.013986 0.143334
vn -0.862438 0.486196 -0.140765
vn -0.998513 0.054509 -0.000689
vn -0.869132 0.493244 -0.036340
vn -0.988954 0.039657 0.142820
vn -0.842493 0.532035 0.084520
vn -0.650063 0.403107 0.644145
vn -0.754428 -0.004231 0.656369
vn -0.749928 0.018708 0.661255
vn -0.740287 -0.013797 0.672149
vn -0.714082 -0.226529 0.662398
vn -0.747683 -0.041307 0.662770
vn -0.743427 -0.022071 0.668453
vn -0.748258 0.006620 0.663375
vn -0.690042 0.027442 0.723248
vn -0.227184 0.958431 0.172619
vn -0.254196 0.965828 -0.050612
vn -0.013301 0.976457 0.215300
vn 0.214224 0.967586 0.133740
vn -0.034108 0.998455 -0.043875
vn -0.193358 0.945957 -0.260343
vn -0.444479 0.697899 -0.561583
vn 0.002874 0.969065 -0.246790
vn 0.228642 0.937699 -0.261618
vn 0.243218 0.969604 -0.026722
vn -0.940889 -0.324290 0.097797
vn -0.964437 -0.261899 -0.035651
vn -0.998882 -0.030859 -0.035808
vn -0.951882 -0.278314 -0.128306
s 1
g Mesh
usemtl initialShadingGroup
f 1019/1/1 1170/2/2 1195/3/3
f 1170/2/2 1019/1/1 992/4/4
f 1019/1/1 1195/3/3 1017/5/5
f 1017/5/5 1195/3/3 1217/6/6
f 1017/5/5 1217/6/6 1214/7/7
f 992/4/4 1019/1/1 827/8/8
f 992/4/4 827/8/8 830/9/9
f 830/9/9 827/8/8 753/10/10
f 753/10/10 827/8/8 751/11/11
f 753/10/10 751/11/11 687/12/12
f 827/8/8 1019/1/1 824/13/13
f 827/8/8 824/13/13 751/11/11
f 824/13/13 1019/1/1 1017/5/5
f 751/11/11 824/13/13 744/14/14
f 744/14/14 824/13/13 741/15/15
f 741/15/15 824/13/13 840/16/16
f 840/16/16 824/13/13 1017/5/5
f 741/15/15 840/16/16 749/17/17
f 1063/18/18 1017/5/5 1214/7/7
f 1017/5/5 1063/18/18 840/16/16
f 1063/18/18 1214/7/7 1211/19/19
f 749/17/17 840/16/16 838/20/20
f 838/20/20 840/16/16 1063/18/18
f 1063/18/18 1211/19/19 1060/21/21
f 1063/18/18 1060/21/21 838/20/20
f 1060/21/21 1211/19/19 1152/22/22
f 1060/21/21 1152/22/22 962/23/23
f 1060/21/21 962/23/23 838/20/20
f 962/23/23 1152/22/22 1107/24/24
f 749/17/17 838/20/20 801/25/25
f 801/25/25 838/20/20 962/23/23
f 749/17/17 801/25/25 717/26/26
f 962/23/23 1107/24/24 941/27/27
f 962/23/23 941/27/27 801/25/25
f 941/27/27 1107/24/24 1072/28/28
f 717/26/26 801/25/25 793/29/29
f 793/29/29 801/25/25 941/27/27
f 717/26/26 793/29/29 711/30/30
f 941/27/27 1072/28/28 927/31/31
f 941/27/27 927/31/31 793/29/29
f 927/31/31 1072/28/28 1066/32/32
f 711/30/30 793/29/29 784/33/33
f 784/33/33 793/29/29 927/31/31
f 711/30/30 784/33/33 707/34/34
f 927/31/31 1066/32/32 906/35/35
f 927/31/31 906/35/35 784/33/33
f 906/35/35 1066/32/32 1067/36/36
f 707/34/34 784/33/33 780/37/37
f 780/37/37 784/33/33 906/35/35
f 707/34/34 780/37/37 689/38/38
f 906/35/35 1067/36/36 879/39/39
f 906/35/35 879/39/39 780/37/37
f 879/39/39 1067/36/36 1033/40/40
f 879/39/39 1033/40/40 887/41/41
f 780/37/37 879/39/39 781/42/42
f 780/37/37 781/42/42 689/38/38
f 781/42/42 879/39/39 887/41/41
f 689/38/38 781/42/42 695/43/43
f 781/42/42 887/41/41 782/44/44
f 781/42/42 782/44/44 695/43/43
f 695/43/43 782/44/44 697/45/45
f 1195/46/3 1170/47/2 1230/48/46
f 1230/48/46 1170/47/2 1201/49/47
f 1230/48/46 1201/49/47 1200/50/48
f 1195/46/3 1230/48/46 1259/51/49
f 1195/46/3 1259/51/49 1217/52/6
f 1217/52/6 1259/51/49 1214/53/7
f 1259/51/49 1230/48/46 1282/54/50
f 1282/54/50 1230/48/46 1262/55/51
f 1282/54/50 1262/55/51 1229/56/52
f 1214/53/7 1259/51/49 1279/57/53
f 1214/53/7 1279/57/53 1211/58/19
f 1259/51/49 1282/54/50 1278/59/54
f 1259/51/49 1278/59/54 1279/57/53
f 1282/54/50 1229/56/52 1258/60/55
f 1282/54/50 1258/60/55 1278/59/54
f 1258/60/55 1229/56/52 1194/61/56
f 1258/60/55 1194/61/56 1216/62/57
f 1211/58/19 1279/57/53 1254/63/58
f 1254/63/58 1279/57/53 1278/59/54
f 1211/58/19 1254/63/58 1152/64/22
f 1258/60/55 1216/62/57 1256/65/59
f 1258/60/55 1256/65/59 1278/59/54
f 1256/65/59 1216/62/57 1213/66/60
f 1254/63/58 1278/59/54 1275/67/61
f 1275/67/61 1278/59/54 1256/65/59
f 1152/64/22 1254/63/58 1209/68/62
f 1209/68/62 1254/63/58 1275/67/61
f 1152/64/22 1209/68/62 1107/69/24
f 1256/65/59 1213/66/60 1253/70/63
f 1256/65/59 1253/70/63 1275/67/61
f 1253/70/63 1213/66/60 1210/71/64
f 1209/68/62 1275/67/61 1226/72/65
f 1226/72/65 1275/67/61 1253/70/63
f 1107/69/24 1209/68/62 1182/73/66
f 1182/73/66 1209/68/62 1226/72/65
f 1107/69/24 1182/73/66 1072/74/28
f 1253/70/63 1210/71/64 1208/75/67
f 1253/70/63 1208/75/67 1226/72/65
f 1208/75/67 1210/71/64 1109/76/68
f 1182/73/66 1226/72/65 1205/77/69
f 1205/77/69 1226/72/65 1208/75/67
f 1072/74/28 1182/73/66 1149/78/70
f 1149/78/70 1182/73/66 1205/77/69
f 1072/74/28 1149/78/70 1066/79/32
f 1208/75/67 1109/76/68 1181/80/71
f 1208/75/67 1181/80/71 1205/77/69
f 1181/80/71 1109/76/68 1074/81/72
f 1149/78/70 1205/77/69 1178/82/73
f 1178/82/73 1205/77/69 1181/80/71
f 1181/80/71 1074/81/72 1148/83/74
f 1181/80/71 1148/83/74 1178/82/73
f 1148/83/74 1074/81/72 1044/84/75
f 1149/78/70 1178/82/73 1175/85/76
f 1149/78/70 1175/85/76 1066/79/32
f 1178/82/73 1148/83/74 1174/86/77
f 1178/82/73 1174/86/77 1175/85/76
f 1148/83/74 1044/84/75 1138/87/78
f 1148/83/74 1138/87/78 1174/86/77
f 1138/87/78 1044/84/75 1028/88/79
f 1066/79/32 1175/85/76 1140/89/80
f 1140/89/80 1175/85/76 1174/86/77
f 1066/79/32 1140/89/80 1067/90/36
f 1067/90/36 1140/89/80 1033/91/40
f 1033/91/40 1140/89/80 1069/92/81
f 1140/89/80 1174/86/77 1141/93/82
f 1140/89/80 1141/93/82 1069/92/81
f 1141/93/82 1174/86/77 1138/87/78
f 1069/92/81 1141/93/82 1105/94/83
f 1141/93/82 1138/87/78 1142/95/84
f 1141/93/82 1142/95/84 1105/94/83
f 1142/95/84 1138/87/78 1028/88/79
f 1105/94/83 1142/95/84 1104/96/85
f 1142/95/84 1028/88/79 1032/97/86
f 1104/96/85 1142/95/84 1034/98/87
f 1034/98/87 1142/95/84 1032/97/86
f 1201/99/47 1170/100/2 992/101/4
f 1201/99/47 992/101/4 1024/102/88
f 1201/99/47 1024/102/88 1200/103/48
f 1024/102/88 992/101/4 835/104/89
f 835/104/89 992/101/4 830/105/9
f 1200/103/48 1024/102/88 1023/106/90
f 835/104/89 830/105/9 753/107/10
f 1200/103/48 1023/106/90 1199/108/91
f 687/109/12 675/110/92 753/107/10
f 753/107/10 675/110/92 759/111/93
f 753/107/10 759/111/93 835/104/89
f 759/111/93 675/110/92 674/112/94
f 759/111/93 674/112/94 758/113/95
f 759/111/93 758/113/95 835/104/89
f 758/113/95 674/112/94 673/114/96
f 834/115/97 1024/102/88 835/104/89
f 834/115/97 835/104/89 758/113/95
f 1024/102/88 834/115/97 1023/106/90
f 758/113/95 673/114/96 757/116/98
f 758/113/95 757/116/98 834/115/97
f 757/116/98 673/114/96 686/117/99
f 757/116/98 686/117/99 752/118/100
f 834/115/97 757/116/98 833/119/101
f 833/119/101 757/116/98 752/118/100
f 834/115/97 833/119/101 1023/106/90
f 833/119/101 752/118/100 829/120/102
f 1023/106/90 833/119/101 994/121/103
f 994/121/103 833/119/101 829/120/102
f 1023/106/90 994/121/103 1199/108/91
f 994/121/103 829/120/102 991/122/104
f 1199/108/91 994/121/103 1169/123/105
f 1169/123/105 994/121/103 991/122/104
f 1230/124/46 1200/125/48 1262/126/51
f 1262/126/51 1200/125/48 1229/127/52
f 749/128/17 717/129/26 664/130/106
f 749/128/17 664/130/106 741/131/15
f 664/130/106 717/129/26 630/132/107
f 630/132/107 717/129/26 711/133/30
f 741/131/15 664/130/106 665/134/108
f 664/130/106 630/132/107 590/135/109
f 664/130/106 590/135/109 596/136/110
f 664/130/106 596/136/110 665/134/108
f 590/135/109 630/132/107 563/137/111
f 665/134/108 596/136/110 667/138/112
f 665/134/108 667/138/112 741/131/15
f 667/138/112 596/136/110 603/139/113
f 741/131/15 667/138/112 744/140/14
f 667/138/112 603/139/113 670/141/114
f 667/138/112 670/141/114 744/140/14
f 744/140/14 670/141/114 751/142/11
f 751/142/11 670/141/114 687/143/12
f 608/144/115 563/137/111 630/132/107
f 608/144/115 630/132/107 711/133/30
f 563/137/111 608/144/115 526/145/116
f 608/144/115 711/133/30 707/146/34
f 526/145/116 608/144/115 561/147/117
f 561/147/117 608/144/115 707/146/34
f 526/145/116 561/147/117 492/148/118
f 561/147/117 707/146/34 689/149/38
f 492/148/118 561/147/117 540/150/119
f 540/150/119 561/147/117 689/149/38
f 492/148/118 540/150/119 480/151/120
f 540/150/119 689/149/38 695/152/43
f 480/151/120 540/150/119 481/153/121
f 481/153/121 540/150/119 579/154/122
f 579/154/122 540/150/119 695/152/43
f 481/153/121 579/154/122 551/155/123
f 579/154/122 695/152/43 580/156/124
f 580/156/124 695/152/43 697/157/45
f 1109/158/68 1210/159/64 1013/160/125
f 1013/160/125 1210/159/64 1014/161/126
f 1014/161/126 1210/159/64 1213/162/60
f 1109/158/68 1013/160/125 943/163/127
f 1109/158/68 943/163/127 1074/164/72
f 1013/160/125 1014/161/126 817/165/128
f 1013/160/125 817/165/128 943/163/127
f 1014/161/126 1213/162/60 1016/166/129
f 1016/166/129 1213/162/60 1216/167/57
f 1016/166/129 1216/167/57 1194/168/56
f 1016/166/129 1194/168/56 989/169/130
f 1014/161/126 1016/166/129 818/170/131
f 1014/161/126 818/170/131 817/165/128
f 1016/166/129 989/169/130 823/171/132
f 1016/166/129 823/171/132 818/170/131
f 823/171/132 989/169/130 826/172/133
f 823/171/132 826/172/133 745/173/134
f 823/171/132 745/173/134 743/174/135
f 823/171/132 743/174/135 818/170/131
f 818/170/131 743/174/135 739/175/136
f 818/170/131 739/175/136 738/176/137
f 818/170/131 738/176/137 817/165/128
f 817/165/128 738/176/137 795/177/138
f 817/165/128 795/177/138 943/163/127
f 795/177/138 738/176/137 713/178/139
f 943/163/127 795/177/138 930/179/140
f 943/163/127 930/179/140 1074/164/72
f 1074/164/72 930/179/140 1044/180/75
f 795/177/138 713/178/139 786/181/141
f 795/177/138 786/181/141 930/179/140
f 786/181/141 713/178/139 709/182/142
f 1044/180/75 930/179/140 896/183/143
f 896/183/143 930/179/140 786/181/141
f 1044/180/75 896/183/143 1028/184/79
f 786/181/141 709/182/142 775/185/144
f 786/181/141 775/185/144 896/183/143
f 775/185/144 709/182/142 685/186/145
f 775/185/144 685/186/145 679/187/146
f 775/185/144 679/187/146 768/188/147
f 775/185/144 768/188/147 896/183/143
f 768/188/147 679/187/146 696/189/148
f 870/190/149 1028/184/79 896/183/143
f 870/190/149 896/183/143 768/188/147
f 1028/184/79 870/190/149 1032/191/86
f 768/188/147 696/189/148 770/192/150
f 768/188/147 770/192/150 870/190/149
f 770/192/150 696/189/148 698/193/151
f 698/193/151 696/189/148 550/194/152
f 770/192/150 698/193/151 771/195/153
f 870/190/149 770/192/150 858/196/154
f 870/190/149 858/196/154 1032/191/86
f 858/196/154 770/192/150 771/195/153
f 1032/191/86 858/196/154 1034/197/87
f 858/196/154 771/195/153 859/198/155
f 858/196/154 859/198/155 1034/197/87
f 738/199/137 739/200/136 635/201/156
f 738/199/137 635/201/156 713/202/139
f 635/201/156 739/200/136 642/203/157
f 642/203/157 739/200/136 743/204/135
f 635/201/156 642/203/157 589/205/158
f 635/201/156 589/205/158 562/206/159
f 589/205/158 642/203/157 595/207/160
f 595/207/160 642/203/157 654/208/161
f 654/208/161 642/203/157 743/204/135
f 595/207/160 654/208/161 602/209/162
f 654/208/161 743/204/135 669/210/163
f 669/210/163 743/204/135 745/211/134
f 669/210/163 745/211/134 686/212/99
f 686/212/99 745/211/134 752/213/100
f 609/214/164 635/201/156 562/206/159
f 635/201/156 609/214/164 713/202/139
f 609/214/164 562/206/159 525/215/165
f 713/202/139 609/214/164 583/216/166
f 583/216/166 609/214/164 525/215/165
f 583/216/166 525/215/165 490/217/167
f 713/202/139 583/216/166 709/218/142
f 709/218/142 583/216/166 559/219/168
f 709/218/142 559/219/168 685/220/145
f 685/220/145 559/219/168 500/221/169
f 500/221/169 559/219/168 454/222/170
f 685/220/145 500/221/169 679/223/146
f 500/221/169 454/222/170 482/224/171
f 679/223/146 500/221/169 545/225/172
f 545/225/172 500/221/169 482/224/171
f 679/223/146 545/225/172 696/226/148
f 545/225/172 482/224/171 550/227/152
f 545/225/172 550/227/152 696/226/148
f 989/228/130 1194/229/56 991/230/104
f 989/228/130 991/230/104 826/231/133
f 991/230/104 1194/229/56 1169/232/105
f 1169/232/105 1194/229/56 1229/233/52
f 1169/232/105 1229/233/52 1199/234/91
f 826/231/133 991/230/104 829/235/102
f 826/231/133 829/235/102 745/236/134
f 745/236/134 829/235/102 752/237/100
f 1199/238/91 1229/239/52 1200/240/48
f 686/241/99 673/242/96 628/243/173
f 628/243/173 673/242/96 674/244/94
f 686/241/99 628/243/173 669/245/163
f 628/243/173 674/244/94 607/246/174
f 607/246/174 674/244/94 675/247/92
f 669/245/163 628/243/173 602/248/162
f 669/245/163 602/248/162 654/249/161
f 628/243/173 607/246/174 576/250/175
f 628/243/173 576/250/175 602/248/162
f 607/246/174 675/247/92 629/251/176
f 607/246/174 629/251/176 576/250/175
f 629/251/176 675/247/92 687/252/12
f 629/251/176 687/252/12 670/253/114
f 629/251/176 670/253/114 603/254/113
f 629/251/176 603/254/113 576/250/175
f 602/248/162 576/250/175 570/255/177
f 570/255/177 576/250/175 603/254/113
f 570/255/177 603/254/113 596/256/110
f 602/248/162 570/255/177 595/257/160
f 570/255/177 596/256/110 590/258/109
f 595/257/160 570/255/177 569/259/178
f 569/259/178 570/255/177 590/258/109
f 595/257/160 569/259/178 589/260/158
f 569/259/178 590/258/109 563/261/111
f 589/260/158 569/259/178 529/262/179
f 529/262/179 569/259/178 563/261/111
f 589/260/158 529/262/179 562/263/159
f 529/262/179 563/261/111 526/264/116
f 562/263/159 529/262/179 495/265/180
f 495/265/180 529/262/179 526/264/116
f 562/263/159 495/265/180 525/266/165
f 495/265/180 526/264/116 492/267/118
f 525/266/165 495/265/180 477/268/181
f 477/268/181 495/265/180 492/267/118
f 477/268/181 492/267/118 480/269/120
f 525/266/165 477/268/181 490/270/167
f 477/268/181 480/269/120 429/271/182
f 477/268/181 429/271/182 490/270/167
f 429/271/182 480/269/120 481/272/121
f 490/270/167 429/271/182 454/273/170
f 490/270/167 454/273/170 559/274/168
f 490/270/167 559/274/168 583/275/166
f 887/276/41 1033/277/40 1069/278/81
f 887/276/41 1069/278/81 888/279/183
f 888/279/183 1069/278/81 890/280/184
f 782/281/44 887/282/41 783/283/185
f 783/283/185 887/282/41 888/284/183
f 782/281/44 783/283/185 697/285/45
f 783/283/185 888/284/183 890/286/184
f 552/287/186 580/288/124 697/285/45
f 552/287/186 697/285/45 699/289/187
f 699/289/187 697/285/45 783/283/185
f 552/287/186 699/289/187 683/290/188
f 699/289/187 783/283/185 773/291/189
f 699/289/187 773/291/189 683/290/188
f 773/291/189 783/283/185 890/286/184
f 683/290/188 773/291/189 700/292/190
f 1069/293/81 1105/294/83 890/286/184
f 890/286/184 1105/294/83 889/295/191
f 890/286/184 889/295/191 773/291/189
f 889/295/191 1105/294/83 1104/296/85
f 889/295/191 1104/296/85 859/297/155
f 859/297/155 1104/296/85 1034/298/87
f 773/291/189 889/295/191 772/299/192
f 772/299/192 889/295/191 859/297/155
f 773/291/189 772/299/192 700/292/190
f 772/299/192 859/297/155 771/300/153
f 772/299/192 771/300/153 698/301/151
f 772/299/192 698/301/151 700/292/190
f 700/292/190 698/301/151 550/302/152
f 700/292/190 550/302/152 511/303/193
f 700/292/190 511/303/193 554/304/194
f 683/305/188 700/306/190 554/307/194
f 683/305/188 554/307/194 552/308/186
f 552/309/186 554/310/194 551/311/123
f 551/311/123 554/310/194 553/312/195
f 552/309/186 551/311/123 580/313/124
f 580/313/124 551/311/123 579/314/122
f 553/315/195 554/316/194 511/317/193
f 553/318/195 511/319/193 482/320/171
f 482/320/171 511/319/193 550/321/152
f 553/318/195 482/320/171 483/322/196
f 553/318/195 483/322/196 551/323/123
f 483/322/196 482/320/171 454/324/170
f 551/323/123 483/322/196 481/325/121
f 483/322/196 454/324/170 429/326/182
f 483/322/196 429/326/182 481/325/121
s 2
f 799/327/197 808/328/198 804/329/199
f 799/327/197 804/329/199 797/330/200
f 778/331/201 586/332/202 797/330/200
f 797/330/200 586/332/202 530/333/203
f 799/327/197 797/330/200 538/334/204
f 538/334/204 797/330/200 530/333/203
f 799/327/197 538/334/204 779/335/205
f 779/335/205 538/334/204 599/336/206
f 538/334/204 530/333/203 478/337/207
f 538/334/204 478/337/207 479/338/208
f 804/339/199 808/340/198 815/341/209
f 804/339/199 815/341/209 796/342/210
f 796/342/210 815/341/209 802/343/211
f 802/343/211 815/341/209 849/344/212
f 815/341/209 808/340/198 820/345/213
f 815/341/209 820/345/213 849/344/212
f 820/345/213 808/340/198 810/346/214
f 810/346/214 808/340/198 799/347/197
f 820/345/213 810/346/214 809/348/215
f 820/345/213 809/348/215 851/349/216
f 820/345/213 851/349/216 849/344/212
f 849/344/212 851/349/216 839/350/217
f 849/344/212 839/350/217 814/351/218
f 814/351/218 839/350/217 836/352/219
f 839/350/217 851/349/216 841/353/220
f 836/352/219 839/350/217 848/354/221
f 836/352/219 848/354/221 837/355/222
f 848/354/221 839/350/217 841/353/220
f 848/354/221 841/353/220 850/356/223
f 850/356/223 841/353/220 843/357/224
f 850/356/223 843/357/224 842/358/225
f 843/357/224 841/353/220 822/359/226
f 822/359/226 841/353/220 821/360/227
f 804/361/199 796/362/210 797/363/200
f 797/363/200 796/362/210 777/364/228
f 797/363/200 777/364/228 778/365/201
f 778/365/201 777/364/228 585/366/229
f 778/365/201 585/366/229 586/367/202
f 802/368/211 849/369/212 813/370/230
f 813/370/230 849/369/212 814/371/218
f 802/372/211 813/373/230 798/374/231
f 798/374/231 813/373/230 814/375/218
f 802/372/211 798/374/231 788/376/232
f 802/372/211 788/376/232 796/377/210
f 796/377/210 788/376/232 777/378/228
f 798/374/231 814/375/218 789/379/233
f 789/379/233 814/375/218 836/380/219
f 789/379/233 836/380/219 803/381/234
f 789/379/233 803/381/234 662/382/235
f 777/378/228 788/376/232 611/383/236
f 777/378/228 611/383/236 585/384/229
f 631/385/237 788/376/232 798/374/231
f 631/385/237 798/374/231 789/379/233
f 788/376/232 631/385/237 611/383/236
f 585/384/229 611/383/236 496/386/238
f 496/386/238 611/383/236 531/387/239
f 531/387/239 611/383/236 565/388/240
f 565/388/240 611/383/236 631/385/237
f 565/388/240 631/385/237 566/389/241
f 631/385/237 789/379/233 612/390/242
f 631/385/237 612/390/242 566/389/241
f 612/390/242 789/379/233 662/382/235
f 566/389/241 612/390/242 587/391/243
f 587/391/243 612/390/242 662/382/235
f 587/391/243 662/382/235 613/392/244
f 585/393/229 496/394/238 586/395/202
f 530/396/203 586/397/202 496/398/238
f 530/399/203 496/400/238 478/401/207
f 478/402/207 496/403/238 497/404/245
f 497/404/245 496/403/238 531/405/239
f 497/404/245 531/405/239 565/406/240
f 497/404/245 565/406/240 533/407/246
f 533/407/246 565/406/240 566/408/241
f 533/407/246 566/408/241 534/409/247
f 534/409/247 566/408/241 587/410/243
f 534/409/247 587/410/243 568/411/248
f 568/411/248 587/410/243 613/412/244
f 478/413/207 497/414/245 498/415/249
f 478/413/207 498/415/249 479/416/208
f 479/416/208 498/415/249 499/417/250
f 479/416/208 499/417/250 538/418/204
f 538/418/204 499/417/250 599/419/206
f 499/417/250 498/415/249 539/420/251
f 498/415/249 497/414/245 536/421/252
f 498/415/249 536/421/252 539/420/251
f 536/421/252 497/414/245 533/422/246
f 539/420/251 536/421/252 574/423/253
f 536/421/252 533/422/246 537/424/254
f 536/421/252 537/424/254 574/423/253
f 537/424/254 533/422/246 534/425/247
f 574/423/253 537/424/254 575/426/255
f 537/424/254 534/425/247 573/427/256
f 573/427/256 534/425/247 568/428/248
f 537/424/254 573/427/256 597/429/257
f 537/424/254 597/429/257 575/426/255
f 597/429/257 573/427/256 621/430/258
f 597/429/257 621/430/258 666/431/259
f 575/426/255 597/429/257 624/432/260
f 575/426/255 624/432/260 650/433/261
f 799/434/197 779/435/205 810/436/214
f 810/436/214 779/435/205 790/437/262
f 790/437/262 779/435/205 599/438/206
f 810/436/214 790/437/262 809/439/215
f 790/437/262 599/438/206 623/440/263
f 623/440/263 599/438/206 499/441/250
f 623/440/263 499/441/250 539/442/251
f 623/440/263 539/442/251 574/443/253
f 623/440/263 574/443/253 650/444/261
f 623/440/263 650/444/261 790/437/262
f 650/444/261 574/443/253 575/445/255
f 800/446/264 809/439/215 790/437/262
f 800/446/264 790/437/262 650/444/261
f 809/439/215 800/446/264 821/447/227
f 821/447/227 800/446/264 822/448/226
f 800/446/264 650/444/261 791/449/265
f 800/446/264 791/449/265 822/448/226
f 822/448/226 791/449/265 843/450/224
f 843/450/224 791/449/265 811/451/266
f 791/449/265 650/444/261 624/452/260
f 811/451/266 791/449/265 666/453/259
f 666/453/259 791/449/265 624/452/260
f 666/453/259 624/452/260 597/454/257
f 662/455/235 803/456/234 663/457/267
f 662/455/235 663/457/267 613/458/244
f 663/457/267 803/456/234 805/459/268
f 805/459/268 803/456/234 836/460/219
f 613/461/244 663/5172/267 805/5173/268
f 805/462/268 836/463/219 837/464/222
f 805/465/268 837/466/222 613/467/244
f 837/468/222 848/469/221 842/470/225
f 842/470/225 848/469/221 850/471/223
f 837/468/222 842/470/225 613/472/244
f 613/472/244 842/470/225 621/473/258
f 613/472/244 621/473/258 568/474/248
f 568/474/248 621/473/258 573/475/256
f 842/476/225 843/477/224 811/478/266
f 842/476/225 811/478/266 666/479/259
f 842/476/225 666/479/259 621/480/258
f 821/481/227 841/482/220 851/483/216
f 821/481/227 851/483/216 809/484/215
s 4
f 649/485/269 600/486/270 626/487/271
f 600/486/270 649/485/269 275/488/272
f 275/488/272 649/485/269 641/489/273
f 600/486/270 275/488/272 276/490/274
f 276/490/274 275/488/272 18/491/275
f 276/490/274 18/491/275 21/492/276
f 275/488/272 641/489/273 267/493/277
f 275/488/272 267/493/277 18/491/275
f 267/493/277 641/489/273 593/494/278
f 267/493/277 593/494/278 264/495/279
f 267/493/277 264/495/279 11/496/280
f 267/493/277 11/496/280 18/491/275
f 21/492/276 18/491/275 1692/497/281
f 18/491/275 11/496/280 1691/498/282
f 18/491/275 1691/498/282 1692/497/281
f 1692/497/281 1691/498/282 1988/499/283
f 1988/499/283 1691/498/282 2062/500/284
f 2062/500/284 1691/498/282 2053/501/285
f 1691/498/282 11/496/280 1682/502/286
f 1691/498/282 1682/502/286 2053/501/285
f 2053/501/285 1682/502/286 2006/503/287
f 2006/503/287 1682/502/286 1680/504/288
f 1680/504/288 1682/502/286 10/505/289
f 626/506/271 600/507/270 278/508/290
f 278/508/290 600/507/270 276/509/274
f 626/506/271 278/508/290 651/510/291
f 278/508/290 276/509/274 21/511/276
f 651/510/291 278/508/290 279/512/292
f 651/510/291 279/512/292 652/513/293
f 278/508/290 21/511/276 24/514/294
f 24/514/294 21/511/276 1692/515/281
f 279/512/292 278/508/290 23/516/295
f 23/516/295 278/508/290 24/514/294
f 279/512/292 23/516/295 277/517/296
f 279/512/292 277/517/296 601/518/297
f 277/517/296 23/516/295 22/519/298
f 22/519/298 23/516/295 1695/520/299
f 1695/520/299 23/516/295 24/514/294
f 22/519/298 1695/520/299 1693/521/300
f 1693/521/300 1695/520/299 1989/522/301
f 1989/522/301 1695/520/299 2064/523/302
f 1695/520/299 24/514/294 1694/524/303
f 1694/524/303 24/514/294 1692/515/281
f 1695/520/299 1694/524/303 2067/525/304
f 1694/524/303 1692/515/281 1988/526/283
f 2067/525/304 1694/524/303 2066/527/305
f 2066/527/305 1694/524/303 1988/526/283
f 2066/527/305 1988/526/283 2065/528/306
f 649/529/269 626/530/271 618/531/307
f 649/529/269 618/531/307 641/532/273
f 626/533/271 651/534/291 618/535/307
f 618/535/307 651/534/291 639/536/308
f 639/536/308 651/534/291 638/537/309
f 638/537/309 651/534/291 652/538/293
f 638/537/309 652/538/293 617/539/310
f 617/539/310 652/538/293 625/540/311
f 593/541/278 641/542/273 618/543/307
f 593/541/278 618/543/307 639/544/308
f 593/545/278 639/546/308 261/547/312
f 593/545/278 261/547/312 264/548/279
f 261/547/312 639/546/308 638/549/309
f 264/548/279 261/547/312 10/550/289
f 261/547/312 638/549/309 263/551/313
f 263/551/313 638/549/309 617/552/310
f 10/550/289 261/547/312 8/553/314
f 10/550/289 8/553/314 1680/554/288
f 594/555/315 265/556/316 263/551/313
f 263/551/313 265/556/316 9/557/317
f 261/547/312 263/551/313 7/558/318
f 7/558/318 263/551/313 9/557/317
f 261/547/312 7/558/318 8/553/314
f 7/558/318 9/557/317 1681/559/319
f 7/558/318 1681/559/319 1679/560/320
f 7/558/318 1679/560/320 8/553/314
f 1679/560/320 1681/559/319 2007/561/321
f 1677/562/322 1680/554/288 8/553/314
f 1677/562/322 8/553/314 1679/560/320
f 1680/554/288 1677/562/322 2006/563/287
f 1679/560/320 2007/561/321 2049/564/323
f 2049/564/323 2007/561/321 2051/565/324
f 1679/560/320 2049/564/323 2050/566/325
f 1679/560/320 2050/566/325 1677/562/322
f 1677/562/322 2050/566/325 2052/567/326
f 11/568/280 264/569/279 10/570/289
f 11/568/280 10/570/289 1682/571/286
f 2006/572/287 1677/573/322 2052/574/326
f 2006/575/287 2052/576/326 2053/577/285
f 2053/578/285 2052/579/326 2065/580/306
f 2053/578/285 2065/580/306 2062/581/284
f 2065/580/306 2052/579/326 2050/582/325
f 2065/580/306 2050/582/325 2066/583/305
f 2066/583/305 2050/582/325 2049/584/323
f 2066/583/305 2049/584/323 2067/585/304
f 2067/585/304 2049/584/323 2051/586/324
f 2067/585/304 2051/586/324 2064/587/302
f 2064/587/302 2051/586/324 2061/588/327
f 2061/588/327 2051/586/324 2054/589/328
f 1988/590/283 2062/591/284 2065/592/306
f 277/593/296 22/594/298 274/595/329
f 277/593/296 274/595/329 601/596/297
f 601/596/297 274/595/329 648/597/330
f 648/597/330 274/595/329 266/598/331
f 648/597/330 266/598/331 640/599/332
f 640/599/332 266/598/331 594/600/315
f 640/599/332 594/600/315 617/601/310
f 617/601/310 594/600/315 263/602/313
f 594/600/315 266/598/331 265/603/316
f 266/598/331 274/595/329 12/604/333
f 266/598/331 12/604/333 265/603/316
f 265/603/316 12/604/333 9/605/317
f 12/604/333 274/595/329 20/606/334
f 9/605/317 12/604/333 1681/607/319
f 1681/607/319 12/604/333 1683/608/335
f 1683/608/335 12/604/333 20/606/334
f 1681/607/319 1683/608/335 2007/609/321
f 2007/609/321 1683/608/335 2054/610/328
f 1683/608/335 20/606/334 1690/611/336
f 1683/608/335 1690/611/336 2054/610/328
f 1690/611/336 20/606/334 1693/612/300
f 2054/610/328 1690/611/336 2061/613/327
f 1690/611/336 1693/612/300 1989/614/301
f 1690/611/336 1989/614/301 2061/613/327
f 625/615/311 652/616/293 279/617/292
f 625/618/311 279/619/292 601/620/297
f 625/621/311 601/622/297 648/623/330
f 617/624/310 625/625/311 640/626/332
f 640/627/332 625/628/311 648/629/330
f 20/630/334 274/631/329 22/632/298
f 20/630/334 22/632/298 1693/633/300
f 2007/634/321 2054/635/328 2051/636/324
f 1989/637/301 2064/638/302 2061/639/327
f 2064/640/302 1695/641/299 2067/642/304
s 6
f 1132/643/337 1189/644/338 1167/645/339
f 1189/644/338 1132/643/337 1133/646/340
f 1132/647/337 1167/648/339 1127/649/341
f 1127/650/341 1167/651/339 1189/652/338
f 1132/653/337 1127/654/341 2044/655/342
f 2044/655/342 1127/654/341 2039/656/343
f 2044/655/342 2039/656/343 2087/657/344
f 2039/656/343 1127/654/341 1121/658/345
f 2039/656/343 1121/658/345 2035/659/346
f 1121/658/345 1127/654/341 1189/660/338
f 2035/659/346 1121/658/345 2032/661/347
f 2032/661/347 1121/658/345 1114/662/348
f 1121/658/345 1189/660/338 1186/663/349
f 1121/658/345 1186/663/349 1157/664/350
f 1132/665/337 2044/666/342 2046/667/351
f 1132/665/337 2046/667/351 1133/668/340
f 2044/669/342 2087/670/344 2110/671/352
f 2044/669/342 2110/671/352 2109/672/353
f 2109/672/353 2110/671/352 2103/673/354
f 2109/672/353 2103/673/354 2102/674/355
f 2044/669/342 2109/672/353 2046/675/351
f 2046/675/351 2109/672/353 2086/676/356
f 2110/677/352 2087/678/344 2039/679/343
f 2110/677/352 2039/679/343 2103/680/354
f 2103/680/354 2039/679/343 2035/681/346
f 2103/680/354 2035/681/346 2081/682/357
f 1189/683/338 1133/684/340 1188/685/358
f 1189/683/338 1188/685/358 1186/686/349
f 1186/686/349 1188/685/358 1185/687/359
f 1133/688/340 2046/689/351 1126/690/360
f 1126/690/360 2046/689/351 2038/691/361
f 1126/690/360 2038/691/361 2034/692/362
f 2080/693/363 2031/694/364 2034/692/362
f 2034/692/362 2031/694/364 1113/695/365
f 2034/692/362 1113/695/365 1120/696/366
f 2034/692/362 1120/696/366 1126/690/360
f 1126/690/360 1120/696/366 1188/697/358
f 1126/690/360 1188/697/358 1166/698/367
f 1188/697/358 1120/696/366 1185/699/359
f 1188/700/358 1133/701/340 1166/702/367
f 1166/703/367 1133/704/340 1126/705/360
f 1185/706/359 1120/707/366 1156/708/368
f 1185/709/359 1156/710/368 1113/711/365
f 1185/709/359 1113/711/365 1114/712/348
f 1185/709/359 1114/712/348 1186/713/349
f 1186/713/349 1114/712/348 1157/714/350
f 1113/715/365 1156/716/368 1120/717/366
f 1121/718/345 1157/719/350 1114/720/348
f 2032/721/347 1114/722/348 1113/723/365
f 2032/721/347 1113/723/365 2031/724/364
f 2035/725/346 2032/726/347 2081/727/357
f 2103/728/354 2081/729/357 2032/730/347
f 2103/728/354 2032/730/347 2031/731/364
f 2103/728/354 2031/731/364 2102/732/355
f 2102/732/355 2031/731/364 2080/733/363
f 2080/734/363 2034/735/362 2102/736/355
f 2102/736/355 2034/735/362 2109/737/353
f 2109/737/353 2034/735/362 2038/738/361
f 2109/737/353 2038/738/361 2086/739/356
f 2086/740/356 2038/741/361 2046/742/351
s 8
f 949/743/369 977/744/370 1005/745/371
f 1005/746/371 977/747/370 953/748/372
f 1005/746/371 953/748/372 952/749/373
f 953/750/372 977/751/370 949/752/369
f 953/753/372 949/754/369 2154/755/374
f 2154/755/374 949/754/369 2144/756/375
f 2154/755/374 2144/756/375 2181/757/376
f 2144/756/375 949/754/369 946/758/377
f 2144/756/375 946/758/377 2137/759/378
f 2137/759/378 946/758/377 2129/760/379
f 946/758/377 949/754/369 1000/761/380
f 1000/761/380 949/754/369 1005/762/371
f 953/763/372 2154/764/374 2155/765/381
f 953/763/372 2155/765/381 952/766/373
f 1005/767/371 952/768/373 1006/769/382
f 1006/769/382 952/768/373 980/770/383
f 980/770/383 952/768/373 950/771/384
f 950/771/384 952/768/373 2155/772/381
f 950/771/384 2155/772/381 2150/773/385
f 1005/774/371 1006/775/382 1000/776/380
f 1000/776/380 1006/775/382 1003/777/386
f 980/778/383 950/779/384 1006/780/382
f 1006/780/382 950/779/384 947/781/387
f 1006/780/382 947/781/387 1003/782/386
f 1003/782/386 947/781/387 969/783/388
f 969/783/388 947/781/387 945/784/389
f 947/781/387 950/779/384 2136/785/390
f 947/781/387 2136/785/390 945/784/389
f 2136/785/390 950/779/384 2150/786/385
f 945/784/389 2136/785/390 2128/787/391
f 2128/787/391 2136/785/390 2170/788/392
f 2150/789/385 2155/790/381 2180/791/393
f 2180/791/393 2155/790/381 2216/792/394
f 2180/793/393 2216/794/394 2150/795/385
f 2216/796/394 2155/797/381 2154/798/374
f 2216/796/394 2154/798/374 2214/799/395
f 2214/799/395 2154/798/374 2181/800/376
f 2216/796/394 2214/799/395 2207/801/396
f 2216/796/394 2207/801/396 2206/802/397
f 2136/803/390 2150/804/385 2216/805/394
f 2136/803/390 2216/805/394 2206/806/397
f 2136/803/390 2206/806/397 2170/807/392
f 969/808/388 945/809/389 1003/810/386
f 1003/810/386 945/809/389 944/811/398
f 1003/810/386 944/811/398 1000/812/380
f 1000/812/380 944/811/398 966/813/399
f 1000/812/380 966/813/399 946/814/377
f 946/814/377 966/813/399 944/811/398
f 946/814/377 944/811/398 2129/815/379
f 944/816/398 945/817/389 2129/818/379
f 2129/818/379 945/817/389 2128/819/391
f 2170/820/392 2206/821/397 2128/822/391
f 2128/822/391 2206/821/397 2207/823/396
f 2128/822/391 2207/823/396 2129/824/379
f 2129/824/379 2207/823/396 2171/825/400
f 2181/826/376 2144/827/375 2214/828/395
f 2214/828/395 2144/827/375 2207/829/396
f 2207/829/396 2144/827/375 2137/830/378
f 2207/829/396 2137/830/378 2171/831/400
f 2171/832/400 2137/833/378 2129/834/379
s 9
f 1129/835/401 1093/836/402 1162/837/403
f 1162/837/403 1093/836/402 1131/838/404
f 1162/837/403 1131/838/404 1187/839/405
f 1187/839/405 1131/838/404 1165/840/406
f 1165/840/406 1131/838/404 1125/841/407
f 1125/841/407 1131/838/404 2149/842/408
f 1125/841/407 2149/842/408 2141/843/409
f 2141/843/409 2149/842/408 2177/844/410
f 1129/845/401 1162/846/403 1087/847/411
f 1129/845/401 1087/847/411 1093/848/402
f 1093/848/402 1087/847/411 2179/849/412
f 2179/849/412 1087/847/411 2211/850/413
f 2179/849/412 2211/850/413 2213/851/414
f 1087/847/411 1162/846/403 1083/852/415
f 1087/847/411 1083/852/415 2211/850/413
f 2211/850/413 1083/852/415 2205/853/416
f 1083/852/415 1162/846/403 1158/854/417
f 1083/852/415 1158/854/417 1115/855/418
f 1093/856/402 2179/857/412 2149/858/408
f 1093/856/402 2149/858/408 1131/859/404
f 2179/860/412 2213/861/414 2244/862/419
f 2244/862/419 2213/861/414 2211/863/413
f 2179/860/412 2244/862/419 2210/864/420
f 2210/864/420 2244/862/419 2242/865/421
f 2210/864/420 2242/865/421 2204/866/422
f 2179/860/412 2210/864/420 2149/867/408
f 2149/867/408 2210/864/420 2177/868/410
f 2244/869/419 2211/870/413 2242/871/421
f 2242/871/421 2211/870/413 2205/872/416
f 2242/873/421 2205/874/416 2200/875/423
f 2242/873/421 2200/875/423 2162/876/424
f 2242/873/421 2162/876/424 2126/877/425
f 2242/873/421 2126/877/425 2204/878/422
f 2204/878/422 2126/877/425 2167/879/426
f 2200/880/423 2205/881/416 2162/882/424
f 2162/882/424 2205/881/416 1083/883/415
f 2162/882/424 1083/883/415 1077/884/427
f 1077/884/427 1083/883/415 1115/885/418
f 1077/884/427 1115/885/418 1158/886/417
f 1077/884/427 1158/886/417 1184/887/428
f 1077/884/427 1184/887/428 1112/888/429
f 1112/888/429 1184/887/428 1155/889/430
f 2126/890/425 2162/891/424 1112/892/429
f 1112/892/429 2162/891/424 1077/893/427
f 2167/894/426 2126/895/425 2134/896/431
f 2134/896/431 2126/895/425 1112/897/429
f 2134/896/431 1112/897/429 1119/898/432
f 1119/898/432 1112/897/429 1155/899/430
f 1119/898/432 1155/899/430 1184/900/428
f 1119/898/432 1184/900/428 1187/901/405
f 2134/896/431 1119/898/432 1125/902/407
f 1125/902/407 1119/898/432 1187/901/405
f 2134/896/431 1125/902/407 2141/903/409
f 1125/902/407 1187/901/405 1165/904/406
f 2167/905/426 2134/906/431 2204/907/422
f 2204/907/422 2134/906/431 2210/908/420
f 2210/908/420 2134/906/431 2141/909/409
f 2210/908/420 2141/909/409 2177/910/410
f 1184/911/428 1158/912/417 1162/913/403
f 1184/911/428 1162/913/403 1187/914/405
s 10
f 1039/915/433 922/916/434 923/917/435
f 1039/915/433 923/917/435 1070/918/436
f 1070/918/436 923/917/435 1042/919/437
f 1042/919/437 923/917/435 926/920/438
f 1042/919/437 926/920/438 1041/921/439
f 923/917/435 922/916/434 316/922/440
f 923/917/435 316/922/440 926/920/438
f 1041/921/439 926/920/438 925/923/441
f 1041/921/439 925/923/441 1040/924/442
f 1040/924/442 925/923/441 924/925/443
f 924/925/443 925/923/441 315/926/444
f 925/923/441 926/920/438 317/927/445
f 925/923/441 317/927/445 315/926/444
f 317/927/445 926/920/438 40/928/446
f 40/928/446 926/920/438 316/922/440
f 315/926/444 317/927/445 39/929/447
f 39/929/447 317/927/445 40/928/446
f 315/926/444 39/929/447 38/930/448
f 38/930/448 39/929/447 1720/931/449
f 314/932/450 316/922/440 922/916/434
f 314/932/450 922/916/434 308/933/451
f 308/933/451 922/916/434 898/934/452
f 314/932/450 308/933/451 41/935/453
f 316/922/440 314/932/450 52/936/454
f 1720/931/449 39/929/447 1721/937/455
f 1721/937/455 39/929/447 40/928/446
f 1711/938/456 25/939/457 1720/931/449
f 1711/938/456 1720/931/449 2401/940/458
f 2401/940/458 1720/931/449 1721/937/455
f 1711/938/456 2401/940/458 2398/941/459
f 2398/941/459 2401/940/458 2416/942/460
f 2401/940/458 1721/937/455 2402/943/461
f 2401/940/458 2402/943/461 2418/944/462
f 2418/944/462 2402/943/461 2423/945/463
f 2423/945/463 2402/943/461 2419/946/464
f 2402/943/461 1721/937/455 2403/947/465
f 2402/943/461 2403/947/465 2419/946/464
f 2403/947/465 1721/937/455 40/928/446
f 2419/946/464 2403/947/465 2394/948/466
f 2419/946/464 2394/948/466 2415/949/467
f 2403/947/465 40/928/446 1710/950/468
f 2403/947/465 1710/950/468 2394/948/466
f 2415/949/467 2394/948/466 2414/951/469
f 1710/950/468 40/928/446 53/952/470
f 53/952/470 40/928/446 316/922/440
f 53/952/470 316/922/440 52/936/454
f 1710/950/468 53/952/470 1709/953/471
f 1709/953/471 53/952/470 52/936/454
f 1710/950/468 1709/953/471 2394/948/466
f 1709/953/471 52/936/454 1706/954/472
f 2394/948/466 1709/953/471 2393/955/473
f 2393/955/473 1709/953/471 1706/954/472
f 2394/948/466 2393/955/473 2414/951/469
f 2393/955/473 1706/954/472 2389/956/474
f 2393/955/473 2389/956/474 2414/951/469
f 2414/951/469 2389/956/474 2412/957/475
f 1070/958/436 1042/959/437 1145/960/476
f 1070/958/436 1145/960/476 1171/961/477
f 1145/960/476 1042/959/437 1041/962/439
f 1145/960/476 1041/962/439 1134/963/478
f 1134/963/478 1041/962/439 1095/964/479
f 1039/965/433 1070/966/436 1171/967/477
f 1039/965/433 1171/967/477 1135/968/480
f 1135/968/480 1171/967/477 1202/969/481
f 1135/968/480 1202/969/481 1137/970/482
f 1135/968/480 1137/970/482 1065/971/483
f 1065/971/483 1137/970/482 1102/972/484
f 1137/970/482 1202/969/481 1203/973/485
f 1203/973/485 1202/969/481 1224/974/486
f 1202/969/481 1171/967/477 1172/975/487
f 1172/975/487 1171/967/477 1145/976/476
f 1172/975/487 1145/976/476 1134/977/478
f 1097/978/488 1172/975/487 1096/979/489
f 1096/979/489 1172/975/487 1098/980/490
f 1172/975/487 1134/977/478 1173/981/491
f 1172/975/487 1173/981/491 1098/980/490
f 1173/981/491 1134/977/478 1095/982/479
f 1098/980/490 1173/981/491 1225/983/492
f 1173/981/491 1095/982/479 1136/984/493
f 1225/983/492 1173/981/491 1204/985/494
f 1204/985/494 1173/981/491 1136/984/493
f 1039/986/433 1135/987/480 1026/988/495
f 1039/986/433 1026/988/495 922/989/434
f 1026/988/495 1135/987/480 1065/990/483
f 922/989/434 1026/988/495 898/991/452
f 898/991/452 1026/988/495 1065/990/483
f 958/992/496 1065/990/483 1102/993/484
f 1065/990/483 958/992/496 900/994/497
f 1065/990/483 900/994/497 898/991/452
f 900/994/497 958/992/496 320/995/498
f 898/991/452 900/994/497 310/996/499
f 310/996/499 900/994/497 320/995/498
f 898/991/452 310/996/499 308/997/451
f 310/996/499 320/995/498 48/998/500
f 308/997/451 310/996/499 42/999/501
f 42/999/501 310/996/499 48/998/500
f 308/997/451 42/999/501 41/1000/453
f 42/999/501 48/998/500 1707/1001/502
f 42/999/501 1707/1001/502 41/1000/453
f 1707/1001/502 48/998/500 1716/1002/503
f 314/1003/450 41/1000/453 52/1004/454
f 52/1004/454 41/1000/453 1706/1005/472
f 1706/1005/472 41/1000/453 1707/1001/502
f 1707/1001/502 1716/1002/503 2390/1006/504
f 1707/1001/502 2390/1006/504 1706/1005/472
f 2390/1006/504 1716/1002/503 2407/1007/505
f 1706/1005/472 2390/1006/504 2389/1008/474
f 2389/1008/474 2390/1006/504 2413/1009/506
f 2389/1008/474 2413/1009/506 2412/1010/475
f 1102/1011/484 1137/1012/482 1203/1013/485
f 958/1014/496 1102/1015/484 957/1016/507
f 957/1016/507 1102/1015/484 1203/1017/485
f 957/1016/507 1203/1017/485 1224/1018/486
f 957/1016/507 1224/1018/486 1143/1019/508
f 957/1016/507 1143/1019/508 956/1020/509
f 957/1016/507 956/1020/509 318/1021/510
f 958/1014/496 957/1016/507 319/1022/511
f 319/1022/511 957/1016/507 318/1021/510
f 958/1014/496 319/1022/511 320/1023/498
f 319/1022/511 318/1021/510 46/1024/512
f 320/1023/498 319/1022/511 47/1025/513
f 47/1025/513 319/1022/511 46/1024/512
f 320/1023/498 47/1025/513 48/1026/500
f 48/1026/500 47/1025/513 1716/1027/503
f 47/1025/513 46/1024/512 1715/1028/514
f 47/1025/513 1715/1028/514 1716/1027/503
f 1715/1028/514 46/1024/512 1714/1029/515
f 1716/1027/503 1715/1028/514 2407/1030/505
f 1715/1028/514 1714/1029/515 2405/1031/516
f 2407/1030/505 1715/1028/514 2406/1032/517
f 2406/1032/517 1715/1028/514 2405/1031/516
f 2407/1030/505 2406/1032/517 2429/1033/518
f 2429/1033/518 2406/1032/517 2477/1034/519
f 2477/1034/519 2406/1032/517 2490/1035/520
f 2490/1035/520 2406/1032/517 2428/1036/521
f 2428/1036/521 2406/1032/517 2405/1031/516
f 2428/1036/521 2405/1031/516 2430/1037/522
f 2430/1037/522 2405/1031/516 2408/1038/523
f 2430/1037/522 2408/1038/523 2409/1039/524
f 2430/1037/522 2409/1039/524 2431/1040/525
f 2478/1041/526 2492/1042/527 2431/1040/525
f 2478/1041/526 2431/1040/525 2410/1043/528
f 2410/1043/528 2431/1040/525 2409/1039/524
f 2478/1041/526 2410/1043/528 2432/1044/529
f 2432/1044/529 2410/1043/528 2411/1045/530
f 2410/1043/528 2409/1039/524 1718/1046/531
f 2410/1043/528 1718/1046/531 2411/1045/530
f 1718/1046/531 2409/1039/524 1717/1047/532
f 2411/1045/530 1718/1046/531 1719/1048/533
f 1718/1046/531 1717/1047/532 49/1049/534
f 1719/1048/533 1718/1046/531 50/1050/535
f 50/1050/535 1718/1046/531 49/1049/534
f 1719/1048/533 50/1050/535 51/1051/536
f 51/1051/536 50/1050/535 323/1052/537
f 50/1050/535 49/1049/534 322/1053/538
f 50/1050/535 322/1053/538 323/1052/537
f 322/1053/538 49/1049/534 321/1054/539
f 323/1052/537 322/1053/538 961/1055/540
f 322/1053/538 321/1054/539 960/1056/541
f 322/1053/538 960/1056/541 961/1055/540
f 960/1056/541 321/1054/539 959/1057/542
f 961/1055/540 960/1056/541 1103/1058/543
f 960/1056/541 959/1057/542 1144/1059/544
f 1103/1058/543 960/1056/541 1204/1060/494
f 960/1056/541 1144/1059/544 1225/1061/492
f 960/1056/541 1225/1061/492 1204/1060/494
f 1224/1062/486 1202/1063/481 1097/1064/488
f 1143/1065/508 1224/1066/486 1097/1067/488
f 956/1068/509 1143/1069/508 1097/1070/488
f 956/1068/509 1097/1070/488 904/1071/545
f 956/1068/509 904/1071/545 318/1072/510
f 318/1072/510 904/1071/545 313/1073/546
f 318/1072/510 313/1073/546 46/1074/512
f 46/1074/512 313/1073/546 43/1075/547
f 46/1074/512 43/1075/547 1708/1076/548
f 46/1074/512 1708/1076/548 1714/1077/515
f 1714/1077/515 1708/1076/548 2392/1078/549
f 1714/1077/515 2392/1078/549 2405/1079/516
f 1097/1080/488 1202/1081/481 1172/1082/487
f 1097/1083/488 1096/1084/489 904/1085/545
f 904/1085/545 1096/1084/489 903/1086/550
f 903/1086/550 1096/1084/489 1098/1087/490
f 903/1086/550 1098/1087/490 905/1088/551
f 904/1085/545 903/1086/550 313/1089/546
f 903/1086/550 905/1088/551 312/1090/552
f 313/1089/546 903/1086/550 44/1091/553
f 44/1091/553 903/1086/550 312/1090/552
f 313/1089/546 44/1091/553 43/1092/547
f 44/1091/553 312/1090/552 45/1093/554
f 43/1092/547 44/1091/553 1708/1094/548
f 44/1091/553 45/1093/554 1713/1095/555
f 1708/1094/548 44/1091/553 2391/1096/556
f 2391/1096/556 44/1091/553 1713/1095/555
f 1708/1094/548 2391/1096/556 2392/1097/549
f 2391/1096/556 1713/1095/555 2400/1098/557
f 2392/1099/549 2391/1100/556 2408/1101/523
f 2392/1099/549 2408/1101/523 2405/1102/516
f 2408/1101/523 2391/1100/556 2400/1103/557
f 2408/1101/523 2400/1103/557 2409/1104/524
f 2400/1105/557 1713/1106/555 1717/1107/532
f 2400/1105/557 1717/1107/532 2409/1108/524
f 1717/1107/532 1713/1106/555 49/1109/534
f 49/1109/534 1713/1106/555 45/1110/554
f 49/1109/534 45/1110/554 312/1111/552
f 49/1109/534 312/1111/552 321/1112/539
f 321/1112/539 312/1111/552 905/1113/551
f 321/1112/539 905/1113/551 959/1114/542
f 959/1114/542 905/1113/551 1098/1115/490
f 959/1114/542 1098/1115/490 1144/1116/544
f 1144/1117/544 1098/1118/490 1225/1119/492
f 1103/1120/543 1204/1121/494 1136/1122/493
f 1103/1120/543 1136/1122/493 1027/1123/558
f 1027/1123/558 1136/1122/493 1095/1124/479
f 1027/1123/558 1095/1124/479 1025/1125/559
f 1025/1125/559 1095/1124/479 1040/1126/442
f 1025/1125/559 1040/1126/442 897/1127/560
f 897/1127/560 1040/1126/442 924/1128/443
f 897/1127/560 924/1128/443 309/1129/561
f 309/1129/561 924/1128/443 315/1130/444
f 309/1129/561 315/1130/444 38/1131/448
f 309/1129/561 38/1131/448 25/1132/457
f 25/1132/457 38/1131/448 1720/1133/449
f 1103/1134/543 1027/1135/558 961/1136/540
f 961/1136/540 1027/1135/558 899/1137/562
f 961/1136/540 899/1137/562 323/1138/537
f 899/1137/562 1027/1135/558 897/1139/560
f 897/1139/560 1027/1135/558 1025/1140/559
f 899/1137/562 897/1139/560 309/1141/561
f 323/1138/537 899/1137/562 311/1142/563
f 311/1142/563 899/1137/562 309/1141/561
f 323/1138/537 311/1142/563 51/1143/536
f 311/1142/563 309/1141/561 25/1144/457
f 311/1142/563 25/1144/457 26/1145/564
f 311/1142/563 26/1145/564 51/1143/536
f 26/1145/564 25/1144/457 1711/1146/456
f 51/1143/536 26/1145/564 1712/1147/565
f 1712/1147/565 26/1145/564 1711/1146/456
f 1712/1147/565 1711/1146/456 2398/1148/459
f 51/1143/536 1712/1147/565 1719/1149/533
f 1712/1147/565 2398/1148/459 2399/1150/566
f 1712/1147/565 2399/1150/566 1719/1149/533
f 1719/1149/533 2399/1150/566 2411/1151/530
f 1040/1152/442 1095/1153/479 1041/1154/439
f 2399/1155/566 2398/1156/459 2416/1157/460
f 2399/1155/566 2416/1157/460 2417/1158/567
f 2417/1158/567 2416/1157/460 2443/1159/568
f 2399/1155/566 2417/1158/567 2411/1160/530
f 2417/1158/567 2443/1159/568 2445/1161/569
f 2411/1160/530 2417/1158/567 2432/1162/529
f 2432/1162/529 2417/1158/567 2445/1161/569
f 2432/1162/529 2445/1161/569 2478/1163/526
f 2401/1164/458 2418/1165/462 2416/1166/460
f 2416/1167/460 2418/1168/462 2443/1169/568
f 2443/1169/568 2418/1168/462 2442/1170/570
f 2442/1170/570 2418/1168/462 2423/1171/463
f 2443/1169/568 2442/1170/570 2474/1172/571
f 2443/1169/568 2474/1172/571 2445/1173/569
f 2445/1173/569 2474/1172/571 2492/1174/527
f 2445/1173/569 2492/1174/527 2478/1175/526
f 2474/1172/571 2442/1170/570 2473/1176/572
f 2442/1170/570 2423/1171/463 2441/1177/573
f 2442/1170/570 2441/1177/573 2473/1176/572
f 2441/1177/573 2423/1171/463 2419/1178/464
f 2441/1177/573 2419/1178/464 2415/1179/467
f 2473/1176/572 2441/1177/573 2425/1180/574
f 2425/1180/574 2441/1177/573 2415/1179/467
f 2473/1176/572 2425/1180/574 2444/1181/575
f 2425/1180/574 2415/1179/467 2426/1182/576
f 2425/1180/574 2426/1182/576 2444/1181/575
f 2426/1182/576 2415/1179/467 2414/1183/469
f 2426/1182/576 2414/1183/469 2412/1184/475
f 2444/1181/575 2426/1182/576 2427/1185/577
f 2444/1181/575 2427/1185/577 2477/1186/519
f 2444/1181/575 2477/1186/519 2490/1187/520
f 2422/1188/578 2492/1189/527 2474/1190/571
f 2492/1189/527 2422/1188/578 2431/1191/525
f 2422/1192/578 2474/1193/571 2473/1194/572
f 2422/1192/578 2473/1194/572 2421/1195/579
f 2421/1195/579 2473/1194/572 2444/1196/575
f 2421/1195/579 2444/1196/575 2420/1197/580
f 2431/1198/525 2422/1199/578 2421/1200/579
f 2431/1198/525 2421/1200/579 2430/1201/522
f 2430/1201/522 2421/1200/579 2420/1202/580
f 2430/1201/522 2420/1202/580 2428/1203/521
f 2428/1204/521 2420/1205/580 2490/1206/520
f 2490/1206/520 2420/1205/580 2444/1207/575
f 2477/1208/519 2427/1209/577 2429/1210/518
f 2429/1210/518 2427/1209/577 2413/1211/506
f 2413/1211/506 2427/1209/577 2426/1212/576
f 2413/1211/506 2426/1212/576 2412/1213/475
f 2407/1214/505 2429/1215/518 2413/1216/506
f 2390/1217/504 2407/1218/505 2413/1219/506
s 13
f 984/1220/581 1055/1221/582 1009/1222/583
f 1055/1221/582 984/1220/581 983/1223/584
f 1055/1221/582 983/1223/584 1054/1224/585
f 1054/1224/585 983/1223/584 1008/1225/586
f 1008/1225/586 983/1223/584 975/1226/587
f 975/1226/587 983/1223/584 2117/1227/588
f 975/1226/587 2117/1227/588 2111/1228/589
f 2111/1228/589 2117/1227/588 2145/1229/590
f 1009/1230/583 1055/1231/582 976/1232/591
f 1009/1230/583 976/1232/591 984/1233/581
f 984/1233/581 976/1232/591 2148/1234/592
f 2148/1234/592 976/1232/591 2140/1235/593
f 2148/1234/592 2140/1235/593 2176/1236/594
f 976/1232/591 1055/1231/582 973/1237/595
f 976/1232/591 973/1237/595 2140/1235/593
f 2140/1235/593 973/1237/595 2133/1238/596
f 973/1237/595 1055/1231/582 1051/1239/597
f 973/1237/595 1051/1239/597 999/1240/598
f 984/1241/581 2148/1242/592 2117/1243/588
f 984/1241/581 2117/1243/588 983/1244/584
f 2148/1245/592 2176/1246/594 2209/1247/599
f 2148/1245/592 2209/1247/599 2174/1248/600
f 2174/1248/600 2209/1247/599 2203/1249/601
f 2174/1248/600 2203/1249/601 2169/1250/602
f 2148/1245/592 2174/1248/600 2117/1251/588
f 2117/1251/588 2174/1248/600 2145/1252/590
f 2209/1253/599 2176/1254/594 2140/1255/593
f 2209/1253/599 2140/1255/593 2203/1256/601
f 2203/1256/601 2140/1255/593 2133/1257/596
f 2203/1256/601 2133/1257/596 2166/1258/603
f 2166/1259/603 2133/1260/596 2125/1261/604
f 2125/1261/604 2133/1260/596 973/1262/595
f 2125/1261/604 973/1262/595 965/1263/605
f 965/1263/605 973/1262/595 999/1264/598
f 965/1263/605 999/1264/598 1051/1265/597
f 965/1263/605 1051/1265/597 1050/1266/606
f 965/1263/605 1050/1266/606 964/1267/607
f 964/1267/607 1050/1266/606 998/1268/608
f 2166/1269/603 2125/1270/604 2203/1271/601
f 2203/1271/601 2125/1270/604 2097/1272/609
f 2203/1271/601 2097/1272/609 2169/1273/602
f 2169/1273/602 2097/1272/609 2130/1274/610
f 2097/1275/609 2125/1276/604 964/1277/607
f 964/1277/607 2125/1276/604 965/1278/605
f 2169/1279/602 2130/1280/610 2104/1281/611
f 2169/1279/602 2104/1281/611 2174/1282/600
f 2174/1282/600 2104/1281/611 2111/1283/589
f 2174/1282/600 2111/1283/589 2145/1284/590
f 2104/1285/611 2130/1286/610 2097/1287/609
f 2104/1285/611 2097/1287/609 964/1288/607
f 2104/1285/611 964/1288/607 972/1289/612
f 972/1289/612 964/1288/607 998/1290/608
f 972/1289/612 998/1290/608 1050/1291/606
f 972/1289/612 1050/1291/606 1054/1292/585
f 2104/1285/611 972/1289/612 975/1293/587
f 975/1293/587 972/1289/612 1054/1292/585
f 2104/1285/611 975/1293/587 2111/1294/589
f 975/1293/587 1054/1292/585 1008/1295/586
f 1050/1296/606 1051/1297/597 1055/1298/582
f 1050/1296/606 1055/1298/582 1054/1299/585
s 14
f 1092/1300/613 1053/1301/614 1059/1302/615
f 1059/1302/615 1053/1301/614 2118/1303/616
f 1053/1301/614 1092/1300/613 1124/1304/617
f 2118/1303/616 1053/1301/614 2112/1305/618
f 2118/1303/616 2112/1305/618 2146/1306/619
f 1053/1301/614 1124/1304/617 1049/1307/620
f 1053/1301/614 1049/1307/620 2112/1305/618
f 2112/1305/618 1049/1307/620 2105/1308/621
f 1049/1307/620 1124/1304/617 1118/1309/622
f 1049/1307/620 1118/1309/622 1082/1310/623
f 1124/1311/617 1092/1312/613 1059/1313/615
f 1124/1311/617 1059/1313/615 1094/1314/624
f 1124/1311/617 1094/1314/624 1163/1315/625
f 1163/1315/625 1094/1314/624 1130/1316/626
f 1130/1316/626 1094/1314/624 1088/1317/627
f 1088/1317/627 1094/1314/624 2045/1318/628
f 1088/1317/627 2045/1318/628 2040/1319/629
f 2040/1319/629 2045/1318/628 2088/1320/630
f 1059/1321/615 2118/1322/616 2045/1323/628
f 1059/1321/615 2045/1323/628 1094/1324/624
f 2118/1325/616 2146/1326/619 2142/1327/631
f 2118/1325/616 2142/1327/631 2113/1328/632
f 2113/1328/632 2142/1327/631 2135/1329/633
f 2113/1328/632 2135/1329/633 2106/1330/634
f 2118/1325/616 2113/1328/632 2045/1331/628
f 2045/1331/628 2113/1328/632 2088/1332/630
f 2142/1333/631 2146/1334/619 2112/1335/618
f 2142/1336/631 2112/1337/618 2135/1338/633
f 2135/1338/633 2112/1337/618 2105/1339/621
f 2135/1340/633 2105/1341/621 2131/1342/635
f 2131/1343/635 2105/1344/621 2098/1345/636
f 2098/1345/636 2105/1344/621 1049/1346/620
f 2098/1345/636 1049/1346/620 1046/1347/637
f 1046/1347/637 1049/1346/620 1082/1348/623
f 1046/1347/637 1082/1348/623 1118/1349/622
f 1046/1347/637 1118/1349/622 1159/1350/638
f 1046/1347/637 1159/1350/638 1078/1351/639
f 1078/1351/639 1159/1350/638 1116/1352/640
f 2131/1353/635 2098/1354/636 2135/1355/633
f 2135/1355/633 2098/1354/636 2033/1356/641
f 2135/1355/633 2033/1356/641 2106/1357/634
f 2106/1357/634 2033/1356/641 2082/1358/642
f 2033/1359/641 2098/1360/636 1078/1361/639
f 1078/1361/639 2098/1360/636 1046/1362/637
f 2082/1363/642 2033/1364/641 2036/1365/643
f 2036/1365/643 2033/1364/641 1078/1366/639
f 2036/1365/643 1078/1366/639 1084/1367/644
f 1084/1367/644 1078/1366/639 1116/1368/640
f 1084/1367/644 1116/1368/640 1159/1369/638
f 1084/1367/644 1159/1369/638 1163/1370/625
f 2036/1365/643 1084/1367/644 1088/1371/627
f 1088/1371/627 1084/1367/644 1163/1370/625
f 2036/1365/643 1088/1371/627 2040/1372/629
f 1088/1371/627 1163/1370/625 1130/1373/626
f 2082/1374/642 2036/1375/643 2106/1376/634
f 2106/1376/634 2036/1375/643 2113/1377/632
f 2113/1377/632 2036/1375/643 2040/1378/629
f 2113/1377/632 2040/1378/629 2088/1379/630
f 1159/1380/638 1118/1381/622 1124/1382/617
f 1159/1380/638 1124/1382/617 1163/1383/625
s 15
f 1492/1384/645 1490/1385/646 1540/1386/647
f 1540/1387/647 1490/1388/646 1568/1389/648
f 1568/1389/648 1490/1388/646 1516/1390/649
f 1492/1391/645 1358/1392/650 1490/1388/646
f 1490/1388/646 1358/1392/650 1356/1393/651
f 1490/1388/646 1356/1393/651 1516/1390/649
f 1356/1393/651 1358/1392/650 938/1394/652
f 1516/1390/649 1356/1393/651 1371/1395/653
f 1516/1390/649 1371/1395/653 1405/1396/654
f 1516/1390/649 1405/1396/654 1539/1397/655
f 1371/1395/653 1356/1393/651 933/1398/656
f 1539/1397/655 1405/1396/654 1462/1399/657
f 933/1398/656 1356/1393/651 936/1400/658
f 1405/1396/654 1371/1395/653 932/1401/659
f 932/1401/659 1371/1395/653 933/1398/656
f 1462/1399/657 1405/1396/654 1374/1402/660
f 1462/1399/657 1374/1402/660 1461/1403/661
f 1374/1402/660 1405/1396/654 907/1404/662
f 907/1404/662 1405/1396/654 932/1401/659
f 1461/1403/661 1374/1402/660 1372/1405/663
f 1372/1405/663 1374/1402/660 907/1404/662
f 1461/1403/661 1372/1405/663 1375/1406/664
f 1461/1403/661 1375/1406/664 1463/1407/665
f 1463/1407/665 1375/1406/664 1406/1408/666
f 1463/1407/665 1406/1408/666 1517/1409/667
f 1375/1406/664 1372/1405/663 908/1410/668
f 1375/1406/664 908/1410/668 1406/1408/666
f 1517/1409/667 1406/1408/666 1518/1411/669
f 1372/1405/663 907/1404/662 878/1412/670
f 1372/1405/663 878/1412/670 908/1410/668
f 878/1412/670 907/1404/662 690/1413/671
f 1518/1411/669 1406/1408/666 1373/1414/672
f 1518/1411/669 1373/1414/672 1491/1415/673
f 1406/1408/666 908/1410/668 934/1416/674
f 1406/1408/666 934/1416/674 1373/1414/672
f 908/1410/668 878/1412/670 694/1417/675
f 694/1417/675 878/1412/670 690/1413/671
f 934/1416/674 908/1410/668 693/1418/676
f 693/1418/676 908/1410/668 694/1417/675
f 694/1417/675 690/1413/671 508/1419/677
f 694/1417/675 508/1419/677 693/1418/676
f 508/1419/677 690/1413/671 504/1420/678
f 693/1418/676 508/1419/677 505/1421/679
f 504/1420/678 690/1413/671 506/1422/680
f 693/1418/676 505/1421/679 507/1423/681
f 506/1422/680 690/1413/671 692/1424/682
f 692/1424/682 690/1413/671 907/1404/662
f 506/1422/680 692/1424/682 503/1425/683
f 692/1424/682 907/1404/662 932/1401/659
f 503/1425/683 692/1424/682 691/1426/684
f 691/1426/684 692/1424/682 932/1401/659
f 503/1425/683 691/1426/684 541/1427/685
f 691/1426/684 932/1401/659 721/1428/686
f 691/1426/684 721/1428/686 541/1427/685
f 721/1428/686 932/1401/659 933/1398/656
f 541/1427/685 721/1428/686 542/1429/687
f 541/1427/685 542/1429/687 457/1430/688
f 721/1428/686 933/1398/656 722/1431/689
f 721/1428/686 722/1431/689 542/1429/687
f 722/1431/689 933/1398/656 936/1400/658
f 722/1431/689 936/1400/658 725/1432/690
f 722/1431/689 725/1432/690 542/1429/687
f 542/1429/687 725/1432/690 544/1433/691
f 723/1434/692 693/1418/676 507/1423/681
f 723/1434/692 507/1423/681 543/1435/693
f 693/1418/676 723/1434/692 934/1416/674
f 723/1434/692 543/1435/693 724/1436/694
f 934/1416/674 723/1434/692 935/1437/695
f 935/1437/695 723/1434/692 724/1436/694
f 934/1416/674 935/1437/695 1373/1414/672
f 935/1437/695 724/1436/694 937/1438/696
f 937/1438/696 724/1436/694 939/1439/697
f 937/1438/696 939/1439/697 1359/1440/698
f 935/1437/695 937/1438/696 1357/1441/699
f 935/1437/695 1357/1441/699 1373/1414/672
f 1357/1441/699 937/1438/696 1359/1440/698
f 1373/1414/672 1357/1441/699 1491/1415/673
f 1491/1415/673 1357/1441/699 1359/1440/698
f 1358/1442/650 1492/1443/645 1360/1444/700
f 1360/1444/700 1492/1443/645 1522/1445/701
f 1358/1442/650 1360/1444/700 938/1446/652
f 936/1447/658 1356/1448/651 938/1446/652
f 936/1447/658 938/1446/652 725/1449/690
f 938/1446/652 1360/1444/700 940/1450/702
f 938/1446/652 940/1450/702 725/1449/690
f 1360/1444/700 1522/1445/701 1495/1451/703
f 1495/1451/703 1522/1445/701 1574/1452/704
f 1495/1451/703 1574/1452/704 1579/1453/705
f 1495/1451/703 1579/1453/705 1497/1454/706
f 1360/1444/700 1495/1451/703 1362/1455/707
f 1362/1455/707 1495/1451/703 1497/1454/706
f 1360/1444/700 1362/1455/707 940/1450/702
f 1362/1455/707 1497/1454/706 1364/1456/708
f 1364/1456/708 1497/1454/706 1499/1457/709
f 1364/1456/708 1499/1457/709 1355/1458/710
f 1362/1455/707 1364/1456/708 910/1459/711
f 1362/1455/707 910/1459/711 940/1450/702
f 1364/1456/708 1355/1458/710 912/1460/712
f 1364/1456/708 912/1460/712 910/1459/711
f 912/1460/712 1355/1458/710 914/1461/713
f 940/1450/702 910/1459/711 727/1462/714
f 940/1450/702 727/1462/714 725/1449/690
f 725/1449/690 727/1462/714 544/1463/691
f 544/1463/691 727/1462/714 547/1464/715
f 727/1462/714 910/1459/711 729/1465/716
f 727/1462/714 729/1465/716 547/1464/715
f 729/1465/716 910/1459/711 912/1460/712
f 547/1464/715 729/1465/716 512/1466/717
f 731/1467/718 912/1460/712 914/1461/713
f 912/1460/712 731/1467/718 729/1465/716
f 729/1465/716 731/1467/718 512/1466/717
f 731/1467/718 914/1461/713 733/1468/719
f 512/1466/717 731/1467/718 514/1469/720
f 731/1467/718 733/1468/719 555/1470/721
f 731/1467/718 555/1470/721 514/1469/720
f 1492/1471/645 1540/1472/647 1570/1473/722
f 1492/1471/645 1570/1473/722 1522/1474/701
f 1522/1474/701 1570/1473/722 1574/1475/704
f 1570/1473/722 1540/1472/647 1617/1476/723
f 1617/1476/723 1540/1472/647 1568/1477/648
f 1574/1475/704 1570/1473/722 1620/1478/724
f 1620/1478/724 1570/1473/722 1617/1476/723
f 1574/1475/704 1620/1478/724 1597/1479/725
f 1574/1475/704 1597/1479/725 1579/1480/705
f 1579/1480/705 1597/1479/725 1546/1481/726
f 1546/1481/726 1597/1479/725 1581/1482/727
f 1617/1476/723 1568/1477/648 1616/1483/728
f 1620/1478/724 1617/1476/723 1621/1484/729
f 1620/1478/724 1621/1484/729 1597/1479/725
f 1621/1484/729 1617/1476/723 1616/1483/728
f 1616/1483/728 1568/1477/648 1595/1485/730
f 1581/1482/727 1597/1479/725 1624/1486/731
f 1624/1486/731 1597/1479/725 1621/1484/729
f 1581/1482/727 1624/1486/731 1583/1487/732
f 1621/1484/729 1616/1483/728 1577/1488/733
f 1621/1484/729 1577/1488/733 1624/1486/731
f 1616/1483/728 1595/1485/730 1572/1489/734
f 1616/1483/728 1572/1489/734 1577/1488/733
f 1572/1489/734 1595/1485/730 1520/1490/735
f 1520/1490/735 1595/1485/730 1462/1491/657
f 1520/1490/735 1462/1491/657 1461/1492/661
f 1544/1493/736 1583/1487/732 1624/1486/731
f 1544/1493/736 1624/1486/731 1577/1488/733
f 1583/1487/732 1544/1493/736 1524/1494/737
f 1583/1487/732 1524/1494/737 1527/1495/738
f 1527/1495/738 1524/1494/737 1464/1496/739
f 1464/1496/739 1524/1494/737 1523/1497/740
f 1524/1494/737 1544/1493/736 1543/1498/741
f 1524/1494/737 1543/1498/741 1523/1497/740
f 1543/1498/741 1544/1493/736 1577/1488/733
f 1523/1497/740 1543/1498/741 1525/1499/742
f 1543/1498/741 1577/1488/733 1576/1500/743
f 1576/1500/743 1577/1488/733 1572/1489/734
f 1525/1499/742 1543/1498/741 1545/1501/744
f 1545/1501/744 1543/1498/741 1576/1500/743
f 1525/1499/742 1545/1501/744 1584/1502/745
f 1576/1500/743 1572/1489/734 1542/1503/746
f 1542/1503/746 1572/1489/734 1520/1490/735
f 1545/1501/744 1576/1500/743 1578/1504/747
f 1576/1500/743 1542/1503/746 1573/1505/748
f 1576/1500/743 1573/1505/748 1578/1504/747
f 1542/1503/746 1520/1490/735 1519/1506/749
f 1519/1506/749 1520/1490/735 1461/1492/661
f 1519/1506/749 1461/1492/661 1463/1507/665
f 1542/1503/746 1519/1506/749 1521/1508/750
f 1521/1508/750 1519/1506/749 1463/1507/665
f 1542/1503/746 1521/1508/750 1573/1505/748
f 1521/1508/750 1463/1507/665 1517/1509/667
f 1573/1505/748 1521/1508/750 1596/1510/751
f 1573/1505/748 1596/1510/751 1618/1511/752
f 1618/1511/752 1596/1510/751 1569/1512/753
f 1573/1505/748 1618/1511/752 1623/1513/754
f 1573/1505/748 1623/1513/754 1578/1504/747
f 1618/1511/752 1569/1512/753 1619/1514/755
f 1619/1514/755 1569/1512/753 1541/1515/756
f 1619/1514/755 1541/1515/756 1571/1516/757
f 1619/1514/755 1571/1516/757 1575/1517/758
f 1618/1511/752 1619/1514/755 1622/1518/759
f 1622/1518/759 1619/1514/755 1575/1517/758
f 1618/1511/752 1622/1518/759 1623/1513/754
f 1622/1518/759 1575/1517/758 1580/1519/760
f 1625/1520/761 1578/1504/747 1623/1513/754
f 1578/1504/747 1625/1520/761 1545/1501/744
f 1545/1501/744 1625/1520/761 1584/1502/745
f 1623/1513/754 1622/1518/759 1598/1521/762
f 1598/1521/762 1622/1518/759 1580/1519/760
f 1623/1513/754 1598/1521/762 1625/1520/761
f 1598/1521/762 1580/1519/760 1547/1522/763
f 1598/1521/762 1547/1522/763 1582/1523/764
f 1598/1521/762 1582/1523/764 1625/1520/761
f 1625/1520/761 1582/1523/764 1584/1502/745
f 1584/1502/745 1582/1523/764 1528/1524/765
f 1528/1524/765 1582/1523/764 1526/1525/766
f 1579/1526/705 1546/1527/726 1499/1528/709
f 1579/1526/705 1499/1528/709 1497/1529/706
f 1499/1528/709 1546/1527/726 1501/1530/767
f 1501/1530/767 1546/1527/726 1581/1531/727
f 1499/1528/709 1501/1530/767 1355/1532/710
f 1501/1530/767 1581/1531/727 1503/1533/768
f 1503/1533/768 1581/1531/727 1527/1534/738
f 1527/1534/738 1581/1531/727 1583/1535/732
f 1355/1532/710 1501/1530/767 1367/1536/769
f 1355/1532/710 1367/1536/769 916/1537/770
f 1355/1532/710 916/1537/770 914/1538/713
f 914/1539/713 916/1540/770 735/1541/771
f 735/1541/771 916/1540/770 918/1542/772
f 918/1542/772 916/1540/770 1367/1543/769
f 918/1542/772 1367/1543/769 1369/1544/773
f 1369/1544/773 1367/1543/769 1501/1545/767
f 1369/1544/773 1501/1545/767 1503/1546/768
f 1369/1544/773 1503/1546/768 1407/1547/774
f 1407/1547/774 1503/1546/768 1527/1548/738
f 1407/1547/774 1527/1548/738 1464/1549/739
f 918/1542/772 1369/1544/773 920/1550/775
f 920/1550/775 1369/1544/773 1407/1547/774
f 918/1542/772 920/1550/775 714/1551/776
f 918/1542/772 714/1551/776 735/1541/771
f 920/1550/775 1407/1547/774 892/1552/777
f 1407/1547/774 1464/1549/739 1376/1553/778
f 1407/1547/774 1376/1553/778 892/1552/777
f 1376/1553/778 1464/1549/739 1460/1554/779
f 735/1541/771 714/1551/776 516/1555/780
f 735/1541/771 516/1555/780 557/1556/781
f 557/1556/781 516/1555/780 451/1557/782
f 516/1555/780 714/1551/776 704/1558/783
f 704/1558/783 714/1551/776 920/1550/775
f 516/1555/780 704/1558/783 520/1559/784
s off
f 704/1558/785 920/1550/786 892/1552/787
s 16
f 520/1559/788 704/1558/789 518/1560/790
f 518/1560/790 704/1558/789 701/1561/791
f 701/1561/791 704/1558/789 892/1552/792
f 518/1560/790 701/1561/791 519/1562/793
f 519/1562/793 701/1561/791 702/1563/794
f 702/1563/794 701/1561/791 892/1552/792
f 519/1562/793 702/1563/794 521/1564/795
f 702/1563/794 892/1552/792 891/1565/796
f 891/1565/796 892/1552/792 1376/1553/797
f 521/1564/795 702/1563/794 703/1566/798
s off
f 703/1566/799 702/1563/800 891/1565/801
s 16
f 521/1564/795 703/1566/798 705/1567/802
f 521/1564/795 705/1567/802 522/1568/803
f 703/1566/798 891/1565/796 893/1569/804
f 703/1566/798 893/1569/804 705/1567/802
f 522/1568/803 705/1567/802 517/1570/805
f 891/1565/796 1376/1553/797 1377/1571/806
f 891/1565/796 1377/1571/806 893/1569/804
f 1377/1571/806 1376/1553/797 1460/1554/807
f 1377/1571/806 1460/1554/807 1465/1572/808
f 1377/1571/806 1465/1572/808 1378/1573/809
f 1377/1571/806 1378/1573/809 893/1569/804
f 1378/1573/809 1465/1572/808 1528/1574/810
s off
f 921/1575/811 705/1567/812 893/1569/813
s 16
f 921/1575/814 893/1569/804 1378/1573/809
f 715/1576/815 517/1570/805 705/1567/802
f 715/1576/815 705/1567/802 921/1575/814
f 517/1570/805 715/1576/815 558/1577/816
f 558/1577/816 715/1576/815 736/1578/817
f 1378/1573/809 1528/1574/810 1408/1579/818
f 1378/1573/809 1408/1579/818 921/1575/814
f 1408/1579/818 1528/1574/810 1526/1580/819
f 736/1578/817 715/1576/815 919/1581/820
f 919/1581/820 715/1576/815 921/1575/814
f 736/1578/817 919/1581/820 917/1582/821
f 917/1582/821 919/1581/820 1368/1583/822
f 1502/1584/823 1368/1583/822 1526/1580/819
f 921/1575/814 1408/1579/818 1370/1585/824
f 1370/1585/824 1408/1579/818 1526/1580/819
f 921/1575/814 1370/1585/824 919/1581/820
f 1370/1585/824 1526/1580/819 1368/1583/822
f 1370/1585/824 1368/1583/822 919/1581/820
f 1464/1586/825 1523/1587/826 1460/1588/807
f 1460/1588/807 1523/1587/826 1465/1589/808
f 1465/1589/808 1523/1587/826 1525/1590/827
f 1465/1589/808 1525/1590/827 1528/1591/810
f 1528/1591/810 1525/1590/827 1584/1592/828
f 518/1593/790 519/1594/793 471/1595/829
f 518/1593/790 471/1595/829 520/1596/788
f 471/1595/829 519/1594/793 472/1597/830
f 472/1597/830 519/1594/793 521/1598/795
f 520/1596/788 471/1595/829 474/1599/831
f 520/1596/788 474/1599/831 516/1600/832
f 471/1595/829 472/1597/830 418/1601/833
f 516/1600/832 474/1599/831 451/1602/834
f 474/1599/831 471/1595/829 417/1603/835
f 417/1603/835 471/1595/829 418/1601/833
f 474/1599/831 417/1603/835 419/1604/836
f 474/1599/831 419/1604/836 451/1602/834
f 418/1601/833 472/1597/830 475/1605/837
f 475/1605/837 472/1597/830 521/1598/795
f 418/1601/833 475/1605/837 421/1606/838
f 475/1605/837 521/1598/795 522/1607/803
f 421/1606/838 475/1605/837 452/1608/839
f 452/1608/839 475/1605/837 522/1607/803
f 421/1606/838 452/1608/839 420/1609/840
f 452/1608/839 522/1607/803 517/1610/805
f 420/1609/840 452/1608/839 473/1611/841
f 473/1611/841 452/1608/839 517/1610/805
f 420/1609/840 473/1611/841 416/1612/842
f 473/1611/841 517/1610/805 558/1613/816
f 416/1612/842 473/1611/841 489/1614/843
f 489/1614/843 473/1611/841 558/1613/816
f 416/1612/842 489/1614/843 469/1615/844
f 489/1614/843 558/1613/816 556/1616/845
f 408/1617/846 383/1618/847 419/1604/836
f 419/1604/836 383/1618/847 415/1619/848
f 419/1604/836 415/1619/848 451/1602/834
f 451/1602/834 415/1619/848 470/1620/849
f 451/1602/834 470/1620/849 557/1621/850
f 417/1622/835 418/1623/833 410/1624/851
f 410/1624/851 418/1623/833 421/1625/838
f 410/1624/851 421/1625/838 444/1626/852
f 444/1626/852 421/1625/838 420/1627/840
f 444/1626/852 420/1627/840 412/1628/853
f 412/1628/853 420/1627/840 416/1629/842
f 412/1628/853 416/1629/842 411/1630/854
f 444/1626/852 412/1628/853 403/1631/855
f 412/1628/853 411/1630/854 404/1632/856
f 412/1628/853 404/1632/856 403/1631/855
f 404/1632/856 411/1630/854 465/1633/857
f 404/1632/856 465/1633/857 486/1634/858
f 403/1631/855 404/1632/856 462/1635/859
f 462/1635/859 404/1632/856 486/1634/858
f 462/1635/859 486/1634/858 543/1636/860
f 543/1636/860 486/1634/858 546/1637/861
f 462/1635/859 543/1636/860 507/1638/862
f 403/1631/855 462/1635/859 461/1639/863
f 461/1639/863 462/1635/859 507/1638/862
f 403/1631/855 461/1639/863 405/1640/864
f 461/1639/863 507/1638/862 505/1641/865
f 461/1639/863 505/1641/865 463/1642/866
f 461/1639/863 463/1642/866 405/1640/864
f 463/1642/866 505/1641/865 508/1643/867
f 405/1640/864 463/1642/866 399/1644/868
f 463/1642/866 508/1643/867 458/1645/869
f 463/1642/866 458/1645/869 399/1644/868
f 458/1645/869 508/1643/867 504/1646/870
f 405/1640/864 399/1644/868 410/1624/851
f 458/1645/869 504/1646/870 459/1647/871
f 458/1645/869 459/1647/871 399/1644/868
f 459/1647/871 504/1646/870 506/1648/872
f 459/1647/871 506/1648/872 503/1649/873
f 399/1644/868 459/1647/871 401/1650/874
f 399/1644/868 401/1650/874 410/1624/851
f 459/1647/871 503/1649/873 456/1651/875
f 459/1647/871 456/1651/875 401/1650/874
f 456/1651/875 503/1649/873 541/1652/876
f 456/1651/875 541/1652/876 457/1653/877
f 401/1650/874 456/1651/875 398/1654/878
f 398/1654/878 456/1651/875 457/1653/877
f 410/1624/851 401/1650/874 408/1655/846
f 408/1655/846 401/1650/874 398/1654/878
f 410/1624/851 408/1655/846 417/1622/835
f 417/1622/835 408/1655/846 419/1656/836
f 408/1655/846 398/1654/878 383/1657/847
f 383/1657/847 398/1654/878 409/1658/879
f 383/1657/847 409/1658/879 415/1659/848
f 409/1658/879 398/1654/878 402/1660/880
f 402/1660/880 398/1654/878 457/1653/877
f 409/1658/879 402/1660/880 440/1661/881
f 440/1661/881 402/1660/880 464/1662/882
f 464/1662/882 402/1660/880 484/1663/883
f 484/1663/883 402/1660/880 457/1653/877
f 484/1663/883 457/1653/877 542/1664/884
f 484/1663/883 542/1664/884 544/1665/885
f 415/1666/848 409/1667/879 468/1668/886
f 415/1666/848 468/1668/886 470/1669/849
f 470/1669/849 468/1668/886 555/1670/887
f 470/1669/849 555/1670/887 557/1671/850
f 555/1670/887 468/1668/886 514/1672/888
f 514/1672/888 468/1668/886 440/1673/881
f 514/1672/888 440/1673/881 512/1674/889
f 512/1674/889 440/1673/881 464/1675/882
f 512/1674/889 464/1675/882 547/1676/890
f 547/1676/890 464/1675/882 544/1677/885
f 544/1677/885 464/1675/882 484/1678/883
f 735/1679/891 557/1680/850 733/1681/892
f 733/1681/892 557/1680/850 555/1682/887
f 735/1679/891 733/1681/892 914/1683/893
f 440/1684/881 468/1685/886 409/1686/879
f 405/1687/864 410/1688/851 444/1689/852
f 405/1687/864 444/1689/852 403/1690/855
f 724/1691/894 543/1692/860 726/1693/895
f 726/1693/895 543/1692/860 546/1694/861
f 724/1691/894 726/1693/895 939/1695/896
f 546/1696/861 486/1697/858 465/1698/857
f 546/1696/861 465/1698/857 548/1699/897
f 548/1699/897 465/1698/857 467/1700/898
f 467/1700/898 465/1698/857 411/1701/854
f 467/1700/898 411/1701/854 416/1702/842
f 548/1699/897 467/1700/898 513/1703/899
f 467/1700/898 416/1702/842 469/1704/844
f 467/1700/898 469/1704/844 513/1703/899
f 513/1703/899 469/1704/844 515/1705/900
f 515/1705/900 469/1704/844 556/1706/845
f 556/1706/845 469/1704/844 489/1707/843
f 726/1708/895 546/1709/861 728/1710/901
f 728/1710/901 546/1709/861 548/1711/897
f 728/1710/901 548/1711/897 513/1712/899
f 726/1708/895 728/1710/901 909/1713/902
f 726/1708/895 909/1713/902 939/1714/896
f 728/1710/901 513/1712/899 730/1715/903
f 728/1710/901 730/1715/903 909/1713/902
f 730/1715/903 513/1712/899 515/1716/900
f 939/1714/896 909/1713/902 1359/1717/904
f 730/1715/903 515/1716/900 732/1718/905
f 732/1718/905 515/1716/900 556/1719/845
f 909/1713/902 730/1715/903 911/1720/906
f 911/1720/906 730/1715/903 732/1718/905
f 1359/1717/904 909/1713/902 1361/1721/907
f 1361/1721/907 909/1713/902 911/1720/906
f 1359/1717/904 1361/1721/907 1493/1722/908
f 1493/1722/908 1361/1721/907 1494/1723/909
f 732/1718/905 556/1719/845 734/1724/910
f 734/1724/910 556/1719/845 558/1725/816
f 734/1724/910 558/1725/816 736/1726/817
f 734/1724/910 736/1726/817 917/1727/821
f 1494/1723/909 1361/1721/907 1363/1728/911
f 1363/1728/911 1361/1721/907 911/1720/906
f 1494/1723/909 1363/1728/911 1496/1729/912
f 913/1730/913 911/1720/906 732/1718/905
f 913/1730/913 732/1718/905 734/1724/910
f 911/1720/906 913/1730/913 1363/1728/911
f 734/1724/910 917/1727/821 915/1731/914
f 734/1724/910 915/1731/914 913/1730/913
f 915/1731/914 917/1727/821 1368/1732/822
f 1363/1728/911 913/1730/913 1365/1733/915
f 1365/1733/915 913/1730/913 915/1731/914
f 1363/1728/911 1365/1733/915 1496/1729/912
f 915/1731/914 1368/1732/822 1366/1734/916
f 915/1731/914 1366/1734/916 1365/1733/915
f 1366/1734/916 1368/1732/822 1502/1735/823
f 1496/1729/912 1365/1733/915 1498/1736/917
f 1496/1729/912 1498/1736/917 1575/1737/918
f 1575/1737/918 1498/1736/917 1580/1738/919
f 1498/1736/917 1365/1733/915 1500/1739/920
f 1498/1736/917 1500/1739/920 1580/1738/919
f 1500/1739/920 1365/1733/915 1366/1734/916
f 1500/1739/920 1366/1734/916 1502/1735/823
f 1580/1738/919 1500/1739/920 1547/1740/921
f 1547/1740/921 1500/1739/920 1502/1735/823
f 1547/1740/921 1502/1735/823 1582/1741/922
f 1582/1741/922 1502/1735/823 1526/1742/819
f 1359/1743/904 1493/1744/908 1491/1745/923
f 1491/1745/923 1493/1744/908 1541/1746/924
f 1491/1745/923 1541/1746/924 1569/1747/925
f 1541/1746/924 1493/1744/908 1571/1748/926
f 1491/1745/923 1569/1747/925 1518/1749/927
f 1571/1748/926 1493/1744/908 1494/1750/909
f 1571/1748/926 1494/1750/909 1496/1751/912
f 1571/1748/926 1496/1751/912 1575/1752/918
f 1518/1749/927 1569/1747/925 1596/1753/928
f 1518/1749/927 1596/1753/928 1517/1754/929
f 1517/1754/929 1596/1753/928 1521/1755/930
s 20
f 443/1756/931 437/1757/932 444/1758/933
f 443/1756/931 444/1758/933 449/1759/934
f 444/1758/933 437/1757/932 438/1760/935
s off
f 443/1756/936 449/1759/937 448/1761/938
s 20
f 449/1759/934 444/1758/933 446/1762/939
s off
f 443/1756/940 448/1761/941 445/1763/942
s 20
f 448/1761/943 449/1759/934 427/1764/944
f 437/1757/932 443/1756/931 439/1765/945
f 439/1765/945 443/1756/931 445/1763/946
f 437/1757/932 439/1765/945 400/1766/947
f 446/1762/939 444/1758/933 442/1767/948
f 442/1767/948 444/1758/933 438/1760/935
f 449/1759/934 446/1762/939 424/1768/949
f 449/1759/934 424/1768/949 427/1764/944
f 427/1764/944 424/1768/949 390/1769/950
f 427/1764/944 390/1769/950 392/1770/951
f 390/1769/950 424/1768/949 372/1771/952
f 427/1764/944 392/1770/951 426/1772/953
f 427/1764/944 426/1772/953 448/1761/943
f 426/1772/953 392/1770/951 393/1773/954
f 372/1771/952 424/1768/949 388/1774/955
f 388/1774/955 424/1768/949 446/1762/939
f 372/1771/952 388/1774/955 364/1775/956
f 448/1761/943 426/1772/953 450/1776/957
f 426/1772/953 393/1773/954 428/1777/958
f 426/1772/953 428/1777/958 450/1776/957
f 428/1777/958 393/1773/954 394/1778/959
f 428/1777/958 394/1778/959 391/1779/960
f 448/1761/943 450/1776/957 445/1763/961
f 450/1776/957 428/1777/958 425/1780/962
f 425/1780/962 428/1777/958 391/1779/960
f 445/1763/961 450/1776/957 447/1781/963
f 447/1781/963 450/1776/957 425/1780/962
f 425/1780/962 391/1779/960 389/1782/964
f 425/1780/962 389/1782/964 447/1781/963
f 389/1782/964 391/1779/960 371/1783/965
f 447/1781/963 389/1782/964 423/1784/966
f 423/1784/966 389/1782/964 370/1785/967
s off
f 445/1763/968 447/1781/969 441/1786/970
s 20
f 441/1786/971 447/1781/963 423/1784/966
f 423/1784/966 370/1785/967 386/1787/972
f 386/1787/972 370/1785/967 363/1788/973
f 423/1784/966 386/1787/972 385/1789/974
f 441/1786/971 423/1784/966 413/1790/975
f 413/1790/975 423/1784/966 385/1789/974
s off
f 445/1763/976 441/1786/977 435/1791/978
s 20
f 445/1763/946 435/1791/979 439/1765/945
f 441/1786/971 413/1790/975 407/1792/980
f 441/1786/971 407/1792/980 435/1791/979
f 439/1765/945 435/1791/979 395/1793/981
f 407/1792/980 413/1790/975 382/1794/982
f 382/1794/982 413/1790/975 385/1789/974
f 382/1794/982 385/1789/974 357/1795/983
f 357/1795/983 385/1789/974 359/1796/984
f 382/1794/982 357/1795/983 354/1797/985
f 382/1794/982 354/1797/985 368/1798/986
f 382/1794/982 368/1798/986 407/1792/980
f 368/1798/986 354/1797/985 353/1799/987
f 379/1800/988 435/1791/979 407/1792/980
f 379/1800/988 407/1792/980 368/1798/986
f 379/1800/988 368/1798/986 353/1799/987
f 435/1791/979 379/1800/988 395/1793/981
f 379/1800/988 353/1799/987 367/1801/989
f 379/1800/988 367/1801/989 395/1793/981
f 395/1793/981 367/1801/989 374/1802/990
f 395/1793/981 374/1802/990 378/1803/991
f 395/1793/981 378/1803/991 400/1766/947
f 395/1793/981 400/1766/947 439/1765/945
f 400/1766/947 378/1803/991 375/1804/992
f 400/1766/947 375/1804/992 396/1805/993
f 400/1766/947 396/1805/993 437/1757/932
f 396/1805/993 375/1804/992 376/1806/994
f 437/1757/932 396/1805/993 397/1807/995
f 397/1807/995 396/1805/993 376/1806/994
f 397/1807/995 376/1806/994 373/1808/996
f 437/1757/932 397/1807/995 438/1760/935
f 397/1807/995 373/1808/996 434/1809/997
f 397/1807/995 434/1809/997 438/1760/935
f 438/1760/935 434/1809/997 436/1810/998
s off
f 438/1760/999 436/1810/1000 442/1767/1001
s 20
f 436/1810/998 434/1809/997 377/1811/1002
f 377/1811/1002 434/1809/997 366/1812/1003
f 436/1810/998 377/1811/1002 406/1813/1004
f 406/1813/1004 377/1811/1002 380/1814/1005
f 406/1813/1004 380/1814/1005 381/1815/1006
f 406/1813/1004 381/1815/1006 384/1816/1007
f 436/1810/998 406/1813/1004 414/1817/1008
f 414/1817/1008 406/1813/1004 384/1816/1007
f 436/1810/998 414/1817/1008 442/1767/948
f 414/1817/1008 384/1816/1007 387/1818/1009
f 442/1767/948 414/1817/1008 422/1819/1010
f 422/1819/1010 414/1817/1008 387/1818/1009
f 442/1767/948 422/1819/1010 446/1762/939
f 446/1762/939 422/1819/1010 388/1774/955
f 422/1819/1010 387/1818/1009 369/1820/1011
f 422/1819/1010 369/1820/1011 388/1774/955
f 369/1820/1011 387/1818/1009 362/1821/1012
f 388/1774/955 369/1820/1011 364/1775/956
f 364/1775/956 369/1820/1011 362/1821/1012
f 372/1822/952 364/1823/956 341/1824/1013
f 337/1825/1014 364/1823/956 362/1826/1012
f 364/1823/956 337/1825/1014 341/1824/1013
f 372/1822/952 341/1824/1013 348/1827/1015
f 372/1822/952 348/1827/1015 390/1828/950
f 341/1824/1013 337/1825/1014 301/1829/1016
f 301/1829/1016 337/1825/1014 299/1830/1017
f 301/1829/1016 299/1830/1017 255/1831/1018
f 341/1824/1013 301/1829/1016 303/1832/1019
f 341/1824/1013 303/1832/1019 348/1827/1015
f 301/1829/1016 255/1831/1018 240/1833/1020
f 301/1829/1016 240/1833/1020 303/1832/1019
f 240/1833/1020 255/1831/1018 226/1834/1021
f 226/1834/1021 255/1831/1018 224/1835/1022
f 240/1833/1020 226/1834/1021 207/1836/1023
f 240/1833/1020 207/1836/1023 234/1837/1024
f 240/1833/1020 234/1837/1024 303/1832/1019
f 234/1837/1024 207/1836/1023 209/1838/1025
f 234/1837/1024 209/1838/1025 206/1839/1026
f 303/1832/1019 234/1837/1024 305/1840/1027
f 303/1832/1019 305/1840/1027 348/1827/1015
f 234/1837/1024 206/1839/1026 233/1841/1028
f 234/1837/1024 233/1841/1028 305/1840/1027
f 233/1841/1028 206/1839/1026 211/1842/1029
f 348/1827/1015 305/1840/1027 349/1843/1030
f 348/1827/1015 349/1843/1030 390/1828/950
f 390/1828/950 349/1843/1030 392/1844/951
f 233/1841/1028 211/1842/1029 236/1845/1031
f 233/1841/1028 236/1845/1031 305/1840/1027
f 236/1845/1031 211/1842/1029 237/1846/1032
f 237/1846/1032 211/1842/1029 212/1847/1033
f 305/1840/1027 236/1845/1031 306/1848/1034
f 305/1840/1027 306/1848/1034 349/1843/1030
f 236/1845/1031 237/1846/1032 307/1849/1035
f 236/1845/1031 307/1849/1035 306/1848/1034
f 237/1846/1032 212/1847/1033 235/1850/1036
f 237/1846/1032 235/1850/1036 307/1849/1035
f 235/1850/1036 212/1847/1033 210/1851/1037
f 235/1850/1036 210/1851/1037 208/1852/1038
f 349/1843/1030 306/1848/1034 350/1853/1039
f 349/1843/1030 350/1853/1039 392/1844/951
f 392/1844/951 350/1853/1039 393/1854/954
f 350/1853/1039 306/1848/1034 351/1855/1040
f 350/1853/1039 351/1855/1040 393/1854/954
f 351/1855/1040 306/1848/1034 307/1849/1035
f 393/1854/954 351/1855/1040 394/1856/959
f 394/1856/959 351/1855/1040 342/1857/1041
f 342/1857/1041 351/1855/1040 307/1849/1035
f 394/1856/959 342/1857/1041 391/1858/960
f 391/1858/960 342/1857/1041 371/1859/965
f 342/1857/1041 307/1849/1035 304/1860/1042
f 304/1860/1042 307/1849/1035 235/1850/1036
f 371/1859/965 342/1857/1041 340/1861/1043
f 340/1861/1043 342/1857/1041 304/1860/1042
f 371/1859/965 340/1861/1043 365/1862/1044
f 365/1862/1044 340/1861/1043 336/1863/1045
f 336/1863/1045 340/1861/1043 302/1864/1046
f 302/1864/1046 340/1861/1043 304/1860/1042
f 336/1863/1045 302/1864/1046 300/1865/1047
f 304/1860/1042 235/1850/1036 241/1866/1048
f 304/1860/1042 241/1866/1048 302/1864/1046
f 241/1866/1048 235/1850/1036 208/1852/1038
f 300/1865/1047 302/1864/1046 254/1867/1049
f 254/1867/1049 302/1864/1046 241/1866/1048
f 254/1867/1049 241/1866/1048 208/1852/1038
f 254/1867/1049 208/1852/1038 227/1868/1050
f 254/1867/1049 227/1868/1050 225/1869/1051
f 254/1867/1049 225/1869/1051 253/1870/1052
f 254/1867/1049 253/1870/1052 298/1871/1053
f 337/1872/1014 362/1873/1012 334/1874/1054
f 337/1872/1014 334/1874/1054 297/1875/1055
f 337/1872/1014 297/1875/1055 299/1876/1017
f 299/1876/1017 297/1875/1055 252/1877/1056
f 299/1876/1017 252/1877/1056 255/1878/1018
f 255/1878/1018 252/1877/1056 224/1879/1022
f 252/1877/1056 297/1875/1055 250/1880/1057
f 250/1880/1057 297/1875/1055 295/1881/1058
f 295/1881/1058 297/1875/1055 334/1874/1054
f 250/1880/1057 295/1881/1058 248/1882/1059
f 332/1883/1060 334/1874/1054 362/1873/1012
f 334/1874/1054 332/1883/1060 295/1881/1058
f 332/1883/1060 362/1873/1012 360/1884/1061
f 360/1884/1061 362/1873/1012 387/1885/1009
f 360/1884/1061 387/1885/1009 384/1886/1007
f 332/1883/1060 360/1884/1061 358/1887/1062
f 248/1882/1059 295/1881/1058 293/1888/1063
f 293/1888/1063 295/1881/1058 332/1883/1060
f 248/1882/1059 293/1888/1063 247/1889/1064
f 332/1883/1060 358/1887/1062 330/1890/1065
f 332/1883/1060 330/1890/1065 293/1888/1063
f 330/1890/1065 358/1887/1062 356/1891/1066
f 247/1889/1064 293/1888/1063 292/1892/1067
f 292/1892/1067 293/1888/1063 330/1890/1065
f 247/1889/1064 292/1892/1067 245/1893/1068
f 245/1893/1068 292/1892/1067 290/1894/1069
f 292/1892/1067 330/1890/1065 329/1895/1070
f 329/1895/1070 330/1890/1065 356/1891/1066
f 292/1892/1067 329/1895/1070 290/1894/1069
f 329/1895/1070 356/1891/1066 355/1896/1071
f 290/1894/1069 329/1895/1070 326/1897/1072
f 326/1897/1072 329/1895/1070 355/1896/1071
f 252/1898/1056 250/1899/1057 224/1900/1022
f 224/1900/1022 250/1899/1057 222/1901/1073
f 222/1901/1073 250/1899/1057 248/1902/1059
f 224/1900/1022 222/1901/1073 184/1903/1074
f 224/1900/1022 184/1903/1074 204/1904/1075
f 222/1901/1073 248/1902/1059 220/1905/1076
f 222/1901/1073 220/1905/1076 184/1903/1074
f 220/1905/1076 248/1902/1059 247/1906/1064
f 184/1903/1074 220/1905/1076 177/1907/1077
f 177/1907/1077 220/1905/1076 218/1908/1078
f 218/1908/1078 220/1905/1076 247/1906/1064
f 177/1907/1077 218/1908/1078 169/1909/1079
f 169/1909/1079 218/1908/1078 217/1910/1080
f 217/1910/1080 218/1908/1078 247/1906/1064
f 217/1910/1080 247/1906/1064 245/1911/1068
f 226/1912/1021 224/1913/1022 204/1914/1075
f 226/1912/1021 204/1914/1075 192/1915/1081
f 226/1912/1021 192/1915/1081 207/1916/1023
f 192/1915/1081 204/1914/1075 153/1917/1082
f 153/1917/1082 204/1914/1075 184/1918/1074
f 153/1917/1082 184/1918/1074 177/1919/1077
f 153/1917/1082 177/1919/1077 151/1920/1083
f 192/1915/1081 153/1917/1082 130/1921/1084
f 207/1916/1023 192/1915/1081 158/1922/1085
f 158/1922/1085 192/1915/1081 130/1921/1084
f 207/1916/1023 158/1922/1085 209/1923/1025
f 158/1922/1085 130/1921/1084 154/1924/1086
f 154/1924/1086 130/1921/1084 123/1925/1087
f 154/1924/1086 123/1925/1087 133/1926/1088
f 209/1923/1025 158/1922/1085 157/1927/1089
f 209/1923/1025 157/1927/1089 206/1928/1026
f 206/1928/1026 157/1927/1089 159/1929/1090
f 159/1929/1090 157/1927/1089 133/1926/1088
f 206/1928/1026 159/1929/1090 211/1930/1029
f 159/1929/1090 133/1926/1088 162/1931/1091
f 159/1929/1090 162/1931/1091 211/1930/1029
f 211/1930/1029 162/1931/1091 212/1932/1033
f 162/1931/1091 133/1926/1088 134/1933/1092
f 212/1932/1033 162/1931/1091 210/1934/1037
f 162/1931/1091 134/1933/1092 194/1935/1093
f 162/1931/1091 194/1935/1093 210/1934/1037
f 210/1934/1037 194/1935/1093 208/1936/1038
f 194/1935/1093 134/1933/1092 156/1937/1094
f 208/1936/1038 194/1935/1093 193/1938/1095
f 193/1938/1095 194/1935/1093 156/1937/1094
f 208/1936/1038 193/1938/1095 227/1939/1050
f 125/1940/1096 156/1937/1094 129/1941/1097
f 156/1937/1094 125/1940/1096 155/1942/1098
f 156/1937/1094 155/1942/1098 193/1938/1095
f 193/1938/1095 155/1942/1098 205/1943/1099
f 193/1938/1095 205/1943/1099 227/1939/1050
f 205/1943/1099 155/1942/1098 183/1944/1100
f 227/1939/1050 205/1943/1099 225/1945/1051
f 177/1946/1077 169/1947/1079 151/1948/1083
f 151/1948/1083 169/1947/1079 147/1949/1101
f 147/1949/1101 169/1947/1079 201/1950/1102
f 201/1950/1102 169/1947/1079 217/1951/1080
f 201/1950/1102 217/1951/1080 215/1952/1103
f 201/1950/1102 215/1952/1103 167/1953/1104
f 201/1950/1102 167/1953/1104 147/1949/1101
f 167/1953/1104 215/1952/1103 198/1954/1105
f 151/1948/1083 147/1949/1101 124/1955/1106
f 151/1948/1083 124/1955/1106 153/1956/1082
f 153/1956/1082 124/1955/1106 130/1957/1084
f 130/1957/1084 124/1955/1106 123/1958/1087
f 124/1955/1106 147/1949/1101 149/1959/1107
f 149/1959/1107 147/1949/1101 167/1953/1104
f 124/1955/1106 149/1959/1107 123/1958/1087
f 167/1953/1104 198/1954/1105 166/1960/1108
f 167/1953/1104 166/1960/1108 149/1959/1107
f 166/1960/1108 198/1954/1105 197/1961/1109
f 123/1958/1087 149/1959/1107 146/1962/1110
f 146/1962/1110 149/1959/1107 166/1960/1108
f 166/1960/1108 197/1961/1109 165/1963/1111
f 166/1960/1108 165/1963/1111 146/1962/1110
f 165/1963/1111 197/1961/1109 213/1964/1112
f 123/1958/1087 146/1962/1110 127/1965/1113
f 123/1958/1087 127/1965/1113 133/1966/1088
f 133/1966/1088 127/1965/1113 134/1967/1092
s off
f 134/1967/1114 127/1965/1115 129/1968/1116
s 20
f 134/1967/1092 129/1968/1097 156/1969/1094
f 129/1968/1097 127/1965/1113 120/1970/1117
f 127/1965/1113 146/1962/1110 148/1971/1118
f 148/1971/1118 146/1962/1110 165/1963/1111
f 127/1965/1113 148/1971/1118 120/1970/1117
f 129/1968/1097 120/1970/1117 125/1972/1096
f 148/1971/1118 165/1963/1111 142/1973/1119
f 142/1973/1119 165/1963/1111 213/1964/1112
f 142/1973/1119 213/1964/1112 196/1974/1120
f 148/1971/1118 142/1973/1119 144/1975/1121
f 144/1975/1121 142/1973/1119 196/1974/1120
f 148/1971/1118 144/1975/1121 120/1970/1117
f 144/1975/1121 196/1974/1120 199/1976/1122
f 144/1975/1121 199/1976/1122 163/1977/1123
f 144/1975/1121 163/1977/1123 141/1978/1124
f 144/1975/1121 141/1978/1124 120/1970/1117
f 141/1978/1124 163/1977/1123 195/1979/1125
f 120/1970/1117 141/1978/1124 119/1980/1126
f 120/1970/1117 119/1980/1126 125/1972/1096
f 141/1978/1124 195/1979/1125 164/1981/1127
f 141/1978/1124 164/1981/1127 119/1980/1126
f 164/1981/1127 195/1979/1125 214/1982/1128
f 164/1981/1127 214/1982/1128 200/1983/1129
f 200/1983/1129 214/1982/1128 216/1984/1130
f 164/1981/1127 200/1983/1129 145/1985/1131
f 164/1981/1127 145/1985/1131 119/1980/1126
f 145/1985/1131 200/1983/1129 168/1986/1132
f 145/1985/1131 168/1986/1132 176/1987/1133
f 145/1985/1131 176/1987/1133 152/1988/1134
f 145/1985/1131 152/1988/1134 119/1980/1126
f 119/1980/1126 152/1988/1134 125/1972/1096
f 125/1972/1096 152/1988/1134 155/1989/1098
f 155/1989/1098 152/1988/1134 183/1990/1100
f 158/1991/1085 154/1992/1086 157/1993/1089
f 157/1993/1089 154/1992/1086 133/1994/1088
f 389/1995/964 371/1996/965 365/1997/1044
f 389/1995/964 365/1997/1044 370/1998/967
f 370/1998/967 365/1997/1044 363/1999/973
f 363/1999/973 365/1997/1044 336/2000/1045
f 363/1999/973 336/2000/1045 335/2001/1135
f 335/2001/1135 336/2000/1045 300/2002/1047
f 335/2001/1135 300/2002/1047 298/2003/1053
f 298/2003/1053 300/2002/1047 254/2004/1049
f 363/2005/973 335/2006/1135 333/2007/1136
f 333/2007/1136 335/2006/1135 298/2008/1053
f 363/2005/973 333/2007/1136 361/2009/1137
f 333/2007/1136 298/2008/1053 296/2010/1138
f 361/2009/1137 333/2007/1136 331/2011/1139
f 331/2011/1139 333/2007/1136 296/2010/1138
f 361/2009/1137 331/2011/1139 359/2012/984
f 296/2010/1138 298/2008/1053 253/2013/1052
f 359/2012/984 331/2011/1139 328/2014/1140
f 359/2012/984 328/2014/1140 357/2015/983
f 357/2015/983 328/2014/1140 354/2016/985
f 354/2016/985 328/2014/1140 327/2017/1141
f 328/2014/1140 331/2011/1139 294/2018/1142
f 294/2018/1142 331/2011/1139 296/2010/1138
f 327/2017/1141 328/2014/1140 291/2019/1143
f 291/2019/1143 328/2014/1140 294/2018/1142
f 327/2017/1141 291/2019/1143 289/2020/1144
f 291/2019/1143 294/2018/1142 249/2021/1145
f 294/2018/1142 296/2010/1138 251/2022/1146
f 294/2018/1142 251/2022/1146 249/2021/1145
f 251/2022/1146 296/2010/1138 253/2013/1052
f 251/2022/1146 253/2013/1052 223/2023/1147
f 223/2023/1147 253/2013/1052 225/2024/1051
f 251/2022/1146 223/2023/1147 221/2025/1148
f 291/2019/1143 249/2021/1145 246/2026/1149
f 291/2019/1143 246/2026/1149 289/2020/1144
f 246/2026/1149 249/2021/1145 219/2027/1150
f 246/2026/1149 219/2027/1150 216/2028/1130
f 246/2026/1149 216/2028/1130 244/2029/1151
f 246/2026/1149 244/2029/1151 289/2020/1144
f 289/2020/1144 244/2029/1151 285/2030/1152
f 289/2020/1144 285/2030/1152 325/2031/1153
f 363/2032/973 361/2033/1137 386/2034/972
f 386/2034/972 361/2033/1137 359/2035/984
f 386/2034/972 359/2035/984 385/2036/974
f 223/2037/1147 225/2038/1051 183/2039/1100
f 183/2039/1100 225/2038/1051 205/2040/1099
f 223/2037/1147 183/2039/1100 176/2041/1133
f 223/2037/1147 176/2041/1133 221/2042/1148
f 221/2042/1148 176/2041/1133 168/2043/1132
f 200/2044/1129 216/2045/1130 168/2043/1132
f 168/2043/1132 216/2045/1130 219/2046/1150
f 168/2043/1132 219/2046/1150 221/2042/1148
f 221/2042/1148 219/2046/1150 249/2047/1145
f 221/2042/1148 249/2047/1145 251/2048/1146
f 183/2049/1100 152/2050/1134 176/2051/1133
f 215/2052/1103 217/2053/1080 245/2054/1068
f 215/2052/1103 245/2054/1068 242/2055/1154
f 242/2055/1154 245/2054/1068 290/2056/1069
f 215/2052/1103 242/2055/1154 198/2057/1105
f 198/2057/1105 242/2055/1154 239/2058/1155
f 239/2058/1155 242/2055/1154 280/2059/1156
f 280/2059/1156 242/2055/1154 287/2060/1157
f 280/2059/1156 287/2060/1157 324/2061/1158
f 198/2057/1105 239/2058/1155 231/2062/1159
f 198/2057/1105 231/2062/1159 197/2063/1109
f 239/2058/1155 280/2059/1156 284/2064/1160
f 239/2058/1155 284/2064/1160 231/2062/1159
f 280/2059/1156 324/2061/1158 339/2065/1161
f 280/2059/1156 339/2065/1161 284/2064/1160
f 339/2065/1161 324/2061/1158 352/2066/1162
f 339/2065/1161 352/2066/1162 366/2067/1003
f 339/2065/1161 366/2067/1003 343/2068/1163
f 339/2065/1161 343/2068/1163 284/2064/1160
f 343/2068/1163 366/2067/1003 373/2069/996
f 283/2070/1164 231/2062/1159 284/2064/1160
f 283/2070/1164 284/2064/1160 343/2068/1163
f 230/2071/1165 197/2063/1109 231/2062/1159
f 230/2071/1165 231/2062/1159 283/2070/1164
f 197/2063/1109 230/2071/1165 213/2072/1112
f 343/2068/1163 373/2069/996 346/2073/1166
f 343/2068/1163 346/2073/1166 283/2070/1164
f 346/2073/1166 373/2069/996 376/2074/994
f 213/2072/1112 230/2071/1165 229/2075/1167
f 229/2075/1167 230/2071/1165 283/2070/1164
f 213/2072/1112 229/2075/1167 196/2076/1120
f 283/2070/1164 346/2073/1166 286/2077/1168
f 283/2070/1164 286/2077/1168 229/2075/1167
f 346/2073/1166 376/2074/994 345/2078/1169
f 346/2073/1166 345/2078/1169 286/2077/1168
f 345/2078/1169 376/2074/994 375/2079/992
f 229/2075/1167 286/2077/1168 288/2080/1170
f 288/2080/1170 286/2077/1168 345/2078/1169
f 232/2081/1171 196/2076/1120 229/2075/1167
f 232/2081/1171 229/2075/1167 288/2080/1170
f 196/2076/1120 232/2081/1171 199/2082/1122
f 199/2082/1122 232/2081/1171 163/2083/1123
f 345/2078/1169 375/2079/992 347/2084/1172
f 345/2078/1169 347/2084/1172 288/2080/1170
f 347/2084/1172 375/2079/992 378/2085/991
f 347/2084/1172 378/2085/991 344/2086/1173
f 347/2084/1172 344/2086/1173 288/2080/1170
f 344/2086/1173 378/2085/991 374/2087/990
f 344/2086/1173 374/2087/990 367/2088/989
f 228/2089/1174 163/2083/1123 232/2081/1171
f 228/2089/1174 232/2081/1171 288/2080/1170
f 163/2083/1123 228/2089/1174 195/2090/1125
f 288/2080/1170 344/2086/1173 281/2091/1175
f 288/2080/1170 281/2091/1175 228/2089/1174
f 344/2086/1173 367/2088/989 338/2092/1176
f 344/2086/1173 338/2092/1176 281/2091/1175
f 195/2090/1125 228/2089/1174 238/2093/1177
f 238/2093/1177 228/2089/1174 281/2091/1175
f 195/2090/1125 238/2093/1177 214/2094/1128
f 281/2091/1175 338/2092/1176 282/2095/1178
f 281/2091/1175 282/2095/1178 238/2093/1177
f 338/2092/1176 367/2088/989 325/2096/1153
f 338/2092/1176 325/2096/1153 282/2095/1178
f 325/2096/1153 367/2088/989 353/2097/987
f 325/2096/1153 353/2097/987 327/2098/1141
f 327/2098/1141 353/2097/987 354/2099/985
f 325/2096/1153 327/2098/1141 289/2100/1144
f 282/2095/1178 325/2096/1153 285/2101/1152
f 243/2102/1179 238/2093/1177 282/2095/1178
f 243/2102/1179 282/2095/1178 285/2101/1152
f 238/2093/1177 243/2102/1179 214/2094/1128
f 243/2102/1179 285/2101/1152 244/2103/1151
f 214/2094/1128 243/2102/1179 216/2104/1130
f 216/2104/1130 243/2102/1179 244/2103/1151
f 290/2105/1069 326/2106/1072 287/2107/1157
f 290/2105/1069 287/2107/1157 242/2108/1154
f 287/2107/1157 326/2106/1072 324/2109/1158
f 324/2109/1158 326/2106/1072 355/2110/1071
f 324/2109/1158 355/2110/1071 352/2111/1162
f 352/2111/1162 355/2110/1071 380/2112/1005
f 352/2111/1162 380/2112/1005 377/2113/1002
f 352/2111/1162 377/2113/1002 366/2114/1003
f 366/2115/1003 434/2116/997 373/2117/996
s 24
f 1539/2118/1180 1568/2119/1181 1516/2120/1182
f 1568/2119/1181 1539/2118/1180 1595/2121/1183
f 1595/2121/1183 1539/2118/1180 1462/2122/1184
s 25
f 1300/2123/1185 1305/2124/1186 1304/2125/1187
f 1305/2124/1186 1300/2123/1185 1303/2126/1188
f 1305/2124/1186 1303/2126/1188 1301/2127/1189
f 1305/2124/1186 1301/2127/1189 1304/2125/1187
f 1303/2126/1188 1300/2123/1185 1290/2128/1190
f 1290/2128/1190 1300/2123/1185 1298/2129/1191
f 1298/2129/1191 1300/2123/1185 1304/2125/1187
f 1290/2128/1190 1298/2129/1191 1289/2130/1192
f 1289/2130/1192 1298/2129/1191 1296/2131/1193
f 1296/2131/1193 1298/2129/1191 1304/2125/1187
f 1304/2125/1187 1301/2127/1189 1306/2132/1194
f 1306/2132/1194 1301/2127/1189 1302/2133/1195
f 1306/2132/1194 1302/2133/1195 1299/2134/1196
f 1306/2132/1194 1299/2134/1196 1304/2125/1187
f 1299/2134/1196 1302/2133/1195 1291/2135/1197
f 1299/2134/1196 1291/2135/1197 1297/2136/1198
f 1299/2134/1196 1297/2136/1198 1304/2125/1187
f 1297/2136/1198 1291/2135/1197 1288/2137/1199
f 1297/2136/1198 1288/2137/1199 1295/2138/1200
f 1297/2136/1198 1295/2138/1200 1304/2125/1187
f 1295/2138/1200 1288/2137/1199 1286/2139/1201
f 1295/2138/1200 1286/2139/1201 1293/2140/1202
f 1295/2138/1200 1293/2140/1202 1304/2125/1187
f 1293/2140/1202 1286/2139/1201 1285/2141/1203
f 1293/2140/1202 1285/2141/1203 1283/2142/1204
f 1304/2125/1187 1293/2140/1202 1292/2143/1205
f 1292/2143/1205 1293/2140/1202 1283/2142/1204
f 1304/2125/1187 1292/2143/1205 1294/2144/1206
f 1294/2144/1206 1292/2143/1205 1283/2142/1204
f 1304/2125/1187 1294/2144/1206 1296/2131/1193
f 1294/2144/1206 1283/2142/1204 1284/2145/1207
f 1294/2144/1206 1284/2145/1207 1296/2131/1193
f 1296/2131/1193 1284/2145/1207 1287/2146/1208
f 1301/2147/1189 1303/2148/1188 1248/2149/1209
f 1301/2147/1189 1248/2149/1209 1302/2150/1195
f 1248/2149/1209 1303/2148/1188 1249/2151/1210
f 1302/2150/1195 1248/2149/1209 1250/2152/1211
f 1248/2149/1209 1249/2151/1210 955/2153/1212
f 1248/2149/1209 955/2153/1212 1250/2152/1211
f 955/2153/1212 1249/2151/1210 886/2154/1213
f 1250/2152/1211 955/2153/1212 884/2155/1214
f 1249/2156/1210 1303/2157/1188 1290/2158/1190
f 1249/2156/1210 1290/2158/1190 1223/2159/1215
f 1223/2159/1215 1290/2158/1190 1289/2160/1192
f 1249/2156/1210 1223/2159/1215 886/2161/1213
f 1223/2159/1215 1289/2160/1192 1221/2162/1216
f 886/2161/1213 1223/2159/1215 876/2163/1217
f 1223/2159/1215 1221/2162/1216 871/2164/1218
f 1223/2159/1215 871/2164/1218 876/2163/1217
f 1289/2165/1192 1296/2166/1193 1287/2167/1208
f 1289/2165/1192 1287/2167/1208 1221/2168/1216
f 1221/2168/1216 1287/2167/1208 1220/2169/1219
f 1220/2169/1219 1287/2167/1208 1232/2170/1220
f 1232/2170/1220 1287/2167/1208 1284/2171/1207
f 1221/2168/1216 1220/2169/1219 871/2172/1218
f 871/2172/1218 1220/2169/1219 868/2173/1221
s 26
f 871/2172/1222 868/2173/1223 31/2174/1224
f 871/2172/1222 31/2174/1224 33/2175/1225
f 33/2175/1225 31/2174/1224 2283/2176/1226
f 33/2175/1225 2283/2176/1226 2285/2177/1227
s 25
f 886/2178/1213 876/2179/1217 885/2180/1228
f 885/2180/1228 876/2179/1217 881/2181/1229
f 881/2181/1229 876/2179/1217 864/2182/1230
f 864/2182/1230 876/2179/1217 871/2183/1218
f 864/2182/1230 871/2183/1218 868/2184/1231
f 886/2185/1213 885/2186/1228 955/2187/1212
f 885/2188/1228 881/2189/1229 955/2190/1212
f 955/2190/1212 881/2189/1229 883/2191/1232
f 1302/2192/1195 1250/2193/1211 1291/2194/1197
f 1291/2194/1197 1250/2193/1211 1222/2195/1233
f 1222/2195/1233 1250/2193/1211 884/2196/1214
f 1291/2194/1197 1222/2195/1233 1288/2197/1199
f 1222/2195/1233 884/2196/1214 875/2198/1234
f 1288/2197/1199 1222/2195/1233 1235/2199/1235
f 1235/2199/1235 1222/2195/1233 875/2198/1234
f 1288/2197/1199 1235/2199/1235 1286/2200/1201
f 1235/2199/1235 875/2198/1234 869/2201/1236
f 1286/2200/1201 1235/2199/1235 1234/2202/1237
f 1235/2199/1235 869/2201/1236 867/2203/1238
f 1235/2199/1235 867/2203/1238 1234/2202/1237
f 884/2204/1214 955/2205/1212 883/2206/1232
f 884/2207/1214 883/2208/1232 875/2209/1234
f 875/2209/1234 883/2208/1232 881/2210/1229
f 875/2209/1234 881/2210/1229 867/2211/1238
f 875/2209/1234 867/2211/1238 869/2212/1236
f 867/2211/1238 881/2210/1229 865/2213/1239
f 865/2213/1239 881/2210/1229 862/2214/1240
f 1284/2215/1207 1283/2216/1204 1232/2217/1220
f 1232/2217/1220 1283/2216/1204 1231/2218/1241
f 1231/2218/1241 1283/2216/1204 1285/2219/1203
f 868/2220/1221 1220/2221/1219 1232/2217/1220
f 1231/2218/1241 1285/2219/1203 1233/2222/1242
f 1233/2222/1242 1285/2219/1203 1286/2223/1201
f 1233/2222/1242 1286/2223/1201 1234/2224/1237
f 1232/2217/1220 1231/2218/1241 864/2225/1243
f 1232/2217/1220 864/2225/1243 868/2220/1221
f 1231/2218/1241 1233/2222/1242 901/2226/1244
f 1231/2218/1241 901/2226/1244 864/2225/1243
f 1233/2222/1242 1234/2224/1237 902/2227/1245
f 1233/2222/1242 902/2227/1245 901/2226/1244
f 902/2227/1245 1234/2224/1237 867/2228/1238
f 902/2227/1245 867/2228/1238 865/2229/1239
f 902/2227/1245 865/2229/1239 901/2226/1244
f 901/2226/1244 865/2229/1239 862/2230/1240
f 901/2226/1244 862/2230/1240 863/2231/1246
s 26
f 27/2232/1247 864/2225/1248 862/2230/1249
f 27/2232/1247 862/2230/1249 866/2233/1250
f 29/2234/1251 866/2233/1250 867/2228/1252
f 866/2233/1250 29/2234/1251 28/2235/1253
f 866/2233/1250 28/2235/1253 27/2232/1247
f 28/2235/1253 29/2234/1251 2271/2236/1254
f 28/2235/1253 2271/2236/1254 2270/2237/1255
f 28/2235/1253 2270/2237/1255 2269/2238/1256
f 28/2235/1253 2269/2238/1256 27/2232/1247
f 27/2232/1247 2269/2238/1256 2282/2239/1257
f 30/2240/1258 864/2225/1248 27/2232/1247
f 30/2240/1258 27/2232/1247 2282/2239/1257
f 864/2225/1248 30/2240/1258 868/2220/1223
f 868/2220/1223 30/2240/1258 31/2241/1224
f 31/2241/1224 30/2240/1258 2282/2239/1257
f 31/2241/1224 2282/2239/1257 2283/2242/1226
s 25
f 864/2243/1243 901/2244/1244 863/2245/1246
s off
f 863/2246/1259 862/2247/1260 864/2248/1261
s 29
f 863/2249/1262 864/2250/1263 881/2251/1264
f 863/2249/1262 881/2251/1264 862/2252/1265
s off
f 862/2253/1266 881/2254/1267 864/2255/1268
s 26
f 862/2256/1249 864/2257/1269 877/2258/1270
f 877/2258/1270 864/2257/1269 868/2259/1271
f 862/2256/1249 877/2258/1270 866/2260/1250
f 877/2258/1270 868/2259/1271 871/2261/1222
f 866/2260/1250 877/2258/1270 867/2262/1252
f 877/2258/1270 871/2261/1222 874/2263/1272
f 877/2258/1270 874/2263/1272 882/2264/1273
f 867/2262/1252 877/2258/1270 869/2265/1274
f 869/2265/1274 877/2258/1270 873/2266/1275
f 873/2266/1275 877/2258/1270 880/2267/1276
f 867/2268/1252 869/2269/1274 32/2270/1277
f 867/2268/1252 32/2270/1277 29/2271/1251
f 29/2271/1251 32/2270/1277 2272/2272/1278
f 29/2271/1251 2272/2272/1278 2271/2273/1254
f 2272/2272/1278 32/2270/1277 2273/2274/1279
f 32/2270/1277 869/2269/1274 34/2275/1280
f 32/2270/1277 34/2275/1280 2273/2274/1279
f 34/2275/1280 869/2269/1274 873/2276/1275
f 34/2275/1280 873/2276/1275 880/2277/1276
f 34/2275/1280 880/2277/1276 36/2278/1281
f 34/2275/1280 36/2278/1281 2273/2274/1279
f 2273/2274/1279 36/2278/1281 2274/2279/1282
f 2271/2280/1254 2272/2281/1278 2275/2282/1283
f 2275/2282/1283 2272/2281/1278 2273/2283/1279
f 2275/2282/1283 2273/2283/1279 2274/2284/1282
f 2271/2280/1254 2275/2282/1283 2270/2285/1255
f 2270/2285/1255 2275/2282/1283 2269/2286/1256
f 2269/2286/1256 2275/2282/1283 2282/2287/1257
f 2282/2287/1257 2275/2282/1283 2283/2288/1226
f 2283/2288/1226 2275/2282/1283 2285/2289/1227
f 2285/2289/1227 2275/2282/1283 2286/2290/1284
f 871/2291/1222 33/2292/1225 874/2293/1272
f 874/2293/1272 33/2292/1225 35/2294/1285
f 35/2294/1285 33/2292/1225 2285/2295/1227
f 874/2293/1272 35/2294/1285 37/2296/1286
f 874/2293/1272 37/2296/1286 882/2297/1273
f 37/2296/1286 35/2294/1285 2276/2298/1287
f 2276/2298/1287 35/2294/1285 2286/2299/1284
f 35/2300/1285 2285/2301/1227 2286/2302/1284
f 2276/2303/1287 2286/2304/1284 2275/2305/1283
f 37/2306/1286 2276/2307/1287 2275/2308/1283
f 37/2306/1286 2275/2308/1283 36/2309/1281
f 36/2309/1281 2275/2308/1283 2274/2310/1282
f 37/2306/1286 36/2309/1281 882/2311/1273
f 882/2311/1273 36/2309/1281 877/2312/1270
f 877/2312/1270 36/2309/1281 880/2313/1276
s 32
f 2288/2314/1288 2628/2315/1289 2275/2316/1290
f 2661/2317/1291 2642/2318/1292 2628/2315/1289
f 2628/2315/1289 2642/2318/1292 2640/2319/1293
f 2661/2317/1291 2628/2315/1289 2637/2320/1294
f 2661/2317/1291 2637/2320/1294 2647/2321/1295
s off
f 2637/2320/1296 2628/2315/1297 2288/2314/1298
s 32
f 2649/2322/1299 2687/2323/1300 2647/2321/1295
f 2649/2322/1299 2647/2321/1295 2626/2324/1301
f 2626/2324/1301 2647/2321/1295 2637/2320/1294
f 2649/2322/1299 2626/2324/1301 2613/2325/1302
f 2626/2324/1301 2637/2320/1294 2317/2326/1303
f 2317/2326/1303 2637/2320/1294 2288/2314/1304
f 2613/2325/1302 2626/2324/1301 2318/2327/1305
f 2318/2327/1305 2626/2324/1301 2317/2326/1303
f 2613/2325/1302 2318/2327/1305 2322/2328/1306
f 2324/2329/1307 2615/2330/1308 2322/2328/1306
f 2324/2329/1307 2322/2328/1306 1880/2331/1309
f 1880/2331/1309 2322/2328/1306 2318/2327/1305
f 2318/2327/1305 2317/2326/1303 1878/2332/1310
f 2318/2327/1305 1878/2332/1310 1880/2331/1309
f 1878/2332/1310 2317/2326/1303 1872/2333/1311
f 1872/2333/1311 2317/2326/1303 2288/2314/1304
f 1880/2331/1309 1878/2332/1310 1846/2334/1312
f 1846/2334/1312 1878/2332/1310 1872/2333/1311
f 1880/2331/1309 1846/2334/1312 1848/2335/1313
f 1848/2335/1313 1846/2334/1312 1807/2336/1314
f 1846/2334/1312 1872/2333/1311 1840/2337/1315
f 1840/2337/1315 1872/2333/1311 1841/2338/1316
f 1841/2338/1316 1872/2333/1311 1868/2339/1317
f 1868/2339/1317 1872/2333/1311 2288/2314/1304
f 1841/2338/1316 1868/2339/1317 1842/2340/1318
s off
f 1868/2339/1319 2288/2314/1320 1869/2341/1321
s 32
f 1868/2339/1317 1869/2341/1322 1842/2340/1318
f 1842/2340/1318 1869/2341/1322 1843/2342/1323
f 1869/2341/1322 2288/2314/1288 2275/2316/1290
f 1843/2342/1323 1869/2341/1322 1870/2343/1324
f 1870/2343/1324 1869/2341/1322 2275/2316/1290
f 1843/2342/1323 1870/2343/1324 1844/2344/1325
f 1844/2344/1325 1870/2343/1324 1873/2345/1326
f 1844/2344/1325 1873/2345/1326 1847/2346/1327
f 1870/2343/1324 2275/2316/1290 2289/2347/1328
f 1870/2343/1324 2289/2347/1328 1873/2345/1326
f 2289/2347/1328 2275/2316/1290 2612/2348/1329
f 2612/2348/1329 2275/2316/1290 2628/2315/1289
f 2612/2348/1329 2628/2315/1289 2640/2319/1293
f 2612/2348/1329 2640/2319/1293 2629/2349/1330
f 2612/2348/1329 2629/2349/1330 2289/2347/1328
f 2629/2349/1330 2640/2319/1293 2643/2350/1331
f 1873/2345/1326 2289/2347/1328 2319/2351/1332
f 2319/2351/1332 2289/2347/1328 2629/2349/1330
f 1879/2352/1333 1847/2346/1327 1873/2345/1326
f 1879/2352/1333 1873/2345/1326 2319/2351/1332
f 1847/2346/1327 1879/2352/1333 1849/2353/1334
f 2629/2349/1330 2643/2350/1331 2636/2354/1335
f 2629/2349/1330 2636/2354/1335 2319/2351/1332
f 2636/2354/1335 2643/2350/1331 2659/2355/1336
f 2636/2354/1335 2659/2355/1336 2660/2356/1337
f 1849/2353/1334 1879/2352/1333 1881/2357/1338
f 1849/2353/1334 1881/2357/1338 1883/2358/1339
f 1879/2352/1333 2319/2351/1332 2320/2359/1340
f 1879/2352/1333 2320/2359/1340 1881/2357/1338
f 2319/2351/1332 2636/2354/1335 2627/2360/1341
f 2627/2360/1341 2636/2354/1335 2660/2356/1337
f 2319/2351/1332 2627/2360/1341 2320/2359/1340
f 1883/2358/1339 1881/2357/1338 2323/2361/1342
f 2323/2361/1342 1881/2357/1338 2320/2359/1340
f 1883/2358/1339 2323/2361/1342 2325/2362/1343
f 2627/2360/1341 2660/2356/1337 2614/2363/1344
f 2627/2360/1341 2614/2363/1344 2320/2359/1340
f 2320/2359/1340 2614/2363/1344 2323/2361/1342
f 2323/2361/1342 2614/2363/1344 2325/2362/1343
f 2614/2363/1344 2660/2356/1337 2648/2364/1345
f 2325/2362/1343 2614/2363/1344 2616/2365/1346
f 2616/2365/1346 2614/2363/1344 2648/2364/1345
f 2643/2366/1331 2640/2367/1293 2651/2368/1347
f 2643/2366/1331 2651/2368/1347 2659/2369/1336
f 2651/2368/1347 2640/2367/1293 2646/2370/1348
f 2646/2370/1348 2640/2367/1293 2642/2371/1292
f 2659/2369/1336 2651/2368/1347 2695/2372/1349
f 2659/2369/1336 2695/2372/1349 2688/2373/1350
f 2659/2369/1336 2688/2373/1350 2660/2374/1337
f 2660/2374/1337 2688/2373/1350 2648/2375/1345
f 2648/2375/1345 2688/2373/1350 2678/2376/1351
f 2648/2375/1345 2678/2376/1351 2653/2377/1352
f 2678/2376/1351 2688/2373/1350 2704/2378/1353
f 2678/2376/1351 2704/2378/1353 2690/2379/1354
f 2690/2379/1354 2704/2378/1353 2706/2380/1355
f 2690/2379/1354 2706/2380/1355 2697/2381/1356
f 2706/2380/1355 2704/2378/1353 2711/2382/1357
f 2706/2380/1355 2711/2382/1357 2708/2383/1358
f 2704/2378/1353 2688/2373/1350 2703/2384/1359
f 2704/2378/1353 2703/2384/1359 2711/2382/1357
f 2703/2384/1359 2688/2373/1350 2695/2372/1349
f 2711/2382/1357 2703/2384/1359 2681/2385/1360
f 2703/2384/1359 2695/2372/1349 2680/2386/1361
f 2703/2384/1359 2680/2386/1361 2681/2385/1360
f 2680/2386/1361 2695/2372/1349 2651/2368/1347
f 2684/2387/1362 2710/2388/1363 2681/2385/1360
f 2684/2387/1362 2681/2385/1360 2670/2389/1364
f 2670/2389/1364 2681/2385/1360 2667/2390/1365
f 2667/2390/1365 2681/2385/1360 2680/2386/1361
f 2670/2389/1364 2667/2390/1365 2683/2391/1366
f 2680/2386/1361 2651/2368/1347 2663/2392/1367
f 2680/2386/1361 2663/2392/1367 2667/2390/1365
f 2663/2392/1367 2651/2368/1347 2646/2370/1348
f 2683/2391/1366 2667/2390/1365 2682/2393/1368
f 2683/2391/1366 2682/2393/1368 2709/2394/1369
f 2682/2393/1368 2667/2390/1365 2679/2395/1370
f 2679/2395/1370 2667/2390/1365 2663/2392/1367
f 2682/2393/1368 2679/2395/1370 2712/2396/1371
f 2663/2392/1367 2646/2370/1348 2650/2397/1372
f 2663/2392/1367 2650/2397/1372 2679/2395/1370
f 2650/2397/1372 2646/2370/1348 2642/2371/1292
f 2650/2397/1372 2642/2371/1292 2661/2398/1291
f 2650/2397/1372 2661/2398/1291 2686/2399/1373
f 2650/2397/1372 2686/2399/1373 2679/2395/1370
f 2686/2399/1373 2661/2398/1291 2647/2400/1295
f 2686/2399/1373 2647/2400/1295 2687/2401/1300
f 2679/2395/1370 2686/2399/1373 2701/2402/1374
f 2679/2395/1370 2701/2402/1374 2712/2396/1371
f 2701/2402/1374 2686/2399/1373 2687/2401/1300
f 2712/2396/1371 2701/2402/1374 2705/2403/1375
f 2712/2396/1371 2705/2403/1375 2707/2404/1376
f 2705/2403/1375 2701/2402/1374 2702/2405/1377
f 2702/2405/1377 2701/2402/1374 2687/2401/1300
f 2705/2403/1375 2702/2405/1377 2696/2406/1378
f 2696/2406/1378 2702/2405/1377 2689/2407/1379
f 2689/2407/1379 2702/2405/1377 2677/2408/1380
f 2677/2408/1380 2702/2405/1377 2687/2401/1300
f 2677/2408/1380 2687/2401/1300 2649/2409/1299
f 2677/2408/1380 2649/2409/1299 2652/2410/1381
f 1809/2411/1382 1847/2412/1327 1849/2413/1334
f 1847/2412/1327 1809/2411/1382 1808/2414/1383
f 1847/2412/1327 1808/2414/1383 1844/2415/1325
f 1844/2415/1325 1808/2414/1383 1812/2416/1384
f 1809/2411/1382 1849/2413/1334 1834/2417/1385
f 1834/2417/1385 1849/2413/1334 1851/2418/1386
f 1851/2418/1386 1849/2413/1334 1883/2419/1339
f 1834/2417/1385 1851/2418/1386 1815/2420/1387
f 1815/2420/1387 1851/2418/1386 1852/2421/1388
f 1852/2421/1388 1851/2418/1386 1884/2422/1389
f 1844/2423/1325 1812/2424/1384 1843/2425/1323
f 1843/2425/1323 1812/2424/1384 1811/2426/1390
f 1843/2425/1323 1811/2426/1390 1842/2427/1318
f 1842/2427/1318 1811/2426/1390 1810/2428/1391
f 1842/2427/1318 1810/2428/1391 1841/2429/1316
f 1811/2426/1390 1812/2424/1384 1770/2430/1392
f 1811/2426/1390 1770/2430/1392 1810/2428/1391
f 1841/2429/1316 1810/2428/1391 1840/2431/1315
f 1840/2431/1315 1810/2428/1391 1806/2432/1393
f 1840/2431/1315 1806/2432/1393 1846/2433/1312
f 1806/2432/1393 1810/2428/1391 1768/2434/1394
f 1768/2434/1394 1810/2428/1391 1770/2430/1392
f 1806/2432/1393 1768/2434/1394 1769/2435/1395
f 1806/2432/1393 1769/2435/1395 1807/2436/1314
f 1769/2435/1395 1768/2434/1394 1774/2437/1396
f 1835/2438/1397 1848/2439/1313 1807/2436/1314
f 1768/2434/1394 1770/2430/1392 1778/2440/1398
f 1768/2434/1394 1778/2440/1398 1774/2437/1396
f 1807/2436/1314 1769/2435/1395 1790/2441/1399
f 1807/2436/1314 1790/2441/1399 1835/2438/1397
f 1835/2438/1397 1790/2441/1399 1816/2442/1400
f 1835/2438/1397 1816/2442/1400 1850/2443/1401
f 1816/2442/1400 1790/2441/1399 1776/2444/1402
f 1816/2442/1400 1776/2444/1402 1820/2445/1403
f 1790/2441/1399 1769/2435/1395 1775/2446/1404
f 1790/2441/1399 1775/2446/1404 1776/2444/1402
f 1775/2446/1404 1769/2435/1395 1774/2437/1396
f 1820/2445/1403 1776/2444/1402 1802/2447/1405
f 1802/2447/1405 1776/2444/1402 1775/2446/1404
f 1820/2445/1403 1802/2447/1405 1826/2448/1406
f 1826/2448/1406 1802/2447/1405 1837/2449/1407
f 1837/2449/1407 1802/2447/1405 1838/2450/1408
f 1802/2447/1405 1775/2446/1404 1782/2451/1409
f 1802/2447/1405 1782/2451/1409 1838/2450/1408
f 1782/2451/1409 1775/2446/1404 1774/2437/1396
f 1838/2450/1408 1782/2451/1409 1829/2452/1410
f 1829/2452/1410 1782/2451/1409 1804/2453/1411
f 1804/2453/1411 1782/2451/1409 1774/2437/1396
f 1829/2452/1410 1804/2453/1411 1832/2454/1412
f 1832/2454/1412 1804/2453/1411 1833/2455/1413
f 1804/2453/1411 1774/2437/1396 1784/2456/1414
f 1804/2453/1411 1784/2456/1414 1833/2455/1413
f 1784/2456/1414 1774/2437/1396 1778/2440/1398
f 1833/2455/1413 1784/2456/1414 1830/2457/1415
f 1830/2457/1415 1784/2456/1414 1805/2458/1416
f 1805/2458/1416 1784/2456/1414 1778/2440/1398
f 1830/2457/1415 1805/2458/1416 1831/2459/1417
f 1805/2458/1416 1778/2440/1398 1779/2460/1418
f 1779/2460/1418 1778/2440/1398 1770/2430/1392
f 1831/2459/1417 1805/2458/1416 1783/2461/1419
f 1783/2461/1419 1805/2458/1416 1779/2460/1418
f 1831/2459/1417 1783/2461/1419 1839/2462/1420
f 1779/2460/1418 1770/2430/1392 1795/2463/1421
f 1795/2463/1421 1770/2430/1392 1812/2424/1384
f 1795/2463/1421 1812/2424/1384 1808/2464/1383
f 1779/2460/1418 1795/2463/1421 1777/2465/1422
f 1779/2460/1418 1777/2465/1422 1783/2461/1419
f 1795/2463/1421 1808/2464/1383 1766/2466/1423
f 1795/2463/1421 1766/2466/1423 1777/2465/1422
f 1766/2466/1423 1808/2464/1383 1809/2467/1382
f 1800/2468/1424 1839/2462/1420 1783/2461/1419
f 1800/2468/1424 1783/2461/1419 1777/2465/1422
f 1839/2462/1420 1800/2468/1424 1836/2469/1425
f 1836/2469/1425 1800/2468/1424 1825/2470/1426
f 1800/2468/1424 1777/2465/1422 1773/2471/1427
f 1800/2468/1424 1773/2471/1427 1825/2470/1426
f 1773/2471/1427 1777/2465/1422 1766/2466/1423
f 1825/2470/1426 1773/2471/1427 1822/2472/1428
f 1793/2473/1429 1766/2466/1423 1809/2467/1382
f 1766/2466/1423 1793/2473/1429 1773/2471/1427
f 1773/2471/1427 1793/2473/1429 1822/2472/1428
f 1793/2473/1429 1809/2467/1382 1834/2474/1385
f 1822/2472/1428 1793/2473/1429 1815/2475/1387
f 1815/2475/1387 1793/2473/1429 1834/2474/1385
f 1830/2476/1415 1831/2477/1417 1861/2478/1430
f 1861/2478/1430 1831/2477/1417 1839/2479/1420
f 1861/2478/1430 1839/2479/1420 1858/2480/1431
f 1830/2476/1415 1861/2478/1430 1860/2481/1432
f 1830/2476/1415 1860/2481/1432 1833/2482/1413
f 1833/2482/1413 1860/2481/1432 1863/2483/1433
f 1833/2482/1413 1863/2483/1433 1832/2484/1412
f 1832/2484/1412 1863/2483/1433 1862/2485/1434
f 1832/2484/1412 1862/2485/1434 1845/2486/1435
f 1832/2484/1412 1845/2486/1435 1829/2487/1410
f 1829/2487/1410 1845/2486/1435 1838/2488/1408
f 1838/2488/1408 1845/2486/1435 1859/2489/1436
f 1838/2488/1408 1859/2489/1436 1867/2490/1437
f 1838/2488/1408 1867/2490/1437 1837/2491/1407
f 1837/2491/1407 1867/2490/1437 1865/2492/1438
f 1837/2491/1407 1865/2492/1438 1826/2493/1406
f 1865/2492/1438 1867/2490/1437 1891/2494/1439
f 1891/2494/1439 1867/2490/1437 1893/2495/1440
f 1891/2494/1439 1893/2495/1440 2337/2496/1441
f 1826/2493/1406 1865/2492/1438 1857/2497/1442
f 1826/2493/1406 1857/2497/1442 1854/2498/1443
f 1826/2493/1406 1854/2498/1443 1820/2499/1403
f 1863/2500/1433 1860/2501/1432 1871/2502/1444
f 1871/2502/1444 1860/2501/1432 1876/2503/1445
f 1876/2503/1445 1860/2501/1432 1861/2504/1430
f 1863/2500/1433 1871/2502/1444 1877/2505/1446
f 1863/2500/1433 1877/2505/1446 1862/2506/1434
f 1871/2502/1444 1876/2503/1445 2293/2507/1447
f 1876/2503/1445 1861/2504/1430 1874/2508/1448
f 1876/2503/1445 1874/2508/1448 2293/2507/1447
f 1874/2508/1448 1861/2504/1430 1858/2509/1431
f 1862/2506/1434 1877/2505/1446 1875/2510/1449
f 1862/2506/1434 1875/2510/1449 1845/2511/1435
f 1845/2511/1435 1875/2510/1449 1859/2512/1436
f 2292/2513/1450 1877/2505/1446 1871/2502/1444
f 2292/2513/1450 1871/2502/1444 2293/2507/1447
f 1875/2510/1449 1877/2505/1446 2294/2514/1451
f 2294/2514/1451 1877/2505/1446 2292/2513/1450
f 1859/2512/1436 1875/2510/1449 1894/2515/1452
f 1859/2512/1436 1894/2515/1452 1867/2516/1437
f 1867/2516/1437 1894/2515/1452 1893/2517/1440
f 1894/2515/1452 1875/2510/1449 2342/2518/1453
f 2342/2518/1453 1875/2510/1449 2294/2514/1451
f 1893/2517/1440 1894/2515/1452 2340/2519/1454
f 2340/2519/1454 1894/2515/1452 2342/2518/1453
f 1893/2517/1440 2340/2519/1454 2337/2520/1441
f 2336/2521/1455 1891/2522/1439 2337/2520/1441
f 2336/2521/1455 2337/2520/1441 2625/2523/1456
f 2625/2523/1456 2337/2520/1441 2340/2519/1454
f 2340/2519/1454 2342/2518/1453 2631/2524/1457
f 2340/2519/1454 2631/2524/1457 2625/2523/1456
f 2625/2523/1456 2631/2524/1457 2673/2525/1458
f 2625/2523/1456 2673/2525/1458 2656/2526/1459
f 2631/2524/1457 2342/2518/1453 2638/2527/1460
f 2631/2524/1457 2638/2527/1460 2673/2525/1458
f 2638/2527/1460 2342/2518/1453 2294/2514/1451
f 2673/2525/1458 2638/2527/1460 2675/2528/1461
f 2675/2528/1461 2638/2527/1460 2645/2529/1462
f 2645/2529/1462 2638/2527/1460 2633/2530/1463
f 2633/2530/1463 2638/2527/1460 2294/2514/1451
f 2645/2529/1462 2633/2530/1463 2641/2531/1464
f 2633/2530/1463 2294/2514/1451 2634/2532/1465
f 2633/2530/1463 2634/2532/1465 2641/2531/1464
f 2634/2532/1465 2294/2514/1451 2292/2513/1450
f 2641/2531/1464 2634/2532/1465 2644/2533/1466
f 2634/2532/1465 2292/2513/1450 2635/2534/1467
f 2634/2532/1465 2635/2534/1467 2644/2533/1466
f 2635/2534/1467 2292/2513/1450 2293/2507/1447
f 2644/2533/1466 2635/2534/1467 2639/2535/1468
f 2639/2535/1468 2635/2534/1467 2293/2507/1447
f 2644/2533/1466 2639/2535/1468 2676/2536/1469
f 2676/2536/1469 2639/2535/1468 2674/2537/1470
f 2639/2535/1468 2293/2507/1447 2341/2538/1471
f 2674/2537/1470 2639/2535/1468 2632/2539/1472
f 2632/2539/1472 2639/2535/1468 2341/2538/1471
f 2674/2537/1470 2632/2539/1472 2657/2540/1473
f 2341/2538/1471 2293/2507/1447 1874/2508/1448
f 2657/2540/1473 2632/2539/1472 2630/2541/1474
f 2341/2538/1471 1874/2508/1448 1895/2542/1475
f 1895/2542/1475 1874/2508/1448 1858/2509/1431
f 2632/2539/1472 2341/2538/1471 2339/2543/1476
f 2632/2539/1472 2339/2543/1476 2630/2541/1474
f 2339/2543/1476 2341/2538/1471 1895/2542/1475
f 2630/2541/1474 2339/2543/1476 2338/2544/1477
f 2338/2544/1477 2339/2543/1476 1892/2545/1478
f 1892/2545/1478 2339/2543/1476 1895/2542/1475
f 1892/2545/1478 1895/2542/1475 1858/2509/1431
f 1892/2545/1478 1858/2509/1431 1866/2546/1479
f 1866/2546/1479 1858/2509/1431 1839/2547/1420
f 1866/2546/1479 1839/2547/1420 1836/2548/1425
f 1892/2545/1478 1866/2546/1479 1890/2549/1480
f 1892/2545/1478 1890/2549/1480 2335/2550/1481
f 2338/2551/1477 1892/2552/1478 2335/2553/1481
f 2338/2551/1477 2335/2553/1481 2623/2554/1482
f 2338/2551/1477 2623/2554/1482 2630/2555/1474
f 2630/2555/1474 2623/2554/1482 2655/2556/1483
f 2630/2555/1474 2655/2556/1483 2657/2557/1473
f 2655/2556/1483 2623/2554/1482 2622/2558/1484
f 2655/2556/1483 2622/2558/1484 2669/2559/1485
f 2623/2554/1482 2335/2553/1481 2334/2560/1486
f 2623/2554/1482 2334/2560/1486 2622/2558/1484
f 2334/2560/1486 2335/2553/1481 1888/2561/1487
f 1888/2561/1487 2335/2553/1481 1890/2562/1480
f 2669/2559/1485 2622/2558/1484 2619/2563/1488
f 2669/2559/1485 2619/2563/1488 2665/2564/1489
f 2622/2558/1484 2334/2560/1486 2332/2565/1490
f 2622/2558/1484 2332/2565/1490 2619/2563/1488
f 2332/2565/1490 2334/2560/1486 1887/2566/1491
f 1887/2566/1491 2334/2560/1486 1888/2561/1487
f 2665/2564/1489 2619/2563/1488 2618/2567/1492
f 2665/2564/1489 2618/2567/1492 2664/2568/1493
f 2664/2568/1493 2618/2567/1492 2653/2569/1352
f 2653/2569/1352 2618/2567/1492 2616/2570/1346
f 2616/2570/1346 2618/2567/1492 2325/2571/1343
f 2618/2567/1492 2619/2563/1488 2327/2572/1494
f 2618/2567/1492 2327/2572/1494 2325/2571/1343
f 2327/2572/1494 2619/2563/1488 2332/2565/1490
f 2325/2571/1343 2327/2572/1494 1883/2573/1339
f 2327/2572/1494 2332/2565/1490 1884/2574/1389
f 2327/2572/1494 1884/2574/1389 1883/2573/1339
f 1884/2574/1389 2332/2565/1490 1887/2566/1491
f 1883/2573/1339 1884/2574/1389 1851/2575/1386
f 1884/2574/1389 1887/2566/1491 1852/2576/1388
f 1852/2576/1388 1887/2566/1491 1855/2577/1495
f 1855/2577/1495 1887/2566/1491 1888/2561/1487
f 1852/2576/1388 1855/2577/1495 1815/2578/1387
f 1815/2578/1387 1855/2577/1495 1822/2579/1428
f 1822/2579/1428 1855/2577/1495 1856/2580/1496
f 1856/2580/1496 1855/2577/1495 1888/2561/1487
f 1822/2579/1428 1856/2580/1496 1825/2581/1426
f 1856/2580/1496 1888/2561/1487 1864/2582/1497
f 1856/2580/1496 1864/2582/1497 1825/2581/1426
f 1864/2582/1497 1888/2561/1487 1890/2562/1480
f 1825/2581/1426 1864/2582/1497 1836/2583/1425
f 1864/2582/1497 1890/2562/1480 1866/2584/1479
f 1864/2582/1497 1866/2584/1479 1836/2583/1425
f 2655/2585/1483 2669/2586/1485 2698/2587/1498
f 2698/2587/1498 2669/2586/1485 2665/2588/1489
f 2655/2585/1483 2698/2587/1498 2692/2589/1499
f 2655/2585/1483 2692/2589/1499 2657/2590/1473
f 2698/2587/1498 2665/2588/1489 2697/2591/1356
f 2697/2591/1356 2665/2588/1489 2664/2592/1493
f 2697/2591/1356 2664/2592/1493 2690/2593/1354
f 2690/2593/1354 2664/2592/1493 2653/2594/1352
f 2690/2593/1354 2653/2594/1352 2678/2595/1351
f 2692/2596/1499 2698/2597/1498 2708/2598/1358
f 2708/2598/1358 2698/2597/1498 2697/2599/1356
f 2708/2598/1358 2697/2599/1356 2706/2600/1355
f 2692/2596/1499 2708/2598/1358 2694/2601/1500
f 2692/2596/1499 2694/2601/1500 2657/2602/1473
f 2657/2602/1473 2694/2601/1500 2674/2603/1470
f 2694/2601/1500 2708/2598/1358 2710/2604/1363
f 2710/2604/1363 2708/2598/1358 2711/2605/1357
f 2710/2604/1363 2711/2605/1357 2681/2606/1360
f 2694/2601/1500 2710/2604/1363 2700/2607/1501
f 2694/2601/1500 2700/2607/1501 2674/2603/1470
f 2700/2607/1501 2710/2604/1363 2684/2608/1362
f 2674/2603/1470 2700/2607/1501 2676/2609/1469
f 2700/2607/1501 2684/2608/1362 2671/2610/1502
f 2700/2607/1501 2671/2610/1502 2676/2609/1469
f 2671/2610/1502 2684/2608/1362 2670/2611/1364
f 2676/2609/1469 2671/2610/1502 2644/2612/1466
f 2644/2612/1466 2671/2610/1502 2658/2613/1503
f 2658/2613/1503 2671/2610/1502 2670/2611/1364
f 2644/2612/1466 2658/2613/1503 2641/2614/1464
f 2658/2613/1503 2670/2611/1364 2672/2615/1504
f 2658/2613/1503 2672/2615/1504 2641/2614/1464
f 2641/2614/1464 2672/2615/1504 2645/2616/1462
f 2672/2615/1504 2670/2611/1364 2683/2617/1366
f 2645/2616/1462 2672/2615/1504 2675/2618/1461
f 2672/2615/1504 2683/2617/1366 2699/2619/1505
f 2672/2615/1504 2699/2619/1505 2675/2618/1461
f 2675/2618/1461 2699/2619/1505 2673/2620/1458
f 2699/2619/1505 2683/2617/1366 2709/2621/1369
f 2673/2620/1458 2699/2619/1505 2693/2622/1506
f 2693/2622/1506 2699/2619/1505 2709/2621/1369
f 2673/2620/1458 2693/2622/1506 2656/2623/1459
f 2656/2623/1459 2693/2622/1506 2685/2624/1507
f 2685/2624/1507 2693/2622/1506 2707/2625/1376
f 2707/2625/1376 2693/2622/1506 2709/2621/1369
f 2685/2624/1507 2707/2625/1376 2691/2626/1508
f 2707/2625/1376 2709/2621/1369 2712/2627/1371
f 2712/2627/1371 2709/2621/1369 2682/2628/1368
f 2616/2629/1346 2648/2630/1345 2653/2631/1352
f 2707/2632/1376 2705/2633/1375 2691/2634/1508
f 2656/2635/1459 2685/2636/1507 2654/2637/1509
f 2654/2637/1509 2685/2636/1507 2691/2638/1508
f 2654/2637/1509 2691/2638/1508 2668/2639/1510
f 2668/2639/1510 2691/2638/1508 2696/2640/1378
f 2668/2639/1510 2696/2640/1378 2666/2641/1511
f 2666/2641/1511 2696/2640/1378 2689/2642/1379
f 2666/2641/1511 2689/2642/1379 2662/2643/1512
f 2662/2643/1512 2689/2642/1379 2652/2644/1381
f 2652/2644/1381 2689/2642/1379 2677/2645/1380
f 2656/2646/1459 2654/2647/1509 2624/2648/1513
f 2656/2646/1459 2624/2648/1513 2625/2649/1456
f 2625/2649/1456 2624/2648/1513 2336/2650/1455
f 2624/2651/1513 2654/2652/1509 2621/2653/1514
f 2621/2653/1514 2654/2652/1509 2668/2654/1510
f 2624/2651/1513 2621/2653/1514 2336/2655/1455
f 2621/2653/1514 2668/2654/1510 2666/2656/1511
f 2336/2655/1455 2621/2653/1514 2333/2657/1515
f 2336/2655/1455 2333/2657/1515 1891/2658/1439
f 2621/2653/1514 2666/2656/1511 2620/2659/1516
f 2621/2653/1514 2620/2659/1516 2333/2657/1515
f 2620/2659/1516 2666/2656/1511 2662/2660/1512
f 1891/2658/1439 2333/2657/1515 1889/2661/1517
f 1891/2658/1439 1889/2661/1517 1865/2662/1438
f 1865/2662/1438 1889/2661/1517 1857/2663/1442
f 1889/2661/1517 2333/2657/1515 2331/2664/1518
f 2331/2664/1518 2333/2657/1515 2620/2659/1516
f 1857/2663/1442 1889/2661/1517 1886/2665/1519
f 1886/2665/1519 1889/2661/1517 2331/2664/1518
f 1857/2663/1442 1886/2665/1519 1854/2666/1443
f 2617/2667/1520 2620/2659/1516 2662/2660/1512
f 2620/2659/1516 2617/2667/1520 2331/2664/1518
f 2617/2667/1520 2662/2660/1512 2652/2668/1381
f 2617/2667/1520 2652/2668/1381 2615/2669/1308
f 2331/2664/1518 2617/2667/1520 2328/2670/1521
f 2328/2670/1521 2617/2667/1520 2615/2669/1308
f 2331/2664/1518 2328/2670/1521 1886/2665/1519
f 2328/2670/1521 2615/2669/1308 2324/2671/1307
f 1885/2672/1522 1854/2666/1443 1886/2665/1519
f 1885/2672/1522 1886/2665/1519 2328/2670/1521
f 2328/2670/1521 2324/2671/1307 1882/2673/1523
f 2328/2670/1521 1882/2673/1523 1885/2672/1522
f 1882/2673/1523 2324/2671/1307 1880/2674/1309
f 1882/2673/1523 1880/2674/1309 1848/2675/1313
f 1882/2673/1523 1848/2675/1313 1850/2676/1401
f 1882/2673/1523 1850/2676/1401 1885/2672/1522
f 1850/2676/1401 1848/2675/1313 1835/2677/1397
f 1853/2678/1524 1854/2666/1443 1885/2672/1522
f 1853/2678/1524 1885/2672/1522 1850/2676/1401
f 1854/2666/1443 1853/2678/1524 1820/2679/1403
f 1853/2678/1524 1850/2676/1401 1816/2680/1400
f 1853/2678/1524 1816/2680/1400 1820/2679/1403
f 2696/2681/1378 2691/2682/1508 2705/2683/1375
f 2615/2684/1308 2652/2685/1381 2649/2686/1299
f 1806/2687/1393 1807/2688/1314 1846/2689/1312
f 2322/2690/1306 2615/2691/1308 2613/2692/1302
f 2613/2692/1302 2615/2691/1308 2649/2693/1299
s 37
f 86/2694/1525 54/2695/1526 82/2696/1527
f 86/2694/1525 82/2696/1527 114/2697/1528
f 54/2695/1526 86/2694/1525 56/2698/1529
f 54/2695/1526 56/2698/1529 1635/2699/1530
f 82/2696/1527 54/2695/1526 70/2700/1531
f 82/2696/1527 70/2700/1531 73/2701/1532
f 82/2696/1527 73/2701/1532 106/2702/1533
f 70/2700/1531 54/2695/1526 1627/2703/1534
f 106/2702/1533 73/2701/1532 88/2704/1535
f 1627/2703/1534 54/2695/1526 1633/2705/1536
f 73/2701/1532 70/2700/1531 1626/2706/1537
f 1626/2706/1537 70/2700/1531 1627/2703/1534
f 88/2704/1535 73/2701/1532 76/2707/1538
f 88/2704/1535 76/2707/1538 83/2708/1539
f 76/2707/1538 73/2701/1532 1632/2709/1540
f 1632/2709/1540 73/2701/1532 1626/2706/1537
f 83/2708/1539 76/2707/1538 75/2710/1541
f 75/2710/1541 76/2707/1538 1632/2709/1540
f 83/2708/1539 75/2710/1541 84/2711/1542
f 84/2711/1542 75/2710/1541 77/2712/1543
f 84/2711/1542 77/2712/1543 107/2713/1544
f 107/2713/1544 77/2712/1543 74/2714/1545
f 107/2713/1544 74/2714/1545 85/2715/1546
f 74/2714/1545 77/2712/1543 1628/2716/1547
f 85/2715/1546 74/2714/1545 71/2717/1548
f 71/2717/1548 74/2714/1545 1628/2716/1547
f 85/2715/1546 71/2717/1548 87/2718/1549
f 87/2718/1549 71/2717/1548 55/2719/1550
f 55/2719/1550 71/2717/1548 1629/2720/1551
f 1629/2720/1551 71/2717/1548 1628/2716/1547
f 55/2719/1550 1629/2720/1551 1634/2721/1552
f 1631/2722/1553 1628/2716/1547 77/2712/1543
f 1631/2722/1553 77/2712/1543 75/2710/1541
f 1629/2720/1551 1628/2716/1547 1662/2723/1554
f 1631/2722/1553 75/2710/1541 1630/2724/1555
f 1630/2724/1555 75/2710/1541 1632/2709/1540
f 1628/2716/1547 1631/2722/1553 1697/2725/1556
f 1628/2716/1547 1697/2725/1556 1662/2723/1554
f 1631/2722/1553 1630/2724/1555 1700/2726/1557
f 1631/2722/1553 1700/2726/1557 1697/2725/1556
f 1630/2724/1555 1632/2709/1540 1699/2727/1558
f 1630/2724/1555 1699/2727/1558 1700/2726/1557
f 1697/2725/1556 1700/2726/1557 1724/2728/1559
f 1724/2728/1559 1700/2726/1557 1699/2727/1558
f 1697/2725/1556 1724/2728/1559 1737/2729/1560
f 1724/2728/1559 1699/2727/1558 1723/2730/1561
f 1697/2725/1556 1737/2729/1560 1738/2731/1562
f 1697/2725/1556 1738/2731/1562 1662/2723/1554
f 1723/2730/1561 1699/2727/1558 1722/2732/1563
f 1662/2723/1554 1738/2731/1562 1726/2733/1564
f 1722/2732/1563 1699/2727/1558 1698/2734/1565
s off
f 1698/2734/1566 1699/2727/1567 1632/2709/1568
s 37
f 1722/2732/1563 1698/2734/1565 1735/2735/1569
f 1698/2734/1565 1632/2709/1540 1626/2706/1537
f 1735/2735/1569 1698/2734/1565 1696/2736/1570
f 1696/2736/1570 1698/2734/1565 1626/2706/1537
f 1735/2735/1569 1696/2736/1570 1736/2737/1571
f 1696/2736/1570 1626/2706/1537 1661/2738/1572
f 1696/2736/1570 1661/2738/1572 1736/2737/1571
f 1661/2738/1572 1626/2706/1537 1627/2703/1534
f 1736/2737/1571 1661/2738/1572 1725/2739/1573
f 1661/2738/1572 1627/2703/1534 1654/2740/1574
f 1661/2738/1572 1654/2740/1574 1725/2739/1573
f 1654/2740/1574 1627/2703/1534 1633/2705/1536
f 1725/2739/1573 1654/2740/1574 1655/2741/1575
f 1655/2741/1575 1654/2740/1574 1633/2705/1536
f 1663/2742/1576 1662/2723/1554 1726/2733/1564
f 1662/2723/1554 1663/2742/1576 1629/2720/1551
f 1663/2742/1576 1726/2733/1564 1656/2743/1577
f 1629/2720/1551 1663/2742/1576 1634/2721/1552
f 1663/2742/1576 1656/2743/1577 1636/2744/1578
f 1663/2742/1576 1636/2744/1578 1634/2721/1552
f 1634/2721/1552 1636/2744/1578 57/2745/1579
f 114/2746/1528 82/2747/1527 106/2748/1533
f 114/2746/1528 106/2748/1533 140/2749/1580
f 140/2749/1580 106/2748/1533 88/2750/1535
f 140/2749/1580 88/2750/1535 118/2751/1581
f 118/2751/1581 88/2750/1535 83/2752/1539
f 118/2751/1581 83/2752/1539 116/2753/1582
f 116/2753/1582 83/2752/1539 84/2754/1542
f 116/2753/1582 84/2754/1542 117/2755/1583
f 117/2755/1583 84/2754/1542 107/2756/1544
f 117/2755/1583 107/2756/1544 143/2757/1584
f 143/2757/1584 107/2756/1544 85/2758/1546
f 56/2759/1529 86/2760/1525 89/2761/1585
f 89/2761/1585 86/2760/1525 110/2762/1586
f 89/2761/1585 110/2762/1586 121/2763/1587
f 56/2759/1529 89/2761/1585 58/2764/1588
f 89/2761/1585 121/2763/1587 91/2765/1589
f 89/2761/1585 91/2765/1589 58/2764/1588
f 91/2765/1589 121/2763/1587 126/2766/1590
f 91/2765/1589 126/2766/1590 93/2767/1591
f 91/2765/1589 93/2767/1591 58/2764/1588
f 93/2767/1591 126/2766/1590 131/2768/1592
f 93/2767/1591 131/2768/1592 95/2769/1593
f 56/2759/1529 58/2764/1588 1635/2770/1530
f 93/2767/1591 95/2769/1593 60/2771/1594
f 93/2767/1591 60/2771/1594 58/2764/1588
f 1633/2772/1536 54/2773/1526 1635/2770/1530
f 1633/2772/1536 1635/2770/1530 1655/2774/1575
f 1635/2770/1530 58/2764/1588 1637/2775/1595
f 1637/2775/1595 58/2764/1588 60/2771/1594
f 1635/2770/1530 1637/2775/1595 1655/2774/1575
f 60/2771/1594 95/2769/1593 62/2776/1596
f 62/2776/1596 95/2769/1593 98/2777/1597
f 62/2776/1596 98/2777/1597 64/2778/1598
f 60/2771/1594 62/2776/1596 1639/2779/1599
f 60/2771/1594 1639/2779/1599 1637/2775/1595
f 62/2776/1596 64/2778/1598 1642/2780/1600
f 62/2776/1596 1642/2780/1600 1639/2779/1599
f 1642/2780/1600 64/2778/1598 1643/2781/1601
f 1642/2780/1600 1643/2781/1601 1658/2782/1602
f 1637/2775/1595 1639/2779/1599 1664/2783/1603
f 1637/2775/1595 1664/2783/1603 1655/2774/1575
f 1655/2774/1575 1664/2783/1603 1727/2784/1604
f 1655/2774/1575 1727/2784/1604 1725/2785/1573
f 1727/2784/1604 1664/2783/1603 1739/2786/1605
f 1664/2783/1603 1639/2779/1599 1666/2787/1606
f 1664/2783/1603 1666/2787/1606 1739/2786/1605
f 1666/2787/1606 1639/2779/1599 1642/2780/1600
f 1739/2786/1605 1666/2787/1606 1742/2788/1607
f 1668/2789/1608 1642/2780/1600 1658/2782/1602
f 1642/2780/1600 1668/2789/1608 1666/2787/1606
f 1666/2787/1606 1668/2789/1608 1742/2788/1607
f 1668/2789/1608 1658/2782/1602 1730/2790/1609
f 1742/2788/1607 1668/2789/1608 1744/2791/1610
f 1744/2791/1610 1668/2789/1608 1730/2790/1609
f 1722/2792/1563 1735/2793/1569 1750/2794/1611
f 1722/2792/1563 1750/2794/1611 1723/2795/1561
f 1750/2794/1611 1735/2793/1569 1764/2796/1612
f 1764/2796/1612 1735/2793/1569 1736/2797/1571
f 1723/2795/1561 1750/2794/1611 1752/2798/1613
f 1723/2795/1561 1752/2798/1613 1724/2799/1559
f 1750/2794/1611 1764/2796/1612 1788/2800/1614
f 1724/2799/1559 1752/2798/1613 1753/2801/1615
f 1752/2798/1613 1750/2794/1611 1794/2802/1616
f 1752/2798/1613 1794/2802/1616 1753/2801/1615
f 1794/2802/1616 1750/2794/1611 1788/2800/1614
f 1724/2799/1559 1753/2801/1615 1737/2803/1560
f 1751/2804/1617 1764/2796/1612 1736/2797/1571
f 1751/2804/1617 1736/2797/1571 1725/2805/1573
f 1751/2804/1617 1725/2805/1573 1755/2806/1618
f 1764/2796/1612 1751/2804/1617 1813/2807/1619
f 1764/2796/1612 1813/2807/1619 1788/2800/1614
f 1751/2804/1617 1755/2806/1618 1789/2808/1620
f 1751/2804/1617 1789/2808/1620 1813/2807/1619
f 1789/2808/1620 1755/2806/1618 1765/2809/1621
f 1789/2808/1620 1765/2809/1621 1772/2810/1622
f 1789/2808/1620 1772/2810/1622 1819/2811/1623
f 1789/2808/1620 1819/2811/1623 1813/2807/1619
f 1813/2807/1619 1819/2811/1623 1818/2812/1624
f 1813/2807/1619 1818/2812/1624 1788/2800/1614
f 1798/2813/1625 1828/2814/1626 1818/2812/1624
f 1818/2812/1624 1828/2814/1626 1823/2815/1627
f 1818/2812/1624 1823/2815/1627 1788/2800/1614
f 1788/2800/1614 1823/2815/1627 1824/2816/1628
f 1788/2800/1614 1824/2816/1628 1794/2802/1616
f 1794/2802/1616 1824/2816/1628 1791/2817/1629
f 1794/2802/1616 1791/2817/1629 1753/2801/1615
f 1791/2817/1629 1824/2816/1628 1796/2818/1630
f 1753/2801/1615 1791/2817/1629 1763/2819/1631
f 1753/2801/1615 1763/2819/1631 1737/2803/1560
f 1737/2803/1560 1763/2819/1631 1738/2820/1562
f 1763/2819/1631 1791/2817/1629 1814/2821/1632
f 1814/2821/1632 1791/2817/1629 1796/2818/1630
f 1738/2820/1562 1763/2819/1631 1754/2822/1633
f 1754/2822/1633 1763/2819/1631 1814/2821/1632
f 1738/2820/1562 1754/2822/1633 1726/2823/1564
f 1726/2823/1564 1754/2822/1633 1756/2824/1634
f 1756/2824/1634 1754/2822/1633 1792/2825/1635
f 1792/2825/1635 1754/2822/1633 1814/2821/1632
f 1756/2824/1634 1792/2825/1635 1767/2826/1636
f 1767/2826/1636 1792/2825/1635 1817/2827/1637
f 1817/2827/1637 1792/2825/1635 1821/2828/1638
f 1821/2828/1638 1792/2825/1635 1814/2821/1632
f 1821/2828/1638 1814/2821/1632 1796/2818/1630
f 1821/2828/1638 1796/2818/1630 1827/2829/1639
f 1821/2828/1638 1827/2829/1639 1797/2830/1640
f 1827/2829/1639 1796/2818/1630 1799/2831/1641
f 1799/2831/1641 1796/2818/1630 1803/2832/1642
f 1756/2833/1634 1767/2834/1636 1728/2835/1643
f 1728/2835/1643 1767/2834/1636 1740/2836/1644
f 1740/2836/1644 1767/2834/1636 1771/2837/1645
f 1771/2837/1645 1767/2834/1636 1817/2838/1637
f 1740/2836/1644 1771/2837/1645 1741/2839/1646
f 1741/2839/1646 1771/2837/1645 1781/2840/1647
f 1741/2839/1646 1781/2840/1647 1743/2841/1648
f 1743/2841/1648 1781/2840/1647 1729/2842/1649
f 1729/2842/1649 1781/2840/1647 1757/2843/1650
f 1729/2842/1649 1757/2843/1650 1731/2844/1651
f 1756/2845/1634 1728/2846/1643 1726/2847/1564
f 1817/2848/1637 1821/2849/1638 1797/2850/1640
f 1817/2848/1637 1797/2850/1640 1771/2851/1645
f 1728/2852/1643 1740/2853/1644 1657/2854/1652
f 1657/2854/1652 1740/2853/1644 1741/2855/1646
f 1728/2852/1643 1657/2854/1652 1656/2856/1577
f 1656/2856/1577 1657/2854/1652 1638/2857/1653
f 1656/2856/1577 1638/2857/1653 1636/2858/1578
f 1657/2854/1652 1741/2855/1646 1665/2859/1654
f 1657/2854/1652 1665/2859/1654 1638/2857/1653
f 1665/2859/1654 1741/2855/1646 1743/2860/1648
f 1636/2858/1578 1638/2857/1653 57/2861/1579
f 1665/2859/1654 1743/2860/1648 1667/2862/1655
f 1667/2862/1655 1743/2860/1648 1729/2863/1649
f 1667/2862/1655 1729/2863/1649 1659/2864/1656
f 1665/2859/1654 1667/2862/1655 1640/2865/1657
f 1665/2859/1654 1640/2865/1657 1638/2857/1653
f 1667/2862/1655 1659/2864/1656 1641/2866/1658
f 1667/2862/1655 1641/2866/1658 1640/2865/1657
f 59/2867/1659 57/2861/1579 1638/2857/1653
f 59/2867/1659 1638/2857/1653 1640/2865/1657
f 57/2861/1579 59/2867/1659 90/2868/1660
f 90/2868/1660 59/2867/1659 92/2869/1661
f 59/2867/1659 1640/2865/1657 61/2870/1662
f 61/2870/1662 1640/2865/1657 1641/2866/1658
f 59/2867/1659 61/2870/1662 92/2869/1661
f 1644/2871/1663 1641/2866/1658 1659/2864/1656
f 1644/2871/1663 1659/2864/1656 1645/2872/1664
f 1644/2871/1663 1645/2872/1664 67/2873/1665
f 1641/2866/1658 1644/2871/1663 63/2874/1666
f 1641/2866/1658 63/2874/1666 61/2870/1662
f 63/2874/1666 1644/2871/1663 65/2875/1667
f 92/2869/1661 61/2870/1662 94/2876/1668
f 94/2876/1668 61/2870/1662 63/2874/1666
f 92/2869/1661 94/2876/1668 122/2877/1669
f 122/2877/1669 94/2876/1668 128/2878/1670
f 128/2878/1670 94/2876/1668 96/2879/1671
f 96/2879/1671 94/2876/1668 63/2874/1666
f 128/2878/1670 96/2879/1671 132/2880/1672
f 63/2874/1666 65/2875/1667 97/2881/1673
f 63/2874/1666 97/2881/1673 96/2879/1671
f 96/2879/1671 97/2881/1673 132/2880/1672
f 97/2881/1673 65/2875/1667 100/2882/1674
f 132/2880/1672 97/2881/1673 113/2883/1675
f 113/2883/1675 97/2881/1673 100/2882/1674
f 1656/2884/1577 1726/2885/1564 1728/2886/1643
f 1781/2887/1647 1771/2888/1645 1797/2889/1640
f 55/2890/1550 1634/2891/1552 57/2892/1579
f 55/2890/1550 57/2892/1579 87/2893/1549
f 87/2893/1549 57/2892/1579 90/2894/1660
f 115/2895/1676 85/2896/1546 87/2893/1549
f 115/2895/1676 87/2893/1549 111/2897/1677
f 111/2897/1677 87/2893/1549 90/2894/1660
f 111/2897/1677 90/2894/1660 122/2898/1669
f 122/2898/1669 90/2894/1660 92/2899/1661
f 116/2900/1582 117/2901/1583 170/2902/1678
f 170/2902/1678 117/2901/1583 143/2903/1584
f 116/2900/1582 170/2902/1678 174/2904/1679
f 116/2900/1582 174/2904/1679 118/2905/1581
f 170/2902/1678 143/2903/1584 171/2906/1680
f 171/2906/1680 143/2903/1584 115/2907/1676
f 118/2905/1581 174/2904/1679 150/2908/1681
f 118/2905/1581 150/2908/1681 140/2909/1580
f 171/2906/1680 115/2907/1676 175/2910/1682
f 175/2910/1682 115/2907/1676 111/2911/1677
f 175/2910/1682 111/2911/1677 122/2912/1669
f 175/2910/1682 122/2912/1669 128/2913/1670
f 175/2910/1682 128/2913/1670 179/2914/1683
f 175/2910/1682 179/2914/1683 171/2906/1680
f 179/2914/1683 128/2913/1670 132/2915/1672
f 171/2906/1680 179/2914/1683 202/2916/1684
f 171/2906/1680 202/2916/1684 170/2902/1678
f 179/2914/1683 132/2915/1672 187/2917/1685
f 179/2914/1683 187/2917/1685 202/2916/1684
f 187/2917/1685 132/2915/1672 113/2918/1675
f 187/2917/1685 113/2918/1675 135/2919/1686
f 187/2917/1685 135/2919/1686 186/2920/1687
f 187/2917/1685 186/2920/1687 202/2916/1684
f 186/2920/1687 135/2919/1686 161/2921/1688
f 181/2922/1689 170/2902/1678 202/2916/1684
f 181/2922/1689 202/2916/1684 186/2920/1687
f 170/2902/1678 181/2922/1689 174/2904/1679
f 186/2920/1687 161/2921/1688 190/2923/1690
f 186/2920/1687 190/2923/1690 181/2922/1689
f 190/2923/1690 161/2921/1688 138/2924/1691
f 174/2904/1679 181/2922/1689 180/2925/1692
f 180/2925/1692 181/2922/1689 190/2923/1690
f 174/2904/1679 180/2925/1692 150/2908/1681
f 190/2923/1690 138/2924/1691 189/2926/1693
f 190/2923/1690 189/2926/1693 180/2925/1692
f 189/2926/1693 138/2924/1691 137/2927/1694
f 150/2908/1681 180/2925/1692 182/2928/1695
f 182/2928/1695 180/2925/1692 189/2926/1693
f 189/2926/1693 137/2927/1694 191/2929/1696
f 189/2926/1693 191/2929/1696 182/2928/1695
f 191/2929/1696 137/2927/1694 139/2930/1697
f 191/2929/1696 139/2930/1697 160/2931/1698
f 191/2929/1696 160/2931/1698 188/2932/1699
f 191/2929/1696 188/2932/1699 182/2928/1695
f 188/2932/1699 160/2931/1698 136/2933/1700
f 172/2934/1701 150/2908/1681 182/2928/1695
f 150/2908/1681 172/2934/1701 140/2909/1580
f 140/2909/1580 172/2934/1701 114/2935/1528
f 172/2934/1701 182/2928/1695 203/2936/1702
f 203/2936/1702 182/2928/1695 188/2932/1699
f 188/2932/1699 136/2933/1700 185/2937/1703
f 188/2932/1699 185/2937/1703 203/2936/1702
f 185/2937/1703 136/2933/1700 112/2938/1704
f 185/2937/1703 112/2938/1704 131/2939/1592
f 185/2937/1703 131/2939/1592 126/2940/1590
f 185/2937/1703 126/2940/1590 178/2941/1705
f 185/2937/1703 178/2941/1705 203/2936/1702
f 178/2941/1705 126/2940/1590 121/2942/1587
f 173/2943/1706 172/2934/1701 203/2936/1702
f 173/2943/1706 203/2936/1702 178/2941/1705
f 173/2943/1706 178/2941/1705 121/2942/1587
f 172/2934/1701 173/2943/1706 114/2935/1528
f 173/2943/1706 121/2942/1587 110/2944/1586
f 173/2943/1706 110/2944/1586 114/2935/1528
f 114/2935/1528 110/2944/1586 86/2945/1525
f 143/2946/1584 85/2947/1546 115/2948/1676
f 113/2949/1675 100/2950/1674 135/2951/1686
f 100/2952/1674 65/2953/1667 67/2954/1665
f 67/2954/1665 65/2953/1667 1644/2955/1663
f 102/2956/1707 135/2957/1686 100/2952/1674
f 100/2952/1674 67/2954/1665 69/2958/1708
f 100/2952/1674 69/2958/1708 102/2956/1707
f 69/2958/1708 67/2954/1665 1647/2959/1709
f 1647/2959/1709 67/2954/1665 1645/2960/1664
f 102/2956/1707 69/2958/1708 79/2961/1710
f 102/2956/1707 79/2961/1710 108/2962/1711
f 69/2958/1708 1647/2959/1709 1651/2963/1712
f 69/2958/1708 1651/2963/1712 79/2961/1710
f 108/2962/1711 79/2961/1710 78/2964/1713
f 78/2964/1713 79/2961/1710 1651/2963/1712
f 108/2962/1711 78/2964/1713 105/2965/1714
f 1647/2959/1709 1645/2960/1664 1669/2966/1715
f 1669/2966/1715 1645/2960/1664 1659/2967/1656
f 1669/2966/1715 1659/2967/1656 1729/2968/1649
f 1647/2959/1709 1669/2966/1715 1670/2969/1716
f 1647/2959/1709 1670/2969/1716 1651/2963/1712
f 1670/2969/1716 1669/2966/1715 1731/2970/1651
f 1670/2969/1716 1731/2970/1651 1746/2971/1717
f 1670/2969/1716 1746/2971/1717 1702/2972/1718
f 1670/2969/1716 1702/2972/1718 1651/2963/1712
f 1702/2972/1718 1746/2971/1717 1745/2973/1719
f 1702/2972/1718 1745/2973/1719 1733/2974/1720
f 1651/2963/1712 1702/2972/1718 1650/2975/1721
f 1651/2963/1712 1650/2975/1721 78/2964/1713
f 1702/2972/1718 1733/2974/1720 1701/2976/1722
f 1702/2972/1718 1701/2976/1722 1650/2975/1721
f 78/2964/1713 1650/2975/1721 81/2977/1723
f 78/2964/1713 81/2977/1723 105/2965/1714
f 1650/2975/1721 1701/2976/1722 1653/2978/1724
f 1650/2975/1721 1653/2978/1724 81/2977/1723
f 105/2965/1714 81/2977/1723 104/2979/1725
f 1701/2976/1722 1733/2974/1720 1705/2980/1726
f 1701/2976/1722 1705/2980/1726 1653/2978/1724
f 1705/2980/1726 1733/2974/1720 1734/2981/1727
f 81/2977/1723 1653/2978/1724 1652/2982/1728
f 1652/2982/1728 1653/2978/1724 1705/2980/1726
f 1705/2980/1726 1734/2981/1727 1703/2983/1729
f 1705/2980/1726 1703/2983/1729 1652/2982/1728
f 1703/2983/1729 1734/2981/1727 1748/2984/1730
f 1703/2983/1729 1748/2984/1730 1704/2985/1731
f 1703/2983/1729 1704/2985/1731 1652/2982/1728
f 1704/2985/1731 1748/2984/1730 1749/2986/1732
f 1704/2985/1731 1749/2986/1732 1747/2987/1733
f 72/2988/1734 81/2977/1723 1652/2982/1728
f 81/2977/1723 72/2988/1734 104/2979/1725
f 1652/2982/1728 1704/2985/1731 1648/2989/1735
f 1652/2982/1728 1648/2989/1735 72/2988/1734
f 1704/2985/1731 1747/2987/1733 1671/2990/1736
f 1704/2985/1731 1671/2990/1736 1648/2989/1735
f 1671/2990/1736 1747/2987/1733 1660/2991/1737
f 1660/2991/1737 1747/2987/1733 1732/2992/1738
f 1671/2990/1736 1660/2991/1737 1649/2993/1739
f 1671/2990/1736 1649/2993/1739 1648/2989/1735
f 1649/2993/1739 1660/2991/1737 1646/2994/1740
f 1649/2993/1739 1646/2994/1740 66/2995/1741
f 1649/2993/1739 66/2995/1741 68/2996/1742
f 1649/2993/1739 68/2996/1742 1648/2989/1735
f 68/2996/1742 66/2995/1741 99/2997/1743
f 68/2996/1742 99/2997/1743 101/2998/1744
f 1648/2989/1735 68/2996/1742 80/2999/1745
f 80/2999/1745 68/2996/1742 101/2998/1744
s off
f 1648/2989/1746 80/2999/1747 72/2988/1748
s 37
f 80/2999/1745 101/2998/1744 109/3000/1749
f 72/2988/1734 80/2999/1745 103/3001/1750
f 103/3001/1750 80/2999/1745 109/3000/1749
f 72/2988/1734 103/3001/1750 104/2979/1725
f 103/3001/1750 109/3000/1749 139/3002/1697
f 103/3001/1750 139/3002/1697 104/2979/1725
f 135/3003/1686 102/3004/1707 108/3005/1711
f 1731/3006/1651 1669/3007/1715 1729/3008/1649
f 1757/3009/1650 1781/3010/1647 1797/3011/1640
f 1757/3009/1650 1797/3011/1640 1759/3012/1751
f 1757/3009/1650 1759/3012/1751 1731/3013/1651
f 1759/3012/1751 1797/3011/1640 1827/3014/1639
f 1731/3013/1651 1759/3012/1751 1746/3015/1717
f 1759/3012/1751 1827/3014/1639 1786/3016/1752
f 1759/3012/1751 1786/3016/1752 1746/3015/1717
f 1786/3016/1752 1827/3014/1639 1799/3017/1641
f 1746/3015/1717 1786/3016/1752 1745/3018/1719
f 1786/3016/1752 1799/3017/1641 1760/3019/1753
f 1786/3016/1752 1760/3019/1753 1745/3018/1719
f 1745/3018/1719 1760/3019/1753 1733/3020/1720
f 1760/3019/1753 1799/3017/1641 1803/3021/1642
f 1733/3020/1720 1760/3019/1753 1762/3022/1754
f 1762/3022/1754 1760/3019/1753 1803/3021/1642
f 1733/3020/1720 1762/3022/1754 1734/3023/1727
f 1734/3023/1727 1762/3022/1754 1761/3024/1755
f 1761/3024/1755 1762/3022/1754 1803/3021/1642
f 1734/3023/1727 1761/3024/1755 1748/3025/1730
f 1748/3025/1730 1761/3024/1755 1749/3026/1732
f 1749/3026/1732 1761/3024/1755 1787/3027/1756
f 1749/3026/1732 1787/3027/1756 1747/3028/1733
f 1761/3024/1755 1803/3021/1642 1801/3029/1757
f 1761/3024/1755 1801/3029/1757 1787/3027/1756
f 1801/3029/1757 1803/3021/1642 1824/3030/1628
f 1824/3030/1628 1803/3021/1642 1796/3031/1630
f 1801/3029/1757 1824/3030/1628 1823/3032/1627
f 1801/3029/1757 1823/3032/1627 1828/3033/1626
f 1801/3029/1757 1828/3033/1626 1787/3027/1756
f 1785/3034/1758 1747/3028/1733 1787/3027/1756
f 1785/3034/1758 1787/3027/1756 1828/3033/1626
f 1747/3028/1733 1785/3034/1758 1732/3035/1738
f 1732/3035/1738 1785/3034/1758 1758/3036/1759
f 1785/3034/1758 1828/3033/1626 1798/3037/1625
f 1785/3034/1758 1798/3037/1625 1758/3036/1759
f 1758/3036/1759 1798/3037/1625 1780/3038/1760
f 1780/3038/1760 1798/3037/1625 1819/3039/1623
f 1819/3039/1623 1798/3037/1625 1818/3040/1624
f 104/3041/1725 139/3042/1697 137/3043/1694
f 104/3041/1725 137/3043/1694 105/3044/1714
f 105/3044/1714 137/3043/1694 138/3045/1691
f 105/3044/1714 138/3045/1691 108/3046/1711
f 139/3047/1697 109/3048/1749 160/3049/1698
f 160/3049/1698 109/3048/1749 136/3050/1700
f 136/3050/1700 109/3048/1749 101/3051/1744
f 136/3050/1700 101/3051/1744 99/3052/1743
f 136/3050/1700 99/3052/1743 112/3053/1704
f 112/3053/1704 99/3052/1743 98/3054/1597
f 112/3053/1704 98/3054/1597 131/3055/1592
f 131/3055/1592 98/3054/1597 95/3056/1593
f 108/3057/1711 138/3058/1691 161/3059/1688
f 108/3057/1711 161/3059/1688 135/3060/1686
f 64/3061/1598 98/3062/1597 99/3063/1743
f 1727/3064/1604 1739/3065/1605 1765/3066/1621
f 1765/3066/1621 1739/3065/1605 1742/3067/1607
f 1727/3064/1604 1765/3066/1621 1755/3068/1618
f 1727/3064/1604 1755/3068/1618 1725/3069/1573
f 1765/3066/1621 1742/3067/1607 1772/3070/1622
f 1772/3070/1622 1742/3067/1607 1744/3071/1610
f 1772/3070/1622 1744/3071/1610 1780/3072/1760
f 1772/3070/1622 1780/3072/1760 1819/3073/1623
f 1780/3072/1760 1744/3071/1610 1730/3074/1609
f 1780/3072/1760 1730/3074/1609 1758/3075/1759
f 1758/3075/1759 1730/3074/1609 1732/3076/1738
f 1732/3077/1738 1730/3078/1609 1658/3079/1602
f 1732/3077/1738 1658/3079/1602 1660/3080/1737
f 1660/3080/1737 1658/3079/1602 1643/3081/1601
f 1660/3080/1737 1643/3081/1601 1646/3082/1740
f 1646/3082/1740 1643/3081/1601 64/3083/1598
f 1646/3082/1740 64/3083/1598 66/3084/1741
f 66/3084/1741 64/3083/1598 99/3085/1743
s 39
f 1550/3086/1761 1585/3087/1762 1586/3088/1763
f 1585/3087/1762 1550/3086/1761 1600/3089/1764
f 1600/3089/1764 1550/3086/1761 1549/3090/1765
f 1600/3089/1764 1549/3090/1765 1548/3091/1766
f 1585/3087/1762 1600/3089/1764 1606/3092/1767
f 1585/3087/1762 1606/3092/1767 1586/3088/1763
f 1600/3089/1764 1548/3091/1766 1599/3093/1768
f 1555/3094/1769 1530/3095/1770 1586/3088/1763
f 1555/3094/1769 1586/3088/1763 1557/3096/1771
f 1557/3096/1771 1586/3088/1763 1589/3097/1772
f 1589/3097/1772 1586/3088/1763 1606/3092/1767
f 1557/3096/1771 1589/3097/1772 1592/3098/1773
f 1592/3098/1773 1589/3097/1772 1606/3092/1767
f 1557/3096/1771 1592/3098/1773 1559/3099/1774
f 1592/3098/1773 1606/3092/1767 1591/3100/1775
f 1592/3098/1773 1591/3100/1775 1563/3101/1776
f 1605/3102/1777 1606/3092/1767 1600/3089/1764
f 1606/3092/1767 1605/3102/1777 1612/3103/1778
f 1605/3102/1777 1600/3089/1764 1599/3093/1768
f 1612/3103/1778 1605/3102/1777 1611/3104/1779
f 1611/3104/1779 1605/3102/1777 1604/3105/1780
f 1604/3105/1780 1605/3102/1777 1599/3093/1768
f 1611/3104/1779 1604/3105/1780 1607/3106/1781
f 1607/3106/1781 1604/3105/1780 1599/3093/1768
f 1611/3104/1779 1607/3106/1781 1613/3107/1782
f 1613/3107/1782 1607/3106/1781 1614/3108/1783
f 1607/3106/1781 1599/3093/1768 1601/3109/1784
f 1601/3109/1784 1599/3093/1768 1551/3110/1785
f 1551/3110/1785 1599/3093/1768 1548/3091/1766
f 1601/3109/1784 1551/3110/1785 1602/3111/1786
f 1601/3109/1784 1602/3111/1786 1607/3106/1781
f 1602/3111/1786 1551/3110/1785 1552/3112/1787
f 1614/3108/1783 1607/3106/1781 1608/3113/1788
f 1608/3113/1788 1607/3106/1781 1602/3111/1786
f 1614/3108/1783 1608/3113/1788 1609/3114/1789
f 1609/3114/1789 1608/3113/1788 1602/3111/1786
f 1614/3108/1783 1609/3114/1789 1615/3115/1790
f 1602/3111/1786 1552/3112/1787 1603/3116/1791
f 1602/3111/1786 1603/3116/1791 1609/3114/1789
f 1603/3116/1791 1552/3112/1787 1553/3117/1792
f 1603/3116/1791 1553/3117/1792 1554/3118/1793
f 1609/3114/1789 1603/3116/1791 1610/3119/1794
f 1609/3114/1789 1610/3119/1794 1615/3115/1790
f 1610/3119/1794 1603/3116/1791 1587/3120/1795
f 1588/3121/1796 1587/3120/1795 1554/3118/1793
f 1587/3120/1795 1588/3121/1796 1610/3119/1794
f 1615/3115/1790 1610/3119/1794 1593/3122/1797
f 1615/3115/1790 1593/3122/1797 1567/3123/1798
f 1567/3123/1798 1593/3122/1797 1594/3124/1799
f 1594/3124/1799 1593/3122/1797 1610/3119/1794
f 1610/3119/1794 1588/3121/1796 1590/3125/1800
f 1610/3119/1794 1590/3125/1800 1594/3124/1799
f 1590/3125/1800 1588/3121/1796 1558/3126/1801
f 1590/3125/1800 1558/3126/1801 1594/3124/1799
f 1558/3126/1801 1588/3121/1796 1556/3127/1802
f 1594/3124/1799 1558/3126/1801 1560/3128/1803
f 1594/3124/1799 1560/3128/1803 1538/3129/1804
f 1550/3130/1761 1586/3131/1763 1529/3132/1805
f 1550/3133/1761 1529/3134/1805 1504/3135/1806
f 1549/3136/1765 1550/3137/1761 1467/3138/1807
f 1549/3136/1765 1467/3138/1807 1548/3139/1766
f 1467/3138/1807 1550/3137/1761 1468/3140/1808
f 1468/3140/1808 1550/3137/1761 1504/3141/1806
f 1548/3139/1766 1467/3138/1807 1466/3142/1809
f 1467/3138/1807 1468/3140/1808 1437/3143/1810
f 1467/3138/1807 1437/3143/1810 1466/3142/1809
f 1468/3140/1808 1504/3141/1806 1446/3144/1811
f 1468/3140/1808 1446/3144/1811 1437/3143/1810
f 1446/3144/1811 1504/3141/1806 1448/3145/1812
f 1446/3144/1811 1448/3145/1812 1424/3146/1813
f 1437/3143/1810 1446/3144/1811 1422/3147/1814
f 1422/3147/1814 1446/3144/1811 1424/3146/1813
f 1422/3147/1814 1424/3146/1813 1395/3148/1815
f 1422/3147/1814 1395/3148/1815 1437/3143/1810
f 1395/3148/1815 1424/3146/1813 1379/3149/1816
f 1437/3143/1810 1395/3148/1815 1397/3150/1817
f 1397/3150/1817 1395/3148/1815 1353/3151/1818
f 1436/3152/1819 1466/3142/1809 1437/3143/1810
f 1466/3142/1809 1436/3152/1819 1438/3153/1820
f 1395/3148/1815 1379/3149/1816 1351/3154/1821
f 1395/3148/1815 1351/3154/1821 1353/3151/1818
f 1351/3154/1821 1379/3149/1816 1331/3155/1822
f 1353/3151/1818 1351/3154/1821 1309/3156/1823
f 1351/3154/1821 1331/3155/1822 1312/3157/1824
f 1309/3156/1823 1351/3154/1821 1307/3158/1825
f 1307/3158/1825 1351/3154/1821 1312/3157/1824
f 1309/3156/1823 1307/3158/1825 1265/3159/1826
f 1265/3159/1826 1307/3158/1825 1263/3160/1827
f 1263/3160/1827 1307/3158/1825 1312/3157/1824
f 1263/3160/1827 1312/3157/1824 1266/3161/1828
f 1469/3162/1829 1466/3142/1809 1438/3153/1820
f 1466/3142/1809 1469/3162/1829 1551/3163/1785
f 1466/3142/1809 1551/3163/1785 1548/3139/1766
f 1469/3162/1829 1438/3153/1820 1470/3164/1830
f 1469/3162/1829 1470/3164/1830 1551/3163/1785
f 1470/3164/1830 1438/3153/1820 1439/3165/1831
f 1551/3163/1785 1470/3164/1830 1552/3166/1787
f 1470/3164/1830 1439/3165/1831 1440/3167/1832
f 1552/3166/1787 1470/3164/1830 1471/3168/1833
f 1471/3168/1833 1470/3164/1830 1440/3167/1832
f 1552/3166/1787 1471/3168/1833 1553/3169/1792
f 1553/3169/1792 1471/3168/1833 1554/3170/1793
f 1554/3170/1793 1471/3168/1833 1472/3171/1834
f 1472/3171/1834 1471/3168/1833 1440/3167/1832
f 1554/3170/1793 1472/3171/1834 1505/3172/1835
f 1505/3172/1835 1472/3171/1834 1447/3173/1836
f 1447/3173/1836 1472/3171/1834 1440/3167/1832
f 1505/3172/1835 1447/3173/1836 1449/3174/1837
f 1449/3174/1837 1447/3173/1836 1425/3175/1838
f 1447/3173/1836 1440/3167/1832 1423/3176/1839
f 1447/3173/1836 1423/3176/1839 1425/3175/1838
f 1425/3175/1838 1423/3176/1839 1396/3177/1840
f 1396/3177/1840 1423/3176/1839 1440/3167/1832
f 1425/3175/1838 1396/3177/1840 1380/3178/1841
f 1396/3177/1840 1440/3167/1832 1398/3179/1842
f 1398/3179/1842 1440/3167/1832 1383/3180/1843
f 1396/3177/1840 1398/3179/1842 1354/3181/1844
f 1380/3178/1841 1396/3177/1840 1352/3182/1845
f 1352/3182/1845 1396/3177/1840 1354/3181/1844
f 1380/3178/1841 1352/3182/1845 1332/3183/1846
f 1332/3183/1846 1352/3182/1845 1311/3184/1847
f 1352/3182/1845 1354/3181/1844 1308/3185/1848
f 1352/3182/1845 1308/3185/1848 1311/3184/1847
f 1308/3185/1848 1354/3181/1844 1310/3186/1849
f 1308/3185/1848 1310/3186/1849 1267/3187/1850
f 1308/3185/1848 1267/3187/1850 1264/3188/1851
f 1308/3185/1848 1264/3188/1851 1311/3184/1847
f 1311/3184/1847 1264/3188/1851 1268/3189/1852
f 1424/3190/1813 1448/3191/1812 1410/3192/1853
f 1504/3193/1806 1473/3194/1854 1448/3191/1812
f 1448/3191/1812 1473/3194/1854 1450/3195/1855
f 1448/3191/1812 1450/3195/1855 1410/3192/1853
f 1450/3195/1855 1473/3194/1854 1475/3196/1856
f 1475/3196/1856 1473/3194/1854 1506/3197/1857
f 1530/3198/1770 1555/3199/1769 1506/3197/1857
f 1506/3197/1857 1555/3199/1769 1508/3200/1858
f 1506/3197/1857 1508/3200/1858 1475/3196/1856
f 1508/3200/1858 1555/3199/1769 1557/3201/1771
f 1508/3200/1858 1557/3201/1771 1533/3202/1859
f 1508/3200/1858 1533/3202/1859 1475/3196/1856
f 1510/3203/1860 1557/3201/1771 1559/3204/1774
f 1510/3203/1860 1559/3204/1774 1512/3205/1861
f 1510/3203/1860 1512/3205/1861 1479/3206/1862
f 1475/3196/1856 1533/3202/1859 1478/3207/1863
f 1478/3207/1863 1533/3202/1859 1479/3206/1862
f 1479/3206/1862 1512/3205/1861 1481/3208/1864
f 1475/3196/1856 1478/3207/1863 1452/3209/1865
f 1452/3209/1865 1478/3207/1863 1479/3206/1862
f 1475/3196/1856 1452/3209/1865 1450/3195/1855
f 1479/3206/1862 1481/3208/1864 1454/3210/1866
f 1479/3206/1862 1454/3210/1866 1452/3209/1865
f 1454/3210/1866 1481/3208/1864 1456/3211/1867
f 1454/3210/1866 1456/3211/1867 1418/3212/1868
f 1454/3210/1866 1418/3212/1868 1452/3209/1865
f 1450/3195/1855 1452/3209/1865 1410/3192/1853
f 1452/3209/1865 1418/3212/1868 1414/3213/1869
f 1452/3209/1865 1414/3213/1869 1410/3192/1853
f 1414/3213/1869 1418/3212/1868 1386/3214/1870
f 1414/3213/1869 1386/3214/1870 1410/3192/1853
f 1386/3214/1870 1418/3212/1868 1389/3215/1871
f 1410/3192/1853 1386/3214/1870 1382/3216/1872
f 1410/3192/1853 1382/3216/1872 1424/3190/1813
f 1386/3214/1870 1389/3215/1871 1338/3217/1873
f 1386/3214/1870 1338/3217/1873 1382/3216/1872
f 1424/3190/1813 1382/3216/1872 1379/3218/1816
f 1379/3218/1816 1382/3216/1872 1331/3219/1822
f 1338/3217/1873 1389/3215/1871 1342/3220/1874
f 1331/3219/1822 1382/3216/1872 1334/3221/1875
f 1334/3221/1875 1382/3216/1872 1338/3217/1873
f 1331/3219/1822 1334/3221/1875 1312/3222/1824
f 1338/3217/1873 1342/3220/1874 1318/3223/1876
f 1318/3223/1876 1342/3220/1874 1322/3224/1877
f 1318/3223/1876 1322/3224/1877 1239/3225/1878
f 1318/3223/1876 1239/3225/1878 1273/3226/1879
f 1338/3217/1873 1318/3223/1876 1314/3227/1880
f 1338/3217/1873 1314/3227/1880 1334/3221/1875
f 1314/3227/1880 1318/3223/1876 1273/3226/1879
f 1334/3221/1875 1314/3227/1880 1312/3222/1824
f 1314/3227/1880 1273/3226/1879 1270/3228/1881
f 1314/3227/1880 1270/3228/1881 1312/3222/1824
f 1312/3222/1824 1270/3228/1881 1266/3229/1828
f 1473/3230/1854 1504/3231/1806 1506/3232/1857
f 1506/3232/1857 1504/3231/1806 1530/3233/1770
f 1530/3234/1770 1504/3235/1806 1529/3236/1805
f 1530/3234/1770 1529/3236/1805 1586/3237/1763
f 1510/3238/1860 1533/3239/1859 1557/3240/1771
f 1533/3239/1859 1510/3238/1860 1479/3241/1862
f 1512/3242/1861 1559/3243/1774 1536/3244/1882
f 1536/3244/1882 1559/3243/1774 1592/3245/1773
f 1512/3242/1861 1536/3244/1882 1514/3246/1883
f 1536/3244/1882 1592/3245/1773 1535/3247/1884
f 1536/3244/1882 1535/3247/1884 1514/3246/1883
f 1535/3247/1884 1592/3245/1773 1563/3248/1776
f 1535/3247/1884 1563/3248/1776 1514/3246/1883
f 1591/3249/1775 1606/3250/1767 1612/3251/1778
f 1591/3249/1775 1612/3251/1778 1563/3252/1776
f 1563/3252/1776 1612/3251/1778 1562/3253/1885
f 1562/3253/1885 1612/3251/1778 1561/3254/1886
f 1561/3254/1886 1612/3251/1778 1611/3255/1779
f 1561/3254/1886 1611/3255/1779 1564/3256/1887
f 1564/3256/1887 1611/3255/1779 1613/3257/1782
f 1564/3256/1887 1613/3257/1782 1614/3258/1783
f 1564/3256/1887 1614/3258/1783 1565/3259/1888
f 1565/3259/1888 1614/3258/1783 1615/3260/1790
f 1565/3259/1888 1615/3260/1790 1566/3261/1889
f 1566/3261/1889 1615/3260/1790 1567/3262/1798
f 1563/3263/1776 1562/3264/1885 1484/3265/1890
f 1484/3265/1890 1562/3264/1885 1561/3266/1886
f 1563/3263/1776 1484/3265/1890 1485/3267/1891
f 1563/3263/1776 1485/3267/1891 1514/3268/1883
f 1484/3265/1890 1561/3266/1886 1483/3269/1892
f 1483/3269/1892 1561/3266/1886 1564/3270/1887
f 1485/3267/1891 1484/3265/1890 1442/3271/1893
f 1442/3271/1893 1484/3265/1890 1483/3269/1892
f 1514/3268/1883 1485/3267/1891 1458/3272/1894
f 1458/3272/1894 1485/3267/1891 1442/3271/1893
f 1514/3268/1883 1458/3272/1894 1456/3273/1867
f 1456/3273/1867 1458/3272/1894 1432/3274/1895
f 1458/3272/1894 1442/3271/1893 1434/3275/1896
f 1458/3272/1894 1434/3275/1896 1432/3274/1895
f 1442/3271/1893 1483/3269/1892 1441/3276/1897
f 1441/3276/1897 1483/3269/1892 1443/3277/1898
f 1434/3275/1896 1442/3271/1893 1403/3278/1899
f 1434/3275/1896 1403/3278/1899 1432/3274/1895
f 1403/3278/1899 1442/3271/1893 1401/3279/1900
f 1432/3274/1895 1403/3278/1899 1393/3280/1901
f 1403/3278/1899 1401/3279/1900 1345/3281/1902
f 1393/3280/1901 1403/3278/1899 1346/3282/1903
f 1443/3277/1898 1483/3269/1892 1486/3283/1904
f 1486/3283/1904 1483/3269/1892 1564/3270/1887
f 1443/3277/1898 1486/3283/1904 1487/3284/1905
f 1487/3284/1905 1486/3283/1904 1564/3270/1887
f 1443/3277/1898 1487/3284/1905 1444/3285/1906
f 1487/3284/1905 1564/3270/1887 1565/3286/1888
f 1346/3282/1903 1403/3278/1899 1349/3287/1907
f 1349/3287/1907 1403/3278/1899 1345/3281/1902
f 1346/3282/1903 1349/3287/1907 1326/3288/1908
f 1349/3287/1907 1345/3281/1902 1325/3289/1909
f 1444/3285/1906 1487/3284/1905 1445/3290/1910
f 1349/3287/1907 1325/3289/1909 1329/3291/1911
f 1349/3287/1907 1329/3291/1911 1326/3288/1908
f 1329/3291/1911 1325/3289/1909 1242/3292/1912
f 1329/3291/1911 1242/3292/1912 1246/3293/1913
f 1329/3291/1911 1246/3293/1913 1326/3288/1908
f 1326/3288/1908 1246/3293/1913 1243/3294/1914
f 1488/3295/1915 1487/3284/1905 1565/3286/1888
f 1487/3284/1905 1488/3295/1915 1445/3290/1910
f 1488/3295/1915 1565/3286/1888 1566/3296/1889
f 1488/3295/1915 1566/3296/1889 1567/3297/1798
f 1488/3295/1915 1567/3297/1798 1489/3298/1916
f 1488/3295/1915 1489/3298/1916 1445/3290/1910
f 1489/3298/1916 1567/3297/1798 1515/3299/1917
f 1489/3298/1916 1515/3299/1917 1459/3300/1918
f 1489/3298/1916 1459/3300/1918 1445/3290/1910
f 1459/3300/1918 1515/3299/1917 1457/3301/1919
f 1459/3300/1918 1457/3301/1919 1433/3302/1920
f 1445/3290/1910 1459/3300/1918 1435/3303/1921
f 1435/3303/1921 1459/3300/1918 1433/3302/1920
f 1435/3303/1921 1433/3302/1920 1404/3304/1922
f 1435/3303/1921 1404/3304/1922 1445/3290/1910
f 1404/3304/1922 1433/3302/1920 1394/3305/1923
f 1404/3304/1922 1394/3305/1923 1348/3306/1924
f 1445/3290/1910 1404/3304/1922 1402/3307/1925
f 1445/3290/1910 1402/3307/1925 1392/3308/1926
f 1402/3307/1925 1404/3304/1922 1347/3309/1927
f 1404/3304/1922 1348/3306/1924 1350/3310/1928
f 1404/3304/1922 1350/3310/1928 1347/3309/1927
f 1350/3310/1928 1348/3306/1924 1328/3311/1929
f 1347/3309/1927 1350/3310/1928 1327/3312/1930
f 1327/3312/1930 1350/3310/1928 1330/3313/1931
f 1330/3313/1931 1350/3310/1928 1328/3311/1929
f 1327/3312/1930 1330/3313/1931 1244/3314/1932
f 1244/3314/1932 1330/3313/1931 1247/3315/1933
f 1247/3315/1933 1330/3313/1931 1328/3311/1929
f 1247/3315/1933 1328/3311/1929 1245/3316/1934
f 1438/3317/1820 1436/3318/1819 1427/3319/1935
f 1438/3317/1820 1427/3319/1935 1439/3320/1831
f 1427/3319/1935 1436/3318/1819 1426/3321/1936
f 1426/3321/1936 1436/3318/1819 1437/3322/1810
f 1426/3321/1936 1437/3322/1810 1409/3323/1937
f 1426/3321/1936 1409/3323/1937 1399/3324/1938
f 1426/3321/1936 1399/3324/1938 1413/3325/1939
f 1426/3321/1936 1413/3325/1939 1415/3326/1940
f 1426/3321/1936 1415/3326/1940 1427/3319/1935
f 1428/3327/1941 1439/3320/1831 1427/3319/1935
f 1428/3327/1941 1427/3319/1935 1415/3326/1940
f 1439/3320/1831 1428/3327/1941 1440/3328/1832
f 1428/3327/1941 1415/3326/1940 1416/3329/1942
f 1440/3328/1832 1428/3327/1941 1411/3330/1943
f 1428/3327/1941 1416/3329/1942 1400/3331/1944
f 1428/3327/1941 1400/3331/1944 1411/3330/1943
f 1603/3332/1791 1554/3333/1793 1587/3334/1795
f 1554/3335/1793 1505/3336/1835 1531/3337/1945
f 1554/3335/1793 1531/3337/1945 1588/3338/1796
f 1588/3338/1796 1531/3337/1945 1532/3339/1946
f 1532/3339/1946 1531/3337/1945 1505/3336/1835
f 1588/3338/1796 1532/3339/1946 1556/3340/1802
f 1556/3340/1802 1532/3339/1946 1507/3341/1947
f 1507/3341/1947 1532/3339/1946 1505/3336/1835
f 1556/3340/1802 1507/3341/1947 1509/3342/1948
f 1534/3343/1949 1558/3344/1801 1509/3342/1948
f 1534/3343/1949 1509/3342/1948 1476/3345/1950
f 1476/3345/1950 1509/3342/1948 1507/3341/1947
f 1507/3341/1947 1505/3336/1835 1474/3346/1951
f 1507/3341/1947 1474/3346/1951 1476/3345/1950
f 1474/3346/1951 1505/3336/1835 1449/3347/1837
f 1474/3346/1951 1449/3347/1837 1451/3348/1952
f 1474/3346/1951 1451/3348/1952 1476/3345/1950
f 1476/3345/1950 1451/3348/1952 1453/3349/1953
f 1453/3349/1953 1451/3348/1952 1412/3350/1954
f 1556/3351/1802 1509/3352/1948 1558/3353/1801
f 1451/3354/1952 1449/3355/1837 1412/3356/1954
f 1534/3357/1949 1476/3358/1950 1477/3359/1955
f 1477/3359/1955 1476/3358/1950 1453/3360/1953
f 1534/3357/1949 1477/3359/1955 1480/3361/1956
f 1480/3361/1956 1477/3359/1955 1453/3360/1953
f 1534/3357/1949 1480/3361/1956 1511/3362/1957
f 1534/3357/1949 1511/3362/1957 1558/3363/1801
f 1558/3363/1801 1511/3362/1957 1560/3364/1803
f 1560/3364/1803 1511/3362/1957 1513/3365/1958
f 1513/3365/1958 1511/3362/1957 1480/3361/1956
f 1560/3364/1803 1513/3365/1958 1538/3366/1804
f 1538/3366/1804 1513/3365/1958 1515/3367/1917
f 1515/3367/1917 1513/3365/1958 1482/3368/1959
f 1482/3368/1959 1513/3365/1958 1480/3361/1956
f 1515/3367/1917 1482/3368/1959 1457/3369/1919
f 1482/3368/1959 1480/3361/1956 1455/3370/1960
f 1482/3368/1959 1455/3370/1960 1457/3369/1919
f 1455/3370/1960 1480/3361/1956 1453/3360/1953
f 1457/3369/1919 1455/3370/1960 1419/3371/1961
f 1419/3371/1961 1455/3370/1960 1453/3360/1953
f 1457/3369/1919 1419/3371/1961 1433/3372/1920
f 1419/3371/1961 1453/3360/1953 1417/3373/1962
f 1417/3373/1962 1453/3360/1953 1412/3374/1954
f 1433/3372/1920 1419/3371/1961 1390/3375/1963
f 1433/3372/1920 1390/3375/1963 1394/3376/1923
f 1394/3376/1923 1390/3375/1963 1348/3377/1924
f 1390/3375/1963 1419/3371/1961 1388/3378/1964
f 1388/3378/1964 1419/3371/1961 1417/3373/1962
f 1388/3378/1964 1417/3373/1962 1412/3374/1954
f 1390/3375/1963 1388/3378/1964 1340/3379/1965
f 1340/3379/1965 1388/3378/1964 1384/3380/1966
f 1384/3380/1966 1388/3378/1964 1412/3374/1954
f 1384/3380/1966 1412/3374/1954 1425/3381/1838
f 1594/3382/1799 1538/3383/1804 1537/3384/1967
f 1537/3384/1967 1538/3383/1804 1515/3385/1917
f 1594/3386/1799 1537/3387/1967 1567/3388/1798
f 1567/3389/1798 1537/3390/1967 1515/3391/1917
f 1348/3392/1924 1390/3393/1963 1344/3394/1968
f 1344/3394/1968 1390/3393/1963 1340/3395/1965
f 1348/3396/1924 1344/3397/1968 1328/3398/1929
f 1328/3398/1929 1344/3397/1968 1324/3399/1969
f 1328/3398/1929 1324/3399/1969 1245/3400/1934
f 1245/3400/1934 1324/3399/1969 1241/3401/1970
f 1324/3399/1969 1344/3397/1968 1320/3402/1971
f 1324/3399/1969 1320/3402/1971 1241/3401/1970
f 1320/3402/1971 1344/3397/1968 1340/3403/1965
f 1241/3401/1970 1320/3402/1971 1274/3404/1972
f 1320/3402/1971 1340/3403/1965 1316/3405/1973
f 1320/3402/1971 1316/3405/1973 1274/3404/1972
f 1316/3405/1973 1340/3403/1965 1336/3406/1974
f 1274/3404/1972 1316/3405/1973 1272/3407/1975
f 1402/3408/1925 1347/3409/1927 1392/3410/1926
f 1445/3411/1910 1392/3412/1926 1421/3413/1976
f 1421/3413/1976 1392/3412/1926 1400/3414/1944
f 1392/3415/1926 1347/3416/1927 1343/3417/1977
f 1392/3415/1926 1343/3417/1977 1387/3418/1978
f 1392/3415/1926 1387/3418/1978 1400/3419/1944
f 1400/3419/1944 1387/3418/1978 1383/3420/1843
f 1383/3420/1843 1387/3418/1978 1335/3421/1979
f 1343/3422/1977 1347/3423/1927 1327/3424/1930
f 1343/3422/1977 1327/3424/1930 1323/3425/1980
f 1323/3425/1980 1327/3424/1930 1240/3426/1981
f 1323/3425/1980 1240/3426/1981 1237/3427/1982
f 1323/3425/1980 1237/3427/1982 1319/3428/1983
f 1323/3425/1980 1319/3428/1983 1343/3422/1977
f 1319/3428/1983 1237/3427/1982 1271/3429/1984
f 1343/3422/1977 1319/3428/1983 1339/3430/1985
f 1343/3422/1977 1339/3430/1985 1387/3431/1978
f 1387/3431/1978 1339/3430/1985 1335/3432/1979
f 1335/3432/1979 1339/3430/1985 1319/3428/1983
f 1319/3428/1983 1271/3429/1984 1315/3433/1986
f 1319/3428/1983 1315/3433/1986 1335/3432/1979
f 1315/3433/1986 1271/3429/1984 1267/3434/1850
f 1315/3433/1986 1267/3434/1850 1310/3435/1849
f 1315/3433/1986 1310/3435/1849 1335/3432/1979
f 1335/3432/1979 1310/3435/1849 1354/3436/1844
f 1335/3432/1979 1354/3436/1844 1383/3437/1843
f 1383/3437/1843 1354/3436/1844 1398/3438/1842
f 1445/3439/1910 1421/3440/1976 1431/3441/1987
f 1431/3441/1987 1421/3440/1976 1400/3442/1944
f 1431/3441/1987 1400/3442/1944 1416/3443/1942
f 1445/3439/1910 1431/3441/1987 1444/3444/1906
f 1431/3441/1987 1416/3443/1942 1415/3445/1940
f 1444/3444/1906 1431/3441/1987 1429/3446/1988
f 1429/3446/1988 1431/3441/1987 1415/3445/1940
f 1444/3444/1906 1429/3446/1988 1443/3447/1898
f 1443/3447/1898 1429/3446/1988 1441/3448/1897
f 1429/3446/1988 1415/3445/1940 1430/3449/1989
f 1429/3446/1988 1430/3449/1989 1441/3448/1897
f 1430/3449/1989 1415/3445/1940 1413/3450/1939
f 1441/3448/1897 1430/3449/1989 1442/3451/1893
f 1430/3449/1989 1413/3450/1939 1399/3452/1938
f 1442/3451/1893 1430/3449/1989 1420/3453/1990
f 1420/3453/1990 1430/3449/1989 1399/3452/1938
f 1411/3454/1943 1400/3455/1944 1383/3456/1843
f 1411/3454/1943 1383/3456/1843 1440/3457/1832
f 1399/3458/1938 1409/3459/1937 1381/3460/1991
f 1381/3460/1991 1409/3459/1937 1437/3461/1810
f 1381/3460/1991 1437/3461/1810 1397/3462/1817
f 1399/3458/1938 1381/3460/1991 1385/3463/1992
f 1399/3458/1938 1385/3463/1992 1391/3464/1993
f 1399/3458/1938 1391/3464/1993 1420/3465/1990
f 1420/3465/1990 1391/3464/1993 1442/3466/1893
f 1442/3466/1893 1391/3464/1993 1401/3467/1900
f 1381/3468/1991 1397/3469/1817 1353/3470/1818
f 1381/3468/1991 1353/3470/1818 1333/3471/1994
f 1333/3471/1994 1353/3470/1818 1309/3472/1823
f 1385/3473/1992 1381/3474/1991 1333/3475/1994
f 1385/3473/1992 1333/3475/1994 1337/3476/1995
f 1385/3473/1992 1337/3476/1995 1341/3477/1996
f 1337/3476/1995 1333/3475/1994 1317/3478/1997
f 1337/3476/1995 1317/3478/1997 1341/3477/1996
f 1385/3473/1992 1341/3477/1996 1391/3479/1993
f 1391/3479/1993 1341/3477/1996 1345/3480/1902
f 1391/3479/1993 1345/3480/1902 1401/3481/1900
f 1345/3480/1902 1341/3477/1996 1325/3482/1909
f 1325/3482/1909 1341/3477/1996 1321/3483/1998
f 1321/3483/1998 1341/3477/1996 1317/3478/1997
f 1325/3482/1909 1321/3483/1998 1238/3484/1999
f 1325/3482/1909 1238/3484/1999 1242/3485/1912
f 1238/3484/1999 1321/3483/1998 1236/3486/2000
f 1236/3486/2000 1321/3483/1998 1317/3478/1997
f 1236/3486/2000 1317/3478/1997 1269/3487/2001
f 1236/3486/2000 1269/3487/2001 1265/3488/1826
f 1269/3487/2001 1317/3478/1997 1313/3489/2002
f 1269/3487/2001 1313/3489/2002 1265/3488/1826
f 1313/3489/2002 1317/3478/1997 1333/3475/1994
f 1265/3488/1826 1313/3489/2002 1309/3490/1823
f 1309/3490/1823 1313/3489/2002 1333/3475/1994
f 1238/3491/1999 1236/3492/2000 1242/3493/1912
f 1242/3494/1912 1236/3495/2000 1265/3496/1826
f 1246/3497/1913 1242/3494/1912 1243/3498/1914
f 1243/3498/1914 1242/3494/1912 1273/3499/1879
f 1273/3499/1879 1242/3494/1912 1265/3496/1826
f 1273/3499/1879 1265/3496/1826 1266/3500/1828
f 1273/3499/1879 1266/3500/1828 1270/3501/1881
f 1266/3500/1828 1265/3496/1826 1263/3502/1827
f 1326/3503/1908 1243/3504/1914 1322/3505/1877
f 1322/3505/1877 1243/3504/1914 1239/3506/1878
f 1326/3503/1908 1322/3505/1877 1342/3507/1874
f 1326/3503/1908 1342/3507/1874 1346/3508/1903
f 1346/3508/1903 1342/3507/1874 1389/3509/1871
f 1346/3508/1903 1389/3509/1871 1393/3510/1901
f 1393/3510/1901 1389/3509/1871 1432/3511/1895
f 1432/3511/1895 1389/3509/1871 1418/3512/1868
f 1432/3511/1895 1418/3512/1868 1456/3513/1867
f 1239/3514/1878 1243/3515/1914 1273/3516/1879
f 1514/3517/1883 1456/3518/1867 1481/3519/1864
f 1514/3520/1883 1481/3521/1864 1512/3522/1861
s 42
f 2221/3523/2003 2014/3524/2004 2220/3525/2005
f 2014/3524/2004 2221/3523/2003 2093/3526/2006
f 2220/3525/2005 2014/3524/2004 2186/3527/2007
f 2186/3527/2007 2014/3524/2004 2010/3528/2008
f 2186/3527/2007 2010/3528/2008 1979/3529/2009
f 2221/3523/2003 2220/3525/2005 2309/3530/2010
f 2221/3523/2003 2309/3530/2010 2311/3531/2011
f 2311/3531/2011 2309/3530/2010 2467/3532/2012
f 2467/3532/2012 2309/3530/2010 2463/3533/2013
f 2309/3530/2010 2220/3525/2005 2307/3534/2014
f 2309/3530/2010 2307/3534/2014 2463/3533/2013
f 2307/3534/2014 2220/3525/2005 2186/3527/2007
f 2463/3533/2013 2307/3534/2014 2459/3535/2015
f 2459/3535/2015 2307/3534/2014 2304/3536/2016
f 2304/3536/2016 2307/3534/2014 2186/3527/2007
f 2459/3535/2015 2304/3536/2016 2457/3537/2017
f 2185/3538/2018 2186/3527/2007 1979/3529/2009
f 2186/3527/2007 2185/3538/2018 2304/3536/2016
f 2185/3538/2018 1979/3529/2009 1976/3539/2019
f 2457/3537/2017 2304/3536/2016 2278/3540/2020
f 2304/3536/2016 2185/3538/2018 2151/3541/2021
f 2151/3541/2021 2185/3538/2018 1976/3539/2019
f 2304/3536/2016 2151/3541/2021 2278/3540/2020
f 2457/3537/2017 2278/3540/2020 2435/3542/2022
f 2151/3541/2021 1976/3539/2019 2198/3543/2023
f 2151/3541/2021 2198/3543/2023 2278/3540/2020
f 2198/3543/2023 1976/3539/2019 2030/3544/2024
f 2198/3543/2023 2030/3544/2024 2079/3545/2025
f 2435/3542/2022 2278/3540/2020 2344/3546/2026
f 2344/3546/2026 2278/3540/2020 2198/3543/2023
f 2435/3542/2022 2344/3546/2026 2485/3547/2027
f 2198/3543/2023 2079/3545/2025 2237/3548/2028
f 2198/3543/2023 2237/3548/2028 2344/3546/2026
f 2485/3547/2027 2344/3546/2026 2374/3549/2029
f 2374/3549/2029 2344/3546/2026 2237/3548/2028
f 2485/3547/2027 2374/3549/2029 2483/3550/2030
f 2483/3550/2030 2374/3549/2029 2372/3551/2031
f 2372/3551/2031 2374/3549/2029 2237/3548/2028
f 2483/3550/2030 2372/3551/2031 2496/3552/2032
f 2496/3552/2032 2372/3551/2031 2489/3553/2033
f 2253/3554/2034 2237/3548/2028 2079/3545/2025
f 2237/3548/2028 2253/3554/2034 2372/3551/2031
f 2253/3554/2034 2079/3545/2025 2077/3555/2035
f 2489/3553/2033 2372/3551/2031 2363/3556/2036
f 2363/3556/2036 2372/3551/2031 2253/3554/2034
f 2489/3553/2033 2363/3556/2036 2476/3557/2037
f 2253/3554/2034 2077/3555/2035 2230/3558/2038
f 2253/3554/2034 2230/3558/2038 2363/3556/2036
f 2230/3558/2038 2077/3555/2035 2019/3559/2039
f 2476/3557/2037 2363/3556/2036 2365/3560/2040
f 2365/3560/2040 2363/3556/2036 2230/3558/2038
f 2476/3557/2037 2365/3560/2040 2479/3561/2041
f 2479/3561/2041 2365/3560/2040 2367/3562/2042
f 2365/3560/2040 2230/3558/2038 2231/3563/2043
f 2365/3560/2040 2231/3563/2043 2367/3562/2042
f 2231/3563/2043 2230/3558/2038 2019/3559/2039
f 2367/3562/2042 2231/3563/2043 2232/3564/2044
f 2231/3563/2043 2019/3559/2039 2021/3565/2045
f 2232/3564/2044 2231/3563/2043 2074/3566/2046
f 2074/3566/2046 2231/3563/2043 2021/3565/2045
f 2221/3567/2003 2311/3568/2011 2361/3569/2047
f 2361/3569/2047 2311/3568/2011 2467/3570/2012
f 2221/3567/2003 2361/3569/2047 2226/3571/2048
f 2221/3567/2003 2226/3571/2048 2093/3572/2006
f 2093/3572/2006 2226/3571/2048 2071/3573/2049
f 2361/3569/2047 2467/3570/2012 2470/3574/2050
f 2470/3574/2050 2467/3570/2012 2501/3575/2051
f 2470/3574/2050 2501/3575/2051 2515/3576/2052
f 2470/3574/2050 2515/3576/2052 2539/3577/2053
f 2470/3574/2050 2539/3577/2053 2469/3578/2054
f 2470/3574/2050 2469/3578/2054 2361/3569/2047
f 2469/3578/2054 2539/3577/2053 2538/3579/2055
f 2362/3580/2056 2226/3571/2048 2361/3569/2047
f 2362/3580/2056 2361/3569/2047 2469/3578/2054
f 2225/3581/2057 2071/3573/2049 2226/3571/2048
f 2225/3581/2057 2226/3571/2048 2362/3580/2056
f 2071/3573/2049 2225/3581/2057 2015/3582/2058
f 2469/3578/2054 2538/3579/2055 2468/3583/2059
f 2469/3578/2054 2468/3583/2059 2362/3580/2056
f 2468/3583/2059 2538/3579/2055 2512/3584/2060
f 2468/3583/2059 2512/3584/2060 2465/3585/2061
f 2362/3580/2056 2468/3583/2059 2360/3586/2062
f 2360/3586/2062 2468/3583/2059 2465/3585/2061
f 2362/3580/2056 2360/3586/2062 2225/3581/2057
f 2360/3586/2062 2465/3585/2061 2358/3587/2063
f 2224/3588/2064 2015/3582/2058 2225/3581/2057
f 2224/3588/2064 2225/3581/2057 2360/3586/2062
f 2224/3588/2064 2360/3586/2062 2358/3587/2063
f 2015/3582/2058 2224/3588/2064 2070/3589/2065
f 2224/3588/2064 2358/3587/2063 2247/3590/2066
f 2467/3591/2012 2463/3592/2013 2510/3593/2067
f 2467/3591/2012 2510/3593/2067 2501/3594/2051
f 2510/3593/2067 2463/3592/2013 2534/3595/2068
f 2510/3593/2067 2534/3595/2068 2579/3596/2069
f 2534/3595/2068 2463/3592/2013 2459/3597/2015
f 2579/3596/2069 2534/3595/2068 2597/3598/2070
f 2534/3595/2068 2459/3597/2015 2531/3599/2071
f 2534/3595/2068 2531/3599/2071 2597/3598/2070
f 2597/3598/2070 2531/3599/2071 2574/3600/2072
f 2531/3599/2071 2459/3597/2015 2457/3601/2017
f 2531/3599/2071 2457/3601/2017 2506/3602/2073
f 2506/3602/2073 2457/3601/2017 2435/3603/2022
f 2572/3604/2074 2574/3600/2072 2506/3602/2073
f 2506/3602/2073 2435/3603/2022 2485/3605/2027
f 2572/3604/2074 2506/3602/2073 2528/3606/2075
f 2528/3606/2075 2506/3602/2073 2485/3605/2027
f 2572/3604/2074 2528/3606/2075 2569/3607/2076
f 2528/3606/2075 2485/3605/2027 2483/3608/2030
f 2569/3607/2076 2528/3606/2075 2551/3609/2077
f 2551/3609/2077 2528/3606/2075 2483/3608/2030
f 2569/3607/2076 2551/3609/2077 2589/3610/2078
f 2551/3609/2077 2483/3608/2030 2496/3611/2032
f 2589/3610/2078 2551/3609/2077 2565/3612/2079
f 2565/3612/2079 2551/3609/2077 2496/3611/2032
f 2589/3610/2078 2565/3612/2079 2606/3613/2080
f 2565/3612/2079 2496/3611/2032 2559/3614/2081
f 2565/3612/2079 2559/3614/2081 2606/3613/2080
f 2559/3614/2081 2496/3611/2032 2489/3615/2033
f 2606/3613/2080 2559/3614/2081 2602/3616/2082
f 2559/3614/2081 2489/3615/2033 2476/3617/2037
f 2602/3616/2082 2559/3614/2081 2542/3618/2083
f 2542/3618/2083 2559/3614/2081 2476/3617/2037
f 2602/3616/2082 2542/3618/2083 2584/3619/2084
f 2542/3618/2083 2476/3617/2037 2479/3620/2041
f 2510/3621/2067 2579/3622/2069 2501/3623/2051
f 2501/3623/2051 2579/3622/2069 2515/3624/2052
f 2515/3624/2052 2579/3622/2069 2539/3625/2053
f 2539/3625/2053 2579/3622/2069 2600/3626/2085
f 2600/3626/2085 2579/3622/2069 2609/3627/2086
f 2609/3627/2086 2579/3622/2069 2597/3628/2070
f 2539/3625/2053 2600/3626/2085 2578/3629/2087
f 2578/3629/2087 2600/3626/2085 2609/3627/2086
f 2539/3625/2053 2578/3629/2087 2538/3630/2055
f 2578/3629/2087 2609/3627/2086 2596/3631/2088
f 2538/3630/2055 2578/3629/2087 2512/3632/2060
f 2578/3629/2087 2596/3631/2088 2536/3633/2089
f 2578/3629/2087 2536/3633/2089 2512/3632/2060
f 2609/3634/2086 2597/3635/2070 2594/3636/2090
f 2594/3636/2090 2597/3635/2070 2574/3637/2072
f 2609/3634/2086 2594/3636/2090 2596/3638/2088
f 2574/3639/2072 2531/3640/2071 2506/3641/2073
f 2574/3642/2072 2572/3643/2074 2594/3644/2090
f 2593/3645/2091 2596/3646/2088 2594/3644/2090
f 2593/3645/2091 2594/3644/2090 2592/3647/2092
f 2592/3647/2092 2594/3644/2090 2572/3643/2074
f 2592/3647/2092 2572/3643/2074 2569/3648/2076
f 2592/3647/2092 2569/3648/2076 2591/3649/2093
f 2592/3647/2092 2591/3649/2093 2571/3650/2094
f 2591/3649/2093 2569/3648/2076 2589/3651/2078
f 2571/3650/2094 2591/3649/2093 2590/3652/2095
f 2590/3652/2095 2591/3649/2093 2608/3653/2096
f 2608/3653/2096 2591/3649/2093 2589/3651/2078
f 2590/3652/2095 2608/3653/2096 2607/3654/2097
f 2608/3653/2096 2589/3651/2078 2611/3655/2098
f 2608/3653/2096 2611/3655/2098 2607/3654/2097
f 2607/3654/2097 2611/3655/2098 2605/3656/2099
f 2605/3656/2099 2611/3655/2098 2601/3657/2100
f 2611/3655/2098 2589/3651/2078 2606/3658/2080
f 2601/3657/2100 2611/3655/2098 2610/3659/2101
f 2610/3659/2101 2611/3655/2098 2606/3658/2080
f 2610/3659/2101 2606/3658/2080 2602/3660/2082
f 1979/3661/2009 2010/3662/2008 1934/3663/2102
f 1934/3663/2102 2010/3662/2008 2014/3664/2004
f 1979/3661/2009 1934/3663/2102 1928/3665/2103
f 1979/3661/2009 1928/3665/2103 1976/3666/2019
f 1934/3663/2102 2014/3664/2004 1954/3667/2104
f 1954/3667/2104 2014/3664/2004 2093/3668/2006
f 1928/3665/2103 1934/3663/2102 1907/3669/2105
f 1976/3666/2019 1928/3665/2103 1925/3670/2106
f 1925/3670/2106 1928/3665/2103 1907/3669/2105
f 1976/3666/2019 1925/3670/2106 2030/3671/2024
f 1934/3663/2102 1954/3667/2104 1933/3672/2107
f 1934/3663/2102 1933/3672/2107 1907/3669/2105
f 1933/3672/2107 1954/3667/2104 1953/3673/2108
f 1953/3673/2108 1954/3667/2104 2015/3674/2058
f 1933/3672/2107 1953/3673/2108 1991/3675/2109
f 1933/3672/2107 1991/3675/2109 1951/3676/2110
f 1933/3672/2107 1951/3676/2110 1907/3669/2105
f 1951/3676/2110 1991/3675/2109 2068/3677/2111
f 1951/3676/2110 2068/3677/2111 2009/3678/2112
f 1951/3676/2110 2009/3678/2112 1927/3679/2113
f 1951/3676/2110 1927/3679/2113 1907/3669/2105
f 1927/3679/2113 2009/3678/2112 1977/3680/2114
f 1907/3669/2105 1927/3679/2113 1904/3681/2115
f 1907/3669/2105 1904/3681/2115 1925/3670/2106
f 1927/3679/2113 1977/3680/2114 1924/3682/2116
f 1927/3679/2113 1924/3682/2116 1904/3681/2115
f 1924/3682/2116 1977/3680/2114 1974/3683/2117
f 1925/3670/2106 1904/3681/2115 1967/3684/2118
f 1925/3670/2106 1967/3684/2118 2030/3671/2024
f 2030/3671/2024 1967/3684/2118 2079/3685/2025
f 1967/3684/2118 1904/3681/2115 1946/3686/2119
f 1946/3686/2119 1904/3681/2115 1924/3682/2116
f 2079/3685/2025 1967/3684/2118 1965/3687/2120
f 1965/3687/2120 1967/3684/2118 1946/3686/2119
f 2079/3685/2025 1965/3687/2120 2077/3688/2035
f 1966/3689/2121 1924/3682/2116 1974/3683/2117
f 1924/3682/2116 1966/3689/2121 1946/3686/2119
f 1966/3689/2121 1974/3683/2117 2029/3690/2122
f 1965/3687/2120 1946/3686/2119 1964/3691/2123
f 1964/3691/2123 1946/3686/2119 1966/3689/2121
f 2077/3688/2035 1965/3687/2120 1996/3692/2124
f 1996/3692/2124 1965/3687/2120 1964/3691/2123
f 2077/3688/2035 1996/3692/2124 2019/3693/2039
f 1966/3689/2121 2029/3690/2122 1998/3694/2125
f 1966/3689/2121 1998/3694/2125 1964/3691/2123
f 1998/3694/2125 2029/3690/2122 2078/3695/2126
f 1998/3694/2125 2078/3695/2126 1995/3696/2127
f 1995/3696/2127 2078/3695/2126 2076/3697/2128
f 1964/3691/2123 1998/3694/2125 1963/3698/2129
f 1964/3691/2123 1963/3698/2129 1996/3692/2124
f 1963/3698/2129 1998/3694/2125 1995/3696/2127
f 1995/3696/2127 2076/3697/2128 2072/3699/2130
f 1996/3692/2124 1963/3698/2129 1957/3700/2131
f 1996/3692/2124 1957/3700/2131 2019/3693/2039
f 1963/3698/2129 1995/3696/2127 1938/3701/2132
f 1963/3698/2129 1938/3701/2132 1957/3700/2131
f 2019/3693/2039 1957/3700/2131 1958/3702/2133
f 1958/3702/2133 1957/3700/2131 1938/3701/2132
f 2019/3693/2039 1958/3702/2133 2021/3703/2045
f 2021/3703/2045 1958/3702/2133 2024/3704/2134
f 2021/3703/2045 2024/3704/2134 2074/3705/2046
f 2024/3704/2134 1958/3702/2133 1960/3706/2135
f 1960/3706/2135 1958/3702/2133 1938/3701/2132
f 2024/3704/2134 1960/3706/2135 2027/3707/2136
f 1956/3708/2137 1938/3701/2132 1995/3696/2127
f 1938/3701/2132 1956/3708/2137 1960/3706/2135
f 1956/3708/2137 1995/3696/2127 2072/3699/2130
f 2027/3707/2136 1960/3706/2135 1959/3709/2138
f 1959/3709/2138 1960/3706/2135 1956/3708/2137
f 1959/3709/2138 1956/3708/2137 2072/3699/2130
f 2027/3707/2136 1959/3709/2138 2026/3710/2139
f 1959/3709/2138 2072/3699/2130 2073/3711/2140
f 2026/3710/2139 1959/3709/2138 2075/3712/2141
f 2075/3712/2141 1959/3709/2138 2073/3711/2140
f 1953/3713/2108 2015/3714/2058 1991/3715/2109
f 1991/3715/2109 2015/3714/2058 2070/3716/2065
f 1991/3715/2109 2070/3716/2065 2091/3717/2142
f 1991/3715/2109 2091/3717/2142 2068/3718/2111
f 2068/3718/2111 2091/3717/2142 2219/3719/2143
f 2219/3719/2143 2091/3717/2142 2247/3720/2066
f 2219/3719/2143 2247/3720/2066 2356/3721/2144
f 2356/3721/2144 2247/3720/2066 2358/3722/2063
f 2356/3721/2144 2358/3722/2063 2462/3723/2145
f 2462/3723/2145 2358/3722/2063 2465/3724/2061
f 1974/3725/2117 1977/3726/2114 2183/3727/2146
f 2183/3727/2146 1977/3726/2114 2009/3728/2112
f 1974/3725/2117 2183/3727/2146 2182/3729/2147
f 1974/3725/2117 2182/3729/2147 2029/3730/2122
f 2183/3727/2146 2009/3728/2112 2217/3731/2148
f 2217/3731/2148 2009/3728/2112 2068/3732/2111
f 2217/3731/2148 2068/3732/2111 2219/3733/2143
f 2183/3727/2146 2217/3731/2148 2302/3734/2149
f 2183/3727/2146 2302/3734/2149 2182/3729/2147
f 2217/3731/2148 2219/3733/2143 2355/3735/2150
f 2217/3731/2148 2355/3735/2150 2302/3734/2149
f 2355/3735/2150 2219/3733/2143 2356/3736/2144
f 2355/3735/2150 2356/3736/2144 2462/3737/2145
f 2355/3735/2150 2462/3737/2145 2487/3738/2151
f 2355/3735/2150 2487/3738/2151 2486/3739/2152
f 2355/3735/2150 2486/3739/2152 2302/3734/2149
f 2302/3734/2149 2486/3739/2152 2456/3740/2153
f 2301/3741/2154 2182/3729/2147 2302/3734/2149
f 2301/3741/2154 2302/3734/2149 2456/3740/2153
f 2182/3729/2147 2301/3741/2154 2238/3742/2155
f 2182/3729/2147 2238/3742/2155 2029/3730/2122
f 2301/3741/2154 2456/3740/2153 2375/3743/2156
f 2301/3741/2154 2375/3743/2156 2238/3742/2155
f 2375/3743/2156 2456/3740/2153 2484/3744/2157
f 2029/3730/2122 2238/3742/2155 2078/3745/2126
f 2375/3743/2156 2484/3744/2157 2373/3746/2158
f 2375/3743/2156 2373/3746/2158 2238/3742/2155
f 2373/3746/2158 2484/3744/2157 2497/3747/2159
f 2373/3746/2158 2497/3747/2159 2498/3748/2160
f 2078/3745/2126 2238/3742/2155 2236/3749/2161
f 2236/3749/2161 2238/3742/2155 2373/3746/2158
f 2078/3745/2126 2236/3749/2161 2076/3750/2128
f 2373/3746/2158 2498/3748/2160 2384/3751/2162
f 2373/3746/2158 2384/3751/2162 2236/3749/2161
f 2384/3751/2162 2498/3748/2160 2488/3752/2163
f 2076/3750/2128 2236/3749/2161 2252/3753/2164
f 2252/3753/2164 2236/3749/2161 2384/3751/2162
f 2076/3750/2128 2252/3753/2164 2072/3754/2130
f 2384/3751/2162 2488/3752/2163 2364/3755/2165
f 2384/3751/2162 2364/3755/2165 2252/3753/2164
f 2364/3755/2165 2488/3752/2163 2491/3756/2166
f 2072/3754/2130 2252/3753/2164 2248/3757/2167
f 2248/3757/2167 2252/3753/2164 2364/3755/2165
f 2072/3754/2130 2248/3757/2167 2073/3758/2140
f 2364/3755/2165 2491/3756/2166 2366/3759/2168
f 2364/3755/2165 2366/3759/2168 2248/3757/2167
f 2366/3759/2168 2491/3756/2166 2480/3760/2169
f 2366/3759/2168 2480/3760/2169 2368/3761/2170
f 2248/3757/2167 2366/3759/2168 2249/3762/2171
f 2248/3757/2167 2249/3762/2171 2073/3758/2140
f 2249/3762/2171 2366/3759/2168 2368/3761/2170
f 2073/3758/2140 2249/3762/2171 2075/3763/2141
f 2249/3762/2171 2368/3761/2170 2250/3764/2172
f 2249/3762/2171 2250/3764/2172 2075/3763/2141
f 2074/3765/2046 2024/3766/2134 2232/3767/2044
f 2024/3768/2134 2027/3769/2136 2235/3770/2173
f 2027/3771/2136 2026/3772/2139 2235/3773/2173
f 2235/3773/2173 2026/3772/2139 2251/3774/2174
f 2251/3774/2174 2026/3772/2139 2075/3775/2141
f 2251/3774/2174 2075/3775/2141 2250/3776/2172
f 2251/3774/2174 2250/3776/2172 2370/3777/2175
f 2251/3774/2174 2370/3777/2175 2235/3773/2173
f 2370/3777/2175 2250/3776/2172 2368/3778/2170
f 2370/3777/2175 2368/3778/2170 2480/3779/2169
f 2370/3777/2175 2480/3779/2169 2494/3780/2176
f 2370/3777/2175 2494/3780/2176 2371/3781/2177
f 2370/3777/2175 2371/3781/2177 2235/3773/2173
f 2371/3781/2177 2494/3780/2176 2495/3782/2178
f 2235/3773/2173 2371/3781/2177 2234/3783/2179
f 2235/3773/2173 2234/3783/2179 2024/3784/2134
f 2371/3781/2177 2495/3782/2178 2493/3785/2180
f 2234/3783/2179 2371/3781/2177 2369/3786/2181
f 2369/3786/2181 2371/3781/2177 2493/3785/2180
f 2234/3783/2179 2369/3786/2181 2232/3787/2044
f 2232/3787/2044 2369/3786/2181 2367/3788/2042
f 2367/3788/2042 2369/3786/2181 2493/3785/2180
f 2493/3785/2180 2495/3782/2178 2547/3789/2182
f 2367/3788/2042 2493/3785/2180 2479/3790/2041
f 2479/3790/2041 2493/3785/2180 2547/3789/2182
f 2479/3790/2041 2547/3789/2182 2520/3791/2183
f 2232/3792/2044 2024/3793/2134 2234/3794/2179
f 2592/3795/2092 2571/3796/2094 2593/3797/2091
f 2571/3798/2094 2590/3799/2095 2529/3800/2184
f 2529/3800/2184 2590/3799/2095 2527/3801/2185
f 2527/3801/2185 2590/3799/2095 2607/3802/2097
f 2527/3801/2185 2607/3802/2097 2550/3803/2186
f 2550/3803/2186 2607/3802/2097 2605/3804/2099
f 2527/3801/2185 2550/3803/2186 2484/3805/2157
f 2527/3801/2185 2484/3805/2157 2529/3800/2184
f 2529/3800/2184 2484/3805/2157 2456/3806/2153
f 2484/3805/2157 2550/3803/2186 2497/3807/2159
f 2529/3800/2184 2456/3806/2153 2486/3808/2152
f 2550/3803/2186 2605/3804/2099 2564/3809/2187
f 2550/3803/2186 2564/3809/2187 2497/3807/2159
f 2564/3809/2187 2605/3804/2099 2601/3810/2100
f 2497/3807/2159 2564/3809/2187 2498/3811/2160
f 2529/3800/2184 2486/3808/2152 2530/3812/2188
f 2529/3800/2184 2530/3812/2188 2571/3798/2094
f 2530/3812/2188 2486/3808/2152 2487/3813/2151
f 2571/3798/2094 2530/3812/2188 2593/3814/2091
f 2498/3811/2160 2564/3809/2187 2558/3815/2189
f 2558/3815/2189 2564/3809/2187 2601/3810/2100
f 2498/3811/2160 2558/3815/2189 2488/3816/2163
f 2558/3815/2189 2601/3810/2100 2585/3817/2190
f 2488/3816/2163 2558/3815/2189 2543/3818/2191
f 2543/3818/2191 2558/3815/2189 2585/3817/2190
f 2488/3816/2163 2543/3818/2191 2491/3819/2166
f 2543/3818/2191 2585/3817/2190 2544/3820/2192
f 2543/3818/2191 2544/3820/2192 2491/3819/2166
f 2491/3819/2166 2544/3820/2192 2480/3821/2169
f 2533/3822/2193 2593/3814/2091 2530/3812/2188
f 2533/3822/2193 2530/3812/2188 2487/3813/2151
f 2593/3814/2091 2533/3822/2193 2596/3823/2088
f 2596/3823/2088 2533/3822/2193 2536/3824/2089
f 2536/3824/2089 2533/3822/2193 2487/3813/2151
f 2536/3824/2089 2487/3813/2151 2462/3825/2145
f 2536/3824/2089 2462/3825/2145 2512/3826/2060
f 2512/3826/2060 2462/3825/2145 2465/3827/2061
f 2247/3828/2066 2091/3829/2142 2070/3830/2065
f 2247/3831/2066 2070/3832/2065 2224/3833/2064
f 2562/3834/2194 2494/3835/2176 2480/3836/2169
f 2494/3835/2176 2562/3834/2194 2495/3837/2178
f 2546/3838/2195 2547/3839/2182 2495/3837/2178
f 2546/3838/2195 2495/3837/2178 2563/3840/2196
f 2563/3840/2196 2495/3837/2178 2562/3834/2194
f 2546/3838/2195 2563/3840/2196 2584/3841/2084
f 2563/3840/2196 2562/3834/2194 2585/3842/2190
f 2585/3842/2190 2562/3834/2194 2544/3843/2192
f 2563/3840/2196 2585/3842/2190 2604/3844/2197
f 2563/3840/2196 2604/3844/2197 2584/3841/2084
f 2604/3844/2197 2585/3842/2190 2601/3845/2100
f 2604/3844/2197 2601/3845/2100 2610/3846/2101
f 2604/3844/2197 2610/3846/2101 2584/3841/2084
f 2584/3841/2084 2610/3846/2101 2602/3847/2082
f 2562/3848/2194 2480/3849/2169 2544/3850/2192
f 2547/3851/2182 2546/3852/2195 2545/3853/2198
f 2547/3851/2182 2545/3853/2198 2520/3854/2183
f 2545/3855/2198 2546/3856/2195 2584/3857/2084
f 2520/3858/2183 2545/3859/2198 2584/3860/2084
f 2520/3858/2183 2584/3860/2084 2542/3861/2083
f 2479/3862/2041 2520/3863/2183 2542/3864/2083
f 1954/3865/2104 2093/3866/2006 2071/3867/2049
f 1954/3865/2104 2071/3867/2049 2015/3868/2058
s 44
f 1975/3869/2199 2008/3870/2200 1981/3871/2201
f 2008/3870/2200 1975/3869/2199 2003/3872/2202
f 2084/3873/2203 2349/3874/2204 2003/3872/2202
f 2003/3872/2202 2349/3874/2204 2385/3875/2205
f 2008/3870/2200 2003/3872/2202 2388/3876/2206
f 2388/3876/2206 2003/3872/2202 2385/3875/2205
f 2388/3876/2206 2385/3875/2205 2404/3877/2207
f 2388/3876/2206 2404/3877/2207 2396/3878/2208
f 2008/3870/2200 2388/3876/2206 2089/3879/2209
f 2089/3879/2209 2388/3876/2206 2353/3880/2210
f 2089/3879/2209 2353/3880/2210 2354/3881/2211
f 2089/3879/2209 2354/3881/2211 2090/3882/2212
f 2089/3879/2209 2090/3882/2212 1987/3883/2213
f 1975/3884/2199 1981/3885/2201 1926/3886/2214
f 1975/3884/2199 1926/3886/2214 2002/3887/2215
f 2002/3887/2215 1926/3886/2214 1947/3888/2216
f 1947/3888/2216 1926/3886/2214 1897/3889/2217
f 1926/3886/2214 1981/3885/2201 1931/3890/2218
f 1926/3886/2214 1931/3890/2218 1897/3889/2217
f 1931/3890/2218 1981/3885/2201 1987/3891/2213
f 1987/3891/2213 1981/3885/2201 2008/3892/2200
f 1931/3890/2218 1987/3891/2213 1950/3893/2219
f 1897/3889/2217 1931/3890/2218 1901/3894/2220
f 1901/3894/2220 1931/3890/2218 1950/3893/2219
f 1897/3889/2217 1901/3894/2220 1896/3895/2221
f 1901/3894/2220 1950/3893/2219 1932/3896/2222
f 1901/3894/2220 1932/3896/2222 1900/3897/2223
f 1901/3894/2220 1900/3897/2223 1896/3895/2221
f 1900/3897/2223 1932/3896/2222 1930/3898/2224
f 1900/3897/2223 1930/3898/2224 1911/3899/2225
f 1900/3897/2223 1911/3899/2225 1910/3900/2226
f 1900/3897/2223 1910/3900/2226 1903/3901/2227
f 1900/3897/2223 1903/3901/2227 1896/3895/2221
f 1896/3895/2221 1903/3901/2227 1921/3902/2228
f 1921/3902/2228 1903/3901/2227 1922/3903/2229
f 2003/3904/2202 1975/3905/2199 2002/3906/2215
f 2003/3904/2202 2002/3906/2215 2083/3907/2230
f 2003/3904/2202 2083/3907/2230 2084/3908/2203
f 2084/3908/2203 2083/3907/2230 2347/3909/2231
f 2084/3908/2203 2347/3909/2231 2349/3910/2204
f 2002/3911/2215 1947/3912/2216 2037/3913/2232
f 2037/3913/2232 1947/3912/2216 1923/3914/2233
f 2002/3911/2215 2037/3913/2232 2083/3915/2230
f 2037/3913/2232 1923/3914/2233 1972/3916/2234
f 2083/3915/2230 2037/3913/2232 2300/3917/2235
f 2300/3917/2235 2037/3913/2232 1972/3916/2234
f 2083/3915/2230 2300/3917/2235 2347/3918/2231
f 2347/3918/2231 2300/3917/2235 2395/3919/2236
f 2300/3917/2235 1972/3916/2234 2263/3920/2237
f 1972/3916/2234 1923/3914/2233 1920/3921/2238
f 2378/3922/2239 2263/3920/2237 2348/3923/2240
f 2348/3923/2240 2263/3920/2237 2260/3924/2241
f 2260/3924/2241 2263/3920/2237 1972/3916/2234
f 2348/3923/2240 2260/3924/2241 2345/3925/2242
f 2345/3925/2242 2260/3924/2241 2346/3926/2243
f 2346/3926/2243 2260/3924/2241 2261/3927/2244
f 1972/3916/2234 1920/3921/2238 1969/3928/2245
f 1972/3916/2234 1969/3928/2245 2260/3924/2241
f 2260/3924/2241 1969/3928/2245 2261/3927/2244
f 1969/3928/2245 1920/3921/2238 1921/3929/2228
f 2261/3927/2244 1969/3928/2245 1970/3930/2246
f 1970/3930/2246 1969/3928/2245 1921/3929/2228
f 1947/3931/2216 1897/3932/2217 1923/3933/2233
f 1923/3933/2233 1897/3932/2217 1920/3934/2238
f 1920/3934/2238 1897/3932/2217 1896/3935/2221
f 1920/3934/2238 1896/3935/2221 1921/3936/2228
f 2347/3937/2231 2395/3938/2236 2349/3939/2204
f 2385/3940/2205 2349/3941/2204 2395/3942/2236
f 2385/3940/2205 2395/3942/2236 2404/3943/2207
f 2378/3944/2239 2395/3945/2236 2300/3946/2235
f 2378/3944/2239 2300/3946/2235 2263/3947/2237
f 2395/3945/2236 2378/3944/2239 2386/3948/2247
f 2395/3945/2236 2386/3948/2247 2404/3949/2207
f 2386/3948/2247 2378/3944/2239 2348/3950/2240
f 2386/3948/2247 2348/3950/2240 2379/3951/2248
f 2379/3951/2248 2348/3950/2240 2345/3952/2242
f 2379/3951/2248 2345/3952/2242 2376/3953/2249
f 2376/3953/2249 2345/3952/2242 2346/3954/2243
f 2376/3953/2249 2346/3954/2243 2377/3955/2250
f 2377/3955/2250 2346/3954/2243 2299/3956/2251
f 2404/3957/2207 2386/3958/2247 2387/3959/2252
f 2404/3957/2207 2387/3959/2252 2396/3960/2208
f 2396/3960/2208 2387/3959/2252 2397/3961/2253
f 2396/3960/2208 2397/3961/2253 2388/3962/2206
f 2388/3962/2206 2397/3961/2253 2354/3963/2211
f 2397/3961/2253 2387/3959/2252 2383/3964/2254
f 2387/3959/2252 2386/3958/2247 2382/3965/2255
f 2387/3959/2252 2382/3965/2255 2383/3964/2254
f 2382/3965/2255 2386/3958/2247 2379/3966/2248
f 2383/3964/2254 2382/3965/2255 2352/3967/2256
f 2382/3965/2255 2379/3966/2248 2380/3968/2257
f 2382/3965/2255 2380/3968/2257 2352/3967/2256
f 2352/3967/2256 2380/3968/2257 2350/3969/2258
f 2380/3968/2257 2379/3966/2248 2376/3970/2249
f 2350/3969/2258 2380/3968/2257 2351/3971/2259
f 2380/3968/2257 2376/3970/2249 2381/3972/2260
f 2380/3968/2257 2381/3972/2260 2351/3971/2259
f 2381/3972/2260 2376/3970/2249 2377/3973/2250
f 2351/3971/2259 2381/3972/2260 2305/3974/2261
f 2383/3975/2254 2352/3976/2256 2268/3977/2262
f 2268/3977/2262 2352/3976/2256 2350/3978/2258
f 2383/3975/2254 2268/3977/2262 2306/3979/2263
f 2383/3975/2254 2306/3979/2263 2397/3980/2253
f 2397/3980/2253 2306/3979/2263 2354/3981/2211
f 2354/3981/2211 2306/3979/2263 2090/3982/2212
f 2090/3982/2212 2306/3979/2263 2063/3983/2264
f 2063/3983/2264 2306/3979/2263 2268/3977/2262
f 2090/3982/2212 2063/3983/2264 1987/3984/2213
f 1987/3984/2213 2063/3983/2264 1950/3985/2219
f 1950/3985/2219 2063/3983/2264 1986/3986/2265
f 1986/3986/2265 2063/3983/2264 2268/3977/2262
f 1950/3985/2219 1986/3986/2265 1932/3987/2222
f 2266/3988/2266 2268/3977/2262 2350/3978/2258
f 2268/3977/2262 2266/3988/2266 1986/3986/2265
f 2266/3988/2266 2350/3978/2258 2351/3989/2259
f 2266/3988/2266 2351/3989/2259 2267/3990/2267
f 1986/3986/2265 2266/3988/2266 1982/3991/2268
f 1986/3986/2265 1982/3991/2268 1932/3987/2222
f 1982/3991/2268 2266/3988/2266 2267/3990/2267
f 1932/3987/2222 1982/3991/2268 1930/3992/2224
f 1982/3991/2268 2267/3990/2267 1984/3993/2269
f 1930/3992/2224 1982/3991/2268 1911/3994/2225
f 1911/3994/2225 1982/3991/2268 1984/3993/2269
f 2381/3995/2260 2377/3996/2250 2305/3997/2261
f 2305/3997/2261 2377/3996/2250 2299/3998/2251
f 2305/3997/2261 2299/3998/2251 1929/3999/2270
f 1929/3999/2270 2299/3998/2251 1922/4000/2229
f 2305/3997/2261 1929/3999/2270 2265/4001/2271
f 2265/4001/2271 1929/3999/2270 1980/4002/2272
f 2346/4003/2243 2261/4004/2244 2299/4005/2251
f 2299/4005/2251 2261/4004/2244 2262/4006/2273
f 2261/4007/2244 1970/4008/2246 2262/4009/2273
f 2262/4009/2273 1970/4008/2246 1971/4010/2274
f 1971/4010/2274 1970/4008/2246 1921/4011/2228
f 2262/4012/2273 1971/4013/2274 2299/4014/2251
f 2299/4014/2251 1971/4013/2274 1922/4015/2229
f 1922/4016/2229 1971/4017/2274 1921/4018/2228
f 1922/4019/2229 1903/4020/2227 1929/4021/2270
f 1929/4021/2270 1903/4020/2227 1910/4022/2226
f 2305/4023/2261 2265/4024/2271 2351/4025/2259
f 1929/4026/2270 1910/4027/2226 1911/4028/2225
f 1929/4026/2270 1911/4028/2225 1984/4029/2269
f 1929/4026/2270 1984/4029/2269 1980/4030/2272
f 1980/4030/2272 1984/4029/2269 2265/4031/2271
f 2265/4031/2271 1984/4029/2269 2267/4032/2267
f 2351/4033/2259 2265/4034/2271 2267/4035/2267
f 2089/4036/2209 1987/4037/2213 2008/4038/2200
f 2388/4039/2206 2354/4040/2211 2353/4041/2210
s 46
f 985/4042/2275 1056/4043/2276 1010/4044/2277
f 1056/4043/2276 985/4042/2275 954/4045/2278
f 1010/4046/2277 1056/4047/2276 978/4048/2279
f 1010/4046/2277 978/4048/2279 985/4049/2275
f 985/4049/2275 978/4048/2279 2119/4050/2280
f 978/4048/2279 1056/4047/2276 974/4051/2281
f 974/4051/2281 1056/4047/2276 1052/4052/2282
f 974/4051/2281 1052/4052/2282 1001/4053/2283
f 978/4048/2279 974/4051/2281 2101/4054/2284
f 978/4048/2279 2101/4054/2284 2114/4055/2285
f 978/4048/2279 2114/4055/2285 2119/4050/2280
f 2119/4050/2280 2114/4055/2285 2147/4056/2286
f 954/4057/2278 985/4058/2275 2152/4059/2287
f 2152/4059/2287 985/4058/2275 2119/4060/2280
f 954/4061/2278 2152/4062/2287 951/4063/2288
f 951/4063/2288 2152/4062/2287 2143/4064/2289
f 2143/4064/2289 2152/4062/2287 2178/4065/2290
f 954/4061/2278 951/4063/2288 981/4066/2291
f 954/4061/2278 981/4066/2291 1007/4067/2292
f 1007/4068/2292 981/4069/2291 951/4070/2288
f 1007/4068/2292 951/4070/2288 948/4071/2293
f 1007/4068/2292 948/4071/2293 1004/4072/2294
f 1004/4072/2294 948/4071/2293 970/4073/2295
f 970/4073/2295 948/4071/2293 968/4074/2296
f 948/4071/2293 951/4070/2288 2132/4075/2297
f 948/4071/2293 2132/4075/2297 968/4074/2296
f 2132/4075/2297 951/4070/2288 2143/4076/2289
f 968/4074/2296 2132/4075/2297 2122/4077/2298
f 2122/4077/2298 2132/4075/2297 2163/4078/2299
f 954/4079/2278 1007/4080/2292 1056/4081/2276
f 1056/4081/2276 1007/4080/2292 1004/4082/2294
f 1056/4081/2276 1004/4082/2294 1052/4083/2282
f 2178/4084/2290 2152/4085/2287 2212/4086/2300
f 2212/4086/2300 2152/4085/2287 2119/4087/2280
f 2212/4086/2300 2119/4087/2280 2175/4088/2301
f 2175/4088/2301 2119/4087/2280 2147/4089/2286
f 2212/4086/2300 2175/4088/2301 2168/4090/2302
f 2212/4086/2300 2168/4090/2302 2201/4091/2303
f 2178/4092/2290 2212/4093/2300 2143/4094/2289
f 2143/4094/2289 2212/4093/2300 2132/4095/2297
f 2132/4095/2297 2212/4093/2300 2201/4096/2303
f 2132/4095/2297 2201/4096/2303 2163/4097/2299
f 970/4098/2295 968/4099/2296 1004/4100/2294
f 1004/4100/2294 968/4099/2296 967/4101/2304
f 1004/4102/2294 967/4103/2304 1052/4104/2282
f 1052/4104/2282 967/4103/2304 1001/4105/2283
f 1001/4105/2283 967/4103/2304 974/4106/2281
f 974/4106/2281 967/4103/2304 2096/4107/2305
f 974/4106/2281 2096/4107/2305 2101/4108/2284
f 2101/4108/2284 2096/4107/2305 2127/4109/2306
f 2096/4110/2305 967/4111/2304 968/4112/2296
f 2096/4110/2305 968/4112/2296 2122/4113/2298
f 2163/4114/2299 2201/4115/2303 2122/4116/2298
f 2122/4116/2298 2201/4115/2303 2168/4117/2302
f 2122/4116/2298 2168/4117/2302 2096/4118/2305
f 2096/4118/2305 2168/4117/2302 2127/4119/2306
f 2127/4120/2306 2168/4121/2302 2101/4122/2284
f 2101/4122/2284 2168/4121/2302 2114/4123/2285
f 2114/4123/2285 2168/4121/2302 2175/4124/2301
f 2114/4123/2285 2175/4124/2301 2147/4125/2286
s 47
f 1128/4126/2307 1089/4127/2308 1061/4128/2309
f 1061/4128/2309 1089/4127/2308 1057/4129/2310
f 1061/4128/2309 1057/4129/2310 2215/4130/2311
f 2215/4130/2311 1057/4129/2310 2208/4131/2312
f 2215/4130/2311 2208/4131/2312 2245/4132/2313
f 1047/4133/2314 1057/4129/2310 1128/4126/2307
f 1057/4129/2310 1047/4133/2314 2208/4131/2312
f 2208/4131/2312 1047/4133/2314 2202/4134/2315
f 1047/4133/2314 1128/4126/2307 1117/4135/2316
f 1047/4133/2314 1117/4135/2316 1079/4136/2317
f 1057/4137/2310 1089/4138/2308 1128/4139/2307
f 1061/4140/2309 2215/4141/2311 2246/4142/2318
f 1061/4140/2309 2246/4142/2318 986/4143/2319
f 1128/4144/2307 1061/4145/2309 986/4146/2319
f 1128/4144/2307 986/4146/2319 1058/4147/2320
f 1058/4147/2320 986/4146/2319 1011/4148/2321
f 1011/4148/2321 986/4146/2319 979/4149/2322
f 979/4149/2322 986/4146/2319 2246/4150/2318
f 979/4149/2322 2246/4150/2318 2243/4151/2323
f 2243/4151/2323 2246/4150/2318 2257/4152/2324
f 2215/4153/2311 2245/4154/2313 2256/4155/2325
f 2215/4153/2311 2256/4155/2325 2259/4156/2326
f 2215/4153/2311 2259/4156/2326 2246/4157/2318
f 2246/4157/2318 2259/4156/2326 2257/4158/2324
f 2259/4156/2326 2256/4155/2325 2258/4159/2327
f 2258/4159/2327 2256/4155/2325 2255/4160/2328
f 2256/4161/2325 2245/4162/2313 2208/4163/2312
f 2256/4161/2325 2208/4163/2312 2255/4164/2328
f 2255/4164/2328 2208/4163/2312 2202/4165/2315
f 2255/4164/2328 2202/4165/2315 2240/4166/2329
f 2243/4167/2323 2257/4168/2324 2259/4169/2326
f 2243/4167/2323 2259/4169/2326 2241/4170/2330
f 2241/4170/2330 2259/4169/2326 2258/4171/2327
f 2241/4170/2330 2258/4171/2327 2254/4172/2331
f 1058/4173/2320 1011/4174/2321 979/4175/2322
f 1058/4173/2320 979/4175/2322 971/4176/2332
f 1058/4173/2320 971/4176/2332 1048/4177/2333
f 971/4176/2332 979/4175/2322 2241/4178/2330
f 2241/4178/2330 979/4175/2322 2243/4179/2323
f 971/4176/2332 2241/4178/2330 963/4180/2334
f 1002/4181/2335 963/4180/2334 1048/4177/2333
f 963/4180/2334 1002/4181/2335 971/4176/2332
f 963/4180/2334 2241/4178/2330 2239/4182/2336
f 2239/4182/2336 2241/4178/2330 2254/4183/2331
f 2254/4184/2331 2258/4185/2327 2239/4186/2336
f 2239/4186/2336 2258/4185/2327 2255/4187/2328
f 2239/4186/2336 2255/4187/2328 2199/4188/2337
f 2199/4188/2337 2255/4187/2328 2240/4189/2329
f 2239/4190/2336 2199/4191/2337 963/4192/2334
f 963/4192/2334 2199/4191/2337 1045/4193/2338
f 971/4194/2332 1002/4195/2335 1048/4196/2333
f 1048/4197/2333 963/4198/2334 1045/4199/2338
f 1048/4197/2333 1045/4199/2338 1117/4200/2316
f 1117/4200/2316 1045/4199/2338 1079/4201/2317
f 1058/4202/2320 1048/4203/2333 1117/4204/2316
f 1058/4202/2320 1117/4204/2316 1128/4205/2307
f 1045/4206/2338 2199/4207/2337 1047/4208/2314
f 1047/4209/2314 1079/4210/2317 1045/4211/2338
f 1047/4212/2314 2199/4213/2337 2202/4214/2315
f 2202/4214/2315 2199/4213/2337 2240/4215/2329
s 48
f 988/4216/2339 990/4217/2340 1193/4218/2341
f 1193/4218/2341 990/4217/2340 1168/4219/2342
f 988/4216/2339 1193/4218/2341 1015/4220/2343
f 1015/4220/2343 1193/4218/2341 1192/4221/2344
f 990/4217/2340 988/4216/2339 825/4222/2345
f 990/4217/2340 825/4222/2345 828/4223/2346
f 828/4223/2346 825/4222/2345 747/4224/2347
f 747/4224/2347 825/4222/2345 746/4225/2348
f 1015/4220/2343 1192/4221/2344 1191/4226/2349
f 825/4222/2345 988/4216/2339 812/4227/2350
f 825/4222/2345 812/4227/2350 746/4225/2348
f 812/4227/2350 988/4216/2339 1015/4220/2343
f 746/4225/2348 812/4227/2350 720/4228/2351
f 720/4228/2351 812/4227/2350 807/4229/2352
f 807/4229/2352 812/4227/2350 1015/4220/2343
f 720/4228/2351 807/4229/2352 719/4230/2353
f 1015/4220/2343 1191/4226/2349 987/4231/2354
f 1015/4220/2343 987/4231/2354 807/4229/2352
f 987/4231/2354 1191/4226/2349 1164/4232/2355
f 719/4230/2353 807/4229/2352 718/4233/2356
f 987/4231/2354 1164/4232/2355 982/4234/2357
f 987/4231/2354 982/4234/2357 807/4229/2352
f 982/4234/2357 1164/4232/2355 1108/4235/2358
f 718/4233/2356 807/4229/2352 806/4236/2359
f 806/4236/2359 807/4229/2352 982/4234/2357
f 982/4234/2357 1108/4235/2358 931/4237/2360
f 982/4234/2357 931/4237/2360 806/4236/2359
f 931/4237/2360 1108/4235/2358 1073/4238/2361
f 718/4233/2356 806/4236/2359 787/4239/2362
f 787/4239/2362 806/4236/2359 931/4237/2360
f 718/4233/2356 787/4239/2362 712/4240/2363
f 931/4237/2360 1073/4238/2361 928/4241/2364
f 931/4237/2360 928/4241/2364 787/4239/2362
f 928/4241/2364 1073/4238/2361 1043/4242/2365
f 712/4240/2363 787/4239/2362 785/4243/2366
f 785/4243/2366 787/4239/2362 928/4241/2364
f 712/4240/2363 785/4243/2366 708/4244/2367
f 928/4241/2364 1043/4242/2365 894/4245/2368
f 928/4241/2364 894/4245/2368 785/4243/2366
f 894/4245/2368 1043/4242/2365 1030/4246/2369
f 708/4244/2367 785/4243/2366 774/4247/2370
f 774/4247/2370 785/4243/2366 894/4245/2368
f 708/4244/2367 774/4247/2370 684/4248/2371
f 894/4245/2368 1030/4246/2369 856/4249/2372
f 894/4245/2368 856/4249/2372 774/4247/2370
f 856/4249/2372 1030/4246/2369 995/4250/2373
f 684/4248/2371 774/4247/2370 762/4251/2374
f 762/4251/2374 774/4247/2370 856/4249/2372
f 684/4248/2371 762/4251/2374 656/4252/2375
f 856/4249/2372 995/4250/2373 852/4253/2376
f 856/4249/2372 852/4253/2376 762/4251/2374
f 852/4253/2376 995/4250/2373 997/4254/2377
f 852/4253/2376 997/4254/2377 854/4255/2378
f 762/4251/2374 852/4253/2376 764/4256/2379
f 762/4251/2374 764/4256/2379 656/4252/2375
f 764/4256/2379 852/4253/2376 854/4255/2378
f 656/4252/2375 764/4256/2379 657/4257/2380
f 764/4256/2379 854/4255/2378 760/4258/2381
f 764/4256/2379 760/4258/2381 657/4257/2380
f 657/4257/2380 760/4258/2381 658/4259/2382
f 990/4260/2340 828/4261/2346 831/4262/2383
f 831/4262/2383 828/4261/2346 747/4263/2347
f 990/4260/2340 831/4262/2383 993/4264/2384
f 990/4260/2340 993/4264/2384 1168/4265/2342
f 1168/4265/2342 993/4264/2384 1197/4266/2385
f 831/4262/2383 747/4263/2347 748/4267/2386
f 748/4267/2386 747/4263/2347 672/4268/2387
f 748/4267/2386 672/4268/2387 676/4269/2388
f 748/4267/2386 676/4269/2388 677/4270/2389
f 748/4267/2386 677/4270/2389 755/4271/2390
f 748/4267/2386 755/4271/2390 831/4262/2383
f 755/4271/2390 677/4270/2389 678/4272/2391
f 832/4273/2392 993/4264/2384 831/4262/2383
f 832/4273/2392 831/4262/2383 755/4271/2390
f 1022/4274/2393 1197/4266/2385 993/4264/2384
f 1022/4274/2393 993/4264/2384 832/4273/2392
f 1197/4266/2385 1022/4274/2393 1219/4275/2394
f 755/4271/2390 678/4272/2391 756/4276/2395
f 755/4271/2390 756/4276/2395 832/4273/2392
f 756/4276/2395 678/4272/2391 688/4277/2396
f 756/4276/2395 688/4277/2396 754/4278/2397
f 832/4273/2392 756/4276/2395 847/4279/2398
f 847/4279/2398 756/4276/2395 754/4278/2397
f 832/4273/2392 847/4279/2398 1022/4274/2393
f 847/4279/2398 754/4278/2397 846/4280/2399
f 847/4279/2398 846/4280/2399 1020/4281/2400
f 1022/4274/2393 847/4279/2398 1021/4282/2401
f 1021/4282/2401 847/4279/2398 1020/4281/2400
f 1022/4274/2393 1021/4282/2401 1219/4275/2394
f 1021/4282/2401 1020/4281/2400 1196/4283/2402
f 1219/4275/2394 1021/4282/2401 1198/4284/2403
f 1198/4284/2403 1021/4282/2401 1196/4283/2402
f 747/4285/2347 746/4286/2348 655/4287/2404
f 655/4287/2404 746/4286/2348 720/4288/2351
f 655/4287/2404 720/4288/2351 653/4289/2405
f 655/4287/2404 653/4289/2405 577/4290/2406
f 577/4290/2406 653/4289/2405 571/4291/2407
f 653/4289/2405 720/4288/2351 619/4292/2408
f 653/4289/2405 619/4292/2408 571/4291/2407
f 619/4292/2408 720/4288/2351 719/4293/2353
f 571/4291/2407 619/4292/2408 567/4294/2409
f 619/4292/2408 719/4293/2353 614/4295/2410
f 619/4292/2408 614/4295/2410 567/4294/2409
f 614/4295/2410 719/4293/2353 718/4296/2356
f 567/4294/2409 614/4295/2410 527/4297/2411
f 614/4295/2410 718/4296/2356 712/4298/2363
f 527/4297/2411 614/4295/2410 584/4299/2412
f 584/4299/2412 614/4295/2410 712/4298/2363
f 527/4297/2411 584/4299/2412 493/4300/2413
f 584/4299/2412 712/4298/2363 581/4301/2414
f 584/4299/2412 581/4301/2414 493/4300/2413
f 493/4300/2413 581/4301/2414 476/4302/2415
f 581/4301/2414 712/4298/2363 708/4303/2367
f 581/4301/2414 708/4303/2367 523/4304/2416
f 430/4305/2417 476/4302/2415 523/4304/2416
f 523/4304/2416 708/4303/2367 684/4306/2371
f 430/4305/2417 523/4304/2416 501/4307/2418
f 501/4307/2418 523/4304/2416 684/4306/2371
f 430/4305/2417 501/4307/2418 432/4308/2419
f 501/4307/2418 684/4306/2371 656/4309/2375
f 432/4308/2419 501/4307/2418 485/4310/2420
f 485/4310/2420 501/4307/2418 656/4309/2375
f 485/4310/2420 656/4309/2375 657/4311/2380
f 485/4310/2420 657/4311/2380 510/4312/2421
f 510/4312/2421 657/4311/2380 658/4313/2382
f 747/4314/2347 655/4315/2404 672/4316/2387
f 672/4317/2387 655/4318/2404 605/4319/2422
f 672/4317/2387 605/4319/2422 676/4320/2388
f 605/4319/2422 655/4318/2404 577/4321/2406
f 676/4320/2388 605/4319/2422 677/4322/2389
f 677/4322/2389 605/4319/2422 606/4323/2423
f 677/4322/2389 606/4323/2423 627/4324/2424
f 677/4322/2389 627/4324/2424 678/4325/2391
f 606/4323/2423 605/4319/2422 578/4326/2425
f 578/4326/2425 605/4319/2422 577/4321/2406
f 606/4323/2423 578/4326/2425 627/4324/2424
f 678/4325/2391 627/4324/2424 688/4327/2396
f 688/4327/2396 627/4324/2424 671/4328/2426
f 671/4328/2426 627/4324/2424 604/4329/2427
f 604/4329/2427 627/4324/2424 578/4326/2425
f 578/4326/2425 577/4321/2406 535/4330/2428
f 578/4326/2425 535/4330/2428 604/4329/2427
f 604/4329/2427 535/4330/2428 572/4331/2429
f 535/4330/2428 577/4321/2406 571/4332/2407
f 535/4330/2428 571/4332/2407 532/4333/2430
f 535/4330/2428 532/4333/2430 588/4334/2431
f 532/4333/2430 571/4332/2407 567/4335/2409
f 588/4334/2431 532/4333/2430 564/4336/2432
f 532/4333/2430 567/4335/2409 528/4337/2433
f 532/4333/2430 528/4337/2433 564/4336/2432
f 528/4337/2433 567/4335/2409 527/4338/2411
f 564/4336/2432 528/4337/2433 524/4339/2434
f 564/4336/2432 524/4339/2434 582/4340/2435
f 528/4337/2433 527/4338/2411 494/4341/2436
f 528/4337/2433 494/4341/2436 524/4339/2434
f 494/4341/2436 527/4338/2411 493/4342/2413
f 524/4339/2434 494/4341/2436 491/4343/2437
f 494/4341/2436 493/4342/2413 453/4344/2438
f 494/4341/2436 453/4344/2438 491/4343/2437
f 453/4344/2438 493/4342/2413 476/4345/2415
f 491/4343/2437 453/4344/2438 455/4346/2439
f 491/4343/2437 455/4346/2439 502/4347/2440
f 453/4344/2438 476/4345/2415 431/4348/2441
f 453/4344/2438 431/4348/2441 455/4346/2439
f 455/4346/2439 431/4348/2441 460/4349/2442
f 431/4348/2441 476/4345/2415 430/4350/2417
f 460/4349/2442 431/4348/2441 433/4351/2443
f 433/4351/2443 431/4348/2441 430/4350/2417
f 433/4351/2443 430/4350/2417 432/4352/2419
f 754/4353/2397 688/4354/2396 671/4355/2426
f 754/4353/2397 671/4355/2426 750/4356/2444
f 754/4353/2397 750/4356/2444 845/4357/2445
f 750/4356/2444 671/4355/2426 742/4358/2446
f 742/4358/2446 671/4355/2426 668/4359/2447
f 668/4359/2447 671/4355/2426 604/4360/2427
f 668/4359/2447 604/4360/2427 572/4361/2429
f 742/4358/2446 668/4359/2447 643/4362/2448
f 643/4362/2448 668/4359/2447 572/4361/2429
f 742/4358/2446 643/4362/2448 740/4363/2449
f 643/4362/2448 572/4361/2429 634/4364/2450
f 643/4362/2448 634/4364/2450 740/4363/2449
f 740/4363/2449 634/4364/2450 737/4365/2451
f 634/4364/2450 572/4361/2429 588/4366/2431
f 737/4365/2451 634/4364/2450 716/4367/2452
f 634/4364/2450 588/4366/2431 610/4368/2453
f 634/4364/2450 610/4368/2453 716/4367/2452
f 610/4368/2453 588/4366/2431 564/4369/2432
f 716/4367/2452 610/4368/2453 710/4370/2454
f 610/4368/2453 564/4369/2432 582/4371/2435
f 610/4368/2453 582/4371/2435 710/4370/2454
f 710/4370/2454 582/4371/2435 706/4372/2455
f 706/4372/2455 582/4371/2435 560/4373/2456
f 560/4373/2456 582/4371/2435 524/4374/2434
f 560/4373/2456 524/4374/2434 491/4375/2437
f 706/4372/2455 560/4373/2456 680/4376/2457
f 560/4373/2456 491/4375/2437 502/4377/2440
f 560/4373/2456 502/4377/2440 680/4376/2457
f 680/4376/2457 502/4377/2440 681/4378/2458
f 455/4379/2439 460/4380/2442 502/4377/2440
f 502/4377/2440 460/4380/2442 509/4381/2459
f 502/4377/2440 509/4381/2459 681/4378/2458
f 681/4378/2458 509/4381/2459 549/4382/2460
f 681/4378/2458 549/4382/2460 682/4383/2461
f 1193/4384/2341 1168/4385/2342 1228/4386/2462
f 1228/4386/2462 1168/4385/2342 1197/4387/2385
f 1228/4386/2462 1197/4387/2385 1219/4388/2394
f 1228/4386/2462 1219/4388/2394 1260/4389/2463
f 1260/4389/2463 1219/4388/2394 1261/4390/2464
f 1193/4384/2341 1228/4386/2462 1257/4391/2465
f 1228/4386/2462 1260/4389/2463 1280/4392/2466
f 1280/4392/2466 1260/4389/2463 1261/4390/2464
f 1228/4386/2462 1280/4392/2466 1257/4391/2465
f 1193/4384/2341 1257/4391/2465 1192/4393/2344
f 1192/4393/2344 1257/4391/2465 1255/4394/2467
f 1192/4393/2344 1255/4394/2467 1191/4395/2349
f 1257/4391/2465 1280/4392/2466 1276/4396/2468
f 1257/4391/2465 1276/4396/2468 1255/4394/2467
f 1280/4392/2466 1261/4390/2464 1281/4397/2469
f 1280/4392/2466 1281/4397/2469 1276/4396/2468
f 1281/4397/2469 1261/4390/2464 1215/4398/2470
f 1215/4398/2470 1261/4390/2464 1218/4399/2471
f 1281/4397/2469 1215/4398/2470 1212/4400/2472
f 1281/4397/2469 1212/4400/2472 1277/4401/2473
f 1281/4397/2469 1277/4401/2473 1276/4396/2468
f 1277/4401/2473 1212/4400/2472 1190/4402/2474
f 1277/4401/2473 1190/4402/2474 1252/4403/2475
f 1277/4401/2473 1252/4403/2475 1276/4396/2468
f 1252/4403/2475 1190/4402/2474 1151/4404/2476
f 1276/4396/2468 1252/4403/2475 1251/4405/2477
f 1276/4396/2468 1251/4405/2477 1255/4394/2467
f 1252/4403/2475 1151/4404/2476 1207/4406/2478
f 1252/4403/2475 1207/4406/2478 1251/4405/2477
f 1207/4406/2478 1151/4404/2476 1106/4407/2479
f 1255/4394/2467 1251/4405/2477 1227/4408/2480
f 1255/4394/2467 1227/4408/2480 1191/4395/2349
f 1191/4395/2349 1227/4408/2480 1164/4409/2355
f 1227/4408/2480 1251/4405/2477 1206/4410/2481
f 1206/4410/2481 1251/4405/2477 1207/4406/2478
f 1164/4409/2355 1227/4408/2480 1183/4411/2482
f 1183/4411/2482 1227/4408/2480 1206/4410/2481
f 1164/4409/2355 1183/4411/2482 1108/4412/2358
f 1180/4413/2483 1207/4406/2478 1106/4407/2479
f 1207/4406/2478 1180/4413/2483 1206/4410/2481
f 1180/4413/2483 1106/4407/2479 1071/4414/2484
f 1183/4411/2482 1206/4410/2481 1179/4415/2485
f 1179/4415/2485 1206/4410/2481 1180/4413/2483
f 1108/4412/2358 1183/4411/2482 1150/4416/2486
f 1150/4416/2486 1183/4411/2482 1179/4415/2485
f 1108/4412/2358 1150/4416/2486 1073/4417/2361
f 1180/4413/2483 1071/4414/2484 1147/4418/2487
f 1180/4413/2483 1147/4418/2487 1179/4415/2485
f 1147/4418/2487 1071/4414/2484 1029/4419/2488
f 1150/4416/2486 1179/4415/2485 1177/4420/2489
f 1177/4420/2489 1179/4415/2485 1147/4418/2487
f 1073/4417/2361 1150/4416/2486 1146/4421/2490
f 1146/4421/2490 1150/4416/2486 1177/4420/2489
f 1073/4417/2361 1146/4421/2490 1043/4422/2365
f 1147/4418/2487 1029/4419/2488 1139/4423/2491
f 1147/4418/2487 1139/4423/2491 1177/4420/2489
f 1139/4423/2491 1029/4419/2488 1031/4424/2492
f 1146/4421/2490 1177/4420/2489 1176/4425/2493
f 1176/4425/2493 1177/4420/2489 1139/4423/2491
f 1043/4422/2365 1146/4421/2490 1099/4426/2494
f 1099/4426/2494 1146/4421/2490 1176/4425/2493
f 1043/4422/2365 1099/4426/2494 1030/4427/2369
f 1139/4423/2491 1031/4424/2492 1100/4428/2495
f 1139/4423/2491 1100/4428/2495 1176/4425/2493
f 1100/4428/2495 1031/4424/2492 996/4429/2496
f 1100/4428/2495 996/4429/2496 1035/4430/2497
f 1030/4427/2369 1099/4426/2494 1068/4431/2498
f 1030/4427/2369 1068/4431/2498 995/4432/2373
f 1099/4426/2494 1176/4425/2493 1101/4433/2499
f 1101/4433/2499 1176/4425/2493 1100/4428/2495
f 1099/4426/2494 1101/4433/2499 1068/4431/2498
f 995/4432/2373 1068/4431/2498 997/4434/2377
f 997/4434/2377 1068/4431/2498 1037/4435/2500
f 1037/4435/2500 1068/4431/2498 1038/4436/2501
f 1038/4436/2501 1068/4431/2498 1101/4433/2499
f 1038/4436/2501 1101/4433/2499 1100/4428/2495
f 1038/4436/2501 1100/4428/2495 1036/4437/2502
f 1261/4438/2464 1219/4439/2394 1198/4440/2403
f 1261/4438/2464 1198/4440/2403 1196/4441/2402
f 1261/4438/2464 1196/4441/2402 1218/4442/2471
f 1218/4442/2471 1196/4441/2402 1020/4443/2400
f 1218/4442/2471 1020/4443/2400 1018/4444/2503
f 1018/4444/2503 1020/4443/2400 845/4445/2445
f 845/4445/2445 1020/4443/2400 846/4446/2399
f 845/4445/2445 846/4446/2399 754/4447/2397
f 1215/4448/2470 1218/4449/2471 1018/4450/2503
f 1215/4448/2470 1018/4450/2503 1064/4451/2504
f 1215/4448/2470 1064/4451/2504 1212/4452/2472
f 1064/4451/2504 1018/4450/2503 844/4453/2505
f 844/4453/2505 1018/4450/2503 845/4454/2445
f 844/4453/2505 845/4454/2445 750/4455/2444
f 844/4453/2505 750/4455/2444 742/4456/2446
f 844/4453/2505 742/4456/2446 819/4457/2506
f 844/4453/2505 819/4457/2506 1064/4451/2504
f 819/4457/2506 742/4456/2446 740/4458/2449
f 819/4457/2506 740/4458/2449 737/4459/2451
f 1062/4460/2507 1212/4452/2472 1064/4451/2504
f 1062/4460/2507 1064/4451/2504 819/4457/2506
f 1212/4452/2472 1062/4460/2507 1190/4461/2474
f 1190/4461/2474 1062/4460/2507 1012/4462/2508
f 1062/4460/2507 819/4457/2506 816/4463/2509
f 816/4463/2509 819/4457/2506 737/4459/2451
f 1062/4460/2507 816/4463/2509 1012/4462/2508
f 1190/4461/2474 1012/4462/2508 942/4464/2510
f 942/4464/2510 1012/4462/2508 816/4463/2509
f 1190/4461/2474 942/4464/2510 1151/4465/2476
f 1151/4465/2476 942/4464/2510 1106/4466/2479
f 816/4463/2509 737/4459/2451 794/4467/2511
f 816/4463/2509 794/4467/2511 942/4464/2510
f 794/4467/2511 737/4459/2451 716/4468/2452
f 1106/4466/2479 942/4464/2510 929/4469/2512
f 929/4469/2512 942/4464/2510 794/4467/2511
f 1106/4466/2479 929/4469/2512 1071/4470/2484
f 794/4467/2511 716/4468/2452 792/4471/2513
f 794/4467/2511 792/4471/2513 929/4469/2512
f 792/4471/2513 716/4468/2452 710/4472/2454
f 1071/4470/2484 929/4469/2512 895/4473/2514
f 895/4473/2514 929/4469/2512 792/4471/2513
f 1071/4470/2484 895/4473/2514 1029/4474/2488
f 792/4471/2513 710/4472/2454 776/4475/2515
f 792/4471/2513 776/4475/2515 895/4473/2514
f 776/4475/2515 710/4472/2454 706/4476/2455
f 1029/4474/2488 895/4473/2514 872/4477/2516
f 872/4477/2516 895/4473/2514 776/4475/2515
f 776/4475/2515 706/4476/2455 769/4478/2517
f 776/4475/2515 769/4478/2517 872/4477/2516
f 769/4478/2517 706/4476/2455 680/4479/2457
f 1029/4474/2488 872/4477/2516 857/4480/2518
f 857/4480/2518 872/4477/2516 769/4478/2517
f 1029/4474/2488 857/4480/2518 1031/4481/2492
f 769/4478/2517 680/4479/2457 763/4482/2519
f 769/4478/2517 763/4482/2519 857/4480/2518
f 763/4482/2519 680/4479/2457 681/4483/2458
f 1031/4481/2492 857/4480/2518 853/4484/2520
f 853/4484/2520 857/4480/2518 763/4482/2519
f 1031/4481/2492 853/4484/2520 996/4485/2496
f 853/4484/2520 763/4482/2519 765/4486/2521
f 765/4486/2521 763/4482/2519 681/4483/2458
f 765/4486/2521 681/4483/2458 682/4487/2461
f 572/4488/2429 535/4489/2428 588/4490/2431
f 1035/4491/2497 996/4492/2496 853/4493/2520
f 1100/4494/2495 1035/4495/2497 1036/4496/2502
f 1036/4496/2502 1035/4495/2497 853/4497/2520
f 1036/4498/2502 853/4499/2520 860/4500/2522
f 860/4500/2522 853/4499/2520 765/4501/2521
f 1036/4498/2502 860/4500/2522 1038/4502/2501
f 860/4500/2522 765/4501/2521 766/4503/2523
f 766/4503/2523 765/4501/2521 682/4504/2461
f 766/4503/2523 682/4504/2461 659/4505/2524
f 766/4503/2523 659/4505/2524 661/4506/2525
f 860/4500/2522 766/4503/2523 767/4507/2526
f 767/4507/2526 766/4503/2523 661/4506/2525
f 1038/4502/2501 860/4500/2522 861/4508/2527
f 861/4508/2527 860/4500/2522 767/4507/2526
f 1038/4502/2501 861/4508/2527 1037/4509/2500
f 1037/4509/2500 861/4508/2527 855/4510/2528
f 855/4510/2528 861/4508/2527 767/4507/2526
f 767/4507/2526 661/4506/2525 660/4511/2529
f 660/4511/2529 661/4506/2525 466/4512/2530
f 660/4511/2529 466/4512/2530 510/4513/2421
f 767/4507/2526 660/4511/2529 761/4514/2531
f 767/4507/2526 761/4514/2531 855/4510/2528
f 761/4514/2531 660/4511/2529 658/4515/2382
f 855/4510/2528 761/4514/2531 854/4516/2378
f 761/4514/2531 658/4515/2382 760/4517/2381
f 761/4514/2531 760/4517/2381 854/4516/2378
f 581/4518/2414 523/4519/2416 476/4520/2415
f 997/4521/2377 1037/4522/2500 854/4523/2378
f 1037/4524/2500 855/4525/2528 854/4526/2378
f 510/4527/2421 658/4528/2382 660/4529/2529
f 485/4530/2420 510/4531/2421 432/4532/2419
f 510/4533/2421 466/4534/2530 432/4535/2419
f 432/4536/2419 466/4537/2530 488/4538/2532
f 488/4538/2532 466/4537/2530 661/4539/2525
f 432/4536/2419 488/4538/2532 433/4540/2443
f 488/4538/2532 661/4539/2525 487/4541/2533
f 488/4538/2532 487/4541/2533 433/4540/2443
f 487/4541/2533 661/4539/2525 659/4542/2524
f 487/4541/2533 659/4542/2524 682/4543/2461
f 433/4540/2443 487/4541/2533 460/4544/2442
f 460/4544/2442 487/4541/2533 509/4545/2459
f 509/4545/2459 487/4541/2533 549/4546/2460
f 682/4547/2461 549/4548/2460 487/4549/2533
s 50
f 1085/4550/2534 1122/4551/2535 1160/4552/2536
f 1122/4551/2535 1085/4550/2534 1090/4553/2537
f 1090/4553/2537 1085/4550/2534 2115/4554/2538
f 2115/4554/2538 1085/4550/2534 2107/4555/2539
f 2115/4554/2538 2107/4555/2539 2138/4556/2540
f 1085/4550/2534 1160/4552/2536 1080/4557/2541
f 1085/4550/2534 1080/4557/2541 2107/4555/2539
f 2107/4555/2539 1080/4557/2541 2099/4558/2542
f 1080/4557/2541 1160/4552/2536 1153/4559/2543
f 1080/4557/2541 1153/4559/2543 1110/4560/2544
f 1160/4561/2536 1122/4562/2535 1090/4563/2537
f 1160/4561/2536 1090/4563/2537 1091/4564/2545
f 1160/4561/2536 1091/4564/2545 1161/4565/2546
f 1161/4565/2546 1091/4564/2545 1123/4566/2547
f 1123/4566/2547 1091/4564/2545 1086/4567/2548
f 1086/4567/2548 1091/4564/2545 2116/4568/2549
f 1086/4567/2548 2116/4568/2549 2108/4569/2550
f 2108/4569/2550 2116/4568/2549 2139/4570/2551
f 1090/4571/2537 2115/4572/2538 2116/4573/2549
f 1090/4571/2537 2116/4573/2549 1091/4574/2545
f 2115/4575/2538 2138/4576/2540 2172/4577/2552
f 2115/4575/2538 2172/4577/2552 2173/4578/2553
f 2173/4578/2553 2172/4577/2552 2164/4579/2554
f 2173/4578/2553 2164/4579/2554 2165/4580/2555
f 2115/4575/2538 2173/4578/2553 2116/4581/2549
f 2116/4581/2549 2173/4578/2553 2139/4582/2551
f 2172/4583/2552 2138/4584/2540 2107/4585/2539
f 2172/4583/2552 2107/4585/2539 2164/4586/2554
f 2164/4586/2554 2107/4585/2539 2099/4587/2542
f 2164/4586/2554 2099/4587/2542 2123/4588/2556
f 2108/4589/2550 2139/4590/2551 2173/4591/2553
f 2108/4589/2550 2173/4591/2553 2100/4592/2557
f 2100/4592/2557 2173/4591/2553 2165/4593/2555
f 2100/4592/2557 2165/4593/2555 2124/4594/2558
f 2108/4595/2550 2100/4596/2557 1086/4597/2548
f 2124/4598/2558 2095/4599/2559 2100/4596/2557
f 2100/4596/2557 2095/4599/2559 1076/4600/2560
f 2100/4596/2557 1076/4600/2560 1081/4601/2561
f 2100/4596/2557 1081/4601/2561 1086/4597/2548
f 1081/4601/2561 1076/4600/2560 1111/4602/2562
f 1081/4601/2561 1111/4602/2562 1154/4603/2563
f 1081/4601/2561 1154/4603/2563 1086/4597/2548
f 1086/4597/2548 1154/4603/2563 1161/4604/2546
f 1086/4597/2548 1161/4604/2546 1123/4605/2547
f 2124/4606/2558 2165/4607/2555 2095/4608/2559
f 2095/4608/2559 2165/4607/2555 2164/4609/2554
f 2095/4608/2559 2164/4609/2554 2094/4610/2564
f 2094/4610/2564 2164/4609/2554 2123/4611/2556
f 2095/4612/2559 2094/4613/2564 1076/4614/2560
f 1076/4614/2560 2094/4613/2564 1075/4615/2565
f 2123/4616/2556 2099/4617/2542 2094/4618/2564
f 2094/4618/2564 2099/4617/2542 1080/4619/2541
f 2094/4618/2564 1080/4619/2541 1075/4620/2565
f 1075/4620/2565 1080/4619/2541 1110/4621/2544
f 1075/4620/2565 1110/4621/2544 1153/4622/2543
f 1075/4620/2565 1153/4622/2543 1154/4623/2563
f 1075/4620/2565 1154/4623/2563 1076/4624/2560
f 1076/4624/2560 1154/4623/2563 1111/4625/2562
f 1154/4626/2563 1153/4627/2543 1160/4628/2536
f 1154/4626/2563 1160/4628/2536 1161/4629/2546
s 51
f 620/4630/2566 646/4631/2567 615/4632/2568
f 615/4632/2568 646/4631/2567 632/4633/2569
f 632/4633/2569 646/4631/2567 633/4634/2570
f 633/4634/2570 646/4631/2567 647/4635/2571
f 633/4634/2570 647/4635/2571 616/4636/2572
f 616/4636/2572 647/4635/2571 622/4637/2573
f 620/4638/2566 615/4639/2568 644/4640/2574
f 644/4640/2574 615/4639/2568 636/4641/2575
f 620/4642/2566 644/4643/2574 268/4644/2576
f 268/4644/2576 644/4643/2574 636/4645/2575
f 620/4642/2566 268/4644/2576 270/4646/2577
f 268/4644/2576 636/4645/2575 260/4647/2578
f 260/4647/2578 636/4645/2575 591/4648/2579
f 270/4646/2577 268/4644/2576 13/4649/2580
f 13/4649/2580 268/4644/2576 260/4647/2578
f 270/4646/2577 13/4649/2580 15/4650/2581
f 15/4650/2581 13/4649/2580 1686/4651/2582
f 13/4649/2580 260/4647/2578 5/4652/2583
f 1686/4651/2582 13/4649/2580 1684/4653/2584
f 1684/4653/2584 13/4649/2580 5/4652/2583
f 1686/4651/2582 1684/4653/2584 1983/4654/2585
f 1983/4654/2585 1684/4653/2584 2055/4655/2586
f 2055/4655/2586 1684/4653/2584 2047/4656/2587
f 2047/4656/2587 1684/4653/2584 1676/4657/2588
f 1676/4657/2588 1684/4653/2584 5/4652/2583
f 2047/4656/2587 1676/4657/2588 2004/4658/2589
f 2004/4658/2589 1676/4657/2588 1673/4659/2590
f 1673/4659/2590 1676/4657/2588 2/4660/2591
f 2/4660/2591 1676/4657/2588 5/4652/2583
f 2/4660/2591 5/4652/2583 257/4661/2592
f 620/4662/2566 270/4663/2577 272/4664/2593
f 272/4664/2593 270/4663/2577 15/4665/2581
f 620/4662/2566 272/4664/2593 646/4666/2567
f 646/4666/2567 272/4664/2593 273/4667/2594
f 646/4666/2567 273/4667/2594 647/4668/2571
f 272/4664/2593 15/4665/2581 16/4669/2595
f 16/4669/2595 15/4665/2581 1686/4670/2582
f 273/4667/2594 272/4664/2593 19/4671/2596
f 19/4671/2596 272/4664/2593 16/4669/2595
f 273/4667/2594 19/4671/2596 271/4672/2597
f 273/4667/2594 271/4672/2597 598/4673/2598
f 271/4672/2597 19/4671/2596 17/4674/2599
f 17/4674/2599 19/4671/2596 1689/4675/2600
f 1689/4675/2600 19/4671/2596 16/4669/2595
f 17/4674/2599 1689/4675/2600 1687/4676/2601
f 1687/4676/2601 1689/4675/2600 1985/4677/2602
f 1985/4677/2602 1689/4675/2600 2058/4678/2603
f 1689/4675/2600 16/4669/2595 1688/4679/2604
f 1688/4679/2604 16/4669/2595 1686/4670/2582
f 1689/4675/2600 1688/4679/2604 2060/4680/2605
f 1688/4679/2604 1686/4670/2582 1983/4681/2585
f 2060/4680/2605 1688/4679/2604 2059/4682/2606
f 2059/4682/2606 1688/4679/2604 1983/4681/2585
f 2059/4682/2606 1983/4681/2585 2057/4683/2607
f 591/4684/2579 636/4685/2575 615/4686/2568
f 591/4684/2579 615/4686/2568 632/4687/2569
f 260/4688/2578 591/4689/2579 257/4690/2592
f 260/4688/2578 257/4690/2592 5/4691/2583
f 591/4692/2579 632/4693/2569 256/4694/2608
f 256/4694/2608 632/4693/2569 633/4695/2570
f 591/4692/2579 256/4694/2608 257/4696/2592
f 257/4696/2592 256/4694/2608 2/4697/2591
f 256/4694/2608 633/4695/2570 258/4698/2609
f 2/4697/2591 256/4694/2608 1/4699/2610
f 2/4697/2591 1/4699/2610 1673/4700/2590
f 256/4694/2608 258/4698/2609 3/4701/2611
f 256/4694/2608 3/4701/2611 1/4699/2610
f 592/4702/2612 259/4703/2613 258/4698/2609
f 258/4698/2609 259/4703/2613 4/4704/2614
f 258/4698/2609 4/4704/2614 3/4701/2611
f 3/4701/2611 4/4704/2614 1675/4705/2615
f 1/4699/2610 3/4701/2611 1674/4706/2616
f 1672/4707/2617 1673/4700/2590 1/4699/2610
f 1672/4707/2617 1/4699/2610 1674/4706/2616
f 1673/4700/2590 1672/4707/2617 2004/4708/2589
f 1672/4707/2617 1674/4706/2616 2085/4709/2618
f 1672/4707/2617 2085/4709/2618 2042/4710/2619
f 2085/4709/2618 1674/4706/2616 2041/4711/2620
f 2041/4711/2620 1674/4706/2616 2005/4712/2621
f 2041/4711/2620 2005/4712/2621 2043/4713/2622
f 2004/4714/2589 1672/4715/2617 2042/4716/2619
f 2004/4717/2589 2042/4718/2619 2047/4719/2587
f 2047/4720/2587 2042/4721/2619 2057/4722/2607
f 2047/4720/2587 2057/4722/2607 2055/4723/2586
f 2042/4724/2619 2085/4725/2618 2057/4726/2607
f 1983/4727/2585 2055/4728/2586 2057/4729/2607
f 2059/4730/2606 2057/4731/2607 2085/4732/2618
f 2059/4730/2606 2085/4732/2618 2041/4733/2620
f 2059/4730/2606 2041/4733/2620 2060/4734/2605
f 2060/4734/2605 2041/4733/2620 2043/4735/2622
f 2060/4734/2605 2043/4735/2622 2058/4736/2603
f 2058/4736/2603 2043/4735/2622 2056/4737/2623
f 2056/4737/2623 2043/4735/2622 2048/4738/2624
f 2058/4739/2603 1689/4740/2600 2060/4741/2605
f 271/4742/2597 17/4743/2599 269/4744/2625
f 271/4742/2597 269/4744/2625 598/4745/2598
f 273/4746/2594 598/4747/2598 622/4748/2573
f 273/4749/2594 622/4750/2573 647/4751/2571
f 622/4752/2573 598/4753/2598 645/4754/2626
f 645/4755/2626 598/4756/2598 269/4757/2625
f 645/4755/2626 269/4757/2625 262/4758/2627
f 645/4755/2626 262/4758/2627 637/4759/2628
f 637/4759/2628 262/4758/2627 592/4760/2612
f 592/4760/2612 262/4758/2627 259/4761/2613
f 259/4761/2613 262/4758/2627 6/4762/2629
f 6/4762/2629 262/4758/2627 269/4757/2625
f 259/4761/2613 6/4762/2629 4/4763/2614
f 4/4763/2614 6/4762/2629 1675/4764/2615
f 3/4765/2611 1675/4764/2615 1674/4766/2616
f 1674/4766/2616 1675/4764/2615 2005/4767/2621
f 2005/4767/2621 1675/4764/2615 1678/4768/2630
f 1678/4768/2630 1675/4764/2615 6/4762/2629
f 2005/4767/2621 1678/4768/2630 2048/4769/2624
f 2048/4769/2624 1678/4768/2630 1685/4770/2631
f 2048/4769/2624 1685/4770/2631 2056/4771/2623
f 2056/4771/2623 1685/4770/2631 1985/4772/2602
f 1685/4770/2631 1678/4768/2630 14/4773/2632
f 14/4773/2632 1678/4768/2630 6/4762/2629
f 14/4773/2632 6/4762/2629 269/4757/2625
f 14/4773/2632 269/4757/2625 17/4774/2599
f 14/4773/2632 17/4774/2599 1687/4775/2601
f 622/4776/2573 645/4777/2626 637/4778/2628
f 622/4779/2573 637/4780/2628 616/4781/2572
f 633/4782/2570 616/4783/2572 258/4784/2609
f 616/4785/2572 637/4786/2628 592/4787/2612
f 616/4788/2572 592/4789/2612 258/4790/2609
f 2043/4791/2622 2005/4792/2621 2048/4793/2624
f 14/4794/2632 1687/4795/2601 1685/4796/2631
f 1685/4796/2631 1687/4795/2601 1985/4797/2602
f 2056/4798/2623 1985/4799/2602 2058/4800/2603
s 39
f 1449/4801/1837 1425/4802/1838 1412/4803/1954
f 1384/4804/1966 1425/4805/1838 1380/4806/1841
f 1384/4804/1966 1380/4806/1841 1332/4807/1846
f 1384/4808/1966 1332/4809/1846 1336/4810/1974
f 1384/4808/1966 1336/4810/1974 1340/4811/1965
f 1332/4812/1846 1311/4813/1847 1336/4814/1974
f 1336/4814/1974 1311/4813/1847 1316/4815/1973
f 1316/4815/1973 1311/4813/1847 1272/4816/1975
f 1272/4816/1975 1311/4813/1847 1268/4817/1852
f 1245/4818/1934 1241/4819/1970 1274/4820/1972
f 1274/4821/1972 1272/4822/1975 1268/4823/1852
f 1274/4821/1972 1268/4823/1852 1267/4824/1850
f 1267/4824/1850 1268/4823/1852 1264/4825/1851
f 1274/4821/1972 1267/4824/1850 1244/4826/1932
f 1274/4821/1972 1244/4826/1932 1245/4827/1934
f 1245/4827/1934 1244/4826/1932 1247/4828/1933
f 1244/4826/1932 1267/4824/1850 1237/4829/1982
f 1244/4826/1932 1237/4829/1982 1240/4830/1981
f 1327/4831/1930 1244/4832/1932 1240/4833/1981
f 1237/4834/1982 1267/4835/1850 1271/4836/1984
s 20
f 381/4837/1006 380/4838/1005 355/4839/1071
f 381/4840/1006 355/4841/1071 356/4842/1066
f 381/4840/1006 356/4842/1066 358/4843/1062
f 381/4840/1006 358/4843/1062 384/4844/1007
f 360/4845/1061 384/4846/1007 358/4847/1062
s 53
f 2012/4848/2633 2218/4849/2634 2092/4850/2635
f 2092/4850/2635 2218/4849/2634 2222/4851/2636
f 2222/4851/2636 2218/4849/2634 2359/4852/2637
f 2218/4849/2634 2012/4848/2633 2187/4853/2638
f 2187/4853/2638 2012/4848/2633 2011/4854/2639
f 2187/4853/2638 2011/4854/2639 1978/4855/2640
f 2359/4852/2637 2218/4849/2634 2357/4856/2641
f 2359/4852/2637 2357/4856/2641 2466/4857/2642
f 2466/4857/2642 2357/4856/2641 2464/4858/2643
f 2466/4857/2642 2464/4858/2643 2513/4859/2644
f 2357/4856/2641 2218/4849/2634 2308/4860/2645
f 2357/4856/2641 2308/4860/2645 2464/4858/2643
f 2308/4860/2645 2218/4849/2634 2187/4853/2638
f 2464/4858/2643 2308/4860/2645 2460/4861/2646
f 2460/4861/2646 2308/4860/2645 2458/4862/2647
f 2458/4862/2647 2308/4860/2645 2303/4863/2648
f 2303/4863/2648 2308/4860/2645 2187/4853/2638
f 2458/4862/2647 2303/4863/2648 2436/4864/2649
f 2184/4865/2650 2187/4853/2638 1978/4855/2640
f 2187/4853/2638 2184/4865/2650 2303/4863/2648
f 2184/4865/2650 1978/4855/2640 1973/4866/2651
f 2184/4865/2650 1973/4866/2651 2153/4867/2652
f 2184/4865/2650 2153/4867/2652 2303/4863/2648
f 2153/4867/2652 1973/4866/2651 2001/4868/2653
f 2436/4864/2649 2303/4863/2648 2279/4869/2654
f 2279/4869/2654 2303/4863/2648 2153/4867/2652
f 2436/4864/2649 2279/4869/2654 2298/4870/2655
f 2153/4867/2652 2001/4868/2653 2161/4871/2656
f 2153/4867/2652 2161/4871/2656 2279/4869/2654
f 2279/4869/2654 2161/4871/2656 2298/4870/2655
f 2161/4871/2656 2001/4868/2653 1999/4872/2657
f 2436/4864/2649 2298/4870/2655 2455/4873/2658
f 2161/4871/2656 1999/4872/2657 2197/4874/2659
f 2161/4871/2656 2197/4874/2659 2298/4870/2655
f 2197/4874/2659 1999/4872/2657 2028/4875/2660
f 2455/4873/2658 2298/4870/2655 2296/4876/2661
f 2296/4876/2661 2298/4870/2655 2197/4874/2659
f 2455/4873/2658 2296/4876/2661 2454/4877/2662
f 2197/4874/2659 2028/4875/2660 2195/4878/2663
f 2197/4874/2659 2195/4878/2663 2296/4876/2661
f 2195/4878/2663 2028/4875/2660 2020/4879/2664
f 2454/4877/2662 2296/4876/2661 2343/4880/2665
f 2343/4880/2665 2296/4876/2661 2195/4878/2663
f 2454/4877/2662 2343/4880/2665 2482/4881/2666
f 2482/4881/2666 2343/4880/2665 2475/4882/2667
f 2475/4882/2667 2343/4880/2665 2316/4883/2668
f 2316/4883/2668 2343/4880/2665 2195/4878/2663
f 2475/4882/2667 2316/4883/2668 2448/4884/2669
f 2195/4878/2663 2020/4879/2664 2189/4885/2670
f 2195/4878/2663 2189/4885/2670 2316/4883/2668
f 2189/4885/2670 2020/4879/2664 2022/4886/2671
f 2448/4884/2669 2316/4883/2668 2321/4887/2672
f 2321/4887/2672 2316/4883/2668 2189/4885/2670
f 2448/4884/2669 2321/4887/2672 2450/4888/2673
f 2450/4888/2673 2321/4887/2672 2326/4889/2674
f 2321/4887/2672 2189/4885/2670 2191/4890/2675
f 2321/4887/2672 2191/4890/2675 2326/4889/2674
f 2191/4890/2675 2189/4885/2670 2022/4886/2671
f 2326/4889/2674 2191/4890/2675 2233/4891/2676
f 2191/4890/2675 2022/4886/2671 2025/4892/2677
f 2191/4890/2675 2025/4892/2677 2233/4891/2676
f 2012/4893/2633 2092/4894/2635 1952/4895/2678
f 1952/4895/2678 2092/4894/2635 2016/4896/2679
f 1952/4895/2678 2016/4896/2679 2017/4897/2680
f 2012/4893/2633 1952/4895/2678 1935/4898/2681
f 2012/4893/2633 1935/4898/2681 2011/4899/2639
f 1935/4898/2681 1952/4895/2678 1912/4900/2682
f 1912/4900/2682 1952/4895/2678 1937/4901/2683
f 1912/4900/2682 1937/4901/2683 1955/4902/2684
f 2011/4899/2639 1935/4898/2681 1908/4903/2685
f 1935/4898/2681 1912/4900/2682 1899/4904/2686
f 1935/4898/2681 1899/4904/2686 1908/4903/2685
f 2011/4899/2639 1908/4903/2685 1978/4905/2640
f 1912/4900/2682 1955/4902/2684 1936/4906/2687
f 1912/4900/2682 1936/4906/2687 1899/4904/2686
f 1936/4906/2687 1955/4902/2684 2013/4907/2688
f 1936/4906/2687 2013/4907/2688 1990/4908/2689
f 1936/4906/2687 1990/4908/2689 1909/4909/2690
f 1936/4906/2687 1909/4909/2690 1899/4904/2686
f 1909/4909/2690 1990/4908/2689 1949/4910/2691
f 1909/4909/2690 1949/4910/2691 1948/4911/2692
f 1909/4909/2690 1948/4911/2692 1906/4912/2693
f 1909/4909/2690 1906/4912/2693 1899/4904/2686
f 1906/4912/2693 1948/4911/2692 1968/4913/2694
f 1899/4904/2686 1906/4912/2693 1898/4914/2695
f 1899/4904/2686 1898/4914/2695 1908/4903/2685
f 1906/4912/2693 1968/4913/2694 1919/4915/2696
f 1906/4912/2693 1919/4915/2696 1898/4914/2695
f 1919/4915/2696 1968/4913/2694 2000/4916/2697
f 1908/4903/2685 1898/4914/2695 1905/4917/2698
f 1908/4903/2685 1905/4917/2698 1978/4905/2640
f 1978/4905/2640 1905/4917/2698 1973/4918/2651
f 1905/4917/2698 1898/4914/2695 1902/4919/2699
f 1902/4919/2699 1898/4914/2695 1919/4915/2696
f 1973/4918/2651 1905/4917/2698 1918/4920/2700
f 1918/4920/2700 1905/4917/2698 1902/4919/2699
f 1973/4918/2651 1918/4920/2700 2001/4921/2653
f 1917/4922/2701 1919/4915/2696 2000/4916/2697
f 1919/4915/2696 1917/4922/2701 1902/4919/2699
f 1917/4922/2701 2000/4916/2697 1997/4923/2702
f 1918/4920/2700 1902/4919/2699 1916/4924/2703
f 1916/4924/2703 1902/4919/2699 1917/4922/2701
f 2001/4921/2653 1918/4920/2700 1945/4925/2704
f 1945/4925/2704 1918/4920/2700 1916/4924/2703
f 2001/4921/2653 1945/4925/2704 1999/4926/2657
f 1917/4922/2701 1997/4923/2702 1944/4927/2705
f 1917/4922/2701 1944/4927/2705 1916/4924/2703
f 1944/4927/2705 1997/4923/2702 1992/4928/2706
f 1945/4925/2704 1916/4924/2703 1915/4929/2707
f 1915/4929/2707 1916/4924/2703 1944/4927/2705
f 1999/4926/2657 1945/4925/2704 1943/4930/2708
f 1943/4930/2708 1945/4925/2704 1915/4929/2707
f 1999/4926/2657 1943/4930/2708 2028/4931/2660
f 1944/4927/2705 1992/4928/2706 1940/4932/2709
f 1944/4927/2705 1940/4932/2709 1915/4929/2707
f 1940/4932/2709 1992/4928/2706 1993/4933/2710
f 1943/4930/2708 1915/4929/2707 1913/4934/2711
f 1913/4934/2711 1915/4929/2707 1940/4932/2709
f 2028/4931/2660 1943/4930/2708 1939/4935/2712
f 1939/4935/2712 1943/4930/2708 1913/4934/2711
f 2028/4931/2660 1939/4935/2712 2020/4936/2664
f 1940/4932/2709 1993/4933/2710 1941/4937/2713
f 1940/4932/2709 1941/4937/2713 1913/4934/2711
f 1941/4937/2713 1993/4933/2710 2023/4938/2714
f 1941/4937/2713 2023/4938/2714 1994/4939/2715
f 1913/4934/2711 1941/4937/2713 1914/4940/2716
f 1914/4940/2716 1941/4937/2713 1994/4939/2715
f 1913/4934/2711 1914/4940/2716 1939/4935/2712
f 1914/4940/2716 1994/4939/2715 1962/4941/2717
f 1942/4942/2718 2020/4936/2664 1939/4935/2712
f 1942/4942/2718 1939/4935/2712 1914/4940/2716
f 1942/4942/2718 1914/4940/2716 1962/4941/2717
f 2020/4936/2664 1942/4942/2718 2022/4943/2671
f 1942/4942/2718 1962/4941/2717 1961/4944/2719
f 2022/4943/2671 1942/4942/2718 2025/4945/2677
f 2025/4945/2677 1942/4942/2718 1961/4944/2719
f 2092/4946/2635 2222/4947/2636 2227/4948/2720
f 2092/4946/2635 2227/4948/2720 2016/4949/2679
f 2227/4948/2720 2222/4947/2636 2313/4950/2721
f 2313/4950/2721 2222/4947/2636 2359/4951/2637
f 2016/4949/2679 2227/4948/2720 2228/4952/2722
f 2016/4949/2679 2228/4952/2722 2017/4953/2680
f 2227/4948/2720 2313/4950/2721 2315/4954/2723
f 2227/4948/2720 2315/4954/2723 2228/4952/2722
f 2313/4950/2721 2359/4951/2637 2471/4955/2724
f 2471/4955/2724 2359/4951/2637 2466/4956/2642
f 2471/4955/2724 2466/4956/2642 2514/4957/2725
f 2514/4957/2725 2466/4956/2642 2513/4958/2644
f 2313/4950/2721 2471/4955/2724 2472/4959/2726
f 2472/4959/2726 2471/4955/2724 2514/4957/2725
f 2313/4950/2721 2472/4959/2726 2315/4954/2723
f 2472/4959/2726 2514/4957/2725 2540/4960/2727
f 2472/4959/2726 2540/4960/2727 2440/4961/2728
f 2472/4959/2726 2440/4961/2728 2315/4954/2723
f 2440/4961/2728 2540/4960/2727 2516/4962/2729
f 2440/4961/2728 2516/4962/2729 2439/4963/2730
f 2439/4963/2730 2516/4962/2729 2502/4964/2731
f 2315/4954/2723 2440/4961/2728 2314/4965/2732
f 2314/4965/2732 2440/4961/2728 2439/4963/2730
f 2315/4954/2723 2314/4965/2732 2228/4952/2722
f 2314/4965/2732 2439/4963/2730 2312/4966/2733
f 2314/4965/2732 2312/4966/2733 2223/4967/2734
f 2228/4952/2722 2314/4965/2732 2229/4968/2735
f 2229/4968/2735 2314/4965/2732 2223/4967/2734
f 2228/4952/2722 2229/4968/2735 2017/4953/2680
f 2017/4953/2680 2229/4968/2735 2018/4969/2736
f 2018/4969/2736 2229/4968/2735 2223/4967/2734
f 2018/4969/2736 2223/4967/2734 2069/4970/2737
f 1952/4971/2678 2017/4972/2680 1937/4973/2683
f 1937/4973/2683 2017/4972/2680 2018/4974/2736
f 1937/4973/2683 2018/4974/2736 1955/4975/2684
f 1955/4975/2684 2018/4974/2736 2069/4976/2737
f 1955/4975/2684 2069/4976/2737 2013/4977/2688
f 2013/4977/2688 2069/4976/2737 2188/4978/2738
f 2188/4978/2738 2069/4976/2737 2223/4979/2734
f 2188/4978/2738 2223/4979/2734 2310/4980/2739
f 2310/4980/2739 2223/4979/2734 2312/4981/2733
f 2310/4980/2739 2312/4981/2733 2439/4982/2730
f 2310/4980/2739 2439/4982/2730 2438/4983/2740
f 1968/4984/2694 1948/4985/2692 2121/4986/2741
f 1968/4984/2694 2121/4986/2741 2000/4987/2697
f 2121/4986/2741 1948/4985/2692 2120/4988/2742
f 2120/4988/2742 1948/4985/2692 1949/4989/2691
f 2000/4987/2697 2121/4986/2741 2160/4990/2743
f 2120/4988/2742 1949/4989/2691 2156/4991/2744
f 2156/4991/2744 1949/4989/2691 1990/4992/2689
f 2121/4986/2741 2120/4988/2742 2264/4993/2745
f 2264/4993/2745 2120/4988/2742 2156/4991/2744
f 2000/4987/2697 2160/4990/2743 2196/4994/2746
f 2000/4987/2697 2196/4994/2746 1997/4995/2702
f 2160/4990/2743 2121/4986/2741 2277/4996/2747
f 2277/4996/2747 2121/4986/2741 2264/4993/2745
f 2160/4990/2743 2277/4996/2747 2297/4997/2748
f 2160/4990/2743 2297/4997/2748 2196/4994/2746
f 2277/4996/2747 2264/4993/2745 2424/4998/2749
f 2277/4996/2747 2424/4998/2749 2434/4999/2750
f 2277/4996/2747 2434/4999/2750 2297/4997/2748
f 2297/4997/2748 2434/4999/2750 2433/5000/2751
f 2424/4998/2749 2264/4993/2745 2280/5001/2752
f 2280/5001/2752 2264/4993/2745 2156/4991/2744
f 2424/4998/2749 2280/5001/2752 2437/5002/2753
f 2297/4997/2748 2433/5000/2751 2295/5003/2754
f 2297/4997/2748 2295/5003/2754 2196/4994/2746
f 2295/5003/2754 2433/5000/2751 2453/5004/2755
f 2295/5003/2754 2453/5004/2755 2446/5005/2756
f 2437/5002/2753 2280/5001/2752 2281/5006/2757
f 2437/5002/2753 2281/5006/2757 2461/5007/2758
f 2461/5007/2758 2281/5006/2757 2438/5008/2740
f 2438/5008/2740 2281/5006/2757 2310/5009/2739
f 2310/5009/2739 2281/5006/2757 2188/5010/2738
f 2295/5003/2754 2446/5005/2756 2284/5011/2759
f 2295/5003/2754 2284/5011/2759 2196/4994/2746
f 2284/5011/2759 2446/5005/2756 2447/5012/2760
f 2188/5010/2738 2281/5006/2757 2157/5013/2761
f 2157/5013/2761 2281/5006/2757 2280/5001/2752
f 2188/5010/2738 2157/5013/2761 2013/5014/2688
f 2157/5013/2761 2280/5001/2752 2156/4991/2744
f 2013/5014/2688 2157/5013/2761 1990/4992/2689
f 1990/4992/2689 2157/5013/2761 2156/4991/2744
f 2284/5011/2759 2447/5012/2760 2287/5015/2762
f 2287/5015/2762 2447/5012/2760 2449/5016/2763
f 2287/5015/2762 2449/5016/2763 2290/5017/2764
f 2284/5011/2759 2287/5015/2762 2158/5018/2765
f 2284/5011/2759 2158/5018/2765 2196/4994/2746
f 2196/4994/2746 2158/5018/2765 1997/4995/2702
f 1997/4995/2702 2158/5018/2765 1992/5019/2706
f 2158/5018/2765 2287/5015/2762 2190/5020/2766
f 2158/5018/2765 2190/5020/2766 1992/5019/2706
f 2190/5020/2766 2287/5015/2762 2290/5017/2764
f 1992/5019/2706 2190/5020/2766 1993/5021/2710
f 2190/5020/2766 2290/5017/2764 2192/5022/2767
f 1993/5021/2710 2190/5020/2766 2023/5023/2714
f 2023/5023/2714 2190/5020/2766 2192/5022/2767
f 2424/5024/2749 2437/5025/2753 2500/5026/2768
f 2424/5024/2749 2500/5026/2768 2434/5027/2750
f 2500/5026/2768 2437/5025/2753 2508/5028/2769
f 2508/5028/2769 2437/5025/2753 2461/5029/2758
f 2434/5027/2750 2500/5026/2768 2499/5030/2770
f 2434/5027/2750 2499/5030/2770 2433/5031/2751
f 2500/5026/2768 2508/5028/2769 2576/5032/2771
f 2500/5026/2768 2576/5032/2771 2556/5033/2772
f 2500/5026/2768 2556/5033/2772 2499/5030/2770
f 2499/5030/2770 2556/5033/2772 2554/5034/2773
f 2576/5032/2771 2508/5028/2769 2509/5035/2774
f 2509/5035/2774 2508/5028/2769 2461/5029/2758
f 2576/5032/2771 2509/5035/2774 2577/5036/2775
f 2577/5036/2775 2509/5035/2774 2511/5037/2776
f 2511/5037/2776 2509/5035/2774 2461/5029/2758
f 2511/5037/2776 2461/5029/2758 2438/5038/2740
f 2511/5037/2776 2438/5038/2740 2502/5039/2731
f 2502/5039/2731 2438/5038/2740 2439/5040/2730
f 2504/5041/2777 2499/5030/2770 2554/5034/2773
f 2499/5030/2770 2504/5041/2777 2433/5031/2751
f 2504/5041/2777 2554/5034/2773 2552/5042/2778
f 2433/5031/2751 2504/5041/2777 2453/5043/2755
f 2504/5041/2777 2552/5042/2778 2525/5044/2779
f 2504/5041/2777 2525/5044/2779 2453/5043/2755
f 2525/5044/2779 2552/5042/2778 2566/5045/2780
f 2453/5043/2755 2525/5044/2779 2517/5046/2781
f 2517/5046/2781 2525/5044/2779 2566/5045/2780
f 2453/5043/2755 2517/5046/2781 2446/5047/2756
f 2517/5046/2781 2566/5045/2780 2582/5048/2782
f 2517/5046/2781 2582/5048/2782 2560/5049/2783
f 2446/5047/2756 2517/5046/2781 2447/5050/2760
f 2517/5046/2781 2560/5049/2783 2518/5051/2784
f 2517/5046/2781 2518/5051/2784 2447/5050/2760
f 2447/5050/2760 2518/5051/2784 2449/5052/2763
f 2449/5052/2763 2518/5051/2784 2503/5053/2785
f 2552/5054/2778 2554/5055/2773 2570/5056/2786
f 2556/5057/2772 2573/5058/2787 2554/5055/2773
f 2554/5055/2773 2573/5058/2787 2570/5056/2786
f 2570/5056/2786 2573/5058/2787 2555/5059/2788
f 2570/5056/2786 2555/5059/2788 2553/5060/2789
f 2552/5054/2778 2570/5056/2786 2568/5061/2790
f 2568/5061/2790 2570/5056/2786 2553/5060/2789
f 2552/5054/2778 2568/5061/2790 2566/5062/2780
f 2568/5061/2790 2553/5060/2789 2567/5063/2791
f 2567/5063/2791 2553/5060/2789 2505/5064/2792
f 2566/5062/2780 2568/5061/2790 2588/5065/2793
f 2588/5065/2793 2568/5061/2790 2567/5063/2791
f 2566/5062/2780 2588/5065/2793 2582/5066/2782
f 2588/5065/2793 2567/5063/2791 2587/5067/2794
f 2582/5066/2782 2588/5065/2793 2603/5068/2795
f 2603/5068/2795 2588/5065/2793 2587/5067/2794
f 2603/5068/2795 2587/5067/2794 2583/5069/2796
f 2573/5070/2787 2556/5071/2772 2595/5072/2797
f 2595/5072/2797 2556/5071/2772 2576/5073/2771
f 2573/5070/2787 2595/5072/2797 2575/5074/2798
f 2573/5070/2787 2575/5074/2798 2555/5075/2788
f 2575/5074/2798 2595/5072/2797 2598/5076/2799
f 2582/5077/2782 2603/5078/2795 2560/5079/2783
f 2503/5080/2785 2518/5081/2784 2560/5079/2783
f 2503/5080/2785 2560/5079/2783 2522/5082/2800
f 2560/5079/2783 2603/5078/2795 2586/5083/2801
f 2560/5079/2783 2586/5083/2801 2522/5082/2800
f 2586/5083/2801 2603/5078/2795 2583/5084/2796
f 2522/5082/2800 2586/5083/2801 2549/5085/2802
f 2586/5083/2801 2583/5084/2796 2561/5086/2803
f 2586/5083/2801 2561/5086/2803 2549/5085/2802
f 2549/5085/2802 2561/5086/2803 2548/5087/2804
f 2548/5087/2804 2561/5086/2803 2521/5088/2805
f 2553/5089/2789 2555/5090/2788 2507/5091/2806
f 2553/5089/2789 2507/5091/2806 2505/5092/2792
f 2507/5091/2806 2555/5090/2788 2532/5093/2807
f 2532/5093/2807 2555/5090/2788 2575/5094/2798
f 2505/5092/2792 2507/5091/2806 2455/5095/2658
f 2455/5095/2658 2507/5091/2806 2436/5096/2649
f 2436/5096/2649 2507/5091/2806 2458/5097/2647
f 2458/5097/2647 2507/5091/2806 2532/5093/2807
f 2458/5097/2647 2532/5093/2807 2460/5098/2646
f 2532/5093/2807 2575/5094/2798 2535/5099/2808
f 2532/5093/2807 2535/5099/2808 2460/5098/2646
f 2535/5099/2808 2575/5094/2798 2598/5100/2799
f 2535/5099/2808 2598/5100/2799 2537/5101/2809
f 2535/5099/2808 2537/5101/2809 2460/5098/2646
f 2460/5098/2646 2537/5101/2809 2464/5102/2643
f 2464/5102/2643 2537/5101/2809 2513/5103/2644
f 2526/5104/2810 2505/5092/2792 2455/5095/2658
f 2505/5092/2792 2526/5104/2810 2567/5105/2791
f 2526/5104/2810 2455/5095/2658 2454/5106/2662
f 2567/5105/2791 2526/5104/2810 2587/5107/2794
f 2526/5104/2810 2454/5106/2662 2524/5108/2811
f 2526/5104/2810 2524/5108/2811 2587/5107/2794
f 2524/5108/2811 2454/5106/2662 2482/5109/2666
f 2587/5107/2794 2524/5108/2811 2541/5110/2812
f 2541/5110/2812 2524/5108/2811 2482/5109/2666
f 2587/5107/2794 2541/5110/2812 2583/5111/2796
f 2541/5110/2812 2482/5109/2666 2475/5112/2667
f 2583/5111/2796 2541/5110/2812 2561/5113/2803
f 2541/5110/2812 2475/5112/2667 2519/5114/2813
f 2541/5110/2812 2519/5114/2813 2561/5113/2803
f 2519/5114/2813 2475/5112/2667 2448/5115/2669
f 2561/5113/2803 2519/5114/2813 2521/5116/2805
f 2521/5116/2805 2519/5114/2813 2448/5115/2669
f 2521/5116/2805 2448/5115/2669 2450/5117/2673
f 2548/5118/2804 2521/5119/2805 2450/5120/2673
f 2548/5118/2804 2450/5120/2673 2452/5121/2814
f 2548/5118/2804 2452/5121/2814 2481/5122/2815
f 2548/5118/2804 2481/5122/2815 2549/5123/2802
f 2452/5121/2814 2450/5120/2673 2329/5124/2816
f 2329/5124/2816 2450/5120/2673 2326/5125/2674
f 2329/5124/2816 2326/5125/2674 2233/5126/2676
f 2549/5123/2802 2481/5122/2815 2522/5127/2800
f 2329/5124/2816 2233/5126/2676 2193/5128/2817
f 2452/5121/2814 2329/5124/2816 2330/5129/2818
f 2330/5129/2818 2329/5124/2816 2193/5128/2817
f 2452/5121/2814 2330/5129/2818 2481/5122/2815
f 2522/5127/2800 2481/5122/2815 2451/5130/2819
f 2522/5127/2800 2451/5130/2819 2523/5131/2820
f 2523/5131/2820 2451/5130/2819 2449/5132/2763
f 2449/5132/2763 2451/5130/2819 2290/5133/2764
f 2451/5130/2819 2481/5122/2815 2291/5134/2821
f 2451/5130/2819 2291/5134/2821 2290/5133/2764
f 2291/5134/2821 2481/5122/2815 2330/5129/2818
f 2290/5133/2764 2291/5134/2821 2192/5135/2767
f 2192/5135/2767 2291/5134/2821 2159/5136/2822
f 2291/5134/2821 2330/5129/2818 2194/5137/2823
f 2291/5134/2821 2194/5137/2823 2159/5136/2822
f 2194/5137/2823 2330/5129/2818 2193/5128/2817
f 2159/5136/2822 2194/5137/2823 1994/5138/2715
f 1994/5138/2715 2194/5137/2823 1962/5139/2717
f 1962/5139/2717 2194/5137/2823 2193/5128/2817
f 1962/5139/2717 2193/5128/2817 1961/5140/2719
f 2233/5141/2676 2025/5142/2677 2193/5143/2817
f 2193/5143/2817 2025/5142/2677 1961/5144/2719
f 2159/5145/2822 1994/5146/2715 2192/5147/2767
f 2523/5148/2820 2449/5149/2763 2522/5150/2800
f 2522/5151/2800 2449/5152/2763 2503/5153/2785
f 2023/5154/2714 2192/5155/2767 1994/5156/2715
f 2537/5157/2809 2598/5158/2799 2580/5159/2824
f 2537/5157/2809 2580/5159/2824 2513/5160/2644
f 2513/5160/2644 2580/5159/2824 2514/5161/2725
f 2514/5161/2725 2580/5159/2824 2540/5162/2727
f 2540/5162/2727 2580/5159/2824 2581/5163/2825
f 2580/5159/2824 2598/5158/2799 2599/5164/2826
f 2580/5159/2824 2599/5164/2826 2581/5163/2825
f 2599/5164/2826 2598/5158/2799 2595/5165/2797
f 2540/5162/2727 2581/5163/2825 2557/5166/2827
f 2557/5166/2827 2581/5163/2825 2599/5164/2826
f 2540/5162/2727 2557/5166/2827 2516/5167/2729
f 2516/5167/2729 2557/5166/2827 2502/5168/2731
f 2502/5168/2731 2557/5166/2827 2511/5169/2776
f 2511/5169/2776 2557/5166/2827 2577/5170/2775
f 2577/5170/2775 2557/5166/2827 2599/5164/2826
f 2577/5170/2775 2599/5164/2826 2595/5165/2797
f 2577/5170/2775 2595/5165/2797 2576/5171/2771
