# Blender 5.0.1
# www.blender.org
mtllib tripo_convert_5defb44e-c3d6-4ffc-b71c-941a02597aa1.mtl
o tripo_node_5defb44e-c3d6-4ffc-b71c-941a02597aa1
v 0.000977 0.759766 0.098633
v 0.000977 0.761719 0.106445
v 0.000977 0.765625 0.112305
v 0.000977 0.765625 -0.083008
v 0.000977 0.771484 -0.090820
v 0.000977 0.773438 0.118164
v 0.000977 0.779297 -0.098633
v 0.000977 0.781250 0.124023
v 0.000977 0.789062 -0.104492
v 0.000977 0.791016 0.165039
v 0.000977 0.792969 0.127930
v 0.000977 0.796875 0.133789
v 0.000977 0.796875 0.149414
v 0.000977 0.804688 -0.112305
v 0.000977 0.824219 -0.118164
v 0.000977 0.837891 -0.127930
v 0.000977 0.843750 -0.168945
v 0.000977 0.845703 -0.139648
v 0.000977 0.845703 -0.155273
v 0.000977 0.851562 -0.184570
v 0.000977 0.865234 0.290039
v 0.000977 0.873047 -0.204102
v 0.000977 0.894531 0.290039
v 0.000977 0.894531 -0.217773
v 0.000977 0.906250 -0.217773
v 0.000977 0.917969 -0.209961
v 0.000977 0.921875 0.286133
v 0.000977 0.933594 0.133789
v 0.000977 0.933594 0.149414
v 0.000977 0.933594 -0.190430
v 0.000977 0.939453 0.125977
v 0.000977 0.939453 0.165039
v 0.000977 0.943359 0.282227
v 0.000977 0.947266 -0.165039
v 0.000977 0.949219 0.174805
v 0.000977 0.953125 0.122070
v 0.000977 0.957031 0.274414
v 0.000977 0.958984 0.182617
v 0.000977 0.960938 -0.135742
v 0.000977 0.962891 0.116211
v 0.000977 0.964844 0.190430
v 0.000977 0.964844 0.266602
v 0.000977 0.968750 0.200195
v 0.000977 0.968750 0.211914
v 0.000977 0.968750 0.245117
v 0.000977 0.968750 0.256836
v 0.000977 0.968750 -0.061523
v 0.000977 0.968750 -0.104492
v 0.000977 0.970703 0.102539
v 0.000977 0.972656 0.065430
v 0.000977 0.972656 -0.065430
v 0.000977 0.974609 0.090820
v 0.000977 0.976562 0.069336
v 0.000977 0.982422 -0.061523
v 0.000977 0.984375 0.065430
v 0.000977 0.990234 0.063477
v 0.000977 0.990234 -0.057617
v 0.000977 0.994141 -0.053711
v 0.000977 0.996094 0.057617
v 0.000977 0.998047 0.002930
v 0.000977 0.998047 0.034180
v 0.000977 0.998047 0.049805
v 0.000977 0.998047 -0.028320
v 0.000977 0.998047 -0.045898
v 0.006836 0.841797 -0.176758
v 0.006836 0.869141 -0.209961
v 0.008789 0.849609 -0.194336
v 0.008789 0.890625 -0.221680
v 0.012695 0.839844 -0.208008
v 0.012695 0.857422 -0.221680
v 0.012695 0.875000 -0.233398
v 0.012695 0.900391 -0.225586
v 0.014648 0.839844 -0.186523
v 0.016602 0.826172 -0.223633
v 0.016602 0.839844 -0.235352
v 0.018555 0.830078 -0.202148
v 0.018555 0.855469 -0.249023
v 0.018555 0.884766 -0.239258
v 0.020508 0.818359 -0.215820
v 0.022461 0.808594 -0.237305
v 0.022461 0.818359 -0.250977
v 0.022461 0.830078 -0.262695
v 0.022461 0.861328 -0.254883
v 0.022461 0.003906 0.043945
v 0.022461 0.003906 -0.032227
v 0.022461 0.000000 0.028320
v 0.022461 0.000000 -0.016602
v 0.024414 0.802734 -0.231445
v 0.024414 0.843750 -0.166992
v 0.024414 0.998047 0.043945
v 0.024414 0.998047 -0.038086
v 0.026367 0.789062 -0.252930
v 0.026367 0.796875 -0.262695
v 0.026367 0.802734 0.149414
v 0.026367 0.835938 -0.270508
v 0.026367 0.910156 -0.217773
v 0.026367 0.927734 0.133789
v 0.026367 0.927734 0.149414
v 0.026367 0.998047 0.028320
v 0.026367 0.998047 -0.024414
v 0.026367 0.011719 0.055664
v 0.026367 0.009766 -0.043945
v 0.026367 0.000000 0.006836
v 0.028320 0.796875 0.165039
v 0.028320 0.802734 0.133789
v 0.028320 0.804688 -0.274414
v 0.028320 0.931641 0.165039
v 0.028320 0.994141 -0.045898
v 0.028320 0.996094 0.051758
v 0.028320 0.023438 0.065430
v 0.028320 0.021484 -0.053711
v 0.030273 0.634766 0.055664
v 0.030273 0.634766 -0.047852
v 0.030273 0.683594 -0.043945
v 0.030273 0.685547 0.053711
v 0.030273 0.687500 0.055664
v 0.030273 0.687500 -0.047852
v 0.030273 0.761719 0.102539
v 0.030273 0.773438 -0.264648
v 0.030273 0.777344 -0.272461
v 0.030273 0.785156 -0.245117
v 0.030273 0.798828 0.127930
v 0.030273 0.929688 -0.192383
v 0.030273 0.933594 0.125977
v 0.030273 0.970703 -0.051758
v 0.030273 0.990234 0.055664
v 0.030273 0.990234 -0.049805
v 0.032227 0.511719 -0.053711
v 0.032227 0.513672 0.063477
v 0.032227 0.783203 -0.282227
v 0.032227 0.787109 0.174805
v 0.032227 0.808594 -0.280273
v 0.032227 0.837891 -0.182617
v 0.032227 0.941406 0.174805
v 0.032227 0.947266 -0.165039
v 0.032227 0.972656 0.057617
v 0.032227 0.972656 -0.055664
v 0.032227 0.982422 -0.051758
v 0.032227 0.984375 0.057617
v 0.032227 0.998047 0.002930
v 0.032227 0.039062 0.071289
v 0.032227 0.037109 -0.059570
v 0.034180 0.689453 0.061523
v 0.034180 0.689453 -0.051758
v 0.034180 0.769531 -0.258789
v 0.034180 0.792969 0.282227
v 0.034180 0.812500 0.286133
v 0.034180 0.828125 -0.198242
v 0.034180 0.888672 -0.239258
v 0.034180 0.917969 0.286133
v 0.034180 0.935547 0.282227
v 0.034180 0.958984 -0.135742
v 0.034180 0.976562 0.061523
v 0.034180 0.380859 0.069336
v 0.034180 0.378906 -0.059570
v 0.034180 0.255859 0.075195
v 0.034180 0.255859 -0.063477
v 0.034180 0.167969 0.077148
v 0.034180 0.166016 -0.065430
v 0.034180 0.095703 0.075195
v 0.034180 0.093750 -0.063477
v 0.034180 0.060547 0.075195
v 0.034180 0.058594 -0.063477
v 0.036133 0.763672 -0.272461
v 0.036133 0.767578 0.110352
v 0.036133 0.767578 -0.278320
v 0.036133 0.769531 -0.284180
v 0.036133 0.779297 0.182617
v 0.036133 0.779297 0.274414
v 0.036133 0.785156 -0.286133
v 0.036133 0.787109 0.124023
v 0.036133 0.816406 -0.213867
v 0.036133 0.835938 0.288086
v 0.036133 0.892578 0.288086
v 0.036133 0.947266 0.122070
v 0.036133 0.949219 0.274414
v 0.036133 0.951172 0.182617
v 0.036133 0.966797 -0.102539
v 0.036133 0.003906 0.030273
v 0.036133 0.003906 -0.016602
v 0.038086 0.693359 0.065430
v 0.038086 0.693359 -0.055664
v 0.038086 0.697266 -0.059570
v 0.038086 0.699219 0.067383
v 0.038086 0.761719 -0.268555
v 0.038086 0.769531 -0.288086
v 0.038086 0.773438 0.190430
v 0.038086 0.777344 0.118164
v 0.038086 0.800781 -0.227539
v 0.038086 0.863281 -0.256836
v 0.038086 0.865234 0.290039
v 0.038086 0.957031 0.190430
v 0.040039 0.703125 0.069336
v 0.040039 0.703125 -0.059570
v 0.040039 0.724609 0.073242
v 0.040039 0.726562 -0.063477
v 0.040039 0.759766 -0.276367
v 0.040039 0.761719 -0.280273
v 0.040039 0.763672 -0.286133
v 0.040039 0.767578 0.245117
v 0.040039 0.769531 0.200195
v 0.040039 0.769531 0.211914
v 0.040039 0.769531 0.256836
v 0.040039 0.771484 -0.086914
v 0.040039 0.773438 0.266602
v 0.040039 0.783203 -0.243164
v 0.040039 0.837891 -0.272461
v 0.040039 0.957031 0.266602
v 0.040039 0.958984 0.200195
v 0.040039 0.958984 0.256836
v 0.040039 0.960938 0.211914
v 0.040039 0.960938 0.245117
v 0.041992 0.755859 0.077148
v 0.041992 0.761719 -0.065430
v 0.041992 0.769531 -0.256836
v 0.041992 0.779297 -0.096680
v 0.041992 0.810547 -0.284180
v 0.041992 0.958984 0.114258
v 0.041992 0.998047 0.026367
v 0.041992 0.998047 -0.022461
v 0.041992 0.001953 0.006836
v 0.043945 0.761719 -0.266602
v 0.043945 0.769531 -0.290039
v 0.043945 0.785156 -0.290039
v 0.043945 0.009766 0.036133
v 0.043945 0.009766 -0.022461
v 0.045898 0.759766 -0.274414
v 0.045898 0.759766 -0.282227
v 0.045898 0.763672 -0.286133
v 0.045898 0.789062 -0.104492
v 0.047852 0.974609 0.081055
v 0.047852 0.996094 0.030273
v 0.047852 0.996094 -0.024414
v 0.047852 0.998047 0.002930
v 0.049805 0.765625 -0.071289
v 0.049805 0.818359 0.133789
v 0.049805 0.818359 0.149414
v 0.049805 0.912109 0.133789
v 0.049805 0.912109 0.149414
v 0.049805 0.021484 0.040039
v 0.049805 0.021484 -0.028320
v 0.049805 0.009766 0.006836
v 0.051758 0.683594 -0.024414
v 0.051758 0.685547 0.032227
v 0.051758 0.759766 0.083008
v 0.051758 0.990234 -0.028320
v 0.053711 0.634766 0.034180
v 0.053711 0.634766 -0.024414
v 0.053711 0.687500 0.034180
v 0.053711 0.687500 -0.024414
v 0.053711 0.814453 0.165039
v 0.053711 0.818359 0.286133
v 0.053711 0.910156 0.286133
v 0.053711 0.916016 0.127930
v 0.053711 0.916016 0.165039
v 0.053711 0.970703 0.096680
v 0.053711 0.970703 -0.028320
v 0.053711 0.990234 0.032227
v 0.055664 0.511719 -0.028320
v 0.055664 0.513672 0.038086
v 0.055664 0.816406 0.127930
v 0.055664 0.972656 0.034180
v 0.055664 0.982422 0.034180
v 0.055664 0.982422 -0.028320
v 0.055664 0.996094 0.002930
v 0.055664 0.037109 0.043945
v 0.055664 0.037109 -0.032227
v 0.057617 0.759766 -0.274414
v 0.057617 0.759766 -0.282227
v 0.057617 0.763672 -0.286133
v 0.057617 0.974609 -0.030273
v 0.057617 0.976562 0.036133
v 0.057617 0.058594 0.045898
v 0.057617 0.058594 -0.034180
v 0.057617 0.021484 0.006836
v 0.059570 0.685547 0.004883
v 0.059570 0.689453 0.038086
v 0.059570 0.689453 -0.028320
v 0.059570 0.761719 -0.266602
v 0.059570 0.771484 -0.290039
v 0.059570 0.378906 0.041992
v 0.059570 0.378906 -0.032227
v 0.059570 0.255859 0.045898
v 0.059570 0.255859 -0.034180
v 0.059570 0.093750 0.045898
v 0.059570 0.093750 -0.034180
v 0.061523 0.634766 0.004883
v 0.061523 0.687500 0.004883
v 0.061523 0.787109 -0.290039
v 0.061523 0.806641 0.174805
v 0.061523 0.810547 0.282227
v 0.061523 0.837891 0.286133
v 0.061523 0.890625 0.286133
v 0.061523 0.919922 0.282227
v 0.061523 0.921875 0.174805
v 0.061523 0.990234 0.002930
v 0.061523 0.166016 0.045898
v 0.061523 0.166016 -0.034180
v 0.063477 0.761719 -0.276367
v 0.063477 0.761719 -0.280273
v 0.063477 0.763672 0.090820
v 0.063477 0.763672 -0.286133
v 0.063477 0.769531 -0.256836
v 0.063477 0.972656 0.002930
v 0.063477 0.982422 0.002930
v 0.063477 0.037109 0.006836
v 0.065430 0.511719 0.004883
v 0.065430 0.693359 0.040039
v 0.065430 0.693359 -0.030273
v 0.065430 0.763672 -0.268555
v 0.065430 0.769531 -0.288086
v 0.065430 0.785156 -0.243164
v 0.065430 0.804688 0.124023
v 0.065430 0.810547 -0.284180
v 0.065430 0.839844 0.149414
v 0.065430 0.865234 0.286133
v 0.065430 0.925781 0.124023
v 0.067383 0.697266 -0.032227
v 0.067383 0.699219 0.041992
v 0.067383 0.800781 0.182617
v 0.067383 0.800781 0.274414
v 0.067383 0.800781 -0.227539
v 0.067383 0.839844 0.133789
v 0.067383 0.888672 0.133789
v 0.067383 0.888672 0.149414
v 0.067383 0.927734 0.274414
v 0.067383 0.929688 0.182617
v 0.067383 0.974609 0.002930
v 0.067383 0.378906 0.004883
v 0.067383 0.058594 0.006836
v 0.069336 0.689453 0.004883
v 0.069336 0.703125 0.041992
v 0.069336 0.703125 -0.032227
v 0.069336 0.724609 0.043945
v 0.069336 0.765625 -0.272461
v 0.069336 0.767578 -0.278320
v 0.069336 0.769531 -0.284180
v 0.069336 0.785156 -0.288086
v 0.069336 0.816406 -0.213867
v 0.069336 0.837891 -0.272461
v 0.069336 0.255859 0.004883
v 0.069336 0.166016 0.004883
v 0.069336 0.093750 0.006836
v 0.071289 0.726562 -0.034180
v 0.071289 0.755859 0.045898
v 0.071289 0.769531 0.098633
v 0.071289 0.769531 -0.075195
v 0.071289 0.771484 -0.258789
v 0.071289 0.796875 0.120117
v 0.071289 0.837891 0.127930
v 0.071289 0.837891 0.165039
v 0.071289 0.863281 -0.256836
v 0.071289 0.890625 0.127930
v 0.071289 0.890625 0.165039
v 0.071289 0.935547 0.118164
v 0.073242 0.759766 -0.036133
v 0.073242 0.783203 -0.282227
v 0.073242 0.794922 0.190430
v 0.073242 0.794922 0.266602
v 0.073242 0.804688 -0.110352
v 0.073242 0.828125 -0.198242
v 0.073242 0.865234 0.133789
v 0.073242 0.865234 0.149414
v 0.073242 0.886719 -0.237305
v 0.073242 0.933594 0.190430
v 0.073242 0.933594 0.266602
v 0.075195 0.693359 0.004883
v 0.075195 0.773438 -0.264648
v 0.075195 0.779297 -0.272461
v 0.075195 0.785156 -0.245117
v 0.075195 0.792969 0.200195
v 0.075195 0.792969 0.211914
v 0.075195 0.792969 0.245117
v 0.075195 0.792969 0.256836
v 0.075195 0.808594 -0.280273
v 0.075195 0.837891 -0.182617
v 0.075195 0.908203 -0.217773
v 0.075195 0.935547 0.200195
v 0.075195 0.935547 0.256836
v 0.075195 0.937500 0.211914
v 0.075195 0.937500 0.245117
v 0.077148 0.783203 0.108398
v 0.077148 0.835938 0.282227
v 0.077148 0.865234 0.127930
v 0.077148 0.865234 0.165039
v 0.077148 0.894531 0.282227
v 0.077148 0.953125 0.104492
v 0.079102 0.699219 0.004883
v 0.079102 0.703125 0.004883
v 0.079102 0.789062 -0.252930
v 0.079102 0.791016 -0.100586
v 0.079102 0.802734 -0.229492
v 0.079102 0.804688 -0.274414
v 0.079102 0.843750 -0.166992
v 0.079102 0.925781 -0.194336
v 0.079102 0.974609 0.051758
v 0.081055 0.724609 0.004883
v 0.081055 0.759766 0.049805
v 0.081055 0.777344 -0.084961
v 0.081055 0.796875 -0.262695
v 0.081055 0.824219 -0.118164
v 0.081055 0.833984 0.174805
v 0.081055 0.835938 -0.268555
v 0.081055 0.845703 -0.153320
v 0.081055 0.894531 0.174805
v 0.081055 0.941406 -0.166992
v 0.083008 0.757812 0.004883
v 0.083008 0.808594 -0.237305
v 0.083008 0.818359 -0.215820
v 0.083008 0.830078 -0.262695
v 0.083008 0.837891 -0.127930
v 0.083008 0.845703 -0.139648
v 0.083008 0.865234 0.282227
v 0.084961 0.818359 -0.249023
v 0.084961 0.833984 0.124023
v 0.084961 0.861328 -0.254883
v 0.084961 0.896484 0.124023
v 0.084961 0.955078 -0.135742
v 0.086914 0.830078 -0.200195
v 0.086914 0.865234 0.174805
v 0.086914 0.964844 -0.102539
v 0.086914 0.970703 0.061523
v 0.088867 0.826172 -0.223633
v 0.088867 0.830078 0.182617
v 0.088867 0.830078 0.274414
v 0.088867 0.839844 -0.235352
v 0.088867 0.853516 -0.247070
v 0.088867 0.884766 -0.235352
v 0.088867 0.898438 0.182617
v 0.088867 0.898438 0.274414
v 0.088867 0.970703 -0.059570
v 0.090820 0.865234 0.124023
v 0.092773 0.761719 0.004883
v 0.092773 0.839844 -0.184570
v 0.092773 0.839844 -0.208008
v 0.092773 0.857422 -0.219727
v 0.092773 0.875000 -0.229492
v 0.092773 0.902344 0.120117
v 0.092773 0.904297 -0.215820
v 0.094727 0.763672 0.055664
v 0.094727 0.828125 0.120117
v 0.094727 0.828125 0.190430
v 0.094727 0.828125 0.266602
v 0.094727 0.900391 0.190430
v 0.094727 0.900391 0.266602
v 0.094727 0.921875 -0.192383
v 0.096680 0.767578 -0.045898
v 0.096680 0.847656 -0.168945
v 0.096680 0.851562 -0.190430
v 0.096680 0.865234 0.182617
v 0.096680 0.865234 0.274414
v 0.096680 0.873047 -0.200195
v 0.096680 0.892578 -0.209961
v 0.096680 0.972656 0.006836
v 0.098633 0.802734 -0.100586
v 0.098633 0.826172 0.200195
v 0.098633 0.826172 0.256836
v 0.098633 0.902344 0.200195
v 0.098633 0.902344 0.256836
v 0.098633 0.937500 -0.165039
v 0.100586 0.785156 -0.079102
v 0.100586 0.826172 0.211914
v 0.100586 0.826172 0.245117
v 0.100586 0.849609 -0.153320
v 0.100586 0.859375 -0.172852
v 0.100586 0.865234 0.120117
v 0.100586 0.884766 -0.180664
v 0.100586 0.902344 0.211914
v 0.100586 0.902344 0.245117
v 0.100586 0.910156 -0.188477
v 0.102539 0.771484 0.059570
v 0.102539 0.937500 0.094727
v 0.102539 0.949219 -0.135742
v 0.102539 0.960938 0.063477
v 0.104492 0.765625 0.004883
v 0.104492 0.794922 0.096680
v 0.104492 0.826172 -0.114258
v 0.104492 0.841797 -0.125977
v 0.104492 0.847656 -0.139648
v 0.104492 0.863281 -0.155273
v 0.104492 0.865234 0.190430
v 0.104492 0.865234 0.266602
v 0.104492 0.923828 -0.163086
v 0.104492 0.957031 -0.102539
v 0.106445 0.818359 0.108398
v 0.106445 0.865234 0.200195
v 0.106445 0.865234 0.256836
v 0.106445 0.894531 -0.159180
v 0.106445 0.910156 0.108398
v 0.106445 0.933594 -0.135742
v 0.108398 0.777344 -0.043945
v 0.108398 0.865234 0.211914
v 0.108398 0.865234 0.245117
v 0.108398 0.945312 0.063477
v 0.108398 0.962891 0.004883
v 0.108398 0.962891 -0.059570
v 0.110352 0.785156 0.067383
v 0.110352 0.792969 -0.071289
v 0.110352 0.808594 -0.088867
v 0.110352 0.833984 -0.106445
v 0.110352 0.847656 -0.122070
v 0.110352 0.861328 -0.135742
v 0.110352 0.863281 0.110352
v 0.110352 0.900391 -0.137695
v 0.110352 0.941406 -0.104492
v 0.112305 0.773438 0.006836
v 0.112305 0.863281 -0.118164
v 0.112305 0.906250 -0.110352
v 0.112305 0.947266 -0.061523
v 0.114258 0.789062 -0.045898
v 0.114258 0.853516 -0.083008
v 0.114258 0.910156 0.071289
v 0.114258 0.947266 0.004883
v 0.116211 0.787109 0.006836
v 0.116211 0.814453 -0.059570
v 0.116211 0.818359 0.069336
v 0.116211 0.908203 -0.069336
v 0.118164 0.863281 0.073242
v 0.118164 0.912109 0.004883
v 0.120117 0.816406 0.002930
v 0.120117 0.861328 0.000977
v -0.000977 0.511719 -0.061523
v -0.000977 0.513672 0.071289
v -0.000977 0.634766 0.065430
v -0.000977 0.634766 -0.055664
v -0.000977 0.683594 -0.051758
v -0.000977 0.685547 0.061523
v -0.000977 0.687500 0.063477
v -0.000977 0.687500 -0.055664
v -0.000977 0.689453 0.069336
v -0.000977 0.689453 -0.061523
v -0.000977 0.693359 0.075195
v -0.000977 0.693359 -0.065430
v -0.000977 0.697266 -0.069336
v -0.000977 0.699219 0.077148
v -0.000977 0.703125 0.079102
v -0.000977 0.703125 -0.069336
v -0.000977 0.724609 0.083008
v -0.000977 0.726562 -0.073242
v -0.000977 0.755859 0.088867
v -0.000977 0.759766 0.211914
v -0.000977 0.759766 0.245117
v -0.000977 0.761719 0.200195
v -0.000977 0.761719 0.256836
v -0.000977 0.761719 -0.077148
v -0.000977 0.763672 0.190430
v -0.000977 0.765625 0.266602
v -0.000977 0.771484 0.182617
v -0.000977 0.771484 0.274414
v -0.000977 0.781250 0.174805
v -0.000977 0.787109 0.282227
v -0.000977 0.808594 0.286133
v -0.000977 0.833984 0.290039
v -0.000977 0.380859 0.081055
v -0.000977 0.378906 -0.069336
v -0.000977 0.257812 0.084961
v -0.000977 0.255859 -0.075195
v -0.000977 0.167969 0.086914
v -0.000977 0.166016 -0.075195
v -0.000977 0.095703 0.086914
v -0.000977 0.095703 -0.075195
v -0.000977 0.060547 0.084961
v -0.000977 0.060547 -0.073242
v -0.000977 0.039062 0.083008
v -0.000977 0.037109 -0.069336
v -0.000977 0.023438 0.075195
v -0.000977 0.021484 -0.063477
v -0.000977 0.011719 0.063477
v -0.000977 0.009766 -0.051758
v -0.000977 0.003906 0.049805
v -0.000977 0.003906 -0.036133
v -0.000977 0.000000 0.006836
v -0.000977 0.000000 0.030273
v -0.000977 0.000000 -0.018555
v -0.004883 0.869141 -0.209961
v -0.006836 0.841797 -0.176758
v -0.006836 0.849609 -0.194336
v -0.006836 0.888672 -0.221680
v -0.010742 0.857422 -0.221680
v -0.010742 0.900391 -0.225586
v -0.012695 0.839844 -0.186523
v -0.012695 0.839844 -0.208008
v -0.012695 0.875000 -0.233398
v -0.014648 0.839844 -0.235352
v -0.016602 0.826172 -0.223633
v -0.016602 0.830078 -0.202148
v -0.016602 0.853516 -0.249023
v -0.016602 0.884766 -0.239258
v -0.020508 0.808594 -0.237305
v -0.020508 0.818359 -0.215820
v -0.020508 0.820312 -0.250977
v -0.020508 0.861328 -0.254883
v -0.022461 0.830078 -0.262695
v -0.022461 0.843750 -0.166992
v -0.022461 0.003906 0.043945
v -0.022461 0.003906 -0.032227
v -0.022461 0.000000 0.028320
v -0.022461 0.000000 -0.016602
v -0.024414 0.791016 -0.252930
v -0.024414 0.796875 -0.262695
v -0.024414 0.802734 -0.229492
v -0.024414 0.910156 -0.217773
v -0.024414 0.998047 0.043945
v -0.024414 0.998047 -0.038086
v -0.026367 0.802734 0.133789
v -0.026367 0.802734 0.149414
v -0.026367 0.804688 -0.274414
v -0.026367 0.835938 -0.270508
v -0.026367 0.927734 0.133789
v -0.026367 0.927734 0.149414
v -0.026367 0.998047 0.028320
v -0.026367 0.998047 -0.024414
v -0.026367 0.011719 0.055664
v -0.026367 0.009766 -0.043945
v -0.026367 0.000000 0.006836
v -0.028320 0.785156 -0.245117
v -0.028320 0.796875 0.165039
v -0.028320 0.798828 0.127930
v -0.028320 0.929688 -0.192383
v -0.028320 0.931641 0.165039
v -0.028320 0.933594 0.125977
v -0.028320 0.994141 -0.045898
v -0.028320 0.996094 0.051758
v -0.028320 0.023438 0.065430
v -0.028320 0.021484 -0.053711
v -0.030273 0.634766 0.055664
v -0.030273 0.634766 -0.047852
v -0.030273 0.683594 -0.043945
v -0.030273 0.685547 0.053711
v -0.030273 0.687500 0.055664
v -0.030273 0.687500 -0.047852
v -0.030273 0.761719 0.102539
v -0.030273 0.773438 -0.264648
v -0.030273 0.779297 -0.272461
v -0.030273 0.783203 -0.280273
v -0.030273 0.808594 -0.280273
v -0.030273 0.837891 -0.182617
v -0.030273 0.970703 -0.051758
v -0.030273 0.972656 0.057617
v -0.030273 0.984375 0.057617
v -0.030273 0.990234 0.055664
v -0.030273 0.990234 -0.049805
v -0.032227 0.511719 -0.053711
v -0.032227 0.513672 0.063477
v -0.032227 0.771484 -0.258789
v -0.032227 0.787109 0.174805
v -0.032227 0.828125 -0.198242
v -0.032227 0.888672 -0.239258
v -0.032227 0.941406 0.174805
v -0.032227 0.947266 -0.165039
v -0.032227 0.972656 -0.055664
v -0.032227 0.976562 0.061523
v -0.032227 0.982422 -0.051758
v -0.032227 0.998047 0.002930
v -0.032227 0.039062 0.071289
v -0.032227 0.037109 -0.059570
v -0.034180 0.689453 0.061523
v -0.034180 0.689453 -0.051758
v -0.034180 0.765625 -0.272461
v -0.034180 0.767578 -0.278320
v -0.034180 0.769531 -0.282227
v -0.034180 0.785156 -0.286133
v -0.034180 0.792969 0.282227
v -0.034180 0.812500 0.286133
v -0.034180 0.816406 -0.213867
v -0.034180 0.917969 0.286133
v -0.034180 0.935547 0.282227
v -0.034180 0.958984 -0.135742
v -0.034180 0.966797 -0.102539
v -0.034180 0.380859 0.069336
v -0.034180 0.378906 -0.059570
v -0.034180 0.255859 0.075195
v -0.034180 0.255859 -0.063477
v -0.034180 0.167969 0.077148
v -0.034180 0.166016 -0.065430
v -0.034180 0.095703 0.075195
v -0.034180 0.093750 -0.063477
v -0.034180 0.060547 0.075195
v -0.034180 0.058594 -0.063477
v -0.036133 0.763672 -0.268555
v -0.036133 0.767578 0.110352
v -0.036133 0.779297 0.182617
v -0.036133 0.779297 0.274414
v -0.036133 0.785156 0.124023
v -0.036133 0.800781 -0.227539
v -0.036133 0.835938 0.288086
v -0.036133 0.863281 -0.256836
v -0.036133 0.892578 0.288086
v -0.036133 0.947266 0.122070
v -0.036133 0.949219 0.274414
v -0.036133 0.951172 0.182617
v -0.036133 0.003906 0.030273
v -0.036133 0.003906 -0.016602
v -0.038086 0.693359 0.065430
v -0.038086 0.693359 -0.055664
v -0.038086 0.697266 -0.059570
v -0.038086 0.699219 0.067383
v -0.038086 0.761719 -0.274414
v -0.038086 0.763672 -0.280273
v -0.038086 0.765625 -0.284180
v -0.038086 0.771484 -0.086914
v -0.038086 0.771484 -0.288086
v -0.038086 0.773438 0.190430
v -0.038086 0.775391 0.118164
v -0.038086 0.785156 -0.243164
v -0.038086 0.837891 -0.272461
v -0.038086 0.865234 0.290039
v -0.038086 0.957031 0.190430
v -0.040039 0.703125 0.069336
v -0.040039 0.703125 -0.059570
v -0.040039 0.724609 0.073242
v -0.040039 0.726562 -0.063477
v -0.040039 0.767578 0.245117
v -0.040039 0.769531 0.200195
v -0.040039 0.769531 0.211914
v -0.040039 0.769531 0.256836
v -0.040039 0.773438 0.266602
v -0.040039 0.779297 -0.096680
v -0.040039 0.810547 -0.282227
v -0.040039 0.957031 0.266602
v -0.040039 0.958984 0.200195
v -0.040039 0.958984 0.256836
v -0.040039 0.960938 0.211914
v -0.040039 0.960938 0.245117
v -0.041992 0.755859 0.077148
v -0.041992 0.761719 -0.065430
v -0.041992 0.769531 -0.256836
v -0.041992 0.787109 -0.288086
v -0.041992 0.958984 0.114258
v -0.041992 0.998047 0.026367
v -0.041992 0.998047 -0.022461
v -0.041992 0.001953 0.006836
v -0.043945 0.759766 -0.274414
v -0.043945 0.761719 -0.266602
v -0.043945 0.761719 -0.280273
v -0.043945 0.763672 -0.286133
v -0.043945 0.771484 -0.290039
v -0.043945 0.009766 0.036133
v -0.043945 0.009766 -0.022461
v -0.045898 0.789062 -0.104492
v -0.045898 0.974609 0.081055
v -0.047852 0.994141 -0.024414
v -0.047852 0.996094 0.030273
v -0.047852 0.998047 0.002930
v -0.049805 0.765625 -0.071289
v -0.049805 0.818359 0.133789
v -0.049805 0.818359 0.149414
v -0.049805 0.912109 0.133789
v -0.049805 0.912109 0.149414
v -0.049805 0.021484 0.040039
v -0.049805 0.021484 -0.028320
v -0.049805 0.009766 0.006836
v -0.051758 0.683594 -0.024414
v -0.051758 0.685547 0.032227
v -0.051758 0.759766 0.083008
v -0.051758 0.970703 0.096680
v -0.051758 0.990234 0.032227
v -0.051758 0.990234 -0.028320
v -0.053711 0.634766 0.034180
v -0.053711 0.634766 -0.024414
v -0.053711 0.687500 0.034180
v -0.053711 0.687500 -0.024414
v -0.053711 0.814453 0.127930
v -0.053711 0.814453 0.165039
v -0.053711 0.818359 0.286133
v -0.053711 0.910156 0.286133
v -0.053711 0.916016 0.127930
v -0.053711 0.916016 0.165039
v -0.053711 0.970703 -0.028320
v -0.053711 0.972656 0.034180
v -0.053711 0.982422 0.034180
v -0.053711 0.982422 -0.028320
v -0.055664 0.511719 -0.028320
v -0.055664 0.513672 0.038086
v -0.055664 0.761719 -0.280273
v -0.055664 0.763672 -0.286133
v -0.055664 0.996094 0.002930
v -0.055664 0.037109 0.043945
v -0.055664 0.037109 -0.032227
v -0.057617 0.759766 -0.274414
v -0.057617 0.763672 -0.266602
v -0.057617 0.771484 -0.290039
v -0.057617 0.974609 -0.030273
v -0.057617 0.976562 0.036133
v -0.057617 0.058594 0.045898
v -0.057617 0.058594 -0.034180
v -0.057617 0.021484 0.006836
v -0.059570 0.685547 0.004883
v -0.059570 0.689453 0.038086
v -0.059570 0.689453 -0.028320
v -0.059570 0.378906 0.041992
v -0.059570 0.378906 -0.032227
v -0.059570 0.255859 0.045898
v -0.059570 0.255859 -0.034180
v -0.059570 0.093750 0.045898
v -0.059570 0.093750 -0.034180
v -0.061523 0.634766 0.004883
v -0.061523 0.687500 0.004883
v -0.061523 0.763672 -0.280273
v -0.061523 0.765625 -0.284180
v -0.061523 0.771484 -0.254883
v -0.061523 0.787109 -0.288086
v -0.061523 0.806641 0.174805
v -0.061523 0.810547 0.282227
v -0.061523 0.837891 0.286133
v -0.061523 0.890625 0.286133
v -0.061523 0.919922 0.282227
v -0.061523 0.921875 0.174805
v -0.061523 0.990234 0.002930
v -0.061523 0.166016 0.045898
v -0.061523 0.166016 -0.034180
v -0.063477 0.761719 -0.274414
v -0.063477 0.763672 0.090820
v -0.063477 0.771484 -0.288086
v -0.063477 0.785156 -0.243164
v -0.063477 0.972656 0.002930
v -0.063477 0.982422 0.002930
v -0.063477 0.037109 0.006836
v -0.065430 0.511719 0.004883
v -0.065430 0.693359 0.040039
v -0.065430 0.693359 -0.030273
v -0.065430 0.763672 -0.268555
v -0.065430 0.802734 -0.227539
v -0.065430 0.804688 0.124023
v -0.065430 0.810547 -0.282227
v -0.065430 0.839844 0.149414
v -0.065430 0.865234 0.286133
v -0.065430 0.888672 0.149414
v -0.065430 0.925781 0.124023
v -0.065430 0.974609 0.002930
v -0.067383 0.697266 -0.032227
v -0.067383 0.699219 0.041992
v -0.067383 0.765625 -0.272461
v -0.067383 0.767578 -0.278320
v -0.067383 0.769531 -0.284180
v -0.067383 0.800781 0.182617
v -0.067383 0.800781 0.274414
v -0.067383 0.837891 -0.272461
v -0.067383 0.839844 0.133789
v -0.067383 0.888672 0.133789
v -0.067383 0.927734 0.274414
v -0.067383 0.929688 0.182617
v -0.067383 0.378906 0.004883
v -0.067383 0.058594 0.006836
v -0.069336 0.689453 0.004883
v -0.069336 0.703125 0.041992
v -0.069336 0.703125 -0.032227
v -0.069336 0.726562 -0.034180
v -0.069336 0.771484 -0.258789
v -0.069336 0.787109 -0.286133
v -0.069336 0.816406 -0.213867
v -0.069336 0.865234 -0.256836
v -0.069336 0.255859 0.004883
v -0.069336 0.166016 0.004883
v -0.069336 0.093750 0.006836
v -0.071289 0.724609 0.043945
v -0.071289 0.769531 0.098633
v -0.071289 0.769531 -0.075195
v -0.071289 0.794922 0.120117
v -0.071289 0.804688 -0.110352
v -0.071289 0.828125 -0.198242
v -0.071289 0.837891 0.127930
v -0.071289 0.837891 0.165039
v -0.071289 0.888672 -0.237305
v -0.071289 0.890625 0.127930
v -0.071289 0.890625 0.165039
v -0.071289 0.935547 0.118164
v -0.073242 0.757812 0.045898
v -0.073242 0.761719 -0.036133
v -0.073242 0.775391 -0.264648
v -0.073242 0.779297 -0.272461
v -0.073242 0.783203 -0.280273
v -0.073242 0.787109 -0.245117
v -0.073242 0.794922 0.190430
v -0.073242 0.794922 0.266602
v -0.073242 0.810547 -0.280273
v -0.073242 0.865234 0.133789
v -0.073242 0.865234 0.149414
v -0.073242 0.908203 -0.217773
v -0.073242 0.933594 0.190430
v -0.073242 0.933594 0.266602
v -0.075195 0.693359 0.004883
v -0.075195 0.792969 0.200195
v -0.075195 0.792969 0.211914
v -0.075195 0.792969 0.245117
v -0.075195 0.792969 0.256836
v -0.075195 0.837891 -0.182617
v -0.075195 0.935547 0.200195
v -0.075195 0.935547 0.256836
v -0.075195 0.937500 0.211914
v -0.075195 0.937500 0.245117
v -0.077148 0.781250 0.108398
v -0.077148 0.804688 -0.229492
v -0.077148 0.804688 -0.274414
v -0.077148 0.835938 0.282227
v -0.077148 0.843750 -0.166992
v -0.077148 0.865234 0.127930
v -0.077148 0.865234 0.165039
v -0.077148 0.894531 0.282227
v -0.077148 0.927734 -0.194336
v -0.077148 0.953125 0.104492
v -0.077148 0.974609 0.051758
v -0.079102 0.699219 0.004883
v -0.079102 0.703125 0.004883
v -0.079102 0.791016 -0.100586
v -0.079102 0.791016 -0.250977
v -0.079102 0.798828 -0.262695
v -0.079102 0.824219 -0.118164
v -0.079102 0.835938 -0.268555
v -0.079102 0.847656 -0.153320
v -0.081055 0.724609 0.004883
v -0.081055 0.777344 -0.084961
v -0.081055 0.833984 0.174805
v -0.081055 0.837891 -0.127930
v -0.081055 0.845703 -0.139648
v -0.081055 0.894531 0.174805
v -0.081055 0.943359 -0.166992
v -0.083008 0.759766 0.004883
v -0.083008 0.759766 0.051758
v -0.083008 0.810547 -0.237305
v -0.083008 0.818359 -0.215820
v -0.083008 0.820312 -0.249023
v -0.083008 0.830078 -0.262695
v -0.083008 0.861328 -0.252930
v -0.083008 0.865234 0.282227
v -0.083008 0.955078 -0.135742
v -0.084961 0.832031 0.124023
v -0.084961 0.896484 0.124023
v -0.086914 0.826172 -0.221680
v -0.086914 0.830078 -0.200195
v -0.086914 0.839844 -0.235352
v -0.086914 0.855469 -0.247070
v -0.086914 0.865234 0.174805
v -0.086914 0.884766 -0.235352
v -0.086914 0.964844 -0.102539
v -0.086914 0.970703 0.063477
v -0.088867 0.830078 0.182617
v -0.088867 0.830078 0.274414
v -0.088867 0.898438 0.182617
v -0.088867 0.898438 0.274414
v -0.088867 0.970703 -0.059570
v -0.090820 0.839844 -0.184570
v -0.090820 0.839844 -0.208008
v -0.090820 0.859375 -0.217773
v -0.090820 0.865234 0.124023
v -0.090820 0.875000 -0.229492
v -0.090820 0.904297 -0.215820
v -0.092773 0.828125 0.120117
v -0.092773 0.902344 0.120117
v -0.094727 0.761719 0.004883
v -0.094727 0.763672 0.055664
v -0.094727 0.767578 -0.045898
v -0.094727 0.828125 0.190430
v -0.094727 0.828125 0.266602
v -0.094727 0.847656 -0.168945
v -0.094727 0.851562 -0.190430
v -0.094727 0.894531 -0.209961
v -0.094727 0.900391 0.190430
v -0.094727 0.900391 0.266602
v -0.094727 0.921875 -0.192383
v -0.094727 0.972656 0.006836
v -0.096680 0.865234 0.182617
v -0.096680 0.865234 0.274414
v -0.096680 0.873047 -0.200195
v -0.096680 0.937500 -0.165039
v -0.098633 0.802734 -0.100586
v -0.098633 0.826172 0.200195
v -0.098633 0.826172 0.256836
v -0.098633 0.851562 -0.153320
v -0.098633 0.902344 0.200195
v -0.098633 0.902344 0.256836
v -0.098633 0.910156 -0.188477
v -0.100586 0.785156 -0.079102
v -0.100586 0.826172 0.211914
v -0.100586 0.826172 0.245117
v -0.100586 0.859375 -0.172852
v -0.100586 0.865234 0.120117
v -0.100586 0.884766 -0.180664
v -0.100586 0.902344 0.211914
v -0.100586 0.902344 0.245117
v -0.100586 0.949219 -0.135742
v -0.100586 0.960938 0.063477
v -0.102539 0.765625 0.004883
v -0.102539 0.771484 0.059570
v -0.102539 0.826172 -0.114258
v -0.102539 0.849609 -0.139648
v -0.102539 0.923828 -0.163086
v -0.102539 0.937500 0.094727
v -0.104492 0.794922 0.096680
v -0.104492 0.841797 -0.125977
v -0.104492 0.865234 0.190430
v -0.104492 0.865234 0.266602
v -0.104492 0.865234 -0.155273
v -0.104492 0.894531 -0.159180
v -0.104492 0.910156 0.108398
v -0.104492 0.957031 -0.102539
v -0.106445 0.818359 0.108398
v -0.106445 0.865234 0.200195
v -0.106445 0.865234 0.256836
v -0.106445 0.935547 -0.135742
v -0.106445 0.962891 -0.059570
v -0.108398 0.777344 -0.043945
v -0.108398 0.785156 0.067383
v -0.108398 0.792969 -0.071289
v -0.108398 0.810547 -0.088867
v -0.108398 0.863281 -0.135742
v -0.108398 0.865234 0.211914
v -0.108398 0.865234 0.245117
v -0.108398 0.902344 -0.137695
v -0.108398 0.943359 -0.104492
v -0.108398 0.945312 0.063477
v -0.108398 0.962891 0.004883
v -0.110352 0.833984 -0.106445
v -0.110352 0.847656 -0.122070
v -0.110352 0.863281 0.110352
v -0.112305 0.773438 0.006836
v -0.112305 0.789062 -0.045898
v -0.112305 0.865234 -0.118164
v -0.112305 0.906250 -0.110352
v -0.112305 0.947266 -0.061523
v -0.114258 0.814453 -0.059570
v -0.114258 0.853516 -0.083008
v -0.114258 0.908203 -0.069336
v -0.114258 0.910156 0.071289
v -0.114258 0.947266 0.004883
v -0.116211 0.787109 0.006836
v -0.116211 0.818359 0.069336
v -0.118164 0.863281 0.073242
v -0.118164 0.912109 0.004883
v -0.120117 0.816406 0.004883
v -0.120117 0.861328 0.002930
vt 0.047607 0.182373
vt 0.047852 0.211426
vt 0.027588 0.207764
vt 0.080811 0.182617
vt 0.027100 0.180420
vt 0.012695 0.202148
vt 0.011963 0.177002
vt 0.048340 0.144775
vt 0.081543 0.145020
vt 0.149902 0.143799
vt 0.149414 0.183105
vt 0.047852 0.106689
vt 0.081299 0.106934
vt 0.027588 0.108398
vt 0.149902 0.107422
vt 0.234619 0.108398
vt 0.235107 0.144775
vt 0.234131 0.184082
vt 0.351074 0.111328
vt 0.350586 0.181396
vt 0.351318 0.145996
vt 0.476562 0.116455
vt 0.478027 0.179199
vt 0.476807 0.147217
vt 0.592773 0.121338
vt 0.592529 0.176758
vt 0.593018 0.148682
vt 0.638916 0.121826
vt 0.640625 0.175537
vt 0.641113 0.149170
vt 0.642822 0.121826
vt 0.643066 0.148926
vt 0.030029 0.214600
vt 0.050537 0.212646
vt 0.030029 0.245605
vt 0.015137 0.245850
vt 0.015137 0.218262
vt 0.050293 0.245605
vt 0.083740 0.212891
vt 0.050049 0.277344
vt 0.029785 0.275635
vt 0.083496 0.277588
vt 0.083496 0.245850
vt 0.152344 0.213135
vt 0.151855 0.278076
vt 0.152100 0.246338
vt 0.235107 0.278564
vt 0.237305 0.246826
vt 0.235596 0.213623
vt 0.353760 0.247559
vt 0.353516 0.279297
vt 0.354004 0.214600
vt 0.479736 0.248535
vt 0.479492 0.278320
vt 0.479736 0.217285
vt 0.594482 0.249268
vt 0.594238 0.277344
vt 0.594482 0.219971
vt 0.642578 0.249756
vt 0.642334 0.277588
vt 0.642578 0.220215
vt 0.478516 0.509766
vt 0.506348 0.510010
vt 0.476562 0.546143
vt 0.419922 0.547119
vt 0.422119 0.508301
vt 0.348389 0.545410
vt 0.351807 0.509033
vt 0.250732 0.512207
vt 0.249512 0.547119
vt 0.142578 0.513672
vt 0.139893 0.546143
vt 0.042969 0.516357
vt 0.041992 0.546387
vt 0.001953 0.517334
vt 0.000488 0.546143
vt 0.065186 0.283691
vt 0.080811 0.279053
vt 0.085449 0.307373
vt 0.069092 0.308350
vt 0.051514 0.291504
vt 0.055664 0.313232
vt 0.065674 0.339844
vt 0.052734 0.338135
vt 0.058105 0.367676
vt 0.045898 0.362061
vt 0.081787 0.341553
vt 0.101318 0.342285
vt 0.105713 0.306885
vt 0.132568 0.344727
vt 0.136230 0.308105
vt 0.195801 0.348877
vt 0.199463 0.309570
vt 0.273438 0.350830
vt 0.275391 0.314209
vt 0.382324 0.322754
vt 0.379150 0.358154
vt 0.495605 0.330566
vt 0.494385 0.363281
vt 0.598389 0.339111
vt 0.597900 0.369141
vt 0.641846 0.342529
vt 0.641113 0.371094
vt 0.027588 0.145020
vt 0.012451 0.112305
vt 0.012695 0.145020
vt 0.000977 0.118164
vt 0.001221 0.145508
vt 0.000732 0.173584
vt 0.001465 0.193115
vt 0.922607 0.883057
vt 0.953613 0.882080
vt 0.945801 0.891357
vt 0.968262 0.905762
vt 0.978760 0.896729
vt 0.957520 0.915527
vt 0.979248 0.928467
vt 0.938721 0.902588
vt 0.921143 0.891357
vt 0.967041 0.934082
vt 0.976807 0.953125
vt 0.943604 0.928223
vt 0.920898 0.901367
vt 0.897705 0.905273
vt 0.927246 0.912842
vt 0.966797 0.952148
vt 0.960938 0.975342
vt 0.955811 0.944336
vt 0.927734 0.942627
vt 0.910400 0.923340
vt 0.901123 0.912109
vt 0.889404 0.930176
vt 0.943848 0.960449
vt 0.954346 0.970947
vt 0.935303 0.980957
vt 0.897217 0.940430
vt 0.887695 0.949463
vt 0.925781 0.972168
vt 0.916260 0.980957
vt 0.910889 0.958252
vt 0.899902 0.968262
vt 0.009277 0.091797
vt 0.004639 0.115234
vt 0.001465 0.092773
vt 0.001465 0.071045
vt 0.286133 0.185547
vt 0.286133 0.211914
vt 0.278076 0.211426
vt 0.899170 0.740967
vt 0.906250 0.726807
vt 0.907715 0.747559
vt 0.917480 0.729248
vt 0.920410 0.751953
vt 0.906006 0.704590
vt 0.931885 0.729492
vt 0.935303 0.756104
vt 0.947510 0.731934
vt 0.918945 0.702881
vt 0.934326 0.701172
vt 0.949463 0.699707
vt 0.966553 0.732178
vt 0.969971 0.697998
vt 0.941406 0.671143
vt 0.959961 0.667725
vt 0.926514 0.676270
vt 0.912354 0.679443
vt 0.901855 0.684570
vt 0.910889 0.658203
vt 0.899170 0.664795
vt 0.586670 0.371338
vt 0.589844 0.404053
vt 0.568359 0.370850
vt 0.571777 0.404297
vt 0.536865 0.369141
vt 0.540283 0.404297
vt 0.566895 0.437500
vt 0.472168 0.367676
vt 0.535889 0.438477
vt 0.475830 0.405273
vt 0.472656 0.438477
vt 0.391846 0.438477
vt 0.394287 0.404297
vt 0.391113 0.369141
vt 0.279541 0.435547
vt 0.282715 0.402344
vt 0.279785 0.368164
vt 0.157959 0.431641
vt 0.161377 0.401123
vt 0.158691 0.369385
vt 0.045898 0.428711
vt 0.048828 0.399658
vt 0.000977 0.426514
vt 0.046631 0.368896
vt 0.003906 0.397705
vt 0.002441 0.370605
vt 0.475830 0.472656
vt 0.474609 0.440186
vt 0.537842 0.440186
vt 0.393799 0.440186
vt 0.540283 0.473389
vt 0.569092 0.440918
vt 0.572021 0.473389
vt 0.589111 0.442383
vt 0.535156 0.506348
vt 0.470459 0.508057
vt 0.394531 0.473389
vt 0.281494 0.442383
vt 0.389404 0.506348
vt 0.282715 0.474854
vt 0.159912 0.445312
vt 0.278320 0.507080
vt 0.161621 0.475342
vt 0.047852 0.447510
vt 0.157227 0.505127
vt 0.049072 0.475830
vt 0.002686 0.448730
vt 0.045166 0.504883
vt 0.003906 0.477295
vt 0.001221 0.503174
vt 0.080078 0.076172
vt 0.046143 0.105469
vt 0.046631 0.075928
vt 0.025879 0.101807
vt 0.026367 0.073975
vt 0.010986 0.096436
vt 0.011475 0.070801
vt 0.047363 0.036377
vt 0.080566 0.036621
vt 0.149170 0.039307
vt 0.148682 0.076660
vt 0.047363 0.000488
vt 0.080811 0.000488
vt 0.027100 0.002197
vt 0.149414 0.001221
vt 0.233643 0.077881
vt 0.234131 0.040283
vt 0.234375 0.002197
vt 0.350342 0.077393
vt 0.350830 0.007324
vt 0.350830 0.041504
vt 0.476074 0.075195
vt 0.478516 0.012695
vt 0.476562 0.043213
vt 0.592773 0.072998
vt 0.593262 0.017822
vt 0.593018 0.044678
vt 0.641357 0.020264
vt 0.638916 0.073730
vt 0.641113 0.045410
vt 0.642578 0.073486
vt 0.642090 0.097656
vt 0.643066 0.045166
vt 0.026855 0.036621
vt 0.012207 0.006104
vt 0.011963 0.036865
vt 0.000488 0.065430
vt 0.000732 0.037354
vt 0.189453 0.080322
vt 0.189453 0.105957
vt 0.180664 0.101562
vt 0.211182 0.105957
vt 0.211182 0.085938
vt 0.219238 0.098633
vt 0.174561 0.105469
vt 0.166260 0.105957
vt 0.166260 0.079590
vt 0.208008 0.080078
vt 0.208008 0.104004
vt 0.200928 0.082520
vt 0.200684 0.084717
vt 0.192383 0.104004
vt 0.192383 0.078857
vt 0.077881 0.611328
vt 0.057617 0.630859
vt 0.055908 0.628418
vt 0.048828 0.655029
vt 0.077881 0.608887
vt 0.107422 0.604248
vt 0.041260 0.654541
vt 0.050781 0.684814
vt 0.056396 0.681641
vt 0.075195 0.706055
vt 0.078857 0.703125
vt 0.045410 0.685547
vt 0.035889 0.653564
vt 0.050293 0.624512
vt 0.044922 0.621582
vt 0.074219 0.603271
vt 0.070557 0.598633
vt 0.107422 0.601807
vt 0.107422 0.595947
vt 0.107422 0.589600
vt 0.142578 0.598633
vt 0.138916 0.603271
vt 0.168701 0.621582
vt 0.135254 0.608887
vt 0.135254 0.611328
vt 0.163086 0.624512
vt 0.178467 0.653564
vt 0.157715 0.628418
vt 0.172607 0.654541
vt 0.169434 0.685547
vt 0.165283 0.655029
vt 0.163818 0.684814
vt 0.158203 0.681641
vt 0.139893 0.706055
vt 0.136230 0.703125
vt 0.413086 0.213623
vt 0.413086 0.182861
vt 0.416260 0.184814
vt 0.104980 0.296875
vt 0.083984 0.281250
vt 0.104980 0.291748
vt 0.134766 0.301025
vt 0.134766 0.295898
vt 0.162354 0.291748
vt 0.162354 0.296875
vt 0.182129 0.281250
vt 0.246582 0.092285
vt 0.250000 0.088623
vt 0.280029 0.097412
vt 0.307373 0.088623
vt 0.311279 0.092285
vt 0.280029 0.102539
vt 0.242920 0.097412
vt 0.221680 0.079834
vt 0.216064 0.083740
vt 0.242920 0.102539
vt 0.214355 0.087891
vt 0.280029 0.107666
vt 0.314941 0.097412
vt 0.334473 0.079834
vt 0.314941 0.102539
vt 0.340088 0.083740
vt 0.341797 0.087891
vt 0.018555 0.575928
vt 0.006592 0.605713
vt 0.013672 0.576172
vt 0.006592 0.548340
vt 0.178467 0.105957
vt 0.176025 0.105225
vt 0.175781 0.080566
vt 0.178467 0.079834
vt 0.966064 0.851562
vt 0.962402 0.853760
vt 0.965088 0.819092
vt 0.959473 0.819336
vt 0.965088 0.785156
vt 0.956787 0.853760
vt 0.959473 0.783447
vt 0.966064 0.759521
vt 0.955811 0.819336
vt 0.955811 0.783691
vt 0.935303 0.819580
vt 0.934570 0.855957
vt 0.935303 0.781982
vt 0.903809 0.820068
vt 0.903076 0.858398
vt 0.905762 0.780762
vt 0.287598 0.935059
vt 0.289795 0.898682
vt 0.294922 0.898438
vt 0.292480 0.936523
vt 0.291260 0.972168
vt 0.296143 0.973633
vt 0.316406 0.973389
vt 0.312500 0.933594
vt 0.345703 0.972656
vt 0.343262 0.932861
vt 0.345703 0.892578
vt 0.828125 0.983643
vt 0.822998 0.983887
vt 0.820068 0.947998
vt 0.824951 0.946045
vt 0.822754 0.912109
vt 0.827881 0.910400
vt 0.848389 0.910400
vt 0.844971 0.946777
vt 0.848389 0.984375
vt 0.878906 0.906494
vt 0.878906 0.984863
vt 0.875732 0.944824
vt 0.177246 0.888428
vt 0.204346 0.893799
vt 0.177246 0.893799
vt 0.206299 0.897461
vt 0.140625 0.888428
vt 0.105225 0.893799
vt 0.104980 0.888428
vt 0.140625 0.893799
vt 0.179199 0.897705
vt 0.140625 0.897705
vt 0.103271 0.897705
vt 0.179199 0.917969
vt 0.103516 0.917969
vt 0.140625 0.917969
vt 0.181152 0.947510
vt 0.101807 0.947510
vt 0.140869 0.947510
vt 0.398926 0.281738
vt 0.415283 0.282227
vt 0.398926 0.319580
vt 0.414551 0.321533
vt 0.438477 0.281250
vt 0.011475 0.241455
vt 0.011475 0.204590
vt 0.014893 0.205078
vt 0.183838 0.951416
vt 0.214111 0.938232
vt 0.214355 0.942627
vt 0.251953 0.935791
vt 0.251221 0.916260
vt 0.210693 0.918701
vt 0.250244 0.886230
vt 0.208252 0.889893
vt 0.250732 0.939941
vt 0.284180 0.941650
vt 0.215820 0.948242
vt 0.250977 0.946045
vt 0.284180 0.945068
vt 0.281982 0.951416
vt 0.419922 0.212402
vt 0.417725 0.213623
vt 0.417725 0.183594
vt 0.203369 0.280273
vt 0.204346 0.308350
vt 0.201416 0.308350
vt 0.412598 0.918701
vt 0.410889 0.952637
vt 0.408936 0.916748
vt 0.405273 0.952637
vt 0.403320 0.916748
vt 0.401611 0.952637
vt 0.404053 0.986816
vt 0.381104 0.951904
vt 0.400146 0.986816
vt 0.381104 0.914062
vt 0.379883 0.987793
vt 0.347900 0.950439
vt 0.347900 0.910889
vt 0.348145 0.988525
vt 0.468018 0.716553
vt 0.468018 0.696045
vt 0.507080 0.700439
vt 0.468018 0.666504
vt 0.507324 0.720947
vt 0.448486 0.730225
vt 0.486816 0.723877
vt 0.446777 0.736328
vt 0.494385 0.730225
vt 0.407471 0.723877
vt 0.400146 0.730225
vt 0.514893 0.735352
vt 0.379883 0.735352
vt 0.483643 0.743164
vt 0.446777 0.745117
vt 0.485596 0.754395
vt 0.409668 0.743164
vt 0.446777 0.755371
vt 0.407959 0.754395
vt 0.370605 0.746582
vt 0.354980 0.718018
vt 0.351807 0.749512
vt 0.343506 0.724609
vt 0.372803 0.765625
vt 0.354004 0.774902
vt 0.446777 0.766113
vt 0.404297 0.766113
vt 0.378174 0.781494
vt 0.446777 0.782715
vt 0.491211 0.766113
vt 0.370605 0.801025
vt 0.348389 0.800537
vt 0.446533 0.801025
vt 0.515137 0.781494
vt 0.522461 0.765625
vt 0.524170 0.746582
vt 0.536133 0.718018
vt 0.542236 0.749512
vt 0.540771 0.774902
vt 0.522461 0.801025
vt 0.544434 0.800537
vt 0.446533 0.816895
vt 0.524170 0.816895
vt 0.546143 0.819092
vt 0.544678 0.832520
vt 0.524414 0.829346
vt 0.446777 0.829346
vt 0.369141 0.829346
vt 0.368896 0.816895
vt 0.348633 0.830811
vt 0.348389 0.819092
vt 0.171631 0.616943
vt 0.145020 0.587646
vt 0.175781 0.609375
vt 0.178467 0.588867
vt 0.152344 0.567139
vt 0.147949 0.553955
vt 0.177734 0.560791
vt 0.106689 0.560303
vt 0.102783 0.550781
vt 0.061035 0.568115
vt 0.107666 0.567627
vt 0.108154 0.578857
vt 0.071533 0.588623
vt 0.065674 0.579346
vt 0.029053 0.597900
vt 0.020508 0.590576
vt 0.037354 0.609131
vt 0.043701 0.618408
vt 0.010254 0.624023
vt 0.001221 0.621826
vt 0.001709 0.658936
vt 0.019043 0.629639
vt 0.009033 0.659180
vt 0.015381 0.659180
vt 0.023193 0.659180
vt 0.032959 0.657471
vt 0.043701 0.697998
vt 0.019043 0.687012
vt 0.037354 0.707275
vt 0.072021 0.725586
vt 0.010254 0.692383
vt 0.000732 0.694092
vt 0.029053 0.718262
vt 0.020508 0.725586
vt 0.007812 0.730713
vt 0.044678 0.761719
vt 0.015381 0.756104
vt 0.055420 0.754639
vt 0.061035 0.747559
vt 0.067383 0.734619
vt 0.106689 0.756348
vt 0.107666 0.745361
vt 0.108887 0.736084
vt 0.145508 0.726562
vt 0.152344 0.748291
vt 0.178467 0.724121
vt 0.175781 0.703857
vt 0.171631 0.696533
vt 0.382324 0.697021
vt 0.362305 0.714111
vt 0.370117 0.689697
vt 0.394287 0.674316
vt 0.354248 0.707031
vt 0.328857 0.722412
vt 0.385986 0.666992
vt 0.404785 0.659180
vt 0.363037 0.649170
vt 0.400391 0.653564
vt 0.417480 0.651367
vt 0.395996 0.636963
vt 0.413086 0.638428
vt 0.431641 0.635986
vt 0.430664 0.649170
vt 0.413818 0.601318
vt 0.448730 0.641113
vt 0.445801 0.652344
vt 0.466064 0.648193
vt 0.461182 0.659424
vt 0.455322 0.616943
vt 0.483154 0.658691
vt 0.476562 0.668213
vt 0.474609 0.627441
vt 0.491943 0.639893
vt 0.496826 0.671387
vt 0.491943 0.678955
vt 0.512451 0.685791
vt 0.509277 0.657959
vt 0.523193 0.676270
vt 0.536865 0.696045
vt 0.526123 0.703857
vt 0.540039 0.718262
vt 0.547119 0.714355
vt 0.548096 0.727539
vt 0.553467 0.725342
vt 0.550293 0.731201
vt 0.559082 0.723389
vt 0.554443 0.710449
vt 0.548096 0.690186
vt 0.560303 0.706787
vt 0.562988 0.721436
vt 0.553711 0.684570
vt 0.535889 0.666504
vt 0.541504 0.660889
vt 0.520020 0.642822
vt 0.525635 0.637207
vt 0.502686 0.624756
vt 0.508057 0.615479
vt 0.483154 0.606934
vt 0.488770 0.597412
vt 0.462158 0.592529
vt 0.465820 0.581543
vt 0.434570 0.608154
vt 0.437500 0.580322
vt 0.439453 0.567383
vt 0.411133 0.570068
vt 0.411133 0.557129
vt 0.387451 0.598389
vt 0.381348 0.563477
vt 0.379395 0.550781
vt 0.340332 0.561035
vt 0.338379 0.546387
vt 0.348633 0.597656
vt 0.277344 0.562988
vt 0.277588 0.548096
vt 0.222900 0.551758
vt 0.222656 0.566650
vt 0.278076 0.596191
vt 0.281250 0.644287
vt 0.215820 0.600098
vt 0.193848 0.574951
vt 0.181641 0.601074
vt 0.215088 0.644287
vt 0.180664 0.645508
vt 0.184082 0.688232
vt 0.219971 0.686768
vt 0.195801 0.709961
vt 0.223389 0.718262
vt 0.280029 0.714600
vt 0.231689 0.731201
vt 0.280518 0.727539
vt 0.280518 0.686768
vt 0.330078 0.711426
vt 0.342041 0.686768
vt 0.169922 0.883301
vt 0.149414 0.884521
vt 0.153076 0.872559
vt 0.171631 0.871582
vt 0.156738 0.857422
vt 0.247559 0.883545
vt 0.173584 0.858154
vt 0.160645 0.841064
vt 0.225342 0.858154
vt 0.175537 0.842285
vt 0.164551 0.824219
vt 0.218018 0.842529
vt 0.179443 0.825439
vt 0.168457 0.806885
vt 0.234619 0.839355
vt 0.239990 0.848877
vt 0.230957 0.822510
vt 0.247559 0.856445
vt 0.216309 0.825684
vt 0.227539 0.806885
vt 0.181396 0.808105
vt 0.174316 0.790771
vt 0.185547 0.791992
vt 0.214844 0.808105
vt 0.224365 0.790283
vt 0.213379 0.791504
vt 0.187744 0.773193
vt 0.220947 0.771484
vt 0.211670 0.773193
vt 0.217529 0.755371
vt 0.189941 0.758789
vt 0.208496 0.756592
vt 0.214111 0.744385
vt 0.206787 0.745605
vt 0.212402 0.738525
vt 0.193848 0.746094
vt 0.186279 0.744141
vt 0.182373 0.755127
vt 0.188232 0.738281
vt 0.193848 0.737793
vt 0.206787 0.737793
vt 0.212158 0.733643
vt 0.195557 0.733154
vt 0.206787 0.733154
vt 0.195557 0.728271
vt 0.189941 0.730469
vt 0.206543 0.728271
vt 0.247559 0.869385
vt 0.323486 0.871338
vt 0.269775 0.858398
vt 0.252930 0.848877
vt 0.260498 0.839600
vt 0.325195 0.883789
vt 0.341797 0.872559
vt 0.345703 0.884521
vt 0.337891 0.857910
vt 0.277100 0.842529
vt 0.321533 0.858398
vt 0.334473 0.841553
vt 0.264404 0.822754
vt 0.317871 0.842773
vt 0.329102 0.824707
vt 0.316162 0.825928
vt 0.325684 0.807373
vt 0.279297 0.825684
vt 0.266357 0.807129
vt 0.312744 0.808594
vt 0.322266 0.790527
vt 0.281250 0.808350
vt 0.270508 0.788818
vt 0.311279 0.791748
vt 0.319092 0.771729
vt 0.283447 0.791748
vt 0.309814 0.773438
vt 0.315674 0.755615
vt 0.285889 0.772705
vt 0.308350 0.756836
vt 0.310303 0.744629
vt 0.319336 0.750732
vt 0.313965 0.741455
vt 0.308350 0.736816
vt 0.304932 0.745850
vt 0.288086 0.756836
vt 0.280518 0.754883
vt 0.284424 0.743896
vt 0.290039 0.745850
vt 0.286377 0.736328
vt 0.302979 0.738037
vt 0.308350 0.733398
vt 0.302979 0.730957
vt 0.291992 0.738037
vt 0.291748 0.730957
vt 0.286133 0.733398
vt 0.286133 0.728516
vt 0.737793 0.602539
vt 0.715332 0.615723
vt 0.731934 0.592041
vt 0.754639 0.582764
vt 0.707520 0.608398
vt 0.700439 0.626465
vt 0.746826 0.575684
vt 0.761963 0.550049
vt 0.689209 0.586182
vt 0.694580 0.623047
vt 0.694580 0.639404
vt 0.679688 0.619141
vt 0.681396 0.635742
vt 0.679688 0.653809
vt 0.692871 0.652100
vt 0.644531 0.637207
vt 0.683350 0.670410
vt 0.694824 0.666504
vt 0.690918 0.686768
vt 0.702148 0.681152
vt 0.659424 0.677490
vt 0.670410 0.695801
vt 0.701904 0.703369
vt 0.711670 0.695801
vt 0.685059 0.714355
vt 0.714844 0.718262
vt 0.722656 0.710449
vt 0.701904 0.729004
vt 0.731689 0.730957
vt 0.737549 0.723389
vt 0.722168 0.741943
vt 0.750244 0.745850
vt 0.754150 0.738281
vt 0.767090 0.751221
vt 0.765137 0.756836
vt 0.742676 0.755127
vt 0.735107 0.765869
vt 0.755859 0.773193
vt 0.711182 0.754639
vt 0.759521 0.764160
vt 0.768799 0.775146
vt 0.772705 0.763916
vt 0.770752 0.769531
vt 0.776611 0.767334
vt 0.776611 0.771240
vt 0.774658 0.776611
vt 0.731689 0.771240
vt 0.705566 0.760010
vt 0.688721 0.739990
vt 0.681641 0.747070
vt 0.668457 0.723145
vt 0.659424 0.728516
vt 0.651855 0.704834
vt 0.640869 0.709961
vt 0.635254 0.684326
vt 0.624268 0.687744
vt 0.649902 0.657227
vt 0.622314 0.660400
vt 0.609619 0.661865
vt 0.613281 0.634521
vt 0.598633 0.634033
vt 0.639160 0.611328
vt 0.605957 0.605225
vt 0.591553 0.602783
vt 0.637451 0.572754
vt 0.600830 0.564453
vt 0.586182 0.562256
vt 0.682373 0.507080
vt 0.601318 0.501953
vt 0.586914 0.501221
vt 0.589600 0.445557
vt 0.634521 0.502441
vt 0.604248 0.446045
vt 0.612305 0.416260
vt 0.637207 0.439453
vt 0.637939 0.404053
vt 0.681396 0.438477
vt 0.682129 0.403076
vt 0.724854 0.405273
vt 0.723877 0.442627
vt 0.747070 0.416504
vt 0.755615 0.444580
vt 0.752930 0.502197
vt 0.768799 0.451904
vt 0.724854 0.505859
vt 0.726318 0.564697
vt 0.750488 0.552002
vt 0.766113 0.502197
vt 0.776611 0.455078
vt 0.773682 0.503662
vt 0.771729 0.551270
vt 0.843506 0.228027
vt 0.840088 0.256348
vt 0.823242 0.258057
vt 0.836670 0.283447
vt 0.821777 0.284912
vt 0.826904 0.227539
vt 0.845459 0.196045
vt 0.777100 0.255859
vt 0.828613 0.195312
vt 0.849121 0.155029
vt 0.778564 0.227295
vt 0.780518 0.195312
vt 0.830322 0.154297
vt 0.849121 0.093994
vt 0.837891 0.091553
vt 0.776611 0.150635
vt 0.800781 0.126465
vt 0.747070 0.159668
vt 0.810059 0.094971
vt 0.800781 0.063477
vt 0.747070 0.197021
vt 0.713867 0.195312
vt 0.715576 0.150635
vt 0.747314 0.227051
vt 0.821289 0.048828
vt 0.778564 0.039551
vt 0.828613 0.040039
vt 0.843750 0.038818
vt 0.791748 0.021240
vt 0.797363 0.006836
vt 0.747314 0.001221
vt 0.747314 0.011963
vt 0.747314 0.032227
vt 0.715820 0.039551
vt 0.702881 0.021240
vt 0.697266 0.006836
vt 0.664062 0.038086
vt 0.673096 0.048828
vt 0.691650 0.063477
vt 0.656494 0.091553
vt 0.684326 0.094971
vt 0.691650 0.126465
vt 0.662109 0.154297
vt 0.643799 0.093994
vt 0.645508 0.155029
vt 0.663818 0.195312
vt 0.647461 0.196045
vt 0.667725 0.227539
vt 0.651123 0.228027
vt 0.669678 0.257812
vt 0.655029 0.256348
vt 0.656982 0.283447
vt 0.673584 0.284912
vt 0.713867 0.227295
vt 0.715820 0.255859
vt 0.747314 0.255859
vt 0.719971 0.282959
vt 0.677490 0.308350
vt 0.723877 0.308350
vt 0.747803 0.300293
vt 0.747559 0.280762
vt 0.775391 0.282959
vt 0.771973 0.308350
vt 0.818359 0.308350
vt 0.025391 0.763916
vt 0.050537 0.767334
vt 0.025879 0.780029
vt 0.000732 0.774658
vt 0.000488 0.760010
vt 0.052490 0.781250
vt 0.058350 0.813721
vt 0.079102 0.769287
vt 0.080566 0.781738
vt 0.106689 0.768555
vt 0.108643 0.780029
vt 0.135254 0.767822
vt 0.136963 0.777588
vt 0.158936 0.767090
vt 0.159424 0.774658
vt 0.135254 0.760986
vt 0.108643 0.762695
vt 0.157471 0.760986
vt 0.172607 0.764648
vt 0.172852 0.770752
vt 0.170166 0.760010
vt 0.824951 0.456055
vt 0.823242 0.483643
vt 0.795898 0.453857
vt 0.791748 0.425049
vt 0.824951 0.403320
vt 0.782471 0.398193
vt 0.759521 0.399902
vt 0.759277 0.386963
vt 0.770996 0.408691
vt 0.757324 0.410156
vt 0.764648 0.415527
vt 0.777344 0.427490
vt 0.781250 0.453857
vt 0.784668 0.481689
vt 0.797607 0.481689
vt 0.787598 0.509521
vt 0.818115 0.511475
vt 0.797607 0.509766
vt 0.812256 0.533936
vt 0.788330 0.532471
vt 0.796387 0.534424
vt 0.807617 0.547363
vt 0.793457 0.548096
vt 0.787598 0.547119
vt 0.783447 0.532471
vt 0.781494 0.510742
vt 0.441895 0.182373
vt 0.445068 0.188477
vt 0.439453 0.186035
vt 0.436523 0.191406
vt 0.444580 0.193848
vt 0.436768 0.206299
vt 0.449707 0.194336
vt 0.449707 0.188721
vt 0.448730 0.205322
vt 0.443604 0.205078
vt 0.443115 0.210449
vt 0.437256 0.211914
vt 0.623291 0.911133
vt 0.626221 0.916260
vt 0.620605 0.913818
vt 0.623535 0.921631
vt 0.609863 0.906250
vt 0.618164 0.919189
vt 0.622314 0.925537
vt 0.616943 0.925781
vt 0.607178 0.916992
vt 0.604736 0.924805
vt 0.587402 0.910645
vt 0.586182 0.922363
vt 0.589844 0.897461
vt 0.562256 0.920166
vt 0.562500 0.927979
vt 0.541504 0.928223
vt 0.564697 0.904541
vt 0.541016 0.917969
vt 0.524414 0.929688
vt 0.521240 0.919678
vt 0.507080 0.934082
vt 0.539551 0.900879
vt 0.564697 0.888672
vt 0.591309 0.890625
vt 0.611328 0.902100
vt 0.566162 0.879395
vt 0.538086 0.881348
vt 0.538330 0.873291
vt 0.518311 0.898682
vt 0.505371 0.922607
vt 0.498779 0.939697
vt 0.497070 0.928223
vt 0.491943 0.943848
vt 0.495361 0.900635
vt 0.502441 0.899170
vt 0.495605 0.876709
vt 0.514160 0.879150
vt 0.511963 0.868408
vt 0.491943 0.867432
vt 0.193115 0.280518
vt 0.193115 0.304688
vt 0.186035 0.281738
vt 0.179443 0.286377
vt 0.246826 0.285645
vt 0.256348 0.281006
vt 0.257568 0.295166
vt 0.264404 0.286133
vt 0.249023 0.307129
vt 0.233887 0.287598
vt 0.277832 0.312256
vt 0.277588 0.298340
vt 0.281982 0.289307
vt 0.306885 0.311035
vt 0.304443 0.297363
vt 0.333008 0.297119
vt 0.307129 0.289062
vt 0.334961 0.307861
vt 0.360352 0.292725
vt 0.361816 0.302002
vt 0.382812 0.288574
vt 0.383789 0.296143
vt 0.360107 0.286133
vt 0.333496 0.289062
vt 0.380859 0.282715
vt 0.395508 0.286865
vt 0.397705 0.291992
vt 0.393555 0.281006
vt 0.000732 0.232178
vt 0.009277 0.248779
vt 0.000732 0.249023
vt 0.870361 0.162842
vt 0.867676 0.145996
vt 0.888672 0.150146
vt 0.860107 0.160889
vt 0.867188 0.186523
vt 0.875977 0.187500
vt 0.890137 0.165771
vt 0.912354 0.151367
vt 0.889160 0.143555
vt 0.916504 0.143311
vt 0.928955 0.143799
vt 0.924805 0.151855
vt 0.911133 0.166992
vt 0.922119 0.169189
vt 0.894287 0.186523
vt 0.911377 0.186768
vt 0.922119 0.186035
vt 0.884521 0.211914
vt 0.875732 0.213623
vt 0.889160 0.237793
vt 0.898682 0.209717
vt 0.895264 0.236084
vt 0.915527 0.207520
vt 0.924805 0.205566
vt 0.907959 0.232666
vt 0.906982 0.253662
vt 0.918213 0.229492
vt 0.927734 0.227783
vt 0.928955 0.245850
vt 0.923828 0.248779
vt 0.928711 0.257812
vt 0.914795 0.250732
vt 0.915771 0.263672
vt 0.924805 0.259277
vt 0.926514 0.263184
vt 0.919678 0.262207
vt 0.921387 0.266113
vt 0.917725 0.267578
vt 0.270996 0.201660
vt 0.270996 0.186035
vt 0.278809 0.189941
vt 0.278564 0.204346
vt 0.339844 0.721436
vt 0.347412 0.743896
vt 0.335693 0.740479
vt 0.339600 0.763428
vt 0.331299 0.761963
vt 0.347412 0.766357
vt 0.334229 0.782227
vt 0.341309 0.783936
vt 0.331299 0.792969
vt 0.335205 0.794434
vt 0.332031 0.799072
vt 0.007324 0.078125
vt 0.004639 0.072998
vt 0.007324 0.070801
vt 0.464355 0.282227
vt 0.471924 0.317871
vt 0.464355 0.319580
vt 0.853271 0.035645
vt 0.853027 0.003174
vt 0.862305 0.001709
vt 0.862793 0.034180
vt 0.873291 0.001953
vt 0.844971 0.008301
vt 0.845459 0.037109
vt 0.852783 0.071289
vt 0.844971 0.070801
vt 0.862305 0.071533
vt 0.860840 0.106201
vt 0.851318 0.104004
vt 0.873291 0.072021
vt 0.874023 0.034668
vt 0.872070 0.106689
vt 0.905273 0.035400
vt 0.904785 0.002686
vt 0.915771 0.002930
vt 0.904785 0.072754
vt 0.903320 0.107422
vt 0.901123 0.139404
vt 0.869629 0.138672
vt 0.914307 0.107666
vt 0.912109 0.137695
vt 0.915771 0.072998
vt 0.924805 0.072998
vt 0.916260 0.035645
vt 0.925293 0.037354
vt 0.925049 0.004883
vt 0.897705 0.416748
vt 0.906738 0.421875
vt 0.902588 0.450928
vt 0.893799 0.447754
vt 0.888184 0.415283
vt 0.902588 0.486084
vt 0.883789 0.448242
vt 0.872803 0.448975
vt 0.877686 0.416016
vt 0.894043 0.486328
vt 0.847412 0.418213
vt 0.898193 0.523438
vt 0.906738 0.519287
vt 0.888428 0.523926
vt 0.884033 0.487061
vt 0.832520 0.451904
vt 0.836914 0.418945
vt 0.843262 0.451172
vt 0.872803 0.487793
vt 0.877197 0.524658
vt 0.885986 0.558350
vt 0.896729 0.557617
vt 0.847656 0.526855
vt 0.855957 0.560303
vt 0.842773 0.489746
vt 0.845459 0.561035
vt 0.832764 0.490479
vt 0.824463 0.491211
vt 0.829102 0.526367
vt 0.836914 0.527588
vt 0.836914 0.559814
vt 0.643066 0.891846
vt 0.607178 0.891846
vt 0.636963 0.880127
vt 0.606201 0.881104
vt 0.574707 0.880615
vt 0.667725 0.865967
vt 0.676270 0.877930
vt 0.699463 0.853027
vt 0.690430 0.843506
vt 0.656006 0.849121
vt 0.626465 0.864990
vt 0.679932 0.828369
vt 0.702393 0.815186
vt 0.642334 0.829346
vt 0.608154 0.870850
vt 0.691895 0.813232
vt 0.700928 0.786865
vt 0.668701 0.809082
vt 0.612305 0.847900
vt 0.624023 0.806152
vt 0.687500 0.793945
vt 0.654541 0.785156
vt 0.676025 0.770508
vt 0.689697 0.760986
vt 0.669434 0.741211
vt 0.659180 0.752686
vt 0.638428 0.764893
vt 0.642578 0.741699
vt 0.643555 0.729736
vt 0.623291 0.746094
vt 0.613770 0.732178
vt 0.608398 0.783203
vt 0.593750 0.761719
vt 0.582275 0.744873
vt 0.608154 0.720459
vt 0.574951 0.734131
vt 0.560547 0.768799
vt 0.569824 0.782715
vt 0.547607 0.795898
vt 0.582031 0.803711
vt 0.558838 0.799316
vt 0.549072 0.823975
vt 0.594971 0.825928
vt 0.563232 0.818604
vt 0.573730 0.840576
vt 0.560059 0.850098
vt 0.591553 0.859863
vt 0.580566 0.869873
vt 0.549561 0.857178
vt 0.635498 0.280762
vt 0.645020 0.292236
vt 0.617920 0.303467
vt 0.612305 0.291260
vt 0.584961 0.295898
vt 0.620605 0.312500
vt 0.650391 0.301025
vt 0.583984 0.307373
vt 0.556152 0.291260
vt 0.548340 0.303711
vt 0.528320 0.280762
vt 0.519287 0.292480
vt 0.583984 0.318115
vt 0.545898 0.314453
vt 0.514160 0.301514
vt 0.584229 0.326904
vt 0.622070 0.322021
vt 0.623291 0.331543
vt 0.544678 0.322510
vt 0.583008 0.336182
vt 0.543457 0.331787
vt 0.826416 0.690430
vt 0.814941 0.699219
vt 0.808594 0.664551
vt 0.819824 0.662354
vt 0.808838 0.630371
vt 0.821289 0.634521
vt 0.828613 0.609863
vt 0.797852 0.665527
vt 0.799805 0.628418
vt 0.816650 0.601807
vt 0.807129 0.597168
vt 0.789795 0.627686
vt 0.788818 0.666016
vt 0.804688 0.702881
vt 0.828613 0.728027
vt 0.820068 0.733887
vt 0.796387 0.704590
vt 0.786865 0.706543
vt 0.779297 0.667969
vt 0.780029 0.626953
vt 0.754395 0.628418
vt 0.753662 0.669434
vt 0.093262 0.662109
vt 0.066650 0.668945
vt 0.091797 0.648682
vt 0.059814 0.656494
vt 0.121582 0.661377
vt 0.090332 0.639404
vt 0.055664 0.646729
vt 0.089600 0.629395
vt 0.127686 0.638916
vt 0.128174 0.630127
vt 0.088379 0.619873
vt 0.126221 0.649414
vt 0.149414 0.668945
vt 0.159180 0.657715
vt 0.161621 0.647949
vt 0.466309 0.215576
vt 0.466309 0.183594
vt 0.479492 0.213135
vt 0.468262 0.113281
vt 0.458984 0.082031
vt 0.468262 0.079102
vt 0.440674 0.319580
vt 0.440674 0.281494
vt 0.449707 0.318115
vt 0.689453 0.875977
vt 0.691406 0.864990
vt 0.721191 0.879150
vt 0.684326 0.906982
vt 0.716064 0.910156
vt 0.714111 0.921143
vt 0.682617 0.917725
vt 0.758057 0.884766
vt 0.714355 0.930908
vt 0.682861 0.927246
vt 0.714844 0.938965
vt 0.747803 0.943848
vt 0.749268 0.936035
vt 0.750977 0.926758
vt 0.752686 0.915771
vt 0.785400 0.933105
vt 0.781982 0.942383
vt 0.787354 0.922119
vt 0.815674 0.940186
vt 0.819336 0.929688
vt 0.792480 0.891113
vt 0.759766 0.874023
vt 0.794189 0.880371
vt 0.761230 0.864990
vt 0.722900 0.868408
vt 0.731445 0.319336
vt 0.768311 0.325439
vt 0.766602 0.333740
vt 0.799561 0.350342
vt 0.794189 0.359131
vt 0.813721 0.382080
vt 0.764893 0.342285
vt 0.731689 0.325928
vt 0.788574 0.367920
vt 0.806641 0.389404
vt 0.797607 0.397705
vt 0.781494 0.379395
vt 0.761230 0.352783
vt 0.757812 0.365479
vt 0.756104 0.378418
vt 0.778076 0.390625
vt 0.729980 0.360840
vt 0.730469 0.373779
vt 0.706299 0.378418
vt 0.704102 0.365479
vt 0.731934 0.348145
vt 0.731934 0.336182
vt 0.700195 0.352783
vt 0.679688 0.379395
vt 0.683838 0.390625
vt 0.696533 0.342285
vt 0.672119 0.367920
vt 0.662598 0.397705
vt 0.653076 0.389404
vt 0.666504 0.359131
vt 0.645508 0.382080
vt 0.639893 0.376465
vt 0.660889 0.350342
vt 0.694580 0.333740
vt 0.658691 0.343750
vt 0.692383 0.325439
vt 0.943115 0.463623
vt 0.943848 0.486816
vt 0.928711 0.461914
vt 0.929443 0.483154
vt 0.928711 0.437500
vt 0.943115 0.437500
vt 0.943848 0.413818
vt 0.929199 0.415771
vt 0.914551 0.415527
vt 0.930664 0.394531
vt 0.915771 0.394287
vt 0.913818 0.437500
vt 0.913818 0.461670
vt 0.914551 0.482910
vt 0.908203 0.463379
vt 0.908203 0.437256
vt 0.908691 0.484375
vt 0.240479 0.207520
vt 0.216553 0.206055
vt 0.216309 0.191895
vt 0.190430 0.193359
vt 0.190430 0.207520
vt 0.167725 0.197510
vt 0.167725 0.211914
vt 0.188477 0.187012
vt 0.216553 0.185547
vt 0.244141 0.187012
vt 0.242188 0.193359
vt 0.262207 0.211914
vt 0.267578 0.191895
vt 0.261963 0.197510
vt 0.035156 0.354980
vt 0.040771 0.330566
vt 0.048340 0.331299
vt 0.041748 0.356689
vt 0.041504 0.304443
vt 0.048340 0.303711
vt 0.035156 0.281250
vt 0.041260 0.278809
vt 0.221191 0.301025
vt 0.206299 0.301025
vt 0.219727 0.280273
vt 0.018311 0.345703
vt 0.003174 0.349365
vt 0.017090 0.324951
vt 0.001709 0.326904
vt 0.016357 0.300781
vt 0.001221 0.300781
vt 0.031006 0.300781
vt 0.031494 0.324951
vt 0.031494 0.278809
vt 0.001709 0.276855
vt 0.017090 0.278809
vt 0.003174 0.253174
vt 0.018311 0.256836
vt 0.431152 0.211914
vt 0.420410 0.188965
vt 0.431152 0.182129
vt 0.142578 0.804932
vt 0.149658 0.812012
vt 0.122070 0.823975
vt 0.127441 0.833984
vt 0.116943 0.812744
vt 0.134521 0.795654
vt 0.096680 0.833984
vt 0.094238 0.821045
vt 0.097656 0.844727
vt 0.065186 0.821289
vt 0.131592 0.843018
vt 0.154297 0.818604
vt 0.099365 0.853271
vt 0.061768 0.845215
vt 0.062012 0.854736
vt 0.064697 0.833984
vt 0.033447 0.823486
vt 0.038818 0.811768
vt 0.016357 0.795654
vt 0.008545 0.804932
vt 0.027832 0.834473
vt 0.024170 0.842285
vt 0.000977 0.813232
vt 0.140869 0.089355
vt 0.140137 0.102295
vt 0.113770 0.100342
vt 0.113281 0.088379
vt 0.112793 0.080811
vt 0.087402 0.092773
vt 0.141846 0.082520
vt 0.161133 0.095215
vt 0.163574 0.089111
vt 0.084473 0.083740
vt 0.061768 0.093994
vt 0.065918 0.102295
vt 0.359131 0.109619
vt 0.359131 0.094971
vt 0.381104 0.093750
vt 0.355225 0.079834
vt 0.380859 0.108398
vt 0.379150 0.078613
vt 0.406738 0.108154
vt 0.406738 0.078125
vt 0.406738 0.093262
vt 0.430908 0.093750
vt 0.430908 0.108398
vt 0.432861 0.078613
vt 0.453369 0.109619
vt 0.457031 0.079834
vt 0.453369 0.094971
vt 0.479492 0.081543
vt 0.470703 0.111572
vt 0.470703 0.077637
vt 0.383057 0.907471
vt 0.350098 0.909668
vt 0.348145 0.900391
vt 0.380859 0.898193
vt 0.347900 0.889160
vt 0.419922 0.906250
vt 0.419922 0.914062
vt 0.453369 0.914062
vt 0.419678 0.896729
vt 0.380859 0.886963
vt 0.456787 0.896973
vt 0.455078 0.906250
vt 0.488770 0.907471
vt 0.490479 0.898193
vt 0.380371 0.855469
vt 0.347412 0.857666
vt 0.419434 0.885742
vt 0.456543 0.885742
vt 0.490234 0.886963
vt 0.489990 0.855469
vt 0.456299 0.854248
vt 0.418945 0.854248
vt 0.418945 0.843262
vt 0.456055 0.843506
vt 0.380127 0.844482
vt 0.418701 0.834229
vt 0.456055 0.834229
vt 0.380127 0.835449
vt 0.027832 0.367920
vt 0.019775 0.367920
vt 0.021484 0.329346
vt 0.830566 0.811523
vt 0.854736 0.833740
vt 0.849854 0.840820
vt 0.826172 0.820801
vt 0.797607 0.802246
vt 0.798340 0.793457
vt 0.760010 0.793701
vt 0.760254 0.801514
vt 0.795898 0.811279
vt 0.821045 0.831299
vt 0.842529 0.848389
vt 0.815674 0.843018
vt 0.833984 0.858398
vt 0.794678 0.822266
vt 0.792480 0.835449
vt 0.760010 0.811279
vt 0.762939 0.822510
vt 0.723389 0.813232
vt 0.763184 0.835449
vt 0.791504 0.847656
vt 0.763916 0.848633
vt 0.732178 0.832520
vt 0.737549 0.844727
vt 0.717041 0.858398
vt 0.709717 0.848633
vt 0.726807 0.821533
vt 0.702148 0.840088
vt 0.697754 0.833008
vt 0.079590 0.185791
vt 0.100830 0.193848
vt 0.075684 0.194092
vt 0.099609 0.203857
vt 0.127197 0.204346
vt 0.126953 0.196777
vt 0.154541 0.193848
vt 0.155762 0.200439
vt 0.173828 0.185791
vt 0.176514 0.191650
vt 0.754883 0.622559
vt 0.741211 0.648193
vt 0.727539 0.642334
vt 0.716797 0.678711
vt 0.715820 0.637939
vt 0.726074 0.677979
vt 0.739014 0.676514
vt 0.747559 0.703369
vt 0.735352 0.710205
vt 0.766846 0.723633
vt 0.759033 0.735596
vt 0.792725 0.737305
vt 0.788574 0.750732
vt 0.783936 0.758545
vt 0.817139 0.739990
vt 0.819824 0.761719
vt 0.818604 0.752686
vt 0.847412 0.743652
vt 0.842285 0.731445
vt 0.854004 0.752197
vt 0.872803 0.722168
vt 0.860840 0.714355
vt 0.880859 0.726562
vt 0.864502 0.761719
vt 0.886230 0.692627
vt 0.874512 0.688477
vt 0.894287 0.730225
vt 0.886475 0.757080
vt 0.895508 0.693115
vt 0.895020 0.657959
vt 0.887695 0.658936
vt 0.876709 0.660156
vt 0.867920 0.633301
vt 0.879883 0.624268
vt 0.850586 0.611084
vt 0.858398 0.598877
vt 0.866943 0.592285
vt 0.826416 0.597168
vt 0.833252 0.575684
vt 0.830566 0.583740
vt 0.800049 0.594727
vt 0.797363 0.572510
vt 0.798584 0.581787
vt 0.769775 0.590820
vt 0.763428 0.583984
vt 0.776855 0.603027
vt 0.744385 0.612549
vt 0.734619 0.607910
vt 0.799805 0.889893
vt 0.798340 0.879150
vt 0.826416 0.867920
vt 0.833496 0.879639
vt 0.805908 0.902832
vt 0.850098 0.895508
vt 0.857422 0.853760
vt 0.866699 0.873291
vt 0.851318 0.844482
vt 0.894287 0.906738
vt 0.906738 0.895020
vt 0.893799 0.861084
vt 0.893555 0.832031
vt 0.877930 0.822754
vt 0.902344 0.793945
vt 0.889404 0.792480
vt 0.890137 0.764648
vt 0.906738 0.760742
vt 0.808105 0.342529
vt 0.810791 0.329346
vt 0.841064 0.347168
vt 0.775879 0.328613
vt 0.778076 0.314209
vt 0.820557 0.309570
vt 0.843750 0.326172
vt 0.860352 0.286865
vt 0.880371 0.357422
vt 0.870117 0.370850
vt 0.838135 0.357910
vt 0.903076 0.390381
vt 0.890869 0.395752
vt 0.873291 0.329834
vt 0.874756 0.293457
vt 0.886963 0.303955
vt 0.887939 0.248047
vt 0.903076 0.253174
vt 0.003418 0.849365
vt 0.012207 0.839600
vt 0.028564 0.873535
vt 0.044678 0.864014
vt 0.049072 0.904785
vt 0.066895 0.902588
vt 0.068115 0.872070
vt 0.093506 0.862061
vt 0.059326 0.936523
vt 0.048584 0.935303
vt 0.080322 0.908447
vt 0.107178 0.869629
vt 0.114014 0.877197
vt 0.139404 0.839600
vt 0.293457 0.185547
vt 0.293457 0.211914
vt 0.288330 0.209717
vt 0.594482 0.405273
vt 0.593262 0.370117
vt 0.602051 0.405518
vt 0.593262 0.438477
vt 0.029297 0.364258
vt 0.025879 0.327637
vt 0.035400 0.327637
vt 0.408691 0.213623
vt 0.378906 0.213623
vt 0.406494 0.182373
vt 0.455566 0.325195
vt 0.446289 0.280273
vt 0.460693 0.280273
vt 0.561523 0.631348
vt 0.519287 0.622803
vt 0.527832 0.597900
vt 0.561523 0.606934
vt 0.576660 0.607910
vt 0.578369 0.632568
vt 0.564209 0.657715
vt 0.581543 0.657227
vt 0.576904 0.580566
vt 0.562988 0.579346
vt 0.535156 0.570557
vt 0.578125 0.552246
vt 0.566406 0.550049
vt 0.541504 0.543701
vt 0.578613 0.525146
vt 0.571533 0.522705
vt 0.549805 0.517334
vt 0.581543 0.502441
vt 0.574463 0.500000
vt 0.581299 0.487549
vt 0.557617 0.495850
vt 0.575684 0.485352
vt 0.563965 0.482422
vt 0.437256 0.653320
vt 0.447754 0.669678
vt 0.437500 0.671387
vt 0.447754 0.692383
vt 0.439209 0.693359
vt 0.427734 0.672852
vt 0.430664 0.694580
vt 0.440186 0.712646
vt 0.432617 0.711426
vt 0.447510 0.711914
vt 0.441162 0.723877
vt 0.445312 0.723877
vt 0.442627 0.728271
vt 0.196533 0.103271
vt 0.200684 0.089600
vt 0.200684 0.105957
vt 0.372070 0.212402
vt 0.364502 0.213623
vt 0.368164 0.209229
vt 0.375244 0.207520
vt 0.371338 0.204346
vt 0.364746 0.208008
vt 0.360107 0.212402
vt 0.357910 0.207764
vt 0.358643 0.202148
vt 0.366943 0.203125
vt 0.362793 0.189941
vt 0.370605 0.192627
vt 0.371826 0.187012
vt 0.365479 0.185059
vt 0.371094 0.182861
vt 0.375000 0.193848
vt 0.375244 0.188232
vt 0.088867 0.100342
vt 0.086182 0.094727
vt 0.091064 0.094727
vt 0.493164 0.532715
vt 0.496094 0.564697
vt 0.491211 0.564453
vt 0.488770 0.534424
vt 0.488770 0.593750
vt 0.492920 0.594482
vt 0.999512 0.345459
vt 0.986572 0.373047
vt 0.902832 0.377197
vt 0.960693 0.390625
vt 0.930176 0.392090
vt 0.998047 0.314941
vt 0.980713 0.288818
vt 0.885498 0.351074
vt 0.953613 0.273926
vt 0.983398 0.285645
vt 0.922607 0.277344
vt 0.896484 0.294922
vt 0.900635 0.380371
vt 0.881592 0.352295
vt 0.881592 0.322021
vt 0.893555 0.292236
vt 0.921875 0.273438
vt 0.005615 0.033447
vt 0.002197 0.003418
vt 0.005615 0.001465
vt 0.955566 0.665283
vt 0.923584 0.665283
vt 0.896973 0.647461
vt 0.880371 0.619629
vt 0.880371 0.586182
vt 0.897217 0.559570
vt 0.983887 0.650635
vt 0.999268 0.622803
vt 0.924072 0.543701
vt 0.957520 0.544922
vt 0.999512 0.589111
vt 0.985596 0.561523
vt 0.582275 0.593262
vt 0.584229 0.624268
vt 0.579834 0.622314
vt 0.587158 0.593750
vt 0.579834 0.562744
vt 0.584229 0.560547
vt 0.009277 0.245361
vt 0.000488 0.217773
vt 0.005859 0.217041
vt 0.009277 0.185791
vt 0.536865 0.541016
vt 0.533203 0.541016
vt 0.527588 0.509277
vt 0.527588 0.572266
vt 0.577393 0.690918
vt 0.578613 0.720947
vt 0.569092 0.692383
vt 0.586182 0.718262
vt 0.575928 0.659912
vt 0.569824 0.659912
vt 0.583496 0.690918
vt 0.583496 0.659668
vt 0.590332 0.689697
vt 0.591553 0.716797
vt 0.598389 0.712891
vt 0.591064 0.662354
vt 0.591553 0.635742
vt 0.598389 0.639648
vt 0.507812 0.510742
vt 0.515381 0.513184
vt 0.507080 0.539307
vt 0.498779 0.538086
vt 0.505859 0.570801
vt 0.499023 0.572266
vt 0.514160 0.598389
vt 0.513428 0.570801
vt 0.512451 0.540527
vt 0.519287 0.541748
vt 0.520752 0.514404
vt 0.527588 0.518311
vt 0.520264 0.569336
vt 0.520996 0.596924
vt 0.527588 0.592773
vt 0.644775 0.059326
vt 0.644775 0.029541
vt 0.650391 0.059570
vt 0.650391 0.029541
vt 0.650391 0.002197
vt 0.411865 0.657471
vt 0.419189 0.656006
vt 0.418213 0.686035
vt 0.424805 0.654297
vt 0.411133 0.685791
vt 0.411133 0.714600
vt 0.425537 0.686279
vt 0.418213 0.715088
vt 0.425537 0.717285
vt 0.774414 0.133545
vt 0.751709 0.146729
vt 0.769775 0.128174
vt 0.791504 0.110840
vt 0.749512 0.138916
vt 0.724365 0.144043
vt 0.783936 0.107910
vt 0.791504 0.083252
vt 0.759766 0.117188
vt 0.726074 0.137695
vt 0.701416 0.129883
vt 0.738281 0.129150
vt 0.785156 0.084473
vt 0.779785 0.059082
vt 0.775391 0.095703
vt 0.739990 0.095215
vt 0.718018 0.114990
vt 0.707031 0.125000
vt 0.689697 0.105713
vt 0.763428 0.074219
vt 0.774414 0.064209
vt 0.756836 0.044922
vt 0.754150 0.050049
vt 0.741943 0.058594
vt 0.783447 0.055176
vt 0.756836 0.039551
vt 0.729492 0.042236
vt 0.731934 0.050293
vt 0.709229 0.061035
vt 0.703857 0.055420
vt 0.689697 0.078125
vt 0.720215 0.073242
vt 0.697510 0.081299
vt 0.704834 0.092285
vt 0.695068 0.103516
vt 0.456787 0.664062
vt 0.464355 0.666016
vt 0.457031 0.692871
vt 0.464600 0.692871
vt 0.464355 0.723145
vt 0.457031 0.723145
vt 0.449707 0.692627
vt 0.449707 0.724609
vt 0.451416 0.661865
vt 0.231201 0.736572
vt 0.237793 0.732422
vt 0.234863 0.757080
vt 0.241699 0.756592
vt 0.236084 0.783936
vt 0.240967 0.784912
vt 0.231201 0.809326
vt 0.249756 0.754395
vt 0.235352 0.811768
vt 0.248779 0.784912
vt 0.257568 0.754639
vt 0.243164 0.814697
vt 0.258301 0.787842
vt 0.252686 0.817627
vt 0.086426 0.696777
vt 0.081299 0.667969
vt 0.085938 0.666748
vt 0.081543 0.696533
vt 0.082031 0.723389
vt 0.094238 0.665527
vt 0.089111 0.725342
vt 0.094238 0.698242
vt 0.097168 0.728271
vt 0.104004 0.697021
vt 0.104004 0.664551
vt 0.018799 0.273926
vt 0.024170 0.247803
vt 0.024170 0.274902
vt 0.003662 0.032715
vt 0.001221 0.033447
vt 0.001221 0.008789
vt 0.002930 0.609375
vt 0.000488 0.608398
vt 0.009277 0.582275
vt 0.003906 0.581543
vt 0.000488 0.550293
vt 0.345703 0.109619
vt 0.340576 0.108398
vt 0.345703 0.081055
vt 0.039062 0.311035
vt 0.033936 0.312256
vt 0.033936 0.281250
s 1
usemtl tripo_mat_5defb44e-c3d6-4ffc-b71c-941a02597aa1
f 273/1 162/2 141/3
f 162/2 273/1 285/4
f 273/1 141/3 266/5
f 266/5 141/3 110/6
f 266/5 110/6 240/7
f 273/1 266/5 330/8
f 285/4 273/1 343/9
f 343/9 273/1 330/8
f 285/4 343/9 342/10
f 285/4 342/10 297/11
f 343/9 330/8 274/12
f 343/9 274/12 286/13
f 343/9 286/13 342/10
f 274/12 330/8 267/14
f 342/10 286/13 298/15
f 342/10 298/15 284/16
f 297/11 342/10 341/17
f 341/17 342/10 284/16
f 297/11 341/17 283/18
f 341/17 284/16 282/19
f 283/18 341/17 281/20
f 341/17 282/19 329/21
f 341/17 329/21 281/20
f 329/21 282/19 259/22
f 281/20 329/21 260/23
f 329/21 259/22 307/24
f 329/21 307/24 260/23
f 307/24 259/22 248/25
f 260/23 307/24 247/26
f 307/24 248/25 287/27
f 307/24 287/27 247/26
f 287/27 248/25 243/28
f 247/26 287/27 244/29
f 287/27 243/28 276/30
f 287/27 276/30 244/29
f 276/30 243/28 250/31
f 244/29 276/30 288/32
f 288/32 276/30 250/31
f 141/33 162/34 564/35
f 141/33 564/35 566/36
f 141/33 566/36 110/37
f 564/35 162/34 562/38
f 562/38 162/34 160/39
f 564/35 562/38 678/40
f 564/35 678/40 655/41
f 678/40 562/38 676/42
f 562/38 160/39 560/43
f 562/38 560/43 676/42
f 560/43 160/39 158/44
f 676/42 560/43 674/45
f 674/45 560/43 558/46
f 558/46 560/43 158/44
f 674/45 558/46 672/47
f 558/46 158/44 556/48
f 558/46 556/48 672/47
f 556/48 158/44 156/49
f 672/47 556/48 554/50
f 554/50 556/48 156/49
f 672/47 554/50 670/51
f 554/50 156/49 154/52
f 670/51 554/50 523/53
f 523/53 554/50 154/52
f 670/51 523/53 644/54
f 523/53 154/52 129/55
f 644/54 523/53 524/56
f 524/56 523/53 129/55
f 644/54 524/56 626/57
f 524/56 129/55 112/58
f 626/57 524/56 527/59
f 527/59 524/56 112/58
f 626/57 527/59 629/60
f 527/59 112/58 115/61
f 160/62 162/63 285/64
f 160/62 285/64 297/65
f 160/62 297/65 158/66
f 158/66 297/65 283/67
f 158/66 283/67 156/68
f 156/68 283/67 154/69
f 154/69 283/67 281/70
f 154/69 281/70 129/71
f 129/71 281/70 260/72
f 129/71 260/72 112/73
f 112/73 260/72 247/74
f 112/73 247/74 115/75
f 115/75 247/74 244/76
f 566/77 564/78 655/79
f 566/77 655/79 624/80
f 566/77 624/80 568/81
f 568/81 624/80 613/82
f 613/82 624/80 750/83
f 613/82 750/83 738/84
f 738/84 750/83 787/85
f 738/84 787/85 752/86
f 750/83 624/80 778/87
f 778/87 624/80 655/79
f 778/87 655/79 785/88
f 785/88 655/79 678/89
f 785/88 678/89 795/90
f 795/90 678/89 676/91
f 795/90 676/91 810/92
f 810/92 676/91 674/93
f 810/92 674/93 793/94
f 793/94 674/93 672/95
f 793/94 672/95 670/96
f 793/94 670/96 791/97
f 791/97 670/96 644/98
f 791/97 644/98 774/99
f 774/99 644/98 626/100
f 774/99 626/100 759/101
f 759/101 626/100 629/102
f 759/101 629/102 754/103
f 306/104 330/8 266/5
f 330/8 306/104 267/14
f 306/104 266/5 240/7
f 267/14 306/104 241/105
f 241/105 306/104 275/106
f 275/106 306/104 240/7
f 241/105 275/106 226/107
f 226/107 275/106 242/108
f 242/108 275/106 225/109
f 225/109 275/106 240/7
f 225/109 240/7 101/110
f 240/111 110/112 101/113
f 101/113 110/112 568/114
f 568/114 110/112 566/115
f 101/113 568/114 570/116
f 570/116 568/114 613/117
f 101/113 570/116 84/118
f 101/113 84/118 225/119
f 570/116 613/117 595/120
f 595/120 613/117 738/121
f 84/118 570/116 573/122
f 573/122 570/116 595/120
f 225/119 84/118 179/123
f 225/119 179/123 242/124
f 84/118 573/122 86/125
f 84/118 86/125 179/123
f 595/120 738/121 692/126
f 692/126 738/121 752/127
f 573/122 595/120 597/128
f 597/128 595/120 692/126
f 86/125 573/122 572/129
f 572/129 573/122 597/128
f 179/123 86/125 103/130
f 103/130 86/125 572/129
f 179/123 103/130 221/131
f 221/131 103/130 180/132
f 597/128 692/126 615/133
f 597/128 615/133 572/129
f 615/133 692/126 732/134
f 615/133 732/134 693/135
f 180/132 103/130 87/136
f 87/136 103/130 572/129
f 180/132 87/136 85/137
f 615/133 693/135 598/138
f 615/133 598/138 572/129
f 598/138 693/135 596/139
f 87/136 572/129 574/140
f 87/136 574/140 85/137
f 574/140 572/129 598/138
f 574/140 598/138 596/139
f 85/137 574/140 571/141
f 571/141 574/140 596/139
f 242/142 179/143 221/144
f 242/142 221/144 180/145
f 242/146 180/147 226/148
f 180/149 85/150 226/151
f 226/151 85/150 102/152
f 226/151 102/152 241/153
f 102/152 85/150 571/154
f 241/153 102/152 111/155
f 241/153 111/155 267/156
f 267/156 111/155 142/157
f 111/155 102/152 569/158
f 569/158 102/152 571/154
f 142/157 111/155 567/159
f 567/159 111/155 569/158
f 142/157 567/159 565/160
f 142/157 565/160 163/161
f 163/161 565/160 563/162
f 565/160 567/159 656/163
f 565/160 656/163 679/164
f 656/163 567/159 625/165
f 625/165 567/159 569/158
f 625/165 569/158 614/166
f 614/166 569/158 571/154
f 614/166 571/154 596/167
f 625/165 614/166 751/168
f 751/168 614/166 739/169
f 267/170 142/171 274/172
f 274/172 142/171 163/173
f 274/172 163/173 286/174
f 286/174 163/173 161/175
f 161/175 163/173 563/176
f 286/174 161/175 298/177
f 161/175 563/176 561/178
f 161/175 561/178 159/179
f 161/175 159/179 298/177
f 159/179 561/178 559/180
f 159/179 559/180 557/181
f 298/177 159/179 157/182
f 157/182 159/179 557/181
f 298/177 157/182 284/183
f 157/182 557/181 555/184
f 284/183 157/182 155/185
f 155/185 157/182 555/184
f 284/183 155/185 282/186
f 155/185 555/184 522/187
f 282/186 155/185 128/188
f 128/188 155/185 522/187
f 282/186 128/188 259/189
f 128/188 522/187 525/190
f 259/189 128/188 113/191
f 113/191 128/188 525/190
f 113/191 525/190 526/192
f 259/189 113/191 248/193
f 113/191 526/192 114/194
f 113/191 114/194 248/193
f 248/193 114/194 243/195
f 675/196 559/197 561/198
f 559/197 675/196 557/199
f 675/196 561/198 677/200
f 677/200 561/198 563/201
f 677/200 563/201 679/202
f 679/202 563/201 565/203
f 677/200 679/202 796/204
f 677/200 796/204 811/205
f 677/200 811/205 675/196
f 673/206 557/199 675/196
f 673/206 675/196 811/205
f 557/199 673/206 555/207
f 673/206 811/205 794/208
f 555/207 673/206 671/209
f 671/209 673/206 794/208
f 555/207 671/209 522/210
f 671/209 794/208 792/211
f 522/210 671/209 643/212
f 643/212 671/209 792/211
f 522/210 643/212 525/213
f 643/212 792/211 773/214
f 525/213 643/212 627/215
f 627/215 643/212 773/214
f 525/213 627/215 526/216
f 627/215 773/214 760/217
f 526/216 627/215 628/218
f 628/218 627/215 760/217
f 628/218 760/217 753/219
f 796/220 679/221 786/222
f 786/222 679/221 656/223
f 786/222 656/223 779/224
f 779/224 656/223 625/225
f 779/224 625/225 751/226
f 786/222 779/224 844/227
f 796/220 786/222 855/228
f 855/228 786/222 844/227
f 796/220 855/228 854/229
f 796/220 854/229 811/230
f 855/228 844/227 785/231
f 855/228 785/231 795/232
f 855/228 795/232 854/229
f 785/231 844/227 778/233
f 854/229 795/232 810/234
f 811/230 854/229 794/235
f 854/229 810/234 853/236
f 854/229 853/236 794/235
f 853/236 810/234 793/237
f 794/235 853/236 792/238
f 853/236 793/237 791/239
f 792/238 853/236 843/240
f 843/240 853/236 791/239
f 792/238 843/240 773/241
f 843/240 791/239 774/242
f 773/241 843/240 819/243
f 819/243 843/240 774/242
f 773/241 819/243 760/244
f 819/243 774/242 759/245
f 760/244 819/243 797/246
f 797/246 819/243 759/245
f 797/246 759/245 754/247
f 760/244 797/246 753/248
f 797/246 754/247 788/249
f 797/246 788/249 753/248
f 753/248 788/249 762/250
f 753/248 762/250 631/251
f 762/250 788/249 798/252
f 818/253 779/224 751/226
f 779/224 818/253 844/227
f 844/227 818/253 778/233
f 778/233 818/253 750/254
f 750/254 818/253 787/255
f 787/255 818/253 751/226
f 787/255 751/226 739/256
f 787/255 739/256 752/257
f 739/258 614/259 596/260
f 739/261 596/262 693/263
f 739/264 693/265 752/266
f 752/267 693/268 732/269
f 732/270 692/271 752/272
f 115/273 244/274 249/275
f 249/275 244/274 288/276
f 115/273 249/275 116/277
f 115/273 116/277 527/278
f 249/275 288/276 331/279
f 331/279 288/276 278/280
f 278/280 288/276 250/281
f 278/280 250/281 144/282
f 144/282 250/281 117/283
f 331/279 278/280 309/284
f 331/279 309/284 367/285
f 249/275 331/279 277/286
f 277/286 331/279 367/285
f 249/275 277/286 116/277
f 277/286 367/285 308/287
f 277/286 308/287 143/288
f 277/286 143/288 116/277
f 143/288 308/287 181/289
f 116/277 143/288 528/290
f 116/277 528/290 527/278
f 143/288 181/289 530/291
f 143/288 530/291 528/290
f 530/291 181/289 532/292
f 530/291 532/292 694/293
f 530/291 694/293 657/294
f 530/291 657/294 528/290
f 657/294 694/293 820/295
f 630/296 527/278 528/290
f 630/296 528/290 657/294
f 527/278 630/296 629/297
f 657/294 820/295 789/298
f 657/294 789/298 630/296
f 789/298 820/295 882/299
f 630/296 789/298 761/300
f 789/298 882/299 845/301
f 789/298 845/301 761/300
f 845/301 882/299 821/302
f 761/300 845/301 798/303
f 845/301 821/302 790/304
f 845/301 790/304 798/303
f 798/303 790/304 762/305
f 762/305 790/304 658/306
f 762/305 658/306 631/307
f 117/308 250/309 243/310
f 117/311 243/312 114/313
f 117/311 114/313 529/314
f 529/314 114/313 526/315
f 529/314 526/315 628/316
f 529/314 628/316 631/317
f 631/317 628/316 753/318
f 144/319 117/320 531/321
f 631/322 658/323 531/321
f 144/319 531/321 533/324
f 533/324 531/321 658/323
f 144/319 533/324 182/325
f 144/319 182/325 278/326
f 278/326 182/325 309/327
f 309/327 182/325 183/328
f 309/327 183/328 318/329
f 183/328 182/325 534/330
f 534/330 182/325 533/324
f 533/324 658/323 695/331
f 533/324 695/331 534/330
f 695/331 658/323 790/332
f 534/330 695/331 696/333
f 695/331 790/332 821/334
f 695/331 821/334 696/333
f 696/333 821/334 831/335
f 531/336 117/337 529/338
f 531/336 529/338 631/339
f 798/340 788/341 754/342
f 798/340 754/342 761/343
f 309/344 318/345 367/346
f 367/346 318/345 388/347
f 367/346 388/347 308/348
f 388/347 318/345 333/349
f 308/348 388/347 319/350
f 308/348 319/350 181/351
f 319/350 388/347 389/352
f 389/352 388/347 333/349
f 319/350 389/352 332/353
f 389/352 333/349 397/354
f 389/352 397/354 332/353
f 397/354 333/349 344/355
f 332/353 397/354 334/356
f 397/354 344/355 407/357
f 397/354 407/357 334/356
f 407/357 344/355 356/358
f 334/356 407/357 345/359
f 183/360 534/361 537/362
f 183/360 537/362 194/363
f 183/360 194/363 318/364
f 318/364 194/363 333/365
f 333/365 194/363 344/366
f 344/366 194/363 196/367
f 344/366 196/367 356/368
f 356/368 196/367 214/369
f 214/369 196/367 545/370
f 537/371 534/372 696/373
f 537/371 696/373 710/374
f 710/374 696/373 831/375
f 710/374 831/375 847/376
f 710/374 847/376 848/377
f 537/371 710/374 712/378
f 712/378 710/374 848/377
f 537/371 712/378 539/379
f 712/378 848/377 869/380
f 539/379 712/378 545/381
f 712/378 869/380 726/382
f 712/378 726/382 545/381
f 181/383 319/384 184/385
f 184/385 319/384 332/386
f 181/383 184/385 532/387
f 697/388 694/389 532/387
f 697/388 532/387 535/390
f 535/390 532/387 184/385
f 535/390 184/385 193/391
f 535/390 193/391 536/392
f 535/390 536/392 709/393
f 536/392 193/391 195/394
f 709/393 536/392 711/395
f 536/392 195/394 538/396
f 536/392 538/396 711/395
f 538/396 195/394 213/397
f 711/395 538/396 725/398
f 538/396 213/397 540/399
f 538/396 540/399 725/398
f 332/400 334/401 193/402
f 193/402 334/401 195/403
f 195/403 334/401 345/404
f 332/405 193/406 184/407
f 535/408 709/409 697/410
f 697/410 709/409 846/411
f 846/411 709/409 856/412
f 856/412 709/409 711/413
f 856/412 711/413 868/414
f 868/414 711/413 725/415
f 697/410 846/411 832/416
f 832/416 846/411 904/417
f 697/410 832/416 694/418
f 694/418 832/416 820/419
f 820/419 832/416 903/420
f 820/419 903/420 882/421
f 629/422 630/423 761/424
f 629/425 761/426 754/427
f 821/428 882/429 831/430
f 831/430 882/429 903/431
f 831/430 903/431 847/432
f 847/432 903/431 904/433
f 904/433 903/431 832/434
f 847/432 904/433 911/435
f 911/435 904/433 846/436
f 847/432 911/435 848/437
f 911/435 846/436 856/438
f 848/437 911/435 918/439
f 918/439 911/435 856/438
f 848/437 918/439 869/440
f 918/439 856/438 868/441
f 537/442 539/443 196/444
f 196/444 539/443 545/445
f 537/442 196/444 194/446
f 545/447 726/448 4/449
f 4/449 726/448 745/450
f 545/447 4/449 214/451
f 214/451 4/449 235/452
f 4/449 745/450 858/453
f 235/452 4/449 347/454
f 4/449 858/453 701/455
f 4/449 701/455 5/456
f 701/455 858/453 718/457
f 4/449 5/456 204/458
f 4/449 204/458 347/454
f 5/456 701/455 7/459
f 5/456 7/459 204/458
f 7/459 701/455 718/457
f 347/454 204/458 216/460
f 216/460 204/458 7/459
f 347/454 216/460 399/461
f 347/454 399/461 447/462
f 447/462 399/461 461/463
f 447/462 461/463 491/464
f 461/463 399/461 391/465
f 391/465 399/461 216/460
f 461/463 391/465 455/466
f 216/460 7/459 9/467
f 9/467 7/459 718/457
f 391/465 216/460 230/468
f 230/468 216/460 9/467
f 455/466 391/465 360/469
f 360/469 391/465 230/468
f 230/468 9/467 14/470
f 230/468 14/470 360/469
f 9/467 718/457 740/471
f 9/467 740/471 14/470
f 455/466 360/469 401/472
f 455/466 401/472 477/473
f 360/469 14/470 15/474
f 360/469 15/474 401/472
f 14/470 740/471 860/475
f 14/470 860/475 15/474
f 905/476 740/471 718/457
f 740/471 905/476 860/475
f 905/476 718/457 912/477
f 912/477 718/457 858/453
f 912/477 858/453 952/478
f 912/477 952/478 973/479
f 912/477 973/479 905/476
f 905/476 973/479 966/480
f 905/476 966/480 860/475
f 860/475 966/480 908/481
f 860/475 908/481 15/474
f 908/481 966/480 985/482
f 15/474 908/481 16/483
f 15/474 16/483 401/472
f 908/481 985/482 914/484
f 908/481 914/484 16/483
f 914/484 985/482 990/485
f 914/484 990/485 986/486
f 914/484 986/486 915/487
f 914/484 915/487 16/483
f 16/483 915/487 18/488
f 16/483 18/488 412/489
f 411/490 401/472 16/483
f 411/490 16/483 412/489
f 401/472 411/490 477/473
f 411/490 412/489 479/491
f 477/473 411/490 478/492
f 478/492 411/490 479/491
f 726/493 869/494 745/495
f 745/495 869/494 858/496
f 858/496 869/494 952/497
f 1002/498 973/499 952/497
f 1002/498 952/497 983/500
f 983/500 952/497 869/494
f 1002/498 983/500 1016/501
f 1016/501 983/500 951/502
f 983/500 869/494 950/503
f 950/503 869/494 918/504
f 950/503 918/504 868/505
f 983/500 950/503 919/506
f 983/500 919/506 951/502
f 919/506 950/503 868/505
f 951/502 919/506 813/507
f 951/502 813/507 857/508
f 919/506 868/505 755/509
f 919/506 755/509 813/507
f 755/509 868/505 725/510
f 857/508 813/507 681/511
f 857/508 681/511 704/512
f 704/512 681/511 6/513
f 681/511 813/507 632/514
f 632/514 813/507 755/509
f 6/513 681/511 3/515
f 3/515 681/511 632/514
f 3/515 632/514 2/516
f 1/517 755/509 725/510
f 755/509 1/517 632/514
f 632/514 1/517 2/516
f 1/517 725/510 540/518
f 1/517 540/518 213/519
f 2/516 1/517 118/520
f 2/516 118/520 3/515
f 1/517 213/519 245/521
f 1/517 245/521 118/520
f 245/521 213/519 345/522
f 3/515 118/520 165/523
f 3/515 165/523 6/513
f 6/513 165/523 188/524
f 165/523 118/520 301/525
f 301/525 118/520 245/521
f 188/524 165/523 346/526
f 346/526 165/523 301/525
f 188/524 346/526 382/527
f 382/527 346/526 497/528
f 382/527 497/528 476/529
f 497/528 346/526 471/530
f 471/530 346/526 440/531
f 440/531 346/526 301/525
f 398/532 301/525 245/521
f 301/525 398/532 440/531
f 398/532 245/521 345/522
f 440/531 398/532 475/533
f 398/532 345/522 433/534
f 398/532 433/534 475/533
f 433/534 345/522 407/535
f 433/534 407/535 356/536
f 433/534 356/536 475/533
f 475/533 356/536 447/537
f 447/537 356/536 347/538
f 347/538 356/536 235/539
f 235/539 356/536 214/540
f 966/541 973/542 1005/543
f 966/541 1005/543 985/544
f 1005/543 973/542 1004/545
f 1004/545 973/542 1002/546
f 985/544 1005/543 1013/547
f 985/544 1013/547 990/548
f 1013/547 1005/543 1022/549
f 990/548 1013/547 1014/550
f 990/548 1014/550 986/551
f 1014/550 1013/547 1018/552
f 1018/552 1013/547 1022/549
f 986/551 1014/550 1006/553
f 1006/553 1014/550 1018/552
f 986/551 1006/553 993/554
f 986/551 993/554 969/555
f 1006/553 1018/552 1009/556
f 1006/553 1009/556 993/554
f 969/555 993/554 976/557
f 969/555 976/557 955/558
f 955/558 976/557 956/559
f 955/558 956/559 942/560
f 976/557 993/554 978/561
f 942/560 956/559 943/562
f 942/560 943/562 930/563
f 956/559 976/557 964/564
f 964/564 976/557 978/561
f 943/562 956/559 944/565
f 944/565 956/559 964/564
f 930/563 943/562 929/566
f 930/563 929/566 921/567
f 921/567 929/566 920/568
f 929/566 943/562 931/569
f 931/569 943/562 944/565
f 920/568 929/566 922/570
f 922/570 929/566 931/569
f 920/568 922/570 907/571
f 920/568 907/571 906/572
f 906/572 907/571 870/573
f 870/573 907/571 871/574
f 870/573 871/574 833/575
f 833/575 871/574 834/576
f 833/575 834/576 812/577
f 834/576 871/574 835/578
f 835/578 871/574 872/579
f 872/579 871/574 907/571
f 872/579 907/571 894/580
f 894/580 907/571 922/570
f 872/579 894/580 850/581
f 872/579 850/581 814/582
f 850/581 894/580 876/583
f 894/580 922/570 923/584
f 894/580 923/584 876/583
f 923/584 922/570 931/569
f 876/583 923/584 909/585
f 923/584 931/569 932/586
f 923/584 932/586 909/585
f 932/586 931/569 944/565
f 909/585 932/586 924/587
f 932/586 944/565 946/588
f 932/586 946/588 924/587
f 946/588 944/565 964/564
f 924/587 946/588 934/589
f 946/588 964/564 957/590
f 946/588 957/590 934/589
f 957/590 964/564 978/561
f 934/589 957/590 947/591
f 947/591 957/590 972/592
f 972/592 957/590 978/561
f 947/591 972/592 960/593
f 972/592 978/561 994/594
f 994/594 978/561 993/554
f 960/593 972/592 987/595
f 987/595 972/592 994/594
f 960/593 987/595 965/596
f 994/594 993/554 1009/556
f 994/594 1009/556 987/595
f 965/596 987/595 1000/597
f 1000/597 987/595 1009/556
f 965/596 1000/597 981/598
f 1000/597 1009/556 1019/599
f 1019/599 1009/556 1018/552
f 981/598 1000/597 1010/600
f 1010/600 1000/597 1019/599
f 981/598 1010/600 996/601
f 1019/599 1018/552 1022/549
f 996/601 1010/600 1020/602
f 996/601 1020/602 1001/603
f 1010/600 1019/599 1023/604
f 1010/600 1023/604 1020/602
f 1023/604 1019/599 1022/549
f 1001/603 1020/602 1025/605
f 1001/603 1025/605 1012/606
f 1012/606 1025/605 982/607
f 982/607 1025/605 1011/608
f 1025/605 1020/602 1029/609
f 1025/605 1029/609 1011/608
f 1029/609 1020/602 1023/604
f 1023/604 1022/549 1031/610
f 1023/604 1031/610 1029/609
f 1011/608 1029/609 1024/611
f 1011/608 1024/611 988/612
f 988/612 1024/611 995/613
f 1024/611 1029/609 1028/614
f 1024/611 1028/614 995/613
f 1028/614 1029/609 1031/610
f 995/613 1028/614 1015/615
f 1015/615 1028/614 997/616
f 997/616 1028/614 1027/617
f 1027/617 1028/614 1031/610
f 997/616 1027/617 989/618
f 989/618 1027/617 1003/619
f 1003/619 1027/617 1026/620
f 1003/619 1026/620 984/621
f 984/621 1026/620 1016/622
f 1016/622 1026/620 1002/546
f 1026/620 1027/617 1030/623
f 1030/623 1027/617 1031/610
f 1002/546 1026/620 1017/624
f 1017/624 1026/620 1030/623
f 1002/546 1017/624 1004/545
f 1030/623 1031/610 1021/625
f 1030/623 1021/625 1017/624
f 1017/624 1021/625 1004/545
f 1021/625 1031/610 1022/549
f 1004/545 1021/625 1005/543
f 1005/543 1021/625 1022/549
f 915/626 986/627 969/628
f 915/626 969/628 910/629
f 910/629 969/628 955/630
f 915/626 910/629 18/631
f 910/629 955/630 896/632
f 896/632 955/630 942/633
f 910/629 896/632 594/634
f 896/632 942/633 887/635
f 887/635 942/633 930/636
f 896/632 887/635 637/637
f 896/632 637/637 594/634
f 887/635 930/636 861/638
f 887/635 861/638 637/637
f 861/638 930/636 921/639
f 594/634 637/637 581/640
f 594/634 581/640 576/641
f 581/640 637/637 586/642
f 594/634 576/641 17/643
f 586/642 637/637 647/644
f 647/644 637/637 861/638
f 586/642 647/644 590/645
f 861/638 921/639 851/646
f 861/638 851/646 647/644
f 851/646 921/639 893/647
f 851/646 893/647 823/648
f 647/644 851/646 665/649
f 647/644 665/649 590/645
f 665/649 851/646 823/648
f 590/645 665/649 601/650
f 665/649 823/648 685/651
f 665/649 685/651 601/650
f 685/651 823/648 815/652
f 601/650 685/651 616/653
f 685/651 815/652 705/654
f 685/651 705/654 616/653
f 616/653 705/654 645/655
f 705/654 815/652 801/656
f 645/655 705/654 727/657
f 727/657 705/654 801/656
f 645/655 727/657 680/658
f 680/658 727/657 734/659
f 680/658 734/659 698/660
f 727/657 801/656 781/661
f 727/657 781/661 734/659
f 781/661 801/656 822/662
f 822/662 801/656 849/663
f 781/661 822/662 812/664
f 781/661 812/664 780/665
f 781/661 780/665 734/659
f 733/666 698/660 734/659
f 733/666 734/659 780/665
f 698/660 733/666 699/667
f 733/666 780/665 775/668
f 699/667 733/666 735/669
f 735/669 733/666 775/668
f 735/669 775/668 776/670
f 776/670 775/668 800/671
f 735/669 776/670 736/672
f 19/673 18/631 910/629
f 19/673 910/629 594/634
f 19/673 594/634 17/643
f 18/631 19/673 404/674
f 19/673 17/643 89/675
f 19/673 89/675 404/674
f 89/675 17/643 65/676
f 89/675 65/676 73/677
f 18/631 404/674 412/678
f 412/678 404/674 464/679
f 412/678 464/679 479/680
f 464/679 404/674 448/681
f 89/675 73/677 133/682
f 448/681 404/674 394/683
f 394/683 404/674 89/675
f 394/683 89/675 133/682
f 448/681 394/683 434/684
f 133/682 73/677 76/685
f 434/684 394/683 376/686
f 376/686 394/683 133/682
f 434/684 376/686 419/687
f 419/687 376/686 361/688
f 361/688 376/686 133/682
f 419/687 361/688 409/689
f 133/682 76/685 148/690
f 133/682 148/690 361/688
f 148/690 76/685 79/691
f 409/689 361/688 339/692
f 339/692 361/688 148/690
f 409/689 339/692 392/693
f 148/690 79/691 172/694
f 148/690 172/694 339/692
f 172/694 79/691 88/695
f 392/693 339/692 322/696
f 322/696 339/692 172/694
f 392/693 322/696 370/697
f 322/696 172/694 189/698
f 370/697 322/696 312/699
f 312/699 322/696 189/698
f 370/697 312/699 348/700
f 312/699 189/698 206/701
f 348/700 312/699 303/702
f 303/702 312/699 206/701
f 348/700 303/702 310/703
f 348/700 310/703 368/704
f 368/704 310/703 335/705
f 335/705 310/703 299/706
f 310/703 303/702 279/707
f 310/703 279/707 299/706
f 303/702 206/701 215/708
f 303/702 215/708 279/707
f 215/708 206/701 145/709
f 215/708 145/709 185/710
f 215/708 185/710 222/711
f 215/708 222/711 279/707
f 222/711 185/710 197/712
f 268/713 299/706 279/707
f 268/713 279/707 222/711
f 299/706 268/713 300/714
f 300/714 268/713 269/715
f 222/711 197/712 227/716
f 222/711 227/716 268/713
f 268/713 227/716 269/715
f 269/715 227/716 228/717
f 228/717 227/716 198/718
f 228/717 198/718 199/719
f 455/720 477/721 499/722
f 455/720 499/722 461/723
f 499/722 477/721 500/724
f 500/724 477/721 478/725
f 461/723 499/722 498/726
f 461/723 498/726 491/727
f 499/722 500/724 511/728
f 500/724 478/725 501/729
f 501/729 478/725 479/730
f 500/724 501/729 507/731
f 500/724 507/731 511/728
f 501/729 479/730 502/732
f 501/729 502/732 507/731
f 502/732 479/730 480/733
f 480/733 479/730 464/734
f 507/731 502/732 504/735
f 504/735 502/732 480/733
f 480/733 464/734 465/736
f 465/736 464/734 448/737
f 465/736 448/737 449/738
f 449/738 448/737 434/739
f 480/733 465/736 467/740
f 465/736 449/738 452/741
f 465/736 452/741 467/740
f 449/738 434/739 435/742
f 435/742 434/739 419/743
f 452/741 449/738 436/744
f 436/744 449/738 435/742
f 435/742 419/743 423/745
f 423/745 419/743 409/746
f 436/744 435/742 426/747
f 426/747 435/742 423/745
f 423/745 409/746 408/748
f 408/748 409/746 392/749
f 426/747 423/745 414/750
f 414/750 423/745 408/748
f 408/748 392/749 390/751
f 390/751 392/749 370/752
f 390/751 370/752 348/753
f 390/751 348/753 368/754
f 408/748 390/751 400/755
f 400/755 390/751 368/754
f 408/748 400/755 414/750
f 414/750 400/755 393/756
f 393/756 400/755 357/757
f 414/750 393/756 410/758
f 414/750 410/758 426/747
f 357/757 400/755 369/759
f 369/759 400/755 368/754
f 357/757 369/759 337/760
f 369/759 368/754 335/761
f 369/759 335/761 336/762
f 369/759 336/762 337/760
f 336/762 335/761 299/763
f 336/762 299/763 300/764
f 336/762 300/764 337/760
f 337/760 300/764 302/765
f 375/766 403/767 410/758
f 410/758 403/767 427/768
f 410/758 427/768 426/747
f 427/768 403/767 416/769
f 426/747 427/768 436/744
f 427/768 416/769 437/770
f 427/768 437/770 436/744
f 437/770 416/769 428/771
f 436/744 437/770 452/741
f 437/770 428/771 453/772
f 437/770 453/772 452/741
f 453/772 428/771 439/773
f 452/741 453/772 467/740
f 453/772 439/773 470/774
f 453/772 470/774 467/740
f 470/774 439/773 446/775
f 467/740 470/774 488/776
f 467/740 488/776 480/733
f 470/774 446/775 483/777
f 470/774 483/777 488/776
f 483/777 446/775 460/778
f 480/733 488/776 504/735
f 504/735 488/776 483/777
f 483/777 460/778 490/779
f 483/777 490/779 504/735
f 490/779 460/778 473/780
f 504/735 490/779 508/781
f 504/735 508/781 507/731
f 490/779 473/780 505/782
f 490/779 505/782 508/781
f 505/782 473/780 484/783
f 507/731 508/781 511/728
f 508/781 505/782 517/784
f 508/781 517/784 511/728
f 505/782 484/783 509/785
f 505/782 509/785 517/784
f 509/785 484/783 496/786
f 511/728 517/784 521/787
f 509/785 496/786 513/788
f 513/788 496/786 495/789
f 513/788 495/789 474/790
f 517/784 509/785 519/791
f 519/791 509/785 513/788
f 517/784 519/791 521/787
f 513/788 474/790 494/792
f 513/788 494/792 519/791
f 494/792 474/790 472/793
f 494/792 472/793 512/794
f 494/792 512/794 519/791
f 512/794 472/793 489/795
f 519/791 512/794 518/796
f 518/796 512/794 489/795
f 519/791 518/796 521/787
f 518/796 489/795 503/797
f 518/796 503/797 485/798
f 518/796 485/798 516/799
f 518/796 516/799 521/787
f 516/799 485/798 476/800
f 516/799 476/800 497/801
f 516/799 497/801 514/802
f 514/802 497/801 471/803
f 521/787 516/799 520/804
f 520/804 516/799 514/802
f 521/787 520/804 515/805
f 521/787 515/805 511/728
f 511/728 515/805 499/722
f 499/722 515/805 498/726
f 515/805 520/804 510/806
f 515/805 510/806 498/726
f 510/806 520/804 514/802
f 498/726 510/806 491/727
f 491/727 510/806 514/802
f 506/807 514/802 471/803
f 514/802 506/807 491/727
f 506/807 471/803 440/808
f 506/807 440/808 475/809
f 506/807 475/809 491/727
f 491/727 475/809 447/810
f 473/811 460/812 406/813
f 406/813 460/812 446/814
f 406/813 446/814 395/815
f 473/811 406/813 418/816
f 473/811 418/816 484/817
f 406/813 395/815 135/818
f 484/817 418/816 421/819
f 484/817 421/819 496/820
f 418/816 406/813 152/821
f 152/821 406/813 135/818
f 421/819 418/816 178/822
f 178/822 418/816 152/821
f 496/820 421/819 431/823
f 431/823 421/819 178/822
f 496/820 431/823 495/824
f 495/824 431/823 454/825
f 431/823 178/822 137/826
f 431/823 137/826 271/827
f 431/823 271/827 454/825
f 137/826 178/822 51/828
f 454/825 271/827 328/829
f 454/825 328/829 272/830
f 51/828 178/822 48/831
f 48/831 178/822 152/821
f 51/828 48/831 669/832
f 51/828 669/832 651/833
f 48/831 152/821 39/834
f 454/825 272/830 396/835
f 396/835 272/830 153/836
f 454/825 396/835 422/837
f 454/825 422/837 474/838
f 422/837 396/835 231/839
f 231/839 396/835 153/836
f 422/837 231/839 256/840
f 256/840 231/839 49/841
f 231/839 153/836 52/842
f 231/839 52/842 49/841
f 52/842 153/836 53/843
f 52/842 53/843 652/844
f 49/841 52/842 741/845
f 741/845 52/842 652/844
f 49/841 741/845 756/846
f 756/846 741/845 936/847
f 741/845 652/844 902/848
f 741/845 902/848 936/847
f 902/848 652/844 784/849
f 936/847 902/848 961/850
f 961/850 902/848 784/849
f 961/850 784/849 830/851
f 961/850 830/851 783/852
f 961/850 783/852 941/853
f 941/853 783/852 651/833
f 961/850 941/853 1012/854
f 1012/854 941/853 1001/855
f 941/853 651/833 669/832
f 1001/855 941/853 935/856
f 935/856 941/853 669/832
f 1001/855 935/856 996/857
f 996/857 935/856 926/858
f 926/858 935/856 669/832
f 996/857 926/858 981/859
f 981/859 926/858 917/860
f 981/859 917/860 965/861
f 965/861 917/860 960/862
f 960/862 917/860 900/863
f 926/858 669/832 668/864
f 926/858 668/864 917/860
f 668/864 669/832 48/831
f 668/864 48/831 39/834
f 917/860 668/864 650/865
f 650/865 668/864 39/834
f 917/860 650/865 900/863
f 650/865 39/834 34/866
f 900/863 650/865 619/867
f 900/863 619/867 879/868
f 879/868 619/867 602/869
f 602/869 619/867 26/870
f 619/867 650/865 30/871
f 619/867 30/871 26/870
f 30/871 650/865 34/866
f 39/834 135/818 34/866
f 34/866 135/818 30/871
f 135/818 39/834 152/821
f 26/870 30/871 123/872
f 123/872 30/871 135/818
f 26/870 123/872 96/873
f 123/872 135/818 395/815
f 96/873 123/872 377/874
f 377/874 123/872 395/815
f 439/875 428/876 377/877
f 439/875 377/877 395/878
f 439/875 395/878 446/879
f 377/877 428/876 364/880
f 377/877 364/880 149/881
f 364/880 428/876 416/882
f 149/881 364/880 352/883
f 352/883 364/880 416/882
f 352/883 416/882 403/884
f 352/883 403/884 340/885
f 340/885 403/884 375/886
f 340/885 375/886 314/887
f 314/887 375/886 338/888
f 314/887 338/888 289/889
f 338/888 375/886 393/890
f 393/890 375/886 410/891
f 338/888 393/890 357/892
f 289/889 338/888 311/893
f 311/893 338/888 357/892
f 289/889 311/893 280/894
f 311/893 357/892 337/895
f 352/896 340/897 190/898
f 352/896 190/898 149/899
f 377/900 149/899 96/901
f 25/902 26/903 96/901
f 25/902 96/901 72/904
f 72/904 96/901 149/899
f 25/902 72/904 24/905
f 24/905 72/904 68/906
f 72/904 149/899 78/907
f 78/907 149/899 190/898
f 78/907 190/898 83/908
f 83/908 190/898 95/909
f 95/909 190/898 207/910
f 207/910 190/898 340/897
f 95/909 207/910 132/911
f 207/910 340/897 314/912
f 132/911 207/910 217/913
f 217/913 207/910 314/912
f 217/913 314/912 289/914
f 132/911 217/913 170/915
f 217/913 289/914 224/916
f 217/913 224/916 170/915
f 224/916 289/914 280/917
f 224/916 280/917 223/918
f 224/916 223/918 186/919
f 224/916 186/919 170/915
f 170/915 186/919 130/920
f 170/915 130/920 106/921
f 337/922 302/923 311/924
f 311/924 302/923 280/925
f 280/925 302/923 270/926
f 280/925 270/926 223/927
f 270/926 302/923 269/928
f 269/928 302/923 300/929
f 270/926 269/928 228/930
f 270/926 228/930 229/931
f 270/926 229/931 223/927
f 229/931 228/930 199/932
f 229/931 199/932 223/927
f 223/927 199/932 186/933
f 186/934 199/935 167/936
f 167/936 199/935 198/937
f 186/934 167/936 130/938
f 167/936 198/937 166/939
f 166/939 198/937 197/940
f 166/939 197/940 164/941
f 167/936 166/939 120/942
f 120/942 166/939 164/941
f 167/936 120/942 130/938
f 120/942 164/941 119/943
f 130/938 120/942 93/944
f 93/944 120/942 119/943
f 93/944 119/943 92/945
f 130/938 93/944 106/946
f 93/944 92/945 80/947
f 80/947 92/945 88/948
f 80/947 88/948 79/949
f 93/944 80/947 81/950
f 93/944 81/950 106/946
f 80/947 79/949 74/951
f 80/947 74/951 81/950
f 74/951 79/949 76/952
f 74/951 76/952 69/953
f 69/953 76/952 73/954
f 81/950 74/951 75/955
f 75/955 74/951 69/953
f 82/956 106/946 81/950
f 82/956 81/950 75/955
f 106/946 82/956 132/957
f 106/946 132/957 170/958
f 132/957 82/956 95/959
f 95/959 82/956 77/960
f 77/960 82/956 75/955
f 95/959 77/960 83/961
f 70/962 75/955 69/953
f 75/955 70/962 77/960
f 67/963 69/953 73/954
f 69/953 67/963 70/962
f 67/963 73/954 65/964
f 67/963 65/964 20/965
f 20/965 65/964 17/966
f 67/963 20/965 22/967
f 67/963 22/967 66/968
f 67/963 66/968 70/962
f 66/968 22/967 68/969
f 71/970 77/960 70/962
f 71/970 70/962 66/968
f 71/970 66/968 68/969
f 77/960 71/970 83/961
f 83/961 71/970 78/971
f 78/971 71/970 68/969
f 78/971 68/969 72/972
f 68/973 22/974 24/975
f 24/975 22/974 578/976
f 25/977 24/978 580/979
f 580/979 24/978 578/980
f 25/977 580/979 602/981
f 25/977 602/981 26/982
f 602/981 580/979 648/983
f 580/979 578/980 588/984
f 580/979 588/984 648/983
f 588/984 578/980 583/985
f 648/983 588/984 687/986
f 687/986 588/984 592/987
f 687/986 592/987 608/988
f 608/988 592/987 587/989
f 687/986 608/988 706/990
f 706/990 608/988 636/991
f 706/990 636/991 719/992
f 719/992 636/991 662/993
f 719/992 662/993 728/994
f 662/993 636/991 607/995
f 607/995 636/991 593/996
f 662/993 607/995 635/997
f 728/994 662/993 702/998
f 702/998 662/993 635/997
f 728/994 702/998 737/999
f 702/998 635/997 661/1000
f 578/1001 22/1002 575/1003
f 583/1004 578/1005 575/1006
f 588/1007 583/1004 592/1008
f 592/1008 583/1004 587/1009
f 583/1004 575/1006 579/1010
f 583/1004 579/1010 587/1009
f 579/1010 575/1006 577/1011
f 577/1011 575/1006 22/1012
f 577/1011 22/1012 20/1013
f 576/1014 581/1015 577/1011
f 577/1011 581/1015 582/1016
f 577/1011 582/1016 579/1010
f 582/1016 581/1015 586/1017
f 584/1018 587/1009 579/1010
f 584/1018 579/1010 582/1016
f 582/1016 586/1017 585/1019
f 582/1016 585/1019 584/1018
f 585/1019 586/1017 590/1020
f 587/1009 584/1018 593/1021
f 587/1009 593/1021 608/1022
f 608/1022 593/1021 636/1023
f 593/1021 584/1018 591/1024
f 591/1024 584/1018 585/1019
f 593/1021 591/1024 607/1025
f 585/1019 590/1020 589/1026
f 585/1019 589/1026 591/1024
f 589/1026 590/1020 601/1027
f 607/1025 591/1024 600/1028
f 600/1028 591/1024 589/1026
f 607/1025 600/1028 635/1029
f 589/1026 601/1027 599/1030
f 589/1026 599/1030 600/1028
f 599/1030 601/1027 616/1031
f 599/1030 616/1031 645/1032
f 599/1030 645/1032 633/1033
f 599/1030 633/1033 600/1028
f 633/1033 645/1032 680/1034
f 634/1035 635/1029 600/1028
f 634/1035 600/1028 633/1033
f 635/1029 634/1035 661/1036
f 633/1033 680/1034 659/1037
f 633/1033 659/1037 634/1035
f 659/1037 680/1034 698/1038
f 634/1035 659/1037 660/1039
f 660/1039 659/1037 698/1038
f 634/1035 660/1039 661/1036
f 660/1039 698/1038 699/1040
f 660/1039 699/1040 661/1036
f 661/1036 699/1040 700/1041
f 576/1042 577/1043 20/1044
f 576/1042 20/1044 17/1045
f 172/1046 88/1047 189/1048
f 189/1048 88/1047 121/1049
f 189/1048 121/1049 206/1050
f 121/1049 88/1047 92/1051
f 206/1050 121/1049 145/1052
f 145/1052 121/1049 92/1051
f 145/1052 92/1051 119/1053
f 145/1052 119/1053 185/1054
f 185/1054 119/1053 164/1055
f 185/1054 164/1055 197/1056
f 227/1057 197/1058 198/1059
f 443/1060 321/1061 359/1062
f 443/1063 359/1064 374/1065
f 443/1063 374/1065 457/1066
f 457/1066 374/1065 373/1067
f 321/1068 443/1063 425/1069
f 425/1069 443/1063 482/1070
f 425/1069 482/1070 451/1071
f 443/1063 457/1066 487/1072
f 443/1063 487/1072 482/1070
f 482/1070 487/1072 459/1073
f 482/1070 459/1073 445/1074
f 459/1073 487/1072 493/1075
f 487/1072 457/1066 463/1076
f 463/1076 457/1066 373/1067
f 487/1072 463/1076 493/1075
f 459/1073 493/1075 469/1077
f 463/1076 373/1067 462/1078
f 463/1076 462/1078 493/1075
f 462/1078 373/1067 372/1079
f 462/1078 372/1079 371/1080
f 493/1075 462/1078 492/1081
f 469/1077 493/1075 468/1082
f 468/1082 493/1075 492/1081
f 469/1077 468/1082 380/1083
f 469/1077 380/1083 381/1084
f 380/1083 468/1082 458/1085
f 380/1083 458/1085 378/1086
f 468/1082 492/1081 486/1087
f 468/1082 486/1087 458/1085
f 486/1087 492/1081 462/1078
f 458/1085 486/1087 481/1088
f 486/1087 462/1078 456/1089
f 486/1087 456/1089 481/1088
f 456/1089 462/1078 371/1080
f 481/1088 456/1089 442/1090
f 442/1090 456/1089 371/1080
f 442/1090 371/1080 358/1091
f 359/1092 321/1093 169/1094
f 359/1092 169/1094 205/1095
f 359/1092 205/1095 374/1096
f 205/1095 169/1094 549/1097
f 374/1096 205/1095 203/1098
f 374/1096 203/1098 200/1099
f 374/1096 200/1099 373/1100
f 203/1098 205/1095 547/1101
f 547/1101 205/1095 549/1097
f 373/1100 200/1099 372/1102
f 547/1101 549/1097 717/1103
f 717/1103 549/1097 683/1104
f 547/1101 717/1103 716/1105
f 203/1098 547/1101 544/1106
f 203/1098 544/1106 200/1099
f 544/1106 547/1101 716/1105
f 201/1107 371/1108 372/1102
f 202/1109 372/1102 200/1099
f 372/1102 202/1109 201/1107
f 200/1099 544/1106 542/1110
f 200/1099 542/1110 202/1109
f 544/1106 716/1105 713/1111
f 544/1106 713/1111 542/1110
f 713/1111 716/1105 885/1112
f 885/1112 716/1105 886/1113
f 713/1111 885/1112 715/1114
f 715/1114 885/1112 884/1115
f 542/1110 713/1111 541/1116
f 542/1110 541/1116 202/1109
f 541/1116 713/1111 715/1114
f 715/1114 884/1115 883/1117
f 202/1109 541/1116 543/1118
f 543/1118 541/1116 715/1114
f 202/1109 543/1118 201/1107
f 201/1107 543/1118 546/1119
f 546/1119 543/1118 703/1120
f 543/1118 715/1114 714/1121
f 714/1121 715/1114 883/1117
f 714/1121 883/1117 874/1122
f 169/1123 321/1124 146/1125
f 146/1125 321/1124 291/1126
f 291/1126 321/1124 425/1127
f 169/1123 146/1125 551/1128
f 169/1123 551/1128 549/1129
f 549/1129 551/1128 683/1130
f 683/1130 551/1128 663/1131
f 551/1128 146/1125 552/1132
f 551/1128 552/1132 663/1131
f 146/1125 291/1126 147/1133
f 146/1125 147/1133 552/1132
f 663/1131 552/1132 664/1134
f 663/1131 664/1134 804/1135
f 552/1132 147/1133 553/1136
f 552/1132 553/1136 664/1134
f 147/1133 291/1126 252/1137
f 804/1135 664/1134 765/1138
f 804/1135 765/1138 895/1139
f 664/1134 553/1136 686/1140
f 664/1134 686/1140 765/1138
f 553/1136 147/1133 173/1141
f 173/1141 147/1133 252/1137
f 686/1140 553/1136 21/1142
f 21/1142 553/1136 173/1141
f 765/1138 686/1140 805/1143
f 765/1138 805/1143 895/1139
f 805/1143 686/1140 707/1144
f 707/1144 686/1140 21/1142
f 895/1139 805/1143 827/1145
f 827/1145 805/1143 707/1144
f 895/1139 827/1145 925/1146
f 925/1146 827/1145 899/1147
f 827/1145 707/1144 806/1148
f 827/1145 806/1148 899/1147
f 806/1148 707/1144 688/1149
f 688/1149 707/1144 21/1142
f 899/1147 806/1148 766/1150
f 766/1150 806/1148 688/1149
f 899/1147 766/1150 807/1151
f 807/1151 766/1150 666/1152
f 666/1152 766/1150 688/1149
f 807/1151 666/1152 667/1153
f 688/1149 21/1142 23/1154
f 688/1149 23/1154 666/1152
f 667/1153 666/1152 27/1155
f 27/1155 666/1152 23/1154
f 667/1153 27/1155 33/1156
f 667/1153 33/1156 690/1157
f 690/1157 33/1156 37/1158
f 33/1156 27/1155 151/1159
f 151/1159 27/1155 150/1160
f 150/1160 27/1155 23/1154
f 151/1159 150/1160 294/1161
f 150/1160 23/1154 174/1162
f 174/1162 23/1154 21/1142
f 294/1161 150/1160 253/1163
f 253/1163 150/1160 174/1162
f 294/1161 253/1163 386/1164
f 174/1162 21/1142 191/1165
f 191/1165 21/1142 173/1141
f 253/1163 174/1162 293/1166
f 253/1163 293/1166 386/1164
f 293/1166 174/1162 191/1165
f 386/1164 293/1166 316/1167
f 316/1167 293/1166 191/1165
f 386/1164 316/1167 413/1168
f 191/1165 173/1141 292/1169
f 191/1165 292/1169 316/1167
f 292/1169 173/1141 252/1137
f 316/1167 292/1169 383/1170
f 383/1170 292/1169 252/1137
f 316/1167 383/1170 413/1168
f 383/1170 252/1137 291/1126
f 383/1170 291/1126 425/1127
f 383/1170 425/1127 413/1168
f 413/1168 425/1127 451/1171
f 413/1172 451/1173 430/1174
f 413/1172 430/1174 386/1175
f 386/1175 430/1174 294/1176
f 430/1174 451/1173 445/1177
f 445/1177 451/1173 482/1178
f 294/1176 430/1174 326/1179
f 326/1179 430/1174 445/1177
f 294/1176 326/1179 151/1180
f 151/1180 326/1179 176/1181
f 151/1180 176/1181 33/1182
f 33/1182 176/1181 37/1183
f 176/1181 326/1179 366/1184
f 366/1184 326/1179 445/1177
f 37/1183 176/1181 208/1185
f 208/1185 176/1181 366/1184
f 37/1183 208/1185 42/1186
f 366/1184 445/1177 379/1187
f 366/1184 379/1187 208/1185
f 379/1187 445/1177 459/1188
f 379/1187 459/1188 469/1189
f 208/1185 379/1187 210/1190
f 379/1187 469/1189 381/1191
f 379/1187 381/1191 210/1190
f 210/1190 381/1191 212/1192
f 667/1193 690/1194 841/1195
f 667/1193 841/1195 807/1196
f 807/1196 841/1195 940/1197
f 807/1196 940/1197 899/1198
f 899/1198 940/1197 925/1199
f 940/1197 841/1195 881/1200
f 881/1200 841/1195 690/1194
f 940/1197 881/1200 959/1201
f 940/1197 959/1201 963/1202
f 963/1202 959/1201 992/1203
f 992/1203 959/1201 971/1204
f 959/1201 881/1200 889/1205
f 959/1201 889/1205 971/1204
f 881/1200 690/1194 720/1206
f 881/1200 720/1206 889/1205
f 720/1206 690/1194 37/1207
f 720/1206 37/1207 42/1208
f 889/1205 720/1206 722/1209
f 889/1205 722/1209 724/1210
f 889/1205 724/1210 891/1211
f 889/1205 891/1211 971/1204
f 971/1204 891/1211 980/1212
f 980/1212 891/1211 979/1213
f 979/1213 891/1211 890/1214
f 895/1215 925/1216 938/1217
f 938/1217 925/1216 963/1218
f 895/1215 938/1217 804/1219
f 938/1217 963/1218 954/1220
f 954/1220 963/1218 992/1221
f 954/1220 992/1221 968/1222
f 938/1217 954/1220 875/1223
f 875/1223 954/1220 968/1222
f 875/1223 968/1222 886/1224
f 886/1224 968/1222 975/1225
f 837/1226 804/1219 938/1217
f 837/1226 938/1217 875/1223
f 804/1219 837/1226 663/1227
f 663/1227 837/1226 683/1228
f 683/1228 837/1226 875/1223
f 683/1228 875/1223 717/1229
f 925/1230 940/1231 963/1232
f 717/1233 875/1234 886/1235
f 717/1236 886/1237 716/1238
f 885/1239 886/1240 975/1241
f 885/1239 975/1241 884/1242
f 884/1242 975/1241 974/1243
f 884/1242 974/1243 967/1244
f 884/1242 967/1244 883/1245
f 974/1243 975/1241 1008/1246
f 883/1245 967/1244 953/1247
f 883/1245 953/1247 874/1248
f 874/1248 953/1247 937/1249
f 937/1249 953/1247 962/1250
f 953/1247 967/1244 991/1251
f 998/1252 967/1244 974/1243
f 967/1244 998/1252 991/1251
f 998/1252 974/1243 1007/1253
f 1007/1253 974/1243 1008/1246
f 991/1251 998/1252 970/1254
f 991/1251 970/1254 958/1255
f 998/1252 1007/1253 979/1256
f 998/1252 979/1256 970/1254
f 979/1256 1007/1253 1008/1246
f 970/1254 979/1256 888/1257
f 888/1257 979/1256 890/1258
f 979/1256 1008/1246 980/1259
f 980/1259 1008/1246 999/1260
f 980/1259 999/1260 971/1261
f 999/1260 1008/1246 975/1241
f 971/1261 999/1260 992/1262
f 999/1260 975/1241 968/1263
f 999/1260 968/1263 992/1262
f 543/1264 714/1265 703/1266
f 703/1266 714/1265 874/1267
f 703/1266 874/1267 836/1268
f 836/1268 874/1267 937/1269
f 703/1266 836/1268 682/1270
f 703/1266 682/1270 546/1271
f 836/1268 937/1269 803/1272
f 803/1272 937/1269 913/1273
f 803/1272 913/1273 863/1274
f 803/1272 863/1274 764/1275
f 836/1268 803/1272 646/1276
f 646/1276 803/1272 764/1275
f 836/1268 646/1276 682/1270
f 646/1276 764/1275 617/1277
f 617/1277 764/1275 606/1278
f 606/1278 764/1275 747/1279
f 617/1277 606/1278 10/1280
f 617/1277 10/1280 646/1276
f 10/1280 606/1278 13/1281
f 10/1280 13/1281 94/1282
f 10/1280 94/1282 104/1283
f 550/1284 682/1270 646/1276
f 550/1284 646/1276 10/1280
f 682/1270 550/1284 548/1285
f 682/1270 548/1285 546/1271
f 550/1284 10/1280 131/1286
f 131/1286 10/1280 104/1283
f 104/1283 94/1282 251/1287
f 104/1283 251/1287 131/1286
f 251/1287 94/1282 237/1288
f 550/1284 131/1286 168/1289
f 550/1284 168/1289 548/1285
f 131/1286 251/1287 290/1290
f 131/1286 290/1290 168/1289
f 290/1290 251/1287 351/1291
f 290/1290 351/1291 402/1292
f 290/1290 402/1292 320/1293
f 290/1290 320/1293 168/1289
f 320/1293 402/1292 424/1294
f 320/1293 424/1294 442/1295
f 320/1293 442/1295 358/1296
f 320/1293 358/1296 168/1289
f 168/1289 358/1296 187/1297
f 168/1289 187/1297 548/1285
f 187/1297 358/1296 371/1298
f 548/1285 187/1297 546/1271
f 187/1297 371/1298 201/1299
f 187/1297 201/1299 546/1271
f 351/1300 251/1301 315/1302
f 315/1302 251/1301 237/1303
f 351/1300 315/1302 363/1304
f 351/1300 363/1304 385/1305
f 385/1305 363/1304 354/1306
f 354/1306 363/1304 325/1307
f 325/1307 363/1304 324/1308
f 325/1307 324/1308 239/1309
f 239/1309 324/1308 238/1310
f 324/1308 363/1304 362/1311
f 362/1311 363/1304 315/1302
f 323/1312 315/1302 237/1303
f 315/1302 323/1312 362/1311
f 323/1312 237/1303 236/1313
f 362/1311 323/1312 350/1314
f 362/1311 350/1314 384/1315
f 350/1314 323/1312 261/1316
f 94/1317 13/1318 12/1319
f 12/1319 13/1318 605/1320
f 605/1320 13/1318 606/1321
f 605/1320 606/1321 746/1322
f 746/1322 606/1321 747/1323
f 12/1319 605/1320 618/1324
f 12/1319 618/1324 11/1325
f 12/1319 11/1325 122/1326
f 94/1317 12/1319 105/1327
f 105/1327 12/1319 122/1326
f 94/1317 105/1327 237/1328
f 105/1327 122/1326 261/1329
f 237/1328 105/1327 236/1330
f 236/1330 105/1327 261/1329
f 605/1331 746/1332 763/1333
f 605/1331 763/1333 618/1334
f 763/1333 746/1332 839/1335
f 763/1333 839/1335 862/1336
f 862/1336 839/1335 877/1337
f 862/1336 877/1337 897/1338
f 746/1339 747/1340 839/1341
f 747/1342 764/1343 826/1344
f 826/1344 764/1343 863/1345
f 826/1344 863/1345 878/1346
f 878/1346 863/1345 898/1347
f 877/1348 839/1349 826/1344
f 877/1348 826/1344 878/1346
f 877/1348 878/1346 840/1350
f 878/1346 898/1347 866/1351
f 840/1350 878/1346 828/1352
f 828/1352 878/1346 866/1351
f 828/1352 866/1351 768/1353
f 828/1352 768/1353 749/1354
f 747/1355 826/1356 839/1357
f 913/1358 937/1359 933/1360
f 933/1360 937/1359 962/1361
f 913/1358 933/1360 898/1362
f 913/1358 898/1362 863/1363
f 898/1362 933/1360 916/1364
f 898/1362 916/1364 866/1365
f 933/1360 962/1361 939/1366
f 933/1360 939/1366 916/1364
f 866/1365 916/1364 768/1367
f 939/1366 962/1361 991/1368
f 991/1368 962/1361 953/1369
f 939/1366 991/1368 958/1370
f 939/1366 958/1370 842/1371
f 939/1366 842/1371 916/1364
f 842/1371 958/1370 880/1372
f 768/1367 916/1364 808/1373
f 808/1373 916/1364 842/1371
f 768/1367 808/1373 649/1374
f 649/1374 808/1373 842/1371
f 768/1367 649/1374 620/1375
f 620/1375 649/1374 32/1376
f 32/1376 649/1374 35/1377
f 842/1371 880/1372 691/1378
f 842/1371 691/1378 649/1374
f 649/1374 691/1378 35/1377
f 691/1378 880/1372 708/1379
f 35/1377 691/1378 38/1380
f 38/1380 691/1378 708/1379
f 840/1381 828/1382 749/1383
f 840/1381 749/1383 748/1384
f 840/1381 748/1384 767/1385
f 767/1385 748/1384 609/1386
f 840/1381 767/1385 865/1387
f 840/1381 865/1387 877/1388
f 877/1388 865/1387 897/1389
f 767/1385 609/1386 621/1390
f 621/1390 609/1386 31/1391
f 31/1391 609/1386 28/1392
f 748/1393 749/1394 610/1395
f 610/1395 749/1394 768/1396
f 748/1393 610/1395 609/1397
f 610/1395 768/1396 620/1398
f 609/1397 610/1395 28/1399
f 610/1395 620/1398 32/1400
f 28/1399 610/1395 29/1401
f 29/1401 610/1395 32/1400
f 28/1399 29/1401 98/1402
f 98/1402 29/1401 32/1400
f 28/1399 98/1402 97/1403
f 98/1402 32/1400 107/1404
f 97/1403 98/1402 238/1405
f 98/1402 107/1404 255/1406
f 238/1405 98/1402 239/1407
f 239/1407 98/1402 255/1406
f 880/1408 958/1409 888/1410
f 708/1411 880/1412 888/1413
f 708/1411 888/1413 721/1414
f 721/1414 888/1413 890/1415
f 708/1411 721/1414 41/1416
f 708/1411 41/1416 38/1417
f 38/1417 41/1416 177/1418
f 41/1416 721/1414 43/1419
f 721/1414 890/1415 723/1420
f 721/1414 723/1420 43/1419
f 41/1416 43/1419 209/1421
f 41/1416 209/1421 192/1422
f 192/1422 209/1421 365/1423
f 365/1423 209/1421 378/1424
f 723/1420 890/1415 724/1425
f 724/1425 890/1415 891/1426
f 43/1419 723/1420 44/1427
f 43/1419 44/1427 209/1421
f 378/1424 209/1421 211/1428
f 211/1428 209/1421 44/1427
f 378/1424 211/1428 380/1429
f 380/1429 211/1428 381/1430
f 381/1430 211/1428 212/1431
f 44/1427 723/1420 45/1432
f 44/1427 45/1432 211/1428
f 211/1428 45/1432 212/1431
f 45/1432 723/1420 724/1425
f 212/1431 45/1432 46/1433
f 46/1433 45/1432 724/1425
f 212/1431 46/1433 210/1434
f 46/1433 724/1425 722/1435
f 210/1434 46/1433 42/1436
f 42/1436 46/1433 722/1435
f 210/1434 42/1436 208/1437
f 42/1436 722/1435 720/1438
f 958/1439 970/1440 888/1441
f 481/1442 442/1443 424/1444
f 481/1442 424/1444 450/1445
f 481/1442 450/1445 444/1446
f 481/1442 444/1446 458/1447
f 458/1447 444/1446 378/1448
f 378/1448 444/1446 365/1449
f 444/1446 450/1445 429/1450
f 444/1446 429/1450 365/1449
f 450/1445 424/1444 420/1451
f 450/1445 420/1451 429/1450
f 420/1451 424/1444 402/1452
f 420/1451 402/1452 385/1453
f 385/1453 402/1452 351/1454
f 420/1451 385/1453 405/1455
f 420/1451 405/1455 429/1450
f 405/1455 385/1453 354/1456
f 327/1457 365/1449 429/1450
f 429/1450 405/1455 295/1458
f 295/1458 405/1455 354/1456
f 429/1450 295/1458 327/1457
f 365/1449 327/1457 192/1459
f 295/1458 354/1456 255/1460
f 255/1460 354/1456 325/1461
f 255/1460 325/1461 239/1462
f 295/1458 255/1460 134/1463
f 295/1458 134/1463 327/1457
f 134/1463 255/1460 107/1464
f 134/1463 107/1464 32/1465
f 134/1463 32/1465 35/1466
f 327/1457 134/1463 177/1467
f 177/1467 134/1463 35/1466
f 327/1457 177/1467 192/1459
f 177/1467 35/1466 38/1468
f 192/1459 177/1467 41/1469
f 28/1470 97/1471 31/1472
f 31/1472 97/1471 124/1473
f 124/1473 97/1471 254/1474
f 254/1474 97/1471 238/1475
f 254/1474 238/1475 324/1476
f 254/1474 324/1476 353/1477
f 353/1477 324/1476 362/1478
f 353/1477 362/1478 384/1479
f 767/1480 621/1481 689/1482
f 40/1483 729/1484 689/1482
f 40/1483 689/1482 36/1485
f 36/1485 689/1482 621/1481
f 36/1485 621/1481 31/1486
f 36/1485 31/1486 124/1487
f 36/1485 124/1487 175/1488
f 175/1488 124/1487 254/1489
f 175/1488 254/1489 317/1490
f 317/1490 254/1489 353/1491
f 317/1490 353/1491 417/1492
f 317/1490 417/1492 438/1493
f 417/1492 353/1491 384/1494
f 438/1493 417/1492 466/1495
f 417/1492 384/1494 432/1496
f 417/1492 432/1496 466/1495
f 432/1496 384/1494 415/1497
f 432/1496 415/1497 466/1495
f 415/1497 384/1494 350/1498
f 466/1495 415/1497 441/1499
f 415/1497 350/1498 313/1500
f 415/1497 313/1500 441/1499
f 313/1500 350/1498 261/1501
f 441/1499 313/1500 349/1502
f 441/1499 349/1502 485/1503
f 313/1500 261/1501 171/1504
f 313/1500 171/1504 349/1502
f 171/1504 261/1501 122/1505
f 485/1503 349/1502 382/1506
f 485/1503 382/1506 476/1507
f 382/1506 349/1502 188/1508
f 188/1508 349/1502 171/1504
f 188/1508 171/1504 6/1509
f 171/1504 122/1505 8/1510
f 8/1510 122/1505 11/1511
f 8/1510 11/1511 618/1512
f 8/1510 618/1512 684/1513
f 684/1513 618/1512 763/1514
f 684/1513 763/1514 824/1515
f 684/1513 824/1515 859/1516
f 824/1515 763/1514 862/1517
f 859/1516 824/1515 948/1518
f 824/1515 862/1517 927/1519
f 824/1515 927/1519 948/1518
f 927/1519 862/1517 897/1520
f 948/1518 927/1519 977/1521
f 927/1519 897/1520 945/1522
f 927/1519 945/1522 977/1521
f 945/1522 897/1520 928/1523
f 945/1522 928/1523 977/1521
f 977/1521 928/1523 949/1524
f 928/1523 897/1520 865/1525
f 949/1524 928/1523 829/1526
f 829/1526 928/1523 865/1525
f 829/1526 865/1525 767/1480
f 829/1526 767/1480 689/1482
f 829/1526 689/1482 867/1527
f 40/1528 36/1529 175/1530
f 40/1528 175/1530 218/1531
f 40/1528 218/1531 49/1532
f 49/1532 218/1531 256/1533
f 218/1531 175/1530 355/1534
f 256/1533 218/1531 387/1535
f 387/1535 218/1531 355/1534
f 355/1534 175/1530 317/1536
f 256/1533 387/1535 422/1537
f 422/1537 387/1535 474/1538
f 474/1538 387/1535 472/1539
f 472/1539 387/1535 489/1540
f 489/1540 387/1535 355/1534
f 355/1534 317/1536 438/1541
f 355/1534 438/1541 489/1540
f 489/1540 438/1541 503/1542
f 503/1542 438/1541 466/1543
f 503/1542 466/1543 441/1544
f 503/1542 441/1544 485/1545
f 689/1546 729/1547 867/1548
f 40/1549 49/1550 729/1547
f 729/1547 49/1550 756/1551
f 729/1547 756/1551 901/1552
f 729/1547 901/1552 867/1548
f 901/1552 756/1551 936/1553
f 867/1548 901/1552 995/1554
f 867/1548 995/1554 949/1555
f 867/1548 949/1555 829/1556
f 949/1555 995/1554 1015/1557
f 949/1555 1015/1557 977/1558
f 995/1554 901/1552 988/1559
f 901/1552 936/1553 982/1560
f 901/1552 982/1560 988/1559
f 988/1559 982/1560 1011/1561
f 982/1560 936/1553 961/1562
f 982/1560 961/1562 1012/1563
f 977/1564 1015/1565 948/1566
f 948/1566 1015/1565 997/1567
f 948/1566 997/1567 859/1568
f 859/1568 997/1567 892/1569
f 892/1569 997/1567 989/1570
f 892/1569 989/1570 1003/1571
f 859/1568 892/1569 704/1572
f 859/1568 704/1572 684/1573
f 704/1572 892/1569 857/1574
f 857/1574 892/1569 1003/1571
f 857/1574 1003/1571 984/1575
f 857/1574 984/1575 951/1576
f 951/1576 984/1575 1016/1577
f 323/1578 236/1579 261/1580
f 8/1581 684/1582 6/1583
f 8/1581 6/1583 171/1584
f 6/1585 684/1586 704/1587
f 213/1588 195/1589 345/1590
f 474/1591 495/1592 454/1593
f 879/1594 602/1595 648/1596
f 879/1594 648/1596 864/1597
f 879/1594 864/1597 934/1598
f 879/1594 934/1598 947/1599
f 879/1594 947/1599 900/1600
f 900/1600 947/1599 960/1601
f 934/1598 864/1597 924/1602
f 864/1597 648/1596 852/1603
f 864/1597 852/1603 924/1602
f 852/1603 648/1596 687/1604
f 924/1602 852/1603 909/1605
f 852/1603 687/1604 838/1606
f 852/1603 838/1606 909/1605
f 838/1606 687/1604 706/1607
f 909/1605 838/1606 876/1608
f 838/1606 706/1607 825/1609
f 838/1606 825/1609 876/1608
f 825/1609 706/1607 719/1610
f 876/1608 825/1609 850/1611
f 825/1609 719/1610 802/1612
f 825/1609 802/1612 850/1611
f 850/1611 802/1612 814/1613
f 802/1612 719/1610 728/1614
f 814/1613 802/1612 782/1615
f 782/1615 802/1612 728/1614
f 782/1615 728/1614 737/1616
f 921/1617 920/1618 893/1619
f 893/1619 920/1618 906/1620
f 893/1619 906/1620 873/1621
f 893/1619 873/1621 823/1622
f 823/1622 873/1621 815/1623
f 873/1621 906/1620 849/1624
f 873/1621 849/1624 815/1623
f 815/1623 849/1624 801/1625
f 849/1624 906/1620 870/1626
f 849/1624 870/1626 822/1627
f 822/1627 870/1626 833/1628
f 822/1627 833/1628 812/1629
f 835/1630 872/1631 814/1632
f 812/1633 834/1634 799/1635
f 812/1633 799/1635 780/1636
f 780/1636 799/1635 775/1637
f 775/1637 799/1635 800/1638
f 800/1638 799/1635 835/1639
f 800/1638 835/1639 814/1640
f 800/1638 814/1640 782/1641
f 800/1638 782/1641 776/1642
f 776/1642 782/1641 737/1643
f 776/1642 737/1643 736/1644
f 736/1644 737/1643 700/1645
f 700/1645 737/1643 702/1646
f 700/1645 702/1646 661/1647
f 736/1644 700/1645 735/1648
f 735/1648 700/1645 699/1649
f 799/1650 834/1651 835/1652
f 53/1653 153/1654 136/1655
f 53/1653 136/1655 50/1656
f 136/1655 153/1654 262/1657
f 262/1657 153/1654 272/1658
f 50/1659 136/1660 257/1661
f 257/1661 136/1660 262/1662
f 257/1661 262/1662 304/1663
f 50/1659 257/1661 639/1664
f 639/1664 257/1661 770/1665
f 770/1665 257/1661 125/1666
f 816/1667 784/1668 770/1665
f 816/1667 770/1665 125/1666
f 816/1667 125/1666 769/1669
f 769/1669 125/1666 638/1670
f 271/1671 137/1672 125/1666
f 125/1666 137/1672 47/1673
f 125/1666 47/1673 638/1670
f 638/1670 47/1673 651/1674
f 638/1670 651/1674 783/1675
f 304/1676 262/1677 272/1678
f 272/1679 153/1680 53/1681
f 272/1679 53/1681 652/1682
f 272/1679 652/1682 784/1683
f 272/1679 784/1683 830/1684
f 272/1679 830/1684 328/1685
f 328/1685 830/1684 271/1686
f 271/1686 830/1684 783/1687
f 271/1686 783/1687 651/1688
f 271/1686 651/1688 137/1689
f 137/1689 651/1688 51/1690
f 639/1691 53/1692 50/1693
f 53/1692 639/1691 652/1694
f 652/1694 639/1691 770/1695
f 652/1694 770/1695 784/1696
f 304/1697 271/1698 257/1699
f 257/1699 271/1698 125/1700
f 328/1701 304/1702 272/1703
f 304/1702 328/1701 271/1704
f 139/1705 53/1706 153/1707
f 53/1706 139/1705 55/1708
f 139/1705 153/1707 263/1709
f 263/1709 153/1707 272/1710
f 55/1708 139/1705 126/1711
f 126/1711 139/1705 263/1709
f 126/1711 263/1709 258/1712
f 126/1711 258/1712 109/1713
f 126/1711 109/1713 56/1714
f 56/1714 109/1713 59/1715
f 109/1713 258/1712 232/1716
f 232/1716 258/1712 296/1717
f 232/1716 296/1717 265/1718
f 53/1719 55/1720 640/1721
f 53/1719 640/1721 652/1722
f 652/1722 640/1721 771/1723
f 652/1722 771/1723 784/1724
f 784/1724 771/1723 817/1725
f 771/1723 640/1721 757/1726
f 757/1726 640/1721 641/1727
f 757/1726 641/1727 623/1728
f 623/1728 641/1727 56/1729
f 623/1728 56/1729 59/1730
f 757/1726 623/1728 743/1731
f 757/1726 743/1731 809/1732
f 809/1732 743/1731 777/1733
f 640/1734 55/1735 641/1736
f 641/1736 55/1735 56/1737
f 56/1737 55/1735 126/1738
f 258/1739 263/1740 305/1741
f 305/1741 263/1740 272/1742
f 258/1739 305/1741 296/1743
f 296/1743 305/1741 246/1744
f 305/1741 272/1742 328/1745
f 246/1744 305/1741 264/1746
f 264/1746 305/1741 328/1745
f 264/1746 328/1745 271/1747
f 59/1748 109/1749 62/1750
f 59/1748 62/1750 623/1751
f 62/1750 109/1749 90/1752
f 90/1752 109/1749 232/1753
f 623/1751 62/1750 603/1754
f 623/1751 603/1754 743/1755
f 62/1750 90/1752 61/1756
f 62/1750 61/1756 603/1754
f 90/1752 232/1753 219/1757
f 219/1757 232/1753 265/1758
f 61/1756 90/1752 99/1759
f 99/1759 90/1752 219/1757
f 743/1755 603/1754 730/1760
f 743/1755 730/1760 777/1761
f 603/1754 61/1756 611/1762
f 603/1754 611/1762 730/1760
s 0
f 61/1756 99/1759 60/1763
f 61/1756 60/1763 611/1762
s 1
f 99/1759 219/1757 140/1764
s 0
f 99/1759 140/1764 60/1763
s 1
f 234/1765 219/1757 265/1758
f 219/1757 234/1765 140/1764
f 234/1765 265/1758 233/1766
f 654/1767 730/1760 611/1762
s 0
f 654/1767 611/1762 60/1763
s 1
f 744/1768 777/1761 730/1760
f 744/1768 730/1760 654/1767
f 777/1761 744/1768 742/1769
f 744/1768 654/1767 731/1770
f 744/1768 731/1770 742/1769
s 0
f 654/1767 60/1763 612/1771
s 1
f 654/1767 612/1771 731/1770
f 809/1772 742/1769 758/1773
f 758/1773 742/1769 622/1774
f 742/1769 731/1770 604/1775
f 742/1769 604/1775 622/1774
f 604/1775 731/1770 612/1771
f 622/1774 604/1775 64/1776
f 622/1774 64/1776 58/1777
f 58/1777 64/1776 108/1778
f 604/1775 612/1771 63/1779
f 604/1775 63/1779 64/1776
s 0
f 63/1779 612/1771 60/1763
s 1
f 108/1778 64/1776 91/1780
f 91/1780 64/1776 63/1779
f 108/1778 91/1780 233/1766
s 0
f 63/1779 60/1763 100/1781
s 1
f 63/1779 100/1781 91/1780
s 0
f 100/1781 60/1763 140/1764
s 1
f 233/1766 91/1780 220/1782
f 220/1782 91/1780 100/1781
f 220/1782 100/1781 140/1764
f 233/1766 220/1782 234/1765
f 234/1765 220/1782 140/1764
f 771/1783 757/1784 817/1785
f 817/1785 757/1784 809/1786
f 817/1785 809/1786 758/1787
f 817/1785 758/1787 772/1788
f 817/1785 772/1788 830/1789
f 830/1789 772/1788 783/1790
f 817/1785 830/1789 784/1791
f 265/1792 296/1793 233/1794
f 233/1794 296/1793 246/1795
f 233/1794 246/1795 108/1796
f 108/1796 246/1795 127/1797
f 108/1796 127/1797 58/1798
f 127/1797 246/1795 264/1799
f 58/1798 127/1797 57/1800
f 127/1797 264/1799 138/1801
f 127/1797 138/1801 57/1800
f 138/1801 264/1799 271/1802
f 57/1800 138/1801 54/1803
f 138/1801 271/1802 137/1804
f 138/1801 137/1804 54/1803
f 54/1803 137/1804 51/1805
f 642/1806 58/1807 57/1808
f 58/1807 642/1806 622/1809
f 622/1809 642/1806 758/1810
f 642/1806 57/1808 54/1811
f 758/1810 642/1806 772/1812
f 772/1812 642/1806 653/1813
f 653/1813 642/1806 54/1811
f 772/1812 653/1813 783/1814
f 783/1814 653/1813 651/1815
f 651/1815 653/1813 54/1811
f 651/1815 54/1811 51/1816
f 777/1817 742/1818 809/1819
f 816/1820 830/1821 784/1822
f 830/1823 816/1824 783/1825
f 783/1825 816/1824 769/1826
f 783/1825 769/1826 638/1827
f 51/1828 47/1829 137/1830
f 47/1831 51/1832 651/1833
