# Blender 5.0.1
# www.blender.org
mtllib tripo_convert_0d854c08-fca0-44b3-b8e2-d53b96dcb798.mtl
o tripo_node_0d854c08-fca0-44b3-b8e2-d53b96dcb798
v 0.000977 0.330078 0.397461
v 0.000977 0.525391 -0.497070
v 0.002930 0.449219 0.475586
v 0.002930 0.460938 0.395508
v 0.002930 0.517578 0.487305
v 0.002930 0.521484 0.334961
v 0.002930 0.521484 0.497070
v 0.002930 0.533203 0.499023
v 0.002930 0.560547 0.499023
v 0.002930 0.585938 0.497070
v 0.002930 0.597656 0.495117
v 0.002930 0.601562 0.485352
v 0.002930 0.609375 0.336914
v 0.002930 0.621094 -0.401367
v 0.002930 0.015625 -0.461914
v 0.004883 0.439453 -0.475586
v 0.004883 0.515625 0.475586
v 0.004883 0.517578 0.395508
v 0.004883 0.521484 0.028320
v 0.004883 0.556641 0.475586
v 0.004883 0.560547 0.395508
v 0.004883 0.609375 0.028320
v 0.004883 0.210938 0.397461
v 0.004883 0.078125 0.272461
v 0.006836 0.519531 -0.288086
v 0.006836 0.576172 -0.499023
v 0.006836 0.583984 0.473633
v 0.006836 0.587891 0.395508
v 0.006836 0.603516 0.473633
v 0.006836 0.605469 -0.290039
v 0.006836 0.083984 0.379883
v 0.006836 0.076172 0.002930
v 0.008789 0.328125 -0.393555
v 0.008789 0.511719 -0.485352
v 0.008789 0.515625 -0.493164
v 0.008789 0.527344 -0.497070
v 0.008789 0.550781 -0.499023
v 0.008789 0.589844 -0.497070
v 0.008789 0.595703 -0.489258
v 0.008789 0.605469 0.395508
v 0.008789 0.615234 0.471680
v 0.008789 0.074219 -0.268555
v 0.010742 0.453125 -0.395508
v 0.010742 0.507812 -0.475586
v 0.010742 0.535156 0.499023
v 0.010742 0.550781 -0.475586
v 0.010742 0.585938 0.497070
v 0.010742 0.619141 0.397461
v 0.010742 0.626953 0.469727
v 0.010742 0.080078 -0.375977
v 0.010742 0.007812 0.432617
v 0.012695 0.509766 -0.395508
v 0.012695 0.578125 -0.475586
v 0.012695 0.628906 0.399414
v 0.012695 0.636719 0.463867
v 0.012695 0.640625 0.456055
v 0.012695 0.208984 -0.393555
v 0.014648 0.523438 0.497070
v 0.014648 0.548828 -0.395508
v 0.014648 0.574219 -0.499023
v 0.014648 0.576172 -0.395508
v 0.014648 0.595703 0.495117
v 0.014648 0.595703 -0.473633
v 0.014648 0.611328 -0.473633
v 0.014648 0.632812 0.403320
v 0.014648 0.638672 0.413086
v 0.014648 0.642578 0.434570
v 0.016602 0.519531 0.487305
v 0.016602 0.523438 0.334961
v 0.016602 0.595703 -0.397461
v 0.016602 0.599609 0.485352
v 0.016602 0.607422 0.336914
v 0.016602 0.609375 -0.399414
v 0.016602 0.621094 -0.469727
v 0.018555 0.523438 0.028320
v 0.018555 0.527344 -0.497070
v 0.018555 0.539062 0.499023
v 0.018555 0.582031 0.499023
v 0.018555 0.607422 0.028320
v 0.018555 0.621094 -0.401367
v 0.018555 0.626953 -0.463867
v 0.018555 0.630859 -0.407227
v 0.018555 0.630859 -0.458008
v 0.020508 0.513672 -0.485352
v 0.020508 0.517578 -0.493164
v 0.020508 0.521484 -0.288086
v 0.020508 0.587891 -0.497070
v 0.020508 0.603516 -0.290039
v 0.020508 0.632812 -0.415039
v 0.020508 0.632812 -0.438477
v 0.022461 0.533203 -0.497070
v 0.022461 0.591797 -0.489258
v 0.022461 0.003906 -0.430664
v 0.024414 0.529297 0.497070
v 0.024414 0.544922 0.499023
v 0.024414 0.574219 -0.499023
v 0.024414 0.576172 0.499023
v 0.024414 0.589844 0.495117
v 0.024414 0.625000 0.469727
v 0.024414 0.103516 0.393555
v 0.026367 0.531250 -0.497070
v 0.028320 0.525391 0.487305
v 0.028320 0.529297 0.334961
v 0.028320 0.550781 0.499023
v 0.028320 0.560547 0.499023
v 0.028320 0.566406 -0.499023
v 0.028320 0.568359 0.499023
v 0.028320 0.593750 0.485352
v 0.028320 0.601562 0.336914
v 0.030273 0.523438 -0.493164
v 0.030273 0.539062 -0.497070
v 0.030273 0.544922 -0.499023
v 0.030273 0.582031 -0.497070
v 0.030273 0.619141 -0.401367
v 0.030273 0.628906 0.399414
v 0.030273 0.632812 0.465820
v 0.030273 0.101562 -0.389648
v 0.032227 0.521484 -0.485352
v 0.032227 0.527344 -0.288086
v 0.032227 0.529297 0.028320
v 0.032227 0.552734 -0.499023
v 0.032227 0.585938 -0.487305
v 0.032227 0.597656 -0.290039
v 0.032227 0.601562 0.028320
v 0.032227 0.617188 0.471680
v 0.034180 0.537109 0.497070
v 0.034180 0.560547 -0.499023
v 0.034180 0.582031 0.495117
v 0.034180 0.619141 -0.469727
v 0.036133 0.535156 0.487305
v 0.036133 0.583984 0.485352
v 0.036133 0.625000 -0.405273
v 0.036133 0.630859 0.401367
v 0.036133 0.636719 0.458008
v 0.038086 0.533203 -0.495117
v 0.038086 0.539062 0.334961
v 0.038086 0.574219 -0.497070
v 0.038086 0.591797 0.336914
v 0.038086 0.611328 -0.399414
v 0.038086 0.619141 0.397461
v 0.038086 0.623047 -0.465820
v 0.038086 0.638672 0.432617
v 0.040039 0.539062 0.028320
v 0.040039 0.548828 0.497070
v 0.040039 0.560547 0.495117
v 0.040039 0.572266 0.495117
v 0.040039 0.591797 0.028320
v 0.040039 0.634766 0.411133
v 0.041992 0.531250 -0.485352
v 0.041992 0.537109 -0.288086
v 0.041992 0.542969 -0.495117
v 0.041992 0.546875 0.487305
v 0.041992 0.564453 -0.497070
v 0.041992 0.572266 0.485352
v 0.041992 0.578125 -0.487305
v 0.041992 0.587891 -0.290039
v 0.041992 0.625000 -0.459961
v 0.041992 0.628906 -0.413086
v 0.043945 0.550781 0.336914
v 0.043945 0.552734 -0.495117
v 0.043945 0.560547 0.485352
v 0.043945 0.578125 0.336914
v 0.043945 0.605469 0.473633
v 0.043945 0.611328 -0.471680
v 0.043945 0.626953 -0.438477
v 0.045898 0.552734 0.028320
v 0.045898 0.580078 0.030273
v 0.045898 0.007812 0.446289
v 0.047852 0.541016 -0.485352
v 0.047852 0.548828 -0.288086
v 0.047852 0.564453 0.336914
v 0.047852 0.566406 -0.487305
v 0.047852 0.576172 -0.288086
v 0.047852 0.605469 0.397461
v 0.047852 0.623047 0.467773
v 0.049805 0.554688 -0.487305
v 0.049805 0.566406 0.028320
v 0.049805 0.597656 -0.397461
v 0.051758 0.562500 -0.288086
v 0.051758 0.621094 0.401367
v 0.053711 0.585938 0.473633
v 0.053711 0.595703 -0.473633
v 0.053711 0.615234 -0.403320
v 0.053711 0.626953 0.459961
v 0.055664 0.585938 0.395508
v 0.057617 0.613281 -0.467773
v 0.057617 0.625000 0.409180
v 0.057617 0.628906 0.434570
v 0.057617 0.003906 -0.442383
v 0.059570 0.578125 -0.395508
v 0.061523 0.558594 0.475586
v 0.061523 0.578125 -0.473633
v 0.061523 0.617188 -0.459961
v 0.061523 0.619141 -0.411133
v 0.061523 0.007812 -0.315430
v 0.063477 0.619141 -0.438477
v 0.063477 0.009766 0.456055
v 0.065430 0.558594 0.395508
v 0.065430 0.609375 0.467773
v 0.067383 0.546875 -0.395508
v 0.067383 0.607422 0.401367
v 0.069336 0.005859 -0.450195
v 0.071289 0.548828 -0.473633
v 0.071289 0.599609 -0.401367
v 0.071289 0.611328 0.409180
v 0.071289 0.613281 0.459961
v 0.073242 0.599609 -0.469727
v 0.073242 0.613281 0.434570
v 0.075195 0.515625 0.475586
v 0.077148 0.603516 -0.411133
v 0.077148 0.603516 -0.459961
v 0.079102 0.515625 0.395508
v 0.079102 0.589844 0.469727
v 0.079102 0.605469 -0.438477
v 0.081055 0.505859 -0.395508
v 0.081055 0.587891 0.401367
v 0.084961 0.505859 -0.473633
v 0.084961 0.580078 -0.401367
v 0.084961 0.593750 0.409180
v 0.084961 0.593750 0.458008
v 0.086914 0.580078 -0.469727
v 0.086914 0.593750 0.434570
v 0.092773 0.558594 0.471680
v 0.092773 0.583984 -0.459961
v 0.092773 0.585938 -0.411133
v 0.094727 0.558594 0.401367
v 0.094727 0.585938 -0.438477
v 0.094727 0.007812 0.452148
v 0.096680 0.466797 0.475586
v 0.098633 0.550781 -0.399414
v 0.100586 0.562500 0.409180
v 0.100586 0.562500 0.458008
v 0.100586 0.564453 0.434570
v 0.102539 0.449219 -0.395508
v 0.102539 0.453125 0.397461
v 0.102539 0.550781 -0.467773
v 0.104492 0.455078 -0.473633
v 0.106445 0.552734 -0.459961
v 0.106445 0.554688 -0.411133
v 0.106445 0.054688 0.475586
v 0.108398 0.515625 0.469727
v 0.108398 0.554688 -0.438477
v 0.108398 0.001953 -0.446289
v 0.110352 0.515625 0.401367
v 0.114258 0.505859 -0.399414
v 0.116211 0.515625 0.409180
v 0.116211 0.517578 0.459961
v 0.118164 0.517578 0.434570
v 0.118164 0.046875 -0.469727
v 0.120117 0.507812 -0.469727
v 0.124023 0.507812 -0.411133
v 0.124023 0.507812 -0.459961
v 0.124023 0.142578 0.477539
v 0.125977 0.369141 0.475586
v 0.125977 0.509766 -0.438477
v 0.125977 0.023438 0.471680
v 0.125977 0.003906 0.288086
v 0.129883 0.359375 -0.471680
v 0.129883 0.468750 0.401367
v 0.129883 0.191406 0.391602
v 0.129883 0.017578 -0.463867
v 0.131836 0.472656 0.471680
v 0.131836 0.134766 -0.471680
v 0.131836 0.003906 0.389648
v 0.133789 0.007812 0.004883
v 0.133789 0.003906 0.407227
v 0.135742 0.462891 -0.399414
v 0.135742 0.474609 0.409180
v 0.137695 0.474609 0.459961
v 0.137695 0.195312 -0.389648
v 0.137695 0.003906 0.424805
v 0.139648 0.474609 0.434570
v 0.139648 0.320312 -0.387695
v 0.141602 0.464844 -0.467773
v 0.141602 0.095703 0.381836
v 0.143555 0.095703 -0.374023
v 0.143555 0.091797 0.274414
v 0.145508 0.466797 -0.411133
v 0.145508 0.091797 0.002930
v 0.145508 0.091797 -0.266602
v 0.145508 0.005859 0.442383
v 0.147461 0.466797 -0.438477
v 0.147461 0.466797 -0.459961
v 0.147461 0.000000 -0.407227
v 0.149414 0.316406 0.397461
v 0.149414 0.009766 0.458008
v 0.153320 0.107422 0.395508
v 0.153320 0.007812 0.452148
v 0.155273 0.105469 -0.385742
v 0.159180 0.003906 -0.448242
v 0.159180 0.000000 -0.426758
v 0.163086 0.416016 0.399414
v 0.163086 0.193359 0.370117
v 0.166992 0.195312 0.268555
v 0.168945 0.410156 -0.397461
v 0.168945 0.431641 0.471680
v 0.168945 0.001953 -0.442383
v 0.168945 0.000000 -0.387695
v 0.168945 0.000000 -0.436523
v 0.170898 0.435547 0.405273
v 0.170898 0.283203 0.268555
v 0.170898 0.281250 0.375977
v 0.170898 0.195312 0.002930
v 0.170898 0.193359 -0.374023
v 0.172852 0.296875 -0.375977
v 0.172852 0.195312 -0.264648
v 0.174805 0.417969 -0.469727
v 0.174805 0.437500 0.461914
v 0.174805 0.285156 0.002930
v 0.176758 0.437500 0.434570
v 0.176758 0.289062 -0.266602
v 0.180664 0.009766 -0.280273
v 0.182617 0.425781 -0.459961
v 0.182617 0.429688 -0.407227
v 0.184570 0.429688 -0.436523
v 0.186523 0.242188 0.475586
v 0.190430 0.322266 -0.383789
v 0.190430 0.251953 -0.471680
v 0.190430 0.025391 0.473633
v 0.192383 0.326172 0.399414
v 0.194336 0.322266 0.377930
v 0.194336 0.386719 0.397461
v 0.194336 0.000000 -0.375977
v 0.196289 0.322266 0.266602
v 0.196289 0.031250 0.475586
v 0.196289 0.017578 -0.461914
v 0.198242 0.322266 0.006836
v 0.198242 0.320312 -0.366211
v 0.200195 0.322266 -0.254883
v 0.202148 0.390625 0.471680
v 0.202148 0.041016 0.477539
v 0.202148 0.015625 0.465820
v 0.204102 0.369141 -0.395508
v 0.204102 0.023438 -0.465820
v 0.204102 0.007812 0.442383
v 0.204102 0.005859 0.395508
v 0.204102 0.005859 0.403320
v 0.206055 0.398438 0.405273
v 0.206055 0.066406 0.477539
v 0.206055 0.009766 0.456055
v 0.206055 0.005859 0.286133
v 0.206055 0.005859 0.385742
v 0.206055 0.005859 0.418945
v 0.208008 0.371094 -0.469727
v 0.209961 0.400391 0.461914
v 0.209961 0.033203 -0.465820
v 0.209961 0.007812 0.002930
v 0.211914 0.400391 0.434570
v 0.211914 0.062500 -0.467773
v 0.213867 0.132812 0.475586
v 0.213867 0.007812 -0.452148
v 0.213867 0.003906 -0.377930
v 0.213867 0.003906 -0.387695
v 0.215820 0.359375 0.399414
v 0.215820 0.386719 -0.459961
v 0.215820 0.132812 -0.467773
v 0.215820 0.023438 0.469727
v 0.215820 0.011719 -0.274414
v 0.217773 0.330078 0.471680
v 0.217773 0.392578 -0.407227
v 0.217773 0.392578 -0.434570
v 0.217773 0.320312 0.399414
v 0.217773 0.318359 0.381836
v 0.217773 0.011719 0.395508
v 0.217773 0.003906 -0.397461
v 0.219727 0.318359 0.272461
v 0.219727 0.316406 0.008789
v 0.219727 0.011719 0.290039
v 0.219727 0.011719 0.387695
v 0.219727 0.011719 0.401367
v 0.219727 0.003906 -0.442383
v 0.221680 0.314453 -0.250977
v 0.221680 0.312500 -0.368164
v 0.221680 0.312500 -0.383789
v 0.221680 0.023438 0.395508
v 0.221680 0.017578 -0.276367
v 0.221680 0.015625 0.459961
v 0.221680 0.013672 0.004883
v 0.221680 0.001953 -0.413086
v 0.223633 0.324219 -0.469727
v 0.223633 0.195312 0.473633
v 0.223633 0.033203 0.471680
v 0.223633 0.011719 0.416992
v 0.223633 0.011719 0.442383
v 0.223633 0.007812 -0.377930
v 0.223633 0.001953 -0.432617
v 0.225586 0.027344 -0.276367
v 0.225586 0.023438 0.387695
v 0.225586 0.015625 -0.456055
v 0.225586 0.009766 -0.389648
v 0.227539 0.353516 0.467773
v 0.227539 0.363281 0.409180
v 0.227539 0.292969 0.471680
v 0.227539 0.195312 -0.469727
v 0.227539 0.058594 0.473633
v 0.227539 0.052734 0.395508
v 0.227539 0.023438 0.401367
v 0.227539 0.021484 0.290039
v 0.229492 0.330078 0.401367
v 0.229492 0.339844 -0.395508
v 0.229492 0.056641 -0.268555
v 0.229492 0.025391 0.461914
v 0.229492 0.023438 0.004883
v 0.229492 0.019531 -0.375977
v 0.231445 0.269531 0.471680
v 0.231445 0.052734 0.387695
v 0.231445 0.019531 -0.389648
v 0.231445 0.009766 -0.395508
v 0.233398 0.343750 -0.467773
v 0.233398 0.359375 0.459961
v 0.233398 0.361328 0.436523
v 0.233398 0.306641 0.397461
v 0.233398 0.117188 0.471680
v 0.233398 0.115234 0.397461
v 0.233398 0.052734 0.401367
v 0.233398 0.027344 -0.459961
v 0.233398 0.021484 0.413086
v 0.233398 0.021484 0.442383
v 0.233398 0.009766 -0.446289
v 0.235352 0.330078 0.467773
v 0.235352 0.306641 0.387695
v 0.235352 0.294922 -0.469727
v 0.235352 0.187500 0.397461
v 0.235352 0.115234 -0.260742
v 0.235352 0.054688 0.463867
v 0.235352 0.054688 -0.461914
v 0.235352 0.052734 0.006836
v 0.235352 0.050781 0.290039
v 0.235352 0.007812 -0.409180
v 0.237305 0.351562 -0.459961
v 0.237305 0.304688 0.284180
v 0.237305 0.304688 0.401367
v 0.237305 0.269531 0.399414
v 0.237305 0.263672 -0.469727
v 0.237305 0.115234 0.387695
v 0.237305 0.115234 0.399414
v 0.237305 0.115234 -0.461914
v 0.237305 0.007812 -0.430664
v 0.239258 0.333984 0.411133
v 0.239258 0.355469 -0.409180
v 0.239258 0.308594 0.467773
v 0.239258 0.300781 0.008789
v 0.239258 0.267578 0.389648
v 0.239258 0.187500 0.387695
v 0.239258 0.187500 0.401367
v 0.239258 0.187500 0.469727
v 0.239258 0.185547 -0.258789
v 0.239258 0.115234 0.006836
v 0.239258 0.048828 -0.375977
v 0.239258 0.048828 -0.389648
v 0.239258 0.019531 -0.393555
v 0.241211 0.333984 0.459961
v 0.241211 0.355469 -0.436523
v 0.241211 0.318359 -0.467773
v 0.241211 0.300781 -0.374023
v 0.241211 0.298828 -0.260742
v 0.241211 0.298828 -0.387695
v 0.241211 0.273438 0.401367
v 0.241211 0.273438 0.467773
v 0.241211 0.185547 0.006836
v 0.241211 0.115234 0.288086
v 0.241211 0.052734 0.442383
v 0.241211 0.050781 0.413086
v 0.241211 0.019531 -0.448242
v 0.243164 0.333984 0.436523
v 0.243164 0.318359 -0.395508
v 0.243164 0.265625 0.288086
v 0.243164 0.187500 0.288086
v 0.243164 0.183594 -0.463867
v 0.243164 0.115234 0.459961
v 0.243164 0.113281 -0.391602
v 0.243164 0.017578 -0.407227
v 0.243164 0.017578 -0.432617
v 0.245117 0.310547 0.459961
v 0.245117 0.306641 0.409180
v 0.245117 0.294922 -0.465820
v 0.245117 0.261719 0.006836
v 0.245117 0.183594 -0.391602
v 0.245117 0.113281 -0.379883
v 0.245117 0.048828 -0.393555
v 0.245117 0.048828 -0.452148
v 0.247070 0.324219 -0.458008
v 0.247070 0.308594 0.434570
v 0.247070 0.265625 -0.391602
v 0.247070 0.261719 -0.465820
v 0.247070 0.187500 0.458008
v 0.247070 0.183594 -0.379883
v 0.247070 0.115234 0.409180
v 0.247070 0.115234 0.438477
v 0.249023 0.326172 -0.409180
v 0.249023 0.326172 -0.436523
v 0.249023 0.300781 -0.395508
v 0.249023 0.275391 0.409180
v 0.249023 0.275391 0.459961
v 0.249023 0.265625 -0.379883
v 0.249023 0.259766 -0.268555
v 0.249023 0.187500 0.409180
v 0.249023 0.111328 -0.393555
v 0.249023 0.048828 -0.407227
v 0.250977 0.296875 -0.458008
v 0.250977 0.275391 0.434570
v 0.250977 0.187500 0.436523
v 0.250977 0.183594 -0.395508
v 0.250977 0.111328 -0.452148
v 0.250977 0.046875 -0.432617
v 0.252930 0.263672 -0.397461
v 0.252930 0.181641 -0.454102
v 0.254883 0.300781 -0.409180
v 0.254883 0.298828 -0.434570
v 0.254883 0.261719 -0.456055
v 0.254883 0.111328 -0.407227
v 0.254883 0.111328 -0.432617
v 0.256836 0.183594 -0.407227
v 0.258789 0.261719 -0.409180
v 0.258789 0.261719 -0.434570
v 0.258789 0.181641 -0.434570
v -0.000977 0.578125 -0.499023
v -0.000977 0.621094 -0.469727
v -0.000977 0.626953 -0.407227
v -0.002930 0.517578 -0.495117
v -0.002930 0.587891 -0.497070
v -0.002930 0.593750 -0.489258
v -0.002930 0.625000 -0.463867
v -0.002930 0.630859 -0.415039
v -0.004883 0.513672 -0.485352
v -0.004883 0.535156 0.499023
v -0.004883 0.585938 0.497070
v -0.004883 0.626953 0.469727
v -0.004883 0.628906 0.399414
v -0.004883 0.628906 -0.458008
v -0.004883 0.630859 -0.438477
v -0.004883 0.281250 0.475586
v -0.004883 0.269531 -0.475586
v -0.006836 0.521484 -0.288086
v -0.006836 0.531250 -0.497070
v -0.006836 0.578125 -0.499023
v -0.006836 0.603516 -0.290039
v -0.006836 0.630859 0.401367
v -0.006836 0.634766 0.463867
v -0.006836 0.021484 0.463867
v -0.008789 0.523438 0.028320
v -0.008789 0.523438 0.497070
v -0.008789 0.570312 -0.499023
v -0.008789 0.595703 0.495117
v -0.008789 0.607422 0.028320
v -0.008789 0.611328 -0.399414
v -0.008789 0.638672 0.456055
v -0.010742 0.519531 0.487305
v -0.010742 0.523438 0.334961
v -0.010742 0.599609 0.485352
v -0.010742 0.607422 0.336914
v -0.010742 0.638672 0.413086
v -0.010742 0.640625 0.434570
v -0.012695 0.523438 -0.495117
v -0.012695 0.539062 0.499023
v -0.012695 0.572266 -0.499023
v -0.012695 0.582031 0.497070
v -0.012695 0.583984 -0.497070
v -0.012695 0.613281 -0.471680
v -0.014648 0.521484 -0.485352
v -0.014648 0.537109 -0.499023
v -0.014648 0.544922 -0.499023
v -0.014648 0.587891 -0.489258
v -0.016602 0.554688 -0.499023
v -0.016602 0.562500 -0.499023
v -0.016602 0.619141 0.471680
v -0.016602 0.007812 0.008789
v -0.018555 0.527344 -0.288086
v -0.018555 0.544922 0.499023
v -0.018555 0.576172 0.499023
v -0.018555 0.597656 -0.290039
v -0.018555 0.597656 -0.399414
v -0.018555 0.621094 0.397461
v -0.020508 0.529297 0.028320
v -0.020508 0.529297 0.495117
v -0.020508 0.531250 -0.495117
v -0.020508 0.576172 -0.497070
v -0.020508 0.589844 0.495117
v -0.020508 0.601562 0.028320
v -0.020508 0.617188 -0.405273
v -0.022461 0.525391 0.487305
v -0.022461 0.529297 0.334961
v -0.022461 0.550781 0.499023
v -0.022461 0.568359 0.499023
v -0.022461 0.593750 0.485352
v -0.022461 0.601562 0.336914
v -0.024414 0.529297 -0.487305
v -0.024414 0.560547 0.499023
v -0.024414 0.578125 -0.489258
v -0.024414 0.003906 -0.413086
v -0.026367 0.542969 -0.495117
v -0.026367 0.566406 -0.497070
v -0.026367 0.599609 -0.473633
v -0.026367 0.617188 -0.467773
v -0.026367 0.623047 -0.413086
v -0.026367 0.058594 -0.475586
v -0.028320 0.537109 0.495117
v -0.028320 0.537109 -0.288086
v -0.028320 0.554688 -0.497070
v -0.028320 0.582031 0.495117
v -0.028320 0.587891 -0.290039
v -0.028320 0.605469 0.471680
v -0.028320 0.621094 -0.459961
v -0.028320 0.623047 -0.438477
v -0.028320 0.625000 0.465820
v -0.030273 0.539062 0.028320
v -0.030273 0.541016 -0.487305
v -0.030273 0.566406 -0.489258
v -0.030273 0.580078 -0.397461
v -0.030273 0.591797 0.028320
v -0.030273 0.625000 0.401367
v -0.030273 0.007812 0.415039
v -0.032227 0.535156 0.485352
v -0.032227 0.539062 0.334961
v -0.032227 0.554688 -0.487305
v -0.032227 0.583984 0.485352
v -0.032227 0.591797 0.336914
v -0.032227 0.607422 0.395508
v -0.032227 0.630859 0.456055
v -0.034180 0.548828 0.495117
v -0.034180 0.548828 -0.288086
v -0.034180 0.572266 0.495117
v -0.034180 0.576172 -0.290039
v -0.034180 0.630859 0.411133
v -0.034180 0.632812 0.432617
v -0.034180 0.005859 -0.446289
v -0.036133 0.552734 0.028320
v -0.036133 0.560547 0.495117
v -0.036133 0.562500 -0.290039
v -0.036133 0.580078 0.028320
v -0.036133 0.582031 -0.475586
v -0.036133 0.064453 0.475586
v -0.038086 0.546875 0.485352
v -0.038086 0.550781 0.334961
v -0.038086 0.566406 0.028320
v -0.038086 0.572266 0.485352
v -0.038086 0.578125 0.336914
v -0.038086 0.603516 -0.403320
v -0.040039 0.550781 -0.397461
v -0.040039 0.560547 0.485352
v -0.040039 0.564453 0.336914
v -0.040039 0.585938 0.471680
v -0.041992 0.589844 0.395508
v -0.041992 0.009766 0.448242
v -0.045898 0.603516 -0.469727
v -0.047852 0.552734 -0.475586
v -0.047852 0.607422 -0.413086
v -0.047852 0.607422 -0.461914
v -0.047852 0.611328 0.467773
v -0.049805 0.609375 -0.438477
v -0.051758 0.558594 0.473633
v -0.051758 0.613281 0.399414
v -0.053711 0.562500 0.393555
v -0.053711 0.617188 0.458008
v -0.055664 0.511719 -0.397461
v -0.055664 0.583984 -0.403320
v -0.055664 0.615234 0.409180
v -0.055664 0.617188 0.432617
v -0.061523 0.585938 -0.469727
v -0.063477 0.589844 -0.413086
v -0.063477 0.005859 -0.438477
v -0.065430 0.511719 -0.475586
v -0.065430 0.519531 0.473633
v -0.065430 0.589844 -0.438477
v -0.065430 0.589844 -0.461914
v -0.065430 0.591797 0.467773
v -0.067383 0.593750 0.399414
v -0.071289 0.521484 0.393555
v -0.071289 0.554688 -0.401367
v -0.071289 0.597656 0.407227
v -0.071289 0.597656 0.458008
v -0.073242 0.599609 0.432617
v -0.073242 0.009766 0.440430
v -0.077148 0.556641 -0.471680
v -0.079102 0.464844 -0.397461
v -0.079102 0.009766 -0.458008
v -0.081055 0.560547 -0.413086
v -0.081055 0.560547 -0.461914
v -0.081055 0.562500 0.467773
v -0.083008 0.560547 -0.438477
v -0.083008 0.566406 0.397461
v -0.086914 0.568359 0.458008
v -0.086914 0.013672 0.458008
v -0.088867 0.466797 -0.477539
v -0.088867 0.474609 0.471680
v -0.088867 0.568359 0.407227
v -0.088867 0.570312 0.432617
v -0.088867 0.101562 -0.391602
v -0.092773 0.470703 0.393555
v -0.092773 0.513672 -0.401367
v -0.094727 0.009766 0.370117
v -0.096680 0.513672 -0.471680
v -0.098633 0.105469 0.391602
v -0.100586 0.517578 -0.411133
v -0.100586 0.521484 0.467773
v -0.102539 0.515625 -0.463867
v -0.102539 0.517578 -0.440430
v -0.102539 0.523438 0.397461
v -0.106445 0.523438 0.403320
v -0.106445 0.525391 0.459961
v -0.106445 0.224609 -0.395508
v -0.108398 0.525391 0.432617
v -0.116211 0.476562 -0.401367
v -0.118164 0.234375 0.395508
v -0.118164 0.107422 -0.377930
v -0.118164 0.007812 -0.456055
v -0.120117 0.412109 0.471680
v -0.122070 0.373047 -0.397461
v -0.122070 0.476562 -0.473633
v -0.124023 0.484375 0.467773
v -0.124023 0.113281 0.377930
v -0.125977 0.398438 -0.477539
v -0.125977 0.478516 -0.465820
v -0.125977 0.480469 -0.411133
v -0.125977 0.482422 0.395508
v -0.125977 0.105469 -0.270508
v -0.127930 0.480469 -0.440430
v -0.127930 0.111328 0.268555
v -0.127930 0.107422 0.000977
v -0.129883 0.486328 0.401367
v -0.129883 0.488281 0.459961
v -0.129883 0.011719 0.454102
v -0.131836 0.488281 0.432617
v -0.135742 0.011719 -0.313477
v -0.145508 0.365234 0.395508
v -0.147461 0.234375 0.471680
v -0.151367 0.228516 -0.377930
v -0.153320 0.439453 -0.401367
v -0.153320 0.025391 -0.473633
v -0.155273 0.445312 0.395508
v -0.155273 0.013672 0.002930
v -0.157227 0.453125 0.467773
v -0.157227 0.033203 0.469727
v -0.159180 0.349609 -0.379883
v -0.159180 0.441406 -0.475586
v -0.159180 0.234375 0.372070
v -0.159180 0.230469 -0.270508
v -0.161133 0.457031 0.401367
v -0.161133 0.232422 -0.000977
v -0.161133 0.007812 -0.434570
v -0.163086 0.349609 -0.274414
v -0.163086 0.447266 -0.467773
v -0.163086 0.458984 0.432617
v -0.163086 0.458984 0.459961
v -0.163086 0.234375 0.258789
v -0.163086 0.212891 -0.477539
v -0.163086 0.074219 -0.477539
v -0.163086 0.009766 -0.413086
v -0.165039 0.353516 -0.002930
v -0.165039 0.361328 0.375977
v -0.165039 0.447266 -0.407227
v -0.165039 0.447266 -0.438477
v -0.165039 0.082031 0.471680
v -0.166992 0.357422 0.264648
v -0.170898 0.013672 -0.467773
v -0.172852 0.017578 0.461914
v -0.172852 0.007812 -0.452148
v -0.182617 0.013672 0.434570
v -0.182617 0.013672 0.450195
v -0.184570 0.011719 -0.379883
v -0.186523 0.337891 -0.477539
v -0.186523 0.367188 0.467773
v -0.186523 0.396484 -0.387695
v -0.186523 0.400391 -0.399414
v -0.186523 0.408203 0.391602
v -0.188477 0.396484 -0.278320
v -0.188477 0.015625 0.290039
v -0.188477 0.011719 0.411133
v -0.190430 0.398438 -0.002930
v -0.190430 0.400391 0.375977
v -0.190430 0.421875 0.395508
v -0.192383 0.400391 0.270508
v -0.192383 0.419922 0.465820
v -0.192383 0.429688 0.403320
v -0.194336 0.408203 -0.401367
v -0.196289 0.402344 -0.473633
v -0.196289 0.013672 0.393555
v -0.198242 0.427734 0.459961
v -0.198242 0.429688 0.430664
v -0.200195 0.414062 -0.407227
v -0.200195 0.414062 -0.463867
v -0.202148 0.414062 -0.438477
v -0.206055 0.033203 0.469727
v -0.206055 0.027344 -0.475586
v -0.209961 0.015625 0.379883
v -0.211914 0.033203 -0.477539
v -0.213867 0.367188 -0.389648
v -0.213867 0.039062 0.471680
v -0.215820 0.365234 -0.399414
v -0.215820 0.367188 -0.280273
v -0.217773 0.373047 0.391602
v -0.217773 0.025391 0.465820
v -0.217773 0.021484 -0.471680
v -0.219727 0.371094 0.268555
v -0.219727 0.371094 0.377930
v -0.219727 0.371094 -0.002930
v -0.219727 0.371094 -0.401367
v -0.219727 0.371094 -0.471680
v -0.219727 0.386719 0.463867
v -0.219727 0.388672 0.397461
v -0.219727 0.201172 -0.475586
v -0.219727 0.017578 -0.284180
v -0.221680 0.210938 0.467773
v -0.221680 0.044922 -0.477539
v -0.221680 0.015625 -0.393555
v -0.221680 0.015625 -0.461914
v -0.221680 0.013672 -0.401367
v -0.221680 0.013672 -0.416992
v -0.221680 0.013672 -0.442383
v -0.223633 0.375000 -0.407227
v -0.223633 0.376953 -0.461914
v -0.223633 0.394531 0.405273
v -0.223633 0.298828 -0.475586
v -0.223633 0.103516 -0.477539
v -0.223633 0.019531 -0.000977
v -0.223633 0.015625 -0.383789
v -0.225586 0.343750 -0.399414
v -0.225586 0.345703 -0.389648
v -0.225586 0.376953 -0.436523
v -0.225586 0.392578 0.458008
v -0.225586 0.050781 0.469727
v -0.225586 0.023438 0.278320
v -0.227539 0.326172 0.465820
v -0.227539 0.394531 0.432617
v -0.227539 0.111328 0.469727
v -0.227539 0.050781 -0.475586
v -0.227539 0.027344 -0.471680
v -0.227539 0.019531 0.377930
v -0.227539 0.019531 0.456055
v -0.229492 0.324219 -0.399414
v -0.229492 0.341797 -0.473633
v -0.229492 0.347656 -0.282227
v -0.229492 0.031250 0.465820
v -0.231445 0.324219 -0.389648
v -0.231445 0.345703 -0.401367
v -0.231445 0.283203 -0.399414
v -0.231445 0.031250 0.278320
v -0.231445 0.023438 -0.288086
v -0.231445 0.023438 -0.393555
v -0.231445 0.019531 0.389648
v -0.233398 0.349609 0.374023
v -0.233398 0.353516 0.391602
v -0.233398 0.361328 0.461914
v -0.233398 0.316406 -0.471680
v -0.233398 0.056641 0.469727
v -0.233398 0.027344 -0.002930
v -0.233398 0.023438 -0.385742
v -0.233398 0.023438 -0.461914
v -0.233398 0.021484 -0.399414
v -0.235352 0.324219 -0.401367
v -0.235352 0.347656 -0.409180
v -0.235352 0.349609 0.260742
v -0.235352 0.349609 -0.004883
v -0.235352 0.349609 -0.461914
v -0.235352 0.359375 0.397461
v -0.235352 0.283203 -0.389648
v -0.235352 0.199219 -0.397461
v -0.235352 0.041016 0.276367
v -0.235352 0.037109 -0.471680
v -0.235352 0.033203 -0.393555
v -0.235352 0.025391 0.379883
v -0.235352 0.019531 0.397461
v -0.235352 0.017578 0.436523
v -0.237305 0.328125 -0.284180
v -0.237305 0.349609 -0.438477
v -0.237305 0.287109 -0.471680
v -0.237305 0.283203 -0.401367
v -0.237305 0.199219 -0.471680
v -0.237305 0.125000 -0.395508
v -0.237305 0.070312 0.270508
v -0.237305 0.019531 -0.413086
v -0.237305 0.019531 -0.440430
v -0.237305 0.017578 0.409180
v -0.239258 0.330078 0.391602
v -0.239258 0.343750 0.461914
v -0.239258 0.365234 0.456055
v -0.239258 0.203125 0.260742
v -0.239258 0.199219 -0.387695
v -0.239258 0.130859 0.262695
v -0.239258 0.115234 -0.471680
v -0.239258 0.062500 -0.395508
v -0.239258 0.056641 -0.471680
v -0.239258 0.037109 -0.004883
v -0.239258 0.035156 -0.288086
v -0.239258 0.033203 -0.385742
v -0.239258 0.033203 -0.399414
v -0.239258 0.025391 0.391602
v -0.241211 0.322266 0.258789
v -0.241211 0.322266 -0.006836
v -0.241211 0.322266 -0.409180
v -0.241211 0.322266 -0.461914
v -0.241211 0.326172 0.372070
v -0.241211 0.363281 0.405273
v -0.241211 0.283203 -0.286133
v -0.241211 0.205078 0.463867
v -0.241211 0.199219 -0.399414
v -0.241211 0.126953 -0.387695
v -0.241211 0.062500 -0.385742
v -0.241211 0.042969 0.463867
v -0.241211 0.033203 -0.461914
v -0.241211 0.025391 0.454102
v -0.243164 0.322266 -0.436523
v -0.243164 0.332031 0.395508
v -0.243164 0.363281 0.432617
v -0.243164 0.306641 0.461914
v -0.243164 0.289062 0.391602
v -0.243164 0.279297 -0.006836
v -0.243164 0.201172 -0.004883
v -0.243164 0.199219 -0.286133
v -0.243164 0.125000 -0.399414
v -0.243164 0.066406 -0.004883
v -0.243164 0.062500 -0.399414
v -0.243164 0.037109 0.377930
v -0.243164 0.025391 0.395508
v -0.245117 0.287109 0.377930
v -0.245117 0.283203 -0.459961
v -0.245117 0.281250 -0.409180
v -0.245117 0.279297 0.266602
v -0.245117 0.203125 0.391602
v -0.245117 0.199219 -0.461914
v -0.245117 0.128906 -0.004883
v -0.245117 0.126953 -0.288086
v -0.245117 0.123047 0.463867
v -0.245117 0.064453 0.465820
v -0.245117 0.062500 -0.288086
v -0.245117 0.058594 -0.461914
v -0.245117 0.037109 0.391602
v -0.245117 0.031250 -0.411133
v -0.245117 0.031250 -0.440430
v -0.247070 0.337891 0.454102
v -0.247070 0.291016 0.395508
v -0.247070 0.281250 -0.438477
v -0.247070 0.203125 0.379883
v -0.247070 0.203125 0.395508
v -0.247070 0.128906 0.391602
v -0.247070 0.121094 -0.459961
v -0.247070 0.023438 0.407227
v -0.247070 0.023438 0.436523
v -0.249023 0.332031 0.432617
v -0.249023 0.333984 0.405273
v -0.249023 0.298828 0.456055
v -0.249023 0.199219 -0.409180
v -0.249023 0.199219 -0.438477
v -0.249023 0.128906 0.379883
v -0.249023 0.066406 0.377930
v -0.249023 0.066406 0.391602
v -0.249023 0.060547 -0.411133
v -0.249023 0.060547 -0.438477
v -0.249023 0.037109 0.395508
v -0.250977 0.205078 0.456055
v -0.250977 0.125000 -0.409180
v -0.250977 0.037109 0.454102
v -0.252930 0.291016 0.407227
v -0.252930 0.291016 0.434570
v -0.252930 0.203125 0.405273
v -0.252930 0.203125 0.432617
v -0.252930 0.128906 0.395508
v -0.252930 0.125000 -0.438477
v -0.252930 0.066406 0.395508
v -0.254883 0.128906 0.454102
v -0.254883 0.064453 0.454102
v -0.254883 0.035156 0.407227
v -0.254883 0.035156 0.434570
v -0.258789 0.130859 0.405273
v -0.258789 0.130859 0.432617
v -0.258789 0.064453 0.407227
v -0.258789 0.064453 0.434570
vt 0.809570 0.146729
vt 0.794434 0.188232
vt 0.795410 0.146484
vt 0.806885 0.189697
vt 0.781006 0.187744
vt 0.812500 0.188965
vt 0.815674 0.147705
vt 0.815186 0.187988
vt 0.818359 0.148193
vt 0.814941 0.110352
vt 0.809082 0.108643
vt 0.830078 0.097168
vt 0.793457 0.111084
vt 0.805420 0.084961
vt 0.790527 0.084961
vt 0.780029 0.084961
vt 0.818115 0.111328
vt 0.836426 0.095703
vt 0.822754 0.112793
vt 0.822754 0.143799
vt 0.847168 0.154053
vt 0.868164 0.134521
vt 0.867188 0.100098
vt 0.782227 0.110596
vt 0.773193 0.086182
vt 0.783691 0.146240
vt 0.774658 0.110840
vt 0.761963 0.088623
vt 0.776367 0.146240
vt 0.775146 0.186035
vt 0.775879 0.200928
vt 0.769043 0.195557
vt 0.764648 0.119385
vt 0.720215 0.117676
vt 0.767578 0.150635
vt 0.769775 0.184814
vt 0.747314 0.173828
vt 0.767822 0.210693
vt 0.654541 0.179443
vt 0.706787 0.212158
vt 0.642090 0.090576
vt 0.366943 0.670166
vt 0.361816 0.663818
vt 0.369629 0.664062
vt 0.371826 0.666504
vt 0.364502 0.657227
vt 0.356445 0.657715
vt 0.359619 0.650391
vt 0.357422 0.647461
vt 0.354004 0.655518
vt 0.356934 0.645996
vt 0.353027 0.654785
vt 0.354248 0.643555
vt 0.356201 0.637207
vt 0.350586 0.654785
vt 0.364502 0.673828
vt 0.333740 0.614990
vt 0.335938 0.605713
vt 0.327637 0.626465
vt 0.339111 0.669189
vt 0.245117 0.588135
vt 0.248291 0.579590
vt 0.316895 0.648926
vt 0.236816 0.600586
vt 0.220459 0.619629
vt 0.305176 0.666748
vt 0.205566 0.634521
vt 0.196289 0.649170
vt 0.342041 0.596436
vt 0.249512 0.572021
vt 0.253662 0.557617
vt 0.342529 0.576172
vt 0.364990 0.578857
vt 0.339600 0.554932
vt 0.252441 0.528809
vt 0.259521 0.498047
vt 0.356201 0.522217
vt 0.259766 0.460938
vt 0.360107 0.541992
vt 0.366455 0.563232
vt 0.370117 0.576172
vt 0.384033 0.567871
vt 0.388672 0.545898
vt 0.417969 0.564209
vt 0.458984 0.354248
vt 0.460205 0.348389
vt 0.469727 0.356689
vt 0.470703 0.367920
vt 0.453613 0.359619
vt 0.471680 0.351074
vt 0.481689 0.359863
vt 0.474609 0.336670
vt 0.462646 0.332275
vt 0.484375 0.354248
vt 0.505615 0.369629
vt 0.479248 0.321289
vt 0.466064 0.316406
vt 0.488525 0.341309
vt 0.509521 0.361572
vt 0.509033 0.412842
vt 0.439453 0.400146
vt 0.480957 0.312988
vt 0.468018 0.309814
vt 0.469971 0.307129
vt 0.480957 0.303955
vt 0.474854 0.295410
vt 0.492432 0.295166
vt 0.483398 0.287598
vt 0.441406 0.249268
vt 0.446045 0.242676
vt 0.497803 0.317871
vt 0.516602 0.320068
vt 0.494873 0.326172
vt 0.510742 0.279541
vt 0.512451 0.346191
vt 0.518066 0.330322
vt 0.542725 0.323975
vt 0.583008 0.318848
vt 0.582275 0.240723
vt 0.574463 0.335938
vt 0.597168 0.335205
vt 0.545410 0.336182
vt 0.574951 0.342773
vt 0.540527 0.352539
vt 0.570557 0.357178
vt 0.593994 0.347168
vt 0.565674 0.371582
vt 0.587158 0.374756
vt 0.565918 0.379639
vt 0.536621 0.368408
vt 0.534424 0.375732
vt 0.569580 0.399170
vt 0.578125 0.453613
vt 0.508301 0.495117
vt 0.491943 0.165771
vt 0.456055 0.173340
vt 0.465576 0.143311
vt 0.421387 0.122803
vt 0.439697 0.115967
vt 0.493652 0.156982
vt 0.500488 0.166260
vt 0.501465 0.158936
vt 0.505615 0.166016
vt 0.500244 0.154297
vt 0.505127 0.156982
vt 0.514160 0.165039
vt 0.493408 0.152588
vt 0.476807 0.137207
vt 0.493164 0.149658
vt 0.463623 0.122070
vt 0.437256 0.101318
vt 0.487061 0.135498
vt 0.498779 0.148926
vt 0.462402 0.115723
vt 0.455078 0.105957
vt 0.473389 0.125488
vt 0.489502 0.135010
vt 0.502441 0.147217
vt 0.504395 0.152588
vt 0.505127 0.143555
vt 0.489502 0.131348
vt 0.490967 0.126221
vt 0.511475 0.138916
vt 0.509033 0.149170
vt 0.510742 0.153809
vt 0.515381 0.144043
vt 0.518311 0.147949
vt 0.521973 0.159180
vt 0.515381 0.135254
vt 0.519043 0.139893
vt 0.521240 0.145020
vt 0.525146 0.155762
vt 0.528564 0.178467
vt 0.522705 0.142334
vt 0.520264 0.138184
vt 0.526611 0.153320
vt 0.531250 0.174072
vt 0.528809 0.149658
vt 0.540283 0.165039
vt 0.524902 0.140381
vt 0.554932 0.134033
vt 0.565674 0.158447
vt 0.612793 0.141602
vt 0.552979 0.122070
vt 0.522705 0.136963
vt 0.550537 0.118408
vt 0.637695 0.087891
vt 0.520508 0.132568
vt 0.548096 0.114746
vt 0.527588 0.097656
vt 0.517090 0.133789
vt 0.499023 0.118164
vt 0.452148 0.086914
vt 0.492432 0.121338
vt 0.613281 0.703369
vt 0.619873 0.716064
vt 0.611572 0.723633
vt 0.604248 0.707764
vt 0.618408 0.729980
vt 0.635010 0.713867
vt 0.598145 0.753906
vt 0.616211 0.752441
vt 0.646729 0.731934
vt 0.611084 0.740967
vt 0.608643 0.754150
vt 0.603516 0.755615
vt 0.611816 0.766357
vt 0.629883 0.767090
vt 0.672607 0.793701
vt 0.624756 0.790527
vt 0.613037 0.769531
vt 0.607910 0.768066
vt 0.603271 0.769531
vt 0.607910 0.772217
vt 0.613770 0.775391
vt 0.613770 0.778809
vt 0.608398 0.777588
vt 0.602539 0.773926
vt 0.611816 0.783203
vt 0.620117 0.797119
vt 0.606934 0.785645
vt 0.615234 0.801514
vt 0.603516 0.778809
vt 0.599854 0.787842
vt 0.607178 0.805420
vt 0.597168 0.778809
vt 0.596436 0.770508
vt 0.596924 0.774414
vt 0.588623 0.755127
vt 0.587646 0.770996
vt 0.577148 0.726318
vt 0.596924 0.658691
vt 0.582520 0.758057
vt 0.549316 0.753662
vt 0.587646 0.774658
vt 0.583496 0.770752
vt 0.577637 0.762695
vt 0.580811 0.769775
vt 0.588135 0.779053
vt 0.577148 0.769043
vt 0.544434 0.769775
vt 0.484863 0.764160
vt 0.578125 0.772217
vt 0.581787 0.773193
vt 0.545410 0.773682
vt 0.484619 0.801758
vt 0.578125 0.777100
vt 0.548096 0.777100
vt 0.508545 0.807373
vt 0.579834 0.787354
vt 0.548584 0.788574
vt 0.582275 0.778076
vt 0.586914 0.807373
vt 0.553467 0.808105
vt 0.590820 0.807129
vt 0.584229 0.787842
vt 0.593262 0.806885
vt 0.586182 0.788086
vt 0.597412 0.807129
vt 0.583984 0.778564
vt 0.590576 0.788574
vt 0.583496 0.774170
vt 0.136475 0.011475
vt 0.222900 0.011475
vt 0.222412 0.020508
vt 0.775635 0.000000
vt 0.862305 0.000000
vt 0.775879 0.003906
vt 0.232178 0.001221
vt 0.230713 0.005859
vt 0.141602 0.000000
vt 0.105957 0.054199
vt 0.187256 0.080322
vt 0.104248 0.057861
vt 0.099121 0.080322
vt 0.030762 0.400146
vt 0.057861 0.399170
vt 0.059814 0.486328
vt 0.115723 0.474121
vt 0.119141 0.361084
vt 0.693359 0.565430
vt 0.711914 0.556885
vt 0.715576 0.654541
vt 0.712646 0.655762
vt 0.689697 0.566162
vt 0.727783 0.651367
vt 0.766113 0.539551
vt 0.769043 0.658447
vt 0.740967 0.678955
vt 0.750244 0.680664
vt 0.736328 0.681396
vt 0.738525 0.683594
vt 0.765869 0.686768
vt 0.813232 0.688232
vt 0.802002 0.697266
vt 0.740479 0.686279
vt 0.763916 0.691650
vt 0.797363 0.701172
vt 0.733643 0.682617
vt 0.735596 0.685791
vt 0.729980 0.683105
vt 0.708984 0.656738
vt 0.686279 0.567383
vt 0.697021 0.656250
vt 0.609619 0.698975
vt 0.687256 0.677246
vt 0.707520 0.693359
vt 0.722168 0.686523
vt 0.732178 0.686768
vt 0.724365 0.689697
vt 0.732666 0.689209
vt 0.736084 0.687988
vt 0.734863 0.692383
vt 0.738281 0.691650
vt 0.740723 0.697021
vt 0.744141 0.696045
vt 0.742432 0.690430
vt 0.759033 0.693604
vt 0.763916 0.706787
vt 0.761719 0.695557
vt 0.780762 0.699463
vt 0.764893 0.697266
vt 0.793701 0.703613
vt 0.819336 0.712891
vt 0.288330 0.197021
vt 0.287598 0.268066
vt 0.229004 0.210938
vt 0.257568 0.162598
vt 0.192871 0.275879
vt 0.197754 0.216309
vt 0.210938 0.187988
vt 0.197021 0.186035
vt 0.192627 0.214844
vt 0.197754 0.182861
vt 0.192871 0.185059
vt 0.193115 0.182617
vt 0.188965 0.184814
vt 0.187500 0.214600
vt 0.198242 0.180420
vt 0.179199 0.183350
vt 0.177490 0.212646
vt 0.189209 0.182129
vt 0.157959 0.177979
vt 0.156494 0.208008
vt 0.158691 0.175537
vt 0.178711 0.180176
vt 0.158936 0.173096
vt 0.178467 0.178467
vt 0.159424 0.168945
vt 0.188721 0.180176
vt 0.178711 0.174561
vt 0.162109 0.158447
vt 0.193359 0.180420
vt 0.178955 0.165527
vt 0.166992 0.150146
vt 0.192871 0.175781
vt 0.188232 0.176025
vt 0.187744 0.166748
vt 0.181641 0.156494
vt 0.170898 0.145264
vt 0.188232 0.159668
vt 0.184082 0.152832
vt 0.177246 0.140625
vt 0.188965 0.155273
vt 0.191895 0.159668
vt 0.187988 0.150146
vt 0.201172 0.133545
vt 0.191406 0.150146
vt 0.192871 0.155762
vt 0.196289 0.150879
vt 0.192139 0.089111
vt 0.241455 0.120605
vt 0.215332 0.147705
vt 0.257324 0.135498
vt 0.199219 0.152344
vt 0.196289 0.155518
vt 0.196045 0.159668
vt 0.211670 0.154053
vt 0.211670 0.160156
vt 0.197266 0.166016
vt 0.192139 0.166992
vt 0.197998 0.174805
vt 0.215820 0.166504
vt 0.215820 0.174316
vt 0.227783 0.154785
vt 0.245117 0.156006
vt 0.267578 0.157227
vt 0.238281 0.149902
vt 0.253418 0.150146
vt 0.269043 0.122070
vt 0.274414 0.150879
vt 0.860596 0.975586
vt 0.944824 0.975586
vt 0.861084 0.984619
vt 0.637451 0.496826
vt 0.649414 0.596191
vt 0.625732 0.509521
vt 0.634033 0.605225
vt 0.607910 0.520020
vt 0.588867 0.536133
vt 0.614502 0.619385
vt 0.656494 0.636475
vt 0.601562 0.623047
vt 0.575684 0.541260
vt 0.636719 0.647949
vt 0.639648 0.650879
vt 0.625244 0.650635
vt 0.592529 0.625000
vt 0.567871 0.543945
vt 0.561035 0.547607
vt 0.617676 0.652344
vt 0.585938 0.630371
vt 0.548096 0.554688
vt 0.621582 0.655273
vt 0.629150 0.653564
vt 0.629150 0.658936
vt 0.632324 0.656250
vt 0.635254 0.660889
vt 0.641357 0.653320
vt 0.657471 0.668213
vt 0.644287 0.656250
vt 0.641602 0.665283
vt 0.642334 0.669189
vt 0.649414 0.662354
vt 0.647217 0.670166
vt 0.647461 0.673828
vt 0.653564 0.667480
vt 0.332031 0.278564
vt 0.333008 0.273682
vt 0.360107 0.283203
vt 0.361084 0.278320
vt 0.387695 0.287109
vt 0.366699 0.331055
vt 0.393066 0.333740
vt 0.390869 0.281738
vt 0.405762 0.303711
vt 0.393555 0.279053
vt 0.361084 0.275879
vt 0.334229 0.270996
vt 0.321289 0.267822
vt 0.362061 0.269531
vt 0.334961 0.265137
vt 0.320801 0.261963
vt 0.393066 0.272705
vt 0.426025 0.271973
vt 0.425537 0.266846
vt 0.424805 0.255615
vt 0.390869 0.260742
vt 0.361572 0.258301
vt 0.334717 0.254395
vt 0.392090 0.251465
vt 0.425049 0.245361
vt 0.362305 0.249512
vt 0.336426 0.246094
vt 0.321777 0.251709
vt 0.316895 0.250732
vt 0.323730 0.245850
vt 0.318848 0.244141
vt 0.312012 0.245605
vt 0.321533 0.238770
vt 0.313721 0.240234
vt 0.294922 0.245850
vt 0.327393 0.240479
vt 0.339111 0.240723
vt 0.328857 0.230713
vt 0.316650 0.235596
vt 0.305420 0.219238
vt 0.307861 0.214844
vt 0.324219 0.229004
vt 0.320312 0.226562
vt 0.313721 0.198486
vt 0.292969 0.190918
vt 0.326416 0.193115
vt 0.303711 0.150391
vt 0.324219 0.137451
vt 0.341553 0.230469
vt 0.366699 0.195801
vt 0.418945 0.133789
vt 0.364502 0.242188
vt 0.371826 0.232422
vt 0.393066 0.244385
vt 0.419678 0.214844
vt 0.457764 0.187500
vt 0.397949 0.235352
vt 0.425293 0.239502
vt 0.437012 0.243896
vt 0.425293 0.234619
vt 0.437256 0.234375
vt 0.437012 0.229736
vt 0.447510 0.224121
vt 0.149902 0.999756
vt 0.110352 0.999756
vt 0.129395 0.994629
vt 0.117920 0.613770
vt 0.115479 0.619873
vt 0.080811 0.613770
vt 0.122803 0.606201
vt 0.073730 0.581299
vt 0.135010 0.579346
vt 0.079834 0.605957
vt 0.036865 0.608398
vt 0.018799 0.592773
vt 0.042236 0.614502
vt 0.043945 0.620605
vt 0.026611 0.619385
vt 0.081055 0.619385
vt 0.113770 0.629639
vt 0.081055 0.629883
vt 0.044922 0.630127
vt 0.026855 0.631104
vt 0.081055 0.642578
vt 0.113770 0.642578
vt 0.044922 0.643066
vt 0.081055 0.648193
vt 0.113770 0.648193
vt 0.113770 0.651123
vt 0.043945 0.647949
vt 0.026855 0.643799
vt 0.081055 0.650879
vt 0.113037 0.655029
vt 0.043945 0.650635
vt 0.025635 0.650635
vt 0.043945 0.655273
vt 0.025879 0.655029
vt 0.081055 0.655518
vt 0.113525 0.698730
vt 0.081787 0.699951
vt 0.446777 0.008057
vt 0.560059 0.044678
vt 0.431641 0.057617
vt 0.553711 0.110596
vt 0.531006 0.062012
vt 0.658447 0.071045
vt 0.633057 0.021973
vt 0.734619 0.049072
vt 0.617188 0.057861
vt 0.348877 0.996338
vt 0.291016 0.902588
vt 0.315918 0.895508
vt 0.320801 0.894775
vt 0.354004 0.996094
vt 0.324951 0.894043
vt 0.359131 0.994385
vt 0.369141 0.990967
vt 0.335449 0.890381
vt 0.391846 0.983154
vt 0.357666 0.882812
vt 0.417480 0.973633
vt 0.383545 0.874023
vt 0.447266 0.963135
vt 0.460205 0.999756
vt 0.474854 0.994873
vt 0.411377 0.864990
vt 0.463135 0.957031
vt 0.426758 0.859863
vt 0.182129 0.037109
vt 0.182129 0.063477
vt 0.073975 0.042236
vt 0.742432 0.061768
vt 0.634033 0.061768
vt 0.742920 0.056885
vt 0.769531 0.885254
vt 0.779053 0.777832
vt 0.773926 0.885986
vt 0.790283 0.780518
vt 0.785400 0.886475
vt 0.813721 0.784180
vt 0.809570 0.887207
vt 0.837646 0.888184
vt 0.841553 0.785889
vt 0.867920 0.889893
vt 0.871338 0.784668
vt 0.843262 0.739990
vt 0.887939 0.788086
vt 0.884521 0.890381
vt 0.895264 0.889893
vt 0.890869 0.744629
vt 0.875732 0.741699
vt 0.223145 0.520264
vt 0.223389 0.526611
vt 0.186279 0.529053
vt 0.185791 0.522705
vt 0.234619 0.471680
vt 0.208496 0.474121
vt 0.139648 0.531006
vt 0.129150 0.497070
vt 0.186768 0.531494
vt 0.223877 0.530518
vt 0.141357 0.538330
vt 0.124268 0.530762
vt 0.124268 0.536621
vt 0.140381 0.541504
vt 0.187500 0.538086
vt 0.223633 0.537109
vt 0.142334 0.549072
vt 0.125977 0.545654
vt 0.190186 0.553955
vt 0.226562 0.552979
vt 0.146973 0.564941
vt 0.129639 0.568115
vt 0.143555 0.578613
vt 0.192139 0.567383
vt 0.230225 0.564941
vt 0.193848 0.574219
vt 0.234863 0.572021
vt 0.141113 0.584229
vt 0.240967 0.581787
vt 0.193359 0.585449
vt 0.134277 0.596680
vt 0.198242 0.626221
vt 0.123535 0.623779
vt 0.259033 0.998047
vt 0.252197 0.985352
vt 0.260986 0.986084
vt 0.243408 0.996338
vt 0.242920 0.983398
vt 0.243408 0.974365
vt 0.253174 0.975586
vt 0.240967 0.973877
vt 0.261475 0.976074
vt 0.240479 0.981201
vt 0.238037 0.993164
vt 0.239014 0.980469
vt 0.239014 0.973633
vt 0.238525 0.964844
vt 0.240479 0.963623
vt 0.235840 0.947754
vt 0.242920 0.963867
vt 0.239990 0.947998
vt 0.243408 0.929932
vt 0.243896 0.947754
vt 0.253662 0.965088
vt 0.255859 0.949707
vt 0.262695 0.965576
vt 0.260010 0.932373
vt 0.265381 0.950195
vt 0.248535 0.931641
vt 0.253418 0.914062
vt 0.264893 0.915771
vt 0.271240 0.933350
vt 0.270020 0.953613
vt 0.274902 0.934570
vt 0.278564 0.916748
vt 0.291260 0.915039
vt 0.292725 0.943359
vt 0.274902 0.916992
vt 0.277588 0.902588
vt 0.269043 0.900879
vt 0.258057 0.899170
vt 0.248779 0.911865
vt 0.253662 0.897705
vt 0.238037 0.903076
vt 0.220459 0.929443
vt 0.184326 0.898682
vt 0.215820 0.943359
vt 0.172607 0.927002
vt 0.904297 0.074707
vt 0.910400 0.066162
vt 0.905029 0.077393
vt 0.898193 0.075928
vt 0.897949 0.079102
vt 0.907227 0.107422
vt 0.890381 0.076660
vt 0.899658 0.109619
vt 0.914551 0.188477
vt 0.902344 0.189453
vt 0.889648 0.079834
vt 0.889648 0.111328
vt 0.890381 0.190918
vt 0.875732 0.080566
vt 0.874756 0.077148
vt 0.873779 0.112061
vt 0.875000 0.193115
vt 0.266113 0.978271
vt 0.266113 0.986816
vt 0.267822 0.995850
vt 0.271240 0.991943
vt 0.281738 0.974609
vt 0.266602 0.967529
vt 0.318359 0.995117
vt 0.603760 0.995361
vt 0.666016 0.929443
vt 0.697266 0.996094
vt 0.749023 0.937988
vt 0.126465 0.984619
vt 0.110352 0.982422
vt 0.118896 0.952393
vt 0.110352 0.953369
vt 0.114258 0.922852
vt 0.143066 0.943115
vt 0.168945 1.000000
vt 0.130615 0.911377
vt 0.175049 0.900879
vt 0.106445 0.899902
vt 0.156494 0.876953
vt 0.123779 0.889160
vt 0.145508 0.861572
vt 0.104004 0.884033
vt 0.118896 0.877197
vt 0.105469 0.869141
vt 0.484375 0.555420
vt 0.453613 0.556396
vt 0.444336 0.519287
vt 0.504150 0.489014
vt 0.446777 0.461182
vt 0.433838 0.557373
vt 0.419922 0.530762
vt 0.406006 0.505371
vt 0.405273 0.539307
vt 0.394043 0.518311
vt 0.419434 0.488770
vt 0.386963 0.508057
vt 0.385986 0.527588
vt 0.380127 0.519287
vt 0.398193 0.493652
vt 0.384033 0.506104
vt 0.376221 0.516846
vt 0.376953 0.501465
vt 0.368896 0.512451
vt 0.395264 0.490967
vt 0.388184 0.486328
vt 0.367920 0.495605
vt 0.377930 0.482178
vt 0.397461 0.473145
vt 0.361816 0.494141
vt 0.405518 0.475586
vt 0.408447 0.478027
vt 0.412354 0.456055
vt 0.417969 0.457520
vt 0.371582 0.482422
vt 0.359131 0.478027
vt 0.367432 0.471680
vt 0.335938 0.454102
vt 0.381836 0.466797
vt 0.315918 0.429932
vt 0.322021 0.493164
vt 0.363281 0.409668
vt 0.383057 0.445801
vt 0.386963 0.470215
vt 0.392334 0.450195
vt 0.403320 0.453369
vt 0.399414 0.431152
vt 0.393799 0.419678
vt 0.409424 0.434814
vt 0.408691 0.414551
vt 0.388672 0.399170
vt 0.378174 0.392334
vt 0.390869 0.390869
vt 0.375488 0.350098
vt 0.400146 0.388184
vt 0.402344 0.393799
vt 0.404785 0.405762
vt 0.411377 0.397949
vt 0.415283 0.403320
vt 0.420654 0.394531
vt 0.424561 0.408691
vt 0.418457 0.418945
vt 0.419434 0.437012
vt 0.427002 0.422852
vt 0.427246 0.437256
vt 0.432861 0.413086
vt 0.430664 0.399414
vt 0.431641 0.423096
vt 0.440186 0.422607
vt 0.471436 0.419678
vt 0.438721 0.415527
vt 0.441650 0.406006
vt 0.447754 0.412842
vt 0.745605 0.795654
vt 0.735107 0.780518
vt 0.768066 0.768066
vt 0.772949 0.774170
vt 0.788330 0.757568
vt 0.784180 0.752197
vt 0.799805 0.747070
vt 0.755859 0.756348
vt 0.742676 0.744141
vt 0.718506 0.765381
vt 0.760254 0.727295
vt 0.733398 0.737061
vt 0.752441 0.722168
vt 0.728271 0.717041
vt 0.711426 0.759766
vt 0.702148 0.735352
vt 0.677002 0.757080
vt 0.646240 0.718506
vt 0.772949 0.740234
vt 0.774414 0.718018
vt 0.787109 0.729004
vt 0.796631 0.741943
vt 0.809570 0.732666
vt 0.812988 0.738525
vt 0.047119 0.142334
vt 0.065186 0.104248
vt 0.068604 0.144287
vt 0.082275 0.113037
vt 0.082031 0.144043
vt 0.079102 0.157715
vt 0.062988 0.161133
vt 0.093018 0.119141
vt 0.064453 0.169189
vt 0.106934 0.094238
vt 0.082520 0.164795
vt 0.068359 0.183838
vt 0.092529 0.152100
vt 0.112061 0.106689
vt 0.118896 0.099121
vt 0.094971 0.142090
vt 0.103027 0.123535
vt 0.118652 0.116455
vt 0.095459 0.157959
vt 0.114014 0.116211
vt 0.109131 0.127686
vt 0.123779 0.116699
vt 0.102783 0.138428
vt 0.113770 0.131592
vt 0.125000 0.099609
vt 0.104736 0.143066
vt 0.119629 0.137695
vt 0.106934 0.148926
vt 0.132568 0.141846
vt 0.115723 0.161133
vt 0.104248 0.170166
vt 0.089600 0.178223
vt 0.098877 0.194824
vt 0.117188 0.184326
vt 0.077881 0.200195
vt 0.047363 0.195312
vt 0.057129 0.211670
vt 0.080811 0.209229
vt 0.061768 0.220703
vt 0.103760 0.201660
vt 0.094482 0.221191
vt 0.124756 0.187500
vt 0.118652 0.205566
vt 0.136230 0.187744
vt 0.128174 0.173828
vt 0.134521 0.177490
vt 0.139893 0.180908
vt 0.151123 0.184814
vt 0.146973 0.176758
vt 0.154297 0.159912
vt 0.144287 0.168945
vt 0.150879 0.151855
vt 0.140381 0.164307
vt 0.151855 0.129150
vt 0.162842 0.116211
vt 0.157227 0.106201
vt 0.137207 0.119141
vt 0.139893 0.102295
vt 0.159912 0.087402
vt 0.142334 0.084717
vt 0.070312 0.984131
vt 0.062988 0.983643
vt 0.069824 0.980957
vt 0.068604 0.978271
vt 0.079834 0.978760
vt 0.573975 0.656982
vt 0.567627 0.631104
vt 0.559814 0.660156
vt 0.525391 0.660645
vt 0.537842 0.633789
vt 0.517578 0.555176
vt 0.486816 0.564209
vt 0.509766 0.654541
vt 0.442627 0.562988
vt 0.291992 0.106934
vt 0.268555 0.113037
vt 0.279297 0.087158
vt 0.309326 0.075684
vt 0.257568 0.097168
vt 0.274658 0.038330
vt 0.306396 0.010498
vt 0.241211 0.000244
vt 0.226074 0.027588
vt 0.253418 0.057617
vt 0.214111 0.046631
vt 0.199219 0.033936
vt 0.237549 0.070557
vt 0.241699 0.100830
vt 0.250488 0.114502
vt 0.227051 0.080811
vt 0.228271 0.100586
vt 0.219238 0.087158
vt 0.209473 0.061523
vt 0.206055 0.073486
vt 0.205811 0.084961
vt 0.198975 0.085693
vt 0.196533 0.069580
vt 0.196533 0.053223
vt 0.187988 0.069580
vt 0.186523 0.049072
vt 0.189209 0.031738
vt 0.026855 0.564941
vt 0.112793 0.502686
vt 0.125000 0.574219
vt 0.770996 0.485107
vt 0.772949 0.470947
vt 0.778076 0.478027
vt 0.781494 0.486816
vt 0.785156 0.475586
vt 0.783936 0.464111
vt 0.786865 0.465088
vt 0.788818 0.475586
vt 0.792236 0.469482
vt 0.788574 0.483154
vt 0.791016 0.480957
vt 0.806152 0.479980
vt 0.795898 0.488281
vt 0.786621 0.496094
vt 0.793701 0.490723
vt 0.803223 0.499756
vt 0.825439 0.497070
vt 0.835449 0.442871
vt 0.866455 0.457275
vt 0.774414 0.493652
vt 0.792969 0.509277
vt 0.800781 0.502930
vt 0.812744 0.511475
vt 0.780029 0.503174
vt 0.833740 0.519531
vt 0.857666 0.511475
vt 0.776611 0.504395
vt 0.822510 0.521729
vt 0.831543 0.532471
vt 0.841553 0.531738
vt 0.829346 0.533936
vt 0.840820 0.542236
vt 0.840088 0.544189
vt 0.820068 0.523193
vt 0.809814 0.513428
vt 0.813965 0.527588
vt 0.824707 0.538086
vt 0.836670 0.547852
vt 0.833252 0.551270
vt 0.802734 0.518311
vt 0.820312 0.541992
vt 0.831787 0.552979
vt 0.786377 0.516113
vt 0.797119 0.525391
vt 0.809570 0.533203
vt 0.819580 0.543457
vt 0.821777 0.552734
vt 0.807617 0.542725
vt 0.807373 0.534180
vt 0.792725 0.526367
vt 0.782959 0.516357
vt 0.773926 0.526123
vt 0.793457 0.564209
vt 0.778076 0.517090
vt 0.774170 0.542480
vt 0.769531 0.526367
vt 0.769775 0.514893
vt 0.771729 0.503418
vt 0.735596 0.520020
vt 0.771729 0.495605
vt 0.733398 0.531738
vt 0.652100 0.534180
vt 0.649414 0.544678
vt 0.768066 0.488037
vt 0.767822 0.477295
vt 0.766602 0.488770
vt 0.769043 0.495850
vt 0.763428 0.497559
vt 0.761230 0.490723
vt 0.766602 0.504395
vt 0.731689 0.510498
vt 0.648193 0.521240
vt 0.728027 0.503662
vt 0.645020 0.513916
vt 0.726318 0.496094
vt 0.060547 0.250732
vt 0.005859 0.250732
vt 0.036865 0.183838
vt 0.068115 0.768799
vt 0.047363 0.733154
vt 0.121582 0.709229
vt 0.125488 0.762939
vt 0.080811 0.799805
vt 0.126953 0.796143
vt 0.056641 0.804199
vt 0.039307 0.771729
vt 0.070312 0.827637
vt 0.048828 0.811035
vt 0.091309 0.821777
vt 0.129639 0.818359
vt 0.167969 0.818359
vt 0.101562 0.837158
vt 0.085205 0.842773
vt 0.078125 0.850342
vt 0.062500 0.834473
vt 0.031006 0.822266
vt 0.044922 0.845459
vt 0.302246 0.702148
vt 0.326660 0.697754
vt 0.331055 0.722656
vt 0.333984 0.747314
vt 0.343506 0.722412
vt 0.311279 0.750977
vt 0.306641 0.725830
vt 0.290039 0.753418
vt 0.295410 0.776855
vt 0.283936 0.728516
vt 0.277832 0.706543
vt 0.295654 0.670898
vt 0.270996 0.674316
vt 0.273926 0.731445
vt 0.268799 0.708008
vt 0.260498 0.677734
vt 0.278076 0.754883
vt 0.280273 0.778076
vt 0.270020 0.764404
vt 0.276367 0.778320
vt 0.261719 0.747314
vt 0.246582 0.784180
vt 0.222168 0.762939
vt 0.250000 0.724854
vt 0.199463 0.742676
vt 0.236084 0.699463
vt 0.219727 0.658447
vt 0.166748 0.717041
vt 0.161377 0.787354
vt 0.768799 0.051758
vt 0.765625 0.051270
vt 0.767822 0.031006
vt 0.736084 0.042969
vt 0.738281 0.022705
vt 0.659180 0.022461
vt 0.663818 0.000000
vt 0.723389 0.779053
vt 0.723389 0.818604
vt 0.677734 0.779785
vt 0.678467 0.820068
vt 0.724854 0.919922
vt 0.679199 0.920654
vt 0.630615 0.921387
vt 0.629883 0.819824
vt 0.578613 0.922119
vt 0.577881 0.820557
vt 0.809082 0.031494
vt 0.756592 0.021484
vt 0.757812 0.000488
vt 0.705322 0.000977
vt 0.452393 0.738770
vt 0.481934 0.837646
vt 0.435303 0.848389
vt 0.407227 0.752197
vt 0.447266 0.890381
vt 0.495117 0.878662
vt 0.359131 0.766357
vt 0.388672 0.865234
vt 0.307861 0.781982
vt 0.338135 0.881592
vt 0.034180 0.394531
vt 0.017090 0.342529
vt 0.091553 0.370361
vt 0.373047 0.020264
vt 0.433838 0.030762
vt 0.368652 0.042480
vt 0.312012 0.024414
vt 0.016357 0.026611
vt 0.040527 0.000000
vt 0.059570 0.030029
vt 0.016113 0.075439
vt 0.054688 0.075439
vt 0.065430 0.038086
vt 0.083008 0.012207
vt 0.061768 0.081787
vt 0.086426 0.080811
vt 0.001709 0.155762
vt 0.058838 0.155762
vt 0.003418 0.203125
vt 0.002197 0.742920
vt 0.000000 0.708008
vt 0.033203 0.730957
vt 0.028320 0.671143
vt 0.055908 0.695801
vt 0.042725 0.728027
vt 0.040039 0.754639
vt 0.065430 0.695557
vt 0.083496 0.710205
vt 0.926514 0.863281
vt 0.895020 0.818848
vt 0.959961 0.822754
vt 0.994629 0.862061
vt 0.611328 0.054932
vt 0.579590 0.044434
vt 0.624756 0.015381
vt 0.593262 0.003906
vt 0.499268 0.017090
vt 0.313965 0.044189
vt 0.374268 0.054199
vt 0.327393 0.052734
vt 0.368408 0.062744
vt 0.365234 0.113037
vt 0.306152 0.107422
vt 0.291748 0.144043
vt 0.379395 0.106689
vt 0.389893 0.130615
vt 0.415283 0.047852
vt 0.423828 0.098877
vt 0.959473 0.965576
vt 0.903076 0.967773
vt 0.928711 0.939941
vt 0.916016 0.937744
vt 0.949463 0.921387
vt 0.852783 0.925293
vt 0.927246 0.883301
vt 0.979004 0.904541
vt 0.992676 0.933350
vt 0.957520 0.867432
vt 0.966797 0.869385
vt 0.985840 0.905273
vt 0.064453 0.093994
vt 0.037109 0.131348
vt 0.000000 0.099854
vt 0.979492 0.028564
vt 0.989990 0.067627
vt 0.972900 0.073730
vt 0.992432 0.113525
vt 0.982666 0.112549
vt 0.923340 0.112793
vt 0.915527 0.063477
vt 0.915283 0.009033
vt 0.092285 0.931885
vt 0.034424 0.974121
vt 0.035156 0.911133
vt 0.099609 0.874756
vt 0.032227 0.846680
vt 0.209717 0.272217
vt 0.275635 0.295898
vt 0.242920 0.312256
vt 0.228760 0.349365
vt 0.254150 0.361328
vt 0.272217 0.338135
vt 0.239746 0.374268
vt 0.272461 0.371582
vt 0.261719 0.381592
vt 0.239014 0.379883
vt 0.227539 0.379639
vt 0.277344 0.387207
vt 0.286133 0.379639
vt 0.288330 0.391602
vt 0.260986 0.386475
vt 0.277588 0.392334
vt 0.288330 0.395752
vt 0.238037 0.392578
vt 0.221436 0.394043
vt 0.230469 0.403564
vt 0.259521 0.399170
vt 0.274414 0.403809
vt 0.285889 0.407471
vt 0.282227 0.419189
vt 0.271484 0.414307
vt 0.280273 0.424072
vt 0.254150 0.409424
vt 0.269287 0.420410
vt 0.271484 0.432861
vt 0.252686 0.417236
vt 0.257812 0.431641
vt 0.265625 0.456299
vt 0.241211 0.457031
vt 0.235596 0.431152
vt 0.211426 0.467529
vt 0.216797 0.430420
vt 0.232910 0.417725
vt 0.215332 0.418213
vt 0.066406 0.256592
vt 0.064209 0.334717
vt 0.021484 0.320312
vt 0.020264 0.258301
vt 0.563232 0.680176
vt 0.553223 0.740234
vt 0.534668 0.686279
vt 0.526123 0.734619
vt 0.513916 0.691406
vt 0.514160 0.671387
vt 0.508789 0.730469
vt 0.498535 0.685059
vt 0.499023 0.699463
vt 0.495361 0.726562
vt 0.489258 0.755371
vt 0.483154 0.740723
vt 0.485596 0.723145
vt 0.488037 0.705811
vt 0.479248 0.719727
vt 0.466064 0.737305
vt 0.486328 0.699219
vt 0.463623 0.711670
vt 0.447754 0.731689
vt 0.478516 0.690430
vt 0.492920 0.676270
vt 0.508057 0.663818
vt 0.491699 0.644043
vt 0.471680 0.661133
vt 0.473877 0.625732
vt 0.459229 0.679443
vt 0.449951 0.646973
vt 0.465332 0.619385
vt 0.444580 0.698242
vt 0.438721 0.663818
vt 0.440186 0.643311
vt 0.442627 0.616943
vt 0.450928 0.596680
vt 0.403564 0.598389
vt 0.429932 0.719238
vt 0.417725 0.741211
vt 0.398682 0.727051
vt 0.410889 0.699951
vt 0.405273 0.620850
vt 0.367676 0.695801
vt 0.422852 0.644531
vt 0.385742 0.705811
vt 0.364014 0.716553
vt 0.385254 0.691406
vt 0.400879 0.653564
vt 0.405518 0.692627
vt 0.399902 0.683838
vt 0.410400 0.665771
vt 0.425781 0.684082
vt 0.419434 0.676025
vt 0.428955 0.660400
vt 0.419434 0.655273
vt 0.028076 0.468018
vt 0.030273 0.471680
vt 0.025146 0.473877
vt 0.048340 0.533203
vt 0.057129 0.530273
vt 0.034912 0.469482
vt 0.062500 0.527588
vt 0.020020 0.477051
vt 0.042725 0.535400
vt 0.039307 0.466064
vt 0.067383 0.525146
vt 0.043457 0.462158
vt 0.032715 0.465332
vt 0.036621 0.462402
vt 0.040283 0.458984
vt 0.043457 0.455078
vt 0.034424 0.456299
vt 0.032227 0.458984
vt 0.029541 0.461426
vt 0.026367 0.462891
vt 0.022461 0.465088
vt 0.022949 0.470215
vt 0.016357 0.467529
vt 0.018555 0.472412
vt 0.013916 0.474365
vt 0.013428 0.468750
vt 0.014893 0.477783
vt 0.023193 0.540039
vt 0.009033 0.475098
vt 0.819580 0.238037
vt 0.829102 0.239990
vt 0.814453 0.267334
vt 0.811523 0.240479
vt 0.802246 0.244873
vt 0.793701 0.251953
vt 0.836670 0.240234
vt 0.786621 0.259521
vt 0.849121 0.229492
vt 0.853760 0.234131
vt 0.841553 0.243896
vt 0.867676 0.218994
vt 0.865234 0.228516
vt 0.855713 0.244385
vt 0.867920 0.238770
vt 0.843750 0.250488
vt 0.856934 0.255371
vt 0.868164 0.253174
vt 0.865234 0.268799
vt 0.844482 0.258789
vt 0.854248 0.267578
vt 0.841553 0.266602
vt 0.849365 0.279541
vt 0.858154 0.284424
vt 0.839600 0.275146
vt 0.846436 0.297119
vt 0.833252 0.283447
vt 0.839111 0.291748
vt 0.830811 0.308350
vt 0.825439 0.289795
vt 0.827637 0.300537
vt 0.814941 0.317139
vt 0.815918 0.293457
vt 0.816406 0.306152
vt 0.803711 0.318848
vt 0.868408 0.426025
vt 0.805908 0.305664
vt 0.807373 0.293701
vt 0.797363 0.289795
vt 0.793213 0.310547
vt 0.796143 0.427246
vt 0.793213 0.300781
vt 0.791748 0.283447
vt 0.786377 0.275879
vt 0.777588 0.295410
vt 0.738525 0.339355
vt 0.782471 0.289307
vt 0.765869 0.285645
vt 0.773438 0.280518
vt 0.784912 0.267578
vt 0.770264 0.267090
vt 0.777344 0.257568
vt 0.758301 0.270508
vt 0.657715 0.252441
vt 0.757568 0.260498
vt 0.656006 0.188965
vt 0.165039 0.837891
vt 0.164551 0.824707
vt 0.314697 0.824707
vt 0.314941 0.839600
vt 0.315186 0.853516
vt 0.165283 0.850342
vt 0.315430 0.866699
vt 0.165283 0.863525
vt 0.165039 0.877441
vt 0.897949 0.956787
vt 0.897949 0.969482
vt 0.753418 0.960205
vt 0.753418 0.972656
vt 0.897949 0.943359
vt 0.753662 0.946777
vt 0.898438 0.930664
vt 0.754150 0.932373
vt 0.159424 0.805664
vt 0.309570 0.805664
vt 0.309326 0.819580
vt 0.729248 0.894531
vt 0.873535 0.906738
vt 0.729248 0.907959
vt 0.729248 0.921143
vt 0.833252 0.557861
vt 0.839600 0.557861
vt 0.833984 0.706787
vt 0.826416 0.557861
vt 0.840332 0.706787
vt 0.827393 0.706787
vt 0.846191 0.557861
vt 0.821045 0.706787
vt 0.819336 0.557861
vt 0.812500 0.557861
vt 0.847168 0.706787
vt 0.853760 0.706787
vt 0.853027 0.557861
vt 0.859375 0.557861
vt 0.861084 0.706787
vt 0.865967 0.557861
vt 0.867188 0.706787
vt 0.873535 0.705811
vt 0.873291 0.557617
vt 0.880371 0.706543
vt 0.880127 0.557617
vt 0.887207 0.706543
vt 0.886963 0.557617
vt 0.894531 0.706543
vt 0.893555 0.558594
vt 0.900635 0.706543
vt 0.900146 0.558350
vt 0.907715 0.706299
vt 0.906494 0.558350
vt 0.914551 0.706299
vt 0.913330 0.558105
vt 0.919922 0.558105
vt 0.921143 0.706055
vt 0.927490 0.706055
vt 0.926270 0.558105
vt 0.934814 0.417969
vt 0.928711 0.417969
vt 0.934814 0.269775
vt 0.941406 0.417725
vt 0.928711 0.269775
vt 0.941406 0.269775
vt 0.922363 0.417725
vt 0.947510 0.417725
vt 0.922363 0.269775
vt 0.947510 0.269775
vt 0.915771 0.417725
vt 0.953857 0.417725
vt 0.915771 0.269775
vt 0.953857 0.269531
vt 0.909668 0.269531
vt 0.960449 0.417725
vt 0.908936 0.417725
vt 0.960449 0.270508
vt 0.903076 0.417725
vt 0.967285 0.417480
vt 0.903320 0.269531
vt 0.966553 0.270508
vt 0.896973 0.270264
vt 0.973877 0.417480
vt 0.896973 0.418457
vt 0.972900 0.270264
vt 0.890137 0.417480
vt 0.979980 0.417236
vt 0.890381 0.270264
vt 0.979004 0.270264
vt 0.883545 0.417236
vt 0.985596 0.270020
vt 0.883789 0.270264
vt 0.986328 0.417236
vt 0.876709 0.417236
vt 0.992920 0.417236
vt 0.877686 0.270020
vt 0.871094 0.270020
vt 0.870850 0.417236
vt 0.991943 0.270020
vt 0.999756 0.417236
vt 0.998291 0.270020
vt 0.999023 0.658691
vt 0.989258 0.658691
vt 0.999756 0.510986
vt 0.144531 0.629639
vt 0.154785 0.629639
vt 0.141357 0.777344
vt 0.131592 0.777344
vt 0.134766 0.629639
vt 0.124512 0.629883
vt 0.711426 0.990479
vt 0.851074 0.990479
vt 0.712158 1.000000
vt 0.855957 0.984619
vt 0.716553 0.984619
vt 0.855469 0.975586
vt 0.123535 0.515137
vt 0.123535 0.367432
vt 0.133789 0.367432
vt 0.030762 0.814453
vt 0.023193 0.817383
vt 0.021973 0.810791
vt 0.028564 0.808838
vt 0.038330 0.809082
vt 0.034424 0.804199
vt 0.044678 0.802734
vt 0.039795 0.798340
vt 0.033447 0.794922
vt 0.041504 0.790527
vt 0.029541 0.801025
vt 0.034424 0.789551
vt 0.035156 0.782959
vt 0.018311 0.784424
vt 0.024902 0.804443
vt 0.027100 0.799316
vt 0.015869 0.801514
vt 0.010742 0.799316
vt 0.020752 0.803711
vt 0.014160 0.810059
vt 0.132324 0.480469
vt 0.143799 0.343262
vt 0.140869 0.480469
vt 0.150879 0.480957
vt 0.132324 0.487305
vt 0.149414 0.487305
vt 0.141602 0.487549
vt 0.149658 0.497314
vt 0.144775 0.497070
vt 0.990234 0.570068
vt 0.979980 0.422119
vt 0.990234 0.422363
vt 1.000000 0.422607
vt 0.719482 0.471191
vt 0.704346 0.460205
vt 0.719971 0.466064
vt 0.744873 0.488037
vt 0.707764 0.455566
vt 0.695312 0.449707
vt 0.724365 0.464844
vt 0.737549 0.469727
vt 0.747070 0.472168
vt 0.728760 0.465332
vt 0.722412 0.457031
vt 0.712158 0.452393
vt 0.708496 0.444092
vt 0.696045 0.443115
vt 0.744873 0.285400
vt 0.555664 0.543213
vt 0.995605 0.663330
vt 0.995605 0.809570
vt 0.985352 0.663574
vt 0.147949 0.191650
vt 0.147949 0.337891
vt 0.138184 0.338867
vt 0.329102 0.871826
vt 0.330322 0.885986
vt 0.179443 0.882080
vt 0.133789 0.362793
vt 0.123291 0.362793
vt 0.126953 0.215332
vt 0.979492 0.654297
vt 0.988525 0.792480
vt 0.979492 0.792725
vt 0.988037 0.800293
vt 0.929688 0.999756
vt 0.790527 0.999756
vt 0.929443 0.991455
vt 0.109619 0.992920
vt 0.105225 0.994629
vt 0.107422 0.989014
vt 0.103271 0.991455
vt 0.104980 0.986572
vt 0.100098 0.996582
vt 0.101807 0.986816
vt 0.099609 0.992188
vt 0.098633 0.987061
vt 0.095459 0.992432
vt 0.095459 0.996582
vt 0.090088 0.996094
vt 0.095947 0.988525
vt 0.090332 0.992920
vt 0.084717 0.995361
vt 0.092529 0.988770
vt 0.093018 0.986572
vt 0.096436 0.978760
vt 0.090332 0.985840
vt 0.088379 0.982910
vt 0.085938 0.992188
vt 0.080322 0.993896
vt 0.081543 0.990723
vt 0.077637 0.988037
vt 0.085205 0.982910
vt 0.075439 0.991455
vt 0.953613 0.722900
vt 0.943115 0.722900
vt 0.947754 0.575439
vt 0.306396 0.801514
vt 0.167480 0.801514
vt 0.304932 0.791992
vt 0.990234 0.118652
vt 0.998535 0.118896
vt 0.998535 0.264893
vt 0.988770 0.264648
vt 0.978516 0.264404
vt 0.979736 0.118164
vt 0.969238 0.117920
vt 0.968750 0.264160
vt 0.960449 0.117920
vt 0.958496 0.264160
vt 0.950195 0.117920
vt 0.948242 0.264160
vt 0.938477 0.264160
vt 0.940918 0.118164
vt 0.928223 0.264404
vt 0.945557 0.423096
vt 0.945557 0.571045
vt 0.932129 0.424316
vt 0.968262 0.647461
vt 0.954834 0.646484
vt 0.980713 0.500977
vt 0.980957 0.648682
vt 0.075928 0.032959
vt 0.160156 0.032959
vt 0.075928 0.036865
vt 0.975586 0.423584
vt 0.962646 0.570068
vt 0.962158 0.422119
vt 0.950928 0.422119
vt 0.957764 0.422119
vt 0.957031 0.570068
vt 0.466309 0.939453
vt 0.466309 0.926758
vt 0.612549 0.936035
vt 0.468262 0.952881
vt 0.474854 0.958496
vt 0.618652 0.971191
vt 0.473389 0.971924
vt 0.922363 0.200684
vt 0.923584 0.207275
vt 0.773438 0.206543
vt 0.922119 0.194336
vt 0.950928 0.004395
vt 0.866699 0.004395
vt 0.866699 0.000488
vt 0.128418 0.021240
vt 0.213135 0.024414
vt 0.128418 0.024902
vt 0.128418 0.028564
vt 0.564941 0.164795
vt 0.632080 0.347656
vt 0.625732 0.351807
vt 0.639893 0.352051
vt 0.638672 0.355225
vt 0.635986 0.359131
vt 0.548828 0.544189
vt 0.648926 0.359131
vt 0.663818 0.356689
vt 0.658936 0.364014
vt 0.665771 0.360352
vt 0.697021 0.356689
vt 0.655518 0.364990
vt 0.675781 0.365967
vt 0.673584 0.368164
vt 0.681641 0.363281
vt 0.692627 0.368408
vt 0.692139 0.366455
vt 0.693604 0.364990
vt 0.704834 0.367676
vt 0.971680 0.653320
vt 0.971680 0.799561
vt 0.961182 0.652344
vt 0.931885 0.628662
vt 0.931885 0.480957
vt 0.941650 0.628174
vt 0.070312 0.222656
vt 0.079102 0.222656
vt 0.073242 0.356689
vt 0.087646 0.224121
s 1
usemtl tripo_mat_0d854c08-fca0-44b3-b8e2-d53b96dcb798
f 497/1 501/2 502/3
f 501/2 497/1 493/4
f 502/3 501/2 494/5
f 493/4 497/1 458/6
f 458/6 497/1 445/7
f 458/6 445/7 433/8
f 433/8 445/7 423/9
f 445/7 497/1 436/10
f 445/7 436/10 423/9
f 488/11 497/1 502/3
f 497/1 488/11 436/10
f 436/10 488/11 415/12
f 488/11 502/3 489/13
f 488/11 489/13 463/14
f 463/14 489/13 462/15
f 462/15 489/13 425/16
f 414/17 423/9 436/10
f 414/17 436/10 396/18
f 414/17 396/18 435/19
f 423/9 414/17 444/20
f 444/20 414/17 435/19
f 423/9 444/20 443/21
f 444/20 435/19 468/22
f 468/22 435/19 461/23
f 470/24 425/16 489/13
f 425/16 470/24 395/25
f 470/24 489/13 486/26
f 486/26 489/13 502/3
f 486/26 502/3 494/5
f 395/25 470/24 413/27
f 395/25 413/27 339/28
f 470/24 486/26 446/29
f 470/24 446/29 413/27
f 486/26 494/5 459/30
f 486/26 459/30 446/29
f 459/30 494/5 441/31
f 459/30 441/31 393/32
f 339/28 413/27 350/33
f 350/33 413/27 446/29
f 339/28 350/33 253/34
f 446/29 459/30 381/35
f 446/29 381/35 350/33
f 459/30 393/32 405/36
f 459/30 405/36 381/35
f 405/36 393/32 316/37
f 405/36 316/37 381/35
f 381/35 316/37 350/33
f 350/33 316/37 253/34
f 316/37 393/32 359/38
f 253/34 316/37 532/39
s 0
f 532/39 316/37 254/40
s 1
f 253/34 532/39 632/41
f 494/42 501/43 474/44
f 494/42 474/44 441/45
f 474/44 501/43 483/46
f 483/46 501/43 493/47
f 483/46 493/47 475/48
f 475/48 493/47 432/49
f 432/49 493/47 458/50
f 432/49 458/50 412/51
f 412/51 458/50 433/52
f 412/51 433/52 421/53
f 412/51 421/53 363/54
f 421/53 433/52 443/55
f 443/55 433/52 423/56
f 363/54 421/53 431/57
f 363/54 431/57 366/58
f 421/53 443/55 467/59
f 421/53 467/59 431/57
f 467/59 443/55 444/60
f 366/58 431/57 442/61
f 442/61 431/57 467/59
f 366/58 442/61 367/62
f 467/59 444/60 468/63
f 442/61 467/59 477/64
f 477/64 467/59 468/63
f 477/64 468/63 460/65
f 460/65 468/63 461/66
s 0
f 460/65 461/66 448/67
s 1
f 448/67 461/66 427/68
f 366/58 367/62 324/69
f 324/69 367/62 327/70
f 324/69 327/70 309/71
f 324/69 309/71 301/72
f 324/69 301/72 321/73
f 301/72 309/71 294/74
f 294/74 309/71 303/75
f 294/74 303/75 279/76
f 294/74 279/76 277/77
f 277/77 279/76 32/78
f 301/72 294/74 293/79
f 301/72 293/79 302/80
f 301/72 302/80 321/73
f 321/73 302/80 320/81
f 320/81 302/80 285/82
f 285/82 302/80 260/83
f 285/82 260/83 1/84
f 441/85 474/86 420/87
f 441/85 420/87 359/88
f 441/85 359/88 393/89
f 420/87 474/86 452/90
f 359/88 420/87 391/91
f 391/91 420/87 452/90
f 452/90 474/86 465/92
f 465/92 474/86 483/93
f 391/91 452/90 410/94
f 410/94 452/90 465/92
f 359/88 391/91 330/95
f 330/95 391/91 410/94
f 465/92 483/93 439/96
f 439/96 483/93 475/97
f 410/94 465/92 411/98
f 411/98 465/92 439/96
f 330/95 410/94 345/99
f 345/99 410/94 411/98
f 359/88 330/95 254/100
f 359/88 254/100 316/101
f 439/96 475/97 399/102
f 399/102 475/97 432/103
f 399/102 432/103 412/104
f 399/102 412/104 362/105
f 362/105 412/104 363/106
f 399/102 362/105 320/107
f 320/107 362/105 363/106
f 320/107 363/106 321/108
f 321/108 363/106 366/109
f 321/108 366/109 324/110
f 399/102 320/107 354/111
f 399/102 354/111 439/96
f 354/111 320/107 322/112
f 439/96 354/111 392/113
f 392/113 354/111 322/112
f 439/96 392/113 411/98
f 322/112 320/107 285/114
f 411/98 392/113 348/115
f 411/98 348/115 345/99
f 392/113 322/112 338/116
f 392/113 338/116 348/115
f 322/112 285/114 292/117
f 322/112 292/117 338/116
f 292/117 285/114 235/118
f 235/118 285/114 1/119
f 292/117 235/118 259/120
f 259/120 235/118 244/121
f 338/116 292/117 300/122
f 300/122 292/117 259/120
f 259/120 244/121 268/123
f 259/120 268/123 300/122
f 338/116 300/122 310/124
f 338/116 310/124 348/115
f 310/124 300/122 268/123
f 348/115 310/124 345/99
f 310/124 268/123 272/125
f 272/125 268/123 246/126
f 310/124 272/125 269/127
f 269/127 272/125 247/128
f 269/127 247/128 262/129
f 310/124 269/127 308/130
f 308/130 269/127 262/129
f 310/124 308/130 345/99
f 308/130 262/129 296/131
f 308/130 296/131 345/99
f 345/99 296/131 330/95
f 296/131 262/129 229/132
f 330/95 296/131 254/100
f 254/100 296/131 229/132
f 254/100 229/132 3/133
s 0
f 254/100 3/133 532/134
s 1
f 339/135 253/136 240/137
f 240/137 253/136 632/138
f 240/137 632/138 540/139
f 339/135 240/137 331/140
f 339/135 331/140 395/141
f 395/141 331/140 382/142
f 395/141 382/142 425/143
f 382/142 331/140 357/144
f 425/143 382/142 402/145
f 402/145 382/142 357/144
f 425/143 402/145 462/146
f 325/147 331/140 240/137
f 331/140 325/147 357/144
f 325/147 240/137 256/148
f 256/148 240/137 540/139
f 325/147 256/148 319/149
f 256/148 540/139 197/150
f 197/150 540/139 644/151
f 319/149 256/148 286/152
f 286/152 256/148 197/150
f 325/147 319/149 332/153
f 332/153 319/149 286/152
f 325/147 332/153 357/144
f 197/150 644/151 168/154
f 168/154 644/151 51/155
f 286/152 197/150 228/156
f 228/156 197/150 168/154
f 332/153 286/152 288/157
f 288/157 286/152 228/156
f 357/144 332/153 340/158
f 340/158 332/153 288/157
f 357/144 340/158 377/159
f 357/144 377/159 402/145
f 340/158 288/157 335/160
f 340/158 335/160 377/159
f 288/157 228/156 281/161
f 281/161 228/156 168/154
f 288/157 281/161 335/160
f 281/161 168/154 271/162
f 271/162 168/154 51/155
f 335/160 281/161 343/163
f 343/163 281/161 271/162
f 384/164 377/159 335/160
f 384/164 335/160 343/163
f 418/165 402/145 377/159
f 418/165 377/159 384/164
f 402/145 418/165 462/146
f 384/164 343/163 383/166
f 384/164 383/166 418/165
f 462/146 418/165 417/167
f 417/167 418/165 383/166
f 462/146 417/167 463/168
f 383/166 343/163 337/169
f 337/169 343/163 271/162
f 417/167 383/166 370/170
f 370/170 383/166 337/169
f 463/168 417/167 397/171
f 397/171 417/167 370/170
f 463/168 397/171 415/172
f 463/168 415/172 488/173
f 397/171 370/170 375/174
f 397/171 375/174 415/172
f 370/170 337/169 364/175
f 370/170 364/175 375/174
f 415/172 375/174 396/176
f 415/172 396/176 436/177
f 396/176 375/174 406/178
f 396/176 406/178 435/179
f 406/178 375/174 388/180
f 388/180 375/174 364/175
f 435/179 406/178 428/181
f 428/181 406/178 388/180
f 435/179 428/181 461/182
f 461/182 428/181 427/183
f 427/183 428/181 398/184
f 398/184 428/181 388/180
f 388/180 364/175 369/185
f 388/180 369/185 398/184
f 398/184 369/185 368/186
f 398/184 368/186 403/187
f 368/186 369/185 342/188
f 342/188 369/185 364/175
f 368/186 342/188 341/189
f 341/189 342/188 257/190
f 342/188 364/175 336/191
f 336/191 364/175 337/169
f 257/190 342/188 264/192
f 264/192 342/188 336/191
f 257/190 264/192 612/193
f 336/191 337/169 266/194
f 336/191 266/194 264/192
f 264/192 266/194 612/193
f 266/194 337/169 271/162
f 612/193 266/194 51/155
f 51/155 266/194 271/162
f 51/195 644/196 673/197
f 51/195 673/197 612/198
f 673/197 644/196 683/199
f 683/199 644/196 540/200
f 612/198 673/197 758/201
f 683/199 540/200 733/202
f 733/202 540/200 632/203
f 673/197 683/199 722/204
f 673/197 722/204 758/201
f 722/204 683/199 756/205
f 756/205 683/199 733/202
f 722/204 756/205 759/206
f 722/204 759/206 758/201
f 756/205 733/202 783/207
f 733/202 632/203 753/208
f 753/208 632/203 726/209
f 753/208 726/209 825/210
f 733/202 753/208 788/211
f 733/202 788/211 783/207
f 756/205 783/207 792/212
f 792/212 783/207 788/211
f 756/205 792/212 759/206
f 759/206 792/212 829/213
f 759/206 829/213 758/201
f 792/212 788/211 833/214
f 792/212 833/214 829/213
f 821/215 788/211 753/208
f 788/211 821/215 833/214
f 821/215 753/208 845/216
f 845/216 753/208 825/210
f 833/214 821/215 899/217
f 899/217 821/215 845/216
f 829/213 833/214 901/218
f 901/218 833/214 899/217
f 845/216 825/210 924/219
f 845/216 924/219 899/217
f 924/219 825/210 923/220
f 924/219 923/220 961/221
f 924/219 961/221 899/217
f 961/221 923/220 960/222
f 899/217 961/221 952/223
f 899/217 952/223 901/218
f 961/221 960/222 967/224
f 961/221 967/224 952/223
f 967/224 960/222 965/225
f 901/218 952/223 963/226
f 963/226 952/223 967/224
f 863/227 829/213 901/218
f 829/213 863/227 758/201
f 901/218 963/226 938/228
f 901/218 938/228 863/227
f 758/201 863/227 768/229
f 758/201 768/229 612/198
f 863/227 938/228 873/230
f 863/227 873/230 768/229
s 0
f 612/198 768/229 691/231
s 1
f 612/198 691/231 257/232
f 691/231 768/229 777/233
f 777/233 768/229 873/230
f 691/231 777/233 767/234
f 873/230 938/228 937/235
f 937/235 938/228 963/226
f 777/233 873/230 862/236
f 862/236 873/230 937/235
f 767/234 777/233 785/237
f 777/233 862/236 840/238
f 777/233 840/238 785/237
f 937/235 963/226 962/239
f 767/234 785/237 828/240
f 828/240 785/237 840/238
f 962/239 963/226 967/224
f 767/234 828/240 822/241
f 767/234 822/241 731/242
f 828/240 840/238 861/243
f 828/240 861/243 822/241
f 861/243 840/238 887/244
f 887/244 840/238 862/236
f 822/241 861/243 837/245
f 822/241 837/245 815/246
f 837/245 861/243 913/247
f 913/247 861/243 887/244
f 837/245 913/247 858/248
f 837/245 858/248 846/249
f 858/248 913/247 945/250
f 858/248 945/250 870/251
f 913/247 887/244 927/252
f 913/247 927/252 945/250
f 870/251 945/250 944/253
f 870/251 944/253 879/254
f 944/253 945/250 935/255
f 935/255 945/250 946/256
f 946/256 945/250 927/252
f 935/255 946/256 957/257
f 957/257 946/256 959/258
f 959/258 946/256 927/252
f 957/257 959/258 964/259
f 959/258 927/252 949/260
f 949/260 927/252 887/244
f 964/259 959/258 966/261
f 966/261 959/258 949/260
f 964/259 966/261 965/225
f 965/225 966/261 967/224
f 967/224 966/261 962/239
f 962/239 966/261 949/260
f 949/260 887/244 914/262
f 949/260 914/262 962/239
f 914/262 887/244 862/236
f 962/239 914/262 937/235
f 937/235 914/262 862/236
f 398/263 403/264 427/265
f 403/266 368/267 378/268
f 368/269 341/270 378/271
f 378/272 341/273 347/274
f 347/274 341/273 265/275
f 341/276 257/277 265/278
s 0
f 265/278 257/277 567/279
s 1
f 567/279 257/277 691/280
f 347/281 265/282 358/283
f 347/281 358/283 376/284
f 347/281 376/284 378/285
f 358/283 265/282 312/286
f 312/286 265/282 567/287
f 312/286 567/287 195/288
f 358/283 312/286 323/289
f 312/286 195/288 298/290
f 312/286 298/290 323/289
f 358/283 323/289 352/291
f 358/283 352/291 376/284
f 323/289 298/290 353/292
f 323/289 353/292 352/291
f 298/290 195/288 284/293
f 284/293 195/288 590/294
f 284/293 590/294 93/295
f 298/290 284/293 365/296
f 298/290 365/296 353/292
f 284/293 93/295 291/297
f 284/293 291/297 365/296
f 291/297 93/295 189/298
f 385/299 352/291 353/292
f 352/291 385/299 376/284
f 353/292 365/296 390/300
f 353/292 390/300 385/299
f 376/284 385/299 404/301
f 404/301 385/299 390/300
f 376/284 404/301 387/302
f 376/284 387/302 378/285
f 378/285 387/302 403/303
f 403/303 387/302 401/304
f 427/305 401/304 424/306
f 424/306 401/304 479/307
f 479/307 401/304 449/308
f 449/308 401/304 387/302
f 449/308 387/302 404/301
f 449/308 404/301 407/309
f 407/309 404/301 390/300
f 449/308 407/309 450/310
f 450/310 407/309 451/311
f 407/309 390/300 408/312
f 407/309 408/312 451/311
f 408/312 390/300 365/296
f 451/311 408/312 472/313
f 472/313 408/312 429/314
f 472/313 429/314 438/315
f 438/315 429/314 386/316
f 429/314 408/312 379/317
f 429/314 379/317 386/316
f 379/317 408/312 365/296
f 379/317 365/296 291/297
f 386/316 379/317 299/318
f 299/318 379/317 291/297
f 299/318 291/297 189/298
f 371/319 299/318 297/320
f 297/320 299/318 243/321
f 243/321 299/318 189/298
f 297/320 243/321 290/322
f 290/322 243/321 202/323
f 202/323 243/321 189/298
f 202/323 189/298 626/324
f 195/325 567/326 724/327
f 195/325 724/327 590/328
f 731/329 802/330 724/327
f 724/327 802/330 760/331
f 724/327 760/331 590/328
f 760/331 802/330 816/332
f 816/332 802/330 838/333
f 760/331 816/332 805/334
f 816/332 838/333 847/335
f 805/334 816/332 839/336
f 839/336 816/332 847/335
f 847/335 838/333 885/337
f 847/335 885/337 839/336
f 885/337 838/333 884/338
f 760/331 805/334 807/339
f 807/339 805/334 839/336
f 885/337 884/338 898/340
f 898/340 884/338 925/341
f 839/336 885/337 860/342
f 860/342 885/337 898/340
f 898/340 925/341 897/343
f 897/343 925/341 922/344
f 898/340 897/343 869/345
f 898/340 869/345 881/346
f 898/340 881/346 860/342
f 881/346 869/345 910/347
f 881/346 910/347 912/348
f 881/346 912/348 860/342
f 912/348 910/347 951/349
f 860/342 912/348 886/350
f 860/342 886/350 839/336
f 912/348 951/349 947/351
f 912/348 947/351 886/350
f 947/351 951/349 958/352
f 839/336 886/350 849/353
f 947/351 958/352 948/354
f 839/336 849/353 807/339
f 948/354 958/352 936/355
f 849/353 886/350 871/356
f 849/353 871/356 807/339
f 928/357 886/350 947/351
f 886/350 928/357 871/356
f 928/357 947/351 948/354
f 871/356 928/357 929/358
f 929/358 928/357 948/354
f 926/359 948/354 936/355
f 926/359 936/355 880/360
f 929/358 948/354 900/361
f 900/361 948/354 926/359
f 926/359 880/360 882/362
f 882/362 880/360 814/363
f 900/361 926/359 859/364
f 859/364 926/359 882/362
f 929/358 900/361 848/365
f 848/365 900/361 859/364
f 882/362 814/363 826/366
f 882/362 826/366 859/364
f 826/366 814/363 747/367
f 859/364 826/366 804/368
f 804/368 826/366 747/367
f 859/364 804/368 827/369
f 859/364 827/369 848/365
f 804/368 747/367 786/370
f 804/368 786/370 827/369
f 746/371 596/372 747/367
f 747/367 596/372 729/373
f 747/367 729/373 786/370
f 729/373 596/372 15/374
f 786/370 729/373 784/375
f 827/369 786/370 793/376
f 793/376 786/370 784/375
f 827/369 793/376 806/377
f 827/369 806/377 848/365
f 793/376 784/375 755/378
f 755/378 784/375 729/373
f 806/377 793/376 757/379
f 757/379 793/376 755/378
f 848/365 806/377 809/380
f 809/380 806/377 757/379
f 848/365 809/380 872/381
f 848/365 872/381 929/358
f 929/358 872/381 871/356
f 871/356 872/381 808/382
f 808/382 872/381 809/380
f 871/356 808/382 807/339
f 809/380 757/379 740/383
f 809/380 740/383 808/382
f 807/339 808/382 748/384
f 748/384 808/382 740/383
f 807/339 748/384 760/331
f 760/331 748/384 590/328
f 590/328 748/384 740/383
f 740/383 757/379 706/385
f 706/385 757/379 755/378
f 590/328 740/383 661/386
f 661/386 740/383 706/385
f 590/328 661/386 93/387
f 706/385 755/378 676/388
f 706/385 676/388 661/386
f 676/388 755/378 729/373
f 676/388 729/373 15/374
f 661/386 676/388 626/389
f 626/389 676/388 15/374
f 661/386 626/389 93/387
f 626/389 15/374 202/390
f 93/387 626/389 189/391
f 403/392 401/393 427/394
f 427/395 424/396 448/397
f 448/397 424/396 447/398
f 448/397 447/398 460/399
f 460/399 447/398 477/400
f 477/400 447/398 496/401
f 496/401 447/398 487/402
f 477/400 496/401 456/403
f 477/400 456/403 442/404
f 496/401 487/402 495/405
f 495/405 487/402 484/406
f 456/403 496/401 455/407
f 455/407 496/401 495/405
f 442/404 456/403 372/408
f 442/404 372/408 367/409
f 367/409 372/408 327/410
f 372/408 456/403 373/411
f 373/411 456/403 455/407
f 327/410 372/408 329/412
f 329/412 372/408 373/411
f 327/410 329/412 309/413
f 373/411 455/407 374/414
f 457/415 455/407 495/405
f 455/407 457/415 374/414
f 457/415 495/405 484/406
f 374/414 457/415 466/416
f 466/416 457/415 492/417
f 492/417 457/415 484/406
f 466/416 492/417 508/418
f 492/417 484/406 506/419
f 492/417 506/419 508/418
f 506/419 484/406 503/420
f 508/418 506/419 514/421
f 508/418 514/421 509/422
f 508/418 509/422 491/423
f 509/422 514/421 515/424
f 509/422 515/424 500/425
f 509/422 500/425 482/426
f 500/425 515/424 510/427
f 449/428 450/429 479/430
f 479/430 450/429 471/431
f 479/430 471/431 487/432
f 479/430 487/432 424/433
f 424/433 487/432 447/434
f 487/432 471/431 478/435
f 487/432 478/435 484/436
f 484/436 478/435 503/437
f 478/435 471/431 498/438
f 478/435 498/438 503/437
f 480/439 471/431 450/429
f 471/431 480/439 498/438
f 480/439 450/429 451/440
f 503/437 498/438 511/441
f 511/441 498/438 480/439
f 480/439 451/440 499/442
f 480/439 499/442 511/441
f 499/442 451/440 472/443
f 503/437 511/441 513/444
f 503/437 513/444 506/445
f 506/445 513/444 514/446
f 514/446 513/444 515/447
f 513/444 511/441 516/448
f 513/444 516/448 515/447
f 512/449 511/441 499/442
f 511/441 512/449 516/448
f 512/449 499/442 505/450
f 505/450 499/442 472/443
f 515/447 516/448 507/451
f 515/447 507/451 510/452
f 516/448 512/449 504/453
f 516/448 504/453 507/451
f 512/449 505/450 481/454
f 512/449 481/454 504/453
f 505/450 472/443 473/455
f 473/455 472/443 438/456
f 481/454 505/450 464/457
f 464/457 505/450 473/455
f 473/455 438/456 419/458
f 473/455 419/458 464/457
f 419/458 438/456 386/459
f 464/457 419/458 389/460
f 419/458 386/459 371/461
f 371/461 386/459 299/462
f 419/458 371/461 389/460
f 416/463 481/454 464/457
f 416/463 464/457 389/460
f 481/454 416/463 426/464
f 481/454 426/464 504/453
f 416/463 389/460 346/465
f 416/463 346/465 426/464
f 389/460 371/461 351/466
f 351/466 371/461 297/467
f 351/466 297/467 290/468
f 389/460 351/466 334/469
f 389/460 334/469 346/465
f 351/466 290/468 326/470
f 351/466 326/470 334/469
f 326/470 290/468 261/471
f 261/471 290/468 202/472
f 334/469 326/470 249/473
f 249/473 326/470 261/471
f 334/469 249/473 346/465
f 249/473 261/471 15/474
f 249/473 15/474 596/475
f 346/465 249/473 349/476
f 346/465 349/476 426/464
f 249/473 596/475 263/477
f 249/473 263/477 349/476
f 263/477 596/475 533/478
f 426/464 349/476 437/479
f 426/464 437/479 504/453
f 504/453 437/479 507/451
f 437/479 349/476 356/480
f 356/480 349/476 263/477
f 507/451 437/479 469/481
f 469/481 437/479 356/480
f 507/451 469/481 510/452
s 0
f 318/482 263/477 533/478
s 1
f 263/477 318/482 356/480
s 0
f 318/482 533/478 258/483
s 1
f 469/481 356/480 394/484
f 394/484 356/480 318/482
f 510/452 469/481 485/485
f 485/485 469/481 394/484
f 510/452 485/485 500/486
f 485/485 394/484 434/487
f 434/487 394/484 318/482
f 485/485 434/487 476/488
f 476/488 434/487 422/489
f 422/489 434/487 318/482
f 422/489 318/482 380/490
f 15/491 261/492 202/493
f 880/494 936/495 868/496
f 880/494 868/496 814/497
f 746/498 747/499 814/497
f 746/498 814/497 801/500
f 801/500 814/497 868/496
f 746/498 801/500 813/501
f 746/498 813/501 761/502
f 813/501 801/500 866/503
f 866/503 801/500 868/496
f 866/503 868/496 916/504
f 866/503 916/504 891/505
f 920/506 868/496 936/495
f 868/496 920/506 916/504
f 920/506 936/495 958/507
f 920/506 958/507 943/508
f 916/504 920/506 932/509
f 932/509 920/506 943/508
f 916/504 932/509 902/510
f 943/508 958/507 942/511
f 943/508 942/511 932/509
f 942/511 958/507 951/512
f 902/510 932/509 917/513
f 917/513 932/509 942/511
f 942/511 951/512 896/514
f 942/511 896/514 917/513
f 896/514 951/512 910/515
f 896/514 910/515 869/516
f 917/513 896/514 867/517
f 917/513 867/517 890/518
f 896/514 869/516 857/519
f 857/519 869/516 897/520
f 867/517 896/514 836/521
f 836/521 896/514 857/519
f 867/517 836/521 830/522
f 836/521 857/519 856/523
f 836/521 856/523 834/524
f 857/519 897/520 878/525
f 857/519 878/525 856/523
f 878/525 897/520 922/526
f 856/523 878/525 909/527
f 909/527 878/525 922/526
s 0
f 731/528 724/529 567/530
s 1
f 731/531 567/532 767/533
f 767/534 567/535 691/536
f 802/537 731/538 815/539
f 802/537 815/539 846/540
f 802/537 846/540 838/541
f 838/541 846/540 883/542
f 838/541 883/542 884/543
f 884/543 883/542 925/544
f 925/544 883/542 911/545
f 925/544 911/545 922/546
f 922/546 911/545 921/547
f 922/546 921/547 909/548
f 909/548 921/547 908/549
s 0
f 909/548 908/549 894/550
s 1
f 909/548 894/550 856/551
f 856/551 894/550 834/552
f 894/550 908/549 907/553
f 834/552 894/550 864/554
f 864/554 894/550 907/553
f 864/554 907/553 889/555
f 815/556 731/557 822/558
f 815/559 837/560 846/561
f 846/562 858/563 883/564
f 883/564 858/563 870/565
f 883/564 870/565 911/566
f 911/566 870/565 879/567
f 911/566 879/567 921/568
f 921/568 879/567 908/569
f 908/569 879/567 877/570
f 908/569 877/570 907/571
f 907/571 877/570 918/572
f 918/572 877/570 933/573
f 907/571 918/572 888/574
f 907/571 888/574 889/575
f 889/575 888/574 853/576
f 888/574 918/572 892/577
f 892/577 918/572 915/578
f 944/579 935/580 919/581
f 944/579 919/581 933/582
f 944/579 933/582 879/583
f 879/583 933/582 877/584
f 933/582 919/581 915/585
f 933/582 915/585 918/586
f 919/581 935/580 934/587
f 934/587 935/580 957/588
f 915/585 919/581 906/589
f 906/589 919/581 934/587
f 915/585 906/589 892/590
f 892/590 906/589 874/591
f 874/591 906/589 931/592
f 931/592 906/589 934/587
f 934/587 957/588 955/593
f 934/587 955/593 931/592
f 955/593 957/588 964/594
f 931/592 955/593 953/595
f 931/592 953/595 940/596
f 955/593 964/594 956/597
f 955/593 956/597 953/595
f 956/597 964/594 965/598
f 953/595 956/597 954/599
f 953/595 954/599 939/600
f 939/600 954/599 941/601
f 954/599 956/597 950/602
f 950/602 956/597 965/598
f 954/599 950/602 941/601
f 950/602 965/598 960/603
f 941/601 950/602 895/604
f 895/604 950/602 960/603
f 895/604 960/603 923/605
f 941/601 895/604 905/606
f 895/604 923/605 825/607
f 905/606 895/604 803/608
f 803/608 895/604 825/607
f 905/606 803/608 823/609
f 803/608 825/607 726/610
f 823/609 803/608 762/611
f 762/611 803/608 726/610
f 916/612 902/613 891/614
f 917/615 890/616 902/613
f 902/613 890/616 851/617
f 891/614 902/613 865/618
f 865/618 902/613 851/617
f 851/617 890/616 835/619
f 891/614 865/618 854/620
f 835/619 890/616 850/621
f 850/621 890/616 867/622
f 850/621 867/622 830/623
f 850/621 830/623 817/624
f 850/621 817/624 835/619
f 835/619 817/624 789/625
f 835/619 789/625 797/626
f 835/619 797/626 851/617
f 797/626 789/625 764/627
f 851/617 797/626 810/628
f 851/617 810/628 865/618
f 797/626 764/627 775/629
f 797/626 775/629 810/628
f 775/629 764/627 728/630
f 810/628 775/629 780/631
f 780/631 775/629 728/630
f 865/618 810/628 819/632
f 819/632 810/628 780/631
f 865/618 819/632 854/620
f 819/632 780/631 782/633
f 854/620 819/632 811/634
f 811/634 819/632 782/633
f 782/633 780/631 752/635
f 811/634 782/633 781/636
f 781/636 782/633 752/635
f 752/635 780/631 751/637
f 751/637 780/631 728/630
f 752/635 751/637 714/638
f 714/638 751/637 728/630
f 752/635 714/638 717/639
f 781/636 752/635 742/640
f 742/640 752/635 717/639
f 776/641 811/634 781/636
f 781/636 742/640 735/642
f 781/636 735/642 776/641
f 735/642 742/640 709/643
f 735/642 709/643 684/644
f 735/642 684/644 712/645
f 735/642 712/645 776/641
f 709/643 742/640 713/646
f 713/646 742/640 717/639
f 709/643 713/646 696/647
f 696/647 713/646 717/639
f 696/647 717/639 697/648
f 697/648 717/639 694/649
f 694/649 717/639 714/638
f 694/649 714/638 703/650
f 694/649 703/650 690/651
f 703/650 714/638 728/630
f 690/651 703/650 675/652
f 675/652 703/650 728/630
f 675/652 728/630 708/653
f 708/653 728/630 764/627
f 675/652 708/653 33/654
f 708/653 764/627 734/655
f 33/654 708/653 701/656
f 701/656 708/653 734/655
f 830/657 836/658 834/659
f 830/657 834/659 817/660
f 817/660 834/659 818/661
f 818/661 834/659 864/662
f 817/660 818/661 789/663
f 818/661 864/662 832/664
f 832/664 864/662 889/665
f 832/664 889/665 853/666
f 818/661 832/664 787/667
f 818/661 787/667 789/663
f 832/664 853/666 790/668
f 832/664 790/668 787/667
f 790/668 853/666 796/669
f 789/663 787/667 763/670
f 763/670 787/667 790/668
f 789/663 763/670 764/671
f 763/670 790/668 766/672
f 766/672 790/668 796/669
f 766/672 796/669 769/673
f 831/674 891/614 854/620
f 891/614 831/674 844/675
f 891/614 844/675 866/676
f 866/676 844/675 813/677
f 813/677 844/675 831/674
f 813/677 831/674 761/678
f 831/674 854/620 798/679
f 831/674 798/679 761/678
f 798/679 854/620 811/634
f 798/679 811/634 776/641
f 798/679 776/641 761/678
f 761/678 776/641 712/645
s 0
f 761/678 712/645 746/680
s 1
f 596/681 746/682 533/683
f 533/683 746/682 712/684
f 684/685 709/686 692/687
f 692/687 709/686 696/688
f 692/687 696/688 674/689
f 684/685 692/687 662/690
f 662/690 692/687 674/689
f 684/685 662/690 16/691
f 662/690 674/689 646/692
f 662/690 646/692 44/693
f 646/692 674/689 659/694
f 44/693 646/692 46/695
f 646/692 659/694 631/696
f 646/692 631/696 46/695
f 46/695 631/696 53/697
f 631/696 659/694 645/698
f 53/697 631/696 593/699
f 593/699 631/696 645/698
f 593/699 645/698 594/700
f 712/701 684/702 16/703
f 712/701 16/703 533/704
f 533/704 16/703 258/705
s 0
f 662/706 44/707 16/703
s 1
f 16/703 44/707 217/708
f 46/709 203/710 44/707
f 44/707 203/710 217/708
f 16/703 217/708 237/711
f 16/703 237/711 258/705
f 217/708 203/710 236/712
f 192/713 221/714 203/710
f 203/710 221/714 236/712
f 237/711 217/708 250/715
f 250/715 217/708 236/712
f 236/712 221/714 238/716
f 238/716 221/714 224/717
f 238/716 224/717 242/718
f 242/718 224/717 227/719
f 236/712 238/716 252/720
f 236/712 252/720 250/715
f 238/716 242/718 255/721
f 238/716 255/721 252/720
f 255/721 242/718 239/722
f 255/721 239/722 251/723
f 252/720 255/721 282/724
f 282/724 255/721 251/723
f 251/723 239/722 230/725
f 283/726 250/715 252/720
f 283/726 252/720 282/724
f 250/715 283/726 274/727
f 250/715 274/727 237/711
f 283/726 282/724 313/728
f 283/726 313/728 274/727
f 237/711 274/727 307/729
f 307/729 274/727 313/728
f 237/711 307/729 258/705
f 245/730 251/723 230/725
f 245/730 230/725 215/731
f 245/730 215/731 234/732
f 234/732 215/731 43/733
f 251/723 245/730 267/734
f 267/734 245/730 234/732
f 234/732 43/733 33/735
s 0
f 33/735 43/733 675/736
s 1
f 234/732 33/735 273/737
f 267/734 234/732 295/738
f 295/738 234/732 273/737
f 251/723 267/734 278/739
f 278/739 267/734 295/738
f 251/723 278/739 282/724
f 278/739 295/738 314/740
f 282/724 278/739 315/741
f 315/741 278/739 314/740
f 282/724 315/741 313/728
f 314/740 295/738 360/742
f 314/740 360/742 315/741
f 360/742 295/738 333/743
f 333/743 295/738 273/737
f 315/741 360/742 361/744
f 315/741 361/744 313/728
f 360/742 333/743 440/745
f 360/742 440/745 361/744
f 333/743 273/737 317/746
f 317/746 273/737 305/747
f 317/746 305/747 328/748
f 329/749 373/750 328/748
f 328/748 373/750 374/751
f 328/748 374/751 317/746
f 333/743 317/746 400/752
f 400/752 317/746 374/751
f 333/743 400/752 440/745
f 400/752 374/751 466/753
f 400/752 466/753 490/754
f 400/752 490/754 440/745
f 490/754 466/753 508/755
f 490/754 508/755 491/756
f 440/745 490/754 453/757
f 453/757 490/754 491/756
f 440/745 453/757 361/744
f 361/744 453/757 355/758
f 361/744 355/758 313/728
f 313/728 355/758 307/729
f 355/758 453/757 430/759
f 430/759 453/757 491/756
f 307/729 355/758 344/760
f 344/760 355/758 430/759
f 307/729 344/760 258/705
f 430/759 491/756 482/761
f 482/761 491/756 509/762
f 344/760 430/759 409/763
f 409/763 430/759 482/761
f 258/705 344/760 380/764
f 380/764 344/760 409/763
f 258/705 380/764 318/765
f 409/763 482/761 454/766
f 409/763 454/766 380/764
f 454/766 482/761 500/767
f 380/764 454/766 422/768
f 696/769 697/770 678/771
f 696/769 678/771 674/772
f 674/772 678/771 659/773
f 659/773 678/771 665/774
f 659/773 665/774 645/775
f 678/771 697/770 680/776
f 678/771 680/776 665/774
f 680/776 697/770 677/777
f 677/777 697/770 694/778
f 680/776 677/777 660/779
f 677/777 694/778 669/780
f 660/779 677/777 656/781
f 656/781 677/777 669/780
f 656/781 669/780 639/782
f 669/780 694/778 690/783
f 639/782 669/780 655/784
f 655/784 669/780 690/783
f 655/784 690/783 675/785
s 0
f 655/784 675/785 43/786
s 1
f 664/787 680/776 660/779
f 680/776 664/787 665/774
f 664/787 660/779 647/788
f 664/787 647/788 650/789
f 665/774 664/787 648/790
f 648/790 664/787 650/789
f 665/774 648/790 645/775
f 648/790 650/789 603/791
f 648/790 603/791 645/775
f 645/775 603/791 594/792
f 203/793 46/794 192/795
f 192/795 46/794 53/796
f 192/795 53/796 182/797
f 192/795 182/797 207/798
f 192/795 207/798 221/799
f 182/797 53/796 63/800
f 221/799 207/798 224/801
f 63/800 53/796 593/802
f 224/801 207/798 211/803
f 224/801 211/803 227/804
f 207/798 182/797 186/805
f 63/800 593/802 559/806
f 559/806 593/802 594/807
f 182/797 63/800 164/808
f 182/797 164/808 186/805
f 63/800 559/806 64/809
f 63/800 64/809 164/808
f 559/806 594/807 523/810
f 207/798 186/805 193/811
f 207/798 193/811 211/803
f 64/809 559/806 518/812
f 518/812 559/806 523/810
f 64/809 518/812 74/813
f 523/810 594/807 530/814
f 64/809 74/813 129/815
f 64/809 129/815 164/808
f 74/813 518/812 81/816
f 81/816 518/812 523/810
f 74/813 81/816 129/815
f 530/814 594/807 603/817
f 164/808 129/815 141/818
f 141/818 129/815 81/816
f 164/808 141/818 186/805
f 81/816 523/810 83/819
f 81/816 83/819 141/818
f 83/819 523/810 530/814
f 186/805 141/818 157/820
f 157/820 141/818 83/819
f 186/805 157/820 193/811
f 83/819 530/814 90/821
f 157/820 83/819 165/822
f 165/822 83/819 90/821
f 193/811 157/820 196/823
f 196/823 157/820 165/822
f 193/811 196/823 214/824
f 193/811 214/824 211/803
f 211/803 214/824 227/804
f 214/824 196/823 210/825
f 214/824 210/825 227/804
f 196/823 165/822 194/826
f 196/823 194/826 210/825
f 227/804 210/825 225/827
f 227/804 225/827 242/828
f 242/828 225/827 239/829
f 239/829 225/827 218/830
f 218/830 225/827 210/825
f 239/829 218/830 230/831
f 218/830 210/825 204/832
f 204/832 210/825 194/826
f 218/830 204/832 190/833
f 204/832 194/826 183/834
f 204/832 183/834 178/835
f 178/835 183/834 139/836
f 183/834 194/826 158/837
f 158/837 194/826 165/822
f 139/836 183/834 132/838
f 132/838 183/834 158/837
f 158/837 165/822 90/821
f 139/836 132/838 114/839
f 139/836 114/839 73/840
f 73/840 114/839 80/841
f 73/840 80/841 14/842
f 80/841 114/839 82/843
f 80/841 82/843 14/842
f 82/843 114/839 132/838
f 14/842 82/843 519/844
f 89/845 132/838 158/837
f 132/838 89/845 82/843
f 89/845 158/837 90/821
f 82/843 89/845 519/844
f 519/844 89/845 524/846
f 524/846 89/845 90/821
f 519/844 524/846 580/847
f 580/847 524/846 595/848
f 524/846 90/821 531/849
f 524/846 531/849 595/848
f 531/849 90/821 530/814
f 595/848 531/849 604/850
f 604/850 531/849 530/814
f 595/848 604/850 647/851
f 604/850 530/814 603/817
f 647/851 604/850 650/852
f 650/852 604/850 603/817
f 422/853 454/854 476/855
f 476/855 454/854 500/856
f 476/855 500/856 485/857
f 328/858 311/859 329/412
f 311/859 328/858 305/860
f 311/859 305/860 304/861
f 329/412 311/859 309/413
f 311/859 304/861 306/862
f 311/859 306/862 309/413
f 309/413 306/862 303/863
f 303/863 306/862 279/864
f 279/864 306/862 280/865
f 279/864 280/865 32/866
f 230/867 218/868 200/869
f 230/867 200/869 215/870
f 200/869 218/868 190/871
f 215/870 200/869 52/872
f 215/870 52/872 43/873
f 43/873 52/872 655/874
f 655/874 52/872 639/875
f 52/872 200/869 59/876
f 52/872 59/876 639/875
f 59/876 200/869 190/871
f 639/875 59/876 609/877
f 639/875 609/877 656/878
f 59/876 190/871 61/879
f 59/876 61/879 609/877
f 61/879 190/871 178/880
f 178/880 190/871 204/881
f 61/879 178/880 70/882
f 70/882 178/880 139/883
f 70/882 139/883 73/884
f 61/879 70/882 572/885
f 61/879 572/885 609/877
f 70/882 73/884 546/886
f 70/882 546/886 572/885
f 546/886 73/884 14/887
f 546/886 14/887 519/888
f 546/886 519/888 580/889
f 546/886 580/889 572/885
f 609/877 572/885 638/890
f 638/890 572/885 580/889
f 638/890 580/889 595/891
f 609/877 638/890 656/878
f 638/890 595/891 647/892
f 638/890 647/892 656/878
f 656/878 647/892 660/893
f 632/894 532/895 726/896
f 940/897 953/898 939/899
f 940/897 939/899 904/900
f 904/900 939/899 930/901
f 930/901 939/899 941/902
f 930/901 941/902 905/903
f 930/901 905/903 875/904
f 875/904 905/903 823/905
f 904/900 930/901 876/906
f 876/906 930/901 875/904
f 875/904 823/905 843/907
f 875/904 843/907 876/906
f 843/907 823/905 762/908
f 876/906 843/907 799/909
f 799/909 843/907 762/908
f 904/900 876/906 824/910
f 876/906 799/909 820/911
f 876/906 820/911 824/910
f 799/909 762/908 773/912
f 799/909 773/912 820/911
f 773/912 762/908 707/913
s 0
f 707/913 762/908 726/914
s 1
f 707/913 726/914 532/915
f 904/900 824/910 893/916
f 904/900 893/916 940/897
f 779/917 824/910 820/911
f 820/911 773/912 778/918
f 820/911 778/918 779/917
f 732/919 773/912 707/913
f 773/912 732/919 778/918
f 812/920 893/916 824/910
f 812/920 824/910 779/917
s 0
f 685/921 707/913 3/922
s 1
f 893/916 812/920 800/923
f 707/913 685/921 710/924
f 707/913 710/924 732/919
f 710/924 685/921 695/925
f 695/925 685/921 663/926
f 710/924 695/925 700/927
f 700/927 695/925 679/928
f 700/927 679/928 682/929
f 732/919 710/924 721/930
f 721/930 710/924 700/927
f 732/919 721/930 744/931
f 732/919 744/931 778/918
f 721/930 700/927 723/932
f 721/930 723/932 744/931
f 700/927 682/929 702/933
f 700/927 702/933 723/932
f 702/933 682/929 687/934
f 702/933 687/934 686/935
f 778/918 744/931 743/936
f 743/936 744/931 723/932
f 778/918 743/936 779/917
f 702/933 686/935 699/937
f 702/933 699/937 723/932
f 699/937 686/935 681/938
f 779/917 743/936 774/939
f 779/917 774/939 812/920
f 743/936 723/932 738/940
f 743/936 738/940 774/939
f 723/932 699/937 720/941
f 723/932 720/941 738/940
f 699/937 681/938 698/942
f 699/937 698/942 720/941
f 698/942 681/938 668/943
f 698/942 668/943 689/944
f 720/941 698/942 715/945
f 720/941 715/945 738/940
f 715/945 698/942 689/944
f 738/940 715/945 730/946
f 730/946 715/945 689/944
f 738/940 730/946 774/939
f 771/947 812/920 774/939
f 771/947 774/939 730/946
f 812/920 771/947 800/923
f 730/946 689/944 725/948
f 725/948 689/944 1/949
f 771/947 730/946 765/950
f 771/947 765/950 800/923
f 765/950 730/946 725/948
f 704/951 750/952 725/948
f 765/950 725/948 770/953
f 770/953 725/948 750/952
f 800/923 765/950 791/954
f 791/954 765/950 770/953
f 770/953 750/952 772/955
f 800/923 791/954 855/956
f 800/923 855/956 893/916
f 893/916 855/956 940/897
f 772/955 750/952 754/957
f 772/955 754/957 769/958
f 769/958 754/957 749/959
f 940/897 855/956 903/960
f 940/897 903/960 931/961
f 931/961 903/960 874/962
f 903/960 855/956 842/963
f 903/960 842/963 874/962
f 842/963 855/956 791/954
f 874/962 842/963 841/964
f 874/962 841/964 892/965
f 842/963 791/954 795/966
f 842/963 795/966 841/964
f 795/966 791/954 770/953
f 795/966 770/953 772/955
f 795/966 772/955 794/967
f 795/966 794/967 841/964
f 794/967 772/955 769/958
f 794/967 769/958 796/968
f 841/964 794/967 852/969
f 852/969 794/967 796/968
f 841/964 852/969 892/965
f 852/969 796/968 853/970
f 892/965 852/969 888/971
f 888/971 852/969 853/970
f 3/972 707/973 532/974
f 663/975 685/976 3/977
f 663/975 3/977 17/978
f 663/975 17/978 651/979
f 651/979 17/978 20/980
f 663/975 651/979 679/981
f 663/975 679/981 695/982
f 679/981 651/979 666/983
f 679/981 666/983 682/984
f 651/979 20/980 642/985
f 651/979 642/985 666/983
f 642/985 20/980 27/986
f 27/986 20/980 181/987
f 642/985 27/986 602/988
f 642/985 602/988 649/989
f 642/985 649/989 666/983
f 666/983 649/989 654/990
f 666/983 654/990 671/991
f 666/983 671/991 682/984
f 682/984 671/991 687/992
f 687/992 671/991 672/993
f 672/994 671/995 654/996
f 619/997 654/996 649/998
f 654/996 619/997 625/999
f 672/994 654/996 658/1000
f 658/1000 654/996 625/999
f 658/1000 625/999 624/1001
f 624/1001 625/999 552/1002
f 672/994 658/1000 657/1003
f 657/1003 658/1000 624/1001
f 672/994 657/1003 670/1004
f 672/994 670/1004 687/1005
f 687/1005 670/1004 686/1006
f 670/1004 657/1003 652/1007
f 652/1007 657/1003 624/1001
f 686/1006 670/1004 667/1008
f 667/1008 670/1004 652/1007
f 686/1006 667/1008 681/1009
f 611/1010 624/1001 552/1002
f 624/1001 611/1010 652/1007
f 611/1010 552/1002 538/1011
f 611/1010 538/1011 573/1012
f 573/1012 538/1011 529/1013
f 611/1010 573/1012 618/1014
f 611/1010 618/1014 652/1007
f 618/1014 573/1012 40/1015
f 618/1014 40/1015 28/1016
f 652/1007 618/1014 643/1017
f 643/1017 618/1014 28/1016
f 652/1007 643/1017 667/1008
f 643/1017 28/1016 21/1018
f 667/1008 643/1017 653/1019
f 653/1019 643/1017 21/1018
f 667/1008 653/1019 681/1009
f 681/1009 653/1019 668/1020
f 668/1020 653/1019 18/1021
f 18/1021 653/1019 21/1018
f 18/1021 21/1018 198/1022
f 764/1023 763/1024 734/1025
f 734/1025 763/1024 766/1026
f 734/1025 766/1026 741/1027
f 741/1027 766/1026 769/1028
f 741/1027 769/1028 749/1029
f 734/1030 741/1031 727/1032
f 727/1032 741/1031 737/1033
f 737/1033 741/1031 749/1034
f 737/1033 749/1034 739/1035
f 737/1033 739/1035 719/1036
f 737/1033 719/1036 716/1037
f 716/1037 719/1036 32/1038
f 716/1037 32/1038 42/1039
f 734/1040 727/1041 701/1042
f 701/1042 727/1041 705/1043
f 749/1044 754/1045 745/1046
f 749/1044 745/1046 739/1047
f 745/1046 754/1045 736/1048
f 736/1048 754/1045 750/1049
f 739/1047 745/1046 719/1050
f 719/1050 745/1046 718/1051
f 719/1050 718/1051 32/1052
f 32/1052 718/1051 24/1053
f 745/1054 736/1055 718/1056
f 736/1057 750/1058 704/1059
f 736/1057 704/1059 711/1060
f 718/1061 736/1062 711/1063
f 718/1061 711/1063 24/1064
f 24/1064 711/1063 31/1065
f 31/1065 711/1063 693/1066
f 693/1066 711/1063 704/1067
f 31/1065 693/1066 100/1068
f 100/1068 693/1066 23/1069
f 737/1070 716/1071 727/1072
f 727/1073 716/1074 705/1075
f 705/1075 716/1074 42/1076
f 705/1075 42/1076 50/1077
f 705/1075 50/1077 688/1078
f 705/1075 688/1078 701/1079
f 688/1078 50/1077 117/1080
f 688/1078 117/1080 57/1081
f 701/1082 688/1083 57/1084
f 701/1082 57/1084 33/1085
f 50/1086 42/1087 276/1088
f 276/1088 42/1087 280/1089
f 280/1089 42/1087 32/1090
f 50/1091 276/1092 117/1093
f 117/1093 276/1092 289/1094
f 117/1093 289/1094 270/1095
f 270/1095 289/1094 276/1092
f 117/1093 270/1095 57/1096
f 57/1096 270/1095 33/1097
f 270/1095 276/1092 304/1098
f 270/1095 304/1098 305/1099
f 304/1098 276/1092 280/1100
f 304/1098 280/1100 306/1101
f 33/1102 270/1103 273/1104
f 273/1104 270/1103 305/1105
f 277/1106 32/1107 24/1108
f 277/1106 24/1108 275/1109
f 277/1106 275/1109 293/1110
f 275/1109 24/1108 31/1111
f 275/1109 31/1111 100/1112
f 275/1109 100/1112 287/1113
f 293/1114 294/1115 277/1116
f 302/1117 293/1118 260/1119
f 260/1119 293/1118 275/1120
f 260/1119 275/1120 287/1121
f 260/1119 287/1121 100/1122
f 260/1119 100/1122 23/1123
f 260/1119 23/1123 1/1124
f 23/1125 693/1126 704/1127
f 23/1125 704/1127 1/1128
f 1/1128 704/1127 725/1129
f 1/1130 689/1131 4/1132
f 1/1130 4/1132 235/1133
f 235/1133 4/1132 212/1134
f 212/1134 4/1132 18/1135
f 235/1133 212/1134 244/1136
f 212/1134 18/1135 198/1137
f 244/1136 212/1134 226/1138
f 226/1138 212/1134 198/1137
f 244/1136 226/1138 246/1139
f 244/1136 246/1139 268/1140
f 226/1138 198/1137 216/1141
f 216/1141 198/1137 185/1142
f 216/1141 185/1142 201/1143
f 226/1138 216/1141 231/1144
f 226/1138 231/1144 246/1139
f 216/1141 201/1143 219/1145
f 216/1141 219/1145 231/1144
f 219/1145 201/1143 205/1146
f 246/1139 231/1144 248/1147
f 246/1139 248/1147 272/1148
f 272/1148 248/1147 247/1149
f 248/1147 231/1144 233/1150
f 233/1150 231/1144 219/1145
f 219/1145 205/1146 222/1151
f 219/1145 222/1151 233/1150
f 222/1151 205/1146 208/1152
f 222/1151 208/1152 206/1153
f 222/1151 206/1153 220/1154
f 222/1151 220/1154 233/1150
f 220/1154 206/1153 199/1155
f 232/1156 248/1147 233/1150
f 232/1156 233/1150 220/1154
f 248/1147 232/1156 247/1149
f 220/1154 199/1155 213/1157
f 220/1154 213/1157 232/1156
f 213/1157 199/1155 181/1158
f 247/1149 232/1156 223/1159
f 223/1159 232/1156 213/1157
f 213/1157 181/1158 191/1160
f 213/1157 191/1160 223/1159
f 191/1160 181/1158 20/1161
f 191/1160 20/1161 17/1162
f 191/1160 17/1162 209/1163
f 191/1160 209/1163 223/1159
f 209/1163 17/1162 3/1164
f 209/1163 3/1164 229/1165
f 223/1159 209/1163 241/1166
f 241/1166 209/1163 229/1165
f 223/1159 241/1166 247/1149
f 241/1166 229/1165 262/1167
f 241/1166 262/1167 247/1149
f 4/1168 689/1169 668/1170
f 4/1168 668/1170 18/1171
f 198/1172 21/1173 185/1174
f 185/1174 21/1173 28/1175
f 185/1174 28/1175 174/1176
f 185/1174 174/1176 201/1177
f 174/1176 28/1175 40/1178
f 201/1177 174/1176 180/1179
f 174/1176 40/1178 140/1180
f 174/1176 140/1180 180/1179
f 140/1180 40/1178 48/1181
f 48/1181 40/1178 573/1182
f 48/1181 573/1182 529/1183
f 48/1181 529/1183 54/1184
f 140/1180 48/1181 115/1185
f 115/1185 48/1181 54/1184
f 54/1184 529/1183 65/1186
f 54/1184 65/1186 115/1185
f 65/1186 529/1183 538/1187
f 140/1180 115/1185 133/1188
f 133/1188 115/1185 65/1186
f 140/1180 133/1188 180/1179
f 65/1186 538/1187 66/1189
f 65/1186 66/1189 133/1188
f 66/1189 538/1187 552/1190
f 180/1179 133/1188 148/1191
f 148/1191 133/1188 66/1189
f 180/1179 148/1191 187/1192
f 180/1179 187/1192 201/1177
f 201/1177 187/1192 205/1193
f 205/1193 187/1192 208/1194
f 208/1194 187/1192 188/1195
f 188/1195 187/1192 148/1191
f 208/1194 188/1195 206/1196
f 148/1191 66/1189 142/1197
f 148/1191 142/1197 188/1195
f 206/1196 188/1195 184/1198
f 184/1198 188/1195 142/1197
f 206/1196 184/1198 199/1199
f 142/1197 66/1189 67/1200
f 67/1200 66/1189 552/1190
f 184/1198 142/1197 134/1201
f 134/1201 142/1197 67/1200
f 199/1199 184/1198 175/1202
f 175/1202 184/1198 134/1201
f 199/1199 175/1202 163/1203
f 199/1199 163/1203 181/1204
f 181/1204 163/1203 27/1205
f 67/1200 552/1190 553/1206
f 553/1206 552/1190 625/1207
f 553/1206 625/1207 619/1208
f 67/1200 553/1206 547/1209
f 547/1209 553/1206 619/1208
f 27/1205 163/1203 29/1210
f 27/1205 29/1210 602/1211
f 29/1210 163/1203 125/1212
f 125/1212 163/1203 175/1202
f 547/1209 619/1208 605/1213
f 605/1213 619/1208 649/1214
f 605/1213 649/1214 602/1211
f 602/1211 29/1210 566/1215
f 602/1211 566/1215 605/1213
f 29/1210 125/1212 41/1216
f 29/1210 41/1216 566/1215
f 605/1213 566/1215 539/1217
f 605/1213 539/1217 547/1209
f 566/1215 41/1216 528/1218
f 566/1215 528/1218 539/1217
f 528/1218 41/1216 49/1219
f 547/1209 539/1217 56/1220
f 547/1209 56/1220 67/1200
f 67/1200 56/1220 134/1201
f 539/1217 528/1218 55/1221
f 539/1217 55/1221 56/1220
f 55/1221 528/1218 49/1219
f 134/1201 56/1220 116/1222
f 116/1222 56/1220 55/1221
f 134/1201 116/1222 175/1202
f 175/1202 116/1222 125/1212
f 116/1222 55/1221 99/1223
f 116/1222 99/1223 125/1212
f 99/1223 55/1221 49/1219
f 125/1212 99/1223 41/1216
f 41/1216 99/1223 49/1219
f 126/1224 130/1225 152/1226
f 152/1226 130/1225 159/1227
f 159/1227 130/1225 136/1228
f 136/1228 130/1225 102/1229
f 102/1229 130/1225 126/1224
f 136/1228 102/1229 103/1230
f 152/1226 159/1227 161/1231
f 161/1231 159/1227 171/1232
f 103/1230 102/1229 68/1233
f 103/1230 68/1233 69/1234
f 69/1234 68/1233 5/1235
f 68/1233 102/1229 94/1236
f 94/1236 102/1229 126/1224
f 5/1235 68/1233 58/1237
f 58/1237 68/1233 94/1236
f 5/1235 58/1237 7/1238
f 5/1235 7/1238 542/1239
f 7/1238 58/1237 8/1240
f 8/1240 58/1237 45/1241
f 45/1241 58/1237 94/1236
f 45/1241 94/1236 77/1242
f 77/1242 94/1236 95/1243
f 95/1243 94/1236 126/1224
f 95/1243 126/1224 104/1244
f 104/1244 126/1224 144/1245
f 144/1245 126/1224 152/1226
f 104/1244 144/1245 105/1246
f 144/1245 152/1226 145/1247
f 144/1245 145/1247 105/1246
f 145/1247 152/1226 161/1231
f 105/1246 145/1247 146/1248
f 105/1246 146/1248 107/1249
f 145/1247 161/1231 154/1250
f 145/1247 154/1250 146/1248
f 154/1250 161/1231 162/1251
f 146/1248 154/1250 128/1252
f 104/1253 105/1254 9/1255
f 104/1253 9/1255 95/1256
f 95/1256 9/1255 77/1257
f 77/1257 9/1255 45/1258
f 9/1255 105/1254 107/1259
f 45/1258 9/1255 8/1260
f 146/1261 128/1262 107/1259
f 107/1259 128/1262 97/1263
f 107/1259 97/1263 9/1255
f 154/1264 131/1265 128/1262
f 128/1262 131/1265 98/1266
f 128/1262 98/1266 97/1263
f 98/1266 131/1265 108/1267
f 97/1263 98/1266 78/1268
f 97/1263 78/1268 9/1255
f 98/1266 108/1267 62/1269
f 98/1266 62/1269 78/1268
f 62/1269 108/1267 71/1270
f 62/1269 71/1270 12/1271
f 78/1268 62/1269 47/1272
f 78/1268 47/1272 9/1255
f 62/1269 12/1271 11/1273
f 62/1269 11/1273 47/1272
f 47/1272 11/1273 10/1274
f 47/1272 10/1274 9/1255
f 11/1273 12/1271 544/1275
f 544/1275 12/1271 550/1276
f 10/1274 11/1273 527/1277
f 527/1277 11/1273 544/1275
f 10/1274 527/1277 9/1255
f 544/1275 550/1276 585/1278
f 527/1277 544/1275 557/1279
f 527/1277 557/1279 9/1255
f 544/1275 585/1278 578/1280
f 544/1275 578/1280 557/1279
f 578/1280 585/1278 616/1281
f 557/1279 578/1280 570/1282
f 557/1279 570/1282 9/1255
f 578/1280 616/1281 600/1283
f 578/1280 600/1283 570/1282
f 600/1283 616/1281 636/1284
f 570/1282 600/1283 584/1285
f 570/1282 584/1285 9/1255
f 600/1283 636/1284 622/1286
f 600/1283 622/1286 584/1285
f 622/1286 636/1284 640/1287
f 640/1287 636/1284 637/1288
f 584/1285 622/1286 628/1289
f 628/1289 622/1286 640/1287
f 9/1255 584/1285 588/1290
f 588/1290 584/1285 628/1289
f 588/1290 628/1289 583/1291
f 588/1290 583/1291 9/1255
f 628/1289 640/1287 633/1292
f 633/1292 640/1287 641/1293
f 583/1291 628/1289 620/1294
f 620/1294 628/1289 633/1292
f 9/1255 583/1291 569/1295
f 569/1295 583/1291 620/1294
f 9/1255 569/1295 555/1296
f 620/1294 633/1292 613/1297
f 613/1297 633/1292 614/1298
f 569/1295 620/1294 597/1299
f 569/1295 597/1299 555/1296
f 597/1299 620/1294 613/1297
f 613/1297 614/1298 581/1300
f 597/1299 613/1297 575/1301
f 575/1301 613/1297 581/1300
f 597/1299 575/1301 555/1296
f 526/1302 9/1255 555/1296
f 526/1302 555/1296 575/1301
f 9/1255 526/1302 8/1260
f 8/1260 526/1302 542/1303
f 542/1303 526/1302 575/1301
f 8/1260 542/1303 7/1304
f 548/1305 575/1301 581/1300
f 575/1301 548/1305 542/1303
f 548/1305 581/1300 582/1306
f 542/1303 548/1305 5/1307
f 5/1307 548/1305 6/1308
f 131/1309 154/1310 162/1311
f 131/1309 162/1311 138/1312
f 131/1309 138/1312 109/1313
f 131/1309 109/1313 108/1314
f 108/1314 109/1313 72/1315
f 108/1314 72/1315 71/1316
f 71/1316 72/1315 12/1317
f 585/1318 550/1319 586/1320
f 586/1320 550/1319 551/1321
f 585/1318 586/1320 616/1322
f 616/1322 586/1320 617/1323
f 616/1322 617/1323 636/1324
f 636/1324 617/1323 637/1325
f 551/1326 550/1327 12/1328
f 551/1329 12/1330 13/1331
f 13/1331 12/1330 72/1332
f 586/1333 551/1334 579/1335
f 586/1333 579/1335 617/1336
f 579/1335 551/1334 545/1337
f 617/1336 579/1335 610/1338
f 545/1337 551/1334 13/1339
f 617/1336 610/1338 630/1340
f 617/1336 630/1340 637/1341
f 637/1341 630/1340 641/1342
f 545/1337 13/1339 22/1343
f 22/1343 13/1339 79/1344
f 79/1344 13/1339 72/1345
f 79/1344 72/1345 109/1346
f 79/1344 109/1346 124/1347
f 124/1347 109/1346 138/1348
f 124/1347 138/1348 147/1349
f 147/1349 138/1348 167/1350
f 167/1350 138/1348 162/1351
f 167/1350 162/1351 177/1352
f 177/1352 162/1351 171/1353
f 177/1352 171/1353 166/1354
f 166/1354 171/1353 159/1355
f 166/1354 159/1355 143/1356
f 143/1356 159/1355 136/1357
f 143/1356 136/1357 120/1358
f 120/1358 136/1357 103/1359
f 120/1358 103/1359 75/1360
f 75/1360 103/1359 69/1361
f 75/1360 69/1361 19/1362
f 19/1362 69/1361 6/1363
f 19/1362 6/1363 549/1364
f 19/1362 549/1364 541/1365
f 541/1365 549/1364 574/1366
f 574/1366 549/1364 582/1367
f 579/1368 545/1369 571/1370
f 579/1368 571/1370 610/1371
f 571/1370 545/1369 537/1372
f 610/1371 571/1370 601/1373
f 537/1372 545/1369 22/1374
f 610/1371 601/1373 630/1375
f 537/1372 22/1374 30/1376
f 630/1375 601/1373 623/1377
f 30/1376 22/1374 79/1378
f 630/1375 623/1377 635/1379
f 30/1376 79/1378 88/1380
f 635/1379 623/1377 629/1381
f 88/1380 79/1378 123/1382
f 635/1379 629/1381 627/1383
f 123/1382 79/1378 124/1384
f 627/1383 629/1381 621/1385
f 123/1382 124/1384 147/1386
f 627/1383 621/1385 606/1387
f 123/1382 147/1386 156/1388
f 606/1387 621/1385 598/1389
f 156/1388 147/1386 173/1390
f 606/1387 598/1389 574/1391
f 173/1390 147/1386 167/1392
f 574/1391 598/1389 568/1393
f 173/1390 167/1392 177/1394
f 574/1391 568/1393 541/1395
f 173/1390 177/1394 179/1396
f 541/1395 568/1393 534/1397
f 179/1396 177/1394 166/1398
f 541/1395 534/1397 25/1399
f 179/1396 166/1398 170/1400
f 541/1395 25/1399 19/1401
f 170/1400 166/1398 143/1402
f 19/1401 25/1399 75/1403
f 170/1400 143/1402 150/1404
f 150/1404 143/1402 119/1405
f 119/1405 143/1402 120/1406
f 75/1403 25/1399 86/1407
f 75/1403 86/1407 120/1408
f 120/1408 86/1407 119/1409
f 571/1410 537/1411 563/1412
f 601/1413 571/1414 589/1415
f 601/1413 589/1415 608/1416
f 601/1413 608/1416 623/1417
f 623/1417 608/1416 629/1418
f 589/1419 571/1420 563/1421
f 563/1422 537/1423 522/1424
f 522/1425 537/1426 30/1427
f 563/1428 522/1429 521/1430
f 563/1428 521/1430 558/1431
f 563/1428 558/1431 589/1432
f 589/1432 558/1431 577/1433
f 589/1432 577/1433 608/1434
f 608/1434 577/1433 592/1435
f 592/1435 577/1433 565/1436
f 592/1435 565/1436 599/1437
f 577/1433 558/1431 556/1438
f 577/1433 556/1438 565/1436
f 599/1437 565/1436 564/1439
f 599/1437 564/1439 562/1440
f 562/1440 564/1439 37/1441
f 37/1441 564/1439 565/1436
f 556/1438 558/1431 536/1442
f 536/1442 558/1431 521/1430
f 565/1436 556/1438 543/1443
f 565/1436 543/1443 37/1441
f 543/1443 556/1438 536/1442
s 0
f 37/1441 543/1443 26/1444
f 37/1441 26/1444 60/1445
s 1
f 543/1443 536/1442 517/1446
f 517/1446 536/1442 521/1430
f 543/1443 517/1446 26/1444
f 517/1446 521/1430 38/1447
f 517/1446 38/1447 26/1444
f 522/1448 30/1449 39/1450
f 39/1450 30/1449 92/1451
f 522/1448 39/1450 521/1452
f 39/1450 92/1451 87/1453
f 521/1452 39/1450 38/1454
f 38/1454 39/1450 87/1453
f 38/1454 87/1453 60/1455
f 38/1454 60/1455 26/1456
f 92/1457 30/1458 88/1459
f 92/1457 88/1459 123/1460
f 60/1461 87/1462 96/1463
f 60/1461 96/1463 37/1464
f 96/1463 87/1462 113/1465
f 113/1465 87/1462 92/1466
f 37/1464 96/1463 106/1467
f 106/1467 96/1463 113/1465
f 121/1468 112/1469 37/1464
f 121/1468 37/1464 127/1470
f 127/1470 37/1464 106/1467
f 127/1470 106/1467 153/1471
f 153/1471 106/1467 137/1472
f 137/1472 106/1467 113/1465
f 153/1471 137/1472 155/1473
f 137/1472 113/1465 122/1474
f 137/1472 122/1474 155/1473
f 122/1474 113/1465 92/1466
f 155/1473 122/1474 156/1475
f 122/1474 92/1466 123/1476
f 156/1477 122/1478 123/1479
f 155/1480 156/1481 173/1482
f 171/1483 162/1484 161/1485
f 173/1486 179/1487 172/1488
f 173/1489 172/1490 155/1491
f 155/1491 172/1490 153/1492
f 172/1493 179/1494 176/1495
f 172/1496 176/1497 153/1498
f 153/1498 176/1497 160/1499
f 153/1498 160/1499 127/1500
f 160/1499 176/1497 169/1501
f 127/1500 160/1499 121/1502
f 121/1502 160/1499 151/1503
f 151/1503 160/1499 169/1501
f 121/1502 151/1503 112/1504
f 151/1503 169/1501 135/1505
f 135/1505 169/1501 149/1506
f 135/1505 149/1506 118/1507
f 151/1503 135/1505 111/1508
f 151/1503 111/1508 112/1504
f 135/1505 118/1507 110/1509
f 110/1509 118/1507 84/1510
f 111/1508 135/1505 101/1511
f 101/1511 135/1505 110/1509
f 112/1504 111/1508 91/1512
f 91/1512 111/1508 101/1511
f 112/1504 91/1512 37/1513
f 91/1512 101/1511 76/1514
f 91/1512 76/1514 37/1513
f 76/1514 101/1511 110/1509
f 37/1513 76/1514 36/1515
f 85/1516 110/1509 84/1510
f 110/1509 85/1516 76/1514
f 76/1514 85/1516 36/1515
f 85/1516 84/1510 34/1517
f 36/1515 85/1516 35/1518
f 35/1518 85/1516 34/1517
f 36/1515 35/1518 520/1519
f 520/1519 35/1518 34/1517
f 36/1515 520/1519 2/1520
f 520/1519 34/1517 525/1521
f 179/1522 170/1523 176/1524
f 176/1525 170/1526 169/1527
f 149/1528 169/1529 170/1530
f 149/1528 170/1530 150/1531
f 149/1528 150/1531 119/1532
f 149/1528 119/1532 118/1533
f 118/1533 119/1532 84/1534
f 84/1534 119/1532 86/1535
f 84/1534 86/1535 34/1536
f 34/1536 86/1535 25/1537
f 34/1536 25/1537 525/1538
f 525/1538 25/1537 534/1539
f 525/1538 534/1539 568/1540
f 525/1538 568/1540 560/1541
f 560/1541 568/1540 598/1542
f 69/1543 5/1544 6/1545
f 549/1546 6/1547 548/1548
f 549/1546 548/1548 582/1549
f 574/1550 582/1551 606/1552
f 582/1553 581/1554 614/1555
f 582/1556 614/1557 606/1558
f 634/1559 614/1560 633/1561
f 634/1559 633/1561 641/1562
f 641/1563 640/1564 637/1565
f 634/1566 641/1567 627/1568
f 634/1566 627/1568 614/1569
f 614/1570 627/1571 606/1572
f 627/1573 641/1574 635/1575
f 635/1575 641/1574 630/1576
f 629/1577 608/1578 615/1579
f 615/1579 608/1578 592/1580
f 615/1579 592/1580 599/1581
f 615/1579 599/1581 607/1582
f 615/1579 607/1582 621/1583
f 607/1582 599/1581 591/1584
f 591/1584 599/1581 562/1585
f 607/1582 591/1584 576/1586
f 591/1584 562/1585 561/1587
f 591/1584 561/1587 576/1586
f 561/1587 562/1585 37/1588
f 607/1582 576/1586 587/1589
f 587/1589 576/1586 554/1590
f 587/1589 554/1590 560/1591
f 576/1586 561/1587 535/1592
f 535/1592 561/1587 37/1588
f 576/1586 535/1592 554/1590
f 560/1591 554/1590 525/1593
f 525/1593 554/1590 520/1594
f 520/1594 554/1590 2/1595
f 2/1595 554/1590 535/1592
f 2/1595 535/1592 37/1588
f 2/1595 37/1588 36/1596
f 629/1597 615/1598 621/1599
f 621/1600 607/1601 598/1602
f 607/1603 587/1604 598/1605
f 598/1605 587/1604 560/1606
