# This file uses centimeters as units for non-parametric coordinates.

mtllib Main_Character.mtl
g default
v 0.000000 42.367401 -14.840800
v 0.000000 43.216667 -14.326236
v 0.000000 43.726555 -13.250285
v 0.000000 47.750549 -12.195484
v 0.000000 45.109604 -11.086144
v 0.000000 48.071587 -11.585340
v 0.000000 47.226051 -11.025721
v 0.000000 48.071587 -10.975195
v -0.000000 43.137375 -11.086144
v 0.000000 35.098289 5.096535
v 0.000000 43.931458 -10.357549
v -0.000000 45.373703 -11.182762
v -0.000000 42.386841 -15.077796
v -0.000000 43.363235 -14.491988
v 0.000000 43.949448 -13.470107
v 0.000000 48.575806 -12.497403
v 0.000000 45.539536 -9.958903
v 0.000000 48.944901 -11.911604
v -0.000000 48.575806 -10.740004
v 0.000000 48.944901 -11.325804
v 0.000000 43.272079 -9.958903
v 0.000000 35.042381 4.881797
v 0.000000 44.185028 -9.369871
v -0.000000 45.843163 -10.037013
v 0.000000 26.849897 -13.864302
v 0.000000 12.595099 -12.888000
v -0.000000 -6.932199 16.988701
v -0.000000 -4.588899 18.160299
v -0.000000 -2.636199 18.160299
v 0.000000 -0.488199 17.379200
v -0.000000 32.708099 -13.864303
v 0.000000 4.198401 15.817100
v 0.000000 6.541601 15.426499
v -0.000000 37.199398 -13.864303
v 0.000000 40.518997 -13.669104
v 0.000000 27.435801 12.497397
v 0.000000 41.300098 -14.059603
v 0.000000 31.829401 11.423448
v 0.000000 34.002914 10.526211
v 0.000000 7.713299 -13.083201
v 0.000000 42.381447 -13.888320
v -0.000000 34.695824 9.763597
v -0.000000 43.055508 -12.487232
v 0.000000 35.478794 7.430066
v 0.000000 -5.760549 17.574501
v -0.000000 2.323762 16.441940
v -0.000000 10.720442 14.840679
v 0.000000 22.421194 13.200382
v -0.000000 12.425183 14.601696
v 0.000000 14.685023 -13.031138
v 0.000000 16.667751 -13.166934
v 12.347858 42.796783 -10.203861
v 10.116972 42.617256 -12.383257
v 13.536785 43.136436 -7.485059
v 10.139877 43.306305 -11.867039
v 6.835779 42.304184 -13.742329
v 12.008202 43.645966 -9.699345
v 7.082624 42.796783 -13.111268
v 13.197128 43.815834 -7.293931
v 14.386055 42.823578 -4.805472
v 9.800135 43.816116 -11.060390
v 3.773808 41.864212 -14.494724
v 11.498674 44.155922 -8.887650
v 12.347858 44.155495 -7.116158
v 6.912753 43.477165 -12.578039
v 14.046312 43.386932 -4.627699
v 14.555927 42.387268 -2.139240
v 4.534900 42.626915 -13.644588
v 14.046312 43.136360 -2.139240
v 13.027258 43.784073 -3.738924
v 14.046312 41.607849 0.526992
v 4.365028 43.136787 -12.870505
v 9.290606 47.481827 -8.182705
v 8.271551 47.481827 -9.426934
v 9.970005 47.481827 -6.405157
v 12.857386 43.133121 -0.895010
v 13.706656 42.287254 0.526992
v 13.027258 40.249054 3.015451
v 4.195156 47.160789 -11.382164
v 10.479532 47.000229 -3.205696
v 6.403225 47.321266 -10.671164
v 12.177986 41.947510 1.593448
v 12.687601 40.928452 3.015451
v 11.498674 38.720383 5.148455
v 10.139877 46.359070 -0.539465
v 8.101680 47.802864 -8.182705
v 6.063482 47.642380 -10.137936
v 11.158932 39.399780 5.326137
v 5.450772 45.236900 -9.534860
v 7.149226 46.235489 -7.846221
v 3.752317 44.719193 -10.168113
v 5.893698 47.321266 -9.071388
v 10.819275 40.588715 4.081907
v 6.063482 47.642380 -9.604617
v 9.120735 47.642380 -5.871929
v 4.025372 47.160789 -9.782390
v 8.168367 46.625038 -6.157475
v 4.025372 47.481827 -10.848845
v 7.762023 47.642380 -7.649385
v 9.460478 45.637657 1.593448
v 4.025372 47.481827 -10.315617
v 8.508024 46.887405 -3.624354
v 9.963591 47.176659 -3.205696
v 9.120735 38.618370 7.103685
v 8.271551 44.627708 3.731340
v 8.508024 46.302689 -1.724595
v 9.681879 46.600388 -0.539465
v 6.472424 36.270081 9.905648
v 7.762023 38.380730 7.636914
v 7.214825 43.614944 1.492874
v 8.168367 45.153999 -0.035848
v 7.501446 43.764656 1.924441
v 9.120735 45.817955 1.237993
v 5.748048 41.908821 2.900118
v 8.101680 44.977921 3.016387
v 5.893698 43.485092 6.154420
v 3.242790 39.600380 4.608152
v 4.981688 37.775208 8.414805
v 0.269474 36.981491 5.097039
v 2.393519 38.460068 5.038459
v 4.336953 39.090858 8.552436
v 6.063482 44.073563 5.224436
v 0.758187 38.140022 7.810897
v 0.696434 37.273144 7.615597
v 3.222000 40.251373 8.589437
v 3.839233 43.021667 7.267283
v 1.736655 39.485909 8.398313
v 4.078349 43.139969 7.296186
v 4.169868 42.986565 7.508364
v 9.344960 37.650391 7.203170
v 7.388359 39.401604 7.340414
v 5.450772 43.264671 -9.534860
v 7.149226 44.263260 -7.846221
v 3.752317 42.746964 -10.168113
v 8.168367 44.746994 -6.157475
v 8.508024 45.068031 -3.624354
v 8.508024 44.424644 -1.724595
v 7.488969 41.369682 1.230766
v 8.168367 43.275963 -0.035848
v 5.620643 39.666313 3.025019
v 3.242790 37.628159 4.608152
v 2.393519 36.099571 4.819272
v 6.096196 41.938980 3.232361
v 3.259768 39.653999 4.841014
v 2.359554 38.436798 5.360044
v 0.346454 37.252232 5.228071
v 8.416459 45.518631 -0.078051
v 0.218778 36.596954 4.958962
v 1.947124 37.421425 4.759873
v 3.384355 38.828667 4.038432
v 5.573452 40.705032 2.580970
v 7.293469 42.273193 1.049796
v 7.918937 44.028145 -0.236925
v 8.231631 45.085648 -1.791618
v 8.231631 45.677963 -3.540573
v 7.918937 45.382408 -5.872613
v 6.980696 44.937073 -7.427306
v 5.417066 44.017754 -8.981898
v 3.853436 43.541138 -9.564885
v 3.778919 42.765617 7.488987
v 8.598104 46.417229 -1.576822
v 8.744526 47.067543 -3.582130
v 8.304231 46.903862 -6.241901
v 7.183200 46.376175 -7.930647
v 5.467759 45.445343 -9.619297
v 3.752317 44.963348 -10.273662
v 12.204500 43.327911 -10.609299
v 9.861300 42.937309 -12.929796
v 13.571400 43.718414 -8.063598
v 9.666000 43.913712 -12.734497
v 6.346400 42.546814 -14.296697
v 11.814000 44.304214 -9.944620
v 6.151100 43.327911 -14.101397
v 13.180900 44.499512 -7.810904
v 14.547799 43.463337 -5.077104
v 9.275400 44.499832 -12.148697
v 3.222000 42.156212 -15.077796
v 11.228200 44.890503 -9.373104
v 12.204500 44.890015 -7.615603
v 5.955800 44.110146 -13.515596
v 14.157200 44.152283 -4.881804
v 14.743100 42.922977 -2.148003
v 3.222000 43.132614 -14.687297
v 14.157200 43.821945 -2.148003
v 12.985600 44.494770 -3.905403
v 14.157200 41.961006 0.781097
v 3.026700 43.718819 -13.803868
v 8.689600 48.714272 -8.787304
v 7.518000 48.714272 -10.154204
v 9.470699 48.714272 -6.834504
v 12.790300 43.718414 -0.781103
v 13.766700 42.742111 0.781097
v 12.985600 40.398811 3.514897
v 2.831400 48.345177 -12.302203
v 10.056500 48.160583 -3.319603
v 5.370000 48.529678 -11.521104
v 12.009200 42.351509 1.952697
v 12.595100 41.179909 3.514897
v 11.228200 38.641312 5.858197
v 9.666000 47.423447 -0.390504
v 7.322701 49.083366 -8.787304
v 4.979400 48.898865 -10.935304
v 10.837600 39.422409 6.053397
v 4.588900 46.133301 -8.982504
v 6.541600 47.281364 -7.420403
v 2.636200 45.538094 -9.568304
v 4.784200 48.529678 -9.763604
v 10.447100 40.789314 4.686497
v 4.979400 48.898865 -10.349404
v 8.494300 48.898865 -6.248703
v 2.636200 48.345177 -10.544704
v 7.713300 47.729233 -5.858204
v 2.636200 48.714272 -11.716304
v 6.932200 48.898865 -8.201404
v 8.884900 46.594048 1.952696
v 2.636200 48.714272 -11.130504
v 8.103800 48.030869 -3.514904
v 9.463325 48.363426 -3.319603
v 8.494300 38.524025 8.006197
v 7.518000 45.432915 4.301367
v 8.103800 47.358627 -1.757504
v 9.139443 47.700890 -0.390504
v 6.541600 36.493309 9.958897
v 6.932200 38.250809 8.591997
v 6.617019 44.268547 1.218864
v 7.713300 46.037994 -0.195303
v 6.946545 44.440674 1.618091
v 8.494300 46.801331 1.562196
v 4.930676 42.307037 2.520655
v 7.322701 45.835556 3.515926
v 4.784200 44.119263 6.963343
v 2.050400 39.653038 4.100697
v 4.784200 37.895638 8.787297
v 0.165897 37.309837 4.881797
v 1.074000 38.342026 4.498759
v 4.393600 39.067238 8.787297
v 4.979400 44.795822 5.941669
v 0.683500 38.286133 7.810897
v 0.590022 37.449299 7.615597
v 3.222000 40.449966 8.803131
v 2.422197 43.586464 8.185925
v 1.659800 39.654655 8.398313
v 2.697108 43.722473 8.217677
v 2.802326 43.546104 8.450773
v 8.752090 37.411148 8.115491
v 6.502600 39.424500 8.266266
v 4.588900 43.865845 -8.982504
v 6.541600 45.013908 -7.420403
v 2.636200 43.270638 -9.568304
v 7.713300 45.570061 -5.858204
v 8.103800 45.939156 -3.514904
v 8.103800 45.199455 -1.757504
v 6.932200 41.687187 0.976397
v 7.713300 43.878822 -0.195303
v 4.784200 39.728836 2.636197
v 2.050400 37.385582 4.100697
v 1.074000 35.628181 4.295997
v 5.330940 42.341705 2.828002
v 2.069920 39.714676 4.316110
v 1.034950 38.315277 4.796245
v 0.257033 37.449299 5.155178
v 7.998528 46.457199 -0.234343
v 0.076539 36.608604 4.780349
v 0.560783 37.147903 4.241050
v 2.213156 38.765800 3.573669
v 4.729945 40.923050 2.225422
v 6.707436 42.725945 0.808988
v 7.426531 44.743607 -0.381312
v 7.786033 45.959404 -1.819504
v 7.786033 46.640388 -3.437400
v 7.426531 46.300591 -5.594688
v 6.347842 45.788589 -7.032879
v 4.550148 44.731659 -8.470979
v 2.752455 44.183701 -9.010279
v 2.352854 43.292084 8.429487
v 8.207364 47.490311 -1.620803
v 8.375705 48.237976 -3.475843
v 7.869500 48.049789 -5.936304
v 6.580660 47.443115 -7.498503
v 4.608430 46.372940 -9.060614
v 2.636200 45.818802 -9.665943
v 21.968100 34.465599 -10.740003
v 20.796499 32.317600 -11.716303
v 23.725601 33.098701 -10.935303
v 24.702000 34.660801 -9.568303
v 14.352501 -2.831399 14.254899
v 12.009200 -2.831399 15.817100
v 12.009200 -0.683499 15.231199
v 9.470699 -4.393599 16.793400
v 11.814000 -4.393599 16.012300
v 10.056500 -6.932199 15.817101
v 19.039101 30.755402 -11.716302
v 19.820101 32.903400 -11.325803
v 17.867399 21.187099 -1.366902
v 18.648500 20.991800 -1.366902
v 17.867399 20.796499 -4.296001
v 7.127400 -6.932199 16.598200
v 14.157200 27.435799 -13.278502
v 17.750240 28.724560 -11.989761
v 14.938299 30.169598 -13.083202
v 17.867399 20.015400 0.781099
v 17.672100 20.796499 -1.562202
v 17.833870 18.963963 -5.207695
v 16.110001 32.512798 -12.497402
v 19.039101 22.749201 0.976398
v 19.624899 25.092501 2.733798
v 11.423400 27.630999 -13.669103
v 7.518000 26.654697 -13.864302
v 13.376200 22.553997 -12.888001
v 14.157200 7.713251 10.837600
v 16.695801 12.595101 6.443999
v 17.086300 6.932200 6.834500
v 9.666000 -2.636199 16.793400
v 25.678301 36.808800 -4.296003
v 24.897200 35.051399 0.390497
v 22.749201 36.027699 -9.373103
v 25.287802 35.832500 -8.006203
v 11.814000 30.755400 -13.669103
v 20.601200 35.051399 -10.544703
v 3.417300 12.595099 -13.083201
v 9.470699 -0.683499 16.402901
v 17.672100 22.358700 1.171598
v 17.281599 34.270302 -11.716303
v 20.406000 27.435801 3.710198
v 6.932200 -4.588899 17.574499
v 4.588900 -6.932199 16.988701
v 18.062700 22.749201 1.171598
v 16.500500 17.476900 6.248698
v 23.139801 37.199398 -7.810903
v 11.814000 7.810901 12.497449
v 13.180900 33.098701 -13.083203
v 21.187000 36.613602 -9.373103
v 23.920900 33.293900 2.343297
v 4.588900 32.512798 -14.059603
v 7.127400 -2.636199 17.769800
v 21.382301 29.583799 3.710198
v 14.352501 13.376201 9.763599
v 22.553999 31.536499 3.319597
v 17.867399 36.808800 -10.544703
v 7.908500 31.731798 -13.864303
v 14.157200 35.441898 -12.497402
v 21.772900 37.785198 -7.810903
v 4.393600 -4.588899 17.965101
v 17.476900 24.897200 3.124398
v 23.725601 38.175697 -4.100703
v 18.453199 25.287802 2.929098
v 15.133600 37.004101 -11.716303
v 7.127400 -0.488199 17.184000
v 10.251800 35.832500 -13.278503
v 4.588900 -2.636199 18.160299
v 22.358700 38.956799 -4.100703
v 9.666000 7.908551 13.571400
v 12.204500 13.376201 11.325799
v 16.110001 21.772900 6.248698
v 4.784200 -0.488199 17.574499
v 23.139801 36.418301 0.390497
v 16.305199 39.737900 -9.177803
v 7.322701 7.908501 14.450150
v 14.157200 23.530300 8.006198
v 19.039101 28.216902 4.100698
v 10.642300 39.152100 -12.302202
v 20.991800 39.737900 -4.100703
v 17.281599 28.412100 4.295998
v 22.163401 34.465599 2.343297
v 4.979400 4.588901 15.621800
v 21.772900 37.199398 0.390497
v 19.820101 30.560101 4.100698
v 16.305199 40.909599 -7.810903
v 16.500500 27.631001 5.858198
v 13.766700 40.128498 -10.544703
v 4.588900 37.004101 -13.864303
v 20.991800 32.708099 3.514898
v 20.601200 38.175697 0.390497
v 20.796499 35.441898 2.343297
v 18.257999 31.341202 4.295998
v 6.736900 38.566299 -13.473803
v 4.979400 7.908501 15.035999
v 19.624899 33.489201 3.514897
v 18.062700 41.104801 -4.100703
v 10.837600 41.104801 -11.325803
v 16.891100 30.364901 5.467597
v 19.820101 36.223000 2.343297
v 12.399800 25.287802 8.982498
v 12.204500 42.471703 -9.568303
v 18.257999 33.684502 4.100698
v 14.547799 28.607401 7.029798
v 6.736900 40.909599 -12.888002
v 14.352501 42.667000 -5.272403
v 13.376200 42.667000 -7.810904
v 17.281599 39.737900 0.585797
v 9.861300 42.081200 -11.716303
v 3.417300 40.518997 -13.473803
v 14.938299 31.731800 6.053398
v 16.110001 37.589897 2.929097
v 6.541600 41.885902 -13.278503
v 15.719400 34.856098 4.686497
v 14.743100 42.081200 -2.343303
v 7.908500 28.997902 10.349399
v 12.009200 30.169600 8.006198
v 3.222000 41.495399 -13.864303
v 12.399800 33.489201 6.834498
v 14.352501 41.104801 0.585797
v 12.985600 36.027699 5.467597
v 13.180900 39.542698 3.124397
v 7.322701 32.708099 9.568297
v 11.423400 37.785198 5.272397
v 9.275400 36.027699 7.225097
v 6.736900 35.051399 8.591997
v 19.820101 30.169600 -12.106902
v 18.453199 28.021601 -11.521102
v 13.962001 -4.393599 14.645401
v 18.648500 20.406000 -4.296001
v 17.281599 4.588901 6.834500
v 15.914700 25.092501 -12.302201
v 22.553999 31.341202 -11.911602
v 15.914700 -0.683499 12.106900
v 10.251800 16.500498 -12.888000
v 12.399800 -6.932199 14.840701
v 7.127400 12.595099 -12.888000
v 19.429600 5.760500 1.757499
v 19.039101 27.826300 -11.911602
v 17.939335 21.435616 -7.129606
v 18.648500 20.991800 -7.029801
v 17.858965 25.477804 -11.063703
v 21.382301 29.388500 -12.302201
v 17.271542 21.831564 -9.153224
v 18.453199 25.287802 -11.130502
v 17.086300 23.334999 -10.740002
v 18.062700 22.944500 -9.568302
v 20.406000 27.240499 -12.106902
v 16.891100 19.820101 -9.958901
v 15.719400 -4.588899 13.278501
v 16.305199 -2.831399 12.692700
v 19.039101 22.553999 -9.568302
v 19.624899 24.897200 -11.325802
v 15.328900 20.210699 -11.716302
v 13.962001 -6.932199 13.864301
v 19.624899 5.760499 -4.491301
v 3.417300 7.713299 -13.278502
v 12.790300 16.305199 -12.302200
v 16.891100 16.110001 -9.373101
v 18.062700 2.636200 6.834500
v 33.479107 21.412535 4.472426
v 35.236607 23.951035 3.886526
v 36.798809 26.099035 2.714926
v 31.526411 18.874035 4.277126
v 15.133600 16.110001 -11.130501
v 10.056500 12.595099 -12.692701
v 2.440900 4.198399 -13.473800
v 38.165707 27.856535 1.152726
v 18.648500 -0.097599 7.615600
v 15.914700 -6.932199 11.911601
v 29.769009 16.530735 3.300726
v 17.086300 12.595099 -9.177801
v 37.394699 21.968100 3.514898
v 35.637199 19.624899 4.100698
v 38.956799 24.116100 2.343298
v 38.946808 29.028133 -0.799975
v 7.322701 7.713299 -13.083201
v 40.128498 25.678301 0.781098
v 12.790300 12.595099 -12.106901
v 32.122299 15.133600 2.733799
v 33.879799 17.281599 3.710199
v 28.206810 14.382732 1.348027
v 15.328900 12.595099 -10.935301
v 39.337307 29.613934 -3.143275
v 40.909599 26.654699 -0.976402
v 29.739799 19.563896 -12.245373
v 18.843800 -4.393600 8.592000
v 7.518000 4.198399 -13.278501
v 17.476900 -7.127399 8.982501
v 10.251800 7.713299 -12.692701
v 27.230408 13.211133 -1.190473
v 30.950701 13.376200 0.976399
v 41.300098 27.240499 -3.319602
v 20.015400 2.636200 1.952700
v 2.440900 2.636199 -14.254899
v 12.985600 7.713299 -12.106901
v 39.337307 29.809235 -5.486475
v 39.142006 29.613934 -7.439274
v 29.974300 12.204500 -1.366901
v 41.300098 27.435801 -5.662902
v 27.035109 12.625234 -4.314873
v 20.210699 2.636200 -4.100700
v 21.382301 -2.831400 3.710200
v 7.908500 2.636199 -13.864300
v 15.914700 4.003099 -10.740000
v 2.245600 -0.488201 -15.231199
v 10.642300 4.198399 -12.888000
v 19.234299 -6.932199 4.100700
v 38.751507 28.832836 -9.391974
v 20.015400 -5.565300 4.100700
v 17.867399 3.807799 -8.982500
v 41.104801 27.240499 -7.420402
v 21.187000 -4.393600 3.710200
v 13.376200 4.198399 -12.106900
v 27.230408 13.211132 -7.243973
v 37.775105 27.661234 -11.149374
v 29.778999 11.814000 -4.296001
v 11.032900 2.636199 -13.278501
v 8.299100 -0.488201 -14.645401
v 36.408207 25.708536 -12.516273
v 40.518997 26.654699 -9.373102
v 8.299100 -2.440901 -14.840700
v 2.245600 -2.440901 -15.426500
v 21.772900 -2.636200 -3.514900
v 29.974300 12.204499 -7.029801
v 18.257999 2.636199 -8.787300
v 28.011509 14.382731 -9.782474
v 13.766700 2.636199 -12.302199
v 2.245600 -4.393601 -15.231199
v 34.846008 23.560534 -13.297375
v 39.737900 25.483000 -10.935302
v 29.378408 16.140133 -11.930473
v 16.305199 2.636199 -10.740000
v 30.560101 13.180899 -9.373101
v 33.088608 21.022032 -13.492674
v 2.245600 -5.565301 -14.254899
v 8.299100 -4.393601 -14.450200
v 11.618700 -0.488201 -13.864300
v 21.382301 -4.393600 -3.319600
v 20.015400 -5.565300 -2.929100
v 31.135910 18.483433 -13.102074
v 19.820101 -6.932200 -2.538500
v 38.370998 23.725601 -12.106902
v 8.103800 -6.541601 -13.864299
v 2.245600 -6.541601 -14.450199
v 19.234299 -0.488201 -8.982500
v 14.547799 -0.488201 -12.888000
v 31.731800 14.743099 -11.325801
v 8.103800 -5.565301 -13.669101
v 36.808800 21.382299 -12.692702
v 17.281599 -0.488201 -11.130500
v 33.293900 16.891100 -12.302200
v 35.051399 19.039099 -12.888001
v 11.814000 -2.440901 -14.059600
v 11.618700 -4.393601 -13.669101
v 11.228200 -5.565301 -12.888000
v 14.743100 -2.440901 -12.888000
v 11.228200 -6.541601 -13.083200
v 19.429600 -2.440901 -8.787300
v 19.039101 -4.393600 -8.201400
v 14.547799 -4.393601 -12.497399
v 17.476900 -2.440901 -10.935300
v 13.962001 -5.565301 -11.716300
v 18.062700 -5.565300 -7.615599
v 18.062700 -6.736900 -7.615599
v 17.086300 -4.393601 -10.544701
v 14.157200 -6.541601 -11.911599
v 16.500500 -5.565301 -9.763600
v 16.695801 -6.736901 -9.763599
v 8.949014 43.468502 -7.810904
v 8.133357 43.273205 -9.568303
v 6.502182 42.882702 -11.716303
v 9.628647 43.468502 -5.272403
v 4.191234 42.687405 -13.278503
v 9.900556 42.882702 -2.343303
v 1.880356 42.528465 -13.768322
v 9.628647 41.906303 0.585797
v 8.813061 40.344200 3.124397
v 7.589609 38.586700 5.272397
v 6.094317 36.829201 7.225097
v 4.327189 35.852901 8.591997
v 10.837601 34.758450 7.029798
v 1.924984 42.942169 -10.627129
v 1.975543 43.736298 -9.961217
v 1.924984 44.914398 -10.627129
v 1.924984 45.168526 -10.728212
v 2.061512 47.193420 -10.404055
v 2.061512 47.776707 -10.645406
v 2.061512 47.776707 -11.217093
v 2.146405 47.455669 -11.788824
v 2.231341 43.431671 -13.060395
v 2.316277 42.921791 -13.985412
v 1.935731 42.115807 -14.667763
v 1.659826 42.271526 -15.077796
v 1.659826 43.247925 -14.589643
v 1.562176 43.834133 -13.636988
v 1.464526 48.460491 -12.399803
v 1.366926 48.829586 -11.813953
v 1.366926 48.829586 -11.228153
v 1.151025 48.480106 -10.658964
v 1.366925 45.830982 -9.851479
v 1.366925 45.538815 -9.763603
v 1.425052 44.184364 -9.190075
v 1.366925 43.271358 -9.763603
v 8.982500 48.806568 -6.541604
v 7.703485 48.917274 -9.060684
v 1.902670 43.031414 -12.197725
v 3.971776 43.013279 -11.723309
v 5.976477 43.369785 -10.625582
v 7.641292 44.064327 -8.707262
v 8.558691 44.403843 -6.984189
v 9.068336 44.564365 -4.448379
v 9.204290 43.949772 -2.033949
v 8.898507 42.887230 0.274974
v 8.151014 41.153038 2.177582
v 6.605125 39.422604 4.148708
v 4.668553 37.524776 5.916625
v 3.360354 36.272335 6.705634
v 20.698851 -0.097600 2.831450
v 21.148020 -0.527240 -3.749220
v 18.921900 -2.831399 8.474800
v 18.160351 -5.760499 8.787251
v 15.817050 -5.760549 12.595051
v 13.962001 -5.662899 14.254850
v 12.106900 -5.662899 15.426500
v 9.763599 -5.662899 16.305250
v 7.029800 -5.760549 17.086349
v 4.491250 -5.760549 17.476902
v 13.961950 -0.683499 13.669050
v 20.689707 29.501907 -4.714030
v 32.991795 21.636963 3.998164
v 34.733829 24.056387 3.514210
v 36.185493 26.185488 2.352918
v 37.443577 27.830734 0.804463
v 38.217804 28.895235 -0.937523
v 38.604916 29.572670 -3.163415
v 38.604916 29.766253 -5.485998
v 38.411335 29.475929 -7.324825
v 38.024269 28.798445 -9.066812
v 37.153252 27.637152 -10.711958
v 35.798378 25.798424 -12.066831
v 34.346718 23.669323 -12.841058
v 32.604729 21.249897 -13.034640
v 30.766003 18.830425 -12.647526
v 29.120754 16.701326 -11.486185
v 27.862623 14.959388 -9.550666
v 27.088394 13.798047 -7.034451
v 26.894865 13.314143 -4.324705
v 27.088394 13.798048 -1.421377
v 28.056206 15.056130 0.998046
v 29.507870 16.991697 2.836774
v 31.153067 19.217590 3.804583
v 35.649460 19.641245 3.229497
v 35.210316 19.855129 2.668589
v 37.279625 21.738012 2.824574
v 36.752453 21.799990 2.287553
v 33.990723 17.392578 3.044380
v 33.645138 17.730621 2.462363
v 32.106377 15.983272 1.484976
v 32.371174 15.506948 1.987104
v 38.705360 23.741926 1.793004
v 38.125595 23.731482 1.324571
v 39.748894 25.172142 0.340879
v 39.107800 25.096058 -0.023686
v 31.319885 13.868406 0.361046
v 31.136087 14.453010 -0.066503
v 39.892372 26.079718 -1.577774
v 40.574314 26.207712 -1.311630
v 40.968277 26.687429 -3.430228
v 40.262241 26.477053 -3.503149
v 30.452030 12.800819 -1.556131
v 30.361240 13.498827 -1.809537
v 40.971821 26.883232 -5.488651
v 40.268188 26.663645 -5.433394
v 30.160112 13.119795 -4.307664
v 30.233868 12.382541 -4.296001
v 40.760136 26.666023 -7.190587
v 40.076385 26.469240 -6.978774
v 39.501358 25.898556 -8.527211
v 40.142948 26.027906 -8.871680
v 30.170153 13.311558 -6.641696
v 30.264067 12.588765 -6.790267
v 38.739506 24.939707 -9.888026
v 39.362167 24.982065 -10.309036
v 30.754549 14.286676 -8.586021
v 30.905897 13.641981 -8.912020
v 37.581936 23.582869 -10.875416
v 38.125053 23.479593 -11.369007
v 36.212765 21.462830 -11.275949
v 36.682236 21.255733 -11.806417
v 31.736641 15.645279 -10.135838
v 31.967533 15.098224 -10.576742
v 33.089897 17.404823 -11.100293
v 33.389294 16.980553 -11.625969
v 34.651176 19.338249 -11.480048
v 35.051399 19.039101 -12.027366
v 13.766701 2.538501 12.497450
v 11.870455 2.508845 13.982067
v 9.723425 2.475173 15.013107
v 7.244395 2.436268 16.014164
v 4.895217 2.399331 16.463928
v 7.322701 4.588030 15.178175
v 9.830611 4.597288 14.193521
v 11.814000 4.608003 13.245167
v 13.805720 4.627941 11.833520
v 19.781080 3.885920 1.874620
v 20.006226 3.726737 -4.237039
v 9.540778 34.001972 7.966377
v 9.794014 31.369484 8.744562
v 9.927402 29.574764 9.195768
v 9.744183 12.708796 12.561908
v 7.412243 12.290064 13.657928
v 10.002782 24.710852 10.191687
v 7.765191 24.173012 11.304835
v 5.061559 11.813786 14.285765
v 5.464929 23.647467 11.873499
v 5.355024 28.487228 11.051609
v 5.155186 32.444489 10.124843
v 4.081201 34.632004 9.365683
v 2.635374 35.390068 9.060637
v 1.768346 35.875565 7.067850
v 15.410041 2.575874 10.331213
v 15.297234 4.611189 9.688421
v 15.328839 7.400831 9.236360
v 15.524151 12.985651 8.103799
v 15.426500 15.426550 8.006149
v 17.203501 20.657671 -9.412142
v 17.359699 18.537916 -6.912681
v 18.062660 17.277321 -5.116181
v 18.179840 17.164419 0.976379
v 17.320641 19.000000 2.968138
v 17.711386 20.162252 -7.420184
v 17.281601 21.968151 3.026699
v 17.242580 23.569359 3.827358
v 17.857340 20.246738 -4.569510
v 17.625376 22.718227 -9.559849
v 17.825359 20.798935 -7.274895
v 14.313441 15.407021 9.412119
v 12.231369 15.014963 11.003415
v 9.780586 14.398361 12.228245
v 7.459672 13.886894 13.341720
v 5.117245 13.447437 13.952749
v 17.068516 20.512960 4.091390
v 16.819387 22.688980 5.061062
v 16.812939 27.943443 5.233318
v 20.679359 38.175739 -8.084283
v 19.859161 36.691681 -9.841743
v 19.507681 35.754360 -10.544704
v 18.804701 33.450161 -11.482003
v 18.160370 31.282619 -11.950632
v 17.275684 25.362213 -11.435252
v 14.756562 23.934362 -12.569460
v 15.437572 27.895046 -12.819262
v 15.691901 7.270920 -10.814280
v 17.602121 6.792160 -9.048828
v 18.687557 12.670593 -4.866229
v 18.679745 12.602852 1.288827
v 16.598150 15.036001 6.346349
v 18.429792 14.883636 1.132603
v 18.375109 14.973957 -4.991205
v 16.988701 14.352551 -9.275452
v 15.231251 14.352551 -11.032901
v 12.790300 14.450150 -12.204551
v 10.154150 14.547798 -12.790351
v 7.181799 14.553179 -13.023970
v 3.534946 14.595135 -13.181247
v 7.237569 16.560604 -13.163365
v 3.654090 16.620636 -13.280540
v 19.527250 40.421349 -4.100703
v 18.941399 38.956799 0.488147
v 17.965050 36.906448 2.636197
v 16.988701 34.270302 4.393598
v 15.914700 31.048351 5.760498
v 15.524149 28.119202 6.443998
v 15.133600 22.651600 7.127448
v 19.346527 40.149239 -5.403202
v 19.367111 38.644386 -8.412339
v 18.863281 36.750240 -10.193224
v 18.717049 36.262611 -10.544704
v 17.890839 33.942245 -11.622583
v 17.336857 31.776711 -12.170238
v 16.625465 29.302578 -12.427138
v 16.461948 28.262472 -12.451841
v 5.091543 -6.541601 -14.165565
v 5.174700 -5.565301 -13.962000
v 5.240605 -4.393601 -14.844795
v 5.260830 -2.440901 -15.134715
v 5.244377 -0.488201 -14.941008
v 5.174700 2.636199 -14.059599
v 4.600663 4.198399 -13.390720
v 0.000000 -6.541601 -14.450199
v -0.000000 -5.565301 -14.254899
v 0.000000 -4.393601 -15.231199
v 0.000000 -2.440901 -15.426500
v -0.000000 -0.488201 -15.231199
v -0.000000 2.636199 -14.254899
v 24.087049 33.072018 -2.386369
v 24.984177 33.203827 -2.116005
v 24.403646 33.358913 -3.254247
v 25.317179 33.517273 -3.114580
v 16.846809 24.947964 -4.708930
v 16.922512 24.024448 -4.693654
v 17.015799 25.058083 -3.812910
v 17.122179 24.177324 -3.557315
v 23.174494 31.915375 -1.319466
v 24.050240 31.981134 -0.843717
v 22.059929 30.803020 -0.741636
v 22.788073 30.733070 -0.148504
v 17.752800 25.860571 -1.763866
v 17.987650 25.149908 -1.197683
v 18.667469 26.884102 -0.803599
v 19.041056 26.350494 -0.124262
v 20.999054 29.555561 -0.280726
v 21.611095 29.333996 0.399053
v 19.872082 28.341627 -0.283674
v 20.303213 27.894941 0.391441
v 24.154861 33.265125 -5.092573
v 25.037596 33.439339 -5.244969
v 24.029833 33.191219 -6.106979
v 24.905853 33.342842 -6.337373
v 16.854940 25.280579 -6.491411
v 16.926924 24.381598 -6.723038
v 17.320944 26.079096 -7.902450
v 17.474915 25.303837 -8.383113
v 23.711626 33.008270 -7.097155
v 24.558710 33.109692 -7.452057
v 22.817268 32.338955 -8.188827
v 23.536245 32.318001 -8.764985
v 18.119522 27.197838 -8.864140
v 18.393753 26.591265 -9.500499
v 21.553045 31.225172 -8.887689
v 22.198572 31.103060 -9.532941
v 20.412104 29.947849 -9.361630
v 20.897266 29.618752 -10.069189
v 19.256126 28.706079 -9.396596
v 19.586359 28.176632 -10.078745
v 24.298113 33.383045 -4.284429
v 25.200188 33.562340 -4.277995
v 17.333050 25.365723 -2.723273
v 17.484356 24.538448 -2.333858
v -0.000000 -7.713298 16.012300
v 7.518000 -7.713299 15.621801
v 10.251800 -7.713299 14.840701
v 4.588900 -7.713298 16.012300
v 12.595100 -7.517999 13.864301
v 13.962001 -7.517999 12.692701
v 15.719400 -7.713299 10.740001
v 17.086300 -7.713299 8.201401
v 18.648500 -7.713299 4.100700
v 19.429600 -7.518000 -2.343299
v 4.990765 -7.127400 -13.485650
v 2.245600 -7.127401 -13.864299
v 11.228200 -7.127401 -12.497398
v 7.908500 -7.127401 -13.083200
v 13.962001 -7.127401 -11.325799
v 17.672100 -7.322701 -7.420399
v 16.500500 -7.127400 -9.177799
v -0.000000 -7.127401 -13.864299
v -0.000000 -7.862273 15.208320
v 9.700047 -7.862274 14.099775
v 7.113380 -7.862274 14.838837
v 4.341925 -7.862273 15.208320
v 11.917231 -7.677485 13.175925
v 13.210565 -7.677485 12.067382
v 14.873381 -7.862274 10.219775
v 16.166714 -7.862274 7.817803
v 17.644836 -7.862274 3.937803
v 18.383896 -7.677486 -2.159380
v 2.124742 -7.307909 -13.060318
v 4.722161 -7.307908 -12.702047
v 7.482864 -7.307909 -12.321258
v 10.623897 -7.307909 -11.766984
v 13.210565 -7.307909 -10.658441
v 15.612441 -7.307908 -8.626046
v 16.720985 -7.492698 -6.963230
v 0.000000 -7.307909 -13.060318
v 0.000000 -7.849367 14.550151
v 9.248361 -7.849367 13.493226
v 6.782144 -7.849367 14.197872
v 4.139741 -7.849367 14.550151
v 11.362301 -7.673183 12.612395
v 12.595410 -7.673183 11.555471
v 14.180797 -7.849367 9.793900
v 15.413905 -7.849368 7.503776
v 16.823198 -7.849368 3.804449
v 17.527843 -7.673184 -2.008817
v 2.025802 -7.320816 -12.402149
v 4.502272 -7.320816 -12.060561
v 7.134422 -7.320816 -11.697503
v 10.129191 -7.320816 -11.169040
v 12.595410 -7.320816 -10.112116
v 14.885443 -7.320816 -8.174360
v 15.942368 -7.497000 -6.588974
v 0.000000 -7.320816 -12.402149
v 0.000000 -6.634206 13.188223
v 9.027394 -6.634206 12.156550
v 6.620101 -6.634206 12.844361
v 4.040833 -6.634206 13.188223
v 11.090828 -6.462231 11.296765
v 12.294475 -6.462231 10.265094
v 13.841983 -6.634206 8.545610
v 15.045630 -6.634207 6.310204
v 16.421251 -6.634207 2.699262
v 17.109060 -6.462232 -2.975110
v 1.977401 -6.118284 -13.120120
v 4.394702 -6.118283 -12.786694
v 6.963963 -6.118284 -12.432310
v 9.887180 -6.118284 -11.916472
v 12.294475 -6.118284 -10.884802
v 14.529793 -6.118283 -8.993343
v 15.561465 -6.290258 -7.445836
v 0.000000 -6.118284 -13.120120
v 0.000000 8.631021 15.133589
v 5.020480 9.861143 14.660882
v 7.367472 10.099282 14.054039
v 9.705091 10.308674 13.066654
v 12.009251 10.593551 11.911624
v 14.254850 10.544725 10.300600
v 15.426495 10.193241 8.670079
v 16.891050 9.763651 6.639249
v 19.054672 9.181676 1.523163
v 19.156227 9.215547 -4.678765
v 17.344212 9.693630 -9.113315
v 15.510401 9.933010 -10.874790
v 12.887951 10.154200 -12.106901
v 10.154150 10.154200 -12.692701
v 7.225050 10.154200 -12.985601
v 3.417300 10.154200 -13.180851
v 0.000000 10.154200 -12.985601
v 36.188938 28.552801 0.763067
v 34.959034 26.896330 2.351956
v 33.515846 24.804398 3.494748
v 31.830843 22.431646 3.969368
v 30.078360 20.039412 3.795144
v 28.519571 17.801777 2.826476
v 27.154493 15.825438 0.995881
v 26.244404 14.517423 -1.415930
v 26.070229 14.023329 -4.321835
v 26.244404 14.517423 -7.033986
v 36.750622 29.501850 -8.960751
v 35.908127 28.339518 -10.597593
v 34.591103 26.528452 -11.953678
v 33.167446 24.436512 -12.748112
v 31.482487 22.063757 -12.961397
v 36.679276 29.606272 -0.784137
v 37.139595 30.392935 -3.291802
v 37.312252 30.470507 -5.366998
v 37.068771 30.126219 -7.394531
v 26.982410 15.535657 -9.309852
v 28.112587 17.286594 -11.294396
v -12.347858 42.796783 -10.203861
v -10.116972 42.617256 -12.383257
v -13.536785 43.136436 -7.485059
v -10.139877 43.306305 -11.867039
v -6.835779 42.304184 -13.742329
v -12.008202 43.645966 -9.699345
v -7.082624 42.796783 -13.111268
v -13.197128 43.815834 -7.293931
v -14.386055 42.823578 -4.805472
v -9.800135 43.816116 -11.060390
v -3.773808 41.864212 -14.494724
v -11.498674 44.155922 -8.887650
v -12.347858 44.155495 -7.116158
v -6.912753 43.477165 -12.578039
v -14.046312 43.386932 -4.627699
v -14.555927 42.387268 -2.139240
v -4.534900 42.626915 -13.644588
v -14.046312 43.136360 -2.139240
v -13.027258 43.784073 -3.738924
v -14.046312 41.607849 0.526992
v -4.365028 43.136787 -12.870505
v -9.290606 47.481827 -8.182705
v -8.271551 47.481827 -9.426934
v -9.970005 47.481827 -6.405157
v -12.857386 43.133121 -0.895010
v -13.706656 42.287254 0.526992
v -13.027258 40.249054 3.015451
v -4.195156 47.160789 -11.382164
v -10.479532 47.000229 -3.205696
v -6.403225 47.321266 -10.671164
v -12.177986 41.947510 1.593448
v -12.687601 40.928452 3.015451
v -11.498674 38.720383 5.148455
v -10.139877 46.359070 -0.539465
v -8.101680 47.802864 -8.182705
v -6.063482 47.642380 -10.137936
v -11.158932 39.399780 5.326137
v -5.450772 45.236900 -9.534860
v -7.149226 46.235489 -7.846221
v -3.752317 44.719193 -10.168113
v -5.893698 47.321266 -9.071388
v -10.819275 40.588715 4.081907
v -6.063482 47.642380 -9.604617
v -9.120735 47.642380 -5.871929
v -4.025372 47.160789 -9.782390
v -8.168367 46.625038 -6.157475
v -4.025372 47.481827 -10.848845
v -7.762023 47.642380 -7.649385
v -9.460478 45.637657 1.593448
v -4.025372 47.481827 -10.315617
v -8.508024 46.887405 -3.624354
v -9.963591 47.176659 -3.205696
v -9.120735 38.618370 7.103685
v -8.271551 44.627708 3.731340
v -8.508024 46.302689 -1.724595
v -9.681879 46.600388 -0.539465
v -6.472424 36.270081 9.905648
v -7.762023 38.380730 7.636914
v -7.214825 43.614944 1.492874
v -8.168367 45.153999 -0.035848
v -7.501446 43.764656 1.924441
v -9.120735 45.817955 1.237993
v -5.748048 41.908821 2.900118
v -8.101680 44.977921 3.016387
v -5.893698 43.485092 6.154420
v -3.242790 39.600380 4.608152
v -4.981688 37.775208 8.414805
v -0.269474 36.981491 5.097039
v -2.393519 38.460068 5.038459
v -4.336953 39.090858 8.552436
v -6.063482 44.073563 5.224436
v -0.758187 38.140022 7.810897
v -0.696434 37.273144 7.615597
v -3.222000 40.251373 8.589437
v -3.839233 43.021667 7.267283
v -1.736655 39.485909 8.398313
v -4.078349 43.139969 7.296186
v -4.169868 42.986565 7.508364
v -9.344960 37.650391 7.203170
v -7.388359 39.401604 7.340414
v -5.450772 43.264671 -9.534860
v -7.149226 44.263260 -7.846221
v -3.752317 42.746964 -10.168113
v -8.168367 44.746994 -6.157475
v -8.508024 45.068031 -3.624354
v -8.508024 44.424644 -1.724595
v -7.488969 41.369682 1.230766
v -8.168367 43.275963 -0.035848
v -5.620643 39.666313 3.025019
v -3.242790 37.628159 4.608152
v -2.393519 36.099571 4.819272
v -6.096196 41.938980 3.232361
v -3.259768 39.653999 4.841014
v -2.359554 38.436798 5.360044
v -0.346454 37.252232 5.228071
v -8.416459 45.518631 -0.078051
v -0.218778 36.596954 4.958962
v -1.947124 37.421425 4.759873
v -3.384355 38.828667 4.038432
v -5.573452 40.705032 2.580970
v -7.293469 42.273193 1.049796
v -7.918937 44.028145 -0.236925
v -8.231631 45.085648 -1.791618
v -8.231631 45.677963 -3.540573
v -7.918937 45.382408 -5.872613
v -6.980696 44.937073 -7.427306
v -5.417066 44.017754 -8.981898
v -3.853436 43.541138 -9.564885
v -3.778919 42.765617 7.488987
v -8.598104 46.417229 -1.576822
v -8.744526 47.067543 -3.582130
v -8.304231 46.903862 -6.241901
v -7.183200 46.376175 -7.930647
v -5.467759 45.445343 -9.619297
v -3.752317 44.963348 -10.273662
v -12.204500 43.327911 -10.609299
v -9.861300 42.937309 -12.929796
v -13.571400 43.718414 -8.063598
v -9.666000 43.913712 -12.734497
v -6.346400 42.546814 -14.296697
v -11.814000 44.304214 -9.944620
v -6.151100 43.327911 -14.101397
v -13.180900 44.499512 -7.810904
v -14.547799 43.463337 -5.077104
v -9.275400 44.499832 -12.148697
v -3.222000 42.156212 -15.077796
v -11.228200 44.890503 -9.373104
v -12.204500 44.890015 -7.615603
v -5.955800 44.110146 -13.515596
v -14.157200 44.152283 -4.881804
v -14.743100 42.922977 -2.148003
v -3.222000 43.132614 -14.687297
v -14.157200 43.821945 -2.148003
v -12.985600 44.494770 -3.905403
v -14.157200 41.961006 0.781097
v -3.026700 43.718819 -13.803868
v -8.689600 48.714272 -8.787304
v -7.518000 48.714272 -10.154204
v -9.470699 48.714272 -6.834504
v -12.790300 43.718414 -0.781103
v -13.766700 42.742111 0.781097
v -12.985600 40.398811 3.514897
v -2.831400 48.345177 -12.302203
v -10.056500 48.160583 -3.319603
v -5.370000 48.529678 -11.521104
v -12.009200 42.351509 1.952697
v -12.595100 41.179909 3.514897
v -11.228200 38.641312 5.858197
v -9.666000 47.423447 -0.390504
v -7.322701 49.083366 -8.787304
v -4.979400 48.898865 -10.935304
v -10.837600 39.422409 6.053397
v -4.588900 46.133301 -8.982504
v -6.541600 47.281364 -7.420403
v -2.636200 45.538094 -9.568304
v -4.784200 48.529678 -9.763604
v -10.447100 40.789314 4.686497
v -4.979400 48.898865 -10.349404
v -8.494300 48.898865 -6.248703
v -2.636200 48.345177 -10.544704
v -7.713300 47.729233 -5.858204
v -2.636200 48.714272 -11.716304
v -6.932200 48.898865 -8.201404
v -8.884900 46.594048 1.952696
v -2.636200 48.714272 -11.130504
v -8.103800 48.030869 -3.514904
v -9.463325 48.363426 -3.319603
v -8.494300 38.524025 8.006197
v -7.518000 45.432915 4.301367
v -8.103800 47.358627 -1.757504
v -9.139443 47.700890 -0.390504
v -6.541600 36.493309 9.958897
v -6.932200 38.250809 8.591997
v -6.617019 44.268547 1.218864
v -7.713300 46.037994 -0.195303
v -6.946545 44.440674 1.618091
v -8.494300 46.801331 1.562196
v -4.930676 42.307037 2.520655
v -7.322701 45.835556 3.515926
v -4.784200 44.119263 6.963343
v -2.050400 39.653038 4.100697
v -4.784200 37.895638 8.787297
v -0.165897 37.309837 4.881797
v -1.074000 38.342026 4.498759
v -4.393600 39.067238 8.787297
v -4.979400 44.795822 5.941669
v -0.683500 38.286133 7.810897
v -0.590022 37.449299 7.615597
v -3.222000 40.449966 8.803131
v -2.422197 43.586464 8.185925
v -1.659800 39.654655 8.398313
v -2.697108 43.722473 8.217677
v -2.802326 43.546104 8.450773
v -8.752090 37.411148 8.115491
v -6.502600 39.424500 8.266266
v -4.588900 43.865845 -8.982504
v -6.541600 45.013908 -7.420403
v -2.636200 43.270638 -9.568304
v -7.713300 45.570061 -5.858204
v -8.103800 45.939156 -3.514904
v -8.103800 45.199455 -1.757504
v -6.932200 41.687187 0.976397
v -7.713300 43.878822 -0.195303
v -4.784200 39.728836 2.636197
v -2.050400 37.385582 4.100697
v -1.074000 35.628181 4.295997
v -5.330940 42.341705 2.828002
v -2.069920 39.714676 4.316110
v -1.034950 38.315277 4.796245
v -0.257033 37.449299 5.155178
v -7.998528 46.457199 -0.234343
v -0.076539 36.608604 4.780349
v -0.560783 37.147903 4.241050
v -2.213156 38.765800 3.573669
v -4.729945 40.923050 2.225422
v -6.707436 42.725945 0.808988
v -7.426531 44.743607 -0.381312
v -7.786033 45.959404 -1.819504
v -7.786033 46.640388 -3.437400
v -7.426531 46.300591 -5.594688
v -6.347842 45.788589 -7.032879
v -4.550148 44.731659 -8.470979
v -2.752455 44.183701 -9.010279
v -2.352854 43.292084 8.429487
v -8.207364 47.490311 -1.620803
v -8.375705 48.237976 -3.475843
v -7.869500 48.049789 -5.936304
v -6.580660 47.443115 -7.498503
v -4.608430 46.372940 -9.060614
v -2.636200 45.818802 -9.665943
v -21.968100 34.465599 -10.740003
v -20.796499 32.317600 -11.716303
v -23.725601 33.098701 -10.935303
v -24.702000 34.660801 -9.568303
v -14.352501 -2.831399 14.254899
v -12.009200 -2.831399 15.817100
v -12.009200 -0.683499 15.231199
v -9.470699 -4.393599 16.793400
v -11.814000 -4.393599 16.012300
v -10.056500 -6.932199 15.817101
v -19.039101 30.755402 -11.716302
v -19.820101 32.903400 -11.325803
v -17.867399 21.187099 -1.366902
v -18.648500 20.991800 -1.366902
v -17.867399 20.796499 -4.296001
v -7.127400 -6.932199 16.598200
v -14.157200 27.435799 -13.278502
v -17.750240 28.724560 -11.989761
v -14.938299 30.169598 -13.083202
v -17.867399 20.015400 0.781099
v -17.672100 20.796499 -1.562202
v -17.833870 18.963963 -5.207695
v -16.110001 32.512798 -12.497402
v -19.039101 22.749201 0.976398
v -19.624899 25.092501 2.733798
v -11.423400 27.630999 -13.669103
v -7.518000 26.654697 -13.864302
v -13.376200 22.553997 -12.888001
v -14.157200 7.713251 10.837600
v -16.695801 12.595101 6.443999
v -17.086300 6.932200 6.834500
v -9.666000 -2.636199 16.793400
v -25.678301 36.808800 -4.296003
v -24.897200 35.051399 0.390497
v -22.749201 36.027699 -9.373103
v -25.287802 35.832500 -8.006203
v -11.814000 30.755400 -13.669103
v -20.601200 35.051399 -10.544703
v -3.417300 12.595099 -13.083201
v -9.470699 -0.683499 16.402901
v -17.672100 22.358700 1.171598
v -17.281599 34.270302 -11.716303
v -20.406000 27.435801 3.710198
v -6.932200 -4.588899 17.574499
v -4.588900 -6.932199 16.988701
v -18.062700 22.749201 1.171598
v -16.500500 17.476900 6.248698
v -23.139801 37.199398 -7.810903
v -11.814000 7.810901 12.497449
v -13.180900 33.098701 -13.083203
v -21.187000 36.613602 -9.373103
v -23.920900 33.293900 2.343297
v -4.588900 32.512798 -14.059603
v -7.127400 -2.636199 17.769800
v -21.382301 29.583799 3.710198
v -14.352501 13.376201 9.763599
v -22.553999 31.536499 3.319597
v -17.867399 36.808800 -10.544703
v -7.908500 31.731798 -13.864303
v -14.157200 35.441898 -12.497402
v -21.772900 37.785198 -7.810903
v -4.393600 -4.588899 17.965101
v -17.476900 24.897200 3.124398
v -23.725601 38.175697 -4.100703
v -18.453199 25.287802 2.929098
v -15.133600 37.004101 -11.716303
v -7.127400 -0.488199 17.184000
v -10.251800 35.832500 -13.278503
v -4.588900 -2.636199 18.160299
v -22.358700 38.956799 -4.100703
v -9.666000 7.908551 13.571400
v -12.204500 13.376201 11.325799
v -16.110001 21.772900 6.248698
v -4.784200 -0.488199 17.574499
v -23.139801 36.418301 0.390497
v -16.305199 39.737900 -9.177803
v -7.322701 7.908501 14.450150
v -14.157200 23.530300 8.006198
v -19.039101 28.216902 4.100698
v -10.642300 39.152100 -12.302202
v -20.991800 39.737900 -4.100703
v -17.281599 28.412100 4.295998
v -22.163401 34.465599 2.343297
v -4.979400 4.588901 15.621800
v -21.772900 37.199398 0.390497
v -19.820101 30.560101 4.100698
v -16.305199 40.909599 -7.810903
v -16.500500 27.631001 5.858198
v -13.766700 40.128498 -10.544703
v -4.588900 37.004101 -13.864303
v -20.991800 32.708099 3.514898
v -20.601200 38.175697 0.390497
v -20.796499 35.441898 2.343297
v -18.257999 31.341202 4.295998
v -6.736900 38.566299 -13.473803
v -4.979400 7.908501 15.035999
v -19.624899 33.489201 3.514897
v -18.062700 41.104801 -4.100703
v -10.837600 41.104801 -11.325803
v -16.891100 30.364901 5.467597
v -19.820101 36.223000 2.343297
v -12.399800 25.287802 8.982498
v -12.204500 42.471703 -9.568303
v -18.257999 33.684502 4.100698
v -14.547799 28.607401 7.029798
v -6.736900 40.909599 -12.888002
v -14.352501 42.667000 -5.272403
v -13.376200 42.667000 -7.810904
v -17.281599 39.737900 0.585797
v -9.861300 42.081200 -11.716303
v -3.417300 40.518997 -13.473803
v -14.938299 31.731800 6.053398
v -16.110001 37.589897 2.929097
v -6.541600 41.885902 -13.278503
v -15.719400 34.856098 4.686497
v -14.743100 42.081200 -2.343303
v -7.908500 28.997902 10.349399
v -12.009200 30.169600 8.006198
v -3.222000 41.495399 -13.864303
v -12.399800 33.489201 6.834498
v -14.352501 41.104801 0.585797
v -12.985600 36.027699 5.467597
v -13.180900 39.542698 3.124397
v -7.322701 32.708099 9.568297
v -11.423400 37.785198 5.272397
v -9.275400 36.027699 7.225097
v -6.736900 35.051399 8.591997
v -19.820101 30.169600 -12.106902
v -18.453199 28.021601 -11.521102
v -13.962001 -4.393599 14.645401
v -18.648500 20.406000 -4.296001
v -17.281599 4.588901 6.834500
v -15.914700 25.092501 -12.302201
v -22.553999 31.341202 -11.911602
v -15.914700 -0.683499 12.106900
v -10.251800 16.500498 -12.888000
v -12.399800 -6.932199 14.840701
v -7.127400 12.595099 -12.888000
v -19.429600 5.760500 1.757499
v -19.039101 27.826300 -11.911602
v -17.939335 21.435616 -7.129606
v -18.648500 20.991800 -7.029801
v -17.858965 25.477804 -11.063703
v -21.382301 29.388500 -12.302201
v -17.271542 21.831564 -9.153224
v -18.453199 25.287802 -11.130502
v -17.086300 23.334999 -10.740002
v -18.062700 22.944500 -9.568302
v -20.406000 27.240499 -12.106902
v -16.891100 19.820101 -9.958901
v -15.719400 -4.588899 13.278501
v -16.305199 -2.831399 12.692700
v -19.039101 22.553999 -9.568302
v -19.624899 24.897200 -11.325802
v -15.328900 20.210699 -11.716302
v -13.962001 -6.932199 13.864301
v -19.624899 5.760499 -4.491301
v -3.417300 7.713299 -13.278502
v -12.790300 16.305199 -12.302200
v -16.891100 16.110001 -9.373101
v -18.062700 2.636200 6.834500
v -33.479107 21.412535 4.472426
v -35.236607 23.951035 3.886526
v -36.798809 26.099035 2.714926
v -31.526411 18.874035 4.277126
v -15.133600 16.110001 -11.130501
v -10.056500 12.595099 -12.692701
v -2.440900 4.198399 -13.473800
v -38.165707 27.856535 1.152726
v -18.648500 -0.097599 7.615600
v -15.914700 -6.932199 11.911601
v -29.769009 16.530735 3.300726
v -17.086300 12.595099 -9.177801
v -37.394699 21.968100 3.514898
v -35.637199 19.624899 4.100698
v -38.956799 24.116100 2.343298
v -38.946808 29.028133 -0.799975
v -7.322701 7.713299 -13.083201
v -40.128498 25.678301 0.781098
v -12.790300 12.595099 -12.106901
v -32.122299 15.133600 2.733799
v -33.879799 17.281599 3.710199
v -28.206810 14.382732 1.348027
v -15.328900 12.595099 -10.935301
v -39.337307 29.613934 -3.143275
v -40.909599 26.654699 -0.976402
v -29.739799 19.563896 -12.245373
v -18.843800 -4.393600 8.592000
v -7.518000 4.198399 -13.278501
v -17.476900 -7.127399 8.982501
v -10.251800 7.713299 -12.692701
v -27.230408 13.211133 -1.190473
v -30.950701 13.376200 0.976399
v -41.300098 27.240499 -3.319602
v -20.015400 2.636200 1.952700
v -2.440900 2.636199 -14.254899
v -12.985600 7.713299 -12.106901
v -39.337307 29.809235 -5.486475
v -39.142006 29.613934 -7.439274
v -29.974300 12.204500 -1.366901
v -41.300098 27.435801 -5.662902
v -27.035109 12.625234 -4.314873
v -20.210699 2.636200 -4.100700
v -21.382301 -2.831400 3.710200
v -7.908500 2.636199 -13.864300
v -15.914700 4.003099 -10.740000
v -2.245600 -0.488201 -15.231199
v -10.642300 4.198399 -12.888000
v -19.234299 -6.932199 4.100700
v -38.751507 28.832836 -9.391974
v -20.015400 -5.565300 4.100700
v -17.867399 3.807799 -8.982500
v -41.104801 27.240499 -7.420402
v -21.187000 -4.393600 3.710200
v -13.376200 4.198399 -12.106900
v -27.230408 13.211132 -7.243973
v -37.775105 27.661234 -11.149374
v -29.778999 11.814000 -4.296001
v -11.032900 2.636199 -13.278501
v -8.299100 -0.488201 -14.645401
v -36.408207 25.708536 -12.516273
v -40.518997 26.654699 -9.373102
v -8.299100 -2.440901 -14.840700
v -2.245600 -2.440901 -15.426500
v -21.772900 -2.636200 -3.514900
v -29.974300 12.204499 -7.029801
v -18.257999 2.636199 -8.787300
v -28.011509 14.382731 -9.782474
v -13.766700 2.636199 -12.302199
v -2.245600 -4.393601 -15.231199
v -34.846008 23.560534 -13.297375
v -39.737900 25.483000 -10.935302
v -29.378408 16.140133 -11.930473
v -16.305199 2.636199 -10.740000
v -30.560101 13.180899 -9.373101
v -33.088608 21.022032 -13.492674
v -2.245600 -5.565301 -14.254899
v -8.299100 -4.393601 -14.450200
v -11.618700 -0.488201 -13.864300
v -21.382301 -4.393600 -3.319600
v -20.015400 -5.565300 -2.929100
v -31.135910 18.483433 -13.102074
v -19.820101 -6.932200 -2.538500
v -38.370998 23.725601 -12.106902
v -8.103800 -6.541601 -13.864299
v -2.245600 -6.541601 -14.450199
v -19.234299 -0.488201 -8.982500
v -14.547799 -0.488201 -12.888000
v -31.731800 14.743099 -11.325801
v -8.103800 -5.565301 -13.669101
v -36.808800 21.382299 -12.692702
v -17.281599 -0.488201 -11.130500
v -33.293900 16.891100 -12.302200
v -35.051399 19.039099 -12.888001
v -11.814000 -2.440901 -14.059600
v -11.618700 -4.393601 -13.669101
v -11.228200 -5.565301 -12.888000
v -14.743100 -2.440901 -12.888000
v -11.228200 -6.541601 -13.083200
v -19.429600 -2.440901 -8.787300
v -19.039101 -4.393600 -8.201400
v -14.547799 -4.393601 -12.497399
v -17.476900 -2.440901 -10.935300
v -13.962001 -5.565301 -11.716300
v -18.062700 -5.565300 -7.615599
v -18.062700 -6.736900 -7.615599
v -17.086300 -4.393601 -10.544701
v -14.157200 -6.541601 -11.911599
v -16.500500 -5.565301 -9.763600
v -16.695801 -6.736901 -9.763599
v -8.949014 43.468502 -7.810904
v -8.133357 43.273205 -9.568303
v -6.502182 42.882702 -11.716303
v -9.628647 43.468502 -5.272403
v -4.191234 42.687405 -13.278503
v -9.900556 42.882702 -2.343303
v -1.880356 42.528465 -13.768322
v -9.628647 41.906303 0.585797
v -8.813061 40.344200 3.124397
v -7.589609 38.586700 5.272397
v -6.094317 36.829201 7.225097
v -4.327189 35.852901 8.591997
v -10.837601 34.758450 7.029798
v -1.924984 42.942169 -10.627129
v -1.975543 43.736298 -9.961217
v -1.924984 44.914398 -10.627129
v -1.924984 45.168526 -10.728212
v -2.061512 47.193420 -10.404055
v -2.061512 47.776707 -10.645406
v -2.061512 47.776707 -11.217093
v -2.146405 47.455669 -11.788824
v -2.231341 43.431671 -13.060395
v -2.316277 42.921791 -13.985412
v -1.935731 42.115807 -14.667763
v -1.659826 42.271526 -15.077796
v -1.659826 43.247925 -14.589643
v -1.562176 43.834133 -13.636988
v -1.464526 48.460491 -12.399803
v -1.366926 48.829586 -11.813953
v -1.366926 48.829586 -11.228153
v -1.151025 48.480106 -10.658964
v -1.366925 45.830982 -9.851479
v -1.366925 45.538815 -9.763603
v -1.425052 44.184364 -9.190075
v -1.366925 43.271358 -9.763603
v -8.982500 48.806568 -6.541604
v -7.703485 48.917274 -9.060684
v -1.902670 43.031414 -12.197725
v -3.971776 43.013279 -11.723309
v -5.976477 43.369785 -10.625582
v -7.641292 44.064327 -8.707262
v -8.558691 44.403843 -6.984189
v -9.068336 44.564365 -4.448379
v -9.204290 43.949772 -2.033949
v -8.898507 42.887230 0.274974
v -8.151014 41.153038 2.177582
v -6.605125 39.422604 4.148708
v -4.668553 37.524776 5.916625
v -3.360354 36.272335 6.705634
v -20.698851 -0.097600 2.831450
v -21.148020 -0.527240 -3.749220
v -18.921900 -2.831399 8.474800
v -18.160351 -5.760499 8.787251
v -15.817050 -5.760549 12.595051
v -13.962001 -5.662899 14.254850
v -12.106900 -5.662899 15.426500
v -9.763599 -5.662899 16.305250
v -7.029800 -5.760549 17.086349
v -4.491250 -5.760549 17.476902
v -13.961950 -0.683499 13.669050
v -20.689707 29.501907 -4.714030
v -32.991795 21.636963 3.998164
v -34.733829 24.056387 3.514210
v -36.185493 26.185488 2.352918
v -37.443577 27.830734 0.804463
v -38.217804 28.895235 -0.937523
v -38.604916 29.572670 -3.163415
v -38.604916 29.766253 -5.485998
v -38.411335 29.475929 -7.324825
v -38.024269 28.798445 -9.066812
v -37.153252 27.637152 -10.711958
v -35.798378 25.798424 -12.066831
v -34.346718 23.669323 -12.841058
v -32.604729 21.249897 -13.034640
v -30.766003 18.830425 -12.647526
v -29.120754 16.701326 -11.486185
v -27.862623 14.959388 -9.550666
v -27.088394 13.798047 -7.034451
v -26.894865 13.314143 -4.324705
v -27.088394 13.798048 -1.421377
v -28.056206 15.056130 0.998046
v -29.507870 16.991697 2.836774
v -31.153067 19.217590 3.804583
v -35.649460 19.641245 3.229497
v -35.210316 19.855129 2.668589
v -37.279625 21.738012 2.824574
v -36.752453 21.799990 2.287553
v -33.990723 17.392578 3.044380
v -33.645138 17.730621 2.462363
v -32.106377 15.983272 1.484976
v -32.371174 15.506948 1.987104
v -38.705360 23.741926 1.793004
v -38.125595 23.731482 1.324571
v -39.748894 25.172142 0.340879
v -39.107800 25.096058 -0.023686
v -31.319885 13.868406 0.361046
v -31.136087 14.453010 -0.066503
v -39.892372 26.079718 -1.577774
v -40.574314 26.207712 -1.311630
v -40.968277 26.687429 -3.430228
v -40.262241 26.477053 -3.503149
v -30.452030 12.800819 -1.556131
v -30.361240 13.498827 -1.809537
v -40.971821 26.883232 -5.488651
v -40.268188 26.663645 -5.433394
v -30.160112 13.119795 -4.307664
v -30.233868 12.382541 -4.296001
v -40.760136 26.666023 -7.190587
v -40.076385 26.469240 -6.978774
v -39.501358 25.898556 -8.527211
v -40.142948 26.027906 -8.871680
v -30.170153 13.311558 -6.641696
v -30.264067 12.588765 -6.790267
v -38.739506 24.939707 -9.888026
v -39.362167 24.982065 -10.309036
v -30.754549 14.286676 -8.586021
v -30.905897 13.641981 -8.912020
v -37.581936 23.582869 -10.875416
v -38.125053 23.479593 -11.369007
v -36.212765 21.462830 -11.275949
v -36.682236 21.255733 -11.806417
v -31.736641 15.645279 -10.135838
v -31.967533 15.098224 -10.576742
v -33.089897 17.404823 -11.100293
v -33.389294 16.980553 -11.625969
v -34.651176 19.338249 -11.480048
v -35.051399 19.039101 -12.027366
v -13.766701 2.538501 12.497450
v -11.870455 2.508845 13.982067
v -9.723425 2.475173 15.013107
v -7.244395 2.436268 16.014164
v -4.895217 2.399331 16.463928
v -7.322701 4.588030 15.178175
v -9.830611 4.597288 14.193521
v -11.814000 4.608003 13.245167
v -13.805720 4.627941 11.833520
v -19.781080 3.885920 1.874620
v -20.006226 3.726737 -4.237039
v -9.540778 34.001972 7.966377
v -9.794014 31.369484 8.744562
v -9.927402 29.574764 9.195768
v -9.744183 12.708796 12.561908
v -7.412243 12.290064 13.657928
v -10.002782 24.710852 10.191687
v -7.765191 24.173012 11.304835
v -5.061559 11.813786 14.285765
v -5.464929 23.647467 11.873499
v -5.355024 28.487228 11.051609
v -5.155186 32.444489 10.124843
v -4.081201 34.632004 9.365683
v -2.635374 35.390068 9.060637
v -1.768346 35.875565 7.067850
v -15.410041 2.575874 10.331213
v -15.297234 4.611189 9.688421
v -15.328839 7.400831 9.236360
v -15.524151 12.985651 8.103799
v -15.426500 15.426550 8.006149
v -17.203501 20.657671 -9.412142
v -17.359699 18.537916 -6.912681
v -18.062660 17.277321 -5.116181
v -18.179840 17.164419 0.976379
v -17.320641 19.000000 2.968138
v -17.711386 20.162252 -7.420184
v -17.281601 21.968151 3.026699
v -17.242580 23.569359 3.827358
v -17.857340 20.246738 -4.569510
v -17.625376 22.718227 -9.559849
v -17.825359 20.798935 -7.274895
v -14.313441 15.407021 9.412119
v -12.231369 15.014963 11.003415
v -9.780586 14.398361 12.228245
v -7.459672 13.886894 13.341720
v -5.117245 13.447437 13.952749
v -17.068516 20.512960 4.091390
v -16.819387 22.688980 5.061062
v -16.812939 27.943443 5.233318
v -20.679359 38.175739 -8.084283
v -19.859161 36.691681 -9.841743
v -19.507681 35.754360 -10.544704
v -18.804701 33.450161 -11.482003
v -18.160370 31.282619 -11.950632
v -17.275684 25.362213 -11.435252
v -14.756562 23.934362 -12.569460
v -15.437572 27.895046 -12.819262
v -15.691901 7.270920 -10.814280
v -17.602121 6.792160 -9.048828
v -18.687557 12.670593 -4.866229
v -18.679745 12.602852 1.288827
v -16.598150 15.036001 6.346349
v -18.429792 14.883636 1.132603
v -18.375109 14.973957 -4.991205
v -16.988701 14.352551 -9.275452
v -15.231251 14.352551 -11.032901
v -12.790300 14.450150 -12.204551
v -10.154150 14.547798 -12.790351
v -7.181799 14.553179 -13.023970
v -3.534946 14.595135 -13.181247
v -7.237569 16.560604 -13.163365
v -3.654090 16.620636 -13.280540
v -19.527250 40.421349 -4.100703
v -18.941399 38.956799 0.488147
v -17.965050 36.906448 2.636197
v -16.988701 34.270302 4.393598
v -15.914700 31.048351 5.760498
v -15.524149 28.119202 6.443998
v -15.133600 22.651600 7.127448
v -19.346527 40.149239 -5.403202
v -19.367111 38.644386 -8.412339
v -18.863281 36.750240 -10.193224
v -18.717049 36.262611 -10.544704
v -17.890839 33.942245 -11.622583
v -17.336857 31.776711 -12.170238
v -16.625465 29.302578 -12.427138
v -16.461948 28.262472 -12.451841
v -5.091543 -6.541601 -14.165565
v -5.174700 -5.565301 -13.962000
v -5.240605 -4.393601 -14.844795
v -5.260830 -2.440901 -15.134715
v -5.244377 -0.488201 -14.941008
v -5.174700 2.636199 -14.059599
v -4.600663 4.198399 -13.390720
v -24.087049 33.072018 -2.386369
v -24.984177 33.203827 -2.116005
v -24.403646 33.358913 -3.254247
v -25.317179 33.517273 -3.114580
v -16.846809 24.947964 -4.708930
v -16.922512 24.024448 -4.693654
v -17.015799 25.058083 -3.812910
v -17.122179 24.177324 -3.557315
v -23.174494 31.915375 -1.319466
v -24.050240 31.981134 -0.843717
v -22.059929 30.803020 -0.741636
v -22.788073 30.733070 -0.148504
v -17.752800 25.860571 -1.763866
v -17.987650 25.149908 -1.197683
v -18.667469 26.884102 -0.803599
v -19.041056 26.350494 -0.124262
v -20.999054 29.555561 -0.280726
v -21.611095 29.333996 0.399053
v -19.872082 28.341627 -0.283674
v -20.303213 27.894941 0.391441
v -24.154861 33.265125 -5.092573
v -25.037596 33.439339 -5.244969
v -24.029833 33.191219 -6.106979
v -24.905853 33.342842 -6.337373
v -16.854940 25.280579 -6.491411
v -16.926924 24.381598 -6.723038
v -17.320944 26.079096 -7.902450
v -17.474915 25.303837 -8.383113
v -23.711626 33.008270 -7.097155
v -24.558710 33.109692 -7.452057
v -22.817268 32.338955 -8.188827
v -23.536245 32.318001 -8.764985
v -18.119522 27.197838 -8.864140
v -18.393753 26.591265 -9.500499
v -21.553045 31.225172 -8.887689
v -22.198572 31.103060 -9.532941
v -20.412104 29.947849 -9.361630
v -20.897266 29.618752 -10.069189
v -19.256126 28.706079 -9.396596
v -19.586359 28.176632 -10.078745
v -24.298113 33.383045 -4.284429
v -25.200188 33.562340 -4.277995
v -17.333050 25.365723 -2.723273
v -17.484356 24.538448 -2.333858
v -7.518000 -7.713299 15.621801
v -10.251800 -7.713299 14.840701
v -4.588900 -7.713298 16.012300
v -12.595100 -7.517999 13.864301
v -13.962001 -7.517999 12.692701
v -15.719400 -7.713299 10.740001
v -17.086300 -7.713299 8.201401
v -18.648500 -7.713299 4.100700
v -19.429600 -7.518000 -2.343299
v -4.990765 -7.127400 -13.485650
v -2.245600 -7.127401 -13.864299
v -11.228200 -7.127401 -12.497398
v -7.908500 -7.127401 -13.083200
v -13.962001 -7.127401 -11.325799
v -17.672100 -7.322701 -7.420399
v -16.500500 -7.127400 -9.177799
v -9.700047 -7.862274 14.099775
v -7.113380 -7.862274 14.838837
v -4.341925 -7.862273 15.208320
v -11.917231 -7.677485 13.175925
v -13.210565 -7.677485 12.067382
v -14.873381 -7.862274 10.219775
v -16.166714 -7.862274 7.817803
v -17.644836 -7.862274 3.937803
v -18.383896 -7.677486 -2.159380
v -2.124742 -7.307909 -13.060318
v -4.722161 -7.307908 -12.702047
v -7.482864 -7.307909 -12.321258
v -10.623897 -7.307909 -11.766984
v -13.210565 -7.307909 -10.658441
v -15.612441 -7.307908 -8.626046
v -16.720985 -7.492698 -6.963230
v -9.248361 -7.849367 13.493226
v -6.782144 -7.849367 14.197872
v -4.139741 -7.849367 14.550151
v -11.362301 -7.673183 12.612395
v -12.595410 -7.673183 11.555471
v -14.180797 -7.849367 9.793900
v -15.413905 -7.849368 7.503776
v -16.823198 -7.849368 3.804449
v -17.527843 -7.673184 -2.008817
v -2.025802 -7.320816 -12.402149
v -4.502272 -7.320816 -12.060561
v -7.134422 -7.320816 -11.697503
v -10.129191 -7.320816 -11.169040
v -12.595410 -7.320816 -10.112116
v -14.885443 -7.320816 -8.174360
v -15.942368 -7.497000 -6.588974
v -9.027394 -6.634206 12.156550
v -6.620101 -6.634206 12.844361
v -4.040833 -6.634206 13.188223
v -11.090828 -6.462231 11.296765
v -12.294475 -6.462231 10.265094
v -13.841983 -6.634206 8.545610
v -15.045630 -6.634207 6.310204
v -16.421251 -6.634207 2.699262
v -17.109060 -6.462232 -2.975110
v -1.977401 -6.118284 -13.120120
v -4.394702 -6.118283 -12.786694
v -6.963963 -6.118284 -12.432310
v -9.887180 -6.118284 -11.916472
v -12.294475 -6.118284 -10.884802
v -14.529793 -6.118283 -8.993343
v -15.561465 -6.290258 -7.445836
v -5.020480 9.861143 14.660882
v -7.367472 10.099282 14.054039
v -9.705091 10.308674 13.066654
v -12.009251 10.593551 11.911624
v -14.254850 10.544725 10.300600
v -15.426495 10.193241 8.670079
v -16.891050 9.763651 6.639249
v -19.054672 9.181676 1.523163
v -19.156227 9.215547 -4.678765
v -17.344212 9.693630 -9.113315
v -15.510401 9.933010 -10.874790
v -12.887951 10.154200 -12.106901
v -10.154150 10.154200 -12.692701
v -7.225050 10.154200 -12.985601
v -3.417300 10.154200 -13.180851
v -36.188938 28.552801 0.763067
v -34.959034 26.896330 2.351956
v -33.515846 24.804398 3.494748
v -31.830843 22.431646 3.969368
v -30.078360 20.039412 3.795144
v -28.519571 17.801777 2.826476
v -27.154493 15.825438 0.995881
v -26.244404 14.517423 -1.415930
v -26.070229 14.023329 -4.321835
v -26.244404 14.517423 -7.033986
v -36.750622 29.501850 -8.960751
v -35.908127 28.339518 -10.597593
v -34.591103 26.528452 -11.953678
v -33.167446 24.436512 -12.748112
v -31.482487 22.063757 -12.961397
v -36.679276 29.606272 -0.784137
v -37.139595 30.392935 -3.291802
v -37.312252 30.470507 -5.366998
v -37.068771 30.126219 -7.394531
v -26.982410 15.535657 -9.309852
v -28.112587 17.286594 -11.294396
vt 0.000000 0.000000
vt 1.000000 0.000000
vt 1.000000 0.500000
vt 0.000000 0.500000
vt 0.000000 0.000000
vt 1.000000 0.000000
vt 1.000000 0.500000
vt 0.000000 0.500000
vt 0.000000 0.000000
vt 1.000000 0.000000
vt 1.000000 0.500000
vt 0.000000 0.500000
vt 0.000000 0.000000
vt 0.500000 0.000000
vt 0.500000 0.500000
vt 0.000000 0.500000
vt 0.000000 0.000000
vt 1.000000 0.000000
vt 1.000000 0.500000
vt 0.000000 0.500000
vt 0.000000 0.000000
vt 1.000000 0.000000
vt 1.000000 0.500000
vt 0.000000 0.500000
vt 0.000000 0.000000
vt 1.000000 0.000000
vt 1.000000 0.500000
vt 0.000000 0.500000
vt 0.000000 0.000000
vt 1.000000 0.000000
vt 1.000000 0.500000
vt 0.000000 0.500000
vt 0.000000 0.000000
vt 1.000000 0.000000
vt 1.000000 0.500000
vt 0.000000 0.500000
vt 0.000000 0.000000
vt 1.000000 0.000000
vt 1.000000 0.500000
vt 0.000000 0.500000
vt 0.000000 0.000000
vt 1.000000 0.000000
vt 1.000000 0.500000
vt 0.000000 0.500000
vt 0.000000 0.000000
vt 1.000000 0.000000
vt 1.000000 0.500000
vt 0.000000 0.500000
vt 1.000000 1.000000
vt 0.500000 1.000000
vt 0.000000 1.000000
vt 1.000000 1.000000
vt 0.000000 1.000000
vt 1.000000 1.000000
vt 0.500000 1.000000
vt 0.000000 1.000000
vt 1.000000 1.000000
vt 0.000000 1.000000
vt 1.000000 1.000000
vt 0.000000 1.000000
vt 1.000000 1.000000
vt 0.500000 1.000000
vt 0.000000 1.000000
vt 1.000000 1.000000
vt 0.000000 1.000000
vt 1.000000 1.000000
vt 0.000000 1.000000
vt 0.500000 1.000000
vt 0.000000 1.000000
vt 0.000000 0.000000
vt 0.000000 0.500000
vt 1.000000 0.500000
vt 1.000000 0.000000
vt 0.000000 0.000000
vt 0.000000 0.500000
vt 1.000000 0.500000
vt 1.000000 0.000000
vt 0.000000 0.000000
vt 0.000000 0.500000
vt 1.000000 0.500000
vt 1.000000 0.000000
vt 0.000000 0.000000
vt 0.000000 0.500000
vt 0.500000 0.500000
vt 0.500000 0.000000
vt 0.000000 0.000000
vt 0.000000 0.500000
vt 1.000000 0.500000
vt 1.000000 0.000000
vt 0.000000 0.000000
vt 0.000000 0.500000
vt 1.000000 0.500000
vt 1.000000 0.000000
vt 0.000000 0.000000
vt 0.000000 0.500000
vt 1.000000 0.500000
vt 1.000000 0.000000
vt 0.000000 0.000000
vt 0.000000 0.500000
vt 1.000000 0.500000
vt 1.000000 0.000000
vt 0.000000 0.000000
vt 0.000000 0.500000
vt 1.000000 0.500000
vt 1.000000 0.000000
vt 0.000000 0.000000
vt 0.000000 0.500000
vt 1.000000 0.500000
vt 1.000000 0.000000
vt 0.000000 0.000000
vt 0.000000 0.500000
vt 1.000000 0.500000
vt 1.000000 0.000000
vt 0.000000 0.000000
vt 0.000000 0.500000
vt 1.000000 0.500000
vt 1.000000 0.000000
vt 0.000000 1.000000
vt 1.000000 1.000000
vt 0.000000 1.000000
vt 1.000000 1.000000
vt 0.000000 1.000000
vt 1.000000 1.000000
vt 0.000000 1.000000
vt 1.000000 1.000000
vt 0.000000 1.000000
vt 1.000000 1.000000
vt 0.000000 1.000000
vt 1.000000 1.000000
vt 0.000000 1.000000
vt 1.000000 1.000000
vt 0.000000 1.000000
vt 1.000000 1.000000
vt 0.000000 1.000000
vt 1.000000 1.000000
vt 0.000000 1.000000
vt 1.000000 1.000000
vt 0.000000 1.000000
vt 1.000000 1.000000
vt 0.000000 1.000000
vt 0.500000 1.000000
vt 0.000000 0.000000
vt 0.000000 1.000000
vt 0.500000 1.000000
vt 1.000000 0.000000
vt 0.000000 0.000000
vt 0.000000 1.000000
vt 1.000000 1.000000
vt 1.000000 0.000000
vt 0.000000 0.000000
vt 1.000000 1.000000
vt 1.000000 0.000000
vt 0.000000 0.000000
vt 0.000000 1.000000
vt 1.000000 1.000000
vt 1.000000 0.000000
vt 0.000000 0.000000
vt 0.000000 1.000000
vt 1.000000 1.000000
vt 1.000000 0.000000
vt 0.000000 0.000000
vt 0.000000 1.000000
vt 1.000000 1.000000
vt 1.000000 0.000000
vt 0.000000 0.000000
vt 0.000000 1.000000
vt 1.000000 1.000000
vt 1.000000 0.000000
vt 0.000000 1.000000
vt 1.000000 1.000000
vt 1.000000 0.000000
vt 0.000000 0.000000
vt 0.000000 0.000000
vt 0.000000 1.000000
vt 0.500000 1.000000
vt 1.000000 0.000000
vt 0.000000 0.000000
vt 1.000000 1.000000
vt 1.000000 0.000000
vt 0.000000 0.000000
vt 0.000000 1.000000
vt 1.000000 1.000000
vt 1.000000 0.000000
vt 0.000000 0.000000
vt 0.000000 1.000000
vt 0.500000 1.000000
vt 1.000000 0.000000
vt 0.000000 0.000000
vt 0.700000 1.000000
vt 0.400000 0.000000
vt 0.750000 1.000000
vt 0.500000 1.000000
vt 0.000000 1.000000
vt 1.000000 1.000000
vt 0.000000 1.000000
vt 1.000000 1.000000
vt 0.500000 1.000000
vt 0.000000 1.000000
vt 1.000000 1.000000
vt 0.000000 1.000000
vt 1.000000 1.000000
vt 0.000000 1.000000
vt 1.000000 1.000000
vt 0.500000 1.000000
vt 0.000000 1.000000
vt 1.000000 1.000000
vt 0.000000 1.000000
vt 1.000000 1.000000
vt 0.000000 1.000000
vt 0.000000 1.000000
vt 0.750000 1.000000
vt 1.000000 0.500000
vt 1.000000 1.000000
vt 1.000000 0.000000
vt 1.000000 0.500000
vt 1.000000 0.000000
vt 1.000000 1.000000
vt 0.250000 1.000000
vt 0.500000 1.000000
vt 1.000000 1.000000
vt 1.000000 0.000000
vt 1.000000 1.000000
vt 0.951294 0.097412
vt 1.000000 0.000000
vt 0.034329 0.000000
vt 0.058045 0.116089
vt 0.071538 0.000000
vt 0.048706 0.097412
vt 0.952488 0.095024
vt 1.000000 0.000000
vt 0.008879 0.000000
vt 0.047512 0.095024
vt 0.951653 0.096694
vt 1.000000 0.000000
vt 0.949820 0.100359
vt 0.998533 0.002935
vt 0.038303 0.002144
vt 0.065563 0.102125
vt 0.052333 0.000000
vt 0.050180 0.100359
vt 0.875240 0.099708
vt 1.000000 0.000000
vt 0.071950 0.000000
vt 0.047795 0.095590
vt 0.890969 0.102290
vt 1.000000 0.000000
vt 0.941955 0.116089
vt 1.000000 0.000000
vt 0.085407 0.000000
vt 0.059945 0.119890
vt 0.940055 0.119890
vt 1.000000 0.000000
vt 0.076369 0.000000
vt 0.060563 0.121126
vt 0.852648 0.105255
vt 1.000000 0.000000
vt 0.072761 0.000000
vt 0.049597 0.099194
vt 0.083443 0.000000
vt 0.052902 0.105803
vt 0.864071 0.110868
vt 1.000000 0.000000
vt 0.072869 0.000000
vt 0.055749 0.111498
vt 0.941015 0.117970
vt 1.000000 0.000000
vt 0.916233 0.121381
vt 1.000000 0.000000
vt 0.095202 0.000000
vt 0.058985 0.117970
vt 0.900833 0.099618
vt 1.000000 0.000000
vt 0.038630 0.000000
vt 0.048347 0.096694
vt 0.019708 0.000000
vt 0.047430 0.094860
vt 0.950059 0.099882
vt 1.000000 0.000000
vt 0.000000 0.000000
vt 0.049941 0.099882
vt 0.949506 0.100988
vt 0.966538 0.000000
vt 0.948765 0.102470
vt 0.996637 0.006727
vt 0.029666 0.006494
vt 0.106023 0.105027
vt 0.947247 0.105505
vt 0.995212 0.009575
vt 0.016943 0.007949
vt 0.130097 0.111235
vt 0.000000 0.000000
vt 0.050494 0.100988
vt 0.894948 0.108482
vt 0.943400 0.000000
vt 0.000000 0.000000
vt 0.054871 0.109741
vt 0.939005 0.121990
vt 0.939583 0.000000
vt 0.944420 0.111161
vt 0.994876 0.010249
vt 0.009036 0.008422
vt 0.060311 0.120621
vt 0.000000 0.000000
vt 0.060995 0.121990
vt 0.938338 0.123323
vt 0.980092 0.001065
vt 0.001469 0.002939
vt 0.061662 0.123324
vt 0.939689 0.120621
vt 0.976720 0.006114
vt 0.500000 1.000000
vt 0.000000 0.000000
vt 1.000000 0.000000
vt 1.000000 1.000000
vt 0.000000 1.000000
vt 0.000000 0.000000
vt 1.000000 0.000000
vt 1.000000 1.000000
vt 0.000000 1.000000
vt 0.000000 0.000000
vt 1.000000 0.000000
vt 1.000000 1.000000
vt 0.000000 1.000000
vt 0.000000 0.000000
vt 1.000000 0.000000
vt 1.000000 1.000000
vt 0.000000 1.000000
vt 0.000000 0.000000
vt 1.000000 0.000000
vt 1.000000 1.000000
vt 0.000000 1.000000
vt 0.000000 0.000000
vt 1.000000 0.000000
vt 1.000000 1.000000
vt 0.000000 1.000000
vt 0.000000 0.000000
vt 1.000000 0.000000
vt 1.000000 1.000000
vt 0.000000 1.000000
vt 0.000000 0.000000
vt 1.000000 0.000000
vt 1.000000 1.000000
vt 0.000000 1.000000
vt 0.000000 0.000000
vt 1.000000 0.000000
vt 1.000000 1.000000
vt 0.000000 1.000000
vt 0.000000 0.000000
vt 1.000000 0.000000
vt 1.000000 1.000000
vt 0.000000 1.000000
vt 0.000000 0.000000
vt 1.000000 0.000000
vt 1.000000 1.000000
vt 0.000000 1.000000
vt 0.000000 0.000000
vt 1.000000 0.000000
vt 1.000000 1.000000
vt 0.000000 1.000000
vt 0.000000 0.000000
vt 1.000000 0.000000
vt 1.000000 1.000000
vt 0.000000 1.000000
vt 0.000000 0.000000
vt 1.000000 0.000000
vt 1.000000 1.000000
vt 0.000000 1.000000
vt 0.000000 0.000000
vt 1.000000 0.000000
vt 1.000000 1.000000
vt 0.000000 1.000000
vt 0.000000 0.000000
vt 1.000000 0.000000
vt 1.000000 1.000000
vt 0.000000 1.000000
vt 0.000000 0.000000
vt 1.000000 0.000000
vt 1.000000 1.000000
vt 0.000000 1.000000
vt 0.000000 0.000000
vt 1.000000 0.000000
vt 1.000000 1.000000
vt 0.000000 1.000000
vt 0.000000 0.000000
vt 1.000000 0.000000
vt 1.000000 1.000000
vt 0.000000 1.000000
vt 0.000000 0.000000
vt 1.000000 0.000000
vt 1.000000 1.000000
vt 0.000000 1.000000
vt 0.000000 0.000000
vt 1.000000 0.000000
vt 1.000000 1.000000
vt 0.000000 1.000000
vt 0.000000 0.000000
vt 1.000000 0.000000
vt 1.000000 1.000000
vt 0.000000 1.000000
vt 0.000000 0.000000
vt 1.000000 0.000000
vt 1.000000 1.000000
vt 0.000000 1.000000
vt 0.000000 0.000000
vt 1.000000 0.000000
vt 1.000000 1.000000
vt 0.000000 1.000000
vt 0.000000 0.000000
vt 1.000000 0.000000
vt 1.000000 1.000000
vt 0.000000 1.000000
vt 0.000000 0.000000
vt 1.000000 0.000000
vt 1.000000 1.000000
vt 0.000000 1.000000
vt 0.000000 0.000000
vt 1.000000 0.000000
vt 1.000000 1.000000
vt 0.000000 1.000000
vt 0.000000 0.000000
vt 1.000000 0.000000
vt 1.000000 1.000000
vt 0.000000 1.000000
vt 0.000000 0.000000
vt 1.000000 0.000000
vt 1.000000 1.000000
vt 0.000000 1.000000
vt 0.000000 0.000000
vt 1.000000 0.000000
vt 1.000000 1.000000
vt 0.000000 1.000000
vt 0.000000 0.000000
vt 1.000000 0.000000
vt 1.000000 1.000000
vt 0.000000 1.000000
vt 0.000000 0.000000
vt 1.000000 0.000000
vt 1.000000 1.000000
vt 0.000000 1.000000
vt 0.000000 0.000000
vt 1.000000 0.000000
vt 1.000000 1.000000
vt 0.000000 1.000000
vt 0.000000 0.000000
vt 1.000000 0.000000
vt 1.000000 1.000000
vt 0.000000 1.000000
vt 0.000000 0.000000
vt 1.000000 0.000000
vt 1.000000 1.000000
vt 0.000000 1.000000
vt 0.000000 0.000000
vt 1.000000 0.000000
vt 1.000000 1.000000
vt 0.000000 1.000000
vt 0.000000 0.000000
vt 1.000000 0.000000
vt 1.000000 1.000000
vt 0.000000 1.000000
vt 0.000000 0.000000
vt 1.000000 0.000000
vt 1.000000 1.000000
vt 0.000000 1.000000
vt 0.000000 0.000000
vt 1.000000 0.000000
vt 1.000000 1.000000
vt 0.000000 1.000000
vt 0.000000 0.000000
vt 1.000000 0.000000
vt 1.000000 1.000000
vt 0.000000 1.000000
vt 0.000000 0.000000
vt 1.000000 0.000000
vt 1.000000 1.000000
vt 0.000000 1.000000
vt 0.000000 0.000000
vt 1.000000 0.000000
vt 1.000000 1.000000
vt 0.000000 1.000000
vt 0.000000 0.000000
vt 1.000000 0.000000
vt 1.000000 1.000000
vt 0.000000 1.000000
vt 0.000000 0.000000
vt 1.000000 0.000000
vt 1.000000 1.000000
vt 0.000000 1.000000
vt 0.000000 0.000000
vt 1.000000 0.000000
vt 1.000000 1.000000
vt 0.000000 1.000000
vt 0.000000 0.000000
vt 1.000000 0.000000
vt 1.000000 1.000000
vt 0.000000 1.000000
vt 0.000000 0.000000
vt 1.000000 0.000000
vt 1.000000 1.000000
vt 0.000000 1.000000
vt 0.000000 0.000000
vt 1.000000 0.000000
vt 1.000000 1.000000
vt 0.000000 1.000000
vt 0.000000 0.000000
vt 1.000000 0.000000
vt 1.000000 1.000000
vt 0.000000 1.000000
vt 0.000000 0.000000
vt 1.000000 0.000000
vt 1.000000 1.000000
vt 0.000000 1.000000
vt 0.000000 0.000000
vt 1.000000 0.000000
vt 1.000000 1.000000
vt 0.000000 1.000000
vt 0.000000 0.000000
vt 1.000000 0.000000
vt 1.000000 0.500000
vt 0.000000 0.500000
vt 0.000000 0.000000
vt 1.000000 0.000000
vt 1.000000 0.500000
vt 0.000000 0.500000
vt 0.000000 0.000000
vt 1.000000 0.000000
vt 1.000000 0.500000
vt 0.000000 0.500000
vt 0.000000 0.000000
vt 0.500000 0.000000
vt 0.500000 0.500000
vt 0.000000 0.500000
vt 0.000000 0.000000
vt 1.000000 0.000000
vt 1.000000 0.500000
vt 0.000000 0.500000
vt 0.000000 0.000000
vt 1.000000 0.000000
vt 1.000000 0.500000
vt 0.000000 0.500000
vt 0.000000 0.000000
vt 1.000000 0.000000
vt 1.000000 0.500000
vt 0.000000 0.500000
vt 0.000000 0.000000
vt 1.000000 0.000000
vt 1.000000 0.500000
vt 0.000000 0.500000
vt 0.000000 0.000000
vt 1.000000 0.000000
vt 1.000000 0.500000
vt 0.000000 0.500000
vt 0.000000 0.000000
vt 1.000000 0.000000
vt 1.000000 0.500000
vt 0.000000 0.500000
vt 0.000000 0.000000
vt 1.000000 0.000000
vt 1.000000 0.500000
vt 0.000000 0.500000
vt 0.000000 0.000000
vt 1.000000 0.000000
vt 1.000000 0.500000
vt 0.000000 0.500000
vt 1.000000 1.000000
vt 0.500000 1.000000
vt 0.000000 1.000000
vt 1.000000 1.000000
vt 0.000000 1.000000
vt 1.000000 1.000000
vt 0.500000 1.000000
vt 0.000000 1.000000
vt 1.000000 1.000000
vt 0.000000 1.000000
vt 1.000000 1.000000
vt 0.000000 1.000000
vt 1.000000 1.000000
vt 0.500000 1.000000
vt 0.000000 1.000000
vt 1.000000 1.000000
vt 0.000000 1.000000
vt 1.000000 1.000000
vt 0.000000 1.000000
vt 0.500000 1.000000
vt 0.000000 1.000000
vt 0.000000 0.000000
vt 0.000000 0.500000
vt 1.000000 0.500000
vt 1.000000 0.000000
vt 0.000000 0.000000
vt 0.000000 0.500000
vt 1.000000 0.500000
vt 1.000000 0.000000
vt 0.000000 0.000000
vt 0.000000 0.500000
vt 1.000000 0.500000
vt 1.000000 0.000000
vt 0.000000 0.000000
vt 0.000000 0.500000
vt 0.500000 0.500000
vt 0.500000 0.000000
vt 0.000000 0.000000
vt 0.000000 0.500000
vt 1.000000 0.500000
vt 1.000000 0.000000
vt 0.000000 0.000000
vt 0.000000 0.500000
vt 1.000000 0.500000
vt 1.000000 0.000000
vt 0.000000 0.000000
vt 0.000000 0.500000
vt 1.000000 0.500000
vt 1.000000 0.000000
vt 0.000000 0.000000
vt 0.000000 0.500000
vt 1.000000 0.500000
vt 1.000000 0.000000
vt 0.000000 0.000000
vt 0.000000 0.500000
vt 1.000000 0.500000
vt 1.000000 0.000000
vt 0.000000 0.000000
vt 0.000000 0.500000
vt 1.000000 0.500000
vt 1.000000 0.000000
vt 0.000000 0.000000
vt 0.000000 0.500000
vt 1.000000 0.500000
vt 1.000000 0.000000
vt 0.000000 0.000000
vt 0.000000 0.500000
vt 1.000000 0.500000
vt 1.000000 0.000000
vt 0.000000 1.000000
vt 1.000000 1.000000
vt 0.000000 1.000000
vt 1.000000 1.000000
vt 0.000000 1.000000
vt 1.000000 1.000000
vt 0.000000 1.000000
vt 1.000000 1.000000
vt 0.000000 1.000000
vt 1.000000 1.000000
vt 0.000000 1.000000
vt 1.000000 1.000000
vt 0.000000 1.000000
vt 1.000000 1.000000
vt 0.000000 1.000000
vt 1.000000 1.000000
vt 0.000000 1.000000
vt 1.000000 1.000000
vt 0.000000 1.000000
vt 1.000000 1.000000
vt 0.000000 1.000000
vt 1.000000 1.000000
vt 0.000000 1.000000
vt 0.500000 1.000000
vt 0.000000 0.000000
vt 0.000000 1.000000
vt 0.500000 1.000000
vt 1.000000 0.000000
vt 0.000000 0.000000
vt 0.000000 1.000000
vt 1.000000 1.000000
vt 1.000000 0.000000
vt 0.000000 0.000000
vt 1.000000 1.000000
vt 1.000000 0.000000
vt 0.000000 0.000000
vt 0.000000 1.000000
vt 1.000000 1.000000
vt 1.000000 0.000000
vt 0.000000 0.000000
vt 0.000000 1.000000
vt 1.000000 1.000000
vt 1.000000 0.000000
vt 0.000000 0.000000
vt 0.000000 1.000000
vt 1.000000 1.000000
vt 1.000000 0.000000
vt 0.000000 0.000000
vt 0.000000 1.000000
vt 1.000000 1.000000
vt 1.000000 0.000000
vt 0.000000 1.000000
vt 1.000000 1.000000
vt 1.000000 0.000000
vt 0.000000 0.000000
vt 0.000000 0.000000
vt 0.000000 1.000000
vt 0.500000 1.000000
vt 1.000000 0.000000
vt 0.000000 0.000000
vt 1.000000 1.000000
vt 1.000000 0.000000
vt 0.000000 0.000000
vt 0.000000 1.000000
vt 1.000000 1.000000
vt 1.000000 0.000000
vt 0.000000 0.000000
vt 0.000000 1.000000
vt 0.500000 1.000000
vt 1.000000 0.000000
vt 0.000000 0.000000
vt 0.700000 1.000000
vt 0.400000 0.000000
vt 0.750000 1.000000
vt 0.500000 1.000000
vt 0.000000 1.000000
vt 1.000000 1.000000
vt 0.000000 1.000000
vt 1.000000 1.000000
vt 0.500000 1.000000
vt 0.000000 1.000000
vt 1.000000 1.000000
vt 0.000000 1.000000
vt 1.000000 1.000000
vt 0.000000 1.000000
vt 1.000000 1.000000
vt 0.500000 1.000000
vt 0.000000 1.000000
vt 1.000000 1.000000
vt 0.000000 1.000000
vt 1.000000 1.000000
vt 0.000000 1.000000
vt 0.000000 1.000000
vt 0.750000 1.000000
vt 1.000000 0.500000
vt 1.000000 1.000000
vt 1.000000 0.000000
vt 1.000000 0.500000
vt 1.000000 0.000000
vt 1.000000 1.000000
vt 0.250000 1.000000
vt 0.500000 1.000000
vt 1.000000 1.000000
vt 1.000000 0.000000
vt 1.000000 1.000000
vt 0.951294 0.097412
vt 1.000000 0.000000
vt 0.034329 0.000000
vt 0.058045 0.116089
vt 0.071538 0.000000
vt 0.048706 0.097412
vt 0.952488 0.095024
vt 1.000000 0.000000
vt 0.008879 0.000000
vt 0.047512 0.095024
vt 0.951653 0.096694
vt 1.000000 0.000000
vt 0.949820 0.100359
vt 0.998533 0.002935
vt 0.038303 0.002144
vt 0.065563 0.102125
vt 0.052333 0.000000
vt 0.050180 0.100359
vt 0.875240 0.099708
vt 1.000000 0.000000
vt 0.071950 0.000000
vt 0.047795 0.095590
vt 0.890969 0.102290
vt 1.000000 0.000000
vt 0.941955 0.116089
vt 1.000000 0.000000
vt 0.085407 0.000000
vt 0.059945 0.119890
vt 0.940055 0.119890
vt 1.000000 0.000000
vt 0.076369 0.000000
vt 0.060563 0.121126
vt 0.852648 0.105255
vt 1.000000 0.000000
vt 0.072761 0.000000
vt 0.049597 0.099194
vt 0.083443 0.000000
vt 0.052902 0.105803
vt 0.864071 0.110868
vt 1.000000 0.000000
vt 0.072869 0.000000
vt 0.055749 0.111498
vt 0.941015 0.117970
vt 1.000000 0.000000
vt 0.916233 0.121381
vt 1.000000 0.000000
vt 0.095202 0.000000
vt 0.058985 0.117970
vt 0.900833 0.099618
vt 1.000000 0.000000
vt 0.038630 0.000000
vt 0.048347 0.096694
vt 0.019708 0.000000
vt 0.047430 0.094860
vt 0.950059 0.099882
vt 1.000000 0.000000
vt 0.000000 0.000000
vt 0.049941 0.099882
vt 0.949506 0.100988
vt 0.966538 0.000000
vt 0.948765 0.102470
vt 0.996637 0.006727
vt 0.029666 0.006494
vt 0.106023 0.105027
vt 0.947247 0.105505
vt 0.995212 0.009575
vt 0.016943 0.007949
vt 0.130097 0.111235
vt 0.000000 0.000000
vt 0.050494 0.100988
vt 0.894948 0.108482
vt 0.943400 0.000000
vt 0.000000 0.000000
vt 0.054871 0.109741
vt 0.939005 0.121990
vt 0.939583 0.000000
vt 0.944420 0.111161
vt 0.994876 0.010249
vt 0.009036 0.008422
vt 0.060311 0.120621
vt 0.000000 0.000000
vt 0.060995 0.121990
vt 0.938338 0.123323
vt 0.980092 0.001065
vt 0.001469 0.002939
vt 0.061662 0.123324
vt 0.939689 0.120621
vt 0.976720 0.006114
vt 0.500000 1.000000
vt 0.000000 0.000000
vt 1.000000 0.000000
vt 1.000000 1.000000
vt 0.000000 1.000000
vt 0.000000 0.000000
vt 1.000000 0.000000
vt 1.000000 1.000000
vt 0.000000 1.000000
vt 0.000000 0.000000
vt 1.000000 0.000000
vt 1.000000 1.000000
vt 0.000000 1.000000
vt 0.000000 0.000000
vt 1.000000 0.000000
vt 1.000000 1.000000
vt 0.000000 1.000000
vt 0.000000 0.000000
vt 1.000000 0.000000
vt 1.000000 1.000000
vt 0.000000 1.000000
vt 0.000000 0.000000
vt 1.000000 0.000000
vt 1.000000 1.000000
vt 0.000000 1.000000
vt 0.000000 0.000000
vt 1.000000 0.000000
vt 1.000000 1.000000
vt 0.000000 1.000000
vt 0.000000 0.000000
vt 1.000000 0.000000
vt 1.000000 1.000000
vt 0.000000 1.000000
vt 0.000000 0.000000
vt 1.000000 0.000000
vt 1.000000 1.000000
vt 0.000000 1.000000
vt 0.000000 0.000000
vt 1.000000 0.000000
vt 1.000000 1.000000
vt 0.000000 1.000000
vt 0.000000 0.000000
vt 1.000000 0.000000
vt 1.000000 1.000000
vt 0.000000 1.000000
vt 0.000000 0.000000
vt 1.000000 0.000000
vt 1.000000 1.000000
vt 0.000000 1.000000
vt 0.000000 0.000000
vt 1.000000 0.000000
vt 1.000000 1.000000
vt 0.000000 1.000000
vt 0.000000 0.000000
vt 1.000000 0.000000
vt 1.000000 1.000000
vt 0.000000 1.000000
vt 0.000000 0.000000
vt 1.000000 0.000000
vt 1.000000 1.000000
vt 0.000000 1.000000
vt 0.000000 0.000000
vt 1.000000 0.000000
vt 1.000000 1.000000
vt 0.000000 1.000000
vt 0.000000 0.000000
vt 1.000000 0.000000
vt 1.000000 1.000000
vt 0.000000 1.000000
vt 0.000000 0.000000
vt 1.000000 0.000000
vt 1.000000 1.000000
vt 0.000000 1.000000
vt 0.000000 0.000000
vt 1.000000 0.000000
vt 1.000000 1.000000
vt 0.000000 1.000000
vt 0.000000 0.000000
vt 1.000000 0.000000
vt 1.000000 1.000000
vt 0.000000 1.000000
vt 0.000000 0.000000
vt 1.000000 0.000000
vt 1.000000 1.000000
vt 0.000000 1.000000
vt 0.000000 0.000000
vt 1.000000 0.000000
vt 1.000000 1.000000
vt 0.000000 1.000000
vt 0.000000 0.000000
vt 1.000000 0.000000
vt 1.000000 1.000000
vt 0.000000 1.000000
vt 0.000000 0.000000
vt 1.000000 0.000000
vt 1.000000 1.000000
vt 0.000000 1.000000
vt 0.000000 0.000000
vt 1.000000 0.000000
vt 1.000000 1.000000
vt 0.000000 1.000000
vt 0.000000 0.000000
vt 1.000000 0.000000
vt 1.000000 1.000000
vt 0.000000 1.000000
vt 0.000000 0.000000
vt 1.000000 0.000000
vt 1.000000 1.000000
vt 0.000000 1.000000
vt 0.000000 0.000000
vt 1.000000 0.000000
vt 1.000000 1.000000
vt 0.000000 1.000000
vt 0.000000 0.000000
vt 1.000000 0.000000
vt 1.000000 1.000000
vt 0.000000 1.000000
vt 0.000000 0.000000
vt 1.000000 0.000000
vt 1.000000 1.000000
vt 0.000000 1.000000
vt 0.000000 0.000000
vt 1.000000 0.000000
vt 1.000000 1.000000
vt 0.000000 1.000000
vt 0.000000 0.000000
vt 1.000000 0.000000
vt 1.000000 1.000000
vt 0.000000 1.000000
vt 0.000000 0.000000
vt 1.000000 0.000000
vt 1.000000 1.000000
vt 0.000000 1.000000
vt 0.000000 0.000000
vt 1.000000 0.000000
vt 1.000000 1.000000
vt 0.000000 1.000000
vt 0.000000 0.000000
vt 1.000000 0.000000
vt 1.000000 1.000000
vt 0.000000 1.000000
vt 0.000000 0.000000
vt 1.000000 0.000000
vt 1.000000 1.000000
vt 0.000000 1.000000
vt 0.000000 0.000000
vt 1.000000 0.000000
vt 1.000000 1.000000
vt 0.000000 1.000000
vt 0.000000 0.000000
vt 1.000000 0.000000
vt 1.000000 1.000000
vt 0.000000 1.000000
vt 0.000000 0.000000
vt 1.000000 0.000000
vt 1.000000 1.000000
vt 0.000000 1.000000
vt 0.000000 0.000000
vt 1.000000 0.000000
vt 1.000000 1.000000
vt 0.000000 1.000000
vt 0.000000 0.000000
vt 1.000000 0.000000
vt 1.000000 1.000000
vt 0.000000 1.000000
vt 0.000000 0.000000
vt 1.000000 0.000000
vt 1.000000 1.000000
vt 0.000000 1.000000
vt 0.000000 0.000000
vt 1.000000 0.000000
vt 1.000000 1.000000
vt 0.000000 1.000000
vt 0.000000 0.000000
vt 1.000000 0.000000
vt 1.000000 1.000000
vt 0.000000 1.000000
vt 0.000000 0.000000
vt 1.000000 0.000000
vt 1.000000 1.000000
vt 0.000000 1.000000
vt 0.000000 0.000000
vt 1.000000 0.000000
vt 1.000000 1.000000
vt 0.000000 1.000000
vt 0.000000 0.000000
vt 1.000000 0.000000
vt 1.000000 1.000000
vt 0.000000 1.000000
vt 0.000000 0.000000
vt 1.000000 0.000000
vt 1.000000 1.000000
vt 0.000000 1.000000
vt 0.000000 0.000000
vt 1.000000 0.000000
vt 1.000000 1.000000
vt 0.000000 1.000000
vt 0.000000 0.000000
vt 1.000000 0.000000
vt 1.000000 1.000000
vt 0.000000 1.000000
vt 0.000000 0.000000
vt 1.000000 0.000000
vt 1.000000 1.000000
vt 0.000000 1.000000
vn -0.356542 -0.705953 0.611971
vn -0.357806 -0.620477 0.697842
vn -0.656719 -0.529299 0.537181
vn -0.538949 -0.720124 0.436984
vn -0.794524 -0.519772 0.313956
vn -0.594433 -0.784944 0.174678
vn -0.141597 -0.721106 0.678201
vn 0.093577 -0.983013 0.157887
vn -0.452316 -0.598772 0.660971
vn -0.634079 -0.648491 0.421192
vn -0.844348 -0.529773 0.080108
vn -0.596102 -0.802835 -0.010875
vn -0.713437 -0.686343 0.141216
vn -0.245302 -0.520024 0.818170
vn -0.103326 -0.751879 0.651154
vn 0.000463 -0.966714 0.255858
vn -0.713219 -0.696343 -0.080158
vn -0.154773 -0.471476 0.868191
vn -0.585058 -0.789355 -0.186082
vn -0.837913 -0.514467 -0.182277
vn -0.663974 -0.605075 0.439344
vn -0.480874 -0.583050 0.654838
vn -0.177249 -0.752426 0.634380
vn 0.000000 -0.762101 0.647458
vn -0.000000 -0.732718 0.680533
vn -0.176224 -0.787734 0.590271
vn -0.696984 -0.636394 -0.330478
vn -0.284543 -0.527049 0.800784
vn -0.718386 -0.682423 0.134984
vn -0.180468 -0.440301 0.879526
vn 0.000000 -0.431577 0.902076
vn -0.588715 -0.676819 -0.441964
vn -0.164408 -0.433803 0.885881
vn -0.748905 -0.658630 -0.073131
vn -0.616192 -0.566056 -0.547620
vn -0.451743 -0.637549 -0.624068
vn -0.182778 -0.385697 0.904340
vn 0.000000 -0.373320 0.927703
vn -0.720373 -0.611778 -0.326789
vn -0.022951 -0.999571 0.018221
vn -0.098917 -0.946909 0.305906
vn -0.495768 -0.492964 -0.714983
vn -0.729558 -0.313205 -0.607986
vn -0.661774 -0.219657 -0.716803
vn -0.135024 -0.940319 0.312361
vn 0.712295 -0.132138 -0.689330
vn 0.449316 0.073937 -0.890308
vn 0.531870 -0.255776 -0.807275
vn 0.545607 -0.680467 -0.489161
vn -0.525239 -0.513212 -0.678777
vn 0.218496 -0.940727 -0.259409
vn 0.187749 -0.967073 -0.171815
vn -0.532368 -0.314341 -0.785986
vn -0.443240 -0.488361 -0.751692
vn 0.300333 0.098782 -0.948706
vn 0.308287 -0.053054 -0.949813
vn 0.714059 -0.600623 -0.359683
vn 0.032369 -0.982136 -0.185369
vn 0.091203 -0.909420 -0.405755
vn -0.650691 -0.547982 -0.525658
vn -0.185285 -0.949016 0.255027
vn 0.000000 -0.960365 0.278746
vn 0.265658 0.079021 -0.960823
vn 0.000000 0.065657 -0.997842
vn 0.000000 0.046359 -0.998925
vn 0.257576 0.010806 -0.966198
vn 0.420325 -0.890039 -0.176514
vn -0.329679 -0.499528 -0.801114
vn 0.196879 -0.931421 -0.306095
vn -0.559230 -0.486437 -0.671298
vn 0.388862 -0.886183 -0.251923
vn -0.461062 -0.392764 -0.795713
vn 0.789173 -0.577710 0.208464
vn 0.890401 -0.377259 0.254679
vn 0.936088 -0.349652 0.038512
vn 0.687887 -0.690364 -0.224074
vn 0.794584 -0.451681 0.405735
vn 0.734747 -0.540713 0.409605
vn 0.500513 -0.827594 -0.254117
vn 0.666594 -0.730147 0.150124
vn -0.485509 -0.422672 -0.765265
vn 0.748872 -0.490407 0.445748
vn 0.755061 -0.483908 0.442398
vn -0.291581 -0.476307 -0.829526
vn -0.402134 -0.318584 -0.858366
vn 0.773687 -0.494401 0.396203
vn 0.682722 -0.489036 0.542894
vn 0.192425 -0.424458 0.884764
vn 0.650219 -0.735481 0.190480
vn -0.369965 -0.355629 -0.858286
vn -0.027841 -0.885317 -0.464154
vn 0.673421 -0.638782 0.372105
vn 0.425347 -0.551251 -0.717776
vn 0.741416 -0.492194 0.456123
vn 0.772541 -0.554094 -0.310098
vn 0.763790 -0.545437 0.345142
vn 0.000000 -0.747682 -0.664057
vn 0.039755 -0.794339 -0.606173
vn -0.798024 -0.433994 -0.418099
vn -0.136380 -0.840509 -0.524352
vn 0.633459 -0.338449 -0.695832
vn 0.802328 -0.303251 -0.514109
vn 0.790045 -0.027012 -0.612453
vn 0.563109 0.023904 -0.826037
vn 0.282258 -0.422490 -0.861297
vn 0.280854 0.058522 -0.957965
vn 0.914337 -0.317569 -0.251274
vn 0.954832 -0.005644 -0.297093
vn -0.000000 -0.477456 -0.878656
vn 0.150491 -0.466080 -0.871850
vn 0.220105 0.001403 -0.975475
vn 0.000000 -0.025616 -0.999672
vn 0.939778 -0.327549 -0.097614
vn 0.996323 -0.035868 -0.077805
vn 0.946397 -0.315430 -0.069545
vn 0.996607 -0.018038 0.080301
vn 0.743985 0.010229 0.668118
vn 0.936113 -0.004566 0.351671
vn 0.635822 -0.018166 0.771622
vn 0.524835 0.025029 0.850836
vn 0.020557 0.011365 0.999724
vn 0.192988 -0.020014 0.980997
vn 0.594084 -0.787484 0.164113
vn 0.000000 0.881256 0.472640
vn -0.344702 0.767453 0.540551
vn -0.325068 0.661525 0.675807
vn -0.140680 0.732046 0.666572
vn -0.025953 0.682470 0.730453
vn 0.359664 0.644081 0.675131
vn 0.711260 0.611528 0.346616
vn 0.795650 0.604810 0.033855
vn 0.576084 0.762454 -0.294605
vn 0.158998 0.868411 -0.469662
vn -0.130690 0.937211 -0.323350
vn -0.013030 0.970414 -0.241095
vn 0.130696 0.947445 -0.292005
vn 0.000000 0.951463 -0.307764
vn -0.026158 -0.489921 -0.871374
vn 0.420296 0.559215 -0.714583
vn 0.565666 0.671124 -0.479181
vn 0.751784 0.220616 -0.621409
vn 0.529465 0.040588 -0.847360
vn 0.571759 0.794429 -0.204876
vn 0.882506 0.247655 -0.399814
vn 0.304928 -0.088251 -0.948278
vn 0.188689 0.513179 -0.837283
vn 0.456745 0.567750 -0.684868
vn 0.653740 0.614468 -0.441648
vn 0.578579 0.815613 0.004687
vn 0.964386 0.202376 -0.170303
vn 0.712202 0.684875 -0.153993
vn 0.224376 0.484721 -0.845400
vn 0.115386 -0.069298 -0.990901
vn 0.074862 0.571947 -0.816867
vn 0.704128 0.704801 0.086373
vn 0.082011 0.443818 -0.892356
vn 0.566168 0.797669 0.207794
vn 0.962620 0.239036 0.127379
vn 0.475124 0.570128 -0.670232
vn 0.674654 0.579562 -0.457111
vn 0.004776 0.446804 -0.894619
vn 0.000000 0.481894 -0.876230
vn 0.000000 0.706063 -0.708149
vn 0.012185 0.674367 -0.738295
vn 0.687834 0.635966 0.349903
vn 0.254929 0.498778 -0.828391
vn 0.748690 0.641967 -0.165354
vn 0.000000 0.363082 -0.931757
vn 0.001958 0.395751 -0.918356
vn 0.586507 0.664597 0.462947
vn 0.097209 0.406833 -0.908316
vn 0.757113 0.649009 0.074611
vn 0.606820 0.558434 0.565615
vn 0.444466 0.625650 0.641102
vn 0.000000 0.318696 -0.947857
vn 0.011049 0.337323 -0.941324
vn 0.715807 0.609184 0.341343
vn 0.182395 0.967970 -0.172529
vn 0.074546 0.957372 -0.279072
vn 0.484029 0.481912 0.730395
vn 0.740018 -0.074301 0.668471
vn 0.829014 0.084145 0.552860
vn 0.061064 0.945050 -0.321173
vn -0.675211 0.411816 0.611962
vn -0.549280 0.656210 0.517379
vn -0.467993 0.514761 0.718334
vn -0.487274 0.336127 0.805967
vn 0.514115 0.502392 0.695189
vn 0.431585 0.475989 0.766269
vn 0.637773 -0.018546 0.770001
vn -0.230074 0.455111 0.860198
vn -0.245709 0.311521 0.917923
vn -0.024594 0.998869 0.040705
vn -0.141032 0.977625 0.156076
vn -0.653540 0.674213 0.343980
vn -0.318085 0.909539 0.267508
vn 0.187938 0.981092 0.046225
vn 0.642448 0.540766 0.542985
vn -0.080006 0.959786 0.269091
vn -0.000000 0.951077 -0.308953
vn 0.102492 0.949436 -0.296761
vn -0.066750 0.414260 0.907708
vn 0.000000 0.413205 0.910638
vn 0.000000 0.267010 0.963694
vn -0.093124 0.287463 0.953254
vn -0.461774 0.863720 0.201872
vn -0.054544 0.976902 0.206609
vn 0.284340 0.507209 0.813566
vn -0.287313 0.911472 0.294398
vn 0.547696 0.476024 0.688063
vn -0.455645 0.848888 0.267910
vn 0.447261 0.393472 0.803205
vn -0.789544 0.568278 -0.231689
vn -0.785466 0.600457 0.149979
vn -0.934799 0.353536 -0.034098
vn -0.878790 0.374131 -0.296235
vn -0.761472 0.430387 -0.484693
vn -0.715784 0.571048 -0.401942
vn -0.602296 0.778997 0.174364
vn -0.684428 0.700371 -0.202579
vn 0.472681 0.413727 0.778076
vn -0.708642 0.451935 -0.541832
vn -0.807672 0.487845 -0.331170
vn 0.285291 0.248349 0.925706
vn 0.081928 0.334394 0.938866
vn -0.723867 0.423980 -0.544295
vn -0.901751 0.393231 -0.179483
vn -0.831917 0.396948 -0.387745
vn -0.918764 0.394437 0.017084
vn -0.655676 0.657286 -0.371569
vn 0.024669 0.877577 0.478801
vn 0.314673 0.322523 0.892726
vn -0.770086 0.513137 -0.379021
vn -0.438369 0.167421 0.883065
vn -0.613716 0.099385 0.783246
vn -0.917463 0.377150 -0.126572
vn 0.000000 0.961992 0.273079
vn 0.061213 0.951913 0.300193
vn 0.904405 0.204781 0.374321
vn 0.189866 0.053630 0.980344
vn -0.569867 0.299145 0.765352
vn -0.471500 -0.023271 0.881559
vn -0.715215 0.025548 0.698438
vn -0.753180 0.282570 0.594032
vn -0.271542 0.343696 0.898965
vn -0.222176 -0.045557 0.973942
vn -0.928442 0.005779 0.371433
vn -0.902037 0.310397 0.299971
vn 0.000000 0.370432 0.928860
vn 0.000000 -0.002684 0.999996
vn -0.138209 0.000193 0.990403
vn -0.128500 0.366511 0.921498
vn -0.994145 0.042827 0.099202
vn -0.935710 0.331132 0.121649
vn -0.994850 0.019335 -0.099501
vn -0.944645 0.315025 0.091676
vn -0.902310 0.001982 -0.431083
vn -0.660892 -0.009213 -0.750425
vn -0.550384 0.016418 -0.834751
vn -0.441279 -0.024420 -0.897038
vn -0.389663 -0.019872 -0.920743
vn -0.696804 -0.025071 -0.716823
vn -0.943111 0.326923 0.060526
vn -0.345617 -0.156728 -0.925195
vn -0.524479 -0.116958 -0.843352
vn -0.104446 -0.239863 -0.965172
vn -0.256772 -0.316109 -0.913315
vn -0.412357 -0.277607 -0.867696
vn -0.568767 -0.309242 -0.762150
vn -0.835792 -0.381679 -0.394681
vn -0.908130 -0.416379 0.043921
vn -0.750191 -0.464305 0.470780
vn -0.432572 -0.487568 0.758392
vn -0.187075 -0.505874 0.842077
vn -0.112945 -0.512064 0.851489
vn -0.000000 -0.534489 0.845175
vn -0.117379 -0.523727 0.843761
vn -0.088187 0.046865 0.995001
vn -0.136609 -0.333151 0.932925
vn -0.903300 -0.387700 0.183677
vn -0.938171 0.115838 0.326217
vn -0.000000 -0.974136 -0.225961
vn -0.086174 -0.957124 -0.276564
vn 0.580971 -0.507545 -0.636294
vn 0.829687 -0.303160 -0.468737
vn 0.879221 -0.332740 -0.340960
vn 0.923718 -0.330504 -0.193683
vn 0.945727 -0.324774 -0.011113
vn 0.927124 -0.355520 0.118520
vn 0.889511 -0.414887 0.191413
vn 0.799728 -0.555034 0.228849
vn 0.532010 -0.837031 0.127844
vn -0.849841 -0.520198 0.084649
vn 0.185285 0.432655 -0.882315
vn 0.074905 0.243161 -0.967089
vn -0.002987 0.312000 -0.950077
vn 0.173119 0.472810 -0.863991
vn 0.308318 0.627965 -0.714562
vn 0.286014 0.602984 -0.744719
vn 0.588844 0.189954 0.785608
vn 0.608904 0.318213 0.726620
vn 0.488581 0.299238 0.819601
vn 0.475529 0.156381 0.865689
vn 0.424161 -0.279767 0.861289
vn 0.426115 -0.107807 0.898223
vn 0.324728 -0.157542 0.932594
vn 0.298308 -0.311761 0.902118
vn -0.184111 0.118880 -0.975690
vn 0.011088 0.092712 -0.995631
vn 0.062728 0.281812 -0.957417
vn 0.225873 -0.974156 0.001272
vn -0.635423 -0.772163 -0.001447
vn -0.570333 -0.720792 0.393928
vn 0.199219 -0.894783 0.399593
vn 0.107377 -0.875544 0.471054
vn 0.181473 -0.886946 0.424728
vn 0.273994 -0.530200 0.802381
vn 0.173084 -0.561331 0.809290
vn 0.220810 -0.068531 -0.972906
vn 0.229516 0.054490 -0.971779
vn 0.355190 -0.082915 -0.931110
vn 0.832618 0.319859 0.452147
vn 0.856311 0.183941 0.482595
vn 0.802686 0.159967 0.574549
vn 0.752860 0.322674 0.573658
vn 0.995781 0.080493 -0.044068
vn 0.999937 0.009587 -0.005844
vn 0.999768 0.008853 0.019647
vn 0.994042 0.094234 0.054779
vn 0.161949 0.436802 -0.884860
vn 0.031178 -0.122847 -0.991936
vn 0.397276 -0.116222 -0.910310
vn 0.298447 0.035024 -0.953783
vn -0.319733 -0.381352 0.867376
vn -0.474179 -0.558385 0.680705
vn -0.471170 -0.554764 0.685737
vn -0.306834 -0.365435 0.878812
vn 0.135173 -0.081248 -0.987485
vn 0.142307 -0.059401 -0.988039
vn 0.058189 -0.061593 -0.996404
vn 0.053686 -0.067380 -0.996282
vn 0.226736 -0.202196 0.952737
vn 0.211448 -0.344300 0.914739
vn 0.904146 0.094482 0.416646
vn 0.817819 0.078333 0.570120
vn 0.817179 0.087745 0.569667
vn 0.894235 0.104888 0.435135
vn 0.360403 0.114560 0.925735
vn 0.257267 0.218040 -0.941420
vn 0.413604 0.733798 0.538955
vn 0.419376 0.806967 0.415847
vn 0.442187 0.845643 0.298928
vn 0.478130 0.873103 0.095303
vn 0.685701 0.185438 0.703866
vn 0.502925 0.230212 0.833108
vn 0.496915 0.315328 0.808482
vn 0.652721 0.305032 0.693477
vn 0.237517 -0.665627 0.707479
vn 0.937392 -0.194101 0.289174
vn 0.047887 -0.603461 0.795954
vn 0.026675 -0.880750 0.472830
vn 0.444932 0.797750 -0.406977
vn 0.417203 0.806222 -0.419462
vn 0.104692 -0.057072 -0.992866
vn 0.114155 0.053758 -0.992007
vn -0.418455 -0.559964 0.715077
vn -0.000336 -0.059172 -0.998248
vn -0.001207 -0.004494 -0.999989
vn -0.000000 -0.004856 -0.999988
vn 0.000000 -0.057429 -0.998350
vn 0.275041 0.633949 -0.722815
vn 0.365846 0.300557 0.880808
vn 0.274009 0.369575 -0.887881
vn -0.132118 -0.151308 0.979618
vn -0.127848 -0.146643 0.980893
vn 0.987846 0.111361 0.108440
vn 0.962397 0.061479 0.264597
vn 0.178693 0.132207 -0.974982
vn 0.269553 0.135011 -0.953474
vn 0.385935 0.245789 0.889181
vn 0.371481 0.336594 0.865278
vn 0.066992 -0.203672 0.976745
vn 0.063110 -0.400476 0.914131
vn 0.338133 0.612206 0.714751
vn 0.266436 0.473935 0.839284
vn 0.252018 0.449003 0.857253
vn 0.341034 0.620685 0.706007
vn 0.062150 -0.008799 -0.998028
vn 0.246964 0.081240 0.965613
vn 0.533158 0.841681 0.085527
vn 0.022490 0.064728 0.997649
vn 0.015469 0.055011 0.998366
vn 0.142009 0.254789 0.956513
vn 0.141093 0.253425 0.957010
vn 0.044386 -0.059799 -0.997223
vn 0.085173 0.045780 -0.995314
vn 0.262424 0.238217 -0.935086
vn 0.311003 0.242499 -0.918951
vn 0.398178 0.808392 -0.433540
vn 0.975383 -0.025118 0.219084
vn 0.335140 0.578387 -0.743740
vn 0.919448 0.080249 0.384935
vn 0.779430 0.095545 0.619161
vn -0.261247 -0.374697 0.889580
vn 0.151873 -0.439715 0.885203
vn 0.249517 0.309272 0.917656
vn 0.768028 -0.228380 0.598311
vn 0.416814 0.775277 -0.474564
vn 0.343429 0.377802 -0.859838
vn 0.377610 0.463214 -0.801775
vn 0.278564 0.253761 0.926287
vn 0.260396 0.347104 0.900951
vn -0.000000 -0.197092 0.980385
vn 0.000000 -0.415968 0.909379
vn 0.159587 0.147870 -0.976046
vn 0.052524 0.125182 0.990743
vn 0.963160 -0.038781 0.266119
vn 0.499153 0.864236 0.062790
vn 0.507012 0.152081 0.848416
vn 0.509820 0.148523 0.847363
vn 0.691199 0.111964 0.713938
vn 0.697505 0.114329 0.707401
vn -0.084572 -0.142688 0.986148
vn 0.141193 -0.191297 0.971324
vn 0.001162 -0.015945 -0.999872
vn 0.039396 0.320338 0.946484
vn 0.488621 0.710897 0.505841
vn 0.584270 -0.171047 0.793329
vn 0.897149 -0.084123 0.433645
vn 0.403851 0.522220 -0.751126
vn 0.446508 0.621559 -0.643657
vn 0.808496 0.057101 0.585725
vn 0.707776 0.086880 0.701074
vn 0.879400 0.083497 0.468705
vn 0.081082 0.246085 0.965851
vn 0.048282 0.344944 0.937381
vn 0.401531 0.169594 0.900006
vn 0.400910 0.169920 0.900221
vn 0.000000 0.145215 0.989400
vn 0.281206 0.332001 -0.900388
vn 0.483942 0.871623 0.077939
vn 0.000000 -0.613448 0.789735
vn 0.000000 -0.884833 0.465908
vn 0.052418 0.063566 0.996600
vn 0.180506 0.047931 0.982405
vn 0.340087 0.477473 0.810161
vn 0.275869 0.468002 0.839565
vn 0.471703 0.720472 0.508346
vn 0.244089 0.261394 0.933860
vn 0.156424 0.245613 0.956664
vn 0.621745 0.128833 0.772552
vn 0.473338 0.168564 0.864602
vn 0.480216 0.161657 0.862125
vn 0.654325 0.135155 0.744038
vn -0.000000 0.324278 0.945962
vn 0.051229 0.071072 -0.996155
vn 0.154824 0.162231 -0.974531
vn 0.357740 0.357002 -0.862886
vn -0.000000 0.247781 0.968816
vn -0.000000 0.338944 0.940807
vn 0.448221 0.749454 0.487254
vn 0.000000 0.013438 -0.999910
vn 0.000000 -0.052833 -0.998603
vn 0.359797 0.472947 0.804281
vn 0.381639 0.046698 0.923131
vn 0.510657 0.174391 0.841913
vn 0.576605 0.083322 0.812764
vn 0.433807 0.234460 0.869965
vn 0.424255 0.207917 0.881350
vn 0.411585 0.173850 0.894636
vn 0.306082 0.855734 -0.417174
vn 0.466402 0.801632 -0.373972
vn 0.313755 0.279235 0.907516
vn 0.322261 0.202741 0.924686
vn 0.317575 0.176306 0.931699
vn 0.442582 0.824697 -0.352132
vn 0.423416 0.887975 0.179500
vn -0.000000 0.049838 -0.998757
vn 0.572747 0.053176 0.818006
vn 0.421453 0.902435 0.089382
vn 0.399528 0.769913 0.497606
vn 0.388372 0.770590 0.505330
vn 0.364890 0.495958 0.787960
vn 0.397665 0.276135 0.874993
vn -0.000000 0.167487 0.985874
vn 0.101268 0.173039 0.979695
vn 0.246024 0.118312 -0.962016
vn 0.420077 0.207779 0.883382
vn 0.434554 0.255916 0.863522
vn 0.283518 0.958922 0.009328
vn 0.290600 0.930825 0.221624
vn 0.268595 0.950097 -0.158657
vn 0.377522 0.553757 0.742180
vn 0.334135 0.523027 0.784090
vn 0.326068 0.696351 -0.639355
vn 0.074506 0.016955 -0.997077
vn 0.301999 0.414356 -0.858549
vn 0.354578 0.353038 0.865817
vn 0.396910 0.363886 0.842644
vn -0.000000 -0.003962 -0.999992
vn 0.276953 0.840058 0.466476
vn 0.136384 -0.048329 -0.989476
vn 0.423542 0.287274 0.859119
vn 0.186511 0.168056 0.967973
vn 0.213589 0.195095 0.957245
vn -0.000000 -0.152167 -0.988355
vn 0.410770 0.410932 0.813881
vn 0.266404 0.691064 0.671907
vn 0.262799 0.602571 0.753555
vn 0.249487 0.557791 0.791597
vn 0.236162 0.501636 0.832219
vn 0.286138 0.313975 0.905287
vn 0.390012 0.330719 0.859369
vn 0.403248 0.338620 0.850134
vn 0.419691 0.274075 0.865299
vn 0.204396 0.291731 0.934406
vn 0.171894 0.436620 0.883071
vn 0.573723 -0.083449 0.814788
vn 0.284544 -0.322431 -0.902814
vn 0.583416 -0.219938 -0.781827
vn -0.278622 -0.087484 -0.956408
vn 0.456135 0.875659 -0.158627
vn 0.435112 0.854482 -0.283791
vn -0.054067 0.025322 -0.998216
vn -0.605609 -0.709712 0.359925
vn -0.605028 -0.709066 0.362169
vn 0.162819 -0.877852 -0.450406
vn 0.961887 -0.198206 -0.188382
vn 0.574351 -0.275729 0.770775
vn -0.575295 -0.701916 -0.419941
vn -0.246387 -0.357158 -0.900962
vn 0.140687 -0.017128 -0.989906
vn 0.238518 -0.902504 0.358604
vn 0.395398 -0.519002 0.757824
vn -0.155386 -0.143879 -0.977320
vn 0.000000 0.040503 -0.999179
vn 0.000000 0.039964 -0.999201
vn 0.641608 -0.479711 -0.598512
vn 0.698108 -0.232306 -0.677259
vn -0.119901 -0.638608 -0.760134
vn -0.279287 -0.327266 -0.902716
vn 0.972085 -0.032577 -0.232359
vn 0.945620 -0.181794 -0.269729
vn 0.748619 -0.136732 0.648748
vn 0.783283 0.143694 0.604831
vn 0.357200 0.732552 -0.579462
vn 0.274207 0.600587 -0.751070
vn -0.409706 -0.498227 -0.764141
vn 0.869412 -0.111658 -0.481307
vn 0.924811 -0.194487 -0.326954
vn 0.968801 -0.098177 -0.227565
vn -0.650204 -0.759759 -0.000033
vn -0.650197 -0.759766 -0.000072
vn 0.760012 -0.288869 0.582183
vn 0.988910 0.111148 -0.098505
vn 0.272819 -0.905570 0.324828
vn 0.540853 -0.511785 0.667499
vn 0.144490 -0.088259 -0.985562
vn 0.480294 -0.137520 -0.866260
vn 0.322987 -0.100629 -0.941039
vn 0.072054 0.033506 -0.996838
vn 0.034110 0.042447 0.998516
vn 0.181475 0.240516 0.953530
vn -0.417294 0.552046 0.721880
vn -0.521898 0.426454 0.738755
vn 0.309098 0.394365 0.865410
vn -0.317831 0.691884 0.648290
vn 0.862971 0.147420 0.483269
vn 0.831207 0.313459 0.459172
vn 0.738990 0.325301 0.589977
vn -0.636276 0.304090 0.709001
vn -0.107144 -0.179484 0.977909
vn 0.177072 0.426656 -0.886911
vn 0.455264 0.545157 0.703945
vn -0.263076 0.811569 0.521676
vn 0.877230 -0.013833 -0.479871
vn 0.604251 -0.089253 -0.791780
vn 0.855672 -0.227612 0.464777
vn -0.773130 0.161169 0.613428
vn -0.241920 -0.409832 0.879496
vn 0.070731 0.228968 -0.970861
vn 0.322200 -0.046846 -0.945512
vn 0.318841 -0.013702 -0.947709
vn 0.150459 -0.056049 0.987026
vn 0.294113 0.144827 0.944734
vn -0.624515 -0.730083 -0.277415
vn -0.613992 -0.718221 -0.327371
vn 0.591336 0.683175 0.428479
vn -0.195186 0.918027 0.345150
vn 0.358932 -0.894822 0.265445
vn 0.699828 -0.491522 0.518311
vn 0.027530 -0.278408 0.960068
vn 0.431340 0.289472 0.854489
vn 0.943300 0.278438 0.180715
vn 0.954251 0.200215 0.222080
vn -0.066408 0.006417 -0.997772
vn -0.877447 0.035299 0.478373
vn -0.371368 -0.650664 0.662361
vn 0.580711 0.427415 0.692887
vn 0.153523 0.016359 -0.988010
vn 0.569393 -0.019882 -0.821825
vn 0.565716 0.007735 -0.824564
vn 0.651586 0.737600 0.177149
vn -0.102091 0.980609 0.167282
vn -0.088684 -0.510812 0.855106
vn -0.527724 -0.616595 -0.584225
vn -0.415076 -0.463389 -0.782932
vn -0.421050 -0.305130 -0.854174
vn -0.518590 -0.574156 -0.633569
vn -0.233240 -0.221257 -0.946913
vn -0.127021 0.026004 -0.991559
vn -0.299976 -0.093025 -0.949400
vn 0.889789 0.054308 -0.453129
vn 0.877674 0.067780 -0.474442
vn 0.713947 0.557574 0.423547
vn 0.016878 0.044701 -0.998858
vn 0.046913 0.174840 -0.983479
vn 0.046756 0.271128 -0.961407
vn -0.963906 -0.123616 0.235805
vn -0.455463 -0.819395 0.348059
vn -0.013727 -0.798270 0.602143
vn 0.457357 -0.869664 0.185766
vn 0.785794 -0.494853 0.371011
vn 0.765713 0.620710 0.168530
vn 0.071379 0.315239 -0.946324
vn 0.047374 0.316989 -0.947245
vn 0.565336 0.025735 -0.824460
vn 0.323828 0.010622 -0.946056
vn 0.172711 0.042722 -0.984046
vn 0.195052 0.138131 -0.971017
vn 0.089012 0.152872 -0.984229
vn 0.081442 0.048064 -0.995518
vn 0.610356 0.741689 -0.278143
vn -0.172434 0.958642 -0.226435
vn -0.092758 0.995650 -0.008842
vn 0.650221 0.759160 -0.029806
vn -0.115540 -0.941824 0.315623
vn 0.770044 0.636873 -0.037737
vn -0.979952 -0.199231 -0.001127
vn -0.457950 -0.888978 -0.000380
vn 0.954516 0.252373 -0.158769
vn 0.971376 0.161935 -0.173797
vn 0.533835 0.659745 -0.528921
vn -0.246189 0.891406 -0.380507
vn 0.869306 0.076066 -0.488386
vn 0.742424 0.611810 -0.272940
vn 0.087251 0.205684 -0.974721
vn 0.047638 0.218383 -0.974700
vn 0.336355 0.029513 -0.941273
vn 0.367997 0.098328 -0.924613
vn -0.140818 -0.990035 0.001125
vn 0.492203 -0.865405 0.093862
vn 0.871591 -0.463107 0.160812
vn -0.963818 -0.156681 -0.215655
vn -0.460878 -0.824840 -0.327460
vn 0.829182 -0.386306 0.404012
vn 0.835865 -0.523584 0.164891
vn 0.893922 -0.416122 0.166571
vn 0.243664 0.255362 -0.935638
vn 0.130237 0.285009 -0.949636
vn 0.365544 0.505211 -0.781755
vn -0.343235 0.779132 -0.524541
vn 0.658569 0.531224 -0.532999
vn -0.892713 -0.039723 -0.448872
vn -0.414831 -0.683998 -0.600052
vn 0.409660 0.244876 -0.878757
vn 0.237072 0.290564 -0.927022
vn -0.425524 0.637451 -0.642328
vn 0.504561 0.363245 -0.783244
vn 0.104228 -0.024815 -0.994244
vn 0.059724 -0.007050 -0.998190
vn 0.989565 0.035219 -0.139718
vn 0.959075 0.250747 -0.131535
vn 0.935706 0.289115 0.202154
vn 0.963876 0.120024 0.237774
vn -0.150795 -0.941141 -0.302514
vn 0.268040 0.184087 -0.945657
vn 0.154961 0.192742 -0.968937
vn 0.841384 0.249182 -0.479565
vn 0.837517 0.104232 -0.536378
vn 0.570009 0.079143 -0.817818
vn 0.596069 0.248488 -0.763515
vn 0.105697 -0.350461 -0.930594
vn 0.060307 -0.345756 -0.936385
vn 0.136206 0.104902 -0.985111
vn -0.499797 0.493502 -0.711800
vn 0.369221 0.161948 -0.915122
vn -0.262442 -0.473000 -0.841068
vn -0.782571 0.102286 -0.614101
vn -0.096390 -0.831956 -0.546404
vn 0.028838 -0.065833 -0.997414
vn -0.558804 0.373053 -0.740655
vn -0.651758 0.251489 -0.715518
vn -0.098537 -0.245375 -0.964407
vn 0.102213 -0.309111 -0.945517
vn 0.058212 -0.337821 -0.939409
vn 0.440299 0.177898 -0.880051
vn 0.866151 -0.475331 -0.154411
vn 0.814428 -0.564977 -0.132321
vn 0.918879 -0.383031 -0.094597
vn 0.513124 -0.856667 -0.053150
vn 0.259962 -0.016485 -0.965478
vn 0.101440 -0.299623 -0.948650
vn 0.057095 -0.249338 -0.966732
vn 0.055988 -0.888738 -0.454984
vn 0.034033 -0.873610 -0.485435
vn 0.867918 -0.077251 -0.490664
vn 0.858371 0.205426 -0.470106
vn 0.288942 -0.059673 -0.955485
vn 0.166822 -0.042945 -0.985051
vn 0.629691 0.174407 -0.757015
vn -0.116014 -0.571354 -0.812463
vn 0.150081 -0.183507 -0.971494
vn 0.042666 -0.354322 -0.934150
vn 0.475003 -0.095082 -0.874832
vn 0.277614 -0.373482 -0.885122
vn 0.163758 -0.354890 -0.920454
vn 0.293736 -0.302663 -0.906705
vn 0.168365 -0.294149 -0.940813
vn 0.287128 -0.270767 -0.918827
vn 0.161885 -0.313222 -0.935781
vn 0.660636 -0.134516 -0.738557
vn 0.144106 -0.881249 -0.450149
vn 0.072910 -0.893603 -0.442897
vn 0.761905 -0.479422 -0.435494
vn 0.779448 -0.483179 -0.398747
vn 0.454738 -0.403316 -0.794072
vn 0.479617 -0.323844 -0.815532
vn 0.503635 -0.210626 -0.837848
vn 0.873285 -0.269453 -0.405916
vn 0.612827 -0.437972 -0.657741
vn 0.228859 -0.898341 -0.374975
vn 0.663434 -0.367125 -0.651978
vn 0.699601 -0.242830 -0.672006
vn 0.298865 -0.903511 -0.307161
vn 0.411997 -0.884740 -0.217930
vn 0.229039 0.913982 -0.334931
vn 0.288205 0.941064 -0.177024
vn 0.190854 0.886606 -0.421313
vn 0.322768 0.946092 0.027050
vn 0.123409 0.765357 -0.631663
vn 0.302141 0.920187 0.248931
vn 0.053063 0.677625 -0.733491
vn 0.216443 0.856046 0.469401
vn -0.000000 0.613163 -0.789956
vn 0.121789 0.766032 0.631159
vn 0.069536 0.717233 0.693356
vn 0.037410 0.720788 0.692145
vn -0.015994 0.755993 0.654384
vn -0.050170 0.837254 0.544508
vn -0.234786 0.958904 0.159309
vn -0.344786 0.877384 0.333645
vn -0.318684 0.786519 0.528987
vn -0.219511 0.801602 0.556102
vn -0.055534 0.798708 0.599151
vn 0.430420 0.722685 0.540800
vn 0.766582 0.602409 0.222383
vn 0.768433 0.638448 -0.043517
vn 0.594173 0.758127 -0.268704
vn 0.163537 0.923438 -0.347158
vn -0.013803 0.969917 -0.243042
vn -0.014988 0.992624 -0.120305
vn 0.000000 0.977891 -0.209113
vn 0.030552 0.989609 -0.140501
vn 0.757635 -0.587784 -0.283723
vn 0.790736 -0.539961 -0.288408
vn 0.689743 -0.348530 -0.634650
vn 0.603253 -0.480677 -0.636424
vn 0.526813 -0.597345 -0.604688
vn 0.726387 -0.635231 -0.262380
vn 0.452614 -0.706431 -0.544148
vn 0.692093 -0.679755 -0.242777
vn 0.854399 -0.451907 -0.256480
vn 0.810123 -0.171092 -0.560740
vn 0.899210 -0.391939 -0.194434
vn 0.893930 -0.039697 -0.446445
vn 0.358763 -0.820319 -0.445382
vn 0.632504 -0.745726 -0.209359
vn 0.295891 -0.915508 -0.272567
vn 0.616735 -0.777832 -0.120889
vn 0.919072 -0.381290 -0.099623
vn 0.971181 0.046583 -0.233747
vn 0.280275 -0.951827 -0.124381
vn 0.614149 -0.785961 -0.071321
vn 0.296941 -0.954807 -0.012990
vn 0.633960 -0.772793 -0.029766
vn 0.951181 -0.308128 -0.017674
vn 0.993715 0.104089 -0.041176
vn 0.312434 -0.936633 0.158443
vn 0.651039 -0.758333 0.032852
vn 0.950976 -0.303898 0.057358
vn 0.981587 0.087158 0.169973
vn 0.342437 -0.883506 0.319617
vn 0.666085 -0.737726 0.109963
vn 0.382198 -0.783102 0.490588
vn 0.671724 -0.713443 0.199466
vn 0.919618 -0.343675 0.190237
vn 0.909415 0.004333 0.415867
vn 0.488097 -0.595724 0.637867
vn 0.715924 -0.632846 0.294888
vn 0.864852 -0.429137 0.260522
vn 0.807237 -0.138273 0.573802
vn 0.552544 -0.481151 0.680580
vn 0.747796 -0.572940 0.335471
vn 0.598827 -0.430616 0.675260
vn 0.757740 -0.574987 0.308577
vn 0.802673 -0.513544 0.303298
vn 0.692834 -0.303435 0.654147
vn 0.808778 -0.587200 0.032798
vn 0.799702 -0.599994 0.022007
vn 0.813943 -0.580531 0.021937
vn 0.787208 -0.616680 -0.002985
vn 0.800721 -0.598912 0.012227
vn 0.802005 -0.597318 -0.000186
vn 0.810709 -0.585282 0.013965
vn 0.843330 -0.537165 -0.015797
vn 0.854116 -0.518446 -0.041217
vn 0.838998 -0.539868 -0.067998
vn 0.828047 -0.558618 -0.047794
vn 0.803487 -0.595319 -0.001904
vn 0.804298 -0.593086 0.036804
vn 0.805923 -0.592010 0.003446
vn 0.815246 -0.577831 0.038548
vn 0.788222 -0.615357 -0.006495
vn 0.790332 -0.612669 0.003504
vn 0.291695 0.185628 0.938327
vn 0.393637 0.184639 0.900532
vn 0.510727 0.172554 0.842249
vn 0.694922 0.127020 0.707778
vn 0.881060 0.104847 0.461237
vn 0.815077 0.084911 0.573096
vn 0.969666 0.136628 0.202685
vn 0.978247 0.123288 -0.166832
vn 0.305100 0.173420 0.936397
vn 0.311370 0.175420 0.933957
vn 0.113166 0.166547 0.979518
vn 0.122251 0.169518 0.977915
vn 0.403958 0.168408 0.899142
vn 0.294885 0.179034 0.938611
vn 0.157950 0.171221 0.972489
vn 0.000000 0.164403 0.986393
vn -0.000000 0.162548 0.986701
vn 0.000000 0.164134 0.986438
vn 0.000000 0.167386 0.985891
vn -0.000000 0.187087 0.982343
vn -0.000000 0.283274 0.959039
vn -0.000000 0.446562 0.894753
vn -0.000000 0.820497 0.571651
vn 0.000000 0.978953 0.204086
vn 0.985688 0.105457 -0.131519
vn 0.983715 0.109186 -0.142769
vn 0.981932 0.106319 0.156541
vn 0.979009 0.113673 0.169175
vn 0.924948 -0.001430 0.380090
vn 0.951953 0.011394 0.306033
vn 0.671099 0.031002 0.740719
vn 0.980940 -0.124818 -0.148922
vn 0.430126 0.716615 -0.549049
vn 0.355714 0.565017 -0.744461
vn 0.273027 0.362889 -0.890937
vn 0.281281 0.246772 -0.927354
vn 0.316844 0.071974 -0.945743
vn 0.332862 -0.001461 -0.942974
vn 0.503590 -0.167698 -0.847511
vn 0.264962 -0.123128 -0.956366
vn 0.426635 -0.118076 -0.896683
vn 0.560879 0.030782 -0.827325
vn 0.853029 0.073668 -0.516638
vn 0.982937 0.111742 -0.146113
vn 0.976086 0.118944 0.181955
vn -0.000727 -0.056949 -0.998377
vn 0.000000 -0.056676 -0.998393
vn 0.000000 0.226822 -0.973936
vn 0.000000 0.298254 -0.954486
vn 0.000000 -0.351111 -0.936334
vn 0.000000 0.000000 -1.000000
vn 0.000000 -0.341708 -0.939806
vn 0.000000 -0.242580 -0.970132
vn 0.000000 -0.873801 -0.486284
vn 0.287714 -0.839613 -0.460729
vn 0.273532 -0.865354 -0.419933
vn 0.343194 -0.753941 -0.560171
vn 0.358746 -0.739567 -0.569510
vn 0.196524 -0.970421 -0.140218
vn 0.196657 -0.970205 -0.141520
vn 0.194265 -0.980665 0.023603
vn 0.192868 -0.981177 0.009646
vn 0.995768 0.076419 -0.051053
vn 0.995461 0.076204 -0.057007
vn 0.987153 0.041073 0.154410
vn 0.984932 0.036980 0.168940
vn 0.969223 0.052244 -0.240576
vn 0.967661 0.049894 -0.247273
vn 0.940017 0.010928 -0.340953
vn 0.937416 0.007516 -0.348131
vn 0.420618 -0.675239 -0.605915
vn 0.431660 -0.662418 -0.612269
vn 0.500921 -0.573230 -0.648448
vn 0.509518 -0.560952 -0.652475
vn 0.860949 -0.107848 -0.497128
vn 0.850343 -0.122011 -0.511889
vn 0.746360 -0.258848 -0.613143
vn 0.735651 -0.272817 -0.619991
vn 0.624890 -0.413789 -0.662036
vn 0.621686 -0.417768 -0.662553
vn 0.197050 -0.977524 0.074956
vn 0.197032 -0.977535 0.074854
vn 0.190910 -0.976992 0.095075
vn 0.190836 -0.976905 0.096115
vn 0.230401 -0.934923 0.269878
vn 0.225888 -0.940252 0.254758
vn 0.907126 -0.077859 0.413595
vn 0.903896 -0.082414 0.419738
vn 0.784876 -0.245426 0.568977
vn 0.783209 -0.247739 0.570271
vn 0.331734 -0.829213 0.449843
vn 0.320027 -0.841825 0.434642
vn 0.435355 -0.695991 0.571019
vn 0.427307 -0.707542 0.562844
vn 0.654764 -0.414086 0.632312
vn 0.643076 -0.428024 0.635019
vn 0.513489 -0.583992 0.628715
vn 0.514591 -0.582444 0.629249
vn 0.732820 -0.679896 -0.026781
vn 0.746084 -0.661008 -0.080164
vn 0.725481 -0.687635 -0.028894
vn 0.760401 -0.641783 -0.099524
vn 0.764310 -0.642658 -0.053107
vn 0.732355 -0.678822 -0.053448
vn 0.726851 -0.686305 -0.025925
vn 0.768260 -0.639661 -0.024715
vn 0.767674 -0.640067 -0.031493
vn 0.742068 -0.668900 -0.043684
vn 0.758560 -0.650890 -0.030471
vn 0.733343 -0.678896 -0.036167
vn 0.725350 -0.684446 -0.073494
vn 0.758837 -0.641137 -0.114500
vn 0.758911 -0.641234 -0.113463
vn 0.707597 -0.695329 -0.125791
vn 0.698723 -0.700693 -0.144274
vn 0.763757 -0.634067 -0.120975
vn 0.728035 -0.673576 -0.127516
vn 0.744127 -0.659299 -0.107708
vn 0.754354 -0.645164 -0.121298
vn 0.734423 -0.675156 -0.069181
vn 0.769423 -0.638106 -0.028448
vn -0.014513 -0.273335 -0.961810
vn 0.000971 -0.247932 -0.968777
vn -0.110160 -0.423567 -0.899141
vn -0.122474 -0.441958 -0.888635
vn 0.415337 0.405031 -0.814522
vn 0.430740 0.429782 -0.793568
vn 0.281809 0.192002 -0.940063
vn 0.261453 0.159820 -0.951893
vn -0.219241 -0.582671 -0.782578
vn -0.231004 -0.599240 -0.766517
vn 0.531612 0.585791 -0.611750
vn 0.538092 0.594781 -0.597238
vn -0.418590 -0.890832 -0.176636
vn -0.347811 -0.776238 -0.525816
vn -0.338821 -0.762211 -0.551575
vn -0.418130 -0.889571 -0.183929
vn 0.610838 0.710354 -0.349678
vn 0.638679 0.768830 -0.031451
vn 0.638741 0.769162 -0.019970
vn 0.614702 0.717992 -0.326539
vn -0.414391 -0.908723 0.050019
vn -0.414296 -0.908716 0.050934
vn -0.390041 -0.886541 0.248823
vn -0.390003 -0.886475 0.249120
vn 0.609289 0.732881 0.302743
vn 0.604498 0.726699 0.326331
vn -0.278428 -0.678184 0.680106
vn -0.282682 -0.685627 0.670825
vn -0.361215 -0.828872 0.427195
vn -0.360949 -0.828304 0.428520
vn 0.492981 0.578374 0.649964
vn 0.488037 0.571607 0.659610
vn -0.141132 -0.439059 0.887304
vn -0.129623 -0.418692 0.898830
vn -0.038603 -0.234886 0.971256
vn -0.037206 -0.230921 0.972261
vn 0.338391 0.361656 0.868733
vn 0.335763 0.357905 0.871302
vn 0.043573 -0.080300 0.995818
vn 0.039906 -0.086297 0.995470
vn 0.179801 0.131235 0.974910
vn 0.181622 0.133946 0.974203
vn 0.118990 -0.060908 -0.991026
vn 0.135133 -0.036083 -0.990170
vn 0.017942 -0.995483 0.093225
vn 0.058440 -0.996203 0.064539
vn 0.004235 -0.994880 0.100979
vn 0.000000 -0.995455 0.095235
vn 0.084016 -0.994805 0.057481
vn 0.036587 -0.994417 0.098977
vn 0.049275 -0.995722 0.078161
vn 0.073080 -0.996801 0.032372
vn 0.081590 -0.996666 0.000335
vn 0.087290 -0.995370 -0.040231
vn 0.018019 -0.991267 -0.130634
vn 0.009917 -0.990676 -0.135875
vn 0.033803 -0.991263 -0.127495
vn 0.020028 -0.991387 -0.129422
vn 0.060958 -0.992942 -0.101738
vn 0.067612 -0.994022 -0.085731
vn 0.062673 -0.991925 -0.110258
vn 0.000000 -0.991025 -0.133680
vn -0.099430 -0.866905 -0.488455
vn -0.133969 -0.867526 -0.479009
vn -0.025965 -0.866186 -0.499047
vn 0.000000 -0.857132 -0.515097
vn -0.189970 -0.875131 -0.445036
vn -0.384844 -0.854111 -0.349842
vn -0.447952 -0.844941 -0.292256
vn -0.508043 -0.827466 -0.239150
vn -0.552320 -0.816853 -0.166413
vn -0.633507 -0.772958 -0.034696
vn -0.136621 0.016100 0.990493
vn -0.078632 0.013738 0.996809
vn -0.298906 -0.114916 0.947338
vn -0.158866 0.013792 0.987204
vn -0.542684 -0.298113 0.785253
vn -0.761807 -0.594225 0.257966
vn -0.645730 -0.551526 0.528064
vn 0.000000 0.029905 0.999553
vn -0.136989 -0.745195 -0.652624
vn -0.194748 -0.741582 -0.641973
vn -0.034368 -0.746966 -0.663974
vn 0.000000 -0.746168 -0.665758
vn -0.335600 -0.726592 -0.599531
vn -0.558298 -0.665963 -0.494768
vn -0.670217 -0.614456 -0.416237
vn -0.771067 -0.549572 -0.321600
vn -0.880214 -0.443876 -0.167920
vn -0.965255 -0.195095 0.173841
vn -0.117892 0.505554 0.854703
vn -0.062437 0.509777 0.858038
vn -0.224512 0.481423 0.847247
vn -0.133186 0.502952 0.853991
vn -0.451680 0.399539 0.797718
vn -0.893086 0.036496 0.448403
vn -0.656046 0.282586 0.699821
vn 0.000000 0.512632 0.858609
vn 0.000000 0.039964 -0.999201
vn 0.369480 0.750423 -0.548042
vn 0.263578 0.584814 -0.767150
vn 0.152807 0.390139 -0.907988
vn 0.042985 0.187457 -0.981332
vn 0.416850 0.794219 0.442100
vn 0.456095 0.860415 0.227296
vn 0.469206 0.881447 -0.053821
vn 0.434423 0.851610 -0.293322
vn 0.356543 -0.705954 0.611969
vn 0.538949 -0.720124 0.436983
vn 0.656719 -0.529299 0.537181
vn 0.357807 -0.620479 0.697840
vn 0.594432 -0.784944 0.174679
vn 0.794524 -0.519772 0.313958
vn -0.093577 -0.983014 0.157886
vn 0.141598 -0.721107 0.678200
vn 0.452316 -0.598772 0.660971
vn 0.634079 -0.648491 0.421192
vn 0.596102 -0.802835 -0.010874
vn 0.844348 -0.529773 0.080109
vn 0.713437 -0.686343 0.141216
vn 0.245302 -0.520024 0.818170
vn -0.000463 -0.966714 0.255858
vn 0.103326 -0.751879 0.651154
vn 0.713219 -0.696343 -0.080158
vn 0.154773 -0.471476 0.868191
vn 0.585058 -0.789355 -0.186082
vn 0.837913 -0.514467 -0.182277
vn 0.480874 -0.583050 0.654838
vn 0.663974 -0.605075 0.439344
vn 0.177249 -0.752425 0.634381
vn 0.176224 -0.787734 0.590271
vn 0.696984 -0.636394 -0.330479
vn 0.284543 -0.527049 0.800784
vn 0.718386 -0.682423 0.134984
vn 0.180468 -0.440301 0.879526
vn 0.588715 -0.676819 -0.441963
vn 0.164408 -0.433803 0.885881
vn 0.748905 -0.658630 -0.073131
vn 0.616192 -0.566057 -0.547620
vn 0.451743 -0.637549 -0.624067
vn 0.182778 -0.385697 0.904340
vn 0.720373 -0.611778 -0.326789
vn 0.022951 -0.999571 0.018220
vn 0.098917 -0.946909 0.305907
vn 0.495768 -0.492964 -0.714983
vn 0.661774 -0.219657 -0.716802
vn 0.729559 -0.313205 -0.607986
vn 0.135024 -0.940318 0.312362
vn -0.712295 -0.132138 -0.689330
vn -0.545607 -0.680466 -0.489162
vn -0.531869 -0.255775 -0.807276
vn -0.449316 0.073937 -0.890308
vn 0.525239 -0.513213 -0.678776
vn -0.218496 -0.940726 -0.259410
vn -0.187749 -0.967073 -0.171815
vn 0.443241 -0.488362 -0.751691
vn 0.532368 -0.314341 -0.785986
vn -0.308287 -0.053054 -0.949813
vn -0.300333 0.098781 -0.948706
vn -0.714059 -0.600623 -0.359683
vn -0.032369 -0.982136 -0.185368
vn -0.091203 -0.909420 -0.405754
vn 0.650692 -0.547982 -0.525658
vn 0.185285 -0.949015 0.255028
vn -0.265657 0.079021 -0.960824
vn -0.257576 0.010806 -0.966198
vn -0.420325 -0.890040 -0.176514
vn 0.329680 -0.499528 -0.801114
vn -0.196879 -0.931421 -0.306095
vn 0.559230 -0.486438 -0.671298
vn -0.388862 -0.886184 -0.251922
vn 0.461062 -0.392764 -0.795712
vn -0.789173 -0.577710 0.208463
vn -0.687887 -0.690364 -0.224075
vn -0.936088 -0.349652 0.038512
vn -0.890401 -0.377259 0.254679
vn -0.794584 -0.451681 0.405734
vn -0.734747 -0.540713 0.409605
vn -0.500513 -0.827594 -0.254118
vn -0.666594 -0.730147 0.150124
vn 0.485509 -0.422672 -0.765265
vn -0.748873 -0.490407 0.445748
vn -0.755061 -0.483908 0.442398
vn 0.402134 -0.318584 -0.858366
vn 0.291580 -0.476307 -0.829526
vn -0.682722 -0.489036 0.542895
vn -0.773687 -0.494401 0.396202
vn -0.192425 -0.424458 0.884765
vn -0.650219 -0.735481 0.190479
vn -0.673420 -0.638783 0.372105
vn 0.027841 -0.885317 -0.464155
vn 0.369965 -0.355629 -0.858286
vn -0.741416 -0.492194 0.456123
vn -0.425347 -0.551250 -0.717776
vn -0.772541 -0.554094 -0.310098
vn -0.763790 -0.545437 0.345142
vn -0.039755 -0.794339 -0.606173
vn 0.798024 -0.433994 -0.418099
vn 0.136380 -0.840509 -0.524351
vn -0.633459 -0.338449 -0.695831
vn -0.563109 0.023903 -0.826037
vn -0.790045 -0.027012 -0.612453
vn -0.802328 -0.303250 -0.514109
vn -0.282258 -0.422490 -0.861297
vn -0.280854 0.058522 -0.957965
vn -0.954832 -0.005645 -0.297093
vn -0.914337 -0.317569 -0.251274
vn -0.220105 0.001403 -0.975475
vn -0.150491 -0.466080 -0.871850
vn -0.996323 -0.035868 -0.077805
vn -0.939778 -0.327549 -0.097614
vn -0.996607 -0.018038 0.080301
vn -0.946397 -0.315430 -0.069545
vn -0.936113 -0.004566 0.351671
vn -0.743985 0.010229 0.668118
vn -0.635822 -0.018166 0.771622
vn -0.524835 0.025029 0.850836
vn -0.192988 -0.020014 0.980997
vn -0.020557 0.011365 0.999724
vn -0.594084 -0.787485 0.164112
vn 0.344702 0.767453 0.540552
vn 0.325068 0.661524 0.675808
vn 0.140680 0.732045 0.666572
vn 0.025953 0.682470 0.730453
vn -0.359664 0.644081 0.675131
vn -0.711260 0.611528 0.346616
vn -0.795650 0.604810 0.033855
vn -0.576084 0.762454 -0.294605
vn -0.158998 0.868411 -0.469663
vn 0.130690 0.937211 -0.323350
vn 0.013030 0.970414 -0.241094
vn -0.130696 0.947445 -0.292005
vn 0.026158 -0.489921 -0.871374
vn -0.420297 0.559215 -0.714583
vn -0.529465 0.040589 -0.847360
vn -0.751784 0.220617 -0.621409
vn -0.565666 0.671124 -0.479181
vn -0.882506 0.247655 -0.399814
vn -0.571759 0.794429 -0.204875
vn -0.188689 0.513180 -0.837283
vn -0.304928 -0.088251 -0.948278
vn -0.456745 0.567750 -0.684868
vn -0.653740 0.614468 -0.441648
vn -0.964386 0.202376 -0.170303
vn -0.578579 0.815613 0.004687
vn -0.712203 0.684875 -0.153993
vn -0.224376 0.484722 -0.845400
vn -0.074862 0.571947 -0.816867
vn -0.115386 -0.069298 -0.990901
vn -0.704128 0.704800 0.086373
vn -0.082011 0.443818 -0.892356
vn -0.566168 0.797669 0.207794
vn -0.962620 0.239036 0.127379
vn -0.674654 0.579561 -0.457111
vn -0.475125 0.570128 -0.670232
vn -0.004776 0.446804 -0.894619
vn -0.012185 0.674367 -0.738296
vn -0.687834 0.635966 0.349903
vn -0.254929 0.498778 -0.828391
vn -0.748690 0.641967 -0.165354
vn -0.001958 0.395751 -0.918356
vn -0.586507 0.664598 0.462947
vn -0.097209 0.406833 -0.908316
vn -0.757113 0.649009 0.074611
vn -0.606820 0.558434 0.565616
vn -0.444467 0.625651 0.641101
vn -0.011049 0.337323 -0.941324
vn -0.715807 0.609184 0.341344
vn -0.182395 0.967970 -0.172528
vn -0.074546 0.957372 -0.279072
vn -0.484029 0.481912 0.730395
vn -0.829015 0.084146 0.552859
vn -0.740019 -0.074301 0.668470
vn -0.061064 0.945050 -0.321173
vn 0.675211 0.411816 0.611963
vn 0.487274 0.336127 0.805967
vn 0.467993 0.514761 0.718334
vn 0.549280 0.656209 0.517379
vn -0.514115 0.502392 0.695189
vn -0.637772 -0.018546 0.770002
vn -0.431585 0.475990 0.766269
vn 0.245709 0.311521 0.917922
vn 0.230074 0.455111 0.860198
vn 0.141032 0.977625 0.156078
vn 0.024594 0.998869 0.040706
vn 0.653540 0.674213 0.343981
vn 0.318084 0.909539 0.267509
vn -0.187939 0.981092 0.046225
vn -0.642448 0.540766 0.542985
vn 0.080006 0.959786 0.269091
vn -0.102492 0.949436 -0.296761
vn 0.066750 0.414260 0.907708
vn 0.093124 0.287463 0.953254
vn 0.461774 0.863720 0.201872
vn 0.054544 0.976902 0.206609
vn -0.284340 0.507210 0.813565
vn 0.287313 0.911472 0.294398
vn -0.547696 0.476024 0.688063
vn 0.455645 0.848888 0.267911
vn -0.447261 0.393472 0.803205
vn 0.789544 0.568278 -0.231689
vn 0.878789 0.374131 -0.296235
vn 0.934799 0.353536 -0.034098
vn 0.785466 0.600457 0.149979
vn 0.761472 0.430387 -0.484692
vn 0.715784 0.571048 -0.401942
vn 0.602296 0.778997 0.174365
vn 0.684429 0.700371 -0.202578
vn -0.472681 0.413727 0.778076
vn 0.708642 0.451935 -0.541831
vn 0.807672 0.487845 -0.331170
vn -0.081928 0.334395 0.938865
vn -0.285291 0.248349 0.925706
vn 0.901751 0.393231 -0.179483
vn 0.723867 0.423980 -0.544295
vn 0.831918 0.396949 -0.387743
vn 0.918764 0.394437 0.017085
vn -0.314674 0.322523 0.892726
vn -0.024670 0.877577 0.478800
vn 0.655676 0.657286 -0.371569
vn 0.438368 0.167421 0.883065
vn 0.770086 0.513137 -0.379022
vn 0.613716 0.099385 0.783247
vn 0.917463 0.377150 -0.126572
vn -0.061213 0.951913 0.300192
vn -0.904405 0.204781 0.374320
vn -0.189866 0.053632 0.980344
vn 0.569867 0.299145 0.765352
vn 0.753180 0.282570 0.594032
vn 0.715215 0.025548 0.698437
vn 0.471500 -0.023272 0.881559
vn 0.271542 0.343696 0.898965
vn 0.222176 -0.045557 0.973942
vn 0.902037 0.310397 0.299971
vn 0.928442 0.005779 0.371433
vn 0.128500 0.366511 0.921498
vn 0.138209 0.000193 0.990403
vn 0.935710 0.331132 0.121649
vn 0.994145 0.042827 0.099202
vn 0.944645 0.315025 0.091676
vn 0.994850 0.019335 -0.099501
vn 0.660892 -0.009213 -0.750425
vn 0.902310 0.001982 -0.431084
vn 0.550384 0.016417 -0.834750
vn 0.441279 -0.024420 -0.897038
vn 0.696804 -0.025071 -0.716823
vn 0.389663 -0.019872 -0.920743
vn 0.943111 0.326923 0.060526
vn 0.524478 -0.116958 -0.843353
vn 0.345617 -0.156728 -0.925195
vn 0.104446 -0.239863 -0.965172
vn 0.256772 -0.316109 -0.913315
vn 0.412357 -0.277607 -0.867696
vn 0.568767 -0.309242 -0.762150
vn 0.835792 -0.381679 -0.394681
vn 0.908130 -0.416379 0.043921
vn 0.750192 -0.464305 0.470780
vn 0.432573 -0.487569 0.758391
vn 0.187076 -0.505875 0.842077
vn 0.112945 -0.512065 0.851489
vn 0.117379 -0.523727 0.843761
vn 0.088186 0.046865 0.995001
vn 0.136610 -0.333153 0.932924
vn 0.903300 -0.387700 0.183676
vn 0.938171 0.115838 0.326217
vn 0.086174 -0.957124 -0.276564
vn -0.580971 -0.507545 -0.636295
vn -0.829687 -0.303160 -0.468736
vn -0.879221 -0.332739 -0.340961
vn -0.923718 -0.330504 -0.193683
vn -0.945726 -0.324774 -0.011113
vn -0.927124 -0.355520 0.118521
vn -0.889511 -0.414887 0.191413
vn -0.799729 -0.555033 0.228847
vn -0.532011 -0.837032 0.127837
vn 0.849841 -0.520198 0.084651
vn -0.185285 0.432655 -0.882315
vn -0.173119 0.472810 -0.863991
vn 0.002987 0.312000 -0.950078
vn -0.074905 0.243161 -0.967089
vn -0.286014 0.602984 -0.744719
vn -0.308318 0.627966 -0.714562
vn -0.588844 0.189954 0.785608
vn -0.475529 0.156381 0.865689
vn -0.488581 0.299238 0.819601
vn -0.608904 0.318213 0.726620
vn -0.424161 -0.279767 0.861289
vn -0.298308 -0.311761 0.902118
vn -0.324728 -0.157542 0.932594
vn -0.426114 -0.107807 0.898223
vn -0.062728 0.281812 -0.957417
vn -0.011088 0.092712 -0.995631
vn 0.184111 0.118880 -0.975690
vn -0.225872 -0.974156 0.001272
vn -0.199219 -0.894783 0.399593
vn 0.570333 -0.720792 0.393928
vn 0.635423 -0.772163 -0.001447
vn -0.107377 -0.875544 0.471054
vn -0.173084 -0.561331 0.809289
vn -0.273994 -0.530200 0.802381
vn -0.181473 -0.886946 0.424728
vn -0.220810 -0.068531 -0.972906
vn -0.355190 -0.082915 -0.931110
vn -0.229516 0.054490 -0.971779
vn -0.832618 0.319860 0.452147
vn -0.752860 0.322674 0.573658
vn -0.802686 0.159967 0.574549
vn -0.856311 0.183941 0.482595
vn -0.995781 0.080493 -0.044068
vn -0.994042 0.094234 0.054779
vn -0.999768 0.008853 0.019647
vn -0.999937 0.009587 -0.005844
vn -0.161949 0.436802 -0.884860
vn -0.298447 0.035024 -0.953783
vn -0.397277 -0.116222 -0.910310
vn -0.031178 -0.122847 -0.991936
vn 0.319733 -0.381352 0.867376
vn 0.306834 -0.365435 0.878812
vn 0.471170 -0.554764 0.685737
vn 0.474179 -0.558385 0.680705
vn -0.135172 -0.081248 -0.987485
vn -0.053686 -0.067380 -0.996282
vn -0.058189 -0.061593 -0.996404
vn -0.142307 -0.059401 -0.988039
vn -0.211448 -0.344300 0.914739
vn -0.226736 -0.202196 0.952737
vn -0.904146 0.094482 0.416646
vn -0.894235 0.104888 0.435135
vn -0.817179 0.087746 0.569667
vn -0.817819 0.078334 0.570120
vn -0.360403 0.114560 0.925735
vn -0.257267 0.218040 -0.941420
vn -0.413604 0.733798 0.538955
vn -0.478130 0.873103 0.095303
vn -0.442187 0.845643 0.298927
vn -0.419376 0.806967 0.415847
vn -0.685701 0.185438 0.703866
vn -0.652721 0.305032 0.693477
vn -0.496915 0.315328 0.808482
vn -0.502925 0.230212 0.833108
vn -0.937392 -0.194101 0.289174
vn -0.237517 -0.665627 0.707479
vn -0.026675 -0.880750 0.472830
vn -0.047887 -0.603461 0.795954
vn -0.417203 0.806222 -0.419461
vn -0.444932 0.797750 -0.406977
vn -0.114156 0.053758 -0.992007
vn -0.104692 -0.057072 -0.992866
vn 0.418455 -0.559964 0.715077
vn 0.000336 -0.059172 -0.998248
vn 0.001207 -0.004494 -0.999989
vn -0.275041 0.633949 -0.722815
vn -0.365846 0.300557 0.880808
vn -0.274009 0.369575 -0.887881
vn 0.132118 -0.151308 0.979618
vn 0.127848 -0.146643 0.980893
vn -0.987846 0.111361 0.108440
vn -0.962397 0.061480 0.264597
vn -0.269553 0.135011 -0.953474
vn -0.178693 0.132207 -0.974982
vn -0.371481 0.336594 0.865278
vn -0.385935 0.245789 0.889181
vn -0.063110 -0.400476 0.914131
vn -0.066992 -0.203672 0.976745
vn -0.338133 0.612206 0.714751
vn -0.341034 0.620685 0.706007
vn -0.252018 0.449003 0.857253
vn -0.266436 0.473935 0.839284
vn -0.062150 -0.008799 -0.998028
vn -0.246964 0.081240 0.965613
vn -0.533158 0.841681 0.085527
vn -0.022490 0.064728 0.997650
vn -0.015469 0.055011 0.998366
vn -0.141094 0.253425 0.957010
vn -0.142009 0.254789 0.956512
vn -0.085173 0.045780 -0.995314
vn -0.044386 -0.059799 -0.997223
vn -0.311003 0.242499 -0.918951
vn -0.262424 0.238217 -0.935086
vn -0.398178 0.808392 -0.433540
vn -0.975383 -0.025118 0.219084
vn -0.335140 0.578387 -0.743740
vn -0.779430 0.095545 0.619161
vn -0.919448 0.080249 0.384935
vn 0.261247 -0.374697 0.889580
vn -0.151874 -0.439715 0.885203
vn -0.249517 0.309272 0.917656
vn -0.768028 -0.228380 0.598311
vn -0.416814 0.775277 -0.474564
vn -0.377610 0.463214 -0.801775
vn -0.343429 0.377802 -0.859838
vn -0.260396 0.347104 0.900951
vn -0.278564 0.253761 0.926287
vn -0.159587 0.147870 -0.976046
vn -0.052524 0.125182 0.990743
vn -0.963160 -0.038781 0.266119
vn -0.499153 0.864236 0.062790
vn -0.507013 0.152081 0.848416
vn -0.697505 0.114329 0.707401
vn -0.691199 0.111964 0.713938
vn -0.509820 0.148523 0.847363
vn 0.084572 -0.142688 0.986148
vn -0.141193 -0.191297 0.971324
vn -0.001162 -0.015945 -0.999872
vn -0.039396 0.320338 0.946484
vn -0.488621 0.710897 0.505842
vn -0.897149 -0.084123 0.433645
vn -0.584270 -0.171047 0.793329
vn -0.446508 0.621559 -0.643657
vn -0.403851 0.522220 -0.751126
vn -0.808496 0.057101 0.585725
vn -0.879400 0.083497 0.468705
vn -0.707776 0.086880 0.701074
vn -0.048282 0.344944 0.937381
vn -0.081082 0.246085 0.965851
vn -0.400910 0.169920 0.900221
vn -0.401531 0.169594 0.900006
vn -0.281207 0.332001 -0.900388
vn -0.483942 0.871623 0.077939
vn -0.052418 0.063566 0.996600
vn -0.180506 0.047931 0.982405
vn -0.275869 0.468002 0.839566
vn -0.340087 0.477473 0.810161
vn -0.471703 0.720472 0.508347
vn -0.156424 0.245614 0.956664
vn -0.244089 0.261394 0.933860
vn -0.621744 0.128833 0.772552
vn -0.654325 0.135155 0.744038
vn -0.480216 0.161657 0.862125
vn -0.473339 0.168564 0.864602
vn -0.051229 0.071072 -0.996155
vn -0.154824 0.162231 -0.974531
vn -0.357740 0.357002 -0.862885
vn -0.448221 0.749454 0.487255
vn -0.359797 0.472947 0.804281
vn -0.381639 0.046698 0.923131
vn -0.510657 0.174392 0.841913
vn -0.576604 0.083322 0.812764
vn -0.411585 0.173850 0.894636
vn -0.424255 0.207917 0.881351
vn -0.433807 0.234460 0.869965
vn -0.466401 0.801632 -0.373972
vn -0.306082 0.855734 -0.417173
vn -0.313755 0.279235 0.907516
vn -0.317575 0.176306 0.931699
vn -0.322261 0.202741 0.924686
vn -0.423416 0.887975 0.179500
vn -0.442582 0.824697 -0.352132
vn -0.572747 0.053176 0.818006
vn -0.421453 0.902435 0.089381
vn -0.388372 0.770590 0.505330
vn -0.399528 0.769913 0.497606
vn -0.364889 0.495958 0.787961
vn -0.397665 0.276135 0.874993
vn -0.101268 0.173039 0.979695
vn -0.246024 0.118312 -0.962016
vn -0.420077 0.207779 0.883382
vn -0.434554 0.255916 0.863522
vn -0.283518 0.958921 0.009327
vn -0.290600 0.930825 0.221624
vn -0.268595 0.950097 -0.158657
vn -0.334135 0.523027 0.784090
vn -0.377522 0.553757 0.742180
vn -0.326069 0.696351 -0.639355
vn -0.074506 0.016955 -0.997077
vn -0.301998 0.414356 -0.858549
vn -0.354578 0.353038 0.865817
vn -0.396910 0.363886 0.842644
vn -0.276953 0.840058 0.466476
vn -0.136384 -0.048329 -0.989477
vn -0.423542 0.287274 0.859119
vn -0.186510 0.168056 0.967973
vn -0.213589 0.195095 0.957245
vn -0.410770 0.410932 0.813881
vn -0.266404 0.691064 0.671907
vn -0.262799 0.602572 0.753554
vn -0.249487 0.557791 0.791597
vn -0.390012 0.330719 0.859369
vn -0.286138 0.313975 0.905287
vn -0.236162 0.501637 0.832219
vn -0.403248 0.338620 0.850134
vn -0.419691 0.274075 0.865299
vn -0.204396 0.291731 0.934406
vn -0.171894 0.436620 0.883071
vn -0.573723 -0.083449 0.814788
vn -0.583417 -0.219938 -0.781826
vn -0.284544 -0.322431 -0.902814
vn 0.278622 -0.087484 -0.956408
vn -0.435112 0.854482 -0.283791
vn -0.456135 0.875659 -0.158627
vn 0.054067 0.025322 -0.998216
vn 0.605027 -0.709066 0.362169
vn 0.605609 -0.709712 0.359925
vn -0.162819 -0.877852 -0.450406
vn -0.961887 -0.198205 -0.188382
vn -0.574351 -0.275729 0.770775
vn 0.575295 -0.701916 -0.419941
vn 0.246387 -0.357158 -0.900962
vn -0.140687 -0.017128 -0.989906
vn -0.395398 -0.519002 0.757824
vn -0.238518 -0.902504 0.358604
vn 0.155386 -0.143879 -0.977320
vn -0.000000 0.040503 -0.999179
vn -0.698108 -0.232306 -0.677259
vn -0.641609 -0.479711 -0.598512
vn 0.119901 -0.638608 -0.760134
vn 0.279287 -0.327266 -0.902716
vn -0.945620 -0.181794 -0.269729
vn -0.972085 -0.032577 -0.232359
vn -0.783283 0.143694 0.604831
vn -0.748619 -0.136732 0.648748
vn -0.274207 0.600587 -0.751070
vn -0.357200 0.732552 -0.579462
vn 0.409705 -0.498227 -0.764141
vn -0.869411 -0.111658 -0.481307
vn -0.968801 -0.098177 -0.227565
vn -0.924811 -0.194487 -0.326954
vn 0.650196 -0.759766 -0.000072
vn 0.650204 -0.759759 -0.000033
vn -0.760012 -0.288869 0.582183
vn -0.988910 0.111148 -0.098505
vn -0.540853 -0.511785 0.667499
vn -0.272819 -0.905570 0.324828
vn -0.144490 -0.088259 -0.985562
vn -0.322987 -0.100629 -0.941039
vn -0.480294 -0.137520 -0.866260
vn -0.072054 0.033506 -0.996838
vn -0.034110 0.042447 0.998516
vn 0.521898 0.426455 0.738755
vn 0.417294 0.552046 0.721880
vn -0.181475 0.240517 0.953530
vn 0.317831 0.691884 0.648290
vn -0.309098 0.394365 0.865410
vn -0.738990 0.325301 0.589977
vn -0.831207 0.313459 0.459172
vn -0.862971 0.147420 0.483269
vn 0.636276 0.304089 0.709001
vn 0.107144 -0.179484 0.977909
vn -0.177072 0.426656 -0.886911
vn 0.263076 0.811569 0.521676
vn -0.455264 0.545157 0.703945
vn -0.604251 -0.089253 -0.791780
vn -0.877230 -0.013833 -0.479871
vn -0.855672 -0.227612 0.464777
vn 0.773130 0.161170 0.613428
vn 0.241920 -0.409832 0.879496
vn -0.070731 0.228968 -0.970861
vn -0.322200 -0.046846 -0.945512
vn -0.318841 -0.013702 -0.947709
vn -0.294113 0.144827 0.944734
vn -0.150460 -0.056049 0.987026
vn 0.613992 -0.718221 -0.327371
vn 0.624515 -0.730083 -0.277415
vn 0.195186 0.918027 0.345150
vn -0.591336 0.683174 0.428479
vn -0.699828 -0.491522 0.518311
vn -0.358932 -0.894822 0.265445
vn -0.027530 -0.278407 0.960068
vn -0.431339 0.289473 0.854489
vn -0.954251 0.200215 0.222080
vn -0.943300 0.278438 0.180715
vn 0.066408 0.006417 -0.997772
vn 0.877447 0.035301 0.478372
vn 0.371368 -0.650663 0.662362
vn -0.580711 0.427415 0.692887
vn -0.153523 0.016359 -0.988010
vn -0.569393 -0.019882 -0.821825
vn -0.565716 0.007735 -0.824564
vn 0.102091 0.980609 0.167282
vn -0.651586 0.737600 0.177149
vn 0.088684 -0.510811 0.855106
vn 0.527724 -0.616595 -0.584225
vn 0.518590 -0.574156 -0.633569
vn 0.421050 -0.305130 -0.854174
vn 0.415076 -0.463389 -0.782932
vn 0.233240 -0.221257 -0.946913
vn 0.299976 -0.093024 -0.949400
vn 0.127021 0.026004 -0.991559
vn -0.889789 0.054308 -0.453129
vn -0.877674 0.067780 -0.474442
vn -0.713947 0.557573 0.423547
vn -0.016878 0.044701 -0.998858
vn -0.046756 0.271128 -0.961407
vn -0.046913 0.174840 -0.983479
vn 0.963906 -0.123616 0.235806
vn 0.455463 -0.819395 0.348059
vn 0.013727 -0.798270 0.602143
vn -0.457357 -0.869664 0.185767
vn -0.785794 -0.494852 0.371011
vn -0.765714 0.620710 0.168530
vn -0.071379 0.315239 -0.946324
vn -0.047374 0.316989 -0.947245
vn -0.323828 0.010621 -0.946056
vn -0.565336 0.025734 -0.824460
vn -0.172711 0.042722 -0.984046
vn -0.081442 0.048064 -0.995519
vn -0.089012 0.152872 -0.984229
vn -0.195052 0.138131 -0.971017
vn -0.610356 0.741688 -0.278143
vn -0.650222 0.759160 -0.029806
vn 0.092758 0.995649 -0.008842
vn 0.172434 0.958642 -0.226435
vn 0.115540 -0.941824 0.315623
vn -0.770045 0.636873 -0.037737
vn 0.979952 -0.199231 -0.001127
vn 0.457950 -0.888978 -0.000380
vn -0.954516 0.252373 -0.158769
vn -0.971376 0.161935 -0.173797
vn 0.246189 0.891406 -0.380508
vn -0.533835 0.659745 -0.528921
vn -0.869306 0.076066 -0.488386
vn -0.742424 0.611809 -0.272940
vn -0.087251 0.205684 -0.974721
vn -0.047638 0.218383 -0.974700
vn -0.336355 0.029513 -0.941273
vn -0.367997 0.098328 -0.924613
vn 0.140818 -0.990035 0.001125
vn -0.871591 -0.463107 0.160812
vn -0.492203 -0.865405 0.093862
vn 0.963818 -0.156682 -0.215654
vn 0.460878 -0.824840 -0.327460
vn -0.893922 -0.416122 0.166571
vn -0.835865 -0.523584 0.164891
vn -0.829182 -0.386306 0.404012
vn -0.130237 0.285009 -0.949636
vn -0.243664 0.255362 -0.935638
vn 0.343236 0.779131 -0.524542
vn -0.365543 0.505210 -0.781755
vn -0.658570 0.531224 -0.532999
vn 0.892713 -0.039725 -0.448872
vn 0.414831 -0.683998 -0.600052
vn -0.409660 0.244876 -0.878757
vn -0.237072 0.290564 -0.927022
vn 0.425524 0.637450 -0.642329
vn -0.504561 0.363245 -0.783244
vn -0.059724 -0.007050 -0.998190
vn -0.104228 -0.024815 -0.994244
vn -0.989565 0.035219 -0.139718
vn -0.963876 0.120023 0.237774
vn -0.935706 0.289115 0.202154
vn -0.959075 0.250747 -0.131535
vn 0.150795 -0.941141 -0.302514
vn -0.154961 0.192742 -0.968937
vn -0.268040 0.184087 -0.945657
vn -0.841384 0.249181 -0.479565
vn -0.837517 0.104232 -0.536378
vn -0.570009 0.079143 -0.817818
vn -0.596069 0.248488 -0.763515
vn -0.105697 -0.350461 -0.930594
vn -0.060307 -0.345756 -0.936385
vn 0.499797 0.493502 -0.711799
vn -0.136206 0.104902 -0.985111
vn -0.369221 0.161948 -0.915122
vn 0.262442 -0.472999 -0.841068
vn 0.782571 0.102286 -0.614101
vn 0.096390 -0.831956 -0.546405
vn 0.558805 0.373053 -0.740654
vn -0.028838 -0.065833 -0.997414
vn 0.651758 0.251490 -0.715517
vn 0.098537 -0.245375 -0.964407
vn -0.102213 -0.309111 -0.945517
vn -0.058212 -0.337821 -0.939409
vn -0.440299 0.177898 -0.880051
vn -0.866151 -0.475331 -0.154411
vn -0.814428 -0.564977 -0.132321
vn -0.918879 -0.383032 -0.094597
vn -0.513124 -0.856667 -0.053150
vn -0.259962 -0.016485 -0.965478
vn -0.057095 -0.249338 -0.966732
vn -0.101441 -0.299623 -0.948650
vn -0.034033 -0.873610 -0.485435
vn -0.055988 -0.888738 -0.454984
vn -0.858371 0.205426 -0.470106
vn -0.867918 -0.077251 -0.490663
vn -0.166822 -0.042945 -0.985051
vn -0.288942 -0.059673 -0.955485
vn -0.629691 0.174407 -0.757015
vn 0.116014 -0.571354 -0.812463
vn -0.150081 -0.183508 -0.971494
vn -0.042666 -0.354323 -0.934149
vn -0.475003 -0.095081 -0.874832
vn -0.163758 -0.354890 -0.920454
vn -0.277614 -0.373482 -0.885122
vn -0.168365 -0.294149 -0.940814
vn -0.293736 -0.302663 -0.906705
vn -0.161885 -0.313222 -0.935780
vn -0.287128 -0.270766 -0.918827
vn -0.660636 -0.134515 -0.738557
vn -0.072910 -0.893603 -0.442897
vn -0.144106 -0.881249 -0.450149
vn -0.761905 -0.479422 -0.435494
vn -0.779448 -0.483179 -0.398747
vn -0.454738 -0.403316 -0.794072
vn -0.479617 -0.323844 -0.815532
vn -0.503635 -0.210626 -0.837848
vn -0.873285 -0.269453 -0.405916
vn -0.612827 -0.437972 -0.657741
vn -0.228859 -0.898341 -0.374975
vn -0.663434 -0.367125 -0.651978
vn -0.699601 -0.242830 -0.672006
vn -0.298865 -0.903511 -0.307161
vn -0.411997 -0.884740 -0.217930
vn -0.288205 0.941064 -0.177024
vn -0.229039 0.913982 -0.334930
vn -0.190854 0.886606 -0.421313
vn -0.322768 0.946092 0.027050
vn -0.123409 0.765358 -0.631663
vn -0.302141 0.920187 0.248931
vn -0.053063 0.677625 -0.733491
vn -0.216443 0.856047 0.469400
vn -0.121789 0.766033 0.631159
vn -0.069536 0.717233 0.693356
vn -0.037411 0.720788 0.692145
vn 0.015994 0.755993 0.654384
vn 0.050170 0.837254 0.544508
vn 0.344786 0.877384 0.333645
vn 0.234786 0.958904 0.159308
vn 0.318684 0.786519 0.528988
vn 0.219511 0.801602 0.556102
vn 0.055534 0.798708 0.599151
vn -0.430420 0.722685 0.540800
vn -0.766583 0.602409 0.222383
vn -0.768434 0.638448 -0.043517
vn -0.594173 0.758127 -0.268704
vn -0.163537 0.923437 -0.347159
vn 0.013803 0.969918 -0.243042
vn 0.014988 0.992624 -0.120304
vn -0.030552 0.989609 -0.140500
vn -0.757635 -0.587784 -0.283723
vn -0.603254 -0.480677 -0.636424
vn -0.689744 -0.348530 -0.634650
vn -0.790736 -0.539961 -0.288408
vn -0.726387 -0.635231 -0.262380
vn -0.526814 -0.597344 -0.604688
vn -0.692092 -0.679756 -0.242777
vn -0.452614 -0.706430 -0.544148
vn -0.810123 -0.171091 -0.560740
vn -0.854400 -0.451906 -0.256480
vn -0.893930 -0.039694 -0.446445
vn -0.899211 -0.391938 -0.194434
vn -0.632503 -0.745726 -0.209360
vn -0.358763 -0.820319 -0.445383
vn -0.616736 -0.777832 -0.120890
vn -0.295891 -0.915508 -0.272568
vn -0.971181 0.046584 -0.233747
vn -0.919072 -0.381289 -0.099623
vn -0.614149 -0.785961 -0.071322
vn -0.280275 -0.951827 -0.124381
vn -0.633961 -0.772792 -0.029766
vn -0.296942 -0.954807 -0.012990
vn -0.993715 0.104088 -0.041176
vn -0.951181 -0.308128 -0.017674
vn -0.651040 -0.758332 0.032852
vn -0.312434 -0.936633 0.158443
vn -0.981587 0.087156 0.169974
vn -0.950976 -0.303899 0.057358
vn -0.666085 -0.737726 0.109963
vn -0.342437 -0.883506 0.319616
vn -0.671724 -0.713442 0.199466
vn -0.382198 -0.783101 0.490588
vn -0.909415 0.004331 0.415867
vn -0.919618 -0.343675 0.190237
vn -0.715924 -0.632846 0.294888
vn -0.488097 -0.595724 0.637867
vn -0.807237 -0.138273 0.573802
vn -0.864852 -0.429137 0.260522
vn -0.747796 -0.572940 0.335471
vn -0.552544 -0.481151 0.680579
vn -0.757740 -0.574987 0.308577
vn -0.598827 -0.430616 0.675260
vn -0.692834 -0.303435 0.654147
vn -0.802673 -0.513544 0.303298
vn -0.799702 -0.599994 0.022007
vn -0.808777 -0.587200 0.032798
vn -0.813942 -0.580532 0.021937
vn -0.787208 -0.616680 -0.002985
vn -0.800721 -0.598913 0.012227
vn -0.802004 -0.597318 -0.000186
vn -0.810710 -0.585282 0.013965
vn -0.843329 -0.537165 -0.015797
vn -0.854117 -0.518446 -0.041217
vn -0.839000 -0.539867 -0.067998
vn -0.828048 -0.558617 -0.047794
vn -0.803488 -0.595318 -0.001904
vn -0.804298 -0.593085 0.036804
vn -0.805923 -0.592010 0.003446
vn -0.815246 -0.577831 0.038548
vn -0.788221 -0.615358 -0.006495
vn -0.790331 -0.612670 0.003504
vn -0.291695 0.185628 0.938326
vn -0.393637 0.184639 0.900532
vn -0.510726 0.172554 0.842249
vn -0.694922 0.127020 0.707778
vn -0.815077 0.084911 0.573096
vn -0.881060 0.104847 0.461237
vn -0.969666 0.136628 0.202685
vn -0.978247 0.123288 -0.166832
vn -0.305100 0.173420 0.936397
vn -0.311370 0.175420 0.933958
vn -0.113167 0.166547 0.979518
vn -0.122251 0.169518 0.977915
vn -0.403958 0.168408 0.899142
vn -0.294885 0.179034 0.938611
vn -0.157950 0.171221 0.972489
vn -0.985688 0.105457 -0.131519
vn -0.983715 0.109186 -0.142769
vn -0.981932 0.106319 0.156541
vn -0.979009 0.113673 0.169175
vn -0.924948 -0.001429 0.380090
vn -0.951953 0.011394 0.306033
vn -0.671099 0.031002 0.740719
vn -0.980940 -0.124818 -0.148922
vn -0.430126 0.716615 -0.549049
vn -0.355714 0.565017 -0.744461
vn -0.273027 0.362889 -0.890937
vn -0.281281 0.246771 -0.927354
vn -0.316844 0.071974 -0.945743
vn -0.332862 -0.001461 -0.942975
vn -0.503590 -0.167698 -0.847511
vn -0.264962 -0.123128 -0.956365
vn -0.426636 -0.118076 -0.896683
vn -0.560879 0.030782 -0.827325
vn -0.853029 0.073668 -0.516638
vn -0.982937 0.111742 -0.146113
vn -0.976086 0.118945 0.181955
vn 0.000727 -0.056949 -0.998377
vn -0.287714 -0.839613 -0.460729
vn -0.358746 -0.739567 -0.569510
vn -0.343194 -0.753941 -0.560171
vn -0.273532 -0.865354 -0.419933
vn -0.196657 -0.970205 -0.141522
vn -0.196523 -0.970421 -0.140219
vn -0.192868 -0.981177 0.009644
vn -0.194265 -0.980665 0.023602
vn -0.995768 0.076419 -0.051053
vn -0.984932 0.036980 0.168939
vn -0.987153 0.041074 0.154409
vn -0.995461 0.076204 -0.057007
vn -0.967661 0.049893 -0.247273
vn -0.969223 0.052243 -0.240576
vn -0.937416 0.007516 -0.348131
vn -0.940017 0.010928 -0.340953
vn -0.431660 -0.662417 -0.612269
vn -0.420618 -0.675238 -0.605915
vn -0.509518 -0.560952 -0.652476
vn -0.500921 -0.573230 -0.648449
vn -0.860949 -0.107847 -0.497128
vn -0.850343 -0.122011 -0.511888
vn -0.735651 -0.272817 -0.619990
vn -0.746361 -0.258848 -0.613142
vn -0.621686 -0.417768 -0.662553
vn -0.624890 -0.413789 -0.662036
vn -0.197050 -0.977524 0.074956
vn -0.197032 -0.977535 0.074853
vn -0.190835 -0.976906 0.096112
vn -0.190910 -0.976993 0.095072
vn -0.225888 -0.940252 0.254755
vn -0.230401 -0.934924 0.269875
vn -0.903896 -0.082414 0.419738
vn -0.907126 -0.077859 0.413595
vn -0.783209 -0.247739 0.570271
vn -0.784877 -0.245427 0.568977
vn -0.320027 -0.841826 0.434641
vn -0.331734 -0.829213 0.449842
vn -0.427307 -0.707542 0.562844
vn -0.435354 -0.695991 0.571019
vn -0.643075 -0.428023 0.635020
vn -0.654763 -0.414085 0.632312
vn -0.514591 -0.582443 0.629251
vn -0.513488 -0.583991 0.628717
vn -0.732819 -0.679896 -0.026782
vn -0.725481 -0.687636 -0.028894
vn -0.746084 -0.661009 -0.080164
vn -0.760400 -0.641784 -0.099524
vn -0.764310 -0.642658 -0.053107
vn -0.732355 -0.678822 -0.053449
vn -0.726851 -0.686305 -0.025925
vn -0.768260 -0.639661 -0.024715
vn -0.767674 -0.640067 -0.031493
vn -0.742068 -0.668900 -0.043685
vn -0.758561 -0.650890 -0.030471
vn -0.733343 -0.678896 -0.036166
vn -0.725350 -0.684446 -0.073494
vn -0.758837 -0.641137 -0.114500
vn -0.758911 -0.641234 -0.113462
vn -0.707597 -0.695330 -0.125791
vn -0.698723 -0.700693 -0.144275
vn -0.763757 -0.634067 -0.120975
vn -0.728035 -0.673576 -0.127516
vn -0.744126 -0.659299 -0.107708
vn -0.754354 -0.645164 -0.121298
vn -0.734423 -0.675157 -0.069180
vn -0.769423 -0.638106 -0.028448
vn 0.014513 -0.273335 -0.961810
vn 0.122474 -0.441958 -0.888636
vn 0.110160 -0.423567 -0.899142
vn -0.000971 -0.247932 -0.968777
vn -0.415337 0.405031 -0.814522
vn -0.261452 0.159820 -0.951893
vn -0.281809 0.192002 -0.940063
vn -0.430740 0.429782 -0.793568
vn 0.231004 -0.599240 -0.766517
vn 0.219241 -0.582671 -0.782578
vn -0.538092 0.594781 -0.597238
vn -0.531612 0.585791 -0.611750
vn 0.418590 -0.890832 -0.176636
vn 0.418130 -0.889571 -0.183929
vn 0.338820 -0.762211 -0.551575
vn 0.347811 -0.776238 -0.525816
vn -0.610838 0.710354 -0.349679
vn -0.614702 0.717992 -0.326540
vn -0.638742 0.769162 -0.019970
vn -0.638679 0.768830 -0.031451
vn 0.414391 -0.908723 0.050019
vn 0.390003 -0.886474 0.249120
vn 0.390041 -0.886541 0.248823
vn 0.414296 -0.908716 0.050934
vn -0.604498 0.726698 0.326331
vn -0.609289 0.732881 0.302743
vn 0.278428 -0.678184 0.680106
vn 0.360948 -0.828304 0.428520
vn 0.361215 -0.828872 0.427195
vn 0.282682 -0.685627 0.670825
vn -0.488036 0.571607 0.659611
vn -0.492981 0.578374 0.649964
vn 0.141132 -0.439059 0.887304
vn 0.129623 -0.418692 0.898830
vn 0.038603 -0.234886 0.971256
vn 0.037206 -0.230921 0.972261
vn -0.335763 0.357905 0.871302
vn -0.338390 0.361655 0.868733
vn -0.043572 -0.080300 0.995818
vn -0.039906 -0.086297 0.995470
vn -0.181622 0.133946 0.974203
vn -0.179800 0.131235 0.974910
vn -0.118990 -0.060908 -0.991026
vn -0.135133 -0.036082 -0.990170
vn -0.058440 -0.996203 0.064539
vn -0.017942 -0.995483 0.093225
vn -0.004235 -0.994880 0.100979
vn -0.084016 -0.994805 0.057481
vn -0.036587 -0.994417 0.098977
vn -0.049275 -0.995722 0.078161
vn -0.073080 -0.996801 0.032372
vn -0.081590 -0.996666 0.000335
vn -0.087290 -0.995370 -0.040230
vn -0.009917 -0.990677 -0.135875
vn -0.018019 -0.991267 -0.130634
vn -0.020028 -0.991387 -0.129422
vn -0.033803 -0.991263 -0.127495
vn -0.060958 -0.992942 -0.101738
vn -0.062673 -0.991925 -0.110258
vn -0.067612 -0.994022 -0.085731
vn 0.133969 -0.867526 -0.479009
vn 0.099430 -0.866905 -0.488456
vn 0.025965 -0.866186 -0.499047
vn 0.189970 -0.875131 -0.445036
vn 0.384844 -0.854111 -0.349842
vn 0.447952 -0.844941 -0.292256
vn 0.508043 -0.827466 -0.239150
vn 0.552320 -0.816853 -0.166413
vn 0.633507 -0.772959 -0.034696
vn 0.078632 0.013738 0.996809
vn 0.136621 0.016100 0.990492
vn 0.158866 0.013792 0.987204
vn 0.298906 -0.114916 0.947338
vn 0.542684 -0.298114 0.785253
vn 0.645730 -0.551527 0.528063
vn 0.761807 -0.594225 0.257966
vn 0.194748 -0.741582 -0.641973
vn 0.136989 -0.745195 -0.652624
vn 0.034367 -0.746966 -0.663974
vn 0.335600 -0.726592 -0.599531
vn 0.558298 -0.665963 -0.494768
vn 0.670217 -0.614456 -0.416237
vn 0.771067 -0.549572 -0.321600
vn 0.880214 -0.443877 -0.167920
vn 0.965255 -0.195095 0.173842
vn 0.062437 0.509777 0.858038
vn 0.117892 0.505554 0.854703
vn 0.133186 0.502952 0.853991
vn 0.224512 0.481422 0.847247
vn 0.451680 0.399539 0.797718
vn 0.656046 0.282586 0.699821
vn 0.893086 0.036496 0.448403
vn -0.263578 0.584814 -0.767150
vn -0.369480 0.750423 -0.548042
vn -0.152807 0.390139 -0.907988
vn -0.042985 0.187457 -0.981332
vn -0.416850 0.794219 0.442100
vn -0.456094 0.860415 0.227296
vn -0.469206 0.881447 -0.053821
vn -0.434423 0.851610 -0.293322
s 1
g polySurface21 polySurface14
usemtl initialShadingGroup
f 55//1 53//2 52//3 57//4
f 57//4 52//3 54//5 59//6
f 53//2 55//1 58//7 56//8
f 61//9 55//1 57//4 63//10
f 59//6 54//5 60//11 66//12
f 57//4 59//6 64//13 63//10
f 65//14 58//7 55//1 61//9
f 56//8 58//7 68//15 62//16
f 64//13 59//6 66//12 70//17
f 68//15 58//7 65//14 72//18
f 69//19 66//12 60//11 67//20
f 61//9 63//10 73//21 74//22
f 574//23 2//24 1//25 575//26
f 70//17 66//12 69//19 76//27
f 65//14 61//9 74//22 81//28
f 63//10 64//13 75//29 73//21
f 2//24 574//23 573//30 3//31
f 76//27 69//19 77//32
f 79//33 72//18 65//14 81//28
f 64//13 70//17 80//34 75//29
f 82//35 77//32 83//36
f 3//31 573//30 572//37 4//38
f 82//35 76//27 77//32
f 70//17 76//27 85//39 80//34
f 86//40 74//22 73//21
f 87//41 81//28 74//22 86//40
f 86//40 73//21 75//29
f 88//42 83//36 78//43 84//44
f 79//33 81//28 87//41 98//45
f 164//46 165//47 92//48 99//49
f 93//50 82//35 83//36 88//42
f 87//41 86//40 94//51
f 86//40 75//29 95//52 99//49
f 84//44 130//53 104//54 88//42
f 165//47 166//55 96//56 92//48
f 92//48 94//51 86//40 99//49
f 163//57 164//46 99//49 95//52
f 95//52 75//29 80//34 103//58
f 87//41 94//51 101//59
f 76//27 82//35 100//60 85//39
f 98//45 87//41 101//59
f 4//38 572//37 571//61 6//62
f 568//63 12//64 7//65 569//66
f 162//67 163//57 95//52 103//58
f 104//54 130//53 109//68
f 93//50 88//42 104//54
f 103//58 80//34 85//39 107//69
f 82//35 93//50 105//70 100//60
f 161//71 162//67 103//58 107//69
f 93//50 104//54 109//68 131//72
f 112//73 110//74 111//75 147//76
f 147//76 161//71 107//69
f 114//77 110//74 112//73 143//78
f 113//79 107//69 85//39 100//60
f 113//79 112//73 147//76 107//69
f 113//79 115//80 112//73
f 93//50 131//72 116//81 105//70
f 117//82 114//77 143//78 144//83
f 109//68 118//84 121//85 131//72
f 115//80 113//79 100//60 105//70
f 144//83 145//86 120//87 117//82
f 119//88 120//87 145//86 146//89
f 116//81 129//90 128//91 122//92
f 122//92 115//80 105//70 116//81
f 129//90 160//93 126//94 128//91
f 127//95 123//96 126//94 160//93
f 126//94 122//92 128//91
f 8//97 6//62 571//61 570//98
f 7//65 8//97 570//98 569//66
f 96//56 101//59 94//51 92//48
f 116//81 131//72 121//85 129//90
f 71//99 78//43 83//36 77//32
f 67//20 71//99 77//32 69//19
f 109//68 108//100 118//84
f 109//68 130//53 108//100
f 89/1/101 90/2/102 157/3/103 158/4/104
f 91/5/105 89/6/101 158/7/104 159/8/106
f 90/9/102 97/10/107 156/11/108 157/12/103
f 5/13/109 567/14/110 566/15/111 11/16/112
f 97/17/107 102/18/113 155/19/114 156/20/108
f 102/21/113 106/22/115 154/23/116 155/24/114
f 111/25/75 110/26/74 152/27/117 153/28/118
f 106/29/115 111/30/75 153/31/118 154/32/116
f 110/33/74 114/34/77 151/35/119 152/36/117
f 114/37/77 117/38/82 150/39/120 151/40/119
f 120/41/87 119/42/88 148/43/121 149/44/122
f 117/45/82 120/46/87 149/47/122 150/48/120
f 143//78 112//73 115//80 122//92
f 144//83 143//78 122//92 126//94
f 123//96 145//86 144//83 126//94
f 146//89 145//86 123//96 124//123
f 149/44/122 148/43/121 10/49/124 142/50/125
f 150/48/120 149/47/122 142/50/125 141/51/126
f 151/40/119 150/39/120 141/52/126 140/53/127
f 152/36/117 151/35/119 140/54/127 138/55/128
f 153/28/118 152/27/117 138/55/128 139/56/129
f 154/32/116 153/31/118 139/57/129 137/58/130
f 155/24/114 154/23/116 137/59/130 136/60/131
f 156/20/108 155/19/114 136/61/131 135/62/132
f 157/12/103 156/11/108 135/62/132 133/63/133
f 158/4/104 157/3/103 133/64/133 132/65/134
f 159/8/106 158/7/104 132/66/134 134/67/135
f 11/16/112 566/15/111 565/68/136 9/69/137
f 125//138 160//93 129//90 121//85
f 125//138 127//95 160//93
f 106//115 161//71 147//76 111//75
f 106//115 102//113 162//67 161//71
f 102//113 97//107 163//57 162//67
f 97//107 90//102 164//46 163//57
f 90//102 89//101 165//47 164//46
f 89//101 91//105 166//55 165//47
f 5//109 12//64 568//63 567//110
f 170//139 172//140 167//141 168//142
f 172//140 174//143 169//144 167//141
f 168//142 171//145 173//146 170//139
f 176//147 178//148 172//140 170//139
f 174//143 181//149 175//150 169//144
f 172//140 178//148 179//151 174//143
f 180//152 176//147 170//139 173//146
f 171//145 177//153 183//154 173//146
f 179//151 185//155 181//149 174//143
f 183//154 187//156 180//152 173//146
f 184//157 182//158 175//150 181//149
f 176//147 189//159 188//160 178//148
f 576//161 13//162 14//163 577//164
f 185//155 191//165 184//157 181//149
f 180//152 196//166 189//159 176//147
f 178//148 188//160 190//167 179//151
f 14//163 15//168 578//169 577//164
f 191//165 192//170 184//157
f 194//171 196//166 180//152 187//156
f 179//151 190//167 195//172 185//155
f 197//173 198//174 192//170
f 15//168 16//175 579//176 578//169
f 197//173 192//170 191//165
f 185//155 195//172 200//177 191//165
f 588//178 188//160 189//159
f 202//179 588//178 189//159 196//166
f 190//167 188//160 588//178
f 203//180 199//181 193//182 198//174
f 194//171 213//183 202//179 196//166
f 279//184 214//185 207//186 280//187
f 208//188 203//180 198//174 197//173
f 199//181 203//180 219//189 245//190
f 280//187 207//186 211//191 281//192
f 207//186 214//185 201//193 209//194
f 278//195 210//196 214//185 279//184
f 195//172 190//167 587//197
f 191//165 200//177 215//198 197//173
f 216//199 209//194 202//179 213//183
f 16//175 18//200 580//201 579//176
f 582//202 19//203 24//204 583//205
f 277//206 218//207 210//196 278//195
f 219//189 224//208 245//190
f 208//188 219//189 203//180
f 218//207 222//209 200//177 195//172
f 197//173 215//198 220//210 208//188
f 276//211 222//209 218//207 277//206
f 208//188 246//212 224//208 219//189
f 227//213 262//214 226//215 225//216
f 262//214 222//209 276//211
f 229//217 258//218 227//213 225//216
f 228//219 215//198 200//177 222//209
f 228//219 222//209 262//214 227//213
f 228//219 227//213 230//220
f 208//188 220//210 231//221 246//212
f 232//222 259//223 258//218 229//217
f 224//208 246//212 236//224 233//225
f 230//220 220//210 215//198 228//219
f 259//223 232//222 235//226 260//227
f 234//228 261//229 260//227 235//226
f 231//221 237//230 243//231 244//232
f 237//230 231//221 220//210 230//220
f 244//232 243//231 241//233 275//234
f 242//235 275//234 241//233 238//236
f 241//233 243//231 237//230
f 20//237 581//238 580//201 18//200
f 19//203 582//202 581//238 20//237
f 211//191 207//186 209//194 216//199
f 231//221 244//232 236//224 246//212
f 186//239 192//170 198//174 193//182
f 182//158 184//157 192//170 186//239
f 224//208 233//225 223//240
f 224//208 223//240 245//190
f 204/70/241 273/71/242 272/72/243 205/73/244
f 206/74/245 274/75/246 273/76/242 204/77/241
f 205/78/244 272/79/243 271/80/247 212/81/248
f 17/82/249 23/83/250 585/84/251 584/85/252
f 212/86/248 271/87/247 270/88/253 217/89/254
f 217/90/254 270/91/253 269/92/255 221/93/256
f 226/94/215 268/95/257 267/96/258 225/97/216
f 221/98/256 269/99/255 268/100/257 226/101/215
f 225/102/216 267/103/258 266/104/259 229/105/217
f 229/106/217 266/107/259 265/108/260 232/109/222
f 235/110/226 264/111/261 263/112/262 234/113/228
f 232/114/222 265/115/260 264/116/261 235/117/226
f 258//218 237//230 230//220 227//213
f 259//223 241//233 237//230 258//218
f 238//236 241//233 259//223 260//227
f 261//229 239//263 238//236 260//227
f 264/111/261 257/118/264 22/119/265 263/112/262
f 265/115/260 256/120/266 257/121/264 264/116/261
f 266/107/259 255/122/267 256/123/266 265/108/260
f 267/103/258 253/124/268 255/125/267 266/104/259
f 268/95/257 254/126/269 253/127/268 267/96/258
f 269/99/255 252/128/270 254/129/269 268/100/257
f 270/91/253 251/130/271 252/131/270 269/92/255
f 271/87/247 250/132/272 251/133/271 270/88/253
f 272/79/243 248/134/273 250/135/272 271/80/247
f 273/71/242 247/136/274 248/137/273 272/72/243
f 274/75/246 249/138/275 247/139/274 273/76/242
f 23/83/250 21/140/276 586/141/277 585/84/251
f 240//278 236//224 244//232 275//234
f 240//278 275//234 242//235
f 221//256 226//215 262//214 276//211
f 221//256 276//211 277//206 217//254
f 217//254 277//206 278//195 212//248
f 212//248 278//195 279//184 205//244
f 205//244 279//184 280//187 204//241
f 204//241 280//187 281//192 206//245
f 17//249 584//252 583//205 24//204
f 125//138 240//278 242//235 127//279
f 127//279 242//235 238//236 123//96
f 123//96 238//236 239//263 124//123
f 124//123 239//263 261//229 146//280
f 146//280 261//229 234//228 119//88
f 119/42/88 234/113/228 263/112/262 148/43/121
f 148/43/121 263/112/262 22/119/281 10/49/124
f 1//25 13//282 576//283 575//26
f 62//16 177//153 171//145 56//8
f 56//8 171//145 168//142 53//284
f 53//284 168//142 167//141 52//285
f 52//285 167//141 169//144 54//286
f 54//286 169//144 175//150 60//287
f 60//287 175//150 182//158 67//288
f 67//288 182//158 186//239 71//289
f 71//289 186//239 193//182 78//290
f 78//290 193//182 199//181 84//291
f 84//291 199//181 245//190 130//292
f 130//292 245//190 223//240 108//100
f 236//224 240//278 125//138 121//85
f 118//84 108//100 223//240 233//293
f 118//84 233//293 236//224 121//85
f 284//294 415//295 283//296 282//297
f 282//297 316//298 285//299 284//294
f 286//300 611//301 288//302 287//303
f 607//304 290//305 289//306 608//307
f 283//296 409//308 292//309 293//310
f 296//311 412//312 295//313 294//314
f 824//315 825//316 291//317 297//318
f 298//319 300//320 735//321
f 442//322 413//323 705//324 704//325
f 303//326 717//327 302//328 301//329
f 302//328 717//327 296//311 294//314
f 293//310 319//330 282//297 283//296
f 292//309 410//331 299//332 732//333
f 917//334 918//335 632//336 633//337
f 417//338 746//339 747//340 749//341
f 289//306 325//342 609//343 608//307
f 311//344 707//345 901//346 902//347
f 313//348 289//306 290//305 287//303
f 731//349 293//310 292//309 732//333
f 315//350 927//351 928//352 314//353
f 687//354 686//355 680//356 679//357
f 294//314 327//358 322//359 302//328
f 297//318 326//360 826//361 824//315
f 316//298 329//362 317//363 285//299
f 298//319 307//364 318//365 300//320
f 305//366 327//358 294//314 295//313
f 748//367 320//368 26//369 50//370
f 319//330 332//371 316//298 282//297
f 321//372 313//348 287//303 288//302
f 730//373 319//330 293//310 731//349
f 916//374 917//334 633//337 634//375
f 712//376 301//329 713//377
f 300//320 318//365 331//378 304//379
f 686//355 685//380 681//381 680//356
f 325//342 343//382 610//383 609//343
f 912//384 913//385 615//386 616//387
f 747//340 419//388 320//368 748//367
f 335//389 325//342 289//306 313//348
f 329//362 345//390 314//353 317//363
f 915//391 916//374 634//375 613//392
f 913//385 914//393 614//394 615//386
f 914//393 915//391 613//392 614//394
f 307//364 308//395 340//396 318//365
f 304//379 331//378 341//397 323//398
f 342//399 329//362 316//298 332//371
f 301//329 322//359 715//400
f 319//330 730//373 729//401 332//371
f 707//345 311//344 740//402 708//403
f 306//404 346//405 327//358 305//366
f 321//372 348//406 335//389 313//348
f 327//358 346//405 344//407 322//359
f 728//408 342//399 332//371 729//401
f 323//398 341//397 347//409 339//410
f 685//380 684//411 682//412 681//381
f 343//382 28//413 45//414 610//383
f 318//365 340//396 349//415 331//378
f 350//416 343//382 325//342 335//389
f 344//407 716//417 715//400 322//359
f 351//418 345//390 329//362 342//399
f 353//419 899//420 900//421 337//422
f 331//378 349//415 341//397
f 324//423 360//424 346//405 306//404
f 340//396 308//395 334//425
f 355//426 350//416 335//389 348//406
f 356//427 315//350 314//353 345//390
f 344//407 363//428 727//429 716//417
f 347//409 370//430 357//431 339//410
f 354//432 757//433 708//403 328//434
f 684//411 365//435 683//436 682//412
f 353//419 693//437 898//438 899//420
f 29//439 28//413 343//382 350//416
f 341//397 349//415 361//440 347//409
f 342//399 728//408 362//441 351//418
f 346//405 360//424 363//428 344//407
f 27//442 823//443 826//361 326//360
f 336//444 367//445 360//424 324//423
f 315//350 356//427 364//446 333//447
f 366//448 356//427 345//390 351//418
f 364//446 372//449 338//450 333//447
f 359//451 383//452 721//453 720//454
f 338//450 372//449 367//445 336//444
f 30//455 29//439 350//416 355//426
f 371//456 376//457 349//415 340//396
f 361//440 380//458 370//430 347//409
f 340//396 334//425 371//456
f 365//435 32//459 46//460 683//436
f 373//461 366//448 351//418 362//441
f 31//462 334//425 25//463
f 356//427 366//448 374//464 364//446
f 375//465 363//428 360//424 367//445
f 386//466 359//451 757//433 756//467
f 383//452 399//468 692//469 695//470
f 349//415 376//457 361//440
f 370//430 384//471 368//472 357//431
f 364//446 374//464 378//473 372//449
f 378//473 375//465 367//445 372//449
f 692//469 398//474 696//475 695//470
f 362//441 758//476 751//477
f 31//462 34//478 371//456 334//425
f 363//428 375//465 381//479 727//429
f 379//480 390//481 752//482 751//477
f 366//448 373//461 382//483 374//464
f 382//483 385//484 378//473 374//464
f 385//484 381//479 375//465 378//473
f 33//485 32//459 365//435 377//486
f 384//471 370//430 380//458
f 387//487 380//458 361//440 376//457
f 755//488 393//489 386//466 756//467
f 388//490 397//491 379//480 368//472
f 368//472 384//471 389//492
f 390//481 394//493 753//494 752//482
f 384//471 380//458 391//495
f 392//496 387//487 376//457 371//456
f 387//487 395//497 391//495 380//458
f 368//472 389//492 388//490
f 754//498 396//499 393//489 755//488
f 394//493 396//499 754//498 753//494
f 34//478 35//500 392//496 371//456
f 397//491 402//501 390//481 379//480
f 392//496 400//502 395//497 387//487
f 393//489 401//503 399//468 386//466
f 698//504 696//475 398//474 699//505
f 35//500 37//506 400//502 392//496
f 396//499 403//507 401//503 393//489
f 402//501 404//508 394//493 390//481
f 396//499 394//493 403//507
f 404//508 406//509 403//507 394//493
f 407//510 408//511 405//512 690//513
f 403//507 406//509 407//510 564//514
f 398//474 692//469 691//515 405//512
f 699//505 398//474 405//512 700//516
f 700//516 405//512 408//511 701//517
f 411//518 286//300 287//303 290//305
f 410//331 424//519 733//520 299//332
f 409//308 421//521 410//331 292//309
f 314//353 929//522 930//523 317//363
f 415//295 425//524 409//308 283//296
f 918//335 919//525 631//526 632//336
f 315//350 912//384 927//351
f 422//527 296//311 717//327 719//528
f 606//529 411//518 290//305 607//304
f 296//311 422//527 423//530 412//312
f 421//521 427//531 424//519 410//331
f 746//339 448//532 419//388 747//340
f 825//316 827//533 418//534 291//317
f 425//524 430//535 421//521 409//308
f 320//368 910//536 911//537 26//369
f 424//519 718//538 428//539 733//520
f 424//519 427//531 429//540 718//538
f 430//535 435//541 427//531 421//521
f 303//326 710//542 714//543
f 411//518 432//544 433//545 286//300
f 317//363 922//546 923//547 285//299
f 422//527 429//540 434//548 423//530
f 435//541 434//548 429//540 427//531
f 431//549 428//539 426//550 709//551
f 919//525 920//552 630//553 631//526
f 606//529 605//554 432//544 411//518
f 301//329 712//376 711//555 303//326
f 827//533 828//556 437//557 418//534
f 314//353 928//352 929//522
f 309//558 436//559 440//560 417//338
f 419//388 909//561 910//536 320//368
s 40
f 443//562 444//563 614//564 613//565
f 444//563 445//566 615//567 614//564
s 1
f 433//545 603//568 451//569 416//570
s 40
f 634//571 446//572 443//562 613//565
s 1
f 285//299 923//547 924//573 284//294
s 40
f 445//566 450//574 616//575 615//567
s 1
f 431//549 441//576 447//577 436//559
f 469//578 603//568 433//545 432//544
s 40
f 633//579 453//580 446//572 634//571
s 1
f 284//294 924//573 925//581 415//295
f 745//582 461//583 448//532 746//339
f 447//577 440//560 436//559
f 303//326 711//555 710//542
s 40
f 443//562 456//584 455//585 444//563
s 1
f 920//552 921//586 629//587 630//553
s 40
f 450//574 458//588 617//589 616//575
s 1
f 828//556 829//590 452//591 437//557
s 40
f 446//572 463//592 456//584 443//562
f 444//563 455//585 457//593 445//566
s 1
f 442//322 476//594 688//595 413//323
f 415//295 925//581 926//596 425//524
s 40
f 632//597 464//598 453//580 633//579
f 445//566 457//593 460//599 450//574
s 1
f 317//363 930//523 922//546
f 448//532 908//600 909//561 419//388
f 744//601 465//602 461//583 745//582
s 40
f 458//588 466//603 618//604 617//589
f 462//605 463//592 446//572 453//580
s 1
f 931//606 932//607 627//608 628//609
f 468//610 926//596 625//611 626//612
f 743//613 454//614 465//602 744//601
s 40
f 450//574 460//599 467//615 458//588
s 1
f 468//610 626//612 627//608 932//607
f 439//616 772//617 449//618
s 40
f 631//619 473//620 464//598 632//597
f 474//621 462//605 453//580 464//598
s 1
f 830//622 471//623 452//591 829//590
s 40
f 458//588 467//615 475//624 466//603
s 1
f 771//625 477//626 449//618 772//617
f 465//602 906//627 907//628 461//583
f 472//629 489//630 470//631 459//632
s 40
f 480//633 620//634 619//635 479//636
s 1
f 921//586 931//606 628//609 629//587
s 40
f 481//637 474//621 464//598 473//620
f 466//603 475//624 482//638 479//636
f 630//639 483//640 473//620 631//619
s 1
f 484//641 689//642 688//595 476//594
s 40
f 480//633 491//643 621//644 620//634
s 1
f 454//614 905//645 906//627 465//602
s 40
f 482//638 494//646 480//633 479//636
s 1
f 770//647 488//648 477//626 771//625
f 478//649 496//650 489//630 472//629
s 40
f 483//640 499//651 481//637 473//620
s 1
f 830//622 831//652 490//653 471//623
s 40
f 629//654 497//655 483//640 630//639
s 1
f 469//578 604//656 492//657 495//658
f 489//630 500//659 486//660 470//631
s 40
f 491//643 498//661 622//662 621//644
f 494//646 503//663 491//643 480//633
f 628//664 509//665 497//655 629//654
s 1
f 496//650 510//666 500//659 489//630
s 40
f 502//667 623//668 622//662 498//661
f 503//663 513//669 498//661 491//643
s 1
f 488//648 770//647 769//670 505//671
f 506//672 602//673 601//674 485//675
s 40
f 507//676 499//651 483//640 497//655
s 1
f 500//659 520//677 501//678 486//660
f 508//679 493//680 689//642 484//641
f 487//681 515//682 510//666 496//650
f 768//683 511//684 505//671 769//670
s 40
f 623//668 502//667 512//685 624//686
f 513//669 525//687 502//667 498//661
f 514//688 509//665 628//664 627//689
f 618//604 466//603 479//636 619//635
s 1
f 493//680 508//679 515//682 487//681
s 40
f 516//690 507//676 497//655 509//665
f 624//686 512//685 517//691 625//692
f 626//693 523//694 514//688 627//689
s 1
f 767//695 518//696 511//684 768//683
f 510//666 529//697 520//677 500//659
f 521//698 506//672 485//675 495//658
f 522//699 521//698 495//658 492//657
s 40
f 625//692 517//691 523//694 626//693
s 1
f 524//700 522//699 492//657 490//653
f 461//583 907//628 908//600 448//532
f 832//701 524//700 490//653 831//652
s 40
f 525//687 532//702 512//685 502//667
s 1
f 518//696 767//695 766//703 527//704
f 527//704 766//703 833//705 834//706
f 506//672 541//707 528//708 602//673
f 520//677 536//709 504//710 501//678
f 515//682 533//711 529//697 510//666
s 40
f 530//712 516//690 509//665 514//688
f 532//702 535//713 517//691 512//685
s 1
f 508//679 528//708 533//711 515//682
s 40
f 534//714 530//712 514//688 523//694
f 535//713 534//714 523//694 517//691
s 1
f 529//697 539//715 536//709 520//677
f 504//710 536//709 537//716 519//717
f 519//717 537//716 538//718 531//719
f 531//719 538//718 540//720 526//721
f 533//711 544//722 539//715 529//697
f 540//720 835//723 836//724 526//721
f 542//725 541//707 506//672 521//698
f 522//699 546//726 542//725 521//698
f 536//709 539//715 543//727 537//716
f 537//716 543//727 545//728 538//718
f 545//728 549//729 540//720 538//718
f 522//699 524//700 547//730 546//726
f 548//731 543//727 539//715 544//722
f 541//707 542//725 548//731 544//722
f 549//729 837//732 835//723 540//720
f 548//731 550//733 545//728 543//727
f 550//733 548//731 542//725 546//726
f 550//733 551//734 549//729 545//728
f 546//726 547//730 551//734 550//733
f 839//735 551//734 547//730 838//736
f 551//734 839//735 837//732 549//729
f 528//708 541//707 544//722 533//711
f 384/142/471 553/143/737 552/144/738 389/145/492
f 391/146/495 554/147/739 553/148/737 384/149/471
f 389/150/492 552/144/738 555/151/740 388/152/490
f 395/153/497 556/154/741 554/155/739 391/156/495
f 388/157/490 555/158/740 557/159/742 397/160/491
f 400/161/502 558/162/743 556/163/741 395/164/497
f 397/165/491 557/166/742 559/167/744 402/168/501
f 41/169/745 558/170/743 400/171/502 37/172/506
f 402/173/501 559/174/744 560/175/746 404/176/508
f 404/177/508 560/175/746 561/178/747 406/179/509
f 406/180/509 561/181/747 562/182/748 407/183/510
f 407/184/510 562/185/748 563/186/749 408/187/511
f 408/188/511 563/186/749 702/189/750 701/190/517
f 403//507 564//514 401//503
f 690//513 405//512 691//515
f 10/49/124 703/191/751 600/192/752 142/50/125
f 142/50/125 600/192/752 599/193/753 141/51/126
f 141/52/126 599/194/753 598/195/754 140/53/127
f 140/54/127 598/196/754 597/197/755 138/55/128
f 138/55/128 597/197/755 596/198/756 139/56/129
f 139/57/129 596/199/756 595/200/757 137/58/130
f 137/59/130 595/201/757 594/202/758 136/60/131
f 136/61/131 594/203/758 593/204/759 135/62/132
f 135/62/132 593/204/759 592/205/760 133/63/133
f 133/64/133 592/206/760 591/207/761 132/65/134
f 132/66/134 591/208/761 590/209/762 134/67/135
f 43/210/763 9/69/137 565/68/136 589/211/764
f 566/15/111 159/212/106 134/213/135 565/68/136
f 567/14/110 91/214/105 159/212/106 566/15/111
f 568//63 166//55 91//105 567//110
f 96//56 166//55 568//63 569//66
f 570//98 101//59 96//56 569//66
f 571//61 98//45 101//59 570//98
f 572//37 79//33 98//45 571//61
f 573//30 72//18 79//33 572//37
f 574//23 68//15 72//18 573//30
f 62//16 68//15 574//23 575//26
f 576//283 177//153 62//16 575//26
f 177//153 576//161 577//164 183//154
f 578//169 187//156 183//154 577//164
f 579//176 194//171 187//156 578//169
f 580//201 213//183 194//171 579//176
f 581//238 216//199 213//183 580//201
f 582//202 211//191 216//199 581//238
f 211//191 582//202 583//205 281//192
f 584//252 206//245 281//192 583//205
f 585/84/251 274/215/246 206/216/245 584/85/252
f 586/141/277 249/217/275 274/215/246 585/84/251
f 210//196 218//207 195//172 587//197
f 201//193 214//185 210//196 587//197
f 201//193 587//197 190//167 588//178
f 202//179 209//194 201//193 588//178
f 589/218/764 565/68/136 134/213/135 590/219/762
f 558/170/743 41/169/745 43/210/763 589/211/764
f 558/162/743 589/218/764 590/219/762 556/154/741
f 591/208/761 554/155/739 556/154/741 590/209/762
f 592/206/760 553/148/737 554/147/739 591/207/761
f 593/204/759 552/144/738 553/143/737 592/205/760
f 594/203/758 555/151/740 552/144/738 593/204/759
f 595/201/757 557/159/742 555/158/740 594/202/758
f 596/199/756 559/167/744 557/166/742 595/200/757
f 597/197/755 560/175/746 559/174/744 596/198/756
f 598/196/754 561/178/747 560/175/746 597/197/755
f 599/194/753 562/182/748 561/181/747 598/195/754
f 600/192/752 563/186/749 562/185/748 599/193/753
f 702/189/750 563/186/749 600/192/752 703/191/751
f 604//656 469//578 432//544 605//554
f 451//569 601//674 476//594 442//322
f 602//673 484//641 476//594 601//674
f 484//641 602//673 528//708 508//679
f 485//675 601//674 451//569 603//568
f 469//578 495//658 485//675 603//568
f 490//653 492//657 604//656 471//623
f 452//591 471//623 604//656 605//554
f 437//557 452//591 605//554 606//529
f 418//534 437//557 606//529 607//304
f 291//317 418//534 607//304 608//307
f 609//343 297//318 291//317 608//307
f 610//383 326//360 297//318 609//343
f 45//414 27//442 326//360 610//383
f 286//300 433//545 416//570 611//301
f 524//700 832//701 838//736 547//730
s 40
f 635//765 639//766 640//767 636//768
f 636//768 638//769 637//770 635//765
f 638//769 644//771 643//772 637//770
f 639//766 642//773 641//774 640//767
f 642//773 647//775 648//776 641//774
f 644//771 646//777 645//778 643//772
f 646//777 649//779 650//780 645//778
f 647//775 653//781 654//782 648//776
f 649//779 652//783 651//784 650//780
f 652//783 656//785 655//786 651//784
f 653//781 658//787 657//788 654//782
f 656//785 660//789 659//790 655//786
f 658//787 664//791 663//792 657//788
f 660//789 661//793 662//794 659//790
f 661//793 665//795 666//796 662//794
f 664//791 668//797 667//798 663//792
f 665//795 669//799 670//800 666//796
f 668//797 674//801 673//802 667//798
f 669//799 671//803 672//804 670//800
f 671//803 677//805 678//806 672//804
f 674//801 676//807 675//808 673//802
f 676//807 678//806 677//805 675//808
f 635//765 637//770 455//809 456//810
f 455//809 637//770 643//772 457//811
f 639//766 635//765 456//810 463//812
f 457//811 643//772 645//778 460//813
f 463//812 462//814 642//773 639//766
f 650//780 467//815 460//813 645//778
f 474//621 647//775 642//773 462//814
f 650//780 651//784 475//816 467//815
f 474//621 481//637 653//781 647//775
f 655//786 482//817 475//816 651//784
f 659//790 494//818 482//817 655//786
f 499//651 658//787 653//781 481//637
f 662//794 503//819 494//818 659//790
f 499//651 507//676 664//791 658//787
f 662//794 666//796 513//820 503//819
f 507//676 516//690 668//797 664//791
f 666//796 670//800 525//821 513//820
f 516//690 530//822 674//801 668//797
f 670//800 672//804 532//823 525//821
f 674//801 530//822 534//824 676//807
f 535//825 532//823 672//804 678//806
f 534//824 535//825 678//806 676//807
s 1
f 416//570 451//569 442//322 704//325
f 680//356 288//302 611//301 679//357
f 681//381 321//372 288//302 680//356
f 682//412 348//406 321//372 681//381
f 683//436 355//426 348//406 682//412
f 46//460 30//455 355//426 683//436
f 358//826 377//486 365//435 684//411
f 358//826 684//411 685//380 352//827
f 330//828 352//827 685//380 686//355
f 330//828 686//355 687//354 310//829
f 705//324 413//323 312//830 706//831
f 688//595 420//832 312//830 413//323
f 689//642 438//833 420//832 688//595
f 386//466 383//452 359//451
f 399//468 383//452 386//466
f 407//510 690//513 564//514
f 401//503 564//514 690//513 691//515 399//468
f 692//469 399//468 691//515
f 897//834 898//438 693//437 694//835
f 896//836 897//834 694//835 697//837
f 383//452 695//470 722//838 721//453
f 722//838 695//470 696//475 723//839
f 696//475 698//504 724//840 723//839
f 47//841 895//842 896//836 697//837
f 698//504 48//843 49//844 724//840
f 36//845 48//843 698//504 699//505
f 38//846 36//845 699//505 700//516
f 39//847 38//846 700//516 701//517
f 702/189/750 42/220/848 39/221/847 701/190/517
f 44/222/849 42/220/848 702/189/750 703/191/751
f 10/49/124 44/222/849 703/191/751
f 611//301 416//570 704//325 679//357
f 679//357 704//325 705//324 687//354
f 687//354 705//324 706//831 310//829
f 900//421 901//346 707//345 337//422
f 337//422 707//345 708//403 720//454
f 710//542 441//576 431//549 709//551
f 742//850 738//851 454//614 743//613
f 741//852 739//853 738//851 742//850
f 311//344 739//853 741//852 740//402
f 726//854 354//432 328//434 725//855
f 710//542 709//551 426//550 714//543
f 718//538 429//540 422//527 719//528
f 716//417 726//854 725//855 715//400
f 369//856 726//854 716//417
f 322//359 301//329 302//328
f 426//550 718//538 719//528 714//857
f 303//326 714//857 719//528 717//327
f 369//856 354//432 726//854
f 720//454 708//403 757//433 359//451
f 721//453 353//419 337//422 720//454
f 722//838 693//437 353//419 721//453
f 693//437 722//838 723//839 694//835
f 724//840 697//837 694//835 723//839
f 49//844 47//841 697//837 724//840
f 725//855 713//377 301//329 715//400
f 328//434 713//377 725//855
f 727//429 369//856 716//417
f 381//479 369//856 727//429
f 758//476 362//441 728//408 759//858
f 759//858 728//408 729//401 760//859
f 730//373 761//860 760//859 729//401
f 761//860 730//373 731//349 762//861
f 762//861 731//349 732//333 763//862
f 299//332 764//863 763//862 732//333
f 414//864 734//865 298//319 735//321
f 428//539 436//559 414//864 733//520
f 431//549 436//559 428//539
f 298//319 734//865 309//558 307//364
f 436//559 309//558 734//865
f 436//559 734//865 414//864
f 299//332 733//520 414//864 765//866
f 764//863 299//332 765//866
f 718//538 426//550 428//539
f 487//681 496//650 478//649 736//867
f 737//868 493//680 487//681 736//867
f 438//833 689//642 493//680 737//868
f 904//869 905//645 454//614 738//851
f 739//853 903//870 904//869 738//851
f 311//344 902//347 903//870 739//853
f 740//402 328//434 708//403
f 712//376 713//377 328//434
f 712//376 741//852 742//850 711//555
f 711//555 441//576 710//542
f 441//576 743//613 744//601 447//577
f 447//577 744//601 745//582 440//560
f 440//560 745//582 746//339 417//338
f 749//341 747//340 748//367 750//871
f 750//871 748//367 50//370 51//872
f 740//402 741//852 712//376 328//434
f 711//555 742//850 743//613 441//576
f 417//338 749//341 308//395 307//364 309//558
f 308//395 749//341 750//871 334//425
f 25//463 334//425 750//871 51//872
f 752//482 373//461 362//441 751//477
f 753//494 382//483 373//461 752//482
f 754//498 385//484 382//483 753//494
f 385//484 754//498 755//488 381//479
f 381//479 755//488 756//467 369//856
f 757//433 354//432 369//856 756//467
f 758//476 368//472 379//480 751//477
f 368//472 758//476 759//858 357//431
f 339//410 357//431 759//858 760//859
f 761//860 339//410 760//859
f 323//398 339//410 761//860 762//861
f 304//379 323//398 762//861 763//862
f 764//863 300//320 304//379 763//862
f 300//320 764//863 765//866 735//321
f 414//864 735//321 765//866
f 766//703 526//721 836//724 833//705
f 767//695 531//719 526//721 766//703
f 519//717 531//719 767//695 768//683
f 504//710 519//717 768//683 769//670
f 770//647 501//678 504//710 769//670
f 486//660 501//678 770//647 771//625
f 470//631 486//660 771//625 772//617
f 439//616 459//632 470//631 772//617
f 777//873 778//874 477//626 488//648
f 775//875 776//876 505//671 511//684
f 776//876 777//873 488//648 505//671
f 774//877 775//875 511//684 518//696
f 773//878 774//877 518//696 527//704
f 840//879 773//878 527//704 834//706
s 46
f 779/223/880 780/224/881 788/225/882 787/226/883
f 780/227/881 779/228/880 781/229/884 782/230/885
f 782/231/885 781/232/884 819/233/886 820/234/887
f 783/235/888 784/236/889 804/237/890 803/238/891
f 784/239/889 783/240/888 785/241/892 786/242/893
f 786/243/893 785/244/892 821/245/894 822/246/895
f 787/247/883 788/248/882 790/249/896 789/250/897
f 789/251/897 790/252/896 796/253/898 795/254/899
f 791/255/900 792/256/901 822/257/895 821/258/894
f 792/259/901 791/260/900 793/261/902 794/262/903
f 794/263/903 793/264/902 797/265/904 798/266/905
f 795/267/899 796/268/898 798/269/905 797/270/904
f 799/271/906 800/272/907 820/273/887 819/274/886
f 800/275/907 799/276/906 801/277/908 802/278/909
f 802/279/909 801/280/908 807/281/910 808/282/911
f 803/283/891 804/284/890 806/285/912 805/286/913
f 805/287/913 806/288/912 812/289/914 811/290/915
f 808/291/911 807/292/910 809/293/916 810/294/917
f 810/295/917 809/296/916 813/297/918 814/298/919
f 811/299/915 812/300/914 818/301/920 817/302/921
f 814/303/919 813/304/918 815/305/922 816/306/923
f 816/307/923 815/308/922 817/309/921 818/310/920
s 48
f 779/228/924 612/311/925 781/229/926
f 783/240/927 612/311/925 785/241/928
f 787/226/929 612/311/925 779/223/924
f 789/250/930 612/311/925 787/247/929
f 791/260/931 612/311/925 793/261/932
f 795/254/933 612/311/925 789/251/930
f 793/264/932 612/311/925 797/265/934
f 797/270/934 612/311/925 795/267/933
f 799/276/935 612/311/925 801/277/936
f 803/238/937 612/311/925 783/235/927
f 805/286/938 612/311/925 803/283/937
f 801/280/936 612/311/925 807/281/939
f 807/292/939 612/311/925 809/293/940
f 811/290/941 612/311/925 805/287/938
f 809/296/940 612/311/925 813/297/942
f 813/304/942 612/311/925 815/305/943
f 817/302/944 612/311/925 811/299/941
f 815/308/943 612/311/925 817/309/944
f 781/232/926 612/311/925 819/233/945
f 819/274/945 612/311/925 799/271/935
f 821/258/946 612/311/925 791/255/931
f 785/244/928 612/311/925 821/245/946
s 52
f 638//947 796//948 790//949 644//950
f 641//951 792//952 794//953 640//954
f 644//950 790//949 788//955 646//956
f 792//952 641//951 648//957 822//958
f 652//959 649//960 780//961 782//962
f 654//963 657//964 784//965 786//966
f 656//967 820//968 800//969 660//970
f 784//965 657//964 663//971 804//972
f 808//973 665//974 661//975 802//976
f 804//972 663//971 667//977 806//978
f 669//979 665//974 808//973 810//980
f 671//981 669//979 810//980 814//982
f 806//978 667//977 673//983 812//984
f 816//985 677//986 671//981 814//982
f 812//984 673//983 675//987 818//988
f 675//987 677//986 816//985 818//988
f 780//961 649//960 646//956 788//955
f 636//989 798//990 796//948 638//947
f 640//954 794//953 798//990 636//989
f 802//976 661//975 660//970 800//969
f 656//967 652//959 782//962 820//968
f 822//958 648//957 654//963 786//966
s 1
f 825/312/316 824/313/315 843/314/991 842/315/992
f 824/316/315 826/317/361 844/318/993 843/319/991
f 826/320/361 823/321/443 841/322/994 844/323/993
f 827/324/533 825/325/316 842/326/992 845/327/995
f 828/328/556 827/329/533 845/330/995 846/331/996
f 829/332/590 828/333/556 846/334/996 847/335/997
f 830/336/622 829/337/590 847/338/997 848/339/998
f 831/340/652 830/341/622 848/342/998 849/343/999
f 832/344/701 831/345/652 849/346/999 850/347/1000
f 834/348/706 833/349/705 852/350/1001 851/351/1002
f 836/352/724 835/353/723 854/354/1003 853/355/1004
f 835/356/723 837/357/732 855/358/1005 854/359/1003
f 839/360/735 838/361/736 857/362/1006 856/363/1007
f 837/364/732 839/365/735 856/366/1007 855/367/1005
f 838/368/736 832/369/701 850/370/1000 857/371/1006
f 833/372/705 836/373/724 853/374/1004 852/375/1001
f 840/376/879 834/377/706 851/378/1002 858/379/1008
f 842/380/992 843/381/991 861/382/1009 860/383/1010
f 843/384/991 844/385/993 862/386/1011 861/387/1009
f 844/388/993 841/389/994 859/390/1012 862/391/1011
f 845/392/995 842/393/992 860/394/1010 863/395/1013
f 846/396/996 845/397/995 863/398/1013 864/399/1014
f 847/400/997 846/401/996 864/402/1014 865/403/1015
f 848/404/998 847/405/997 865/406/1015 866/407/1016
f 849/408/999 848/409/998 866/410/1016 867/411/1017
f 850/412/1000 849/413/999 867/414/1017 868/415/1018
f 851/416/1002 852/417/1001 870/418/1019 869/419/1020
f 853/420/1004 854/421/1003 872/422/1021 871/423/1022
f 854/424/1003 855/425/1005 873/426/1023 872/427/1021
f 856/428/1007 857/429/1006 875/430/1024 874/431/1025
f 855/432/1005 856/433/1007 874/434/1025 873/435/1023
f 857/436/1006 850/437/1000 868/438/1018 875/439/1024
f 852/440/1001 853/441/1004 871/442/1022 870/443/1019
f 858/444/1008 851/445/1002 869/446/1020 876/447/1026
f 860/448/1010 861/449/1009 879/450/1027 878/451/1028
f 861/452/1009 862/453/1011 880/454/1029 879/455/1027
f 862/456/1011 859/457/1012 877/458/1030 880/459/1029
f 863/460/1013 860/461/1010 878/462/1028 881/463/1031
f 864/464/1014 863/465/1013 881/466/1031 882/467/1032
f 865/468/1015 864/469/1014 882/470/1032 883/471/1033
f 866/472/1016 865/473/1015 883/474/1033 884/475/1034
f 867/476/1017 866/477/1016 884/478/1034 885/479/1035
f 868/480/1018 867/481/1017 885/482/1035 886/483/1036
f 869/484/1020 870/485/1019 888/486/1037 887/487/1038
f 871/488/1022 872/489/1021 890/490/1039 889/491/1040
f 872/492/1021 873/493/1023 891/494/1041 890/495/1039
f 874/496/1025 875/497/1024 893/498/1042 892/499/1043
f 873/500/1023 874/501/1025 892/502/1043 891/503/1041
f 875/504/1024 868/505/1018 886/506/1036 893/507/1042
f 870/508/1019 871/509/1022 889/510/1040 888/511/1037
f 876/512/1026 869/513/1020 887/514/1038 894/515/1044
f 896//836 895//842 33//485 377//486
f 358//826 897//834 896//836 377//486
f 352//827 898//438 897//834 358//826
f 899//420 898//438 352//827 330//828
f 900//421 899//420 330//828 310//829
f 310//829 706//831 901//346 900//421
f 902//347 901//346 706//831 312//830
f 903//870 902//347 312//830 420//832
f 904//869 903//870 420//832 438//833
f 438//833 737//868 905//645 904//869
f 906//627 905//645 737//868 736//867
f 907//628 906//627 736//867 478//649
f 908//600 907//628 478//649 472//629
f 909//561 908//600 472//629 459//632
f 910//536 909//561 459//632 439//616
f 911//537 910//536 439//616 40//1045
f 333//447 913//385 912//384 315//350
f 338//450 914//393 913//385 333//447
f 336//444 915//391 914//393 338//450
f 324//423 916//374 915//391 336//444
f 306//404 917//334 916//374 324//423
f 305//366 918//335 917//334 306//404
f 295//313 919//525 918//335 305//366
f 412//312 920//552 919//525 295//313
f 423//530 921//586 920//552 412//312
f 923//547 922//546 621//1046 622//1047
f 924//573 923//547 622//1047 623//1048
f 925//581 924//573 623//1048 624//1049
f 926//596 925//581 624//1049 625//611
f 927//351 912//384 616//387 617//1050
f 928//352 927//351 617//1050 618//1051
f 929//522 928//352 618//1051 619//1052
f 930//523 929//522 619//1052 620//1053
f 922//546 930//523 620//1053 621//1046
f 423//530 931//606 921//586
f 434//548 932//607 931//606 423//530
f 468//610 932//607 434//548 435//541
f 468//610 435//541 430//535
f 425//524 926//596 468//610 430//535
f 936//1054 938//1055 933//1056 934//1057
f 938//1055 940//1058 935//1059 933//1056
f 934//1057 937//1060 939//1061 936//1054
f 942//1062 944//1063 938//1055 936//1054
f 940//1058 947//1064 941//1065 935//1059
f 938//1055 944//1063 945//1066 940//1058
f 946//1067 942//1062 936//1054 939//1061
f 937//1060 943//1068 949//1069 939//1061
f 945//1066 951//1070 947//1064 940//1058
f 949//1069 953//1071 946//1067 939//1061
f 950//1072 948//1073 941//1065 947//1064
f 942//1062 955//1074 954//1075 944//1063
f 1455//1076 1456//1077 1//25 2//24
f 951//1070 957//1078 950//1072 947//1064
f 946//1067 962//1079 955//1074 942//1062
f 944//1063 954//1075 956//1080 945//1066
f 2//24 3//31 1454//1081 1455//1076
f 957//1078 958//1082 950//1072
f 960//1083 962//1079 946//1067 953//1071
f 945//1066 956//1080 961//1084 951//1070
f 963//1085 964//1086 958//1082
f 3//31 4//38 1453//1087 1454//1081
f 963//1085 958//1082 957//1078
f 951//1070 961//1084 966//1088 957//1078
f 967//1089 954//1075 955//1074
f 968//1090 967//1089 955//1074 962//1079
f 967//1089 956//1080 954//1075
f 969//1091 965//1092 959//1093 964//1086
f 960//1083 979//1094 968//1090 962//1079
f 1045//1095 980//1096 973//1097 1046//1098
f 974//1099 969//1091 964//1086 963//1085
f 968//1090 975//1100 967//1089
f 967//1089 980//1096 976//1101 956//1080
f 965//1092 969//1091 985//1102 1011//1103
f 1046//1098 973//1097 977//1104 1047//1105
f 973//1097 980//1096 967//1089 975//1100
f 1044//1106 976//1101 980//1096 1045//1095
f 976//1101 984//1107 961//1084 956//1080
f 968//1090 982//1108 975//1100
f 957//1078 966//1088 981//1109 963//1085
f 979//1094 982//1108 968//1090
f 4//38 6//62 1452//1110 1453//1087
f 1449//1111 1450//1112 7//65 12//64
f 1043//1113 984//1107 976//1101 1044//1106
f 985//1102 990//1114 1011//1103
f 974//1099 985//1102 969//1091
f 984//1107 988//1115 966//1088 961//1084
f 963//1085 981//1109 986//1116 974//1099
f 1042//1117 988//1115 984//1107 1043//1113
f 974//1099 1012//1118 990//1114 985//1102
f 993//1119 1028//1120 992//1121 991//1122
f 1028//1120 988//1115 1042//1117
f 995//1123 1024//1124 993//1119 991//1122
f 994//1125 981//1109 966//1088 988//1115
f 994//1125 988//1115 1028//1120 993//1119
f 994//1125 993//1119 996//1126
f 974//1099 986//1116 997//1127 1012//1118
f 998//1128 1025//1129 1024//1124 995//1123
f 990//1114 1012//1118 1002//1130 999//1131
f 996//1126 986//1116 981//1109 994//1125
f 1025//1129 998//1128 1001//1132 1026//1133
f 1000//1134 1027//1135 1026//1133 1001//1132
f 997//1127 1003//1136 1009//1137 1010//1138
f 1003//1136 997//1127 986//1116 996//1126
f 1010//1138 1009//1137 1007//1139 1041//1140
f 1008//1141 1041//1140 1007//1139 1004//1142
f 1007//1139 1009//1137 1003//1136
f 8//97 1451//1143 1452//1110 6//62
f 7//65 1450//1112 1451//1143 8//97
f 977//1104 973//1097 975//1100 982//1108
f 997//1127 1010//1138 1002//1130 1012//1118
f 952//1144 958//1082 964//1086 959//1093
f 948//1073 950//1072 958//1082 952//1144
f 990//1114 999//1131 989//1145
f 990//1114 989//1145 1011//1103
f 970/516/1146 1039/519/1147 1038/518/1148 971/517/1149
f 972/520/1150 1040/523/1151 1039/522/1147 970/521/1146
f 971/524/1149 1038/527/1148 1037/526/1152 978/525/1153
f 5/528/109 11/531/112 1447/530/1154 1448/529/1155
f 978/532/1153 1037/535/1152 1036/534/1156 983/533/1157
f 983/536/1157 1036/539/1156 1035/538/1158 987/537/1159
f 992/540/1121 1034/543/1160 1033/542/1161 991/541/1122
f 987/544/1159 1035/547/1158 1034/546/1160 992/545/1121
f 991/548/1122 1033/551/1161 1032/550/1162 995/549/1123
f 995/552/1123 1032/555/1162 1031/554/1163 998/553/1128
f 1001/556/1132 1030/559/1164 1029/558/1165 1000/557/1134
f 998/560/1128 1031/563/1163 1030/562/1164 1001/561/1132
f 1024//1124 1003//1136 996//1126 993//1119
f 1025//1129 1007//1139 1003//1136 1024//1124
f 1004//1142 1007//1139 1025//1129 1026//1133
f 1027//1135 1005//1166 1004//1142 1026//1133
f 1030/559/1164 1023/565/1167 10/564/124 1029/558/1165
f 1031/563/1163 1022/566/1168 1023/565/1167 1030/562/1164
f 1032/555/1162 1021/568/1169 1022/567/1168 1031/554/1163
f 1033/551/1161 1019/570/1170 1021/569/1169 1032/550/1162
f 1034/543/1160 1020/571/1171 1019/570/1170 1033/542/1161
f 1035/547/1158 1018/573/1172 1020/572/1171 1034/546/1160
f 1036/539/1156 1017/575/1173 1018/574/1172 1035/538/1158
f 1037/535/1152 1016/577/1174 1017/576/1173 1036/534/1156
f 1038/527/1148 1014/578/1175 1016/577/1174 1037/526/1152
f 1039/519/1147 1013/580/1176 1014/579/1175 1038/518/1148
f 1040/523/1151 1015/582/1177 1013/581/1176 1039/522/1147
f 11/531/112 9/584/137 1446/583/1178 1447/530/1154
f 1006//1179 1002//1130 1010//1138 1041//1140
f 1006//1179 1041//1140 1008//1141
f 987//1159 992//1121 1028//1120 1042//1117
f 987//1159 1042//1117 1043//1113 983//1157
f 983//1157 1043//1113 1044//1106 978//1153
f 978//1153 1044//1106 1045//1095 971//1149
f 971//1149 1045//1095 1046//1098 970//1146
f 970//1146 1046//1098 1047//1105 972//1150
f 5//109 1448//1155 1449//1111 12//64
f 1051//1180 1049//1181 1048//1182 1053//1183
f 1053//1183 1048//1182 1050//1184 1055//1185
f 1049//1181 1051//1180 1054//1186 1052//1187
f 1057//1188 1051//1180 1053//1183 1059//1189
f 1055//1185 1050//1184 1056//1190 1062//1191
f 1053//1183 1055//1185 1060//1192 1059//1189
f 1061//1193 1054//1186 1051//1180 1057//1188
f 1052//1187 1054//1186 1064//1194 1058//1195
f 1060//1192 1055//1185 1062//1191 1066//1196
f 1064//1194 1054//1186 1061//1193 1068//1197
f 1065//1198 1062//1191 1056//1190 1063//1199
f 1057//1188 1059//1189 1069//1200 1070//1201
f 1457//1202 1458//1203 14//163 13//162
f 1066//1196 1062//1191 1065//1198 1072//1204
f 1061//1193 1057//1188 1070//1201 1077//1205
f 1059//1189 1060//1192 1071//1206 1069//1200
f 14//163 1458//1203 1459//1207 15//168
f 1072//1204 1065//1198 1073//1208
f 1075//1209 1068//1197 1061//1193 1077//1205
f 1060//1192 1066//1196 1076//1210 1071//1206
f 1078//1211 1073//1208 1079//1212
f 15//168 1459//1207 1460//1213 16//175
f 1078//1211 1072//1204 1073//1208
f 1066//1196 1072//1204 1081//1214 1076//1210
f 1469//1215 1070//1201 1069//1200
f 1083//1216 1077//1205 1070//1201 1469//1215
f 1071//1206 1469//1215 1069//1200
f 1084//1217 1079//1212 1074//1218 1080//1219
f 1075//1209 1077//1205 1083//1216 1094//1220
f 1160//1221 1161//1222 1088//1223 1095//1224
f 1089//1225 1078//1211 1079//1212 1084//1217
f 1080//1219 1126//1226 1100//1227 1084//1217
f 1161//1222 1162//1228 1092//1229 1088//1223
f 1088//1223 1090//1230 1082//1231 1095//1224
f 1159//1232 1160//1221 1095//1224 1091//1233
f 1076//1210 1468//1234 1071//1206
f 1072//1204 1078//1211 1096//1235 1081//1214
f 1097//1236 1094//1220 1083//1216 1090//1230
f 16//175 1460//1213 1461//1237 18//200
f 1463//1238 1464//1239 24//204 19//203
f 1158//1240 1159//1232 1091//1233 1099//1241
f 1100//1227 1126//1226 1105//1242
f 1089//1225 1084//1217 1100//1227
f 1099//1241 1076//1210 1081//1214 1103//1243
f 1078//1211 1089//1225 1101//1244 1096//1235
f 1157//1245 1158//1240 1099//1241 1103//1243
f 1089//1225 1100//1227 1105//1242 1127//1246
f 1108//1247 1106//1248 1107//1249 1143//1250
f 1143//1250 1157//1245 1103//1243
f 1110//1251 1106//1248 1108//1247 1139//1252
f 1109//1253 1103//1243 1081//1214 1096//1235
f 1109//1253 1108//1247 1143//1250 1103//1243
f 1109//1253 1111//1254 1108//1247
f 1089//1225 1127//1246 1112//1255 1101//1244
f 1113//1256 1110//1251 1139//1252 1140//1257
f 1105//1242 1114//1258 1117//1259 1127//1246
f 1111//1254 1109//1253 1096//1235 1101//1244
f 1140//1257 1141//1260 1116//1261 1113//1256
f 1115//1262 1116//1261 1141//1260 1142//1263
f 1112//1255 1125//1264 1124//1265 1118//1266
f 1118//1266 1111//1254 1101//1244 1112//1255
f 1125//1264 1156//1267 1122//1268 1124//1265
f 1123//1269 1119//1270 1122//1268 1156//1267
f 1122//1268 1118//1266 1124//1265
f 20//237 18//200 1461//1237 1462//1271
f 19//203 20//237 1462//1271 1463//1238
f 1092//1229 1097//1236 1090//1230 1088//1223
f 1112//1255 1127//1246 1117//1259 1125//1264
f 1067//1272 1074//1218 1079//1212 1073//1208
f 1063//1199 1067//1272 1073//1208 1065//1198
f 1105//1242 1104//1273 1114//1258
f 1105//1242 1126//1226 1104//1273
f 1085/585/1274 1086/588/1275 1153/587/1276 1154/586/1277
f 1087/589/1278 1085/592/1274 1154/591/1277 1155/590/1279
f 1086/593/1275 1093/596/1280 1152/595/1281 1153/594/1276
f 17/597/249 1465/600/1282 1466/599/1283 23/598/250
f 1093/601/1280 1098/604/1284 1151/603/1285 1152/602/1281
f 1098/605/1284 1102/608/1286 1150/607/1287 1151/606/1285
f 1107/609/1249 1106/612/1248 1148/611/1288 1149/610/1289
f 1102/613/1286 1107/616/1249 1149/615/1289 1150/614/1287
f 1106/617/1248 1110/620/1251 1147/619/1290 1148/618/1288
f 1110/621/1251 1113/624/1256 1146/623/1291 1147/622/1290
f 1116/625/1261 1115/628/1262 1144/627/1292 1145/626/1293
f 1113/629/1256 1116/632/1261 1145/631/1293 1146/630/1291
f 1139//1252 1108//1247 1111//1254 1118//1266
f 1140//1257 1139//1252 1118//1266 1122//1268
f 1119//1270 1141//1260 1140//1257 1122//1268
f 1142//1263 1141//1260 1119//1270 1120//1294
f 1145/626/1293 1144/627/1292 22/634/1295 1138/633/1296
f 1146/630/1291 1145/631/1293 1138/636/1296 1137/635/1297
f 1147/622/1290 1146/623/1291 1137/638/1297 1136/637/1298
f 1148/618/1288 1147/619/1290 1136/640/1298 1134/639/1299
f 1149/610/1289 1148/611/1288 1134/642/1299 1135/641/1300
f 1150/614/1287 1149/615/1289 1135/644/1300 1133/643/1301
f 1151/606/1285 1150/607/1287 1133/646/1301 1132/645/1302
f 1152/602/1281 1151/603/1285 1132/648/1302 1131/647/1303
f 1153/594/1276 1152/595/1281 1131/650/1303 1129/649/1304
f 1154/586/1277 1153/587/1276 1129/652/1304 1128/651/1305
f 1155/590/1279 1154/591/1277 1128/654/1305 1130/653/1306
f 23/598/250 1466/599/1283 1467/656/1307 21/655/276
f 1121//1308 1156//1267 1125//1264 1117//1259
f 1121//1308 1123//1269 1156//1267
f 1102//1286 1157//1245 1143//1250 1107//1249
f 1102//1286 1098//1284 1158//1240 1157//1245
f 1098//1284 1093//1280 1159//1232 1158//1240
f 1093//1280 1086//1275 1160//1221 1159//1232
f 1086//1275 1085//1274 1161//1222 1160//1221
f 1085//1274 1087//1278 1162//1228 1161//1222
f 17//249 24//204 1464//1239 1465//1282
f 1006//1179 1008//1309 1123//1269 1121//1308
f 1008//1309 1004//1142 1119//1270 1123//1269
f 1004//1142 1005//1166 1120//1294 1119//1270
f 1005//1166 1027//1310 1142//1263 1120//1294
f 1027//1310 1000//1134 1115//1262 1142//1263
f 1000/557/1134 1029/558/1165 1144/627/1292 1115/628/1262
f 1029/558/1165 10/564/124 22/634/1311 1144/627/1292
f 1//25 1456//1077 1457//1312 13//282
f 943//1068 937//1060 1052//1187 1058//1195
f 937//1060 934//1313 1049//1181 1052//1187
f 934//1313 933//1314 1048//1182 1049//1181
f 933//1314 935//1315 1050//1184 1048//1182
f 935//1315 941//1316 1056//1190 1050//1184
f 941//1316 948//1317 1063//1199 1056//1190
f 948//1317 952//1318 1067//1272 1063//1199
f 952//1318 959//1319 1074//1218 1067//1272
f 959//1319 965//1320 1080//1219 1074//1218
f 965//1320 1011//1321 1126//1226 1080//1219
f 1011//1321 989//1145 1104//1273 1126//1226
f 1117//1259 1002//1130 1006//1179 1121//1308
f 999//1131 1114//1322 1104//1273 989//1145
f 999//1131 1002//1130 1117//1259 1114//1322
f 1165//1323 1163//1324 1164//1325 1296//1326
f 1163//1324 1165//1323 1166//1327 1197//1328
f 1167//1329 1168//1330 1169//1331 1492//1332
f 1488//1333 1489//1334 1170//1335 1171//1336
f 1164//1325 1174//1337 1173//1338 1290//1339
f 1177//1340 1175//1341 1176//1342 1293//1343
f 1698//1344 1178//1345 1172//1346 1699//1347
f 1179//1348 1616//1349 1181//1350
f 1323//1351 1585//1352 1586//1353 1294//1354
f 1184//1355 1182//1356 1183//1357 1598//1358
f 1183//1357 1175//1341 1177//1340 1598//1358
f 1174//1337 1164//1325 1163//1324 1200//1359
f 1173//1338 1613//1360 1180//1361 1291//1362
f 1782//1363 1514//1364 1513//1365 1783//1366
f 1298//1367 1630//1368 1628//1369 1627//1370
f 1170//1335 1489//1334 1490//1371 1206//1372
f 1192//1373 1768//1374 1767//1375 1588//1376
f 1194//1377 1168//1330 1171//1336 1170//1335
f 1612//1378 1613//1360 1173//1338 1174//1337
f 1196//1379 1195//1380 1793//1381 1792//1382
f 1568//1383 1560//1384 1561//1385 1567//1386
f 1175//1341 1183//1357 1203//1387 1208//1388
f 1178//1345 1698//1344 1700//1389 1207//1390
f 1197//1328 1166//1327 1198//1391 1210//1392
f 1179//1348 1181//1350 1199//1393 1188//1394
f 1186//1395 1176//1342 1175//1341 1208//1388
f 1629//1396 50//370 26//369 1201//1397
f 1200//1359 1163//1324 1197//1328 1213//1398
f 1202//1399 1169//1331 1168//1330 1194//1377
f 1611//1400 1612//1378 1174//1337 1200//1359
f 1781//1401 1515//1402 1514//1364 1782//1363
f 1593//1403 1594//1404 1182//1356
f 1181//1350 1185//1405 1212//1406 1199//1393
f 1567//1386 1561//1385 1562//1407 1566//1408
f 1206//1372 1490//1371 1491//1409 1224//1410
f 1777//1411 1497//1412 1496//1413 1778//1414
f 1628//1369 1629//1396 1201//1397 1300//1415
f 1216//1416 1194//1377 1170//1335 1206//1372
f 1210//1392 1198//1391 1195//1380 1226//1417
f 1780//1418 1494//1419 1515//1402 1781//1401
f 1778//1414 1496//1413 1495//1420 1779//1421
f 1779//1421 1495//1420 1494//1419 1780//1418
f 1188//1394 1199//1393 1221//1422 1189//1423
f 1185//1405 1204//1424 1222//1425 1212//1406
f 1223//1426 1213//1398 1197//1328 1210//1392
f 1182//1356 1596//1427 1203//1387
f 1200//1359 1213//1398 1610//1428 1611//1400
f 1588//1376 1589//1429 1621//1430 1192//1373
f 1187//1431 1186//1395 1208//1388 1227//1432
f 1202//1399 1194//1377 1216//1416 1229//1433
f 1208//1388 1203//1387 1225//1434 1227//1432
f 1609//1435 1610//1428 1213//1398 1223//1426
f 1204//1424 1220//1436 1228//1437 1222//1425
f 1566//1408 1562//1407 1563//1438 1565//1439
f 1224//1410 1491//1409 45//414 28//413
f 1199//1393 1212//1406 1230//1440 1221//1422
f 1231//1441 1216//1416 1206//1372 1224//1410
f 1225//1434 1203//1387 1596//1427 1597//1442
f 1232//1443 1223//1426 1210//1392 1226//1417
f 1234//1444 1218//1445 1766//1446 1765//1447
f 1212//1406 1222//1425 1230//1440
f 1205//1448 1187//1431 1227//1432 1241//1449
f 1221//1422 1215//1450 1189//1423
f 1236//1451 1229//1433 1216//1416 1231//1441
f 1237//1452 1226//1417 1195//1380 1196//1379
f 1225//1434 1597//1442 1608//1453 1244//1454
f 1228//1437 1220//1436 1238//1455 1251//1456
f 1235//1457 1209//1458 1589//1429 1638//1459
f 1565//1439 1563//1438 1564//1460 1246//1461
f 1234//1444 1765//1447 1764//1462 1574//1463
f 29//439 1231//1441 1224//1410 28//413
f 1222//1425 1228//1437 1242//1464 1230//1440
f 1223//1426 1232//1443 1243//1465 1609//1435
f 1227//1432 1225//1434 1244//1454 1241//1449
f 27//442 1207//1390 1700//1389 823//443
f 1217//1466 1205//1448 1241//1449 1248//1467
f 1196//1379 1214//1468 1245//1469 1237//1452
f 1247//1470 1232//1443 1226//1417 1237//1452
f 1245//1469 1214//1468 1219//1471 1253//1472
f 1240//1473 1601//1474 1602//1475 1264//1476
f 1219//1471 1217//1466 1248//1467 1253//1472
f 30//455 1236//1451 1231//1441 29//439
f 1252//1477 1221//1422 1230//1440 1257//1478
f 1242//1464 1228//1437 1251//1456 1261//1479
f 1221//1422 1252//1477 1215//1450
f 1246//1461 1564//1460 46//460 32//459
f 1254//1480 1243//1465 1232//1443 1247//1470
f 31//462 25//463 1215//1450
f 1237//1452 1245//1469 1255//1481 1247//1470
f 1256//1482 1248//1467 1241//1449 1244//1454
f 1267//1483 1637//1484 1638//1459 1240//1473
f 1264//1476 1576//1485 1573//1486 1280//1487
f 1230//1440 1242//1464 1257//1478
f 1251//1456 1238//1455 1249//1488 1265//1489
f 1245//1469 1253//1472 1259//1490 1255//1481
f 1259//1490 1253//1472 1248//1467 1256//1482
f 1573//1486 1576//1485 1577//1491 1279//1492
f 1243//1465 1632//1493 1639//1494
f 31//462 1215//1450 1252//1477 34//478
f 1244//1454 1608//1453 1262//1495 1256//1482
f 1260//1496 1632//1493 1633//1497 1271//1498
f 1247//1470 1255//1481 1263//1499 1254//1480
f 1263//1499 1255//1481 1259//1490 1266//1500
f 1266//1500 1259//1490 1256//1482 1262//1495
f 33//485 1258//1501 1246//1461 32//459
f 1265//1489 1261//1479 1251//1456
f 1268//1502 1257//1478 1242//1464 1261//1479
f 1636//1503 1637//1484 1267//1483 1274//1504
f 1269//1505 1249//1488 1260//1496 1278//1506
f 1249//1488 1270//1507 1265//1489
f 1271//1498 1633//1497 1634//1508 1275//1509
f 1265//1489 1272//1510 1261//1479
f 1273//1511 1252//1477 1257//1478 1268//1502
f 1268//1502 1261//1479 1272//1510 1276//1512
f 1249//1488 1269//1505 1270//1507
f 1635//1513 1636//1503 1274//1504 1277//1514
f 1275//1509 1634//1508 1635//1513 1277//1514
f 34//478 1252//1477 1273//1511 35//500
f 1278//1506 1260//1496 1271//1498 1283//1515
f 1273//1511 1268//1502 1276//1512 1281//1516
f 1274//1504 1267//1483 1280//1487 1282//1517
f 1579//1518 1580//1519 1279//1492 1577//1491
f 35//500 1273//1511 1281//1516 37//506
f 1277//1514 1274//1504 1282//1517 1284//1520
f 1283//1515 1271//1498 1275//1509 1285//1521
f 1277//1514 1284//1520 1275//1509
f 1285//1521 1275//1509 1284//1520 1287//1522
f 1288//1523 1571//1524 1286//1525 1289//1526
f 1284//1520 1445//1527 1288//1523 1287//1522
f 1279//1492 1286//1525 1572//1528 1573//1486
f 1580//1519 1581//1529 1286//1525 1279//1492
f 1581//1529 1582//1530 1289//1526 1286//1525
f 1292//1531 1171//1336 1168//1330 1167//1329
f 1291//1362 1180//1361 1614//1532 1305//1533
f 1290//1339 1173//1338 1291//1362 1302//1534
f 1195//1380 1198//1391 1795//1535 1794//1536
f 1296//1326 1164//1325 1290//1339 1306//1537
f 1783//1366 1513//1365 1512//1538 1784//1539
f 1196//1379 1792//1382 1777//1411
f 1303//1540 1600//1541 1598//1358 1177//1340
f 1487//1542 1488//1333 1171//1336 1292//1531
f 1177//1340 1293//1343 1304//1543 1303//1540
f 1302//1534 1291//1362 1305//1533 1308//1544
f 1627//1370 1628//1369 1300//1415 1329//1545
f 1699//1347 1172//1346 1299//1546 1701//1547
f 1306//1537 1290//1339 1302//1534 1311//1548
f 1201//1397 26//369 911//537 1776//1549
f 1305//1533 1614//1532 1309//1550 1599//1551
f 1305//1533 1599//1551 1310//1552 1308//1544
f 1311//1548 1302//1534 1308//1544 1316//1553
f 1184//1355 1595//1554 1591//1555
f 1292//1531 1167//1329 1314//1556 1313//1557
f 1198//1391 1166//1327 1788//1558 1787//1559
f 1303//1540 1304//1543 1315//1560 1310//1552
f 1316//1553 1308//1544 1310//1552 1315//1560
f 1312//1561 1590//1562 1307//1563 1309//1550
f 1784//1539 1512//1538 1511//1564 1785//1565
f 1487//1542 1292//1531 1313//1557 1486//1566
f 1182//1356 1184//1355 1592//1567 1593//1403
f 1701//1547 1299//1546 1318//1568 1702//1569
f 1195//1380 1794//1536 1793//1381
f 1190//1570 1298//1367 1321//1571 1317//1572
f 1300//1415 1201//1397 1776//1549 1775//1573
s 86
f 1324//1574 1494//1575 1495//1576 1325//1577
f 1325//1577 1495//1576 1496//1578 1326//1579
s 1
f 1314//1556 1297//1580 1332//1581 1484//1582
s 86
f 1515//1583 1494//1575 1324//1574 1327//1584
s 1
f 1166//1327 1165//1323 1789//1585 1788//1558
s 86
f 1326//1579 1496//1578 1497//1586 1331//1587
s 1
f 1312//1561 1317//1572 1328//1588 1322//1589
f 1350//1590 1313//1557 1314//1556 1484//1582
s 86
f 1514//1591 1515//1583 1327//1584 1334//1592
s 1
f 1165//1323 1296//1326 1790//1593 1789//1585
f 1626//1594 1627//1370 1329//1545 1342//1595
f 1328//1588 1317//1572 1321//1571
f 1184//1355 1591//1555 1592//1567
s 86
f 1324//1574 1325//1577 1336//1596 1337//1597
s 1
f 1785//1565 1511//1564 1510//1598 1786//1599
s 86
f 1331//1587 1497//1586 1498//1600 1339//1601
s 1
f 1702//1569 1318//1568 1333//1602 1703//1603
s 86
f 1327//1584 1324//1574 1337//1597 1344//1604
f 1325//1577 1326//1579 1338//1605 1336//1596
s 1
f 1323//1351 1294//1354 1569//1606 1357//1607
f 1296//1326 1306//1537 1791//1608 1790//1593
s 86
f 1513//1609 1514//1591 1334//1592 1345//1610
f 1326//1579 1331//1587 1341//1611 1338//1605
s 1
f 1198//1391 1787//1559 1795//1535
f 1329//1545 1300//1415 1775//1573 1774//1612
f 1625//1613 1626//1594 1342//1595 1346//1614
s 86
f 1339//1601 1498//1600 1499//1615 1347//1616
f 1343//1617 1334//1592 1327//1584 1344//1604
s 1
f 1796//1618 1509//1619 1508//1620 1797//1621
f 1349//1622 1507//1623 1506//1624 1791//1608
f 1624//1625 1625//1613 1346//1614 1335//1626
s 86
f 1331//1587 1339//1601 1348//1627 1341//1611
s 1
f 1349//1622 1797//1621 1508//1620 1507//1623
f 1320//1628 1330//1629 1653//1630
s 86
f 1512//1631 1513//1609 1345//1610 1354//1632
f 1355//1633 1345//1610 1334//1592 1343//1617
s 1
f 1704//1634 1703//1603 1333//1602 1352//1635
s 86
f 1339//1601 1347//1616 1356//1636 1348//1627
s 1
f 1652//1637 1653//1630 1330//1629 1358//1638
f 1346//1614 1342//1595 1773//1639 1772//1640
f 1353//1641 1340//1642 1351//1643 1370//1644
s 86
f 1361//1645 1360//1646 1500//1647 1501//1648
s 1
f 1786//1599 1510//1598 1509//1619 1796//1618
s 86
f 1362//1649 1354//1632 1345//1610 1355//1633
f 1347//1616 1360//1646 1363//1650 1356//1636
f 1511//1651 1512//1631 1354//1632 1364//1652
s 1
f 1365//1653 1357//1607 1569//1606 1570//1654
s 86
f 1361//1645 1501//1648 1502//1655 1372//1656
s 1
f 1335//1626 1346//1614 1772//1640 1771//1657
s 86
f 1363//1650 1360//1646 1361//1645 1375//1658
s 1
f 1651//1659 1652//1637 1358//1638 1369//1660
f 1359//1661 1353//1641 1370//1644 1377//1662
s 86
f 1364//1652 1354//1632 1362//1649 1380//1663
s 1
f 1704//1634 1352//1635 1371//1664 1705//1665
s 86
f 1510//1666 1511//1651 1364//1652 1378//1667
s 1
f 1350//1590 1376//1668 1373//1669 1485//1670
f 1370//1644 1351//1643 1367//1671 1381//1672
s 86
f 1372//1656 1502//1655 1503//1673 1379//1674
f 1375//1658 1361//1645 1372//1656 1384//1675
f 1509//1676 1510//1666 1378//1667 1390//1677
s 1
f 1377//1662 1370//1644 1381//1672 1391//1678
s 86
f 1383//1679 1379//1674 1503//1673 1504//1680
f 1384//1675 1372//1656 1379//1674 1394//1681
s 1
f 1369//1660 1386//1682 1650//1683 1651//1659
f 1387//1684 1366//1685 1482//1686 1483//1687
s 86
f 1388//1688 1378//1667 1364//1652 1380//1663
s 1
f 1381//1672 1367//1671 1382//1689 1401//1690
f 1389//1691 1365//1653 1570//1654 1374//1692
f 1368//1693 1377//1662 1391//1678 1396//1694
f 1649//1695 1650//1683 1386//1682 1392//1696
s 86
f 1504//1680 1505//1697 1393//1698 1383//1679
f 1394//1681 1379//1674 1383//1679 1406//1699
f 1395//1700 1508//1701 1509//1676 1390//1677
f 1499//1615 1500//1647 1360//1646 1347//1616
s 1
f 1374//1692 1368//1693 1396//1694 1389//1691
s 86
f 1397//1702 1390//1677 1378//1667 1388//1688
f 1505//1697 1506//1703 1398//1704 1393//1698
f 1507//1705 1508//1701 1395//1700 1404//1706
s 1
f 1648//1707 1649//1695 1392//1696 1399//1708
f 1391//1678 1381//1672 1401//1690 1410//1709
f 1402//1710 1376//1668 1366//1685 1387//1684
f 1403//1711 1373//1669 1376//1668 1402//1710
s 86
f 1506//1703 1507//1705 1404//1706 1398//1704
s 1
f 1405//1712 1371//1664 1373//1669 1403//1711
f 1342//1595 1329//1545 1774//1612 1773//1639
f 1706//1713 1705//1665 1371//1664 1405//1712
s 86
f 1406//1699 1383//1679 1393//1698 1413//1714
s 1
f 1399//1708 1408//1715 1647//1716 1648//1707
f 1408//1715 1708//1717 1707//1718 1647//1716
f 1387//1684 1483//1687 1409//1719 1422//1720
f 1401//1690 1382//1689 1385//1721 1417//1722
f 1396//1694 1391//1678 1410//1709 1414//1723
s 86
f 1411//1724 1395//1700 1390//1677 1397//1702
f 1413//1714 1393//1698 1398//1704 1416//1725
s 1
f 1389//1691 1396//1694 1414//1723 1409//1719
s 86
f 1415//1726 1404//1706 1395//1700 1411//1724
f 1416//1725 1398//1704 1404//1706 1415//1726
s 1
f 1410//1709 1401//1690 1417//1722 1420//1727
f 1385//1721 1400//1728 1418//1729 1417//1722
f 1400//1728 1412//1730 1419//1731 1418//1729
f 1412//1730 1407//1732 1421//1733 1419//1731
f 1414//1723 1410//1709 1420//1727 1425//1734
f 1421//1733 1407//1732 1710//1735 1709//1736
f 1423//1737 1402//1710 1387//1684 1422//1720
f 1403//1711 1402//1710 1423//1737 1427//1738
f 1417//1722 1418//1729 1424//1739 1420//1727
f 1418//1729 1419//1731 1426//1740 1424//1739
f 1426//1740 1419//1731 1421//1733 1430//1741
f 1403//1711 1427//1738 1428//1742 1405//1712
f 1429//1743 1425//1734 1420//1727 1424//1739
f 1422//1720 1425//1734 1429//1743 1423//1737
f 1430//1741 1421//1733 1709//1736 1711//1744
f 1429//1743 1424//1739 1426//1740 1431//1745
f 1431//1745 1427//1738 1423//1737 1429//1743
f 1431//1745 1426//1740 1430//1741 1432//1746
f 1427//1738 1431//1745 1432//1746 1428//1742
f 1713//1747 1712//1748 1428//1742 1432//1746
f 1432//1746 1430//1741 1711//1744 1713//1747
f 1409//1719 1414//1723 1425//1734 1422//1720
f 1265/657/1489 1270/660/1507 1433/659/1749 1434/658/1750
f 1272/661/1510 1265/664/1489 1434/663/1750 1435/662/1751
f 1270/665/1507 1269/667/1505 1436/666/1752 1433/659/1749
f 1276/668/1512 1272/671/1510 1435/670/1751 1437/669/1753
f 1269/672/1505 1278/675/1506 1438/674/1754 1436/673/1752
f 1281/676/1516 1276/679/1512 1437/678/1753 1439/677/1755
f 1278/680/1506 1283/683/1515 1440/682/1756 1438/681/1754
f 41/684/745 37/687/506 1281/686/1516 1439/685/1755
f 1283/688/1515 1285/691/1521 1441/690/1757 1440/689/1756
f 1285/692/1521 1287/694/1522 1442/693/1758 1441/690/1757
f 1287/695/1522 1288/698/1523 1443/697/1759 1442/696/1758
f 1288/699/1523 1289/702/1526 1444/701/1760 1443/700/1759
f 1289/703/1526 1582/705/1530 1583/704/1761 1444/701/1760
f 1284//1520 1282//1517 1445//1527
f 1571//1524 1572//1528 1286//1525
f 10/564/124 1023/565/1167 1481/707/1762 1584/706/1763
f 1023/565/1167 1022/566/1168 1480/708/1764 1481/707/1762
f 1022/567/1168 1021/568/1169 1479/710/1765 1480/709/1764
f 1021/569/1169 1019/570/1170 1478/712/1766 1479/711/1765
f 1019/570/1170 1020/571/1171 1477/713/1767 1478/712/1766
f 1020/572/1171 1018/573/1172 1476/715/1768 1477/714/1767
f 1018/574/1172 1017/575/1173 1475/717/1769 1476/716/1768
f 1017/576/1173 1016/577/1174 1474/719/1770 1475/718/1769
f 1016/577/1174 1014/578/1175 1473/720/1771 1474/719/1770
f 1014/579/1175 1013/580/1176 1472/722/1772 1473/721/1771
f 1013/581/1176 1015/582/1177 1471/724/1773 1472/723/1772
f 43/725/763 1470/726/1774 1446/583/1178 9/584/137
f 1447/530/1154 1446/583/1178 1015/728/1177 1040/727/1151
f 1448/529/1155 1447/530/1154 1040/727/1151 972/729/1150
f 1449//1111 1448//1155 972//1150 1047//1105
f 977//1104 1450//1112 1449//1111 1047//1105
f 1451//1143 1450//1112 977//1104 982//1108
f 1452//1110 1451//1143 982//1108 979//1094
f 1453//1087 1452//1110 979//1094 960//1083
f 1454//1081 1453//1087 960//1083 953//1071
f 1455//1076 1454//1081 953//1071 949//1069
f 943//1068 1456//1077 1455//1076 949//1069
f 1457//1312 1456//1077 943//1068 1058//1195
f 1058//1195 1064//1194 1458//1203 1457//1202
f 1459//1207 1458//1203 1064//1194 1068//1197
f 1460//1213 1459//1207 1068//1197 1075//1209
f 1461//1237 1460//1213 1075//1209 1094//1220
f 1462//1271 1461//1237 1094//1220 1097//1236
f 1463//1238 1462//1271 1097//1236 1092//1229
f 1092//1229 1162//1228 1464//1239 1463//1238
f 1465//1282 1464//1239 1162//1228 1087//1278
f 1466/599/1283 1465/600/1282 1087/731/1278 1155/730/1279
f 1467/656/1307 1466/599/1283 1155/730/1279 1130/732/1306
f 1091//1233 1468//1234 1076//1210 1099//1241
f 1082//1231 1468//1234 1091//1233 1095//1224
f 1082//1231 1469//1215 1071//1206 1468//1234
f 1083//1216 1469//1215 1082//1231 1090//1230
f 1470/733/1774 1471/734/1773 1015/728/1177 1446/583/1178
f 1439/685/1755 1470/726/1774 43/725/763 41/684/745
f 1439/677/1755 1437/669/1753 1471/734/1773 1470/733/1774
f 1472/723/1772 1471/724/1773 1437/669/1753 1435/670/1751
f 1473/721/1771 1472/722/1772 1435/662/1751 1434/663/1750
f 1474/719/1770 1473/720/1771 1434/658/1750 1433/659/1749
f 1475/718/1769 1474/719/1770 1433/659/1749 1436/666/1752
f 1476/716/1768 1475/717/1769 1436/673/1752 1438/674/1754
f 1477/714/1767 1476/715/1768 1438/681/1754 1440/682/1756
f 1478/712/1766 1477/713/1767 1440/689/1756 1441/690/1757
f 1479/711/1765 1478/712/1766 1441/690/1757 1442/693/1758
f 1480/709/1764 1479/710/1765 1442/696/1758 1443/697/1759
f 1481/707/1762 1480/708/1764 1443/700/1759 1444/701/1760
f 1583/704/1761 1584/706/1763 1481/707/1762 1444/701/1760
f 1485//1670 1486//1566 1313//1557 1350//1590
f 1332//1581 1323//1351 1357//1607 1482//1686
f 1483//1687 1482//1686 1357//1607 1365//1653
f 1365//1653 1389//1691 1409//1719 1483//1687
f 1366//1685 1484//1582 1332//1581 1482//1686
f 1350//1590 1484//1582 1366//1685 1376//1668
f 1371//1664 1352//1635 1485//1670 1373//1669
f 1333//1602 1486//1566 1485//1670 1352//1635
f 1318//1568 1487//1542 1486//1566 1333//1602
f 1299//1546 1488//1333 1487//1542 1318//1568
f 1172//1346 1489//1334 1488//1333 1299//1546
f 1490//1371 1489//1334 1172//1346 1178//1345
f 1491//1409 1490//1371 1178//1345 1207//1390
f 45//414 1491//1409 1207//1390 27//442
f 1167//1329 1492//1332 1297//1580 1314//1556
f 1405//1712 1428//1742 1712//1748 1706//1713
s 86
f 1516//1775 1517//1776 1521//1777 1520//1778
f 1517//1776 1516//1775 1518//1779 1519//1780
f 1519//1780 1518//1779 1524//1781 1525//1782
f 1520//1778 1521//1777 1522//1783 1523//1784
f 1523//1784 1522//1783 1529//1785 1528//1786
f 1525//1782 1524//1781 1526//1787 1527//1788
f 1527//1788 1526//1787 1531//1789 1530//1790
f 1528//1786 1529//1785 1535//1791 1534//1792
f 1530//1790 1531//1789 1532//1793 1533//1794
f 1533//1794 1532//1793 1536//1795 1537//1796
f 1534//1792 1535//1791 1538//1797 1539//1798
f 1537//1796 1536//1795 1540//1799 1541//1800
f 1539//1798 1538//1797 1544//1801 1545//1802
f 1541//1800 1540//1799 1543//1803 1542//1804
f 1542//1804 1543//1803 1547//1805 1546//1806
f 1545//1802 1544//1801 1548//1807 1549//1808
f 1546//1806 1547//1805 1551//1809 1550//1810
f 1549//1808 1548//1807 1554//1811 1555//1812
f 1550//1810 1551//1809 1553//1813 1552//1814
f 1552//1814 1553//1813 1559//1815 1558//1816
f 1555//1812 1554//1811 1556//1817 1557//1818
f 1557//1818 1556//1817 1558//1816 1559//1815
f 1516//1775 1337//1819 1336//1820 1518//1779
f 1336//1820 1338//1821 1524//1781 1518//1779
f 1520//1778 1344//1822 1337//1819 1516//1775
f 1338//1821 1341//1823 1526//1787 1524//1781
f 1344//1822 1520//1778 1523//1784 1343//1824
f 1531//1789 1526//1787 1341//1823 1348//1825
f 1355//1633 1343//1824 1523//1784 1528//1786
f 1531//1789 1348//1825 1356//1826 1532//1793
f 1355//1633 1528//1786 1534//1792 1362//1649
f 1536//1795 1532//1793 1356//1826 1363//1827
f 1540//1799 1536//1795 1363//1827 1375//1828
f 1380//1663 1362//1649 1534//1792 1539//1798
f 1543//1803 1540//1799 1375//1828 1384//1829
f 1380//1663 1539//1798 1545//1802 1388//1688
f 1543//1803 1384//1829 1394//1830 1547//1805
f 1388//1688 1545//1802 1549//1808 1397//1702
f 1547//1805 1394//1830 1406//1831 1551//1809
f 1397//1702 1549//1808 1555//1812 1411//1832
f 1551//1809 1406//1831 1413//1833 1553//1813
f 1555//1812 1557//1818 1415//1834 1411//1832
f 1416//1835 1559//1815 1553//1813 1413//1833
f 1415//1834 1557//1818 1559//1815 1416//1835
s 1
f 1297//1580 1585//1352 1323//1351 1332//1581
f 1561//1385 1560//1384 1492//1332 1169//1331
f 1562//1407 1561//1385 1169//1331 1202//1399
f 1563//1438 1562//1407 1202//1399 1229//1433
f 1564//1460 1563//1438 1229//1433 1236//1451
f 46//460 1564//1460 1236//1451 30//455
f 1239//1836 1565//1439 1246//1461 1258//1501
f 1239//1836 1233//1837 1566//1408 1565//1439
f 1211//1838 1567//1386 1566//1408 1233//1837
f 1211//1838 1191//1839 1568//1383 1567//1386
f 1586//1353 1587//1840 1193//1841 1294//1354
f 1569//1606 1294//1354 1193//1841 1301//1842
f 1570//1654 1569//1606 1301//1842 1319//1843
f 1267//1483 1240//1473 1264//1476
f 1280//1487 1267//1483 1264//1476
f 1288//1523 1445//1527 1571//1524
f 1282//1517 1280//1487 1572//1528 1571//1524 1445//1527
f 1573//1486 1572//1528 1280//1487
f 1763//1844 1575//1845 1574//1463 1764//1462
f 1762//1846 1578//1847 1575//1845 1763//1844
f 1264//1476 1602//1475 1603//1848 1576//1485
f 1603//1848 1604//1849 1577//1491 1576//1485
f 1577//1491 1604//1849 1605//1850 1579//1518
f 47//841 1578//1847 1762//1846 895//842
f 1579//1518 1605//1850 49//844 48//843
f 36//845 1580//1519 1579//1518 48//843
f 38//846 1581//1529 1580//1519 36//845
f 39//847 1582//1530 1581//1529 38//846
f 1583/704/1761 1582/705/1530 39/736/847 42/735/848
f 44/737/849 1584/706/1763 1583/704/1761 42/735/848
f 10/564/124 1584/706/1763 44/737/849
f 1492//1332 1560//1384 1585//1352 1297//1580
f 1560//1384 1568//1383 1586//1353 1585//1352
f 1568//1383 1191//1839 1587//1840 1586//1353
f 1766//1446 1218//1445 1588//1376 1767//1375
f 1218//1445 1601//1474 1589//1429 1588//1376
f 1591//1555 1590//1562 1312//1561 1322//1589
f 1623//1851 1624//1625 1335//1626 1619//1852
f 1622//1853 1623//1851 1619//1852 1620//1854
f 1192//1373 1621//1430 1622//1853 1620//1854
f 1607//1855 1606//1856 1209//1458 1235//1457
f 1591//1555 1595//1554 1307//1563 1590//1562
f 1599//1551 1600//1541 1303//1540 1310//1552
f 1597//1442 1596//1427 1606//1856 1607//1855
f 1250//1857 1597//1442 1607//1855
f 1203//1387 1183//1357 1182//1356
f 1307//1563 1595//1858 1600//1541 1599//1551
f 1184//1355 1598//1358 1600//1541 1595//1858
f 1250//1857 1607//1855 1235//1457
f 1601//1474 1240//1473 1638//1459 1589//1429
f 1602//1475 1601//1474 1218//1445 1234//1444
f 1603//1848 1602//1475 1234//1444 1574//1463
f 1574//1463 1575//1845 1604//1849 1603//1848
f 1605//1850 1604//1849 1575//1845 1578//1847
f 49//844 1605//1850 1578//1847 47//841
f 1606//1856 1596//1427 1182//1356 1594//1404
f 1209//1458 1606//1856 1594//1404
f 1608//1453 1597//1442 1250//1857
f 1262//1495 1608//1453 1250//1857
f 1639//1494 1640//1859 1609//1435 1243//1465
f 1640//1859 1641//1860 1610//1428 1609//1435
f 1611//1400 1610//1428 1641//1860 1642//1861
f 1642//1861 1643//1862 1612//1378 1611//1400
f 1643//1862 1644//1863 1613//1360 1612//1378
f 1180//1361 1613//1360 1644//1863 1645//1864
f 1295//1865 1616//1349 1179//1348 1615//1866
f 1309//1550 1614//1532 1295//1865 1317//1572
f 1312//1561 1309//1550 1317//1572
f 1179//1348 1188//1394 1190//1570 1615//1866
f 1317//1572 1615//1866 1190//1570
f 1317//1572 1295//1865 1615//1866
f 1180//1361 1646//1867 1295//1865 1614//1532
f 1645//1864 1646//1867 1180//1361
f 1599//1551 1309//1550 1307//1563
f 1368//1693 1617//1868 1359//1661 1377//1662
f 1618//1869 1617//1868 1368//1693 1374//1692
f 1319//1843 1618//1869 1374//1692 1570//1654
f 1770//1870 1619//1852 1335//1626 1771//1657
f 1620//1854 1619//1852 1770//1870 1769//1871
f 1192//1373 1620//1854 1769//1871 1768//1374
f 1621//1430 1589//1429 1209//1458
f 1593//1403 1209//1458 1594//1404
f 1593//1403 1592//1567 1623//1851 1622//1853
f 1592//1567 1591//1555 1322//1589
f 1322//1589 1328//1588 1625//1613 1624//1625
f 1328//1588 1321//1571 1626//1594 1625//1613
f 1321//1571 1298//1367 1627//1370 1626//1594
f 1630//1368 1631//1872 1629//1396 1628//1369
f 1631//1872 51//872 50//370 1629//1396
f 1621//1430 1209//1458 1593//1403 1622//1853
f 1592//1567 1322//1589 1624//1625 1623//1851
f 1298//1367 1190//1570 1188//1394 1189//1423 1630//1368
f 1189//1423 1215//1450 1631//1872 1630//1368
f 25//463 51//872 1631//1872 1215//1450
f 1633//1497 1632//1493 1243//1465 1254//1480
f 1634//1508 1633//1497 1254//1480 1263//1499
f 1635//1513 1634//1508 1263//1499 1266//1500
f 1266//1500 1262//1495 1636//1503 1635//1513
f 1262//1495 1250//1857 1637//1484 1636//1503
f 1638//1459 1637//1484 1250//1857 1235//1457
f 1639//1494 1632//1493 1260//1496 1249//1488
f 1249//1488 1238//1455 1640//1859 1639//1494
f 1220//1436 1641//1860 1640//1859 1238//1455
f 1642//1861 1641//1860 1220//1436
f 1204//1424 1643//1862 1642//1861 1220//1436
f 1185//1405 1644//1863 1643//1862 1204//1424
f 1645//1864 1644//1863 1185//1405 1181//1350
f 1181//1350 1616//1349 1646//1867 1645//1864
f 1295//1865 1646//1867 1616//1349
f 1647//1716 1707//1718 1710//1735 1407//1732
f 1648//1707 1647//1716 1407//1732 1412//1730
f 1400//1728 1649//1695 1648//1707 1412//1730
f 1385//1721 1650//1683 1649//1695 1400//1728
f 1651//1659 1650//1683 1385//1721 1382//1689
f 1367//1671 1652//1637 1651//1659 1382//1689
f 1351//1643 1653//1630 1652//1637 1367//1671
f 1320//1628 1653//1630 1351//1643 1340//1642
f 777//873 1369//1660 1358//1638 778//874
f 775//875 1392//1696 1386//1682 776//876
f 776//876 1386//1682 1369//1660 777//873
f 774//877 1399//1708 1392//1696 775//875
f 773//878 1408//1715 1399//1708 774//877
f 840//879 1708//1717 1408//1715 773//878
s 91
f 1654/738/1873 1662/741/1874 1663/740/1875 1655/739/1876
f 1655/742/1876 1657/745/1877 1656/744/1878 1654/743/1873
f 1657/746/1877 1695/749/1879 1694/748/1880 1656/747/1878
f 1658/750/1881 1678/753/1882 1679/752/1883 1659/751/1884
f 1659/754/1884 1661/757/1885 1660/756/1886 1658/755/1881
f 1661/758/1885 1697/761/1887 1696/760/1888 1660/759/1886
f 1662/762/1874 1664/765/1889 1665/764/1890 1663/763/1875
f 1664/766/1889 1670/769/1891 1671/768/1892 1665/767/1890
f 1666/770/1893 1696/773/1888 1697/772/1887 1667/771/1894
f 1667/774/1894 1669/777/1895 1668/776/1896 1666/775/1893
f 1669/778/1895 1673/781/1897 1672/780/1898 1668/779/1896
f 1670/782/1891 1672/785/1898 1673/784/1897 1671/783/1892
f 1674/786/1899 1694/789/1880 1695/788/1879 1675/787/1900
f 1675/790/1900 1677/793/1901 1676/792/1902 1674/791/1899
f 1677/794/1901 1683/797/1903 1682/796/1904 1676/795/1902
f 1678/798/1882 1680/801/1905 1681/800/1906 1679/799/1883
f 1680/802/1905 1686/805/1907 1687/804/1908 1681/803/1906
f 1683/806/1903 1685/809/1909 1684/808/1910 1682/807/1904
f 1685/810/1909 1689/813/1911 1688/812/1912 1684/811/1910
f 1686/814/1907 1692/817/1913 1693/816/1914 1687/815/1908
f 1689/818/1911 1691/821/1915 1690/820/1916 1688/819/1912
f 1691/822/1915 1693/825/1914 1692/824/1913 1690/823/1916
s 93
f 1654/743/1917 1656/744/1918 1493/826/1919
f 1658/755/1920 1660/756/1921 1493/826/1919
f 1662/741/1922 1654/738/1917 1493/826/1919
f 1664/765/1923 1662/762/1922 1493/826/1919
f 1666/775/1924 1668/776/1925 1493/826/1919
f 1670/769/1926 1664/766/1923 1493/826/1919
f 1668/779/1925 1672/780/1927 1493/826/1919
f 1672/785/1927 1670/782/1926 1493/826/1919
f 1674/791/1928 1676/792/1929 1493/826/1919
f 1678/753/1930 1658/750/1920 1493/826/1919
f 1680/801/1931 1678/798/1930 1493/826/1919
f 1676/795/1929 1682/796/1932 1493/826/1919
f 1682/807/1932 1684/808/1933 1493/826/1919
f 1686/805/1934 1680/802/1931 1493/826/1919
f 1684/811/1933 1688/812/1935 1493/826/1919
f 1688/819/1935 1690/820/1936 1493/826/1919
f 1692/817/1937 1686/814/1934 1493/826/1919
f 1690/823/1936 1692/824/1937 1493/826/1919
f 1656/747/1918 1694/748/1938 1493/826/1919
f 1694/789/1938 1674/786/1928 1493/826/1919
f 1696/773/1939 1666/770/1924 1493/826/1919
f 1660/759/1921 1696/760/1939 1493/826/1919
s 97
f 1519//1940 1525//1941 1665//1942 1671//1943
f 1522//1944 1521//1945 1669//1946 1667//1947
f 1525//1941 1527//1948 1663//1949 1665//1942
f 1667//1947 1697//1950 1529//1951 1522//1944
f 1533//1952 1657//1953 1655//1954 1530//1955
f 1535//1956 1661//1957 1659//1958 1538//1959
f 1537//1960 1541//1961 1675//1962 1695//1963
f 1659//1958 1679//1964 1544//1965 1538//1959
f 1683//1966 1677//1967 1542//1968 1546//1969
f 1679//1964 1681//1970 1548//1971 1544//1965
f 1550//1972 1685//1973 1683//1966 1546//1969
f 1552//1974 1689//1975 1685//1973 1550//1972
f 1681//1970 1687//1976 1554//1977 1548//1971
f 1691//1978 1689//1975 1552//1974 1558//1979
f 1687//1976 1693//1980 1556//1981 1554//1977
f 1556//1981 1693//1980 1691//1978 1558//1979
f 1655//1954 1663//1949 1527//1948 1530//1955
f 1517//1982 1519//1940 1671//1943 1673//1983
f 1521//1945 1517//1982 1673//1983 1669//1946
f 1677//1967 1675//1962 1541//1961 1542//1968
f 1537//1960 1695//1963 1657//1953 1533//1952
f 1697//1950 1661//1957 1535//1956 1529//1951
s 1
f 1699/827/1347 1714/830/1984 1715/829/1985 1698/828/1344
f 1698/831/1344 1715/834/1985 1716/833/1986 1700/832/1389
f 1700/835/1389 1716/838/1986 841/837/994 823/836/443
f 1701/839/1547 1717/842/1987 1714/841/1984 1699/840/1347
f 1702/843/1569 1718/846/1988 1717/845/1987 1701/844/1547
f 1703/847/1603 1719/850/1989 1718/849/1988 1702/848/1569
f 1704/851/1634 1720/854/1990 1719/853/1989 1703/852/1603
f 1705/855/1665 1721/858/1991 1720/857/1990 1704/856/1634
f 1706/859/1713 1722/862/1992 1721/861/1991 1705/860/1665
f 1708/863/1717 1723/866/1993 1724/865/1994 1707/864/1718
f 1710/867/1735 1725/870/1995 1726/869/1996 1709/868/1736
f 1709/871/1736 1726/874/1996 1727/873/1997 1711/872/1744
f 1713/875/1747 1728/878/1998 1729/877/1999 1712/876/1748
f 1711/879/1744 1727/882/1997 1728/881/1998 1713/880/1747
f 1712/883/1748 1729/886/1999 1722/885/1992 1706/884/1713
f 1707/887/1718 1724/890/1994 1725/889/1995 1710/888/1735
f 840/891/879 858/894/1008 1723/893/1993 1708/892/1717
f 1714/895/1984 1730/898/2000 1731/897/2001 1715/896/1985
f 1715/899/1985 1731/902/2001 1732/901/2002 1716/900/1986
f 1716/903/1986 1732/906/2002 859/905/1012 841/904/994
f 1717/907/1987 1733/910/2003 1730/909/2000 1714/908/1984
f 1718/911/1988 1734/914/2004 1733/913/2003 1717/912/1987
f 1719/915/1989 1735/918/2005 1734/917/2004 1718/916/1988
f 1720/919/1990 1736/922/2006 1735/921/2005 1719/920/1989
f 1721/923/1991 1737/926/2007 1736/925/2006 1720/924/1990
f 1722/927/1992 1738/930/2008 1737/929/2007 1721/928/1991
f 1723/931/1993 1739/934/2009 1740/933/2010 1724/932/1994
f 1725/935/1995 1741/938/2011 1742/937/2012 1726/936/1996
f 1726/939/1996 1742/942/2012 1743/941/2013 1727/940/1997
f 1728/943/1998 1744/946/2014 1745/945/2015 1729/944/1999
f 1727/947/1997 1743/950/2013 1744/949/2014 1728/948/1998
f 1729/951/1999 1745/954/2015 1738/953/2008 1722/952/1992
f 1724/955/1994 1740/958/2010 1741/957/2011 1725/956/1995
f 858/959/1008 876/962/1026 1739/961/2009 1723/960/1993
f 1730/963/2000 1746/966/2016 1747/965/2017 1731/964/2001
f 1731/967/2001 1747/970/2017 1748/969/2018 1732/968/2002
f 1732/971/2002 1748/974/2018 877/973/1030 859/972/1012
f 1733/975/2003 1749/978/2019 1746/977/2016 1730/976/2000
f 1734/979/2004 1750/982/2020 1749/981/2019 1733/980/2003
f 1735/983/2005 1751/986/2021 1750/985/2020 1734/984/2004
f 1736/987/2006 1752/990/2022 1751/989/2021 1735/988/2005
f 1737/991/2007 1753/994/2023 1752/993/2022 1736/992/2006
f 1738/995/2008 1754/998/2024 1753/997/2023 1737/996/2007
f 1739/999/2009 1755/1002/2025 1756/1001/2026 1740/1000/2010
f 1741/1003/2011 1757/1006/2027 1758/1005/2028 1742/1004/2012
f 1742/1007/2012 1758/1010/2028 1759/1009/2029 1743/1008/2013
f 1744/1011/2014 1760/1014/2030 1761/1013/2031 1745/1012/2015
f 1743/1015/2013 1759/1018/2029 1760/1017/2030 1744/1016/2014
f 1745/1019/2015 1761/1022/2031 1754/1021/2024 1738/1020/2008
f 1740/1023/2010 1756/1026/2026 1757/1025/2027 1741/1024/2011
f 876/1027/1026 894/1030/1044 1755/1029/2025 1739/1028/2009
f 1762//1846 1258//1501 33//485 895//842
f 1239//1836 1258//1501 1762//1846 1763//1844
f 1233//1837 1239//1836 1763//1844 1764//1462
f 1765//1447 1211//1838 1233//1837 1764//1462
f 1766//1446 1191//1839 1211//1838 1765//1447
f 1191//1839 1766//1446 1767//1375 1587//1840
f 1768//1374 1193//1841 1587//1840 1767//1375
f 1769//1871 1301//1842 1193//1841 1768//1374
f 1770//1870 1319//1843 1301//1842 1769//1871
f 1319//1843 1770//1870 1771//1657 1618//1869
f 1772//1640 1617//1868 1618//1869 1771//1657
f 1773//1639 1359//1661 1617//1868 1772//1640
f 1774//1612 1353//1641 1359//1661 1773//1639
f 1775//1573 1340//1642 1353//1641 1774//1612
f 1776//1549 1320//1628 1340//1642 1775//1573
f 911//537 40//1045 1320//1628 1776//1549
f 1214//1468 1196//1379 1777//1411 1778//1414
f 1219//1471 1214//1468 1778//1414 1779//1421
f 1217//1466 1219//1471 1779//1421 1780//1418
f 1205//1448 1217//1466 1780//1418 1781//1401
f 1187//1431 1205//1448 1781//1401 1782//1363
f 1186//1395 1187//1431 1782//1363 1783//1366
f 1176//1342 1186//1395 1783//1366 1784//1539
f 1293//1343 1176//1342 1784//1539 1785//1565
f 1304//1543 1293//1343 1785//1565 1786//1599
f 1788//1558 1503//2032 1502//2033 1787//1559
f 1789//1585 1504//2034 1503//2032 1788//1558
f 1790//1593 1505//2035 1504//2034 1789//1585
f 1791//1608 1506//1624 1505//2035 1790//1593
f 1792//1382 1498//2036 1497//1412 1777//1411
f 1793//1381 1499//2037 1498//2036 1792//1382
f 1794//1536 1500//2038 1499//2037 1793//1381
f 1795//1535 1501//2039 1500//2038 1794//1536
f 1787//1559 1502//2033 1501//2039 1795//1535
f 1304//1543 1786//1599 1796//1618
f 1315//1560 1304//1543 1796//1618 1797//1621
f 1349//1622 1316//1553 1315//1560 1797//1621
f 1349//1622 1311//1548 1316//1553
f 1306//1537 1311//1548 1349//1622 1791//1608
g default
v -5.370000 -9.275399 16.207600
v -7.518000 -7.713299 15.621801
v -8.299100 -9.080199 15.621801
v 0.000000 -15.429939 15.903854
v -4.588900 -7.713298 16.012300
v 0.000000 -9.275399 16.207600
v 0.000000 -7.713298 16.012300
v 0.000000 -18.453197 15.426501
v -10.251800 -7.713299 14.840701
v -10.837600 -9.080199 14.840701
v -0.000000 -21.382299 14.645403
v -12.595100 -7.517999 13.864301
v -10.672229 -12.221737 15.171357
v -4.626479 -19.991405 15.621802
v -8.299100 -18.648499 15.817101
v -13.962001 -7.517999 12.692701
v -0.000000 -23.139799 13.864302
v -7.127400 -20.991798 15.621802
v -4.588900 -21.772898 15.231201
v -10.837600 -18.257998 15.426501
v -3.026700 -23.725599 14.254901
v -14.767649 -9.226838 12.147241
v -15.719400 -7.713299 10.740001
v -0.000000 -25.092501 12.302201
v -2.245600 -25.483000 12.497401
v -13.180900 -17.281597 14.450201
v -4.979400 -24.311398 14.645403
v -16.069851 -9.525999 10.069026
v -17.086300 -7.713299 8.201401
v -16.467552 -12.489388 11.286066
v -0.000000 -26.654699 10.154202
v -3.026700 -26.654699 12.497401
v -2.050400 -27.045198 11.130502
v -10.024602 -31.447720 15.181529
v -13.766700 -22.553997 14.450202
v -17.677473 -9.634558 7.905852
v -17.086300 -12.985600 8.787301
v -17.867399 -15.133599 11.130501
v -1.074000 -28.802698 7.810903
v -8.396700 -31.634098 14.743052
v -15.524199 -22.163399 13.473802
v -0.000000 -28.412100 7.615602
v -5.662900 -33.489197 13.180902
v -18.648500 -7.713299 4.100700
v 0.000000 -9.275401 -14.254898
v -1.881167 -31.649883 8.335876
v -2.245600 -7.127401 -13.864299
v -2.831400 -32.708099 10.349403
v -19.039101 -10.056500 4.100701
v -0.683500 -29.974300 4.686502
v -8.494300 -34.075001 14.254902
v -11.814000 -31.341200 15.036002
v 0.000000 -29.778999 4.296002
v -14.157200 -31.145899 14.254901
v -19.429600 -7.518000 -2.343299
v -7.908500 -7.127401 -13.083200
v -4.784200 -9.470700 -13.864299
v -17.867399 -21.968100 11.716302
v -16.305199 -27.240498 12.888001
v -0.000000 -14.352502 -14.645400
v -18.843800 -21.187000 10.544703
v 0.000000 -30.364901 1.952702
v -0.488200 -30.364901 1.952702
v -19.820101 -19.624899 8.787302
v 0.000000 -30.169600 1.952702
v -0.683500 -31.145901 2.148002
v -0.000000 -17.086302 -14.450199
v -20.015400 -17.476900 7.225101
v -15.524199 -31.341200 13.473802
v -7.750347 -9.342432 -13.399667
v -5.955800 -42.667000 11.521103
v -11.228200 -7.127401 -12.497398
v -2.440900 -42.471703 7.029803
v 0.000000 -30.364901 -2.733798
v -17.672100 -7.322701 -7.420399
v -5.565300 -14.547800 -14.254898
v -20.406000 -13.376200 -3.124399
v -20.796499 -18.257999 5.662901
v -0.683500 -31.145901 -2.538498
v -18.453199 -27.045198 10.935302
v -20.406000 -20.991800 7.029801
v -0.097652 -30.169600 -2.538498
v -0.488200 -30.364901 -2.733798
v -13.962001 -7.127401 -11.325799
v -0.000000 -18.843801 -14.059599
v -1.464500 -42.081200 3.319603
v -16.500500 -7.127400 -9.177799
v 0.000000 -22.163403 -13.083199
v -17.086300 -30.755402 12.302201
v -0.000000 -28.802698 -6.248697
v -18.088888 -12.977160 -7.941856
v -21.772900 -19.624899 2.929101
v -4.979400 -18.258001 -14.059599
v -19.820101 -26.068899 9.177802
v -10.837600 -42.471703 13.473803
v -0.878700 -28.997902 -6.834498
v -1.269300 -29.583799 -7.420397
v -21.382301 -22.163401 4.881802
v -0.000000 -26.654699 -9.763598
v 0.000000 -24.702000 -11.521098
v -19.234299 -30.560101 10.154202
v -7.713300 -17.672102 -13.864299
v -1.269300 -41.885902 -2.733797
v -1.464500 -26.849899 -10.349399
v -2.831400 -25.873602 -11.911598
v -21.577600 -26.459398 6.444002
v -13.376200 -14.938300 -12.887999
v -1.855100 -30.950701 -7.810898
v -4.588900 -23.920902 -12.887998
v -17.026211 -15.539047 -9.878777
v -5.760500 -45.596100 11.521104
v -22.358700 -23.334999 1.952702
v -13.376200 -42.276497 13.278503
v -2.636200 -27.631001 -10.739998
v -11.423400 -17.672102 -13.669100
v -2.245600 -45.400803 6.834504
v -10.837600 -45.400803 13.669105
v -21.772900 -29.583799 6.834503
v -7.908500 -23.920902 -13.278499
v -21.772900 -19.624899 -3.710198
v -5.760500 -48.134602 10.740004
v -1.269300 -45.205502 3.124403
v -3.807800 -27.240499 -11.911598
v -2.245600 -41.495399 -7.029797
v -11.032900 -20.406002 -13.473798
v -13.766700 -45.205502 13.669105
v -12.985600 -17.476902 -13.278500
v -16.305199 -41.885902 12.497402
v -3.222000 -32.122299 -10.935297
v -2.440900 -47.939400 6.053404
v -11.032900 -47.939400 12.888003
v -14.547799 -17.476900 -12.497398
v -6.346400 -25.483002 -13.083199
v -6.151100 -48.329899 9.958903
v -21.382301 -33.879799 7.420302
v -1.074000 -44.815002 -2.733797
v -20.210699 -33.684502 9.177803
v -12.985600 -20.015402 -13.278499
v -18.453199 -23.725601 -9.763598
v -1.659800 -47.744102 2.733804
v -15.914700 -19.234299 -11.521098
v -2.831400 -48.525200 5.467604
v -11.032900 -48.134602 11.911604
v -22.163401 -22.749201 -4.491298
v -23.139801 -28.802698 2.148002
v -20.210699 -37.980499 9.373103
v -16.891100 -44.619701 12.692704
v -10.642300 -24.116102 -13.083199
v -4.784200 -32.317600 -12.302197
v -2.050400 -48.329899 2.538504
v -14.157200 -47.939400 12.888003
v -7.322701 -33.098701 -13.083198
v -13.376200 -25.678303 -12.887998
v -14.157200 -47.939400 12.106904
v -21.772900 -37.589897 7.615602
v -16.695801 -24.116100 -11.130498
v -9.275400 -32.903400 -13.473797
v -14.938299 -25.092501 -12.302197
v -11.228200 -28.607403 -13.083199
v -16.891100 -47.548801 12.106904
v -21.382301 -41.104801 8.592003
v -1.659800 -47.744102 -2.733796
v -23.334999 -33.098701 2.148002
v -2.050400 -44.424500 -6.834497
v -5.370000 -41.300098 -11.325797
v -2.245600 -48.134602 -2.929096
v -16.695801 -47.744102 11.325804
v -2.636200 -47.353500 -6.639297
v -23.920900 -36.808800 2.343303
v -22.163401 -43.643398 8.787303
v -16.891100 -28.997902 -11.521098
v -21.968100 -46.572502 8.201404
v -14.547799 -32.317600 -12.692698
v -23.530300 -32.708099 -4.491298
v -4.003100 -47.744102 -6.053396
v -11.032900 -32.122299 -13.278498
v -5.370000 -44.033901 -11.521097
v -20.991800 -46.963001 7.420303
v -19.624899 -28.997902 -9.958898
v -21.577600 -46.963001 8.006204
v -3.026700 -47.744102 -6.443996
v -24.311399 -40.323700 2.733803
v -5.760500 -46.963001 -11.325796
v -24.116100 -36.418301 -4.686497
v -6.151100 -47.353500 -10.935296
v -19.820101 -32.903400 -10.154198
v -10.056500 -40.714298 -13.669098
v -6.736900 -47.353500 -10.154197
v -25.287802 -43.057598 2.733803
v -25.092501 -45.791401 2.538504
v -10.056500 -43.448101 -14.059597
v -23.920900 -46.377201 2.343303
v -24.702000 -39.933197 -4.686497
v -20.406000 -36.613602 -10.349398
v -15.914700 -40.323700 -12.887997
v -10.251800 -46.377201 -13.864296
v -24.702000 -46.377201 2.538504
v -10.447100 -46.963001 -12.497396
v -10.251800 -46.767700 -13.473796
v -25.483000 -42.471703 -4.881797
v -23.920900 -45.986599 -4.491297
v -15.719400 -46.767700 -11.911596
v -20.991800 -40.128498 -10.544698
v -16.305199 -43.057598 -13.473797
v -20.406000 -46.377201 -9.958896
v -25.092501 -45.400803 -4.881797
v -16.110001 -46.181900 -13.083197
v -16.110001 -46.572502 -12.692697
v -21.382301 -42.667000 -10.935297
v -24.702000 -45.791401 -4.686497
v -21.187000 -45.791401 -10.739996
v -20.991800 -46.181900 -10.544697
v -11.286760 -9.294931 -12.790318
v -13.806505 -9.200742 -11.740473
v -16.627962 -9.166874 -9.347757
v -17.818666 -9.154509 -7.566927
v -19.757725 -9.486694 -2.605794
v -13.180901 -9.080149 13.669050
v -5.206204 -12.213704 -14.075327
v -8.099151 -12.278769 -13.695002
v -11.375009 -12.561343 -13.231741
v -13.554879 -12.555847 -12.411503
v -16.854931 -12.798500 -9.650395
v -20.006189 -12.957952 3.858944
v -19.108017 -12.914927 6.799440
v -14.079081 -12.204258 13.473801
v -8.186863 -14.672842 -13.864299
v -11.423400 -14.816705 -13.501109
v -18.190792 -15.983696 -8.451431
v -21.165009 -16.845966 -3.449681
v -20.657333 -15.753364 4.271452
v -19.870466 -15.303188 6.500505
v -18.285990 -15.251597 9.453735
v -15.367941 -37.121262 -12.809877
v -12.087339 -37.218906 -13.278497
v -9.715633 -37.305672 -13.583870
v -7.322701 -37.548111 -12.796169
v -5.139293 -37.762493 -11.710335
v -2.617597 -37.924362 -8.517746
v -2.116249 -38.002522 -7.288532
v -1.089685 -38.592857 -2.673915
v -1.242923 -38.978745 2.987208
v -1.355389 -39.025734 3.756102
v -2.283237 -39.423466 7.397692
v -4.132887 -39.540867 10.024072
v -5.858754 -39.626122 12.071043
v -8.202672 -39.616608 13.088241
v -10.617414 -39.609219 13.987580
v -15.332302 -39.106213 12.914349
v -17.846151 -38.545052 11.518799
v -12.681406 -39.401970 13.535309
v 0.000000 -11.813951 -14.450150
v -4.736383 -21.107212 -13.693354
v -23.061661 -28.490261 -4.491298
v -7.567565 -12.298835 15.768123
v -4.831397 -12.372348 16.207602
v 0.000000 -12.556019 16.090422
v -14.673123 -15.174575 13.473801
v -10.754741 -15.233529 15.298661
v -7.911387 -15.283190 15.791142
v -11.712726 -12.216398 14.652902
v -12.578098 -15.205415 14.531436
v -10.910271 -21.845156 15.269407
v -4.748949 -15.340873 16.043404
v -4.679873 -17.743731 15.967845
v 0.000000 -16.941568 15.665178
v -0.781076 -26.752300 -10.056499
v -1.191151 -25.170641 -11.677299
v -1.333167 -22.646879 -13.029500
v -1.476728 -19.516705 -13.950716
v -1.562176 -17.437813 -14.333019
v -1.606827 -14.406408 -14.537615
v -1.630218 -11.933877 -14.337703
v -1.962177 -9.353100 -14.099500
v -4.990765 -7.127400 -13.485650
v -17.804768 -34.060253 11.583735
v -16.009949 -34.255894 12.988003
v -14.520206 -34.322197 13.710368
v -12.014498 -34.349022 14.534681
v -10.215931 -34.318016 14.894510
v -1.941991 -32.825848 8.193951
v -1.136419 -32.893837 4.632095
v -0.808858 -32.901115 2.336055
v -0.773180 -32.790092 -2.568396
v -1.910623 -32.449997 -7.699837
v -0.956850 -30.794420 4.823213
v -1.367938 -29.684475 8.031346
v -2.144922 -27.730562 11.035968
v -1.091252 -31.629005 4.812787
v -0.736368 -31.931192 2.186167
v -0.717983 -31.727875 -2.550812
v -5.497504 -31.453968 13.542590
v -2.677210 -31.590096 10.503613
v -8.603052 -21.324684 15.484337
v -18.534939 -17.047972 10.202944
v -17.721092 -16.889061 11.423115
v -15.000561 -17.102278 13.473801
v -14.649082 -26.965759 13.959984
v -13.961950 -26.849949 14.352551
v -11.418282 -27.183147 15.138204
v -9.455982 -27.398506 15.302652
v -7.916454 -27.607531 15.075531
v -5.238452 -27.882683 14.093996
v -4.033404 -28.610113 12.923253
v -2.411066 -29.660328 10.769791
v -1.618225 -30.642948 8.179857
v -2.999144 -30.413675 -10.861000
v -4.334906 -29.981352 -12.122461
v -6.834550 -29.290852 -13.083199
v -8.678603 -28.981586 -13.388529
v -13.925830 -28.792984 -12.796377
v -7.809915 -20.764954 -13.574356
v -16.793449 -47.646454 11.716354
v -14.157200 -47.939400 12.497454
v -11.032900 -48.037003 12.399803
v -5.955800 -48.232250 10.349453
v -2.636150 -48.232300 5.760504
v -1.855100 -48.037003 2.636154
v -1.952700 -47.939354 -2.831446
v -10.408040 -46.416241 -11.716315
v -8.348486 -36.845802 13.671572
v -5.760827 -36.557659 12.625973
v -3.482144 -36.124481 10.186737
v -2.112614 -36.124657 7.795821
v -1.245904 -35.959785 4.194098
v -1.025890 -35.939930 2.661632
v -0.931433 -35.691475 -2.621156
v -2.013436 -35.226257 -7.494184
v -2.919798 -35.023331 -9.726521
v -4.961746 -35.040047 -12.006266
v -7.322701 -35.323406 -12.939684
v -9.495517 -35.104538 -13.528833
v -11.560120 -34.670601 -13.278498
v -14.957870 -34.719429 -12.751287
v -20.113050 -34.758499 -10.251798
v -23.823200 -34.563202 -4.588898
v -23.627949 -34.953751 2.245653
v -21.577600 -35.734848 7.517952
v -20.210699 -35.832500 9.275454
v -19.007732 -36.020378 10.478418
v -16.928051 -36.400475 12.253401
v -14.926254 -36.714203 13.312359
v -12.347952 -36.875496 14.034995
v -10.416673 -36.963615 14.441046
v -9.582522 -20.105671 0.199222
v -5.867975 -30.495319 6.916693
v -5.975624 -27.608068 6.368324
v -6.498753 -24.932802 5.270274
v -7.406029 -22.630833 3.688459
v -7.057849 -29.736685 7.591383
v -7.198172 -26.866459 7.039100
v -7.593434 -24.242661 5.796858
v -8.215797 -22.048594 3.952063
v -9.377433 -29.158537 8.411798
v -9.210485 -26.420080 7.711490
v -9.163239 -23.950417 6.328500
v -9.238967 -21.919954 4.358146
v -11.856126 -28.993317 8.855038
v -11.492359 -26.257017 8.113848
v -11.036723 -23.825068 6.676498
v -10.521801 -21.870806 4.646072
v -14.231880 -28.648146 8.240182
v -13.724670 -25.908905 7.540310
v -12.888386 -23.507368 6.187524
v -11.788601 -21.629660 4.288105
v -16.887098 -28.044273 5.978648
v -16.077063 -25.345114 5.541531
v -14.740493 -23.016371 4.575692
v -12.991364 -21.256172 3.163542
v -18.670246 -27.638269 3.528337
v -17.650362 -24.971781 3.463600
v -15.970772 -22.698460 2.974151
v -13.788988 -21.028200 2.106485
v -5.981416 -30.161121 -7.499603
v -6.020038 -27.379704 -6.849758
v -6.481546 -24.821575 -5.610925
v -7.332308 -22.660206 -3.870628
v -8.433886 -29.382881 -8.689421
v -7.914051 -26.737120 -7.775156
v -7.844318 -24.318617 -6.271939
v -8.229719 -22.306316 -4.291203
v -19.506165 -27.488020 -2.165268
v -18.499538 -24.803648 -1.802143
v -16.684017 -22.536079 -1.322167
v -14.237587 -20.892826 -0.771391
v -9.308735 -29.026861 -8.874430
v -9.178589 -26.273949 -8.036908
v -9.152909 -23.834545 -6.502968
v -9.233500 -21.882954 -4.382463
v -12.033063 -28.491461 -8.749753
v -11.475862 -25.738173 -7.960468
v -10.912199 -23.330793 -6.413004
v -10.388119 -21.466063 -4.233612
v -16.788004 -27.257647 -6.139318
v -16.017420 -24.599119 -5.420793
v -14.673392 -22.369360 -4.230217
v -12.876648 -20.767786 -2.674511
v -15.303541 -27.357651 -7.017512
v -14.387366 -24.730572 -6.384076
v -13.196212 -22.492825 -5.082080
v -11.828990 -20.830914 -3.219364
v -4.375280 -30.763639 -4.624614
v -4.599611 -27.967436 -4.255234
v -5.333521 -25.343470 -3.497280
v -6.536726 -23.036381 -2.392400
v -3.487190 -31.031525 -1.875520
v -3.818130 -28.243755 -1.660858
v -4.708741 -25.594559 -1.310135
v -6.119490 -23.200956 -0.838894
v -3.347188 -31.096920 1.459753
v -3.714896 -28.311104 1.287921
v -4.635615 -25.659229 1.066142
v -6.071386 -23.250334 0.803545
v -3.830454 -31.306416 4.159752
v -4.137256 -28.459917 3.872355
v -4.971298 -25.757158 3.264899
v -6.291121 -23.325581 2.367343
v -3.331690 -48.400112 5.092402
v -3.616977 -47.980217 4.866972
v -2.528377 -48.322639 2.386678
v -2.842765 -47.950184 2.323835
v -2.874129 -48.008945 -2.803378
v -3.227548 -47.585655 -2.715840
v -4.412832 -47.293392 -5.725624
v -4.585027 -46.802765 -5.567314
v -6.414064 -47.409542 8.644082
v -6.452811 -46.934795 8.370042
v -6.883825 -47.130901 8.893109
v -7.011198 -46.599331 8.688033
v -10.839320 -47.215130 10.798525
v -10.774493 -46.718941 10.527748
v -13.925347 -47.388718 11.469275
v -13.812846 -46.905041 11.209282
v -16.431908 -47.157681 10.710073
v -16.311193 -46.675945 10.470157
v -20.438601 -46.409801 7.100047
v -20.197601 -45.939026 6.975025
v -23.149616 -45.843235 2.491617
v -22.837948 -45.386631 2.554346
v -23.312904 -45.494427 -4.143873
v -23.043365 -45.038013 -3.992990
v -19.923840 -45.774498 -9.326072
v -19.735167 -45.314548 -9.092705
v -15.349113 -45.773693 -11.046649
v -15.444202 -46.240891 -11.314213
v -14.937322 -46.089935 -11.160002
v -15.273190 -45.654308 -11.054820
v -7.040212 -46.318504 -9.457751
v -7.336604 -46.682957 -9.692217
v -6.920464 -46.918591 -9.694482
v -6.990076 -46.424576 -9.441323
v 0.000000 -30.169600 -2.538498
v 0.000000 -7.127401 -13.864299
v -4.377716 -7.222639 15.324828
v -7.172016 -7.222640 14.952300
v 0.000000 -7.222639 15.324828
v -9.780004 -7.222640 14.207148
v -12.015465 -7.036328 13.275681
v -13.319459 -7.036328 12.158000
v -14.995981 -7.222640 10.295164
v -16.299976 -7.222640 7.873393
v -17.790283 -7.222640 3.961409
v -18.535435 -7.036329 -2.186033
v -2.142256 -6.663705 -13.176826
v -4.761086 -6.663705 -12.815604
v -7.544545 -6.663705 -12.431674
v -10.711470 -6.663705 -11.872832
v -16.858816 -6.850018 -7.029480
v -13.319459 -6.663705 -10.755151
v -15.741135 -6.663705 -8.706003
v 0.000000 -6.663705 -13.176826
v -4.166915 -7.604650 14.638608
v -6.826662 -7.604650 14.284018
v 0.000000 -7.604650 14.638608
v -9.309067 -7.604650 13.574747
v -11.436884 -7.427310 12.688133
v -12.678086 -7.427310 11.624271
v -14.273879 -7.604650 9.851137
v -15.515083 -7.604651 7.545981
v -16.933626 -7.604651 3.822372
v -17.642897 -7.427311 -2.029052
v -2.039100 -7.072630 -12.490606
v -4.531825 -7.072630 -12.146777
v -7.181252 -7.072630 -11.781335
v -10.195680 -7.072630 -11.249403
v -16.047012 -7.249971 -6.639273
v -12.678086 -7.072630 -10.185541
v -14.983150 -7.072630 -8.235066
v 0.000000 -7.072630 -12.490606
v -4.030872 -9.028312 14.195745
v -6.603782 -9.028312 13.852731
v 0.000000 -9.028312 14.195745
v -9.005140 -9.028312 13.166616
v -11.063487 -8.856762 12.308949
v -12.264166 -8.856762 11.279821
v -13.807858 -9.028312 9.564577
v -15.008539 -9.028313 7.334681
v -16.380770 -9.028313 3.732642
v -17.066883 -8.856762 -1.927742
v -1.972526 -8.513661 -12.047743
v -4.383868 -8.513661 -11.715139
v -6.946795 -8.513661 -11.361628
v -9.862806 -8.513661 -10.847063
v -15.523102 -8.685212 -6.387446
v -12.264166 -8.513661 -9.817934
v -14.493974 -8.513661 -7.931139
v -0.000000 -8.513661 -12.047743
v -4.000589 -10.974732 14.097164
v -6.554169 -10.974732 13.756727
v 0.000000 -10.974732 14.097164
v -8.937487 -10.974732 13.075768
v -10.980370 -10.804471 12.224545
v -12.172029 -10.804471 11.203148
v -13.704123 -10.974732 9.500790
v -14.895783 -10.974733 7.287646
v -16.257706 -10.974733 3.712668
v -16.938663 -10.804471 -1.905191
v -1.957707 -10.463948 -11.949162
v -4.350933 -10.463948 -11.619058
v -6.894606 -10.463948 -11.268202
v -9.788710 -10.463948 -10.757504
v -15.406481 -10.634211 -6.331390
v -12.172029 -10.463948 -9.736106
v -14.385084 -10.463948 -7.863486
v -0.000000 -10.463948 -11.949162
v 0.000000 -12.421861 14.195745
v -6.603782 -12.421861 13.852731
v 0.000000 -12.421861 14.195745
v -9.005140 -12.421861 13.166616
v -11.063487 -12.250311 12.308949
v -12.264166 -12.250311 11.279821
v -13.807858 -12.421861 9.564577
v -15.008539 -12.421862 7.334681
v -16.380770 -12.421862 3.732642
v -17.066883 -12.250311 -1.927742
v 0.000000 -11.907210 -12.047743
v -4.383868 -11.907210 -11.715139
v -6.946795 -11.907210 -11.361628
v -9.862806 -11.907210 -10.847063
v -15.523102 -12.078761 -6.387446
v -12.264166 -11.907210 -9.817934
v -14.493974 -11.907210 -7.931139
v 0.000000 -11.907210 -12.047743
v -17.671078 -19.238617 -9.826727
v -18.302399 -19.276436 -9.009514
v 5.370000 -9.275399 16.207600
v 7.518000 -7.713299 15.621801
v 8.299100 -9.080199 15.621801
v 4.588900 -7.713298 16.012300
v 10.251800 -7.713299 14.840701
v 10.837600 -9.080199 14.840701
v 12.595100 -7.517999 13.864301
v 10.672229 -12.221737 15.171357
v 4.626479 -19.991405 15.621802
v 8.299100 -18.648499 15.817101
v 13.962001 -7.517999 12.692701
v 7.127400 -20.991798 15.621802
v 4.588900 -21.772898 15.231201
v 10.837600 -18.257998 15.426501
v 3.026700 -23.725599 14.254901
v 14.767649 -9.226838 12.147241
v 15.719400 -7.713299 10.740001
v 2.245600 -25.483000 12.497401
v 13.180900 -17.281597 14.450201
v 4.979400 -24.311398 14.645403
v 16.069851 -9.525999 10.069026
v 17.086300 -7.713299 8.201401
v 16.467552 -12.489388 11.286066
v 3.026700 -26.654699 12.497401
v 2.050400 -27.045198 11.130502
v 10.024602 -31.447720 15.181529
v 13.766700 -22.553997 14.450202
v 17.677473 -9.634558 7.905852
v 17.086300 -12.985600 8.787301
v 17.867399 -15.133599 11.130501
v 1.074000 -28.802698 7.810903
v 8.396700 -31.634098 14.743052
v 15.524199 -22.163399 13.473802
v 5.662900 -33.489197 13.180902
v 18.648500 -7.713299 4.100700
v 1.881167 -31.649883 8.335876
v 2.245600 -7.127401 -13.864299
v 2.831400 -32.708099 10.349403
v 19.039101 -10.056500 4.100701
v 0.683500 -29.974300 4.686502
v 8.494300 -34.075001 14.254902
v 11.814000 -31.341200 15.036002
v 14.157200 -31.145899 14.254901
v 19.429600 -7.518000 -2.343299
v 7.908500 -7.127401 -13.083200
v 4.784200 -9.470700 -13.864299
v 17.867399 -21.968100 11.716302
v 16.305199 -27.240498 12.888001
v 18.843800 -21.187000 10.544703
v 0.000000 -30.364901 1.952702
v 0.488200 -30.364901 1.952702
v 19.820101 -19.624899 8.787302
v 0.683500 -31.145901 2.148002
v 20.015400 -17.476900 7.225101
v 15.524199 -31.341200 13.473802
v 7.750347 -9.342432 -13.399667
v 5.955800 -42.667000 11.521103
v 11.228200 -7.127401 -12.497398
v 2.440900 -42.471703 7.029803
v 0.000000 -30.364901 -2.733798
v 17.672100 -7.322701 -7.420399
v 5.565300 -14.547800 -14.254898
v 20.406000 -13.376200 -3.124399
v 20.796499 -18.257999 5.662901
v 0.683500 -31.145901 -2.538498
v 18.453199 -27.045198 10.935302
v 20.406000 -20.991800 7.029801
v 0.097652 -30.169600 -2.538498
v 0.488200 -30.364901 -2.733798
v 13.962001 -7.127401 -11.325799
v 1.464500 -42.081200 3.319603
v 16.500500 -7.127400 -9.177799
v 17.086300 -30.755402 12.302201
v 18.088888 -12.977160 -7.941856
v 21.772900 -19.624899 2.929101
v 4.979400 -18.258001 -14.059599
v 19.820101 -26.068899 9.177802
v 10.837600 -42.471703 13.473803
v 0.878700 -28.997902 -6.834498
v 1.269300 -29.583799 -7.420397
v 21.382301 -22.163401 4.881802
v 19.234299 -30.560101 10.154202
v 7.713300 -17.672102 -13.864299
v 1.269300 -41.885902 -2.733797
v 1.464500 -26.849899 -10.349399
v 2.831400 -25.873602 -11.911598
v 21.577600 -26.459398 6.444002
v 13.376200 -14.938300 -12.887999
v 1.855100 -30.950701 -7.810898
v 4.588900 -23.920902 -12.887998
v 17.026211 -15.539047 -9.878777
v 5.760500 -45.596100 11.521104
v 22.358700 -23.334999 1.952702
v 13.376200 -42.276497 13.278503
v 2.636200 -27.631001 -10.739998
v 11.423400 -17.672102 -13.669100
v 2.245600 -45.400803 6.834504
v 10.837600 -45.400803 13.669105
v 21.772900 -29.583799 6.834503
v 7.908500 -23.920902 -13.278499
v 21.772900 -19.624899 -3.710198
v 5.760500 -48.134602 10.740004
v 1.269300 -45.205502 3.124403
v 3.807800 -27.240499 -11.911598
v 2.245600 -41.495399 -7.029797
v 11.032900 -20.406002 -13.473798
v 13.766700 -45.205502 13.669105
v 12.985600 -17.476902 -13.278500
v 16.305199 -41.885902 12.497402
v 3.222000 -32.122299 -10.935297
v 2.440900 -47.939400 6.053404
v 11.032900 -47.939400 12.888003
v 14.547799 -17.476900 -12.497398
v 6.346400 -25.483002 -13.083199
v 6.151100 -48.329899 9.958903
v 21.382301 -33.879799 7.420302
v 1.074000 -44.815002 -2.733797
v 20.210699 -33.684502 9.177803
v 12.985600 -20.015402 -13.278499
v 18.453199 -23.725601 -9.763598
v 1.659800 -47.744102 2.733804
v 15.914700 -19.234299 -11.521098
v 2.831400 -48.525200 5.467604
v 11.032900 -48.134602 11.911604
v 22.163401 -22.749201 -4.491298
v 23.139801 -28.802698 2.148002
v 20.210699 -37.980499 9.373103
v 16.891100 -44.619701 12.692704
v 10.642300 -24.116102 -13.083199
v 4.784200 -32.317600 -12.302197
v 2.050400 -48.329899 2.538504
v 14.157200 -47.939400 12.888003
v 7.322701 -33.098701 -13.083198
v 13.376200 -25.678303 -12.887998
v 14.157200 -47.939400 12.106904
v 21.772900 -37.589897 7.615602
v 16.695801 -24.116100 -11.130498
v 9.275400 -32.903400 -13.473797
v 14.938299 -25.092501 -12.302197
v 11.228200 -28.607403 -13.083199
v 16.891100 -47.548801 12.106904
v 21.382301 -41.104801 8.592003
v 1.659800 -47.744102 -2.733796
v 23.334999 -33.098701 2.148002
v 2.050400 -44.424500 -6.834497
v 5.370000 -41.300098 -11.325797
v 2.245600 -48.134602 -2.929096
v 16.695801 -47.744102 11.325804
v 2.636200 -47.353500 -6.639297
v 23.920900 -36.808800 2.343303
v 22.163401 -43.643398 8.787303
v 16.891100 -28.997902 -11.521098
v 21.968100 -46.572502 8.201404
v 14.547799 -32.317600 -12.692698
v 23.530300 -32.708099 -4.491298
v 4.003100 -47.744102 -6.053396
v 11.032900 -32.122299 -13.278498
v 5.370000 -44.033901 -11.521097
v 20.991800 -46.963001 7.420303
v 19.624899 -28.997902 -9.958898
v 21.577600 -46.963001 8.006204
v 3.026700 -47.744102 -6.443996
v 24.311399 -40.323700 2.733803
v 5.760500 -46.963001 -11.325796
v 24.116100 -36.418301 -4.686497
v 6.151100 -47.353500 -10.935296
v 19.820101 -32.903400 -10.154198
v 10.056500 -40.714298 -13.669098
v 6.736900 -47.353500 -10.154197
v 25.287802 -43.057598 2.733803
v 25.092501 -45.791401 2.538504
v 10.056500 -43.448101 -14.059597
v 23.920900 -46.377201 2.343303
v 24.702000 -39.933197 -4.686497
v 20.406000 -36.613602 -10.349398
v 15.914700 -40.323700 -12.887997
v 10.251800 -46.377201 -13.864296
v 24.702000 -46.377201 2.538504
v 10.447100 -46.963001 -12.497396
v 10.251800 -46.767700 -13.473796
v 25.483000 -42.471703 -4.881797
v 23.920900 -45.986599 -4.491297
v 15.719400 -46.767700 -11.911596
v 20.991800 -40.128498 -10.544698
v 16.305199 -43.057598 -13.473797
v 20.406000 -46.377201 -9.958896
v 25.092501 -45.400803 -4.881797
v 16.110001 -46.181900 -13.083197
v 16.110001 -46.572502 -12.692697
v 21.382301 -42.667000 -10.935297
v 24.702000 -45.791401 -4.686497
v 21.187000 -45.791401 -10.739996
v 20.991800 -46.181900 -10.544697
v 11.286760 -9.294931 -12.790318
v 13.806505 -9.200742 -11.740473
v 16.627962 -9.166874 -9.347757
v 17.818666 -9.154509 -7.566927
v 19.757725 -9.486694 -2.605794
v 13.180901 -9.080149 13.669050
v 5.206204 -12.213704 -14.075327
v 8.099151 -12.278769 -13.695002
v 11.375009 -12.561343 -13.231741
v 13.554879 -12.555847 -12.411503
v 16.854931 -12.798500 -9.650395
v 20.006189 -12.957952 3.858944
v 19.108017 -12.914927 6.799440
v 14.079081 -12.204258 13.473801
v 8.186863 -14.672842 -13.864299
v 11.423400 -14.816705 -13.501109
v 18.190792 -15.983696 -8.451431
v 21.165009 -16.845966 -3.449681
v 20.657333 -15.753364 4.271452
v 19.870466 -15.303188 6.500505
v 18.285990 -15.251597 9.453735
v 15.367941 -37.121262 -12.809877
v 12.087339 -37.218906 -13.278497
v 9.715633 -37.305672 -13.583870
v 7.322701 -37.548111 -12.796169
v 5.139293 -37.762493 -11.710335
v 2.617597 -37.924362 -8.517746
v 2.116249 -38.002522 -7.288532
v 1.089685 -38.592857 -2.673915
v 1.242923 -38.978745 2.987208
v 1.355389 -39.025734 3.756102
v 2.283237 -39.423466 7.397692
v 4.132887 -39.540867 10.024072
v 5.858754 -39.626122 12.071043
v 8.202672 -39.616608 13.088241
v 10.617414 -39.609219 13.987580
v 15.332302 -39.106213 12.914349
v 17.846151 -38.545052 11.518799
v 12.681406 -39.401970 13.535309
v 4.736383 -21.107212 -13.693354
v 23.061661 -28.490261 -4.491298
v 7.567565 -12.298835 15.768123
v 4.831397 -12.372348 16.207602
v 14.673123 -15.174575 13.473801
v 10.754741 -15.233529 15.298661
v 7.911387 -15.283190 15.791142
v 11.712726 -12.216398 14.652902
v 12.578098 -15.205415 14.531436
v 10.910271 -21.845156 15.269407
v 4.748949 -15.340873 16.043404
v 4.679873 -17.743731 15.967845
v 0.781076 -26.752300 -10.056499
v 1.191151 -25.170641 -11.677299
v 1.333167 -22.646879 -13.029500
v 1.476728 -19.516705 -13.950716
v 1.562176 -17.437813 -14.333019
v 1.606827 -14.406408 -14.537615
v 1.630218 -11.933877 -14.337703
v 1.962177 -9.353100 -14.099500
v 4.990765 -7.127400 -13.485650
v 17.804768 -34.060253 11.583735
v 16.009949 -34.255894 12.988003
v 14.520206 -34.322197 13.710368
v 12.014498 -34.349022 14.534681
v 10.215931 -34.318016 14.894510
v 1.941991 -32.825848 8.193951
v 1.136419 -32.893837 4.632095
v 0.808858 -32.901115 2.336055
v 0.773180 -32.790092 -2.568396
v 1.910623 -32.449997 -7.699837
v 0.956850 -30.794420 4.823213
v 1.367938 -29.684475 8.031346
v 2.144922 -27.730562 11.035968
v 1.091252 -31.629005 4.812787
v 0.736368 -31.931192 2.186167
v 0.717983 -31.727875 -2.550812
v 5.497504 -31.453968 13.542590
v 2.677210 -31.590096 10.503613
v 8.603052 -21.324684 15.484337
v 18.534939 -17.047972 10.202944
v 17.721092 -16.889061 11.423115
v 15.000561 -17.102278 13.473801
v 14.649082 -26.965759 13.959984
v 13.961950 -26.849949 14.352551
v 11.418282 -27.183147 15.138204
v 9.455982 -27.398506 15.302652
v 7.916454 -27.607531 15.075531
v 5.238452 -27.882683 14.093996
v 4.033404 -28.610113 12.923253
v 2.411066 -29.660328 10.769791
v 1.618225 -30.642948 8.179857
v 2.999144 -30.413675 -10.861000
v 4.334906 -29.981352 -12.122461
v 6.834550 -29.290852 -13.083199
v 8.678603 -28.981586 -13.388529
v 13.925830 -28.792984 -12.796377
v 7.809915 -20.764954 -13.574356
v 16.793449 -47.646454 11.716354
v 14.157200 -47.939400 12.497454
v 11.032900 -48.037003 12.399803
v 5.955800 -48.232250 10.349453
v 2.636150 -48.232300 5.760504
v 1.855100 -48.037003 2.636154
v 1.952700 -47.939354 -2.831446
v 10.408040 -46.416241 -11.716315
v 8.348486 -36.845802 13.671572
v 5.760827 -36.557659 12.625973
v 3.482144 -36.124481 10.186737
v 2.112614 -36.124657 7.795821
v 1.245904 -35.959785 4.194098
v 1.025890 -35.939930 2.661632
v 0.931433 -35.691475 -2.621156
v 2.013436 -35.226257 -7.494184
v 2.919798 -35.023331 -9.726521
v 4.961746 -35.040047 -12.006266
v 7.322701 -35.323406 -12.939684
v 9.495517 -35.104538 -13.528833
v 11.560120 -34.670601 -13.278498
v 14.957870 -34.719429 -12.751287
v 20.113050 -34.758499 -10.251798
v 23.823200 -34.563202 -4.588898
v 23.627949 -34.953751 2.245653
v 21.577600 -35.734848 7.517952
v 20.210699 -35.832500 9.275454
v 19.007732 -36.020378 10.478418
v 16.928051 -36.400475 12.253401
v 14.926254 -36.714203 13.312359
v 12.347952 -36.875496 14.034995
v 10.416673 -36.963615 14.441046
v 9.582522 -20.105671 0.199222
v 5.867975 -30.495319 6.916693
v 5.975624 -27.608068 6.368324
v 6.498753 -24.932802 5.270274
v 7.406029 -22.630833 3.688459
v 7.057849 -29.736685 7.591383
v 7.198172 -26.866459 7.039100
v 7.593434 -24.242661 5.796858
v 8.215797 -22.048594 3.952063
v 9.377433 -29.158537 8.411798
v 9.210485 -26.420080 7.711490
v 9.163239 -23.950417 6.328500
v 9.238967 -21.919954 4.358146
v 11.856126 -28.993317 8.855038
v 11.492359 -26.257017 8.113848
v 11.036723 -23.825068 6.676498
v 10.521801 -21.870806 4.646072
v 14.231880 -28.648146 8.240182
v 13.724670 -25.908905 7.540310
v 12.888386 -23.507368 6.187524
v 11.788601 -21.629660 4.288105
v 16.887098 -28.044273 5.978648
v 16.077063 -25.345114 5.541531
v 14.740493 -23.016371 4.575692
v 12.991364 -21.256172 3.163542
v 18.670246 -27.638269 3.528337
v 17.650362 -24.971781 3.463600
v 15.970772 -22.698460 2.974151
v 13.788988 -21.028200 2.106485
v 5.981416 -30.161121 -7.499603
v 6.020038 -27.379704 -6.849758
v 6.481546 -24.821575 -5.610925
v 7.332308 -22.660206 -3.870628
v 8.433886 -29.382881 -8.689421
v 7.914051 -26.737120 -7.775156
v 7.844318 -24.318617 -6.271939
v 8.229719 -22.306316 -4.291203
v 19.506165 -27.488020 -2.165268
v 18.499538 -24.803648 -1.802143
v 16.684017 -22.536079 -1.322167
v 14.237587 -20.892826 -0.771391
v 9.308735 -29.026861 -8.874430
v 9.178589 -26.273949 -8.036908
v 9.152909 -23.834545 -6.502968
v 9.233500 -21.882954 -4.382463
v 12.033063 -28.491461 -8.749753
v 11.475862 -25.738173 -7.960468
v 10.912199 -23.330793 -6.413004
v 10.388119 -21.466063 -4.233612
v 16.788004 -27.257647 -6.139318
v 16.017420 -24.599119 -5.420793
v 14.673392 -22.369360 -4.230217
v 12.876648 -20.767786 -2.674511
v 15.303541 -27.357651 -7.017512
v 14.387366 -24.730572 -6.384076
v 13.196212 -22.492825 -5.082080
v 11.828990 -20.830914 -3.219364
v 4.375280 -30.763639 -4.624614
v 4.599611 -27.967436 -4.255234
v 5.333521 -25.343470 -3.497280
v 6.536726 -23.036381 -2.392400
v 3.487190 -31.031525 -1.875520
v 3.818130 -28.243755 -1.660858
v 4.708741 -25.594559 -1.310135
v 6.119490 -23.200956 -0.838894
v 3.347188 -31.096920 1.459753
v 3.714896 -28.311104 1.287921
v 4.635615 -25.659229 1.066142
v 6.071386 -23.250334 0.803545
v 3.830454 -31.306416 4.159752
v 4.137256 -28.459917 3.872355
v 4.971298 -25.757158 3.264899
v 6.291121 -23.325581 2.367343
v 3.331690 -48.400112 5.092402
v 3.616977 -47.980217 4.866972
v 2.528377 -48.322639 2.386678
v 2.842765 -47.950184 2.323835
v 2.874129 -48.008945 -2.803378
v 3.227548 -47.585655 -2.715840
v 4.412832 -47.293392 -5.725624
v 4.585027 -46.802765 -5.567314
v 6.414064 -47.409542 8.644082
v 6.452811 -46.934795 8.370042
v 6.883825 -47.130901 8.893109
v 7.011198 -46.599331 8.688033
v 10.839320 -47.215130 10.798525
v 10.774493 -46.718941 10.527748
v 13.925347 -47.388718 11.469275
v 13.812846 -46.905041 11.209282
v 16.431908 -47.157681 10.710073
v 16.311193 -46.675945 10.470157
v 20.438601 -46.409801 7.100047
v 20.197601 -45.939026 6.975025
v 23.149616 -45.843235 2.491617
v 22.837948 -45.386631 2.554346
v 23.312904 -45.494427 -4.143873
v 23.043365 -45.038013 -3.992990
v 19.923840 -45.774498 -9.326072
v 19.735167 -45.314548 -9.092705
v 15.349113 -45.773693 -11.046649
v 15.444202 -46.240891 -11.314213
v 14.937322 -46.089935 -11.160002
v 15.273190 -45.654308 -11.054820
v 7.040212 -46.318504 -9.457751
v 7.336604 -46.682957 -9.692217
v 6.920464 -46.918591 -9.694482
v 6.990076 -46.424576 -9.441323
v 4.377716 -7.222639 15.324828
v 7.172016 -7.222640 14.952300
v 9.780004 -7.222640 14.207148
v 12.015465 -7.036328 13.275681
v 13.319459 -7.036328 12.158000
v 14.995981 -7.222640 10.295164
v 16.299976 -7.222640 7.873393
v 17.790283 -7.222640 3.961409
v 18.535435 -7.036329 -2.186033
v 2.142256 -6.663705 -13.176826
v 4.761086 -6.663705 -12.815604
v 7.544545 -6.663705 -12.431674
v 10.711470 -6.663705 -11.872832
v 16.858816 -6.850018 -7.029480
v 13.319459 -6.663705 -10.755151
v 15.741135 -6.663705 -8.706003
v 4.166915 -7.604650 14.638608
v 6.826662 -7.604650 14.284018
v 9.309067 -7.604650 13.574747
v 11.436884 -7.427310 12.688133
v 12.678086 -7.427310 11.624271
v 14.273879 -7.604650 9.851137
v 15.515083 -7.604651 7.545981
v 16.933626 -7.604651 3.822372
v 17.642897 -7.427311 -2.029052
v 2.039100 -7.072630 -12.490606
v 4.531825 -7.072630 -12.146777
v 7.181252 -7.072630 -11.781335
v 10.195680 -7.072630 -11.249403
v 16.047012 -7.249971 -6.639273
v 12.678086 -7.072630 -10.185541
v 14.983150 -7.072630 -8.235066
v 4.030872 -9.028312 14.195745
v 6.603782 -9.028312 13.852731
v 9.005140 -9.028312 13.166616
v 11.063487 -8.856762 12.308949
v 12.264166 -8.856762 11.279821
v 13.807858 -9.028312 9.564577
v 15.008539 -9.028313 7.334681
v 16.380770 -9.028313 3.732642
v 17.066883 -8.856762 -1.927742
v 1.972526 -8.513661 -12.047743
v 4.383868 -8.513661 -11.715139
v 6.946795 -8.513661 -11.361628
v 9.862806 -8.513661 -10.847063
v 15.523102 -8.685212 -6.387446
v 12.264166 -8.513661 -9.817934
v 14.493974 -8.513661 -7.931139
v 4.000589 -10.974732 14.097164
v 6.554169 -10.974732 13.756727
v 8.937487 -10.974732 13.075768
v 10.980370 -10.804471 12.224545
v 12.172029 -10.804471 11.203148
v 13.704123 -10.974732 9.500790
v 14.895783 -10.974733 7.287646
v 16.257706 -10.974733 3.712668
v 16.938663 -10.804471 -1.905191
v 1.957707 -10.463948 -11.949162
v 4.350933 -10.463948 -11.619058
v 6.894606 -10.463948 -11.268202
v 9.788710 -10.463948 -10.757504
v 15.406481 -10.634211 -6.331390
v 12.172029 -10.463948 -9.736106
v 14.385084 -10.463948 -7.863486
v 6.603782 -12.421861 13.852731
v 9.005140 -12.421861 13.166616
v 11.063487 -12.250311 12.308949
v 12.264166 -12.250311 11.279821
v 13.807858 -12.421861 9.564577
v 15.008539 -12.421862 7.334681
v 16.380770 -12.421862 3.732642
v 17.066883 -12.250311 -1.927742
v 4.383868 -11.907210 -11.715139
v 6.946795 -11.907210 -11.361628
v 9.862806 -11.907210 -10.847063
v 15.523102 -12.078761 -6.387446
v 12.264166 -11.907210 -9.817934
v 14.493974 -11.907210 -7.931139
v 17.671078 -19.238617 -9.826727
v 18.302399 -19.276436 -9.009514
v -7.457091 -23.756058 15.393553
v -8.903252 -23.462444 15.420391
v -11.024753 -23.048094 15.239840
v 7.447895 -23.678951 15.399920
v 8.891781 -23.380760 15.422834
v 11.018128 -22.978485 15.241550
vt 0.224688 0.449377
vt 0.763514 0.472969
vt 0.500000 1.000000
vt 0.236485 0.472968
vt 0.769884 0.460231
vt 0.230115 0.460231
vt 0.774682 0.450633
vt 0.225318 0.450634
vt 0.772255 0.455487
vt 0.227744 0.455488
vt 0.766678 0.466642
vt 0.233323 0.466643
vt 0.764488 0.471023
vt 0.216505 0.433005
vt 0.785044 0.429912
vt 0.235512 0.471023
vt 0.760761 0.478479
vt 0.224281 0.448562
vt 0.783498 0.433005
vt 0.233173 0.466347
vt 0.775719 0.448562
vt 0.239240 0.478479
vt 0.757937 0.484127
vt 0.246437 0.492873
vt 0.766827 0.466347
vt 0.242063 0.484126
vt 0.753564 0.492873
vt 0.214957 0.429913
vt 0.785544 0.428913
vt 0.214456 0.428913
vt 0.784054 0.431893
vt 0.215946 0.431893
vt 0.784362 0.431274
vt 0.215637 0.431273
vt 0.785565 0.428869
vt 0.214435 0.428870
vt 0.775312 0.449376
vt 1.000000 0.000000
vt 0.000000 0.000000
vt -0.000000 -0.000000
vt 1.000000 0.000000
vt 1.000000 0.000000
vt -0.000000 -0.000000
vt 0.000000 0.000000
vt 1.000000 0.000000
vt -0.000000 -0.000000
vt 1.000000 0.000000
vt 0.000000 0.000000
vt 1.000000 0.000000
vt -0.000000 -0.000000
vt 1.000000 0.000000
vt 0.000000 0.000000
vt 1.000000 0.000000
vt 0.000000 0.000000
vt 1.000000 0.000000
vt 0.000000 0.000000
vt 1.000000 0.000000
vt -0.000000 -0.000000
vt 1.000000 0.000000
vt 0.000000 0.000000
vt 1.000000 0.000000
vt 0.000000 0.000000
vt 1.000000 0.000000
vt 0.000000 0.000000
vt 1.000000 0.000000
vt 0.000000 0.000000
vt 1.000000 0.000000
vt 1.000000 0.000000
vt 0.000000 0.000000
vt -0.000000 -0.000000
vt 1.000000 0.000000
vt 1.000000 0.000000
vt -0.000000 -0.000000
vt 1.000000 0.000000
vt 0.000000 0.000000
vt 1.000000 0.000000
vt 0.000000 0.000000
vt 0.000000 0.000000
vt 1.000000 0.000000
vt 0.000000 0.000000
vt 1.000000 0.000000
vt 1.000000 0.000000
vt 0.000000 0.000000
vt 1.000000 0.000000
vt -0.000000 -0.000000
vt 1.000000 0.000000
vt 0.000000 0.000000
vt 1.000000 0.000000
vt 0.000000 0.000000
vt 0.000000 0.000000
vt 1.000000 0.000000
vt 0.000000 0.000000
vt 1.000000 0.000000
vt 0.000000 0.000000
vt 1.000000 0.000000
vt 0.000000 0.000000
vt 1.000000 0.000000
vt -0.000000 -0.000000
vt 1.000000 0.000000
vt 0.000000 0.000000
vt 1.000000 0.000000
vt -0.000000 -0.000000
vt 1.000000 0.000000
vt 0.000000 0.000000
vt 1.000000 0.000000
vt -0.000000 -0.000000
vt 1.000000 0.000000
vt 0.000000 0.000000
vt 1.000000 0.000000
vt 0.000000 0.000000
vt 1.000000 0.000000
vt 1.000000 1.000000
vt 0.000000 1.000000
vt 0.000000 0.000000
vt 1.000000 0.000000
vt 1.000000 1.000000
vt 0.000000 1.000000
vt 0.000000 0.000000
vt 1.000000 0.000000
vt 1.000000 1.000000
vt 0.000000 1.000000
vt 0.000000 0.000000
vt 1.000000 0.000000
vt 1.000000 1.000000
vt 0.000000 1.000000
vt 0.000000 0.000000
vt 1.000000 0.000000
vt 1.000000 1.000000
vt 0.000000 1.000000
vt 0.000000 0.000000
vt 1.000000 0.000000
vt 1.000000 1.000000
vt 0.000000 1.000000
vt 0.000000 0.000000
vt 1.000000 0.000000
vt 1.000000 1.000000
vt 0.000000 1.000000
vt 0.000000 0.000000
vt 1.000000 0.000000
vt 1.000000 1.000000
vt 0.000000 1.000000
vt 0.000000 0.000000
vt 1.000000 0.000000
vt 1.000000 1.000000
vt 0.000000 1.000000
vt 0.000000 0.000000
vt 1.000000 0.000000
vt 1.000000 1.000000
vt 0.000000 1.000000
vt 0.000000 0.000000
vt 1.000000 0.000000
vt 1.000000 1.000000
vt 0.000000 1.000000
vt 0.000000 0.000000
vt 1.000000 0.000000
vt 1.000000 1.000000
vt 0.000000 1.000000
vt 0.000000 0.000000
vt 1.000000 0.000000
vt 1.000000 1.000000
vt 0.000000 1.000000
vt 0.000000 0.000000
vt 1.000000 0.000000
vt 1.000000 1.000000
vt 0.000000 1.000000
vt 0.000000 0.000000
vt 1.000000 0.000000
vt 1.000000 1.000000
vt 0.000000 1.000000
vt 0.000000 0.000000
vt 1.000000 0.000000
vt 1.000000 1.000000
vt 0.000000 1.000000
vt 0.000000 0.000000
vt 1.000000 0.000000
vt 1.000000 1.000000
vt 0.000000 1.000000
vt 0.000000 0.000000
vt 1.000000 0.000000
vt 1.000000 1.000000
vt 0.000000 1.000000
vt 0.000000 0.000000
vt 1.000000 0.000000
vt 1.000000 1.000000
vt 0.000000 1.000000
vt 0.000000 0.000000
vt 1.000000 0.000000
vt 1.000000 1.000000
vt 0.000000 1.000000
vt 0.000000 0.000000
vt 1.000000 0.000000
vt 1.000000 1.000000
vt 0.000000 1.000000
vt 0.000000 0.000000
vt 1.000000 0.000000
vt 1.000000 1.000000
vt 0.000000 1.000000
vt 0.000000 0.000000
vt 1.000000 0.000000
vt 1.000000 1.000000
vt 0.000000 1.000000
vt 0.000000 0.000000
vt 1.000000 0.000000
vt 1.000000 1.000000
vt 0.000000 1.000000
vt 0.000000 0.000000
vt 1.000000 0.000000
vt 1.000000 1.000000
vt 0.000000 1.000000
vt 0.000000 0.000000
vt 1.000000 0.000000
vt 1.000000 1.000000
vt 0.000000 1.000000
vt 0.000000 0.000000
vt 1.000000 0.000000
vt 1.000000 1.000000
vt 0.000000 1.000000
vt 0.000000 0.000000
vt 1.000000 0.000000
vt 1.000000 1.000000
vt 0.000000 1.000000
vt 0.000000 0.000000
vt 1.000000 0.000000
vt 1.000000 1.000000
vt 0.000000 1.000000
vt 0.000000 0.000000
vt 1.000000 0.000000
vt 1.000000 1.000000
vt 0.000000 1.000000
vt 0.000000 0.000000
vt 1.000000 0.000000
vt 1.000000 1.000000
vt 0.000000 1.000000
vt 0.000000 0.000000
vt 1.000000 0.000000
vt 1.000000 1.000000
vt 0.000000 1.000000
vt 0.000000 0.000000
vt 1.000000 0.000000
vt 1.000000 1.000000
vt 0.000000 1.000000
vt 0.000000 0.000000
vt 1.000000 0.000000
vt 1.000000 1.000000
vt 0.000000 1.000000
vt 0.000000 0.000000
vt 1.000000 0.000000
vt 1.000000 1.000000
vt 0.000000 1.000000
vt 0.000000 0.000000
vt 1.000000 0.000000
vt 1.000000 1.000000
vt 0.000000 1.000000
vt 0.000000 0.000000
vt 1.000000 0.000000
vt 1.000000 1.000000
vt 0.000000 1.000000
vt 0.000000 0.000000
vt 1.000000 0.000000
vt 1.000000 1.000000
vt 0.000000 1.000000
vt 0.000000 0.000000
vt 1.000000 0.000000
vt 1.000000 1.000000
vt 0.000000 1.000000
vt 0.000000 0.000000
vt 1.000000 0.000000
vt 1.000000 1.000000
vt 0.000000 1.000000
vt 0.000000 0.000000
vt 1.000000 0.000000
vt 1.000000 1.000000
vt 0.000000 1.000000
vt 0.000000 0.000000
vt 1.000000 0.000000
vt 1.000000 1.000000
vt 0.000000 1.000000
vt 0.000000 0.000000
vt 1.000000 0.000000
vt 1.000000 1.000000
vt 0.000000 1.000000
vt 0.000000 0.000000
vt 1.000000 0.000000
vt 1.000000 1.000000
vt 0.000000 1.000000
vt 0.000000 0.000000
vt 1.000000 0.000000
vt 1.000000 1.000000
vt 0.000000 1.000000
vt 0.000000 0.000000
vt 1.000000 0.000000
vt 1.000000 1.000000
vt 0.000000 1.000000
vt 0.000000 0.000000
vt 1.000000 0.000000
vt 1.000000 1.000000
vt 0.000000 1.000000
vt 0.000000 0.000000
vt 1.000000 0.000000
vt 1.000000 1.000000
vt 0.000000 1.000000
vt 0.000000 0.000000
vt 1.000000 0.000000
vt 1.000000 1.000000
vt 0.000000 1.000000
vt 0.000000 0.000000
vt 1.000000 0.000000
vt 1.000000 1.000000
vt 0.000000 1.000000
vt 0.000000 0.000000
vt 1.000000 0.000000
vt 1.000000 1.000000
vt 0.000000 1.000000
vt 0.000000 0.000000
vt 1.000000 0.000000
vt 1.000000 1.000000
vt 0.000000 1.000000
vt 0.000000 0.000000
vt 1.000000 0.000000
vt 1.000000 1.000000
vt 0.000000 1.000000
vt 0.000000 0.000000
vt 1.000000 0.000000
vt 1.000000 1.000000
vt 0.000000 1.000000
vt 0.000000 0.000000
vt 1.000000 0.000000
vt 1.000000 1.000000
vt 0.000000 1.000000
vt 0.000000 0.000000
vt 1.000000 0.000000
vt 1.000000 1.000000
vt 0.000000 1.000000
vt 0.000000 0.000000
vt 1.000000 0.000000
vt 1.000000 1.000000
vt 0.000000 1.000000
vt 0.000000 0.000000
vt 1.000000 0.000000
vt 1.000000 1.000000
vt 0.000000 1.000000
vt 0.000000 0.000000
vt 1.000000 0.000000
vt 1.000000 1.000000
vt 0.000000 1.000000
vt 0.000000 0.000000
vt 1.000000 0.000000
vt 1.000000 1.000000
vt 0.000000 1.000000
vt 0.000000 0.000000
vt 1.000000 0.000000
vt 1.000000 1.000000
vt 0.000000 1.000000
vt 0.000000 0.000000
vt 1.000000 0.000000
vt 1.000000 1.000000
vt 0.000000 1.000000
vt 0.000000 0.000000
vt 1.000000 0.000000
vt 1.000000 1.000000
vt 0.000000 1.000000
vt 0.000000 0.000000
vt 1.000000 0.000000
vt 1.000000 1.000000
vt 0.000000 1.000000
vt 0.000000 0.000000
vt 1.000000 0.000000
vt 1.000000 1.000000
vt 0.000000 1.000000
vt 0.000000 0.000000
vt 1.000000 0.000000
vt 1.000000 1.000000
vt 0.000000 1.000000
vt 0.000000 0.000000
vt 1.000000 0.000000
vt 1.000000 1.000000
vt 0.000000 1.000000
vt 0.000000 0.000000
vt 1.000000 0.000000
vt 1.000000 1.000000
vt 0.000000 1.000000
vt 0.000000 0.000000
vt 1.000000 0.000000
vt 1.000000 1.000000
vt 0.000000 1.000000
vt 0.000000 0.000000
vt 1.000000 0.000000
vt 1.000000 1.000000
vt 0.000000 1.000000
vt 0.000000 0.000000
vt 1.000000 0.000000
vt 1.000000 1.000000
vt 0.000000 1.000000
vt 0.000000 0.000000
vt 1.000000 0.000000
vt 1.000000 1.000000
vt 0.000000 1.000000
vt 0.000000 0.000000
vt 1.000000 0.000000
vt 1.000000 1.000000
vt 0.000000 1.000000
vt 0.000000 0.000000
vt 1.000000 0.000000
vt 1.000000 1.000000
vt 0.000000 1.000000
vt 0.000000 0.000000
vt 1.000000 0.000000
vt 1.000000 1.000000
vt 0.000000 1.000000
vt 0.000000 0.000000
vt 1.000000 0.000000
vt 1.000000 1.000000
vt 0.000000 1.000000
vt 0.000000 0.000000
vt 1.000000 0.000000
vt 1.000000 1.000000
vt 0.000000 1.000000
vt 0.000000 0.000000
vt 1.000000 0.000000
vt 1.000000 1.000000
vt 0.000000 1.000000
vt 0.000000 0.000000
vt 1.000000 0.000000
vt 1.000000 1.000000
vt 0.000000 1.000000
vt 0.000000 0.000000
vt 1.000000 0.000000
vt 1.000000 1.000000
vt 0.000000 1.000000
vt 0.000000 0.000000
vt 1.000000 0.000000
vt 1.000000 1.000000
vt 0.000000 1.000000
vt 0.000000 0.000000
vt 1.000000 0.000000
vt 1.000000 1.000000
vt 0.000000 1.000000
vt 0.000000 0.000000
vt 1.000000 0.000000
vt 1.000000 1.000000
vt 0.000000 1.000000
vt 0.000000 0.000000
vt 1.000000 0.000000
vt 1.000000 1.000000
vt 0.000000 1.000000
vt 0.000000 0.000000
vt 1.000000 0.000000
vt 1.000000 1.000000
vt 0.000000 1.000000
vt 0.224688 0.449377
vt 0.763514 0.472969
vt 0.500000 1.000000
vt 0.236485 0.472968
vt 0.769884 0.460231
vt 0.230115 0.460231
vt 0.774682 0.450633
vt 0.225318 0.450634
vt 0.772255 0.455487
vt 0.227744 0.455488
vt 0.766678 0.466642
vt 0.233323 0.466643
vt 0.764488 0.471023
vt 0.216505 0.433005
vt 0.785044 0.429912
vt 0.235512 0.471023
vt 0.760761 0.478479
vt 0.224281 0.448562
vt 0.783498 0.433005
vt 0.233173 0.466347
vt 0.775719 0.448562
vt 0.239240 0.478479
vt 0.757937 0.484127
vt 0.246437 0.492873
vt 0.766827 0.466347
vt 0.242063 0.484126
vt 0.753564 0.492873
vt 0.214957 0.429913
vt 0.785544 0.428913
vt 0.214456 0.428913
vt 0.784054 0.431893
vt 0.215946 0.431893
vt 0.784362 0.431274
vt 0.215637 0.431273
vt 0.785565 0.428869
vt 0.214435 0.428870
vt 0.775312 0.449376
vt 1.000000 0.000000
vt 0.000000 0.000000
vt -0.000000 -0.000000
vt 1.000000 0.000000
vt 1.000000 0.000000
vt -0.000000 -0.000000
vt 0.000000 0.000000
vt 1.000000 0.000000
vt -0.000000 -0.000000
vt 1.000000 0.000000
vt 0.000000 0.000000
vt 1.000000 0.000000
vt -0.000000 -0.000000
vt 1.000000 0.000000
vt 0.000000 0.000000
vt 1.000000 0.000000
vt 0.000000 0.000000
vt 1.000000 0.000000
vt 0.000000 0.000000
vt 1.000000 0.000000
vt -0.000000 -0.000000
vt 1.000000 0.000000
vt 0.000000 0.000000
vt 1.000000 0.000000
vt 0.000000 0.000000
vt 1.000000 0.000000
vt 0.000000 0.000000
vt 1.000000 0.000000
vt 0.000000 0.000000
vt 1.000000 0.000000
vt 1.000000 0.000000
vt 0.000000 0.000000
vt -0.000000 -0.000000
vt 1.000000 0.000000
vt 1.000000 0.000000
vt -0.000000 -0.000000
vt 1.000000 0.000000
vt 0.000000 0.000000
vt 1.000000 0.000000
vt 0.000000 0.000000
vt 0.000000 0.000000
vt 1.000000 0.000000
vt 0.000000 0.000000
vt 1.000000 0.000000
vt 1.000000 0.000000
vt 0.000000 0.000000
vt 1.000000 0.000000
vt -0.000000 -0.000000
vt 1.000000 0.000000
vt 0.000000 0.000000
vt 1.000000 0.000000
vt 0.000000 0.000000
vt 0.000000 0.000000
vt 1.000000 0.000000
vt 0.000000 0.000000
vt 1.000000 0.000000
vt 0.000000 0.000000
vt 1.000000 0.000000
vt 0.000000 0.000000
vt 1.000000 0.000000
vt -0.000000 -0.000000
vt 1.000000 0.000000
vt 0.000000 0.000000
vt 1.000000 0.000000
vt -0.000000 -0.000000
vt 1.000000 0.000000
vt 0.000000 0.000000
vt 1.000000 0.000000
vt -0.000000 -0.000000
vt 1.000000 0.000000
vt 0.000000 0.000000
vt 1.000000 0.000000
vt 0.000000 0.000000
vt 1.000000 0.000000
vt 1.000000 1.000000
vt 0.000000 1.000000
vt 0.000000 0.000000
vt 1.000000 0.000000
vt 1.000000 1.000000
vt 0.000000 1.000000
vt 0.000000 0.000000
vt 1.000000 0.000000
vt 1.000000 1.000000
vt 0.000000 1.000000
vt 0.000000 0.000000
vt 1.000000 0.000000
vt 1.000000 1.000000
vt 0.000000 1.000000
vt 0.000000 0.000000
vt 1.000000 0.000000
vt 1.000000 1.000000
vt 0.000000 1.000000
vt 0.000000 0.000000
vt 1.000000 0.000000
vt 1.000000 1.000000
vt 0.000000 1.000000
vt 0.000000 0.000000
vt 1.000000 0.000000
vt 1.000000 1.000000
vt 0.000000 1.000000
vt 0.000000 0.000000
vt 1.000000 0.000000
vt 1.000000 1.000000
vt 0.000000 1.000000
vt 0.000000 0.000000
vt 1.000000 0.000000
vt 1.000000 1.000000
vt 0.000000 1.000000
vt 0.000000 0.000000
vt 1.000000 0.000000
vt 1.000000 1.000000
vt 0.000000 1.000000
vt 0.000000 0.000000
vt 1.000000 0.000000
vt 1.000000 1.000000
vt 0.000000 1.000000
vt 0.000000 0.000000
vt 1.000000 0.000000
vt 1.000000 1.000000
vt 0.000000 1.000000
vt 0.000000 0.000000
vt 1.000000 0.000000
vt 1.000000 1.000000
vt 0.000000 1.000000
vt 0.000000 0.000000
vt 1.000000 0.000000
vt 1.000000 1.000000
vt 0.000000 1.000000
vt 0.000000 0.000000
vt 1.000000 0.000000
vt 1.000000 1.000000
vt 0.000000 1.000000
vt 0.000000 0.000000
vt 1.000000 0.000000
vt 1.000000 1.000000
vt 0.000000 1.000000
vt 0.000000 0.000000
vt 1.000000 0.000000
vt 1.000000 1.000000
vt 0.000000 1.000000
vt 0.000000 0.000000
vt 1.000000 0.000000
vt 1.000000 1.000000
vt 0.000000 1.000000
vt 0.000000 0.000000
vt 1.000000 0.000000
vt 1.000000 1.000000
vt 0.000000 1.000000
vt 0.000000 0.000000
vt 1.000000 0.000000
vt 1.000000 1.000000
vt 0.000000 1.000000
vt 0.000000 0.000000
vt 1.000000 0.000000
vt 1.000000 1.000000
vt 0.000000 1.000000
vt 0.000000 0.000000
vt 1.000000 0.000000
vt 1.000000 1.000000
vt 0.000000 1.000000
vt 0.000000 0.000000
vt 1.000000 0.000000
vt 1.000000 1.000000
vt 0.000000 1.000000
vt 0.000000 0.000000
vt 1.000000 0.000000
vt 1.000000 1.000000
vt 0.000000 1.000000
vt 0.000000 0.000000
vt 1.000000 0.000000
vt 1.000000 1.000000
vt 0.000000 1.000000
vt 0.000000 0.000000
vt 1.000000 0.000000
vt 1.000000 1.000000
vt 0.000000 1.000000
vt 0.000000 0.000000
vt 1.000000 0.000000
vt 1.000000 1.000000
vt 0.000000 1.000000
vt 0.000000 0.000000
vt 1.000000 0.000000
vt 1.000000 1.000000
vt 0.000000 1.000000
vt 0.000000 0.000000
vt 1.000000 0.000000
vt 1.000000 1.000000
vt 0.000000 1.000000
vt 0.000000 0.000000
vt 1.000000 0.000000
vt 1.000000 1.000000
vt 0.000000 1.000000
vt 0.000000 0.000000
vt 1.000000 0.000000
vt 1.000000 1.000000
vt 0.000000 1.000000
vt 0.000000 0.000000
vt 1.000000 0.000000
vt 1.000000 1.000000
vt 0.000000 1.000000
vt 0.000000 0.000000
vt 1.000000 0.000000
vt 1.000000 1.000000
vt 0.000000 1.000000
vt 0.000000 0.000000
vt 1.000000 0.000000
vt 1.000000 1.000000
vt 0.000000 1.000000
vt 0.000000 0.000000
vt 1.000000 0.000000
vt 1.000000 1.000000
vt 0.000000 1.000000
vt 0.000000 0.000000
vt 1.000000 0.000000
vt 1.000000 1.000000
vt 0.000000 1.000000
vt 0.000000 0.000000
vt 1.000000 0.000000
vt 1.000000 1.000000
vt 0.000000 1.000000
vt 0.000000 0.000000
vt 1.000000 0.000000
vt 1.000000 1.000000
vt 0.000000 1.000000
vt 0.000000 0.000000
vt 1.000000 0.000000
vt 1.000000 1.000000
vt 0.000000 1.000000
vt 0.000000 0.000000
vt 1.000000 0.000000
vt 1.000000 1.000000
vt 0.000000 1.000000
vt 0.000000 0.000000
vt 1.000000 0.000000
vt 1.000000 1.000000
vt 0.000000 1.000000
vt 0.000000 0.000000
vt 1.000000 0.000000
vt 1.000000 1.000000
vt 0.000000 1.000000
vt 0.000000 0.000000
vt 1.000000 0.000000
vt 1.000000 1.000000
vt 0.000000 1.000000
vt 0.000000 0.000000
vt 1.000000 0.000000
vt 1.000000 1.000000
vt 0.000000 1.000000
vt 0.000000 0.000000
vt 1.000000 0.000000
vt 1.000000 1.000000
vt 0.000000 1.000000
vt 0.000000 0.000000
vt 1.000000 0.000000
vt 1.000000 1.000000
vt 0.000000 1.000000
vt 0.000000 0.000000
vt 1.000000 0.000000
vt 1.000000 1.000000
vt 0.000000 1.000000
vt 0.000000 0.000000
vt 1.000000 0.000000
vt 1.000000 1.000000
vt 0.000000 1.000000
vt 0.000000 0.000000
vt 1.000000 0.000000
vt 1.000000 1.000000
vt 0.000000 1.000000
vt 0.000000 0.000000
vt 1.000000 0.000000
vt 1.000000 1.000000
vt 0.000000 1.000000
vt 0.000000 0.000000
vt 1.000000 0.000000
vt 1.000000 1.000000
vt 0.000000 1.000000
vt 0.000000 0.000000
vt 1.000000 0.000000
vt 1.000000 1.000000
vt 0.000000 1.000000
vt 0.000000 0.000000
vt 1.000000 0.000000
vt 1.000000 1.000000
vt 0.000000 1.000000
vt 0.000000 0.000000
vt 1.000000 0.000000
vt 1.000000 1.000000
vt 0.000000 1.000000
vt 0.000000 0.000000
vt 1.000000 0.000000
vt 1.000000 1.000000
vt 0.000000 1.000000
vt 0.000000 0.000000
vt 1.000000 0.000000
vt 1.000000 1.000000
vt 0.000000 1.000000
vt 0.000000 0.000000
vt 1.000000 0.000000
vt 1.000000 1.000000
vt 0.000000 1.000000
vt 0.000000 0.000000
vt 1.000000 0.000000
vt 1.000000 1.000000
vt 0.000000 1.000000
vt 0.000000 0.000000
vt 1.000000 0.000000
vt 1.000000 1.000000
vt 0.000000 1.000000
vt 0.000000 0.000000
vt 1.000000 0.000000
vt 1.000000 1.000000
vt 0.000000 1.000000
vt 0.000000 0.000000
vt 1.000000 0.000000
vt 1.000000 1.000000
vt 0.000000 1.000000
vt 0.000000 0.000000
vt 1.000000 0.000000
vt 1.000000 1.000000
vt 0.000000 1.000000
vt 0.000000 0.000000
vt 1.000000 0.000000
vt 1.000000 1.000000
vt 0.000000 1.000000
vt 0.000000 0.000000
vt 1.000000 0.000000
vt 1.000000 1.000000
vt 0.000000 1.000000
vt 0.000000 0.000000
vt 1.000000 0.000000
vt 1.000000 1.000000
vt 0.000000 1.000000
vt 0.000000 0.000000
vt 1.000000 0.000000
vt 1.000000 1.000000
vt 0.000000 1.000000
vt 0.000000 0.000000
vt 1.000000 0.000000
vt 1.000000 1.000000
vt 0.000000 1.000000
vt 0.000000 0.000000
vt 1.000000 0.000000
vt 1.000000 1.000000
vt 0.000000 1.000000
vt 0.000000 0.000000
vt 1.000000 0.000000
vt 1.000000 1.000000
vt 0.000000 1.000000
vt 0.000000 0.000000
vt 1.000000 0.000000
vt 1.000000 1.000000
vt 0.000000 1.000000
vt 0.000000 0.000000
vt 1.000000 0.000000
vt 1.000000 1.000000
vt 0.000000 1.000000
vt 0.000000 0.000000
vt 1.000000 0.000000
vt 1.000000 1.000000
vt 0.000000 1.000000
vt 0.000000 0.000000
vt 1.000000 0.000000
vt 1.000000 1.000000
vt 0.000000 1.000000
vt 0.000000 0.000000
vt 1.000000 0.000000
vt 1.000000 1.000000
vt 0.000000 1.000000
vt 0.000000 0.000000
vt 1.000000 0.000000
vt 1.000000 1.000000
vt 0.000000 1.000000
vt 0.000000 0.000000
vt 1.000000 0.000000
vt 1.000000 1.000000
vt 0.000000 1.000000
vt 0.000000 0.000000
vt 1.000000 0.000000
vt 1.000000 1.000000
vt 0.000000 1.000000
vt 0.000000 0.000000
vt 1.000000 0.000000
vt 1.000000 1.000000
vt 0.000000 1.000000
vt 0.000000 0.000000
vt 1.000000 0.000000
vt 1.000000 1.000000
vt 0.000000 1.000000
vt 0.000000 0.000000
vt 1.000000 0.000000
vt 1.000000 1.000000
vt 0.000000 1.000000
vt 0.000000 0.000000
vt 1.000000 0.000000
vt 1.000000 1.000000
vt 0.000000 1.000000
vt 0.000000 0.000000
vt 1.000000 0.000000
vt 1.000000 1.000000
vt 0.000000 1.000000
vt 0.000000 0.000000
vt 1.000000 0.000000
vt 1.000000 1.000000
vt 0.000000 1.000000
vt 0.000000 0.000000
vt 1.000000 0.000000
vt 1.000000 1.000000
vt 0.000000 1.000000
vt 0.000000 0.000000
vt 1.000000 0.000000
vt 1.000000 1.000000
vt 0.000000 1.000000
vn -0.182456 0.424382 0.886910
vn -0.219766 0.057719 0.973844
vn -0.071741 0.031468 0.996927
vn -0.039844 0.367776 0.929060
vn -0.039662 -0.028597 0.998804
vn 0.000000 -0.037480 0.999297
vn 0.000000 0.028692 0.999588
vn -0.291848 0.419520 0.859551
vn -0.343065 0.074924 0.936319
vn -0.175453 0.008790 0.984449
vn -0.459852 0.398078 0.793770
vn -0.555673 0.110952 0.823964
vn -0.263509 0.045898 0.963565
vn -0.436454 0.075267 0.896573
vn -0.568091 0.137083 0.811469
vn -0.769532 0.155186 0.619466
vn -0.788602 0.261799 0.556388
vn 0.244346 -0.450909 0.858473
vn -0.000000 -0.491480 0.870889
vn -0.000000 -0.293603 0.955927
vn 0.153618 -0.242485 0.957916
vn 0.324782 -0.593104 0.736712
vn 0.000000 -0.683838 0.729634
vn -0.252886 0.046138 0.966395
vn -0.419754 0.076613 0.904399
vn 0.333041 -0.207084 0.919891
vn 0.053397 -0.129980 0.990078
vn 0.167869 -0.121663 0.978273
vn -0.087634 -0.036032 0.995501
vn -0.091357 -0.061864 0.993895
vn -0.855955 0.141725 0.497247
vn -0.833580 0.250866 0.492149
vn 0.626490 -0.272249 0.730336
vn 0.506635 -0.618883 0.600253
vn 0.353350 -0.740269 0.571966
vn 0.827625 -0.218130 0.517162
vn -0.249372 0.006202 0.968388
vn -0.405051 0.044454 0.913213
vn -0.397621 0.012153 0.917469
vn -0.235596 -0.015806 0.971723
vn 0.688722 -0.191982 0.699145
vn 0.806549 -0.203472 0.555048
vn -0.870076 0.148736 0.469942
vn -0.865106 0.263773 0.426633
vn 0.652221 -0.620183 0.435867
vn 0.392606 -0.794663 0.463002
vn 0.260254 -0.116736 0.958457
vn 0.440108 -0.150470 0.885248
vn -0.853763 0.336598 0.397229
vn -0.773920 0.260798 0.577090
vn 0.937463 -0.187379 0.293347
vn 0.934122 -0.205701 0.291726
vn 0.748865 -0.606080 0.268080
vn 0.383939 -0.883550 0.268200
vn -0.964658 0.236467 0.116264
vn -0.960255 0.219106 0.172923
vn 0.961977 -0.210380 0.174185
vn 0.977361 -0.105049 0.183657
vn -0.892370 0.406754 0.195516
vn -0.915339 0.399515 -0.050419
vn -0.976444 0.183181 -0.114026
vn -0.566838 0.025288 0.823441
vn -0.613809 -0.003278 0.789448
vn -0.523172 -0.000373 0.852227
vn 0.834312 -0.548715 0.053249
vn 0.383837 -0.921107 0.065048
vn -0.679121 0.020455 0.733741
vn -0.706577 -0.000700 0.707636
vn 0.984414 -0.167662 0.053099
vn 0.996332 -0.068967 0.050655
vn 0.893894 -0.020723 0.447799
vn 0.927081 -0.098629 0.361654
vn 0.783699 -0.152656 0.602089
vn -0.340074 -0.000941 0.940398
vn 0.972439 -0.070782 0.222155
vn 0.992819 -0.004710 0.119538
vn -1.000000 0.000000 0.000000
vn -1.000000 0.000000 0.000000
vn -1.000000 0.000000 0.000000
vn -0.257036 0.354367 -0.899086
vn -0.149166 0.341973 -0.927795
vn -0.152450 0.125415 -0.980321
vn -0.256711 0.136989 -0.956731
vn -0.851486 0.045706 0.522382
vn -0.839096 0.059606 0.540707
vn 0.203694 -0.021956 0.978788
vn 0.612754 -0.054750 0.788375
vn 0.597849 -0.176484 0.781940
vn 0.367976 -0.187011 0.910835
vn -0.116110 0.109460 -0.987186
vn -0.107664 0.091099 -0.990005
vn -0.145223 0.107960 -0.983491
vn -0.965664 0.200448 -0.165269
vn -0.366890 -0.112766 0.923404
vn -0.251041 -0.134675 0.958562
vn -0.229024 -0.057630 0.971713
vn -0.368665 -0.049393 0.928249
vn -0.899423 0.091920 0.427304
vn -0.908209 0.081144 0.410576
vn 0.235542 -0.959508 -0.154483
vn -0.925967 -0.364545 -0.098446
vn 0.808604 -0.562008 -0.174088
vn -0.902810 0.176609 0.392100
vn -0.942805 0.129423 0.307194
vn -0.048193 -0.103179 -0.993495
vn -0.069754 -0.001667 -0.997563
vn -0.000000 0.001482 -0.999999
vn -0.000000 -0.111792 -0.993732
vn 0.997406 -0.061012 0.038194
vn -0.838715 0.417261 -0.349928
vn -0.895336 0.140268 -0.422727
vn -0.654960 -0.000490 0.755664
vn -0.755173 0.025529 0.655028
vn -0.935153 -0.323711 -0.143874
vn 0.429653 -0.813432 -0.392081
vn 0.684898 -0.618816 -0.384683
vn -0.510213 0.367451 -0.777601
vn -0.543359 0.121070 -0.830724
vn -0.714253 0.104998 -0.691966
vn -0.677899 0.375541 -0.631999
vn -0.548553 -0.055500 0.834272
vn -0.546692 -0.027644 0.836877
vn 0.063602 -0.160142 0.985043
vn -0.218142 -0.105900 0.970154
vn -0.177613 0.035070 0.983475
vn 0.966515 -0.227974 -0.117796
vn 0.836474 -0.381726 -0.393186
vn -0.933787 0.122097 0.336354
vn 0.380720 -0.725550 -0.573262
vn 0.480427 -0.653668 -0.584729
vn 0.996768 -0.000426 -0.080332
vn 0.994269 -0.057221 -0.090303
vn -0.669743 -0.007802 0.742552
vn 0.000000 -0.554855 -0.831948
vn 0.242700 -0.488034 -0.838403
vn 0.000000 -0.355274 -0.934762
vn 0.113482 -0.339089 -0.933885
vn -0.908251 0.119344 0.401045
vn 0.607221 -0.105754 0.787464
vn 0.878930 -0.071424 0.471573
vn -0.980678 0.178472 0.080112
vn -0.986473 0.142555 0.080932
vn 0.724175 -0.275895 -0.632022
vn 0.612033 -0.502975 -0.610272
vn 0.923925 -0.188025 -0.333182
vn 0.992506 -0.048006 0.112370
vn 0.243062 -0.110501 0.963696
vn -0.847220 0.160628 -0.506376
vn -0.954978 0.215030 -0.204402
vn -0.876627 0.150293 -0.457097
vn 0.290848 -0.361194 -0.885972
vn 0.442058 -0.120749 -0.888822
vn -0.899245 0.033418 0.436166
vn 0.009217 -0.197851 -0.980189
vn -0.055322 -0.098194 -0.993628
vn -0.079333 -0.053284 -0.995423
vn -0.065716 -0.095383 -0.993269
vn 0.605081 -0.352478 0.713889
vn 0.863050 -0.282027 0.419053
vn -0.989199 0.097203 0.109716
vn -0.948696 0.189740 -0.252933
vn -0.933754 0.164129 -0.318064
vn 0.154200 -0.273436 -0.949450
vn 0.231014 -0.052258 -0.971546
vn 0.907603 -0.027022 -0.418958
vn 0.965389 -0.053251 -0.255320
vn -0.106583 -0.078255 -0.991220
vn -0.116747 -0.015953 -0.993034
vn -0.159104 -0.067419 0.984957
vn 0.810175 -0.085581 -0.579908
vn -0.611178 -0.013940 0.791370
vn -0.471807 0.103974 0.875550
vn -0.344674 -0.061979 0.936674
vn 0.217474 -0.398918 0.890825
vn 0.970518 -0.225214 0.085872
vn 0.470727 -0.039820 -0.881380
vn -0.018519 -0.053454 -0.998399
vn 0.216552 -0.945041 0.244954
vn 0.535190 -0.808873 0.243506
vn -0.899473 0.050681 0.434028
vn -0.767451 0.028531 0.640472
vn 0.994631 -0.057564 -0.085994
vn -0.375741 -0.019982 -0.926509
vn -0.415761 0.047848 -0.908214
vn -0.178753 -0.356042 0.917214
vn 0.019869 -0.984756 0.172802
vn -0.590132 0.049864 -0.805766
vn -0.577047 0.082627 -0.812521
vn -0.749073 0.051846 0.660456
vn -0.674767 0.012345 0.737928
vn -0.509081 -0.004166 0.860708
vn 0.738921 -0.672128 0.047330
vn 0.817688 -0.127350 -0.561399
vn 0.961850 -0.253210 -0.103580
vn 0.265542 -0.019052 -0.963911
vn -0.704702 0.097308 -0.702799
vn -0.703576 0.117172 -0.700894
vn -0.204029 -0.015769 -0.978838
vn -0.416653 0.013241 -0.908969
vn -0.078571 -0.991017 0.108218
vn -0.884211 0.119975 0.451416
vn -0.066218 -0.038071 -0.997079
vn 0.013029 0.013615 -0.999822
vn -0.557537 0.072390 -0.826990
vn -0.106255 0.020767 -0.994122
vn -0.522683 -0.270605 0.808440
vn 0.577595 -0.808293 -0.114225
vn -0.983543 0.076044 0.163890
vn 0.899252 -0.072570 -0.431370
vn -0.950224 0.128839 -0.283682
vn -0.761038 0.165611 0.627211
vn -0.761024 0.050855 0.646727
vn -0.265109 -0.947923 0.176518
vn -0.232074 0.019402 -0.972505
vn 0.670007 -0.026677 -0.741875
vn 0.688790 -0.138982 -0.711514
vn -0.668577 0.015096 0.743490
vn -0.883483 0.095523 0.458621
vn -0.753168 0.147146 -0.641160
vn -0.737402 0.111769 -0.666143
vn 0.856526 -0.277706 -0.435021
vn -0.969448 0.151116 0.193219
vn -0.469201 0.058651 -0.881141
vn -0.760110 -0.234619 0.605960
vn 0.262103 -0.941578 -0.211503
vn 0.161662 0.070556 -0.984321
vn 0.206057 -0.038228 -0.977793
vn 0.383729 -0.084441 -0.919577
vn 0.667669 -0.045905 -0.743041
vn -0.351648 -0.923515 0.153179
vn -0.946449 0.206943 0.247809
vn -0.970575 0.129941 0.202730
vn -0.965846 0.095404 0.240913
vn 0.647101 -0.247052 -0.721266
vn -0.278203 0.140938 -0.950126
vn -0.302498 0.077940 -0.949958
vn -0.134607 0.038353 -0.990157
vn -0.950010 0.164984 -0.265067
vn -0.958454 0.108717 -0.263716
vn 0.162222 -0.941622 -0.295010
vn -0.690672 0.092659 -0.717207
vn -0.316142 0.050999 -0.947340
vn -0.235508 -0.970681 0.048119
vn -0.226349 -0.966245 0.123028
vn -0.955620 -0.202391 0.214074
vn 0.167718 0.016974 -0.985689
vn -0.323192 0.079354 -0.943000
vn -0.655696 0.136961 -0.742499
vn -0.465262 -0.884094 0.043694
vn -0.945985 0.218688 -0.239350
vn -0.952218 0.157640 -0.261594
vn -0.666565 0.137692 -0.732620
vn -0.669986 0.187872 -0.718208
vn 0.150818 -0.193139 -0.969511
vn -0.091191 -0.984954 0.146797
vn 0.014715 -0.901438 -0.432659
vn -0.960511 0.092358 -0.262465
vn -0.273497 0.040348 -0.961026
vn -0.939715 -0.182680 -0.289074
vn 0.147153 -0.988265 0.040973
vn 0.226115 -0.965827 -0.126690
vn -0.489374 -0.861330 -0.136469
vn -0.268503 -0.186073 -0.945137
vn -0.676968 0.056862 -0.733812
vn -0.173573 -0.887650 -0.426556
vn -0.001946 -0.980222 0.197890
vn -0.665958 -0.182393 -0.723349
vn 0.039054 -0.988285 0.147541
vn -0.368817 -0.870878 -0.324878
vn -0.000000 -0.193105 0.981178
vn 0.084236 -0.180876 0.979892
vn -0.234409 0.127406 -0.963753
vn -0.547514 0.119340 -0.828243
vn -0.706687 0.106209 -0.699509
vn 0.000000 0.376457 0.926434
vn -0.666246 0.425549 0.612393
vn -0.766242 0.377072 0.520278
vn -0.823552 0.417750 0.383728
vn -0.095943 0.002738 -0.995383
vn -0.112169 0.034961 -0.993074
vn -0.174794 0.074713 -0.981766
vn -0.522874 0.122223 -0.843602
vn -0.968272 0.231663 0.093706
vn -0.881816 0.269756 0.386823
vn -0.550417 0.133713 0.824113
vn -0.819650 0.164339 -0.548787
vn -0.853353 0.157182 0.497074
vn -0.670808 0.081008 0.737194
vn -0.128765 0.033809 -0.991099
vn -0.139539 0.036672 -0.989537
vn 0.071139 -0.000971 -0.997466
vn 0.043821 0.008474 -0.999004
vn 0.271206 -0.042570 -0.961579
vn 0.326410 -0.067523 -0.942813
vn 0.598243 -0.136191 -0.789656
vn 0.493450 -0.085501 -0.865561
vn 0.833610 -0.117421 -0.539728
vn 0.799765 -0.111208 -0.589922
vn 0.959182 -0.054872 -0.277417
vn 0.985324 -0.107214 -0.132825
vn 0.597624 -0.168461 0.783879
vn 0.794891 -0.153283 0.587071
vn 0.800202 -0.159813 0.578046
vn 0.580895 -0.177950 0.794289
vn 0.363077 -0.176061 0.914974
vn 0.371284 -0.176034 0.911680
vn -0.000000 0.109905 -0.993942
vn -0.000000 0.078845 -0.996887
vn -0.078034 0.082427 -0.993537
vn -0.080233 0.103825 -0.991354
vn 0.021144 -0.220413 -0.975177
vn -0.000000 -0.237512 -0.971385
vn -0.126553 0.012181 0.991885
vn 0.000000 -0.067480 0.997721
vn -0.018068 -0.042497 0.998933
vn -0.546260 0.067924 0.834857
vn 0.020981 -0.082632 0.996359
vn 0.000000 -0.111391 0.993777
vn -0.195233 -0.008901 0.980717
vn -0.209003 -0.008298 0.977880
vn -0.078979 0.332424 -0.939817
vn -0.122658 0.335629 -0.933974
vn -0.568952 -0.042112 0.821292
vn -0.365307 -0.110029 0.924362
vn -0.247895 -0.142704 0.958219
vn 0.087381 -0.158622 0.983465
vn 0.097914 -0.175856 0.979535
vn 0.943941 -0.103234 0.313557
vn 0.930563 -0.106386 0.350334
vn 0.978197 -0.066477 0.196752
vn 0.976433 -0.067979 0.204835
vn 0.997137 -0.060816 0.044937
vn 0.997034 -0.060435 0.047660
vn 0.993558 -0.057253 -0.097805
vn 0.992277 -0.056696 -0.110328
vn 0.960673 -0.054577 -0.272267
vn 0.945568 -0.139260 0.294123
vn 0.050564 -0.083278 0.995243
vn 0.320042 -0.143426 0.936484
vn 0.523704 -0.179073 0.832867
vn 0.790730 -0.190428 0.581793
vn -0.036295 -0.036230 0.998684
vn 0.012308 -0.041912 0.999045
vn 0.195807 -0.938192 -0.285405
vn 0.082176 -0.941049 -0.328136
vn -0.025516 -0.906464 -0.421512
vn -0.149043 -0.895427 -0.419520
vn -0.177352 -0.944683 -0.275899
vn -0.099481 -0.990851 -0.091206
vn 0.311378 -0.950108 -0.018398
vn 0.046638 -0.997402 -0.054893
vn -0.155722 -0.201100 0.967114
vn 0.073451 -0.210227 0.974890
vn 0.124224 -0.748446 0.651457
vn -0.569116 -0.677486 0.465961
vn -0.504842 -0.153370 0.849478
vn -0.764195 -0.052312 0.642861
vn -0.483341 -0.106195 0.868967
vn -0.483652 -0.088323 0.870793
vn -0.826026 -0.037151 0.562407
vn -0.114650 -0.154145 0.981374
vn -0.686758 -0.647209 -0.330885
vn -0.458761 -0.748602 -0.478679
vn -0.228066 -0.972983 -0.035919
vn -0.236710 -0.778558 -0.581219
vn -0.075270 -0.793307 -0.604151
vn 0.129232 -0.828381 -0.545054
vn 0.243167 -0.856944 -0.454442
vn 0.413358 -0.886275 -0.208932
vn -0.438348 -0.755508 0.486887
vn -0.654767 -0.676466 0.337155
vn 0.445003 -0.894603 0.040712
vn -0.287131 -0.796263 0.532467
vn -0.072628 -0.828281 0.555586
vn 0.316508 -0.902730 0.291377
vn 0.049352 -0.879752 0.472865
vn -0.752621 -0.629970 0.191570
vn -0.786172 -0.613439 0.075014
vn -0.786606 -0.613990 -0.065330
vn -0.760386 -0.608298 -0.227568
vn -0.736131 -0.456042 -0.500136
vn -0.852670 -0.416127 -0.315900
vn -0.736108 -0.053919 -0.674714
vn -0.752040 -0.255741 -0.607481
vn -0.897585 -0.224417 -0.379445
vn -0.884913 -0.043602 -0.463711
vn -0.472247 -0.532493 -0.702449
vn -0.459129 -0.311749 -0.831873
vn -0.427750 -0.083116 -0.900068
vn -0.270541 -0.559176 -0.783664
vn -0.275607 -0.336778 -0.900345
vn -0.303617 -0.102542 -0.947260
vn -0.038810 -0.589119 -0.807114
vn -0.005225 -0.370185 -0.928943
vn 0.015902 -0.144695 -0.989349
vn 0.280868 -0.630747 -0.723375
vn 0.389821 -0.407389 -0.825878
vn 0.504793 -0.176100 -0.845088
vn 0.459395 -0.655303 -0.599612
vn 0.604589 -0.424727 -0.673854
vn 0.725680 -0.183020 -0.663243
vn 0.665697 -0.693750 -0.274878
vn 0.830787 -0.463346 -0.308388
vn 0.931555 -0.213685 -0.294183
vn -0.723778 -0.475867 0.499696
vn -0.444682 -0.557473 0.701058
vn -0.736819 -0.264818 0.622068
vn -0.436736 -0.337163 0.834016
vn -0.219147 -0.605290 0.765244
vn -0.147227 -0.392386 0.907941
vn 0.694306 -0.713363 0.095145
vn 0.862193 -0.486885 0.139878
vn 0.947556 -0.240713 0.210224
vn 0.063969 -0.638953 0.766582
vn 0.163727 -0.418306 0.893428
vn 0.195714 -0.191569 0.961768
vn 0.226050 -0.684137 0.693439
vn 0.340445 -0.465673 0.816851
vn 0.405907 -0.222635 0.886382
vn 0.518185 -0.715843 0.468032
vn 0.654595 -0.492146 0.573845
vn 0.685533 -0.237044 0.688371
vn -0.860835 -0.421987 0.284413
vn -0.908414 -0.222081 0.354208
vn -0.895591 -0.029859 0.443876
vn -0.906044 -0.407827 0.112964
vn -0.965653 -0.216820 0.143188
vn -0.981635 -0.034621 0.187600
vn -0.910044 -0.409241 -0.065898
vn -0.972973 -0.221845 -0.064095
vn -0.998019 -0.039209 -0.049204
vn 0.403726 -0.216655 0.888857
vn 0.199903 -0.173574 0.964319
vn -0.521640 -0.803631 -0.286476
vn -0.887833 -0.054975 -0.456870
vn -0.996609 -0.051559 -0.064133
vn -0.403550 -0.912440 -0.067833
vn -0.575609 -0.741289 -0.345203
vn -0.760286 -0.052197 -0.647488
vn -0.982832 -0.046595 0.178523
vn -0.507327 -0.860058 0.054021
vn -0.895255 -0.031794 0.444418
vn -0.688381 -0.656270 0.308937
vn -0.337765 -0.652828 -0.678034
vn -0.436291 -0.077022 -0.896503
vn -0.254762 -0.667726 -0.699456
vn -0.301222 -0.100901 -0.948201
vn -0.004033 -0.687958 -0.725740
vn 0.028562 -0.144200 -0.989136
vn 0.348060 -0.671095 -0.654588
vn 0.493158 -0.174466 -0.852266
vn 0.532755 -0.653890 -0.537215
vn 0.724304 -0.180417 -0.665457
vn 0.676951 -0.694946 -0.242462
vn 0.936953 -0.209509 -0.279686
vn 0.647898 -0.742643 0.169438
vn 0.944678 -0.237265 0.226472
vn 0.418195 -0.735625 0.532887
vn 0.672607 -0.235635 0.701481
vn 1.000000 -0.000000 0.000000
vn 1.000000 -0.000000 0.000000
vn 1.000000 -0.000000 0.000000
vn 1.000000 0.000000 -0.000000
vn 1.000000 0.000000 -0.000000
vn 1.000000 0.000000 -0.000000
vn 1.000000 0.000000 -0.000000
vn 0.000000 0.357908 -0.933757
vn -0.001896 0.991318 0.131475
vn -0.016803 0.993425 0.113249
vn 0.000000 0.995574 0.093981
vn -0.000030 0.991720 0.128418
vn -0.022494 0.988648 0.148559
vn -0.083089 0.996248 0.024213
vn -0.107698 0.993602 0.034000
vn -0.084471 0.995704 0.037930
vn -0.098484 0.994206 0.043068
vn -0.130855 0.991046 0.026562
vn -0.007173 0.998621 -0.052005
vn -0.003816 0.997193 -0.074771
vn -0.012319 0.995279 -0.096266
vn -0.005960 0.998629 -0.052004
vn -0.101033 0.994792 0.013448
vn -0.034271 0.996310 -0.078688
vn -0.082758 0.995808 -0.038944
vn 0.000000 0.998481 -0.055094
vn 0.043519 0.554888 -0.830786
vn 0.167623 0.565699 -0.807395
vn 0.000000 0.536469 -0.843920
vn 0.286404 0.577634 -0.764403
vn 0.419976 0.623186 -0.659742
vn 0.537172 0.616633 -0.575508
vn 0.626488 0.625614 -0.464888
vn 0.713617 0.625852 -0.314738
vn 0.755301 0.636719 -0.155273
vn 0.739957 0.666839 0.088255
vn 0.115813 0.530657 0.839637
vn 0.063923 0.536783 0.841296
vn 0.230110 0.571017 0.788029
vn 0.132513 0.533358 0.835445
vn 0.684200 0.649038 0.332596
vn 0.422912 0.611247 0.668971
vn 0.539388 0.642601 0.544173
vn 0.000000 0.527077 0.849818
vn 0.050251 0.163694 -0.985231
vn 0.198396 0.169552 -0.965345
vn 0.000000 0.159883 -0.987136
vn 0.326809 0.173045 -0.929113
vn 0.498019 0.192188 -0.845601
vn 0.686631 0.196697 -0.699892
vn 0.800607 0.194905 -0.566604
vn 0.896758 0.197915 -0.395796
vn 0.956949 0.200868 -0.209525
vn 0.972958 0.213014 0.089316
vn 0.134867 0.160546 0.977771
vn 0.074330 0.161012 0.984150
vn 0.271572 0.173170 0.946711
vn 0.154005 0.161679 0.974752
vn 0.894038 0.209650 0.395906
vn 0.520296 0.191691 0.832194
vn 0.702502 0.207298 0.680821
vn 0.000000 0.158899 0.987295
vn 0.060758 0.040493 -0.997331
vn 0.172596 0.024827 -0.984680
vn 0.000000 0.018546 -0.999828
vn 0.326121 -0.001520 -0.945327
vn 0.499392 0.001766 -0.866374
vn 0.706953 0.001944 -0.707258
vn 0.821028 -0.001650 -0.570886
vn 0.914879 -0.000028 -0.403728
vn 0.976049 -0.000893 -0.217551
vn 0.996549 -0.000152 0.083006
vn 0.126058 0.012655 0.991942
vn 0.083005 0.022396 0.996297
vn 0.276943 -0.000046 0.960886
vn 0.156231 0.000003 0.987721
vn 0.919395 -0.000060 0.393335
vn 0.531169 -0.000055 0.847266
vn 0.724552 0.001621 0.689218
vn 0.000000 0.018533 0.999828
vn -0.000000 0.034632 -0.999400
vn 0.146853 -0.004053 -0.989150
vn 0.000000 -0.000000 -0.000000
vn 0.323147 -0.074334 -0.943425
vn 0.494645 -0.078962 -0.865501
vn 0.708572 -0.082320 -0.700820
vn 0.821552 -0.083750 -0.563949
vn 0.911721 -0.084108 -0.402107
vn 0.972127 -0.085683 -0.218238
vn 0.993017 -0.089265 0.077130
vn 0.114420 -0.031339 0.992938
vn 0.000000 -0.029753 0.999557
vn 0.280243 -0.073778 0.957090
vn 0.156410 -0.069433 0.985249
vn 0.918955 -0.089097 0.384165
vn 0.532977 -0.081773 0.842169
vn 0.728033 -0.086804 0.680025
vn 0.000000 -0.068145 0.997675
vn 0.182456 0.424382 0.886910
vn 0.039844 0.367776 0.929060
vn 0.071741 0.031468 0.996927
vn 0.219766 0.057719 0.973844
vn 0.039662 -0.028597 0.998804
vn 0.343065 0.074924 0.936319
vn 0.291848 0.419520 0.859551
vn 0.175453 0.008790 0.984449
vn 0.555673 0.110952 0.823964
vn 0.459852 0.398078 0.793770
vn 0.263509 0.045898 0.963565
vn 0.436454 0.075267 0.896573
vn 0.568091 0.137083 0.811469
vn 0.788602 0.261799 0.556388
vn 0.769532 0.155186 0.619466
vn -0.324782 -0.593104 0.736712
vn -0.244346 -0.450908 0.858473
vn 0.252886 0.046138 0.966395
vn 0.419754 0.076613 0.904399
vn -0.052641 -0.130401 0.990063
vn 0.092168 -0.062229 0.993797
vn 0.087634 -0.036032 0.995501
vn 0.833580 0.250866 0.492149
vn 0.855955 0.141725 0.497247
vn -0.626490 -0.272249 0.730336
vn -0.333465 -0.206679 0.919829
vn -0.353350 -0.740269 0.571966
vn -0.506635 -0.618883 0.600253
vn -0.827625 -0.218130 0.517162
vn 0.249372 0.006202 0.968388
vn 0.236571 -0.015853 0.971485
vn 0.397008 0.012077 0.917736
vn 0.405051 0.044454 0.913213
vn -0.806549 -0.203472 0.555048
vn -0.688722 -0.191982 0.699146
vn 0.865106 0.263773 0.426633
vn 0.870076 0.148736 0.469942
vn -0.392606 -0.794663 0.463001
vn -0.652221 -0.620183 0.435867
vn -0.166843 -0.121751 0.978438
vn -0.153140 -0.243027 0.957855
vn 0.773920 0.260798 0.577090
vn 0.853763 0.336598 0.397229
vn -0.934122 -0.205701 0.291726
vn -0.937463 -0.187379 0.293347
vn -0.383939 -0.883550 0.268200
vn -0.748865 -0.606080 0.268080
vn 0.964658 0.236467 0.116264
vn 0.960255 0.219106 0.172923
vn -0.961977 -0.210380 0.174186
vn -0.977361 -0.105049 0.183657
vn 0.976444 0.183181 -0.114026
vn 0.915339 0.399515 -0.050419
vn 0.892370 0.406754 0.195516
vn 0.523172 -0.000373 0.852227
vn 0.613809 -0.003278 0.789448
vn 0.566838 0.025288 0.823441
vn -0.383837 -0.921107 0.065048
vn -0.834312 -0.548715 0.053249
vn 0.706577 -0.000700 0.707635
vn 0.679121 0.020454 0.733741
vn -0.984413 -0.167663 0.053099
vn -0.996332 -0.068967 0.050655
vn -0.893894 -0.020723 0.447799
vn -0.783700 -0.152656 0.602089
vn -0.927081 -0.098629 0.361654
vn 0.339844 -0.000928 0.940481
vn -0.972439 -0.070782 0.222155
vn -0.992819 -0.004710 0.119538
vn 1.000000 -0.000000 0.000000
vn 1.000000 -0.000000 0.000000
vn 1.000000 -0.000000 0.000000
vn 0.257036 0.354367 -0.899087
vn 0.256711 0.136989 -0.956731
vn 0.152450 0.125415 -0.980321
vn 0.149166 0.341973 -0.927795
vn 0.839097 0.059606 0.540707
vn 0.851486 0.045706 0.522382
vn -0.203694 -0.021956 0.978788
vn -0.367976 -0.187011 0.910835
vn -0.597849 -0.176484 0.781940
vn -0.612754 -0.054750 0.788375
vn 0.145223 0.107960 -0.983491
vn 0.107665 0.091099 -0.990005
vn 0.116110 0.109459 -0.987186
vn 0.965664 0.200448 -0.165269
vn 0.366890 -0.112766 0.923404
vn 0.368665 -0.049393 0.928249
vn 0.229024 -0.057630 0.971713
vn 0.251041 -0.134675 0.958562
vn 0.908209 0.081144 0.410576
vn 0.899423 0.091920 0.427304
vn -0.235542 -0.959508 -0.154483
vn 0.925967 -0.364545 -0.098446
vn -0.808604 -0.562008 -0.174088
vn 0.942805 0.129423 0.307194
vn 0.902810 0.176609 0.392100
vn 0.048193 -0.103179 -0.993495
vn 0.069754 -0.001667 -0.997563
vn -0.997406 -0.061012 0.038194
vn 0.895336 0.140268 -0.422727
vn 0.838715 0.417261 -0.349928
vn 0.654960 -0.000490 0.755664
vn 0.755173 0.025529 0.655028
vn 0.935153 -0.323711 -0.143874
vn -0.429653 -0.813432 -0.392081
vn -0.684898 -0.618816 -0.384683
vn 0.510213 0.367451 -0.777601
vn 0.543359 0.121070 -0.830724
vn 0.714253 0.104999 -0.691967
vn 0.677899 0.375541 -0.631999
vn 0.548553 -0.055500 0.834272
vn 0.546692 -0.027644 0.836877
vn 0.177613 0.035070 0.983475
vn 0.218142 -0.105900 0.970154
vn -0.063601 -0.160142 0.985043
vn -0.836475 -0.381726 -0.393186
vn -0.966515 -0.227974 -0.117796
vn 0.933787 0.122097 0.336354
vn -0.380720 -0.725550 -0.573262
vn -0.480427 -0.653668 -0.584729
vn -0.996768 -0.000426 -0.080332
vn -0.994269 -0.057221 -0.090303
vn 0.669743 -0.007802 0.742552
vn -0.242700 -0.488034 -0.838403
vn -0.113482 -0.339089 -0.933885
vn 0.908251 0.119344 0.401045
vn -0.878930 -0.071424 0.471574
vn -0.607221 -0.105754 0.787464
vn 0.986473 0.142555 0.080932
vn 0.980678 0.178472 0.080112
vn -0.724175 -0.275895 -0.632022
vn -0.923925 -0.188025 -0.333182
vn -0.612033 -0.502975 -0.610272
vn -0.992506 -0.048006 0.112370
vn -0.243062 -0.110501 0.963696
vn 0.847220 0.160628 -0.506376
vn 0.876627 0.150293 -0.457097
vn 0.954978 0.215030 -0.204402
vn -0.290848 -0.361194 -0.885972
vn -0.442059 -0.120749 -0.888822
vn 0.899245 0.033418 0.436166
vn -0.009217 -0.197851 -0.980189
vn 0.065715 -0.095383 -0.993269
vn 0.079333 -0.053284 -0.995423
vn 0.055322 -0.098194 -0.993628
vn -0.863050 -0.282027 0.419053
vn -0.605081 -0.352478 0.713889
vn 0.989199 0.097203 0.109716
vn 0.933754 0.164129 -0.318064
vn 0.948696 0.189740 -0.252933
vn -0.154200 -0.273436 -0.949450
vn -0.231014 -0.052258 -0.971546
vn -0.907603 -0.027022 -0.418959
vn -0.965389 -0.053251 -0.255320
vn 0.106583 -0.078255 -0.991220
vn 0.116747 -0.015953 -0.993034
vn 0.159104 -0.067419 0.984957
vn -0.810175 -0.085581 -0.579907
vn 0.611178 -0.013940 0.791371
vn 0.344674 -0.061979 0.936674
vn 0.471807 0.103974 0.875550
vn -0.217474 -0.398918 0.890825
vn -0.970518 -0.225214 0.085872
vn -0.470727 -0.039820 -0.881380
vn 0.018519 -0.053454 -0.998399
vn -0.535190 -0.808873 0.243506
vn -0.216552 -0.945041 0.244953
vn 0.767451 0.028530 0.640472
vn 0.899473 0.050681 0.434028
vn -0.994631 -0.057564 -0.085994
vn 0.375741 -0.019982 -0.926509
vn 0.415762 0.047848 -0.908214
vn 0.178753 -0.356042 0.917214
vn -0.019869 -0.984756 0.172802
vn 0.590132 0.049864 -0.805766
vn 0.577047 0.082627 -0.812521
vn 0.674767 0.012345 0.737928
vn 0.749073 0.051845 0.660456
vn 0.509081 -0.004166 0.860708
vn -0.738921 -0.672128 0.047330
vn -0.817688 -0.127350 -0.561399
vn -0.961850 -0.253210 -0.103580
vn -0.265542 -0.019052 -0.963911
vn 0.703576 0.117172 -0.700894
vn 0.704702 0.097308 -0.702799
vn 0.416653 0.013241 -0.908969
vn 0.204029 -0.015769 -0.978838
vn 0.078571 -0.991017 0.108218
vn 0.884211 0.119975 0.451416
vn 0.066218 -0.038071 -0.997079
vn -0.013029 0.013615 -0.999822
vn 0.557537 0.072390 -0.826990
vn 0.106255 0.020767 -0.994122
vn 0.522683 -0.270605 0.808440
vn -0.577595 -0.808293 -0.114225
vn 0.983543 0.076045 0.163890
vn -0.899251 -0.072570 -0.431371
vn 0.950224 0.128839 -0.283682
vn 0.761025 0.050855 0.646727
vn 0.761038 0.165611 0.627211
vn 0.265109 -0.947923 0.176519
vn 0.232074 0.019402 -0.972505
vn -0.670007 -0.026677 -0.741875
vn -0.688790 -0.138982 -0.711514
vn 0.668577 0.015096 0.743490
vn 0.883483 0.095523 0.458621
vn 0.737402 0.111769 -0.666143
vn 0.753168 0.147146 -0.641160
vn -0.856526 -0.277706 -0.435021
vn 0.969448 0.151116 0.193219
vn 0.469201 0.058651 -0.881141
vn 0.760110 -0.234619 0.605960
vn -0.262103 -0.941578 -0.211503
vn -0.161662 0.070556 -0.984321
vn -0.383728 -0.084441 -0.919577
vn -0.206057 -0.038228 -0.977793
vn -0.667669 -0.045905 -0.743041
vn 0.351648 -0.923515 0.153179
vn 0.946449 0.206943 0.247809
vn 0.970575 0.129941 0.202730
vn 0.965846 0.095404 0.240913
vn -0.647101 -0.247052 -0.721266
vn 0.278203 0.140938 -0.950126
vn 0.134607 0.038353 -0.990157
vn 0.302498 0.077940 -0.949958
vn 0.950010 0.164984 -0.265067
vn 0.958454 0.108717 -0.263716
vn -0.162222 -0.941622 -0.295011
vn 0.690672 0.092659 -0.717207
vn 0.316142 0.050999 -0.947340
vn 0.226349 -0.966245 0.123028
vn 0.235508 -0.970681 0.048119
vn 0.955620 -0.202391 0.214074
vn -0.167718 0.016974 -0.985689
vn 0.323192 0.079354 -0.943000
vn 0.655696 0.136961 -0.742499
vn 0.465263 -0.884094 0.043694
vn 0.945985 0.218688 -0.239350
vn 0.952218 0.157640 -0.261593
vn 0.666565 0.137692 -0.732620
vn 0.669987 0.187872 -0.718208
vn -0.150818 -0.193139 -0.969511
vn -0.014715 -0.901437 -0.432659
vn 0.091191 -0.984954 0.146796
vn 0.960511 0.092358 -0.262465
vn 0.273497 0.040348 -0.961026
vn 0.939715 -0.182680 -0.289073
vn -0.147153 -0.988265 0.040974
vn 0.489374 -0.861330 -0.136468
vn -0.226115 -0.965827 -0.126690
vn 0.268503 -0.186073 -0.945137
vn 0.676968 0.056862 -0.733812
vn 0.173572 -0.887650 -0.426557
vn 0.001946 -0.980222 0.197890
vn 0.665958 -0.182393 -0.723349
vn 0.368817 -0.870878 -0.324878
vn -0.039054 -0.988285 0.147541
vn -0.084236 -0.180876 0.979892
vn 0.234409 0.127406 -0.963753
vn 0.547514 0.119340 -0.828243
vn 0.706687 0.106209 -0.699509
vn 0.666246 0.425548 0.612393
vn 0.766242 0.377072 0.520278
vn 0.823552 0.417750 0.383728
vn 0.112169 0.034961 -0.993074
vn 0.095943 0.002738 -0.995383
vn 0.174794 0.074713 -0.981766
vn 0.522874 0.122223 -0.843602
vn 0.968272 0.231663 0.093706
vn 0.881816 0.269756 0.386823
vn 0.550417 0.133713 0.824113
vn 0.819650 0.164339 -0.548787
vn 0.853353 0.157182 0.497074
vn 0.670808 0.081008 0.737194
vn 0.139540 0.036672 -0.989537
vn 0.128765 0.033809 -0.991099
vn -0.071139 -0.000971 -0.997466
vn -0.043820 0.008474 -0.999004
vn -0.326410 -0.067523 -0.942813
vn -0.271206 -0.042570 -0.961580
vn -0.598243 -0.136191 -0.789656
vn -0.493450 -0.085501 -0.865561
vn -0.833610 -0.117421 -0.539728
vn -0.799765 -0.111208 -0.589922
vn -0.959182 -0.054872 -0.277417
vn -0.985324 -0.107214 -0.132825
vn -0.597624 -0.168461 0.783879
vn -0.580895 -0.177950 0.794289
vn -0.800202 -0.159813 0.578045
vn -0.794891 -0.153283 0.587071
vn -0.371284 -0.176034 0.911680
vn -0.363078 -0.176061 0.914974
vn 0.080233 0.103825 -0.991354
vn 0.078034 0.082427 -0.993537
vn -0.021144 -0.220413 -0.975177
vn 0.126553 0.012181 0.991885
vn 0.018068 -0.042497 0.998933
vn 0.546260 0.067924 0.834857
vn -0.020981 -0.082632 0.996359
vn 0.194694 -0.008929 0.980824
vn 0.078979 0.332424 -0.939817
vn 0.122658 0.335629 -0.933974
vn 0.568952 -0.042112 0.821292
vn 0.365307 -0.110029 0.924362
vn 0.247895 -0.142705 0.958219
vn -0.087381 -0.158623 0.983465
vn -0.097914 -0.175856 0.979534
vn -0.943941 -0.103234 0.313557
vn -0.930563 -0.106386 0.350334
vn -0.978197 -0.066477 0.196752
vn -0.976433 -0.067979 0.204835
vn -0.997034 -0.060435 0.047660
vn -0.997137 -0.060816 0.044937
vn -0.992277 -0.056696 -0.110328
vn -0.993557 -0.057253 -0.097805
vn -0.960673 -0.054577 -0.272267
vn -0.945568 -0.139260 0.294123
vn -0.050563 -0.083278 0.995243
vn -0.320042 -0.143426 0.936484
vn -0.523704 -0.179072 0.832867
vn -0.790730 -0.190428 0.581794
vn -0.439611 -0.150360 0.885514
vn 0.036360 -0.036218 0.998682
vn 0.208666 -0.008307 0.977952
vn -0.011696 -0.041826 0.999056
vn -0.259440 -0.116527 0.958704
vn -0.195807 -0.938192 -0.285406
vn -0.082176 -0.941049 -0.328136
vn 0.025516 -0.906463 -0.421513
vn 0.149043 -0.895427 -0.419520
vn 0.177352 -0.944683 -0.275899
vn 0.099482 -0.990851 -0.091205
vn -0.311378 -0.950108 -0.018397
vn -0.046638 -0.997402 -0.054893
vn -0.124225 -0.748447 0.651457
vn -0.073451 -0.210227 0.974890
vn 0.155722 -0.201100 0.967114
vn 0.504842 -0.153370 0.849477
vn 0.569117 -0.677486 0.465960
vn 0.764195 -0.052312 0.642861
vn 0.826026 -0.037151 0.562407
vn 0.483652 -0.088323 0.870793
vn 0.483341 -0.106195 0.868967
vn 0.114650 -0.154145 0.981374
vn 0.686758 -0.647209 -0.330885
vn 0.228066 -0.972983 -0.035919
vn 0.458761 -0.748602 -0.478679
vn 0.236710 -0.778558 -0.581219
vn 0.075270 -0.793307 -0.604151
vn -0.129232 -0.828381 -0.545054
vn -0.243167 -0.856944 -0.454441
vn -0.413358 -0.886275 -0.208932
vn 0.438348 -0.755508 0.486886
vn 0.654767 -0.676466 0.337155
vn -0.445002 -0.894603 0.040712
vn 0.287131 -0.796263 0.532467
vn 0.072628 -0.828281 0.555586
vn -0.316508 -0.902730 0.291377
vn -0.049352 -0.879752 0.472865
vn 0.752622 -0.629970 0.191570
vn 0.786172 -0.613439 0.075015
vn 0.786606 -0.613990 -0.065330
vn 0.760386 -0.608298 -0.227568
vn 0.736132 -0.456042 -0.500136
vn 0.852670 -0.416127 -0.315900
vn 0.736107 -0.053919 -0.674714
vn 0.884913 -0.043602 -0.463711
vn 0.897585 -0.224417 -0.379445
vn 0.752039 -0.255741 -0.607481
vn 0.472247 -0.532492 -0.702449
vn 0.459129 -0.311749 -0.831873
vn 0.427750 -0.083116 -0.900068
vn 0.270541 -0.559176 -0.783664
vn 0.275607 -0.336778 -0.900345
vn 0.303617 -0.102542 -0.947260
vn 0.038810 -0.589119 -0.807114
vn 0.005224 -0.370185 -0.928943
vn -0.015902 -0.144695 -0.989349
vn -0.280868 -0.630747 -0.723375
vn -0.389821 -0.407389 -0.825878
vn -0.504793 -0.176100 -0.845088
vn -0.459395 -0.655303 -0.599612
vn -0.604589 -0.424728 -0.673854
vn -0.725680 -0.183020 -0.663243
vn -0.665698 -0.693750 -0.274878
vn -0.830788 -0.463345 -0.308388
vn -0.931555 -0.213685 -0.294183
vn 0.723778 -0.475867 0.499695
vn 0.444682 -0.557473 0.701058
vn 0.436736 -0.337163 0.834016
vn 0.736819 -0.264818 0.622068
vn 0.219147 -0.605290 0.765244
vn 0.147227 -0.392386 0.907941
vn -0.694306 -0.713363 0.095145
vn -0.862193 -0.486885 0.139878
vn -0.947556 -0.240713 0.210224
vn -0.063969 -0.638952 0.766582
vn -0.195714 -0.191569 0.961768
vn -0.163727 -0.418306 0.893428
vn -0.226050 -0.684137 0.693439
vn -0.405907 -0.222635 0.886382
vn -0.340444 -0.465673 0.816851
vn -0.518185 -0.715843 0.468032
vn -0.654595 -0.492146 0.573845
vn -0.685533 -0.237044 0.688371
vn 0.860835 -0.421987 0.284413
vn 0.908414 -0.222081 0.354208
vn 0.895591 -0.029859 0.443876
vn 0.906044 -0.407827 0.112964
vn 0.965653 -0.216820 0.143188
vn 0.981635 -0.034621 0.187601
vn 0.910044 -0.409241 -0.065898
vn 0.972973 -0.221845 -0.064095
vn 0.998019 -0.039209 -0.049204
vn -0.403726 -0.216655 0.888857
vn -0.199903 -0.173574 0.964319
vn 0.521640 -0.803631 -0.286476
vn 0.403550 -0.912440 -0.067833
vn 0.996609 -0.051559 -0.064133
vn 0.887833 -0.054975 -0.456871
vn 0.760286 -0.052197 -0.647488
vn 0.575609 -0.741289 -0.345202
vn 0.507327 -0.860058 0.054021
vn 0.982832 -0.046595 0.178523
vn 0.688381 -0.656270 0.308936
vn 0.895255 -0.031794 0.444418
vn 0.436291 -0.077022 -0.896503
vn 0.337765 -0.652827 -0.678035
vn 0.301223 -0.100901 -0.948201
vn 0.254762 -0.667725 -0.699457
vn -0.028561 -0.144200 -0.989136
vn 0.004033 -0.687957 -0.725740
vn -0.493158 -0.174466 -0.852266
vn -0.348060 -0.671095 -0.654589
vn -0.724304 -0.180417 -0.665457
vn -0.532755 -0.653890 -0.537215
vn -0.936953 -0.209509 -0.279686
vn -0.676950 -0.694946 -0.242463
vn -0.944678 -0.237265 0.226472
vn -0.647898 -0.742643 0.169438
vn -0.672607 -0.235635 0.701481
vn -0.418195 -0.735626 0.532886
vn -1.000000 0.000000 -0.000000
vn -1.000000 0.000000 -0.000000
vn -1.000000 0.000000 -0.000000
vn -1.000000 -0.000000 -0.000000
vn -1.000000 -0.000000 -0.000000
vn -1.000000 -0.000000 0.000000
vn -1.000000 -0.000000 -0.000000
vn 0.016803 0.993425 0.113249
vn 0.001896 0.991318 0.131475
vn 0.000030 0.991720 0.128418
vn 0.022494 0.988648 0.148559
vn 0.083089 0.996248 0.024213
vn 0.107698 0.993602 0.034000
vn 0.084472 0.995704 0.037930
vn 0.098484 0.994206 0.043068
vn 0.130855 0.991046 0.026562
vn 0.003816 0.997193 -0.074771
vn 0.007173 0.998621 -0.052005
vn 0.005960 0.998629 -0.052004
vn 0.012319 0.995279 -0.096266
vn 0.101033 0.994792 0.013448
vn 0.034272 0.996310 -0.078688
vn 0.082758 0.995808 -0.038944
vn -0.167624 0.565699 -0.807395
vn -0.043519 0.554888 -0.830786
vn -0.286404 0.577634 -0.764403
vn -0.419976 0.623186 -0.659742
vn -0.537172 0.616633 -0.575508
vn -0.626488 0.625614 -0.464888
vn -0.713617 0.625852 -0.314738
vn -0.755301 0.636719 -0.155273
vn -0.739957 0.666839 0.088255
vn -0.063923 0.536783 0.841296
vn -0.115813 0.530658 0.839637
vn -0.132513 0.533358 0.835446
vn -0.230110 0.571017 0.788029
vn -0.684199 0.649039 0.332596
vn -0.422912 0.611247 0.668971
vn -0.539388 0.642601 0.544173
vn -0.198396 0.169552 -0.965345
vn -0.050251 0.163694 -0.985231
vn -0.326809 0.173045 -0.929113
vn -0.498019 0.192188 -0.845601
vn -0.686631 0.196697 -0.699892
vn -0.800607 0.194905 -0.566604
vn -0.896758 0.197915 -0.395796
vn -0.956949 0.200868 -0.209525
vn -0.972958 0.213014 0.089315
vn -0.074330 0.161012 0.984150
vn -0.134867 0.160546 0.977771
vn -0.154005 0.161679 0.974752
vn -0.271572 0.173170 0.946711
vn -0.894039 0.209650 0.395906
vn -0.520296 0.191691 0.832194
vn -0.702502 0.207298 0.680821
vn -0.172596 0.024827 -0.984680
vn -0.060758 0.040493 -0.997331
vn -0.326121 -0.001520 -0.945327
vn -0.499392 0.001766 -0.866374
vn -0.706953 0.001944 -0.707258
vn -0.821028 -0.001650 -0.570886
vn -0.914879 -0.000028 -0.403728
vn -0.976049 -0.000893 -0.217551
vn -0.996549 -0.000152 0.083006
vn -0.083005 0.022396 0.996297
vn -0.126058 0.012655 0.991942
vn -0.156231 0.000003 0.987721
vn -0.276943 -0.000046 0.960887
vn -0.919395 -0.000060 0.393335
vn -0.531169 -0.000055 0.847266
vn -0.724552 0.001621 0.689218
vn -0.146853 -0.004053 -0.989150
vn -0.323147 -0.074334 -0.943425
vn -0.494644 -0.078962 -0.865501
vn -0.708572 -0.082320 -0.700820
vn -0.821552 -0.083750 -0.563949
vn -0.911721 -0.084108 -0.402107
vn -0.972127 -0.085683 -0.218238
vn -0.993017 -0.089265 0.077130
vn -0.114420 -0.031339 0.992938
vn -0.156410 -0.069433 0.985249
vn -0.280243 -0.073778 0.957090
vn -0.918955 -0.089096 0.384165
vn -0.532977 -0.081773 0.842169
vn -0.728033 -0.086804 0.680024
s 1
g polySurface14 polySurface23
usemtl initialShadingGroup
f 1799//2040 1800//2041 1798//2042 1802//2043
f 2053//2044 2054//2045 1803//2046 1798//2042
f 1800//2041 1799//2040 1806//2047 1807//2048
f 1798//2042 1800//2041 2052//2049 2053//2044
f 1807//2048 1806//2047 1809//2050 2015//2051
f 1810//2052 2052//2049 1800//2041 1807//2048
f 1807//2048 2058//2053 1810//2052
f 2023//2054 2015//2051 1819//2055 1827//2056
f 1818//2057 1814//2058 1808//2059 1816//2060
f 1814//2058 1818//2057 1822//2061 1821//2062
f 2056//2063 1810//2052 2058//2053 2059//2064
f 1824//2065 1816//2060 1815//2066 2852//2067
f 1815//2066 1812//2068 2091//2069
f 1827//2056 1819//2055 1825//2070 1834//2071
f 1818//2057 1824//2065 1829//2072 1822//2061
f 1821//2062 1822//2061 1830//2073 1828//2074
f 1830//2073 1822//2061 1829//2072 2085//2075
f 1817//2076 1823//2077 1832//2078 2060//2079
f 1829//2072 2101//2080 2102//2081 2085//2075
f 1834//2071 1825//2070 1833//2082 2022//2083
f 1828//2074 1830//2073 1836//2084 1839//2085
f 2099//2086 2100//2087 1824//2065 2852//2067
f 1827//2056 1834//2071 2030//2088 1835//2089
f 2102//2081 2103//2090 2084//2091 2085//2075
f 1839//2085 1836//2084 1847//2092 1850//2093
f 2021//2094 2022//2083 1833//2082 1846//2095
f 2083//2096 2084//2091 2103//2090 2086//2097
f 1846//2095 1841//2098 1852//2099 2014//2100
f 1832//2078 1838//2101 1856//2102 2095//2103
f 1850//2093 1847//2092 1860//2104 1862//2105
f 1856//2102 1838//2101 1855//2106 1877//2107
f 1863//2108 2083//2096 2086//2097 2087//2109
f 1870//2110 2041//2111 2042//2112
f 2095//2103 2096//2113 1832//2078
f 2040//2114 2041//2111 1870//2110 1883//2115
s off
f 1859//2116 1862//2117 1871//2118
s 1
f 1869//2119 1853//2120 1867//2121 2010//2122
f 1877//2107 1855//2106 1858//2123 1891//2124
f 1892//2125 1868//2126 2043//2127 2044//2128
f 1867//2121 1854//2129 2016//2130 2017//2131
f 1874//2132 2021//2094 1846//2095 2014//2100
f 2075//2133 2076//2134 1849//2135 1851//2136
f 1858//2123 1861//2137 1878//2138 1891//2124
f 1879//2139 1871//2140 1862//2105
f 1880//2141 1879//2139 1862//2105 1860//2104
f 1878//2138 1861//2137 1865//2142 1875//2143
f 2068//2144 2069//2145 1857//2146 1864//2147
f 1883//2115 2039//2148 2040//2114
f 1852//2099 1872//2149 2013//2150 2014//2100
f 1886//2151 1856//2102 1877//2107 1898//2152
f 1887//2153 1871//2140 1879//2139
f 1887//2154 1879//2139 1880//2141 1893//2155
f 1881//2156 1869//2119 2010//2122 2011//2157
f 2012//2158 2013//2150 1872//2149 1884//2159
f 2074//2160 2075//2133 1851//2136 1866//2161
f 1884//2159 1881//2156 2011//2157 2012//2158
f 1892//2125 2045//2162 2048//2163 1910//2164
f 1880//2141 1876//2165 1894//2166 1893//2155
f 1895//2167 1878//2138 1875//2143
f 1896//2168 1887//2154 1893//2155 2064//2169
f 1900//2170 2038//2171 2039//2148 1883//2115
f 1898//2152 1877//2107 1891//2124
f 1866//2161 1886//2151 2073//2172 2074//2160
f 1897//2173 1896//2168 2064//2169 2065//2174
f 1885//2175 1897//2173 2065//2174 2066//2176
f 1903//2177 1891//2124 1878//2138 1895//2167
f 1870//2110 1868//2126 1908//2178 1913//2179
f 1875//2143 1889//2180 1909//2181 1895//2167
f 1911//2182 1901//2183 1894//2166 1905//2184
f 1883//2115 1870//2110 1913//2179 1919//2185
f 1914//2186 1908//2178 1868//2126 1892//2125
f 2026//2187 2027//2188 1874//2132 1888//2189
f 1902//2190 1901//2183 1911//2182 1920//2191
f 1915//2192 1898//2152 1891//2124 1903//2177
f 2050//2193 2109//2194 1899//2195 1890//2196
f 1913//2179 1908//2178 1918//2197 1927//2198
f 1903//2177 1895//2167 1909//2181 1942//2199
f 1909//2181 1889//2180 1917//2200 1941//2201
f 1906//2202 1902//2190 1920//2191 1930//2203
f 1921//2204 2037//2205 2038//2171 1900//2170
f 1922//2206 1912//2207 1899//2195 2109//2194
f 1892//2125 1910//2164 1923//2208 1914//2186
f 1905//2184 2104//2209 1911//2182
f 2047//2210 1925//2211 2046//2212
f 1908//2178 1914//2186 1928//2213 1918//2197
f 1919//2185 1913//2179 1927//2198 1937//2214
f 1920//2191 1911//2182 2104//2209 2105//2215
f 1930//2203 1916//2216 1906//2202
f 1927//2198 1918//2197 2113//2217 2114//2218
f 1898//2152 1915//2192 1932//2219 1934//2220
f 1883//2115 1919//2185 1933//2221 1900//2170
f 1935//2222 1924//2223 1912//2207 1922//2206
f 1928//2213 1914//2186 1923//2208 1948//2224
f 2112//2225 2113//2217 1918//2197 1928//2213
f 1938//2226 1929//2227 1924//2223 1935//2222
f 1934//2220 2136//2228 2137//2229 2073//2172
f 1915//2192 1903//2177 1942//2199
f 1944//2230 1923//2208 1910//2164 1925//2211
f 1937//2214 1927//2198 2114//2218 2115//2231
f 2036//2232 2037//2205 1921//2204
f 1933//2221 1919//2185 1937//2214 1959//2233
f 2105//2215 2106//2234 1930//2203 1920//2191
f 1938//2226 2341//2235 1907//2236
f 1935//2222 1922//2206 1950//2237 1955//2238
f 2111//2239 2112//2225 1928//2213 1948//2224
f 1934//2220 1932//2219 2135//2240 2136//2228
f 1950//2237 1922//2206 1945//2241
f 2106//2234 2107//2242 1916//2216 1930//2203
f 1938//2226 1935//2222 1955//2238 1953//2243
f 1956//2244 1945//2241 1916//2216 2107//2242
f 1923//2208 1944//2230 1957//2245 1948//2224
f 1959//2233 1937//2214 2115//2231 2116//2246
f 1960//2247 1932//2219 1915//2192 1942//2199
f 1900//2170 1933//2221 1961//2248 1921//2204
f 1942//2199 1909//2181 1941//2201 2051//2249
f 1944//2230 1925//2211 1958//2250 1967//2251
f 2110//2252 2111//2239 1948//2224 1957//2245
f 1950//2237 1945//2241 1956//2244 2108//2253
f 1962//2254 2035//2255 2036//2232 1921//2204
f 1943//2256 1952//2257 1958//2250
f 1941//2201 1936//2258 1976//2259 2051//2249
f 1933//2221 1959//2233 1965//2260 1961//2248
f 2134//2261 2135//2240 1932//2219 1960//2247
f 1936//2258 1953//2243 1968//2262 1976//2259
f 1969//2263 1957//2245 1944//2230 1967//2251
f 1968//2262 1953//2243 1955//2238
f 1968//2262 1955//2238 1950//2237 2108//2253
f 1965//2260 1959//2233 2116//2246 1978//2264
f 1984//2265 2033//2266 2034//2267 1962//2254
f 1921//2204 1961//2248 1974//2268 1962//2254
f 1977//2269 2110//2252 1957//2245 1969//2263
f 1979//2270 1958//2250 1952//2257 1966//2271
f 1967//2251 1958//2250 1979//2270 1986//2272
f 1961//2248 1965//2260 1980//2273 1974//2268
f 1992//2274 2031//2275 2032//2276 1984//2265
f 2133//2277 2134//2261 1960//2247 1971//2278
f 1965//2260 1978//2264 1982//2279 1980//2273
f 1983//2280 1976//2259 1968//2262 1970//2281
f 1978//2264 1972//2282 1985//2283 1982//2279
f 1987//2284 1969//2263 1967//2251 1986//2272
f 1962//2254 1974//2268 1988//2285 1984//2265
f 2131//2286 2132//2287 1983//2280 1970//2281
f 1994//2288 1977//2269 1969//2263 1987//2284
f 1990//2289 1979//2270 1966//2271 1981//2290
f 1971//2278 1983//2280 2132//2287 2133//2277
f 1991//2291 2031//2275 1992//2274 2000//2292
f 1974//2268 1980//2273 1993//2293 1988//2285
f 1982//2279 1985//2283 1995//2294 1996//2295
f 1980//2273 1982//2279 1996//2295 1993//2293
f 1997//2296 1986//2272 1979//2270 1990//2289
f 1981//2290 1991//2291 2000//2292 1990//2289
f 1984//2265 1988//2285 2001//2297 1992//2274
f 2003//2298 1987//2284 1986//2272 1997//2296
f 1998//2299 1989//2300 1994//2288 2007//2301
f 2007//2301 1994//2288 1987//2284 2003//2298
f 1988//2285 1993//2293 2004//2302 2001//2297
f 2000//2292 1992//2274 2001//2297 2006//2303
f 2005//2304 1996//2295 1995//2294 1999//2305
f 1934//2220 2073//2172 1886//2151 1898//2152
f 1990//2289 2000//2292 2006//2303 1997//2296
f 2004//2302 1993//2293 1996//2295 2005//2304
f 2003//2298 1997//2296 2006//2303 2008//2306
f 2008//2306 2006//2303 2001//2297 2004//2302
f 2005//2304 1999//2305 2002//2307 2009//2308
f 1998//2299 2007//2301 2009//2308 2002//2307
f 2007//2301 2003//2298 2008//2306 2009//2308
f 2008//2306 2004//2302 2005//2304 2009//2308
f 1808//2059 1805//2309 1811//2310 1816//2060
f 2017//2131 2018//2311 2010//2122 1867//2121
f 2011//2157 2010//2122 2018//2311 2019//2312
f 2019//2312 2020//2313 2012//2158 2011//2157
f 1888//2189 2013//2150 2012//2158 2020//2313
f 2013//2150 1888//2189 1874//2132 2014//2100
f 1802//2043 1798//2042 1803//2046 1804//2314
f 1819//2055 2015//2051 1809//2050 1813//2315
f 1825//2070 1819//2055 1813//2315 1820//2316
f 1833//2082 1825//2070 1820//2316 1826//2317
f 1846//2095 1833//2082 1826//2317 1841//2098
f 2017//2131 2016//2130 1873//2318 2024//2319
f 2018//2311 2017//2131 2024//2319 2025//2320
f 1904//2321 2019//2312 2018//2311 2025//2320
f 1907//2236 2020//2313 2019//2312 1904//2321
f 1888//2189 2020//2313 1907//2236 2026//2187
f 2027//2188 2028//2322 2021//2094 1874//2132
f 2029//2323 2022//2083 2021//2094 2028//2322
f 1834//2071 2022//2083 2029//2323 2030//2088
f 1835//2089 2055//2324 2023//2054 1827//2056
f 1899//2195 2024//2319 1873//2318 1890//2196
f 1912//2207 2025//2320 2024//2319 1899//2195
f 1904//2321 2025//2320 1912//2207 1924//2223
f 1816//2060 1824//2065 1818//2057
f 1929//2227 1907//2236 1904//2321 1924//2223
f 2341//2235 2342//2325 2026//2187 1907//2236
f 2342//2325 1917//2200 2027//2188 2026//2187
f 1889//2180 2028//2322 2027//2188 1917//2200
f 1875//2143 1865//2142 2029//2323 2028//2322
f 1865//2142 2092//2326 2030//2088 2029//2323
f 1835//2089 2030//2088 2092//2326 2093//2327
f 1889//2180 1875//2143 2028//2322
f 1970//2281 1973//2328 2130//2329 2131//2286
f 2129//2330 2130//2329 1973//2328 1954//2331
f 1954//2331 1949//2332 2128//2333 2129//2330
f 2127//2334 2128//2333 1949//2332 1946//2335
f 2126//2336 2127//2334 1946//2335 1926//2337
f 1926//2337 1905//2184 2082//2338
f 2087//2109 2088//2339 1876//2165 1863//2108
f 2119//2340 2120//2341 1845//2342 1840//2343
f 1840//2343 1848//2344 2118//2345 2119//2340
f 1910//2164 2048//2163 2046//2212 1925//2211
f 1842//2346 2049//2347 2070//2348 2071//2349
f 2069//2145 2070//2348 2049//2347 1857//2146
f 2067//2350 2068//2144 1864//2147 1882//2351
f 2066//2176 2067//2350 1882//2351 1885//2175
f 1916//2216 2050//2193 1906//2202
f 1971//2278 2051//2249 1976//2259 1983//2280
f 1971//2278 1960//2247 1942//2199 2051//2249
f 2056//2063 2057//2352 2052//2049 1810//2052
f 1801//2353 2054//2045 2053//2044 2061//2354
f 2094//2355 2055//2324 1835//2089 2093//2327
f 1823//2077 1817//2076 2056//2063 2059//2064
f 1812//2068 2057//2352 2056//2063 1817//2076
f 1801//2353 2061//2354 2062//2356 2063//2357
f 2023//2054 2058//2053 1807//2048 2015//2051
f 2059//2064 2058//2053 2023//2054 2055//2324
f 1823//2077 2059//2064 2055//2324 2094//2355
f 2854//2358 1832//2078 2096//2113 2097//2359
f 2057//2352 2061//2354 2053//2044 2052//2049
f 2062//2356 2061//2354 2057//2352 1812//2068
f 1815//2066 1811//2310 2062//2356 1812//2068
f 1816//2060 1811//2310 1815//2066
f 1811//2310 1805//2309 2063//2357 2062//2356
f 1876//2165 1880//2141 1860//2104 1863//2108
f 2064//2169 1893//2155 1894//2166 1901//2183
f 2065//2174 2064//2169 1901//2183 1902//2190
f 2066//2176 2065//2174 1902//2190 1906//2202
f 1906//2202 2050//2193 2067//2350 2066//2176
f 1890//2196 2068//2144 2067//2350 2050//2193
f 1873//2318 2069//2145 2068//2144 1890//2196
f 2016//2130 2070//2348 2069//2145 1873//2318
f 2071//2349 2070//2348 2016//2130 1854//2129
f 1844//2360 2071//2349 1854//2129 2072//2361
f 1905//2184 1894//2166 1876//2165 2088//2339
f 1853//2120 2072//2361 1854//2129 1867//2121
f 2137//2229 2138//2362 2074//2160 2073//2172
f 2075//2133 2074//2160 2138//2362 2139//2363
f 2139//2363 2140//2364 2076//2134 2075//2133
f 2077//2365 2076//2134 2140//2364 2141//2366
f 1848//2344 2077//2365 2141//2366 2118//2345
f 2078//2367 1845//2342 2120//2341 2121//2368
f 2079//2369 2078//2367 2121//2368 2122//2370
f 2122//2370 2123//2371 2080//2372 2079//2369
f 2123//2371 2124//2373 2081//2374 2080//2372
f 2124//2373 2125//2375 2082//2338 2081//2374
f 1926//2337 2082//2338 2125//2375 2126//2336
f 1847//2092 2083//2096 1863//2108 1860//2104
f 1836//2084 2084//2091 2083//2096 1847//2092
f 2085//2075 2084//2091 1836//2084 1830//2073
f 2086//2097 1843//2376 2078//2367 2079//2369
f 2079//2369 2080//2372 2087//2109 2086//2097
f 2080//2372 2081//2374 2088//2339 2087//2109
f 2081//2374 2082//2338 1905//2184 2088//2339
f 2076//2134 2077//2365 1831//2377 1849//2135
f 1848//2344 1837//2378 1831//2377 2077//2365
f 2089//2379 1837//2378 1848//2344 1840//2343
f 1840//2343 1845//2342 2090//2380 2089//2379
f 1843//2376 2090//2380 1845//2342 2078//2367
f 1829//2072 1824//2065 2100//2087 2101//2080
f 2091//2069 1812//2068 1817//2076 2060//2079
f 2853//2381 2854//2358 2097//2359 2098//2382
f 2098//2382 2099//2086 2852//2067 2853//2381
f 2092//2326 1865//2142 1861//2137 1858//2123
f 2093//2327 2092//2326 1858//2123 1855//2106
f 2093//2327 1855//2106 1838//2101 2094//2355
f 1823//2077 2094//2355 1838//2101 1832//2078
f 1866//2161 2095//2103 1856//2102 1886//2151
f 1866//2161 1851//2136 2096//2113 2095//2103
f 2097//2359 2096//2113 1851//2136 1849//2135
f 2098//2382 2097//2359 1849//2135 1831//2377
f 1831//2377 1837//2378 2099//2086 2098//2382
f 1837//2378 2089//2379 2100//2087 2099//2086
f 2101//2080 2100//2087 2089//2379
f 2102//2081 2101//2080 2089//2379 2090//2380
f 1843//2376 2103//2090 2102//2081 2090//2380
f 2086//2097 2103//2090 1843//2376
f 1926//2337 2104//2209 1905//2184
f 2105//2215 2104//2209 1926//2337 1946//2335
f 1949//2332 2106//2234 2105//2215 1946//2335
f 1954//2331 2107//2242 2106//2234 1949//2332
f 1956//2244 2107//2242 1954//2331 1973//2328
f 1970//2281 2108//2253 1956//2244 1973//2328
f 1968//2262 2108//2253 1970//2281
f 1916//2216 2109//2194 2050//2193
f 1922//2206 2109//2194 1916//2216 1945//2241
f 1977//2269 1994//2288 1989//2300 1975//2383
f 1964//2384 2110//2252 1977//2269 1975//2383
f 1951//2385 2111//2239 2110//2252 1964//2384
f 1951//2385 1940//2386 2112//2225 2111//2239
f 1940//2386 1931//2387 2113//2217 2112//2225
f 2114//2218 2113//2217 1931//2387 1939//2388
f 2115//2231 2114//2218 1939//2388 1947//2389
f 2115//2231 1947//2389 1963//2390 2116//2246
f 1978//2264 2116//2246 1963//2390 1972//2282
f 1995//2294 2117//2391 2243//2392 2242//2393 1999//2305
f 1985//2283 2247//2394 2246//2395 2117//2391 1995//2294
f 2119//2340 2118//2345 2044//2128 2043//2127
f 2043//2127 2042//2112 2120//2341 2119//2340
f 2121//2368 2120//2341 2042//2112 2041//2111
f 2122//2370 2121//2368 2041//2111 2040//2114
f 2040//2114 2039//2148 2123//2371 2122//2370
f 2039//2148 2038//2171 2124//2373 2123//2371
f 2038//2171 2037//2205 2125//2375 2124//2373
f 2126//2336 2125//2375 2037//2205 2036//2232
f 2036//2232 2035//2255 2127//2334 2126//2336
f 2035//2255 2034//2267 2128//2333 2127//2334
f 2129//2330 2128//2333 2034//2267 2033//2266
f 2033//2266 2032//2276 2130//2329 2129//2330
f 2131//2286 2130//2329 2032//2276 2031//2275
f 1991//2291 2132//2287 2131//2286 2031//2275
f 2133//2277 2132//2287 1991//2291 1981//2290
f 1981//2290 1966//2271 2134//2261 2133//2277
f 1966//2271 1952//2257 2135//2240 2134//2261
f 2136//2228 2135//2240 1952//2257 1943//2256
f 2137//2229 2136//2228 1943//2256
f 2047//2210 2138//2362 2137//2229 1943//2256
f 2139//2363 2138//2362 2047//2210 2046//2212
f 2048//2163 2140//2364 2139//2363 2046//2212
f 2141//2366 2140//2364 2048//2163 2045//2162
f 2118//2345 2141//2366 2045//2162 2044//2128
f 2171//2396 2175//2397 2245//2398 2248//2399
f 2117//2391 2246//2395 2245//2398 2175//2397 2183//2400
f 2146/1031/2401 2150/1032/2402 2142/1033/2403
f 2150/1034/2402 2154/1035/2404 2142/1033/2403
f 2154/1036/2404 2158/1037/2405 2142/1033/2403
f 2158/1038/2405 2162/1039/2406 2142/1033/2403
f 2162/1040/2406 2166/1041/2407 2142/1033/2403
f 2166/1042/2407 2170/1043/2408 2142/1033/2403
f 2178/1044/2409 2174/1045/2410 2142/1033/2403
f 2170/1046/2408 2182/1047/2411 2142/1033/2403
f 2186/1048/2412 2178/1049/2409 2142/1033/2403
f 2190/1050/2413 2186/1051/2412 2142/1033/2403
f 2182/1052/2411 2194/1053/2414 2142/1033/2403
f 2198/1054/2415 2190/1055/2413 2142/1033/2403
f 2194/1056/2414 2198/1057/2415 2142/1033/2403
f 2174/1058/2410 2202/1059/2416 2142/1033/2403
f 2202/1060/2416 2206/1061/2417 2142/1033/2403
f 2206/1062/2417 2210/1063/2418 2142/1033/2403
f 2210/1064/2418 2214/1065/2419 2142/1033/2403
f 2214/1066/2419 2146/1067/2401 2142/1033/2403
f 2145/1068/2420 2146/1067/2401 2214/1066/2419 2213/1069/2421
f 2143//2422 2144//2423 2212//2424 2211//2425
f 2144/1070/2423 2145/1071/2420 2213/1072/2421 2212/1073/2424
f 2146/1031/2401 2145/1074/2420 2149/1075/2426 2150/1032/2402
f 2145/1071/2420 2144/1070/2423 2148/1076/2427 2149/1077/2426
f 2144//2423 2143//2422 2147//2428 2148//2427
f 2150/1034/2402 2149/1078/2426 2153/1079/2429 2154/1035/2404
f 2149/1077/2426 2148/1076/2427 2152/1080/2430 2153/1081/2429
f 2148//2427 2147//2428 2151//2431 2152//2430
f 2154/1036/2404 2153/1082/2429 2157/1083/2432 2158/1037/2405
f 2153/1081/2429 2152/1080/2430 2156/1084/2433 2157/1085/2432
f 2152//2430 2151//2431 2155//2434 2156//2433
f 2158/1038/2405 2157/1086/2432 2161/1087/2435 2162/1039/2406
f 2157/1085/2432 2156/1084/2433 2160/1088/2436 2161/1089/2435
f 2156//2433 2155//2434 2159//2437 2160//2436
f 2162/1040/2406 2161/1090/2435 2165/1091/2438 2166/1041/2407
f 2161/1089/2435 2160/1088/2436 2164/1092/2439 2165/1093/2438
f 2160//2436 2159//2437 2163//2440 2164//2439
f 2166/1042/2407 2165/1094/2438 2169/1095/2441 2170/1043/2408
f 2165/1093/2438 2164/1092/2439 2168/1096/2442 2169/1097/2441
f 2164//2439 2163//2440 2167//2443 2168//2442
f 2173/1098/2444 2174/1045/2410 2178/1044/2409 2177/1099/2445
f 2171//2396 2172//2446 2176//2447 2175//2397
f 2172/1100/2446 2173/1101/2444 2177/1102/2445 2176/1103/2447
f 2177/1104/2445 2178/1049/2409 2186/1048/2412 2185/1105/2448
f 2175//2397 2176//2447 2184//2449 2183//2400
f 2176/1103/2447 2177/1102/2445 2185/1106/2448 2184/1107/2449
f 2170/1046/2408 2169/1108/2441 2181/1109/2450 2182/1047/2411
f 2169/1097/2441 2168/1096/2442 2180/1110/2451 2181/1111/2450
f 2168//2442 2167//2443 2179//2452 2180//2451
f 2185/1112/2448 2186/1051/2412 2190/1050/2413 2189/1113/2453
f 2183//2400 2184//2449 2188//2454 2187//2455
f 2184/1107/2449 2185/1106/2448 2189/1114/2453 2188/1115/2454
f 2189/1116/2453 2190/1055/2413 2198/1054/2415 2197/1117/2456
f 2187//2455 2188//2454 2196//2457 2195//2458
f 2188/1115/2454 2189/1114/2453 2197/1118/2456 2196/1119/2457
f 2182/1052/2411 2181/1120/2450 2193/1121/2459 2194/1053/2414
f 2181/1111/2450 2180/1110/2451 2192/1122/2460 2193/1123/2459
f 2180//2451 2179//2452 2191//2461 2192//2460
f 2194/1056/2414 2193/1124/2459 2197/1125/2456 2198/1057/2415
f 2193/1123/2459 2192/1122/2460 2196/1119/2457 2197/1118/2456
f 2192//2460 2191//2461 2195//2458 2196//2457
f 2174/1058/2410 2173/1126/2444 2201/1127/2462 2202/1059/2416
f 2173/1101/2444 2172/1100/2446 2200/1128/2463 2201/1129/2462
f 2172//2446 2171//2396 2199//2464 2200//2463
f 2202/1060/2416 2201/1130/2462 2205/1131/2465 2206/1061/2417
f 2201/1129/2462 2200/1128/2463 2204/1132/2466 2205/1133/2465
f 2200//2463 2199//2464 2203//2467 2204//2466
f 2206/1062/2417 2205/1134/2465 2209/1135/2468 2210/1063/2418
f 2205/1133/2465 2204/1132/2466 2208/1136/2469 2209/1137/2468
f 2204//2466 2203//2467 2207//2470 2208//2469
f 2210/1064/2418 2209/1138/2468 2213/1139/2421 2214/1065/2419
f 2209/1137/2468 2208/1136/2469 2212/1073/2424 2213/1072/2421
f 2208//2469 2207//2470 2211//2425 2212//2424
f 2241//2471 2244//2472 2187//2455 2195//2458
f 2244//2472 2243//2392 2117//2391 2183//2400 2187//2455
f 2215//2473 2216//2474 2218//2475 2217//2476
f 2216//2474 2215//2473 2223//2477 2224//2478
f 2217//2476 2218//2475 2220//2479 2219//2480
f 2219//2480 2220//2479 2222//2481 2221//2482
f 2221//2482 2222//2481 2248//2399 2247//2394
f 2224//2478 2223//2477 2225//2483 2226//2484
f 2226//2484 2225//2483 2227//2485 2228//2486
f 2228//2486 2227//2485 2229//2487 2230//2488
f 2230//2488 2229//2487 2231//2489 2232//2490
f 2232//2490 2231//2489 2233//2491 2234//2492
f 2234//2492 2233//2491 2235//2493 2236//2494
f 2236//2494 2235//2493 2237//2495 2238//2496
f 2238//2496 2237//2495 2239//2497 2240//2498
f 2240//2498 2239//2497 2242//2393 2241//2471
f 1947//2389 1939//2388 2215//2473 2217//2476
f 1963//2390 1947//2389 2217//2476 2219//2480
f 1972//2282 1963//2390 2219//2480 2221//2482
f 1939//2388 1931//2387 2223//2477 2215//2473
f 1931//2387 2225//2483 2223//2477
f 2227//2485 2225//2483 1931//2387 1940//2386
f 2229//2487 2227//2485 1940//2386 1951//2385
f 2231//2489 2229//2487 1951//2385 1964//2384
f 2233//2491 2231//2489 1964//2384 1975//2383
f 2235//2493 2233//2491 1975//2383 1989//2300
f 2237//2495 2235//2493 1989//2300 1998//2299
f 2239//2497 2237//2495 1998//2299 2002//2307
f 2242//2393 2239//2497 2002//2307 1999//2305
f 1972//2282 2221//2482 2247//2394 1985//2283
f 2216//2474 2224//2478 2143//2422 2211//2425
f 2224//2478 2226//2484 2147//2428 2143//2422
f 2151//2431 2147//2428 2226//2484 2228//2486
f 2155//2434 2151//2431 2228//2486 2230//2488
f 2159//2437 2155//2434 2230//2488 2232//2490
f 2159//2437 2232//2490 2234//2492 2163//2440
f 2171//2396 2248//2399 2222//2481 2199//2464
f 2167//2443 2163//2440 2234//2492 2236//2494
f 2238//2496 2179//2452 2167//2443 2236//2494
f 2195//2458 2191//2461 2240//2498 2241//2471
f 2240//2498 2191//2461 2179//2452 2238//2496
f 2222//2481 2220//2479 2203//2467 2199//2464
f 2207//2470 2203//2467 2220//2479 2218//2475
f 2216//2474 2211//2425 2207//2470 2218//2475
f 2241//2471 2242//2393 2243//2392 2244//2472
f 2245//2398 2246//2395 2247//2394 2248//2399
s off
f 1859//2499 1871//2500 1862//2501
s 26
f 2249//2502 1862//2503 1871//2504
f 1887//2505 2249//2502 1871//2504
s 1
f 1844//2360 2250//2506 1842//2346 2071//2349
f 1799/1140/2040 1802/1141/2043 2251/1142/2507 2252/1143/2508
f 1802/1144/2043 1804/1145/2314 2253/1146/2509 2251/1147/2507
f 1806/1148/2047 1799/1149/2040 2252/1150/2508 2254/1151/2510
f 1809/1152/2050 1806/1153/2047 2254/1154/2510 2255/1155/2511
f 1813/1156/2315 1809/1157/2050 2255/1158/2511 2256/1159/2512
f 1820/1160/2316 1813/1161/2315 2256/1162/2512 2257/1163/2513
f 1826/1164/2317 1820/1165/2316 2257/1166/2513 2258/1167/2514
f 1841/1168/2098 1826/1169/2317 2258/1170/2514 2259/1171/2515
f 1852/1172/2099 1841/1173/2098 2259/1174/2515 2260/1175/2516
f 1844/1176/2360 2072/1177/2361 2262/1178/2517 2261/1179/2518
f 1853/1180/2120 1869/1181/2119 2264/1182/2519 2263/1183/2520
f 1872/1184/2149 1852/1185/2099 2260/1186/2516 2265/1187/2521
f 1869/1188/2119 1881/1189/2156 2266/1190/2522 2264/1191/2519
f 1884/1192/2159 1872/1193/2149 2265/1194/2521 2267/1195/2523
f 1881/1196/2156 1884/1197/2159 2267/1198/2523 2266/1199/2522
f 2072/1200/2361 1853/1201/2120 2263/1202/2520 2262/1203/2517
f 2250/1204/2506 1844/1205/2360 2261/1206/2518 2268/1207/2524
f 2252/1208/2508 2251/1209/2507 2269/1210/2525 2270/1211/2526
f 2251/1212/2507 2253/1213/2509 2271/1214/2527 2269/1215/2525
f 2254/1216/2510 2252/1217/2508 2270/1218/2526 2272/1219/2528
f 2255/1220/2511 2254/1221/2510 2272/1222/2528 2273/1223/2529
f 2256/1224/2512 2255/1225/2511 2273/1226/2529 2274/1227/2530
f 2257/1228/2513 2256/1229/2512 2274/1230/2530 2275/1231/2531
f 2258/1232/2514 2257/1233/2513 2275/1234/2531 2276/1235/2532
f 2259/1236/2515 2258/1237/2514 2276/1238/2532 2277/1239/2533
f 2260/1240/2516 2259/1241/2515 2277/1242/2533 2278/1243/2534
f 2261/1244/2518 2262/1245/2517 2280/1246/2535 2279/1247/2536
f 2263/1248/2520 2264/1249/2519 2282/1250/2537 2281/1251/2538
f 2265/1252/2521 2260/1253/2516 2278/1254/2534 2283/1255/2539
f 2264/1256/2519 2266/1257/2522 2284/1258/2540 2282/1259/2537
f 2267/1260/2523 2265/1261/2521 2283/1262/2539 2285/1263/2541
f 2266/1264/2522 2267/1265/2523 2285/1266/2541 2284/1267/2540
f 2262/1268/2517 2263/1269/2520 2281/1270/2538 2280/1271/2535
f 2268/1272/2524 2261/1273/2518 2279/1274/2536 2286/1275/2542
f 2270/1276/2526 2269/1277/2525 2287/1278/2543 2288/1279/2544
f 2269/1280/2525 2271/1281/2527 2289/1282/2545 2287/1283/2543
f 2272/1284/2528 2270/1285/2526 2288/1286/2544 2290/1287/2546
f 2273/1288/2529 2272/1289/2528 2290/1290/2546 2291/1291/2547
f 2274/1292/2530 2273/1293/2529 2291/1294/2547 2292/1295/2548
f 2275/1296/2531 2274/1297/2530 2292/1298/2548 2293/1299/2549
f 2276/1300/2532 2275/1301/2531 2293/1302/2549 2294/1303/2550
f 2277/1304/2533 2276/1305/2532 2294/1306/2550 2295/1307/2551
f 2278/1308/2534 2277/1309/2533 2295/1310/2551 2296/1311/2552
f 2279/1312/2536 2280/1313/2535 2298/1314/2553 2297/1315/2554
f 2281/1316/2538 2282/1317/2537 2300/1318/2555 2299/1319/2556
f 2283/1320/2539 2278/1321/2534 2296/1322/2552 2301/1323/2557
f 2282/1324/2537 2284/1325/2540 2302/1326/2558 2300/1327/2555
f 2285/1328/2541 2283/1329/2539 2301/1330/2557 2303/1331/2559
f 2284/1332/2540 2285/1333/2541 2303/1334/2559 2302/1335/2558
f 2280/1336/2535 2281/1337/2538 2299/1338/2556 2298/1339/2553
f 2286/1340/2542 2279/1341/2536 2297/1342/2554 2304/1343/2560
f 2288/1344/2544 2287/1345/2543 2305/1346/2561 2306/1347/2562
f 2287/1348/2543 2289/1349/2545 2307/1350/2563 2305/1351/2561
f 2290/1352/2546 2288/1353/2544 2306/1354/2562 2308/1355/2564
f 2291/1356/2547 2290/1357/2546 2308/1358/2564 2309/1359/2565
f 2292/1360/2548 2291/1361/2547 2309/1362/2565 2310/1363/2566
f 2293/1364/2549 2292/1365/2548 2310/1366/2566 2311/1367/2567
f 2294/1368/2550 2293/1369/2549 2311/1370/2567 2312/1371/2568
f 2295/1372/2551 2294/1373/2550 2312/1374/2568 2313/1375/2569
f 2296/1376/2552 2295/1377/2551 2313/1378/2569 2314/1379/2570
f 2297/1380/2554 2298/1381/2553 2316/1382/2571 2315/1383/2572
f 2299/1384/2556 2300/1385/2555 2318/1386/2573 2317/1387/2574
f 2301/1388/2557 2296/1389/2552 2314/1390/2570 2319/1391/2575
f 2300/1392/2555 2302/1393/2558 2320/1394/2576 2318/1395/2573
f 2303/1396/2559 2301/1397/2557 2319/1398/2575 2321/1399/2577
f 2302/1400/2558 2303/1401/2559 2321/1402/2577 2320/1403/2576
f 2298/1404/2553 2299/1405/2556 2317/1406/2574 2316/1407/2571
f 2304/1408/2560 2297/1409/2554 2315/1410/2572 2322/1411/2578
f 2306/1412/2562 2305/1413/2561 2323/1414/2579 2324/1415/2580
f 2305/1416/2561 2307/1417/2563 2325/1418/2581 2323/1419/2579
f 2308/1420/2564 2306/1421/2562 2324/1422/2580 2326/1423/2582
f 2309/1424/2565 2308/1425/2564 2326/1426/2582 2327/1427/2583
f 2310/1428/2566 2309/1429/2565 2327/1430/2583 2328/1431/2584
f 2311/1432/2567 2310/1433/2566 2328/1434/2584 2329/1435/2585
f 2312/1436/2568 2311/1437/2567 2329/1438/2585 2330/1439/2586
f 2313/1440/2569 2312/1441/2568 2330/1442/2586 2331/1443/2587
f 2314/1444/2570 2313/1445/2569 2331/1446/2587 2332/1447/2588
f 2315/1448/2572 2316/1449/2571 2334/1450/2589 2333/1451/2590
f 2317/1452/2574 2318/1453/2573 2336/1454/2591 2335/1455/2592
f 2319/1456/2575 2314/1457/2570 2332/1458/2588 2337/1459/2593
f 2318/1460/2573 2320/1461/2576 2338/1462/2594 2336/1463/2591
f 2321/1464/2577 2319/1465/2575 2337/1466/2593 2339/1467/2595
f 2320/1468/2576 2321/1469/2577 2339/1470/2595 2338/1471/2594
f 2316/1472/2571 2317/1473/2574 2335/1474/2592 2334/1475/2589
f 2322/1476/2578 2315/1477/2572 2333/1478/2590 2340/1479/2596
f 1958//2250 1925//2211 2047//2210 1943//2256
f 1892//2125 2044//2128 2045//2162
f 1870//2110 2042//2112 2043//2127 1868//2126
f 1962//2254 2034//2267 2035//2255
f 1984//2265 2032//2276 2033//2266
f 1936//2258 2341//2235 1938//2226 1953//2243
f 1936//2258 2342//2325 2341//2235
f 1936//2258 1941//2201 1917//2200 2342//2325
f 1938//2226 1907//2236 1929//2227
f 2344//2597 2346//2598 2343//2599 2345//2600
f 2578//2601 2343//2599 1803//2046 2054//2045
f 2345//2600 2348//2602 2347//2603 2344//2597
f 2343//2599 2578//2601 2577//2604 2345//2600
f 2348//2602 2541//2605 2349//2606 2347//2603
f 2350//2607 2348//2602 2345//2600 2577//2604
f 2348//2602 2350//2607 2582//2608
f 2549//2609 2365//2610 2358//2611 2541//2605
f 1814//2058 1821//2062 2360//2612 2357//2613
f 2580//2614 2583//2615 2582//2608 2350//2607
f 2354//2616 2614//2617 2352//2618
f 2365//2610 2371//2619 2363//2620 2358//2611
f 2357//2613 2360//2612 2366//2621 2362//2622
f 1821//2062 1828//2623 2367//2624 2360//2612
f 2367//2624 2608//2625 2366//2621 2360//2612
f 2356//2626 2584//2627 2369//2628 2361//2629
f 2366//2621 2608//2625 2625//2630 2624//2631
f 2371//2619 2548//2632 2370//2633 2363//2620
f 1828//2623 1839//2634 2373//2635 2367//2624
f 2362//2622 2855//2636 2354//2616 2355//2637
f 2365//2610 2372//2638 2556//2639 2371//2619
f 2625//2630 2608//2625 2607//2640 2626//2641
f 1839//2634 1850//2642 2382//2643 2373//2635
f 2547//2644 2381//2645 2370//2633 2548//2632
f 2606//2646 2609//2647 2626//2641 2607//2640
f 2381//2645 2540//2648 2386//2649 2377//2650
f 2369//2628 2618//2651 2390//2652 2375//2653
f 1850//2642 1862//2654 2393//2655 2382//2643
f 2390//2652 2408//2656 2389//2657 2375//2653
f 2395//2658 2610//2659 2609//2647 2606//2646
f 2401//2660 2568//2661 2567//2662
f 2618//2651 2369//2628 2619//2663
f 2566//2664 2413//2665 2401//2660 2567//2662
s off
f 2392//2666 2402//2667 1862//2668
s 1
f 2400//2669 2536//2670 2398//2671 2387//2672
f 2408//2656 2419//2673 2391//2674 2389//2657
f 2420//2675 2570//2676 2569//2677 2399//2678
f 2398//2671 2543//2679 2542//2680 2388//2681
f 2405//2682 2540//2648 2381//2645 2547//2644
f 2598//2683 2385//2684 2384//2685 2599//2686
f 2391//2674 2419//2673 2409//2687 2394//2688
f 2410//2689 1862//2654 2402//2690
f 2411//2691 2393//2655 1862//2654 2410//2689
f 2409//2687 2406//2692 2396//2693 2394//2688
f 2591//2694 1864//2147 1857//2146 2592//2695
f 2413//2665 2566//2664 2565//2696
f 2386//2649 2540//2648 2539//2697 2403//2698
f 2415//2699 2424//2700 2408//2656 2390//2652
f 1887//2701 2410//2689 2402//2690
f 1887//2702 2421//2703 2411//2691 2410//2689
f 2412//2704 2537//2705 2536//2670 2400//2669
f 2538//2706 2414//2707 2403//2698 2539//2697
f 2597//2708 2397//2709 2385//2684 2598//2683
f 2414//2707 2538//2706 2537//2705 2412//2704
f 2420//2675 2436//2710 2574//2711 2571//2712
f 2411//2691 2421//2703 2422//2713 2407//2714
f 2423//2715 2406//2692 2409//2687
f 1896//2716 2587//2717 2421//2703 1887//2702
f 2426//2718 2413//2665 2565//2696 2564//2719
f 2424//2700 2419//2673 2408//2656
f 2397//2709 2597//2708 2596//2720 2415//2699
f 1897//2173 2588//2721 2587//2717 1896//2716
f 1885//2175 2589//2722 2588//2721 1897//2173
f 2429//2723 2423//2715 2409//2687 2419//2673
f 2401//2660 2439//2724 2434//2725 2399//2678
f 2406//2692 2423//2715 2435//2726 2417//2727
f 2437//2728 2431//2729 2422//2713 2427//2730
f 2413//2665 2445//2731 2439//2724 2401//2660
f 2440//2732 2420//2675 2399//2678 2434//2725
f 2552//2733 2416//2734 2405//2682 2553//2735
f 2428//2736 2446//2737 2437//2728 2427//2730
f 2441//2738 2429//2723 2419//2673 2424//2700
f 2575//2739 2418//2740 2425//2741 2632//2742
f 2439//2724 2453//2743 2444//2744 2434//2725
f 2429//2723 2468//2745 2435//2726 2423//2715
f 2435//2726 2467//2746 2443//2747 2417//2727
f 2432//2748 2456//2749 2446//2737 2428//2736
f 2447//2750 2426//2718 2564//2719 2563//2751
f 2448//2752 2632//2742 2425//2741 2438//2753
f 2420//2675 2440//2732 2449//2754 2436//2710
f 2431//2729 2437//2728 2627//2755
f 2573//2756 2572//2757 2451//2758
f 2434//2725 2444//2744 2454//2759 2440//2732
f 2445//2731 2463//2760 2453//2743 2439//2724
f 2446//2737 2628//2761 2627//2755 2437//2728
f 2456//2749 2432//2748 2442//2762
f 2453//2743 2637//2763 2636//2764 2444//2744
f 2424//2700 2460//2765 2458//2766 2441//2738
f 2413//2665 2426//2718 2459//2767 2445//2731
f 2461//2768 2448//2752 2438//2753 2450//2769
f 2454//2759 2474//2770 2449//2754 2440//2732
f 2635//2771 2454//2759 2444//2744 2636//2764
f 2464//2772 2461//2768 2450//2769 2455//2773
f 2460//2765 2596//2720 2660//2774 2659//2775
f 2441//2738 2468//2745 2429//2723
f 2470//2776 2451//2758 2436//2710 2449//2754
f 2463//2760 2638//2777 2637//2763 2453//2743
f 2562//2778 2447//2750 2563//2751
f 2459//2767 2485//2779 2463//2760 2445//2731
f 2628//2761 2446//2737 2456//2749 2629//2780
f 2464//2772 2433//2781 2850//2782
f 2461//2768 2481//2783 2476//2784 2448//2752
f 2634//2785 2474//2770 2454//2759 2635//2771
f 2460//2765 2659//2775 2658//2786 2458//2766
f 2476//2784 2471//2787 2448//2752
f 2629//2780 2456//2749 2442//2762 2630//2788
f 2464//2772 2479//2789 2481//2783 2461//2768
f 2482//2790 2630//2788 2442//2762 2471//2787
f 2449//2754 2474//2770 2483//2791 2470//2776
f 2485//2779 2639//2792 2638//2777 2463//2760
f 2486//2793 2468//2745 2441//2738 2458//2766
f 2426//2718 2447//2750 2487//2794 2459//2767
f 2468//2745 2576//2795 2467//2746 2435//2726
f 2470//2776 2493//2796 2484//2797 2451//2758
f 2633//2798 2483//2791 2474//2770 2634//2785
f 2476//2784 2631//2799 2482//2790 2471//2787
f 2488//2800 2447//2750 2562//2778 2561//2801
f 2469//2802 2484//2797 2478//2803
f 2467//2746 2576//2795 2502//2804 2462//2805
f 2459//2767 2487//2794 2491//2806 2485//2779
f 2657//2807 2486//2793 2458//2766 2658//2786
f 2462//2805 2502//2804 2494//2808 2479//2789
f 2495//2809 2493//2796 2470//2776 2483//2791
f 2494//2808 2481//2783 2479//2789
f 2494//2808 2631//2799 2476//2784 2481//2783
f 2491//2806 2504//2810 2639//2792 2485//2779
f 2510//2811 2488//2800 2560//2812 2559//2813
f 2447//2750 2488//2800 2500//2814 2487//2794
f 2503//2815 2495//2809 2483//2791 2633//2798
f 2505//2816 2492//2817 2478//2803 2484//2797
f 2493//2796 2512//2818 2505//2816 2484//2797
f 2487//2794 2500//2814 2506//2819 2491//2806
f 2518//2820 2510//2811 2558//2821 2557//2822
f 2656//2823 2497//2824 2486//2793 2657//2807
f 2491//2806 2506//2819 2508//2825 2504//2810
f 2509//2826 2496//2827 2494//2808 2502//2804
f 2504//2810 2508//2825 2511//2828 2498//2829
f 2513//2830 2512//2818 2493//2796 2495//2809
f 2488//2800 2510//2811 2514//2831 2500//2814
f 2654//2832 2496//2827 2509//2826 2655//2833
f 2520//2834 2513//2830 2495//2809 2503//2815
f 2516//2835 2507//2836 2492//2817 2505//2816
f 2497//2824 2656//2823 2655//2833 2509//2826
f 2517//2837 2526//2838 2518//2820 2557//2822
f 2500//2814 2514//2831 2519//2839 2506//2819
f 2508//2825 2522//2840 2521//2841 2511//2828
f 2506//2819 2519//2839 2522//2840 2508//2825
f 2523//2842 2516//2835 2505//2816 2512//2818
f 2507//2836 2516//2835 2526//2838 2517//2837
f 2510//2811 2518//2820 2527//2843 2514//2831
f 2529//2844 2523//2842 2512//2818 2513//2830
f 2524//2845 2533//2846 2520//2834 2515//2847
f 2533//2846 2529//2844 2513//2830 2520//2834
f 2514//2831 2527//2843 2530//2848 2519//2839
f 2526//2838 2532//2849 2527//2843 2518//2820
f 2531//2850 2525//2851 2521//2841 2522//2840
f 2460//2765 2424//2700 2415//2699 2596//2720
f 2516//2835 2523//2842 2532//2849 2526//2838
f 2530//2848 2531//2850 2522//2840 2519//2839
f 2529//2844 2534//2852 2532//2849 2523//2842
f 2534//2852 2530//2848 2527//2843 2532//2849
f 2531//2850 2535//2853 2528//2854 2525//2851
f 2524//2845 2528//2854 2535//2853 2533//2846
f 2533//2846 2535//2853 2534//2852 2529//2844
f 2534//2852 2535//2853 2531//2850 2530//2848
f 1808//2059 2355//2637 2351//2855 1805//2309
f 2543//2679 2398//2671 2536//2670 2544//2856
f 2537//2705 2545//2857 2544//2856 2536//2670
f 2545//2857 2537//2705 2538//2706 2546//2858
f 2416//2734 2546//2858 2538//2706 2539//2697
f 2539//2697 2540//2648 2405//2682 2416//2734
f 2346//2598 1804//2314 1803//2046 2343//2599
f 2358//2611 2353//2859 2349//2606 2541//2605
f 2363//2620 2359//2860 2353//2859 2358//2611
f 2370//2633 2364//2861 2359//2860 2363//2620
f 2381//2645 2377//2650 2364//2861 2370//2633
f 2543//2679 2550//2862 2404//2863 2542//2680
f 2544//2856 2551//2864 2550//2862 2543//2679
f 2430//2865 2551//2864 2544//2856 2545//2857
f 2433//2781 2430//2865 2545//2857 2546//2858
f 2416//2734 2552//2733 2433//2781 2546//2858
f 2553//2735 2405//2682 2547//2644 2554//2866
f 2555//2867 2554//2866 2547//2644 2548//2632
f 2371//2619 2556//2639 2555//2867 2548//2632
f 2372//2638 2365//2610 2549//2609 2579//2868
f 2425//2741 2418//2740 2404//2863 2550//2862
f 2438//2753 2425//2741 2550//2862 2551//2864
f 2430//2865 2450//2769 2438//2753 2551//2864
f 2355//2637 2357//2613 2362//2622
f 2455//2773 2450//2769 2430//2865 2433//2781
f 2850//2782 2433//2781 2552//2733 2851//2869
f 2851//2869 2552//2733 2553//2735 2443//2747
f 2417//2727 2443//2747 2553//2735 2554//2866
f 2406//2692 2554//2866 2555//2867 2396//2693
f 2396//2693 2555//2867 2556//2639 2615//2870
f 2372//2638 2616//2871 2615//2870 2556//2639
f 2417//2727 2554//2866 2406//2692
f 2496//2827 2654//2832 2653//2872 2499//2873
f 2652//2874 2480//2875 2499//2873 2653//2872
f 2480//2875 2652//2874 2651//2876 2475//2877
f 2650//2878 2472//2879 2475//2877 2651//2876
f 2649//2880 2452//2881 2472//2879 2650//2878
f 2452//2881 2605//2882 2431//2729
f 2610//2659 2395//2658 2407//2714 2611//2883
f 2642//2884 2376//2885 2380//2886 2643//2887
f 2376//2885 2642//2884 2641//2888 2383//2889
f 2436//2710 2451//2758 2572//2757 2574//2711
f 1842//2346 2594//2890 2593//2891 2049//2347
f 2592//2695 1857//2146 2049//2347 2593//2891
f 2590//2892 1882//2351 1864//2147 2591//2694
f 2589//2722 1885//2175 1882//2351 2590//2892
f 2442//2762 2432//2748 2575//2739
f 2497//2824 2509//2826 2502//2804 2576//2795
f 2497//2824 2576//2795 2468//2745 2486//2793
f 2580//2614 2350//2607 2577//2604 2581//2893
f 1801//2353 2585//2894 2578//2601 2054//2045
f 2617//2895 2616//2871 2372//2638 2579//2868
f 2361//2629 2583//2615 2580//2614 2356//2626
f 2352//2618 2356//2626 2580//2614 2581//2893
f 1801//2353 2063//2357 2586//2896 2585//2894
f 2549//2609 2541//2605 2348//2602 2582//2608
f 2583//2615 2579//2868 2549//2609 2582//2608
f 2361//2629 2617//2895 2579//2868 2583//2615
f 2584//2627 2857//2897 2369//2628
f 2581//2893 2577//2604 2578//2601 2585//2894
f 2586//2896 2352//2618 2581//2893 2585//2894
f 2354//2616 2352//2618 2586//2896 2351//2855
f 2355//2637 2354//2616 2351//2855
f 2357//2613 2355//2637 1808//2059 1814//2058
f 2351//2855 2586//2896 2063//2357 1805//2309
f 2407//2714 2395//2658 2393//2655 2411//2691
f 2587//2717 2427//2730 2422//2713 2421//2703
f 2588//2721 2428//2736 2427//2730 2587//2717
f 2589//2722 2432//2748 2428//2736 2588//2721
f 2432//2748 2589//2722 2590//2892 2575//2739
f 2418//2740 2575//2739 2590//2892 2591//2694
f 2404//2863 2418//2740 2591//2694 2592//2695
f 2542//2680 2404//2863 2592//2695 2593//2891
f 2594//2890 2388//2681 2542//2680 2593//2891
f 2379//2898 2595//2899 2388//2681 2594//2890
f 2431//2729 2611//2883 2407//2714 2422//2713
f 2387//2672 2398//2671 2388//2681 2595//2899
f 2660//2774 2596//2720 2597//2708 2661//2900
f 2598//2683 2662//2901 2661//2900 2597//2708
f 2662//2901 2598//2683 2599//2686 2663//2902
f 2600//2903 2664//2904 2663//2902 2599//2686
f 2383//2889 2641//2888 2664//2904 2600//2903
f 2601//2905 2644//2906 2643//2887 2380//2886
f 2602//2907 2645//2908 2644//2906 2601//2905
f 2645//2908 2602//2907 2603//2909 2646//2910
f 2646//2910 2603//2909 2604//2911 2647//2912
f 2647//2912 2604//2911 2605//2882 2648//2913
f 2452//2881 2649//2880 2648//2913 2605//2882
f 2382//2643 2393//2655 2395//2658 2606//2646
f 2373//2635 2382//2643 2606//2646 2607//2640
f 2608//2625 2367//2624 2373//2635 2607//2640
f 2609//2647 2602//2907 2601//2905 2378//2914
f 2602//2907 2609//2647 2610//2659 2603//2909
f 2603//2909 2610//2659 2611//2883 2604//2911
f 2604//2911 2611//2883 2431//2729 2605//2882
f 2599//2686 2384//2685 2368//2915 2600//2903
f 2383//2889 2600//2903 2368//2915 2374//2916
f 2612//2917 2376//2885 2383//2889 2374//2916
f 2376//2885 2612//2917 2613//2918 2380//2886
f 2378//2914 2601//2905 2380//2886 2613//2918
f 2366//2621 2624//2631 2623//2919 2362//2622
f 2614//2617 2584//2627 2356//2626 2352//2618
f 2614//2617 2856//2920 2857//2897 2584//2627
f 2855//2636 2856//2920 2614//2617 2354//2616
f 2615//2870 2391//2674 2394//2688 2396//2693
f 2616//2871 2389//2657 2391//2674 2615//2870
f 2616//2871 2617//2895 2375//2653 2389//2657
f 2361//2629 2369//2628 2375//2653 2617//2895
f 2397//2709 2415//2699 2390//2652 2618//2651
f 2397//2709 2618//2651 2619//2663 2385//2684
f 2620//2921 2384//2685 2385//2684 2619//2663
f 2621//2922 2368//2915 2384//2685 2620//2921
f 2368//2915 2621//2922 2622//2923 2374//2916
f 2374//2916 2622//2923 2623//2919 2612//2917
f 2624//2631 2612//2917 2623//2919
f 2625//2630 2613//2918 2612//2917 2624//2631
f 2378//2914 2613//2918 2625//2630 2626//2641
f 2609//2647 2378//2914 2626//2641
f 2452//2881 2431//2729 2627//2755
f 2628//2761 2472//2879 2452//2881 2627//2755
f 2475//2877 2472//2879 2628//2761 2629//2780
f 2480//2875 2475//2877 2629//2780 2630//2788
f 2482//2790 2499//2873 2480//2875 2630//2788
f 2496//2827 2499//2873 2482//2790 2631//2799
f 2494//2808 2496//2827 2631//2799
f 2442//2762 2575//2739 2632//2742
f 2448//2752 2471//2787 2442//2762 2632//2742
f 2503//2815 2501//2924 2515//2847 2520//2834
f 2490//2925 2501//2924 2503//2815 2633//2798
f 2477//2926 2490//2925 2633//2798 2634//2785
f 2477//2926 2634//2785 2635//2771 2466//2927
f 2466//2927 2635//2771 2636//2764 2457//2928
f 2637//2763 2465//2929 2457//2928 2636//2764
f 2638//2777 2473//2930 2465//2929 2637//2763
f 2638//2777 2639//2792 2489//2931 2473//2930
f 2504//2810 2498//2829 2489//2931 2639//2792
f 2521//2841 2525//2851 2765//2932 2766//2933 2640//2934
f 2511//2828 2521//2841 2640//2934 2769//2935 2770//2936
f 2642//2884 2569//2677 2570//2676 2641//2888
f 2569//2677 2642//2884 2643//2887 2568//2661
f 2644//2906 2567//2662 2568//2661 2643//2887
f 2645//2908 2566//2664 2567//2662 2644//2906
f 2566//2664 2645//2908 2646//2910 2565//2696
f 2565//2696 2646//2910 2647//2912 2564//2719
f 2564//2719 2647//2912 2648//2913 2563//2751
f 2649//2880 2562//2778 2563//2751 2648//2913
f 2562//2778 2649//2880 2650//2878 2561//2801
f 2561//2801 2650//2878 2651//2876 2560//2812
f 2652//2874 2559//2813 2560//2812 2651//2876
f 2559//2813 2652//2874 2653//2872 2558//2821
f 2654//2832 2557//2822 2558//2821 2653//2872
f 2517//2837 2557//2822 2654//2832 2655//2833
f 2656//2823 2507//2836 2517//2837 2655//2833
f 2507//2836 2656//2823 2657//2807 2492//2817
f 2492//2817 2657//2807 2658//2786 2478//2803
f 2659//2775 2469//2802 2478//2803 2658//2786
f 2660//2774 2469//2802 2659//2775
f 2573//2756 2469//2802 2660//2774 2661//2900
f 2662//2901 2572//2757 2573//2756 2661//2900
f 2574//2711 2572//2757 2662//2901 2663//2902
f 2664//2904 2571//2712 2574//2711 2663//2902
f 2641//2888 2570//2676 2571//2712 2664//2904
f 2694//2937 2771//2938 2768//2939 2698//2940
f 2640//2934 2706//2941 2698//2940 2768//2939 2769//2935
f 2669/1480/2942 2665/1482/2943 2673/1481/2944
f 2673/1483/2944 2665/1482/2943 2677/1484/2945
f 2677/1485/2945 2665/1482/2943 2681/1486/2946
f 2681/1487/2946 2665/1482/2943 2685/1488/2947
f 2685/1489/2947 2665/1482/2943 2689/1490/2948
f 2689/1491/2948 2665/1482/2943 2693/1492/2949
f 2701/1493/2950 2665/1482/2943 2697/1494/2951
f 2693/1495/2949 2665/1482/2943 2705/1496/2952
f 2709/1497/2953 2665/1482/2943 2701/1498/2950
f 2713/1499/2954 2665/1482/2943 2709/1500/2953
f 2705/1501/2952 2665/1482/2943 2717/1502/2955
f 2721/1503/2956 2665/1482/2943 2713/1504/2954
f 2717/1505/2955 2665/1482/2943 2721/1506/2956
f 2697/1507/2951 2665/1482/2943 2725/1508/2957
f 2725/1509/2957 2665/1482/2943 2729/1510/2958
f 2729/1511/2958 2665/1482/2943 2733/1512/2959
f 2733/1513/2959 2665/1482/2943 2737/1514/2960
f 2737/1515/2960 2665/1482/2943 2669/1516/2942
f 2668/1517/2961 2736/1518/2962 2737/1515/2960 2669/1516/2942
f 2666//2963 2734//2964 2735//2965 2667//2966
f 2667/1519/2966 2735/1522/2965 2736/1521/2962 2668/1520/2961
f 2669/1480/2942 2673/1481/2944 2672/1524/2967 2668/1523/2961
f 2668/1520/2961 2672/1526/2967 2671/1525/2968 2667/1519/2966
f 2667//2966 2671//2968 2670//2969 2666//2963
f 2673/1483/2944 2677/1484/2945 2676/1528/2970 2672/1527/2967
f 2672/1526/2967 2676/1530/2970 2675/1529/2971 2671/1525/2968
f 2671//2968 2675//2971 2674//2972 2670//2969
f 2677/1485/2945 2681/1486/2946 2680/1532/2973 2676/1531/2970
f 2676/1530/2970 2680/1534/2973 2679/1533/2974 2675/1529/2971
f 2675//2971 2679//2974 2678//2975 2674//2972
f 2681/1487/2946 2685/1488/2947 2684/1536/2976 2680/1535/2973
f 2680/1534/2973 2684/1538/2976 2683/1537/2977 2679/1533/2974
f 2679//2974 2683//2977 2682//2978 2678//2975
f 2685/1489/2947 2689/1490/2948 2688/1540/2979 2684/1539/2976
f 2684/1538/2976 2688/1542/2979 2687/1541/2980 2683/1537/2977
f 2683//2977 2687//2980 2686//2981 2682//2978
f 2689/1491/2948 2693/1492/2949 2692/1544/2982 2688/1543/2979
f 2688/1542/2979 2692/1546/2982 2691/1545/2983 2687/1541/2980
f 2687//2980 2691//2983 2690//2984 2686//2981
f 2696/1547/2985 2700/1548/2986 2701/1493/2950 2697/1494/2951
f 2694//2937 2698//2940 2699//2987 2695//2988
f 2695/1549/2988 2699/1552/2987 2700/1551/2986 2696/1550/2985
f 2700/1553/2986 2708/1554/2989 2709/1497/2953 2701/1498/2950
f 2698//2940 2706//2941 2707//2990 2699//2987
f 2699/1552/2987 2707/1556/2990 2708/1555/2989 2700/1551/2986
f 2693/1495/2949 2705/1496/2952 2704/1558/2991 2692/1557/2982
f 2692/1546/2982 2704/1560/2991 2703/1559/2992 2691/1545/2983
f 2691//2983 2703//2992 2702//2993 2690//2984
f 2708/1561/2989 2712/1562/2994 2713/1499/2954 2709/1500/2953
f 2706//2941 2710//2995 2711//2996 2707//2990
f 2707/1556/2990 2711/1564/2996 2712/1563/2994 2708/1555/2989
f 2712/1565/2994 2720/1566/2997 2721/1503/2956 2713/1504/2954
f 2710//2995 2718//2998 2719//2999 2711//2996
f 2711/1564/2996 2719/1568/2999 2720/1567/2997 2712/1563/2994
f 2705/1501/2952 2717/1502/2955 2716/1570/3000 2704/1569/2991
f 2704/1560/2991 2716/1572/3000 2715/1571/3001 2703/1559/2992
f 2703//2992 2715//3001 2714//3002 2702//2993
f 2717/1505/2955 2721/1506/2956 2720/1574/2997 2716/1573/3000
f 2716/1572/3000 2720/1567/2997 2719/1568/2999 2715/1571/3001
f 2715//3001 2719//2999 2718//2998 2714//3002
f 2697/1507/2951 2725/1508/2957 2724/1576/3003 2696/1575/2985
f 2696/1550/2985 2724/1578/3003 2723/1577/3004 2695/1549/2988
f 2695//2988 2723//3004 2722//3005 2694//2937
f 2725/1509/2957 2729/1510/2958 2728/1580/3006 2724/1579/3003
f 2724/1578/3003 2728/1582/3006 2727/1581/3007 2723/1577/3004
f 2723//3004 2727//3007 2726//3008 2722//3005
f 2729/1511/2958 2733/1512/2959 2732/1584/3009 2728/1583/3006
f 2728/1582/3006 2732/1586/3009 2731/1585/3010 2727/1581/3007
f 2727//3007 2731//3010 2730//3011 2726//3008
f 2733/1513/2959 2737/1514/2960 2736/1588/2962 2732/1587/3009
f 2732/1586/3009 2736/1521/2962 2735/1522/2965 2731/1585/3010
f 2731//3010 2735//2965 2734//2964 2730//3011
f 2764//3012 2718//2998 2710//2995 2767//3013
f 2767//3013 2710//2995 2706//2941 2640//2934 2766//2933
f 2738//3014 2740//3015 2741//3016 2739//3017
f 2739//3017 2747//3018 2746//3019 2738//3014
f 2740//3015 2742//3020 2743//3021 2741//3016
f 2742//3020 2744//3022 2745//3023 2743//3021
f 2744//3022 2770//2936 2771//2938 2745//3023
f 2747//3018 2749//3024 2748//3025 2746//3019
f 2749//3024 2751//3026 2750//3027 2748//3025
f 2751//3026 2753//3028 2752//3029 2750//3027
f 2753//3028 2755//3030 2754//3031 2752//3029
f 2755//3030 2757//3032 2756//3033 2754//3031
f 2757//3032 2759//3034 2758//3035 2756//3033
f 2759//3034 2761//3036 2760//3037 2758//3035
f 2761//3036 2763//3038 2762//3039 2760//3037
f 2763//3038 2764//3012 2765//2932 2762//3039
f 2473//2930 2740//3015 2738//3014 2465//2929
f 2489//2931 2742//3020 2740//3015 2473//2930
f 2498//2829 2744//3022 2742//3020 2489//2931
f 2465//2929 2738//3014 2746//3019 2457//2928
f 2457//2928 2746//3019 2748//3025
f 2750//3027 2466//2927 2457//2928 2748//3025
f 2752//3029 2477//2926 2466//2927 2750//3027
f 2754//3031 2490//2925 2477//2926 2752//3029
f 2756//3033 2501//2924 2490//2925 2754//3031
f 2758//3035 2515//2847 2501//2924 2756//3033
f 2760//3037 2524//2845 2515//2847 2758//3035
f 2762//3039 2528//2854 2524//2845 2760//3037
f 2765//2932 2525//2851 2528//2854 2762//3039
f 2498//2829 2511//2828 2770//2936 2744//3022
f 2739//3017 2734//2964 2666//2963 2747//3018
f 2747//3018 2666//2963 2670//2969 2749//3024
f 2674//2972 2751//3026 2749//3024 2670//2969
f 2678//2975 2753//3028 2751//3026 2674//2972
f 2682//2978 2755//3030 2753//3028 2678//2975
f 2682//2978 2686//2981 2757//3032 2755//3030
f 2694//2937 2722//3005 2745//3023 2771//2938
f 2690//2984 2759//3034 2757//3032 2686//2981
f 2761//3036 2759//3034 2690//2984 2702//2993
f 2718//2998 2764//3012 2763//3038 2714//3002
f 2763//3038 2761//3036 2702//2993 2714//3002
f 2745//3023 2722//3005 2726//3008 2743//3021
f 2730//3011 2741//3016 2743//3021 2726//3008
f 2739//3017 2741//3016 2730//3011 2734//2964
f 2764//3012 2767//3013 2766//2933 2765//2932
f 2768//2939 2771//2938 2770//2936 2769//2935
s off
f 2392//3040 1862//3041 2402//3042
s 49
f 2249//3043 2402//3044 1862//3045
f 1887//3046 2402//3044 2249//3043
s 1
f 2379//2898 2594//2890 1842//2346 2250//2506
f 2344/1589/2597 2773/1592/3047 2772/1591/3048 2346/1590/2598
f 2346/1593/2598 2772/1596/3048 2253/1595/2509 1804/1594/2314
f 2347/1597/2603 2774/1600/3049 2773/1599/3047 2344/1598/2597
f 2349/1601/2606 2775/1604/3050 2774/1603/3049 2347/1602/2603
f 2353/1605/2859 2776/1608/3051 2775/1607/3050 2349/1606/2606
f 2359/1609/2860 2777/1612/3052 2776/1611/3051 2353/1610/2859
f 2364/1613/2861 2778/1616/3053 2777/1615/3052 2359/1614/2860
f 2377/1617/2650 2779/1620/3054 2778/1619/3053 2364/1618/2861
f 2386/1621/2649 2780/1624/3055 2779/1623/3054 2377/1622/2650
f 2379/1625/2898 2781/1628/3056 2782/1627/3057 2595/1626/2899
f 2387/1629/2672 2783/1632/3058 2784/1631/3059 2400/1630/2669
f 2403/1633/2698 2785/1636/3060 2780/1635/3055 2386/1634/2649
f 2400/1637/2669 2784/1640/3059 2786/1639/3061 2412/1638/2704
f 2414/1641/2707 2787/1644/3062 2785/1643/3060 2403/1642/2698
f 2412/1645/2704 2786/1648/3061 2787/1647/3062 2414/1646/2707
f 2595/1649/2899 2782/1652/3057 2783/1651/3058 2387/1650/2672
f 2250/1653/2506 2268/1656/2524 2781/1655/3056 2379/1654/2898
f 2773/1657/3047 2789/1660/3063 2788/1659/3064 2772/1658/3048
f 2772/1661/3048 2788/1664/3064 2271/1663/2527 2253/1662/2509
f 2774/1665/3049 2790/1668/3065 2789/1667/3063 2773/1666/3047
f 2775/1669/3050 2791/1672/3066 2790/1671/3065 2774/1670/3049
f 2776/1673/3051 2792/1676/3067 2791/1675/3066 2775/1674/3050
f 2777/1677/3052 2793/1680/3068 2792/1679/3067 2776/1678/3051
f 2778/1681/3053 2794/1684/3069 2793/1683/3068 2777/1682/3052
f 2779/1685/3054 2795/1688/3070 2794/1687/3069 2778/1686/3053
f 2780/1689/3055 2796/1692/3071 2795/1691/3070 2779/1690/3054
f 2781/1693/3056 2797/1696/3072 2798/1695/3073 2782/1694/3057
f 2783/1697/3058 2799/1700/3074 2800/1699/3075 2784/1698/3059
f 2785/1701/3060 2801/1704/3076 2796/1703/3071 2780/1702/3055
f 2784/1705/3059 2800/1708/3075 2802/1707/3077 2786/1706/3061
f 2787/1709/3062 2803/1712/3078 2801/1711/3076 2785/1710/3060
f 2786/1713/3061 2802/1716/3077 2803/1715/3078 2787/1714/3062
f 2782/1717/3057 2798/1720/3073 2799/1719/3074 2783/1718/3058
f 2268/1721/2524 2286/1724/2542 2797/1723/3072 2781/1722/3056
f 2789/1725/3063 2805/1728/3079 2804/1727/3080 2788/1726/3064
f 2788/1729/3064 2804/1732/3080 2289/1731/2545 2271/1730/2527
f 2790/1733/3065 2806/1736/3081 2805/1735/3079 2789/1734/3063
f 2791/1737/3066 2807/1740/3082 2806/1739/3081 2790/1738/3065
f 2792/1741/3067 2808/1744/3083 2807/1743/3082 2791/1742/3066
f 2793/1745/3068 2809/1748/3084 2808/1747/3083 2792/1746/3067
f 2794/1749/3069 2810/1752/3085 2809/1751/3084 2793/1750/3068
f 2795/1753/3070 2811/1756/3086 2810/1755/3085 2794/1754/3069
f 2796/1757/3071 2812/1760/3087 2811/1759/3086 2795/1758/3070
f 2797/1761/3072 2813/1764/3088 2814/1763/3089 2798/1762/3073
f 2799/1765/3074 2815/1768/3090 2816/1767/3091 2800/1766/3075
f 2801/1769/3076 2817/1772/3092 2812/1771/3087 2796/1770/3071
f 2800/1773/3075 2816/1776/3091 2818/1775/3093 2802/1774/3077
f 2803/1777/3078 2819/1780/3094 2817/1779/3092 2801/1778/3076
f 2802/1781/3077 2818/1784/3093 2819/1783/3094 2803/1782/3078
f 2798/1785/3073 2814/1788/3089 2815/1787/3090 2799/1786/3074
f 2286/1789/2542 2304/1792/2560 2813/1791/3088 2797/1790/3072
f 2805/1793/3079 2821/1796/3095 2820/1795/3096 2804/1794/3080
f 2804/1797/3080 2820/1800/3096 2307/1799/2563 2289/1798/2545
f 2806/1801/3081 2822/1804/3097 2821/1803/3095 2805/1802/3079
f 2807/1805/3082 2823/1808/3098 2822/1807/3097 2806/1806/3081
f 2808/1809/3083 2824/1812/3099 2823/1811/3098 2807/1810/3082
f 2809/1813/3084 2825/1816/3100 2824/1815/3099 2808/1814/3083
f 2810/1817/3085 2826/1820/3101 2825/1819/3100 2809/1818/3084
f 2811/1821/3086 2827/1824/3102 2826/1823/3101 2810/1822/3085
f 2812/1825/3087 2828/1828/3103 2827/1827/3102 2811/1826/3086
f 2813/1829/3088 2829/1832/3104 2830/1831/3105 2814/1830/3089
f 2815/1833/3090 2831/1836/3106 2832/1835/3107 2816/1834/3091
f 2817/1837/3092 2833/1840/3108 2828/1839/3103 2812/1838/3087
f 2816/1841/3091 2832/1844/3107 2834/1843/3109 2818/1842/3093
f 2819/1845/3094 2835/1848/3110 2833/1847/3108 2817/1846/3092
f 2818/1849/3093 2834/1852/3109 2835/1851/3110 2819/1850/3094
f 2814/1853/3089 2830/1856/3105 2831/1855/3106 2815/1854/3090
f 2304/1857/2560 2322/1860/2578 2829/1859/3104 2813/1858/3088
f 2821/1861/3095 2836/1864/3111 2323/1863/2579 2820/1862/3096
f 2820/1865/3096 2323/1868/2579 2325/1867/2581 2307/1866/2563
f 2822/1869/3097 2837/1872/3112 2836/1871/3111 2821/1870/3095
f 2823/1873/3098 2838/1876/3113 2837/1875/3112 2822/1874/3097
f 2824/1877/3099 2839/1880/3114 2838/1879/3113 2823/1878/3098
f 2825/1881/3100 2840/1884/3115 2839/1883/3114 2824/1882/3099
f 2826/1885/3101 2841/1888/3116 2840/1887/3115 2825/1886/3100
f 2827/1889/3102 2842/1892/3117 2841/1891/3116 2826/1890/3101
f 2828/1893/3103 2843/1896/3118 2842/1895/3117 2827/1894/3102
f 2829/1897/3104 2333/1900/2590 2844/1899/3119 2830/1898/3105
f 2831/1901/3106 2845/1904/3120 2846/1903/3121 2832/1902/3107
f 2833/1905/3108 2847/1908/3122 2843/1907/3118 2828/1906/3103
f 2832/1909/3107 2846/1912/3121 2848/1911/3123 2834/1910/3109
f 2835/1913/3110 2849/1916/3124 2847/1915/3122 2833/1914/3108
f 2834/1917/3109 2848/1920/3123 2849/1919/3124 2835/1918/3110
f 2830/1921/3105 2844/1924/3119 2845/1923/3120 2831/1922/3106
f 2322/1925/2578 2340/1928/2596 2333/1927/2590 2829/1926/3104
f 2484//2797 2469//2802 2573//2756 2451//2758
f 2420//2675 2571//2712 2570//2676
f 2401//2660 2399//2678 2569//2677 2568//2661
f 2488//2800 2561//2801 2560//2812
f 2510//2811 2559//2813 2558//2821
f 2462//2805 2479//2789 2464//2772 2850//2782
f 2462//2805 2850//2782 2851//2869
f 2462//2805 2851//2869 2443//2747 2467//2746
f 2464//2772 2455//2773 2433//2781
f 2853//2381 2852//2067 1815//2066 2091//2069
f 2091//2069 2060//2079 2854//2358 2853//2381
f 2060//2079 1832//2078 2854//2358
f 2622//2923 2855//2636 2362//2622 2623//2919
f 2621//2922 2856//2920 2855//2636 2622//2923
f 2857//2897 2856//2920 2621//2922 2620//2921
f 2369//2628 2857//2897 2620//2921 2619//2663
g default
v -25.214838 30.487240 -5.902245
v -25.214838 30.487240 -4.261748
v -20.088362 25.360661 -4.876908
v -24.804766 30.077063 -2.826339
v -20.293451 25.565750 -3.441499
v -20.908611 26.385996 -2.211179
v -23.984518 29.461903 -1.801002
v -21.728859 27.206245 -1.596019
v -22.959181 28.436565 -1.390930
v -30.169600 23.139801 -0.390502
v -28.802698 21.577600 -0.585802
v -20.293451 25.565750 -6.312316
v -31.341202 24.506701 -0.976402
v -27.631001 20.210699 -1.562202
v -24.804766 30.077063 -7.337654
v -20.908611 26.180910 -7.542741
v -32.122299 25.678301 -2.148002
v -23.984518 29.461903 -8.157902
v -21.728859 27.206245 -8.362885
v -22.959181 28.436565 -8.567974
v -32.903400 26.264101 -3.905402
v -26.459398 18.843800 -4.881802
v -32.512798 25.678301 -7.810902
v -26.849899 19.234299 -6.834502
v -26.849899 19.234299 -3.124402
v -31.341202 24.506701 -8.982502
v -27.631001 20.210699 -8.396702
v -30.169600 23.139801 -9.568302
v -28.802698 21.577600 -9.373102
v -33.098701 26.264101 -6.053402
v -33.489201 22.944500 -0.976402
v -34.270302 24.116100 -1.952702
v -30.169600 18.257999 -1.562201
v -32.708099 21.187099 -0.390502
v -34.856098 24.897200 -3.514902
v -31.341202 19.624899 -0.585801
v -36.027699 21.187099 -0.976402
v -29.193199 16.891100 -4.881802
v -36.808800 22.358700 -1.952702
v -34.660801 16.891100 -0.976401
v -29.388500 17.281599 -3.124401
v -33.684502 15.719400 -1.757501
v -36.027699 18.257999 -0.585801
v -37.394699 23.139801 -3.514902
v -29.388500 17.281599 -6.834502
v -34.075001 22.358700 -8.982502
v -30.169600 18.062700 -8.396701
v -32.708099 20.991800 -9.568302
v -32.903400 14.743100 -3.319601
v -31.341202 19.429600 -9.373102
v -32.903400 14.743099 -6.639301
v -32.708099 14.547799 -4.881801
v -37.199398 14.352501 -0.976401
v -38.370998 15.914700 -0.585801
v -36.223000 13.376200 -1.757501
v -37.394699 19.234299 -8.787302
v -34.660801 16.695801 -8.982501
v -36.027699 18.062700 -9.177801
v -33.684502 15.524199 -8.006201
v -35.441898 12.399800 -3.319601
v -35.246700 12.204500 -4.881801
v -43.643398 15.328900 -1.952701
v -42.862301 14.547799 -1.171601
v -41.690601 13.571400 -0.781101
v -44.229202 15.719400 -3.124401
v -40.518997 10.251800 -1.757501
v -44.424500 15.914700 -4.296001
v -35.441898 12.399799 -6.639301
v -41.300098 11.618700 -0.976401
v -40.128498 9.470699 -3.124401
v -37.199398 14.352500 -8.982501
v -39.933197 16.695801 -8.787301
v -44.229202 15.524199 -6.053401
v -38.566299 15.328899 -9.177801
v -36.223000 13.180899 -8.006201
v -39.933197 9.080200 -4.686501
v -40.323700 9.275400 -6.248700
v -48.525200 7.713300 -0.781101
v -40.909599 9.861300 -7.420401
v -49.306301 8.689600 -1.366901
v -42.667000 12.985600 -8.396701
v -43.643398 14.547798 -7.420401
v -41.885902 11.032899 -8.396701
v -47.548801 6.541600 -0.781101
v -46.572502 5.565300 -1.366900
v -50.477898 9.470699 -3.710201
v -46.181900 4.588900 -3.905400
v -50.087399 9.275400 -2.343301
v -50.087399 8.689599 -6.639301
v -46.377201 4.784200 -5.467600
v -46.181900 4.784200 -2.538501
v -50.673199 9.275400 -5.272400
v -47.158302 5.369999 -6.639301
v -49.306301 7.713299 -7.420400
v -51.063698 6.932200 -0.976400
v -49.696800 4.588900 -0.195300
v -48.915699 3.417300 -0.781100
v -51.649498 7.713300 -1.952700
v -50.868397 5.565300 -0.195300
v -48.525200 2.831400 -1.952700
v -52.040100 8.103800 -3.319601
v -48.134602 6.346400 -7.420400
v -51.454300 3.612500 0.390500
v -50.087399 3.026700 0.195300
v -53.992802 4.003100 -0.195300
v -49.501499 1.659800 -0.195300
v -48.720501 2.636200 -3.710200
v -52.235401 7.908500 -5.077101
v -55.359695 5.370000 -2.538501
v -51.454300 0.683500 1.171600
v -49.111000 1.074000 -1.366900
v -55.359695 4.588900 -1.171600
v -50.477898 -0.292900 -0.195300
v -49.696800 0.488200 -2.538500
v -54.578602 1.269300 1.171600
v -52.430599 6.736899 -6.639301
v -55.359695 5.760499 -4.100700
v -50.868397 4.198400 -7.420400
v -50.087399 3.026700 -6.248700
v -50.087399 1.855100 -4.686500
v -55.359695 3.026700 -0.390500
v -51.844799 5.760499 -7.420400
v -51.454300 -0.878700 -1.757500
v -54.188103 -2.636200 1.562200
v -53.992802 -3.222000 0.585800
v -55.554996 1.464500 -0.000000
v -51.454300 0.097600 -3.514900
v -57.117199 2.831400 -1.366900
v -57.312401 3.807800 -2.733800
v -55.164402 5.369999 -6.248700
v -51.844799 1.074000 -5.077100
v -56.140797 -0.488200 0.585800
v -55.164402 -1.855100 1.757500
v -56.921898 1.464500 -0.781100
v -54.578602 4.784200 -7.615600
v -57.312401 4.198400 -4.491301
v -52.821201 -0.878700 -2.148000
v -52.430599 2.636199 -8.201400
v -53.797501 3.807799 -8.396700
v -55.554996 0.097600 -0.781100
v -55.750298 -2.831400 1.562200
v -52.430599 1.074000 -7.029800
v -54.383396 -0.683500 -1.952700
v -56.336098 -1.659800 1.366900
v -54.773903 -3.026700 -0.781100
v -54.188103 -0.488200 -3.124400
v -55.164402 -3.417300 0.976400
v -56.336098 -1.269300 -0.195300
v -56.921898 0.097600 -0.976400
v -55.554996 -0.683500 -1.757500
v -56.531300 -2.050400 0.585800
v -55.945499 -2.050400 -0.976400
v -59.265202 0.878700 -2.148000
v -59.460403 1.659800 -3.319600
v -56.336098 -3.026700 0.781100
v -55.554996 -3.417300 0.000000
v -57.117199 3.417300 -6.834501
v -56.336098 -2.831400 -0.195300
v -59.265202 2.050400 -4.881800
v -56.336098 3.026699 -8.201400
v -54.578602 1.073999 -8.592000
v -59.069901 -0.292900 -1.562200
v -55.359695 2.050399 -8.787300
v -59.851002 -4.979401 -6.053400
v -61.217899 -5.174701 -3.905399
v -61.803699 -4.393600 -3.514900
v -62.584801 -2.831400 -4.296000
v -62.389500 -2.245600 -5.467600
v -59.655701 -4.588901 -7.225100
v -61.999001 -2.050400 -6.834500
v -61.999001 -3.222001 -8.201400
v -60.046204 -4.979401 -4.491300
v -61.608398 -4.003100 -8.396700
v -62.194199 -3.222000 -3.710200
v -61.022598 -4.588901 -8.201400
v -62.584801 -4.393600 -4.100699
v -62.780102 -3.417300 -5.077100
v -62.194199 -5.565300 -4.296000
v -61.413200 -5.955801 -4.881800
v -61.413200 -6.151100 -5.662899
v -62.682411 -3.143870 -6.971210
v -62.780102 -5.174701 -5.272399
v -61.022598 -5.370000 -7.225100
v -61.217899 -5.955801 -6.248699
v -62.389500 -6.151100 -5.272399
v -62.584801 -3.612500 -7.810900
v -62.389500 -6.151100 -6.053400
v -62.194199 -5.565300 -7.029799
v -62.194199 -4.979401 -8.006200
v -21.501453 33.118507 -5.865997
v -21.514044 33.170853 -4.293538
v -21.122622 32.832951 -2.901665
v -16.690577 28.593218 -3.315379
v -16.478291 28.355562 -4.683257
v -17.308357 29.404455 -2.166654
v -20.330145 32.294899 -1.893444
v -18.118055 30.191383 -1.608996
v -19.327047 31.348833 -1.460393
v -16.668543 28.501614 -6.067131
v -21.087996 32.689007 -7.225877
v -17.262804 29.037806 -7.270517
v -20.281355 32.092060 -7.986698
v -18.066120 29.975468 -8.095213
v -19.271963 31.119823 -8.339775
v -17.484650 35.957897 -5.747509
v -17.495699 36.003822 -4.367943
v -17.152290 35.707371 -3.146811
v -13.263926 31.987726 -3.509775
v -13.077680 31.779222 -4.709855
v -13.805922 32.699451 -2.501964
v -16.457026 35.235325 -2.262269
v -14.516296 33.389847 -2.012714
v -15.576980 34.405308 -1.882340
v -13.244594 31.907356 -5.923970
v -17.121910 35.581085 -6.940572
v -13.765957 32.377773 -6.979735
v -16.414223 35.057369 -7.608063
v -14.470731 33.200417 -7.703266
v -15.528652 34.204391 -7.917828
v -34.866360 23.829130 -7.810902
v -35.197948 24.764647 -6.053402
v -37.170170 23.177387 -5.819082
v -36.736897 22.381760 -7.576582
v -35.734848 20.796499 -8.884902
v -34.367897 19.527250 -9.373052
v -33.000999 18.062700 -9.177801
v -31.927052 16.793449 -8.201450
v -31.145950 16.012348 -6.736901
v -30.950649 15.719450 -4.881802
v -31.145950 16.012350 -3.222001
v -31.927052 16.988701 -1.659851
v -33.000999 18.257999 -0.781101
v -34.367897 19.722549 -0.488151
v -37.394650 19.917801 -0.976401
v -38.273350 21.089401 -1.952702
v -38.846336 21.688160 -3.411198
v -38.945168 21.748856 -5.608193
v -38.538715 20.987555 -7.350869
v -40.948650 18.804749 -6.873591
v -41.417297 19.331959 -5.116121
v -41.234520 19.141954 -3.266953
v -40.880642 18.505985 -1.952701
v -39.790630 17.619471 -1.025385
v -35.930099 15.621800 -0.976401
v -34.953751 14.547800 -1.757501
v -34.172649 13.571450 -3.319601
v -33.977402 13.376150 -4.881801
v -34.172649 13.571449 -6.639301
v -34.953751 14.352549 -8.006201
v -35.930099 15.524151 -8.982501
v -37.296997 16.695801 -9.177801
v -38.663948 17.965050 -8.787302
v -39.743683 19.896152 -7.112230
v -40.181232 20.540407 -5.362157
v -40.040428 20.415058 -3.339075
v -39.576996 19.797693 -1.952701
v -38.592640 18.768635 -1.000893
v -37.199348 17.086349 -0.585801
v -49.323032 2.746803 -5.068715
v -62.740971 -4.198340 -7.029799
v -50.184998 7.810900 -1.171651
v -49.696800 6.639300 -0.488201
v -48.622803 5.565250 -0.488200
v -47.744102 4.491300 -1.074000
v -47.353550 3.807800 -2.245600
v -47.451202 3.612550 -3.807800
v -47.850117 3.765501 -5.268158
v -48.622849 4.198349 -6.444000
v -49.501499 5.272400 -7.420400
v -50.575550 6.736899 -7.420400
v -51.258999 7.713249 -6.639301
v -51.454300 8.591949 -5.174750
v -51.258999 8.787250 -3.514901
v -50.868446 8.494350 -2.148000
v -52.430599 4.784200 -0.195300
v -53.211697 5.760550 -1.074000
v -53.504597 6.541650 -2.245600
v -53.699898 6.932150 -3.710150
v -53.699902 6.639250 -5.662900
v -53.504601 5.760550 -7.127450
v -52.821152 4.784149 -7.908550
v -51.649498 3.417299 -7.810900
v -51.258999 2.050349 -6.639250
v -49.403908 1.132600 -2.890010
v -51.161346 4.588900 0.097600
v -49.892097 3.807800 -0.000000
v -49.208599 2.538550 -0.488200
v -48.818100 1.952700 -1.659800
v -49.062202 1.884400 -3.300105
v -49.705215 2.300951 -4.877607
v -50.673199 2.538525 -6.443974
v -51.258949 3.807849 -7.615650
v -52.332977 5.272325 -7.664475
v -52.967598 6.248724 -6.883376
v -52.967651 7.273875 -5.370001
v -52.869999 7.517975 -3.514875
v -52.577049 7.127475 -2.099150
v -52.137695 6.346375 -1.025200
v -51.649498 5.174750 -0.195300
v 25.214838 30.487240 -5.902245
v 25.214838 30.487240 -4.261748
v 20.088362 25.360661 -4.876908
v 24.804766 30.077063 -2.826339
v 20.293451 25.565750 -3.441499
v 20.908611 26.385996 -2.211179
v 23.984518 29.461903 -1.801002
v 21.728859 27.206245 -1.596019
v 22.959181 28.436565 -1.390930
v 30.169600 23.139801 -0.390502
v 28.802698 21.577600 -0.585802
v 20.293451 25.565750 -6.312316
v 31.341202 24.506701 -0.976402
v 27.631001 20.210699 -1.562202
v 24.804766 30.077063 -7.337654
v 20.908611 26.180910 -7.542741
v 32.122299 25.678301 -2.148002
v 23.984518 29.461903 -8.157902
v 21.728859 27.206245 -8.362885
v 22.959181 28.436565 -8.567974
v 32.903400 26.264101 -3.905402
v 26.459398 18.843800 -4.881802
v 32.512798 25.678301 -7.810902
v 26.849899 19.234299 -6.834502
v 26.849899 19.234299 -3.124402
v 31.341202 24.506701 -8.982502
v 27.631001 20.210699 -8.396702
v 30.169600 23.139801 -9.568302
v 28.802698 21.577600 -9.373102
v 33.098701 26.264101 -6.053402
v 33.489201 22.944500 -0.976402
v 34.270302 24.116100 -1.952702
v 30.169600 18.257999 -1.562201
v 32.708099 21.187099 -0.390502
v 34.856098 24.897200 -3.514902
v 31.341202 19.624899 -0.585801
v 36.027699 21.187099 -0.976402
v 29.193199 16.891100 -4.881802
v 36.808800 22.358700 -1.952702
v 34.660801 16.891100 -0.976401
v 29.388500 17.281599 -3.124401
v 33.684502 15.719400 -1.757501
v 36.027699 18.257999 -0.585801
v 37.394699 23.139801 -3.514902
v 29.388500 17.281599 -6.834502
v 34.075001 22.358700 -8.982502
v 30.169600 18.062700 -8.396701
v 32.708099 20.991800 -9.568302
v 32.903400 14.743100 -3.319601
v 31.341202 19.429600 -9.373102
v 32.903400 14.743099 -6.639301
v 32.708099 14.547799 -4.881801
v 37.199398 14.352501 -0.976401
v 38.370998 15.914700 -0.585801
v 36.223000 13.376200 -1.757501
v 37.394699 19.234299 -8.787302
v 34.660801 16.695801 -8.982501
v 36.027699 18.062700 -9.177801
v 33.684502 15.524199 -8.006201
v 35.441898 12.399800 -3.319601
v 35.246700 12.204500 -4.881801
v 43.643398 15.328900 -1.952701
v 42.862301 14.547799 -1.171601
v 41.690601 13.571400 -0.781101
v 44.229202 15.719400 -3.124401
v 40.518997 10.251800 -1.757501
v 44.424500 15.914700 -4.296001
v 35.441898 12.399799 -6.639301
v 41.300098 11.618700 -0.976401
v 40.128498 9.470699 -3.124401
v 37.199398 14.352500 -8.982501
v 39.933197 16.695801 -8.787301
v 44.229202 15.524199 -6.053401
v 38.566299 15.328899 -9.177801
v 36.223000 13.180899 -8.006201
v 39.933197 9.080200 -4.686501
v 40.323700 9.275400 -6.248700
v 48.525200 7.713300 -0.781101
v 40.909599 9.861300 -7.420401
v 49.306301 8.689600 -1.366901
v 42.667000 12.985600 -8.396701
v 43.643398 14.547798 -7.420401
v 41.885902 11.032899 -8.396701
v 47.548801 6.541600 -0.781101
v 46.572502 5.565300 -1.366900
v 50.477898 9.470699 -3.710201
v 46.181900 4.588900 -3.905400
v 50.087399 9.275400 -2.343301
v 50.087399 8.689599 -6.639301
v 46.377201 4.784200 -5.467600
v 46.181900 4.784200 -2.538501
v 50.673199 9.275400 -5.272400
v 47.158302 5.369999 -6.639301
v 49.306301 7.713299 -7.420400
v 51.063698 6.932200 -0.976400
v 49.696800 4.588900 -0.195300
v 48.915699 3.417300 -0.781100
v 51.649498 7.713300 -1.952700
v 50.868397 5.565300 -0.195300
v 48.525200 2.831400 -1.952700
v 52.040100 8.103800 -3.319601
v 48.134602 6.346400 -7.420400
v 51.454300 3.612500 0.390500
v 50.087399 3.026700 0.195300
v 53.992802 4.003100 -0.195300
v 49.501499 1.659800 -0.195300
v 48.720501 2.636200 -3.710200
v 52.235401 7.908500 -5.077101
v 55.359695 5.370000 -2.538501
v 51.454300 0.683500 1.171600
v 49.111000 1.074000 -1.366900
v 55.359695 4.588900 -1.171600
v 50.477898 -0.292900 -0.195300
v 49.696800 0.488200 -2.538500
v 54.578602 1.269300 1.171600
v 52.430599 6.736899 -6.639301
v 55.359695 5.760499 -4.100700
v 50.868397 4.198400 -7.420400
v 50.087399 3.026700 -6.248700
v 50.087399 1.855100 -4.686500
v 55.359695 3.026700 -0.390500
v 51.844799 5.760499 -7.420400
v 51.454300 -0.878700 -1.757500
v 54.188103 -2.636200 1.562200
v 53.992802 -3.222000 0.585800
v 55.554996 1.464500 -0.000000
v 51.454300 0.097600 -3.514900
v 57.117199 2.831400 -1.366900
v 57.312401 3.807800 -2.733800
v 55.164402 5.369999 -6.248700
v 51.844799 1.074000 -5.077100
v 56.140797 -0.488200 0.585800
v 55.164402 -1.855100 1.757500
v 56.921898 1.464500 -0.781100
v 54.578602 4.784200 -7.615600
v 57.312401 4.198400 -4.491301
v 52.821201 -0.878700 -2.148000
v 52.430599 2.636199 -8.201400
v 53.797501 3.807799 -8.396700
v 55.554996 0.097600 -0.781100
v 55.750298 -2.831400 1.562200
v 52.430599 1.074000 -7.029800
v 54.383396 -0.683500 -1.952700
v 56.336098 -1.659800 1.366900
v 54.773903 -3.026700 -0.781100
v 54.188103 -0.488200 -3.124400
v 55.164402 -3.417300 0.976400
v 56.336098 -1.269300 -0.195300
v 56.921898 0.097600 -0.976400
v 55.554996 -0.683500 -1.757500
v 56.531300 -2.050400 0.585800
v 55.945499 -2.050400 -0.976400
v 59.265202 0.878700 -2.148000
v 59.460403 1.659800 -3.319600
v 56.336098 -3.026700 0.781100
v 55.554996 -3.417300 0.000000
v 57.117199 3.417300 -6.834501
v 56.336098 -2.831400 -0.195300
v 59.265202 2.050400 -4.881800
v 56.336098 3.026699 -8.201400
v 54.578602 1.073999 -8.592000
v 59.069901 -0.292900 -1.562200
v 55.359695 2.050399 -8.787300
v 59.851002 -4.979401 -6.053400
v 61.217899 -5.174701 -3.905399
v 61.803699 -4.393600 -3.514900
v 62.584801 -2.831400 -4.296000
v 62.389500 -2.245600 -5.467600
v 59.655701 -4.588901 -7.225100
v 61.999001 -2.050400 -6.834500
v 61.999001 -3.222001 -8.201400
v 60.046204 -4.979401 -4.491300
v 61.608398 -4.003100 -8.396700
v 62.194199 -3.222000 -3.710200
v 61.022598 -4.588901 -8.201400
v 62.584801 -4.393600 -4.100699
v 62.780102 -3.417300 -5.077100
v 62.194199 -5.565300 -4.296000
v 61.413200 -5.955801 -4.881800
v 61.413200 -6.151100 -5.662899
v 62.682411 -3.143870 -6.971210
v 62.780102 -5.174701 -5.272399
v 61.022598 -5.370000 -7.225100
v 61.217899 -5.955801 -6.248699
v 62.389500 -6.151100 -5.272399
v 62.584801 -3.612500 -7.810900
v 62.389500 -6.151100 -6.053400
v 62.194199 -5.565300 -7.029799
v 62.194199 -4.979401 -8.006200
v 21.501453 33.118507 -5.865997
v 21.514044 33.170853 -4.293538
v 21.122622 32.832951 -2.901665
v 16.690577 28.593218 -3.315379
v 16.478291 28.355562 -4.683257
v 17.308357 29.404455 -2.166654
v 20.330145 32.294899 -1.893444
v 18.118055 30.191383 -1.608996
v 19.327047 31.348833 -1.460393
v 16.668543 28.501614 -6.067131
v 21.087996 32.689007 -7.225877
v 17.262804 29.037806 -7.270517
v 20.281355 32.092060 -7.986698
v 18.066120 29.975468 -8.095213
v 19.271963 31.119823 -8.339775
v 17.484650 35.957897 -5.747509
v 17.495699 36.003822 -4.367943
v 17.152290 35.707371 -3.146811
v 13.263926 31.987726 -3.509775
v 13.077680 31.779222 -4.709855
v 13.805922 32.699451 -2.501964
v 16.457026 35.235325 -2.262269
v 14.516296 33.389847 -2.012714
v 15.576980 34.405308 -1.882340
v 13.244594 31.907356 -5.923970
v 17.121910 35.581085 -6.940572
v 13.765957 32.377773 -6.979735
v 16.414223 35.057369 -7.608063
v 14.470731 33.200417 -7.703266
v 15.528652 34.204391 -7.917828
v 34.866360 23.829130 -7.810902
v 35.197948 24.764647 -6.053402
v 37.170170 23.177387 -5.819082
v 36.736897 22.381760 -7.576582
v 35.734848 20.796499 -8.884902
v 34.367897 19.527250 -9.373052
v 33.000999 18.062700 -9.177801
v 31.927052 16.793449 -8.201450
v 31.145950 16.012348 -6.736901
v 30.950649 15.719450 -4.881802
v 31.145950 16.012350 -3.222001
v 31.927052 16.988701 -1.659851
v 33.000999 18.257999 -0.781101
v 34.367897 19.722549 -0.488151
v 37.394650 19.917801 -0.976401
v 38.273350 21.089401 -1.952702
v 38.846336 21.688160 -3.411198
v 38.945168 21.748856 -5.608193
v 38.538715 20.987555 -7.350869
v 40.948650 18.804749 -6.873591
v 41.417297 19.331959 -5.116121
v 41.234520 19.141954 -3.266953
v 40.880642 18.505985 -1.952701
v 39.790630 17.619471 -1.025385
v 35.930099 15.621800 -0.976401
v 34.953751 14.547800 -1.757501
v 34.172649 13.571450 -3.319601
v 33.977402 13.376150 -4.881801
v 34.172649 13.571449 -6.639301
v 34.953751 14.352549 -8.006201
v 35.930099 15.524151 -8.982501
v 37.296997 16.695801 -9.177801
v 38.663948 17.965050 -8.787302
v 39.743683 19.896152 -7.112230
v 40.181232 20.540407 -5.362157
v 40.040428 20.415058 -3.339075
v 39.576996 19.797693 -1.952701
v 38.592640 18.768635 -1.000893
v 37.199348 17.086349 -0.585801
v 49.323032 2.746803 -5.068715
v 62.740971 -4.198340 -7.029799
v 50.184998 7.810900 -1.171651
v 49.696800 6.639300 -0.488201
v 48.622803 5.565250 -0.488200
v 47.744102 4.491300 -1.074000
v 47.353550 3.807800 -2.245600
v 47.451202 3.612550 -3.807800
v 47.850117 3.765501 -5.268158
v 48.622849 4.198349 -6.444000
v 49.501499 5.272400 -7.420400
v 50.575550 6.736899 -7.420400
v 51.258999 7.713249 -6.639301
v 51.454300 8.591949 -5.174750
v 51.258999 8.787250 -3.514901
v 50.868446 8.494350 -2.148000
v 52.430599 4.784200 -0.195300
v 53.211697 5.760550 -1.074000
v 53.504597 6.541650 -2.245600
v 53.699898 6.932150 -3.710150
v 53.699902 6.639250 -5.662900
v 53.504601 5.760550 -7.127450
v 52.821152 4.784149 -7.908550
v 51.649498 3.417299 -7.810900
v 51.258999 2.050349 -6.639250
v 49.403908 1.132600 -2.890010
v 51.161346 4.588900 0.097600
v 49.892097 3.807800 -0.000000
v 49.208599 2.538550 -0.488200
v 48.818100 1.952700 -1.659800
v 49.062202 1.884400 -3.300105
v 49.705215 2.300951 -4.877607
v 50.673199 2.538525 -6.443974
v 51.258949 3.807849 -7.615650
v 52.332977 5.272325 -7.664475
v 52.967598 6.248724 -6.883376
v 52.967651 7.273875 -5.370001
v 52.869999 7.517975 -3.514875
v 52.577049 7.127475 -2.099150
v 52.137695 6.346375 -1.025200
v 51.649498 5.174750 -0.195300
v 8.299100 -44.619701 6.053403
v 6.932200 -45.205502 4.881804
v 10.251800 -44.033901 6.639304
v 5.760500 -45.791401 2.929104
v 12.204500 -43.643398 6.444003
v 5.174700 -45.986599 0.390503
v 13.962001 -43.057598 5.467603
v 15.328900 -42.471703 4.296003
v 5.174700 -45.986599 -1.952696
v 5.958939 -45.605865 -4.059868
v 16.305199 -42.081200 2.343303
v 5.955800 -47.939400 -4.491296
v 7.130538 -45.020065 -5.621968
v 7.127400 -47.939400 -6.248696
v 16.695801 -41.885902 -0.195297
v 7.518000 -56.921898 1.757504
v 8.689600 -56.921898 2.538504
v 8.692739 -44.238968 -6.403069
v 10.251800 -56.921898 2.929104
v 8.689600 -47.744102 -7.225096
v 6.346400 -56.921898 0.000004
v 10.450238 -43.653164 -6.793668
v 16.500500 -42.081200 -2.343297
v 12.207639 -43.067364 -6.598368
v 15.524199 -42.276497 -4.295997
v 13.965139 -42.872066 -5.426768
v 12.204500 -56.921898 2.733804
v 5.565300 -56.921898 -4.491296
v 6.541600 -62.975300 -0.585795
v 5.760500 -56.921898 -2.147996
v 13.766700 -56.921898 1.757504
v 5.760500 -56.921898 -6.443995
v 8.689600 -69.614601 0.585805
v 10.056500 -69.614601 1.366905
v 6.736900 -56.921898 -8.006195
v 5.955800 -62.975300 -2.733795
v 11.814000 -69.614601 1.562205
v 7.322701 -69.614601 -0.976395
v 15.719400 -56.921898 -1.171596
v 8.299100 -56.921898 -9.177795
v 5.760500 -62.975300 -4.881795
v 16.305199 -56.921898 -3.514896
v 10.251800 -56.921898 -9.568295
v 12.204500 -56.921898 -9.373096
v 5.955800 -62.975300 -7.029795
v 15.914700 -56.921898 -5.467596
v 6.346400 -69.614601 -4.686495
v 6.541600 -69.614601 -2.929095
v 14.743100 -56.921898 0.781104
v 14.547799 -69.614601 -0.390495
v 6.736900 -62.975300 -8.591995
v 13.376200 -69.614601 0.781105
v 15.133600 -56.921898 -7.225096
v 6.541600 -69.614601 -6.443995
v 8.494300 -69.809898 0.781105
v 7.127400 -69.809898 -0.976395
v 10.056500 -69.809898 1.757505
v 8.103800 -62.975300 -9.568295
v 6.346400 -69.809898 -2.929095
v 15.328900 -69.614601 -2.147995
v 11.814000 -69.809898 1.757505
v 7.322701 -69.614601 -7.810895
v 6.151100 -69.809898 -4.686495
v 13.571400 -69.809898 1.171605
v 9.275400 -80.354599 0.195306
v 6.346400 -69.809898 -6.639295
v 10.642300 -80.354599 0.976406
v 15.524199 -69.614601 -4.295995
v 14.743100 -69.809898 -0.195295
v 14.938299 -62.975300 -7.615595
v 8.689600 -69.614601 -8.787294
v 10.056500 -62.975300 -9.958895
v 13.766700 -62.975300 -8.982495
v 7.127400 -69.809898 -8.006194
v 12.009200 -62.975300 -9.763596
v 15.524199 -69.809898 -1.952695
v 8.494300 -69.809898 -8.982494
v 11.618700 -69.614601 -9.177794
v 15.328900 -69.614601 -6.053395
v 10.056500 -69.614601 -9.177794
v 7.908500 -80.354599 -2.733794
v 13.180900 -69.614601 -8.591994
v 7.713300 -80.354599 -5.858194
v 14.352501 -69.614601 -7.420394
v 8.299100 -80.354599 -7.225094
v 8.494300 -80.354599 -1.366894
v 15.914700 -69.809898 -4.295995
v 10.251800 -69.809898 -9.373095
v 7.713300 -80.354599 -4.295994
v 15.524199 -69.809898 -6.053395
v 11.814000 -69.809898 -9.373095
v 13.180900 -69.809898 -8.787294
v 14.547799 -69.809898 -7.615594
v 9.470699 -80.354599 -8.006194
v 10.747869 -90.774338 1.420745
v 14.352501 -80.354599 -1.562194
v 9.672844 -91.490990 0.883186
v 8.597911 -92.028458 -1.804147
v 10.642300 -80.354599 -8.201394
v 14.547799 -80.354599 -4.491294
v 14.547799 -80.354599 -3.124394
v 8.418725 -91.311806 -3.416638
v 12.399800 -80.354599 -8.006194
v 14.352501 -80.354599 -6.053394
v 13.571400 -80.354599 -7.225094
v 8.418725 -90.774338 -4.670758
v 9.135378 -90.595146 -5.745692
v 13.972761 -91.490990 0.704092
v 10.031217 -90.595146 -6.283249
v 14.689413 -92.028458 -0.908400
v 14.689413 -91.670174 -3.595824
v 12.539455 -90.416054 -6.462344
v 14.151855 -90.953522 -5.029038
v 14.868506 -92.386742 -2.162519
v 13.614388 -90.595146 -5.924877
v 13.766700 -56.921898 -8.591995
v 9.135378 -91.759720 -0.460480
v 13.454281 -80.120216 0.234326
v 12.243561 -80.120224 0.820126
v 8.080081 -63.011288 1.195376
v 9.346562 -63.022285 1.975408
v 10.157686 -63.038441 2.176290
v 12.015283 -63.072159 2.166105
v 13.575587 -63.133789 1.279648
v 14.647594 -63.128860 0.208171
v 15.529955 -63.079605 -1.645283
v 15.925213 -63.097366 -3.894929
v 15.741364 -63.152481 -5.915955
v 8.076736 -40.994064 6.739763
v 6.709837 -41.579865 5.568163
v 10.029436 -40.408264 7.325664
v 5.538137 -42.165764 3.615464
v 11.982137 -40.017761 7.130363
v 4.952337 -42.360962 1.076864
v 13.739637 -39.431961 6.153963
v 15.106537 -38.846066 4.982363
v 4.952337 -42.360962 -1.266336
v 5.733437 -41.970463 -3.804937
v 16.082836 -38.455563 3.029663
v 6.905037 -41.384663 -5.367037
v 16.473438 -38.260265 0.491063
v 8.467237 -40.603565 -6.148137
v 10.224736 -40.017761 -6.538737
v 16.278137 -38.455563 -1.656937
v 11.982137 -39.431961 -6.343437
v 15.301836 -38.650860 -3.609637
v 13.739637 -39.236664 -5.171837
v 7.892598 -38.038620 6.808006
v 6.525698 -38.624420 5.636406
v 9.845297 -37.452820 7.393906
v 5.353998 -39.210320 3.683706
v 11.797997 -37.062317 7.198606
v 4.768198 -39.405518 1.145106
v 13.555498 -36.476517 6.222206
v 14.922398 -35.890621 5.050606
v 4.768198 -39.405518 -1.198094
v 5.549298 -39.015018 -3.736694
v 15.898697 -35.500118 3.097906
v 6.720898 -38.429218 -5.298794
v 16.289299 -35.304821 0.559306
v 8.283097 -37.648121 -6.079895
v 10.040597 -37.062317 -6.470494
v 16.093998 -35.500118 -1.588694
v 11.797997 -36.476517 -6.275194
v 15.117697 -35.695415 -3.541394
v 13.555498 -36.281219 -5.103594
v 13.903410 -45.674232 -6.385417
v 15.407020 -45.264168 -4.881806
v 16.383350 -45.127460 -2.929107
v 16.578621 -44.990753 -0.898257
v 16.129459 -45.127460 1.640313
v 15.153160 -45.400814 3.593014
v 13.903410 -45.810940 4.706054
v 12.204500 -46.221001 5.623863
v 10.251800 -46.494350 5.819134
v 8.416250 -46.904411 5.291854
v 7.107940 -47.314472 4.237403
v 5.936270 -47.724602 2.343294
v 5.350440 -47.861240 -0.078126
v 5.291880 -47.861240 -2.421356
v 10.447100 -47.220940 -7.565777
v 12.353473 -46.483425 -7.327740
v 6.769637 -23.270584 7.630756
v 5.299232 -23.900743 6.370440
v 8.870197 -22.640427 8.261022
v 4.038809 -24.531006 4.269878
v 10.970761 -22.220354 8.050933
v 3.408650 -24.740986 1.539050
v 12.861343 -21.590195 7.000598
v 14.331747 -20.959936 5.740282
v 3.408650 -24.740986 -0.981582
v 4.248897 -24.320919 -3.712411
v 15.381974 -20.539864 3.639719
v 5.509213 -23.690760 -5.392797
v 15.802153 -20.329777 0.908891
v 7.189705 -22.850517 -6.233044
v 9.080286 -22.220354 -6.653220
v 15.592064 -20.539864 -1.401760
v 10.970761 -21.590195 -6.443132
v 14.541835 -20.749947 -3.502323
v 12.861343 -21.380110 -5.182816
v 12.682805 -91.204330 0.990753
v 10.673970 -83.480522 0.734485
v 9.394633 -83.695518 0.046052
v 8.686623 -83.776138 -1.409147
v 8.115324 -83.856758 -2.731423
v 7.924927 -83.641762 -4.265036
v 7.924927 -83.480522 -5.694115
v 8.549984 -83.426765 -6.938002
v 9.638855 -83.426765 -7.626434
v 10.458975 -83.426765 -7.759292
v 12.441697 -83.373032 -7.678676
v 13.584296 -83.426765 -6.990270
v 14.292307 -83.534279 -5.931480
v 14.590283 -83.749268 -4.450227
v 14.644011 -83.964241 -3.101805
v 14.453574 -83.856758 -1.672726
v 13.609825 -83.531448 0.020370
v 12.375335 -83.445457 0.502691
v -7.496784 -6.881467 12.975199
v -4.949119 -6.881467 13.322587
v 0.000000 -6.881467 13.322587
v -11.912730 -6.645311 11.411729
v -14.630176 -6.881467 8.632356
v -15.819074 -6.881467 6.374022
v -17.177841 -6.881467 2.726043
v -17.857224 -6.645311 -3.006532
v -2.910969 -6.173002 -13.255600
v -7.836432 -6.173002 -12.560738
v -10.723831 -6.173002 -12.039608
v -13.101626 -6.173002 -10.997355
v -16.328590 -6.409158 -7.523114
v 0.000000 -6.173002 -13.255600
v -6.740761 11.019674 11.670076
v -4.450018 11.019674 11.982430
v 0.000000 11.019674 11.982430
v -10.711374 11.232015 10.264277
v -13.154776 11.019674 7.765192
v -14.223780 11.019673 5.734603
v -15.445519 11.019673 2.454509
v -16.056389 11.232014 -2.699957
v -2.617408 11.656693 -11.915444
v -9.642372 11.656693 -10.822080
v -7.046157 11.656693 -11.290656
v -11.780376 11.656693 -9.884934
v -14.681912 11.444353 -6.761058
v 0.000000 11.656693 -11.915444
v 0.000000 0.079893 -12.973731
v -2.757205 0.079893 -12.973731
v -6.871180 0.079893 -12.293602
v -9.758578 0.079893 -11.783528
v -12.136376 0.079893 -10.763382
v -15.363338 -0.156262 -7.362833
v -16.891975 -0.392416 -2.942051
v -16.212589 -0.628570 2.668931
v -14.853822 -0.628570 6.239533
v -13.664924 -0.628570 8.449967
v -10.947477 -0.392416 11.170390
v -6.531530 -0.628570 12.700696
v -3.983865 -0.628570 13.040715
v 0.000000 -0.628570 13.040715
v -5.478538 -12.105144 13.322587
v -8.173930 -12.105144 12.975199
v 0.000000 -12.105144 13.322587
v -15.720961 -12.105144 8.632356
v -12.845941 -11.868983 11.411729
v -16.978798 -12.105144 6.374022
v -18.416357 -12.105144 2.726043
v -19.135132 -11.868983 -3.006532
v -8.533274 -11.396678 -12.560738
v -11.588102 -11.396678 -12.039608
v -14.103780 -11.396678 -10.997355
v -17.517860 -11.632834 -7.523114
v -3.322203 -11.396678 -13.255600
v 0.000000 -11.396678 -13.255600
v 7.496783 -6.881467 12.975199
v 4.949118 -6.881467 13.322587
v 11.912730 -6.645311 11.411729
v 14.630177 -6.881467 8.632356
v 15.819077 -6.881467 6.374022
v 17.177841 -6.881467 2.726043
v 17.857225 -6.645311 -3.006532
v 2.910969 -6.173002 -13.255600
v 7.836432 -6.173002 -12.560738
v 10.723831 -6.173002 -12.039608
v 13.101628 -6.173002 -10.997355
v 16.328590 -6.409158 -7.523114
v 6.740760 11.019674 11.670076
v 4.450018 11.019674 11.982430
v 10.711376 11.232015 10.264277
v 13.154778 11.019674 7.765192
v 14.223782 11.019673 5.734603
v 15.445520 11.019673 2.454509
v 16.056391 11.232014 -2.699957
v 2.617409 11.656693 -11.915444
v 9.642373 11.656693 -10.822080
v 7.046156 11.656693 -11.290656
v 11.780378 11.656693 -9.884934
v 14.681913 11.444353 -6.761058
v 2.757205 0.079893 -12.973731
v 6.871179 0.079893 -12.293602
v 9.758580 0.079893 -11.783528
v 12.136378 0.079893 -10.763382
v 15.363338 -0.156262 -7.362833
v 16.891973 -0.392416 -2.942051
v 16.212589 -0.628570 2.668931
v 14.853822 -0.628570 6.239533
v 13.664926 -0.628570 8.449967
v 10.947479 -0.392416 11.170390
v 6.531529 -0.628570 12.700696
v 3.983865 -0.628570 13.040715
v 5.478537 -12.105144 13.322587
v 8.173930 -12.105144 12.975199
v 15.720963 -12.105144 8.632356
v 12.845942 -11.868983 11.411729
v 16.978800 -12.105144 6.374022
v 18.416355 -12.105144 2.726043
v 19.135132 -11.868983 -3.006532
v 8.533276 -11.396678 -12.560738
v 11.588104 -11.396678 -12.039608
v 14.103780 -11.396678 -10.997355
v 17.517862 -11.632834 -7.523114
v 3.322203 -11.396678 -13.255600
v -8.299100 -44.619701 6.053403
v -6.932200 -45.205502 4.881804
v -10.251800 -44.033901 6.639304
v -5.760500 -45.791401 2.929104
v -12.204500 -43.643398 6.444003
v -5.174700 -45.986599 0.390503
v -13.962001 -43.057598 5.467603
v -15.328900 -42.471703 4.296003
v -5.174700 -45.986599 -1.952696
v -5.958939 -45.605865 -4.059868
v -16.305199 -42.081200 2.343303
v -5.955800 -47.939400 -4.491296
v -7.130538 -45.020065 -5.621968
v -7.127400 -47.939400 -6.248696
v -16.695801 -41.885902 -0.195297
v -7.518000 -56.921898 1.757504
v -8.689600 -56.921898 2.538504
v -8.692739 -44.238968 -6.403069
v -10.251800 -56.921898 2.929104
v -8.689600 -47.744102 -7.225096
v -6.346400 -56.921898 0.000004
v -10.450238 -43.653164 -6.793668
v -16.500500 -42.081200 -2.343297
v -12.207639 -43.067364 -6.598368
v -15.524199 -42.276497 -4.295997
v -13.965139 -42.872066 -5.426768
v -12.204500 -56.921898 2.733804
v -5.565300 -56.921898 -4.491296
v -6.541600 -62.975300 -0.585795
v -5.760500 -56.921898 -2.147996
v -13.766700 -56.921898 1.757504
v -5.760500 -56.921898 -6.443995
v -8.689600 -69.614601 0.585805
v -10.056500 -69.614601 1.366905
v -6.736900 -56.921898 -8.006195
v -5.955800 -62.975300 -2.733795
v -11.814000 -69.614601 1.562205
v -7.322701 -69.614601 -0.976395
v -15.719400 -56.921898 -1.171596
v -8.299100 -56.921898 -9.177795
v -5.760500 -62.975300 -4.881795
v -16.305199 -56.921898 -3.514896
v -10.251800 -56.921898 -9.568295
v -12.204500 -56.921898 -9.373096
v -5.955800 -62.975300 -7.029795
v -15.914700 -56.921898 -5.467596
v -6.346400 -69.614601 -4.686495
v -6.541600 -69.614601 -2.929095
v -14.743100 -56.921898 0.781104
v -14.547799 -69.614601 -0.390495
v -6.736900 -62.975300 -8.591995
v -13.376200 -69.614601 0.781105
v -15.133600 -56.921898 -7.225096
v -6.541600 -69.614601 -6.443995
v -8.494300 -69.809898 0.781105
v -7.127400 -69.809898 -0.976395
v -10.056500 -69.809898 1.757505
v -8.103800 -62.975300 -9.568295
v -6.346400 -69.809898 -2.929095
v -15.328900 -69.614601 -2.147995
v -11.814000 -69.809898 1.757505
v -7.322701 -69.614601 -7.810895
v -6.151100 -69.809898 -4.686495
v -13.571400 -69.809898 1.171605
v -9.275400 -80.354599 0.195306
v -6.346400 -69.809898 -6.639295
v -10.642300 -80.354599 0.976406
v -15.524199 -69.614601 -4.295995
v -14.743100 -69.809898 -0.195295
v -14.938299 -62.975300 -7.615595
v -8.689600 -69.614601 -8.787294
v -10.056500 -62.975300 -9.958895
v -13.766700 -62.975300 -8.982495
v -7.127400 -69.809898 -8.006194
v -12.009200 -62.975300 -9.763596
v -15.524199 -69.809898 -1.952695
v -8.494300 -69.809898 -8.982494
v -11.618700 -69.614601 -9.177794
v -15.328900 -69.614601 -6.053395
v -10.056500 -69.614601 -9.177794
v -7.908500 -80.354599 -2.733794
v -13.180900 -69.614601 -8.591994
v -7.713300 -80.354599 -5.858194
v -14.352501 -69.614601 -7.420394
v -8.299100 -80.354599 -7.225094
v -8.494300 -80.354599 -1.366894
v -15.914700 -69.809898 -4.295995
v -10.251800 -69.809898 -9.373095
v -7.713300 -80.354599 -4.295994
v -15.524199 -69.809898 -6.053395
v -11.814000 -69.809898 -9.373095
v -13.180900 -69.809898 -8.787294
v -14.547799 -69.809898 -7.615594
v -9.470699 -80.354599 -8.006194
v -10.747869 -90.774338 1.420745
v -14.352501 -80.354599 -1.562194
v -9.672844 -91.490990 0.883186
v -8.597911 -92.028458 -1.804147
v -10.642300 -80.354599 -8.201394
v -14.547799 -80.354599 -4.491294
v -14.547799 -80.354599 -3.124394
v -8.418725 -91.311806 -3.416638
v -12.399800 -80.354599 -8.006194
v -14.352501 -80.354599 -6.053394
v -13.571400 -80.354599 -7.225094
v -8.418725 -90.774338 -4.670758
v -9.135378 -90.595146 -5.745692
v -13.972761 -91.490990 0.704092
v -10.031217 -90.595146 -6.283249
v -14.689413 -92.028458 -0.908400
v -14.689413 -91.670174 -3.595824
v -12.539455 -90.416054 -6.462344
v -14.151855 -90.953522 -5.029038
v -14.868506 -92.386742 -2.162519
v -13.614388 -90.595146 -5.924877
v -13.766700 -56.921898 -8.591995
v -9.135378 -91.759720 -0.460480
v -13.454281 -80.120216 0.234326
v -12.243561 -80.120224 0.820126
v -8.080081 -63.011288 1.195376
v -9.346562 -63.022285 1.975408
v -10.157686 -63.038441 2.176290
v -12.015283 -63.072159 2.166105
v -13.575587 -63.133789 1.279648
v -14.647594 -63.128860 0.208171
v -15.529955 -63.079605 -1.645283
v -15.925213 -63.097366 -3.894929
v -15.741364 -63.152481 -5.915955
v -8.076736 -40.994064 6.739763
v -6.709837 -41.579865 5.568163
v -10.029436 -40.408264 7.325664
v -5.538137 -42.165764 3.615464
v -11.982137 -40.017761 7.130363
v -4.952337 -42.360962 1.076864
v -13.739637 -39.431961 6.153963
v -15.106537 -38.846066 4.982363
v -4.952337 -42.360962 -1.266336
v -5.733437 -41.970463 -3.804937
v -16.082836 -38.455563 3.029663
v -6.905037 -41.384663 -5.367037
v -16.473438 -38.260265 0.491063
v -8.467237 -40.603565 -6.148137
v -10.224736 -40.017761 -6.538737
v -16.278137 -38.455563 -1.656937
v -11.982137 -39.431961 -6.343437
v -15.301836 -38.650860 -3.609637
v -13.739637 -39.236664 -5.171837
v -7.892598 -38.038620 6.808006
v -6.525698 -38.624420 5.636406
v -9.845297 -37.452820 7.393906
v -5.353998 -39.210320 3.683706
v -11.797997 -37.062317 7.198606
v -4.768198 -39.405518 1.145106
v -13.555498 -36.476517 6.222206
v -14.922398 -35.890621 5.050606
v -4.768198 -39.405518 -1.198094
v -5.549298 -39.015018 -3.736694
v -15.898697 -35.500118 3.097906
v -6.720898 -38.429218 -5.298794
v -16.289299 -35.304821 0.559306
v -8.283097 -37.648121 -6.079895
v -10.040597 -37.062317 -6.470494
v -16.093998 -35.500118 -1.588694
v -11.797997 -36.476517 -6.275194
v -15.117697 -35.695415 -3.541394
v -13.555498 -36.281219 -5.103594
v -13.903410 -45.674232 -6.385417
v -15.407020 -45.264168 -4.881806
v -16.383350 -45.127460 -2.929107
v -16.578621 -44.990753 -0.898257
v -16.129459 -45.127460 1.640313
v -15.153160 -45.400814 3.593014
v -13.903410 -45.810940 4.706054
v -12.204500 -46.221001 5.623863
v -10.251800 -46.494350 5.819134
v -8.416250 -46.904411 5.291854
v -7.107940 -47.314472 4.237403
v -5.936270 -47.724602 2.343294
v -5.350440 -47.861240 -0.078126
v -5.291880 -47.861240 -2.421356
v -10.447100 -47.220940 -7.565777
v -12.353473 -46.483425 -7.327740
v -6.769637 -23.270584 7.630756
v -5.299232 -23.900743 6.370440
v -8.870197 -22.640427 8.261022
v -4.038809 -24.531006 4.269878
v -10.970761 -22.220354 8.050933
v -3.408650 -24.740986 1.539050
v -12.861343 -21.590195 7.000598
v -14.331747 -20.959936 5.740282
v -3.408650 -24.740986 -0.981582
v -4.248897 -24.320919 -3.712411
v -15.381974 -20.539864 3.639719
v -5.509213 -23.690760 -5.392797
v -15.802153 -20.329777 0.908891
v -7.189705 -22.850517 -6.233044
v -9.080286 -22.220354 -6.653220
v -15.592064 -20.539864 -1.401760
v -10.970761 -21.590195 -6.443132
v -14.541835 -20.749947 -3.502323
v -12.861343 -21.380110 -5.182816
v -12.682805 -91.204330 0.990753
v -10.673970 -83.480522 0.734485
v -9.394633 -83.695518 0.046052
v -8.686623 -83.776138 -1.409147
v -8.115324 -83.856758 -2.731423
v -7.924927 -83.641762 -4.265036
v -7.924927 -83.480522 -5.694115
v -8.549984 -83.426765 -6.938002
v -9.638855 -83.426765 -7.626434
v -10.458975 -83.426765 -7.759292
v -12.441697 -83.373032 -7.678676
v -13.584296 -83.426765 -6.990270
v -14.292307 -83.534279 -5.931480
v -14.590283 -83.749268 -4.450227
v -14.644011 -83.964241 -3.101805
v -14.453574 -83.856758 -1.672726
v -13.609825 -83.531448 0.020370
v -12.375335 -83.445457 0.502691
v -8.628648 -68.954269 0.646762
v -9.985506 -68.955368 1.427756
v -10.066619 -68.956985 1.447844
v -11.834128 -68.960358 1.622595
v -13.396138 -68.966522 0.830960
v -14.557778 -68.966026 -0.330628
v -15.349006 -68.961105 -2.097723
v -15.564301 -68.962875 -4.255888
v -15.370147 -68.968391 -6.039651
v -14.411080 -68.950668 -7.439914
v -13.239479 -68.950668 -8.631044
v -11.657750 -68.950668 -9.236374
v -10.056499 -68.950668 -9.255904
v -8.631020 -68.950676 -8.865395
v -7.264120 -68.950668 -7.889005
v -6.483020 -68.950668 -6.502574
v -6.287810 -68.950668 -4.706025
v -6.483020 -68.950668 -2.909565
v -7.244590 -68.950668 -0.937335
v -7.191009 -70.300598 -0.994567
v -8.530648 -70.300598 0.753845
v -10.083760 -70.300598 1.721157
v -11.833990 -70.289688 1.713884
v -13.565949 -70.289688 1.127989
v -14.724924 -70.300598 -0.258903
v -15.478763 -70.300598 -2.007220
v -15.851090 -70.300598 -4.305083
v -15.469674 -70.300598 -6.053395
v -14.502362 -70.300598 -7.597423
v -13.144550 -70.300598 -8.750946
v -11.841260 -70.300598 -9.309486
v -10.269972 -70.300598 -9.318569
v -8.539736 -70.300598 -8.937063
v -7.181925 -70.300598 -7.969846
v -6.410009 -70.300598 -6.602947
v -6.223796 -70.300598 -4.668323
v -6.419092 -70.300598 -2.920006
v -5.820792 62.085426 13.037947
v -6.404845 61.065281 12.761867
v -6.582436 60.812374 12.824442
v -6.721081 60.704456 12.925251
v -6.831954 61.496704 12.559975
v -7.128254 61.350311 12.565936
v -7.340672 61.288120 12.632218
v -5.820792 60.886024 13.037947
v -5.841841 60.606567 13.163478
v -5.892660 60.490814 13.289511
v -6.996640 62.085426 12.482127
v -7.333226 62.085426 12.464257
v -7.574094 62.085426 12.510997
v -5.211047 61.020405 13.326171
v -5.091546 60.793919 13.501178
v -5.066053 60.704456 13.636220
v -6.835792 62.676380 12.558160
v -7.134381 62.821724 12.559353
v -7.355807 62.882729 12.616717
v -4.745153 61.459164 13.546396
v -4.535690 61.335129 13.749736
v -4.464393 61.288120 13.881693
v -6.400534 63.098038 12.763905
v -6.587518 63.356861 12.819925
v -6.741919 63.466396 12.911125
v -4.576326 62.085426 13.626200
v -4.332411 62.085426 13.840457
v -4.244726 62.085426 13.970280
v -5.820792 63.261143 13.037947
v -5.848774 63.557339 13.161173
v -5.916331 63.680035 13.281638
v -5.226071 63.124199 13.319069
v -5.100309 63.369190 13.499364
v -5.081182 63.466396 13.635921
v -4.761511 62.702164 13.538664
v -4.541361 62.833038 13.747904
v -4.468244 62.882729 13.882465
v -2.440900 62.059895 15.024532
v -0.099607 62.030262 14.993576
v -2.440900 61.215378 15.166193
v -0.098015 61.153378 15.233974
v -2.440900 62.828224 14.895651
v -0.099872 62.762398 14.849264
v -4.588900 63.918514 14.356768
v -6.932200 64.151802 13.473794
v -8.884900 60.599915 12.497394
v -6.932200 60.043213 13.741138
v -8.884900 63.982449 12.302194
v -2.440900 63.596561 14.766770
v -4.588900 60.014744 14.819537
v -2.440900 59.948597 15.378686
v -0.096613 59.841335 15.616724
v -0.097274 63.502003 14.895113
v 5.436192 62.075588 12.958939
v 6.018120 61.055191 12.679520
v 6.195884 60.802181 12.741090
v 6.335945 60.694138 12.841131
v 6.444414 61.486431 12.475440
v 6.740650 61.339882 12.479786
v 6.954328 61.277538 12.544915
v 5.435439 60.876194 12.958680
v 5.456984 60.596703 13.084037
v 5.509349 60.480865 13.209768
v 6.609052 62.075077 12.396840
v 6.945538 62.074909 12.377172
v 7.187598 62.074741 12.422620
v 4.827328 61.010838 13.250189
v 4.708622 60.784386 13.425783
v 4.684742 60.694874 13.560938
v 6.448984 62.666103 12.473860
v 6.747666 62.811287 12.473488
v 6.970380 62.872143 12.529677
v 4.362895 61.449799 13.472997
v 4.154443 61.325836 13.677426
v 4.084770 61.278805 13.809751
v 6.015097 63.087952 12.682019
v 6.202540 63.346661 12.737095
v 6.358442 63.456074 12.827490
v 4.194890 62.076134 13.553837
v 3.952123 62.076221 13.769395
v 3.866080 62.076210 13.899682
v 5.436931 63.251305 12.959192
v 5.465758 63.547474 13.082331
v 5.534981 63.670071 13.202457
v 4.843636 63.114620 13.243461
v 4.718994 63.359646 13.424479
v 4.701604 63.456806 13.561154
v 4.379992 62.692791 13.465445
v 4.161046 62.823738 13.675887
v 4.089626 62.873417 13.810846
v 2.066954 62.051460 14.963561
v 2.067181 61.206917 15.105037
v 2.066748 62.819817 14.834846
v 4.205382 63.913799 14.318342
v 6.448697 64.146553 13.431502
v 8.495367 60.594250 12.449543
v 6.545831 60.037491 13.695154
v 8.495907 63.976795 12.254709
v 2.058471 63.590893 14.733970
v 4.205471 60.009182 14.777411
v 2.058961 59.944214 15.345081
v -4.588900 47.603920 -8.006204
v -5.565300 47.781639 -7.420403
v -6.541600 48.493774 -6.639304
v -4.588900 49.027855 -7.810904
v -7.713300 49.205818 -5.272404
v -5.565300 49.205818 -7.225104
v -0.097600 47.243366 -8.982504
v -2.636200 48.849796 -8.592004
v -6.541600 49.739986 -6.444004
v -8.103800 49.205818 -3.319604
v -7.713300 50.452034 -4.881804
v -7.127400 52.410389 -8.396704
v -7.908500 53.300583 -8.201404
v -7.518000 53.656693 -8.982504
v -7.127400 52.232422 -7.810904
v -6.346400 52.410389 -8.592004
v -6.346400 52.054367 -8.201404
v -0.097600 48.671738 -8.787304
v -6.541600 51.164169 -6.444004
v -8.494300 54.902908 -8.982504
v -2.636200 50.274071 -8.396704
v -6.541600 52.232422 -7.420403
v -4.588900 50.452034 -7.810904
v -9.275400 55.793015 -8.201404
v -8.103800 50.452034 -3.124404
v -5.174700 53.834663 -9.373104
v -8.103800 53.834663 -6.248704
v -3.612500 52.054367 -10.544704
v -2.831400 52.054367 -10.740004
v -3.222000 51.698345 -10.349404
v -3.612500 52.054367 -9.958903
v -3.417300 52.944561 -11.325804
v -4.393600 53.834663 -11.130504
v -7.713300 48.025356 -0.000004
v -7.713300 51.698345 -4.881804
v -21.187000 67.721191 -9.568306
v -20.210699 67.543137 -10.154206
v -20.991800 67.187019 -9.958904
v -6.151100 55.614960 -9.958903
v -5.565300 52.232422 -7.420403
v -12.985600 60.955936 -10.740005
v -12.399800 61.133995 -11.130505
v -12.790300 60.599915 -10.154205
v -5.565300 50.808147 -7.225104
v -2.636200 51.698345 -10.349404
v -4.588900 53.478642 -8.592004
v -11.814000 60.243797 -10.740005
v -20.991800 67.365082 -8.592005
v -14.352501 62.024189 -9.568305
v -14.157200 62.558270 -10.349405
v -3.026700 51.876308 -9.763604
v -8.103800 48.671738 -1.562204
v -4.784200 55.258934 -11.716304
v 2.245600 47.242466 -8.787304
v -5.565300 43.843231 2.538497
v -19.039101 67.009056 -9.373105
v -6.541600 52.410389 -6.639304
v -11.618700 55.436993 -5.467604
v -10.837600 55.258934 -5.858204
v -11.228200 54.902908 -5.077105
v -10.251800 60.243797 -10.740005
v -10.837600 54.902908 -5.272404
v -11.423400 60.243797 -9.763605
v -11.618700 55.258934 -4.686504
v -6.932200 47.427769 1.562196
v -11.032900 56.683208 -6.639305
v -2.636200 51.520287 -8.592004
v -20.015400 68.077217 -9.568306
v -4.588900 51.876308 -8.006204
v -0.097600 50.096012 -8.787304
v -12.399800 56.683208 -5.272404
v -12.009200 56.861267 -6.053404
v -11.032900 54.902908 -4.491304
v -14.157200 63.804485 -10.740005
v -9.080200 52.766506 -4.100704
v -1.659800 52.944561 -10.349404
v -11.032900 62.380211 -11.325805
v -8.299100 59.887775 -11.521105
v -9.666000 56.327095 -6.444004
v -1.659800 54.546795 -11.911604
v -10.251800 63.448368 -14.450205
v -9.861300 62.736233 -14.254904
v -10.447100 62.914291 -14.254904
v -10.251800 62.736233 -13.669106
v -12.009200 64.516617 -14.059605
v -7.518000 59.887775 -13.083205
v -15.914700 64.338562 -8.787305
v -2.050400 52.766506 -9.177804
v -14.547799 62.558270 -7.420404
v -9.275400 51.714184 -1.952704
v -18.843800 66.474976 -7.420405
v -10.251800 55.258934 -4.686504
v -12.399800 64.160515 -12.888004
v -13.766700 60.421860 -6.639305
v -4.784200 58.819530 -14.059605
v -19.429600 66.652939 -5.662905
v -8.103800 49.917953 -1.171604
v -5.565300 45.446758 2.921668
v -11.618700 56.154476 -3.514904
v -9.275400 63.092350 -14.059605
v -13.962001 65.940804 -12.497404
v -7.713300 49.381203 0.585796
v -20.015400 68.789360 -8.006206
v -4.003100 43.283524 3.520098
v -5.955800 62.736233 -17.574505
v -7.713300 64.516617 -17.574505
v -5.565300 63.270405 -18.355606
v -4.588900 62.024189 -17.965107
v -8.494300 64.516617 -16.598206
v -13.766700 66.652939 -13.473804
v -11.814000 65.584785 -14.254904
v -15.524199 57.929428 -2.343304
v -14.352501 57.039230 -2.733804
v -15.133600 56.506622 -1.562204
v -13.962001 56.043533 -1.562204
v -15.133600 58.463505 -3.319604
v -0.097600 51.342228 -8.787304
v -4.198400 62.202152 -18.160305
v -9.666000 62.736233 -13.083205
v 2.245600 48.849796 -8.592004
v -10.251800 65.762833 -14.450205
v -4.979400 62.202152 -16.988707
v -15.719400 65.228752 -9.763605
v -13.180900 65.050697 -10.935305
v -9.861300 66.474976 -16.988707
v -2.440900 58.997581 -14.645406
v -17.086300 67.365082 -8.201405
v -0.292900 51.698345 -10.740004
v -0.683500 53.300583 -11.716304
v -0.097600 51.876308 -11.130504
v -8.299100 63.982449 -15.231204
v -4.003100 62.024189 -17.769806
v 0.488200 51.698345 -10.935304
v -14.352501 55.737389 -0.390504
v -12.204500 55.670849 -1.366904
v -9.275400 50.941082 0.195296
v -5.174700 64.338562 -18.550905
v 0.488200 52.054367 -11.521104
v -9.080200 67.009056 -17.965107
v -4.198400 61.846134 -17.379206
v -15.719400 58.285450 -1.171605
v -7.127400 65.584785 -18.355606
v -4.784200 62.558270 -16.207605
v -0.097600 38.003479 4.100697
v -15.133600 57.040215 -0.390504
v -2.440900 41.582279 3.710197
v 0.488200 51.698345 -10.349404
v -0.292900 54.012722 -12.106904
v -13.571400 59.709717 -3.710204
v -15.914700 63.982449 -7.420404
v -16.500500 60.599915 -1.952705
v -15.524199 68.255272 -11.521106
v -4.198400 64.338562 -18.160305
v -14.938299 62.202152 -4.100705
v -16.500500 60.599915 -2.929105
v -15.914700 60.777878 -3.905405
v -0.097600 39.698734 3.905397
v -0.097600 52.588448 -9.568304
v -11.423400 68.789360 -16.598206
v -4.003100 62.380211 -16.988707
v -12.009200 67.899162 -14.059606
v 4.198400 47.603920 -8.006204
v -19.234299 68.433334 -3.514905
v -11.228200 67.187019 -15.621805
v -19.820101 68.789360 -6.248705
v -6.932200 48.877338 2.147996
v -11.814000 54.484715 0.390496
v 1.464500 52.766506 -10.935304
v -17.086300 66.474976 -6.834506
v -14.743100 66.652939 -10.349405
v -15.133600 68.967407 -12.692706
v -13.766700 68.433334 -13.669106
v -0.292900 56.327095 -13.278505
v -14.352501 56.402164 0.390496
v -2.440900 42.913780 4.114187
v -4.003100 44.934040 3.891636
v -2.636200 62.558270 -18.746105
v -3.417300 65.584785 -20.698906
v -2.050400 62.380211 -19.527206
v -0.488200 61.312050 -19.136703
v -0.292900 60.421860 -18.355604
v -0.683500 60.599915 -17.769804
v 2.245600 50.274071 -8.396704
v -4.393600 65.406731 -20.113106
v -8.689600 50.361359 1.952696
v -10.447100 69.857513 -17.574505
v -6.346400 67.899162 -18.355606
v 2.050400 53.834663 -11.325804
v -17.281599 68.789360 -8.006206
v -1.464500 63.982449 -20.308306
v -16.891100 62.914291 -2.929105
v -8.689600 68.433334 -18.355606
v -14.743100 57.751369 0.390496
v -5.565300 46.947052 3.236511
v -0.097600 41.393894 4.100697
v 0.292900 59.709717 -17.769804
v 0.488200 60.065834 -18.550903
v -15.133600 58.819530 -0.781105
v 0.292900 61.668076 -19.332006
v 1.269300 54.190773 -11.911604
v -12.790300 56.048141 1.366896
v -13.376200 70.035561 -13.669106
v -5.174700 68.255272 -20.698906
v 0.878700 59.709717 -17.965105
v -2.440900 62.380211 -16.598206
v -5.760500 67.899162 -19.722506
v -11.228200 53.140598 2.343296
v -16.891100 62.380211 -1.952705
v -17.086300 66.118866 -5.272405
v 0.292900 59.887775 -17.184004
v 1.074000 60.065834 -18.355604
v -16.305199 63.092350 -3.710205
v 2.050400 52.944561 -10.154204
v 1.659800 52.766506 -9.177804
v 0.878700 59.709717 -17.379204
v -15.719400 68.255272 -9.373106
v -0.292900 59.531666 -15.231204
v 4.198400 49.027855 -7.810904
v -12.595100 71.637901 -16.012306
v -0.683500 61.133995 -16.988705
v -16.500500 70.569649 -10.349406
v -3.026700 67.187019 -21.089407
v -13.376200 70.747704 -14.840706
v -16.110001 65.050697 -4.491305
v 2.245600 51.520287 -8.592004
v -16.110001 61.490013 -1.366905
v -0.097600 64.160515 -20.113106
v 0.878700 62.202152 -18.941404
v -2.440900 44.746525 4.460724
v -4.003100 46.638897 3.923346
v -13.766700 59.353699 -1.366904
v 0.878700 60.065834 -16.988705
v -1.074000 66.831001 -20.698906
v -14.938299 70.925758 -12.692706
v -7.518000 49.633141 3.514896
v -0.097600 42.733852 4.513553
v 1.074000 60.065834 -17.769804
v -17.867399 69.501480 -7.615605
v -16.110001 71.281792 -11.325806
v 3.026700 55.436993 -12.106904
v 5.174700 47.781639 -7.420403
v -18.648500 70.213623 -6.444005
v 1.269300 62.024189 -18.355606
v -10.056500 51.610279 4.295996
v -13.180900 57.410820 2.147995
v -7.322701 70.747704 -17.965107
v 1.464500 57.929428 -14.059605
v -12.009200 54.194935 3.905396
v -5.565300 48.215397 3.794014
v -6.346400 70.569649 -19.917805
v -14.352501 61.312050 -1.757505
v -11.423400 72.528000 -16.793406
v -15.719400 64.516617 -3.514905
v 3.222000 51.876308 -9.763604
v 3.417300 51.876308 -10.740004
v 3.612500 53.478642 -11.521104
v -16.695801 63.804485 -1.562205
v -13.376200 58.107483 1.171595
v -9.666000 71.281792 -17.769806
v 3.807800 51.876308 -9.958903
v -21.187000 73.952278 -9.958905
v -21.187000 74.308296 -9.763606
v -20.991800 74.130333 -10.154206
v 4.198400 50.452034 -7.810904
v 0.878700 62.380211 -16.988707
v -2.245600 68.967407 -20.894106
v -14.352501 72.171982 -12.692706
v 4.198400 52.588448 -10.935304
v -13.962001 73.240143 -14.254905
v 2.050400 41.582279 3.710197
v 4.198400 52.232422 -10.349404
v -15.328900 62.736233 -1.366905
v -19.624899 72.706062 -8.592006
v -4.198400 70.213623 -20.894106
v -16.500500 66.474976 -2.538505
v 5.174700 49.205818 -7.225104
v -16.695801 64.694588 -2.343305
v -17.086300 70.569649 -7.420405
v -18.648500 67.365082 -2.733805
v -4.003100 47.702686 4.371123
v -20.210699 72.884117 -8.201406
v -2.440900 46.200634 4.405842
v -15.524199 72.706062 -11.521106
v -19.039101 70.035561 -5.077106
v 6.151100 48.493774 -6.639304
v -0.097600 44.514767 4.891993
v -8.494300 50.199478 6.258399
v -19.039101 73.062080 -8.592006
v 4.393600 54.190773 -11.325804
v 2.050400 61.846134 -16.402906
v -5.955800 48.858936 5.267312
v -20.210699 73.240143 -7.029806
v 1.269300 65.050697 -18.160305
v 4.198400 53.478642 -8.592004
v -5.760500 71.281792 -20.503605
v 4.198400 51.876308 -8.006204
v 0.488200 66.296921 -19.917805
v -13.180900 74.664406 -14.840706
v -10.642300 52.659008 6.053396
v -16.500500 73.418198 -9.763606
v -13.180900 59.175640 2.343295
v -10.447100 73.952278 -16.793406
v 4.588900 55.436993 -11.911604
v -15.524199 65.406731 -2.343305
v 2.050400 61.490013 -17.769804
v 2.440900 62.024189 -18.160305
v 2.831400 61.490013 -17.574503
v 2.245600 61.312050 -17.184004
v -13.766700 62.202152 1.171595
v 2.050400 42.913780 4.114187
v -12.399800 55.243404 5.467596
v -7.518000 73.240143 -18.746105
v 5.174700 53.656693 -8.982504
v -8.103800 73.062080 -17.379206
v -15.914700 64.338562 -0.390505
v -2.440900 47.258518 4.804572
v -17.086300 73.062080 -8.396706
v -17.476900 71.459839 -5.662906
v 3.222000 62.380211 -18.160305
v -17.281599 73.418198 -7.029806
v 6.151100 49.739986 -6.444004
v -3.222000 71.815865 -20.503605
v -19.039101 68.433334 -1.952705
v -17.281599 72.171982 -6.834506
v 5.370000 54.902908 -9.958903
v -14.938299 73.774223 -11.130506
v 5.174700 60.065834 -14.450205
v -0.097600 46.134960 4.830174
v -18.648500 71.281792 -4.686506
v -19.234299 70.035561 -3.124406
v -0.292900 69.323433 -19.917805
v 3.026700 64.516617 -18.355606
v 3.807800 62.024189 -17.574505
v -4.198400 48.389637 6.053710
v -13.180900 59.175640 3.514895
v -17.672100 75.554512 -5.077106
v -17.476900 66.831001 -1.366905
v -8.884900 50.878220 8.012827
v -14.547799 75.198486 -12.888005
v -6.932200 74.130333 -19.332006
v -19.234299 74.842468 -2.148006
v -6.541600 49.335522 7.955460
v 3.612500 43.283524 3.520098
v -4.979400 72.706062 -20.308306
v -18.257999 67.365082 -0.585805
v 0.878700 68.255272 -18.746105
v -13.962001 59.353699 3.514895
v -14.743100 60.599915 2.343295
v -13.962001 59.175640 2.343295
v -11.032900 53.618519 7.615595
v 4.784200 62.202152 -15.621805
v 5.174700 52.232422 -7.420403
v -15.524199 64.516617 1.171595
v 7.322701 49.205818 -5.272404
v -12.009200 75.376541 -15.426506
v 2.050400 44.737812 4.460078
v -19.039101 73.952278 -1.757506
v -18.453199 69.501480 -0.781105
v 4.588900 63.092350 -17.965107
v -14.938299 61.490013 2.929095
v -15.133600 65.584785 -0.390505
v 6.151100 51.164169 -6.444004
v 5.174700 50.808147 -7.225104
v -19.039101 71.993919 -3.124406
v -17.086300 74.664406 -6.248705
v 5.174700 43.843414 2.538497
v -6.151100 74.486343 -19.722506
v -8.689600 74.842468 -16.598206
v -12.399800 56.524799 6.834496
v 5.174700 53.656693 -7.810905
v -1.464500 72.171982 -19.722506
v -2.440900 47.897957 6.363594
v 6.541600 52.054367 -8.396704
v -10.447100 75.910622 -15.817105
v -18.453199 68.255272 0.585795
v -13.376200 76.978783 -13.473805
v -0.097600 47.205456 5.263830
v 6.346400 52.054367 -8.006204
v 6.932200 52.054367 -7.810904
v -16.305199 66.474976 0.781095
v 7.127400 52.766506 -8.787304
v 3.612500 44.934605 3.891636
v 5.565300 63.092350 -17.184006
v 3.417300 66.474976 -18.550905
v -9.080200 51.984325 9.568296
v 6.151100 52.410389 -6.639304
v 7.322701 50.452034 -4.881804
v 4.393600 64.338562 -18.355606
v -16.695801 75.732567 -7.225106
v -6.736900 49.861706 9.704332
v 2.050400 46.183331 4.397141
v -4.588900 48.668259 9.140946
v -15.524199 76.088684 -8.592006
v -4.784200 75.376541 -19.527206
v 2.831400 67.187019 -20.308306
v 4.003100 66.118866 -20.113106
v 2.636200 66.652939 -19.527206
v 6.932200 59.531666 -13.278505
v 3.807800 65.940804 -19.527206
v -3.026700 74.664406 -19.136705
v -19.039101 71.103729 -0.390506
v -7.908500 76.266647 -17.769806
v -18.843800 75.376541 -4.686506
v -14.938299 64.516617 3.905395
v 7.713300 52.766506 -8.201404
v -0.097600 70.213623 -19.917805
v -17.086300 66.831001 1.562195
v -11.032900 54.748581 8.982496
v 4.393600 66.118866 -19.917805
v 4.198400 67.009056 -20.308306
v 5.174700 45.446758 2.921668
v 1.464500 69.501480 -20.698906
v -7.127400 77.156845 -18.160305
v 7.713300 55.080875 -9.568304
v -14.157200 64.694588 4.100695
v 4.784200 66.118866 -18.550905
v -12.399800 58.107483 7.810896
v 2.050400 47.237320 4.791819
v 8.103800 59.531666 -11.521105
v 2.831400 69.145370 -20.698906
v -18.062700 69.679543 1.757494
v 7.713300 49.205818 -3.319604
v -0.097600 47.777702 6.243826
v 7.322701 51.698345 -4.881804
v -10.642300 77.512863 -14.645407
v -12.204500 77.690926 -13.864305
v -14.547799 77.690926 -11.130506
v -13.180900 60.777878 4.491295
v -15.524199 64.872650 2.929095
v 3.612500 46.630035 3.923346
v 4.784200 66.831001 -19.722506
v 6.151100 66.296921 -18.355606
v 8.299100 54.724850 -8.982504
v 5.565300 62.736233 -16.207605
v -0.292900 71.993919 -20.503605
v -17.672100 67.365082 2.147995
v 8.103800 53.834663 -7.029804
v 1.074000 72.171982 -20.894106
v 6.541600 47.286369 1.562196
v -9.080200 76.978783 -15.231205
v -2.440900 48.004917 9.553413
v -6.151100 77.334900 -18.550905
v 6.736900 65.406731 -17.574505
v -15.328900 77.690926 -9.177806
v -6.932200 50.945244 11.010342
v -11.032900 56.327095 9.958895
v -9.080200 53.300583 10.739996
v 7.322701 47.959606 -0.000004
v 4.588900 68.967407 -19.917805
v 7.713300 50.452034 -3.124404
v -4.588900 49.258564 11.130494
v 2.636200 72.349945 -20.698906
v 7.322701 63.982449 -15.231204
v 2.050400 47.883358 6.353310
v 7.518000 53.834663 -6.248704
v 5.174700 46.947052 3.236511
v -19.234299 73.062080 0.390494
v -0.097600 47.763157 9.516385
v -17.281599 70.391678 1.562195
v -0.878700 74.842468 -20.308306
v -15.524199 66.652939 4.491295
v 7.713300 48.671738 -1.562204
v 3.612500 47.690670 4.371123
v -2.050400 74.842468 -19.917805
v -13.180900 78.759163 -11.911606
v 3.807800 69.857513 -20.503605
v -16.695801 67.543137 4.686495
v -12.204500 59.531666 8.591995
v -17.281599 68.789360 5.662895
v 9.080200 63.092350 -14.059605
v -6.932200 52.145649 12.090583
v 4.979400 70.213623 -19.136705
v 0.683500 75.020424 -20.503605
v 5.760500 67.899162 -18.746105
v 9.080200 55.080875 -8.006204
v -9.080200 54.904823 11.718396
v 7.322701 49.205818 0.585796
v -3.807800 77.690926 -18.160305
v 8.689600 52.766506 -4.100704
v -16.305199 77.868980 -5.077106
v 3.807800 48.382229 6.053710
v 6.541600 48.619682 2.147996
v -8.494300 78.937141 -15.621807
v 5.174700 48.215397 3.794014
v -5.370000 78.403061 -17.965107
v -15.328900 77.868980 -6.248706
v -10.447100 79.293251 -13.083207
v -13.180900 64.694588 5.858195
v 7.713300 49.917953 -1.171604
v -2.440900 48.600994 11.797535
v -14.157200 65.940804 4.295995
v -10.837600 57.929428 10.544696
v -11.814000 79.293251 -12.497406
v -17.867399 72.171982 2.147994
v -4.588900 50.243336 12.433676
v -2.636200 77.690926 -18.941404
v 8.689600 66.118866 -16.207605
v -17.867399 77.690926 -2.733806
v -16.500500 77.690926 -3.514906
v -9.275400 79.115204 -13.473806
v -13.571400 79.827324 -9.958906
v 3.612500 72.706062 -20.113106
v -6.736900 79.115204 -17.184006
v 9.080200 56.327095 -6.444004
v 8.884900 51.698818 -1.952704
v -1.269300 77.512863 -19.527206
v -18.843800 75.020424 0.976394
v -14.547799 65.406731 5.467595
v 10.251800 59.887775 -10.544705
v -17.672100 70.035561 5.467595
v 5.565300 48.858936 5.267312
v 2.050400 47.998047 9.552698
v 8.299100 68.255272 -17.379206
v 7.713300 69.323433 -17.965107
v -6.932200 53.887943 13.173288
v 8.884900 50.902981 0.195296
v 1.855100 75.376541 -20.113106
v 9.861300 55.258934 -4.686504
v 7.127400 49.361382 3.514896
v -9.080200 56.520367 12.317681
v 8.299100 50.069424 1.952696
v -14.547799 79.649269 -8.201406
v 6.736900 70.035561 -18.746105
v -12.399800 80.361412 -10.544707
v 0.097600 77.690926 -19.527206
v -0.097600 48.395828 12.007508
v -14.157200 65.050697 6.443995
v -18.453199 77.334900 -1.171606
v 4.198400 48.678726 9.140946
v -14.518723 66.474976 7.420295
v -18.257999 74.130333 2.929094
v -4.588900 51.682339 13.391497
v -2.440900 49.878796 13.014427
v -10.447100 59.531666 11.325795
v -11.618700 61.668076 9.958895
v 9.861300 56.683208 -6.639305
v -6.541600 80.717430 -15.621807
v -17.672100 71.637901 5.858194
v -4.588900 80.005394 -16.598206
v -11.032900 80.539467 -11.325807
v -18.453199 76.800819 1.171594
v -15.524199 68.611298 8.396694
v 9.861300 62.914291 -12.692705
v -7.713300 80.717430 -14.840707
v 3.807800 74.130333 -18.746105
v 2.050400 48.600574 11.799282
v -2.440900 79.293251 -18.160305
v -16.500500 69.323433 8.006194
v 9.470699 66.474976 -15.036005
v -12.595100 65.406731 7.615594
v 10.447100 61.846134 -11.325805
v 10.251800 63.270405 -14.254904
v 10.056500 62.914291 -14.059605
v 2.440900 76.444702 -18.941404
v 10.447100 55.258934 -5.858204
v 5.760500 73.418198 -18.941404
v -9.275400 80.717430 -11.521107
v -14.352501 65.940804 8.006195
v -0.097600 49.720619 13.241126
v 6.151100 49.335522 7.955460
v -18.062700 76.622765 3.905394
v 11.618700 59.531666 -8.201405
v -14.743100 79.293251 -4.296006
v -14.938299 79.649269 -5.077106
v -13.571400 65.406731 8.006195
v -9.080200 58.290802 12.502032
v -8.689600 80.717430 -13.669107
v -6.932200 55.893963 13.911352
v 10.447100 54.902908 -5.272404
v 10.837600 54.902908 -5.077105
v 10.642300 56.683208 -6.639305
v 11.032900 63.092350 -13.669106
v 11.814000 55.436993 -1.366904
v -12.985600 81.429581 -7.420406
v 10.642300 54.902908 -4.491304
v 11.228200 55.436993 -5.467604
v -11.618700 81.607628 -9.177807
v -0.683500 79.471214 -18.160305
v -14.547799 68.611298 9.568295
v 8.103800 50.162933 6.258399
v 11.032900 60.243797 -10.740005
v -2.440900 51.608829 14.004211
v -17.281599 79.649269 -0.585806
v 11.032900 66.474976 -14.254904
v -4.588900 53.479206 14.413535
v 11.228200 55.258934 -4.686504
v 9.666000 68.433334 -16.012306
v -17.476900 73.240143 6.639295
v 11.423400 54.118172 0.390496
v -15.914700 79.827324 -1.562206
v 4.198400 49.279011 11.130920
v 9.666000 51.546322 4.295996
v 7.908500 72.884117 -17.965107
v 11.423400 61.133995 -11.325805
v 11.618700 56.861267 -6.053404
v 11.814000 60.599915 -10.935305
v 0.878700 78.225006 -18.746105
v -14.352501 67.543137 9.958894
v -13.766700 66.652939 9.763596
v -6.932200 81.963745 -13.669107
v -13.962001 80.895493 -5.272406
v -3.807800 80.895493 -16.402906
v 12.204500 64.694588 -13.669106
v -16.891100 71.103729 8.982494
v 11.228200 56.149128 -3.514904
v -18.257999 78.403061 1.757494
v 12.204500 60.421860 -10.154205
v -15.328900 79.293251 -2.733806
v -2.050400 80.717430 -16.988707
v 2.440900 76.978783 -17.965107
v 12.009200 56.683208 -5.272404
v -6.932200 57.509789 14.121430
v -8.299100 81.963745 -12.302206
v -10.447100 63.626431 11.130495
v 12.790300 61.490013 -8.396705
v 12.595100 62.024189 -11.130505
v 12.790300 61.133995 -10.544705
v 12.009200 64.160515 -11.325805
v -10.056500 81.785683 -9.568307
v -11.618700 67.009056 9.373096
v 2.050400 49.886063 13.025457
v 4.393600 76.266647 -18.550905
v -5.370000 81.785683 -14.254906
v 12.009200 65.762833 -14.059605
v 6.151100 75.910622 -18.160305
v 6.346400 49.868450 9.704245
v 0.292900 79.471214 -17.184006
v 10.251800 70.747704 -15.817105
v -0.097600 51.517494 14.303020
v -12.790300 67.009056 10.739995
v 10.837600 53.140598 2.343296
v 12.790300 64.694588 -12.692705
v -2.440900 53.449829 15.128256
v -15.328900 70.213623 10.739994
v 4.198400 50.268532 12.438699
v -13.766700 80.539467 -1.366906
v -4.588900 55.800701 15.129281
v -17.672100 78.225006 4.100694
v -11.618700 82.141708 -7.225107
v -2.636200 81.429581 -15.426507
v -17.086300 73.240143 9.763595
v -17.867399 79.471214 1.171594
v -7.322701 82.853851 -10.935307
v 13.376200 60.421860 -6.639305
v 3.222000 78.403061 -17.769806
v -9.080200 82.141708 -8.982507
v -17.281599 74.130333 7.029794
v 8.494300 50.878220 8.012827
v 8.494300 74.842468 -17.184006
v -16.110001 71.459839 10.739994
v -17.476900 75.910622 6.248694
v -12.595100 82.141708 -4.491307
v -5.370000 82.497818 -13.083207
v -10.056500 82.497818 -7.615606
v 11.032900 69.679543 -14.059606
v 14.157200 62.558270 -9.568305
v -0.097600 53.333878 15.258695
v 10.642300 71.815865 -18.550905
v 11.228200 71.281792 -18.355606
v 10.837600 71.459839 -17.965107
v 13.180900 59.709717 -3.710204
v 2.050400 51.626892 14.025856
v 13.962001 63.092350 -10.349405
v -13.180900 68.255272 11.911594
v -11.423400 82.497818 -5.662907
v 6.541600 50.954483 11.010818
v 11.423400 71.815865 -18.355606
v 10.251800 52.659008 6.053396
v 13.766700 66.831001 -12.888004
v -15.524199 81.785683 0.390494
v -16.500500 81.429581 1.366894
v 5.370000 78.047035 -17.574505
v 11.032900 72.349945 -18.550905
v 9.275400 72.884117 -16.402906
v 1.074000 81.073547 -16.598206
v -16.891100 81.073547 2.929094
v -2.831400 82.853851 -14.450207
v 13.962001 62.380211 -8.592005
v -17.086300 74.842468 9.373095
v -17.281599 79.471214 3.905394
v -4.588900 57.501438 15.339229
v 4.198400 51.708847 13.406626
v -10.447100 67.187019 10.935295
v 3.222000 80.539467 -16.598206
v 11.618700 54.194935 3.905396
v 13.571400 65.762833 -10.740005
v -12.790300 81.785683 -2.148006
v -2.440900 55.474503 15.965474
v 12.399800 55.901371 1.366896
v -13.571400 69.679543 12.302194
v 13.376200 68.611298 -13.473805
v -11.618700 68.433334 12.106894
v 8.689600 51.984791 9.568296
v 10.837600 73.240143 -15.036006
v 13.962001 57.039230 -2.733804
v 13.571400 55.971069 -1.562204
v -5.760500 83.565987 -11.911607
v 13.962001 55.614960 -0.390504
v -7.127400 83.922089 -9.958906
v -8.299100 83.387932 -8.201406
v -1.269300 83.387932 -14.450207
v -16.500500 76.266647 10.154195
v 6.541600 78.047035 -16.402906
v 14.547799 62.202152 -4.100705
v 4.784200 79.827324 -16.402906
v 14.157200 63.270405 -7.420404
v -4.003100 83.922089 -12.692707
v 6.541600 52.152550 12.095724
v 10.251800 76.266647 -16.402906
v -10.837600 69.857513 10.349395
v -0.097600 55.362572 16.194164
v -16.110001 73.240143 11.716294
v -13.962001 71.281792 12.302194
v -9.080200 82.675789 -5.858207
v 2.050400 53.463348 15.128098
v 14.743100 56.505150 -1.562204
v -11.814000 82.497818 -2.733806
v -2.440900 57.483002 16.283451
v 15.328900 64.338562 -8.787305
v 10.642300 53.618519 7.615595
v -16.110001 79.827324 6.443994
v -16.500500 77.512863 8.982494
v 14.743100 58.463505 -3.319604
v 4.198400 53.495796 14.437054
v -8.884900 67.187019 12.106895
v 15.133600 65.228752 -9.763605
v -12.204500 68.789360 12.692695
v -16.695801 80.895493 4.100694
v 1.074000 82.319763 -15.621807
v 12.009200 73.240143 -12.888005
v 14.352501 66.652939 -11.521105
v 8.494300 76.800819 -16.793406
v 15.133600 57.929428 -2.343304
v 2.831400 81.785683 -15.426507
v -13.571400 82.675789 0.585793
v 13.962001 56.327095 0.390496
v 11.423400 74.486343 -15.231205
v -5.370000 84.456177 -10.349407
v -14.743100 72.349945 12.497394
v -2.050400 84.278122 -12.888006
v -11.618700 81.963745 0.195294
v 14.743100 57.039230 -0.390504
v 11.423400 73.774223 -13.473805
v -14.547799 83.031898 1.757493
v 12.009200 55.243404 5.467596
v -15.328900 82.675789 2.929094
v -9.861300 82.853851 -2.733806
v -7.322701 84.278122 -7.420406
v 12.790300 57.401379 2.147995
v -16.305199 80.717430 5.858194
v 14.743100 69.501480 -12.106906
v 13.376200 71.993919 -12.497405
v 4.393600 80.717430 -15.036007
v -8.299100 83.744034 -5.467607
v 15.524199 60.777878 -3.905405
v -12.595100 70.035561 13.473794
v 6.541600 53.887943 13.183551
v 8.689600 53.300583 10.739996
v 0.488200 83.387932 -14.254906
v -15.914700 75.376541 12.106894
v 14.743100 67.365082 -10.154205
v 15.328900 58.285450 -1.171605
v -16.500500 78.403061 8.006194
v -6.932200 67.187019 13.278496
v -8.884900 70.213623 11.911594
v -11.814000 70.391678 13.669095
v 14.352501 57.751369 0.390496
v -3.612500 84.634132 -10.349407
v 2.050400 55.485229 15.976513
v 8.299100 79.293251 -15.426507
v 6.736900 79.471214 -15.817106
v -11.032900 71.103729 13.278495
v 1.855100 82.853851 -13.669107
v 10.642300 54.748581 8.982496
v -8.689600 83.031898 -4.100707
v -9.861300 83.031898 -2.929106
v -1.074000 84.100067 -11.911607
v 13.571400 71.993919 -15.231205
v 14.352501 71.993919 -15.621806
v 14.352501 71.637901 -15.426506
v 16.110001 60.599915 -1.952705
v -5.565300 84.634132 -8.787307
v -13.180900 71.993919 13.669095
v 15.719400 65.584785 -4.491305
v 13.376200 59.353699 -1.366904
v 12.985600 58.107483 1.171595
v -15.524199 81.429581 5.467594
v 16.110001 60.599915 -2.929105
v -0.097600 57.634895 16.973557
v 14.743100 58.819530 -0.781105
v 4.198400 55.800701 15.145825
v -14.352501 74.664406 13.473794
v 15.133600 68.789360 -10.935306
v -15.328900 82.497818 4.491293
v 14.938299 71.993919 -14.840706
v 11.423400 74.664406 -13.864305
v -10.056500 82.497818 -0.000006
v 11.032900 76.266647 -15.036006
v 12.790300 59.175640 2.343295
v 13.962001 61.312050 -1.757505
v 9.666000 78.937141 -14.254906
v -7.322701 84.456177 -5.272407
v -10.251800 71.993919 10.935294
v -15.914700 76.622765 11.521094
v 12.009200 56.524799 6.834496
v -5.760500 85.346275 -8.006207
v -15.328900 78.759163 10.349395
v 14.938299 72.528000 -14.840706
v 4.784200 81.607628 -14.840707
v 16.305199 66.474976 -6.834506
v 15.133600 71.993919 -13.669106
v -8.299100 84.634132 -3.905406
v 2.050400 57.503056 16.317362
v 12.790300 59.175640 3.514895
v -9.275400 82.497818 -0.585806
v 8.689600 54.904823 11.718396
v 6.346400 81.607628 -14.450207
v -14.547799 80.717430 7.615593
v -15.328900 79.827324 9.763594
v 16.305199 67.365082 -8.201405
v -12.009200 71.815865 14.254893
v 6.541600 55.893963 13.920115
v -13.180900 73.774223 13.669095
v -12.009200 83.744034 2.343293
v -13.571400 83.565987 3.710193
v 15.914700 63.092350 -3.710205
v -10.447100 83.922089 -1.952706
v -9.666000 85.346275 -3.319607
v -3.417300 85.702393 -9.177807
v -14.938299 77.868980 11.716294
v 14.547799 71.815865 -11.521106
v -1.269300 85.168312 -10.935307
v 1.855100 83.922089 -12.888006
v 13.376200 62.202152 1.171595
v 15.719400 61.490013 -1.366905
v -4.588900 67.187019 14.254894
v -14.547799 82.141708 7.225093
v -5.174700 85.524330 -6.053407
v 16.500500 62.914291 -2.929105
v 4.003100 83.387932 -13.278507
v -10.447100 85.524330 -2.733807
v 13.571400 75.910622 -13.083206
v -10.251800 83.031898 1.366893
v -10.447100 72.349945 12.497394
v 7.518000 81.429581 -13.473806
v 15.719400 69.679543 -8.787306
v -14.743100 77.334900 12.887994
v 10.056500 78.403061 -13.083206
v 13.571400 59.175640 2.343295
v 15.524199 72.884117 -13.278506
v -8.884900 72.884117 11.521094
v -12.399800 73.062080 14.254893
v -10.056500 85.168312 -1.171607
v -13.180900 82.675789 6.248693
v 15.328900 64.516617 -3.514905
v 10.642300 56.327095 9.958895
v 15.719400 71.281792 -9.568306
v -11.423400 71.993919 14.254893
v 1.269300 84.990257 -11.716307
v 16.500500 62.380211 -1.952705
v -6.932200 70.569649 13.083195
v -6.346400 86.236473 -5.272407
v 14.938299 62.736233 -1.366905
v -3.612500 85.880356 -8.006207
v 13.571400 59.353699 3.514895
v -9.470699 87.126671 -3.124407
v 12.204500 76.088684 -13.669106
v -8.689600 82.853851 1.171593
v 4.198400 57.501438 15.346242
v -10.447100 85.880356 -1.952707
v -8.299100 84.812195 -0.390507
v -13.376200 83.387932 5.272393
v 5.370000 83.209953 -12.497406
v -8.299100 87.304626 -3.514907
v 8.689600 56.520256 12.317595
v 12.009200 58.107483 7.810896
v 6.541600 57.508831 14.119936
v 14.352501 60.599915 2.343295
v -0.683500 85.880356 -9.763607
v -2.440900 67.187019 14.840695
v -13.766700 76.622765 13.864294
v 15.328900 74.486343 -12.106906
v -10.447100 73.240143 14.059594
v -11.228200 73.596260 14.645395
v 2.440900 84.812195 -11.130507
v 15.719400 73.596260 -10.740005
v -9.470699 73.062080 13.473794
v -13.962001 80.717430 10.544694
v -9.666000 83.209953 2.538494
v -11.618700 83.922089 4.100693
v -1.464500 85.880356 -8.006207
v 12.790300 60.777878 4.491295
v -6.346400 86.948608 -3.710207
v -9.666000 87.660751 -2.343307
v -9.275400 87.482681 -1.366907
v -13.376200 80.183350 11.521093
v 8.299100 80.717430 -12.106907
v -12.790300 81.429581 8.982493
v 10.447100 57.929428 10.544696
v 16.305199 64.694588 -2.343305
v 16.305199 63.804485 -1.562205
v 13.376200 63.270405 3.905395
v 15.133600 65.406731 -2.343305
v -2.831400 86.058411 -6.444006
v 14.547799 61.490013 2.929095
v 11.618700 78.759163 -12.302205
v 15.133600 64.516617 1.171595
v -13.376200 78.047035 13.473794
v 15.133600 72.884117 -9.958905
v -11.228200 75.198486 14.450194
v 8.689600 58.290802 12.502032
v -6.932200 73.062080 12.692695
v 3.612500 84.278122 -10.349407
v 17.086300 69.501480 -5.467605
v -11.423400 83.565987 5.272393
v -4.003100 87.838715 -5.077107
v 15.719400 64.338562 -0.390505
v 6.151100 82.675789 -11.325807
v -12.204500 82.675789 8.201393
v 17.086300 68.255272 -4.296005
v 11.814000 59.531666 8.591995
v -0.097600 67.187019 15.035995
v 1.074000 85.346275 -9.373107
v -4.588900 70.747704 13.864294
v -12.985600 78.759163 12.497394
v -3.612500 87.126671 -5.858207
v -8.299100 88.550850 -2.929107
v -9.666000 83.209953 4.100693
v -8.689600 73.952278 14.059594
v -8.689600 85.168312 2.538493
v 9.666000 81.251602 -11.521107
v -7.518000 85.346275 1.562193
v -12.399800 83.031898 6.834494
v -9.666000 82.853851 5.272393
v 15.914700 72.349945 -6.834506
v 10.056500 59.531666 11.325795
v 16.305199 67.721191 -1.757505
v -8.299100 88.906960 -2.148007
v 14.743100 65.584785 -0.390505
v 1.074000 86.058411 -8.592007
v -12.009200 77.512863 14.254893
v -9.275400 84.812195 3.710193
v -7.518000 88.016762 -0.976407
v 13.571400 78.225006 -10.935306
v -0.292900 86.414528 -6.444006
v 7.127400 83.387932 -10.544707
v -12.204500 81.251602 10.739993
v 15.719400 73.596260 -7.615605
v 4.393600 84.990257 -9.568307
v -2.440900 70.747704 14.450194
v 12.790300 64.694588 5.858195
v -6.932200 73.774223 13.083195
v -9.861300 82.141708 7.225093
v 15.133600 77.334900 -9.177806
v 16.891100 70.569649 -6.053406
v -11.814000 78.403061 13.669095
v -9.470699 75.732567 13.669095
v -5.955800 89.084930 -3.319607
v -10.837600 81.429581 8.982493
v -11.423400 80.539467 11.716293
v -6.151100 87.126671 -0.781107
v -8.103800 75.020424 13.083195
v 14.547799 64.516617 3.905395
v -1.074000 87.838715 -5.662907
v 15.719400 75.910622 -8.592006
v 11.228200 61.668076 9.958895
v -10.837600 77.512863 14.254893
v -5.760500 73.240143 14.450194
v 11.228200 80.717430 -10.740006
v -8.689600 75.910622 13.083195
v -4.588900 73.240143 13.669095
v -10.642300 78.937141 12.692694
v -7.127400 74.486343 13.669095
v -6.151100 89.797058 -2.733807
v -4.003100 88.372879 -2.929107
v -9.666000 81.251602 8.982493
v -7.713300 88.906960 -1.562207
v -9.666000 83.922089 7.420293
v -10.447100 80.895493 10.544694
v 15.914700 67.543137 0.585795
v 2.636200 86.058411 -7.810907
v 19.234299 68.789360 -6.053405
v 15.328900 75.020424 -7.420405
v 2.050400 67.187019 14.840695
v -9.080200 77.690926 13.278495
v -8.689600 85.346275 5.467593
v -8.103800 75.554512 15.231194
v -9.861300 82.853851 8.201393
v 17.086300 70.747704 -5.272406
v -8.103800 86.592491 3.905393
v -9.470699 78.403061 12.692695
v 15.133600 64.872650 2.929095
v 9.275400 82.853851 -9.763607
v 13.180900 65.940804 4.295995
v 19.039101 68.077217 -4.100705
v -9.275400 84.812195 6.248693
v 20.601200 69.679543 -7.225105
v -9.470699 80.183350 10.935293
v 6.151100 84.990257 -8.787307
v -5.955800 87.126671 0.781093
v -9.666000 79.649269 11.911593
v -0.097600 70.569649 14.840694
v -5.760500 89.975113 -2.148007
v 18.062700 67.721191 -1.757505
v 10.056500 63.626431 11.130495
v -2.831400 88.728905 -3.905407
v -8.884900 77.156845 14.840694
v -5.565300 73.952278 15.035995
v -7.908500 85.346275 5.858193
v -2.440900 73.240143 14.254893
v 20.796499 68.967407 -6.053405
v -4.393600 89.441040 -1.562207
v 3.222000 86.236473 -6.248706
v -0.683500 88.550850 -4.686507
v -9.470699 82.319763 10.935293
v 13.962001 79.471214 -8.787307
v -6.932200 87.126671 2.733793
v -8.494300 83.565987 8.982493
v 12.009200 65.406731 7.615594
v 4.198400 67.187019 14.254894
v 16.500500 73.240143 -3.905406
v 21.382301 70.035561 -7.029805
v -4.979400 87.304626 1.757493
v 15.133600 67.365082 3.514895
v 21.382301 69.679543 -7.029805
v -8.299100 78.937141 14.450193
v -3.612500 90.687256 -2.538507
v -3.222000 90.687256 -3.319607
v -9.470699 82.853851 9.763594
v 2.245600 66.652939 15.035995
v 3.807800 65.166069 15.210567
v 2.050400 66.294472 15.816291
v 11.814000 81.429581 -8.982507
v 19.429600 67.899162 -2.538505
v -4.003100 73.952278 16.012295
v -8.494300 76.444702 15.817094
v 21.187099 69.323433 -5.467605
v 0.097600 68.255272 16.012295
v -9.275400 81.785683 12.497393
v 9.275400 83.922089 -7.615606
v -8.884900 80.005394 14.450193
v -4.003100 88.194824 0.390493
v 4.003100 66.296921 14.645396
v 14.547799 67.543137 4.686495
v 2.440900 87.482681 -5.662907
v -3.807800 88.194824 -1.366907
v 0.488200 68.789360 15.231194
v 19.039101 70.925758 -4.881806
v 12.204500 67.187019 7.420295
v -8.689600 85.702393 7.615593
v 15.328900 75.198486 -4.100706
v 2.831400 65.939178 16.597658
v 6.151100 85.346275 -6.639307
v 0.878700 67.365082 17.379194
v 2.245600 68.433334 14.840694
v -2.245600 88.906960 -2.148007
v -5.565300 75.020424 16.598194
v 6.346400 67.187019 13.278496
v -3.026700 73.774223 14.645395
v 6.736900 64.872650 14.450195
v -3.417300 89.797058 -2.343307
v -1.464500 70.213623 16.793394
v 4.784200 65.050697 16.207594
v 6.346400 64.516617 14.840695
v -0.097600 71.637901 14.645395
v 17.476900 71.993919 -2.733806
v -8.299100 82.675789 11.911593
v -8.494300 85.168312 8.591993
v 15.133600 77.868980 -5.858206
v -8.299100 77.868980 16.793394
v -8.689600 78.403061 15.231194
v 2.245600 66.831001 18.160294
v 14.743100 64.694588 6.443995
v 14.547799 65.406731 5.662895
v 16.305199 65.406731 3.905395
v 18.648500 68.077217 1.562195
v 11.032900 67.009056 9.373096
v 0.097600 70.747704 15.231194
v 16.695801 67.899162 1.952695
v 19.624899 68.611298 -0.585805
v -1.855100 71.815865 15.817094
v -6.151100 88.016762 3.905393
v -0.878700 69.323433 18.160294
v -6.932200 87.126671 5.467593
v 10.056500 67.187019 10.935295
v -9.080200 81.607628 13.669094
v 2.050400 70.569649 14.450194
v 13.180900 68.077217 5.858195
v 15.328900 64.338562 7.029795
v -6.346400 76.266647 18.746094
v 7.322701 64.160515 15.231194
v 16.305199 66.831001 2.538495
v 17.281599 65.406731 4.295995
v 12.009200 82.141708 -7.225107
v 14.547799 67.187019 5.467595
v 11.814000 65.050697 10.349396
v 5.174700 67.543137 14.840694
v 6.541600 64.516617 16.012295
v -8.299100 84.634132 10.349394
v 6.932200 66.118866 15.035995
v -8.299100 84.100067 11.521093
v 8.299100 64.160515 14.450195
v -2.831400 72.884117 16.598194
v -5.955800 75.732567 18.160294
v 19.429600 70.925758 -1.562206
v 13.180900 80.895493 -7.420406
v 18.062700 66.831001 2.343295
v 0.488200 88.906960 -3.514907
v 13.962001 64.338562 9.373096
v 12.399800 64.516617 10.349396
v 8.884900 64.516617 14.059595
v 4.003100 65.940804 17.379194
v -7.518000 86.948608 7.029793
v -2.245600 71.637901 17.965096
v 6.346400 86.414528 -5.858207
v 12.204500 66.118866 9.568295
v 0.683500 68.077217 18.941393
v -1.659800 88.728905 -0.195307
v 6.736900 64.872650 16.207594
v 8.689600 64.160515 15.231194
v 4.198400 70.569649 13.864294
v 3.417300 70.569649 15.035995
v 4.003100 69.323433 15.035995
v 16.500500 64.694588 7.810895
v -6.932200 85.168312 9.373094
v -6.736900 77.156845 18.746094
v -1.659800 87.838715 1.366893
v 2.831400 88.016762 -4.686507
v 14.938299 64.338562 9.568295
v 16.500500 74.308296 -2.733806
v -3.807800 74.486343 17.769794
v 14.352501 79.649269 -6.248706
v -4.198400 88.372879 2.733793
v 11.618700 64.872650 12.497395
v 8.884900 64.694588 14.645396
v -5.174700 87.304626 6.248693
v -6.932200 79.827324 16.793394
v 9.275400 66.474976 12.692696
v 19.429600 66.831001 2.929095
v 9.470699 66.831001 11.325795
v 10.056500 84.812195 -6.834507
v 10.056500 65.406731 12.887995
v 4.198400 66.831001 17.769794
v -0.488200 69.857513 19.527195
v 7.127400 65.762833 15.817095
v 14.743100 77.156845 -4.296006
v -6.736900 80.361412 16.207594
v 12.985600 64.694588 12.302195
v -6.736900 87.304626 8.201393
v 11.032900 66.831001 10.739995
v 15.328900 76.800819 -4.491306
v 19.234299 74.664406 -6.053406
v 0.878700 88.906960 -2.148007
v 2.050400 68.433334 19.527195
v 0.488200 69.323433 19.917793
v -2.050400 71.993919 19.136694
v 7.713300 67.187019 13.669096
v -8.103800 82.141708 14.840693
v 10.447100 69.857513 10.349395
v 11.618700 68.611298 10.154195
v 13.766700 82.497818 -8.201406
v 5.370000 67.721191 16.402895
v 19.429600 73.596260 -5.662906
v 10.056500 68.611298 11.130494
v 8.494300 68.611298 12.106894
v -8.103800 83.387932 13.473793
v 19.234299 73.240143 -4.100706
v 5.370000 67.009056 17.183994
v 8.103800 66.652939 14.645396
v 15.133600 64.694588 10.544696
v 18.648500 70.747704 3.319594
v -4.784200 88.372879 5.272393
v 20.601200 73.240143 -4.881806
v 4.198400 88.016762 -3.710207
v 9.861300 65.584785 14.059595
v 16.891100 73.774223 -0.390506
v 7.127400 68.611298 13.278495
v 20.991800 74.664406 -5.858206
v 14.157200 83.209953 -8.396707
v 21.187099 73.952278 -6.053406
v -3.807800 88.728905 3.710193
v 6.541600 68.077217 15.035995
v 13.766700 79.293251 -3.319606
v 12.595100 82.141708 -4.686507
v 11.228200 65.584785 14.254894
v 8.494300 70.213623 11.911594
v 7.713300 86.592491 -5.077107
v 20.406000 67.721191 2.343295
v 14.157200 82.497818 -7.810907
v -5.955800 86.770554 9.177794
v -6.932200 78.225006 18.550894
v -6.541600 83.922089 12.692694
v 13.766700 80.539467 -4.100706
v 4.784200 70.213623 15.231194
v -7.322701 78.937141 17.574493
v 16.891100 65.406731 9.177795
v 19.429600 73.240143 -2.343306
v 18.062700 76.800819 -4.296006
v 18.257999 66.296921 6.443995
v -6.541600 85.880356 10.739993
v 20.015400 68.077217 2.538495
v 4.198400 70.035561 16.988695
v 6.541600 68.077217 16.012295
v 17.672100 69.145370 3.710194
v 1.074000 88.550850 -0.390507
v -6.932200 82.319763 15.817093
v -6.541600 85.346275 12.106894
v -1.464500 88.550850 2.343293
v 20.991800 73.596260 -3.710206
v 4.198400 69.145370 18.160294
v -3.222000 74.664406 20.113094
v 21.968100 74.130333 -5.662906
v 3.612500 68.789360 18.941393
v 13.766700 65.406731 13.083196
v 14.938299 79.827324 -2.538506
v 8.689600 67.187019 16.207594
v 21.187099 75.020424 -4.881806
v -1.464500 72.884117 20.894094
v 11.032900 84.812195 -6.053407
v -3.807800 75.910622 20.698895
v 17.086300 66.296921 9.177795
v 14.547799 83.031898 -7.810907
v 4.393600 88.016762 -2.343307
v 0.292900 70.925758 20.698895
v 1.855100 87.482681 0.781093
v 14.157200 83.387932 -7.810907
v 11.228200 66.474976 15.426496
v 21.577600 74.308296 -4.686506
v -7.127400 83.565987 14.840693
v -4.979400 88.194824 7.225093
v 4.198400 87.838715 -1.366907
v 18.062700 73.240143 1.952694
v -4.393600 77.690926 20.308294
v 7.713300 86.770554 -3.710207
v -5.955800 79.827324 18.160294
v 12.790300 83.209953 -4.686507
v 18.453199 68.077217 6.639295
v 2.245600 70.569649 20.113094
v 19.234299 74.130333 -0.976406
v -4.393600 86.236473 9.958893
v -6.736900 84.278122 14.059593
v 2.050400 88.194824 1.952693
v -1.855100 88.016762 6.053393
v -1.464500 88.906960 3.710193
v 6.151100 69.501480 17.574493
v 12.399800 81.607628 -2.148006
v 16.305199 80.005394 -1.952706
v -4.979400 79.293251 19.331995
v 11.228200 84.990257 -4.686507
v -5.174700 80.717430 17.183994
v 18.453199 72.528000 2.733794
v 12.204500 84.100067 -4.296007
v 17.867399 67.009056 8.201395
v 7.127400 86.948608 -1.952707
v 15.524199 66.296921 11.911595
v -6.346400 81.607628 16.598194
v 19.429600 75.376541 -0.976406
v 8.884900 68.255272 17.183994
v 17.867399 69.145370 6.248694
v 16.695801 70.391678 6.248694
v -3.807800 88.372879 8.201393
v 18.062700 74.308296 0.390494
v 3.612500 71.993919 18.355595
v 15.914700 67.009056 10.935295
v 13.180900 67.187019 14.840695
v 19.429600 76.444702 -1.952706
v 10.837600 83.387932 -1.562207
v 0.878700 71.459839 20.698895
v -1.464500 88.906960 5.077093
v 5.174700 86.770554 0.195293
v 16.891100 75.020424 1.757494
v 2.831400 71.993919 19.722494
v -4.393600 84.812195 13.278494
v -1.269300 74.130333 21.089396
v -6.151100 83.209953 15.817093
v -4.003100 80.361412 18.355595
v 1.074000 88.728905 3.514893
v 18.648500 77.156845 -2.733806
v 9.666000 85.524330 -2.538507
v -4.588900 86.592491 11.130493
v 11.032900 67.899162 16.402895
v -3.807800 87.660751 9.373094
v 6.736900 70.747704 18.355595
v 13.766700 67.721191 14.254893
v -4.979400 84.634132 15.035994
v -2.245600 88.728905 7.225093
v 16.500500 69.323433 10.544695
v 8.494300 85.346275 -0.585807
v -4.003100 81.073547 17.574493
v 13.766700 68.611298 13.278495
v 0.097600 73.596260 21.089396
v 16.500500 70.391678 9.763595
v -4.588900 86.058411 12.497393
v 12.985600 83.209953 -0.585807
v 17.281599 76.088684 1.952694
v -2.245600 76.444702 21.089396
v -4.393600 82.675789 16.988695
v 1.269300 73.418198 20.698895
v 16.891100 72.528000 7.810894
v 5.955800 87.304626 1.757493
v 9.080200 85.524330 0.195293
v -1.659800 86.948608 9.958893
v 2.831400 74.486343 18.746094
v 15.328900 68.967407 12.302194
v 17.086300 75.554512 5.077095
v 17.086300 73.774223 7.810894
v -2.050400 86.770554 11.325793
v -3.222000 79.649269 19.527195
v 2.440900 87.660751 5.858193
v -0.488200 75.554512 21.089396
v 16.891100 79.827324 0.585794
v 16.500500 70.925758 8.982494
v 16.500500 80.539467 -0.585806
v 10.447100 69.501480 17.379194
v -1.855100 88.550850 8.591993
v 2.831400 88.194824 4.881793
v 13.766700 83.387932 -0.000007
v -4.784200 84.278122 15.817093
v 15.328900 72.706062 8.982494
v 15.328900 77.690926 3.514894
v -2.440900 78.047035 20.698895
v 16.891100 78.937141 1.952694
v 0.488200 88.728905 7.225093
v 4.588900 73.596260 19.136694
v 10.056500 85.702393 0.781093
v 4.393600 88.194824 3.319593
v -2.636200 86.236473 13.083194
v 11.618700 69.857513 16.598194
v -2.831400 82.853851 16.598194
v -2.245600 80.005394 18.550894
v 7.322701 72.528000 18.746094
v 0.097600 86.770554 10.349394
v 1.855100 74.842468 20.113094
v -2.245600 84.990257 14.840693
v -2.440900 81.785683 18.160294
v 0.292900 87.838715 9.568294
v 13.766700 70.925758 14.450194
v 17.086300 74.842468 7.029794
v 1.855100 76.622765 18.941393
v 0.292900 76.266647 20.698895
v -1.074000 78.225006 20.308294
v 11.423400 71.281792 15.621795
v 8.103800 86.948608 2.538493
v -1.074000 84.812195 14.059593
v 16.110001 78.937141 3.514894
v -0.878700 78.759163 19.722494
v 9.470699 72.528000 17.965096
v 14.743100 71.993919 13.473794
v 2.636200 76.800819 19.136694
v -2.831400 84.100067 16.598194
v 7.127400 87.126671 3.905393
v 4.784200 75.376541 19.331995
v 14.743100 73.952278 11.911594
v -0.097600 78.937141 18.941393
v 0.878700 77.156845 19.917793
v 11.032900 85.524330 1.562193
v -1.464500 80.717430 18.746094
v 5.955800 86.948608 5.272393
v 15.328900 78.937141 4.100694
v 13.766700 79.649269 4.686494
v 14.547799 83.031898 0.976393
v 0.878700 88.550850 8.591993
v 15.133600 75.554512 10.349395
v -1.659800 84.812195 16.012293
v 14.743100 82.675789 2.147994
v 0.097600 86.592491 12.497393
v -0.878700 81.785683 18.160294
v 3.807800 88.372879 6.834493
v 15.133600 78.937141 6.443994
v 2.245600 78.403061 19.331995
v 6.736900 75.020424 19.136694
v 14.547799 81.963745 3.514894
v 14.157200 75.020424 10.544695
v 12.595100 84.634132 1.757493
v 10.837600 85.702393 3.319593
v 0.097600 86.058411 13.669094
v 0.683500 80.539467 18.941393
v 12.204500 72.884117 15.817094
v 0.292900 81.963745 17.379194
v 9.275400 73.952278 16.793394
v 3.417300 86.236473 9.763594
v 0.878700 83.209953 17.183994
v 13.376200 82.141708 4.881793
v 6.736900 87.838715 6.053393
v 8.494300 86.236473 4.686493
v 15.524199 78.403061 7.810894
v 7.518000 75.554512 18.355595
v 4.198400 77.690926 19.331995
v 3.612500 87.482681 9.373094
v 12.399800 81.785683 5.467594
v 12.790300 84.278122 2.929093
v 1.074000 84.634132 15.231193
v 0.097600 84.100067 16.793394
v 4.198400 86.058411 10.739993
v 13.180900 81.251602 7.225094
v 3.807800 88.194824 8.396693
v 2.831400 84.100067 14.059593
v 3.612500 85.880356 12.497393
v 2.245600 80.183350 18.746094
v 15.524199 76.622765 9.763595
v 8.494300 87.304626 5.467593
v 9.666000 85.168312 5.272393
v 10.447100 75.020424 16.598194
v 13.180900 74.130333 15.035995
v 12.204500 77.690926 11.911594
v 12.204500 83.922089 4.686493
v 10.837600 83.209953 6.053393
v 9.275400 84.278122 6.443993
v 7.518000 76.622765 17.379194
v 15.328900 77.690926 8.982494
v 12.399800 77.334900 13.278495
v 3.222000 80.539467 17.574493
v 11.228200 83.031898 7.810894
v 3.222000 85.168312 13.669094
v 5.174700 78.047035 18.746094
v 5.955800 88.016762 7.420293
v 7.322701 85.168312 8.982493
v 6.736900 86.592491 8.787293
v 13.180900 75.376541 14.059594
v 5.370000 78.937141 17.574493
v 11.423400 86.592491 5.662893
v 9.080200 84.456177 8.201393
v 13.571400 80.717430 8.787293
v 11.228200 85.702393 6.639294
v 2.050400 83.922089 16.207594
v 13.180900 78.581123 11.716294
v 6.736900 87.482681 8.201393
v 8.884900 77.512863 17.183994
v 4.198400 81.429581 17.574493
v 11.618700 75.910622 16.012295
v 7.713300 84.990257 9.958893
v 13.571400 80.005394 9.958893
v 13.571400 79.115204 10.935293
v 10.251800 85.880356 7.810894
v 7.127400 79.827324 17.379194
v 4.393600 83.387932 15.231193
v 9.080200 87.824295 6.264027
v 10.251800 79.827324 12.887993
v 5.760500 82.853851 13.864293
v 11.618700 82.675789 9.177794
v 9.666000 83.922089 9.568294
v 6.346400 83.922089 13.473793
v 3.807800 82.853851 16.988695
v 6.932200 84.456177 12.497393
v 7.322701 84.812195 11.325793
v 11.228200 80.539467 12.497393
v 9.080200 87.838715 6.834493
v 9.666000 86.948608 7.810894
v 7.127400 80.895493 16.793394
v 11.032900 78.047035 15.231194
v 10.056500 79.827324 14.450193
v 5.174700 82.675789 16.012295
v 8.103800 81.429581 13.473793
v 7.518000 81.785683 15.035994
v 8.884900 82.675789 13.083194
v 10.056500 78.225006 16.402895
v 11.675037 87.660751 5.737072
v 9.666000 83.565987 10.739993
v 11.814000 81.963745 10.544694
v 11.618700 81.251602 11.521093
v 8.494300 80.361412 15.817093
v 9.470699 83.209953 11.911593
v 12.009200 86.948608 6.443993
v 12.065933 88.194824 6.053393
v 12.065933 87.838715 6.487443
v -5.101365 63.466396 13.971678
v -5.034761 63.628971 14.193246
v -4.301925 62.877838 14.478850
v -4.476701 62.882729 14.247119
v -7.664862 62.085426 12.897773
v -7.937808 62.079395 12.979500
v -7.442069 61.288120 13.091353
v -7.670857 61.175335 13.205159
v -5.968493 60.490814 13.918779
v -6.008629 60.318039 14.126610
v -5.048086 60.552700 14.534589
v -5.109442 60.704456 14.298635
v -4.478993 61.288120 14.477510
v -4.331069 61.203453 14.709912
v -4.248378 62.085426 14.401402
v -4.066812 62.090294 14.625522
v -6.891584 63.669216 13.505567
v -6.810515 63.466396 13.311004
v -5.999916 63.864429 13.826139
v -5.955896 63.680035 13.632895
v -6.954782 60.530552 13.684469
v -6.823860 60.704456 13.512870
v -7.433347 62.882729 12.982504
v -7.675126 62.991150 13.078994
v 4.723117 63.456760 13.900428
v 4.666635 63.607990 14.123895
v 5.846026 63.839520 13.660346
v 5.569241 63.670033 13.526702
v 4.678000 60.554325 14.459717
v 4.730908 60.694759 14.225043
v 4.101635 61.278725 14.406158
v 3.955917 61.194328 14.640008
v 5.588474 60.480740 13.843678
v 5.633757 60.304916 14.057550
v 6.479536 63.669460 13.433620
v 6.426211 63.455997 13.220565
v 7.287210 61.166466 13.122189
v 7.058371 61.277431 13.006622
v 6.508633 60.496677 13.649777
v 6.440135 60.694008 13.425141
v 7.281017 62.074654 12.812391
v 7.556088 62.068802 12.895190
v 3.871091 62.076164 14.330770
v 3.696158 62.080940 14.554547
v 3.918266 62.868347 14.409785
v 4.098528 62.873379 14.164371
v 7.049931 62.872066 12.897449
v 7.290160 62.978165 12.996350
v -4.588900 46.329018 -8.592004
v -5.621891 46.813671 -7.972220
v -6.541600 47.424572 -7.029804
v -7.713300 47.781639 -5.858204
v -7.713300 48.137661 -5.467604
v -2.636200 47.242466 -8.787304
v -2.636200 45.752697 -9.373104
v -0.097600 45.561646 -9.568304
v -8.103800 48.137661 -3.514904
v 2.245600 45.752697 -9.373104
v -8.103800 47.424152 -1.757504
v -7.713300 46.150299 -0.195303
v -6.932200 44.036282 0.976397
v -5.565300 42.524002 2.147997
v 4.198400 46.329018 -8.592004
v -4.003100 41.770565 3.124397
v -1.074000 38.191864 4.295997
v -0.097600 37.626808 4.881797
v -2.050400 39.887020 4.100697
v 0.683500 38.191864 4.295997
v 1.659800 39.887020 4.100697
v 5.193787 46.796028 -7.994781
v 6.151100 47.424572 -7.029804
v 3.612500 41.770565 3.124397
v 7.322701 47.781639 -5.858204
v 7.322701 48.137661 -5.467604
v 5.174700 42.524002 2.147997
v 6.541600 44.037766 0.976397
v 7.713300 48.137661 -3.514904
v 7.322701 46.152012 -0.195303
v 7.713300 47.424152 -1.757504
v 8.494300 67.187019 12.106895
v 6.346400 70.569649 13.083195
v 9.080200 70.747704 11.911594
v -17.067598 77.527695 5.975850
v -6.266193 46.006828 -8.390317
v -5.110557 45.497505 -9.129997
v -7.295099 46.648830 -7.265594
v -8.605918 47.024075 -5.867352
v -8.605918 47.398220 -5.401192
v -2.926013 44.891846 -10.062198
v -0.086006 44.691071 -10.295158
v -9.042780 47.398220 -3.070749
v 2.535400 44.891846 -10.062198
v -8.605918 45.309689 0.891016
v -9.042780 46.648388 -0.973386
v -6.202883 41.498791 3.687620
v -7.732078 43.088051 2.289378
v 4.720057 45.497505 -9.129997
v -4.455204 40.707001 4.852901
v -1.178334 36.946121 6.251143
v -0.086006 36.352303 6.950264
v -2.270661 38.727566 6.018063
v 0.787834 36.946121 6.251143
v 1.880050 38.727566 6.018063
v 5.833626 45.988289 -8.417244
v 6.904598 46.648830 -7.265594
v 4.064593 40.707001 4.852901
v 8.215303 47.024075 -5.867352
v 8.215303 47.398220 -5.401192
v 5.812272 41.498791 3.687620
v 7.341463 43.089611 2.289378
v 8.652280 47.398220 -3.070749
v 8.215303 45.311489 0.891016
v 8.652280 46.648388 -0.973386
v -5.944042 46.212288 -8.181269
v -6.918349 46.838737 -7.147699
v -8.159609 47.204895 -5.862778
v -8.159609 47.569977 -5.434398
v -8.573290 47.569977 -3.292826
v -8.573290 46.838306 -1.365445
v -8.159609 45.532028 0.347856
v -7.332139 43.364204 1.632887
v -5.884091 41.813431 2.917809
v -4.229152 41.040817 3.988649
v -2.160530 39.109329 5.059380
v -1.126167 37.371029 5.273570
v -0.091803 36.791592 5.916031
v 0.735667 37.371029 5.273570
v 1.769925 39.109329 5.059380
v 3.838547 41.040817 3.988649
v 5.493486 41.813431 2.917809
v 6.941532 43.365723 1.632887
v 7.769002 45.533787 0.347856
v 8.182790 46.838306 -1.365445
v 8.182790 47.569977 -3.292826
v 7.769002 47.569977 -5.434398
v 7.769002 47.204895 -5.862778
v 6.527849 46.838737 -7.147699
v 5.513706 46.194195 -8.206013
v 4.459229 45.715298 -8.861000
v 2.390500 45.124306 -9.717651
v -0.091803 44.928394 -9.931731
v -2.781106 45.124306 -9.717651
v -4.849729 45.715298 -8.861000
v -8.187918 -42.806885 6.396584
v -10.140617 -42.221085 6.982484
v -12.093319 -41.830582 6.787183
v -13.850819 -41.244781 5.810783
v -15.217718 -40.658882 4.639183
v -16.194017 -40.268379 2.686483
v -16.584620 -40.073082 0.147883
v -16.389318 -40.268379 -2.000117
v -15.413017 -40.463676 -3.952816
v -13.852388 -41.054367 -5.299303
v -12.094888 -41.249664 -6.470902
v -10.337487 -41.835464 -6.666203
v -8.579988 -42.421265 -6.275603
v -7.017788 -43.202362 -5.494503
v -5.846188 -43.788162 -3.932403
v -5.063519 -44.173782 -1.609516
v -5.063519 -44.173782 0.733683
v -5.649319 -43.978584 3.272284
v -6.821018 -43.392685 5.224983
v 6.821018 -43.392685 5.224983
v 5.649319 -43.978584 3.272284
v 5.063519 -44.173782 0.733683
v 5.063519 -44.173782 -1.609516
v 5.846188 -43.788162 -3.932403
v 7.017788 -43.202362 -5.494503
v 8.579988 -42.421265 -6.275603
v 10.337487 -41.835464 -6.666203
v 12.094888 -41.249664 -6.470902
v 13.852388 -41.054367 -5.299303
v 15.413017 -40.463676 -3.952816
v 16.389318 -40.268379 -2.000117
v 16.584620 -40.073082 0.147883
v 16.194017 -40.268379 2.686483
v 15.217718 -40.658882 4.639183
v 13.850819 -41.244781 5.810783
v 12.093319 -41.830582 6.787183
v 10.140617 -42.221085 6.982484
v 8.187918 -42.806885 6.396584
v 7.244590 -68.950668 -0.937335
v 6.483020 -68.950668 -2.909565
v 6.287810 -68.950668 -4.706025
v 6.483020 -68.950668 -6.502574
v 7.264120 -68.950668 -7.889005
v 8.631020 -68.950676 -8.865395
v 10.056499 -68.950668 -9.255904
v 11.657750 -68.950668 -9.236374
v 13.239479 -68.950668 -8.631044
v 14.411080 -68.950668 -7.439914
v 15.370147 -68.968391 -6.039651
v 15.564301 -68.962875 -4.255888
v 15.349006 -68.961105 -2.097723
v 14.557778 -68.966026 -0.330628
v 13.396138 -68.966522 0.830960
v 11.834128 -68.960358 1.622595
v 10.066619 -68.956985 1.447844
v 9.985506 -68.955368 1.427756
v 8.628648 -68.954269 0.646762
v 7.201622 -70.382462 -0.997598
v 6.431221 -70.382462 -2.918490
v 6.235925 -70.382462 -4.665291
v 6.420622 -70.382462 -6.596882
v 7.191022 -70.382462 -7.963781
v 8.547318 -70.382462 -8.929482
v 10.273004 -70.382462 -9.309473
v 11.845809 -70.382462 -9.298874
v 13.138487 -70.382462 -8.744882
v 14.494781 -70.382462 -7.594391
v 15.460577 -70.382462 -6.053395
v 15.840479 -70.382462 -4.306599
v 15.471182 -70.382462 -2.016317
v 14.721891 -70.382462 -0.269515
v 13.565041 -70.369736 1.120712
v 11.837325 -70.369736 1.706607
v 10.088309 -70.382462 1.715092
v 8.536713 -70.382462 0.749297
vt 0.000000 0.000000
vt 1.000000 0.000000
vt 1.000000 1.000000
vt 0.000000 1.000000
vt 0.000000 0.000000
vt 1.000000 0.000000
vt 1.000000 1.000000
vt 0.000000 1.000000
vt 0.000000 0.000000
vt 1.000000 0.000000
vt 1.000000 1.000000
vt 0.000000 1.000000
vt 0.000000 0.000000
vt 1.000000 0.000000
vt 1.000000 1.000000
vt 0.000000 1.000000
vt 0.000000 0.000000
vt 1.000000 0.000000
vt 1.000000 1.000000
vt 0.000000 1.000000
vt 0.000000 0.000000
vt 1.000000 0.000000
vt 1.000000 1.000000
vt 0.000000 1.000000
vt 0.000000 0.000000
vt 1.000000 0.000000
vt 1.000000 1.000000
vt 0.000000 1.000000
vt 0.000000 0.000000
vt 1.000000 0.000000
vt 1.000000 1.000000
vt 0.000000 1.000000
vt 0.000000 0.000000
vt 1.000000 0.000000
vt 1.000000 1.000000
vt 0.000000 1.000000
vt 0.000000 0.000000
vt 1.000000 0.000000
vt 1.000000 1.000000
vt 0.000000 1.000000
vt 0.000000 0.000000
vt 1.000000 0.000000
vt 1.000000 1.000000
vt 0.000000 1.000000
vt 0.000000 0.000000
vt 1.000000 0.000000
vt 1.000000 1.000000
vt 0.000000 1.000000
vt 0.000000 0.000000
vt 1.000000 0.000000
vt 1.000000 1.000000
vt 0.000000 1.000000
vt 0.000000 0.000000
vt 1.000000 0.000000
vt 1.000000 1.000000
vt 0.000000 1.000000
vt 0.000000 0.000000
vt 1.000000 0.000000
vt 1.000000 1.000000
vt 0.000000 1.000000
vt 0.000000 0.000000
vt 1.000000 0.000000
vt 1.000000 1.000000
vt 0.000000 1.000000
vt 0.000000 0.000000
vt 1.000000 0.000000
vt 1.000000 1.000000
vt 0.000000 1.000000
vt 0.000000 0.000000
vt 1.000000 0.000000
vt 1.000000 1.000000
vt 0.000000 1.000000
vt 0.000000 0.000000
vt 1.000000 0.000000
vt 1.000000 1.000000
vt 0.000000 1.000000
vt 0.000000 0.000000
vt 1.000000 0.000000
vt 1.000000 1.000000
vt 0.000000 1.000000
vt 0.000000 0.000000
vt 1.000000 0.000000
vt 1.000000 1.000000
vt 0.000000 1.000000
vt 0.000000 0.000000
vt 1.000000 0.000000
vt 1.000000 1.000000
vt 0.000000 1.000000
vt 0.000000 0.000000
vt 1.000000 0.000000
vt 1.000000 1.000000
vt 0.000000 1.000000
vt 0.000000 0.000000
vt 1.000000 0.000000
vt 1.000000 1.000000
vt 0.000000 1.000000
vt 0.000000 0.000000
vt 1.000000 0.000000
vt 1.000000 1.000000
vt 0.000000 1.000000
vt 0.000000 0.000000
vt 1.000000 0.000000
vt 1.000000 1.000000
vt 0.000000 1.000000
vt 0.000000 0.000000
vt 1.000000 0.000000
vt 1.000000 1.000000
vt 0.000000 1.000000
vt 0.000000 0.000000
vt 1.000000 0.000000
vt 1.000000 1.000000
vt 0.000000 1.000000
vt 0.000000 0.000000
vt 1.000000 0.000000
vt 1.000000 1.000000
vt 0.000000 1.000000
vt 0.000000 0.000000
vt 1.000000 0.000000
vt 1.000000 1.000000
vt 0.000000 1.000000
vt 0.000000 0.000000
vt 1.000000 0.000000
vt 1.000000 1.000000
vt 0.000000 1.000000
vt 0.000000 0.000000
vt 1.000000 0.000000
vt 1.000000 1.000000
vt 0.000000 1.000000
vt 0.000000 0.000000
vt 1.000000 0.000000
vt 1.000000 1.000000
vt 0.000000 1.000000
vt 0.000000 0.000000
vt 1.000000 0.000000
vt 1.000000 1.000000
vt 0.000000 1.000000
vt 0.000000 0.000000
vt 1.000000 0.000000
vt 1.000000 1.000000
vt 0.000000 1.000000
vt 0.000000 0.000000
vt 1.000000 0.000000
vt 1.000000 1.000000
vt 0.000000 1.000000
vt 0.000000 0.000000
vt 1.000000 0.000000
vt 1.000000 1.000000
vt 0.000000 1.000000
vt 0.000000 0.000000
vt 1.000000 0.000000
vt 1.000000 1.000000
vt 0.000000 1.000000
vt 0.000000 0.000000
vt 1.000000 0.000000
vt 1.000000 1.000000
vt 0.000000 1.000000
vt 0.000000 0.000000
vt 1.000000 0.000000
vt 1.000000 1.000000
vt 0.000000 1.000000
vt 0.000000 0.000000
vt 1.000000 0.000000
vt 1.000000 1.000000
vt 0.000000 1.000000
vt 0.000000 0.000000
vt 1.000000 0.000000
vt 1.000000 1.000000
vt 0.000000 1.000000
vt 0.000000 0.000000
vt 1.000000 0.000000
vt 1.000000 1.000000
vt 0.000000 1.000000
vt 0.000000 0.000000
vt 1.000000 0.000000
vt 1.000000 1.000000
vt 0.000000 1.000000
vt 0.000000 0.000000
vt 1.000000 0.000000
vt 1.000000 1.000000
vt 0.000000 1.000000
vt 0.000000 0.000000
vt 1.000000 0.000000
vt 1.000000 1.000000
vt 0.000000 1.000000
vt 0.000000 0.000000
vt 1.000000 0.000000
vt 1.000000 1.000000
vt 0.000000 1.000000
vt 0.000000 0.000000
vt 1.000000 0.000000
vt 1.000000 1.000000
vt 0.000000 1.000000
vt 0.000000 0.000000
vt 1.000000 0.000000
vt 1.000000 1.000000
vt 0.000000 1.000000
vt 0.000000 0.000000
vt 1.000000 0.000000
vt 1.000000 1.000000
vt 0.000000 1.000000
vt 0.000000 0.000000
vt 1.000000 0.000000
vt 1.000000 1.000000
vt 0.000000 1.000000
vt 0.000000 0.000000
vt 1.000000 0.000000
vt 1.000000 1.000000
vt 0.000000 1.000000
vt 0.000000 0.000000
vt 1.000000 0.000000
vt 1.000000 1.000000
vt 0.000000 1.000000
vt 0.000000 0.000000
vt 1.000000 0.000000
vt 1.000000 1.000000
vt 0.000000 1.000000
vt 0.000000 0.000000
vt 1.000000 0.000000
vt 1.000000 1.000000
vt 0.000000 1.000000
vt 0.000000 0.000000
vt 1.000000 0.000000
vt 1.000000 1.000000
vt 0.000000 1.000000
vt 0.000000 0.000000
vt 1.000000 0.000000
vt 1.000000 1.000000
vt 0.000000 1.000000
vt 0.000000 0.000000
vt 1.000000 0.000000
vt 1.000000 1.000000
vt 0.000000 1.000000
vt 0.000000 0.000000
vt 1.000000 0.000000
vt 1.000000 1.000000
vt 0.000000 1.000000
vt 0.000000 0.000000
vt 1.000000 0.000000
vt 1.000000 1.000000
vt 0.000000 1.000000
vt 0.000000 0.000000
vt 0.000000 1.000000
vt 1.000000 1.000000
vt 1.000000 0.000000
vt 0.000000 0.000000
vt 0.000000 1.000000
vt 1.000000 1.000000
vt 1.000000 0.000000
vt 0.000000 0.000000
vt 0.000000 1.000000
vt 1.000000 1.000000
vt 1.000000 0.000000
vt 0.000000 0.000000
vt 0.000000 1.000000
vt 1.000000 1.000000
vt 1.000000 0.000000
vt 0.000000 0.000000
vt 0.000000 1.000000
vt 1.000000 1.000000
vt 1.000000 0.000000
vt 0.000000 0.000000
vt 0.000000 1.000000
vt 1.000000 1.000000
vt 1.000000 0.000000
vt 0.000000 0.000000
vt 0.000000 1.000000
vt 1.000000 1.000000
vt 1.000000 0.000000
vt 0.000000 0.000000
vt 0.000000 1.000000
vt 1.000000 1.000000
vt 1.000000 0.000000
vt 0.000000 0.000000
vt 0.000000 1.000000
vt 1.000000 1.000000
vt 1.000000 0.000000
vt 0.000000 0.000000
vt 0.000000 1.000000
vt 1.000000 1.000000
vt 1.000000 0.000000
vt 0.000000 0.000000
vt 0.000000 1.000000
vt 1.000000 1.000000
vt 1.000000 0.000000
vt 0.000000 0.000000
vt 0.000000 1.000000
vt 1.000000 1.000000
vt 1.000000 0.000000
vt 0.000000 0.000000
vt 0.000000 1.000000
vt 1.000000 1.000000
vt 1.000000 0.000000
vt 0.000000 0.000000
vt 0.000000 1.000000
vt 1.000000 1.000000
vt 1.000000 0.000000
vt 0.000000 0.000000
vt 0.000000 1.000000
vt 1.000000 1.000000
vt 1.000000 0.000000
vt 0.000000 0.000000
vt 0.000000 1.000000
vt 1.000000 1.000000
vt 1.000000 0.000000
vt 0.000000 0.000000
vt 0.000000 1.000000
vt 1.000000 1.000000
vt 1.000000 0.000000
vt 0.000000 0.000000
vt 0.000000 1.000000
vt 1.000000 1.000000
vt 1.000000 0.000000
vt 0.000000 0.000000
vt 0.000000 1.000000
vt 1.000000 1.000000
vt 1.000000 0.000000
vt 0.000000 0.000000
vt 0.000000 1.000000
vt 1.000000 1.000000
vt 1.000000 0.000000
vt 0.000000 0.000000
vt 0.000000 1.000000
vt 1.000000 1.000000
vt 1.000000 0.000000
vt 0.000000 0.000000
vt 0.000000 1.000000
vt 1.000000 1.000000
vt 1.000000 0.000000
vt 0.000000 0.000000
vt 0.000000 1.000000
vt 1.000000 1.000000
vt 1.000000 0.000000
vt 0.000000 0.000000
vt 0.000000 1.000000
vt 1.000000 1.000000
vt 1.000000 0.000000
vt 0.000000 0.000000
vt 0.000000 1.000000
vt 1.000000 1.000000
vt 1.000000 0.000000
vt 0.000000 0.000000
vt 0.000000 1.000000
vt 1.000000 1.000000
vt 1.000000 0.000000
vt 0.000000 0.000000
vt 0.000000 1.000000
vt 1.000000 1.000000
vt 1.000000 0.000000
vt 0.000000 0.000000
vt 0.000000 1.000000
vt 1.000000 1.000000
vt 1.000000 0.000000
vt 0.000000 0.000000
vt 0.000000 1.000000
vt 1.000000 1.000000
vt 1.000000 0.000000
vt 0.000000 0.000000
vt 0.000000 1.000000
vt 1.000000 1.000000
vt 1.000000 0.000000
vt 0.000000 0.000000
vt 0.000000 1.000000
vt 1.000000 1.000000
vt 1.000000 0.000000
vt 0.000000 0.000000
vt 0.000000 1.000000
vt 1.000000 1.000000
vt 1.000000 0.000000
vt 0.000000 0.000000
vt 0.000000 1.000000
vt 1.000000 1.000000
vt 1.000000 0.000000
vt 0.000000 0.000000
vt 0.000000 1.000000
vt 1.000000 1.000000
vt 1.000000 0.000000
vt 0.000000 0.000000
vt 0.000000 1.000000
vt 1.000000 1.000000
vt 1.000000 0.000000
vt 0.000000 0.000000
vt 0.000000 1.000000
vt 1.000000 1.000000
vt 1.000000 0.000000
vt 0.000000 0.000000
vt 0.000000 1.000000
vt 1.000000 1.000000
vt 1.000000 0.000000
vt 0.000000 0.000000
vt 0.000000 1.000000
vt 1.000000 1.000000
vt 1.000000 0.000000
vt 0.000000 0.000000
vt 1.000000 0.000000
vt 0.000000 0.000000
vt 1.000000 0.000000
vt 0.000000 0.000000
vt 1.000000 0.000000
vt 0.000000 0.000000
vt 1.000000 0.000000
vt 0.000000 0.000000
vt 1.000000 0.000000
vt 0.000000 0.000000
vt 1.000000 0.000000
vt 0.000000 0.000000
vt 1.000000 0.000000
vt 0.000000 0.000000
vt 1.000000 0.000000
vt 0.000000 0.000000
vt 1.000000 0.000000
vt 0.000000 0.000000
vt 1.000000 0.000000
vt 0.000000 0.000000
vt 1.000000 0.000000
vt 0.000000 0.000000
vt 1.000000 0.000000
vt 0.000000 0.000000
vt 1.000000 0.000000
vt 0.000000 0.000000
vt 1.000000 0.000000
vt 0.000000 0.000000
vt 1.000000 0.000000
vt 0.000000 0.000000
vt 1.000000 0.000000
vt 0.000000 0.000000
vt 1.000000 0.000000
vt 0.000000 0.000000
vt 1.000000 0.000000
vt 0.000000 0.000000
vt 1.000000 0.000000
vt 0.000000 1.000000
vt 1.000000 1.000000
vt 0.000000 1.000000
vt 1.000000 1.000000
vt 0.000000 1.000000
vt 1.000000 1.000000
vt 0.000000 1.000000
vt 1.000000 1.000000
vt 0.000000 1.000000
vt 1.000000 1.000000
vt 0.000000 1.000000
vt 1.000000 1.000000
vt 0.000000 1.000000
vt 1.000000 1.000000
vt 0.000000 1.000000
vt 1.000000 1.000000
vt 0.000000 1.000000
vt 1.000000 1.000000
vt 0.000000 1.000000
vt 1.000000 1.000000
vt 0.000000 1.000000
vt 1.000000 1.000000
vt 0.000000 1.000000
vt 1.000000 1.000000
vt 0.000000 1.000000
vt 1.000000 1.000000
vt 0.000000 1.000000
vt 1.000000 1.000000
vt 0.000000 1.000000
vt 1.000000 1.000000
vt 0.000000 1.000000
vt 1.000000 1.000000
vt 0.000000 1.000000
vt 1.000000 1.000000
vt 0.000000 1.000000
vt 1.000000 1.000000
vt 0.000000 1.000000
vt 1.000000 1.000000
vt 0.000000 0.000000
vt 1.000000 0.000000
vt 0.000000 0.000000
vt 1.000000 0.000000
vt 0.000000 0.000000
vt 1.000000 0.000000
vt 0.000000 0.000000
vt 1.000000 0.000000
vt 0.000000 0.000000
vt 1.000000 0.000000
vt 0.000000 0.000000
vt 1.000000 0.000000
vt 0.000000 0.000000
vt 1.000000 0.000000
vt 0.000000 0.000000
vt 1.000000 0.000000
vt 0.000000 0.000000
vt 1.000000 0.000000
vt 0.000000 0.000000
vt 1.000000 0.000000
vt 0.000000 0.000000
vt 1.000000 0.000000
vt 0.000000 0.000000
vt 1.000000 0.000000
vt 1.000000 0.650000
vt 0.000000 0.650000
vt 1.000000 0.650000
vt 0.000000 0.650000
vt 1.000000 0.650000
vt 0.000000 0.650000
vt 1.000000 0.650000
vt 0.000000 0.650000
vt 1.000000 0.650000
vt 0.000000 0.650000
vt 1.000000 0.650000
vt 0.000000 0.650000
vt 1.000000 0.650000
vt 0.000000 0.650000
vt 1.000000 0.650000
vt 0.000000 0.650000
vt 1.000000 0.650000
vt 0.000000 0.650000
vt 1.000000 0.650000
vt 0.000000 0.650000
vt 1.000000 0.650000
vt 0.000000 0.650000
vt 1.000000 0.650000
vt 0.000000 0.650000
vt 1.000000 1.000000
vt 0.000000 1.000000
vt 1.000000 1.000000
vt 0.000000 1.000000
vt 1.000000 1.000000
vt 0.000000 1.000000
vt 1.000000 1.000000
vt 0.000000 1.000000
vt 1.000000 1.000000
vt 0.000000 1.000000
vt 1.000000 1.000000
vt 0.000000 1.000000
vt 1.000000 1.000000
vt 0.000000 1.000000
vt 1.000000 1.000000
vt 0.000000 1.000000
vt 1.000000 1.000000
vt 0.000000 1.000000
vt 1.000000 1.000000
vt 0.000000 1.000000
vt 1.000000 1.000000
vt 0.000000 1.000000
vt 1.000000 1.000000
vt 0.000000 1.000000
vt 0.000000 0.000000
vt 1.000000 0.000000
vt 1.000000 1.000000
vt 0.000000 1.000000
vt 0.000000 0.000000
vt 1.000000 0.000000
vt 1.000000 1.000000
vt 0.000000 1.000000
vt 0.000000 0.000000
vt 1.000000 0.000000
vt 1.000000 1.000000
vt 0.000000 1.000000
vt 0.000000 0.000000
vt 1.000000 0.000000
vt 1.000000 1.000000
vt 0.000000 1.000000
vt 0.000000 0.000000
vt 1.000000 0.000000
vt 1.000000 1.000000
vt 0.000000 1.000000
vt 0.000000 0.000000
vt 1.000000 0.000000
vt 1.000000 1.000000
vt 0.000000 1.000000
vt 0.000000 0.000000
vt 1.000000 0.000000
vt 1.000000 1.000000
vt 0.000000 1.000000
vt 0.000000 0.000000
vt 1.000000 0.000000
vt 1.000000 1.000000
vt 0.000000 1.000000
vt 0.000000 0.000000
vt 1.000000 0.000000
vt 1.000000 1.000000
vt 0.000000 1.000000
vt 0.000000 0.000000
vt 1.000000 0.000000
vt 1.000000 1.000000
vt 0.000000 1.000000
vt 0.000000 0.000000
vt 1.000000 0.000000
vt 1.000000 1.000000
vt 0.000000 1.000000
vt 0.000000 0.000000
vt 1.000000 0.000000
vt 1.000000 1.000000
vt 0.000000 1.000000
vt 0.000000 0.000000
vt 1.000000 0.000000
vt 1.000000 1.000000
vt 0.000000 1.000000
vt 0.000000 0.000000
vt 1.000000 0.000000
vt 0.000000 0.000000
vt 1.000000 0.000000
vt 1.000000 0.000000
vt 0.000000 0.000000
vt 0.000000 0.000000
vt 1.000000 0.000000
vt 0.000000 0.000000
vt 1.000000 0.000000
vt 0.000000 0.000000
vt 1.000000 0.000000
vt 0.000000 0.000000
vt 1.000000 0.000000
vt 0.000000 0.000000
vt 1.000000 0.000000
vt 1.000000 0.000000
vt 0.000000 0.000000
vt 0.000000 0.000000
vt 1.000000 0.000000
vt 1.000000 0.000000
vt 0.000000 0.000000
vt 1.000000 0.000000
vt 0.000000 0.000000
vt 1.000000 0.650000
vt 0.000000 0.650000
vt 1.000000 0.650000
vt 0.000000 0.650000
vt 0.000000 0.650000
vt 1.000000 0.650000
vt 0.000000 0.650000
vt 1.000000 0.650000
vt 1.000000 0.650000
vt 0.000000 0.650000
vt 0.000000 0.650000
vt 1.000000 0.650000
vt 0.000000 0.650000
vt 1.000000 0.650000
vt 0.000000 0.650000
vt 1.000000 0.650000
vt 0.000000 0.650000
vt 1.000000 0.650000
vt 1.000000 0.650000
vt 0.000000 0.650000
vt 1.000000 0.650000
vt 0.000000 0.650000
vt 0.000000 0.650000
vt 1.000000 0.650000
vt 1.000000 1.000000
vt 0.000000 1.000000
vt 1.000000 1.000000
vt 0.000000 1.000000
vt 0.000000 1.000000
vt 1.000000 1.000000
vt 0.000000 1.000000
vt 1.000000 1.000000
vt 1.000000 1.000000
vt 0.000000 1.000000
vt 0.000000 1.000000
vt 1.000000 1.000000
vt 0.000000 1.000000
vt 1.000000 1.000000
vt 0.000000 1.000000
vt 1.000000 1.000000
vt 0.000000 1.000000
vt 1.000000 1.000000
vt 1.000000 1.000000
vt 0.000000 1.000000
vt 1.000000 1.000000
vt 0.000000 1.000000
vt 0.000000 1.000000
vt 1.000000 1.000000
vt 0.000000 0.000000
vt 0.000000 1.000000
vt 1.000000 1.000000
vt 1.000000 0.000000
vt 0.000000 0.000000
vt 0.000000 1.000000
vt 1.000000 1.000000
vt 1.000000 0.000000
vt 0.000000 0.000000
vt 0.000000 1.000000
vt 1.000000 1.000000
vt 1.000000 0.000000
vt 0.000000 0.000000
vt 0.000000 1.000000
vt 1.000000 1.000000
vt 1.000000 0.000000
vt 0.000000 0.000000
vt 0.000000 1.000000
vt 1.000000 1.000000
vt 1.000000 0.000000
vt 0.000000 0.000000
vt 0.000000 1.000000
vt 1.000000 1.000000
vt 1.000000 0.000000
vt 0.000000 0.000000
vt 0.000000 1.000000
vt 1.000000 1.000000
vt 1.000000 0.000000
vt 0.000000 0.000000
vt 0.000000 1.000000
vt 1.000000 1.000000
vt 1.000000 0.000000
vt 0.000000 0.000000
vt 0.000000 1.000000
vt 1.000000 1.000000
vt 1.000000 0.000000
vt 0.000000 0.000000
vt 0.000000 1.000000
vt 1.000000 1.000000
vt 1.000000 0.000000
vt 0.000000 0.000000
vt 0.000000 1.000000
vt 1.000000 1.000000
vt 1.000000 0.000000
vt 0.000000 0.000000
vt 0.000000 1.000000
vt 1.000000 1.000000
vt 1.000000 0.000000
vt 0.000000 0.000000
vt 0.000000 1.000000
vt 1.000000 1.000000
vt 1.000000 0.000000
vt 0.000000 0.000000
vt 1.000000 0.000000
vt 1.000000 1.000000
vt 0.000000 1.000000
vt 0.000000 0.000000
vt 1.000000 0.000000
vt 1.000000 1.000000
vt 0.000000 1.000000
vt 0.000000 0.000000
vt 1.000000 0.000000
vt 1.000000 1.000000
vt 0.000000 1.000000
vt 0.000000 0.000000
vt 1.000000 0.000000
vt 1.000000 1.000000
vt 0.000000 1.000000
vt 0.000000 0.000000
vt 1.000000 0.000000
vt 1.000000 1.000000
vt 0.000000 1.000000
vt 0.000000 0.000000
vt 1.000000 0.000000
vt 1.000000 1.000000
vt 0.000000 1.000000
vt 0.000000 0.000000
vt 1.000000 0.000000
vt 1.000000 1.000000
vt 0.000000 1.000000
vt 0.000000 0.000000
vt 1.000000 0.000000
vt 1.000000 1.000000
vt 0.000000 1.000000
vt 0.000000 0.000000
vt 1.000000 0.000000
vt 1.000000 1.000000
vt 0.000000 1.000000
vt 0.000000 0.000000
vt 1.000000 0.000000
vt 1.000000 1.000000
vt 0.000000 1.000000
vt 0.000000 0.000000
vt 1.000000 0.000000
vt 1.000000 1.000000
vt 0.000000 1.000000
vt 0.000000 0.000000
vt 1.000000 0.000000
vt 1.000000 1.000000
vt 0.000000 1.000000
vt 0.000000 0.000000
vt 1.000000 0.000000
vt 1.000000 1.000000
vt 0.000000 1.000000
vt 0.000000 0.000000
vt 1.000000 0.000000
vt 1.000000 1.000000
vt 0.000000 1.000000
vt 0.000000 0.000000
vt 1.000000 0.000000
vt 1.000000 1.000000
vt 0.000000 1.000000
vt 0.000000 0.000000
vt 1.000000 0.000000
vt 1.000000 1.000000
vt 0.000000 1.000000
vt 0.000000 0.000000
vt 1.000000 0.000000
vt 1.000000 1.000000
vt 0.000000 1.000000
vt 0.000000 0.000000
vt 1.000000 0.000000
vt 1.000000 1.000000
vt 0.000000 1.000000
vt 0.000000 0.000000
vt 1.000000 0.000000
vt 1.000000 1.000000
vt 0.000000 1.000000
vt 0.000000 0.000000
vt 1.000000 0.000000
vt 1.000000 1.000000
vt 0.000000 1.000000
vt 0.000000 0.000000
vt 1.000000 0.000000
vt 1.000000 1.000000
vt 0.000000 1.000000
vt 0.000000 0.000000
vt 1.000000 0.000000
vt 1.000000 1.000000
vt 0.000000 1.000000
vt 0.000000 0.000000
vt 1.000000 0.000000
vt 1.000000 1.000000
vt 0.000000 1.000000
vt 0.000000 0.000000
vt 1.000000 0.000000
vt 1.000000 1.000000
vt 0.000000 1.000000
vt 0.000000 0.000000
vt 1.000000 0.000000
vt 1.000000 1.000000
vt 0.000000 1.000000
vt 0.000000 0.000000
vt 1.000000 0.000000
vt 1.000000 1.000000
vt 0.000000 1.000000
vt 0.000000 0.000000
vt 1.000000 0.000000
vt 1.000000 1.000000
vt 0.000000 1.000000
vt 0.000000 0.000000
vt 1.000000 0.000000
vt 1.000000 1.000000
vt 0.000000 1.000000
vt 0.000000 0.000000
vt 1.000000 0.000000
vt 1.000000 1.000000
vt 0.000000 1.000000
vt 0.000000 0.000000
vt 1.000000 0.000000
vt 1.000000 1.000000
vt 0.000000 1.000000
vt 0.000000 0.000000
vt 1.000000 0.000000
vt 1.000000 1.000000
vt 0.000000 1.000000
vt 0.000000 0.000000
vt 1.000000 0.000000
vt 1.000000 1.000000
vt 0.000000 1.000000
vt 0.000000 0.000000
vt 1.000000 0.000000
vt 1.000000 1.000000
vt 0.000000 1.000000
vt 0.000000 0.000000
vt 1.000000 0.000000
vt 1.000000 1.000000
vt 0.000000 1.000000
vt 0.000000 0.000000
vt 1.000000 0.000000
vt 1.000000 1.000000
vt 0.000000 1.000000
vt 0.000000 0.000000
vt 1.000000 0.000000
vt 1.000000 1.000000
vt 0.000000 1.000000
vt 0.000000 0.000000
vt 1.000000 0.000000
vt 1.000000 1.000000
vt 0.000000 1.000000
vt 0.000000 0.000000
vt 1.000000 0.000000
vt 1.000000 1.000000
vt 0.000000 1.000000
vt 0.000000 0.000000
vt 1.000000 0.000000
vt 0.000000 0.000000
vt 1.000000 0.000000
vt 0.000000 0.000000
vt 1.000000 0.000000
vt 0.000000 0.000000
vt 1.000000 0.000000
vt 0.000000 0.000000
vt 1.000000 0.000000
vt 0.000000 0.000000
vt 1.000000 0.000000
vt 0.000000 0.000000
vt 1.000000 0.000000
vt 0.000000 0.000000
vt 1.000000 0.000000
vt 0.000000 0.000000
vt 1.000000 0.000000
vt 0.000000 0.000000
vt 1.000000 0.000000
vt 0.000000 0.000000
vt 1.000000 0.000000
vt 0.000000 0.000000
vt 1.000000 0.000000
vt 0.000000 0.000000
vt 1.000000 0.000000
vt 0.000000 0.000000
vt 1.000000 0.000000
vt 0.000000 0.000000
vt 1.000000 0.000000
vt 0.000000 0.000000
vt 1.000000 0.000000
vt 0.000000 0.000000
vt 1.000000 0.000000
vt 0.000000 0.000000
vt 1.000000 0.000000
vt 0.000000 0.000000
vt 1.000000 0.000000
vt 1.000000 1.000000
vt 0.000000 1.000000
vt 1.000000 1.000000
vt 0.000000 1.000000
vt 1.000000 1.000000
vt 0.000000 1.000000
vt 1.000000 1.000000
vt 0.000000 1.000000
vt 1.000000 1.000000
vt 0.000000 1.000000
vt 1.000000 1.000000
vt 0.000000 1.000000
vt 1.000000 1.000000
vt 0.000000 1.000000
vt 1.000000 1.000000
vt 0.000000 1.000000
vt 1.000000 1.000000
vt 0.000000 1.000000
vt 1.000000 1.000000
vt 0.000000 1.000000
vt 1.000000 1.000000
vt 0.000000 1.000000
vt 1.000000 1.000000
vt 0.000000 1.000000
vt 1.000000 1.000000
vt 0.000000 1.000000
vt 1.000000 1.000000
vt 0.000000 1.000000
vt 1.000000 1.000000
vt 0.000000 1.000000
vt 1.000000 1.000000
vt 0.000000 1.000000
vt 1.000000 1.000000
vt 0.000000 1.000000
vt 1.000000 1.000000
vt 0.000000 1.000000
vt 1.000000 1.000000
vt 0.000000 1.000000
vt 0.442288 0.256211
vt 0.500000 0.156250
vt 0.400084 0.213937
vt 0.500000 0.273775
vt 0.383811 0.156250
vt 0.560251 0.260608
vt 0.399705 0.098344
vt 0.606287 0.217615
vt 0.442714 0.057028
vt 0.622969 0.156250
vt 0.500000 0.041046
vt 0.558766 0.054464
vt 0.604671 0.095818
vt 0.421875 0.291566
vt 0.500000 0.312500
vt 0.520833 0.312500
vt 0.520833 0.394694
vt 0.541667 0.406686
vt 0.541667 0.312500
vt 0.500000 0.312500
vt 0.500000 0.385126
vt 0.364684 0.234375
vt 0.578125 0.291566
vt 0.562500 0.414392
vt 0.562500 0.312500
vt 0.479167 0.312500
vt 0.479167 0.380565
vt 0.343750 0.156250
vt 0.635316 0.234375
vt 0.583333 0.423005
vt 0.583333 0.312500
vt 0.458333 0.312500
vt 0.458333 0.386890
vt 0.364684 0.078125
vt 0.656250 0.156250
vt 0.604167 0.440005
vt 0.604167 0.312500
vt 0.437500 0.312500
vt 0.437500 0.400947
vt 0.421875 0.020934
vt 0.635316 0.078125
vt 0.625000 0.445136
vt 0.625000 0.312500
vt 0.416667 0.312500
vt 0.416667 0.423371
vt 0.500000 0.000000
vt 0.395833 0.312500
vt 0.395833 0.441025
vt 0.578125 0.020934
vt 0.375000 0.312500
vt 0.375000 0.445136
vt 0.442288 0.256211
vt 0.400084 0.213937
vt 0.500000 0.156250
vt 0.500000 0.273775
vt 0.383811 0.156250
vt 0.560251 0.260608
vt 0.399705 0.098344
vt 0.606287 0.217615
vt 0.442714 0.057028
vt 0.622969 0.156250
vt 0.500000 0.041046
vt 0.558766 0.054464
vt 0.604671 0.095818
vt 0.500000 0.312500
vt 0.421875 0.291566
vt 0.520833 0.312500
vt 0.541667 0.312500
vt 0.541667 0.406686
vt 0.520833 0.394694
vt 0.500000 0.385126
vt 0.500000 0.312500
vt 0.364684 0.234375
vt 0.578125 0.291566
vt 0.562500 0.312500
vt 0.562500 0.414392
vt 0.479167 0.380565
vt 0.479167 0.312500
vt 0.343750 0.156250
vt 0.635316 0.234375
vt 0.583333 0.312500
vt 0.583333 0.423005
vt 0.458333 0.386890
vt 0.458333 0.312500
vt 0.364684 0.078125
vt 0.656250 0.156250
vt 0.604167 0.312500
vt 0.604167 0.440005
vt 0.437500 0.400947
vt 0.437500 0.312500
vt 0.421875 0.020934
vt 0.635316 0.078125
vt 0.625000 0.312500
vt 0.625000 0.445136
vt 0.416667 0.423371
vt 0.416667 0.312500
vt 0.500000 0.000000
vt 0.395833 0.441025
vt 0.395833 0.312500
vt 0.578125 0.020934
vt 0.375000 0.445136
vt 0.375000 0.312500
vt 0.395854 0.553157
vt 0.395843 0.492110
vt 0.374982 0.510069
vt 0.371392 0.563783
vt 0.623962 0.572632
vt 0.625006 0.511554
vt 0.604167 0.529527
vt 0.604167 0.593057
vt 0.479167 0.416477
vt 0.479167 0.441705
vt 0.500000 0.463366
vt 0.500000 0.434069
vt 0.479167 0.441103
vt 0.458333 0.421723
vt 0.458333 0.453085
vt 0.541667 0.547359
vt 0.541667 0.506068
vt 0.520839 0.471658
vt 0.520841 0.504667
vt 0.583359 0.544163
vt 0.583370 0.596471
vt 0.437488 0.446997
vt 0.437477 0.485349
vt 0.458333 0.449377
vt 0.395843 0.493277
vt 0.395854 0.553157
vt 0.370970 0.563960
vt 0.374984 0.506234
vt 0.583370 0.596471
vt 0.583359 0.544358
vt 0.604167 0.529523
vt 0.604167 0.593057
vt 0.541667 0.507180
vt 0.541667 0.547359
vt 0.522084 0.511842
vt 0.520839 0.471085
vt 0.437477 0.485151
vt 0.437488 0.445666
vt 0.458333 0.422167
vt 0.458333 0.450260
vt 0.500000 0.434611
vt 0.500000 0.464302
vt 0.479167 0.442682
vt 0.479167 0.417075
vt 0.479167 0.442114
vt 0.458333 0.453905
vt 0.625006 0.507631
vt 0.623952 0.572318
vt 0.562500 0.537551
vt 0.416628 0.467998
vt 0.562500 0.538040
vt 0.416634 0.461126
vt 0.000000 0.000000
vt 1.000000 0.000000
vt 1.000000 0.500000
vt 0.000000 0.500000
vt 0.000000 0.000000
vt 1.000000 0.000000
vt 1.000000 0.500000
vt 0.000000 0.500000
vt 0.000000 0.000000
vt 1.000000 0.000000
vt 1.000000 0.500000
vt 0.000000 0.500000
vt 0.000000 0.000000
vt 1.000000 0.000000
vt 1.000000 0.500000
vt 0.000000 0.500000
vt 0.000000 0.000000
vt 1.000000 0.000000
vt 1.000000 0.500000
vt 0.000000 0.500000
vt 0.000000 0.000000
vt 1.000000 0.000000
vt 1.000000 0.500000
vt 0.000000 0.500000
vt 0.000000 0.000000
vt 1.000000 0.000000
vt 1.000000 0.500000
vt 0.000000 0.500000
vt 0.000000 0.000000
vt 1.000000 0.000000
vt 1.000000 0.500000
vt 0.000000 0.500000
vt 0.000000 0.000000
vt 1.000000 0.000000
vt 1.000000 0.500000
vt 0.000000 0.500000
vt 0.000000 0.000000
vt 1.000000 0.000000
vt 1.000000 0.500000
vt 0.000000 0.500000
vt 0.000000 0.000000
vt 1.000000 0.000000
vt 1.000000 0.500000
vt 0.000000 0.500000
vt 0.000000 0.000000
vt 1.000000 0.000000
vt 1.000000 0.500000
vt 0.000000 0.500000
vt 0.000000 0.000000
vt 1.000000 0.000000
vt 1.000000 0.500000
vt 0.000000 0.500000
vt 0.000000 0.000000
vt 1.000000 0.000000
vt 1.000000 0.500000
vt 0.000000 0.500000
vt 0.000000 0.000000
vt 1.000000 0.000000
vt 1.000000 0.500000
vt 0.000000 0.500000
vt 0.000000 0.000000
vt 1.000000 0.000000
vt 1.000000 0.500000
vt 0.000000 0.500000
vt 0.000000 0.000000
vt 1.000000 0.000000
vt 1.000000 0.500000
vt 0.000000 0.500000
vt 0.000000 0.000000
vt 1.000000 0.000000
vt 1.000000 0.500000
vt 0.000000 0.500000
vt 0.000000 0.000000
vt 1.000000 0.000000
vt 1.000000 0.500000
vt 0.000000 0.500000
vt 0.000000 0.000000
vt 1.000000 0.000000
vt 1.000000 0.500000
vt 0.000000 0.500000
vt 0.000000 0.000000
vt 1.000000 0.000000
vt 1.000000 0.500000
vt 0.000000 0.500000
vt 0.000000 0.000000
vt 1.000000 0.000000
vt 1.000000 0.500000
vt 0.000000 0.500000
vt 0.000000 0.000000
vt 1.000000 0.000000
vt 1.000000 0.500000
vt 0.000000 0.500000
vt 0.000000 0.000000
vt 1.000000 0.000000
vt 1.000000 0.500000
vt 0.000000 0.500000
vt 0.000000 0.000000
vt 1.000000 0.000000
vt 1.000000 0.500000
vt 0.000000 0.500000
vt 0.000000 0.000000
vt 1.000000 0.000000
vt 1.000000 0.500000
vt 0.000000 0.500000
vt 0.000000 0.000000
vt 1.000000 0.000000
vt 1.000000 0.500000
vt 0.000000 0.500000
vt 0.000000 0.000000
vt 1.000000 0.000000
vt 1.000000 0.500000
vt 0.000000 0.500000
vt 0.000000 0.000000
vt 1.000000 0.000000
vt 1.000000 0.500000
vt 0.000000 0.500000
vt 0.000000 0.000000
vt 1.000000 0.000000
vt 1.000000 0.500000
vt 0.000000 0.500000
vt 1.000000 1.000000
vt 0.000000 1.000000
vt 1.000000 1.000000
vt 0.000000 1.000000
vt 1.000000 1.000000
vt 0.000000 1.000000
vt 1.000000 1.000000
vt 0.000000 1.000000
vt 1.000000 1.000000
vt 0.000000 1.000000
vt 1.000000 1.000000
vt 0.000000 1.000000
vt 1.000000 1.000000
vt 0.000000 1.000000
vt 1.000000 1.000000
vt 0.000000 1.000000
vt 1.000000 1.000000
vt 0.000000 1.000000
vt 1.000000 1.000000
vt 0.000000 1.000000
vt 1.000000 1.000000
vt 0.000000 1.000000
vt 1.000000 1.000000
vt 0.000000 1.000000
vt 1.000000 1.000000
vt 0.000000 1.000000
vt 1.000000 1.000000
vt 0.000000 1.000000
vt 1.000000 1.000000
vt 0.000000 1.000000
vt 1.000000 1.000000
vt 0.000000 1.000000
vt 1.000000 1.000000
vt 0.000000 1.000000
vt 1.000000 1.000000
vt 0.000000 1.000000
vt 1.000000 1.000000
vt 0.000000 1.000000
vt 1.000000 1.000000
vt 0.000000 1.000000
vt 1.000000 1.000000
vt 0.000000 1.000000
vt 1.000000 1.000000
vt 0.000000 1.000000
vt 1.000000 1.000000
vt 0.000000 1.000000
vt 1.000000 1.000000
vt 0.000000 1.000000
vt 1.000000 1.000000
vt 0.000000 1.000000
vt 1.000000 1.000000
vt 0.000000 1.000000
vt 1.000000 1.000000
vt 0.000000 1.000000
vt 1.000000 1.000000
vt 0.000000 1.000000
vt 1.000000 1.000000
vt 0.000000 1.000000
vt 1.000000 1.000000
vt 0.000000 1.000000
vt 1.000000 0.500000
vt 0.000000 0.500000
vt 1.000000 0.500000
vt 0.000000 0.500000
vt 1.000000 0.500000
vt 0.000000 0.500000
vt 1.000000 0.500000
vt 0.000000 0.500000
vt 1.000000 0.500000
vt 0.000000 0.500000
vt 1.000000 0.500000
vt 0.000000 0.500000
vt 1.000000 0.500000
vt 0.000000 0.500000
vt 1.000000 0.500000
vt 0.000000 0.500000
vt 1.000000 0.500000
vt 0.000000 0.500000
vt 1.000000 0.500000
vt 0.000000 0.500000
vt 1.000000 0.500000
vt 0.000000 0.500000
vt 1.000000 0.500000
vt 0.000000 0.500000
vt 1.000000 0.500000
vt 0.000000 0.500000
vt 1.000000 0.500000
vt 0.000000 0.500000
vt 1.000000 0.500000
vt 0.000000 0.500000
vt 1.000000 0.500000
vt 0.000000 0.500000
vt 1.000000 0.500000
vt 0.000000 0.500000
vt 1.000000 0.500000
vt 0.000000 0.500000
vt 1.000000 0.500000
vt 0.000000 0.500000
vt 0.000000 0.500000
vt 1.000000 0.500000
vt 0.000000 0.500000
vt 1.000000 0.500000
vt 0.000000 0.500000
vt 1.000000 0.500000
vt 0.000000 0.500000
vt 1.000000 0.500000
vt 0.000000 0.500000
vt 1.000000 0.500000
vt 0.000000 0.500000
vt 1.000000 0.500000
vt 0.000000 0.500000
vt 1.000000 0.500000
vt 0.000000 0.500000
vt 1.000000 0.500000
vt 0.000000 0.500000
vt 1.000000 0.500000
vt 0.000000 0.500000
vt 1.000000 0.500000
vt 0.000000 0.500000
vt 1.000000 0.500000
vt 0.000000 0.500000
vt 1.000000 0.500000
vt 0.000000 0.500000
vt 1.000000 0.500000
vt 0.000000 0.500000
vt 1.000000 0.500000
vt 0.000000 0.500000
vt 1.000000 0.500000
vt 0.000000 0.500000
vt 1.000000 0.500000
vt 0.000000 0.500000
vt 1.000000 0.500000
vt 0.000000 0.500000
vt 1.000000 0.500000
vt 0.000000 0.500000
vt 1.000000 0.500000
vn 0.005824 0.125891 0.992027
vn 0.015584 0.114018 0.993357
vn -0.234673 0.446582 0.863420
vn -0.220785 0.438421 0.871230
vn 0.229454 -0.169950 0.958367
vn 0.233449 -0.171582 0.957111
vn -0.417721 0.712365 0.563955
vn -0.390020 0.707561 0.589273
vn 0.451196 -0.458185 0.765825
vn 0.453668 -0.455947 0.765701
vn 0.612554 -0.644023 0.458271
vn 0.604905 -0.649427 0.460799
vn -0.499150 0.842961 0.200666
vn -0.485434 0.847939 0.212964
vn -0.496313 0.847879 -0.186482
vn -0.497711 0.847582 -0.184089
vn 0.678440 -0.734656 -0.000190
vn 0.687926 -0.725773 0.003284
vn 0.631894 -0.654483 -0.415165
vn 0.617990 -0.657190 -0.431497
vn -0.372111 0.669891 -0.642479
vn -0.411330 0.695707 -0.588897
vn 0.483636 -0.469216 -0.738872
vn 0.466318 -0.460014 -0.755602
vn -0.238263 0.428122 -0.871747
vn -0.122393 0.316360 -0.940711
vn -0.060382 0.205561 -0.976780
vn 0.289387 -0.229127 -0.929385
vn 0.217302 -0.144084 -0.965412
vn 0.048393 0.085947 -0.995124
vn -0.251709 0.350725 0.902017
vn -0.068970 0.062115 0.995683
vn -0.408880 0.615491 0.673787
vn 0.372758 -0.520804 0.767994
vn 0.157501 -0.243990 0.956902
vn -0.549198 0.792717 0.264540
vn -0.591053 0.779938 -0.205799
vn -0.256421 0.252861 0.932904
vn -0.003800 -0.000163 0.999993
vn -0.028083 -0.009519 0.999560
vn -0.253600 0.255322 0.933005
vn 0.583804 -0.811895 -0.000107
vn 0.521218 -0.720044 0.458114
vn -0.445804 0.581644 0.680404
vn -0.602979 0.762776 0.233642
vn 0.178793 -0.262393 0.948252
vn 0.139843 -0.279898 0.949790
vn -0.066589 0.017374 0.997629
vn 0.536554 -0.732839 -0.418399
vn 0.388243 -0.512834 0.765682
vn 0.347200 -0.543950 0.763918
vn -0.479491 0.570103 -0.667136
vn 0.502398 -0.740701 0.446048
vn 0.551733 -0.707372 0.441832
vn 0.386104 -0.527285 -0.756898
vn -0.305795 0.325627 -0.894682
vn 0.159676 -0.246302 -0.955949
vn -0.085214 0.054449 -0.994874
vn 0.566638 -0.823967 0.000000
vn 0.616759 -0.787152 0.000103
vn -0.517914 0.517334 0.681271
vn -0.504839 0.534061 0.678172
vn -0.681674 0.678965 0.272632
vn -0.666246 0.705788 0.240789
vn 0.558704 -0.724903 -0.402946
vn 0.510729 -0.761795 -0.398527
vn 0.229198 -0.235310 0.944509
vn 0.447052 -0.477669 0.756291
vn 0.347845 -0.570681 -0.743860
vn 0.394804 -0.535352 -0.746678
vn 0.609688 -0.660489 0.438217
vn 0.166136 -0.272624 -0.947668
vn 0.122584 -0.294162 -0.947862
vn -0.333055 0.290241 -0.897126
vn -0.109344 0.002929 -0.994000
vn -0.077941 0.016505 -0.996821
vn -0.332704 0.292373 -0.896564
vn 0.678284 -0.734800 0.000000
vn -0.253902 0.305351 0.917766
vn 0.191865 -0.265070 0.944948
vn -0.028942 -0.008299 0.999547
vn -0.075214 0.055677 0.995612
vn 0.159399 -0.194803 0.967804
vn 0.620483 -0.672177 -0.403955
vn 0.405368 -0.511889 0.757395
vn 0.404903 -0.538067 0.739282
vn 0.548298 -0.734098 0.400587
vn 0.535371 -0.735040 0.416045
vn 0.451510 -0.489125 -0.746255
vn 0.224260 -0.239618 -0.944611
vn -0.040173 0.037303 -0.998496
vn -0.343419 0.307969 -0.887253
vn 0.569919 -0.821668 -0.007340
vn 0.577825 -0.816160 0.001058
vn 0.518167 -0.757202 -0.397679
vn 0.494692 -0.770753 -0.401522
vn 0.357029 -0.573880 -0.737016
vn 0.326896 -0.590130 -0.738164
vn -0.074653 0.120605 0.989890
vn -0.285285 0.277471 0.917400
vn -0.390609 0.420361 0.818975
vn 0.179658 -0.144403 0.973073
vn 0.143317 -0.318418 -0.937054
vn 0.064101 -0.280930 -0.957585
vn -0.530544 0.505379 0.680526
vn -0.427989 0.303374 -0.851345
vn -0.147379 -0.002164 -0.989078
vn -0.246112 0.097184 -0.964357
vn -0.502497 0.410710 -0.760798
vn -0.663601 0.630051 0.403323
vn -0.626571 0.631868 0.456236
vn 0.437897 -0.467642 0.767826
vn 0.591962 -0.715647 0.370716
vn -0.732232 0.681054 0.001356
vn -0.711660 0.700794 0.049277
vn -0.672230 0.604199 -0.427843
vn -0.670503 0.653967 -0.350361
vn 0.593924 -0.804336 -0.017240
vn -0.502163 0.465684 -0.728677
vn 0.506796 -0.762947 -0.401335
vn -0.242708 0.146731 -0.958938
vn 0.331211 -0.578330 -0.745543
vn 0.066035 -0.252611 -0.965312
vn -0.301294 0.504211 0.809316
vn -0.017669 0.275330 0.961188
vn 0.268471 -0.018871 0.963103
vn 0.530643 -0.379992 0.757644
vn -0.519882 0.669972 0.529963
vn 0.651118 -0.699366 0.294844
vn -0.641844 0.751991 0.150155
vn 0.598381 -0.795895 -0.092142
vn 0.290690 0.044637 0.955776
vn -0.050169 0.317759 0.946843
vn 0.062960 0.259616 0.963657
vn 0.412431 0.136706 0.900673
vn 0.648566 -0.262946 0.714298
vn 0.807248 -0.076701 0.585208
vn -0.636184 0.721258 -0.273966
vn -0.289553 0.474274 0.831398
vn -0.248935 0.452556 0.856285
vn -0.388729 0.625684 0.676321
vn -0.478458 0.615220 0.626563
vn 0.790117 -0.569823 0.225868
vn 0.943413 -0.308109 0.122644
vn 0.035800 0.314730 0.948506
vn -0.522110 0.749463 0.407070
vn -0.573089 0.755964 0.316367
vn 0.507830 -0.759769 -0.406030
vn 0.387821 -0.112132 0.914889
vn 0.475618 0.049469 0.878260
vn -0.477109 0.560411 -0.676983
vn 0.704182 -0.185968 0.685232
vn 0.689059 -0.649339 0.321801
vn -0.588484 0.806686 0.054263
vn -0.613267 0.789313 -0.029798
vn 0.389272 -0.593475 -0.704454
vn 0.809331 -0.579730 0.094323
vn 0.674689 -0.717098 -0.174830
vn 0.815277 -0.513251 -0.268138
vn -0.142137 0.264251 0.953923
vn -0.151347 0.189176 -0.970210
vn -0.540370 0.793710 -0.279331
vn -0.562695 0.753225 -0.340626
vn 0.170655 -0.252664 -0.952385
vn 0.570282 -0.778477 -0.262206
vn 0.492941 -0.820746 -0.288764
vn 0.557702 -0.701693 -0.443390
vn 0.804479 -0.511264 -0.302361
vn -0.513209 0.367464 0.775620
vn -0.589806 0.251226 0.767472
vn 0.354716 -0.244271 0.902501
vn -0.056445 0.114622 0.991804
vn 0.600323 -0.781308 0.170793
vn 0.261598 -0.844678 -0.466996
vn 0.551718 -0.810974 -0.194754
vn -0.592499 0.433394 0.679054
vn -0.686084 0.680596 0.257057
vn 0.058920 -0.682983 -0.728054
vn 0.243792 -0.800610 -0.547348
vn 0.610906 -0.634323 -0.473739
vn 0.586627 -0.715606 -0.379178
vn -0.737722 0.373391 0.562446
vn -0.454041 0.104003 0.884890
vn -0.369607 0.630825 -0.682240
vn -0.332357 0.687279 -0.645900
vn 0.085416 0.378817 -0.921522
vn 0.028965 0.280350 -0.959461
vn -0.686026 0.238096 0.687517
vn -0.673735 0.736169 -0.064312
vn 0.427086 -0.175729 -0.886970
vn 0.496625 -0.124925 -0.858928
vn -0.785486 0.212002 -0.581436
vn -0.231689 -0.496037 0.836820
vn -0.095511 -0.392229 0.914896
vn -0.634763 0.640614 -0.432076
vn -0.343266 -0.519331 0.782601
vn 0.012605 -0.929918 0.367552
vn -0.218991 -0.574895 -0.788377
vn 0.508362 -0.860604 0.030461
vn -0.870626 0.194599 -0.451821
vn -0.997814 -0.047624 0.045823
vn 0.380097 -0.765800 0.518726
vn -0.529380 -0.206995 -0.822746
vn -0.738877 -0.620848 0.261931
vn -0.728427 0.390740 0.562776
vn -0.219681 -0.922550 -0.317239
vn -0.463621 0.480508 -0.744424
vn -0.469213 -0.010101 0.883027
vn -0.751429 -0.443027 -0.488961
vn -0.755567 0.640086 -0.139316
vn -0.793101 0.586416 0.164643
vn -0.064327 0.090509 -0.993816
vn 0.363441 -0.428298 -0.827328
vn 0.594704 -0.803941 -0.002418
vn 0.553835 -0.700539 -0.450013
vn 0.123395 -0.611401 0.781641
vn -0.064568 -0.464621 0.883152
vn 0.517410 -0.796328 0.313288
vn -0.833087 0.373034 0.408426
vn -0.689118 0.131249 0.712664
vn -0.841933 0.531367 0.093797
vn 0.286942 -0.432063 -0.854977
vn -0.713936 0.595795 -0.367864
vn -0.463025 0.378952 -0.801251
vn -0.108901 0.005607 -0.994037
vn -0.845693 -0.187310 0.499718
vn -0.988769 0.116481 0.093634
vn -0.914394 0.347350 -0.207920
vn -0.492756 -0.578535 0.649991
vn 0.404401 -0.863493 0.301395
vn 0.387388 -0.921823 -0.013131
vn -0.981304 -0.182434 0.061325
vn 0.351120 -0.825539 -0.441815
vn 0.353502 -0.876073 -0.327921
vn -0.819912 0.137910 -0.555630
vn -0.649246 -0.753153 0.106021
vn -0.620300 -0.735562 -0.272356
vn -0.556480 -0.694976 -0.455344
vn -0.507111 -0.579078 -0.638362
vn -0.965332 -0.190149 -0.178825
vn -0.572859 0.803886 0.159998
vn -0.562820 0.800564 -0.205744
vn -0.495968 0.700474 0.513179
vn 0.673634 -0.738637 0.025148
vn 0.598321 -0.654121 0.462751
vn 0.434594 -0.454702 0.777416
vn -0.292933 0.446944 0.845241
vn 0.194087 -0.162732 0.967393
vn -0.018809 0.100889 0.994720
vn 0.630429 -0.680056 -0.374277
vn -0.454247 0.674457 -0.582038
vn 0.490980 -0.505046 -0.709836
vn -0.220321 0.385887 -0.895852
vn 0.267265 -0.221385 -0.937848
vn 0.023976 0.080260 -0.996486
vn -0.567376 0.808836 0.154494
vn -0.559780 0.800793 -0.213017
vn -0.482464 0.710142 0.512764
vn 0.709276 -0.704262 0.030700
vn 0.635177 -0.614387 0.468057
vn 0.468274 -0.418567 0.778153
vn -0.265483 0.456228 0.849338
vn 0.225916 -0.132587 0.965082
vn 0.010251 0.124393 0.992180
vn 0.664034 -0.652215 -0.365614
vn -0.444015 0.667836 -0.597366
vn 0.520613 -0.483821 -0.703476
vn -0.200152 0.376521 -0.904528
vn 0.291105 -0.211139 -0.933102
vn 0.046455 0.079832 -0.995725
vn -0.567153 0.514791 -0.642905
vn -0.533131 0.527357 -0.661563
vn -0.710652 0.688000 -0.147071
vn -0.672791 0.713158 -0.196872
vn -0.622864 0.754923 -0.205260
vn -0.514221 0.547387 -0.660261
vn -0.629111 0.531555 -0.567158
vn -0.739073 0.664277 -0.111836
vn -0.695513 0.649096 0.308118
vn -0.543849 0.499147 0.674597
vn -0.276671 0.249797 0.927930
vn 0.638424 -0.624101 -0.450459
vn 0.548370 -0.718057 -0.428585
vn 0.476525 -0.577218 -0.663132
vn 0.622812 -0.508675 -0.594437
vn -0.313813 0.516378 0.796791
vn 0.281702 -0.228447 -0.931910
vn -0.083764 0.247203 -0.965336
vn -0.423440 0.614151 -0.665971
vn -0.614327 0.752281 -0.238065
vn -0.617496 0.766656 0.175893
vn -0.497786 0.668550 0.552493
vn -0.239753 0.432271 0.869287
vn -0.358293 0.562793 0.744910
vn -0.508072 0.706080 0.493269
vn -0.596930 0.793511 0.118380
vn -0.547668 0.794440 -0.262534
vn -0.323124 0.681843 -0.656263
vn 0.095927 0.369584 -0.924233
vn 0.482403 -0.105900 -0.869524
vn -0.005824 0.125891 0.992027
vn 0.220785 0.438421 0.871230
vn 0.234673 0.446582 0.863419
vn -0.015584 0.114018 0.993357
vn -0.229454 -0.169950 0.958368
vn -0.233449 -0.171582 0.957111
vn 0.390020 0.707561 0.589273
vn 0.417721 0.712365 0.563955
vn -0.451196 -0.458185 0.765825
vn -0.453668 -0.455947 0.765701
vn -0.612554 -0.644023 0.458271
vn -0.604905 -0.649427 0.460798
vn 0.485434 0.847939 0.212964
vn 0.499150 0.842961 0.200666
vn 0.497711 0.847582 -0.184089
vn 0.496313 0.847879 -0.186482
vn -0.678440 -0.734656 -0.000190
vn -0.687926 -0.725773 0.003285
vn -0.631895 -0.654483 -0.415164
vn -0.617990 -0.657190 -0.431497
vn 0.411330 0.695707 -0.588897
vn 0.372111 0.669891 -0.642479
vn -0.483636 -0.469216 -0.738872
vn -0.466318 -0.460014 -0.755602
vn 0.238263 0.428122 -0.871747
vn 0.060382 0.205561 -0.976780
vn 0.122393 0.316360 -0.940711
vn -0.289387 -0.229127 -0.929385
vn -0.217302 -0.144084 -0.965412
vn -0.048393 0.085947 -0.995124
vn 0.068970 0.062115 0.995683
vn 0.251709 0.350725 0.902017
vn 0.408880 0.615490 0.673787
vn -0.372759 -0.520804 0.767994
vn -0.157502 -0.243990 0.956902
vn 0.549198 0.792717 0.264541
vn 0.591053 0.779938 -0.205799
vn 0.256421 0.252861 0.932904
vn 0.253600 0.255321 0.933005
vn 0.028083 -0.009519 0.999560
vn 0.003800 -0.000163 0.999993
vn -0.583804 -0.811895 -0.000107
vn -0.521218 -0.720044 0.458114
vn 0.445803 0.581644 0.680404
vn 0.602979 0.762776 0.233643
vn -0.178793 -0.262394 0.948252
vn 0.066589 0.017374 0.997629
vn -0.139843 -0.279899 0.949790
vn -0.536554 -0.732839 -0.418399
vn -0.388243 -0.512834 0.765682
vn -0.347200 -0.543950 0.763918
vn 0.479491 0.570103 -0.667136
vn -0.502398 -0.740701 0.446048
vn -0.551733 -0.707373 0.441831
vn -0.386104 -0.527285 -0.756898
vn 0.305795 0.325627 -0.894683
vn -0.159676 -0.246302 -0.955949
vn 0.085214 0.054449 -0.994874
vn -0.566637 -0.823967 0.000000
vn -0.616759 -0.787152 0.000103
vn 0.517914 0.517334 0.681272
vn 0.504839 0.534061 0.678172
vn 0.681673 0.678965 0.272631
vn 0.666247 0.705788 0.240789
vn -0.558704 -0.724903 -0.402946
vn -0.510729 -0.761795 -0.398527
vn -0.447052 -0.477669 0.756291
vn -0.229198 -0.235310 0.944509
vn -0.347845 -0.570681 -0.743860
vn -0.394804 -0.535353 -0.746678
vn -0.609688 -0.660489 0.438217
vn -0.166136 -0.272624 -0.947668
vn -0.122584 -0.294162 -0.947862
vn 0.333055 0.290241 -0.897126
vn 0.332704 0.292373 -0.896564
vn 0.077941 0.016505 -0.996821
vn 0.109344 0.002929 -0.994000
vn -0.678284 -0.734800 0.000000
vn 0.253902 0.305351 0.917766
vn -0.191865 -0.265069 0.944948
vn -0.159399 -0.194803 0.967804
vn 0.075214 0.055677 0.995612
vn 0.028942 -0.008299 0.999547
vn -0.620483 -0.672177 -0.403955
vn -0.405368 -0.511889 0.757395
vn -0.404903 -0.538067 0.739282
vn -0.548298 -0.734098 0.400587
vn -0.535371 -0.735040 0.416045
vn -0.451510 -0.489125 -0.746255
vn -0.224260 -0.239618 -0.944611
vn 0.040173 0.037303 -0.998496
vn 0.343419 0.307969 -0.887253
vn -0.569919 -0.821668 -0.007340
vn -0.577825 -0.816160 0.001058
vn -0.518167 -0.757202 -0.397679
vn -0.494692 -0.770753 -0.401522
vn -0.357029 -0.573880 -0.737016
vn -0.326896 -0.590130 -0.738164
vn 0.074653 0.120605 0.989890
vn 0.390609 0.420362 0.818975
vn 0.285285 0.277471 0.917400
vn -0.179658 -0.144403 0.973073
vn -0.143317 -0.318418 -0.937054
vn -0.064101 -0.280930 -0.957585
vn 0.530544 0.505379 0.680526
vn 0.427990 0.303374 -0.851346
vn 0.502497 0.410710 -0.760798
vn 0.246112 0.097184 -0.964357
vn 0.147379 -0.002164 -0.989078
vn 0.626571 0.631868 0.456237
vn 0.663601 0.630051 0.403323
vn -0.437897 -0.467642 0.767826
vn -0.591962 -0.715647 0.370716
vn 0.711660 0.700794 0.049277
vn 0.732232 0.681054 0.001356
vn 0.670503 0.653967 -0.350361
vn 0.672231 0.604199 -0.427842
vn -0.593924 -0.804336 -0.017240
vn 0.502163 0.465684 -0.728677
vn -0.506796 -0.762947 -0.401335
vn 0.242708 0.146731 -0.958938
vn -0.331211 -0.578329 -0.745543
vn -0.066035 -0.252611 -0.965312
vn 0.017669 0.275330 0.961187
vn 0.301294 0.504212 0.809316
vn -0.268471 -0.018871 0.963103
vn -0.530643 -0.379992 0.757644
vn 0.519882 0.669972 0.529963
vn -0.651118 -0.699365 0.294844
vn 0.641844 0.751991 0.150155
vn -0.598381 -0.795896 -0.092142
vn -0.290690 0.044637 0.955776
vn -0.412431 0.136705 0.900673
vn -0.062960 0.259616 0.963657
vn 0.050169 0.317759 0.946843
vn -0.648566 -0.262946 0.714298
vn -0.807248 -0.076702 0.585208
vn 0.636183 0.721259 -0.273965
vn 0.289553 0.474275 0.831398
vn 0.478458 0.615221 0.626563
vn 0.388728 0.625685 0.676320
vn 0.248935 0.452556 0.856285
vn -0.790118 -0.569823 0.225868
vn -0.943413 -0.308109 0.122644
vn -0.035800 0.314730 0.948506
vn 0.573089 0.755964 0.316367
vn 0.522110 0.749464 0.407069
vn -0.507830 -0.759769 -0.406030
vn -0.387821 -0.112132 0.914889
vn -0.475618 0.049467 0.878260
vn 0.477109 0.560412 -0.676983
vn -0.704182 -0.185969 0.685232
vn -0.689059 -0.649339 0.321801
vn 0.613267 0.789313 -0.029797
vn 0.588484 0.806686 0.054262
vn -0.389272 -0.593475 -0.704454
vn -0.809331 -0.579730 0.094324
vn -0.674689 -0.717098 -0.174830
vn -0.815276 -0.513251 -0.268138
vn 0.142137 0.264251 0.953923
vn 0.151347 0.189176 -0.970210
vn 0.562695 0.753226 -0.340626
vn 0.540370 0.793709 -0.279331
vn -0.170655 -0.252664 -0.952385
vn -0.570282 -0.778477 -0.262206
vn -0.492941 -0.820746 -0.288764
vn -0.804479 -0.511264 -0.302361
vn -0.557702 -0.701693 -0.443390
vn 0.513209 0.367465 0.775620
vn 0.589806 0.251227 0.767472
vn -0.354716 -0.244271 0.902501
vn 0.056445 0.114622 0.991804
vn -0.600324 -0.781308 0.170793
vn -0.551718 -0.810974 -0.194753
vn -0.261598 -0.844678 -0.466996
vn 0.592499 0.433393 0.679054
vn 0.686084 0.680596 0.257057
vn -0.058920 -0.682983 -0.728054
vn -0.243792 -0.800610 -0.547348
vn -0.610906 -0.634323 -0.473739
vn -0.586627 -0.715606 -0.379178
vn 0.737722 0.373392 0.562445
vn 0.454041 0.104003 0.884890
vn 0.369607 0.630825 -0.682239
vn -0.028965 0.280351 -0.959461
vn -0.085416 0.378817 -0.921521
vn 0.332357 0.687279 -0.645900
vn 0.686025 0.238096 0.687517
vn 0.673735 0.736169 -0.064312
vn -0.427087 -0.175729 -0.886970
vn -0.496625 -0.124925 -0.858928
vn 0.785486 0.212001 -0.581436
vn 0.231689 -0.496036 0.836820
vn 0.095511 -0.392229 0.914896
vn 0.634762 0.640615 -0.432076
vn -0.012605 -0.929917 0.367553
vn 0.343266 -0.519330 0.782601
vn 0.218991 -0.574895 -0.788377
vn -0.508362 -0.860604 0.030461
vn 0.870626 0.194599 -0.451821
vn 0.997814 -0.047623 0.045823
vn -0.380097 -0.765800 0.518726
vn 0.529380 -0.206995 -0.822746
vn 0.738876 -0.620849 0.261931
vn 0.728427 0.390739 0.562776
vn 0.219681 -0.922551 -0.317239
vn 0.463621 0.480508 -0.744424
vn 0.469213 -0.010102 0.883027
vn 0.751428 -0.443028 -0.488960
vn 0.793101 0.586415 0.164644
vn 0.755567 0.640086 -0.139316
vn 0.064327 0.090509 -0.993816
vn -0.363441 -0.428298 -0.827328
vn -0.594704 -0.803941 -0.002418
vn -0.553835 -0.700539 -0.450013
vn -0.123395 -0.611401 0.781641
vn 0.064568 -0.464622 0.883152
vn -0.517410 -0.796328 0.313288
vn 0.689118 0.131248 0.712664
vn 0.833088 0.373033 0.408426
vn 0.841933 0.531366 0.093798
vn -0.286942 -0.432063 -0.854977
vn 0.713935 0.595795 -0.367864
vn 0.463025 0.378952 -0.801251
vn 0.108901 0.005607 -0.994037
vn 0.845693 -0.187311 0.499718
vn 0.988770 0.116480 0.093634
vn 0.914394 0.347351 -0.207920
vn 0.492756 -0.578536 0.649991
vn -0.404401 -0.863493 0.301395
vn -0.387388 -0.921823 -0.013131
vn 0.981304 -0.182435 0.061324
vn -0.351120 -0.825539 -0.441815
vn -0.353502 -0.876073 -0.327921
vn 0.819912 0.137910 -0.555631
vn 0.649245 -0.753154 0.106021
vn 0.620299 -0.735562 -0.272355
vn 0.556480 -0.694976 -0.455344
vn 0.507111 -0.579078 -0.638362
vn 0.965332 -0.190149 -0.178825
vn 0.562820 0.800565 -0.205744
vn 0.572859 0.803886 0.159997
vn 0.495968 0.700474 0.513178
vn -0.598321 -0.654121 0.462751
vn -0.673634 -0.738637 0.025148
vn -0.434594 -0.454702 0.777416
vn 0.292933 0.446943 0.845241
vn -0.194087 -0.162732 0.967393
vn 0.018809 0.100889 0.994720
vn -0.630429 -0.680056 -0.374277
vn 0.454247 0.674457 -0.582037
vn -0.490981 -0.505046 -0.709836
vn 0.220321 0.385887 -0.895852
vn -0.267265 -0.221385 -0.937848
vn -0.023976 0.080260 -0.996486
vn 0.559780 0.800793 -0.213017
vn 0.567376 0.808836 0.154493
vn 0.482465 0.710142 0.512764
vn -0.635177 -0.614387 0.468057
vn -0.709276 -0.704262 0.030700
vn -0.468274 -0.418567 0.778153
vn 0.265483 0.456228 0.849338
vn -0.225915 -0.132586 0.965082
vn -0.010251 0.124393 0.992180
vn -0.664034 -0.652215 -0.365614
vn 0.444015 0.667836 -0.597365
vn -0.520613 -0.483821 -0.703476
vn 0.200152 0.376521 -0.904528
vn -0.291105 -0.211139 -0.933102
vn -0.046455 0.079832 -0.995725
vn 0.533131 0.527357 -0.661563
vn 0.567153 0.514791 -0.642906
vn 0.672791 0.713158 -0.196872
vn 0.710652 0.688000 -0.147071
vn 0.622864 0.754923 -0.205260
vn 0.514220 0.547387 -0.660261
vn 0.629111 0.531555 -0.567158
vn 0.739072 0.664278 -0.111836
vn 0.695513 0.649096 0.308118
vn 0.543849 0.499147 0.674597
vn 0.276671 0.249797 0.927930
vn -0.548369 -0.718057 -0.428585
vn -0.638423 -0.624102 -0.450459
vn -0.476525 -0.577218 -0.663132
vn -0.622812 -0.508675 -0.594437
vn 0.313813 0.516378 0.796791
vn -0.281702 -0.228448 -0.931910
vn 0.083764 0.247203 -0.965336
vn 0.423440 0.614150 -0.665971
vn 0.614327 0.752282 -0.238065
vn 0.617496 0.766656 0.175893
vn 0.497786 0.668550 0.552493
vn 0.239753 0.432271 0.869287
vn 0.358293 0.562793 0.744910
vn 0.508072 0.706080 0.493269
vn 0.596931 0.793511 0.118380
vn 0.547669 0.794440 -0.262534
vn 0.323124 0.681843 -0.656263
vn -0.095927 0.369584 -0.924233
vn -0.482403 -0.105900 -0.869525
vn -0.708568 -0.221532 0.669967
vn -0.693520 -0.220130 0.685983
vn -0.353267 -0.266394 0.896793
vn -0.370771 -0.258324 0.892075
vn -0.903885 -0.167886 0.393454
vn -0.895496 -0.155120 0.417162
vn -0.023678 -0.276651 0.960679
vn -0.025451 -0.258648 0.965636
vn -0.986187 -0.104449 0.128552
vn -0.983489 -0.087120 0.158617
vn 0.332198 -0.255415 0.907969
vn 0.346005 -0.229934 0.909621
vn 0.600675 -0.215894 0.769792
vn 0.602165 -0.183104 0.777091
vn -0.920430 0.085470 -0.381449
vn -0.997021 -0.012703 -0.076082
vn -0.985903 -0.029234 -0.164747
vn -0.888750 0.043673 -0.456308
vn 0.818868 -0.165979 0.549460
vn 0.816179 -0.130377 0.562898
vn 0.943727 -0.108286 0.312495
vn 0.955396 -0.069459 0.287043
vn -0.706260 0.163768 -0.688751
vn -0.670358 0.107504 -0.734209
vn -0.384092 0.202056 -0.900915
vn -0.369431 0.147726 -0.917441
vn 0.996669 -0.048245 0.065755
vn 0.998592 -0.014451 0.051034
vn -0.090831 0.164894 -0.982120
vn -0.063537 0.204840 -0.976731
vn 0.961114 0.025459 -0.274975
vn 0.961263 0.050992 -0.270876
vn 0.300326 0.176315 -0.937400
vn 0.285497 0.191036 -0.939147
vn 0.556464 0.173734 -0.812505
vn 0.597191 0.161024 -0.785770
vn 0.815615 0.098112 -0.570216
vn 0.780112 0.118884 -0.614240
vn -0.840890 0.155370 0.518424
vn -0.637134 0.224858 0.737224
vn -0.657357 -0.129991 0.742283
vn -0.860721 -0.121799 0.494292
vn -0.880961 -0.101358 0.462205
vn -0.905753 -0.116113 0.407589
vn -0.985767 -0.063956 0.155479
vn -0.979224 -0.072697 0.189304
vn -0.289130 0.302050 0.908389
vn -0.448728 -0.126952 0.884605
vn -0.088646 -0.107846 0.990208
vn -0.934948 0.059344 -0.349786
vn -0.956032 -0.051143 -0.288768
vn -0.998198 -0.059942 -0.002822
vn -0.998586 -0.013255 -0.051491
vn 0.210288 -0.101132 0.972395
vn 0.168224 0.309246 0.935985
vn 0.547914 0.342811 0.763067
vn 0.587325 -0.083590 0.805023
vn -0.971915 -0.100344 0.212867
vn -0.956449 0.148754 0.251153
vn -0.391354 0.150700 -0.907817
vn -0.402629 -0.025640 -0.915004
vn -0.744138 -0.036955 -0.667003
vn -0.723165 0.124318 -0.679395
vn -0.985118 0.171872 0.001519
vn -0.995872 -0.090761 0.001470
vn -0.060053 0.149477 -0.986940
vn -0.065836 -0.018587 -0.997657
vn 0.796308 0.316187 0.515674
vn 0.921932 0.316630 0.223131
vn 0.962443 -0.056111 0.265622
vn 0.833589 -0.065653 0.548470
vn -0.939817 0.205953 -0.272632
vn -0.957245 -0.109555 -0.267732
vn -0.860592 0.149109 0.486978
vn -0.665640 0.216804 0.714087
vn -0.267901 0.268612 0.925244
vn -0.960524 0.131292 0.245269
vn 0.150671 0.301617 0.941448
vn 0.257443 0.137023 -0.956529
vn 0.243333 -0.019150 -0.969754
vn 0.948586 0.316519 -0.000868
vn 0.998125 -0.056807 0.022787
vn -0.990382 0.138358 -0.000862
vn -0.721192 0.229472 -0.653624
vn -0.745639 -0.138912 -0.651711
vn -0.884597 -0.105676 0.454225
vn -0.710924 -0.093835 0.696981
vn -0.704957 -0.102801 0.701760
vn -0.878019 -0.120603 0.463183
vn 0.954506 0.017273 -0.297691
vn 0.956267 -0.040147 -0.289726
vn 0.820177 -0.028833 -0.571382
vn 0.812955 0.071765 -0.577888
vn -0.958522 -0.137854 0.249464
vn -0.958778 -0.119608 0.257757
vn 0.528956 0.299303 0.794118
vn -0.404972 -0.136872 -0.904026
vn -0.422251 0.183296 -0.887754
vn -0.939826 0.174863 -0.293513
vn -0.249088 -0.087971 0.964477
vn -0.226648 -0.085572 0.970210
vn 0.201650 -0.080191 0.976170
vn 0.217505 -0.078051 0.972933
vn 0.642414 -0.083789 0.761763
vn 0.680676 -0.069076 0.729320
vn 0.896514 0.271148 -0.350345
vn 0.949760 -0.064439 -0.306275
vn -0.989534 -0.141853 0.026462
vn -0.959302 -0.142809 -0.243610
vn -0.964805 -0.130143 -0.228506
vn -0.991507 -0.124153 0.038742
vn 0.807874 0.285757 0.515444
vn -0.719496 0.223804 -0.657448
vn -0.085865 -0.114851 -0.989665
vn -0.138171 0.153256 -0.978479
vn 0.583758 0.111661 -0.804213
vn 0.581007 -0.025104 -0.813511
vn 0.897431 -0.088686 0.432148
vn 0.922399 -0.060775 0.381428
vn 0.930562 0.243667 0.273280
vn -0.410497 0.190171 -0.891811
vn 0.170481 0.167189 -0.971074
vn 0.218379 -0.101144 -0.970608
vn 0.750174 0.201182 -0.629892
vn 0.800570 -0.081674 -0.593647
vn 0.537760 0.189609 -0.821500
vn 0.561345 -0.097223 -0.821851
vn 0.975274 -0.106456 0.193670
vn 0.985156 -0.078660 0.152580
vn -0.103357 0.143826 -0.984191
vn -0.749299 -0.136704 -0.647969
vn -0.748675 -0.132421 -0.649577
vn 0.966449 0.256856 0.001521
vn -0.395897 -0.121461 -0.910227
vn -0.384983 -0.122977 -0.914694
vn 0.905430 0.233351 -0.354605
vn 0.522146 0.195336 -0.830185
vn 0.197745 0.181673 -0.963271
vn 0.747267 0.180374 -0.639576
vn -0.063842 -0.115290 -0.991278
vn -0.044782 -0.118252 -0.991973
vn -0.755785 0.008166 0.654769
vn -0.122305 0.033518 0.991926
vn -0.914925 -0.018613 0.403194
vn -0.970134 -0.039173 0.239384
vn 0.157481 -0.112236 -0.981123
vn 0.328030 -0.109575 -0.938291
vn 0.928652 -0.089379 -0.360023
vn 0.928773 -0.108246 -0.354491
vn 0.992740 -0.117451 -0.025931
vn 0.994875 -0.090587 -0.044922
vn 0.543580 -0.095805 -0.833872
vn 0.722099 -0.088348 -0.686125
vn 0.735904 -0.096255 -0.670209
vn -0.996996 -0.060599 0.048234
vn -0.958403 -0.102542 -0.266364
vn -0.724472 -0.149711 -0.672850
vn -0.410646 -0.165431 -0.896662
vn 0.999254 0.024468 0.029890
vn 0.954541 0.047132 0.294329
vn -0.027097 -0.169201 -0.985209
vn 0.986067 -0.009020 -0.166102
vn 0.192719 -0.154266 -0.969052
vn 0.919384 -0.045435 -0.390729
vn 0.665239 -0.095480 -0.740501
vn 0.724237 0.052056 0.687583
vn 0.242105 0.037141 0.969539
vn -0.718660 -0.169914 0.674283
vn -0.679561 -0.123876 0.723085
vn -0.395279 -0.211906 0.893784
vn -0.421970 -0.125766 0.897844
vn -0.072509 -0.110356 0.991244
vn -0.049268 -0.217573 0.974800
vn 0.252109 -0.101229 0.962390
vn 0.314746 -0.199380 0.927999
vn 0.593650 -0.083487 0.800381
vn 0.604047 -0.168261 0.778984
vn 0.828978 -0.129225 0.544148
vn 0.830185 -0.065997 0.553568
vn 0.947483 -0.086930 0.307764
vn 0.952723 -0.057833 0.298285
vn 0.998506 -0.041152 0.035938
vn 0.997949 -0.052274 0.036938
vn -0.404661 -0.193993 0.893653
vn -0.732737 -0.169696 0.659014
vn -0.050894 -0.188775 0.980701
vn -0.915783 -0.128227 0.380657
vn 0.334448 -0.155450 0.929505
vn -0.988987 -0.083755 0.122024
vn 0.591650 -0.114778 0.797983
vn 0.807619 -0.061495 0.586489
vn -0.984951 -0.038746 -0.168438
vn -0.892151 -0.012739 -0.451558
vn 0.956543 0.003469 0.291571
vn -0.654309 0.012437 -0.756125
vn 0.997712 0.053320 0.041577
vn -0.348581 0.044031 -0.936244
vn -0.076945 0.064995 -0.994915
vn 0.952612 0.111967 -0.282833
vn 0.344238 0.086909 -0.934851
vn 0.770787 0.142047 -0.621055
vn 0.577993 0.115189 -0.807871
vn -0.440836 -0.104591 0.891473
vn -0.464966 -0.078862 0.881809
vn -0.768099 -0.090241 0.633941
vn -0.753764 -0.103875 0.648884
vn -0.082529 -0.087661 0.992726
vn -0.099230 -0.059272 0.993298
vn -0.926315 -0.092088 0.365323
vn -0.920896 -0.092602 0.378650
vn 0.308415 -0.063754 0.949113
vn 0.293941 -0.032654 0.955266
vn -0.988768 -0.089751 0.119508
vn -0.989426 -0.073071 0.125284
vn 0.570420 -0.034973 0.820608
vn 0.561170 -0.011813 0.827616
vn 0.792874 -0.000677 0.609385
vn 0.789293 0.007728 0.613968
vn -0.983455 -0.083357 -0.160836
vn -0.986400 -0.051053 -0.156230
vn -0.899551 -0.073326 -0.430618
vn -0.900219 -0.033678 -0.434134
vn 0.952538 0.033642 0.302554
vn 0.953753 0.026758 0.299399
vn -0.658342 -0.052914 -0.750857
vn -0.657488 -0.008887 -0.753412
vn 0.997307 0.057268 0.045812
vn 0.998553 0.035935 0.039999
vn -0.336434 -0.029198 -0.941254
vn -0.344315 0.016615 -0.938707
vn -0.069959 -0.011094 -0.997488
vn -0.074028 0.036389 -0.996592
vn 0.957382 0.081852 -0.276985
vn 0.957582 0.040621 -0.285284
vn 0.345711 0.013606 -0.938242
vn 0.346092 0.058627 -0.936367
vn 0.796064 0.091033 -0.598327
vn 0.799936 0.036978 -0.598945
vn 0.613144 0.081198 -0.785787
vn 0.626484 0.030678 -0.778830
vn -0.412458 -0.081910 0.907287
vn -0.736476 -0.094740 0.669797
vn -0.060907 -0.062327 0.996196
vn -0.914399 -0.097613 0.392869
vn 0.330449 -0.035744 0.943147
vn -0.987452 -0.094937 0.126195
vn 0.582506 -0.015332 0.812682
vn 0.813700 0.005340 0.581260
vn -0.981721 -0.088528 -0.168483
vn -0.884058 -0.077476 -0.460911
vn 0.958033 0.022741 0.285753
vn -0.599119 -0.054350 -0.798813
vn 0.998527 0.031450 0.044211
vn -0.298091 -0.031899 -0.954004
vn -0.023960 -0.013857 -0.999617
vn 0.963025 0.035647 -0.267043
vn 0.383491 0.010893 -0.923480
vn 0.816704 0.032974 -0.576113
vn 0.638030 0.025631 -0.769585
vn -0.796225 0.031831 0.604163
vn -0.130165 0.084049 0.987924
vn -0.918504 -0.002424 0.395405
vn -0.962181 -0.025799 0.271188
vn -0.996184 -0.055136 0.067651
vn -0.971458 -0.099731 -0.215230
vn -0.726736 -0.163735 -0.667118
vn -0.206397 -0.191116 -0.959622
vn 0.175601 -0.171948 -0.969329
vn 0.699736 -0.106926 -0.706355
vn 0.929983 -0.048631 -0.364371
vn 0.988909 -0.004304 -0.148458
vn 0.998583 0.028834 0.044737
vn 0.960215 0.056355 0.273517
vn 0.762326 0.081255 0.642072
vn 0.245052 0.082542 0.965990
vn -0.050715 0.088463 0.994788
vn -0.261836 0.081131 0.961696
vn -0.253891 0.080851 0.963848
vn -0.045656 0.074992 0.996138
vn 0.000000 0.090481 0.995898
vn 0.000000 0.074057 0.997254
vn -0.516770 0.077043 0.852650
vn -0.786108 0.069868 0.614128
vn -0.784003 0.096245 0.613251
vn -0.507234 0.088852 0.857216
vn -0.914796 0.067064 0.398309
vn -0.911914 0.096582 0.398854
vn -0.974418 0.068035 0.214198
vn -0.971091 0.099166 0.217135
vn -0.993804 0.072272 -0.084447
vn -0.991641 0.102854 -0.077909
vn -0.281779 0.082378 -0.955936
vn -0.160314 0.085583 -0.983349
vn -0.159549 0.076534 -0.984219
vn -0.276755 0.081884 -0.957445
vn -0.622690 0.079261 -0.778444
vn -0.618978 0.094300 -0.779727
vn -0.853853 0.076423 -0.514874
vn -0.854032 0.101654 -0.510192
vn -0.092728 0.089064 -0.991700
vn -0.092777 0.075719 -0.992804
vn 0.000000 0.091035 -0.995848
vn 0.000000 0.074392 -0.997229
vn 0.000000 0.045032 -0.998986
vn -0.093916 0.052493 -0.994195
vn -0.161151 0.061737 -0.984997
vn -0.290432 0.083466 -0.953249
vn -0.633197 0.124104 -0.763976
vn -0.858809 0.145735 -0.491130
vn -0.985623 0.154617 -0.068126
vn -0.964826 0.151047 0.215165
vn -0.907259 0.147871 0.393721
vn -0.787782 0.140216 0.599782
vn -0.526337 0.113472 0.842671
vn -0.264880 0.081552 0.960827
vn -0.054943 0.053188 0.997072
vn 0.000000 0.045033 0.998986
vn -0.040605 0.004689 0.999164
vn -0.250749 0.036702 0.967356
vn -0.261861 0.038712 0.964329
vn -0.048141 0.005560 0.998825
vn 0.000000 0.000000 1.000000
vn 0.000000 0.000000 1.000000
vn -0.488443 0.086772 0.868271
vn -0.767988 0.155499 0.621301
vn -0.783492 0.160258 0.600381
vn -0.526351 0.095359 0.844903
vn -0.894121 0.200078 0.400644
vn -0.896745 0.201355 0.394088
vn -0.949260 0.224362 0.220380
vn -0.950271 0.224832 0.215488
vn -0.969447 0.231400 -0.081407
vn -0.970764 0.231911 -0.061920
vn -0.266163 0.044604 -0.962896
vn -0.148122 0.018204 -0.988802
vn -0.150997 0.019092 -0.988350
vn -0.287958 0.049000 -0.956389
vn -0.597901 0.120336 -0.792486
vn -0.630885 0.128546 -0.765153
vn -0.831670 0.185771 -0.523272
vn -0.853256 0.192874 -0.484514
vn -0.081367 0.008630 -0.996647
vn -0.087735 0.009305 -0.996100
vn 0.000000 0.000000 -1.000000
vn 0.000000 0.000000 -1.000000
vn 0.092728 0.089064 -0.991700
vn 0.092777 0.075719 -0.992804
vn 0.160314 0.085583 -0.983349
vn 0.159549 0.076534 -0.984219
vn 0.281779 0.082378 -0.955936
vn 0.276755 0.081884 -0.957446
vn 0.622690 0.079261 -0.778444
vn 0.618978 0.094300 -0.779727
vn 0.853853 0.076423 -0.514874
vn 0.854032 0.101654 -0.510192
vn 0.993804 0.072272 -0.084447
vn 0.991641 0.102854 -0.077909
vn 0.974418 0.068035 0.214198
vn 0.971091 0.099166 0.217135
vn 0.914797 0.067064 0.398309
vn 0.911914 0.096582 0.398854
vn 0.786108 0.069868 0.614128
vn 0.784003 0.096245 0.613251
vn 0.516770 0.077043 0.852651
vn 0.507233 0.088852 0.857216
vn 0.261836 0.081131 0.961696
vn 0.253891 0.080851 0.963848
vn 0.050715 0.088463 0.994788
vn 0.045656 0.074992 0.996138
vn 0.093916 0.052493 -0.994195
vn 0.161151 0.061737 -0.984997
vn 0.290432 0.083466 -0.953249
vn 0.633197 0.124103 -0.763976
vn 0.858809 0.145735 -0.491130
vn 0.985623 0.154618 -0.068126
vn 0.964826 0.151048 0.215164
vn 0.907259 0.147872 0.393721
vn 0.787782 0.140216 0.599782
vn 0.526337 0.113472 0.842671
vn 0.264879 0.081551 0.960827
vn 0.054943 0.053188 0.997072
vn 0.040605 0.004689 0.999164
vn 0.048141 0.005560 0.998825
vn 0.261861 0.038713 0.964329
vn 0.250749 0.036702 0.967356
vn 0.488443 0.086772 0.868271
vn 0.526351 0.095359 0.844903
vn 0.783492 0.160258 0.600381
vn 0.767988 0.155499 0.621301
vn 0.896745 0.201355 0.394088
vn 0.894122 0.200078 0.400644
vn 0.950272 0.224831 0.215488
vn 0.949260 0.224362 0.220380
vn 0.970764 0.231911 -0.061920
vn 0.969447 0.231399 -0.081407
vn 0.266163 0.044604 -0.962896
vn 0.287958 0.049001 -0.956389
vn 0.150997 0.019092 -0.988350
vn 0.148122 0.018204 -0.988802
vn 0.597901 0.120336 -0.792486
vn 0.630885 0.128547 -0.765153
vn 0.831670 0.185771 -0.523272
vn 0.853256 0.192874 -0.484514
vn 0.087735 0.009305 -0.996100
vn 0.081367 0.008630 -0.996647
vn 0.708568 -0.221532 0.669966
vn 0.370771 -0.258324 0.892075
vn 0.353267 -0.266394 0.896792
vn 0.693520 -0.220130 0.685983
vn 0.903885 -0.167886 0.393454
vn 0.895496 -0.155120 0.417162
vn 0.025451 -0.258648 0.965636
vn 0.023678 -0.276651 0.960679
vn 0.986187 -0.104449 0.128552
vn 0.983489 -0.087120 0.158617
vn -0.346005 -0.229934 0.909621
vn -0.332198 -0.255415 0.907969
vn -0.602165 -0.183104 0.777091
vn -0.600675 -0.215894 0.769792
vn 0.920430 0.085470 -0.381449
vn 0.888750 0.043674 -0.456308
vn 0.985903 -0.029234 -0.164747
vn 0.997021 -0.012703 -0.076082
vn -0.816179 -0.130377 0.562898
vn -0.818868 -0.165979 0.549460
vn -0.943727 -0.108286 0.312495
vn -0.955396 -0.069459 0.287043
vn 0.706260 0.163768 -0.688750
vn 0.670358 0.107505 -0.734209
vn 0.384092 0.202056 -0.900914
vn 0.369431 0.147726 -0.917441
vn -0.996669 -0.048245 0.065755
vn -0.998592 -0.014451 0.051034
vn 0.934948 0.059344 -0.349786
vn 0.723165 0.124318 -0.679395
vn 0.063537 0.204840 -0.976731
vn 0.090831 0.164894 -0.982120
vn -0.961114 0.025458 -0.274975
vn -0.961263 0.050992 -0.270876
vn -0.285497 0.191036 -0.939147
vn -0.300326 0.176315 -0.937399
vn 0.391354 0.150699 -0.907817
vn -0.556464 0.173734 -0.812505
vn -0.597191 0.161024 -0.785770
vn -0.815615 0.098112 -0.570216
vn -0.780112 0.118883 -0.614241
vn 0.840890 0.155369 0.518425
vn 0.860721 -0.121799 0.494292
vn 0.657357 -0.129991 0.742283
vn 0.637133 0.224857 0.737225
vn 0.880961 -0.101358 0.462205
vn 0.979224 -0.072697 0.189304
vn 0.985767 -0.063957 0.155479
vn 0.905753 -0.116113 0.407589
vn 0.448728 -0.126952 0.884605
vn 0.289130 0.302050 0.908389
vn 0.088646 -0.107846 0.990208
vn 0.998586 -0.013255 -0.051491
vn 0.998198 -0.059942 -0.002822
vn 0.956032 -0.051143 -0.288768
vn -0.210288 -0.101132 0.972395
vn -0.168224 0.309246 0.935985
vn -0.587325 -0.083591 0.805023
vn -0.547914 0.342811 0.763067
vn 0.971915 -0.100344 0.212867
vn 0.956449 0.148754 0.251153
vn 0.744138 -0.036955 -0.667003
vn 0.402629 -0.025640 -0.915004
vn 0.985118 0.171872 0.001520
vn 0.995872 -0.090761 0.001470
vn 0.060053 0.149477 -0.986940
vn 0.065836 -0.018587 -0.997657
vn -0.796307 0.316187 0.515675
vn -0.833589 -0.065653 0.548470
vn -0.962443 -0.056111 0.265622
vn -0.921931 0.316631 0.223133
vn 0.939817 0.205953 -0.272632
vn 0.957245 -0.109555 -0.267732
vn 0.659102 0.253358 0.708092
vn 0.856214 0.180652 0.484006
vn 0.263626 0.308845 0.913847
vn 0.956045 0.162942 0.243780
vn -0.148020 0.342632 0.927736
vn -0.257444 0.137023 -0.956529
vn -0.243333 -0.019150 -0.969754
vn -0.998125 -0.056807 0.022788
vn -0.948585 0.316520 -0.000866
vn 0.985184 0.171500 -0.000986
vn 0.721194 0.229472 -0.653622
vn 0.745638 -0.138912 -0.651711
vn 0.884428 -0.105783 0.454530
vn 0.878045 -0.120607 0.463131
vn 0.704989 -0.102803 0.701728
vn 0.710711 -0.093888 0.697191
vn -0.954506 0.017273 -0.297691
vn -0.812954 0.071765 -0.577888
vn -0.820177 -0.028832 -0.571383
vn -0.956267 -0.040147 -0.289726
vn 0.958541 -0.137857 0.249389
vn 0.958764 -0.119734 0.257750
vn -0.520403 0.341705 0.782572
vn 0.404972 -0.136872 -0.904026
vn 0.422253 0.183296 -0.887753
vn 0.932138 0.212506 -0.293190
vn 0.249250 -0.087974 0.964435
vn 0.227035 -0.085595 0.970118
vn -0.201528 -0.080191 0.976195
vn -0.217148 -0.078082 0.973011
vn -0.642425 -0.083787 0.761754
vn -0.680036 -0.069210 0.729905
vn -0.949760 -0.064439 -0.306275
vn -0.896514 0.271147 -0.350345
vn 0.959291 -0.142808 -0.243653
vn 0.989535 -0.141852 0.026427
vn 0.991499 -0.124283 0.038516
vn 0.964724 -0.130240 -0.228793
vn -0.795691 0.327564 0.509488
vn 0.711610 0.264645 -0.650826
vn 0.085865 -0.114851 -0.989665
vn 0.138171 0.153256 -0.978479
vn -0.581007 -0.025104 -0.813511
vn -0.583758 0.111661 -0.804213
vn -0.897402 -0.088681 0.432211
vn -0.922058 -0.061024 0.382212
vn -0.919829 0.283519 0.271167
vn 0.408739 0.226540 -0.884088
vn -0.170481 0.167190 -0.971074
vn -0.218379 -0.101144 -0.970608
vn -0.800570 -0.081674 -0.593647
vn -0.750174 0.201182 -0.629893
vn -0.537760 0.189609 -0.821500
vn -0.561345 -0.097223 -0.821851
vn -0.975258 -0.106450 0.193754
vn -0.985008 -0.078937 0.153387
vn 0.101753 0.174724 -0.979346
vn 0.748554 -0.132445 -0.649711
vn 0.749337 -0.136706 -0.647925
vn -0.954354 0.298672 0.001671
vn 0.385031 -0.122965 -0.914675
vn 0.395988 -0.121465 -0.910187
vn -0.896563 0.271717 -0.349778
vn -0.198430 0.215102 -0.956220
vn -0.517098 0.228398 -0.824890
vn -0.742391 0.212679 -0.635314
vn 0.045215 -0.118242 -0.991955
vn 0.063860 -0.115289 -0.991277
vn 0.122305 0.033518 0.991926
vn 0.755785 0.008167 0.654769
vn 0.914925 -0.018613 0.403194
vn 0.970134 -0.039173 0.239384
vn -0.328318 -0.109596 -0.938188
vn -0.157290 -0.112245 -0.981153
vn -0.928584 -0.089501 -0.360169
vn -0.994869 -0.090800 -0.044631
vn -0.992741 -0.117451 -0.025891
vn -0.928803 -0.108251 -0.354410
vn -0.543618 -0.095804 -0.833847
vn -0.722318 -0.088411 -0.685886
vn -0.735936 -0.096255 -0.670174
vn 0.996996 -0.060599 0.048234
vn 0.958403 -0.102542 -0.266364
vn 0.724472 -0.149711 -0.672850
vn 0.410647 -0.165431 -0.896662
vn -0.999254 0.024468 0.029890
vn -0.954541 0.047132 0.294328
vn 0.027097 -0.169201 -0.985209
vn -0.986067 -0.009020 -0.166102
vn -0.192719 -0.154266 -0.969052
vn -0.919384 -0.045435 -0.390729
vn -0.665239 -0.095480 -0.740500
vn -0.724237 0.052056 0.687583
vn -0.242105 0.037141 0.969539
vn 0.718659 -0.169914 0.674283
vn 0.679561 -0.123876 0.723085
vn 0.395279 -0.211906 0.893784
vn 0.421970 -0.125766 0.897844
vn 0.072509 -0.110356 0.991244
vn 0.049268 -0.217573 0.974800
vn -0.252109 -0.101229 0.962390
vn -0.314746 -0.199380 0.927999
vn -0.593650 -0.083487 0.800381
vn -0.604047 -0.168262 0.778984
vn -0.828978 -0.129225 0.544148
vn -0.830185 -0.065997 0.553568
vn -0.947483 -0.086930 0.307764
vn -0.952723 -0.057833 0.298285
vn -0.998506 -0.041152 0.035938
vn -0.997949 -0.052274 0.036938
vn 0.732737 -0.169696 0.659014
vn 0.404661 -0.193993 0.893653
vn 0.050894 -0.188775 0.980701
vn 0.915783 -0.128227 0.380657
vn -0.334448 -0.155450 0.929505
vn 0.988987 -0.083755 0.122024
vn -0.591650 -0.114778 0.797983
vn -0.807619 -0.061495 0.586489
vn 0.984951 -0.038746 -0.168438
vn 0.892151 -0.012739 -0.451558
vn -0.956543 0.003469 0.291571
vn 0.654309 0.012437 -0.756125
vn -0.997712 0.053319 0.041577
vn 0.348581 0.044032 -0.936244
vn 0.076945 0.064995 -0.994915
vn -0.952612 0.111967 -0.282833
vn -0.344238 0.086909 -0.934851
vn -0.770787 0.142047 -0.621055
vn -0.577993 0.115189 -0.807871
vn 0.440836 -0.104591 0.891473
vn 0.753764 -0.103875 0.648884
vn 0.768099 -0.090241 0.633941
vn 0.464966 -0.078862 0.881809
vn 0.082529 -0.087661 0.992726
vn 0.099230 -0.059271 0.993298
vn 0.920896 -0.092602 0.378650
vn 0.926315 -0.092088 0.365323
vn -0.308415 -0.063754 0.949113
vn -0.293941 -0.032654 0.955266
vn 0.989426 -0.073071 0.125284
vn 0.988768 -0.089751 0.119508
vn -0.570420 -0.034973 0.820608
vn -0.561170 -0.011813 0.827616
vn -0.792874 -0.000677 0.609385
vn -0.789293 0.007728 0.613968
vn 0.986400 -0.051053 -0.156230
vn 0.983455 -0.083357 -0.160836
vn 0.900219 -0.033678 -0.434134
vn 0.899550 -0.073326 -0.430618
vn -0.952538 0.033642 0.302554
vn -0.953753 0.026758 0.299399
vn 0.657488 -0.008887 -0.753412
vn 0.658342 -0.052914 -0.750857
vn -0.997307 0.057267 0.045811
vn -0.998553 0.035935 0.039999
vn 0.344315 0.016615 -0.938707
vn 0.336434 -0.029198 -0.941254
vn 0.074028 0.036389 -0.996592
vn 0.069959 -0.011094 -0.997488
vn -0.957382 0.081851 -0.276985
vn -0.957582 0.040621 -0.285284
vn -0.346092 0.058627 -0.936367
vn -0.345711 0.013606 -0.938242
vn -0.796064 0.091033 -0.598327
vn -0.799936 0.036978 -0.598945
vn -0.613144 0.081198 -0.785787
vn -0.626484 0.030678 -0.778830
vn 0.736476 -0.094740 0.669797
vn 0.412458 -0.081910 0.907287
vn 0.060907 -0.062327 0.996196
vn 0.914399 -0.097613 0.392869
vn -0.330449 -0.035744 0.943147
vn 0.987452 -0.094937 0.126195
vn -0.582505 -0.015332 0.812682
vn -0.813700 0.005340 0.581260
vn 0.981721 -0.088528 -0.168483
vn 0.884058 -0.077476 -0.460911
vn -0.958033 0.022741 0.285753
vn 0.599119 -0.054350 -0.798813
vn -0.998527 0.031450 0.044211
vn 0.298091 -0.031899 -0.954004
vn 0.023960 -0.013857 -0.999617
vn -0.963025 0.035647 -0.267043
vn -0.383491 0.010893 -0.923480
vn -0.816704 0.032974 -0.576113
vn -0.638030 0.025631 -0.769585
vn 0.130165 0.084049 0.987924
vn 0.796225 0.031831 0.604163
vn 0.918504 -0.002424 0.395405
vn 0.962181 -0.025799 0.271188
vn 0.996184 -0.055136 0.067651
vn 0.971458 -0.099731 -0.215230
vn 0.726736 -0.163735 -0.667117
vn 0.206397 -0.191116 -0.959622
vn -0.175601 -0.171948 -0.969329
vn -0.699736 -0.106926 -0.706354
vn -0.929983 -0.048631 -0.364371
vn -0.988909 -0.004304 -0.148458
vn -0.998583 0.028834 0.044737
vn -0.960215 0.056355 0.273517
vn -0.762326 0.081255 0.642072
vn -0.245052 0.082542 0.965990
vn 0.013634 0.199366 0.979830
vn 0.012247 0.114328 0.993368
vn -0.097261 0.118708 0.988154
vn -0.096322 0.179016 0.979120
vn -0.338255 0.163738 0.926700
vn -0.427357 -0.000000 0.904083
vn -0.281940 0.102290 0.953964
vn -0.409258 0.176513 0.895182
vn -0.259471 0.001805 0.965749
vn -0.475596 0.143524 0.867877
vn -0.284542 -0.100903 0.953339
vn -0.520364 0.078444 0.850334
vn -0.343241 -0.162419 0.925098
vn -0.535346 -0.001599 0.844631
vn -0.412317 -0.175299 0.894016
vn -0.475453 -0.143606 0.867941
vn -0.519043 -0.080933 0.850908
vn -0.099930 0.519105 0.848849
vn -0.326658 0.577306 0.748340
vn 0.386474 0.884413 0.261633
vn -0.022688 0.990685 0.134273
vn 0.047849 0.309375 0.949735
vn 0.702349 0.564400 0.433774
vn -0.555179 0.472042 0.684801
vn -0.466527 0.881405 0.074015
vn 0.088201 0.006904 0.996079
vn 0.833847 0.024739 0.551441
vn -0.703821 0.251232 0.664469
vn -0.835879 0.543762 0.075032
vn 0.029498 -0.296503 0.954576
vn 0.689124 -0.529377 0.494842
vn -0.746582 -0.003029 0.665287
vn -0.994072 0.027311 0.105237
vn -0.122566 -0.503508 0.855253
vn 0.366272 -0.865743 0.341078
vn -0.698373 -0.254241 0.669056
vn -0.855630 -0.502418 0.124391
vn -0.340064 -0.560143 0.755379
vn -0.042651 -0.976240 0.212452
vn -0.553815 -0.463385 0.691783
vn -0.491572 -0.858882 0.143800
vn -0.125822 0.192475 0.973202
vn 0.011662 0.224609 0.974379
vn -0.164471 0.014724 0.986272
vn -0.002931 0.007644 0.999967
vn 0.004986 -0.017705 0.999831
vn -0.133417 0.004000 0.991052
vn 0.118249 0.177819 0.976933
vn 0.117675 0.105116 0.987473
vn 0.343294 0.163324 0.924919
vn 0.287091 0.101905 0.952467
vn 0.432184 -0.000466 0.901785
vn 0.414134 0.176064 0.893025
vn 0.264631 0.001434 0.964349
vn 0.480308 0.143040 0.865358
vn 0.289577 -0.101290 0.951780
vn 0.524953 0.077934 0.847556
vn 0.348092 -0.162838 0.923209
vn 0.539856 -0.002121 0.841754
vn 0.417000 -0.175752 0.891752
vn 0.480007 -0.144092 0.865350
vn 0.523537 -0.081444 0.848102
vn 0.331006 0.577555 0.746234
vn 0.104741 0.519132 0.848252
vn 0.023905 0.990697 0.133971
vn -0.384770 0.884502 0.263833
vn -0.700409 0.564035 0.437369
vn -0.042492 0.309236 0.950036
vn 0.559434 0.472441 0.681053
vn 0.466675 0.881545 0.071358
vn -0.831675 0.025169 0.554692
vn -0.082693 0.006736 0.996552
vn 0.708435 0.251417 0.659477
vn 0.836360 0.543601 0.070717
vn -0.687576 -0.527890 0.498570
vn -0.024496 -0.296759 0.954638
vn 0.751392 -0.003657 0.659846
vn 0.994475 0.028532 0.101025
vn -0.366344 -0.863202 0.347383
vn 0.126786 -0.504106 0.854285
vn 0.702702 -0.255600 0.663987
vn 0.855712 -0.502996 0.121458
vn 0.045790 -0.974806 0.218303
vn 0.343788 -0.561204 0.752901
vn 0.495271 -0.856570 0.144891
vn 0.557576 -0.464789 0.687808
vn 0.146139 0.199850 0.968867
vn 0.167503 0.014792 0.985761
vn 0.146141 -0.005694 0.989248
vn -0.369156 0.261395 -0.891850
vn -0.065514 0.706662 -0.704512
vn 0.345095 0.935141 0.080129
vn -0.458131 0.290211 -0.840175
vn -0.431274 0.667792 -0.606677
vn -0.628926 0.188662 -0.754227
vn 0.142152 0.974082 -0.175949
vn -0.894323 0.172284 -0.412923
vn -0.544416 0.071804 -0.835736
vn -0.424850 0.071636 -0.902425
vn -0.890111 0.069646 -0.450391
vn -0.688875 0.067072 -0.721770
vn -0.063408 0.563562 -0.823637
vn -0.189319 0.241198 -0.951831
vn 0.002755 0.227474 -0.973780
vn 0.001308 0.825333 -0.564644
vn -0.413767 0.906404 0.085028
vn -0.994750 0.019426 -0.100476
vn -0.218189 0.087811 -0.971948
vn -0.913829 0.028331 -0.405111
vn -0.723848 -0.027035 -0.689430
vn -0.944905 -0.231802 -0.231134
vn 0.064844 0.563025 -0.823892
vn 0.192005 0.241032 -0.951335
vn -0.494951 -0.651216 -0.575275
vn -0.831070 -0.504443 -0.234223
vn -0.460319 -0.408730 -0.788065
vn -0.532277 -0.843252 0.074877
vn 0.050385 -0.643646 -0.763663
vn 0.078471 -0.951132 -0.298649
vn 0.003688 0.091147 -0.995831
vn -0.583706 -0.425553 -0.691514
vn -0.785683 -0.532959 -0.314096
vn -0.218229 -0.018210 -0.975728
vn -0.425146 -0.040705 -0.904209
vn -0.214332 -0.926295 0.309901
vn -0.480580 -0.616355 -0.623818
vn -0.802936 -0.523082 -0.285796
vn 0.202906 -0.575510 -0.792223
vn -0.297611 -0.931786 -0.207853
vn -0.580253 -0.668378 -0.465378
vn -0.138303 -0.470026 -0.871750
vn -0.587649 -0.747705 0.309202
vn 0.075006 -0.831229 0.550847
vn -0.602434 -0.420439 -0.678457
vn -0.322057 0.824981 0.464420
vn -0.017934 0.508959 0.860604
vn -0.951147 -0.075431 0.299382
vn -0.994620 -0.025050 0.100519
vn -0.810128 -0.277969 -0.516164
vn -0.740662 -0.559287 -0.372314
vn 0.032401 -0.103569 -0.994094
vn -0.642538 -0.465341 -0.608771
vn -0.861265 0.394461 -0.320349
vn 0.045267 0.661513 -0.748566
vn -0.547646 -0.436979 -0.713536
vn -0.298228 -0.650087 -0.698890
vn -0.549895 -0.832234 -0.070718
vn -0.617671 -0.491899 -0.613610
vn -0.249738 -0.331387 -0.909843
vn 0.189846 -0.834800 -0.516786
vn -0.584079 -0.052296 -0.810011
vn 0.465018 -0.856450 -0.224167
vn -0.271112 -0.837623 -0.474221
vn -0.915521 -0.335370 0.222145
vn -0.789647 -0.589936 -0.168624
vn -0.710363 -0.330248 -0.621547
vn -0.495798 -0.111758 -0.861217
vn -0.462867 -0.825348 -0.323349
vn -0.513746 -0.474228 -0.714963
vn -0.203396 -0.455709 -0.866579
vn 0.115338 0.610189 0.783815
vn -0.668437 -0.188157 0.719576
vn 0.020523 0.597109 0.801897
vn 0.338573 -0.629381 -0.699462
vn -0.055580 -0.980732 -0.187284
vn -0.349190 -0.922786 -0.162887
vn -0.677960 -0.541094 -0.497581
vn -0.034960 -0.697821 -0.715418
vn 0.212463 -0.924493 -0.316501
vn -0.559071 -0.432249 -0.707531
vn -0.513146 -0.717414 -0.471168
vn -0.778285 -0.608121 0.156401
vn -0.859522 -0.146280 0.489718
vn -0.695678 -0.172709 0.697284
vn -0.545136 -0.567700 -0.616882
vn -0.758193 -0.437302 -0.483643
vn -0.234962 -0.218235 -0.947189
vn -0.439755 -0.193032 -0.877129
vn 0.221941 0.087678 -0.971110
vn 0.004736 -0.001039 -0.999988
vn -0.905940 -0.420264 -0.051482
vn 0.005124 -0.855513 0.517756
vn -0.312088 -0.895598 -0.317026
vn -0.750605 -0.467626 -0.466818
vn -0.789913 -0.532243 -0.304556
vn 0.019820 -0.897543 -0.440481
vn -0.407520 -0.348508 -0.844079
vn -0.591498 -0.484177 -0.644750
vn 0.185898 -0.755407 -0.628332
vn -0.369606 -0.599279 -0.710110
vn 0.035135 -0.103103 -0.994050
vn -0.262313 -0.550309 -0.792687
vn -0.267722 -0.963451 -0.009363
vn -0.549151 -0.362373 -0.753073
vn -0.690050 -0.714422 -0.115900
vn -0.616829 -0.488677 -0.617023
vn -0.875826 -0.390449 -0.283687
vn 0.012896 -0.912245 -0.409442
vn -0.840061 -0.534709 -0.091560
vn -0.833825 -0.410177 -0.369446
vn -0.705863 -0.272843 -0.653693
vn -0.674675 -0.423798 -0.604326
vn 0.065509 0.706665 -0.704509
vn 0.369157 0.261402 -0.891848
vn -0.317918 -0.469840 -0.823516
vn -0.625611 -0.741541 0.242337
vn -0.730809 -0.121171 -0.671741
vn -0.932028 -0.357872 -0.057017
vn -0.759271 -0.625615 -0.179203
vn -0.853198 -0.515749 -0.077821
vn -0.675989 -0.507093 -0.534692
vn -0.527918 -0.780061 -0.335869
vn -0.815054 -0.513603 -0.268138
vn -0.636693 -0.229434 -0.736195
vn -0.885216 -0.453838 0.102099
vn -0.500453 0.814281 -0.294097
vn -0.481409 -0.215810 0.849512
vn -0.302874 0.105656 0.947156
vn -0.538199 -0.424725 -0.727977
vn -0.280391 -0.349488 -0.894002
vn -0.591796 -0.711916 -0.378092
vn -0.676318 -0.631042 -0.379974
vn -0.274819 -0.817702 -0.505804
vn -0.261214 -0.023323 -0.964999
vn -0.774555 -0.579384 -0.253730
vn -0.848746 -0.433964 -0.302168
vn -0.173488 -0.537245 -0.825391
vn -0.307860 -0.785174 -0.537330
vn -0.874611 -0.483930 -0.029435
vn -0.461360 -0.411548 -0.785987
vn 0.006177 -0.242741 -0.970071
vn 0.431712 -0.421824 -0.797301
vn -0.550498 -0.375137 -0.745804
vn -0.282879 -0.917966 0.278060
vn -0.702379 -0.447200 -0.553784
vn -0.453036 -0.225319 -0.862549
vn -0.127392 -0.479363 -0.868322
vn -0.339934 -0.285840 -0.895958
vn -0.235464 0.408266 -0.881973
vn -0.470732 -0.445978 -0.761258
vn -0.354901 -0.710608 -0.607521
vn -0.474607 -0.880194 -0.002623
vn -0.624065 -0.605719 -0.493606
vn 0.797243 -0.490971 -0.351213
vn 0.391496 -0.915663 0.091061
vn 0.329936 -0.878544 -0.345403
vn 0.194215 -0.944901 0.263519
vn -0.535677 -0.837475 0.108100
vn -0.630769 -0.666856 -0.396779
vn -0.855956 -0.471969 -0.211149
vn 0.222849 -0.018328 -0.974681
vn 0.054131 -0.043549 -0.997584
vn -0.258299 -0.151670 -0.954085
vn 0.223871 -0.582651 -0.781281
vn -0.124209 -0.410493 -0.903365
vn -0.935613 -0.149416 0.319849
vn -0.894310 -0.226194 0.386066
vn -0.813765 -0.261974 -0.518803
vn -0.288090 -0.922839 -0.255681
vn -0.063259 0.993952 0.089764
vn -0.021703 0.597652 0.801462
vn 0.670954 0.548581 0.498878
vn -0.730070 -0.404761 0.550606
vn 0.680034 0.460363 0.570631
vn -0.255359 -0.077227 0.963757
vn -0.803820 -0.498594 -0.324465
vn -0.697206 -0.713994 -0.064156
vn -0.230313 -0.956294 -0.180159
vn -0.938830 -0.196699 0.282680
vn -0.897860 -0.255293 -0.358710
vn -0.897742 -0.330582 -0.291160
vn -0.753796 -0.091134 -0.650759
vn -0.343349 -0.461521 -0.817992
vn -0.475347 -0.190667 -0.858890
vn -0.005637 0.106357 0.994312
vn -0.744316 -0.271599 -0.610104
vn -0.489181 -0.029172 -0.871694
vn 0.511326 -0.859369 0.005529
vn -0.657589 -0.288384 -0.695997
vn -0.423816 0.003685 -0.905741
vn -0.969193 -0.098372 0.225805
vn -0.501499 -0.819698 -0.276756
vn -0.693657 0.520808 0.497594
vn -0.885625 0.448231 0.121475
vn -0.807568 -0.530202 0.258301
vn -0.823384 -0.559062 -0.097411
vn 0.719611 -0.584381 -0.375046
vn 0.424863 0.071636 -0.902419
vn -0.386555 -0.775251 -0.499562
vn -0.008993 -0.476606 -0.879071
vn 0.035236 -0.876817 -0.479532
vn -0.682046 0.460465 0.568141
vn -0.279997 -0.235130 0.930761
vn -0.862292 -0.160464 -0.480317
vn -0.476624 -0.216524 0.852025
vn -0.300257 -0.317620 -0.899424
vn -0.405776 -0.565000 -0.718415
vn -0.717225 -0.652645 -0.244221
vn -0.750282 -0.441139 -0.492416
vn -0.166829 -0.510799 -0.843358
vn -0.526194 -0.702591 -0.479047
vn -0.715590 -0.695823 0.061333
vn 0.240026 -0.217629 -0.946058
vn -0.525036 -0.174400 -0.833019
vn -0.214028 0.010847 -0.976767
vn -0.878947 -0.451834 0.152635
vn 0.154301 -0.461537 -0.873599
vn 0.248026 -0.388812 -0.887304
vn -0.226493 0.601440 -0.766140
vn 0.047864 -0.271002 -0.961388
vn -0.947433 0.048191 -0.316304
vn -0.559779 0.135910 -0.817420
vn -0.693589 0.278450 0.664379
vn -0.483895 0.328361 0.811187
vn -0.704155 -0.256633 0.662046
vn 0.004940 -0.106861 0.994262
vn -0.379157 -0.914753 -0.139527
vn 0.005474 -0.634770 -0.772682
vn -0.348214 -0.694911 0.629163
vn -0.313768 -0.020510 0.949278
vn 0.285922 -0.303962 -0.908766
vn -0.947514 -0.098372 0.304204
vn -0.832632 -0.520361 0.189598
vn -0.741969 -0.156777 -0.651846
vn -0.864811 -0.227956 -0.447369
vn -0.484674 -0.138066 -0.863730
vn -0.809402 -0.310244 -0.498615
vn 0.421082 -0.881478 -0.213741
vn 0.696171 -0.449739 -0.559537
vn -0.615351 -0.787668 0.030366
vn 0.495672 -0.142998 -0.856657
vn -0.389749 -0.459615 0.798029
vn -0.720694 -0.656666 0.222240
vn -0.879936 -0.068844 0.470077
vn -0.651888 -0.650974 0.388941
vn -0.746577 -0.664504 0.032504
vn -0.578827 -0.809930 0.094724
vn -0.596397 -0.779030 0.193453
vn 0.767409 -0.088536 -0.635015
vn -0.609305 0.144796 -0.779603
vn 0.201941 -0.887420 -0.414375
vn 0.481368 -0.803461 0.350336
vn -0.345113 0.935133 0.080138
vn 0.458127 0.290215 -0.840175
vn 0.015115 -0.483692 -0.875108
vn 0.134005 -0.483957 -0.864771
vn -0.709957 -0.006606 -0.704214
vn -0.947909 -0.143705 -0.284285
vn -0.842738 0.079748 -0.532384
vn 0.005825 -0.063997 -0.997933
vn 0.425160 -0.040704 -0.904202
vn 0.447550 -0.792025 -0.415205
vn -0.278312 -0.230939 0.932314
vn -0.491814 -0.333918 0.804125
vn -0.584863 0.294464 0.755795
vn -0.837472 0.369643 0.402499
vn 0.535618 -0.272477 0.799293
vn 0.260444 -0.077363 0.962384
vn 0.349455 -0.004638 -0.936942
vn 0.007960 -0.246677 0.969065
vn 0.973697 -0.224261 0.040265
vn -0.858763 0.187294 -0.476914
vn 0.145421 -0.414772 -0.898230
vn 0.544414 0.071804 -0.835738
vn -0.633865 0.667438 -0.390823
vn -0.948269 0.309916 -0.068829
vn 0.993491 -0.027753 -0.110479
vn -0.572067 -0.023823 -0.819861
vn -0.249529 0.162229 -0.954682
vn -0.901662 -0.429130 0.053414
vn -0.741439 -0.112005 -0.661607
vn -0.480745 -0.140493 0.865532
vn -0.659858 -0.741210 0.123272
vn -0.476565 0.174103 -0.861727
vn -0.975551 0.059226 -0.211645
vn -0.855946 0.501476 -0.126008
vn -0.230110 -0.898784 0.373145
vn -0.094384 -0.838713 -0.536331
vn 0.704136 0.019192 -0.709806
vn 0.062441 -0.376675 -0.924239
vn -0.489149 -0.866623 0.098480
vn -0.870207 0.005783 0.492653
vn 0.388888 -0.878578 0.277248
vn -0.724293 -0.398173 -0.562901
vn -0.782436 0.617746 -0.078638
vn -0.076164 0.297669 -0.951626
vn 0.447464 -0.185379 -0.874877
vn 0.206324 0.114150 -0.971803
vn -0.118605 0.090242 -0.988832
vn -0.815914 0.067924 -0.574170
vn 0.632662 -0.449521 -0.630611
vn -0.850435 0.032563 -0.525071
vn 0.737555 -0.670888 -0.076958
vn -0.812844 -0.548696 0.195492
vn -0.544968 -0.372627 0.751105
vn -0.019722 -0.815558 -0.578340
vn 0.527329 -0.288260 -0.799268
vn 0.431264 0.667794 -0.606682
vn 0.628926 0.188660 -0.754228
vn -0.402683 0.078070 -0.912004
vn 0.492205 -0.451211 -0.744408
vn -0.458763 -0.728123 0.509287
vn -0.658728 -0.747360 -0.086779
vn -0.282712 -0.368291 0.885684
vn 0.287690 -0.234540 0.928561
vn -0.943531 -0.275754 0.183599
vn -0.659371 0.363052 -0.658349
vn 0.482443 0.057448 -0.874041
vn 0.007774 -0.236797 0.971528
vn 0.720250 -0.306535 -0.622315
vn -0.084261 -0.921498 -0.379132
vn 0.296276 -0.426695 -0.854490
vn -0.552264 -0.825948 0.113201
vn -0.997861 0.012968 0.064079
vn 0.302882 0.105654 0.947154
vn -0.912585 -0.358564 0.196519
vn -0.986319 0.008571 0.164627
vn 0.419886 -0.100563 -0.901988
vn 0.587273 -0.791671 -0.168430
vn -0.655975 0.249393 -0.712391
vn -0.817875 0.304505 -0.488219
vn -0.952726 0.121718 -0.278383
vn -0.889296 -0.439271 -0.127257
vn -0.290215 0.318140 -0.902531
vn -0.609621 0.071167 -0.789492
vn 0.160182 -0.918365 -0.361868
vn -0.528519 -0.828202 0.186413
vn -0.407564 -0.729518 -0.549267
vn -0.119293 -0.386533 -0.914528
vn -0.341868 -0.927768 0.149576
vn 0.339666 -0.830883 -0.440750
vn -0.151352 -0.986255 0.066289
vn -0.853631 -0.417976 -0.310822
vn -0.720836 -0.622172 0.305447
vn -0.834234 -0.053447 -0.548814
vn -0.615906 0.141780 -0.774956
vn 0.566005 -0.431168 -0.702662
vn -0.862628 -0.354952 0.360393
vn -0.142116 0.974087 -0.175947
vn 0.894316 0.172297 -0.412932
vn -0.916338 0.055061 0.396602
vn -0.242790 -0.758772 0.604416
vn -0.611861 -0.488803 -0.621850
vn 0.481419 -0.215808 0.849507
vn -0.842408 -0.417588 0.340541
vn -0.733911 -0.191964 -0.651556
vn -0.957749 -0.149924 -0.245439
vn 0.231145 -0.352937 -0.906646
vn 0.468181 -0.754178 -0.460460
vn 0.285725 -0.230442 0.930192
vn -0.348367 0.249749 -0.903474
vn 0.195893 0.253435 -0.947310
vn -0.062273 0.238009 -0.969265
vn -0.984775 -0.089947 0.148753
vn -0.447348 0.374801 -0.812037
vn -0.845016 0.246836 -0.474362
vn -0.891713 0.140564 -0.430221
vn 0.007080 -0.395462 0.918455
vn -0.980027 -0.198509 0.011923
vn -0.123845 -0.113130 -0.985832
vn -0.949483 -0.173686 0.261372
vn -0.205230 0.776545 -0.595700
vn -0.539030 0.818708 -0.197898
vn -0.667981 0.406231 -0.623520
vn -0.980032 0.176835 0.090919
vn -0.994852 0.017041 0.099894
vn -0.265412 0.261744 -0.927926
vn -0.750897 -0.645726 0.138536
vn 0.021495 -0.368255 -0.929476
vn 0.543918 -0.477724 -0.689879
vn -0.159725 -0.969686 0.184924
vn -0.996194 -0.079440 0.035865
vn -0.883112 -0.364456 -0.295442
vn -0.489840 -0.759227 -0.428522
vn -0.515064 -0.583418 0.627959
vn -0.932187 -0.211889 0.293480
vn -0.115339 0.610191 0.783814
vn 0.668437 -0.188157 0.719576
vn 0.003770 -0.778700 0.627386
vn 0.474191 -0.666547 -0.575202
vn 0.609936 -0.158599 -0.776418
vn -0.068011 -0.820353 -0.567799
vn -0.889296 -0.439271 -0.127257
vn -0.862628 -0.354952 0.360393
vn -0.963986 -0.264167 0.030771
vn -0.853631 -0.417976 -0.310822
vn 0.688873 0.067071 -0.721772
vn 0.890109 0.069647 -0.450394
vn -0.590339 -0.698511 0.404454
vn -0.381933 -0.894377 0.232845
vn -0.964826 0.063981 0.254985
vn -0.731369 -0.492453 0.471793
vn 0.371009 -0.365648 -0.853612
vn 0.616499 -0.582753 -0.529459
vn -0.931902 -0.208325 0.296918
vn 0.476634 -0.216522 0.852020
vn 0.723845 -0.027037 -0.689432
vn 0.584076 -0.052296 -0.810013
vn 0.644014 -0.607501 -0.464962
vn 0.139937 -0.161047 -0.976976
vn -0.673322 -0.739341 0.003363
vn 0.289408 -0.367312 0.883926
vn -0.468971 0.674150 -0.570604
vn -0.562614 0.259333 -0.784991
vn -0.838651 -0.305188 0.451138
vn -0.098090 0.065610 -0.993012
vn -0.792294 0.169295 -0.586182
vn -0.115745 -0.875741 -0.468701
vn -0.211897 0.468176 -0.857853
vn -0.940790 -0.262419 0.214594
vn -0.020523 0.597110 0.801897
vn -0.498767 -0.865695 0.042466
vn -0.448430 0.534576 -0.716337
vn 0.437453 -0.892141 0.112780
vn -0.558470 -0.814485 0.157242
vn 0.354560 -0.519067 -0.777725
vn 0.001673 -0.978666 0.205453
vn 0.413735 0.906421 0.085001
vn 0.994747 0.019430 -0.100501
vn 0.766673 -0.600807 -0.226371
vn -0.394528 -0.716405 -0.575423
vn 0.695677 -0.172709 0.697284
vn 0.913825 0.028333 -0.405119
vn -0.907964 0.328856 -0.259722
vn -0.908390 0.267536 -0.321330
vn 0.102740 0.344971 -0.932974
vn -0.387360 -0.421354 -0.820008
vn 0.040542 -0.673517 -0.738059
vn -0.651560 -0.743293 -0.151609
vn -0.236673 -0.970666 -0.042363
vn -0.915709 0.309558 -0.256225
vn -0.149569 0.201458 -0.968010
vn 0.625004 -0.759643 -0.179759
vn -0.187605 -0.953466 0.236021
vn -0.260781 -0.184238 -0.947655
vn 0.491824 -0.333916 0.804120
vn -0.974884 -0.066506 0.212552
vn -0.613128 -0.215230 0.760098
vn -0.764236 -0.593006 0.253550
vn 0.584687 -0.649609 -0.485953
vn 0.372986 -0.126411 -0.919186
vn -0.611228 -0.547646 0.571388
vn -0.282699 -0.234501 -0.930102
vn -0.579006 0.333660 -0.743924
vn -0.201121 0.421565 -0.884214
vn 0.356752 -0.372295 -0.856811
vn -0.671064 -0.253259 0.696802
vn 0.327163 -0.396769 -0.857636
vn 0.890532 -0.147150 -0.430464
vn -0.943706 -0.106484 0.313179
vn -0.716791 -0.383699 0.582224
vn 0.247139 -0.757339 0.604450
vn 0.598061 -0.461170 -0.655473
vn -0.436581 -0.760235 0.481082
vn 0.162800 -0.064258 -0.984564
vn -0.959184 0.266585 0.094335
vn -0.948189 -0.219712 0.229486
vn 0.812070 -0.262795 -0.521039
vn -0.225809 0.561931 -0.795767
vn -0.813472 0.392436 -0.429252
vn -0.619801 0.565990 -0.543600
vn 0.944900 -0.231795 -0.231159
vn -0.953162 -0.115237 0.279649
vn -0.917141 -0.066581 0.392962
vn 0.403117 -0.210777 -0.890545
vn 0.713375 -0.428497 -0.554514
vn -0.409262 -0.132463 -0.902750
vn 0.790217 -0.516584 0.329695
vn 0.817125 -0.570273 -0.084239
vn -0.094289 0.006066 -0.995526
vn 0.704155 -0.256633 0.662046
vn 0.017965 0.508966 0.860599
vn 0.859522 -0.146280 0.489718
vn -0.536536 0.416121 -0.734148
vn -0.671064 -0.253259 0.696802
vn 0.590384 -0.325583 -0.738541
vn 0.458769 -0.728123 0.509282
vn -0.827147 -0.202654 0.524174
vn 0.951138 -0.075437 0.299409
vn 0.322020 0.824973 0.464460
vn 0.994617 -0.025056 0.100544
vn 0.702112 0.041809 -0.710838
vn 0.515671 0.080818 -0.852967
vn 0.282046 0.134120 -0.949980
vn 0.591679 -0.496333 -0.635272
vn 0.161356 -0.969425 0.184875
vn 0.748142 -0.458837 -0.479324
vn 0.003032 -0.977257 0.212038
vn 0.870935 -0.487377 -0.062738
vn -0.972673 0.084677 0.216187
vn -0.919880 -0.221678 0.323544
vn -0.281727 0.108098 -0.953386
vn -0.494455 0.027624 -0.868764
vn -0.590192 -0.665707 0.456627
vn -0.771591 0.355245 -0.527682
vn -0.389910 0.665504 -0.636455
vn 0.733581 -0.404851 -0.545853
vn -0.451157 -0.608346 0.652972
vn -0.700742 -0.630340 0.334113
vn -0.228501 -0.824769 0.517246
vn -0.985203 0.116163 0.126019
vn 0.651885 -0.650981 0.388934
vn 0.670058 0.256761 -0.696489
vn -0.873750 -0.370599 0.314986
vn 0.547028 -0.507091 -0.666047
vn 0.363688 -0.492712 -0.790548
vn -0.595736 -0.429069 0.678969
vn 0.537053 0.059935 -0.841417
vn 0.015884 0.210441 -0.977477
vn 0.257437 -0.141634 -0.955859
vn -0.987084 -0.022406 0.158630
vn -0.697159 -0.276064 0.661633
vn 0.190689 -0.952873 0.235945
vn 0.885205 -0.453855 0.102115
vn 0.932024 -0.357884 -0.057005
vn -0.205382 0.389241 -0.897948
vn 0.789916 -0.532237 -0.304559
vn -0.789820 0.547982 -0.275500
vn -0.632490 0.633901 -0.445114
vn -0.029476 0.536184 -0.843587
vn 0.341866 -0.927769 0.149571
vn 0.807563 -0.530211 0.258298
vn -0.375395 0.556589 -0.741139
vn -0.838032 0.473830 -0.270534
vn -0.196605 0.685592 -0.700935
vn -0.790497 -0.512632 0.335147
vn -0.774355 -0.312034 0.550464
vn 0.374134 0.329001 -0.867054
vn -0.803300 -0.111802 0.584986
vn -0.843434 -0.212488 0.493424
vn -0.444619 0.281106 -0.850467
vn -0.686203 0.577589 -0.442172
vn -0.568452 0.540580 -0.620189
vn 0.004742 -0.849229 0.528004
vn -0.686829 0.608491 -0.397498
vn -0.832095 0.512855 -0.211182
vn -0.938990 0.332423 -0.088276
vn 0.640723 -0.729248 -0.240150
vn -0.508170 0.711945 -0.484662
vn 0.759272 -0.625614 -0.179199
vn 0.571883 -0.732472 -0.369371
vn -0.193823 0.363589 -0.911173
vn -0.435457 -0.457960 0.775016
vn -0.978023 0.170963 0.119339
vn -0.942915 -0.328538 -0.054530
vn 0.541582 -0.636145 -0.549553
vn -0.238225 -0.664189 0.708591
vn 0.724263 -0.447485 -0.524596
vn -0.995053 -0.027025 0.095601
vn 0.489145 -0.866627 0.098468
vn -0.790497 -0.512632 0.335147
vn -0.551052 -0.793928 0.256942
vn 0.658173 -0.178634 -0.731368
vn 0.598848 -0.093514 -0.795385
vn 0.419929 -0.047702 -0.906302
vn -0.550346 -0.303274 0.777911
vn 0.697198 -0.714002 -0.064157
vn 0.301398 -0.887810 -0.347783
vn 0.615341 -0.787676 0.030359
vn -0.667272 -0.147638 0.730035
vn 0.691392 0.481090 -0.539008
vn -0.929418 0.358744 0.086521
vn -0.279063 0.767604 -0.576982
vn 0.172798 0.489994 -0.854428
vn 0.381932 -0.894378 0.232843
vn -0.998731 -0.050162 0.004604
vn -0.788936 -0.420008 0.448523
vn -0.736714 -0.031446 0.675472
vn -0.836278 0.002822 0.548299
vn -0.524088 -0.588774 0.615367
vn -0.312190 0.678775 -0.664681
vn -0.554862 0.610403 -0.565276
vn -0.994738 0.061355 0.082043
vn -0.776200 -0.527010 0.346083
vn -0.202962 0.614509 -0.762355
vn -0.530083 0.717434 -0.451995
vn -0.578229 -0.680143 0.450619
vn -0.775220 -0.480156 0.410468
vn -0.778308 0.483551 -0.400517
vn 0.443800 0.281197 -0.850864
vn -0.958086 0.265247 0.108233
vn -0.390743 -0.291938 0.872979
vn 0.233175 -0.823900 0.516545
vn -0.220687 0.542029 -0.810865
vn -0.227073 -0.482393 0.846011
vn 0.657842 -0.282122 -0.698321
vn 0.407817 -0.083630 -0.909226
vn -0.524088 -0.588774 0.615367
vn -0.153447 -0.871670 0.465452
vn 0.349570 -0.332065 -0.876090
vn 0.198774 -0.278462 -0.939653
vn 0.060996 -0.853153 -0.518083
vn -0.007379 -0.738126 -0.674623
vn 0.207337 0.116608 -0.971295
vn 0.563049 0.070655 -0.823398
vn 0.005231 -0.683894 0.729562
vn -0.197592 -0.931144 -0.306477
vn 0.528521 -0.828200 0.186413
vn -0.956943 0.091133 0.275598
vn -0.904758 0.423453 0.045829
vn -0.619265 -0.028103 0.784679
vn -0.901318 -0.249242 0.354265
vn -0.488833 -0.164849 0.856661
vn 0.351882 -0.919212 -0.176714
vn 0.675323 -0.560560 -0.479281
vn 0.292691 -0.464266 -0.835936
vn 0.549814 -0.754957 -0.357414
vn -0.548693 0.747207 -0.374991
vn 0.630764 -0.666863 -0.396775
vn 0.855949 -0.471980 -0.211153
vn -0.611072 0.759435 -0.223271
vn 0.546043 0.635362 -0.546034
vn 0.024714 -0.871587 0.489617
vn -0.394796 0.829200 -0.395683
vn 0.752022 -0.433069 -0.496906
vn 0.166612 0.683134 -0.711034
vn 0.659860 -0.741207 0.123276
vn -0.985539 0.155598 0.067092
vn -0.979812 0.063275 0.189643
vn 0.157517 -0.840527 -0.518365
vn -0.730544 0.574519 -0.369098
vn 0.432303 -0.128344 -0.892548
vn 0.778721 -0.607480 0.156723
vn 0.743449 -0.149198 -0.651938
vn 0.853195 -0.515752 -0.077835
vn 0.823383 -0.559062 -0.097422
vn 0.243387 -0.663304 0.707665
vn -0.187339 0.865213 -0.465092
vn -0.403936 0.696657 -0.592879
vn 0.781495 -0.036323 -0.622854
vn 0.436584 -0.760232 0.481084
vn 0.746577 -0.664505 0.032501
vn 0.073397 -0.305254 -0.949438
vn 0.305821 -0.624205 -0.718917
vn 0.005045 -0.492281 0.870422
vn -0.933247 0.177819 0.312138
vn -0.813747 -0.359026 0.457074
vn -0.500431 -0.659332 0.561116
vn -0.319478 0.809530 -0.492539
vn -0.610648 0.721788 -0.325777
vn -0.732381 0.679697 -0.040372
vn -0.190194 0.747990 -0.635875
vn -0.232285 0.741457 -0.629511
vn 0.648957 -0.346548 -0.677318
vn -0.947025 -0.055817 0.316271
vn 0.350382 -0.926892 0.134547
vn 0.160448 0.589081 -0.791985
vn -0.337056 -0.150542 0.929371
vn -0.207010 -0.281819 0.936870
vn -0.576246 0.041691 0.816212
vn -0.714475 0.043474 0.698309
vn 0.129600 0.818451 -0.559770
vn 0.373155 0.473697 -0.797726
vn 0.905946 -0.420252 -0.051478
vn 0.845389 -0.381303 -0.374066
vn -0.448302 -0.032907 0.893276
vn -0.243869 -0.506700 0.826912
vn 0.791771 -0.595993 -0.133758
vn 0.438904 -0.183332 -0.879632
vn 0.660572 -0.516788 -0.544587
vn 0.709292 -0.569241 -0.415775
vn 0.773032 -0.591406 -0.229478
vn -0.480803 0.807171 -0.342496
vn -0.243869 -0.506700 0.826912
vn 0.116374 -0.772100 0.624755
vn -0.897225 0.437299 -0.061299
vn 0.018504 0.232507 -0.972419
vn 0.385188 0.299411 -0.872916
vn 0.675979 -0.507086 -0.534711
vn 0.590348 -0.698500 0.404459
vn 0.654459 0.018519 -0.755871
vn 0.223818 -0.563703 -0.795075
vn -0.663204 -0.464441 0.586903
vn -0.745379 -0.352113 0.566063
vn 0.232063 -0.481704 0.845049
vn 0.451163 -0.608342 0.652972
vn -0.521336 0.779126 -0.348096
vn -0.916219 0.278311 0.288246
vn -0.342927 0.916394 -0.206455
vn -0.126039 0.732248 -0.669273
vn -0.970154 0.171240 0.171691
vn 0.742888 -0.635665 0.209874
vn -0.594351 0.699077 -0.397540
vn 0.042434 0.350513 -0.935596
vn 0.371956 0.446514 -0.813802
vn 0.675621 -0.206105 -0.707854
vn 0.720838 -0.622162 0.305461
vn -0.681524 0.713156 0.164114
vn -0.436712 0.040621 0.898684
vn -0.499346 -0.519920 0.693064
vn -0.308750 -0.047590 0.949952
vn 0.764889 -0.232764 -0.600638
vn 0.231084 0.234921 -0.944146
vn -0.365103 0.694979 -0.619439
vn -0.558735 0.828713 -0.032399
vn -0.315567 0.943279 -0.103163
vn -0.192909 -0.145863 0.970315
vn -0.308349 0.926869 -0.214091
vn 0.831452 -0.497701 -0.246943
vn 0.669477 -0.202308 -0.714753
vn 0.004643 -0.288159 0.957571
vn -0.453090 -0.376968 -0.807839
vn 0.347170 -0.871456 -0.346464
vn -0.388343 -0.897424 0.209332
vn 0.761576 -0.351131 -0.544710
vn -0.691676 -0.344360 0.634823
vn 0.611235 -0.547637 0.571389
vn 0.871472 -0.138245 -0.470559
vn 0.812847 -0.548687 0.195504
vn 0.508481 0.067480 -0.858425
vn -0.453165 0.715824 -0.531261
vn -0.718910 0.653998 -0.235490
vn -0.846857 0.525567 0.081313
vn -0.557787 0.043177 0.828860
vn 0.341047 0.254568 -0.904921
vn -0.015105 0.503401 -0.863921
vn -0.289209 0.625566 -0.724586
vn -0.923444 0.227955 0.308688
vn 0.435465 -0.457957 0.775013
vn -0.706473 0.037808 0.706729
vn -0.783754 -0.148217 0.603127
vn 0.282934 0.579858 -0.764011
vn 0.901666 -0.429122 0.053414
vn 0.211575 -0.281396 0.935977
vn -0.405516 0.910890 0.076390
vn -0.493540 0.865242 -0.088176
vn 0.832631 -0.520358 0.189612
vn -0.119719 0.781201 -0.612693
vn -0.661792 -0.310166 0.682516
vn -0.834762 0.497294 0.236371
vn -0.563231 0.048821 0.824856
vn 0.577935 -0.588954 0.564910
vn 0.230495 -0.288992 0.929169
vn 0.731370 -0.492447 0.471799
vn 0.940082 -0.328940 -0.089696
vn 0.173497 -0.537246 -0.825388
vn 0.307853 -0.785172 -0.537338
vn -0.503358 0.647917 -0.571695
vn -0.309211 0.028364 0.950570
vn 0.992407 0.060721 -0.106968
vn 0.535677 -0.837476 0.108091
vn -0.574751 0.745152 -0.338246
vn -0.635639 0.742881 -0.209978
vn 0.891474 -0.415834 -0.179881
vn -0.058682 0.767212 -0.638704
vn -0.920078 0.231139 0.316278
vn 0.362138 0.455243 -0.813394
vn -0.082102 -0.568682 0.818450
vn 0.533560 0.625390 -0.569386
vn 0.640813 -0.714814 0.279999
vn -0.317511 0.786771 -0.529318
vn 0.595744 -0.429066 0.678964
vn 0.608684 0.445333 -0.656645
vn 0.230495 -0.288992 0.929169
vn -0.310838 0.904388 -0.292339
vn 0.004100 -0.130534 0.991435
vn -0.596131 -0.267896 0.756875
vn 0.774553 -0.579381 -0.253742
vn 0.848741 -0.433969 -0.302175
vn -0.169131 -0.049439 0.984353
vn 0.173421 0.363688 -0.915236
vn 0.905952 -0.384722 -0.176750
vn 0.771945 -0.143800 -0.619211
vn -0.809244 0.080355 0.581952
vn -0.855264 0.377856 0.354609
vn 0.842408 -0.417580 0.340553
vn -0.814509 0.302603 0.494980
vn -0.822967 0.417279 0.385492
vn -0.936631 0.218089 0.274153
vn 0.461375 -0.411559 -0.785972
vn 0.390751 -0.291937 0.872976
vn 0.716791 -0.383699 0.582224
vn -0.347770 -0.395384 0.850134
vn 0.155095 0.717326 -0.679256
vn 0.022277 -0.483523 -0.875048
vn 0.803458 -0.224844 -0.551271
vn 0.462022 0.752067 -0.470033
vn 0.730072 -0.404742 0.550616
vn 0.197090 -0.145643 0.969507
vn 0.002061 0.933663 -0.358146
vn -0.202209 0.911811 -0.357368
vn 0.894311 -0.226179 0.386071
vn -0.414899 0.864674 -0.283194
vn -0.632296 0.774726 -0.001489
vn 0.943533 -0.275738 0.183614
vn 0.923576 0.351418 -0.153340
vn -0.663550 0.735990 0.134242
vn -0.589287 0.796396 -0.135994
vn 0.947513 -0.098354 0.304212
vn -0.687241 0.680696 0.253678
vn -0.002870 0.137983 0.990430
vn 0.782382 0.059550 -0.619945
vn 0.062093 -0.586056 -0.807888
vn 0.280778 0.601696 -0.747747
vn -0.776784 0.617326 -0.124559
vn 0.475357 -0.190665 -0.858885
vn 0.922310 -0.104200 -0.372139
vn 0.550353 -0.303272 0.777906
vn 0.280560 0.890973 -0.357006
vn -0.643991 0.688722 0.333074
vn 0.889467 -0.187657 -0.416693
vn -0.574753 -0.181470 0.797952
vn 0.935618 -0.149415 0.319836
vn -0.445224 0.044096 0.894333
vn -0.442293 0.053212 0.895291
vn -0.551824 0.062050 0.831649
vn -0.723968 0.474969 0.500276
vn 0.365268 -0.414380 0.833588
vn 0.693568 0.278468 0.664394
vn -0.231387 0.867617 -0.440116
vn 0.473612 0.557764 -0.681609
vn 0.144009 0.458521 -0.876938
vn 0.825114 -0.342496 0.449315
vn 0.182964 0.769808 -0.611490
vn 0.838651 -0.305187 0.451137
vn -0.619723 0.659471 -0.425490
vn -0.924888 -0.093890 -0.368466
vn -0.009310 0.859099 -0.511724
vn -0.598188 -0.559563 -0.573638
vn 0.224482 -0.015619 -0.974353
vn 0.196730 -0.799514 -0.567517
vn 0.938828 -0.196682 0.282698
vn 0.897871 -0.255287 -0.358687
vn 0.697158 -0.276068 0.661632
vn 0.689485 0.116683 -0.714840
vn -0.418372 0.803025 -0.424399
vn -0.425980 -0.104443 0.898684
vn 0.918402 -0.389074 0.071832
vn 0.584854 0.294454 0.755806
vn 0.837473 0.369631 0.402508
vn 0.483883 0.328356 0.811197
vn 0.337063 -0.150542 0.929368
vn -0.493451 -0.108072 0.863034
vn 0.942368 -0.324623 -0.081007
vn 0.836372 -0.434106 -0.334716
vn 0.794630 0.209571 -0.569774
vn -0.162422 0.979927 -0.115595
vn 0.888387 -0.311760 -0.337008
vn 0.889295 -0.439277 -0.127244
vn 0.480736 -0.140488 0.865538
vn 0.313746 -0.020493 0.949286
vn 0.752447 0.566281 -0.336377
vn -0.703502 0.642408 -0.303969
vn 0.331011 -0.458790 0.824587
vn -0.108132 -0.604411 0.789300
vn 0.858500 -0.356135 0.368979
vn 0.949483 -0.173686 0.261372
vn -0.492481 0.806087 -0.328154
vn 0.331011 -0.458790 0.824587
vn 0.727264 -0.605332 0.323512
vn -0.776624 0.349412 0.524181
vn 0.035586 0.513836 -0.857150
vn -0.902186 0.380479 0.203215
vn -0.753419 0.552342 0.356760
vn 0.929090 -0.098128 -0.356598
vn -0.438799 0.085303 0.894527
vn 0.612412 0.515909 -0.598990
vn 0.774977 -0.629339 -0.057830
vn -0.621196 0.294285 -0.726300
vn 0.171673 -0.048883 0.983941
vn -0.515176 0.048081 -0.855735
vn -0.551748 0.768781 0.323344
vn 0.360079 0.659636 -0.659715
vn -0.700988 0.534631 0.472002
vn -0.621009 0.670681 0.405628
vn -0.102026 -0.244636 0.964232
vn 0.488839 -0.164848 0.856657
vn 0.932782 0.065537 -0.354434
vn 0.021407 0.946205 -0.322859
vn -0.333281 0.942693 0.015926
vn 0.827147 -0.202669 0.524169
vn 0.559802 0.135914 -0.817404
vn 0.057677 0.909392 -0.411921
vn -0.970307 -0.208273 0.122991
vn -0.904209 0.084448 -0.418658
vn -0.259346 0.880964 -0.395780
vn 0.979328 -0.008442 -0.202102
vn -0.190929 0.752706 -0.630063
vn -0.022704 0.688013 -0.725343
vn 0.851051 -0.426014 -0.306960
vn -0.334606 0.834898 0.437018
vn -0.314580 0.064902 0.947010
vn -0.286884 0.028856 0.957531
vn -0.362164 0.876134 0.318161
vn -0.433230 0.746088 -0.505632
vn 0.447726 -0.311216 0.838264
vn 0.947441 0.048201 -0.316279
vn 0.220853 0.772306 -0.595623
vn 0.308757 -0.047590 0.949950
vn 0.522207 0.494176 -0.695046
vn 0.221486 0.414495 -0.882688
vn 0.667268 -0.147642 0.730038
vn 0.631301 0.705349 -0.322401
vn 0.943408 0.004306 -0.331606
vn 0.081902 0.975156 -0.205824
vn -0.675261 0.401876 0.618480
vn 0.489831 -0.759229 -0.428529
vn 0.469409 -0.590244 0.656710
vn -0.404103 -0.017399 0.914548
vn -0.717403 0.115059 0.687091
vn -0.947400 0.255508 0.192740
vn 0.942105 0.104393 -0.318654
vn 0.943708 -0.106501 0.313166
vn 0.014346 0.819076 -0.573506
vn 0.879933 -0.068822 0.470086
vn 0.438607 -0.555731 0.706249
vn -0.571564 0.524333 -0.631181
vn -0.387406 0.488557 -0.781811
vn 0.542951 -0.383933 0.746860
vn -0.108132 -0.604411 0.789300
vn 0.244465 -0.830082 0.501200
vn -0.179533 0.977474 -0.110962
vn -0.628955 0.322140 -0.707560
vn -0.295711 0.262644 -0.918462
vn 0.401968 0.483752 -0.777435
vn -0.619109 0.746600 -0.243500
vn -0.706773 0.326972 0.627345
vn 0.020209 -0.044310 0.998813
vn -0.158195 0.790594 -0.591553
vn 0.487203 0.824125 -0.288880
vn 0.514149 0.640232 -0.570748
vn -0.821712 0.555680 -0.126526
vn -0.310581 0.870130 -0.382640
vn 0.803298 -0.111813 0.584987
vn 0.448309 -0.032906 0.893273
vn -0.311166 -0.382309 0.870067
vn 0.883097 -0.364469 -0.295469
vn 0.872475 -0.214221 0.439200
vn -0.181596 0.065419 0.981195
vn 0.850805 0.504284 -0.147749
vn -0.443098 0.089589 0.891986
vn -0.013480 0.087966 0.996032
vn 0.871688 0.352317 -0.340637
vn -0.309031 0.084256 0.947312
vn 0.890150 -0.032947 0.454475
vn 0.311874 0.030151 0.949645
vn 0.308648 0.911711 -0.271145
vn 0.986078 -0.163070 0.032534
vn 0.990271 -0.113448 -0.080586
vn 0.619259 -0.028098 0.784684
vn -0.542878 0.729502 0.416065
vn -0.399088 0.594690 0.697906
vn 0.087486 0.991837 0.092762
vn -0.284630 0.814651 0.505301
vn -0.032673 0.986625 -0.159702
vn 0.965913 -0.095828 0.240478
vn 0.918225 -0.059525 0.391560
vn 0.422038 0.750446 -0.508639
vn -0.602253 0.432335 0.671102
vn -0.374115 0.631607 0.679052
vn 0.155508 0.819640 0.551369
vn -0.045899 0.810270 0.584257
vn 0.737489 -0.111043 0.666167
vn 0.988526 0.113928 0.099177
vn 0.977163 -0.193030 0.088842
vn -0.421499 0.548928 0.721815
vn -0.465724 0.879576 0.097194
vn -0.475495 0.597676 -0.645514
vn 0.436630 0.045467 0.898491
vn 0.664366 0.511612 -0.544859
vn -0.180698 0.366328 0.912772
vn 0.275760 0.832914 -0.479803
vn 0.913985 0.068464 0.399930
vn 0.583069 -0.198389 -0.787827
vn 0.547498 -0.801157 -0.241648
vn -0.008164 0.811575 -0.584191
vn -0.311166 -0.382309 0.870067
vn 0.390427 -0.219947 0.893974
vn 0.736701 -0.031441 0.675487
vn -0.352684 0.748347 -0.561774
vn -0.209924 0.483755 -0.849655
vn -0.099693 0.993891 0.047343
vn 0.938392 0.154804 -0.308959
vn 0.005393 0.060971 0.998125
vn 0.177119 0.907711 -0.380381
vn 0.644109 -0.163240 0.747312
vn -0.790812 0.461663 -0.401850
vn -0.774930 0.582802 -0.244591
vn 0.384871 0.581193 -0.717000
vn 0.570257 0.045537 0.820203
vn -0.139734 0.390371 -0.909992
vn 0.999664 0.017551 0.019074
vn 0.067800 0.727620 -0.682621
vn -0.500104 0.832836 0.237235
vn 0.941487 0.239443 -0.237212
vn -0.128755 -0.596327 0.792349
vn 0.413187 0.166039 0.895381
vn 0.533606 -0.845237 0.028988
vn -0.579070 0.807248 0.114141
vn -0.042816 0.874823 -0.482547
vn 0.834967 0.018180 0.549999
vn -0.103630 0.319738 0.941822
vn -0.922349 0.385850 -0.019807
vn 0.186889 0.067089 0.980088
vn 0.287376 0.678215 -0.676343
vn -0.072847 0.899436 0.430939
vn 0.947504 0.247488 -0.202450
vn 0.156580 0.778253 -0.608116
vn -0.192775 0.085578 0.977504
vn 0.946304 -0.031820 0.321708
vn -0.333062 -0.378282 0.863697
vn -0.577058 0.740650 0.344154
vn 0.909729 0.347465 -0.227289
vn -0.039142 0.743425 0.667673
vn 0.213951 0.858542 0.465973
vn 0.149638 0.952192 -0.266342
vn 0.652385 -0.754934 0.066850
vn -0.764153 0.400868 0.505347
vn -0.338437 0.696874 0.632318
vn 0.061919 0.674345 0.735816
vn 0.144847 0.612066 0.777428
vn 0.248865 0.868704 0.428275
vn -0.352745 0.622966 0.698200
vn -0.607407 0.762629 0.222381
vn -0.147132 -0.214870 0.965496
vn -0.036762 0.629221 -0.776356
vn -0.241882 -0.189159 0.951689
vn 0.997484 0.062991 0.032527
vn 0.953617 -0.131940 0.270568
vn 0.994438 0.092780 0.049849
vn 0.290945 0.335177 0.896107
vn -0.346336 -0.816166 0.462519
vn 0.579995 0.602828 -0.547908
vn -0.660723 -0.606773 0.441896
vn -0.409808 0.863437 -0.294167
vn 0.724737 0.051828 0.687074
vn -0.551396 0.730949 0.402090
vn -0.937955 0.274589 0.211757
vn -0.799237 0.475225 -0.367942
vn 0.582137 0.496504 -0.643895
vn 0.327637 0.862724 -0.385177
vn 0.891805 0.010915 0.452289
vn -0.158696 -0.754460 -0.636871
vn 0.127651 -0.950691 -0.282652
vn 0.296733 0.017997 0.954791
vn 0.328257 0.066354 0.942255
vn -0.532206 0.289475 0.795588
vn -0.538259 -0.615461 0.575748
vn -0.128755 -0.596327 0.792349
vn -0.531775 0.713601 0.456057
vn -0.726759 -0.608014 0.319595
vn -0.241413 0.846065 0.475283
vn -0.907905 0.172067 0.382232
vn 0.585991 0.569879 -0.576067
vn -0.746495 0.664537 -0.033706
vn -0.353439 0.400407 0.845432
vn -0.547199 0.706610 -0.448637
vn 0.485260 0.720517 -0.495357
vn 0.610526 -0.202114 0.765772
vn 0.902415 0.351593 -0.249057
vn -0.157124 -0.260087 -0.952716
vn 0.615644 0.659502 -0.431323
vn -0.504996 0.489702 0.710754
vn 0.016847 0.104132 0.994421
vn 0.828922 -0.411799 0.378564
vn 0.185193 0.418890 0.888951
vn 0.161875 -0.986133 -0.036569
vn 0.649689 0.463655 -0.602436
vn -0.236069 0.933006 -0.271610
vn -0.000077 0.864351 -0.502889
vn -0.984252 -0.072468 0.161232
vn -0.738329 0.672956 0.044735
vn -0.881853 -0.290765 0.371202
vn -0.646583 -0.511959 0.565534
vn 0.406224 -0.860349 -0.307865
vn -0.444816 -0.818499 0.363590
vn -0.044636 0.893459 0.446921
vn 0.142732 0.771763 -0.619685
vn 0.544027 0.046409 0.837783
vn 0.125444 0.670949 -0.730815
vn -0.886407 0.151733 0.437332
vn -0.919074 0.356266 -0.168457
vn 0.783892 0.532901 -0.318637
vn -0.842847 0.496409 0.207813
vn 0.440906 0.049249 0.896201
vn 0.436060 0.053179 0.898345
vn 0.626092 -0.094955 -0.773946
vn -0.432391 0.888303 -0.154778
vn 0.078088 -0.964719 0.251437
vn 0.738302 -0.379226 -0.557761
vn -0.654971 0.384654 0.650427
vn 0.857239 0.014885 0.514703
vn 0.961576 0.252639 0.107450
vn -0.899759 0.143660 0.412063
vn 0.267764 0.930650 0.249386
vn 0.092554 -0.639089 0.763543
vn -0.438949 -0.815134 -0.377996
vn -0.631283 -0.735698 -0.245420
vn -0.443977 -0.365035 -0.818312
vn -0.165425 -0.170742 -0.971330
vn 0.490285 -0.871119 0.027773
vn -0.448767 -0.853113 0.266096
vn -0.398986 -0.893094 0.207832
vn 0.942244 -0.313591 0.117630
vn -0.769002 -0.568349 -0.292602
vn -0.510681 -0.268634 -0.816725
vn -0.905042 0.406201 -0.126097
vn -0.909095 0.289492 0.299567
vn 0.261033 0.690841 -0.674241
vn -0.815078 -0.064627 0.575736
vn -0.297666 0.915587 0.270361
vn 0.198490 0.943240 -0.266272
vn 0.883926 -0.040713 0.465850
vn 0.250166 -0.891896 0.376747
vn -0.555612 0.650276 0.518109
vn -0.913874 0.346304 0.211916
vn -0.788979 0.600206 0.131399
vn -0.456961 -0.848415 0.267168
vn 0.202027 0.789666 -0.579321
vn -0.665911 -0.731227 0.147885
vn -0.111039 0.010470 -0.993761
vn -0.164345 0.985915 0.031028
vn -0.043504 -0.614202 0.787949
vn -0.646583 -0.511959 0.565534
vn -0.173813 -0.227676 -0.958099
vn -0.339174 -0.827883 -0.446733
vn 0.873568 0.122813 0.470952
vn -0.848936 -0.471954 -0.237837
vn -0.731001 -0.523205 -0.438057
vn -0.578764 0.748677 -0.323288
vn -0.287999 -0.901612 0.322728
vn -0.616861 -0.665209 0.420690
vn 0.729718 0.633394 -0.257534
vn -0.814335 0.450062 0.366473
vn 0.107790 0.970281 -0.216645
vn -0.878501 0.130646 0.459530
vn -0.285683 -0.763184 0.579599
vn -0.448510 -0.798852 -0.400843
vn -0.736905 -0.405139 -0.541140
vn -0.270166 -0.750285 -0.603393
vn 0.744969 -0.589662 -0.311961
vn 0.022975 -0.920746 -0.389486
vn -0.328109 -0.329833 -0.885186
vn 0.820100 -0.510055 0.259384
vn -0.485820 0.872239 -0.056371
vn -0.801100 -0.559030 0.213832
vn -0.486329 -0.684136 0.543546
vn 0.807496 -0.321822 -0.494349
vn 0.163970 -0.753273 0.636941
vn -0.656940 -0.695831 0.290257
vn -0.024525 -0.980940 -0.192758
vn -0.637585 -0.445736 0.628335
vn -0.692023 -0.130908 0.709906
vn -0.134873 -0.987670 0.079475
vn 0.006275 -0.868096 -0.496357
vn 0.345331 -0.883492 -0.316527
vn -0.517680 -0.387340 -0.762873
vn 0.092727 -0.646912 -0.756906
vn 0.640655 -0.017870 -0.767621
vn -0.765008 -0.442815 -0.467630
vn -0.706868 -0.575232 -0.411638
vn -0.384694 -0.913223 -0.134291
vn 0.477524 0.441020 -0.759916
vn 0.496936 0.124309 -0.858838
vn -0.090229 -0.856933 0.507469
vn 0.892534 0.450837 -0.011379
vn -0.737641 0.673155 -0.052420
vn 0.530321 -0.842971 0.090335
vn -0.254983 0.869545 -0.422937
vn 0.575787 0.669188 -0.469741
vn -0.709691 0.437690 0.552056
vn -0.834182 -0.547559 -0.065721
vn -0.509963 -0.764482 0.394341
vn 0.767048 0.405164 -0.497473
vn 0.781694 0.623585 0.009845
vn 0.755535 0.615408 -0.224586
vn 0.209642 0.877762 -0.430794
vn -0.055927 -0.998421 -0.005278
vn 0.641826 -0.094770 -0.760971
vn 0.000447 -0.667469 0.744637
vn -0.888531 -0.451381 0.082267
vn 0.157272 0.688995 -0.707497
vn -0.822353 -0.103002 -0.559576
vn -0.756713 -0.316215 -0.572184
vn -0.044768 0.941217 0.334822
vn 0.379174 -0.283636 0.880783
vn 0.610218 -0.577455 0.542383
vn -0.073905 -0.565062 0.821731
vn -0.044674 -0.709001 -0.703791
vn 0.451386 -0.282107 0.846562
vn -0.716383 0.694791 0.063727
vn -0.608513 0.704177 0.365851
vn -0.680853 0.198955 0.704880
vn -0.035824 0.998395 -0.043866
vn 0.281498 -0.943834 0.173021
vn 0.502243 -0.575379 -0.645516
vn 0.967076 -0.254255 0.010865
vn -0.198802 -0.959810 0.198095
vn -0.565583 -0.810018 -0.154878
vn 0.912710 0.365502 0.182670
vn -0.417907 0.907734 0.037039
vn -0.661940 0.646824 0.378753
vn -0.691257 0.319734 0.648023
vn -0.624223 -0.677502 -0.389020
vn 0.338427 0.869008 -0.360960
vn 0.545967 -0.770779 -0.328359
vn -0.484943 -0.558861 -0.672685
vn 0.151123 0.750547 -0.643304
vn -0.684386 -0.485229 0.544214
vn -0.827327 -0.444464 0.343486
vn 0.697079 0.413125 0.586010
vn 0.106049 -0.930998 0.349279
vn -0.538187 0.793521 0.284040
vn -0.395488 0.517482 0.758817
vn -0.728206 0.468656 0.500078
vn -0.622272 -0.144322 -0.769382
vn -0.197811 0.199560 -0.959712
vn -0.139441 0.066643 -0.987985
vn 0.152996 0.985575 0.072342
vn 0.114379 -0.462246 0.879344
vn -0.251626 -0.731410 -0.633817
vn -0.347405 -0.513680 0.784502
vn -0.643949 -0.499989 0.579086
vn -0.737196 -0.563014 -0.373573
vn -0.721625 0.292761 0.627334
vn 0.909357 -0.013948 -0.415783
vn 0.092401 -0.886786 0.452850
vn 0.161046 -0.693834 -0.701896
vn 0.855294 0.512064 0.079136
vn 0.190593 0.905022 0.380276
vn 0.693743 0.096740 -0.713696
vn -0.908845 -0.116462 -0.400547
vn -0.722524 -0.324717 -0.610342
vn -0.185771 -0.971763 -0.145485
vn 0.744144 0.180491 0.643174
vn 0.681052 -0.386804 0.621732
vn -0.595355 -0.797431 0.098267
vn 0.452560 -0.804991 0.383640
vn 0.935572 -0.083099 0.343218
vn -0.278743 0.863582 0.420153
vn 0.234414 -0.954052 -0.186640
vn 0.333871 -0.474430 -0.814523
vn 0.303698 0.940185 -0.154335
vn -0.301530 -0.890548 0.340593
vn 0.350890 0.491149 -0.797276
vn 0.458738 0.282893 -0.842337
vn 0.868134 0.485136 -0.104817
vn -0.188576 0.981979 -0.012482
vn -0.735140 -0.661705 -0.147361
vn -0.261998 -0.852735 -0.451886
vn 0.794009 0.509071 -0.332261
vn 0.951753 0.178840 0.249364
vn 0.066010 -0.823676 0.563206
vn -0.516480 -0.745088 0.422010
vn 0.880005 0.432794 0.195656
vn 0.694010 -0.713170 -0.098683
vn -0.605282 0.579608 0.545608
vn 0.328561 0.937112 0.117768
vn -0.539697 0.755110 0.372204
vn 0.780738 -0.504703 0.368407
vn 0.264646 -0.910538 0.317620
vn 0.341015 0.711584 -0.614294
vn 0.863456 -0.424739 0.272105
vn 0.911126 0.295693 0.287080
vn -0.331848 0.920189 -0.207675
vn -0.482742 0.875690 -0.011282
vn 0.404087 0.888390 -0.217893
vn 0.594673 0.790027 -0.149070
vn -0.554128 -0.761223 0.336872
vn -0.213331 -0.739824 0.638083
vn 0.440578 0.897352 -0.025503
vn 0.203312 0.979099 -0.005403
vn -0.585360 0.291391 0.756601
vn -0.501432 0.604931 0.618567
vn -0.037581 0.891282 -0.451890
vn 0.761111 -0.556183 0.333722
vn 0.858062 0.121992 0.498846
vn 0.596221 -0.157504 0.787219
vn -0.073905 -0.565062 0.821731
vn -0.043504 -0.614202 0.787949
vn 0.445631 -0.066853 0.892717
vn 0.998907 0.039402 -0.025147
vn 0.944401 -0.075955 -0.319902
vn 0.464577 -0.644883 0.606872
vn 0.246833 0.546971 -0.799935
vn -0.523158 0.158786 0.837313
vn -0.472225 -0.328759 0.817876
vn 0.670507 0.718842 -0.183538
vn 0.009287 0.993135 -0.116608
vn 0.624582 0.780056 -0.037548
vn -0.447848 -0.212278 0.868545
vn 0.863569 -0.203311 0.461426
vn -0.101819 -0.305005 0.946892
vn 0.445631 -0.066853 0.892717
vn 0.201398 -0.643237 0.738705
vn 0.930005 0.254306 0.265367
vn 0.324474 0.878569 0.350475
vn -0.407122 0.181996 0.895059
vn -0.455634 0.741129 0.493077
vn -0.387168 0.508228 0.769289
vn 0.872898 0.105000 0.476470
vn 0.912448 0.246408 0.326682
vn 0.796513 0.594093 0.112343
vn 0.888373 -0.147881 0.434656
vn 0.432209 -0.134480 0.891690
vn 0.611341 -0.523720 0.593279
vn 0.483030 -0.597707 0.639866
vn -0.283508 0.882789 0.374575
vn -0.466206 0.877048 0.115927
vn 0.117531 0.921883 -0.369214
vn -0.056121 0.998024 -0.028246
vn 0.729664 0.593197 0.340157
vn -0.234250 -0.562649 0.792813
vn 0.673732 0.652214 -0.347422
vn 0.486266 0.632192 -0.603223
vn 0.237828 -0.122486 0.963553
vn 0.026080 0.936363 0.350064
vn -0.446325 0.493669 0.746381
vn 0.571680 0.812712 0.112609
vn -0.456403 0.370338 0.809040
vn 0.332101 0.942899 -0.025525
vn 0.955299 0.269183 0.122244
vn 0.456489 0.851058 0.259457
vn 0.811719 -0.157151 0.562508
vn -0.112504 0.970503 -0.213230
vn 0.855625 0.032398 0.516581
vn -0.009009 -0.526383 0.850200
vn 0.946023 0.135889 0.294236
vn 0.713597 -0.313530 0.626481
vn -0.246041 0.915610 0.317998
vn -0.205440 0.646490 0.734742
vn 0.457825 -0.118692 0.881084
vn 0.702647 0.069899 0.708097
vn 0.834912 -0.010686 0.550281
vn 0.560406 -0.357506 0.747084
vn 0.848888 0.503353 0.161321
vn 0.706441 0.673842 -0.216516
vn 0.688343 0.709505 -0.150948
vn -0.202944 -0.144448 0.968477
vn 0.937225 0.095112 0.335503
vn -0.301007 0.802386 0.515337
vn -0.316638 0.718847 0.618869
vn -0.158449 0.759319 0.631133
vn 0.125618 0.989351 -0.073518
vn -0.303801 0.910834 0.279439
vn -0.206005 0.633311 0.745975
vn 0.266795 0.902216 -0.338861
vn 0.611136 0.724578 0.318589
vn -0.238560 0.970998 0.015863
vn 0.331241 -0.431988 0.838848
vn 0.677122 -0.135954 0.723203
vn -0.008780 -0.333235 0.942803
vn 0.526757 0.847434 -0.066198
vn 0.773674 0.610419 -0.169758
vn 0.798168 0.048710 0.600463
vn 0.487045 0.058742 0.871399
vn 0.884724 0.077005 0.459711
vn -0.343794 0.386389 0.855868
vn 0.776475 0.061486 0.627141
vn 0.218536 0.909320 0.354090
vn 0.130158 -0.052257 0.990115
vn 0.749607 -0.151395 0.644336
vn 0.911376 0.293701 0.288331
vn -0.313987 0.608078 0.729146
vn 0.356783 0.644599 -0.676164
vn 0.883384 0.463715 0.067831
vn -0.017697 0.693923 0.719832
vn 0.443509 -0.155404 0.882694
vn -0.073368 0.107296 0.991516
vn 0.160755 0.112770 0.980531
vn -0.024409 0.377107 0.925848
vn 0.324100 0.790901 -0.519072
vn -0.181548 0.504761 0.843953
vn -0.107133 0.481369 0.869946
vn 0.312553 0.023704 0.949605
vn 0.661370 0.209419 0.720231
vn 0.895592 0.443659 -0.032889
vn 0.936072 0.256734 0.240537
vn 0.882532 0.017974 0.469910
vn -0.078562 0.995178 0.058726
vn 0.134007 0.990942 -0.008695
vn 0.861317 0.477496 0.173584
vn -0.065797 0.892095 0.447031
vn 0.268946 0.963127 -0.007403
vn 0.516250 0.721057 -0.462129
vn 0.888576 0.115690 0.443901
vn 0.863315 0.180980 0.471097
vn 0.859921 0.286928 0.422148
vn 0.045797 0.970047 -0.238560
vn -0.114216 -0.190065 0.975105
vn 0.363259 0.818669 -0.444774
vn -0.174005 0.723191 0.668369
vn 0.757980 0.151821 0.634363
vn -0.101076 0.510792 0.853742
vn -0.049170 0.501779 0.863597
vn -0.191048 0.440024 0.877428
vn 0.207535 -0.120056 0.970833
vn 0.732259 0.097964 0.673944
vn 0.627745 0.022149 0.778104
vn 0.061025 0.852477 0.519191
vn 0.829820 0.085833 0.551390
vn 0.437626 0.291701 0.850526
vn -0.020536 0.997456 0.068268
vn 0.728868 0.679440 -0.084332
vn 0.033144 0.615958 0.787082
vn 0.562054 -0.218806 0.797633
vn 0.077753 0.907400 0.413014
vn -0.179021 0.212557 0.960610
vn 0.274046 0.115307 0.954779
vn 0.599200 0.464931 0.651766
vn -0.003778 0.891000 0.453988
vn 0.290721 0.489479 0.822126
vn 0.359296 0.925161 -0.122411
vn 0.007116 0.844474 0.535550
vn 0.467577 -0.107068 0.877444
vn 0.391269 0.674368 0.626208
vn 0.109084 0.706328 0.699429
vn 0.452331 -0.118172 0.883987
vn 0.617202 0.169910 0.768240
vn -0.160315 -0.118193 0.979964
vn 0.360545 0.908532 0.211132
vn -0.032649 -0.069916 0.997018
vn 0.899495 0.388529 0.199885
vn 0.188614 0.355415 0.915481
vn 0.487086 0.843841 -0.225122
vn 0.197609 0.943963 -0.264358
vn 0.810522 0.376940 0.448297
vn 0.641925 -0.072232 0.763358
vn 0.811889 0.147252 0.564937
vn 0.783026 0.575866 0.235051
vn 0.092629 0.949914 0.298467
vn 0.046493 0.648969 0.759393
vn 0.113993 0.975962 -0.185752
vn 0.827981 0.554039 -0.086537
vn -0.033078 0.063923 0.997407
vn 0.080217 0.404802 0.910879
vn 0.311176 0.075994 0.947309
vn 0.757778 0.431983 0.489043
vn 0.606209 0.792714 -0.064157
vn 0.523087 0.824563 0.215586
vn 0.233074 0.962149 0.141232
vn 0.196286 0.868468 0.455231
vn 0.097580 0.489808 0.866352
vn 0.601622 0.180198 0.778190
vn 0.256950 0.772194 0.581114
vn 0.208684 0.522116 0.826950
vn 0.028549 0.359529 0.932697
vn 0.595887 0.276453 0.753984
vn 0.732853 0.515456 0.444108
vn 0.052298 0.896440 -0.440068
vn 0.839641 0.255989 0.479032
vn 0.417228 0.837338 -0.353250
vn 0.872441 0.447000 0.197580
vn 0.138864 0.989641 0.036425
vn 0.735655 0.174712 0.654437
vn 0.641399 0.333385 0.690986
vn 0.220302 0.234141 0.946913
vn 0.657521 0.705374 0.264789
vn 0.089674 0.655210 0.750106
vn 0.283351 0.951222 0.122022
vn 0.477922 0.238674 0.845355
vn 0.753905 0.653473 -0.067833
vn 0.281050 0.698335 0.658285
vn 0.212032 0.551071 0.807071
vn 0.283502 0.876930 0.388099
vn 0.291902 0.531517 0.795162
vn 0.201045 0.362918 0.909874
vn 0.591502 0.548232 0.591242
vn 0.034923 0.664676 -0.746315
vn 0.965781 0.258969 -0.014215
vn 0.357436 -0.016004 0.933801
vn 0.829267 0.376280 0.413194
vn 0.725129 0.274446 0.631559
vn 0.559060 0.099342 0.823154
vn 0.634783 0.671687 0.381951
vn 0.931803 0.180431 0.314943
vn 0.852975 0.377443 0.360514
vn 0.824519 0.513566 0.237527
vn 0.318061 0.091134 0.943680
vn 0.289296 0.817581 0.497864
vn 0.649580 0.760283 0.003847
vn 0.165772 0.283645 0.944492
vn 0.531674 0.477598 0.699444
vn 0.211097 0.813057 0.542565
vn 0.753188 0.468577 0.461674
vn 0.431541 0.650859 0.624623
vn 0.646125 0.226099 0.728973
vn 0.369843 0.352870 0.859476
vn 0.270845 0.403474 0.873987
vn 0.640585 -0.198311 -0.741838
vn 0.787467 0.577761 0.214683
vn 0.792448 -0.603444 0.088780
vn 0.423777 0.876855 0.227019
vn 0.750677 0.370513 0.546995
vn 0.299642 0.630542 0.715983
vn 0.348973 0.524023 -0.776928
vn 0.040827 0.979102 0.199231
vn 0.446712 0.878255 0.170636
vn 0.442451 0.841440 0.310186
vn 0.777395 0.465435 0.423117
vn 0.587534 -0.201517 0.783706
vn 0.278305 0.193557 0.940788
vn -0.077765 0.890683 -0.447925
vn 0.647329 0.421674 0.634946
vn 0.710021 0.648999 0.273260
vn 0.563403 0.805988 0.181551
vn 0.417602 0.630472 0.654304
vn 0.671307 0.722728 0.164350
vn 0.598123 0.366299 0.712793
vn 0.753990 0.468158 0.460789
vn 0.312722 0.465515 0.827950
vn 0.422397 0.749997 0.509004
vn 0.521496 0.235914 0.819992
vn 0.459957 0.750382 0.474728
vn 0.288053 0.411579 0.864655
vn 0.450544 0.491867 0.745035
vn 0.581997 0.764985 0.275824
vn 0.545156 0.525339 0.653317
vn 0.451411 0.405491 0.794862
vn 0.437391 0.886475 -0.151166
vn 0.581581 0.738455 0.341244
vn 0.692237 0.615908 0.376119
vn 0.678863 0.505790 0.532279
vn 0.636449 0.631070 0.443491
vn 0.580247 0.650557 0.489989
vn 0.988993 -0.035732 0.143586
vn 0.488350 0.592292 0.640862
vn -0.275219 0.076480 0.958335
vn 0.283531 0.055546 0.957353
vn -0.554673 -0.779730 0.290446
vn -0.450232 -0.194920 0.871377
vn -0.345182 -0.248329 0.905087
vn -0.138050 -0.930969 0.337992
vn -0.852706 -0.443656 0.275794
vn -0.960610 0.073287 0.268062
vn -0.291203 0.147890 0.945161
vn 0.777853 0.055330 0.626006
vn -0.467452 0.054499 0.882337
vn -0.466121 0.101294 0.878903
vn 0.603621 0.629983 0.488633
vn 0.605043 -0.567466 0.558485
vn -0.430690 -0.021433 0.902245
vn -0.440215 0.190052 0.877548
vn 0.260258 0.905513 0.335130
vn -0.131349 0.965861 0.223293
vn -0.397784 0.290647 0.870225
vn -0.451069 0.287792 0.844815
vn -0.534151 0.821541 0.199382
vn -0.291210 0.177926 0.939968
vn -0.823303 0.515917 0.236645
vn -0.436299 -0.092832 0.895000
vn 0.264540 -0.861087 0.434222
vn 0.538303 -0.802868 0.256190
vn 0.455946 -0.228675 0.860129
vn 0.852314 -0.451547 0.263945
vn 0.165724 -0.944099 0.284978
vn 0.331600 -0.265053 0.905422
vn -0.280459 -0.854878 0.436493
vn -0.008045 -0.676854 0.736073
vn 0.458164 0.309177 0.833364
vn 0.532654 0.825338 0.187345
vn 0.825202 0.517901 0.225432
vn 0.295647 0.192016 0.935800
vn 0.392306 0.339137 0.855034
vn 0.131971 0.967155 0.217245
vn 0.961965 0.074760 0.262742
vn 0.297806 0.148011 0.943082
vn 0.428359 0.235548 0.872368
vn -0.273618 0.904672 0.326652
vn -0.608822 -0.567883 0.553935
vn -0.224476 -0.419594 0.879518
vn -0.201318 0.523783 0.827721
vn -0.606106 0.633544 0.480892
vn -0.299128 0.071229 0.951551
vn -0.778546 0.055565 0.625124
vn 0.491791 0.037308 0.869914
vn 0.502222 0.071541 0.861775
vn 0.495958 0.053627 0.866689
vn 0.498055 0.041353 0.866159
vn -0.264808 0.376255 -0.887867
vn -0.292979 0.468474 -0.833484
vn -0.292979 0.468474 -0.833484
vn -0.193171 0.615416 -0.764165
vn -0.198727 0.608071 -0.768608
vn -0.464567 0.478657 -0.745027
vn -0.464567 0.478657 -0.745027
vn -0.335575 0.630158 -0.700207
vn -0.347808 0.617544 -0.705457
vn -0.558040 0.467306 -0.685723
vn -0.558040 0.467306 -0.685723
vn -0.484227 0.593803 -0.642591
vn -0.435876 0.661324 -0.610461
vn -0.701182 0.535113 -0.471166
vn -0.701182 0.535113 -0.471166
vn -0.483838 0.668538 -0.564764
vn -0.578265 0.619310 -0.531098
vn -0.031720 0.491780 -0.870142
vn -0.031720 0.491780 -0.870142
vn -0.012513 0.652063 -0.758061
vn -0.011881 0.656845 -0.753932
vn -0.785698 0.599052 -0.154324
vn -0.785698 0.599052 -0.154324
vn -0.661270 0.738963 -0.129055
vn -0.568256 0.815430 -0.110265
vn 0.034304 0.492195 -0.869809
vn 0.034304 0.492195 -0.869809
vn 0.012975 0.656103 -0.754560
vn 0.013721 0.650885 -0.759052
vn -0.291879 0.715215 0.635039
vn -0.291879 0.715215 0.635039
vn -0.148983 0.764498 0.627174
vn 0.079349 0.806105 0.586428
vn 0.114997 0.683659 0.720685
vn 0.114997 0.683659 0.720685
vn 0.205789 0.727402 0.654628
vn 0.287651 0.758642 0.584568
vn 0.271640 0.553691 0.787171
vn 0.271640 0.553691 0.787171
vn 0.362632 0.569498 0.737679
vn 0.467642 0.580273 0.666779
vn 0.204719 0.486432 -0.849396
vn 0.204719 0.486432 -0.849396
vn 0.131114 0.636498 -0.760052
vn 0.124549 0.648363 -0.751074
vn -0.054121 0.757962 0.650050
vn -0.054121 0.757962 0.650050
vn 0.020773 0.822818 0.567926
vn 0.071267 0.858988 0.507012
vn 0.050419 0.770514 0.635425
vn 0.050419 0.770515 0.635425
vn 0.107251 0.813552 0.571516
vn 0.189713 0.863621 0.467085
vn 0.335203 0.694770 0.636344
vn 0.335203 0.694770 0.636344
vn 0.396560 0.728452 0.558657
vn 0.453347 0.754077 0.475231
vn 0.738720 0.488063 0.464852
vn 0.738720 0.488063 0.464852
vn 0.765106 0.502228 0.402964
vn 0.786526 0.513335 0.343314
vn -0.062469 0.769677 0.635370
vn -0.062469 0.769677 0.635370
vn -0.240480 0.857082 0.455609
vn -0.124770 0.806317 0.578175
vn -0.738752 0.488035 0.464831
vn -0.738752 0.488035 0.464831
vn -0.786555 0.513302 0.343296
vn -0.765136 0.502197 0.402946
vn 0.292619 0.469018 -0.833304
vn 0.292619 0.469018 -0.833304
vn 0.198608 0.608178 -0.768553
vn 0.192661 0.616034 -0.763796
vn 0.460081 0.477341 -0.748646
vn 0.460081 0.477341 -0.748646
vn 0.343716 0.616677 -0.708215
vn 0.332105 0.628742 -0.703128
vn -0.335204 0.694772 0.636341
vn -0.335204 0.694772 0.636341
vn -0.453349 0.754077 0.475229
vn -0.396561 0.728453 0.558655
vn 0.558062 0.467315 -0.685699
vn 0.558062 0.467315 -0.685699
vn 0.435895 0.661330 -0.610441
vn 0.484243 0.593817 -0.642565
vn 0.701189 0.535109 -0.471160
vn 0.701189 0.535109 -0.471160
vn 0.578272 0.619307 -0.531094
vn 0.483843 0.668535 -0.564763
vn 0.054122 0.757964 0.650047
vn 0.054122 0.757964 0.650047
vn -0.071267 0.858988 0.507011
vn -0.020773 0.822818 0.567925
vn -0.115487 0.683500 0.720757
vn -0.115487 0.683500 0.720757
vn -0.288137 0.758410 0.584629
vn -0.206266 0.727197 0.654705
vn 0.785699 0.599040 -0.154362
vn 0.785699 0.599040 -0.154362
vn 0.568258 0.815425 -0.110293
vn 0.661280 0.738948 -0.129089
vn -0.271732 0.553659 0.787162
vn -0.271732 0.553659 0.787162
vn -0.467718 0.580230 0.666763
vn -0.362721 0.569461 0.737664
vn 0.292517 0.715365 0.634576
vn 0.292517 0.715365 0.634576
vn -0.078704 0.806456 0.586032
vn 0.149622 0.764738 0.626729
vn -0.670957 0.690303 0.270738
vn -0.670957 0.690303 0.270738
vn -0.536595 0.787827 0.302314
vn -0.309956 0.890499 0.333074
vn 0.670956 0.690303 0.270738
vn 0.670956 0.690303 0.270738
vn 0.309956 0.890499 0.333074
vn 0.536595 0.787828 0.302314
vn -0.204728 0.486435 -0.849393
vn -0.204728 0.486435 -0.849393
vn -0.124554 0.648365 -0.751072
vn -0.131121 0.636497 -0.760052
vn -0.158166 0.780130 -0.605294
vn -0.158166 0.780130 -0.605294
vn -0.291823 0.813866 -0.502456
vn -0.291823 0.813866 -0.502456
vn -0.309013 0.733127 -0.605835
vn -0.309013 0.733127 -0.605835
vn -0.367360 0.927451 -0.069870
vn -0.367360 0.927451 -0.069870
vn -0.134307 0.929938 0.342310
vn -0.134307 0.929938 0.342310
vn 0.198682 0.810070 0.551645
vn 0.198682 0.810070 0.551645
vn 0.530447 0.582249 0.616127
vn 0.530447 0.582249 0.616127
vn 0.365620 0.780273 0.507440
vn 0.365620 0.780273 0.507440
vn 0.147145 0.901572 0.406837
vn 0.147145 0.901572 0.406837
vn 0.500809 0.770308 0.394736
vn 0.500809 0.770308 0.394736
vn 0.803987 0.521980 0.284855
vn 0.803987 0.521980 0.284855
vn 0.245841 0.888549 0.387353
vn 0.245841 0.888549 0.387353
vn -0.299664 0.873429 0.383826
vn -0.299664 0.873429 0.383826
vn -0.804014 0.521945 0.284841
vn -0.804014 0.521945 0.284841
vn -0.500810 0.770307 0.394735
vn -0.500810 0.770307 0.394735
vn -0.147146 0.901571 0.406838
vn -0.147146 0.901571 0.406838
vn -0.366067 0.780007 0.507527
vn -0.366067 0.780007 0.507527
vn -0.530517 0.582203 0.616110
vn -0.530517 0.582203 0.616110
vn -0.198138 0.810470 0.551253
vn -0.198138 0.810470 0.551253
vn 0.134307 0.929938 0.342310
vn 0.134307 0.929938 0.342311
vn 0.367367 0.927446 -0.069887
vn 0.367367 0.927446 -0.069887
vn 0.309016 0.733125 -0.605836
vn 0.309016 0.733125 -0.605836
vn 0.291832 0.813875 -0.502435
vn 0.291832 0.813875 -0.502435
vn 0.155837 0.779152 -0.607154
vn 0.155837 0.779152 -0.607154
vn 0.048204 0.777193 -0.627414
vn 0.048204 0.777193 -0.627414
vn 0.017332 0.811518 -0.584070
vn 0.017332 0.811518 -0.584070
vn -0.016003 0.831557 -0.555208
vn -0.016003 0.831557 -0.555208
vn 0.014815 0.831811 -0.554861
vn 0.014815 0.831811 -0.554861
vn -0.017332 0.811516 -0.584073
vn -0.017332 0.811516 -0.584073
vn -0.048852 0.776639 -0.628048
vn -0.048852 0.776639 -0.628048
s 1
g polySurface16
usemtl initialShadingGroup
f 2867//3125 2866//3126 2864//3127 2870//3128
f 2868//3129 2865//3130 2866//3126 2867//3125
f 2870//3128 2864//3127 2861//3131 2874//3132
f 2871//3133 2863//3134 2865//3130 2868//3129
f 2862//3135 2863//3134 2871//3133 2882//3136
f 2874//3132 2861//3131 2859//3137 2878//3138
f 2878//3138 2859//3137 2858//3139 2887//3140
f 2879//3141 2860//3142 2862//3135 2882//3136
f 2869//3143 2860//3142 2879//3141 2881//3144
f 2858//3139 2872//3145 2880//3146 2887//3140
f 2873//3147 2869//3143 2881//3144 2884//3148
f 2883//3149 2872//3145 2875//3150 2885//3151
f 2876//3152 2873//3147 2884//3148 2886//3153
f 2885//3151 2875//3150 2877//3154 2886//3153
f 2886//3153 2877//3154 2876//3152
f 2867//3125 2870//3128 2888//3155 2891//3156
f 2870//3128 2874//3132 2889//3157 2888//3155
f 2890//3158 2871//3133 2868//3129 2893//3159
f 2883//3149 2880//3146 2872//3145
f 2874//3132 2878//3138 2892//3160 2889//3157
f 2892//3160 2878//3138 2887//3140 3078//3161
f 3114//3162 3115//3163 2900//3164 3091//3165
f 2895//3166 2879//3141 2882//3136 2898//3167
f 2896//3168 2889//3157 2892//3160 2901//3169
f 2897//3170 3089//3171 3090//3172 2900//3164
f 2881//3144 2879//3141 2895//3166 2902//3173
f 2899//3174 3088//3175 3089//3171 2897//3170
f 2887//3140 2880//3146 3077//3176 3078//3161
f 3087//3177 3088//3175 2899//3174 2906//3178
f 2884//3148 2881//3144 2902//3173 2904//3179
f 2880//3146 2883//3149 2903//3180 3077//3176
f 2868//3129 2867//3125 2891//3156 2893//3159
f 2886//3153 2884//3148 2904//3179 2907//3181
f 2883//3149 2885//3151 2905//3182 2903//3180
f 3086//3183 3087//3177 2906//3178 2909//3184
f 3113//3185 3114//3162 3091//3165 3092//3186
f 3112//3187 3113//3185 3092//3186 3093//3188
f 2908//3189 3085//3190 3086//3183 2909//3184
f 2899//3174 2897//3170 3101//3191 3102//3192
f 3084//3193 3085//3190 2908//3189 2916//3194
f 2882//3136 2871//3133 2890//3158 2898//3167
f 2906//3178 2899//3174 3102//3192 3103//3195
f 2914//3196 3083//3197 3084//3193 2916//3194
f 3081//3198 3082//3199 2915//3200 2913//3201
f 3082//3199 3083//3197 2914//3196 2915//3200
f 3103//3195 3104//3202 2909//3184 2906//3178
f 2888//3155 2889//3157 2896//3168 2894//3203
f 2910//3204 2911//3205 2921//3206 2926//3207
f 2908//3189 2909//3184 3104//3202 3105//3208
f 2923//3209 2912//3210 2910//3204 2926//3207
f 2927//3211 2917//3212 2912//3210 2923//3209
f 3106//3213 3107//3214 2914//3196 2916//3194
f 2915//3200 2914//3196 3107//3214 3108//3215
f 2913//3201 2915//3200 3108//3215 3109//3216
f 2933//3217 2918//3218 2917//3212 2927//3211
f 2925//3219 2918//3218 2933//3217 2934//3220
f 2932//3221 2925//3219 2934//3220 2936//3222
f 2935//3223 2921//3206 2920//3224 2937//3225
f 2885//3151 2886//3153 2907//3181 2905//3182
f 2926//3207 2921//3206 2935//3223 2941//3226
f 2928//3227 2932//3221 2936//3222 2940//3228
f 2937//3225 2920//3224 2919//3229
f 2929//3230 2931//3231 2938//3232 2939//3233
f 2931//3231 2928//3227 2940//3228 2938//3232
f 2937//3225 2919//3229 2922//3234 2945//3235
f 2923//3209 2926//3207 2941//3226 2942//3236
f 2927//3211 2923//3209 2942//3236 2948//3237
f 2922//3234 2924//3238 2943//3239 2945//3235
f 2897//3170 2900//3164 3115//3163 3101//3191
f 2943//3239 2924//3238 2930//3240 2949//3241
f 2944//3242 2933//3217 2927//3211 2948//3237
f 2930//3240 2939//3233 2946//3243 2949//3241
f 2947//3244 2934//3220 2933//3217 2944//3242
f 2946//3243 2939//3233 2938//3232 2951//3245
f 2936//3222 2934//3220 2947//3244 2950//3246
f 2940//3228 2936//3222 2950//3246 2959//3247
f 2951//3245 2938//3232 2940//3228 2959//3247
f 2935//3223 2937//3225 3118//3248 3119//3249
f 3119//3249 3120//3250 2941//3226 2935//3223
f 3120//3250 3121//3251 2942//3236 2941//3226
f 2937//3225 2945//3235 3131//3252 3118//3248
f 3121//3251 3122//3253 2948//3237 2942//3236
f 2945//3235 2943//3239 3130//3254 3131//3252
f 2944//3242 2948//3237 3122//3253 3123//3255
f 2953//3256 2956//3257 3142//3258 3143//3259
f 2954//3260 2953//3256 3143//3259 3144//3261
f 3129//3262 3130//3254 2943//3239 2949//3241
f 2962//3263 3132//3264 3133//3265 2969//3266
f 2957//3267 2954//3260 3144//3261 3145//3268
f 2960//3269 3132//3264 2962//3263
f 3133//3265 3134//3270 2966//3271 2969//3266
f 2947//3244 2944//3242 3123//3255 3124//3272
f 2967//3273 2961//3274 2960//3269
f 3128//3275 3129//3262 2949//3241 2946//3243
f 2963//3276 2961//3274 2967//3273 2970//3277
f 2966//3271 3134//3270 3135//3278 2974//3279
f 3124//3272 3125//3280 2950//3246 2947//3244
f 2970//3277 2968//3281 2963//3276
f 2964//3282 2957//3267 3145//3268 3146//3283
f 2916//3194 2908//3189 3105//3208 3106//3213
f 2972//3284 2967//3273 2960//3269
f 3127//3285 3128//3275 2946//3243 2951//3245
f 2974//3279 3135//3278 3136//3286 2987//3287
f 3125//3280 3126//3288 2959//3247 2950//3246
f 2971//3289 2968//3281 2970//3277 2980//3290
f 2971//3289 2977//3291 3141//3292
f 2978//3293 2962//3263 2969//3266
f 2972//3284 2962//3263 2978//3293 2983//3294
f 2981//3295 2967//3273 2972//3284 2990//3296
f 2982//3297 2970//3277 2967//3273 2981//3295
f 2977//3291 2984//3298 2988//3299
f 2985//3300 2969//3266 2986//3301
f 2986//3301 2969//3266 2966//3271
f 2984//3298 2971//3289 2980//3290 2994//3302
f 2980//3290 2970//3277 2982//3297 3002//3303
f 3140//3304 2977//3291 2988//3299 2999//3305
f 2989//3306 2972//3284 2983//3294
f 2991//3307 2983//3294 2978//3293 2985//3300
f 2992//3308 3137//3309 3138//3310 2996//3311
f 2990//3296 2972//3284 2989//3306 3001//3312
f 2966//3271 2974//3279 2993//3313 2986//3301
f 2995//3314 3139//3315 3140//3304 2999//3305
f 2996//3311 3138//3310 3139//3315 2995//3314
f 2989//3306 2983//3294 2997//3316
f 2997//3317 2983//3294 2991//3307 3006//3318
f 2993//3313 2974//3279 2987//3287 3014//3319
f 2981//3295 2990//3296 2998//3320 3004//3321
f 2994//3302 3000//3322 2984//3298
f 3002//3303 2994//3302 2980//3290
f 3003//3323 2988//3299 2984//3298 3000//3322
f 2998//3320 2990//3296 3001//3312
f 3004//3321 2982//3297 2981//3295
f 3005//3324 2989//3306 2997//3316
f 3001//3312 2989//3306 3005//3324 3008//3325
f 3000//3322 2997//3317 3007//3326
f 3000//3322 2994//3302 3002//3303 3009//3327
f 2998//3320 3001//3312 3008//3325 3012//3328
f 3007//3326 2997//3317 3006//3318
f 2997//3316 3000//3322 3009//3327 3005//3324
f 3010//3329 2991//3307 2985//3300
f 3000//3322 3007//3326 3003//3323
f 2985//3300 2986//3301 3010//3329
f 3004//3321 2998//3320 3012//3328 3013//3330
f 2982//3297 3004//3321 3013//3330 3002//3303
f 3014//3319 2987//3287 2992//3308 3017//3331
f 3006//3318 2991//3307 3010//3329 3019//3332
f 3015//3333 3008//3325 3005//3324 3009//3327
f 2986//3301 2993//3313 3016//3334 3011//3335
f 3012//3328 3008//3325 3015//3333 3013//3330
f 3002//3303 3013//3330 3015//3333 3009//3327
f 3017//3331 2992//3308 2996//3311 3020//3336
f 3018//3337 2995//3314 2999//3305
f 2996//3311 2995//3314 3018//3337 3020//3336
f 3016//3334 2993//3313 3014//3319
f 3021//3338 2988//3299 3003//3323
f 2999//3305 2988//3299 3021//3338 3026//3339
f 3022//3340 3007//3326 3006//3318 3023//3341
f 3021//3338 3003//3323 3007//3326 3029//3342
f 3023//3341 3006//3318 3019//3332
f 3019//3332 3010//3329 3024//3343 3031//3344
f 3010//3329 3011//3335 3025//3345 3024//3343
f 3018//3337 2999//3305 3026//3339 3032//3346
f 3027//3347 3014//3319 3017//3331 3028//3348
f 3025//3345 3011//3335 3016//3334 3027//3347
f 3016//3334 3014//3319 3027//3347
f 3028//3348 3017//3331 3020//3336 3030//3349
f 3022//3340 3029//3342 3007//3326
f 3030//3349 3020//3336 3018//3337 3032//3346
f 3023//3341 3019//3332 3031//3344
f 3023//3341 3031//3344 3033//3350
f 3031//3344 3024//3343 3034//3351 3033//3350
f 3034//3351 3024//3343 3025//3345 3038//3352
f 3035//3353 3022//3340 3023//3341 3033//3350
f 3036//3354 3029//3342 3022//3340 3035//3353
f 3037//3355 3021//3338 3029//3342 3036//3354
f 3033//3350 3034//3351 3039//3356 3035//3353
f 3040//3357 3026//3339 3021//3338 3041//3358
f 3037//3355 3041//3358 3021//3338
f 3043//3359 3038//3352 3027//3347 3028//3348
f 3035//3353 3042//3360 3036//3354
f 3039//3356 3034//3351 3038//3352
f 3040//3357 3032//3346 3026//3339
f 3035//3353 3039//3356 3042//3360
f 3037//3355 3036//3354 3042//3360 3044//3361
f 3041//3358 3037//3355 3044//3361 3045//3362
f 3043//3359 3028//3348 3030//3349 3046//3363
f 3044//3361 3042//3360 3039//3356 3045//3362
f 3041//3358 3045//3362 3040//3357
f 3046//3363 3032//3346 3040//3357 3045//3362
f 3038//3352 3043//3359 3117//3364
f 3046//3363 3030//3349 3032//3346
f 2951//3245 2959//3247 3126//3288 3127//3285
f 2858/1929/3139 2859/1930/3137 3048/1931/3365 3047/1932/3366
f 2859/1933/3137 2861/1934/3131 3049/1935/3367 3048/1936/3365
f 2862/1937/3135 2860/1938/3142 3051/1939/3368 3050/1940/3369
f 2863/1941/3134 2862/1942/3135 3050/1943/3369 3052/1944/3370
f 2861/1945/3131 2864/1946/3127 3053/1947/3371 3049/1948/3367
f 2865/1949/3130 2863/1950/3134 3052/1951/3370 3054/1952/3372
f 2864/1953/3127 2866/1954/3126 3055/1955/3373 3053/1956/3371
f 2866/1957/3126 2865/1958/3130 3054/1959/3372 3055/1960/3373
f 2860/1961/3142 2869/1962/3143 3056/1963/3374 3051/1964/3368
f 2872/1965/3145 2858/1966/3139 3047/1967/3366 3057/1968/3375
f 2869/1969/3143 2873/1970/3147 3058/1971/3376 3056/1972/3374
f 2875/1973/3150 2872/1974/3145 3057/1975/3375 3059/1976/3377
f 2873/1977/3147 2876/1978/3152 3060/1979/3378 3058/1980/3376
f 2877/1981/3154 2875/1982/3150 3059/1983/3377 3061/1984/3379
f 2876/1985/3152 2877/1986/3154 3061/1987/3379 3060/1988/3378
f 3047/1989/3366 3048/1990/3365 3063/1991/3380 3062/1992/3381
f 3048/1993/3365 3049/1994/3367 3064/1995/3382 3063/1996/3380
f 3050/1997/3369 3051/1998/3368 3066/1999/3383 3065/2000/3384
f 3052/2001/3370 3050/2002/3369 3065/2003/3384 3067/2004/3385
f 3049/2005/3367 3053/2006/3371 3068/2007/3386 3064/2008/3382
f 3054/2009/3372 3052/2010/3370 3067/2011/3385 3069/2012/3387
f 3053/2013/3371 3055/2014/3373 3070/2015/3388 3068/2016/3386
f 3055/2017/3373 3054/2018/3372 3069/2019/3387 3070/2020/3388
f 3051/2021/3368 3056/2022/3374 3071/2023/3389 3066/2024/3383
f 3057/2025/3375 3047/2026/3366 3062/2027/3381 3072/2028/3390
f 3056/2029/3374 3058/2030/3376 3073/2031/3391 3071/2032/3389
f 3059/2033/3377 3057/2034/3375 3072/2035/3390 3074/2036/3392
f 3058/2037/3376 3060/2038/3378 3075/2039/3393 3073/2040/3391
f 3061/2041/3379 3059/2042/3377 3074/2043/3392 3076/2044/3394
f 3060/2045/3378 3061/2046/3379 3076/2047/3394 3075/2048/3393
f 3109//3216 3110//3395 3095//3396 2913//3201
f 3110//3395 3111//3397 3094//3398 3095//3396
f 3111//3397 3112//3187 3093//3188 3094//3398
f 2892//3160 3078//3161 3079//3399 2901//3169
f 3080//3400 3079//3399 3078//3161 3077//3176
f 3081//3198 3080//3400 3077//3176 2903//3180
f 2903//3180 2905//3182 3082//3199 3081//3198
f 2905//3182 2907//3181 3083//3197 3082//3199
f 3084//3193 3083//3197 2907//3181 2904//3179
f 2904//3179 2902//3173 3085//3190 3084//3193
f 3086//3183 3085//3190 2902//3173 2895//3166
f 2895//3166 2898//3167 3087//3177 3086//3183
f 2898//3167 2890//3158 3088//3175 3087//3177
f 3089//3171 3088//3175 2890//3158 2893//3159
f 3090//3172 3089//3171 2893//3159 2891//3156
f 2891//3156 2888//3155 2894//3203 3090//3172
f 2900//3164 3090//3172 2894//3203 3091//3165
f 2894//3203 2896//3168 3092//3186 3091//3165
f 2896//3168 2901//3169 3093//3188 3092//3186
f 2901//3169 3079//3399 3094//3398 3093//3188
f 3095//3396 3094//3398 3079//3399 3080//3400
f 2913//3201 3095//3396 3080//3400 3081//3198
f 2930//3240 3096//3401 2929//3230 2939//3233
f 3097//3402 3096//3401 2930//3240 2924//3238
f 3098//3403 3097//3402 2924//3238 2922//3234
f 3099//3404 3098//3403 2922//3234 2919//3229
f 3100//3405 3099//3404 2919//3229 2920//3224
f 2911//3205 3100//3405 2920//3224 2921//3206
f 3102//3192 3101//3191 2910//3204 2912//3210
f 3103//3195 3102//3192 2912//3210 2917//3212
f 2918//3218 3104//3202 3103//3195 2917//3212
f 3105//3208 3104//3202 2918//3218 2925//3219
f 3106//3213 3105//3208 2925//3219 2932//3221
f 2928//3227 3107//3214 3106//3213 2932//3221
f 3108//3215 3107//3214 2928//3227 2931//3231
f 3109//3216 3108//3215 2931//3231 2929//3230
f 3096//3401 3110//3395 3109//3216 2929//3230
f 3097//3402 3111//3397 3110//3395 3096//3401
f 3098//3403 3112//3187 3111//3397 3097//3402
f 3099//3404 3113//3185 3112//3187 3098//3403
f 3100//3405 3114//3162 3113//3185 3099//3404
f 2911//3205 3115//3163 3114//3162 3100//3405
f 3101//3191 3115//3163 2911//3205 2910//3204
f 2985//3300 2978//3293 2969//3266
f 3010//3329 2986//3301 3011//3335
f 2987//3287 3136//3286 3137//3309 2992//3308
f 3146//3283 3147//3406 3116//3407 2964//3282
f 2976//3408 3116//3407 3147//3406 3148//3409
f 3141//3292 2968//3281 2971//3289
f 2972//3284 2960//3269 2962//3263
f 3039//3356 3038//3352 3117//3364
f 3025//3345 3027//3347 3038//3352
f 3117//3364 3043//3359 3046//3363 3045//3362
f 3039//3356 3117//3364 3045//3362
f 3119//3249 3118//3248 2952//3410 2956//3257
f 2953//3256 3120//3250 3119//3249 2956//3257
f 2954//3260 3121//3251 3120//3250 2953//3256
f 2957//3267 3122//3253 3121//3251 2954//3260
f 3123//3255 3122//3253 2957//3267 2964//3282
f 3124//3272 3123//3255 2964//3282 3116//3407
f 2976//3408 3125//3280 3124//3272 3116//3407
f 2975//3411 3126//3288 3125//3280 2976//3408
f 3127//3285 3126//3288 2975//3411 2979//3412
f 2973//3413 3128//3275 3127//3285 2979//3412
f 2965//3414 3129//3262 3128//3275 2973//3413
f 2958//3415 3130//3254 3129//3262 2965//3414
f 3131//3252 3130//3254 2958//3415 2955//3416
f 3118//3248 3131//3252 2955//3416 2952//3410
f 3156//3417 3142//3258 2956//3257
f 3155//3418 3156//3417 2956//3257 2952//3410
f 2952//3410 2955//3416 3154//3419 3155//3418
f 3153//3420 3154//3419 2955//3416 2958//3415
f 3152//3421 3153//3420 2958//3415 2965//3414
f 3151//3422 3152//3421 2965//3414 2973//3413
f 3150//3423 3151//3422 2973//3413 2979//3412
f 3149//3424 3150//3423 2979//3412 2975//3411
f 3148//3409 3149//3424 2975//3411 2976//3408
f 2977//3291 2971//3289 2984//3298
f 3143//3259 3142//3258 2960//3269 2961//3274
f 3144//3261 3143//3259 2961//3274 2963//3276
f 3145//3268 3144//3261 2963//3276 2968//3281
f 3146//3283 3145//3268 2968//3281 3141//3292
f 2977//3291 3147//3406 3146//3283 3141//3292
f 3148//3409 3147//3406 2977//3291 3140//3304
f 3140//3304 3139//3315 3149//3424 3148//3409
f 3139//3315 3138//3310 3150//3423 3149//3424
f 3138//3310 3137//3309 3151//3422 3150//3423
f 3137//3309 3136//3286 3152//3421 3151//3422
f 3136//3286 3135//3278 3153//3420 3152//3421
f 3135//3278 3134//3270 3154//3419 3153//3420
f 3155//3418 3154//3419 3134//3270 3133//3265
f 3133//3265 3132//3264 3156//3417 3155//3418
f 2960//3269 3142//3258 3156//3417 3132//3264
s 8
f 3166//3425 3169//3426 3163//3427 3165//3428
f 3167//3429 3166//3425 3165//3428 3164//3430
f 3169//3426 3173//3431 3160//3432 3163//3427
f 3170//3433 3167//3429 3164//3430 3162//3434
f 3161//3435 3181//3436 3170//3433 3162//3434
f 3173//3431 3177//3437 3158//3438 3160//3432
f 3177//3437 3186//3439 3157//3440 3158//3438
f 3178//3441 3181//3436 3161//3435 3159//3442
f 3168//3443 3180//3444 3178//3441 3159//3442
f 3157//3440 3186//3439 3179//3445 3171//3446
f 3172//3447 3183//3448 3180//3444 3168//3443
f 3182//3449 3184//3450 3174//3451 3171//3446
f 3175//3452 3185//3453 3183//3448 3172//3447
f 3184//3450 3185//3453 3176//3454 3174//3451
f 3185//3453 3175//3452 3176//3454
f 3166//3425 3190//3455 3187//3456 3169//3426
f 3169//3426 3187//3456 3188//3457 3173//3431
f 3189//3458 3192//3459 3167//3429 3170//3433
f 3182//3449 3171//3446 3179//3445
f 3173//3431 3188//3457 3191//3460 3177//3437
f 3191//3460 3377//3461 3186//3439 3177//3437
f 3413//3462 3390//3463 3199//3464 3414//3465
f 3194//3466 3197//3467 3181//3436 3178//3441
f 3195//3468 3200//3469 3191//3460 3188//3457
f 3196//3470 3199//3464 3389//3471 3388//3472
f 3180//3444 3201//3473 3194//3466 3178//3441
f 3198//3474 3196//3470 3388//3472 3387//3475
f 3186//3439 3377//3461 3376//3476 3179//3445
f 3386//3477 3205//3478 3198//3474 3387//3475
f 3183//3448 3203//3479 3201//3473 3180//3444
f 3179//3445 3376//3476 3202//3480 3182//3449
f 3167//3429 3192//3459 3190//3455 3166//3425
f 3185//3453 3206//3481 3203//3479 3183//3448
f 3182//3449 3202//3480 3204//3482 3184//3450
f 3385//3483 3208//3484 3205//3478 3386//3477
f 3412//3485 3391//3486 3390//3463 3413//3462
f 3411//3487 3392//3488 3391//3486 3412//3485
f 3207//3489 3208//3484 3385//3483 3384//3490
f 3198//3474 3401//3491 3400//3492 3196//3470
f 3383//3493 3215//3494 3207//3489 3384//3490
f 3181//3436 3197//3467 3189//3458 3170//3433
f 3205//3478 3402//3495 3401//3491 3198//3474
f 3213//3496 3215//3494 3383//3493 3382//3497
f 3380//3498 3212//3499 3214//3500 3381//3501
f 3381//3501 3214//3500 3213//3496 3382//3497
f 3402//3495 3205//3478 3208//3484 3403//3502
f 3187//3456 3193//3503 3195//3468 3188//3457
f 3209//3504 3225//3505 3220//3506 3210//3507
f 3207//3489 3404//3508 3403//3502 3208//3484
f 3222//3509 3225//3505 3209//3504 3211//3510
f 3226//3511 3222//3509 3211//3510 3216//3512
f 3405//3513 3215//3494 3213//3496 3406//3514
f 3214//3500 3407//3515 3406//3514 3213//3496
f 3212//3499 3408//3516 3407//3515 3214//3500
f 3232//3517 3226//3511 3216//3512 3217//3518
f 3224//3519 3233//3520 3232//3517 3217//3518
f 3231//3521 3235//3522 3233//3520 3224//3519
f 3234//3523 3236//3524 3219//3525 3220//3506
f 3184//3450 3204//3482 3206//3481 3185//3453
f 3225//3505 3240//3526 3234//3523 3220//3506
f 3227//3527 3239//3528 3235//3522 3231//3521
f 3236//3524 3218//3529 3219//3525
f 3228//3530 3238//3531 3237//3532 3230//3533
f 3230//3533 3237//3532 3239//3528 3227//3527
f 3236//3524 3244//3534 3221//3535 3218//3529
f 3222//3509 3241//3536 3240//3526 3225//3505
f 3226//3511 3247//3537 3241//3536 3222//3509
f 3221//3535 3244//3534 3242//3538 3223//3539
f 3196//3470 3400//3492 3414//3465 3199//3464
f 3242//3538 3248//3540 3229//3541 3223//3539
f 3243//3542 3247//3537 3226//3511 3232//3517
f 3229//3541 3248//3540 3245//3543 3238//3531
f 3246//3544 3243//3542 3232//3517 3233//3520
f 3245//3543 3250//3545 3237//3532 3238//3531
f 3235//3522 3249//3546 3246//3544 3233//3520
f 3239//3528 3258//3547 3249//3546 3235//3522
f 3250//3545 3258//3547 3239//3528 3237//3532
f 3234//3523 3418//3548 3417//3549 3236//3524
f 3418//3548 3234//3523 3240//3526 3419//3550
f 3419//3550 3240//3526 3241//3536 3420//3551
f 3236//3524 3417//3549 3430//3552 3244//3534
f 3420//3551 3241//3536 3247//3537 3421//3553
f 3244//3534 3430//3552 3429//3554 3242//3538
f 3243//3542 3422//3555 3421//3553 3247//3537
f 3252//3556 3442//3557 3441//3558 3255//3559
f 3253//3560 3443//3561 3442//3557 3252//3556
f 3428//3562 3248//3540 3242//3538 3429//3554
f 3261//3563 3268//3564 3432//3565 3431//3566
f 3256//3567 3444//3568 3443//3561 3253//3560
f 3259//3569 3261//3563 3431//3566
f 3432//3565 3268//3564 3265//3570 3433//3571
f 3246//3544 3423//3572 3422//3555 3243//3542
f 3266//3573 3259//3569 3260//3574
f 3427//3575 3245//3543 3248//3540 3428//3562
f 3262//3576 3269//3577 3266//3573 3260//3574
f 3265//3570 3273//3578 3434//3579 3433//3571
f 3423//3572 3246//3544 3249//3546 3424//3580
f 3269//3577 3262//3576 3267//3581
f 3263//3582 3445//3583 3444//3568 3256//3567
f 3215//3494 3405//3513 3404//3508 3207//3489
f 3271//3584 3259//3569 3266//3573
f 3426//3585 3250//3545 3245//3543 3427//3575
f 3273//3578 3286//3586 3435//3587 3434//3579
f 3424//3580 3249//3546 3258//3547 3425//3588
f 3270//3589 3279//3590 3269//3577 3267//3581
f 3270//3589 3440//3591 3276//3592
f 3277//3593 3268//3564 3261//3563
f 3271//3584 3282//3594 3277//3593 3261//3563
f 3280//3595 3289//3596 3271//3584 3266//3573
f 3281//3597 3280//3595 3266//3573 3269//3577
f 3276//3592 3287//3598 3283//3599
f 3284//3600 3285//3601 3268//3564
f 3285//3601 3265//3570 3268//3564
f 3283//3599 3293//3602 3279//3590 3270//3589
f 3279//3590 3301//3603 3281//3597 3269//3577
f 3439//3604 3298//3605 3287//3598 3276//3592
f 3288//3606 3282//3594 3271//3584
f 3290//3607 3284//3600 3277//3593 3282//3594
f 3291//3608 3295//3609 3437//3610 3436//3611
f 3289//3596 3300//3612 3288//3606 3271//3584
f 3265//3570 3285//3601 3292//3613 3273//3578
f 3294//3614 3298//3605 3439//3604 3438//3615
f 3295//3609 3294//3614 3438//3615 3437//3610
f 3288//3606 3296//3616 3282//3594
f 3296//3617 3305//3618 3290//3607 3282//3594
f 3292//3613 3313//3619 3286//3586 3273//3578
f 3280//3595 3303//3620 3297//3621 3289//3596
f 3293//3602 3283//3599 3299//3622
f 3301//3603 3279//3590 3293//3602
f 3302//3623 3299//3622 3283//3599 3287//3598
f 3297//3621 3300//3612 3289//3596
f 3303//3620 3280//3595 3281//3597
f 3304//3624 3296//3616 3288//3606
f 3300//3612 3307//3625 3304//3624 3288//3606
f 3299//3622 3306//3626 3296//3617
f 3299//3622 3308//3627 3301//3603 3293//3602
f 3297//3621 3311//3628 3307//3625 3300//3612
f 3306//3626 3305//3618 3296//3617
f 3296//3616 3304//3624 3308//3627 3299//3622
f 3309//3629 3284//3600 3290//3607
f 3299//3622 3302//3623 3306//3626
f 3284//3600 3309//3629 3285//3601
f 3303//3620 3312//3630 3311//3628 3297//3621
f 3281//3597 3301//3603 3312//3630 3303//3620
f 3313//3619 3316//3631 3291//3608 3286//3586
f 3305//3618 3318//3632 3309//3629 3290//3607
f 3314//3633 3308//3627 3304//3624 3307//3625
f 3285//3601 3310//3634 3315//3635 3292//3613
f 3311//3628 3312//3630 3314//3633 3307//3625
f 3301//3603 3308//3627 3314//3633 3312//3630
f 3316//3631 3319//3636 3295//3609 3291//3608
f 3317//3637 3298//3605 3294//3614
f 3295//3609 3319//3636 3317//3637 3294//3614
f 3315//3635 3313//3619 3292//3613
f 3320//3638 3302//3623 3287//3598
f 3298//3605 3325//3639 3320//3638 3287//3598
f 3321//3640 3322//3641 3305//3618 3306//3626
f 3320//3638 3328//3642 3306//3626 3302//3623
f 3322//3641 3318//3632 3305//3618
f 3318//3632 3330//3643 3323//3644 3309//3629
f 3309//3629 3323//3644 3324//3645 3310//3634
f 3317//3637 3331//3646 3325//3639 3298//3605
f 3326//3647 3327//3648 3316//3631 3313//3619
f 3324//3645 3326//3647 3315//3635 3310//3634
f 3315//3635 3326//3647 3313//3619
f 3327//3648 3329//3649 3319//3636 3316//3631
f 3321//3640 3306//3626 3328//3642
f 3329//3649 3331//3646 3317//3637 3319//3636
f 3322//3641 3330//3643 3318//3632
f 3322//3641 3332//3650 3330//3643
f 3330//3643 3332//3650 3333//3651 3323//3644
f 3333//3651 3337//3652 3324//3645 3323//3644
f 3334//3653 3332//3650 3322//3641 3321//3640
f 3335//3654 3334//3653 3321//3640 3328//3642
f 3336//3655 3335//3654 3328//3642 3320//3638
f 3332//3650 3334//3653 3338//3656 3333//3651
f 3339//3657 3340//3658 3320//3638 3325//3639
f 3336//3655 3320//3638 3340//3658
f 3342//3659 3327//3648 3326//3647 3337//3652
f 3334//3653 3335//3654 3341//3660
f 3338//3656 3337//3652 3333//3651
f 3339//3657 3325//3639 3331//3646
f 3334//3653 3341//3660 3338//3656
f 3336//3655 3343//3661 3341//3660 3335//3654
f 3340//3658 3344//3662 3343//3661 3336//3655
f 3342//3659 3345//3663 3329//3649 3327//3648
f 3343//3661 3344//3662 3338//3656 3341//3660
f 3340//3658 3339//3657 3344//3662
f 3345//3663 3344//3662 3339//3657 3331//3646
f 3337//3652 3416//3664 3342//3659
f 3345//3663 3331//3646 3329//3649
f 3250//3545 3426//3585 3425//3588 3258//3547
f 3157/2049/3440 3346/2052/3665 3347/2051/3666 3158/2050/3438
f 3158/2053/3438 3347/2056/3666 3348/2055/3667 3160/2054/3432
f 3161/2057/3435 3349/2060/3668 3350/2059/3669 3159/2058/3442
f 3162/2061/3434 3351/2064/3670 3349/2063/3668 3161/2062/3435
f 3160/2065/3432 3348/2068/3667 3352/2067/3671 3163/2066/3427
f 3164/2069/3430 3353/2072/3672 3351/2071/3670 3162/2070/3434
f 3163/2073/3427 3352/2076/3671 3354/2075/3673 3165/2074/3428
f 3165/2077/3428 3354/2080/3673 3353/2079/3672 3164/2078/3430
f 3159/2081/3442 3350/2084/3669 3355/2083/3674 3168/2082/3443
f 3171/2085/3446 3356/2088/3675 3346/2087/3665 3157/2086/3440
f 3168/2089/3443 3355/2092/3674 3357/2091/3676 3172/2090/3447
f 3174/2093/3451 3358/2096/3677 3356/2095/3675 3171/2094/3446
f 3172/2097/3447 3357/2100/3676 3359/2099/3678 3175/2098/3452
f 3176/2101/3454 3360/2104/3679 3358/2103/3677 3174/2102/3451
f 3175/2105/3452 3359/2108/3678 3360/2107/3679 3176/2106/3454
f 3346/2109/3665 3361/2112/3680 3362/2111/3681 3347/2110/3666
f 3347/2113/3666 3362/2116/3681 3363/2115/3682 3348/2114/3667
f 3349/2117/3668 3364/2120/3683 3365/2119/3684 3350/2118/3669
f 3351/2121/3670 3366/2124/3685 3364/2123/3683 3349/2122/3668
f 3348/2125/3667 3363/2128/3682 3367/2127/3686 3352/2126/3671
f 3353/2129/3672 3368/2132/3687 3366/2131/3685 3351/2130/3670
f 3352/2133/3671 3367/2136/3686 3369/2135/3688 3354/2134/3673
f 3354/2137/3673 3369/2140/3688 3368/2139/3687 3353/2138/3672
f 3350/2141/3669 3365/2144/3684 3370/2143/3689 3355/2142/3674
f 3356/2145/3675 3371/2148/3690 3361/2147/3680 3346/2146/3665
f 3355/2149/3674 3370/2152/3689 3372/2151/3691 3357/2150/3676
f 3358/2153/3677 3373/2156/3692 3371/2155/3690 3356/2154/3675
f 3357/2157/3676 3372/2160/3691 3374/2159/3693 3359/2158/3678
f 3360/2161/3679 3375/2164/3694 3373/2163/3692 3358/2162/3677
f 3359/2165/3678 3374/2168/3693 3375/2167/3694 3360/2166/3679
f 3408//3516 3212//3499 3394//3695 3409//3696
f 3409//3696 3394//3695 3393//3697 3410//3698
f 3410//3698 3393//3697 3392//3488 3411//3487
f 3191//3460 3200//3469 3378//3699 3377//3461
f 3379//3700 3376//3476 3377//3461 3378//3699
f 3380//3498 3202//3480 3376//3476 3379//3700
f 3202//3480 3380//3498 3381//3501 3204//3482
f 3204//3482 3381//3501 3382//3497 3206//3481
f 3383//3493 3203//3479 3206//3481 3382//3497
f 3203//3479 3383//3493 3384//3490 3201//3473
f 3385//3483 3194//3466 3201//3473 3384//3490
f 3194//3466 3385//3483 3386//3477 3197//3467
f 3197//3467 3386//3477 3387//3475 3189//3458
f 3388//3472 3192//3459 3189//3458 3387//3475
f 3389//3471 3190//3455 3192//3459 3388//3472
f 3190//3455 3389//3471 3193//3503 3187//3456
f 3199//3464 3390//3463 3193//3503 3389//3471
f 3193//3503 3390//3463 3391//3486 3195//3468
f 3195//3468 3391//3486 3392//3488 3200//3469
f 3200//3469 3392//3488 3393//3697 3378//3699
f 3394//3695 3379//3700 3378//3699 3393//3697
f 3212//3499 3380//3498 3379//3700 3394//3695
f 3229//3541 3238//3531 3228//3530 3395//3701
f 3396//3702 3223//3539 3229//3541 3395//3701
f 3397//3703 3221//3535 3223//3539 3396//3702
f 3398//3704 3218//3529 3221//3535 3397//3703
f 3399//3705 3219//3525 3218//3529 3398//3704
f 3210//3507 3220//3506 3219//3525 3399//3705
f 3401//3491 3211//3510 3209//3504 3400//3492
f 3402//3495 3216//3512 3211//3510 3401//3491
f 3217//3518 3216//3512 3402//3495 3403//3502
f 3404//3508 3224//3519 3217//3518 3403//3502
f 3405//3513 3231//3521 3224//3519 3404//3508
f 3227//3527 3231//3521 3405//3513 3406//3514
f 3407//3515 3230//3533 3227//3527 3406//3514
f 3408//3516 3228//3530 3230//3533 3407//3515
f 3395//3701 3228//3530 3408//3516 3409//3696
f 3396//3702 3395//3701 3409//3696 3410//3698
f 3397//3703 3396//3702 3410//3698 3411//3487
f 3398//3704 3397//3703 3411//3487 3412//3485
f 3399//3705 3398//3704 3412//3485 3413//3462
f 3210//3507 3399//3705 3413//3462 3414//3465
f 3400//3492 3209//3504 3210//3507 3414//3465
f 3284//3600 3268//3564 3277//3593
f 3309//3629 3310//3634 3285//3601
f 3286//3586 3291//3608 3436//3611 3435//3587
f 3445//3583 3263//3582 3415//3706 3446//3707
f 3275//3708 3447//3709 3446//3707 3415//3706
f 3440//3591 3270//3589 3267//3581
f 3271//3584 3261//3563 3259//3569
f 3338//3656 3416//3664 3337//3652
f 3324//3645 3337//3652 3326//3647
f 3416//3664 3344//3662 3345//3663 3342//3659
f 3338//3656 3344//3662 3416//3664
f 3418//3548 3255//3559 3251//3710 3417//3549
f 3252//3556 3255//3559 3418//3548 3419//3550
f 3253//3560 3252//3556 3419//3550 3420//3551
f 3256//3567 3253//3560 3420//3551 3421//3553
f 3422//3555 3263//3582 3256//3567 3421//3553
f 3423//3572 3415//3706 3263//3582 3422//3555
f 3275//3708 3415//3706 3423//3572 3424//3580
f 3274//3711 3275//3708 3424//3580 3425//3588
f 3426//3585 3278//3712 3274//3711 3425//3588
f 3272//3713 3278//3712 3426//3585 3427//3575
f 3264//3714 3272//3713 3427//3575 3428//3562
f 3257//3715 3264//3714 3428//3562 3429//3554
f 3430//3552 3254//3716 3257//3715 3429//3554
f 3417//3549 3251//3710 3254//3716 3430//3552
f 3455//3717 3255//3559 3441//3558
f 3454//3718 3251//3710 3255//3559 3455//3717
f 3251//3710 3454//3718 3453//3719 3254//3716
f 3452//3720 3257//3715 3254//3716 3453//3719
f 3451//3721 3264//3714 3257//3715 3452//3720
f 3450//3722 3272//3713 3264//3714 3451//3721
f 3449//3723 3278//3712 3272//3713 3450//3722
f 3448//3724 3274//3711 3278//3712 3449//3723
f 3447//3709 3275//3708 3274//3711 3448//3724
f 3276//3592 3283//3599 3270//3589
f 3442//3557 3260//3574 3259//3569 3441//3558
f 3443//3561 3262//3576 3260//3574 3442//3557
f 3444//3568 3267//3581 3262//3576 3443//3561
f 3445//3583 3440//3591 3267//3581 3444//3568
f 3276//3592 3440//3591 3445//3583 3446//3707
f 3447//3709 3439//3604 3276//3592 3446//3707
f 3439//3604 3447//3709 3448//3724 3438//3615
f 3438//3615 3448//3724 3449//3723 3437//3610
f 3437//3610 3449//3723 3450//3722 3436//3611
f 3436//3611 3450//3722 3451//3721 3435//3587
f 3435//3587 3451//3721 3452//3720 3434//3579
f 3434//3579 3452//3720 3453//3719 3433//3571
f 3454//3718 3432//3565 3433//3571 3453//3719
f 3432//3565 3454//3718 3455//3717 3431//3566
f 3259//3569 3431//3566 3455//3717 3441//3558
s 21
f 3457//3725 3632//3726 3631//3727 3456//3728
f 3459//3729 3633//3730 3632//3726 3457//3725
f 3456//3728 3631//3727 3630//3731 3458//3732
f 3461//3733 3634//3734 3633//3730 3459//3729
f 3458//3732 3630//3731 3629//3735 3460//3736
f 3460//3736 3629//3735 3628//3737 3462//3738
f 3467//3739 3635//3740 3464//3741 3465//3742
f 3462//3738 3628//3737 3627//3743 3463//3744
f 3626//3745 3466//3746 3463//3744 3627//3743
f 3469//3747 3467//3739 3465//3742 3468//3748
f 3475//3749 3469//3747 3468//3748 3473//3750
f 3625//3751 3470//3752 3466//3746 3626//3745
f 3475//3749 3473//3750 3477//3753 3636//3754
f 3624//3755 3478//3756 3470//3752 3625//3751
f 3636//3754 3477//3753 3479//3757 3637//3758
f 3481//3759 3622//3760 3637//3758 3479//3757
f 3623//3761 3480//3762 3478//3756 3624//3755
f 3493//3763 3488//3764 5800//3765 5782//3766
f 3484//3767 3476//3768 3485//3769 3491//3770
f 3622//3760 3481//3759 3480//3762 3623//3761
f 3488//3764 3489//3771 5799//3772 5800//3765
f 3489//3771 5798//3773 5799//3772
f 3487//3774 3500//3775 3496//3776 3483//3777
f 5797//3778 5798//3773 3489//3771 3492//3779
f 3491//3770 3485//3769 3483//3777 3496//3776
f 3492//3779 3507//3780 5796//3781 5797//3778
f 5782//3766 5783//3782 3503//3783 3493//3763
f 3495//3784 3513//3785 3506//3786 3490//3787
f 3487//3774 3490//3787 3506//3786 3500//3775
f 3502//3788 3503//3783 5783//3782 5784//3789
f 3498//3790 3527//3791 3513//3785 3495//3784
f 3505//3792 3515//3793 5794//3794 5795//3795
f 3509//3796 3502//3788 5784//3789 5785//3797
f 3493//3763 3511//3798 3510//3799 3488//3764
f 3510//3799 3512//3800 3489//3771 3488//3764
f 3503//3783 3514//3801 3511//3798 3493//3763
f 3512//3800 3516//3802 3492//3779 3489//3771
f 3499//3803 3530//3804 3527//3791 3498//3790
f 3515//3793 3523//3805 5793//3806 5794//3794
f 3502//3788 3518//3807 3514//3801 3503//3783
f 3517//3808 3509//3796 5785//3797 5786//3809
f 3541//3810 3520//3811 5818//3812 5801//3813
f 3501//3814 3583//3815 3525//3816 3508//3817
f 5801//3813 5802//3818 3536//3819 3541//3810
f 3519//3820 3507//3780 3492//3779 3516//3802
f 5786//3809 5787//3821 3526//3822 3517//3808
f 3509//3796 3521//3823 3518//3807 3502//3788
f 5817//3824 5818//3812 3520//3811 3522//3825
f 5816//3826 5817//3824 3522//3825 3574//3827
f 5815//3828 5816//3826 3574//3827 3573//3829
f 3523//3805 3534//3830 5792//3831 5793//3806
f 5803//3832 5804//3833 3538//3834 3544//3835
f 3524//3836 3505//3792 3507//3780 3519//3820
f 3517//3808 3529//3837 3521//3823 3509//3796
f 5787//3821 5788//3838 3535//3839 3526//3822
f 3499//3803 3571//3840 3528//3841 3530//3804
f 3528//3841 3571//3840 3508//3817 3525//3816
f 5814//3842 5815//3828 3573//3829 3551//3843
f 3531//3844 3515//3793 3505//3792 3524//3836
f 3517//3808 3526//3822 3532//3845 3529//3837
f 3533//3846 3535//3839 5788//3838 5789//3847
f 3534//3830 3539//3848 5791//3849 5792//3831
f 3537//3850 3533//3846 5789//3847 5790//3851
f 5813//3852 5814//3842 3551//3843 3556//3853
f 3539//3848 3537//3850 5790//3851 5791//3849
f 3535//3839 3543//3854 3532//3845 3526//3822
f 3538//3834 5804//3833 5805//3855 3540//3856
f 3542//3857 3523//3805 3515//3793 3531//3844
f 3540//3856 5805//3855 5806//3858 3549//3859
f 5802//3818 5803//3832 3544//3835 3536//3819
f 3545//3860 3534//3830 3523//3805 3542//3857
f 3537//3850 3547//3861 3546//3862 3533//3846
f 3548//3863 3539//3848 3534//3830 3545//3860
f 3549//3859 5806//3858 5807//3864 3554//3865
f 3520//3811 3659//3866 3658//3867 3522//3825
f 3548//3863 3547//3861 3537//3850 3539//3848
f 3541//3810 3660//3868 3659//3866 3520//3811
f 3660//3868 3541//3810 3536//3819 3661//3869
f 3554//3865 5807//3864 5808//3870 3558//3871
f 3559//3872 5811//3873 5812//3874 3555//3875
f 3555//3875 5812//3874 5813//3852 3556//3853
f 3558//3871 5808//3870 5809//3876
f 3560//3877 5810//3878 5811//3873 3559//3872
f 3558//3871 5809//3876 5810//3878 3560//3877
f 3662//3879 3544//3835 3538//3834 3663//3880
f 3663//3880 3538//3834 3540//3856 3664//3881
f 3664//3881 3540//3856 3549//3859 3665//3882
f 3671//3883 3556//3853 3551//3843 3672//3884
f 3665//3882 3549//3859 3554//3865 3666//3885
f 3556//3853 3671//3883 3670//3886 3555//3875
f 3666//3885 3554//3865 3558//3871 3667//3887
f 3555//3875 3670//3886 3669//3888 3559//3872
f 3560//3877 3668//3889 3667//3887 3558//3871
f 3559//3872 3669//3888 3668//3889 3560//3877
f 3507//3780 3505//3792 5795//3795 5796//3781
f 3533//3846 3546//3862 3543//3854 3535//3839
f 3661//3869 3536//3819 3544//3835 3662//3879
f 3672//3884 3551//3843 3573//3829 3673//3890
f 3574//3827 3674//3891 3673//3890 3573//3829
f 3674//3891 3574//3827 3522//3825 3658//3867
f 3464//3741 3635//3740 3634//3734 3461//3733
f 3471//3892 3476//3768 3484//3767 3575//3893
f 3472//3894 3471//3892 3575//3893 3576//3895
f 3577//3896 3474//3897 3472//3894 3576//3895
f 3578//3898 3482//3899 3474//3897 3577//3896
f 3579//3900 3486//3901 3482//3899 3578//3898
f 3504//3902 3486//3901 3579//3900 3580//3903
f 3494//3904 3504//3902 3580//3903 3581//3905
f 3497//3906 3494//3904 3581//3905 3582//3907
f 3501//3814 3497//3906 3582//3907 3583//3815
f 3456/2169/3728 5781/3281/3908 5763/3246/3909 3457/2172/3725
f 3458/2173/3732 5780/3279/3910 5781/3282/3908 3456/2176/3728
f 3457/2177/3725 5763/3245/3909 5764/3248/3911 3459/2180/3729
f 3460/2181/3736 5779/3277/3912 5780/3280/3910 3458/2184/3732
f 3459/2185/3729 5764/3247/3911 5765/3250/3913 3461/2188/3733
f 3462/2189/3738 5778/3275/3914 5779/3278/3912 3460/2192/3736
f 3463/2193/3744 5777/3273/3915 5778/3276/3914 3462/2196/3738
f 3461/2197/3733 5765/3249/3913 5766/3252/3916 3464/2200/3741
f 3464/2201/3741 5766/3251/3916 5767/3254/3917 3465/2204/3742
f 3466/2205/3746 5776/3271/3918 5777/3274/3915 3463/2208/3744
f 3465/2209/3742 5767/3253/3917 5768/3256/3919 3468/2212/3748
f 3470/2213/3752 5775/3269/3920 5776/3272/3918 3466/2216/3746
f 3468/2217/3748 5768/3255/3919 5769/3258/3921 3473/2220/3750
f 3473/2221/3750 5769/3257/3921 5770/3260/3922 3477/2224/3753
f 3478/2225/3756 5774/3267/3923 5775/3270/3920 3470/2228/3752
f 3477/2229/3753 5770/3259/3922 5771/3262/3924 3479/2232/3757
f 3480/2233/3762 5773/3265/3925 5774/3268/3923 3478/2236/3756
f 3481/2237/3759 5772/3263/3926 5773/3266/3925 3480/2240/3762
f 3479/2241/3757 5771/3261/3924 5772/3264/3926 3481/2244/3759
f 3584/2245/3927 3603/2246/3928 3604/2247/3929 3585/2248/3930
f 3586/2249/3931 3605/2250/3932 3603/2251/3928 3584/2252/3927
f 3585/2253/3930 3604/2254/3929 3606/2255/3933 3587/2256/3934
f 3588/2257/3935 3607/2258/3936 3605/2259/3932 3586/2260/3931
f 3587/2261/3934 3606/2262/3933 3608/2263/3937 3589/2264/3938
f 3590/2265/3939 3609/2266/3940 3607/2267/3936 3588/2268/3935
f 3591/2269/3941 3610/2270/3942 3609/2271/3940 3590/2272/3939
f 3589/2273/3938 3608/2274/3937 3611/2275/3943 3592/2276/3944
f 3592/2277/3944 3611/2278/3943 3612/2279/3945 3593/2280/3946
f 3594/2281/3947 3613/2282/3948 3610/2283/3942 3591/2284/3941
f 3593/2285/3946 3612/2286/3945 3614/2287/3949 3595/2288/3950
f 3596/2289/3951 3615/2290/3952 3613/2291/3948 3594/2292/3947
f 3595/2293/3950 3614/2294/3949 3616/2295/3953 3597/2296/3954
f 3597/2297/3954 3616/2298/3953 3617/2299/3955 3598/2300/3956
f 3599/2301/3957 3618/2302/3958 3615/2303/3952 3596/2304/3951
f 3598/2305/3956 3617/2306/3955 3619/2307/3959 3600/2308/3960
f 3601/2309/3961 3620/2310/3962 3618/2311/3958 3599/2312/3957
f 3602/2313/3963 3621/2314/3964 3620/2315/3962 3601/2316/3961
f 3600/2317/3960 3619/2318/3959 3621/2319/3964 3602/2320/3963
f 3604/2322/3929 3603/2321/3928 3638/2359/3965 3639/2360/3966
f 3603/2324/3928 3605/2323/3932 3640/2361/3967 3638/2362/3965
f 3606/2326/3933 3604/2325/3929 3639/2363/3966 3641/2364/3968
f 3605/2328/3932 3607/2327/3936 3642/2365/3969 3640/2366/3967
f 3608/2330/3937 3606/2329/3933 3641/2367/3968 3643/2368/3970
f 3607/2332/3936 3609/2331/3940 3644/2369/3971 3642/2370/3969
f 3609/2334/3940 3610/2333/3942 3645/2371/3972 3644/2372/3971
f 3611/2336/3943 3608/2335/3937 3643/2373/3970 3646/2374/3973
f 3612/2338/3945 3611/2337/3943 3646/2375/3973 3647/2376/3974
f 3610/2340/3942 3613/2339/3948 3648/2377/3975 3645/2378/3972
f 3614/2342/3949 3612/2341/3945 3647/2379/3974 3649/2380/3976
f 3613/2344/3948 3615/2343/3952 3650/2381/3977 3648/2382/3975
f 3616/2346/3953 3614/2345/3949 3649/2383/3976 3651/2384/3978
f 3617/2348/3955 3616/2347/3953 3651/2385/3978 3652/2386/3979
f 3615/2350/3952 3618/2349/3958 3653/2387/3980 3650/2388/3977
f 3619/2352/3959 3617/2351/3955 3652/2389/3979 3654/2390/3981
f 3618/2354/3958 3620/2353/3962 3655/2391/3982 3653/2392/3980
f 3620/2356/3962 3621/2355/3964 3656/2393/3983 3655/2394/3982
f 3621/2358/3964 3619/2357/3959 3654/2395/3981 3656/2396/3983
f 3497//3906 3625//3751 3626//3745 3494//3904
f 3501//3814 3624//3755 3625//3751 3497//3906
f 3508//3817 3623//3761 3624//3755 3501//3814
f 3571//3840 3622//3760 3623//3761 3508//3817
f 3499//3803 3637//3758 3622//3760 3571//3840
f 3498//3790 3636//3754 3637//3758 3499//3803
f 3495//3784 3475//3749 3636//3754 3498//3790
f 3490//3787 3469//3747 3475//3749 3495//3784
f 3487//3774 3467//3739 3469//3747 3490//3787
f 3483//3777 3635//3740 3467//3739 3487//3774
f 3485//3769 3634//3734 3635//3740 3483//3777
f 3476//3768 3633//3730 3634//3734 3485//3769
f 3471//3892 3632//3726 3633//3730 3476//3768
f 3472//3894 3631//3727 3632//3726 3471//3892
f 3474//3897 3630//3731 3631//3727 3472//3894
f 3482//3899 3629//3735 3630//3731 3474//3897
f 3486//3901 3628//3737 3629//3735 3482//3899
f 3504//3902 3627//3743 3628//3737 3486//3901
f 3494//3904 3626//3745 3627//3743 3504//3902
f 3659//3866 3552//3984 3550//3985 3658//3867
f 3660//3868 3572//3986 3552//3984 3659//3866
f 3553//3987 3572//3986 3660//3868 3661//3869
f 3557//3988 3553//3987 3661//3869 3662//3879
f 3561//3989 3557//3988 3662//3879 3663//3880
f 3562//3990 3561//3989 3663//3880 3664//3881
f 3564//3991 3562//3990 3664//3881 3665//3882
f 3564//3991 3665//3882 3666//3885
f 3567//3992 3564//3991 3666//3885 3667//3887
f 3668//3889 3570//3993 3567//3992 3667//3887
f 3669//3888 3568//3994 3570//3993 3668//3889
f 3670//3886 3566//3995 3568//3994 3669//3888
f 3671//3883 3569//3996 3566//3995 3670//3886
f 3565//3997 3569//3996 3671//3883 3672//3884
f 3563//3998 3565//3997 3672//3884 3673//3890
f 3674//3891 3657//3999 3563//3998 3673//3890
f 3550//3985 3657//3999 3674//3891 3658//3867
s 32
f 3690/2397/4000 3689/2398/4001 3714/2441/4002 3715/2442/4003
f 3691/2399/4004 3690/2400/4000 3715/2443/4003 3716/2444/4005
f 3692/2401/4006 3693/2402/4007 3712/2439/4008 3713/2440/4009
f 3693/2403/4007 3694/2404/4010 3711/2437/4011 3712/2438/4008
f 3694/2405/4010 3695/2406/4012 3710/2435/4013 3711/2436/4011
f 3695/2407/4012 3696/2408/4014 3709/2433/4015 3710/2434/4013
f 3698/2409/4016 3699/2410/4017 3705/2425/4018 3706/2426/4019
f 3700/2411/4020 3698/2412/4016 3706/2427/4019 3707/2428/4021
f 3701/2413/4022 3700/2414/4020 3707/2429/4021 3708/2430/4023
f 3696/2415/4014 3701/2416/4022 3708/2431/4023 3709/2432/4015
f 3699/2417/4017 3697/2418/4024 3704/2423/4025 3705/2424/4018
f 3697/2419/4024 3702/2420/4026 3703/2421/4027 3704/2422/4025
f 3689/2398/4001 3692/2401/4006 3713/2440/4009 3714/2441/4002
f 3688/2445/4028 3683/2446/4029 3704/2422/4025 3703/2421/4027
f 3683/2447/4029 3684/2448/4030 3705/2424/4018 3704/2423/4025
f 3706/2426/4019 3705/2425/4018 3684/2449/4030 3685/2450/4031
f 3707/2428/4021 3706/2427/4019 3685/2451/4031 3686/2452/4032
f 3686/2453/4032 3687/2454/4033 3708/2430/4023 3707/2429/4021
f 3709/2432/4015 3708/2431/4023 3687/2455/4033 3682/2456/4034
f 3710/2434/4013 3709/2433/4015 3682/2457/4034 3681/2458/4035
f 3711/2436/4011 3710/2435/4013 3681/2459/4035 3680/2460/4036
f 3712/2438/4008 3711/2437/4011 3680/2461/4036 3679/2462/4037
f 3679/2463/4037 3678/2464/4038 3713/2440/4009 3712/2439/4008
f 3675/2465/4039 3714/2441/4002 3713/2440/4009 3678/2464/4038
f 3715/2442/4003 3714/2441/4002 3675/2465/4039 3676/2466/4040
f 3716/2444/4005 3715/2443/4003 3676/2467/4040 3677/2468/4041
s 35
f 3676/2469/4042 3675/2470/4043 3718/2471/4044 3717/2472/4045
f 3677/2473/4046 3676/2474/4042 3717/2475/4045 3719/2476/4047
f 3678/2477/4048 3679/2478/4049 3720/2479/4050 3721/2480/4051
f 3679/2481/4049 3680/2482/4052 3722/2483/4053 3720/2484/4050
f 3680/2485/4052 3681/2486/4054 3723/2487/4055 3722/2488/4053
f 3681/2489/4054 3682/2490/4056 3724/2491/4057 3723/2492/4055
f 3685/2493/4058 3684/2494/4059 3725/2495/4060 3726/2496/4061
f 3686/2497/4062 3685/2498/4058 3726/2499/4061 3727/2500/4063
f 3687/2501/4064 3686/2502/4062 3727/2503/4063 3728/2504/4065
f 3682/2505/4056 3687/2506/4064 3728/2507/4065 3724/2508/4057
f 3684/2509/4059 3683/2510/4066 3729/2511/4067 3725/2512/4060
f 3683/2513/4066 3688/2514/4068 3730/2515/4069 3729/2516/4067
f 3675/2517/4043 3678/2518/4048 3721/2519/4051 3718/2520/4044
s 32
f 3750/2544/4070 3755/2546/4071 3703/2545/4027 3702/2543/4026
f 3752/2542/4072 3756/2548/4073 3755/2547/4071 3750/2541/4070
f 3751/2533/4074 3757/2549/4075 3756/2550/4073 3752/2534/4072
f 3753/2535/4076 3758/2551/4077 3757/2552/4075 3751/2536/4074
f 3754/2538/4078 3759/2554/4079 3758/2553/4077 3753/2537/4076
f 3749/2539/4080 3760/2555/4081 3759/2556/4079 3754/2540/4078
f 3748/2531/4082 3761/2557/4083 3760/2558/4081 3749/2532/4080
f 3747/2529/4084 3762/2559/4085 3761/2560/4083 3748/2530/4082
f 3746/2527/4086 3763/2561/4087 3762/2562/4085 3747/2528/4084
f 3745/2526/4088 3764/2564/4089 3763/2563/4087 3746/2525/4086
f 3743/2522/4090 3765/2565/4091 3764/2564/4089 3745/2526/4088
f 3744/2521/4092 3766/2566/4093 3765/2565/4091 3743/2522/4090
f 3691/2523/4004 3716/2567/4005 3766/2568/4093 3744/2524/4092
f 3688/2569/4028 3703/2545/4027 3755/2546/4071 3738/2570/4094
f 3738/2571/4094 3755/2547/4071 3756/2548/4073 3739/2572/4095
f 3757/2549/4075 3740/2573/4096 3739/2574/4095 3756/2550/4073
f 3758/2551/4077 3741/2575/4097 3740/2576/4096 3757/2552/4075
f 3741/2577/4097 3758/2553/4077 3759/2554/4079 3742/2578/4098
f 3760/2555/4081 3737/2579/4099 3742/2580/4098 3759/2556/4079
f 3761/2557/4083 3736/2581/4100 3737/2582/4099 3760/2558/4081
f 3762/2559/4085 3735/2583/4101 3736/2584/4100 3761/2560/4083
f 3763/2561/4087 3734/2585/4102 3735/2586/4101 3762/2562/4085
f 3734/2587/4102 3763/2563/4087 3764/2564/4089 3733/2588/4103
f 3731/2589/4104 3733/2588/4103 3764/2564/4089 3765/2565/4091
f 3766/2566/4093 3732/2590/4105 3731/2589/4104 3765/2565/4091
f 3716/2567/4005 3677/2591/4041 3732/2592/4105 3766/2568/4093
s 35
f 3732/2593/4106 3767/2594/4107 3768/2595/4108 3731/2596/4109
f 3677/2597/4046 3719/2598/4047 3767/2599/4107 3732/2600/4106
f 3733/2601/4110 3770/2602/4111 3769/2603/4112 3734/2604/4113
f 3734/2605/4113 3769/2606/4112 3771/2607/4114 3735/2608/4115
f 3735/2609/4115 3771/2610/4114 3772/2611/4116 3736/2612/4117
f 3736/2613/4117 3772/2614/4116 3773/2615/4118 3737/2616/4119
f 3740/2617/4120 3775/2618/4121 3774/2619/4122 3739/2620/4123
f 3741/2621/4124 3776/2622/4125 3775/2623/4121 3740/2624/4120
f 3742/2625/4126 3777/2626/4127 3776/2627/4125 3741/2628/4124
f 3737/2629/4119 3773/2630/4118 3777/2631/4127 3742/2632/4126
f 3739/2633/4123 3774/2634/4122 3778/2635/4128 3738/2636/4129
f 3738/2637/4129 3778/2638/4128 3730/2639/4069 3688/2640/4068
f 3731/2641/4109 3768/2642/4108 3770/2643/4111 3733/2644/4110
s 39
f 3780//4130 3779//4131 3954//4132 3955//4133
f 3782//4134 3780//4130 3955//4133 3956//4135
f 3779//4131 3781//4136 3953//4137 3954//4132
f 3784//4138 3782//4134 3956//4135 3957//4139
f 3781//4136 3783//4140 3952//4141 3953//4137
f 3783//4140 3785//4142 3951//4143 3952//4141
f 3790//4144 3788//4145 3787//4146 3958//4147
f 3785//4142 3786//4148 3950//4149 3951//4143
f 3949//4150 3950//4149 3786//4148 3789//4151
f 3792//4152 3791//4153 3788//4145 3790//4144
f 3798//4154 3796//4155 3791//4153 3792//4152
f 3948//4156 3949//4150 3789//4151 3793//4157
f 3810//4158 3813//4159 3792//4152 3790//4144
f 3798//4154 3959//4160 3800//4161 3796//4155
f 3947//4162 3948//4156 3793//4157 3801//4163
f 3959//4160 3960//4164 3802//4165 3800//4161
f 3813//4159 3818//4166 3798//4154 3792//4152
f 3804//4167 3802//4165 3960//4164 3945//4168
f 3946//4169 3947//4162 3801//4163 3803//4170
f 3816//4171 4016//4172 3998//4173 3811//4174
f 3807//4175 3814//4176 3808//4177 3799//4178
f 3945//4168 3946//4169 3803//4170 3804//4167
f 3811//4174 3998//4173 3999//4179 3812//4180
f 3812//4180 3999//4179 4000//4181
f 3810//4158 3806//4182 3819//4183 3823//4184
f 4000//4181 4001//4185 3815//4186 3812//4180
f 3814//4176 3819//4183 3806//4182 3808//4177
f 3815//4186 4001//4185 4002//4187 3830//4188
f 4015//4189 4016//4172 3816//4171 3826//4190
f 3818//4166 3813//4159 3829//4191 3836//4192
f 3810//4158 3823//4184 3829//4191 3813//4159
f 3825//4193 4014//4194 4015//4189 3826//4190
f 3821//4195 3818//4166 3836//4192 3850//4196
f 3828//4197 4003//4198 4004//4199 3838//4200
f 3832//4201 4013//4202 4014//4194 3825//4193
f 3816//4171 3811//4174 3833//4203 3834//4204
f 3833//4203 3811//4174 3812//4180 3835//4205
f 3826//4190 3816//4171 3834//4204 3837//4206
f 3835//4205 3812//4180 3815//4186 3839//4207
f 3822//4208 3821//4195 3850//4196 3853//4209
f 3838//4200 4004//4199 4005//4210 3846//4211
f 3825//4193 3826//4190 3837//4206 3841//4212
f 3840//4213 4012//4214 4013//4202 3832//4201
f 3864//4215 4017//4216 4018//4217 3843//4218
f 3824//4219 3831//4220 3848//4221 3906//4222
f 4034//4223 4017//4216 3864//4215 3859//4224
f 3842//4225 3839//4207 3815//4186 3830//4188
f 4011//4226 4012//4214 3840//4213 3849//4227
f 3832//4201 3825//4193 3841//4212 3844//4228
f 4018//4217 4019//4229 3845//4230 3843//4218
f 4019//4229 4020//4231 3897//4232 3845//4230
f 4020//4231 4021//4233 3896//4234 3897//4232
f 3846//4211 4005//4210 4006//4235 3857//4236
f 4032//4237 4033//4238 3867//4239 3861//4240
f 3847//4241 3842//4225 3830//4188 3828//4197
f 3840//4213 3832//4201 3844//4228 3852//4242
f 4010//4243 4011//4226 3849//4227 3858//4244
f 3822//4208 3853//4209 3851//4245 3894//4246
f 3851//4245 3848//4221 3831//4220 3894//4246
f 4021//4233 4022//4247 3874//4248 3896//4234
f 3854//4249 3847//4241 3828//4197 3838//4200
f 3840//4213 3852//4242 3855//4250 3849//4227
f 3856//4251 4009//4252 4010//4243 3858//4244
f 3857//4236 4006//4235 4007//4253 3862//4254
f 3860//4255 4008//4256 4009//4252 3856//4251
f 4022//4247 4023//4257 3879//4258 3874//4248
f 3862//4254 4007//4253 4008//4256 3860//4255
f 3858//4244 3849//4227 3855//4250 3866//4259
f 3861//4240 3863//4260 4031//4261 4032//4237
f 3865//4262 3854//4249 3838//4200 3846//4211
f 3863//4260 3872//4263 4030//4264 4031//4261
f 4033//4238 4034//4223 3859//4224 3867//4239
f 3868//4265 3865//4262 3846//4211 3857//4236
f 3860//4255 3856//4251 3869//4266 3870//4267
f 3871//4268 3868//4265 3857//4236 3862//4254
f 3872//4263 3877//4269 4029//4270 4030//4264
f 3843//4218 3845//4230 3981//4271 3982//4272
f 3871//4268 3862//4254 3860//4255 3870//4267
f 3864//4215 3843//4218 3982//4272 3983//4273
f 3983//4273 3984//4274 3859//4224 3864//4215
f 3877//4269 3881//4275 4028//4276 4029//4270
f 3882//4277 3878//4278 4024//4279 4025//4280
f 3878//4278 3879//4258 4023//4257 4024//4279
f 3881//4275 4027//4281 4028//4276
f 3883//4282 3882//4277 4025//4280 4026//4283
f 3881//4275 3883//4282 4026//4283 4027//4281
f 3985//4284 3986//4285 3861//4240 3867//4239
f 3986//4285 3987//4286 3863//4260 3861//4240
f 3987//4286 3988//4287 3872//4263 3863//4260
f 3994//4288 3995//4289 3874//4248 3879//4258
f 3988//4287 3989//4290 3877//4269 3872//4263
f 3879//4258 3878//4278 3993//4291 3994//4288
f 3989//4290 3990//4292 3881//4275 3877//4269
f 3878//4278 3882//4277 3992//4293 3993//4291
f 3883//4282 3881//4275 3990//4292 3991//4294
f 3882//4277 3883//4282 3991//4294 3992//4293
f 3830//4188 4002//4187 4003//4198 3828//4197
f 3856//4251 3858//4244 3866//4259 3869//4266
f 3984//4274 3985//4284 3867//4239 3859//4224
f 3995//4289 3996//4295 3896//4234 3874//4248
f 3897//4232 3896//4234 3996//4295 3997//4296
f 3997//4296 3981//4271 3845//4230 3897//4232
f 3787//4146 3784//4138 3957//4139 3958//4147
f 3794//4297 3898//4298 3807//4175 3799//4178
f 3795//4299 3899//4300 3898//4298 3794//4297
f 3900//4301 3899//4300 3795//4299 3797//4302
f 3901//4303 3900//4301 3797//4302 3805//4304
f 3902//4305 3901//4303 3805//4304 3809//4306
f 3827//4307 3903//4308 3902//4305 3809//4306
f 3817//4309 3904//4310 3903//4308 3827//4307
f 3820//4311 3905//4312 3904//4310 3817//4309
f 3824//4219 3906//4222 3905//4312 3820//4311
f 3779/2645/4131 3780/2646/4130 5762/3243/4313 5744/3208/4314
f 3781/2649/4136 3779/2650/4131 5744/3207/4314 5745/3210/4315
f 3780/2653/4130 3782/2654/4134 5761/3241/4316 5762/3244/4313
f 3783/2657/4140 3781/2658/4136 5745/3209/4315 5746/3212/4317
f 3782/2661/4134 3784/2662/4138 5760/3239/4318 5761/3242/4316
f 3785/2665/4142 3783/2666/4140 5746/3211/4317 5747/3214/4319
f 3786/2669/4148 3785/2670/4142 5747/3213/4319 5748/3216/4320
f 3784/2673/4138 3787/2674/4146 5759/3237/4321 5760/3240/4318
f 3787/2677/4146 3788/2678/4145 5758/3235/4322 5759/3238/4321
f 3789/2681/4151 3786/2682/4148 5748/3215/4320 5749/3218/4323
f 3788/2685/4145 3791/2686/4153 5757/3233/4324 5758/3236/4322
f 3793/2689/4157 3789/2690/4151 5749/3217/4323 5750/3220/4325
f 3791/2693/4153 3796/2694/4155 5756/3231/4326 5757/3234/4324
f 3796/2697/4155 3800/2698/4161 5755/3229/4327 5756/3232/4326
f 3801/2701/4163 3793/2702/4157 5750/3219/4325 5751/3222/4328
f 3800/2705/4161 3802/2706/4165 5754/3227/4329 5755/3230/4327
f 3803/2709/4170 3801/2710/4163 5751/3221/4328 5752/3224/4330
f 3804/2713/4167 3803/2714/4170 5752/3223/4330 5753/3226/4331
f 3802/2717/4165 3804/2718/4167 5753/3225/4331 5754/3228/4329
f 3907/2721/4332 3908/2722/4333 3927/2723/4334 3926/2724/4335
f 3909/2725/4336 3907/2726/4332 3926/2727/4335 3928/2728/4337
f 3908/2729/4333 3910/2730/4338 3929/2731/4339 3927/2732/4334
f 3911/2733/4340 3909/2734/4336 3928/2735/4337 3930/2736/4341
f 3910/2737/4338 3912/2738/4342 3931/2739/4343 3929/2740/4339
f 3913/2741/4344 3911/2742/4340 3930/2743/4341 3932/2744/4345
f 3914/2745/4346 3913/2746/4344 3932/2747/4345 3933/2748/4347
f 3912/2749/4342 3915/2750/4348 3934/2751/4349 3931/2752/4343
f 3915/2753/4348 3916/2754/4350 3935/2755/4351 3934/2756/4349
f 3917/2757/4352 3914/2758/4346 3933/2759/4347 3936/2760/4353
f 3916/2761/4350 3918/2762/4354 3937/2763/4355 3935/2764/4351
f 3919/2765/4356 3917/2766/4352 3936/2767/4353 3938/2768/4357
f 3918/2769/4354 3920/2770/4358 3939/2771/4359 3937/2772/4355
f 3920/2773/4358 3921/2774/4360 3940/2775/4361 3939/2776/4359
f 3922/2777/4362 3919/2778/4356 3938/2779/4357 3941/2780/4363
f 3921/2781/4360 3923/2782/4364 3942/2783/4365 3940/2784/4361
f 3924/2785/4366 3922/2786/4362 3941/2787/4363 3943/2788/4367
f 3925/2789/4368 3924/2790/4366 3943/2791/4367 3944/2792/4369
f 3923/2793/4364 3925/2794/4368 3944/2795/4369 3942/2796/4365
f 3894//4246 3831//4220 3946//4169 3945//4168
f 3831//4220 3824//4219 3947//4162 3946//4169
f 3824//4219 3820//4311 3948//4156 3947//4162
f 3820//4311 3817//4309 3949//4150 3948//4156
f 3949//4150 3817//4309 3827//4307 3950//4149
f 3827//4307 3809//4306 3951//4143 3950//4149
f 3809//4306 3805//4304 3952//4141 3951//4143
f 3805//4304 3797//4302 3953//4137 3952//4141
f 3797//4302 3795//4299 3954//4132 3953//4137
f 3795//4299 3794//4297 3955//4133 3954//4132
f 3794//4297 3799//4178 3956//4135 3955//4133
f 3799//4178 3808//4177 3957//4139 3956//4135
f 3808//4177 3806//4182 3958//4147 3957//4139
f 3806//4182 3810//4158 3790//4144 3958//4147
f 3818//4166 3821//4195 3959//4160 3798//4154
f 3821//4195 3822//4208 3960//4164 3959//4160
f 3822//4208 3894//4246 3945//4168 3960//4164
f 3927/2798/4334 3962/2835/4370 3961/2836/4371 3926/2797/4335
f 3926/2800/4335 3961/2837/4371 3963/2838/4372 3928/2799/4337
f 3929/2802/4339 3964/2839/4373 3962/2840/4370 3927/2801/4334
f 3928/2804/4337 3963/2841/4372 3965/2842/4374 3930/2803/4341
f 3931/2806/4343 3966/2843/4375 3964/2844/4373 3929/2805/4339
f 3930/2808/4341 3965/2845/4374 3967/2846/4376 3932/2807/4345
f 3932/2810/4345 3967/2847/4376 3968/2848/4377 3933/2809/4347
f 3934/2812/4349 3969/2849/4378 3966/2850/4375 3931/2811/4343
f 3935/2814/4351 3970/2851/4379 3969/2852/4378 3934/2813/4349
f 3933/2816/4347 3968/2853/4377 3971/2854/4380 3936/2815/4353
f 3937/2818/4355 3972/2855/4381 3970/2856/4379 3935/2817/4351
f 3936/2820/4353 3971/2857/4380 3973/2858/4382 3938/2819/4357
f 3939/2822/4359 3974/2859/4383 3972/2860/4381 3937/2821/4355
f 3940/2824/4361 3975/2861/4384 3974/2862/4383 3939/2823/4359
f 3938/2826/4357 3973/2863/4382 3976/2864/4385 3941/2825/4363
f 3942/2828/4365 3977/2865/4386 3975/2866/4384 3940/2827/4361
f 3941/2830/4363 3976/2867/4385 3978/2868/4387 3943/2829/4367
f 3943/2832/4367 3978/2869/4387 3979/2870/4388 3944/2831/4369
f 3944/2834/4369 3979/2871/4388 3977/2872/4386 3942/2833/4365
f 3982//4272 3981//4271 3873//4389 3875//4390
f 3983//4273 3982//4272 3875//4390 3895//4391
f 3876//4392 3984//4274 3983//4273 3895//4391
f 3880//4393 3985//4284 3984//4274 3876//4392
f 3884//4394 3986//4285 3985//4284 3880//4393
f 3885//4395 3987//4286 3986//4285 3884//4394
f 3887//4396 3988//4287 3987//4286 3885//4395
f 3887//4396 3989//4290 3988//4287
f 3890//4397 3990//4292 3989//4290 3887//4396
f 3991//4294 3990//4292 3890//4397 3893//4398
f 3992//4293 3991//4294 3893//4398 3891//4399
f 3993//4291 3992//4293 3891//4399 3889//4400
f 3994//4288 3993//4291 3889//4400 3892//4401
f 3888//4402 3995//4289 3994//4288 3892//4401
f 3886//4403 3996//4295 3995//4289 3888//4402
f 3997//4296 3996//4295 3886//4403 3980//4404
f 3873//4389 3981//4271 3997//4296 3980//4404
f 3999//4179 3998//4173 3898//4298 3899//4300
f 4000//4181 3999//4179 3899//4300 3900//4301
f 3900//4301 3901//4303 4001//4185 4000//4181
f 4002//4187 4001//4185 3901//4303 3902//4305
f 4003//4198 4002//4187 3902//4305 3903//4308
f 4004//4199 4003//4198 3903//4308 3904//4310
f 4005//4210 4004//4199 3904//4310 3905//4312
f 4006//4235 4005//4210 3905//4312 3906//4222
f 4007//4253 4006//4235 3906//4222 3848//4221
f 4008//4256 4007//4253 3848//4221 3851//4245
f 4009//4252 4008//4256 3851//4245 3853//4209
f 4010//4243 4009//4252 3853//4209 3850//4196
f 3850//4196 3836//4192 4011//4226 4010//4243
f 3836//4192 3829//4191 4012//4214 4011//4226
f 4013//4202 4012//4214 3829//4191 3823//4184
f 4014//4194 4013//4202 3823//4184 3819//4183
f 4015//4189 4014//4194 3819//4183 3814//4176
f 3814//4176 3807//4175 4016//4172 4015//4189
f 3998//4173 4016//4172 3807//4175 3898//4298
f 4018//4217 4017//4216 3834//4204 3833//4203
f 3833//4203 3835//4205 4019//4229 4018//4217
f 3835//4205 3839//4207 4020//4231 4019//4229
f 3839//4207 3842//4225 4021//4233 4020//4231
f 3842//4225 3847//4241 4022//4247 4021//4233
f 3847//4241 3854//4249 4023//4257 4022//4247
f 4024//4279 4023//4257 3854//4249 3865//4262
f 4025//4280 4024//4279 3865//4262 3868//4265
f 4026//4283 4025//4280 3868//4265 3871//4268
f 4027//4281 4026//4283 3871//4268 3870//4267
f 4028//4276 4027//4281 3870//4267 3869//4266
f 4029//4270 4028//4276 3869//4266 3866//4259
f 4030//4264 4029//4270 3866//4259 3855//4250
f 4031//4261 4030//4264 3855//4250 3852//4242
f 4032//4237 4031//4261 3852//4242 3844//4228
f 3841//4212 4033//4238 4032//4237 3844//4228
f 3837//4206 4034//4223 4033//4238 3841//4212
f 3837//4206 3834//4204 4017//4216 4034//4223
s 45
f 4073//4405 4077//4406 4076//4407 4072//4408
f 4036/2873/4409 4035/2874/4410 4039/2875/4411
f 4042/2876/4412 4035/2874/4410 4036/2873/4409
f 4039/2875/4411 4035/2874/4410 4045/2877/4413
f 4048/2878/4414 4035/2874/4410 4042/2876/4412
f 4045/2877/4413 4035/2874/4410 4051/2879/4415
f 4054/2880/4416 4035/2874/4410 4048/2878/4414
f 4051/2879/4415 4035/2874/4410 4057/2881/4417
f 4060/2882/4418 4035/2874/4410 4054/2880/4416
f 4057/2881/4417 4035/2874/4410 4063/2883/4419
f 4063/2883/4419 4035/2874/4410 4066/2884/4420
f 4069/2885/4421 4035/2874/4410 4060/2882/4418
f 4066/2884/4420 4035/2874/4410 4069/2885/4421
f 4036/2873/4409 4037/2886/4422 4043/2887/4423 4042/2876/4412
f 4037/2888/4422 4038/2889/4424 4044/2890/4425 4043/2891/4423
f 4038/2889/4424 4037/2888/4422 4040/2892/4426 4041/2893/4427
f 4037/2886/4422 4036/2873/4409 4039/2875/4411 4040/2894/4426
f 4042/2876/4412 4043/2887/4423 4049/2895/4428 4048/2878/4414
f 4043/2891/4423 4044/2890/4425 4050/2896/4429 4049/2897/4428
f 4041/2893/4427 4040/2892/4426 4046/2898/4430 4047/2899/4431
f 4040/2894/4426 4039/2875/4411 4045/2877/4413 4046/2900/4430
f 4048/2878/4414 4049/2895/4428 4055/2901/4432 4054/2880/4416
f 4049/2897/4428 4050/2896/4429 4056/2902/4433 4055/2903/4432
f 4047/2899/4431 4046/2898/4430 4052/2904/4434 4053/2905/4435
f 4046/2900/4430 4045/2877/4413 4051/2879/4415 4052/2906/4434
f 4054/2880/4416 4055/2901/4432 4061/2907/4436 4060/2882/4418
f 4055/2903/4432 4056/2902/4433 4062/2908/4437 4061/2909/4436
f 4053/2905/4435 4052/2904/4434 4058/2910/4438 4059/2911/4439
f 4052/2906/4434 4051/2879/4415 4057/2881/4417 4058/2912/4438
f 4060/2882/4418 4061/2907/4436 4070/2913/4440 4069/2885/4421
f 4061/2909/4436 4062/2908/4437 4071/2914/4441 4070/2915/4440
f 4059/2911/4439 4058/2910/4438 4064/2916/4442 4065/2917/4443
f 4058/2912/4438 4057/2881/4417 4063/2883/4419 4064/2918/4442
f 4065/2917/4443 4064/2916/4442 4067/2919/4444 4068/2920/4445
f 4064/2918/4442 4063/2883/4419 4066/2884/4420 4067/2921/4444
f 4068/2920/4445 4067/2919/4444 4070/2922/4440 4071/2923/4441
f 4067/2921/4444 4066/2884/4420 4069/2885/4421 4070/2913/4440
f 4074//4446 4075//4447 4073//4405 4072//4408
f 4085//4448 4086//4449 4075//4447 4074//4446
f 4076//4407 4077//4406 4087//4450 4083//4451
f 4073//4405 4125//4452 4127//4453 4077//4406
f 4089/2924/4454 4092/2925/4455 4088/2926/4456
f 4095/2927/4457 4089/2924/4454 4088/2926/4456
f 4092/2925/4455 4098/2928/4458 4088/2926/4456
f 4101/2929/4459 4095/2927/4457 4088/2926/4456
f 4098/2928/4458 4104/2930/4460 4088/2926/4456
f 4107/2931/4461 4101/2929/4459 4088/2926/4456
f 4104/2930/4460 4110/2932/4462 4088/2926/4456
f 4113/2933/4463 4107/2931/4461 4088/2926/4456
f 4110/2932/4462 4116/2934/4464 4088/2926/4456
f 4116/2934/4464 4119/2935/4465 4088/2926/4456
f 4122/2936/4466 4113/2933/4463 4088/2926/4456
f 4119/2935/4465 4122/2936/4466 4088/2926/4456
f 4089/2924/4454 4095/2927/4457 4096/2937/4467 4090/2938/4468
f 4090/2939/4468 4096/2940/4467 4097/2941/4469 4091/2942/4470
f 4091/2942/4470 4094/2943/4471 4093/2944/4472 4090/2939/4468
f 4090/2938/4468 4093/2945/4472 4092/2925/4455 4089/2924/4454
f 4095/2927/4457 4101/2929/4459 4102/2946/4473 4096/2937/4467
f 4096/2940/4467 4102/2947/4473 4103/2948/4474 4097/2941/4469
f 4094/2943/4471 4100/2949/4475 4099/2950/4476 4093/2944/4472
f 4093/2945/4472 4099/2951/4476 4098/2928/4458 4092/2925/4455
f 4101/2929/4459 4107/2931/4461 4108/2952/4477 4102/2946/4473
f 4102/2947/4473 4108/2953/4477 4109/2954/4478 4103/2948/4474
f 4100/2949/4475 4106/2955/4479 4105/2956/4480 4099/2950/4476
f 4099/2951/4476 4105/2957/4480 4104/2930/4460 4098/2928/4458
f 4107/2931/4461 4113/2933/4463 4114/2958/4481 4108/2952/4477
f 4108/2953/4477 4114/2959/4481 4115/2960/4482 4109/2954/4478
f 4106/2955/4479 4112/2961/4483 4111/2962/4484 4105/2956/4480
f 4105/2957/4480 4111/2963/4484 4110/2932/4462 4104/2930/4460
f 4113/2933/4463 4122/2936/4466 4123/2964/4485 4114/2958/4481
f 4114/2959/4481 4123/2965/4485 4124/2966/4486 4115/2960/4482
f 4112/2961/4483 4118/2967/4487 4117/2968/4488 4111/2962/4484
f 4111/2963/4484 4117/2969/4488 4116/2934/4464 4110/2932/4462
f 4118/2967/4487 4121/2970/4489 4120/2971/4490 4117/2968/4488
f 4117/2969/4488 4120/2972/4490 4119/2935/4465 4116/2934/4464
f 4121/2970/4489 4124/2973/4486 4123/2974/4485 4120/2971/4490
f 4120/2972/4490 4123/2964/4485 4122/2936/4466 4119/2935/4465
f 4126//4491 4125//4452 4073//4405 4075//4447
f 4135//4492 4126//4491 4075//4447 4086//4449
f 4127//4453 4133//4493 4087//4450 4077//4406
f 4136//4494 5649//4495 5650//4496 4137//4497
f 4137//4497 5650//4496 5651//4498 4138//4499
f 4138//4499 5651//4498 5652//4500 5653//4501
f 4137//4497 4138//4499 4141//4502
f 4139//4503 4136//4494 4137//4497 4141//4502
f 4138//4499 4140//4504 4144//4505
f 5655//4506 5654//4507 4142//4508 5656//4509
f 4140//4504 5653//4501 5657//4510 4145//4511
f 4143//4512 5654//4507 4136//4494 4139//4503
f 4138//4499 4144//4505 4141//4502
f 4144//4505 4140//4504 4146//4513 4154//4514
f 4146//4513 4140//4504 4145//4511 4160//4515
f 5658//4516 5656//4509 4142//4508 4189//4517
f 4147//4518 4148//4519 4149//4520
f 4150//4521 4148//4519 4147//4518
f 4147//4518 4149//4520 4151//4522
f 4152//4523 4150//4521 4147//4518 4151//4522
f 5654//4507 4143//4512 4153//4524 4142//4508
f 4155//4525 4149//4520 4148//4519 4159//4526
f 4156//4527 4143//4512 4139//4503 4158//4528
f 4152//4523 4157//4529 4150//4521
f 4151//4522 4149//4520 4161//4530
f 4162//4531 4148//4519 4150//4521
f 4164//4532 4165//4533 4163//4534 4167//4535
f 4166//4536 4163//4534 4165//4533 4186//4537
f 4163//4534 4168//4538 4167//4535
f 5659//4539 5660//4540 4169//4541 4187//4542
f 4154//4514 4146//4513 4170//4543 4192//4544
f 4172//4545 4173//4546 4171//4547 4203//4548
f 4149//4520 4155//4525 4174//4549 4161//4530
f 4168//4538 4163//4534 4166//4536 4161//4530
f 4175//4550 4157//4529 4152//4523
f 4178//4551 4176//4552 4177//4553 4182//4554
f 4175//4550 4179//4555 4154//4514 4192//4544
f 4162//4531 4150//4521 4157//4529
f 4165//4533 4164//4532 4180//4556
f 4152//4523 4151//4522 4181//4557
f 4183//4558 4171//4547 4173//4546
f 4176//4552 4178//4551 4184//4559 4185//4560
f 4177//4553 4176//4552 4185//4560 4209//4561
f 4159//4526 4148//4519 4162//4531 4214//4562
f 4160//4515 4170//4543 4146//4513
f 4167//4535 4168//4538 4188//4563 4215//4564
f 4165//4533 4180//4556 4186//4537
f 5662//4565 4190//4566 5661//4567
f 4173//4546 4172//4545 4191//4568 4226//4569
f 4195//4570 4193//4571 4194//4572 4197//4573
f 4196//4574 4155//4525 4159//4526 4198//4575
f 4175//4550 4192//4544 4157//4529
f 4182//4554 4198//4575 4178//4551
f 4199//4576 4193//4571 4195//4570
f 4200//4577 5660//4540 5661//4567 4233//4578
f 4201//4579 4194//4572 4193//4571 4207//4580
f 4188//4563 4168//4538 4161//4530 4174//4549
f 4202//4581 4156//4527 4158//4528 4204//4582
f 4157//4529 4192//4544 4162//4531
f 4175//4550 4152//4523 4181//4557
f 4189//4517 4142//4508 4153//4524 4255//4583
f 4151//4522 4161//4530 4181//4557
f 4143//4512 4156//4527 4205//4584 4153//4524
f 4193//4571 4199//4576 4206//4585 4207//4580
f 4208//4586 4195//4570 4197//4573 4227//4587
f 4210//4588 4170//4543 4160//4515 4225//4589
f 4199//4576 4195//4570 4208//4586
f 4211//4590 4164//4532 4167//4535 4215//4564
f 4182//4554 4177//4553 4212//4591
f 4162//4531 4192//4544 4170//4543 4210//4588
f 4201//4579 4198//4575 4159//4526
f 4180//4556 4164//4532 4211//4590
f 4213//4592 4174//4549 4155//4525 4196//4574
f 4166//4536 4181//4557 4161//4530
f 4194//4572 4214//4562 4197//4573
f 4217//4593 4218//4594 4216//4595 4235//4596
f 4219//4597 4218//4594 4217//4593
f 4218//4594 4220//4598 4216//4595
f 4220//4598 4218//4594 4219//4597 4228//4599
f 4201//4579 4159//4526 4214//4562
f 4194//4572 4201//4579 4214//4562
f 4175//4550 4181//4557 4204//4582
f 4221//4600 4188//4563 4174//4549 4213//4592
f 4184//4559 4222//4601 4185//4560
f 4166//4536 4186//4537 4223//4602 4181//4557
f 4178//4551 4224//4603 4184//4559
f 5660//4540 4200//4577 4169//4541
f 4212//4591 4198//4575 4182//4554
f 4223//4602 4186//4537 4180//4556 4211//4590
f 4201//4579 4207//4580 4229//4604 4198//4575
f 4229//4604 4207//4580 4206//4585 4289//4605
f 4212//4591 4177//4553 4209//4561 4259//4606
f 5663//4607 5658//4516 4189//4517 4297//4608
f 4188//4563 4221//4600 4230//4609
f 4183//4558 4173//4546 4231//4610
f 4202//4581 4204//4582 4181//4557 4223//4602
f 4224//4603 4178//4551 4198//4575
f 4210//4588 4227//4587 4162//4531
f 4209//4561 4185//4560 4222//4601 4258//4611
f 4225//4589 4160//4515 4232//4612 4271//4613
f 4190//4566 4233//4578 5661//4567
f 4206//4585 4199//4576 4234//4614 4284//4615
f 4219//4597 4217//4593 4235//4596 4254//4616
f 4227//4587 4197//4573 4214//4562
f 4208//4586 4234//4614 4199//4576
f 4220//4598 4228//4599 4236//4617 4245//4618
f 4187//4542 4169//4541 4237//4619 4232//4612
f 4212//4591 4196//4574 4198//4575
f 4227//4587 4214//4562 4162//4531
f 4171//4547 4238//4620 4203//4548
f 4239//4621 4190//4566 5662//4565 5664//4622
f 4241//4623 4242//4624 4240//4625 4244//4626
f 4240//4625 4242//4624 4243//4627
f 4220//4598 4245//4618 4246//4628
f 4249//4629 4247//4630 4248//4631 4250//4632
f 4222//4601 4184//4559 4224//4603 4285//4633
f 4251//4634 4248//4631 4247//4630
f 4156//4527 4202//4581 4252//4635 4205//4584
f 4243//4627 4242//4624 4253//4636
f 4208//4586 4227//4587 4234//4614
f 4254//4616 4213//4592 4196//4574 4212//4591
f 4256//4637 4216//4595 4220//4598 4246//4628
f 4221//4600 4213//4592 4254//4616 4235//4596
f 4240//4625 4243//4627 4257//4638
f 4219//4597 4259//4606 4228//4599
f 4241//4623 4244//4626 4260//4639 4274//4640
f 4226//4569 4231//4610 4173//4546
f 4188//4563 4230//4609 4261//4641 4215//4564
f 4224//4603 4198//4575 4229//4604
f 4191//4568 4172//4545 4262//4642
f 4262//4642 4172//4545 4203//4548 4324//4643
f 4264//4644 4265//4645 4263//4646 4211//4590
f 4266//4647 4244//4626 4240//4625 4257//4638
f 4243//4627 4253//4636 4267//4648 4275//4649
f 4221//4600 4235//4596 4266//4647
f 4263//4646 4265//4645 4268//4650 4282//4651
f 4269//4652 4249//4629 4250//4632
f 4270//4653 4210//4588 4225//4589 4302//4654
f 4255//4583 4153//4524 4205//4584 4318//4655
f 4272//4656 4242//4624 4241//4623 4277//4657
f 4273//4658 4265//4645 4264//4644 4283//4659
f 4227//4587 4210//4588 4270//4653 4234//4614
f 4275//4649 4257//4638 4243//4627
f 4273//4658 4268//4650 4265//4645
f 4276//4660 4247//4630 4249//4629 4280//4661
f 4259//4606 4219//4597 4254//4616
f 4236//4617 4228//4599 4259//4606 4305//4662
f 4256//4637 4235//4596 4216//4595
f 4241//4623 4274//4640 4277//4657
f 4278//4663 4230//4609 4221//4600 4266//4647
f 4259//4606 4209//4561 4258//4611 4305//4662
f 4264//4644 4211//4590 4215//4564 4283//4659
f 5666//4664 4279//4665 5665//4666
f 4280//4661 4249//4629 4269//4652 4309//4667
f 5664//4622 5667//4668 4281//4669
f 4270//4653 4250//4632 4248//4631
f 4260//4639 4244//4626 4256//4637 4299//4670
f 4271//4613 4232//4612 4237//4619 4320//4671
f 4259//4606 4254//4616 4212//4591
f 4252//4635 4202//4581 4223//4602 4293//4672
f 4251//4634 4284//4615 4248//4631
f 4286//4673 4290//4674 4247//4630 4276//4660
f 4245//4618 4236//4617 4287//4675 4306//4676
f 4288//4677 4253//4636 4242//4624 4272//4656
f 4290//4674 4291//4678 4251//4634 4247//4630
f 4266//4647 4256//4637 4244//4626
f 4292//4679 5667//4668 5665//4666 4279//4665
f 4293//4672 4211//4590 4263//4646
f 4269//4652 4250//4632 4270//4653
f 4274//4640 4260//4639 4294//4680 4321//4681
f 4256//4637 4266//4647 4235//4596
f 4257//4638 4275//4649 4295//4682 4278//4663
f 4295//4682 4275//4649 4267//4648 4288//4677
f 4296//4683 4246//4628 4245//4618 4307//4684
f 4298//4685 4171//4547 4183//4558
f 4260//4639 4299//4670 4294//4680
f 4267//4648 4253//4636 4288//4677
f 4226//4569 4191//4568 4262//4642 4304//4686
f 5666//4664 5668//4687 4279//4665
f 4171//4547 4300//4688 4238//4620
f 4169//4541 4200//4577 4301//4689 4237//4619
f 4257//4638 4278//4663 4266//4647
f 4263//4646 4282//4651 4293//4672
f 4302//4654 4225//4589 4271//4613 4342//4690
f 4273//4658 4303//4691 4268//4650
f 4251//4634 4291//4678 4284//4615
f 4293//4672 4223//4602 4211//4590
f 4297//4608 4189//4517 4255//4583 4353//4692
f 4261//4641 4230//4609 4278//4663 4340//4693
f 4258//4611 4222//4601 4304//4686 4262//4642
f 4270//4653 4248//4631 4284//4615
f 4245//4618 4306//4676 4307//4684
f 4283//4659 4215//4564 4308//4694
f 4282//4651 4268//4650 4303//4691 4348//4695
f 4292//4679 4279//4665 5668//4687 5669//4696
f 5664//4622 4281//4669 4310//4697 4239//4621
f 4287//4675 4236//4617 4305//4662 4351//4698
f 4296//4683 4256//4637 4246//4628
f 4285//4633 4304//4686 4222//4601
f 4229//4604 4289//4605 4224//4603
f 4190//4566 4239//4621 4311//4699 4233//4578
f 4284//4615 4289//4605 4206//4585
f 4313//4700 4314//4701 4312//4702 4319//4703
f 4215//4564 4261//4641 4308//4694
f 4314//4701 4315//4704 4316//4705
f 4317//4706 4312//4702 4314//4701 4316//4705
f 4270//4653 4284//4615 4234//4614
f 4318//4655 4205//4584 4252//4635 4360//4707
f 4296//4683 4299//4670 4256//4637
f 4322//4708 4277//4657 4274//4640 4327//4709
f 4285//4633 4224//4603 4289//4605 4359//4710
f 4288//4677 4319//4703 4312//4702
f 4323//4711 4273//4658 4283//4659 4335//4712
f 4324//4643 4203//4548 4238//4620 4373//4713
f 4305//4662 4258//4611 4262//4642 4351//4698
f 4314//4701 4325//4714 4315//4704
f 4314//4701 4313//4700 4325//4714
f 4291//4678 4290//4674 4326//4715 4347//4716
f 4272//4656 4277//4657 4322//4708
f 4274//4640 4321//4681 4327//4709
f 4276//4660 4280//4661 4328//4717 4333//4718
f 4233//4578 4329//4719 4200//4577
f 4330//4720 4281//4669 5667//4668 4292//4679
f 4331//4721 4316//4705 4332//4722
f 4317//4706 4316//4705 4331//4721 4345//4723
f 4286//4673 4276//4660 4333//4718 4361//4724
f 4316//4705 4315//4704 4334//4725 4332//4722
f 4283//4659 4308//4694 4335//4712
f 4328//4717 4280//4661 4309//4667 4380//4726
f 4336//4727 4269//4652 4270//4653
f 4294//4680 4299//4670 4337//4728 4358//4729
f 4338//4730 4313//4700 4319//4703 4341//4731
f 4339//4732 4331//4721 4332//4722 4346//4733
f 4323//4711 4303//4691 4273//4658
f 4284//4615 4291//4678 4289//4605
f 4336//4727 4309//4667 4269//4652
f 4320//4671 4237//4619 4301//4689 4370//4734
f 4295//4682 4340//4693 4278//4663
f 4288//4677 4341//4731 4319//4703
f 4334//4725 4315//4704 4325//4714 4362//4735
f 4340//4693 4312//4702 4317//4706 4355//4736
f 4298//4685 4183//4558 4231//4610 4414//4737
f 4290//4674 4286//4673 4343//4738 4326//4715
f 4301//4689 4200//4577 4329//4719 4384//4739
f 4342//4690 4271//4613 4320//4671 4379//4740
f 4231//4610 4226//4569 4344//4741 4410//4742
f 4322//4708 4288//4677 4272//4656
f 4288//4677 4312//4702 4340//4693
f 4296//4683 4337//4728 4299//4670
f 4288//4677 4340//4693 4295//4682
f 4346//4733 4332//4722 4334//4725 4363//4743
f 4337//4728 4307//4684 4306//4676 4369//4744
f 4291//4678 4347//4716 4289//4605
f 4282//4651 4349//4745 4293//4672
f 4298//4685 4300//4688 4171//4547
f 4331//4721 4339//4732 4350//4746 4345//4723
f 5670//4747 5663//4607 4297//4608 4376//4748
f 4308//4694 4261//4641 4352//4749 4382//4750
f 4296//4683 4307//4684 4337//4728
f 4344//4741 4226//4569 4304//4686
f 4252//4635 4293//4672 4349//4745 4360//4707
f 4336//4727 4270//4653 4302//4654
f 4354//4751 4321//4681 4294//4680 4358//4729
f 4345//4723 4355//4736 4317//4706
f 4306//4676 4287//4675 4356//4752 4374//4753
f 4313//4700 4338//4730 4357//4754
f 4353//4692 4255//4583 4318//4655 4399//4755
f 4304//4686 4285//4633 4359//4710 4344//4741
f 4352//4749 4261//4641 4340//4693 4400//4756
f 4322//4708 4341//4731 4288//4677
f 4282//4651 4348//4695 4349//4745
f 4239//4621 4310//4697 4364//4757 4311//4699
f 4365//4758 4329//4719 4233//4578 4311//4699
f 4366//4759 4333//4718 4328//4717 4393//4760
f 4350//4746 4367//4761 4345//4723
f 4330//4720 4292//4679 5669//4696 4405//4762
f 4286//4673 4361//4724 4343//4738
f 4368//4763 4325//4714 4313//4700 4357//4754
f 4371//4764 4310//4697 4281//4669 4330//4720
f 4355//4736 4345//4723 4367//4761 4400//4756
f 4350//4746 4372//4765 4367//4761
f 4356//4752 4287//4675 4351//4698 4413//4766
f 4323//4711 4348//4695 4303//4691
f 4324//4643 4351//4698 4262//4642
f 4306//4676 4374//4753 4369//4744
f 4375//4767 4335//4712 4308//4694 4382//4750
f 4376//4748 4297//4608 4353//4692 4411//4768
f 4377//4769 4238//4620 4300//4688 4419//4770
f 4378//4771 4372//4765 4346//4733 4363//4743
f 4334//4725 4362//4735 4363//4743
f 4381//4772 4327//4709 4321//4681 4394//4773
f 4302//4654 4342//4690 4383//4774 4336//4727
f 4341//4731 4385//4775 4338//4730
f 4386//4776 4361//4724 4333//4718 4366//4759
f 4379//4740 4320//4671 4370//4734 4422//4777
f 4336//4727 4380//4726 4309//4667
f 4385//4775 4341//4731 4322//4708 4381//4772
f 4321//4681 4354//4751 4387//4778 4394//4773
f 4388//4779 4347//4716 4326//4715 4412//4780
f 4389//4781 4348//4695 4390//4782
f 4367//4761 4372//4765 4378//4771 4400//4756
f 4388//4779 4289//4605 4347//4716
f 4362//4735 4325//4714 4368//4763 4432//4783
f 4322//4708 4327//4709 4381//4772
f 4377//4769 4373//4713 4238//4620
f 4391//4784 4390//4782 4348//4695 4323//4711
f 4323//4711 4335//4712 4375//4767
f 4370//4734 4301//4689 4384//4739 4426//4785
f 4326//4715 4343//4738 4392//4786 4412//4780
f 4389//4781 4390//4782 4395//4787
f 4396//4788 4397//4789 4398//4790
f 4389//4781 4349//4745 4348//4695
f 4399//4755 4318//4655 4360//4707 4431//4791
f 4355//4736 4400//4756 4340//4693
f 4401//4792 4357//4754 4338//4730 4409//4793
f 4337//4728 4402//4794 4358//4729
f 4390//4782 4391//4784 4403//4795
f 4404//4796 4354//4751 4358//4729 4402//4794
f 4388//4779 4359//4710 4289//4605
f 4406//4797 4395//4787 4390//4782 4403//4795
f 4383//4774 4342//4690 4379//4740 4434//4798
f 4343//4738 4361//4724 4407//4799 4392//4786
f 4408//4800 4396//4788 4398//4790 4423//4801
f 5671//4802 5670//4747 4376//4748 4420//4803
f 4409//4793 4338//4730 4385//4775 4430//4804
f 4337//4728 4369//4744 4402//4794
f 4391//4784 4323//4711 4375//4767 4438//4805
f 4380//4726 4393//4760 4328//4717
f 4324//4643 4413//4766 4351//4698
f 4329//4719 4365//4758 4415//4806 4384//4739
f 4416//4807 4396//4788 4408//4800
f 4417//4808 4365//4758 4311//4699 4364//4757
f 4371//4764 4330//4720 4405//4762 4445//4809
f 4386//4776 4407//4799 4361//4724
f 4380//4726 4336//4727 4383//4774 4446//4810
f 4369//4744 4374//4753 4418//4811 4402//4794
f 4368//4763 4357//4754 4401//4792 4466//4812
f 4324//4643 4373//4713 4413//4766
f 4421//4813 4364//4757 4310//4697 4371//4764
f 4424//4814 4403//4795 4391//4784
f 4382//4750 4352//4749 4425//4815 4462//4816
f 4414//4737 4231//4610 4410//4742 4472//4817
f 4419//4770 4300//4688 4298//4685 4465//4818
f 5669//4696 5672//4819 4405//4762
f 4416//4807 4427//4820 4396//4788
f 4410//4742 4344//4741 4359//4710 4439//4821
f 4428//4822 4363//4743 4362//4735 4432//4783
f 4360//4707 4349//4745 4429//4823 4431//4791
f 4389//4781 4429//4823 4349//4745
f 4433//4824 4387//4778 4354//4751 4404//4796
f 4389//4781 4395//4787 4429//4823
f 4377//4769 4413//4766 4373//4713
f 4435//4825 4374//4753 4356//4752 4452//4826
f 4393//4760 4436//4827 4366//4759
f 4352//4749 4400//4756 4425//4815
f 4428//4822 4378//4771 4363//4743
f 4394//4773 4387//4778 4437//4828 4449//4829
f 4439//4821 4359//4710 4388//4779
f 4429//4823 4395//4787 4406//4797 4448//4830
f 4422//4777 4370//4734 4426//4785 4477//4831
f 4440//4832 4400//4756 4441//4833
f 4426//4785 4384//4739 4415//4806 4469//4834
f 4442//4835 4443//4836 4440//4832 4441//4833
f 4438//4805 4424//4814 4391//4784
f 4444//4837 4386//4776 4366//4759 4436//4827
f 4434//4798 4379//4740 4422//4777 4473//4838
f 4430//4804 4385//4775 4447//4839 4475//4840
f 4448//4830 4406//4797 4403//4795 4460//4841
f 4439//4821 4388//4779 4412//4780
f 4385//4775 4381//4772 4447//4839
f 4425//4815 4400//4756 4440//4832 4443//4836
f 4436//4827 4393//4760 4380//4726 4470//4842
f 4449//4829 4381//4772 4394//4773
f 4435//4825 4418//4811 4374//4753
f 5673//4843 5671//4802 4420//4803 5674//4844
f 4428//4822 4400//4756 4378//4771
f 4450//4845 4412//4780 4392//4786
f 4365//4758 4417//4808 4451//4846 4415//4806
f 4452//4826 4356//4752 4413//4766 4459//4847
f 4450//4845 4392//4786 4407//4799
f 4445//4809 4405//4762 5672//4819 4478//4848
f 4446//4810 4383//4774 4434//4798 4485//4849
f 4416//4807 4408//4800 4453//4850 4464//4851
f 4442//4835 4441//4833 4454//4852 4468//4853
f 4421//4813 4371//4764 4445//4809 4491//4854
f 4423//4801 4398//4790 4455//4855
f 4386//4776 4444//4837 4407//4799
f 4457//4856 4409//4793 4430//4804 4479//4857
f 4458//4858 4298//4685 4414//4737
f 4423//4801 4459//4847 4408//4800
f 4437//4828 4387//4778 4433//4824 4490//4859
f 4424//4814 4460//4841 4403//4795
f 4404//4796 4402//4794 4461//4860 4474//4861
f 4375//4767 4382//4750 4462//4816
f 4463//4862 4417//4808 4364//4757 4421//4813
f 4464//4851 4377//4769 4419//4770
f 4401//4792 4409//4793 4457//4856
f 4464//4851 4427//4820 4416//4807
f 4464//4851 4413//4766 4377//4769
f 4402//4794 4418//4811 4461//4860
f 4439//4821 4412//4780 4450//4845 4496//4863
f 4467//4864 4441//4833 4400//4756 4428//4822
f 4470//4842 4380//4726 4446//4810 4504//4865
f 4471//4866 4398//4790 4397//4789 4538//4867
f 4433//4824 4404//4796 4474//4861 4511//4868
f 4449//4829 4447//4839 4381//4772
f 4476//4869 4397//4789 4396//4788 4492//4870
f 4441//4833 4467//4864 4454//4852
f 4479//4857 4430//4804 4475//4840 4502//4871
f 4480//4872 4458//4858 4414//4737 4472//4817
f 4438//4805 4460//4841 4424//4814
f 4481//4873 4432//4783 4368//4763 4466//4812
f 4438//4805 4375//4767 4462//4816 4533//4874
f 4453//4850 4408//4800 4459//4847
f 4435//4825 4461//4860 4418//4811
f 4469//4834 4415//4806 4451//4846 4507//4875
f 4464//4851 4419//4770 4465//4818 4499//4876
f 4483//4877 4484//4878 4482//4879 4495//4880
f 4478//4848 5672//4819 5675//4881 4501//4882
f 4451//4846 4417//4808 4463//4862 4512//4883
f 4486//4884 4443//4836 4442//4835 4468//4853
f 4487//4885 4431//4791 4429//4823 4505//4886
f 4484//4878 4436//4887 4470//4888 4482//4879
f 4488//4889 4450//4845 4407//4799 4444//4837
f 4413//4766 4464//4851 4453//4850
f 4484//4878 4444//4890 4436//4887
f 4420//4803 4456//4891 4489//4892 5674//4844
f 4453//4850 4459//4847 4413//4766
f 4425//4815 4443//4836 4486//4884
f 4473//4838 4422//4777 4477//4831 4525//4893
f 4477//4831 4426//4785 4469//4834 4527//4894
f 4427//4820 4492//4870 4396//4788
f 4458//4858 4493//4895 4298//4685
f 4485//4849 4434//4798 4473//4838 4520//4896
f 4468//4853 4454//4852 4494//4897 4518//4898
f 4483//4877 4488//4889 4484//4878
f 4423//4801 4455//4855 4459//4847
f 4465//4818 4298//4685 4493//4895 4536//4899
f 4491//4854 4445//4809 4478//4848 4517//4900
f 4439//4821 4496//4863 4410//4742
f 4497//4901 4498//4902 4487//4885 4521//4903
f 4499//4876 4427//4820 4464//4851
f 4494//4897 4454//4852 4467//4864 4523//4904
f 4481//4873 4428//4822 4432//4783
f 4472//4817 4410//4742 4496//4863 4515//4905
f 4463//4862 4421//4813 4491//4854 4526//4906
f 4398//4790 4500//4907 4455//4855
f 4484//4878 4488//4889 4444//4890
f 4449//4829 4437//4828 4503//4908
f 4504//4865 4446//4810 4485//4849 4543//4909
f 4449//4829 4503//4908 4447//4839
f 4429//4823 4448//4830 4505//4886
f 4401//4792 4457//4856 4506//4910 4466//4812
f 4475//4840 4447//4839 4503//4908 4537//4911
f 4483//4877 4495//4880 4488//4889
f 4508//4912 4448//4830 4460//4841
f 4459//4847 4455//4855 4452//4826
f 4437//4828 4490//4859 4509//4913 4503//4908
f 4510//4914 4458//4858 4480//4872
f 5676//4915 4501//4882 5675//4881
f 4505//4886 4448//4830 4508//4912 4513//4916
f 4490//4859 4433//4824 4511//4868 4561//4917
f 4513//4916 4508//4912 4514//4918
f 4480//4872 4472//4817 4515//4905 4542//4919
f 4460//4841 4516//4920 4508//4912
f 4488//4889 4496//4863 4450//4845
f 4425//4815 4486//4884 4462//4816
f 4507//4875 4451//4846 4512//4883 4558//4921
f 5677//4922 5674//4844 4489//4892 4557//4923
f 4514//4918 4508//4912 4516//4920 4540//4924
f 4467//4864 4428//4822 4519//4925
f 4517//4900 4478//4848 4501//4882 4546//4926
f 4456//4891 4497//4901 4522//4927 4489//4892
f 4435//4825 4452//4826 4524//4928 4528//4929
f 4487//4885 4505//4886 4521//4903
f 4435//4825 4528//4929 4461//4860
f 4521//4903 4505//4886 4513//4916
f 4521//4903 4513//4916 4514//4918
f 4502//4871 4529//4930 4479//4857
f 4530//4931 4531//4932 4532//4933
f 4398//4790 4471//4866 4500//4907
f 4534//4934 4532//4933 4531//4932
f 4474//4861 4461//4860 4528//4929 4579//4935
f 4535//4936 4457//4856 4479//4857 4529//4930
f 4486//4884 4468//4853 4518//4898 4569//4937
f 4481//4873 4519//4925 4428//4822
f 4527//4894 4469//4834 4507//4875 4576//4938
f 4530//4931 4532//4933 4481//4873 4541//4939
f 4526//4906 4491//4854 4517//4900 4565//4940
f 4499//4876 4465//4818 4536//4899 4592//4941
f 4482//4879 4539//4942 4495//4880
f 4481//4873 4466//4812 4541//4939
f 4510//4914 4480//4872 4542//4919 4571//4943
f 4534//4934 4531//4932 4544//4944
f 4530//4931 4545//4945 4531//4932
f 4524//4928 4452//4826 4455//4855 4500//4907
f 4501//4882 5676//4915 4546//4926
f 4520//4896 4473//4838 4525//4893 4580//4946
f 4499//4876 4492//4870 4427//4820
f 4530//4931 4541//4939 4547//4947
f 4502//4871 4475//4840 4548//4948 4577//4949
f 4488//4889 4515//4905 4496//4863
f 4460//4841 4549//4950 4516//4920
f 4397//4789 4476//4869 4538//4867
f 4534//4934 4519//4925 4532//4933
f 4482//4879 4470//4888 4550//4951 4539//4942
f 4551//4952 4523//4904 4467//4864 4519//4925
f 4544//4944 4531//4932 4545//4945 4566//4953
f 4506//4910 4541//4939 4466//4812
f 4504//4865 4552//4954 4470//4842
f 4543//4909 4485//4849 4520//4896 4582//4955
f 4553//4956 4512//4883 4463//4862 4526//4906
f 4554//4957 4460//4841 4438//4805 4533//4874
f 4519//4925 4481//4873 4532//4933
f 4525//4893 4477//4831 4527//4894 4586//4958
f 4530//4931 4547//4947 4555//4959 4545//4945
f 4556//4960 4493//4895 4458//4858
f 4510//4914 4556//4960 4458//4858
f 4488//4889 4495//4880 4539//4942 4564//4961
f 4497//4901 4521//4903 4559//4962 4522//4927
f 4560//4963 4509//4913 4490//4859 4561//4917
f 4511//4868 4474//4861 4562//4964 4600//4965
f 4557//4923 4489//4892 4522//4927 4585//4966
f 4544//4944 4551//4952 4534//4934
f 4475//4840 4537//4911 4548//4948
f 4563//4967 4470//4842 4552//4954 4603//4968
f 4488//4889 4564//4961 4515//4905
f 4535//4936 4506//4910 4457//4856
f 4523//4904 4567//4969 4494//4897
f 4568//4970 4540//4924 4516//4920 4549//4950
f 4534//4934 4551//4952 4519//4925
f 4506//4910 4570//4971 4541//4939
f 4521//4903 4514//4918 4572//4972 4590//4973
f 4573//4974 4547//4947 4541//4939 4570//4971
f 4565//4940 4517//4900 4546//4926 4591//4975
f 4514//4918 4540//4924 4572//4972
f 5676//4915 5678//4976 4574//4977 4546//4926
f 4575//4978 4503//4908 4509//4913
f 4470//4842 4563//4967 4550//4979
f 4544//4944 4566//4953 4551//4952
f 4502//4871 4577//4949 4529//4930
f 4578//4980 4518//4898 4494//4897 4567//4969
f 4553//4956 4526//4906 4565//4940 4598//4981
f 4575//4978 4537//4911 4503//4908
f 4504//4865 4543//4909 4581//4982 4552//4954
f 4474//4861 4579//4935 4562//4964
f 4583//4983 5678//4976 5679//4984 4597//4985
f 4584//4986 4545//4945 4555//4959 4601//4987
f 4523//4904 4551//4952 4567//4969
f 4460//4841 4554//4957 4549//4950
f 4584//4986 4566//4953 4545//4945
f 4587//4988 4555//4959 4547//4947 4573//4974
f 4486//4884 4588//4989 4462//4816
f 4589//4990 4558//4921 4512//4883 4553//4956
f 4559//4962 4521//4903 4590//4973 4614//4991
f 4507//4875 4558//4921 4593//4992 4576//4938
f 4509//4913 4560//4963 4575//4978
f 4522//4927 4559//4962 4585//4966
f 4572//4972 4540//4924 4568//4970 4610//4993
f 4536//4899 4493//4895 4594//4994 4629//4995
f 4595//4996 4570//4971 4506//4910 4599//4997
f 4596//4998 4542//4919 4515//4905
f 4548//4948 4537//4911 4575//4978 4618//4999
f 5678//4976 4583//4983 4574//4977
f 4486//4884 4569//4937 4588//4989
f 4535//4936 4599//4997 4506//4910
f 4546//4926 4574//4977 4591//4975
f 4561//4917 4511//4868 4600//4965 4628//5000
f 4596//4998 4515//4905 4564//4961
f 4588//4989 4569//4937 4518//4898 4632//5001
f 4580//4946 4525//4893 4586//4958 4630//5002
f 4602//5003 4571//4943 4542//4919 4596//4998
f 4586//4958 4527//4894 4576//4938 4625//5004
f 4492//4870 4499//4876 4592//4941 4642//5005
f 4556//4960 4594//4994 4493//4895
f 4598//4981 4565//4940 4591//4975 4619//5006
f 4601//4987 4555//4959 4587//4988 4637//5007
f 4604//5008 4510//4914 4571//4943 4602//5003
f 4568//4970 4549//4950 4554//4957 4644//5009
f 4605//5010 4533//4874 4462//4816 4588//4989
f 4520//4896 4580//4946 4606//5011 4582//4955
f 4551//4952 4566//4953 4607//5012
f 4608//5013 4573//4974 4570//4971 4595//4996
f 4539//4942 4596//4998 4564//4961
f 4551//4952 4609//5014 4567//4969
f 4556//4960 4510//4914 4604//5008 4645//5015
f 4543//4909 4582//4955 4611//5016 4581//4982
f 4593//4992 4558//4921 4589//4990 4647//5017
f 4612//5018 4583//4983 4597//4985 4624//5019
f 4535//4936 4529//4930 4613//5020
f 4584//4986 4607//5012 4566//4953
f 4585//4966 4559//4962 4614//4991 4640//5021
f 4615//5022 4524//4928 4500//4907 4634//5023
f 4613//5020 4529//4930 4577//4949 4620//5024
f 4553//4956 4598//4981 4616//5025 4589//4990
f 4591//4975 4574//4977 4617//5026 4619//5006
f 4617//5026 4574//4977 4583//4983 4612//5018
f 4620//5024 4577//4949 4548//4948 4638//5027
f 4528//4929 4524//4928 4621//5028 4579//4935
f 4622//5029 4560//4963 4561//4917 4628//5000
f 4623//5030 4550//4979 4563//4967 4603//4968
f 4607//5012 4584//4986 4601//4987 4637//5007
f 4551//4952 4607//5012 4609//5014
f 4550//4951 4626//5031 4539//4942
f 4587//4988 4573//4974 4608//5013 4652//5032
f 4552//4954 4581//4982 4627//5033 4603//4968
f 4592//4941 4536//4899 4629//4995 4666//5034
f 4631//5035 4599//4997 4535//4936 4613//5020
f 4578//4980 4632//5001 4518//4898
f 4471//4866 4538//4867 4633//5036 4634//5023
f 4500//4907 4471//4866 4634//5023
f 4635//5037 4575//4978 4560//4963
f 4625//5004 4576//4938 4593//4992 4661//5038
f 4636//5039 4562//4964 4579//4935 4657//5040
f 4539//4942 4626//5031 4596//4998
f 4633//5036 4538//4867 4476//4869 4663//5041
f 4548//4948 4618//4999 4638//5027
f 4639//5042 4590//4973 4572//4972
f 4600//4965 4562//4964 4636//5039 4659//5043
f 4624//5019 4585//4966 4640//5021 4651//5044
f 4554//4957 4533//4874 4605//5010 4678//5045
f 4641//5046 4595//4996 4599//4997 4631//5035
f 4606//5011 4580//4946 4630//5002 4667//5047
f 4476//4869 4492//4870 4642//5005 4676//5048
f 4550//4951 4643//5049 4626//5031
f 4639//5042 4572//4972 4610//4993 4671//5050
f 4630//5002 4586//4958 4625//5004 4668//5051
f 4610//4993 4568//4970 4644//5009 4697//5052
f 4594//4994 4556//4960 4645//5015 4673//5053
f 4598//4981 4619//5006 4646//5054 4616//5025
f 4635//5037 4618//4999 4575//4978
f 4524//4928 4615//5022 4621//5028
f 4643//5049 4550//4951 4623//5055 4662//5056
f 4560//4963 4622//5029 4635//5037
f 4648//5057 4578//4980 4567//4969 4649//5058
f 4649//5058 4567//4969 4609//5014 4658//5059
f 4582//4955 4606//5011 4650//5060 4611//5016
f 4612//5018 4624//5019 4651//5044 4656//5061
f 4614//4991 4590//4973 4653//5062
f 4619//5006 4617//5026 4654//5063 4646//5054
f 4581//4982 4611//5016 4655//5064 4627//5033
f 4637//5007 4587//4988 4652//5032 4689//5065
f 4617//5026 4612//5018 4656//5061 4654//5063
f 4657//5040 4579//4935 4621//5028 4699//5066
f 4609//5014 4607//5012 4658//5059
f 4628//5000 4600//4965 4659//5043 4675//5067
f 4660//5068 4608//5013 4595//4996 4641//5046
f 4639//5042 4653//5062 4590//4973
f 4589//4990 4616//5025 4664//5069 4647//5017
f 4626//5031 4643//5049 4665//5070 4714//5071
f 4603//4968 4627//5033 4669//5072 4670//5073
f 4623//5030 4603//4968 4670//5073 4685//5074
f 4672//5075 4638//5027 4618//4999 4679//5076
f 4578//4980 4648//5057 4632//5001
f 4629//4995 4594//4994 4673//5053 4723//5077
f 4665//5070 4643//5049 4662//5056 4693//5078
f 4674//5079 4620//5024 4638//5027 4672//5075
f 4622//5029 4628//5000 4675//5067 4692//5080
f 4602//5003 4596//4998 4677//5081 4683//5082
f 4679//5076 4618//4999 4635//5037 4702//5083
f 4613//5020 4620//5024 4674//5079
f 4680//5084 4607//5012 4637//5007
f 4677//5081 4596//4998 4626//5031 4714//5071
f 4608//5013 4660//5068 4652//5032
f 4663//5041 4476//4869 4676//5048 4741//5085
f 4650//5060 4606//5011 4667//5047 4720//5086
f 4593//4992 4647//5017 4681//5087 4661//5038
f 4682//5088 4631//5035 4613//5020 4674//5079
f 4602//5003 4683//5082 4604//5008
f 4667//5047 4630//5002 4668//5051 4717//5089
f 4605//5010 4588//4989 4684//5090 4719//5091
f 4662//5056 4623//5055 4685//5092 4700//5093
f 4641//5046 4631//5035 4682//5088
f 4686//5094 4644//5009 4554//4957 4678//5045
f 4588//4989 4632//5001 4684//5090
f 4605//5010 4687//5095 4688//5096
f 4671//5050 4690//5097 4639//5042
f 4658//5059 4607//5012 4691//5098 4728//5099
f 4692//5080 4635//5037 4622//5029
f 4625//5004 4661//5038 4694//5100 4668//5051
f 4653//5062 4639//5042 4690//5097 4704//5101
f 4605//5010 4688//5096 4678//5045
f 4616//5025 4646//5054 4695//5102 4664//5069
f 4696//5103 4642//5005 4592//4941 4666//5034
f 4697//5052 4671//5050 4610//4993
f 4698//5104 4621//5028 4615//5022
f 4662//5056 4700//5093 4693//5078
f 4627//5033 4655//5064 4701//5105 4669//5072
f 4645//5015 4604//5008 4683//5082 4739//5106
f 4703//5107 4655//5064 4611//5016 4650//5060
f 4705//5108 4704//5101 4690//5097 4711//5109
f 4680//5084 4691//5098 4607//5012
f 4671//5050 4706//5110 4690//5097
f 4637//5007 4689//5065 4680//5084
f 4688//5096 4687//5095 4707//5111
f 4698//5104 4615//5022 4634//5023 4743//5112
f 4640//5021 4614//4991 4708//5113 4724//5114
f 4657//5040 4709//5115 4636//5039
f 4689//5065 4652//5032 4660//5068 4732//5116
f 4710//5117 4653//5062 4704//5101 4705//5108
f 4688//5096 4707//5111 4678//5045
f 4692//5080 4702//5083 4635//5037
f 4712//5118 4659//5043 4636//5039 4709//5115
f 4711//5109 4690//5097 4706//5110 4730//5119
f 4713//5120 4660//5068 4641//5046 4682//5088
f 4646//5054 4654//5063 4715//5121 4695//5102
f 4666//5034 4629//4995 4782//5122 4786//5123
f 4644//5009 4686//5094 4716//5124
f 4698//5104 4699//5066 4621//5028
f 4663//5041 4718//5125 4633//5036
f 4687//5095 4605//5010 4719//5091 4759//5126
f 4721//5127 4710//5117 4705//5108 4711//5109
f 4632//5001 4648//5057 4722//5128 4684//5090
f 4708//5113 4614//4991 4653//5062 4740//5129
f 4651//5044 4640//5021 4724//5114 4766//5130
f 4694//5100 4661//5038 4681//5087 4756//5131
f 4675//5067 4659//5043 4712//5118 4754//5132
f 4725//5133 4634//5023 4633//5036 4718//5125
f 4697//5052 4706//5110 4671//5050
f 4722//5128 4648//5057 4649//5058 4763//5134
f 4647//5017 4664//5069 4726//5135 4681//5087
f 4654//5063 4656//5061 4727//5136 4715//5121
f 4649//5058 4658//5059 4728//5099
f 4716//5124 4686//5094 4729//5137 4731//5138
f 4727//5136 4656//5061 4651//5044 4766//5130
f 4717//5089 4668//5051 4694//5100 4764//5139
f 4676//5048 4642//5005 4696//5103 4773//5140
f 4665//5070 4693//5078 4733//5141 4714//5071
f 4700//5093 4734//5142 4693//5078
f 4735//5143 4679//5076 4702//5083 4748//5144
f 4657//5040 4699//5066 4736//5145 4709//5115
f 4737//5146 4674//5079 4672//5075 4758//5147
f 4738//5148 4707//5111 4687//5095 4759//5126
f 4673//5053 4645//5015 4739//5106 4776//5149
f 4710//5117 4740//5129 4653//5062
f 4672//5075 4679//5076 4735//5143 4758//5147
f 4742//5150 4716//5124 4731//5138
f 4732//5116 4660//5068 4713//5120 4762//5151
f 4703//5107 4650//5060 4720//5086 4772//5152
f 4720//5086 4667//5047 4717//5089 4768//5153
f 4670//5073 4669//5072 4080//5154 4749//5155
f 4744//5156 4682//5088 4674//5079 4737//5146
f 4680//5084 4689//5065 4745//5157
f 4746//5158 4721//5127 4711//5109 4730//5119
f 4730//5119 4706//5110 4697//5052 4779//5159
f 4710//5117 4721//5127 4740//5129
f 4747//5160 4701//5105 4655//5064 4703//5107
f 4692//5080 4748//5144 4702//5083
f 4685//5074 4670//5073 4749//5155 4755//5161
f 4644//5009 4716//5124 4750//5162
f 4751//5163 4729//5137 4686//5094 4753//5164
f 4701//5105 4080//5154 4669//5072
f 4752//5165 4731//5138 4729//5137 4751//5163
f 4753//5164 4678//5045 4707//5111 4767//5166
f 4692//5080 4675//5067 4754//5132 4781//5167
f 4713//5120 4682//5088 4744//5156 4762//5151
f 4689//5065 4732//5116 4745//5157
f 4634//5023 4725//5133 4743//5112
f 4700//5093 4685//5092 4755//5168 4765//5169
f 4686//5094 4678//5045 4753//5164
f 4718//5125 4663//5041 4741//5085 4777//5170
f 4680//5084 4745//5157 4757//5171
f 4693//5078 4734//5142 4733//5141
f 4742//5150 4731//5138 4752//5165
f 4760//5172 4691//5098 4680//5084 4757//5171
f 4740//5129 4721//5127 4746//5158 4796//5173
f 4664//5069 4695//5102 4761//5174 4726//5135
f 4719//5091 4684//5090 4722//5128 4790//5175
f 4644//5009 4750//5162 4697//5052
f 4742//5150 4750//5162 4716//5124
f 4700//5093 4765//5169 4734//5142
f 4707//5111 4738//5148 4767//5166
f 4762//5151 4745//5157 4732//5116
f 4763//5134 4649//5058 4728//5099 4809//5176
f 4683//5082 4677//5081 4769//5177 4785//5178
f 4764//5139 4694//5100 4756//5131 4797//5179
f 4681//5087 4726//5135 4770//5180 4756//5131
f 4698//5104 4771//5181 4699//5066
f 4741//5085 4676//5048 4773//5140 4815//5182
f 4709//5115 4774//5183 4712//5118
f 4775//5184 4744//5156 4737//5146 4758//5147
f 4723//5077 4673//5053 4776//5149 4814//5185
f 4750//5162 4742//5150 4752//5165 4813//5186
f 4778//5187 4748//5144 4692//5080 4781//5167
f 4757//5171 4745//5157 4780//5188 4807//5189
f 4746//5158 4730//5119 4779//5159 4839//5190
f 4695//5102 4715//5121 4783//5191 4761//5174
f 4736//5145 4699//5066 4771//5181 4822//5192
f 4743//5112 4771//5181 4698//5104
f 4081//5193 4080//5154 4701//5105 4747//5160
f 4733//5141 4734//5142 4765//5169 4799//5194
f 4747//5160 4703//5107 4772//5152 4816//5195
f 4767//5166 4738//5148 4759//5126 4804//5196
f 4762//5151 4780//5188 4745//5157
f 4784//5197 4728//5099 4691//5098 4760//5172
f 4683//5082 4785//5178 4739//5106
f 4677//5081 4714//5071 4769//5177
f 4775//5184 4762//5151 4744//5156
f 4735//5143 4748//5144 4778//5187 4788//5198
f 4709//5115 4736//5145 4787//5199 4800//5200
f 4758//5147 4735//5143 4788//5198
f 4772//5152 4720//5086 4768//5153 4823//5201
f 4789//5202 4754//5132 4712//5118 4774//5183
f 4791//5203 4752//5165 4751//5163 4798//5204
f 4743//5112 4725//5133 4771//5181
f 4717//5089 4764//5139 4792//5205 4768//5153
f 4793//5206 4794//5207 4795//5208
f 4798//5204 4751//5163 4753//5164 4821//5209
f 4714//5071 4733//5141 4799//5194 4825//5210
f 4709//5115 4800//5200 4774//5183
f 4697//5052 4750//5162 4779//5159
f 4726//5135 4761//5174 4801//5211 4770//5180
f 4793//5206 4802//5212 4794//5207
f 4715//5121 4727//5136 4803//5213 4783//5191
f 4804//5196 4759//5126 4719//5091 4826//5214
f 4141//4502 4179//4555 4158//4528 4139//4503
f 4805//5215 4725//5133 4718//5125 4806//5216
f 4806//5216 4718//5125 4777//5170 4811//5217
f 4080//5154 4082//5218 4749//5155
f 4760//5172 4757//5171 4807//5189
f 4722//5128 4763//5134 4790//5175
f 4808//5219 4802//5212 4793//5206
f 4144//4505 4154//4514 4179//4555 4141//4502
f 4795//5208 4809//5176 4793//5206
f 4775//5184 4810//5220 4762//5151
f 4741//5085 4811//5217 4777//5170
f 4812//5221 4775//5184 4758//5147 4788//5198
f 4754//5132 4789//5202 4781//5167
f 4782//5122 4723//5077 4814//5185 4837//5222
f 4796//5173 4708//5113 4740//5129
f 4187//4542 4145//4511 5657//4510 5659//4539
f 4756//5131 4770//5180 4817//5223 4797//5179
f 4818//5224 4755//5161 4749//5155
f 4793//5206 4784//5197 4808//5219
f 4728//5099 4784//5197 4809//5176
f 4776//5149 4739//5106 4785//5178 4847//5225
f 4791//5203 4813//5186 4752//5165
f 4819//5226 4780//5188 4762//5151 4810//5220
f 4727//5136 4766//5130 4820//5227 4803//5213
f 4792//5205 4764//5139 4797//5179 4850//5228
f 4793//5206 4809//5176 4784//5197
f 4753//5164 4767//5166 4821//5209
f 4787//5199 4736//5145 4822//5192 4852//5229
f 4789//5202 4774//5183 4800//5200 4849//5230
f 4708//5113 4824//5231 4724//5114
f 4820//5227 4766//5130 4724//5114 4824//5231
f 4771//5181 4725//5133 4805//5215 4870//5232
f 4769//5177 4714//5071 4825//5210 4848//5233
f 4811//5217 4741//5085 4815//5182 4863//5234
f 4818//5224 4749//5155 4082//5218 4860//5235
f 4719//5091 4790//5175 4826//5214
f 4827//5236 4765//5169 4755//5168 4845//5237
f 4761//5174 4783//5191 4828//5238 4801//5211
f 4794//5207 4829//5239 4795//5208
f 4708//5113 4830//5240 4831//5241
f 4788//5198 4778//5187 4832//5242
f 4084//5243 4081//5193 4747//5160 4816//5195
f 4829//5239 4794//5207 4802//5212 4872//5244
f 4831//5241 4833//5245 4708//5113
f 4834//5246 4778//5187 4781//5167 4835//5247
f 4835//5247 4781//5167 4789//5202 4849//5230
f 4796//5173 4830//5240 4708//5113
f 4821//5209 4767//5166 4804//5196 4866//5248
f 4795//5208 4829//5239 4809//5176
f 4836//5249 4810//5220 4775//5184 4812//5221
f 4786//5123 4782//5122 4837//5222 4857//5250
f 4838//5251 4784//5197 4760//5172 4807//5189
f 4799//5194 4765//5169 4827//5236 4862//5252
f 4840//5253 4807//5189 4780//5188 4819//5226
f 4708//5113 4833//5245 4824//5231
f 4779//5159 4750//5162 4841//5254 4839//5190
f 4829//5239 4763//5134 4809//5176
f 4842//5255 4812//5221 4788//5198 4832//5242
f 4770//5180 4801//5211 4843//5256 4817//5223
f 4808//5219 4844//5257 4802//5212
f 4818//5224 4845//5258 4755//5161
f 4832//5242 4778//5187 4834//5246 4873//5259
f 4813//5186 4841//5254 4750//5162
f 4768//5153 4792//5205 4846//5260 4823//5201
f 4785//5178 4769//5177 4848//5233 4874//5261
f 4179//4555 4175//4550 4204//4582 4158//4528
f 4851//5262 4831//5241 4830//5240 4868//5263
f 4787//5199 4852//5229 4800//5200
f 4853//5264 4816//5195 4772//5152 4823//5201
f 4839//5190 4796//5173 4746//5158
f 4844//5257 4808//5219 4784//5197 4867//5265
f 4831//5241 4851//5262 4833//5245
f 4854//5266 4791//5203 4798//5204 4861//5267
f 4814//5185 4776//5149 4895//5268 4939//5269
f 4783//5191 4803//5213 4855//5270 4828//5238
f 4815//5182 4773//5140 4856//5271 4885//5272
f 4232//4612 4160//4515 4145//4511 4187//4542
f 4791//5203 4854//5266 4813//5186
f 5683//5273 4856//5271 4773//5140 4696//5103
f 4830//5240 4796//5173 4858//5274
f 4797//5179 4817//5223 4859//5275 4850//5228
f 4843//5256 4801//5211 4828//5238 4893//5276
f 4798//5204 4821//5209 4861//5267
f 4825//5210 4799//5194 4862//5252 4891//5277
f 4836//5249 4864//5278 4810//5220
f 4865//5279 4790//5175 4763//5134 4878//5280
f 4784//5197 4838//5251 4867//5265
f 4840//5253 4838//5251 4807//5189
f 4869//5281 4819//5226 4810//5220 4864//5278
f 4830//5240 4858//5274 4868//5263
f 4871//5282 4824//5231 4833//5245
f 4785//5178 4874//5261 4847//5225
f 4832//5242 4873//5259 4842//5255
f 4846//5260 4792//5205 4850//5228 4904//5283
f 4812//5221 4842//5255 4875//5284 4836//5249
f 4771//5181 4876//5285 4822//5192
f 4833//5245 4851//5262 4877//5286 4871//5282
f 4829//5239 4878//5280 4763//5134
f 4879//5287 4805//5215 4806//5216 4881//5288
f 4803//5213 4820//5227 4880//5289 4855//5270
f 4872//5244 4802//5212 4844//5257 4933//5290
f 4811//5217 4881//5288 4806//5216
f 4882//5291 4849//5230 4800//5200 4852//5229
f 4834//5246 4835//5247 4883//5292 4873//5259
f 4820//5227 4824//5231 4884//5293 4880//5289
f 4863//5234 4815//5182 4885//5272 4922//5294
f 4853//5264 4823//5201 4846//5260 4924//5295
f 4804//5196 4826//5214 4886//5296
f 4826//5214 4790//5175 4887//5297 4886//5296
f 4085//4448 4084//5243 4816//5195 4853//5264
f 4888//5298 4840//5253 4819//5226 4869//5281
f 4835//5247 4849//5230 4889//5299 4883//5292
f 4890//5300 4858//5274 4796//5173
f 4866//5248 4804//5196 4886//5296 4928//5301
f 4817//5223 4843//5256 4892//5302 4859//5275
f 4871//5282 4884//5293 4824//5231
f 4836//5249 4894//5303 4864//5278
f 4822//5192 4876//5285 4852//5229
f 4881//5288 4811//5217 4863//5234 4929//5304
f 4821//5209 4866//5248 4896//5305
f 4848//5233 4825//5210 4891//5277 4918//5306
f 4771//5181 4870//5232 4876//5285
f 4840//5253 4888//5298 4838//5251
f 4851//5262 4868//5263 4897//5307 4877//5286
f 4082//5218 4079//5308 4899//5309 4860//5235
f 4900//5310 4845//5258 4818//5224 4860//5235
f 4821//5209 4896//5305 4861//5267
f 4805//5215 4879//5287 4870//5232
f 4837//5222 4814//5185 4939//5269 4965//5311
f 4862//5252 4827//5236 4901//5312 4891//5277
f 4871//5282 4877//5286 4902//5313 4884//5293
f 4842//5255 4873//5259 4903//5314 4875//5284
f 4905//5315 4867//5265 4838//5251 4906//5316
f 4838//5251 4888//5298 4906//5316
f 4827//5236 4845//5237 4907//5317 4901//5312
f 4908//5318 4869//5281 4864//5278 4894//5303
f 4839//5190 4890//5300 4796//5173
f 4828//5238 4855//5270 4909//5319 4893//5276
f 4910//5320 4889//5299 4849//5230
f 4849//5230 4882//5291 4911//5321
f 4910//5320 4849//5230 4911//5321
f 4836//5249 4875//5284 4912//5322 4894//5303
f 4913//5323 4914//5324 4915//5325
f 4916//5326 4868//5263 4858//5274 4923//5327
f 4892//5302 4843//5256 4893//5276 4951//5328
f 4790//5175 4865//5279 4887//5297
f 4878//5280 4829//5239 4872//5244 4931//5329
f 4883//5292 4917//5330 4873//5259
f 4874//5261 4848//5233 4918//5306 4958//5331
f 4813//5186 4919//5332 4841//5254
f 4920//5333 4921//5334 4902//5313 4925//5335
f 4902//5313 4877//5286 4897//5307 4925//5335
f 4890//5300 4923//5327 4858//5274
f 4850//5228 4859//5275 4926//5336 4904//5283
f 4884//5293 4902//5313 4921//5334
f 4888//5298 4869//5281 4908//5318
f 4847//5225 4874//5261 4927//5337 4895//5268
f 4866//5248 4928//5301 4896//5305
f 4919//5332 4813//5186 4854//5266 4945//5338
f 4873//5259 4917//5330 4903//5314
f 4930//5339 4915//5325 4914//5324 4943//5340
f 4913//5323 4931//5329 4914//5324
f 4932//5341 4882//5291 4852//5229 4876//5285
f 4887//5297 4913//5323 4915//5325 4966//5342
f 4863//5234 4922//5294 4929//5304
f 4921//5334 4920//5333 4934//5343
f 4935//5344 4920//5333 4925//5335 4970//5345
f 4868//5263 4916//5326 4897//5307
f 4936//5346 4844//5257 4867//5265 4905//5315
f 4903//5314 4912//5322 4875//5284
f 4889//5299 4937//5347 4883//5292
f 4938//5348 4845//5258 4900//5310 4986//5349
f 4884//5293 4921//5334 4934//5343 4949//5350
f 4855//5270 4880//5289 4940//5351 4909//5319
f 4883//5292 4941//5352 4917//5330
f 4907//5317 4845//5237 4938//5353 4979//5354
f 4912//5322 4908//5318 4894//5303
f 4942//5355 4857//5250 4837//5222 4965//5311
f 4865//5279 4931//5329 4913//5323
f 4888//5298 4908//5318 4944//5356
f 4898//5357 4857//5250 4942//5355 4954//5358
f 4945//5338 4854//5266 4861//5267 4955//5359
f 4865//5279 4913//5323 4887//5297
f 4900//5310 4860//5235 4899//5309 4996//5360
f 4931//5329 4872//5244 4933//5290 4983//5361
f 4915//5325 4930//5339 4946//5362
f 4889//5299 4910//5320 4947//5363 4937//5347
f 4846//5260 4904//5283 4948//5364 4924//5295
f 4880//5289 4884//5293 4949//5350 4940//5351
f 4947//5363 4910//5320 4911//5321 4963//5365
f 4950//5366 4911//5321 4882//5291
f 4925//5335 4897//5307 4916//5326 4970//5345
f 4952//5367 4906//5316 4888//5298 4944//5356
f 4953//5368 4856//5271 4898//5357 4954//5358
f 4861//5267 4896//5305 4955//5359
f 4885//5272 4856//5271 4953//5368 4972//5369
f 4865//5279 4878//5280 4931//5329
f 4891//5277 4901//5312 4956//5370 4918//5306
f 4859//5275 4892//5302 4957//5371 4926//5336
f 4839//5190 4841//5254 4919//5332 4990//5372
f 4959//5373 4870//5232 4879//5287 4960//5374
f 4951//5328 4893//5276 4909//5319 4991//5375
f 4881//5288 4960//5374 4879//5287
f 4839//5190 4961//5376 4890//5300
f 4876//5285 4870//5232 4959//5373 4978//5377
f 4963//5365 4911//5321 4962//5378 4976//5379
f 4950//5366 4962//5378 4911//5321
f 4964//5380 4903//5314 4917//5330 4941//5352
f 4946//5362 4930//5339 4943//5340 4985//5381
f 4933//5290 4844//5257 4936//5346 4983//5361
f 4903//5314 4967//5382 4912//5322
f 4912//5322 4968//5383 4908//5318
f 4932//5341 4950//5366 4882//5291
f 4920//5333 4935//5344 4969//5384 4934//5343
f 4874//5261 4958//5331 4927//5337
f 4915//5325 4946//5362 4966//5342
f 4960//5374 4881//5288 4929//5304 5007//5385
f 4971//5386 4899//5309 4079//5308 4078//5387
f 4922//5294 4885//5272 4972//5369 4989//5388
f 4973//5389 4941//5352 4883//5292 4937//5347
f 4956//5370 4901//5312 4907//5317 4993//5390
f 4886//5296 4887//5297 4966//5342
f 4974//5391 4923//5327 4890//5300 4961//5376
f 4975//5392 4944//5356 4908//5318 4968//5383
f 4948//5364 4904//5283 4926//5336 5004//5393
f 4977//5394 4914//5324 4931//5329 5002//5395
f 4977//5394 4943//5340 4914//5324
f 4876//5285 4978//5377 4932//5341
f 4957//5371 4892//5302 4951//5328 5010//5396
f 4980//5397 4905//5315 4906//5316 4952//5367
f 4896//5305 4928//5301 4981//5398 4955//5359
f 4967//5382 4903//5314 4964//5380 5014//5399
f 4939//5269 4982//5400 4965//5311
f 4949//5350 4934//5343 4984//5401 5000//5402
f 4918//5306 4956//5370 4987//5403 4958//5331
f 4976//5379 4962//5378 4988//5404 5005//5405
f 4929//5304 4922//5294 4989//5388 5007//5385
f 4839//5190 4990//5372 4961//5376
f 4992//5406 4928//5301 4886//5296 4966//5342
f 4991//5375 4909//5319 4940//5351 5011//5407
f 4994//5408 4968//5383 4912//5322 4967//5382
f 4995//5409 4916//5326 4923//5327 4974//5391
f 4993//5390 4907//5317 4979//5354 5018//5410
f 4997//5411 4937//5347 4947//5363 5028//5412
f 4998//5413 4935//5344 4970//5345
f 4969//5384 4984//5401 4934//5343
f 4979//5354 4938//5353 4986//5414 5022//5415
f 4941//5352 4999//5416 4964//5380
f 4963//5365 4976//5379 5001//5417 5009//5418
f 5002//5395 4931//5329 4983//5361 5041//5419
f 5003//5420 4950//5366 4932//5341
f 4998//5413 4969//5384 4935//5344
f 4962//5378 4950//5366 5006//5421 4988//5404
f 4987//5403 4956//5370 4993//5390 5019//5422
f 4999//5416 4941//5352 4973//5389 5039//5423
f 5008//5424 4952//5367 4944//5356 4975//5392
f 4947//5363 4963//5365 5009//5418 5028//5412
f 4936//5346 4905//5315 4980//5397 5032//5425
f 5001//5417 4976//5379 5005//5405 5029//5426
f 4916//5326 4995//5409 4970//5345
f 4937//5347 4997//5411 4973//5389
f 4940//5351 4949//5350 5011//5407
f 5003//5420 4932//5341 4978//5377 5024//5427
f 5010//5396 4951//5328 4991//5375 5034//5428
f 4926//5336 4957//5371 5012//5429 5004//5393
f 4986//5349 4900//5310 4996//5360 5047//5430
f 5000//5402 4984//5401 5013//5431 5040//5432
f 4078//5387 4083//4451 5015//5433 4971//5386
f 4974//5391 4961//5376 4990//5372 5035//5434
f 5016//5435 4927//5337 4958//5331 5045//5436
f 4943//5340 5017//5437 4985//5381
f 4996//5360 4899//5309 4971//5386 5059//5438
f 4998//5413 4970//5345 4995//5409 5036//5439
f 4135//4492 4948//5364 5004//5393 4134//5440
f 4928//5301 4992//5406 4981//5398
f 4958//5331 4987//5403 5019//5422 5045//5436
f 5020//5441 4975//5392 4968//5383 4994//5408
f 4994//5408 4967//5382 5014//5399 5020//5441
f 4966//5342 4946//5362 5021//5442 5044//5443
f 4977//5394 5017//5437 4943//5340
f 5003//5420 5006//5421 4950//5366
f 4985//5381 5021//5442 4946//5362
f 5012//5429 4957//5371 5010//5396 5046//5444
f 5023//5445 4954//5358 4942//5355 5031//5446
f 4978//5377 4959//5373 5024//5427
f 4960//5374 5025//5447 4959//5373
f 4953//5368 4954//5358 5023//5445 5033//5448
f 4964//5380 4999//5416 5026//5449 5014//5399
f 5011//5407 4949//5350 5027//5450 5056//5451
f 4980//5397 4952//5367 5008//5424 5053//5452
f 5005//5405 4988//5404 5030//5453 5029//5426
f 4979//5354 5022//5415 5018//5410
f 5031//5446 4942//5355 4965//5311 5060//5454
f 4983//5361 4936//5346 5032//5425
f 5025//5447 4960//5374 5007//5385 5050//5455
f 4339//4732 4346//4733 4372//4765 4350//4746
f 4972//5369 4953//5368 5033//5448 5054//5456
f 4993//5390 5018//5410 5019//5422
f 5037//5457 4949//5350 5000//5402
f 4990//5372 4919//5332 5038//5458
f 5036//5439 4995//5409 4974//5391 5035//5434
f 5034//5428 4991//5375 5011//5407 5056//5451
f 4969//5384 5042//5459 4984//5401
f 4965//5311 4982//5400 5043//5460 5060//5454
f 5024//5427 4959//5373 5025//5447 5063//5461
f 5009//5418 5001//5417 5029//5426 5062//5462
f 5042//5459 5013//5431 4984//5401
f 4134//5440 5004//5393 5012//5429 4131//5463
f 4992//5406 4966//5342 5044//5443
f 4977//5394 5002//5395 5041//5419 5079//5464
f 5037//5457 5027//5450 4949//5350
f 5030//5453 4988//5404 5006//5421 5078//5465
f 4990//5372 5038//5458 5035//5434
f 5048//5466 5008//5424 4975//5392 5020//5441
f 5042//5459 4969//5384 4998//5413 5052//5467
f 4945//5338 4955//5359 5049//5468 5055//5469
f 5026//5449 4999//5416 5039//5423 5080//5470
f 5022//5415 4986//5414 5047//5471 5064//5472
f 5050//5455 5007//5385 4989//5388
f 5046//5444 5010//5396 5034//5428 5071//5473
f 4973//5389 4997//5411 5051//5474 5061//5475
f 5016//5435 5043//5460 4982//5400
f 4985//5381 5017//5437 5021//5442
f 5036//5439 5052//5467 4998//5413
f 4989//5388 4972//5369 5054//5456 5068//5476
f 4919//5332 4945//5338 5055//5469
f 5049//5468 4955//5359 4981//5398 5090//5477
f 4083//4451 4087//4450 5057//5478 5015//5433
f 5020//5441 5014//5399 5058//5479 5048//5466
f 5032//5425 4980//5397 5053//5452
f 5026//5449 5058//5479 5014//5399
f 5037//5457 5000//5402 5040//5432 5098//5480
f 4973//5389 5061//5475 5039//5423
f 5064//5472 5018//5410 5022//5415
f 5064//5472 5019//5422 5018//5410
f 5003//5420 5024//5427 5065//5481 5067//5482
f 4983//5361 5032//5425 5066//5483 5041//5419
f 4131//5463 5012//5429 5046//5444 4130//5484
f 5028//5412 5009//5418 5062//5462 5093//5485
f 5042//5459 5040//5432 5013//5431
f 5052//5467 5035//5434 5038//5458 5074//5486
f 5003//5420 5067//5482 5006//5421
f 5053//5452 5008//5424 5048//5466
f 5051//5474 4997//5411 5028//5412 5110//5487
f 5036//5439 5035//5434 5052//5467
f 4989//5388 5068//5476 5069//5488
f 5050//5455 4989//5388 5069//5488
f 5063//5461 5025//5447 5050//5455 5069//5488
f 4981//5398 4992//5406 5070//5489 5090//5477
f 5047//5430 4996//5360 5059//5438 5106//5490
f 5045//5436 5019//5422 5064//5472 5092//5491
f 5072//5492 5038//5458 4919//5332 5055//5469
f 5029//5426 5030//5453 5073//5493 5062//5462
f 5026//5449 5075//5494 5058//5479
f 5071//5473 5034//5428 5056//5451 5101//5495
f 5016//5435 5045//5436 5076//5496 5043//5460
f 5024//5427 5063//5461 5077//5497 5065//5481
f 5057//5478 4087//4450 4133//4493 5119//5498
f 5032//5425 5053//5452 5081//5499 5066//5483
f 5082//5500 5033//5448 5023//5445 5031//5446
f 4992//5406 5044//5443 5083//5501 5070//5489
f 5084//5502 5048//5466 5058//5479 5075//5494
f 4971//5386 5015//5433 5085//5503 5059//5438
f 5086//5504 5056//5451 5027//5450 5037//5457
f 5053//5452 5048//5466 5084//5502 5081//5499
f 5074//5486 5042//5459 5052//5467
f 5046//5444 5071//5473 4130//5484
f 5047//5471 5087//5505 5064//5472
f 5088//5506 5069//5488 5068//5476 5054//5456
f 5089//5507 5017//5437 4977//5394 5079//5464
f 5091//5508 5060//5454 5043//5460 5076//5496
f 5054//5456 5033//5448 5094//5509 5088//5506
f 5075//5494 5026//5449 5080//5470 5116//5510
f 5074//5486 5038//5458 5072//5492 5115//5511
f 5077//5497 5063//5461 5069//5488 5121//5512
f 5073//5493 5030//5453 5078//5465 5112//5513
f 5095//5514 5031//5446 5060//5454 5107//5515
f 5094//5509 5033//5448 5082//5500 5114//5516
f 5096//5517 5006//5421 5067//5482 5135//5518
f 5087//5505 5097//5519 5064//5472
f 5039//5423 5061//5475 5099//5520 5080//5470
f 5092//5491 5064//5472 5097//5519 5105//5521
f 5100//5522 5021//5442 5017//5437 5089//5507
f 5006//5421 5096//5517 5078//5465
f 5098//5480 5040//5432 5042//5459 5127//5523
f 5044//5443 5021//5442 5100//5522 5118//5524
f 5102//5525 5076//5496 5045//5436 5092//5491
f 5103//5526 5087//5505 5047//5471
f 5041//5419 5066//5483 5104//5527 5079//5464
f 5082//5500 5031//5446 5095//5514 5114//5516
f 5107//5515 5060//5454 5091//5508
f 5087//5505 5108//5528 5097//5519
f 5062//5462 5073//5493 5109//5529 5093//5485
f 4130//5484 5071//5473 5101//5495 5140//5530
f 5061//5475 5051//5474 5099//5520
f 5111//5531 5088//5506 5094//5509
f 5076//5496 5102//5525 5091//5508
f 5069//5488 5088//5506 5113//5532 5131//5533
f 5110//5487 5028//5412 5093//5485 5163//5534
f 5074//5486 5115//5511 5042//5459
f 5084//5502 5075//5494 5116//5510 5134//5535
f 5101//5495 5056//5451 5086//5504 5154//5536
f 5055//5469 5049//5468 5117//5537 5130//5538
f 5118//5524 5083//5501 5044//5443
f 5119//5498 4133//4493 4128//5539 5155//5540
f 5092//5491 5105//5521 5120//5541 5102//5525
f 5108//5528 5087//5505 5103//5526 5143//5542
f 5103//5526 5047//5471 5106//5543
f 5111//5531 5094//5509 5114//5516 5133//5544
f 5122//5545 5105//5521 5097//5519 5108//5528
f 5109//5529 5073//5493 5112//5513 5138//5546
f 5111//5531 5123//5547 5088//5506
f 5049//5468 5090//5477 5124//5548
f 5125//5549 5065//5481 5077//5497 5121//5512
f 5126//5550 5091//5508 5102//5525 5120//5541
f 5067//5482 5065//5481 5125//5549 5152//5551
f 5066//5483 5081//5499 5128//5552
f 5107//5515 5091//5508 5126//5550
f 5129//5553 5037//5457 5098//5480
f 5124//5548 5090//5477 5070//5489 5156//5554
f 5129//5553 5086//5504 5037//5457
f 4399//4755 4498//4902 4411//4768 4353//4692
f 5117//5537 5049//5468 5132//5555
f 5088//5506 5123//5547 5113//5532
f 5081//5499 5084//5502 5134//5535
f 5104//5527 5066//5483 5128//5552 5168//5556
f 5136//5557 5095//5514 5107//5515 5126//5550
f 5015//5433 5057//5478 5137//5558 5085//5503
f 5127//5523 5042//5459 5115//5511 5159//5559
f 5138//5546 5112//5513 5078//5465 5147//5560
f 5139//5561 5072//5492 5055//5469 5130//5538
f 5114//5516 5095//5514 5136//5557 5133//5544
f 5132//5555 5049//5468 5124//5548 5157//5562
f 5099//5520 5051//5474 5141//5563 5149//5564
f 5105//5521 5142//5565 5120//5541
f 5051//5474 5110//5487 5141//5563
f 5144//5566 5069//5488 5131//5533
f 5142//5565 5105//5521 5122//5545 5171//5567
f 5144//5566 5121//5512 5069//5488
f 5145//5568 5106//5490 5059//5438 5085//5503
f 5130//5538 5117//5537 5146//5569
f 5122//5545 5108//5528 5143//5542 5192//5570
f 5147//5560 5078//5465 5096//5517 5181//5571
f 5080//5470 5148//5572 5116//5510
f 5117//5537 5132//5555 5146//5569
f 4130//5484 5140//5530 4132//5573
f 5080//5470 5099//5520 5149//5564 5180//5574
f 5111//5531 5133//5544 5150//5575 5164//5576
f 5151//5577 5079//5464 5104//5527 5168//5556
f 5111//5531 5153//5578 5123//5547
f 5155//5540 4128//5539 4129//5579 5193//5580
f 5115//5511 5072//5492 5139//5561
f 5156//5554 5070//5489 5083//5501 5186//5581
f 5158//5582 5135//5518 5067//5482
f 5098//5480 5127//5523 5159//5559 5179//5583
f 5146//5569 5132//5555 5160//5584
f 5113//5532 5123//5547 5153//5578 5203//5585
f 5140//5530 5101//5495 5154//5536 5212//5586
f 5118//5524 5100//5522 5089//5507 5204//5587
f 5120//5541 5161//5588 5126//5550
f 5093//5485 5109//5529 5162//5589 5163//5534
f 5137//5558 5057//5478 5119//5498 5222//5590
f 5166//5591 5167//5592 5165//5593 5178//5594
f 5089//5507 5079//5464 5151//5577
f 5158//5582 5067//5482 5152//5551
f 5139//5561 5130//5538 5169//5595
f 5170//5596 5103//5526 5106//5543 5194//5597
f 5111//5531 5164//5576 5153//5578
f 5160//5584 5132//5555 5157//5562
f 5130//5538 5146//5569 5172//5598 5169//5595
f 5165//5593 5167//5592 5173//5599 5182//5600
f 5174//5601 5133//5544 5136//5557 5221//5602
f 5175//5603 5128//5552 5081//5499 5134//5535
f 5176//5604 5136//5557 5126//5550 5161//5588
f 5096//5517 5135//5518 5177//5605 5181//5571
f 5098//5480 5179//5583 5129//5553
f 5080//5470 5180//5574 5148//5572
f 5157//5562 5124//5548 5183//5606
f 5184//5607 5086//5504 5129//5553 5223//5608
f 5125//5549 5121//5512 5144//5566 5219//5609
f 5161//5588 5120//5541 5142//5565 5206//5610
f 5185//5611 5131//5533 5113//5532 5203//5585
f 5118//5524 5186//5581 5083//5501
f 5103//5526 5170//5596 5143//5542
f 5166//5591 5187//5612 5167//5592
f 5188//5613 5134//5535 5116//5510 5148//5572
f 5146//5569 5160//5584 5172//5598
f 5167//5592 5189//5614 5173//5599
f 5165//5593 5182//5600 5190//5615 5178//5594
f 5109//5529 5138//5546 5162//5589
f 5160//5584 5157//5562 5172//5598
f 5191//5616 5141//5563 5110//5487 5181//5571
f 5193//5580 4129//5579 4132//5573 5680//5617
f 5106//5543 5145//5618 5194//5597
f 5166//5591 5178//5594 5195//5619 5199//5620
f 5086//5504 5184//5607 5154//5536
f 4431//4791 4487//4885 4498//4902 4399//4755
f 5196//5621 5181//5571 5110//5487
f 5182//5600 5173//5599 5197//5622 5216//5623
f 5144//5566 5131//5533 5185//5611 5248//5624
f 5198//5625 5187//5612 5166//5591
f 5199//5620 5198//5625 5166//5591
f 5085//5503 5137//5558 5200//5626 5145//5568
f 5124//5548 5201//5627 5183//5606
f 5202//5628 5150//5575 5133//5544
f 5149//5564 5141//5563 5191//5616 5243//5629
f 5163//5534 5196//5621 5110//5487
f 5142//5565 5171//5567 5205//5630 5206//5610
f 5167//5592 5187//5612 5207//5631 5189//5614
f 5208//5632 5209//5633 5210//5634
f 5115//5511 5139//5561 5211//5635 5214//5636
f 5124//5548 5156//5554 5201//5627
f 5135//5518 5158//5582 5177//5605
f 5182//5600 5213//5637 5190//5615
f 5159//5559 5115//5511 5214//5636
f 5139//5561 5169//5595 5215//5638 5211//5635
f 5162//5589 5138//5546 5147//5560 5196//5621
f 5217//5639 5152//5551 5125//5549 5219//5609
f 5218//5640 5173//5599 5189//5614 5252//5641
f 5196//5621 5147//5560 5181//5571
f 4132//5573 5140//5530 5220//5642 5680//5617
f 5202//5628 5133//5544 5174//5601
f 5218//5640 5197//5622 5173//5599
f 5222//5590 5119//5498 5155//5540 5256//5643
f 5182//5600 5216//5623 5213//5637
f 5179//5583 5223//5608 5129//5553
f 5192//5570 5143//5542 5170//5596 5266//5644
f 5208//5632 5210//5634 5224//5645
f 5136//5557 5176//5604 5221//5602
f 4498//4902 4497//4901 4456//4891 4411//4768
f 5171//5567 5122//5545 5225//5646 5261//5647
f 5226//5648 5199//5620 5195//5619 5237//5649
f 5228//5650 5210//5634 5227//5651 5242//5652
f 5229//5653 5168//5556 5128//5552 5175//5603
f 5175//5603 5134//5535 5188//5613
f 5172//5598 5215//5638 5169//5595
f 5210//5634 5209//5633 5230//5654 5227//5651
f 5231//5655 5209//5633 5208//5632 5245//5656
f 5232//5657 5178//5594 5190//5615 5258//5658
f 5233//5659 5198//5625 5199//5620 5226//5648
f 5198//5625 5207//5631 5187//5612
f 5204//5587 5089//5507 5151//5577 5267//5660
f 5216//5623 5145//5618 5200//5626 5213//5637
f 5164//5576 5234//5661 5153//5578
f 5224//5645 5210//5634 5228//5650 5259//5662
f 5158//5582 5152//5551 5217//5639 5268//5663
f 5235//5664 5195//5619 5178//5594 5232//5657
f 5164//5576 5150//5575 5236//5665 5234//5661
f 5238//5666 5194//5597 5145//5618 5216//5623
f 5239//5667 5122//5545 5192//5570
f 5184//5607 5212//5586 5154//5536
f 5186//5581 5118//5524 5204//5587 5281//5668
f 5240//5669 5172//5598 5157//5562
f 5183//5606 5240//5669 5157//5562
f 5230//5654 5214//5636 5227//5651
f 5241//5670 5151//5577 5168//5556 5229//5653
f 5159//5559 5214//5636 5179//5583
f 5242//5652 5227//5651 5214//5636 5211//5635
f 5163//5534 5162//5589 5196//5621
f 5180//5574 5149//5564 5243//5629 5263//5671
f 5244//5672 5208//5632 5224//5645
f 5222//5590 5200//5626 5137//5558
f 5237//5649 5195//5619 5246//5673
f 5247//5674 5198//5625 5233//5659
f 5238//5666 5170//5596 5194//5597
f 5216//5623 5197//5622 5249//5675 5238//5666
f 5140//5530 5212//5586 5220//5642
f 5148//5572 5180//5574 5250//5676 5188//5613
f 5244//5672 5245//5656 5208//5632
f 5231//5655 5251//5677 5209//5633
f 5247//5674 5207//5631 5198//5625
f 5230//5654 5209//5633 5251//5677 5295//5678
f 5222//5590 5213//5637 5200//5626
f 5218//5640 5249//5675 5197//5622
f 5230//5654 5179//5583 5214//5636
f 5207//5631 5252//5641 5189//5614
f 5181//5571 5177//5605 5253//5679 5191//5616
f 5254//5680 5233//5659 5226//5648 5255//5681
f 5226//5648 5237//5649 5255//5681
f 5246//5673 5195//5619 5235//5664
f 5179//5583 5230//5654 5223//5608
f 5256//5643 5155//5540 5193//5580 5681//5682
f 5190//5615 5213//5637 5257//5683 5258//5658
f 5247//5674 5233//5659 5254//5680 5278//5684
f 5246//5673 5255//5681 5237//5649
f 5239//5667 5225//5646 5122//5545
f 5202//5628 5174//5601 5221//5602 5301//5685
f 5183//5606 5201//5627 5240//5669
f 5150//5575 5202//5628 5236//5665
f 5260//5686 5203//5585 5153//5578
f 5205//5630 5171//5567 5261//5647 5326//5687
f 5158//5582 5262//5688 5177//5605
f 5264//5689 5244//5672 5224//5645 5259//5662
f 5201//5627 5156//5554 5265//5690 5311//5691
f 5156//5554 5186//5581 5265//5690
f 5151//5577 5241//5670 5267//5660
f 5231//5655 5245//5656 5269//5692 5277//5693
f 5246//5673 5270//5694 5255//5681
f 5271//5695 5219//5609 5144//5566
f 5238//5666 5266//5644 5170//5596
f 5161//5588 5206//5610 5272//5696 5282//5697
f 5273//5698 5251//5677 5231//5655 5277//5693
f 5257//5683 5213//5637 5222//5590
f 5250//5676 5180//5574 5263//5671 5322//5699
f 5246//5673 5235//5664 5270//5694
f 5228//5650 5242//5652 5274//5700
f 5260//5686 5153//5578 5234//5661
f 5275//5701 5680//5617 5220//5642
f 5276//5702 5175//5603 5188//5613 5250//5676
f 5273//5698 5680//5617 5275//5701
f 5271//5695 5144//5566 5248//5624
f 5249//5675 5218//5640 5279//5703 5291//5704
f 5280//5705 5254//5680 5255//5681 5270//5694
f 5161//5588 5282//5697 5176//5604
f 5245//5656 5244//5672 5283//5706 5269//5692
f 5284//5707 5185//5611 5203//5585 5325//5708
f 5272//5696 5206//5610 5205//5630 5330//5709
f 5275//5701 5220//5642 5285//5710
f 5286//5711 5287//5712 5186//5581
f 5281//5668 5286//5711 5186//5581
f 5191//5616 5288//5713 5243//5629
f 5289//5714 5207//5631 5247//5674
f 5270//5694 5235//5664 5280//5705
f 5265//5690 5186//5581 5287//5712 5298//5715
f 5158//5582 5268//5663 5262//5688
f 5273//5698 5275//5701 5285//5710
f 5218//5640 5252//5641 5290//5716 5279//5703
f 5238//5666 5249//5675 5291//5704 5266//5644
f 5239//5667 5192//5570 5266//5644 5346//5717
f 5228//5650 5274//5700 5259//5662
f 5273//5698 5292//5718 5680//5617
f 5285//5710 5251//5677 5273//5698
f 5176//5604 5293//5719 5221//5602
f 5274//5700 5242//5652 5211//5635 5323//5720
f 5193//5580 5680//5617 5681//5682
f 5223//5608 5294//5721 5184//5607
f 5230//5654 5295//5678 5223//5608
f 5207//5631 5290//5716 5252//5641
f 5184//5607 5294//5721 5212//5586
f 5262//5688 5253//5679 5177//5605
f 5229//5653 5175//5603 5296//5722
f 5235//5664 5232//5657 5297//5723
f 5288//5713 5191//5616 5253//5679 5340//5724
f 5185//5611 5284//5707 5248//5624
f 5299//5725 5220//5642 5212//5586 5294//5721
f 5300//5726 5680//5617 5292//5718 5312//5727
f 5302//5728 5265//5690 5298//5715
f 5257//5683 5222//5590 5256//5643
f 5254//5680 5280//5705 5303//5729 5278//5684
f 5297//5723 5232//5657 5258//5658 5337//5730
f 5273//5698 5277//5693 5304//5731 5292//5718
f 5244//5672 5264//5689 5305//5732 5283//5706
f 5172//5598 5306//5733 5215//5638
f 5278//5684 5289//5714 5247//5674
f 5303//5729 5280//5705 5235//5664 5297//5723
f 5307//5734 5217//5639 5219//5609 5271//5695
f 5308//5735 5302//5728 5298//5715 5315//5736
f 5285//5710 5220//5642 5299//5725 5295//5678
f 5263//5671 5243//5629 5309//5737
f 5310//5738 5304//5731 5277//5693
f 5285//5710 5295//5678 5251//5677
f 5298//5715 5287//5712 5313//5739 5315//5736
f 5289//5714 5290//5716 5207//5631
f 5175//5603 5314//5740 5296//5722
f 5240//5669 5201//5627 5311//5691 5367//5741
f 5316//5742 5268//5663 5217//5639 5307//5734
f 5312//5727 5292//5718 5317//5743 5329//5744
f 5175//5603 5276//5702 5314//5740
f 5240//5669 5306//5733 5172//5598
f 5304//5731 5317//5743 5292//5718
f 5318//5745 5281//5668 5204//5587
f 5241//5670 5229//5653 5319//5746
f 5277//5693 5269//5692 5320//5747 5310//5738
f 5680//5617 5300//5726 5321//5748
f 5318//5745 5204//5587 5267//5660 5328//5749
f 5229//5653 5296//5722 5324//5750 5319//5746
f 5301//5685 5221//5602 5293//5719 5364//5751
f 5309//5737 5243//5629 5288//5713 5358//5752
f 5203//5585 5260//5686 5325//5708
f 5327//5753 5236//5665 5202//5628
f 5328//5749 5267//5660 5241//5670 5319//5746
f 5257//5683 5329//5744 5258//5658
f 5205//5630 5326//5687 5330//5709
f 5264//5689 5259//5662 5331//5754 5305//5732
f 5265//5690 5302//5728 5332//5755 5311//5691
f 5223//5608 5295//5678 5294//5721
f 5286//5711 5333//5756 5287//5712
f 5257//5683 5256//5643 5329//5744
f 5274//5700 5334//5757 5259//5662
f 5680//5617 5321//5748 5681//5682
f 5211//5635 5215//5638 5306//5733 5339//5758
f 5321//5748 5300//5726 5312//5727 5681//5682
f 5271//5695 5248//5624 5284//5707 5365//5759
f 5234//5661 5335//5760 5260//5686
f 5276//5702 5250//5676 5322//5699 5354//5761
f 5323//5720 5211//5635 5336//5762
f 5338//5763 5317//5743 5304//5731 5351//5764
f 5211//5635 5339//5758 5336//5762
f 5322//5699 5263//5671 5309//5737 5369//5765
f 5329//5744 5256//5643 5681//5682
f 5327//5753 5202//5628 5301//5685
f 5340//5724 5253//5679 5262//5688 5360//5766
f 5176//5604 5341//5767 5293//5719
f 5234//5661 5236//5665 5342//5768 5335//5760
f 5329//5744 5681//5682 5312//5727
f 5262//5688 5268//5663 5343//5769
f 5302//5728 5308//5735 5344//5770 5332//5755
f 5278//5684 5303//5729 5345//5771 5348//5772
s off
f 5681//5773 5680//5774 5682//5775
s 45
f 5324//5750 5296//5722 5314//5740 5357//5776
f 5308//5735 5315//5736 5347//5777 5344//5770
f 5278//5684 5348//5772 5289//5714
f 5269//5692 5283//5706 5349//5778 5320//5747
f 5281//5668 5350//5779 5286//5711
f 5341//5767 5176//5604 5282//5697 5391//5780
f 5258//5658 5329//5744 5337//5730
f 5274//5700 5323//5720 5334//5757
f 5310//5738 5351//5764 5304//5731
f 5345//5771 5303//5729 5297//5723 5337//5730
f 5329//5744 5317//5743 5338//5763 5337//5730
f 5346//5717 5266//5644 5291//5704 5353//5781
f 5352//5782 5313//5739 5287//5712 5333//5756
f 5343//5769 5268//5663 5316//5742 5379//5783
f 5315//5736 5313//5739 5347//5777
f 5353//5781 5291//5704 5279//5703
f 5314//5740 5276//5702 5354//5761 5361//5784
f 5355//5785 5225//5646 5239//5667 5346//5717
f 5305//5732 5349//5778 5283//5706
f 5353//5781 5279//5703 5290//5716
f 5259//5662 5334//5757 5356//5786 5331//5754
f 5359//5787 5290//5716 5289//5714
f 5299//5725 5682//5788 5295//5678
f 5299//5725 5294//5721 5682//5788
f 5318//5745 5350//5779 5281//5668
f 5357//5776 5314//5740 5361//5784
f 5327//5753 5342//5768 5236//5665
f 5310//5738 5320//5747 5362//5789 5351//5764
f 5305//5732 5331//5754 5349//5778
f 5363//5790 5347//5777 5313//5739 5352//5782
f 5295//5678 5682//5788 5294//5721
f 5288//5713 5340//5724 5366//5791 5358//5752
f 5368//5792 5261//5647 5225//5646 5355//5785
f 5370//5793 5272//5696 5330//5709
f 5370//5793 5330//5709 5326//5687 5383//5794
f 5324//5750 5357//5776 5371//5795 5319//5746
f 5323//5720 5336//5762 5372//5796
f 5344//5770 5347//5777 5363//5790
f 5372//5796 5336//5762 5339//5758 5394//5797
f 5334//5757 5323//5720 5372//5796 5388//5798
f 5348//5772 5373//5799 5289//5714
f 5311//5691 5332//5755 5374//5800 5397//5801
f 5375//5802 5260//5686 5335//5760
f 5375//5802 5325//5708 5260//5686
f 5359//5787 5353//5781 5290//5716
f 5376//5803 5327//5753 5301//5685
f 5262//5688 5343//5769 5377//5804 5360//5766
f 5271//5695 5378//5805 5307//5734
f 5371//5795 5357//5776 5361//5784 5387//5806
f 5338//5763 5380//5807 5337//5730
f 5318//5745 5328//5749 5381//5808
f 5382//5809 5333//5756 5286//5711 5350//5779
f 5359//5787 5289//5714 5373//5799 5403//5810
f 5383//5794 5326//5687 5261//5647 5368//5792
f 5316//5742 5307//5734 5378//5805 5404//5811
f 5364//5751 5293//5719 5341//5767 5410//5812
f 5384//5813 5354//5761 5322//5699 5369//5765
f 5385//5814 5282//5697 5272//5696
f 5366//5791 5340//5724 5360//5766 5405//5815
f 5328//5749 5319//5746 5381//5808
f 5240//5669 5386//5816 5306//5733
f 5387//5806 5361//5784 5354//5761 5384//5813
f 5388//5798 5356//5786 5334//5757
f 5376//5803 5301//5685 5364//5751
f 5309//5737 5358//5752 5389//5817 5369//5765
f 5349//5778 5331//5754 5390//5818
f 5378//5805 5271//5695 5365//5759 5421//5819
f 5332//5755 5344//5770 5392//5820 5374//5800
f 5338//5763 5351//5764 5393//5821 5380//5807
f 5240//5669 5367//5741 5386//5816
f 5395//5822 5339//5758 5306//5733 5434//5823
f 5396//5824 5284//5707 5325//5708 5417//5825
f 5348//5772 5345//5771 5398//5826 5407//5827
f 5345//5771 5337//5730 5398//5826
f 5318//5745 5381//5808 5350//5779
f 5331//5754 5356//5786 5399//5828 5390//5818
f 5339//5758 5395//5822 5394//5797
f 5396//5824 5365//5759 5284//5707
f 5320//5747 5349//5778 5400//5829 5362//5789
f 5344//5770 5363//5790 5401//5830 5392//5820
f 5385//5814 5391//5780 5282//5697
f 5401//5830 5352//5782 5333//5756 5413//5831
f 5319//5746 5371//5795 5402//5832
f 5353//5781 5359//5787 5403//5810 5409//5833
f 5316//5742 5404//5811 5379//5783
f 5358//5752 5366//5791 5405//5815 5389//5817
f 5363//5790 5352//5782 5401//5830
f 5311//5691 5397//5801 5406//5834
f 5319//5746 5402//5832 5381//5808
f 5311//5691 5406//5834 5367//5741
f 5388//5798 5399//5828 5356//5786
f 5348//5772 5407//5827 5373//5799
f 5342//5768 5327//5753 5408//5835 5428//5836
f 5346//5717 5353//5781 5409//5833 5355//5785
f 5370//5793 5411//5837 5272//5696
f 5343//5769 5379//5783 5412//5838 5377//5804
f 5408//5835 5327//5753 5376//5803 5420//5839
f 5410//5812 5341//5767 5391//5780 5432//5840
f 5405//5815 5360//5766 5377//5804 5435//5841
f 5384//5813 5369//5765 5414//5842
f 5335//5760 5415//5843 5375//5802
f 5351//5764 5362//5789 5416//5844 5393//5821
f 5677//4922 4557//4923 4597//4985 5679//4984
f 5371//5795 5387//5806 5402//5832
f 5375//5802 5417//5825 5325//5708
f 5411//5837 5385//5814 5272//5696
f 5397//5801 5374//5800 5392//5820 5430//5845
f 5337//5730 5380//5807 5418//5846 5398//5826
f 5414//5842 5369//5765 5389//5817 5423//5847
f 5413//5831 5333//5756 5382//5809 5448//5848
f 5387//5806 5384//5813 5414//5842 5402//5832
f 5349//5778 5390//5818 5419//5849 5400//5829
f 5403//5810 5373//5799 5407//5827 5433//5850
f 5364//5751 5420//5839 5376//5803
f 5388//5798 5372//5796 5422//5851
f 5423//5847 5389//5817 5405//5815
f 5396//5824 5421//5819 5365//5759
f 5385//5814 5424//5852 5391//5780
f 5390//5818 5399//5828 5425//5853 5419//5849
f 5412//5838 5379//5783 5404//5811 5451//5854
f 5426//5855 5409//5833 5403//5810
f 5399//5828 5388//5798 5422//5851 5439//5856
f 5402//5832 5414//5842 5423//5847
f 5372//5796 5394//5797 5427//5857 5422//5851
f 5400//5829 5416//5844 5362//5789
f 5420//5839 5364//5751 5410//5812 5453//5858
f 5381//5808 5429//5859 5350//5779
f 5427//5857 5394//5797 5395//5822 5447//5860
f 5397//5801 5430//5845 5406//5834
f 5411//5837 5370//5793 5383//5794 5443//5861
f 5418//5846 5380//5807 5393//5821 5449//5862
f 5431//5863 5355//5785 5409//5833 5445//5864
f 5368//5792 5355//5785 5431//5863 5456//5865
f 5381//5808 5402//5832 5429//5859
f 5426//5855 5403//5810 5433//5850
f 5402//5832 5423//5847 5436//5866
f 5411//5837 5424//5852 5385//5814
f 5432//5840 5391//5780 5424//5852 5470//5867
f 5423//5847 5405//5815 5435//5841 5436//5866
f 5437//5868 5417//5825 5375//5802
f 5407//5827 5398//5826 5438//5869 5468//5870
f 5399//5828 5439//5856 5425//5853
f 5386//5816 5367//5741 5440//5871 5473//5872
f 5441//5873 5306//5733 5386//5816 5473//5872
f 5442//5874 5375//5802 5415//5843
f 5443//5861 5383//5794 5368//5792 5456//5865
f 5367//5741 5406//5834 5440//5871
f 5404//5811 5378//5805 5444//5875 5451//5854
f 5445//5864 5409//5833 5426//5855
f 5446//5876 5401//5830 5413//5831 5448//5848
f 5416//5844 5449//5862 5393//5821
f 5396//5824 5417//5825 5450//5877 5421//5819
f 5377//5804 5412//5838 5451//5854 5461//5878
f 5452//5879 5382//5809 5350//5779 5429//5859
f 5395//5822 5454//5880 5447//5860
f 5400//5829 5449//5862 5416//5844
f 5406//5834 5430//5845 5455//5881
f 5457//5882 5392//5820 5401//5830 5446//5876
f 5445//5864 5426//5855 5433//5850
f 5378//5805 5421//5819 5458//5883 5444//5875
f 4557//4923 4585//4966 4624//5019 4597//4985
f 5395//5822 5434//5823 5454//5880
f 5398//5826 5459//5884 5438//5869
f 5402//5832 5436//5866 5460//5885 5429//5859
f 5435//5841 5377//5804 5461//5878
f 5415//5843 5428//5836 5462//5886 5442//5874
f 5400//5829 5419//5849 5463//5887 5449//5862
f 5432//5840 5464//5888 5410//5812
f 5465//5889 5424//5852 5411//5837
f 5453//5858 5410//5812 5464//5888 5485//5890
f 5408//5835 5462//5886 5428//5836
f 5398//5826 5418//5846 5466//5891 5459//5884
f 5430//5845 5392//5820 5457//5882 5480//5892
f 5463//5887 5419//5849 5425//5853 5477//5893
f 5437//5868 5375//5802 5467//5894
f 5441//5873 5434//5823 5306//5733
f 5439//5856 5422//5851 5427//5857 5483//5895
f 5406//5834 5455//5881 5440//5871
f 5445//5864 5456//5865 5431//5863
f 5445//5864 5433//5850 5468//5870 5475//5896
f 5442//5874 5467//5894 5375//5802
f 5465//5889 5411//5837 5443//5861
f 5420//5839 5469//5897 5408//5835
f 5448//5848 5382//5809 5452//5879 5496//5898
f 5471//5899 5417//5825 5437//5868
f 5472//5900 5425//5853 5439//5856 5483//5895
f 5450//5877 5417//5825 5471//5899 5497//5901
f 5470//5867 5424//5852 5465//5889 5492//5902
f 5468//5870 5438//5869 5474//5903 5490//5904
f 5469//5897 5420//5839 5453//5858 5499//5905
f 5476//5906 5456//5865 5445//5864 5475//5896
f 5456//5865 5476//5906 5443//5861
f 5436//5866 5435//5841 5478//5907 5460//5885
f 5479//5908 5462//5886 5408//5835
f 5455//5881 5430//5845 5480//5892 5494//5909
f 5481//5910 5465//5889 5443//5861 5476//5906
f 5464//5888 5432//5840 5470//5867 5502//5911
f 5477//5893 5425//5853 5472//5900 5513//5912
f 5479//5908 5408//5835 5469//5897
f 5418//5846 5449//5862 5482//5913 5466//5891
f 5438//5869 5484//5914 5474//5903
f 5449//5862 5463//5887 5477//5893 5482//5913
f 5435//5841 5461//5878 5486//5915 5478//5907
f 5438//5869 5459//5884 5487//5916 5484//5914
f 5427//5857 5447//5860 5488//5917 5483//5895
f 5489//5918 5465//5889 5481//5910
f 5429//5859 5460//5885 5491//5919 5452//5879
f 5476//5906 5475//5896 5490//5904 5481//5910
f 5454//5880 5488//5917 5447//5860
f 5489//5918 5492//5902 5465//5889
f 5471//5899 5437//5868 5467//5894
f 5461//5878 5451//5854 5493//5920 5486//5915
f 5493//5920 5451//5854 5444//5875
f 5490//5904 5474//5903 5489//5918 5481//5910
f 5455//5881 5494//5909 5495//5921
f 5454//5880 5434//5823 5498//5922 5508//5923
f 5500//5924 5446//5876 5448//5848 5496//5898
f 5485//5890 5499//5905 5453//5858
f 5501//5925 5442//5874 5462//5886 5511//5926
f 5444//5875 5458//5883 5503//5927
f 5504//5928 5440//5871 5455//5881 5495//5921
f 5501//5925 5467//5894 5442//5874
f 5505//5929 5489//5918 5474//5903 5484//5914
f 5502//5911 5470//5867 5492//5902 5512//5930
f 5459//5884 5466//5891 5506//5931 5487//5916
f 5441//5873 5498//5922 5434//5823
f 5507//5932 5457//5882 5446//5876 5500//5924
f 5454//5880 5508//5923 5488//5917
f 5452//5879 5491//5919 5509//5933
f 5460//5885 5478//5907 5510//5934 5491//5919
f 5452//5879 5509//5933 5496//5898
f 5479//5908 5511//5926 5462//5886
f 5512//5930 5492//5902 5489//5918 5505//5929
f 5479//5908 5469//5897 5499//5905 5527//5935
f 5503//5927 5458//5883 5497//5901 5531//5936
f 5502//5911 5514//5937 5464//5888
f 5477//5893 5515//5938 5482//5913
f 5471//5899 5467//5894 5516//5939 5524//5940
f 5480//5892 5457//5882 5507//5932
f 5517//5941 5485//5890 5464//5888 5514//5937
f 5495//5921 5494//5909 5518//5942 5525//5943
f 5494//5909 5480//5892 5507//5932 5518//5942
f 5493//5920 5444//5875 5519//5944
f 5498//5922 5441//5873 5473//5872 5535//5945
f 5478//5907 5486//5915 5520//5946 5510//5934
f 5477//5893 5513//5912 5515//5938
f 5521//5947 5473//5872 5440//5871 5504//5928
f 5493//5920 5520//5946 5486//5915
f 5519//5944 5444//5875 5503//5927 5551//5948
f 5513//5912 5472//5900 5483//5895 5539//5949
f 5466//5891 5482//5913 5522//5950 5506//5931
f 5484//5914 5487//5916 5523//5951 5505//5929
f 5497//5901 5471//5899 5524//5940 5531//5936
f 5526//5952 5509//5933 5491//5919 5510//5934
f 5496//5898 5509//5933 5526//5952 5500//5924
f 5528//5953 5499//5905 5485//5890
f 5529//5954 5516//5939 5467//5894
f 5522//5950 5482//5913 5515//5938 5544//5955
f 5495//5921 5525//5943 5530//5956 5504//5928
f 5511//5926 5479//5908 5532//5957 5549//5958
f 5467//5894 5501//5925 5533//5959 5529//5954
f 5514//5937 5502//5911 5534//5960 5547//5961
f 5507//5932 5500//5924 5526//5952 5541//5962
f 5506//5931 5523//5951 5487//5916
f 5534//5960 5502//5911 5512//5930
f 5493//5920 5536//5963 5520//5946
f 5532//5957 5479//5908 5527//5935
f 5537//5964 5510//5934 5520//5946
f 5534//5960 5512//5930 5505//5929 5523//5951
f 5513//5912 5538//5965 5515//5938
f 5528//5953 5485//5890 5517//5941
f 5539//5949 5483//5895 5488//5917 5554//5966
f 5540//5967 5508//5923 5498//5922 5561//5968
f 5541//5962 5542//5969 5525//5943 5518//5942
f 5537//5964 5543//5970 5542//5969 5541//5962
f 5473//5872 5521//5947 5545//5971
f 5473//5872 5545//5971 5535//5945
f 5541//5962 5526//5952 5510//5934 5537//5964
f 5546//5972 5488//5917 5508//5923 5540//5967
f 5507//5932 5541//5962 5518//5942
f 5493//5920 5519//5944 5536//5963
f 5544//5955 5515//5938 5538//5965 5563//5973
f 5527//5935 5499//5905 5528//5953 5560//5974
f 5525//5943 5542//5969 5548//5975 5530//5956
f 5501//5925 5511//5926 5549//5958 5533//5959
f 5517//5941 5514//5937 5547//5961 5564//5976
f 5506//5931 5522//5950 5550//5977 5523//5951
f 5551//5948 5503//5927 5531//5936 5562//5978
f 5548//5975 5542//5969 5543//5970 5557//5979
f 5547//5961 5534//5960 5523//5951 5550//5977
f 5552//5980 5516//5939 5529//5954
f 5538//5965 5513//5912 5539//5949 5565//5981
f 5550//5977 5522//5950 5544//5955 5555//5982
f 5516//5939 5553//5983 5524//5940
f 5552//5980 5553//5983 5516//5939
f 5537//5964 5520//5946 5556//5984
f 5555//5982 5547//5961 5550//5977
f 5488//5917 5546//5972 5554//5966
f 5558//5985 5521//5947 5504//5928 5530//5956
f 5543//5970 5537//5964 5559//5986
f 5532//5957 5527//5935 5560//5974 5571//5987
f 5561//5968 5498//5922 5535//5945 5568//5988
f 5562//5978 5531//5936 5524//5940 5553//5983
f 5560//5974 5528//5953 5517//5941 5578//5989
f 5556//5984 5520//5946 5536//5963 5592//5990
f 5555//5982 5564//5976 5547//5961
f 5519//5944 5551//5948 5562//5978 5582//5991
f 5566//5992 5552//5980 5529//5954 5580//5993
f 5567//5994 5545//5971 5521//5947 5558//5985
f 5568//5988 5535//5945 5545//5971 5567//5994
f 5569//5995 5557//5979 5543//5970 5559//5986
f 5539//5949 5554//5966 5565//5981
f 5570//5996 5555//5982 5544//5955 5563//5973
f 5519//5944 5572//5997 5536//5963
f 5546//5972 5540//5967 5573//5998 5586//5999
f 5557//5979 5552//5980 5566//5992 5576//6000
f 5574//6001 5532//5957 5571//5987
f 5530//5956 5548//5975 5575//6002 5558//5985
f 5563//5973 5538//5965 5565//5981 5591//6003
f 5565//5981 5554//5966 5546//5972 5585//6004
f 5548//5975 5557//5979 5576//6000 5575//6002
f 5577//6005 5549//5958 5532//5957 5574//6001
f 5529//5954 5533//5959 5579//6006 5580//5993
f 5557//5979 5569//5995 5552//5980
f 5581//6007 5573//5998 5540//5967 5561//5968
f 5564//5976 5578//5989 5517//5941
f 5537//5964 5556//5984 5559//5986
f 5533//5959 5549//5958 5577//6005 5579//6006
f 5571//5987 5560//5974 5578//5989 5587//6008
f 5519//5944 5582//5991 5572//5997
f 5583//6009 5553//5983 5552//5980 5569//5995
f 5584//6010 5564//5976 5555//5982 5570//5996
f 5574//6001 5571//5987 5587//6008 5589//6011
f 5588//6012 5574//6001 5589//6011
f 5586//5999 5573//5998 5588//6012
f 5574//6001 5588//6012 5590//6013 5577//6005
f 5590//6013 5588//6012 5573//5998 5581//6007
f 5562//5978 5553//5983 5583//6009 5582//5991
f 5592//5990 5536//5963 5572//5997 5599//6014
f 5593//6015 5576//6000 5566//5992 5580//5993
f 5567//5994 5558//5985 5594//6016 5595//6017
f 5546//5972 5586//5999 5585//6004
f 5581//6007 5561//5968 5568//5988 5595//6017
f 5587//6008 5578//5989 5564//5976 5584//6010
f 5558//5985 5575//6002 5594//6016
f 5575//6002 5576//6000 5593//6015 5594//6016
f 5568//5988 5567//5994 5595//6017
f 5565//5981 5585//6004 5591//6003
f 5570//5996 5563//5973 5591//6003 5584//6010
f 5596//6018 5586//5999 5588//6012 5589//6011
f 5591//6003 5585//6004 5586//5999 5596//6018
f 5597//6019 5580//5993 5579//6006 5590//6013
f 5597//6019 5593//6015 5580//5993
f 5590//6013 5579//6006 5577//6005
f 5589//6011 5587//6008 5584//6010 5596//6018
f 5581//6007 5595//6017 5597//6019 5590//6013
f 5594//6016 5593//6015 5597//6019 5595//6017
f 5591//6003 5596//6018 5584//6010
f 5559//5986 5556//5984 5598//6020
f 5559//5986 5598//6020 5569//5995
f 5582//5991 5599//6014 5572//5997
f 5556//5984 5592//5990 5598//6020
f 5600//6021 5583//6009 5569//5995 5598//6020
f 5583//6009 5600//6021 5582//5991
f 5599//6014 5598//6020 5592//5990
f 5582//5991 5600//6021 5599//6014
f 5599//6014 5600//6021 5598//6020
f 5428//5836 5415//5843 5335//5760 5342//5768
f 5458//5883 5421//5819 5450//5877 5497//5901
f 5603//6022 4076//4407 4083//4451 4078//5387
f 5645//6023 4128//5539 4133//4493 4127//4453
f 5601//6024 5602//6025 5619//6026 5620//6027
f 5602/2975/6025 5601/2976/6024 5604/2977/6028 5603/2978/6022
f 5603/2979/6022 5604/2980/6028 5615/2981/6029 5616/2982/6030
f 5605/2983/6031 5606/2984/6032 5608/2985/6033 5607/2986/6034
f 5606/2987/6032 5605/2983/6031 5623/2988/6035 5624/2989/6036
f 5607//6034 5608//6033 5621//6037 5622//6038
f 5609//6039 5610//6040 5611//6041 5612//6042
f 5610/2990/6040 5609/2991/6039 5622/2992/6038 5621/2993/6037
f 5612//6042 5611//6041 5614//6043 5613//6044
f 5613/2994/6044 5614/2995/6043 5616/2982/6030 5615/2981/6029
f 5617//6045 5618//6046 5620//6027 5619//6026
f 5618/2996/6046 5617/2997/6045 5624/2998/6036 5623/2988/6035
f 5625/2999/6047 5626/3000/6048 5645/3001/6023 5646/3002/6049
f 5626//6048 5625//6047 5628//6050 5627//6051
f 5627//6051 5628//6050 5636//6052 5635//6053
f 5629//6054 5630//6055 5631//6056 5632//6057
f 5630//6055 5629//6054 5634//6058 5633//6059
f 5632/3003/6057 5631/3004/6056 5643/3005/6060 5644/3006/6061
f 5633/3007/6059 5634/3008/6058 5639/3009/6062 5640/3010/6063
f 5635/3011/6053 5636/3012/6052 5647/3013/6064 5648/3014/6065
f 5637//6066 5638//6067 5640//6063 5639//6062
f 5638/3015/6067 5637/3016/6066 5642/3017/6068 5641/3018/6069
f 5641/3018/6069 5642/3019/6068 5648/3020/6065 5647/3013/6064
f 5644/3006/6061 5643/3005/6060 5646/3021/6049 5645/3022/6023
f 5602//6025 4078//5387 4079//5308 5619//6026
f 5610//6040 4084//5243 5614//6043 5611//6041
f 4079//5308 5617//6045 5619//6026
f 4080//5154 4081//5193 5621//6037 5608//6033
f 5605/2983/6031 5607/2986/6034 4041/2893/4427 4047/2899/4431
f 5609/2991/6039 5612/3023/6042 4050/2896/4429 4044/2890/4425
f 5613/2994/6044 5615/2981/6029 4062/2908/4437 4056/2902/4433
f 5601/2976/6024 5620/3024/6027 4065/2917/4443 4068/2920/4445
f 5615/2981/6029 5604/2980/6028 4071/2914/4441 4062/2908/4437
f 4041/2893/4427 5607/2986/6034 5622/2992/6038 4038/2889/4424
f 4038/2889/4424 5622/2992/6038 5609/2991/6039 4044/2890/4425
f 4053/2905/4435 5623/2988/6035 5605/2983/6031 4047/2899/4431
f 4050/2896/4429 5612/3023/6042 5613/2994/6044 4056/2902/4433
f 4065/2917/4443 5620/3024/6027 5618/2996/6046 4059/2911/4439
f 4059/2911/4439 5618/2996/6046 5623/2988/6035 4053/2905/4435
f 4071/2923/4441 5604/2977/6028 5601/2976/6024 4068/2920/4445
f 4080//5154 5608//6033 5606//6032 4082//5218
f 4082//5218 5624//6036 5617//6045 4079//5308
f 4082//5218 5606//6032 5624//6036
f 5602//6025 5603//6022 4078//5387
f 5614//6043 4074//4446 4072//4408 5616//6030
f 5621//6037 4081//5193 4084//5243 5610//6040
f 4085//4448 4074//4446 5614//6043 4084//5243
f 5616//6030 4072//4408 4076//4407 5603//6022
f 5626//6048 5627//6051 4129//5579 4128//5539
f 5634//6058 5629//6054 5632//6057 4134//5440
f 4129//5579 5627//6051 5635//6070
f 4130//5484 5637//6071 5639//6062 4131//5463
f 5641/3018/6069 4100/2949/4475 4094/2943/4471 5638/3015/6067
f 5633/3007/6059 4097/2941/4469 4103/2948/4474 5630/3025/6055
f 5631/3004/6056 4109/2954/4478 4115/2960/4482 5643/3005/6060
f 5625/2999/6047 4121/2970/4489 4118/2967/4487 5628/3026/6050
f 5643/3005/6060 4115/2960/4482 4124/2966/4486 5646/3021/6049
f 4094/2943/4471 4091/2942/4470 5640/3010/6063 5638/3015/6067
f 4091/2942/4470 4097/2941/4469 5633/3007/6059 5640/3010/6063
f 4106/2955/4479 4100/2949/4475 5641/3018/6069 5647/3013/6064
f 4103/2948/4474 4109/2954/4478 5631/3004/6056 5630/3025/6055
f 4118/2967/4487 4112/2961/4483 5636/3012/6052 5628/3026/6050
f 4112/2961/4483 4106/2955/4479 5647/3013/6064 5636/3012/6052
f 4124/2973/4486 4121/2970/4489 5625/2999/6047 5646/3002/6049
f 4130//5484 4132//5573 5642//6072 5637//6071
f 4132//5573 4129//5579 5635//6070 5648//6073
f 4132//5573 5648//6073 5642//6072
f 5626//6048 4128//5539 5645//6023
f 5632//6057 5644//6061 4125//4452 4126//4491
f 5639//6062 5634//6058 4134//5440 4131//5463
f 4135//4492 4134//5440 5632//6057 4126//4491
f 5644//6061 5645//6023 4127//4453 4125//4452
f 4924//5295 4948//5364 4135//4492 4086//4449
f 4085//4448 4853//5264 4924//5295 4086//4449
f 4782//5122 4629//4995 4723//5077
f 4696//5103 4666//5034 4786//5123 5683//5273
f 4898//5357 5683//5273 4786//5123 4857//5250
f 5683//5273 4898//5357 4856//5271
f 4982//5400 4939//5269 4895//5268 5016//5435
f 4895//5268 4776//5149 4847//5225
f 5016//5435 4895//5268 4927//5337
f 5475//5896 5468//5870 5490//5904
f 5433//5850 5407//5827 5468//5870
f 4420//4803 4376//4748 4411//4768 4456//4891
f 4138//4499 5653//4501 4140//4504
f 5654//4507 5655//6074 5649//4495 4136//4494
s 79
f 5650/3027/6075 5649/3028/6076 5743/3029/6077 5714/3030/6078
s 80
f 5651/3031/6079 5650/3032/6080 5714/3033/6081 5715/3034/6082
s 81
f 5652/3035/6083 5651/3036/6084 5715/3037/6085 5716/3038/6086
s 82
f 5653/3039/6087 5652/3040/6088 5716/3041/6089 5717/3042/6090
s 83
f 5655/3043/6091 5656/3044/6092 5741/3045/6093 5742/3046/6094
s 84
f 5657/3047/6095 5653/3048/6096 5717/3049/6097 5718/3050/6098
s 85
f 5656/3051/6099 5658/3052/6100 5740/3053/6101 5741/3054/6102
s 86
f 5660/3055/6103 5659/3056/6104 5719/3057/6105 5720/3058/6106
s 87
f 5662/3059/6107 5661/3060/6108 5721/3061/6109 5722/3062/6110
s 88
f 5661/3063/6111 5660/3064/6112 5720/3065/6113 5721/3066/6114
s 89
f 5658/3067/6115 5663/3068/6116 5739/3069/6117 5740/3070/6118
s 90
f 5664/3071/6119 5662/3072/6120 5722/3073/6121 5723/3074/6122
s 91
f 5666/3075/6123 5665/3076/6124 5725/3077/6125 5726/3078/6126
s 92
f 5667/3079/6127 5664/3080/6128 5723/3081/6129 5724/3082/6130
s 93
f 5665/3083/6131 5667/3084/6132 5724/3085/6133 5725/3086/6134
s 94
f 5668/3087/6135 5666/3088/6136 5726/3089/6137 5727/3090/6138
s 95
f 5669/3091/6139 5668/3092/6140 5727/3093/6141 5728/3094/6142
s 96
f 5663/3095/6143 5670/3096/6144 5738/3097/6145 5739/3098/6146
s 97
f 5670/3099/6147 5671/3100/6148 5737/3101/6149 5738/3102/6150
s 98
f 5672/3103/6151 5669/3104/6152 5728/3105/6153 5729/3106/6154
s 99
f 5671/3107/6155 5673/3108/6156 5736/3109/6157 5737/3110/6158
s 100
f 5673/3111/6159 5674/3112/6160 5735/3113/6161 5736/3114/6162
s 101
f 5675/3115/6163 5672/3116/6164 5729/3117/6165 5730/3118/6166
s 102
f 5676/3119/6167 5675/3120/6168 5730/3121/6169 5731/3122/6170
s 103
f 5674/3123/6171 5677/3124/6172 5734/3125/6173 5735/3126/6174
s 104
f 5678/3127/6175 5676/3128/6176 5731/3129/6177 5732/3130/6178
s 105
f 5679/3131/6179 5678/3132/6180 5732/3133/6181 5733/3134/6182
s 106
f 5659/3135/6183 5657/3136/6184 5718/3137/6185 5719/3138/6186
s 107
f 5677/3139/6187 5679/3140/6188 5733/3141/6189 5734/3142/6190
s 108
f 5649/3143/6191 5655/3144/6192 5742/3145/6193 5743/3146/6194
s 80
f 5715/3034/6082 5714/3033/6081 5684/3147/6195 5686/3148/6196
s 81
f 5716/3038/6086 5715/3037/6085 5686/3149/6197 5687/3150/6198
s 82
f 5717/3042/6090 5716/3041/6089 5687/3151/6199 5688/3152/6200
s 84
f 5718/3050/6098 5717/3049/6097 5688/3153/6201 5691/3154/6202
s 106
f 5719/3138/6186 5718/3137/6185 5691/3155/6203 5694/3156/6204
s 86
f 5720/3058/6106 5719/3057/6105 5694/3157/6205 5693/3158/6206
s 88
f 5721/3066/6114 5720/3065/6113 5693/3159/6207 5696/3160/6208
s 87
f 5722/3062/6110 5721/3061/6109 5696/3161/6209 5695/3162/6210
s 90
f 5723/3074/6122 5722/3073/6121 5695/3163/6211 5698/3164/6212
s 92
f 5724/3082/6130 5723/3081/6129 5698/3165/6213 5701/3166/6214
s 93
f 5725/3086/6134 5724/3085/6133 5701/3167/6215 5699/3168/6216
s 91
f 5726/3078/6126 5725/3077/6125 5699/3169/6217 5700/3170/6218
s 94
f 5727/3090/6138 5726/3089/6137 5700/3171/6219 5702/3172/6220
s 95
f 5728/3094/6142 5727/3093/6141 5702/3173/6221 5703/3174/6222
s 98
f 5729/3106/6154 5728/3105/6153 5703/3175/6223 5706/3176/6224
s 101
f 5730/3118/6166 5729/3117/6165 5706/3177/6225 5709/3178/6226
s 102
f 5731/3122/6170 5730/3121/6169 5709/3179/6227 5710/3180/6228
s 104
f 5732/3130/6178 5731/3129/6177 5710/3181/6229 5712/3182/6230
s 105
f 5733/3134/6182 5732/3133/6181 5712/3183/6231 5713/3184/6232
s 107
f 5734/3142/6190 5733/3141/6189 5713/3185/6233 5711/3186/6234
s 103
f 5735/3126/6174 5734/3125/6173 5711/3187/6235 5708/3188/6236
s 100
f 5736/3114/6162 5735/3113/6161 5708/3189/6237 5707/3190/6238
s 99
f 5737/3110/6158 5736/3109/6157 5707/3191/6239 5705/3192/6240
s 97
f 5738/3102/6150 5737/3101/6149 5705/3193/6241 5704/3194/6242
s 96
f 5739/3098/6146 5738/3097/6145 5704/3195/6243 5697/3196/6244
s 89
f 5740/3070/6118 5739/3069/6117 5697/3197/6245 5692/3198/6246
s 85
f 5741/3054/6102 5740/3053/6101 5692/3199/6247 5690/3200/6248
s 83
f 5742/3046/6094 5741/3045/6093 5690/3201/6249 5689/3202/6250
s 108
f 5743/3146/6194 5742/3145/6193 5689/3203/6251 5685/3204/6252
s 79
f 5714/3030/6078 5743/3029/6077 5685/3205/6253 5684/3206/6254
s 39
f 5745/3210/4315 5744/3207/4314 3907/2651/4332 3909/2652/4336
f 5746/3212/4317 5745/3209/4315 3909/2659/4336 3911/2660/4340
f 5747/3214/4319 5746/3211/4317 3911/2667/4340 3913/2668/4344
f 5748/3216/4320 5747/3213/4319 3913/2671/4344 3914/2672/4346
f 5749/3218/4323 5748/3215/4320 3914/2683/4346 3917/2684/4352
f 5750/3220/4325 5749/3217/4323 3917/2691/4352 3919/2692/4356
f 5751/3222/4328 5750/3219/4325 3919/2703/4356 3922/2704/4362
f 5752/3224/4330 5751/3221/4328 3922/2711/4362 3924/2712/4366
f 5753/3226/4331 5752/3223/4330 3924/2715/4366 3925/2716/4368
f 5754/3228/4329 5753/3225/4331 3925/2719/4368 3923/2720/4364
f 5755/3230/4327 5754/3227/4329 3923/2707/4364 3921/2708/4360
f 5756/3232/4326 5755/3229/4327 3921/2699/4360 3920/2700/4358
f 5757/3234/4324 5756/3231/4326 3920/2695/4358 3918/2696/4354
f 5758/3236/4322 5757/3233/4324 3918/2687/4354 3916/2688/4350
f 5759/3238/4321 5758/3235/4322 3916/2679/4350 3915/2680/4348
f 5760/3240/4318 5759/3237/4321 3915/2675/4348 3912/2676/4342
f 5761/3242/4316 5760/3239/4318 3912/2663/4342 3910/2664/4338
f 5762/3244/4313 5761/3241/4316 3910/2655/4338 3908/2656/4333
f 5744/3208/4314 5762/3243/4313 3908/2647/4333 3907/2648/4332
s 21
f 5764/3248/3911 5763/3245/3909 3585/2178/3930 3587/2179/3934
f 5765/3250/3913 5764/3247/3911 3587/2186/3934 3589/2187/3938
f 5766/3252/3916 5765/3249/3913 3589/2198/3938 3592/2199/3944
f 5767/3254/3917 5766/3251/3916 3592/2202/3944 3593/2203/3946
f 5768/3256/3919 5767/3253/3917 3593/2210/3946 3595/2211/3950
f 5769/3258/3921 5768/3255/3919 3595/2218/3950 3597/2219/3954
f 5770/3260/3922 5769/3257/3921 3597/2222/3954 3598/2223/3956
f 5771/3262/3924 5770/3259/3922 3598/2230/3956 3600/2231/3960
f 5772/3264/3926 5771/3261/3924 3600/2242/3960 3602/2243/3963
f 5773/3266/3925 5772/3263/3926 3602/2238/3963 3601/2239/3961
f 5774/3268/3923 5773/3265/3925 3601/2234/3961 3599/2235/3957
f 5775/3270/3920 5774/3267/3923 3599/2226/3957 3596/2227/3951
f 5776/3272/3918 5775/3269/3920 3596/2214/3951 3594/2215/3947
f 5777/3274/3915 5776/3271/3918 3594/2206/3947 3591/2207/3941
f 5778/3276/3914 5777/3273/3915 3591/2194/3941 3590/2195/3939
f 5779/3278/3912 5778/3275/3914 3590/2190/3939 3588/2191/3935
f 5780/3280/3910 5779/3277/3912 3588/2182/3935 3586/2183/3931
f 5781/3282/3908 5780/3279/3910 3586/2174/3931 3584/2175/3927
f 5763/3246/3909 5781/3281/3908 3584/2170/3927 3585/2171/3930
f 3491//3770 5783//3782 5782//3766 3484//3767
f 5784//3789 5783//3782 3491//3770 3496//3776
f 5785//3797 5784//3789 3496//3776 3500//3775
f 5786//3809 5785//3797 3500//3775 3506//3786
f 3513//3785 5787//3821 5786//3809 3506//3786
f 3527//3791 5788//3838 5787//3821 3513//3785
f 5789//3847 5788//3838 3527//3791 3530//3804
f 5790//3851 5789//3847 3530//3804 3528//3841
f 5791//3849 5790//3851 3528//3841 3525//3816
f 5792//3831 5791//3849 3525//3816 3583//3815
f 5793//3806 5792//3831 3583//3815 3582//3907
f 5794//3794 5793//3806 3582//3907 3581//3905
f 5795//3795 5794//3794 3581//3905 3580//3903
f 5796//3781 5795//3795 3580//3903 3579//3900
f 5797//3778 5796//3781 3579//3900 3578//3898
f 3577//3896 5798//3773 5797//3778 3578//3898
f 5799//3772 5798//3773 3577//3896 3576//3895
f 5800//3765 5799//3772 3576//3895 3575//3893
f 5782//3766 5800//3765 3575//3893 3484//3767
f 3514//3801 5802//3818 5801//3813 3511//3798
f 3514//3801 3518//3807 5803//3832 5802//3818
f 3518//3807 3521//3823 5804//3833 5803//3832
f 5805//3855 5804//3833 3521//3823 3529//3837
f 5806//3858 5805//3855 3529//3837 3532//3845
f 5807//3864 5806//3858 3532//3845 3543//3854
f 5808//3870 5807//3864 3543//3854 3546//3862
f 5809//3876 5808//3870 3546//3862 3547//3861
f 5810//3878 5809//3876 3547//3861 3548//3863
f 5811//3873 5810//3878 3548//3863 3545//3860
f 5812//3874 5811//3873 3545//3860 3542//3857
f 5813//3852 5812//3874 3542//3857 3531//3844
f 3524//3836 5814//3842 5813//3852 3531//3844
f 3519//3820 5815//3828 5814//3842 3524//3836
f 3516//3802 5816//3826 5815//3828 3519//3820
f 3512//3800 5817//3824 5816//3826 3516//3802
f 3510//3799 5818//3812 5817//3824 3512//3800
f 5801//3813 5818//3812 3510//3799 3511//3798
g default
v -11.618700 -88.360695 11.911607
v -12.009200 -89.532402 13.278507
v -10.837600 -89.532402 12.106907
v -12.595100 -88.165497 12.497406
v -12.985600 -87.579605 11.521107
v -13.571400 -89.532402 13.864306
v -13.766700 -88.165497 12.888006
v -10.251800 -89.532402 9.373107
v -11.228200 -88.165497 9.177807
v -13.376200 -91.094604 14.254906
v -11.618700 -91.094604 13.473806
v -10.251800 -91.094604 12.106907
v -16.110001 -88.556000 12.692707
v -15.893111 -87.927025 11.067815
v -9.861300 -92.656700 12.302206
v -10.251800 -92.461502 12.106907
v -11.228200 -92.461502 13.669107
v -9.666000 -91.094604 9.568307
v -11.618700 -92.266205 13.473806
v -13.191642 -87.373665 8.430893
v -13.180900 -92.266205 14.645408
v -10.837600 -88.165497 7.420307
v -16.305199 -89.727600 13.473806
v -13.376200 -92.070900 14.254906
v -9.275400 -92.656700 9.763607
v -10.409203 -87.894371 5.630745
v -9.666000 -92.461502 9.568307
v -12.204500 -87.384399 6.834507
v -9.861300 -94.023598 12.302206
v -11.228200 -93.828400 13.669107
v -10.447100 -94.609497 12.106907
v -13.180900 -93.633095 14.645408
v -11.618700 -94.414200 13.473806
v -9.080200 -89.141800 3.514907
v -16.500500 -91.094604 13.669107
v -16.695801 -92.266205 14.059607
v -13.376200 -94.023598 14.450207
v -10.624373 -87.348526 5.555313
v -10.465026 -87.029678 4.598901
v -12.393507 -86.582260 5.182821
v -9.275400 -94.609497 9.763607
v -12.374113 -86.942406 5.313428
v -10.079176 -87.624977 4.236804
v -17.867399 -88.946602 11.521107
v -15.719400 -87.579605 7.420307
v -12.009200 -86.212700 4.296007
v -12.024629 -86.438881 3.998010
v -16.500500 -92.070900 13.669107
v -11.228200 -83.549828 0.976406
v -12.009200 -83.869499 1.562206
v -10.447100 -84.260002 1.366906
v -16.695801 -93.633095 14.059607
v -9.861300 -86.408005 2.148006
v -12.009200 -85.431702 2.538507
v -9.861300 -95.000000 9.568308
v -8.689600 -94.609497 6.834507
v -15.524199 -87.398033 5.422405
v -8.103800 -90.899300 1.952707
v -18.648500 -90.118202 12.106907
v -8.494300 -87.189102 0.781107
v -8.494300 -88.946602 1.757507
v -8.103800 -92.461502 1.952707
v -13.376200 -83.100166 0.585806
v -15.578380 -86.516418 3.840101
v -18.648500 -94.218895 12.692707
v -16.500500 -94.023598 13.864306
v -15.405998 -87.148079 3.977656
v -9.080200 -95.000000 6.834507
v -7.713300 -88.946602 0.195307
v -15.383080 -86.125916 3.059001
v -7.435919 -87.579605 -2.249896
v -7.908500 -93.828400 2.148007
v -19.039101 -91.094604 12.302206
v -15.133600 -85.041100 0.781106
v -19.234299 -92.461502 12.692707
v -14.812875 -86.604095 2.853224
v -19.429600 -90.118202 11.130507
v -7.035326 -92.643562 0.755414
v -7.518000 -90.899300 0.390507
v -17.476900 -88.349068 6.706563
v -19.820101 -94.414200 11.325807
v -6.932200 -88.946602 -2.733793
v -15.133600 -84.326508 -0.471962
v -19.039101 -92.266205 12.302206
v -7.127400 -87.579605 -4.100693
v -14.801296 -84.214119 -0.568005
v -20.015400 -91.094604 10.935307
v -19.039101 -89.727600 6.444006
v -19.234299 -93.828400 12.692707
v -7.518000 -92.461502 0.390507
v -17.476900 -88.181313 4.860505
v -6.736900 -90.899300 -3.124393
v -7.476552 -86.580330 -5.745980
v -6.736900 -88.946602 -5.467593
v -16.889149 -86.945473 2.280980
v -7.208461 -93.799850 0.809656
v -17.086300 -87.384399 2.733807
v -20.406000 -92.656700 11.130507
v -6.151100 -92.656700 -2.929093
v -7.322701 -87.579605 -6.443993
v -15.387087 -85.013817 -0.614748
v -6.932200 -94.609497 -0.390493
v -16.500500 -86.408005 0.195307
v -8.689600 -86.017502 -7.225093
v -20.015400 -92.461502 10.935307
v -17.308308 -88.023643 2.698810
v -16.978825 -87.364655 1.789751
v -6.736900 -92.461502 -3.124393
v -7.322701 -95.000000 -0.195293
v -8.494300 -87.189102 -7.810894
v -6.346400 -90.899300 -6.248693
v -7.127400 -88.946602 -7.225093
v -20.406000 -94.023598 11.130507
v -19.820101 -95.000000 6.444007
v -20.015400 -91.094604 6.248706
v -6.151100 -94.609497 -2.929093
v -19.429600 -95.000000 3.710207
v -18.843800 -89.532402 4.100707
v -10.251800 -85.431702 -7.615593
v -6.736900 -92.461502 -6.248693
v -15.521069 -86.798599 -0.976393
v -6.541600 -95.000000 -2.929093
v -10.056500 -86.993805 -8.591993
v -17.672100 -89.141800 0.390507
v -8.103800 -88.946602 -8.396693
v -6.932200 -90.899300 -7.615593
v -12.399800 -85.626900 -7.810894
v -17.086300 -88.946602 -1.171593
v -19.820101 -91.094604 3.710207
v -9.861300 -88.946602 -9.177794
v -17.297527 -93.828400 -3.055403
v -16.695801 -88.946602 -3.124393
v -6.151100 -92.656700 -6.443993
v -7.322701 -92.461502 -7.615592
v -8.103800 -90.899300 -8.591993
v -12.399800 -86.993805 -8.787293
v -13.962001 -86.212700 -7.615593
v -6.736900 -92.656700 -8.006193
v -20.406000 -94.609497 6.248707
v -15.133600 -86.993805 -6.248693
v -16.110001 -87.579605 -4.686493
v -17.867399 -93.828400 -1.366893
v -17.476900 -90.899300 -1.366893
v -6.541600 -95.000000 -6.443993
v -6.736900 -94.414200 -8.006193
v -6.151100 -94.609497 -6.443993
v -12.399800 -88.946602 -9.568294
v -14.157200 -87.189102 -8.396693
v -9.275400 -92.461502 -8.982493
v -9.666000 -90.899300 -9.568294
v -9.080200 -92.656700 -9.568294
v -15.719400 -87.579605 -6.834494
v -7.322701 -94.804695 -8.006192
v -16.500500 -88.946602 -5.858193
v -20.210699 -92.656700 3.710207
v -19.820101 -92.461502 3.710207
v -17.476900 -92.461502 -1.366893
v -17.086300 -90.899300 -3.124393
v -20.210699 -94.609497 3.710207
v -12.399800 -90.899300 -9.958893
v -9.080200 -94.414200 -9.568294
v -15.719400 -89.141800 -7.810894
v -14.547799 -88.946602 -8.982493
v -17.086300 -95.000000 -4.100693
v -17.565769 -92.581322 -3.244215
v -12.399800 -92.461502 -9.568294
v -16.305199 -90.899300 -6.834494
v -9.275400 -94.804695 -9.373093
v -15.524199 -95.000000 -8.396692
v -17.086300 -92.461502 -3.124393
v -14.352501 -90.899300 -9.373094
v -16.305199 -92.461502 -6.248693
v -15.524199 -90.899300 -8.396693
v -12.399800 -94.804695 -9.958892
v -12.790300 -92.656700 -10.154194
v -17.476900 -94.609497 -4.491293
v -15.524199 -92.461502 -8.006193
v -17.086300 -92.656700 -6.639293
v -14.352501 -92.461502 -8.982493
v -14.352501 -94.804695 -9.373093
v -12.790300 -94.414200 -10.154194
v -14.938299 -92.656700 -9.568294
v -16.110001 -92.656700 -8.396693
v -16.500500 -95.000000 -6.443993
v -17.086300 -94.609497 -6.639293
v -14.938299 -94.414200 -9.568294
v -16.110001 -94.609497 -8.396693
v -20.015400 -92.461502 6.248707
v -20.406000 -92.656700 6.248707
v -7.717567 -92.583900 2.419569
v -8.428466 -93.999969 1.959956
v -7.766600 -93.971420 0.589170
v -17.846954 -93.461098 -3.184435
v -18.035099 -92.602272 -1.737570
v -18.322170 -93.483109 -1.485672
v -17.732815 -88.775795 10.667088
v -11.382699 -87.547264 9.023229
v -11.531328 -87.340202 8.726173
v -11.370858 -87.331062 7.556346
v -11.156251 -87.528282 7.420307
v -13.183772 -86.952354 8.262766
v -13.097656 -86.804230 8.060192
v -12.513287 -86.843773 7.068871
v -12.359111 -87.010109 6.894156
v -15.870843 -86.937965 7.188334
v -15.889215 -86.776947 6.974032
v -15.762709 -86.669502 5.727658
v -15.694876 -86.823135 5.523228
v -17.633648 -87.731186 6.495728
v -17.514019 -87.486763 6.349982
v -17.511829 -87.348557 5.290793
v -17.631327 -87.550858 5.031864
v -15.133600 -85.938667 1.550430
v -16.739662 -86.886330 0.992529
v -17.379200 -89.044205 -0.390543
v -10.604156 -84.248566 0.817208
v -11.259071 -83.556564 0.682066
v -9.041346 -86.837135 0.351545
v -13.377771 -83.146484 0.268561
v -15.205895 -84.949913 -0.846356
v -7.908500 -85.822205 -5.662893
v -8.689600 -85.626900 -6.834494
v -10.219471 -85.303986 -7.390334
v -12.399800 -85.431702 -7.615593
v -14.938299 -87.579605 -2.929093
v -13.571400 -85.626900 -7.029793
v -14.743100 -86.798599 -4.491293
v -14.157200 -86.017502 -6.053393
v -7.599350 -87.054047 -2.059807
v -8.008387 -85.967636 -1.676147
v -9.302627 -87.445496 1.988415
v -7.173566 -86.636360 -3.876801
v -7.612377 -86.066536 -3.812770
v -13.025441 -86.772209 1.680624
v -14.447174 -87.062012 0.650390
v -15.653796 -87.094902 -0.489859
v -10.906819 -86.691994 1.921427
v -10.038859 -86.645462 1.832697
v -9.451620 -86.779617 -0.139974
v -14.490594 -87.414062 -2.943294
v -14.902885 -86.746689 -1.274703
v -8.483599 -85.912354 -5.279338
v -9.151052 -85.745461 -6.280476
v -10.458334 -85.469528 -6.755444
v -12.321435 -85.578667 -6.947929
v -13.322572 -85.745461 -6.447361
v -14.323795 -86.746689 -4.278201
v -13.823140 -86.079231 -5.613022
v -8.230559 -86.121132 -3.698399
v -8.568952 -86.036621 -1.872645
v -9.451620 -90.346962 -0.139973
v -10.168862 -89.405838 1.250134
v -14.490594 -90.981407 -2.943294
v -15.491817 -90.314034 -1.274702
v -8.483599 -89.479698 -5.279338
v -9.151052 -89.312805 -6.280475
v -10.458334 -89.036873 -6.755444
v -12.321435 -89.146011 -6.947928
v -13.322572 -89.312805 -6.447360
v -14.323795 -90.314034 -4.278200
v -13.823140 -89.646576 -5.613022
v -8.230559 -89.688477 -3.698399
v -8.568952 -89.603966 -1.872645
v -9.763640 -86.212730 1.855077
v -9.522835 -86.205353 1.284732
v -9.979491 -86.306625 1.351654
v -9.831911 -86.280617 0.597080
v -9.825259 -89.856689 0.584188
v -15.858210 -86.468834 -0.330464
v -15.858210 -89.856239 -0.330464
v -12.106562 -90.354408 0.860778
v -13.331316 -90.604065 -0.026720
v -14.370764 -90.632393 -1.008993
v -10.281470 -90.285309 1.068219
v -9.533764 -90.245224 0.991784
v -11.613354 -90.354408 -1.906009
v -12.838108 -90.604065 -2.793508
v -13.877556 -90.632393 -3.775781
v -9.788262 -90.285309 -1.698568
v -9.040556 -90.245224 -1.775003
v -16.305250 -87.579605 -3.417243
v -16.573761 -87.360275 -1.049966
v -16.676239 -87.169586 -0.214763
v -10.199650 -88.445343 1.412241
v -11.007483 -88.488647 1.494823
v -12.979340 -88.563309 1.270701
v -14.302583 -88.833038 0.311835
v -15.425617 -88.863647 -0.749426
v 11.618700 -88.360695 11.911607
v 12.009200 -89.532402 13.278507
v 10.837600 -89.532402 12.106907
v 12.595100 -88.165497 12.497406
v 12.985600 -87.579605 11.521107
v 13.571400 -89.532402 13.864306
v 13.766700 -88.165497 12.888006
v 10.251800 -89.532402 9.373107
v 11.228200 -88.165497 9.177807
v 13.376200 -91.094604 14.254906
v 11.618700 -91.094604 13.473806
v 10.251800 -91.094604 12.106907
v 16.110001 -88.556000 12.692707
v 15.893111 -87.927025 11.067815
v 9.861300 -92.656700 12.302206
v 10.251800 -92.461502 12.106907
v 11.228200 -92.461502 13.669107
v 9.666000 -91.094604 9.568307
v 11.618700 -92.266205 13.473806
v 13.191642 -87.373665 8.430893
v 13.180900 -92.266205 14.645408
v 10.837600 -88.165497 7.420307
v 16.305199 -89.727600 13.473806
v 13.376200 -92.070900 14.254906
v 9.275400 -92.656700 9.763607
v 10.409203 -87.894371 5.630745
v 9.666000 -92.461502 9.568307
v 12.204500 -87.384399 6.834507
v 9.861300 -94.023598 12.302206
v 11.228200 -93.828400 13.669107
v 10.447100 -94.609497 12.106907
v 13.180900 -93.633095 14.645408
v 11.618700 -94.414200 13.473806
v 9.080200 -89.141800 3.514907
v 16.500500 -91.094604 13.669107
v 16.695801 -92.266205 14.059607
v 13.376200 -94.023598 14.450207
v 10.624373 -87.348526 5.555313
v 10.465026 -87.029678 4.598901
v 12.393507 -86.582260 5.182821
v 9.275400 -94.609497 9.763607
v 12.374113 -86.942406 5.313428
v 10.079176 -87.624977 4.236804
v 17.867399 -88.946602 11.521107
v 15.719400 -87.579605 7.420307
v 12.009200 -86.212700 4.296007
v 12.024629 -86.438881 3.998010
v 16.500500 -92.070900 13.669107
v 11.228200 -83.549828 0.976406
v 12.009200 -83.869499 1.562206
v 10.447100 -84.260002 1.366906
v 16.695801 -93.633095 14.059607
v 9.861300 -86.408005 2.148006
v 12.009200 -85.431702 2.538507
v 9.861300 -95.000000 9.568308
v 8.689600 -94.609497 6.834507
v 15.524199 -87.398033 5.422405
v 8.103800 -90.899300 1.952707
v 18.648500 -90.118202 12.106907
v 8.494300 -87.189102 0.781107
v 8.494300 -88.946602 1.757507
v 8.103800 -92.461502 1.952707
v 13.376200 -83.100166 0.585806
v 15.578380 -86.516418 3.840101
v 18.648500 -94.218895 12.692707
v 16.500500 -94.023598 13.864306
v 15.405998 -87.148079 3.977656
v 9.080200 -95.000000 6.834507
v 7.713300 -88.946602 0.195307
v 15.383080 -86.125916 3.059001
v 7.435919 -87.579605 -2.249896
v 7.908500 -93.828400 2.148007
v 19.039101 -91.094604 12.302206
v 15.133600 -85.041100 0.781106
v 19.234299 -92.461502 12.692707
v 14.812875 -86.604095 2.853224
v 19.429600 -90.118202 11.130507
v 7.035326 -92.643562 0.755414
v 7.518000 -90.899300 0.390507
v 17.476900 -88.349068 6.706563
v 19.820101 -94.414200 11.325807
v 6.932200 -88.946602 -2.733793
v 15.133600 -84.326508 -0.471962
v 19.039101 -92.266205 12.302206
v 7.127400 -87.579605 -4.100693
v 14.801296 -84.214119 -0.568005
v 20.015400 -91.094604 10.935307
v 19.039101 -89.727600 6.444006
v 19.234299 -93.828400 12.692707
v 7.518000 -92.461502 0.390507
v 17.476900 -88.181313 4.860505
v 6.736900 -90.899300 -3.124393
v 7.476552 -86.580330 -5.745980
v 6.736900 -88.946602 -5.467593
v 16.889149 -86.945473 2.280980
v 7.208461 -93.799850 0.809656
v 17.086300 -87.384399 2.733807
v 20.406000 -92.656700 11.130507
v 6.151100 -92.656700 -2.929093
v 7.322701 -87.579605 -6.443993
v 15.387087 -85.013817 -0.614748
v 6.932200 -94.609497 -0.390493
v 16.500500 -86.408005 0.195307
v 8.689600 -86.017502 -7.225093
v 20.015400 -92.461502 10.935307
v 17.308308 -88.023643 2.698810
v 16.978825 -87.364655 1.789751
v 6.736900 -92.461502 -3.124393
v 7.322701 -95.000000 -0.195293
v 8.494300 -87.189102 -7.810894
v 6.346400 -90.899300 -6.248693
v 7.127400 -88.946602 -7.225093
v 20.406000 -94.023598 11.130507
v 19.820101 -95.000000 6.444007
v 20.015400 -91.094604 6.248706
v 6.151100 -94.609497 -2.929093
v 19.429600 -95.000000 3.710207
v 18.843800 -89.532402 4.100707
v 10.251800 -85.431702 -7.615593
v 6.736900 -92.461502 -6.248693
v 15.521069 -86.798599 -0.976393
v 6.541600 -95.000000 -2.929093
v 10.056500 -86.993805 -8.591993
v 17.672100 -89.141800 0.390507
v 8.103800 -88.946602 -8.396693
v 6.932200 -90.899300 -7.615593
v 12.399800 -85.626900 -7.810894
v 17.086300 -88.946602 -1.171593
v 19.820101 -91.094604 3.710207
v 9.861300 -88.946602 -9.177794
v 17.297527 -93.828400 -3.055403
v 16.695801 -88.946602 -3.124393
v 6.151100 -92.656700 -6.443993
v 7.322701 -92.461502 -7.615592
v 8.103800 -90.899300 -8.591993
v 12.399800 -86.993805 -8.787293
v 13.962001 -86.212700 -7.615593
v 6.736900 -92.656700 -8.006193
v 20.406000 -94.609497 6.248707
v 15.133600 -86.993805 -6.248693
v 16.110001 -87.579605 -4.686493
v 17.867399 -93.828400 -1.366893
v 17.476900 -90.899300 -1.366893
v 6.541600 -95.000000 -6.443993
v 6.736900 -94.414200 -8.006193
v 6.151100 -94.609497 -6.443993
v 12.399800 -88.946602 -9.568294
v 14.157200 -87.189102 -8.396693
v 9.275400 -92.461502 -8.982493
v 9.666000 -90.899300 -9.568294
v 9.080200 -92.656700 -9.568294
v 15.719400 -87.579605 -6.834494
v 7.322701 -94.804695 -8.006192
v 16.500500 -88.946602 -5.858193
v 20.210699 -92.656700 3.710207
v 19.820101 -92.461502 3.710207
v 17.476900 -92.461502 -1.366893
v 17.086300 -90.899300 -3.124393
v 20.210699 -94.609497 3.710207
v 12.399800 -90.899300 -9.958893
v 9.080200 -94.414200 -9.568294
v 15.719400 -89.141800 -7.810894
v 14.547799 -88.946602 -8.982493
v 17.086300 -95.000000 -4.100693
v 17.565769 -92.581322 -3.244215
v 12.399800 -92.461502 -9.568294
v 16.305199 -90.899300 -6.834494
v 9.275400 -94.804695 -9.373093
v 15.524199 -95.000000 -8.396692
v 17.086300 -92.461502 -3.124393
v 14.352501 -90.899300 -9.373094
v 16.305199 -92.461502 -6.248693
v 15.524199 -90.899300 -8.396693
v 12.399800 -94.804695 -9.958892
v 12.790300 -92.656700 -10.154194
v 17.476900 -94.609497 -4.491293
v 15.524199 -92.461502 -8.006193
v 17.086300 -92.656700 -6.639293
v 14.352501 -92.461502 -8.982493
v 14.352501 -94.804695 -9.373093
v 12.790300 -94.414200 -10.154194
v 14.938299 -92.656700 -9.568294
v 16.110001 -92.656700 -8.396693
v 16.500500 -95.000000 -6.443993
v 17.086300 -94.609497 -6.639293
v 14.938299 -94.414200 -9.568294
v 16.110001 -94.609497 -8.396693
v 20.015400 -92.461502 6.248707
v 20.406000 -92.656700 6.248707
v 7.717567 -92.583900 2.419569
v 8.428466 -93.999969 1.959956
v 7.766600 -93.971420 0.589170
v 17.846954 -93.461098 -3.184435
v 18.035099 -92.602272 -1.737570
v 18.322170 -93.483109 -1.485672
v 17.732815 -88.775795 10.667088
v 11.382699 -87.547264 9.023229
v 11.531328 -87.340202 8.726173
v 11.370858 -87.331062 7.556346
v 11.156251 -87.528282 7.420307
v 13.183772 -86.952354 8.262766
v 13.097656 -86.804230 8.060192
v 12.513287 -86.843773 7.068871
v 12.359111 -87.010109 6.894156
v 15.870843 -86.937965 7.188334
v 15.889215 -86.776947 6.974032
v 15.762709 -86.669502 5.727658
v 15.694876 -86.823135 5.523228
v 17.633648 -87.731186 6.495728
v 17.514019 -87.486763 6.349982
v 17.511829 -87.348557 5.290793
v 17.631327 -87.550858 5.031864
v 15.133600 -85.938667 1.550430
v 16.739662 -86.886330 0.992529
v 17.379200 -89.044205 -0.390543
v 10.604156 -84.248566 0.817208
v 11.259071 -83.556564 0.682066
v 9.041346 -86.837135 0.351545
v 13.377771 -83.146484 0.268561
v 15.205895 -84.949913 -0.846356
v 7.908500 -85.822205 -5.662893
v 8.689600 -85.626900 -6.834494
v 10.219471 -85.303986 -7.390334
v 12.399800 -85.431702 -7.615593
v 14.938299 -87.579605 -2.929093
v 13.571400 -85.626900 -7.029793
v 14.743100 -86.798599 -4.491293
v 14.157200 -86.017502 -6.053393
v 7.599350 -87.054047 -2.059807
v 8.008387 -85.967636 -1.676147
v 9.302627 -87.445496 1.988415
v 7.173566 -86.636360 -3.876801
v 7.612377 -86.066536 -3.812770
v 13.025441 -86.772209 1.680624
v 14.447174 -87.062012 0.650390
v 15.653796 -87.094902 -0.489859
v 10.906819 -86.691994 1.921427
v 10.038859 -86.645462 1.832697
v 9.451620 -86.779617 -0.139974
v 14.490594 -87.414062 -2.943294
v 14.902885 -86.746689 -1.274703
v 8.483599 -85.912354 -5.279338
v 9.151052 -85.745461 -6.280476
v 10.458334 -85.469528 -6.755444
v 12.321435 -85.578667 -6.947929
v 13.322572 -85.745461 -6.447361
v 14.323795 -86.746689 -4.278201
v 13.823140 -86.079231 -5.613022
v 8.230559 -86.121132 -3.698399
v 8.568952 -86.036621 -1.872645
v 9.451620 -90.346962 -0.139973
v 10.168862 -89.405838 1.250134
v 14.490594 -90.981407 -2.943294
v 15.491817 -90.314034 -1.274702
v 8.483599 -89.479698 -5.279338
v 9.151052 -89.312805 -6.280475
v 10.458334 -89.036873 -6.755444
v 12.321435 -89.146011 -6.947928
v 13.322572 -89.312805 -6.447360
v 14.323795 -90.314034 -4.278200
v 13.823140 -89.646576 -5.613022
v 8.230559 -89.688477 -3.698399
v 8.568952 -89.603966 -1.872645
v 9.763640 -86.212730 1.855077
v 9.522835 -86.205353 1.284732
v 9.979491 -86.306625 1.351654
v 9.831911 -86.280617 0.597080
v 9.825259 -89.856689 0.584188
v 15.858210 -86.468834 -0.330464
v 15.858210 -89.856239 -0.330464
v 12.106562 -90.354408 0.860778
v 13.331316 -90.604065 -0.026720
v 14.370764 -90.632393 -1.008993
v 10.281470 -90.285309 1.068219
v 9.533764 -90.245224 0.991784
v 11.613354 -90.354408 -1.906009
v 12.838108 -90.604065 -2.793508
v 13.877556 -90.632393 -3.775781
v 9.788262 -90.285309 -1.698568
v 9.040556 -90.245224 -1.775003
v 16.305250 -87.579605 -3.417243
v 16.573761 -87.360275 -1.049966
v 16.676239 -87.169586 -0.214763
v 10.199650 -88.445343 1.412241
v 11.007483 -88.488647 1.494823
v 12.979340 -88.563309 1.270701
v 14.302583 -88.833038 0.311835
v 15.425617 -88.863647 -0.749426
vt 0.000000 0.000000
vt 1.000000 0.000000
vt 1.000000 1.000000
vt 0.000000 1.000000
vt 0.000000 0.000000
vt 1.000000 0.000000
vt 1.000000 1.000000
vt 0.000000 1.000000
vt 0.000000 0.000000
vt 1.000000 0.000000
vt 1.000000 1.000000
vt 0.000000 1.000000
vt 0.000000 0.000000
vt 1.000000 0.000000
vt 1.000000 1.000000
vt 0.000000 1.000000
vt 0.000000 0.000000
vt 1.000000 0.000000
vt 0.957899 0.999711
vt 0.000000 1.000000
vt 0.000000 0.000000
vt 1.000000 0.000000
vt 1.000000 1.000000
vt 0.000000 1.000000
vt 0.000000 0.000000
vt 1.000000 0.000000
vt 1.000000 1.000000
vt 0.000000 1.000000
vt 0.000000 0.000000
vt 1.000000 0.000000
vt 1.000000 1.000000
vt 0.000000 1.000000
vt 0.000000 0.000000
vt 1.000000 0.000000
vt 1.000000 1.000000
vt 0.000000 1.000000
vt 0.000000 0.000000
vt 1.000000 0.000000
vt 1.000000 1.000000
vt 0.000000 1.000000
vt 0.000000 0.000000
vt 1.000000 0.000000
vt 1.000000 1.000000
vt 0.000000 1.000000
vt 0.000000 0.000000
vt 1.000000 0.000000
vt 1.000000 1.000000
vt 0.000000 1.000000
vt 0.000000 0.000000
vt 1.000000 0.000000
vt 1.000000 1.000000
vt 0.000000 1.000000
vt 0.000000 0.000000
vt 1.000000 0.000000
vt 1.000000 1.000000
vt 0.000000 1.000000
vt 0.000000 0.000000
vt 1.000000 0.000000
vt 1.000000 1.000000
vt 0.000000 1.000000
vt 0.000000 0.000000
vt 0.999989 0.000002
vt 0.999982 0.999994
vt 0.000000 1.000000
vt 0.000000 0.000000
vt 1.000000 0.000000
vt 1.000000 1.000000
vt 0.000000 1.000000
vt 0.000000 0.000000
vt 1.000000 0.000000
vt 1.000000 1.000000
vt 0.000000 1.000000
vt 0.000000 0.000000
vt 1.000000 0.000000
vt 1.000000 1.000000
vt 0.000000 1.000000
vt 0.000000 0.000000
vt 1.000000 0.000000
vt 1.000000 1.000000
vt 0.000000 1.000000
vt 0.000000 0.000000
vt 1.000000 0.000000
vt 1.000000 1.000000
vt 0.000000 1.000000
vt 0.000000 0.000000
vt 1.000000 0.000000
vt 1.000000 1.000000
vt 0.000000 1.000000
vt 0.000000 0.000000
vt 1.000000 0.000000
vt 1.000000 1.000000
vt 0.000000 1.000000
vt 0.000000 0.000000
vt 1.000000 0.000000
vt 1.000000 1.000000
vt 0.000000 1.000000
vt 0.000000 0.000000
vt 1.000000 0.000000
vt 1.000000 1.000000
vt 0.000000 1.000000
vt 0.000000 0.000000
vt 1.000000 0.000000
vt 1.000000 1.000000
vt 0.000000 1.000000
vt 0.000000 0.000000
vt 1.000000 0.000000
vt 0.945148 0.640067
vt -0.159964 2.098495
vt -0.346221 0.131720
vt 0.287538 0.000000
vt 1.000000 0.000000
vt 1.000000 1.000000
vt 0.000000 1.000000
vt -0.079974 1.049147
vt -0.005462 0.769020
vt 1.000000 0.000000
vt 1.000000 1.000000
vt 0.229190 0.000002
vt 0.287538 1.000000
vt 0.300000 1.000000
vt 0.000000 0.000000
vt 1.000000 0.000000
vt 0.999865 0.996459
vt 0.056446 1.024771
vt 0.000000 0.000000
vt 0.999951 0.000136
vt 0.490822 1.672989
vt 0.000000 0.000000
vt 1.000000 0.000000
vt 0.484800 0.655304
vt -0.360551 -0.086887
vt 0.000000 0.000000
vt 1.000000 0.000000
vt 1.000000 1.000000
vt 0.000058 1.280422
vt 0.000000 0.000000
vt 1.000000 0.000000
vt 1.000000 1.000000
vt 0.000000 1.000000
vt 0.000000 0.000000
vt 1.000000 0.000000
vt 1.000000 1.000000
vt 0.000000 1.000000
vt 0.000000 0.000000
vt 1.000000 0.000000
vt 1.000000 1.000000
vt 0.000000 1.000000
vt 0.000000 0.000000
vt 1.000000 0.000000
vt 1.000000 1.000000
vt 0.000000 1.000000
vt 0.000000 0.000000
vt 1.000000 0.000000
vt 1.000000 1.000000
vt 0.000000 1.000000
vt 0.000000 0.000000
vt 1.000000 0.000000
vt 1.000000 1.000000
vt 0.000000 1.000000
vt 0.000000 0.000000
vt 1.000000 0.000000
vt 1.000000 1.000000
vt 0.000000 1.000000
vt 0.000000 0.000000
vt 1.000000 0.000000
vt 1.000000 1.000000
vt 0.000000 1.000000
vt 1.000000 0.500000
vt 1.000000 0.500000
vt 0.000000 0.500000
vt 1.000000 0.500000
vt 0.000000 0.500000
vt 1.000000 0.500000
vt 0.000000 0.500000
vt 0.000000 0.500000
vt 0.000000 0.000000
vt 1.000000 0.000000
vt 1.000000 1.000000
vt 0.000000 1.000000
vt 0.000000 0.000000
vt 1.000000 0.000000
vt 1.000000 1.000000
vt 0.000000 1.000000
vt 0.000000 0.000000
vt 1.000000 0.000000
vt 1.000000 1.000000
vt 0.000000 1.000000
vt 0.000000 0.000000
vt 1.000000 0.000000
vt 1.000000 1.000000
vt 0.000000 1.000000
vt 0.287538 1.000000
vt 0.229190 0.000002
vt 1.000000 0.000000
vt 1.000000 1.000000
vt 0.000000 0.000000
vt 1.000000 0.000000
vt 0.957899 0.999711
vt 0.000000 1.000000
vt 0.000000 0.000000
vt 1.000000 0.000000
vt 1.000000 1.000000
vt 0.000000 1.000000
vt 0.000000 0.000000
vt 1.000000 0.000000
vt 1.000000 1.000000
vt 0.000000 1.000000
vt 0.000000 0.000000
vt 1.000000 0.000000
vt 1.000000 1.000000
vt 0.000000 1.000000
vt 0.000000 0.000000
vt 1.000000 0.000000
vt 1.000000 1.000000
vt 0.000000 1.000000
vt 0.000000 0.000000
vt 1.000000 0.000000
vt 1.000000 1.000000
vt 0.000000 1.000000
vt 0.000000 0.000000
vt 1.000000 0.000000
vt 1.000000 1.000000
vt 0.000000 1.000000
vt 0.000000 0.000000
vt 1.000000 0.000000
vt 1.000000 1.000000
vt 0.000000 1.000000
vt 0.000000 0.000000
vt 1.000000 0.000000
vt 1.000000 1.000000
vt 0.000000 1.000000
vt 0.000000 0.000000
vt 1.000000 0.000000
vt 1.000000 1.000000
vt 0.000000 1.000000
vt 0.000000 0.000000
vt 1.000000 0.000000
vt 1.000000 1.000000
vt 0.000000 1.000000
vt 0.000000 0.000000
vt 0.999989 0.000002
vt 0.999982 0.999994
vt 0.000000 1.000000
vt 0.000000 0.000000
vt 1.000000 0.000000
vt 1.000000 1.000000
vt 0.000000 1.000000
vt 0.000000 0.000000
vt 1.000000 0.000000
vt 1.000000 1.000000
vt 0.000000 1.000000
vt 0.000000 0.000000
vt 1.000000 0.000000
vt 1.000000 1.000000
vt 0.000000 1.000000
vt 0.000000 0.000000
vt 1.000000 0.000000
vt 1.000000 1.000000
vt 0.000000 1.000000
vt 0.000000 0.000000
vt 1.000000 0.000000
vt 1.000000 1.000000
vt 0.000000 1.000000
vt 0.000000 0.000000
vt 1.000000 0.000000
vt 1.000000 1.000000
vt 0.000000 1.000000
vt 0.000000 0.000000
vt 1.000000 0.000000
vt 1.000000 1.000000
vt 0.000000 1.000000
vt 0.000000 0.000000
vt 1.000000 0.000000
vt 1.000000 1.000000
vt 0.000000 1.000000
vt 0.000000 0.000000
vt 1.000000 0.000000
vt 1.000000 1.000000
vt 0.000000 1.000000
vt 0.000000 0.000000
vt 1.000000 0.000000
vt 1.000000 1.000000
vt 0.000000 1.000000
vt 0.000000 0.000000
vt 1.000000 0.000000
vt 0.945148 0.640067
vt -0.159964 2.098495
vt -0.079974 1.049147
vt -0.005462 0.769020
vt -0.346221 0.131720
vt 0.287538 0.000000
vt 0.300000 1.000000
vt 0.000000 1.000000
vt 1.000000 0.000000
vt 1.000000 1.000000
vt 0.000000 0.000000
vt 1.000000 0.000000
vt 0.999865 0.996459
vt 0.056446 1.024771
vt 0.000000 0.000000
vt 0.999951 0.000136
vt 0.490822 1.672989
vt 0.000000 0.000000
vt 1.000000 0.000000
vt 0.484800 0.655304
vt -0.360551 -0.086887
vt 0.000000 0.000000
vt 1.000000 0.000000
vt 1.000000 1.000000
vt 0.000058 1.280422
vt 0.000000 0.000000
vt 1.000000 0.000000
vt 1.000000 0.500000
vt 0.000000 0.500000
vt 0.000000 0.000000
vt 1.000000 0.000000
vt 1.000000 0.500000
vt 0.000000 0.500000
vt 0.000000 0.000000
vt 1.000000 0.000000
vt 1.000000 0.500000
vt 0.000000 0.500000
vt 0.000000 0.000000
vt 1.000000 0.000000
vt 1.000000 0.500000
vt 0.000000 0.500000
vt 0.000000 0.000000
vt 1.000000 0.000000
vt 1.000000 1.000000
vt 0.000000 1.000000
vt 0.000000 0.000000
vt 1.000000 0.000000
vt 1.000000 1.000000
vt 0.000000 1.000000
vt 0.000000 0.000000
vt 1.000000 0.000000
vt 1.000000 1.000000
vt 0.000000 1.000000
vt 0.000000 0.000000
vt 1.000000 0.000000
vt 1.000000 1.000000
vt 0.000000 1.000000
vt 1.000000 1.000000
vt 0.000000 1.000000
vt 1.000000 1.000000
vt 0.000000 1.000000
vt 1.000000 1.000000
vt 0.000000 1.000000
vt 1.000000 1.000000
vt 0.000000 1.000000
vn 0.486785 0.386184 0.783520
vn 0.812741 0.443265 0.378111
vn 0.616417 0.746131 0.251633
vn 0.371550 0.651533 0.661404
vn 0.072076 0.987316 0.141465
vn 0.024969 0.385778 0.922254
vn -0.072035 0.788843 0.610359
vn 0.884605 0.422635 0.197115
vn 0.643248 0.754845 0.128218
vn 0.008816 0.996553 0.082487
vn 0.058805 0.126921 0.990168
vn 0.567703 0.141054 0.811059
vn 0.892615 0.183904 0.411603
vn 0.960525 0.185630 0.207203
vn -0.300686 0.761898 0.573672
vn -0.316565 0.399850 0.860179
vn -0.256516 0.956375 0.139808
vn 0.576841 0.228914 0.784126
vn 0.886849 0.204516 0.414333
vn 0.382066 0.912229 0.147861
vn 0.290430 0.908653 0.300000
vn 0.075130 0.200011 0.976909
vn 0.021367 0.906716 0.421200
vn -0.327506 0.126122 0.936394
vn 0.746690 0.628992 0.216387
vn 0.901556 0.387344 0.192772
vn 0.341011 0.936932 0.076610
vn -0.294295 0.952772 0.074938
vn 0.725451 0.640467 0.252038
vn 0.896314 0.377670 0.232351
vn 0.008765 -0.988111 0.153489
vn 0.872307 -0.228609 0.432226
vn 0.567422 -0.194108 0.800221
vn 0.027076 -0.970710 0.238725
vn 0.092970 -0.117639 0.988695
vn -0.028070 -0.861558 0.506883
vn 0.959366 0.127999 0.251461
vn 0.176466 0.956275 0.233235
vn -0.057300 0.891848 0.448691
vn -0.306130 0.235697 0.922351
vn -0.155859 0.904777 0.396341
vn 0.571822 0.815203 0.091998
vn 0.408942 0.640139 0.650376
vn 0.704300 0.603976 0.373061
vn -0.094006 0.763379 0.639074
vn 0.151809 0.983001 0.103265
vn 0.914070 -0.327689 0.238948
vn 0.011071 -0.996656 0.080957
vn -0.542257 0.836489 0.079016
vn -0.584870 0.810118 0.040447
vn -0.516486 0.741350 0.428535
vn -0.576854 0.465688 0.671099
vn 0.225111 0.928929 0.293965
vn 0.344349 0.886321 0.309610
vn -0.091629 0.557989 0.824775
vn 0.296142 0.457907 0.838225
vn -0.309184 -0.115312 0.943986
vn -0.172131 -0.753529 0.634480
vn 0.505934 0.640789 0.577426
vn -0.002869 0.701569 0.712596
vn 0.917633 0.177991 -0.355342
vn 0.893241 0.323977 -0.311704
vn 0.387094 0.914299 -0.119225
vn 0.953132 -0.271797 0.132913
vn -0.617949 0.143121 0.773082
vn 0.838947 0.363646 0.404883
vn 0.298484 0.951338 0.076573
vn 0.316205 0.945836 0.073549
vn 0.913182 0.285863 0.290485
vn 0.290833 0.954115 0.071274
vn -0.351308 0.702941 0.618431
vn -0.247545 0.954182 0.168104
vn -0.401568 0.828222 0.390886
vn 0.849137 0.366468 0.380352
vn -0.181883 0.965003 -0.188913
vn -0.383222 0.705972 0.595604
vn -0.160287 0.986754 -0.024992
vn -0.089838 -0.970023 0.225800
vn -0.087529 -0.985909 0.142557
vn 0.063980 -0.990963 -0.117894
vn -0.229569 0.951851 0.203168
vn 0.873921 0.276361 0.399858
vn 0.872807 -0.454207 0.178615
vn 0.943920 0.242396 0.224187
vn 0.932549 0.192514 0.305436
vn 0.969708 0.162997 0.181931
vn -0.605914 0.242793 0.757575
vn -0.320439 0.908197 0.269254
vn -0.429975 0.680600 0.593216
vn -0.745392 0.659333 0.098338
vn -0.740622 0.671911 0.003773
vn -0.539981 0.588086 0.602143
vn 0.958216 0.063895 0.278819
vn 0.948096 -0.187618 0.256739
vn 0.807151 -0.413192 0.421640
vn -0.063596 -0.996135 0.060592
vn -0.741137 0.653494 0.153824
vn -0.495611 0.813281 -0.304866
vn -0.952160 0.284488 0.111617
vn -0.620079 -0.162940 0.767433
vn 0.987548 0.028573 0.154704
vn 0.058834 -0.986237 -0.154516
vn 0.976141 0.215303 0.028158
vn 0.978550 0.203974 -0.028894
vn -0.633813 0.773484 -0.002011
vn -0.726807 0.686600 -0.018237
vn -0.421307 0.848705 -0.319686
vn -0.756071 0.398377 0.519281
vn -0.773105 0.634094 0.015261
vn -0.972377 0.172551 0.157191
vn -0.439359 0.897034 0.047885
vn 0.963492 0.238423 0.121811
vn 0.309009 0.950538 0.031489
vn -0.805709 0.582709 0.106226
vn -0.584022 0.466629 -0.664211
vn -0.745734 0.640391 0.183795
vn -0.952483 0.303370 -0.027256
vn 0.932404 -0.205724 0.297153
vn -0.765858 0.612374 0.196111
vn 0.811304 0.521276 -0.264684
vn 0.891826 0.362915 -0.270072
vn 0.585597 0.497722 -0.639804
vn 0.667566 0.549860 -0.502005
vn -0.812938 0.560226 -0.158991
vn 0.979257 -0.161818 0.121945
vn -0.952510 -0.260481 0.157718
vn 0.873572 0.345776 -0.342507
vn 0.573807 0.409094 -0.709498
vn 0.248747 0.745563 -0.618273
vn 0.185157 0.584024 -0.790337
vn 0.848633 0.274033 -0.452468
vn 0.996205 0.019310 -0.084865
vn 0.820130 0.000526 -0.572177
vn -0.859651 0.438633 -0.261918
vn 0.577721 0.252093 -0.776330
vn 0.987688 -0.058092 0.145248
vn 0.982578 -0.161738 -0.091553
vn -0.080122 -0.956216 0.281481
vn 0.048202 -0.998816 0.006534
vn 0.221345 0.425773 -0.877339
vn -0.228217 0.776177 -0.587763
vn -0.093612 0.616863 -0.781483
vn -0.927355 0.242392 -0.285061
vn -0.915720 0.336349 -0.219834
vn -0.252613 0.915618 -0.312778
vn -0.690591 0.668851 -0.275177
vn -0.833536 0.468671 -0.292515
vn 0.581962 -0.001083 -0.813215
vn -0.958582 -0.284510 -0.013218
vn -0.057118 0.446435 -0.892991
vn 0.260328 0.258621 -0.930239
vn -0.601903 0.733750 -0.315157
vn -0.521846 0.677473 -0.518370
vn -0.933563 0.145765 -0.327433
vn 0.204635 0.958937 -0.196381
vn 0.300777 0.953102 -0.033616
vn 0.965765 0.235139 -0.109579
vn 0.712944 0.246796 -0.656356
vn -0.659193 0.748431 -0.072908
vn -0.653291 0.744056 -0.139972
vn 0.730715 -0.213546 -0.648424
vn 0.335960 -0.247031 -0.908904
vn -0.229623 0.970490 -0.073642
vn -0.503481 0.856988 0.109898
vn -0.809250 0.585881 -0.043112
vn -0.743586 0.662190 -0.092648
vn 0.260705 -0.012511 -0.965337
vn -0.465721 0.478127 -0.744646
vn 0.738102 -0.137285 -0.660574
vn 0.977958 -0.175282 -0.113466
vn 0.057561 -0.997784 -0.033388
vn 0.097422 -0.974238 -0.203396
vn -0.042416 0.268006 -0.962483
vn -0.945344 0.260912 -0.195575
vn -0.969158 0.191233 -0.155443
vn -0.979295 0.059689 -0.193437
vn 0.324557 0.245043 -0.913574
vn 0.109073 0.951329 -0.288229
vn -0.799858 0.449487 -0.397730
vn 0.001292 -0.989459 -0.144808
vn -0.921649 -0.280869 -0.267724
vn -0.480485 0.270606 -0.834210
vn -0.934798 0.261409 -0.240454
vn -0.324729 0.940372 -0.101254
vn -0.277105 0.954850 -0.107121
vn -0.269055 0.958000 -0.099226
vn -0.961504 0.171405 -0.214781
vn -0.954520 0.005709 -0.298093
vn -0.029550 -0.016458 -0.999428
vn 0.339626 -0.097685 -0.935474
vn 0.078440 -0.969577 -0.231880
vn -0.816905 0.221123 -0.532701
vn -0.936889 0.108059 -0.332509
vn -0.904257 -0.207599 -0.373124
vn -0.020937 -0.264975 -0.964028
vn 0.017407 0.952023 -0.305531
vn -0.006465 0.247372 -0.968899
vn -0.023022 -0.998474 -0.050188
vn -0.009650 -0.977999 -0.208388
vn -0.792942 -0.017331 -0.609050
vn -0.433889 -0.006326 -0.900944
vn -0.959278 -0.065050 -0.274870
vn -0.974939 -0.027592 -0.220755
vn 0.019818 -0.968055 -0.249955
vn -0.818289 0.547176 -0.176070
vn -0.221043 0.973803 -0.053364
vn -0.219319 0.972827 -0.074206
vn -0.904952 0.317533 -0.283258
vn -0.016564 -0.102820 -0.994562
vn -0.972104 -0.209269 -0.105926
vn -0.957557 -0.203986 -0.203652
vn -0.808291 -0.158026 -0.567180
vn -0.448864 -0.216744 -0.866916
vn -0.109116 0.966560 -0.232070
vn -0.455715 0.288687 -0.842012
vn -0.936710 -0.185862 -0.296700
vn -0.194639 0.970442 -0.142682
vn -0.767341 0.316606 -0.557627
vn -0.031596 -0.999436 -0.011364
vn -0.123437 -0.963520 0.237470
vn -0.476626 -0.149127 -0.866366
vn -0.788293 -0.235764 -0.568340
vn 0.588766 0.000000 0.808304
vn 0.902939 0.000000 0.429769
vn 0.063319 0.000000 0.997993
vn 0.978414 -0.000000 0.206653
vn -0.336071 0.000000 0.941837
vn 0.973345 -0.000000 0.229344
vn -0.638421 0.000000 0.769687
vn 0.965616 -0.000000 0.259972
vn -0.989896 0.000000 0.141798
vn -0.999635 0.000000 -0.027021
vn -0.446994 0.894453 -0.012256
vn -0.981174 0.191034 -0.028337
vn -0.947016 0.000000 -0.321188
vn -0.135704 -0.912846 0.385094
vn -0.929435 -0.000000 -0.368985
vn 0.003324 -0.985712 -0.168409
vn -0.196862 -0.910673 0.363208
vn -0.246198 0.335194 0.909413
vn 0.340813 0.908645 0.241270
vn 0.065624 0.987365 0.144238
vn -0.275801 0.486328 0.829108
vn 0.896881 0.411032 0.163270
vn 0.889525 0.427724 0.160615
vn 0.425312 0.904660 0.026466
vn 0.515067 0.385930 -0.765352
vn 0.400083 0.476525 -0.782852
vn 0.167996 0.984080 -0.058007
vn -0.150449 0.979602 0.133208
vn -0.391228 0.441745 0.807342
vn 0.230485 0.489510 -0.840986
vn -0.105986 0.991187 -0.079465
vn -0.503391 0.846083 0.175334
vn -0.463434 0.294921 0.835613
vn 0.113885 0.352074 -0.929018
vn -0.449525 0.887833 -0.098389
vn -0.987644 -0.155906 -0.015920
vn -0.987941 -0.154032 -0.015699
vn -0.326305 0.268242 0.906406
vn -0.279825 0.248412 0.927356
vn 0.497273 0.281068 -0.820805
vn 0.423711 0.280068 -0.861412
vn -0.398162 0.247807 0.883209
vn 0.285469 0.271456 -0.919140
vn -0.438918 0.200526 0.875865
vn 0.157966 0.257847 -0.953185
vn -0.969781 -0.242567 -0.026190
vn -0.969781 -0.242567 -0.026190
vn 0.950820 0.304833 0.054934
vn 0.877701 0.471082 0.087878
vn 0.810812 0.476331 0.340137
vn 0.895690 0.337915 0.289056
vn 0.756185 0.558159 0.341529
vn 0.610031 -0.240243 -0.755079
vn 0.610031 -0.240243 -0.755080
vn 0.610031 -0.240243 -0.755079
vn 0.610031 -0.240243 -0.755079
vn 0.702245 -0.226125 -0.675070
vn 0.702245 -0.226125 -0.675070
vn 0.702245 -0.226125 -0.675070
vn 0.702245 -0.226125 -0.675070
vn -0.139070 -0.393455 -0.908764
vn -0.139070 -0.393455 -0.908764
vn -0.139070 -0.393455 -0.908764
vn -0.139070 -0.393455 -0.908764
vn 0.116000 -0.352122 -0.928738
vn 0.116000 -0.352122 -0.928738
vn 0.116000 -0.352122 -0.928738
vn 0.116000 -0.352122 -0.928738
vn -0.850601 0.229390 -0.473137
vn 0.127829 0.974765 -0.183012
vn 0.109058 0.993714 0.025259
vn -0.047568 0.986740 0.155183
vn -0.327809 0.932619 -0.150875
vn -0.298744 0.854951 -0.424041
vn -0.298744 0.854951 -0.424041
vn -0.332032 0.942584 -0.035913
vn -0.044991 0.985411 0.164140
vn 0.038522 0.970085 0.239688
vn 0.038367 0.970122 0.239567
vn -0.049476 0.986260 0.157616
vn 0.005064 0.967169 0.254086
vn -0.007819 0.968333 0.249541
vn -0.070605 0.972413 0.222325
vn -0.069193 0.972545 0.222189
vn -0.089293 0.967843 0.235172
vn -0.119418 0.961684 0.246785
vn -0.294495 0.883515 0.364244
vn -0.296797 0.880559 0.369496
vn -0.224982 0.926838 0.300590
vn -0.255718 0.911630 0.321776
vn -0.078911 0.995687 0.048792
vn -0.083800 0.996226 0.022620
vn -0.163985 0.978607 0.124247
vn -0.164284 0.978441 0.125160
vn 0.907114 -0.074878 0.414171
vn 0.907114 -0.074878 0.414171
vn 0.907114 -0.074878 0.414171
vn 0.907114 -0.074878 0.414171
vn -0.832039 0.000000 0.554717
vn -0.832039 0.000000 0.554717
vn -0.832039 0.000000 0.554717
vn -0.832039 0.000000 0.554717
vn -0.341485 0.000000 0.939887
vn -0.341485 0.000000 0.939887
vn -0.341485 0.000000 0.939887
vn -0.341485 0.000000 0.939887
vn -0.102768 0.000000 0.994705
vn -0.102768 0.000000 0.994705
vn -0.102768 0.000000 0.994705
vn -0.102768 0.000000 0.994705
vn 0.447214 0.000000 0.894427
vn 0.447214 0.000000 0.894427
vn 0.447214 0.000000 0.894427
vn 0.447214 0.000000 0.894427
vn 0.992284 0.000000 0.123987
vn 0.992284 0.000000 0.123987
vn 0.992284 0.000000 0.123987
vn 0.992284 0.000000 0.123987
vn 0.857509 0.000000 0.514469
vn 0.857509 0.000000 0.514469
vn 0.857509 0.000000 0.514469
vn 0.857509 0.000000 0.514469
vn 0.936307 0.000000 0.351183
vn 0.936307 0.000000 0.351183
vn 0.936307 0.000000 0.351183
vn 0.936307 0.000000 0.351183
vn -0.987432 -0.000000 0.158045
vn -0.987432 -0.000000 0.158045
vn -0.987432 -0.000000 0.158045
vn -0.987432 -0.000000 0.158045
vn -0.891042 -0.000000 -0.453921
vn -0.891042 -0.000000 -0.453921
vn -0.891042 -0.000000 -0.453921
vn -0.891042 -0.000000 -0.453921
vn -0.983254 -0.000000 -0.182240
vn -0.983254 -0.000000 -0.182241
vn -0.983254 -0.000000 -0.182240
vn -0.983254 -0.000000 -0.182240
vn 0.921797 0.083848 -0.378496
vn 0.921797 0.083848 -0.378496
vn -0.666325 0.736442 0.116897
vn -0.928065 0.217617 -0.302221
vn -0.832877 0.519897 0.189796
vn -0.832877 0.519898 0.189796
vn 0.740498 0.646508 0.183547
vn 0.740498 0.646508 0.183547
vn -0.905976 0.009240 -0.423229
vn -0.941678 0.031519 -0.335037
vn -0.888681 -0.000000 -0.458525
vn -0.888681 -0.000000 -0.458525
vn -0.679623 0.043154 -0.732291
vn -0.679623 0.043154 -0.732291
vn -0.679623 0.043154 -0.732291
vn -0.679623 0.043154 -0.732291
vn -0.629582 0.052400 -0.775165
vn -0.629582 0.052400 -0.775165
vn -0.629582 0.052400 -0.775165
vn -0.365818 0.737633 -0.567517
vn -0.365818 0.737633 -0.567517
vn -0.365818 0.737633 -0.567517
vn -0.365818 0.737633 -0.567517
vn 0.804707 -0.068143 0.589748
vn 0.804707 -0.068143 0.589748
vn 0.804707 -0.068143 0.589748
vn 0.804708 -0.068143 0.589748
vn 0.547857 0.200013 -0.812310
vn 0.547857 0.200013 -0.812310
vn 0.517313 0.304861 -0.799654
vn 0.514648 0.312944 -0.798250
vn 0.671335 0.191672 -0.715941
vn 0.671335 0.191672 -0.715941
vn 0.642536 0.334128 -0.689570
vn 0.646638 0.317803 -0.693441
vn -0.111323 0.235485 -0.965481
vn -0.111323 0.235485 -0.965481
vn -0.110592 0.210888 -0.971234
vn -0.110705 0.214541 -0.970421
vn 0.101659 0.224427 -0.969174
vn 0.101659 0.224427 -0.969174
vn 0.100216 0.246702 -0.963896
vn 0.100471 0.242837 -0.964850
vn -0.177563 0.983600 -0.031653
vn -0.177563 0.983600 -0.031653
vn -0.177563 0.983600 -0.031653
vn -0.177563 0.983600 -0.031653
vn -0.023317 0.999720 -0.004156
vn -0.023317 0.999720 -0.004156
vn -0.023317 0.999720 -0.004156
vn -0.023317 0.999720 -0.004156
vn -0.054522 0.998465 -0.009720
vn -0.054522 0.998465 -0.009720
vn -0.054522 0.998465 -0.009720
vn -0.054522 0.998465 -0.009720
vn -0.037083 0.999290 -0.006610
vn -0.037083 0.999290 -0.006610
vn -0.037083 0.999290 -0.006610
vn -0.037083 0.999290 -0.006610
vn -0.109831 0.187390 -0.976126
vn -0.109831 0.187390 -0.976126
vn 0.098813 0.267513 -0.958474
vn 0.098813 0.267513 -0.958474
vn 0.478583 0.410809 -0.776012
vn 0.478583 0.410809 -0.776012
vn 0.604545 0.456354 -0.652890
vn 0.604545 0.456354 -0.652890
vn -0.486785 0.386183 0.783520
vn -0.371549 0.651533 0.661405
vn -0.616417 0.746131 0.251633
vn -0.812741 0.443265 0.378111
vn -0.072075 0.987316 0.141465
vn -0.024969 0.385778 0.922254
vn 0.072036 0.788843 0.610358
vn -0.643248 0.754845 0.128219
vn -0.884605 0.422634 0.197114
vn -0.008815 0.996553 0.082488
vn -0.567703 0.141054 0.811059
vn -0.058805 0.126921 0.990168
vn -0.960525 0.185631 0.207203
vn -0.892615 0.183903 0.411603
vn 0.316565 0.399850 0.860178
vn 0.300686 0.761899 0.573672
vn 0.256516 0.956375 0.139808
vn -0.576840 0.228912 0.784127
vn -0.290428 0.908648 0.300015
vn -0.382067 0.912229 0.147861
vn -0.886849 0.204516 0.414333
vn -0.075130 0.200009 0.976909
vn -0.021366 0.906712 0.421208
vn 0.327507 0.126122 0.936393
vn -0.746690 0.628992 0.216387
vn -0.341011 0.936932 0.076609
vn -0.901556 0.387344 0.192772
vn 0.294295 0.952772 0.074937
vn -0.725451 0.640467 0.252038
vn -0.896314 0.377670 0.232350
vn -0.008765 -0.988111 0.153489
vn -0.027076 -0.970710 0.238724
vn -0.567423 -0.194107 0.800221
vn -0.872307 -0.228609 0.432225
vn 0.028070 -0.861558 0.506882
vn -0.092970 -0.117638 0.988695
vn -0.959366 0.127999 0.251461
vn -0.176466 0.956275 0.233235
vn 0.057299 0.891849 0.448689
vn 0.306130 0.235697 0.922351
vn 0.155859 0.904778 0.396340
vn -0.571822 0.815203 0.091998
vn -0.704300 0.603976 0.373061
vn -0.408943 0.640139 0.650376
vn 0.094005 0.763380 0.639072
vn -0.151809 0.983001 0.103264
vn -0.914070 -0.327689 0.238948
vn -0.011071 -0.996656 0.080957
vn 0.542257 0.836489 0.079016
vn 0.584870 0.810118 0.040447
vn 0.576854 0.465688 0.671099
vn 0.516486 0.741350 0.428535
vn -0.225112 0.928929 0.293966
vn -0.344349 0.886321 0.309611
vn -0.296142 0.457907 0.838225
vn 0.091630 0.557989 0.824774
vn 0.172130 -0.753535 0.634474
vn 0.309183 -0.115311 0.943986
vn 0.002869 0.701568 0.712597
vn -0.505934 0.640789 0.577426
vn -0.387094 0.914300 -0.119220
vn -0.893241 0.323977 -0.311704
vn -0.917634 0.177991 -0.355342
vn -0.953132 -0.271797 0.132913
vn 0.617949 0.143121 0.773082
vn -0.838947 0.363646 0.404882
vn -0.298485 0.951338 0.076569
vn -0.290833 0.954115 0.071273
vn -0.913182 0.285863 0.290484
vn -0.316205 0.945836 0.073547
vn 0.351308 0.702940 0.618432
vn 0.247545 0.954182 0.168103
vn 0.401568 0.828223 0.390884
vn -0.849137 0.366468 0.380351
vn 0.181884 0.965004 -0.188907
vn 0.383223 0.705973 0.595602
vn 0.160287 0.986754 -0.024994
vn 0.089837 -0.970023 0.225799
vn 0.087529 -0.985909 0.142557
vn -0.063980 -0.990963 -0.117893
vn 0.229569 0.951851 0.203168
vn -0.873921 0.276360 0.399858
vn -0.872808 -0.454207 0.178614
vn -0.943920 0.242395 0.224187
vn -0.969708 0.162997 0.181931
vn -0.932549 0.192513 0.305436
vn 0.605914 0.242793 0.757575
vn 0.320439 0.908197 0.269252
vn 0.429976 0.680600 0.593216
vn 0.745392 0.659333 0.098338
vn 0.740622 0.671911 0.003773
vn 0.539981 0.588086 0.602142
vn -0.958216 0.063895 0.278819
vn -0.807151 -0.413193 0.421638
vn -0.948096 -0.187617 0.256739
vn 0.063596 -0.996135 0.060592
vn 0.741137 0.653494 0.153824
vn 0.495611 0.813283 -0.304862
vn 0.952160 0.284488 0.111618
vn 0.620079 -0.162939 0.767433
vn -0.987548 0.028572 0.154704
vn -0.058834 -0.986237 -0.154516
vn -0.976141 0.215303 0.028159
vn -0.978550 0.203974 -0.028894
vn 0.633813 0.773484 -0.002010
vn 0.726807 0.686600 -0.018236
vn 0.756072 0.398377 0.519280
vn 0.421307 0.848705 -0.319688
vn 0.773105 0.634094 0.015260
vn 0.972377 0.172551 0.157191
vn 0.439359 0.897034 0.047885
vn -0.309009 0.950538 0.031489
vn -0.963492 0.238423 0.121811
vn 0.805709 0.582709 0.106225
vn 0.584017 0.466625 -0.664218
vn 0.745734 0.640391 0.183793
vn 0.952483 0.303369 -0.027255
vn -0.932404 -0.205724 0.297153
vn 0.765858 0.612375 0.196109
vn -0.811304 0.521276 -0.264682
vn -0.667567 0.549861 -0.502002
vn -0.585597 0.497722 -0.639803
vn -0.891826 0.362916 -0.270072
vn 0.812938 0.560226 -0.158991
vn -0.979257 -0.161818 0.121945
vn 0.952510 -0.260481 0.157718
vn -0.573807 0.409094 -0.709498
vn -0.873572 0.345776 -0.342507
vn -0.248748 0.745564 -0.618271
vn -0.185158 0.584025 -0.790337
vn -0.848634 0.274034 -0.452467
vn -0.820130 0.000526 -0.572177
vn -0.996205 0.019310 -0.084865
vn 0.859651 0.438633 -0.261918
vn -0.577720 0.252093 -0.776330
vn -0.982578 -0.161738 -0.091553
vn -0.987688 -0.058092 0.145248
vn -0.048202 -0.998816 0.006534
vn 0.080122 -0.956216 0.281481
vn -0.221345 0.425773 -0.877339
vn 0.228218 0.776178 -0.587762
vn 0.093612 0.616864 -0.781483
vn 0.927355 0.242392 -0.285061
vn 0.915720 0.336349 -0.219834
vn 0.833536 0.468671 -0.292515
vn 0.690591 0.668851 -0.275177
vn 0.252613 0.915618 -0.312778
vn -0.581962 -0.001084 -0.813215
vn 0.958582 -0.284511 -0.013218
vn 0.057118 0.446435 -0.892991
vn -0.260328 0.258621 -0.930239
vn 0.601903 0.733751 -0.315155
vn 0.521846 0.677473 -0.518370
vn 0.933563 0.145765 -0.327433
vn -0.204635 0.958937 -0.196381
vn -0.712944 0.246796 -0.656356
vn -0.965765 0.235139 -0.109579
vn -0.300777 0.953102 -0.033618
vn 0.659193 0.748431 -0.072908
vn 0.653291 0.744056 -0.139972
vn -0.335960 -0.247031 -0.908904
vn -0.730715 -0.213547 -0.648424
vn 0.229623 0.970490 -0.073642
vn 0.743586 0.662190 -0.092648
vn 0.809250 0.585881 -0.043112
vn 0.503481 0.856988 0.109898
vn -0.260705 -0.012511 -0.965338
vn 0.465721 0.478127 -0.744646
vn -0.738102 -0.137285 -0.660574
vn -0.097422 -0.974238 -0.203395
vn -0.057561 -0.997784 -0.033387
vn -0.977958 -0.175282 -0.113466
vn 0.042416 0.268006 -0.962483
vn 0.979295 0.059688 -0.193438
vn 0.969158 0.191233 -0.155443
vn 0.945344 0.260912 -0.195576
vn -0.109073 0.951330 -0.288225
vn -0.324558 0.245044 -0.913573
vn 0.799858 0.449487 -0.397730
vn -0.001293 -0.989459 -0.144808
vn 0.921649 -0.280868 -0.267725
vn 0.480485 0.270606 -0.834210
vn 0.934798 0.261409 -0.240454
vn 0.269055 0.958000 -0.099226
vn 0.277105 0.954850 -0.107121
vn 0.324729 0.940371 -0.101255
vn 0.954520 0.005709 -0.298093
vn 0.961504 0.171405 -0.214780
vn 0.029550 -0.016458 -0.999428
vn -0.339626 -0.097686 -0.935474
vn -0.078440 -0.969576 -0.231881
vn 0.816905 0.221123 -0.532701
vn 0.904257 -0.207599 -0.373125
vn 0.936889 0.108059 -0.332509
vn 0.020937 -0.264974 -0.964028
vn -0.017407 0.952025 -0.305525
vn 0.006465 0.247373 -0.968899
vn 0.009650 -0.977999 -0.208387
vn 0.023022 -0.998474 -0.050188
vn 0.792942 -0.017332 -0.609050
vn 0.433889 -0.006326 -0.900944
vn 0.959278 -0.065050 -0.274870
vn 0.974939 -0.027592 -0.220755
vn -0.019819 -0.968054 -0.249956
vn 0.818289 0.547176 -0.176070
vn 0.904952 0.317533 -0.283256
vn 0.219319 0.972828 -0.074201
vn 0.221043 0.973803 -0.053363
vn 0.016564 -0.102821 -0.994562
vn 0.972104 -0.209269 -0.105926
vn 0.957557 -0.203987 -0.203652
vn 0.808291 -0.158026 -0.567180
vn 0.448864 -0.216745 -0.866916
vn 0.109116 0.966560 -0.232067
vn 0.455716 0.288687 -0.842011
vn 0.936710 -0.185862 -0.296700
vn 0.767342 0.316607 -0.557626
vn 0.194639 0.970443 -0.142676
vn 0.031596 -0.999436 -0.011364
vn 0.123437 -0.963520 0.237470
vn 0.476626 -0.149127 -0.866365
vn 0.788293 -0.235764 -0.568340
vn -0.902939 0.000000 0.429770
vn -0.588765 0.000000 0.808304
vn -0.063319 0.000000 0.997993
vn -0.978414 0.000000 0.206653
vn 0.336071 0.000000 0.941837
vn -0.973345 0.000000 0.229344
vn 0.638421 0.000000 0.769687
vn -0.965616 -0.000000 0.259972
vn 0.989896 0.000000 0.141798
vn 0.999635 0.000000 -0.027021
vn 0.981174 0.191034 -0.028337
vn 0.446994 0.894453 -0.012258
vn 0.947016 0.000000 -0.321188
vn 0.135704 -0.912846 0.385094
vn 0.929435 0.000000 -0.368985
vn -0.003324 -0.985712 -0.168409
vn 0.196862 -0.910673 0.363208
vn 0.246197 0.335193 0.909413
vn 0.275801 0.486328 0.829108
vn -0.065624 0.987364 0.144242
vn -0.340814 0.908645 0.241270
vn -0.425313 0.904659 0.026469
vn -0.889525 0.427724 0.160614
vn -0.896881 0.411032 0.163269
vn -0.167996 0.984080 -0.058004
vn -0.400082 0.476523 -0.782854
vn -0.515069 0.385931 -0.765350
vn 0.391228 0.441746 0.807342
vn 0.150449 0.979602 0.133213
vn 0.105986 0.991187 -0.079463
vn -0.230483 0.489507 -0.840988
vn 0.463434 0.294922 0.835614
vn 0.503391 0.846082 0.175338
vn 0.449525 0.887833 -0.098389
vn -0.113884 0.352074 -0.929018
vn 0.987644 -0.155904 -0.015920
vn 0.987941 -0.154030 -0.015698
vn 0.326304 0.268241 0.906406
vn 0.279823 0.248411 0.927357
vn -0.423711 0.280068 -0.861412
vn -0.497275 0.281068 -0.820804
vn 0.398162 0.247808 0.883209
vn -0.285468 0.271455 -0.919141
vn 0.438918 0.200527 0.875865
vn -0.157965 0.257847 -0.953185
vn 0.969782 -0.242565 -0.026190
vn 0.969782 -0.242565 -0.026190
vn -0.950820 0.304833 0.054935
vn -0.877701 0.471083 0.087881
vn -0.895690 0.337915 0.289057
vn -0.810811 0.476331 0.340138
vn -0.756186 0.558159 0.341527
vn -0.610031 -0.240243 -0.755080
vn -0.610031 -0.240243 -0.755080
vn -0.610031 -0.240243 -0.755080
vn -0.610031 -0.240243 -0.755080
vn -0.702244 -0.226125 -0.675071
vn -0.702244 -0.226125 -0.675071
vn -0.702244 -0.226125 -0.675071
vn -0.702244 -0.226125 -0.675071
vn 0.139070 -0.393456 -0.908764
vn 0.139070 -0.393456 -0.908764
vn 0.139070 -0.393456 -0.908764
vn 0.139070 -0.393456 -0.908764
vn -0.116000 -0.352122 -0.928738
vn -0.116000 -0.352122 -0.928738
vn -0.116000 -0.352122 -0.928738
vn -0.116000 -0.352122 -0.928738
vn 0.850601 0.229390 -0.473136
vn 0.047568 0.986740 0.155181
vn -0.109058 0.993714 0.025258
vn -0.127829 0.974765 -0.183012
vn 0.327809 0.932619 -0.150875
vn 0.332033 0.942584 -0.035913
vn 0.298744 0.854951 -0.424041
vn 0.298744 0.854951 -0.424041
vn 0.044991 0.985411 0.164137
vn 0.049476 0.986261 0.157613
vn -0.038366 0.970122 0.239566
vn -0.038522 0.970085 0.239688
vn 0.007819 0.968332 0.249542
vn -0.005064 0.967168 0.254087
vn 0.069193 0.972546 0.222188
vn 0.070605 0.972413 0.222324
vn 0.119418 0.961685 0.246783
vn 0.089293 0.967844 0.235169
vn 0.294495 0.883515 0.364246
vn 0.296797 0.880559 0.369497
vn 0.255718 0.911629 0.321777
vn 0.224982 0.926838 0.300591
vn 0.078911 0.995687 0.048790
vn 0.083800 0.996226 0.022617
vn 0.164284 0.978441 0.125157
vn 0.163985 0.978607 0.124244
vn -0.907114 -0.074878 0.414171
vn -0.907114 -0.074878 0.414171
vn -0.907114 -0.074878 0.414171
vn -0.907114 -0.074878 0.414171
vn 0.832039 0.000000 0.554717
vn 0.832039 0.000000 0.554717
vn 0.832039 0.000000 0.554717
vn 0.832039 0.000000 0.554717
vn 0.341485 0.000000 0.939887
vn 0.341485 0.000000 0.939887
vn 0.341485 0.000000 0.939887
vn 0.341485 0.000000 0.939887
vn 0.102767 0.000000 0.994705
vn 0.102767 0.000000 0.994705
vn 0.102767 0.000000 0.994705
vn 0.102767 0.000000 0.994705
vn -0.447214 0.000000 0.894427
vn -0.447214 0.000000 0.894427
vn -0.447214 0.000000 0.894427
vn -0.447214 0.000000 0.894427
vn -0.992284 0.000000 0.123987
vn -0.992284 0.000000 0.123987
vn -0.992284 0.000000 0.123987
vn -0.992284 0.000000 0.123987
vn -0.857509 0.000000 0.514469
vn -0.857509 0.000000 0.514469
vn -0.857509 0.000000 0.514469
vn -0.857509 0.000000 0.514469
vn -0.936307 0.000000 0.351183
vn -0.936307 0.000000 0.351183
vn -0.936307 0.000000 0.351183
vn -0.936307 0.000000 0.351183
vn 0.987432 -0.000000 0.158045
vn 0.987432 -0.000000 0.158045
vn 0.987432 -0.000000 0.158045
vn 0.987432 -0.000000 0.158045
vn 0.891042 -0.000000 -0.453921
vn 0.891042 -0.000000 -0.453921
vn 0.891042 -0.000000 -0.453921
vn 0.891042 -0.000000 -0.453921
vn 0.983254 0.000000 -0.182240
vn 0.983254 0.000000 -0.182240
vn 0.983254 0.000000 -0.182240
vn 0.983254 0.000000 -0.182241
vn -0.921798 0.083848 -0.378495
vn -0.921798 0.083848 -0.378495
vn 0.666324 0.736442 0.116900
vn 0.832876 0.519898 0.189801
vn 0.832876 0.519898 0.189801
vn 0.928066 0.217617 -0.302220
vn -0.740499 0.646509 0.183544
vn -0.740499 0.646509 0.183544
vn 0.941678 0.031519 -0.335036
vn 0.905976 0.009240 -0.423228
vn 0.888682 -0.000000 -0.458525
vn 0.888682 -0.000000 -0.458525
vn 0.679627 0.043154 -0.732288
vn 0.679627 0.043154 -0.732288
vn 0.679627 0.043154 -0.732288
vn 0.679627 0.043154 -0.732288
vn 0.629579 0.052400 -0.775168
vn 0.629579 0.052400 -0.775168
vn 0.629579 0.052400 -0.775168
vn 0.365819 0.737638 -0.567509
vn 0.365819 0.737638 -0.567509
vn 0.365819 0.737638 -0.567509
vn 0.365819 0.737638 -0.567509
vn -0.804707 -0.068143 0.589748
vn -0.804707 -0.068143 0.589748
vn -0.804707 -0.068143 0.589748
vn -0.804707 -0.068143 0.589748
vn -0.547858 0.200013 -0.812309
vn -0.514649 0.312945 -0.798249
vn -0.517314 0.304862 -0.799653
vn -0.547858 0.200013 -0.812309
vn -0.671337 0.191672 -0.715939
vn -0.646639 0.317803 -0.693441
vn -0.642536 0.334127 -0.689570
vn -0.671337 0.191672 -0.715939
vn 0.111323 0.235485 -0.965481
vn 0.110704 0.214540 -0.970421
vn 0.110592 0.210887 -0.971234
vn 0.111323 0.235485 -0.965481
vn -0.101659 0.224427 -0.969174
vn -0.100471 0.242836 -0.964850
vn -0.100216 0.246701 -0.963896
vn -0.101659 0.224427 -0.969174
vn 0.177563 0.983600 -0.031654
vn 0.177563 0.983600 -0.031654
vn 0.177563 0.983600 -0.031654
vn 0.177563 0.983600 -0.031654
vn 0.023317 0.999720 -0.004154
vn 0.023317 0.999720 -0.004154
vn 0.023317 0.999720 -0.004154
vn 0.023317 0.999720 -0.004154
vn 0.054522 0.998465 -0.009718
vn 0.054522 0.998465 -0.009718
vn 0.054522 0.998465 -0.009718
vn 0.054522 0.998465 -0.009718
vn 0.037083 0.999290 -0.006609
vn 0.037083 0.999290 -0.006609
vn 0.037083 0.999290 -0.006609
vn 0.037083 0.999290 -0.006609
vn 0.109831 0.187389 -0.976126
vn 0.109831 0.187389 -0.976126
vn -0.098812 0.267513 -0.958474
vn -0.098812 0.267513 -0.958474
vn -0.478585 0.410811 -0.776010
vn -0.478585 0.410811 -0.776010
vn -0.604544 0.456354 -0.652892
vn -0.604544 0.456354 -0.652892
s 1
g polySurface14 polySurface17
usemtl initialShadingGroup
f 5820//6255 5821//6256 5819//6257 5822//6258
f 5823//6259 5822//6258 5819//6257
f 5824//6260 5820//6255 5822//6258 5825//6261
f 5823//6259 5825//6261 5822//6258
f 5819//6257 5821//6256 5826//6262 5827//6263
f 5827//6263 5838//6264 5823//6259 5819//6257
f 5820//6255 5824//6260 5828//6265 5829//6266
f 5826//6262 5821//6256 5830//6267 5836//6268
f 5824//6260 5825//6261 5831//6269 5841//6270
f 5825//6261 5823//6259 5832//6271 5831//6269
s 2
f 5835//6272 5833//6273 5834//6274 5837//6275
f 5839//6276 5835//6272 5837//6275 5842//6277
s 1
f 5828//6265 5824//6260 5841//6270 5853//6278
f 5826//6262 5840//6279 5827//6263
s 2
f 5834//6274 5833//6273 5843//6280 5845//6281
s 1
f 5832//6271 5823//6259 5838//6264 5863//6282
f 5844//6283 5840//6279 5826//6262 5852//6284
s 2
f 5849//6285 5847//6286 5848//6287 5851//6288
f 5851//6288 5848//6287 5850//6289 5855//6290
s 1
f 5852//6284 5826//6262 5836//6268 5876//6291
f 5846//6292 5840//6279 5844//6283 5860//6293
s 2
f 5854//6294 5839//6276 5842//6277 5866//6295
s 1
f 5857//6296 5856//6297 5844//6283 5861//6298
f 5858//6299 5856//6297 5857//6296 5864//6300
s 2
f 5859//6301 5847//6286 5849//6285 5873//6302
s 1
f 5860//6293 5844//6283 5856//6297 5858//6299
f 6014//6303 5832//6271 5863//6282 5898//6304
f 5841//6270 5831//6269 5862//6305 5877//6306
f 5861//6298 5844//6283 5852//6284
f 5857//6296 5861//6298 5865//6307 5864//6300
f 5867//6308 5868//6309 5869//6310
s 2
f 5855//6290 5850//6289 5870//6311 5884//6312
s 1
f 5865//6307 5861//6298 5871//6313 5872//6314
f 5867//6308 5869//6315 6034//6316 6035//6317
f 5872//6314 5871//6313 5869//6310 5868//6309
s 2
f 5874//6318 5843//6280 5859//6301
s 1
f 5853//6278 5841//6270 5877//6306 5891//6319
f 5861//6298 6049//6320 5871//6313
s 2
f 5880//6321 6008//6322 5896//6323 5908//6324
s 1
f 5867//6308 5881//6325 5868//6309
f 5875//6326 5846//6292 5860//6293 5885//6327
f 5878//6328 5871//6313 6049//6320
f 5881//6325 5867//6308 6035//6317 6037//6329
f 5882//6330 5858//6299 5864//6300 5888//6331
s 2
f 5855//6290 5883//6332 5851//6288
f 5849//6285 5851//6288 5883//6332 5899//6333
s 1
f 5885//6327 5860//6293 5858//6299 5882//6330
s 2
f 5859//6301 5873//6302 5886//6334 5874//6318
s 1
f 5888//6331 5864//6300 5865//6307 5894//6335
f 5876//6291 5879//6336 5852//6284
s 2
f 5874//6318 5890//6337 5843//6280
s 1
f 5889//6338 5878//6328 5887//6339 5900//6340
s 2
f 5893//6341 5854//6294 5866//6295 5902//6342
s 1
f 5894//6335 5865//6307 5872//6314 6031//6343
f 5895//6344 6014//6303 5898//6304 5906//6345
s 2
f 5855//6290 5884//6312 5883//6332
s 1
f 5892//6346 5868//6309 5881//6325
f 5897//6347 5887//6339 5879//6336 5876//6291
s 2
f 5896//6323 6008//6348 5890//6337 5914//6349
f 5873//6302 5849//6285 5899//6333 5932//6350
s 1
f 5901//6351 5881//6325 6037//6329 5904//6352
f 5891//6319 5877//6306 5895//6344 5905//6353
s 2
f 5883//6332 5884//6312 5870//6311 5907//6354
s 1
f 5900//6340 5887//6339 5897//6347 5910//6355
s 2
f 5890//6337 5874//6318 5886//6334 6009//6356
s 1
f 5903//6357 5889//6338 5900//6340 5912//6358
f 5881//6325 5901//6351 5892//6346
f 5909//6359 5875//6326 5885//6327 5924//6360
f 5882//6330 5888//6331 5913//6361 5915//6362
f 5885//6327 5882//6330 5915//6362 5924//6360
f 5913//6361 5888//6331 5894//6335 5925//6363
s 2
f 5916//6364 5893//6341 5902//6342 5923//6365
f 5908//6324 5896//6323 5917//6366 5926//6367
s 1
f 5919//6368 5901//6351 5904//6352 6038//6369
f 5892//6346 5901//6351 5919//6368 5921//6370
f 5905//6353 5895//6344 5906//6345 5933//6371
s 2
f 5920//6372 5896//6323 5914//6349
s 1
f 5894//6335 6031//6343 6032//6373 5925//6363
f 6039//6374 5911//6375 5922//6376 6040//6377
f 5906//6345 5898//6304 5909//6359 5936//6378
s 2
f 5917//6366 5896//6323 5920//6372 5934//6379
f 5899//6333 5883//6332 5907//6354 5931//6380
s 1
f 5911//6375 5918//6381 5928//6382 5922//6376
f 5915//6362 5913//6361 5925//6363 5924//6360
f 6041//6383 6040//6377 5922//6376 5937//6384
f 5930//6385 5912//6358 5929//6386 5944//6387
f 5936//6378 5909//6359 5924//6360 5942//6388
f 5928//6382 5918//6381 5930//6385 5943//6389
f 5910//6355 5926//6390 5938//6391 5929//6386
s 2
f 5920//6372 5927//6392 5940//6393 5934//6379
s 1
f 5941//6394 5937//6384 5922//6376 5928//6382
f 6042//6395 6041//6383 5937//6384 5945//6396
f 5933//6371 5906//6345 5936//6378 5947//6397
f 5942//6388 5925//6363 6032//6373 6033//6398
f 5942//6388 5924//6360 5925//6363
f 5921//6370 5939//6399 6100//6400 6101//6401
f 5943//6389 5930//6385 5944//6387 5953//6402
s 2
f 5932//6350 5899//6333 5931//6380 5957//6403
s 1
f 5945//6396 5937//6384 5941//6394 5954//6404
f 5928//6382 5943//6389 5948//6405 5941//6394
f 6044//6406 6042//6395 5945//6396 5955//6407
f 5947//6397 5936//6378 5942//6388 5961//6408
s 2
f 5952//6409 5938//6410 5951//6411 5956//6412
s 1
f 6046//6413 6044//6406 5955//6407 5958//6414
f 5953//6402 5944//6387 5952//6415 5967//6416
f 6043//6417 6045//6418 5959//6419 6099//6420
f 5948//6405 5943//6389 5953//6402 5968//6421
f 5955//6407 5945//6396 5954//6404 5966//6422
f 5961//6408 5942//6388 6033//6398
s 2
f 5963//6423 5964//6424 5962//6425 5971//6426
s 1
f 5941//6394 5948//6405 5965//6427 5954//6404
f 5961//6408 5946//6428 5950//6429 5976//6430
s 2
f 5952//6409 5956//6412 5969//6431 5967//6432
s 1
f 5970//6433 5958//6414 5955//6407 5966//6422
f 5959//6419 5958//6414 5970//6433
s 2
f 5935//6434 5932//6350 5957//6403 5977//6435
s 1
f 5967//6416 5968//6421 5953//6402
f 5966//6422 5954//6404 5965//6427 5981//6436
s 2
f 5973//6437 5974//6438 5975//6439 6012//6440
s 1
f 5976//6430 5950//6429 5972//6441 5985//6442
f 5948//6405 5968//6421 5978//6443 5965//6427
s 2
f 5979//6444 5963//6423 5971//6426 5986//6445
s 1
f 5980//6446 5970//6433 5966//6422 5981//6436
s 2
f 5977//6435 5973//6437 6012//6447 6013//6448
s 1
f 5968//6421 5967//6416 5984//6449 5978//6443
s 2
f 5984//6450 5967//6432 5969//6431 5993//6451
f 5971//6426 5962//6425 5987//6452 5998//6453
s 1
f 5985//6442 5972//6441 5980//6446 5991//6454
f 5989//6455 5981//6436 5965//6427 5978//6443
f 5990//6456 5988//6457 5976//6430 5985//6442
f 5991//6454 5980//6446 5981//6436 5989//6455
s 2
f 5992//6458 5986//6445 5971//6426 5998//6453
f 5983//6459 5988//6460 5990//6461 5996//6462
f 5979//6444 5986//6445 5992//6458 5999//6463
f 5994//6464 6011//6465 5983//6459
s 1
f 5985//6442 5991//6454 5995//6466 5990//6456
f 5991//6454 5989//6455 5997//6467 5995//6466
s 2
f 5997//6468 5984//6450 5993//6451 6000//6469
f 5994//6464 5983//6459 5996//6462 6003//6470
f 5996//6462 5990//6461 5995//6471 6001//6472
f 5995//6471 5997//6468 6000//6469 6001//6472
f 6002//6473 5982//6474 5994//6464 6003//6470
f 5999//6463 5992//6458 5998//6453 6004//6475
f 6002//6473 6003//6470 6005//6476 5987//6452
f 6004//6475 5998//6453 5987//6452 6005//6476
s 1
f 5821//6256 5820//6255 5829//6266 5830//6267
f 5830//6267 5829//6266 5837//6477 5834//6478
f 5829//6266 5828//6265 5842//6479 5837//6477
s 2
f 5833//6273 5835//6272 5848//6287 5847//6286
s 1
f 5845//6480 5836//6268 5830//6267 5834//6478
s 2
f 5835//6272 5839//6276 5850//6289 5848//6287
f 5843//6280 5833//6273 5847//6286 5859//6301
s 1
f 5842//6479 5828//6265 5853//6278 5866//6481
s 2
f 5839//6276 5854//6294 5870//6311 5850//6289
s 1
f 5876//6291 5836//6268 5845//6480 5880//6482
f 5866//6481 5853//6278 5891//6319 5902//6483
s 2
f 5870//6311 5854//6294 5893//6341 5907//6354
s 1
f 5897//6347 5876//6291 5880//6482 5908//6484
f 5902//6483 5891//6319 5905//6353 5923//6485
f 5910//6355 5897//6347 5908//6484 5926//6390
s 2
f 5907//6354 5893//6341 5916//6364 5931//6380
f 5935//6434 5886//6334 5873//6302 5932//6350
s 1
f 5905//6353 5933//6371 6006//6486 5923//6485
s 2
f 5951//6411 5938//6410 5926//6367 5917//6366
f 5916//6364 5923//6365 6006//6487 6007//6488
f 5964//6424 5951//6411 5917//6366 5934//6379
f 5931//6380 5916//6364 6007//6488 5957//6403
s 1
f 5944//6387 5929//6386 5938//6391 5952//6415
s 2
f 5962//6425 5964//6424 5934//6379 5940//6393
s 1
f 5933//6371 5947//6397 5974//6489 6006//6486
s 2
f 6009//6356 6010//6490 5914//6349 5890//6337
f 5963//6423 5956//6412 5951//6411 5964//6424
f 6007//6488 6006//6487 5974//6438 5973//6437
f 6007//6488 5973//6437 5977//6435 5957//6403
s 1
f 5947//6397 5961//6408 5975//6491 5974//6489
s 2
f 5979//6444 5969//6431 5956//6412 5963//6423
f 6002//6473 5940//6393 5927//6392 5982//6474
s 1
f 5961//6408 5976//6430 5988//6457 5975//6491
s 2
f 5987//6452 5962//6425 5940//6393 6002//6473
f 5993//6451 5969//6431 5979//6444 5999//6463
s 1
f 5997//6467 5989//6455 5978//6443 5984//6449
s 2
f 6000//6469 5993//6451 5999//6463 6004//6475
f 5996//6462 6001//6472 6005//6476 6003//6470
f 6001//6472 6000//6469 6004//6475 6005//6476
f 5880//6321 5845//6281 5843//6280 6008//6322
f 5890//6337 6008//6348 5843//6280
f 6009//6356 5886//6334 5935//6434 5960//6492
f 5949//6493 6010//6490 6009//6356 5960//6492
f 5927//6392 6010//6490 5949//6493 5982//6474
f 5949//6493 6011//6465 5994//6464 5982//6474
f 5977//6435 6013//6448 5960//6492 5935//6434
f 5983//6459 6012//6440 5975//6439 5988//6460
f 6011//6465 6013//6448 6012//6447 5983//6459
f 5960//6492 6013//6448 6011//6465 5949//6493
f 5927//6392 5920//6372 5914//6349 6010//6490
s 1
f 5862//6305 6014//6303 5895//6344 5877//6306
f 5862//6305 5831//6269 5832//6271 6014//6303
f 6015//6494 6016//6495 6020//6496 6019//6497
f 6016//6495 6015//6498 6018//6499 6017//6500
f 6017//6500 6018//6501 6022//6502 6021//6503
f 6019//6497 6020//6496 6024//6504 6023//6505
f 6021//6503 6022//6502 6026//6506 6025//6507
f 6023//6505 6024//6504 6028//6508 6027//6509
f 6025//6507 6026//6506 6030//6510 6029//6511
f 6027//6512 6028//6508 6029//6511 6030//6513
f 6015//6498 5827//6263 5840//6279 6018//6499
f 5838//6514 5827//6515 6015//6494 6019//6497
f 6020//6496 6016//6495 6017//6500 6021//6503
f 6018//6501 5840//6516 5846//6517 6022//6502
f 5863//6518 5838//6514 6019//6497 6023//6505
f 6024//6504 6020//6496 6021//6503 6025//6507
f 6022//6502 5846//6517 5875//6519 6026//6506
f 5863//6518 6023//6505 6027//6509 5898//6520
f 6028//6508 6024//6504 6025//6507 6029//6511
f 6030//6510 6026//6506 5875//6519 5909//6521
f 5909//6522 5898//6523 6027//6512 6030//6513
f 5872//6314 5868//6309 5892//6346 6031//6343
f 6032//6373 6031//6343 5892//6346 5921//6370
f 6101//6401 6032//6373 5921//6370
f 5961//6408 6033//6398 5946//6428
f 5903//6357 5918//6381 5911//6375 6050//6524
f 5911//6375 6039//6374 6051//6525 6050//6524
f 6050//6524 6051//6525 6048//6526 6047//6527
f 5903//6357 6050//6524 6047//6527 5889//6338
f 5918//6381 5903//6357 5912//6358 5930//6385
f 5912//6358 5900//6340 5910//6355 5929//6386
f 5879//6336 6049//6320 5861//6298 5852//6284
f 5878//6328 6049//6320 5879//6336 5887//6339
f 6047//6527 6048//6526 6036//6528 5878//6328
f 5889//6338 6047//6527 5878//6328
s off
f 5904/3283/6529 6037/3284/6530 6052/3285/6531 6053/3286/6532
f 6038/3287/6533 5904/3288/6534 6053/3289/6535 6054/3290/6536
f 6035/3291/6537 6034/3292/6538 6056/3293/6539 6055/3294/6540
f 6037/3295/6541 6035/3296/6542 6055/3297/6543 6052/3298/6544
s 15
f 6085/3401/6545 6083/3400/6546 6036/3398/6547 6057/3399/6548
f 6043/3299/6549 5939/3300/6550 6059/3301/6551 6058/3302/6552
f 6039/3303/6553 6040/3304/6554 6061/3305/6555 6060/3306/6556
f 6040/3307/6554 6041/3308/6557 6062/3309/6558 6061/3310/6555
f 6041/3311/6557 6042/3312/6559 6063/3313/6560 6062/3314/6558
f 6042/3315/6559 6044/3316/6561 6064/3317/6562 6063/3318/6560
f 6045/3319/6563 6043/3320/6549 6058/3321/6552 6065/3322/6564
f 6044/3323/6561 6046/3324/6565 6066/3325/6566 6064/3326/6562
f 6046/3327/6565 6045/3328/6563 6065/3329/6564 6066/3330/6566
f 6051/3331/6567 6039/3332/6553 6060/3333/6556 6067/3334/6568
f 6036/3335/6547 6048/3336/6569 6068/3337/6570 6057/3338/6548
f 6048/3339/6569 6051/3340/6567 6067/3341/6568 6068/3342/6570
s off
f 6058/3343/6571 6059/3344/6572 6072/3345/6573 6071/3346/6574
f 6060/3347/6575 6061/3348/6576 6074/3349/6577 6073/3350/6578
f 6061/3351/6579 6062/3352/6580 6075/3353/6581 6074/3354/6582
f 6062/3355/6583 6063/3356/6584 6076/3357/6585 6075/3358/6586
f 6063/3359/6587 6064/3360/6588 6077/3361/6589 6076/3362/6590
f 6065/3363/6591 6058/3364/6592 6071/3365/6593 6078/3366/6594
f 6064/3367/6595 6066/3368/6596 6079/3369/6597 6077/3370/6598
f 6066/3371/6599 6065/3372/6600 6078/3373/6601 6079/3374/6602
f 6067/3375/6603 6060/3376/6604 6073/3377/6605 6080/3378/6606
f 6057/3379/6607 6068/3380/6608 6081/3381/6609 6069/3382/6610
f 6068/3383/6611 6067/3384/6612 6080/3385/6613 6081/3386/6614
s 1
f 6056/3387/6615 6034/3388/6316 5869/3389/6315 5871/3390/6616
s 15
f 6082/3396/6617 6084/3397/6618 6056/3387/6619 5871/3390/6620
s 1
f 6083//6621 6082//6622 5871//6313 5878//6328 6036//6528
s 15
f 6084/3391/6618 6085/3392/6545 6086/3402/6623 6070/3395/6624
f 6082/3396/6617 6083/3400/6546 6085/3401/6545 6084/3397/6618
f 6086/3402/6623 6085/3392/6545 6057/3393/6625 6069/3394/6626
s off
f 6038/3403/6627 6054/3404/6628 6087/3405/6629 5919/3406/6630
f 5919/3407/6631 6087/3408/6632 5921/3409/6633
f 5939/3410/6634 5921/3411/6635 6087/3412/6636 6059/3413/6637
f 6059/3414/6638 6087/3415/6639 6088/3416/6640 6072/3417/6641
s 18
f 6053/3418/6642 6052/3419/6643 6104/3453/6644 6105/3456/6645
s 19
f 6054/3422/6646 6053/3423/6647 6105/3455/6648 6106/3457/6649
s 20
f 6055/3426/6650 6056/3427/6651 6102/3450/6652 6103/3452/6653
s 21
f 6052/3430/6654 6055/3431/6655 6103/3451/6656 6104/3454/6657
s off
f 6090/3434/6658 6089/3435/6659 6094/3436/6660 6095/3437/6661
f 6091/3438/6662 6090/3439/6663 6095/3440/6664 6096/3441/6665
f 6092/3442/6666 6093/3443/6667 6098/3444/6668 6097/3445/6669
f 6089/3446/6670 6092/3447/6671 6097/3448/6672 6094/3449/6673
s 1
f 5959//6419 6045//6418 6046//6413 5958//6414
f 5950//6429 6099//6420 5959//6419 5972//6441
f 5972//6441 5959//6419 5970//6433 5980//6446
f 5950//6429 5946//6428 6100//6400 6099//6420
f 6101//6401 6100//6400 5946//6428
f 6033//6398 6032//6373 6101//6401 5946//6428
f 6099//6420 6100//6400 5939//6399 6043//6417
s 20
f 6103/3452/6653 6102/3450/6652 6093/3428/6674 6092/3429/6675
s 21
f 6104/3454/6657 6103/3451/6656 6092/3432/6676 6089/3433/6677
s 18
f 6105/3456/6645 6104/3453/6644 6089/3420/6678 6090/3421/6679
s 19
f 6106/3457/6649 6105/3455/6648 6090/3424/6680 6091/3425/6681
s 22
f 6108//6682 6110//6683 6107//6684 6109//6685
f 6111//6686 6107//6684 6110//6683
f 6112//6687 6113//6688 6110//6683 6108//6682
f 6111//6686 6110//6683 6113//6688
f 6107//6684 6115//6689 6114//6690 6109//6685
f 6115//6689 6107//6684 6111//6686 6126//6691
f 6108//6682 6117//6692 6116//6693 6112//6687
f 6114//6690 6124//6694 6118//6695 6109//6685
f 6112//6687 6129//6696 6119//6697 6113//6688
f 6113//6688 6119//6697 6120//6698 6111//6686
s 23
f 6123//6699 6125//6700 6122//6701 6121//6702
f 6127//6703 6130//6704 6125//6700 6123//6699
s 22
f 6116//6693 6141//6705 6129//6696 6112//6687
f 6114//6690 6115//6689 6128//6706
s 23
f 6122//6701 6133//6707 6131//6708 6121//6702
s 22
f 6120//6698 6151//6709 6126//6691 6111//6686
f 6132//6710 6140//6711 6114//6690 6128//6706
s 23
f 6137//6712 6139//6713 6136//6714 6135//6715
f 6139//6713 6143//6716 6138//6717 6136//6714
s 22
f 6140//6711 6164//6718 6124//6694 6114//6690
f 6134//6719 6148//6720 6132//6710 6128//6706
s 23
f 6142//6721 6154//6722 6130//6704 6127//6703
s 22
f 6145//6723 6149//6724 6132//6710 6144//6725
f 6146//6726 6152//6727 6145//6723 6144//6725
s 23
f 6147//6728 6161//6729 6137//6712 6135//6715
s 22
f 6148//6720 6146//6726 6144//6725 6132//6710
f 6302//6730 6186//6731 6151//6709 6120//6698
f 6129//6696 6165//6732 6150//6733 6119//6697
f 6149//6724 6140//6711 6132//6710
f 6145//6723 6152//6727 6153//6734 6149//6724
f 6155//6735 6157//6736 6156//6737
s 23
f 6143//6716 6172//6738 6158//6739 6138//6717
s 22
f 6153//6734 6160//6740 6159//6741 6149//6724
f 6155//6735 6323//6742 6322//6743 6157//6744
f 6160//6740 6156//6737 6157//6736 6159//6741
s 23
f 6162//6745 6147//6728 6131//6708
s 22
f 6141//6705 6179//6746 6165//6732 6129//6696
f 6149//6724 6159//6741 6337//6747
s 23
f 6168//6748 6196//6749 6184//6750 6296//6751
s 22
f 6155//6735 6156//6737 6169//6752
f 6163//6753 6173//6754 6148//6720 6134//6719
f 6166//6755 6337//6747 6159//6741
f 6169//6752 6325//6756 6323//6742 6155//6735
f 6170//6757 6176//6758 6152//6727 6146//6726
s 23
f 6143//6716 6139//6713 6171//6759
f 6137//6712 6187//6760 6171//6759 6139//6713
s 22
f 6173//6754 6170//6757 6146//6726 6148//6720
s 23
f 6147//6728 6162//6745 6174//6761 6161//6729
s 22
f 6176//6758 6182//6762 6153//6734 6152//6727
f 6164//6718 6140//6711 6167//6763
s 23
f 6162//6745 6131//6708 6178//6764
s 22
f 6177//6765 6188//6766 6175//6767 6166//6755
s 23
f 6181//6768 6190//6769 6154//6722 6142//6721
s 22
f 6182//6762 6319//6770 6160//6740 6153//6734
f 6183//6771 6194//6772 6186//6731 6302//6730
s 23
f 6143//6716 6171//6759 6172//6738
s 22
f 6180//6773 6169//6752 6156//6737
f 6185//6774 6164//6718 6167//6763 6175//6767
s 23
f 6184//6750 6202//6775 6178//6764 6296//6776
f 6161//6729 6220//6777 6187//6760 6137//6712
s 22
f 6189//6778 6192//6779 6325//6756 6169//6752
f 6179//6746 6193//6780 6183//6771 6165//6732
s 23
f 6171//6759 6195//6781 6158//6739 6172//6738
s 22
f 6188//6766 6198//6782 6185//6774 6175//6767
s 23
f 6178//6764 6297//6783 6174//6761 6162//6745
s 22
f 6191//6784 6200//6785 6188//6766 6177//6765
f 6169//6752 6180//6773 6189//6778
f 6197//6786 6212//6787 6173//6754 6163//6753
f 6170//6757 6203//6788 6201//6789 6176//6758
f 6173//6754 6212//6787 6203//6788 6170//6757
f 6201//6789 6213//6790 6182//6762 6176//6758
s 23
f 6204//6791 6211//6792 6190//6769 6181//6768
f 6196//6749 6214//6793 6205//6794 6184//6750
s 22
f 6207//6795 6326//6796 6192//6779 6189//6778
f 6180//6773 6209//6797 6207//6795 6189//6778
f 6193//6780 6221//6798 6194//6772 6183//6771
s 23
f 6208//6799 6202//6775 6184//6750
s 22
f 6182//6762 6213//6790 6320//6800 6319//6770
f 6327//6801 6328//6802 6210//6803 6199//6804
f 6194//6772 6224//6805 6197//6786 6186//6731
s 23
f 6205//6794 6222//6806 6208//6799 6184//6750
f 6187//6760 6219//6807 6195//6781 6171//6759
s 22
f 6199//6804 6210//6803 6216//6808 6206//6809
f 6203//6788 6212//6787 6213//6790 6201//6789
f 6329//6810 6225//6811 6210//6803 6328//6802
f 6218//6812 6232//6813 6217//6814 6200//6785
f 6224//6805 6230//6815 6212//6787 6197//6786
f 6216//6808 6231//6816 6218//6812 6206//6809
f 6198//6782 6217//6814 6226//6817 6214//6818
s 23
f 6208//6799 6222//6806 6228//6819 6215//6820
s 22
f 6229//6821 6216//6808 6210//6803 6225//6811
f 6330//6822 6233//6823 6225//6811 6329//6810
f 6221//6798 6235//6824 6224//6805 6194//6772
f 6230//6815 6321//6825 6320//6800 6213//6790
f 6230//6815 6213//6790 6212//6787
f 6209//6797 6389//6826 6388//6827 6227//6828
f 6231//6816 6241//6829 6232//6813 6218//6812
s 23
f 6220//6777 6245//6830 6219//6807 6187//6760
s 22
f 6233//6823 6242//6831 6229//6821 6225//6811
f 6216//6808 6229//6821 6236//6832 6231//6816
f 6332//6833 6243//6834 6233//6823 6330//6822
f 6235//6824 6249//6835 6230//6815 6224//6805
s 23
f 6240//6836 6244//6837 6239//6838 6226//6839
s 22
f 6334//6840 6246//6841 6243//6834 6332//6833
f 6241//6829 6255//6842 6240//6843 6232//6813
f 6331//6844 6387//6845 6247//6846 6333//6847
f 6236//6832 6256//6848 6241//6829 6231//6816
f 6243//6834 6254//6849 6242//6831 6233//6823
f 6249//6835 6321//6825 6230//6815
s 23
f 6251//6850 6259//6851 6250//6852 6252//6853
s 22
f 6229//6821 6242//6831 6253//6854 6236//6832
f 6249//6835 6264//6855 6238//6856 6234//6857
s 23
f 6240//6836 6255//6858 6257//6859 6244//6837
s 22
f 6258//6860 6254//6849 6243//6834 6246//6841
f 6247//6846 6258//6860 6246//6841
s 23
f 6223//6861 6265//6862 6245//6830 6220//6777
s 22
f 6255//6842 6241//6829 6256//6848
f 6254//6849 6269//6863 6253//6854 6242//6831
s 23
f 6261//6864 6300//6865 6263//6866 6262//6867
s 22
f 6264//6855 6273//6868 6260//6869 6238//6856
f 6236//6832 6253//6854 6266//6870 6256//6848
s 23
f 6267//6871 6274//6872 6259//6851 6251//6850
s 22
f 6268//6873 6269//6863 6254//6849 6258//6860
s 23
f 6265//6862 6301//6874 6300//6875 6261//6864
s 22
f 6256//6848 6266//6870 6272//6876 6255//6842
s 23
f 6272//6877 6281//6878 6257//6859 6255//6858
f 6259//6851 6286//6879 6275//6880 6250//6852
s 22
f 6273//6868 6279//6881 6268//6873 6260//6869
f 6277//6882 6266//6870 6253//6854 6269//6863
f 6278//6883 6273//6868 6264//6855 6276//6884
f 6279//6881 6277//6882 6269//6863 6268//6873
s 23
f 6280//6885 6286//6879 6259//6851 6274//6872
f 6271//6886 6284//6887 6278//6888 6276//6889
f 6267//6871 6287//6890 6280//6885 6274//6872
f 6282//6891 6271//6886 6299//6892
s 22
f 6273//6868 6278//6883 6283//6893 6279//6881
f 6279//6881 6283//6893 6285//6894 6277//6882
s 23
f 6285//6895 6288//6896 6281//6878 6272//6877
f 6282//6891 6291//6897 6284//6887 6271//6886
f 6284//6887 6289//6898 6283//6899 6278//6888
f 6283//6899 6289//6898 6288//6896 6285//6895
f 6290//6900 6291//6897 6282//6891 6270//6901
f 6287//6890 6292//6902 6286//6879 6280//6885
f 6290//6900 6275//6880 6293//6903 6291//6897
f 6292//6902 6293//6903 6275//6880 6286//6879
s 22
f 6109//6685 6118//6695 6117//6692 6108//6682
f 6118//6695 6122//6904 6125//6905 6117//6692
f 6117//6692 6125//6905 6130//6906 6116//6693
s 23
f 6121//6702 6135//6715 6136//6714 6123//6699
s 22
f 6133//6907 6122//6904 6118//6695 6124//6694
s 23
f 6123//6699 6136//6714 6138//6717 6127//6703
f 6131//6708 6147//6728 6135//6715 6121//6702
s 22
f 6130//6906 6154//6908 6141//6705 6116//6693
s 23
f 6127//6703 6138//6717 6158//6739 6142//6721
s 22
f 6164//6718 6168//6909 6133//6907 6124//6694
f 6154//6908 6190//6910 6179//6746 6141//6705
s 23
f 6158//6739 6195//6781 6181//6768 6142//6721
s 22
f 6185//6774 6196//6911 6168//6909 6164//6718
f 6190//6910 6211//6912 6193//6780 6179//6746
f 6198//6782 6214//6818 6196//6911 6185//6774
s 23
f 6195//6781 6219//6807 6204//6791 6181//6768
f 6223//6861 6220//6777 6161//6729 6174//6761
s 22
f 6193//6780 6211//6912 6294//6913 6221//6798
s 23
f 6239//6838 6205//6794 6214//6793 6226//6839
f 6204//6791 6295//6914 6294//6915 6211//6792
f 6252//6853 6222//6806 6205//6794 6239//6838
f 6219//6807 6245//6830 6295//6914 6204//6791
s 22
f 6232//6813 6240//6843 6226//6817 6217//6814
s 23
f 6250//6852 6228//6819 6222//6806 6252//6853
s 22
f 6221//6798 6294//6913 6262//6916 6235//6824
s 23
f 6297//6783 6178//6764 6202//6775 6298//6917
f 6251//6850 6252//6853 6239//6838 6244//6837
f 6295//6914 6261//6864 6262//6867 6294//6915
f 6295//6914 6245//6830 6265//6862 6261//6864
s 22
f 6235//6824 6262//6916 6263//6918 6249//6835
s 23
f 6267//6871 6251//6850 6244//6837 6257//6859
f 6290//6900 6270//6901 6215//6820 6228//6819
s 22
f 6249//6835 6263//6918 6276//6884 6264//6855
s 23
f 6275//6880 6290//6900 6228//6819 6250//6852
f 6281//6878 6287//6890 6267//6871 6257//6859
s 22
f 6285//6894 6272//6876 6266//6870 6277//6882
s 23
f 6288//6896 6292//6902 6287//6890 6281//6878
f 6284//6887 6291//6897 6293//6903 6289//6898
f 6289//6898 6293//6903 6292//6902 6288//6896
f 6168//6748 6296//6751 6131//6708 6133//6707
f 6178//6764 6131//6708 6296//6776
f 6297//6783 6248//6919 6223//6861 6174//6761
f 6237//6920 6248//6919 6297//6783 6298//6917
f 6215//6820 6270//6901 6237//6920 6298//6917
f 6237//6920 6270//6901 6282//6891 6299//6892
f 6265//6862 6223//6861 6248//6919 6301//6874
f 6271//6886 6276//6889 6263//6866 6300//6865
f 6299//6892 6271//6886 6300//6875 6301//6874
f 6248//6919 6237//6920 6299//6892 6301//6874
f 6215//6820 6298//6917 6202//6775 6208//6799
s 22
f 6150//6733 6165//6732 6183//6771 6302//6730
f 6150//6733 6302//6730 6120//6698 6119//6697
f 6303//6921 6307//6922 6308//6923 6304//6924
f 6304//6924 6305//6925 6306//6926 6303//6927
f 6305//6925 6309//6928 6310//6929 6306//6930
f 6307//6922 6311//6931 6312//6932 6308//6923
f 6309//6928 6313//6933 6314//6934 6310//6929
f 6311//6931 6315//6935 6316//6936 6312//6932
f 6313//6933 6317//6937 6318//6938 6314//6934
f 6315//6939 6318//6940 6317//6937 6316//6936
f 6303//6927 6306//6926 6128//6706 6115//6689
f 6126//6941 6307//6922 6303//6921 6115//6942
f 6308//6923 6309//6928 6305//6925 6304//6924
f 6306//6930 6310//6929 6134//6943 6128//6944
f 6151//6945 6311//6931 6307//6922 6126//6941
f 6312//6932 6313//6933 6309//6928 6308//6923
f 6310//6929 6314//6934 6163//6946 6134//6943
f 6151//6945 6186//6947 6315//6935 6311//6931
f 6316//6936 6317//6937 6313//6933 6312//6932
f 6318//6938 6197//6948 6163//6946 6314//6934
f 6197//6949 6318//6940 6315//6939 6186//6950
f 6160//6740 6319//6770 6180//6773 6156//6737
f 6320//6800 6209//6797 6180//6773 6319//6770
f 6389//6826 6209//6797 6320//6800
f 6249//6835 6234//6857 6321//6825
f 6191//6784 6338//6951 6199//6804 6206//6809
f 6199//6804 6338//6951 6339//6952 6327//6801
f 6338//6951 6335//6953 6336//6954 6339//6952
f 6191//6784 6177//6765 6335//6953 6338//6951
f 6206//6809 6218//6812 6200//6785 6191//6784
f 6200//6785 6217//6814 6198//6782 6188//6766
f 6167//6763 6140//6711 6149//6724 6337//6747
f 6166//6755 6175//6767 6167//6763 6337//6747
f 6335//6953 6166//6755 6324//6955 6336//6954
f 6177//6765 6166//6755 6335//6953
s off
f 6192/3458/6956 6341/3461/6957 6340/3460/6958 6325/3459/6959
f 6326/3462/6960 6342/3465/6961 6341/3464/6962 6192/3463/6963
f 6323/3466/6964 6343/3469/6965 6344/3468/6966 6322/3467/6967
f 6325/3470/6968 6340/3473/6969 6343/3472/6970 6323/3471/6971
s 41
f 6373/3474/6972 6345/3477/6973 6324/3476/6974 6371/3475/6975
f 6331/3478/6976 6346/3481/6977 6347/3480/6978 6227/3479/6979
f 6327/3482/6980 6348/3485/6981 6349/3484/6982 6328/3483/6983
f 6328/3486/6983 6349/3489/6982 6350/3488/6984 6329/3487/6985
f 6329/3490/6985 6350/3493/6984 6351/3492/6986 6330/3491/6987
f 6330/3494/6987 6351/3497/6986 6352/3496/6988 6332/3495/6989
f 6333/3498/6990 6353/3501/6991 6346/3500/6977 6331/3499/6976
f 6332/3502/6989 6352/3505/6988 6354/3504/6992 6334/3503/6993
f 6334/3506/6993 6354/3509/6992 6353/3508/6991 6333/3507/6990
f 6339/3510/6994 6355/3513/6995 6348/3512/6981 6327/3511/6980
f 6324/3514/6974 6345/3517/6973 6356/3516/6996 6336/3515/6997
f 6336/3518/6997 6356/3521/6996 6355/3520/6995 6339/3519/6994
s off
f 6346/3522/6998 6359/3525/6999 6360/3524/7000 6347/3523/7001
f 6348/3526/7002 6361/3529/7003 6362/3528/7004 6349/3527/7005
f 6349/3530/7006 6362/3533/7007 6363/3532/7008 6350/3531/7009
f 6350/3534/7010 6363/3537/7011 6364/3536/7012 6351/3535/7013
f 6351/3538/7014 6364/3541/7015 6365/3540/7016 6352/3539/7017
f 6353/3542/7018 6366/3545/7019 6359/3544/7020 6346/3543/7021
f 6352/3546/7022 6365/3549/7023 6367/3548/7024 6354/3547/7025
f 6354/3550/7026 6367/3553/7027 6366/3552/7028 6353/3551/7029
f 6355/3554/7030 6368/3557/7031 6361/3556/7032 6348/3555/7033
f 6345/3558/7034 6357/3561/7035 6369/3560/7036 6356/3559/7037
f 6356/3562/7038 6369/3565/7039 6368/3564/7040 6355/3563/7041
s 22
f 6344/3566/7042 6159/3569/7043 6157/3568/6744 6322/3567/6743
s 41
f 6370/3570/7044 6159/3569/7045 6344/3566/7046 6372/3571/7047
s 22
f 6371//7048 6324//6955 6166//6755 6159//6741 6370//7049
s 41
f 6372/3572/7047 6358/3575/7050 6374/3574/7051 6373/3573/6972
f 6370/3570/7044 6372/3571/7047 6373/3474/6972 6371/3475/6975
f 6374/3574/7051 6357/3577/7052 6345/3576/7053 6373/3573/6972
s off
f 6326/3578/7054 6207/3581/7055 6375/3580/7056 6342/3579/7057
f 6207/3582/7058 6209/3584/7059 6375/3583/7060
f 6227/3585/7061 6347/3588/7062 6375/3587/7063 6209/3586/7064
f 6347/3589/7065 6360/3592/7066 6376/3591/7067 6375/3590/7068
s 45
f 6341/3593/7069 6393/3596/7070 6392/3595/7071 6340/3594/7072
s 46
f 6342/3597/7073 6394/3600/7074 6393/3599/7075 6341/3598/7076
s 47
f 6343/3601/7077 6391/3604/7078 6390/3603/7079 6344/3602/7080
s 48
f 6340/3605/7081 6392/3608/7082 6391/3607/7083 6343/3606/7084
s off
f 6378/3609/7085 6383/3612/7086 6382/3611/7087 6377/3610/7088
f 6379/3613/7089 6384/3616/7090 6383/3615/7091 6378/3614/7092
f 6380/3617/7093 6385/3620/7094 6386/3619/7095 6381/3618/7096
f 6377/3621/7097 6382/3624/7098 6385/3623/7099 6380/3622/7100
s 22
f 6247//6846 6246//6841 6334//6840 6333//6847
f 6238//6856 6260//6869 6247//6846 6387//6845
f 6260//6869 6268//6873 6258//6860 6247//6846
f 6238//6856 6387//6845 6388//6827 6234//6857
f 6389//6826 6234//6857 6388//6827
f 6321//6825 6234//6857 6389//6826 6320//6800
f 6387//6845 6331//6844 6227//6828 6388//6827
s 47
f 6391/3604/7078 6380/3626/7101 6381/3625/7102 6390/3603/7079
s 48
f 6392/3608/7082 6377/3628/7103 6380/3627/7104 6391/3607/7083
s 45
f 6393/3596/7070 6378/3630/7105 6377/3629/7106 6392/3595/7071
s 46
f 6394/3600/7074 6379/3632/7107 6378/3631/7108 6393/3599/7075
g default
v -0.097600 7.127401 18.941399
v -0.878700 7.908502 18.355600
v 0.292900 7.518002 18.160299
v -4.198400 13.766701 16.598198
v -1.074000 9.666001 17.379200
v 0.488200 7.127401 18.941399
v -0.292900 7.713301 19.722500
v -1.269300 9.080202 19.722500
v -4.198400 15.328901 16.012299
v 0.878700 8.103801 18.160299
v -5.955800 18.453201 15.035999
v 0.878700 8.299102 19.136700
v 0.292900 7.713301 19.722500
v -4.784200 15.524200 18.355598
v -0.097600 8.689602 19.917799
v -6.541600 20.406002 16.207598
v -5.955800 21.382303 13.864298
v -2.636200 18.843801 16.012299
v -1.464500 11.228202 19.722500
v 1.269300 10.447101 18.160299
v -6.346400 21.577602 14.254897
v -4.393600 16.500502 18.355598
v 1.074000 11.228201 18.550900
v -5.955800 20.796501 16.793398
v -4.979400 25.873604 12.887998
v -6.151100 25.092503 14.645399
v 0.292900 20.210701 17.183998
v -5.565300 26.068901 12.887998
v 1.074000 19.820103 16.598198
v -5.760500 25.092503 15.426498
v -1.074000 28.802700 15.426498
v -1.855100 28.997904 13.278499
v -4.198400 29.193201 14.254897
v 1.074000 25.092503 13.473798
v 1.269300 24.311401 14.254897
v 4.198400 18.062702 15.621799
v 4.784200 17.476902 15.817099
v 5.174700 17.476902 15.817099
v 4.393600 18.062702 16.598198
v -0.097600 26.264103 13.278499
v -2.831400 30.560102 14.254897
v 5.370000 17.672102 16.402899
v 4.784200 17.476902 16.598198
v 5.565300 18.258001 15.817099
v 4.979400 18.062702 16.793398
v 0.488200 27.045200 15.426498
v 1.269300 25.092503 15.426498
v 1.659800 26.264103 13.669099
v 2.245600 24.506702 16.207598
v -2.636200 33.489201 11.716297
v -3.612500 35.832500 9.958897
v -3.417300 34.856098 10.935297
v 6.541600 26.068901 14.254897
v 5.174700 25.678303 16.012299
v -3.026700 36.808800 10.349398
v -3.222000 34.660801 11.716297
v -3.222000 36.027699 11.130497
v -1.855100 33.684502 12.497396
v 2.440900 30.755402 12.268047
v 1.269300 28.216904 15.035998
v -0.683500 31.536501 14.254897
v -1.855100 35.637199 12.497396
v -1.855100 37.394699 10.739997
v -2.245600 37.004101 11.325797
v -0.292900 33.489201 12.497396
v 5.370000 27.631002 15.426498
v 1.269300 33.408447 12.223821
v -0.878700 37.785198 10.154198
v 6.151100 27.631002 13.473798
v 3.222000 30.950703 14.254897
v 0.683500 37.589897 10.154198
v 1.423113 34.134380 12.805181
v -0.097600 37.589897 10.739997
v -0.210045 37.589897 11.189721
v 4.784200 29.583801 14.450198
v 2.245600 33.489201 12.497396
v 3.222000 34.856098 11.521097
v 1.659800 35.637199 12.497396
v 2.636200 34.660801 12.302197
v 3.222000 35.637199 10.349398
v 1.659800 37.199398 10.739997
v 2.831400 36.808800 10.349398
v 2.701294 36.369766 11.780223
v 0.355335 12.204501 17.184000
v 0.878700 9.666001 17.574499
v 0.974677 19.429602 15.277507
v -3.037933 31.647697 11.331049
v -2.636200 31.536499 11.130498
v -1.269300 30.560101 12.106898
v -2.836412 33.028473 11.281834
v 0.097600 26.849901 12.887998
v 4.588900 25.092503 14.059598
v 4.979400 18.062702 15.426499
v 6.346400 24.506702 13.278499
v -4.588900 36.613602 8.201397
v -3.026700 34.465599 9.763597
v -2.440900 32.865211 10.739997
v 1.094448 29.814306 11.755347
v -4.784200 37.980499 8.787297
v -4.393600 39.152100 8.787297
v 2.050400 30.755402 11.521098
v 4.393600 29.980570 11.657335
v 6.736900 25.483002 13.083199
v 2.998152 31.342384 11.317567
v -3.222000 40.534832 8.803131
v -0.097600 37.394699 7.615597
v -0.683500 38.370998 7.810897
v 4.588900 30.169600 11.716298
v -1.659800 39.739517 8.398313
v 0.292900 38.370998 7.810897
v 2.636200 33.489201 11.716297
v 2.440900 33.293900 11.130497
v 2.831400 34.465599 10.154198
v 1.269300 39.739876 8.398669
v 4.393600 36.808800 8.201397
v 4.588900 37.785198 8.591997
v 2.831400 40.534832 8.803131
v 4.198400 39.152100 8.787297
v -3.257324 20.711458 17.352987
v -1.258189 20.513248 17.452814
v -1.359568 15.950680 18.568111
v 0.136700 15.602262 18.277519
v 1.002520 15.223333 17.578609
v 0.292890 9.666001 17.515909
v -0.163253 19.234343 15.777999
v 0.058580 7.596102 18.199360
v -0.097630 37.394627 11.618727
v 2.128440 36.886959 11.052437
v -2.811930 35.910549 11.540567
v -2.128450 36.594032 11.677277
v -0.082011 36.812729 11.841317
v -0.097650 35.637199 12.497396
v -0.227039 34.148079 12.760975
v 2.249596 36.492832 11.602119
v 2.831949 36.610828 10.945859
v -2.383910 22.123507 15.129301
v -0.253840 22.046263 14.996899
v 1.074000 21.694763 14.645418
v 1.168394 21.789106 14.860231
v 1.171650 22.456303 16.012348
v 0.374361 23.061432 16.450930
v -1.185070 23.803986 16.648411
v -2.313910 24.207684 16.520552
v 1.171650 14.938351 16.793400
v 0.976227 14.907097 16.410488
v 0.135835 15.179987 16.588890
v -1.029899 15.278835 16.641443
v -2.036692 15.321737 16.536858
v 1.074000 19.478249 15.572464
v -3.447869 35.044701 9.342428
v -1.467185 38.475727 9.814898
v -2.550248 37.875950 10.205266
v -3.431790 37.078869 9.989346
v -3.879338 36.045967 9.478593
v -3.679470 35.363148 9.110827
v -0.961019 38.478107 8.707976
v -0.488150 37.589951 8.884897
v -0.097600 37.492298 9.177797
v 0.292950 37.492298 8.884897
v 0.660711 38.417431 8.776796
v 1.098408 38.158768 9.893213
v 2.167520 37.589939 10.349458
v 3.182900 37.004082 9.997917
v 3.456320 35.871521 9.919798
v 3.191750 35.006100 9.703749
v -2.929100 34.075001 11.716297
v -3.124350 33.977402 11.032897
v -2.733800 33.782150 10.251797
v 2.440900 34.075001 12.399796
v 2.929100 34.172649 11.618697
v 2.636150 33.879749 10.642347
v -1.855100 34.817078 12.770817
v -0.179408 34.696262 12.663945
v 1.494119 34.585228 12.712845
v -1.855100 34.309380 12.809876
v -2.017009 33.845768 9.180859
v -2.238660 34.327785 8.830963
v -1.647182 32.540787 10.113031
v -1.840868 33.224236 9.624831
v 1.839256 33.907684 9.527232
v 1.710144 33.321835 10.015382
v 2.077549 34.448185 9.076783
v -2.436733 34.743927 8.528449
v -3.067601 36.055687 7.574431
v 2.872301 36.250885 7.574431
v 1.581030 32.735985 10.503531
v -0.777074 33.651508 8.978449
v -0.858757 34.171055 8.600594
v -0.663290 32.423306 9.855777
v -0.726606 33.106754 9.367577
v 0.407487 33.653107 9.120745
v 0.365280 33.067257 9.608894
v 0.485386 34.193607 8.670296
v -0.921672 34.628197 8.269921
v -1.127632 35.938206 7.317176
v 0.745195 35.996307 7.167943
v 0.323072 32.481407 10.097044
v 3.432120 35.366642 9.403278
v 2.236499 34.808723 8.776313
v 0.537348 34.554146 8.369825
v -2.227272 32.752098 11.425080
v -1.956563 32.544510 11.129893
v 1.916217 32.973198 11.520393
v 2.588772 33.195076 11.480245
v -1.326899 32.220085 10.502928
v 1.234074 32.415283 10.893428
v -0.546367 32.102604 10.245673
v 0.236123 32.160706 10.486940
v 0.826797 29.329918 11.573282
v 1.210710 26.596100 12.516968
v -3.379079 31.763216 11.352023
v -2.948640 32.630001 12.224018
v -2.050360 33.059620 12.848896
v -0.371020 33.098660 12.848896
v 1.269300 32.840767 12.531324
v -1.303859 31.556091 11.144516
v -0.205902 31.415138 10.574843
v 0.466764 31.530205 10.827774
v 1.523914 31.825935 11.116285
v 2.220652 32.235073 11.436476
v 2.869849 32.261528 11.507825
v 3.161925 32.595463 11.716297
v 3.063889 32.776382 11.930147
v 2.628543 32.900078 12.791973
v 0.775846 31.399975 13.250104
v 1.269300 31.453609 13.282726
vt 0.000000 0.000000
vt 1.000000 0.000000
vt 1.000000 1.000000
vt 0.000000 1.000000
vt 0.000000 0.000000
vt 1.000000 0.000000
vt 1.000000 1.000000
vt 0.000000 1.000000
vt 0.000000 0.000000
vt 1.000000 0.000000
vt 1.000000 1.000000
vt 0.000000 1.000000
vt 0.000000 0.000000
vt 1.000000 0.000000
vt 1.000000 1.000000
vt 0.000000 1.000000
vt 0.000000 0.000000
vt 1.000000 0.000000
vt 1.000000 1.000000
vt 0.000000 1.000000
vt 0.000000 0.000000
vt 1.000000 0.000000
vt 1.000000 1.000000
vt 0.000000 1.000000
vt 0.000000 0.000000
vt 1.000000 0.000000
vt 1.000000 1.000000
vt 0.000000 1.000000
vt 0.000000 0.000000
vt 1.000000 0.000000
vt 1.000000 1.000000
vt 0.000000 1.000000
vt 0.000000 0.000000
vt 1.000000 0.000000
vt 1.000000 1.000000
vt 0.000000 1.000000
vt 0.000000 0.000000
vt 1.000000 0.000000
vt 0.500000 1.000000
vt 0.500000 1.000000
vt 0.000000 0.000000
vt 1.000000 0.000000
vt 0.500000 1.000000
vt 0.000000 1.000000
vt 0.000000 0.000000
vt 1.000000 0.000000
vt 0.500000 1.000000
vt 0.500000 1.000000
vt 0.000000 0.000000
vt 1.000000 0.000000
vt 0.500000 1.000000
vt 0.000000 0.000000
vt 1.000000 0.000000
vt 0.500000 1.000000
vt 0.000000 0.000000
vt 1.000000 0.000000
vt 1.000000 1.000000
vt 0.000000 0.000000
vt 1.000000 0.000000
vt 0.000000 1.000000
vt 0.000000 0.000000
vt 1.000000 0.000000
vt 0.000000 0.000000
vt 1.000000 0.000000
vt 1.000000 1.000000
vt 0.800000 0.000000
vt 0.800000 1.000000
vt 0.800000 0.000000
vt 0.800000 1.000000
vt -0.004932 -0.005288
vt 1.000000 0.000000
vt 1.000000 1.000000
vt 0.000000 1.000000
vt 0.000000 0.000000
vt 1.000000 0.000000
vt 1.000000 1.000000
vt 0.000000 1.000000
vt 0.000000 0.000000
vt 1.000000 0.000000
vt 1.000000 1.000000
vt 0.000000 1.000000
vt 0.000000 0.000000
vt 1.000000 0.000000
vt 1.000000 1.000000
vt 0.000000 1.000000
vt 0.000000 0.000000
vt 1.000000 0.000000
vt 1.000000 1.000000
vt 0.000000 1.000000
vt 0.000000 0.000000
vt 1.000000 0.000000
vt 1.000000 1.000000
vt 0.000000 1.000000
vt 0.000000 0.000000
vt 1.000000 0.000000
vt 1.000000 1.000000
vt 0.000000 1.000000
vt 0.000000 0.000000
vt 1.000000 0.000000
vt 0.938070 1.445091
vt 1.000000 0.844264
vt 0.983327 0.389062
vn -0.386387 -0.908820 0.157324
vn -0.848304 -0.525774 -0.062789
vn -0.064538 -0.465335 -0.882779
vn -0.158905 -0.325610 -0.932055
vn -0.843249 -0.498085 -0.202098
vn 0.165779 -0.215482 -0.962333
vn -0.534436 -0.607259 0.587890
vn -0.853955 -0.421044 0.305749
vn -0.838236 -0.261003 0.478788
vn 0.665033 -0.713158 0.221668
vn 0.824846 -0.321956 -0.464728
vn 0.911597 -0.079884 0.403248
vn 0.612327 -0.451070 0.649301
vn -0.814734 -0.399110 -0.420617
vn 0.425029 0.133624 0.895263
vn 0.772700 -0.209054 -0.599359
vn 0.996335 -0.027343 0.081052
vn -0.971458 -0.019605 0.236402
vn 0.085047 -0.280689 -0.956023
vn -0.034716 -0.160247 -0.986466
vn 0.102218 -0.231078 -0.967551
vn 0.197949 -0.219648 -0.955286
vn 0.175751 -0.115686 -0.977614
vn 0.002080 0.153431 0.988157
vn -0.224980 0.187990 0.956056
vn 0.745443 0.148952 0.649714
vn -0.943461 -0.029895 -0.330133
vn 0.016081 -0.166740 -0.985870
vn -0.393633 0.259036 0.882017
vn 0.177421 -0.292328 -0.939716
vn -0.922725 0.226296 -0.312038
vn -0.970420 0.238282 0.038827
vn -0.444386 0.343371 0.827416
vn 0.098596 0.231892 0.967732
vn 0.410540 0.201976 0.889192
vn 0.386581 0.205357 0.899102
vn 0.076966 0.234972 0.968950
vn 0.817650 0.129317 0.561003
vn 0.880896 0.089411 0.464788
vn 0.116989 -0.282584 -0.952082
vn -0.864436 0.428032 0.263702
vn -0.118043 0.265807 0.956772
vn 0.131143 0.235312 0.963032
vn -0.183412 0.288921 0.939619
vn 0.150574 -0.427181 -0.891540
vn -0.198634 -0.126652 -0.971856
vn 0.194138 -0.395709 -0.897622
vn 0.347323 0.216021 0.912525
vn 0.995738 -0.057512 -0.072105
vn 0.998563 -0.024729 -0.047547
vn -0.051848 -0.252457 -0.966218
vn -0.077726 -0.316356 -0.945451
vn -0.997651 -0.055888 -0.039621
vn -0.923839 0.376097 0.071220
vn -0.836409 0.466214 0.288210
vn -0.849373 0.112976 0.515560
vn 0.082623 -0.538175 -0.838774
vn -0.445080 -0.843397 -0.300976
vn -0.508435 -0.392275 -0.766561
vn -0.019382 -0.244158 -0.969542
vn 0.475401 -0.658410 -0.583515
vn -0.045410 -0.154571 -0.986938
vn 0.106747 -0.050972 -0.992979
vn -0.166341 0.149539 -0.974663
vn -0.400955 -0.101712 0.910434
vn -0.464868 -0.826033 0.318695
vn -0.331051 0.422462 0.843760
vn 0.798184 -0.007752 0.602364
vn -0.903255 -0.370336 0.216753
vn -0.260387 -0.140565 0.955217
vn 0.968987 -0.212239 -0.126564
vn 0.442951 0.066987 0.894040
vn 0.894935 0.073672 0.440072
vn 0.014791 -0.399379 -0.916667
vn -0.280207 -0.313562 -0.907283
vn -0.452600 -0.362503 -0.814705
vn 0.177201 -0.358779 -0.916448
vn -0.206292 -0.287911 -0.935174
vn 0.344306 -0.232743 -0.909551
vn 0.026533 -0.366212 -0.930153
vn -0.281991 -0.318176 -0.905122
vn -0.176385 0.108726 0.978298
vn 0.326368 0.173706 0.929145
vn 0.576435 -0.314585 -0.754161
vn 0.004847 -0.370269 -0.928912
vn -0.957109 -0.034232 0.287700
vn -0.812270 -0.551223 -0.190710
vn -0.800825 -0.531137 -0.276718
vn -0.980504 -0.124094 0.152356
vn -0.348695 0.589175 0.728893
vn -0.376502 0.083848 0.922614
vn -0.915977 -0.394407 -0.073686
vn -0.767563 -0.495732 -0.406322
vn -0.693614 -0.618342 -0.369531
vn -0.839799 0.372752 0.394707
vn -0.707708 0.427942 0.562153
vn 0.877985 0.083716 0.471310
vn -0.648203 0.106920 0.753924
vn -0.829089 -0.199864 0.522174
vn -0.760099 -0.264841 0.593388
vn 0.332729 -0.405533 -0.851372
vn -0.001618 -0.420353 -0.907360
vn 0.418348 -0.376253 -0.826691
vn -0.083160 0.350993 0.932678
vn 0.297211 0.254035 0.920398
vn -0.791286 0.045560 0.609746
vn -0.659400 0.345058 0.667927
vn -0.293841 0.393713 0.871004
vn -0.248338 0.770021 0.587704
vn -0.010368 0.328850 0.944325
vn 0.201941 0.467147 0.860810
vn 0.304144 0.419239 0.855415
vn -0.158314 -0.334876 -0.928867
vn -0.300517 -0.199855 0.932603
vn -0.236882 0.143459 0.960888
vn 0.098265 0.553856 0.826794
vn 0.072059 -0.003685 0.997394
vn -0.240441 0.478340 0.844617
vn -0.431589 0.684788 0.587194
vn 0.085726 -0.159211 -0.983516
vn -0.226128 0.432324 0.872905
vn 0.086045 -0.204621 0.975052
vn 0.015279 -0.233375 0.972267
vn 0.038829 -0.030961 0.998766
vn 0.235473 0.340517 0.910275
vn 0.037247 0.504568 0.862568
vn 0.215220 0.608852 0.763531
vn 0.296979 0.892565 0.339311
vn -0.289611 0.495295 0.819029
vn 0.730792 0.590697 0.342080
vn 0.684403 0.716106 0.137056
vn -0.086752 0.892971 0.441676
vn 0.849739 0.489316 0.196251
vn 0.843231 0.449156 -0.295332
vn 0.913846 0.396453 0.087803
vn 0.525810 0.670401 0.523532
vn -0.001131 0.458261 0.888817
vn -0.881299 0.376513 0.285569
vn -0.685445 0.697738 0.208151
vn -0.723918 0.527031 0.445175
vn 0.123159 0.990456 -0.061877
vn 0.055647 0.746348 0.663226
vn -0.001903 0.936560 0.350502
vn 0.572637 -0.197331 0.795706
vn 0.591858 0.107456 0.798847
vn 0.101725 0.165074 0.981021
vn 0.843652 0.486457 -0.227181
vn 0.822153 0.554811 0.127471
vn 0.487436 0.536149 0.689166
vn 0.089182 0.986842 0.134866
vn 0.922724 -0.362035 0.132331
vn 0.791291 -0.514503 -0.330373
vn 0.812895 -0.515269 -0.271476
vn 0.971971 -0.096714 0.214289
vn -0.603266 0.584785 0.542306
vn -0.198157 0.924923 0.324424
vn 0.209696 0.819600 0.533182
vn 0.848945 -0.118856 0.514943
vn 0.650158 -0.674544 -0.349692
vn 0.872022 -0.480275 0.094414
vn 0.301665 0.782724 0.544373
vn 0.130129 0.439861 0.888588
vn 0.670734 0.107904 0.733807
vn 0.677827 0.082047 0.730629
vn 0.826338 0.507849 0.243423
vn 0.983032 0.011663 0.183062
vn 0.726079 0.424597 0.540858
vn 0.004018 0.496124 0.868242
vn -0.193212 0.558666 0.806574
vn 0.279947 0.393170 0.875812
vn 0.332971 0.344081 0.877917
vn 0.015893 0.194402 0.980793
vn 0.014154 0.441522 0.897139
vn -0.155427 -0.234850 -0.959525
vn -0.206095 -0.287015 -0.935493
vn 0.145952 -0.467617 -0.871798
vn 0.239243 -0.221597 -0.945335
vn -0.182526 -0.209278 -0.960670
vn 0.214040 0.598568 0.771948
vn 0.568755 0.450203 0.688357
vn 0.032805 0.575360 0.817242
vn 0.995858 -0.015328 -0.089620
vn -0.640374 -0.675070 -0.366335
vn 0.616094 0.631467 0.470826
vn -0.029021 0.505152 0.862543
vn -0.331000 0.353212 0.875032
vn -0.650471 0.084181 0.754852
vn -0.862392 -0.481317 0.156888
vn 0.340014 0.187848 0.921468
vn 0.991682 -0.013830 0.127969
vn 0.748279 -0.600124 -0.282719
vn -0.412783 -0.667389 -0.619841
vn -0.453779 -0.632728 -0.627487
vn -0.485437 -0.587471 -0.647479
vn -0.475768 -0.687684 -0.548394
vn 0.498661 -0.619580 -0.606183
vn 0.462166 -0.652227 -0.600834
vn 0.817862 -0.537261 -0.206039
vn 0.442465 -0.686223 -0.577341
vn -0.319194 -0.658048 -0.681974
vn -0.376658 -0.671611 -0.638019
vn 0.362896 -0.686733 -0.629845
vn 0.395756 -0.692718 -0.602926
vn 0.522132 -0.724928 -0.449285
vn -0.076006 -0.618243 -0.782304
vn -0.062362 -0.615491 -0.785673
vn -0.054207 -0.610511 -0.790150
vn -0.044316 -0.681039 -0.730905
vn 0.257262 -0.622129 -0.739440
vn 0.218494 -0.635769 -0.740309
vn 0.185501 -0.644796 -0.741503
vn -0.081369 -0.616302 -0.783295
vn -0.088779 -0.616280 -0.782507
vn 0.133280 -0.646543 -0.751145
vn 0.139791 -0.649547 -0.747360
vn 0.286899 -0.688150 -0.666438
vn -0.532133 -0.431234 -0.728609
vn -0.481239 -0.876573 0.005338
vn 0.374050 0.014772 -0.927291
vn 0.557125 -0.431475 -0.709536
vn -0.398362 -0.634340 -0.662510
vn 0.511939 -0.496554 -0.700965
vn -0.121894 -0.674856 -0.727812
vn 0.346669 -0.533475 -0.771508
vn 0.305123 0.185276 -0.934116
vn 0.225633 0.054343 -0.972696
vn 0.270942 -0.197008 -0.942220
vn 0.370797 -0.273548 -0.887514
vn -0.235211 -0.548656 -0.802279
vn -0.380596 -0.565790 -0.731456
s 1
g polySurface6
usemtl initialShadingGroup
f 6395//7109 6396//7110 6520//7111
f 6399//7112 6396//7110 6398//7113 6403//7114
f 6395//7109 6401//7115 6396//7110
f 6398//7113 6396//7110 6402//7116 6408//7117
f 6399//7112 6520//7111 6396//7110
f 6400//7118 6404//7119 6406//7120 6407//7121
f 6401//7115 6402//7116 6396//7110
f 6398//7113 6405//7122 6403//7114
f 6401//7115 6409//7123 6402//7116
f 6409//7123 6407//7121 6406//7120
f 6406//7120 6404//7119 6479//7124 6414//7125
f 6398//7113 6410//7126 6405//7122
f 6411//7127 6403//7114 6405//7122
f 6399//7112 6478//7128 6518//7129
f 6403//7114 6412//7130 6542//7131
f 6408//7117 6410//7126 6398//7113
f 6409//7123 6413//7132 6402//7116
f 6408//7117 6402//7116 6413//7132 6416//7133
f 6409//7123 6406//7120 6414//7125 6417//7134
f 6411//7127 6405//7122 6410//7126 6415//7135
f 6541//7136 6542//7131 6412//7130
f 6411//7127 6412//7130 6403//7114
f 6418//7137 6410//7126 6408//7117 6416//7133
f 6419//7138 6411//7127 6415//7135 6422//7139
f 6415//7135 6410//7126 6420//7140 6422//7139
f 6420//7140 6410//7126 6418//7137 6424//7141
f 6515//7142 6516//7143 6421//7144 6514//7145
f 6421//7144 6516//7143 6517//7146 6423//7147
f 6411//7127 6530//7148 6412//7130
f 6422//7139 6420//7140 6424//7141 6427//7149
f 6513//7150 6514//7145 6536//7151 6537//7152
f 6411//7127 6419//7138 6426//7153
f 6418//7137 6513//7150 6537//7152 6424//7141
f 6419//7138 6422//7139 6481//7154 6482//7155
f 6535//7156 6536//7151 6514//7145 6421//7144
f 6533//7157 6543//7158 6480//7159 6532//7160
f 6484//7161 6605//7162 6606//7163 6444//7164
f 6426//7153 6419//7138 6482//7155 6483//7165
f 6431//7166 6430//7167 6487//7168 6432//7169
f 6481//7154 6605//7170 6484//7171 6595//7172
f 6433//7173 6430//7167 6431//7166 6437//7174
f 6435//7175 6427//7149 6424//7141
f 6431//7166 6432//7169 6436//7176 6437//7174
f 6429//7177 6430//7167 6433//7173 6441//7178
f 6432//7169 6438//7179 6436//7176
f 6439//7180 6433//7173 6437//7174
f 6534//7181 6535//7156 6421//7144 6423//7147
f 6439//7180 6437//7174 6436//7176
f 6428//7182 6434//7183 6485//7184 6604//7185
f 6485//7184 6434//7183 6426//7153 6483//7165
f 6486//7186 6487//7168 6430//7167 6429//7187
f 6442//7188 6429//7187 6428//7182 6604//7185
f 6487//7168 6488//7189 6432//7169
f 6443//7190 6433//7173 6439//7180 6448//7191
f 6492//7192 6442//7188 6604//7185 6603//7193
f 6432//7169 6488//7189 6438//7179
f 6445//7194 6544//7195 6490//7196 6446//7197
f 6444//7164 6606//7163 6607//7198 6452//7199
f 6433//7173 6443//7190 6441//7178
f 6561//7200 6562//7201 6491//7202 6484//7161
f 6442//7188 6486//7186 6429//7187
f 6445//7194 6446//7197 6451//7203 6449//7204
f 6438//7179 6447//7205 6436//7176
f 6448//7191 6439//7180 6436//7176 6447//7205
f 6449//7204 6547//7206 6548//7207 6445//7194
f 6560//7208 6561//7200 6484//7161 6444//7164
f 6438//7179 6488//7189 6497//7209
f 6453//7210 6442//7188 6492//7192 6495//7211
f 6454//7212 6440//7213 6441//7178
f 6454//7212 6441//7178 6443//7190
f 6451//7203 6446//7197 6450//7214 6523//7215
f 6546//7216 6547//7206 6449//7204 6457//7217
f 6425//7218 6455//7219 6435//7175
f 6455//7219 6425//7218 6440//7213 6619//7220
f 6496//7221 6486//7186 6442//7188 6453//7210
f 6560//7208 6569//7222 6566//7223 6450//7214
f 6452//7199 6607//7198 6608//7224 6459//7225
f 6438//7179 6497//7209 6447//7205
f 6440//7213 6454//7212 6620//7226 6619//7220
f 6497//7209 6488//7189 6486//7186 6496//7221
f 6449//7204 6451//7203 6458//7227 6457//7217
f 6495//7211 6498//7228 6453//7210
f 6450//7214 6566//7223 6456//7229
f 6466//7230 6527//7231 6459//7225 6461//7232
f 6496//7221 6453//7210 6498//7228
f 6460//7233 6454//7212 6443//7190 6448//7191
f 6619//7220 6620//7226 6609//7234
f 6545//7235 6546//7216 6457//7217 6462//7236
f 6523//7215 6524//7237 6458//7227 6451//7203
f 6608//7224 6609//7234 6461//7232 6459//7225
f 6550//7238 6551//7239 6500//7240 6501//7241
f 6497//7209 6502//7242 6463//7243
f 6497//7209 6463//7243 6447//7205
f 6618//7244 6609//7234 6620//7226 6464//7245
f 6504//7246 6500//7240 6553//7247 6554//7248
f 6500//7240 6551//7239 6552//7249
f 6458//7227 6521//7250 6468//7251 6457//7217
f 6466//7230 6563//7252 6473//7253 6568//7254
f 6463//7243 6502//7242 6616//7255 6617//7256
f 6552//7249 6553//7247 6500//7240
f 6454//7212 6460//7233 6469//7257 6464//7245
f 6460//7233 6448//7191 6447//7205 6463//7243
f 6462//7236 6457//7217 6468//7251 6467//7258
f 6407//7121 6401//7115 6395//7109 6400//7118
f 6564//7259 6565//7260 6507//7261 6471//7262
f 6469//7257 6463//7243 6617//7256 6618//7244
f 6504//7246 6554//7248 6508//7263
f 6460//7233 6463//7243 6469//7257
f 6465//7264 6467//7258 6468//7251 6475//7265
f 6469//7257 6618//7244 6464//7245
f 6473//7253 6563//7252 6564//7259 6471//7262
f 6558//7266 6592//7267 6509//7268
f 6475//7265 6468//7251 6521//7250 6522//7269
f 6568//7254 6473//7253 6472//7270
f 6557//7271 6558//7266 6509//7268 6510//7272
f 6529//7273 6471//7262 6474//7274 6476//7275
f 6511//7276 6555//7277 6556//7278 6512//7279
f 6522//7269 6529//7273 6476//7275 6475//7265
f 6512//7279 6556//7278 6557//7271 6510//7272
f 6567//7280 6568//7254 6472//7270 6526//7281
f 6513//7150 6418//7137 6416//7133
f 6416//7133 6515//7142 6514//7145 6513//7150
f 6413//7132 6515//7142 6416//7133
f 6413//7132 6409//7123 6516//7143 6515//7142
f 6516//7143 6409//7123 6417//7134 6517//7146
f 6480//7159 6519//7282 6531//7283 6532//7160
f 6518//7129 6478//7128 6479//7124
f 6397//7284 6518//7129 6479//7124 6404//7119
f 6480//7159 6539//7285 6540//7286 6519//7282
f 6412//7130 6519//7282 6540//7286 6541//7136
f 6412//7130 6530//7148 6531//7283 6519//7282
f 6518//7129 6397//7284 6520//7111 6399//7112
f 6395//7109 6520//7111 6397//7284 6400//7118
f 6400//7118 6397//7284 6404//7119
f 6409//7123 6401//7115 6407//7121
f 6522//7269 6528//7287 6477//7288 6529//7273
f 6523//7215 6450//7214 6456//7229 6524//7237
f 6477//7288 6528//7287 6472//7270 6473//7253
f 6521//7250 6458//7227 6524//7237 6525//7289
f 6526//7281 6525//7289 6524//7237 6456//7229
f 6566//7223 6567//7280 6526//7281 6456//7229
f 6566//7223 6569//7222 6527//7231 6567//7280
f 6521//7250 6525//7289 6528//7287 6522//7269
f 6472//7270 6528//7287 6525//7289 6526//7281
f 6477//7288 6471//7262 6529//7273
f 6473//7253 6471//7262 6477//7288
f 6487//7168 6486//7186 6488//7189
f 6530//7148 6411//7127 6426//7153
f 6531//7283 6530//7148 6426//7153 6434//7183
f 6532//7160 6531//7283 6434//7183 6428//7182
f 6533//7157 6532//7160 6428//7182 6429//7187
f 6534//7181 6533//7157 6429//7187 6441//7178
f 6440//7213 6535//7156 6534//7181 6441//7178
f 6425//7218 6536//7151 6535//7156 6440//7213
f 6537//7152 6536//7151 6425//7218
f 6537//7152 6425//7218 6435//7175 6424//7141
f 6480//7159 6543//7158 6538//7290 6539//7285
f 6517//7146 6417//7134 6414//7125 6538//7290
f 6414//7125 6479//7124 6539//7285 6538//7290
f 6539//7285 6479//7124 6478//7128 6540//7286
f 6541//7136 6540//7286 6478//7128
f 6399//7112 6542//7131 6541//7136 6478//7128
f 6403//7114 6542//7131 6399//7112
f 6423//7147 6543//7158 6533//7157 6534//7181
f 6517//7146 6538//7290 6543//7158 6423//7147
f 6544//7195 6445//7194 6548//7207 6549//7291
f 6503//7292 6550//7238 6501//7241
f 6499//7293 6494//7294 6546//7216 6545//7235
f 6494//7294 6493//7295 6547//7206 6546//7216
f 6548//7207 6547//7206 6493//7295 6489//7296
f 6549//7291 6548//7207 6489//7296
f 6545//7235 6550//7238 6503//7292 6499//7293
f 6462//7236 6551//7239 6550//7238 6545//7235
f 6552//7249 6551//7239 6462//7236 6467//7258
f 6465//7264 6553//7247 6552//7249 6467//7258
f 6508//7263 6554//7248 6555//7277 6511//7276
f 6554//7248 6553//7247 6465//7264 6555//7277
f 6556//7278 6555//7277 6465//7264 6475//7265
f 6557//7271 6556//7278 6475//7265 6476//7275
f 6476//7275 6474//7274 6558//7266 6557//7271
f 6450//7214 6446//7197 6561//7200 6560//7208
f 6490//7196 6562//7201 6561//7200 6446//7197
f 6466//7230 6461//7232 6470//7297 6563//7252
f 6564//7259 6563//7252 6470//7297 6505//7298
f 6506//7299 6565//7260 6564//7259 6505//7298
f 6466//7230 6568//7254 6567//7280 6527//7231
f 6569//7222 6560//7208 6444//7164 6452//7199
f 6527//7231 6569//7222 6452//7199 6459//7225
f 6490/3633/7196 6544/3634/7195 6571/3635/7300 6570/3636/7301
f 6491/3637/7202 6562/3638/7201 6573/3639/7302 6572/3640/7303
f 6507/3641/7261 6565/3642/7260 6575/3643/7304 6574/3644/7305
f 6559/3645/7306 6507/3646/7261 6574/3647/7305 6576/3648/7307
f 6544/3649/7195 6549/3650/7291 6577/3651/7308 6571/3652/7300
f 6549/3653/7291 6489/3654/7296 6578/3655/7309 6577/3656/7308
f 6509/3657/7268 6592/3698/7267 6593/3699/7310 6579/3660/7311
f 6562/3661/7201 6490/3662/7196 6570/3663/7301 6573/3664/7302
f 6565/3665/7260 6506/3666/7299 6580/3667/7312 6575/3668/7304
f 6570/3669/7301 6571/3670/7300 6582/3671/7313 6581/3672/7314
f 6572/3673/7303 6573/3674/7302 6584/3675/7315 6583/3676/7316
f 6574/3677/7305 6575/3678/7304 6586/3679/7317 6585/3680/7318
f 6576/3681/7307 6574/3682/7305 6585/3680/7318 6587/3683/7319
f 6571/3684/7300 6577/3685/7308 6588/3686/7320 6582/3671/7313
f 6577/3687/7308 6578/3688/7309 6589/3689/7321 6588/3686/7320
f 6579/3690/7311 6593/3700/7310 6594/3701/7322 6590/3692/7323
f 6573/3693/7302 6570/3694/7301 6581/3672/7314 6584/3675/7315
f 6575/3695/7304 6580/3696/7312 6591/3697/7324 6586/3679/7317
f 6583/3676/7316 6584/3675/7315 6586/3679/7317 6591/3697/7324
f 6585/3680/7318 6586/3679/7317 6584/3675/7315 6581/3672/7314
f 6507//7261 6559//7306 6474//7274 6471//7262
f 6559//7306 6592//7267 6558//7266 6474//7274
f 6593/3699/7310 6592/3698/7267 6559/3658/7306 6576/3659/7307
f 6594/3701/7322 6593/3700/7310 6576/3691/7307 6587/3683/7319
f 6581/3672/7314 6582/3671/7313 6587/3683/7319 6585/3680/7318
f 6582/3671/7313 6588/3686/7320 6594/3701/7322 6587/3683/7319
f 6588/3686/7320 6589/3689/7321 6590/3692/7323 6594/3701/7322
f 6484/3702/7161 6491/3703/7202 6596/3704/7325 6595/3705/7326
f 6506/3706/7299 6505/3707/7298 6598/3708/7327 6597/3709/7328
f 6491/3710/7202 6572/3711/7303 6599/3712/7329 6596/3713/7325
f 6580/3714/7312 6506/3715/7299 6597/3716/7328 6600/3717/7330
f 6572/3718/7303 6583/3719/7316 6601/3720/7331 6599/3721/7329
f 6591/3722/7324 6580/3723/7312 6600/3724/7330 6602/3725/7332
f 6583/3726/7316 6591/3727/7324 6602/3728/7332 6601/3729/7331
f 6485//7184 6483//7165 6603//7193 6604//7185
f 6482//7155 6481//7154 6595//7172 6596//7325
f 6497/3730/7209 6496/3731/7221 6502/3732/7242
f 6615/3733/7333 6616/3734/7255 6502/3732/7242 6496/3731/7221
f 6496//7221 6498//7228 6614//7334 6615//7333
f 6498//7228 6495//7211 6613//7335 6614//7334
f 6495//7211 6492//7192 6612//7336 6613//7335
f 6611//7337 6612//7336 6492//7192 6603//7193
f 6483//7165 6482//7155 6610//7338
f 6610//7338 6611//7337 6603//7193 6483//7165
f 6606//7163 6605//7162 6422//7139 6427//7149
f 6607//7198 6606//7163 6427//7149 6435//7175
f 6608//7224 6607//7198 6435//7175 6455//7219
f 6455//7219 6619//7220 6609//7234 6608//7224
f 6422//7139 6605//7170 6481//7154
f 6610//7338 6482//7155 6596//7325 6599//7329
f 6599//7329 6601//7331 6611//7337 6610//7338
f 6601//7331 6602//7332 6612//7336 6611//7337
f 6613//7335 6612//7336 6602//7332 6600//7330
f 6614//7334 6613//7335 6600//7330 6597//7328
f 6615//7333 6614//7334 6597//7328 6598//7327
f 6598/3708/7327 6505/3707/7298 6616/3734/7255 6615/3733/7333
f 6617//7256 6616//7255 6505//7298
f 6618//7244 6617//7256 6505//7298 6470//7297
f 6461//7232 6609//7234 6618//7244 6470//7297
f 6464//7245 6620//7226 6454//7212
