# This file uses centimeters as units for non-parametric coordinates.

mtllib LightFixture.mtl
g default
v 0.000977 0.103516 0.473633
v 0.000977 0.103516 -0.438477
v 0.000977 0.103516 -0.469727
v 0.000977 0.101562 0.442383
v 0.000977 0.101562 0.448242
v 0.000977 0.097656 0.444336
v 0.000977 0.097656 0.475586
v 0.000977 0.097656 -0.002930
v 0.000977 0.097656 -0.444336
v 0.000977 0.097656 -0.469727
v 0.000977 0.095703 -0.438477
v 0.000977 0.064453 0.444336
v 0.000977 0.064453 0.475586
v 0.000977 0.064453 -0.002930
v 0.000977 0.064453 -0.444336
v 0.000977 0.064453 -0.469727
v 0.000977 0.060547 -0.438477
v 0.000977 0.058594 0.442383
v 0.000977 0.056641 0.473633
v 0.000977 0.058594 -0.469727
v 0.000977 0.056641 0.448242
v 0.000977 0.044922 0.475586
v 0.000977 0.044922 0.489258
v 0.000977 0.044922 -0.471680
v 0.000977 0.044922 -0.483398
v 0.004883 0.109375 0.444336
v 0.004883 0.109375 0.448242
v 0.005859 0.108398 0.473633
v 0.004883 0.109375 -0.440430
v 0.004883 0.109375 -0.442383
v 0.004883 0.109375 -0.444336
v 0.004883 0.109375 -0.469727
v 0.004883 0.107422 0.448242
v 0.004883 0.056641 0.444336
v 0.004883 0.056641 0.475586
v 0.004883 0.056641 -0.002930
v 0.004883 0.056641 -0.444336
v 0.004883 0.056641 -0.469727
v 0.004883 0.054688 -0.438477
v 0.004883 0.052734 -0.440430
v 0.004883 0.052734 -0.442383
v 0.004883 0.052734 -0.444336
v 0.004883 0.052734 -0.469727
v 0.004883 0.050781 0.444336
v 0.004883 0.050781 0.448242
v 0.006836 0.121094 0.475586
v 0.006836 0.121094 0.477539
v 0.006836 0.121094 0.487305
v 0.006836 0.121094 -0.471680
v 0.006836 0.121094 -0.473633
v 0.006836 0.121094 -0.483398
v 0.006836 0.117188 0.483398
v 0.006836 0.117188 0.491211
v 0.006836 0.117188 -0.479492
v 0.006836 0.117188 -0.487305
v 0.006836 0.117188 -0.489258
v 0.006836 0.115234 0.491211
v 0.006836 0.115234 0.493164
v 0.006836 0.115234 -0.487305
v 0.006836 0.115234 -0.489258
v 0.006836 0.107422 0.442383
v 0.006836 0.107422 -0.469727
v 0.006836 0.105469 0.444336
v 0.006836 0.105469 0.475586
v 0.006836 0.105469 -0.002930
v 0.006836 0.105469 -0.444336
v 0.006836 0.105469 -0.469727
v 0.006836 0.087891 0.483398
v 0.006836 0.087891 0.491211
v 0.006836 0.087891 0.493164
v 0.006836 0.087891 -0.479492
v 0.006836 0.087891 -0.487305
v 0.006836 0.087891 -0.489258
v 0.006836 0.082031 0.483398
v 0.006836 0.082031 0.491211
v 0.006836 0.082031 0.493164
v 0.006836 0.082031 -0.479492
v 0.006836 0.082031 -0.487305
v 0.006836 0.082031 -0.489258
v 0.006836 0.078125 -0.479492
v 0.006836 0.078125 -0.487305
v 0.006836 0.076172 0.483398
v 0.006836 0.076172 0.491211
v 0.006836 0.054688 0.442383
v 0.006836 0.052734 0.448242
v 0.006836 0.050781 0.473633
v 0.006836 0.052734 -0.469727
v 0.008789 0.121094 0.489258
v 0.008789 0.121094 -0.483398
v 0.008789 0.117188 0.491211
v 0.008789 0.117188 0.493164
v 0.008789 0.117188 -0.479492
v 0.008789 0.117188 -0.487305
v 0.008789 0.117188 -0.489258
v 0.008789 0.115234 0.493164
v 0.008789 0.115234 -0.489258
v 0.008789 0.107422 -0.438477
v 0.008789 0.082031 0.493164
v 0.008789 0.082031 -0.489258
v 0.008789 0.078125 -0.489258
v 0.008789 0.076172 0.493164
v 0.008789 0.072266 0.483398
v 0.008789 0.072266 0.491211
v 0.008789 0.072266 -0.479492
v 0.008789 0.072266 -0.487305
v 0.008789 0.072266 -0.489258
v 0.008789 0.039062 0.475586
v 0.008789 0.039062 0.477539
v 0.008789 0.039062 0.487305
v 0.008789 0.039062 0.489258
v 0.008789 0.039062 -0.471680
v 0.008789 0.039062 -0.473633
v 0.008789 0.039062 -0.483398
v 0.010742 0.113281 0.444336
v 0.010742 0.113281 0.448242
v 0.010742 0.072266 0.493164
v 0.010742 0.072266 -0.489258
v 0.010742 0.068359 0.483398
v 0.010742 0.068359 -0.479492
v 0.010742 0.068359 -0.487305
v 0.010742 0.052734 0.444336
v 0.010742 0.052734 0.475586
v 0.010742 0.052734 -0.444336
v 0.010742 0.052734 -0.469727
v 0.010742 0.050781 -0.002930
v 0.010742 0.046875 -0.440430
v 0.012695 0.113281 0.448242
v 0.012695 0.113281 0.473633
v 0.012695 0.113281 -0.440430
v 0.012695 0.113281 -0.442383
v 0.012695 0.113281 -0.444336
v 0.012695 0.113281 -0.469727
v 0.012695 0.111328 0.442383
v 0.012695 0.070312 -0.489258
v 0.012695 0.068359 0.491211
v 0.012695 0.068359 0.493164
v 0.012695 0.066406 -0.479492
v 0.012695 0.050781 0.442383
v 0.012695 0.050781 -0.438477
v 0.012695 0.048828 0.448242
v 0.012695 0.046875 0.473633
v 0.012695 0.048828 -0.444336
v 0.012695 0.048828 -0.469727
v 0.012695 0.046875 0.444336
v 0.012695 0.046875 0.448242
v 0.012695 0.046875 -0.442383
v 0.012695 0.046875 -0.469727
v 0.014648 0.066406 0.483398
v 0.014648 0.066406 0.493164
v 0.014648 0.066406 -0.479492
v 0.014648 0.066406 -0.487305
v 0.014648 0.066406 -0.489258
v 0.014648 0.064453 0.483398
v 0.014648 0.064453 0.491211
v 0.016602 0.111328 0.444336
v 0.016602 0.111328 0.475586
v 0.016602 0.111328 -0.002930
v 0.016602 0.111328 -0.438477
v 0.016602 0.111328 -0.444336
v 0.016602 0.111328 -0.469727
v 0.016602 0.109375 0.493164
v 0.016602 0.109375 -0.489258
v 0.016602 0.083984 -0.489258
v 0.016602 0.082031 0.491211
v 0.016602 0.082031 0.493164
v 0.016602 0.078125 0.491211
v 0.016602 0.078125 0.493164
v 0.016602 0.078125 -0.489258
v 0.016602 0.064453 0.483398
v 0.016602 0.064453 -0.479492
v 0.016602 0.064453 -0.487305
v 0.016602 0.064453 -0.489258
v 0.016602 0.062500 0.483398
v 0.018555 0.125000 0.475586
v 0.018555 0.125000 0.477539
v 0.018555 0.125000 0.487305
v 0.018555 0.125000 0.489258
v 0.018555 0.125000 -0.471680
v 0.018555 0.125000 -0.473633
v 0.018555 0.125000 -0.483398
v 0.018555 0.117188 0.444336
v 0.018555 0.117188 0.448242
v 0.018555 0.076172 -0.489258
v 0.018555 0.074219 0.491211
v 0.018555 0.074219 0.493164
v 0.018555 0.064453 0.493164
v 0.018555 0.064453 -0.489258
v 0.018555 0.062500 0.491211
v 0.018555 0.048828 0.444336
v 0.018555 0.048828 0.475586
v 0.018555 0.048828 -0.002930
v 0.018555 0.048828 -0.442383
v 0.018555 0.048828 -0.469727
v 0.018555 0.035156 0.475586
v 0.018555 0.035156 0.477539
v 0.018555 0.035156 0.487305
v 0.018555 0.035156 0.489258
v 0.018555 0.035156 -0.471680
v 0.018555 0.035156 -0.473633
v 0.018555 0.035156 -0.483398
v 0.020508 0.115234 0.448242
v 0.020508 0.115234 0.473633
v 0.020508 0.115234 -0.440430
v 0.020508 0.115234 -0.442383
v 0.020508 0.115234 -0.444336
v 0.020508 0.115234 -0.469727
v 0.020508 0.113281 0.442383
v 0.020508 0.083984 -0.489258
v 0.020508 0.080078 -0.489258
v 0.020508 0.078125 -0.489258
v 0.020508 0.076172 -0.489258
v 0.020508 0.074219 -0.489258
v 0.020508 0.072266 -0.489258
v 0.020508 0.070312 0.493164
v 0.020508 0.064453 -0.489258
v 0.020508 0.062500 0.483398
v 0.020508 0.062500 0.491211
v 0.020508 0.062500 0.493164
v 0.020508 0.062500 -0.479492
v 0.020508 0.062500 -0.487305
v 0.020508 0.062500 -0.489258
v 0.020508 0.046875 0.442383
v 0.020508 0.046875 -0.438477
v 0.020508 0.044922 0.444336
v 0.020508 0.044922 0.448242
v 0.020508 0.044922 0.473633
v 0.020508 0.044922 -0.440430
v 0.020508 0.044922 -0.442383
v 0.020508 0.044922 -0.444336
v 0.020508 0.044922 -0.469727
v 0.022461 0.113281 -0.438477
v 0.022461 0.085938 -0.489258
v 0.022461 0.072266 0.491211
v 0.022461 0.072266 -0.489258
v 0.022461 0.070312 -0.489258
v 0.022461 0.062500 -0.479492
v 0.022461 0.062500 -0.487305
v 0.022461 0.062500 -0.489258
v 0.022461 0.060547 0.483398
v 0.024414 0.085938 -0.487305
v 0.024414 0.082031 -0.483398
v 0.024414 0.082031 -0.493164
v 0.024414 0.078125 -0.483398
v 0.024414 0.078125 -0.493164
v 0.024414 0.070312 0.491211
v 0.024414 0.068359 0.493164
v 0.024414 0.062500 0.493164
v 0.024414 0.060547 0.491211
v 0.026367 0.115234 0.444336
v 0.026367 0.115234 0.475586
v 0.026367 0.115234 -0.002930
v 0.026367 0.115234 -0.438477
v 0.026367 0.115234 -0.442383
v 0.026367 0.115234 -0.469727
v 0.026367 0.087891 -0.489258
v 0.026367 0.085938 -0.483398
v 0.026367 0.074219 -0.493164
v 0.026367 0.070312 -0.489258
v 0.026367 0.068359 0.493164
v 0.026367 0.068359 -0.489258
v 0.026367 0.062500 0.493164
v 0.026367 0.062500 -0.489258
v 0.026367 0.060547 0.483398
v 0.026367 0.060547 0.491211
v 0.026367 0.060547 0.493164
v 0.026367 0.060547 -0.479492
v 0.026367 0.060547 -0.487305
v 0.026367 0.046875 0.444336
v 0.026367 0.046875 0.475586
v 0.026367 0.046875 -0.002930
v 0.026367 0.046875 -0.442383
v 0.026367 0.046875 -0.469727
v 0.028320 0.126953 0.477539
v 0.028320 0.126953 0.487305
v 0.028320 0.126953 -0.473633
v 0.028320 0.126953 -0.483398
v 0.028320 0.125000 0.475586
v 0.028320 0.125000 0.489258
v 0.028320 0.125000 -0.471680
v 0.028320 0.125000 -0.483398
v 0.028320 0.117188 0.444336
v 0.028320 0.117188 0.448242
v 0.028320 0.117188 0.473633
v 0.028320 0.117188 -0.440430
v 0.028320 0.117188 -0.442383
v 0.028320 0.117188 -0.444336
v 0.028320 0.117188 -0.469727
v 0.028320 0.115234 0.442383
v 0.028320 0.085938 -0.493164
v 0.028320 0.080078 0.489258
v 0.028320 0.080078 -0.483398
v 0.028320 0.074219 -0.483398
v 0.028320 0.068359 0.493164
v 0.028320 0.046875 0.442383
v 0.028320 0.046875 -0.438477
v 0.028320 0.044922 0.448242
v 0.028320 0.043945 0.473633
v 0.028320 0.044922 -0.444336
v 0.028320 0.044922 -0.469727
v 0.028320 0.042969 0.444336
v 0.028320 0.042969 0.448242
v 0.028320 0.042969 -0.440430
v 0.028320 0.042969 -0.442383
v 0.028320 0.042969 -0.469727
v 0.028320 0.035156 0.475586
v 0.028320 0.035156 0.489258
v 0.028320 0.035156 -0.471680
v 0.028320 0.035156 -0.483398
v 0.028320 0.033203 0.477539
v 0.028320 0.033203 0.487305
v 0.028320 0.033203 -0.473633
v 0.028320 0.033203 -0.483398
v 0.030273 0.089844 -0.489258
v 0.030273 0.085938 -0.483398
v 0.030273 0.080078 -0.493164
v 0.030273 0.072266 -0.493164
v 0.030273 0.070312 -0.489258
v 0.030273 0.062500 0.493164
v 0.030273 0.062500 -0.489258
v 0.030273 0.060547 0.483398
v 0.030273 0.060547 0.491211
v 0.030273 0.060547 0.493164
v 0.030273 0.060547 -0.479492
v 0.030273 0.060547 -0.487305
v 0.030273 0.060547 -0.489258
v 0.032227 0.087891 -0.487305
v 0.032227 0.085938 -0.493164
v 0.032227 0.074219 -0.483398
v 0.032227 0.070312 0.491211
v 0.032227 0.070312 -0.489258
v 0.032227 0.068359 0.493164
v 0.032227 0.068359 -0.489258
v 0.034180 0.087891 -0.489258
v 0.034180 0.083984 -0.483398
v 0.034180 0.076172 -0.483398
v 0.034180 0.074219 -0.493164
v 0.034180 0.070312 -0.489258
v 0.034180 0.062500 0.493164
v 0.034180 0.062500 -0.489258
v 0.034180 0.060547 0.483398
v 0.034180 0.060547 0.491211
v 0.034180 0.060547 0.493164
v 0.034180 0.060547 -0.479492
v 0.034180 0.060547 -0.487305
v 0.036133 0.117188 0.444336
v 0.036133 0.117188 0.448242
v 0.036133 0.117188 -0.440430
v 0.036133 0.117188 -0.442383
v 0.036133 0.115234 0.442383
v 0.036133 0.115234 0.448242
v 0.036133 0.115234 0.473633
v 0.036133 0.115234 -0.438477
v 0.036133 0.115234 -0.444336
v 0.036133 0.115234 -0.469727
v 0.036133 0.085938 -0.489258
v 0.036133 0.082031 -0.493164
v 0.036133 0.080078 -0.483398
v 0.036133 0.078125 -0.493164
v 0.036133 0.072266 -0.489258
v 0.036133 0.070312 0.491211
v 0.036133 0.070312 -0.489258
v 0.036133 0.062500 0.493164
v 0.036133 0.062500 -0.479492
v 0.036133 0.062500 -0.489258
v 0.036133 0.060547 0.491211
v 0.036133 0.060547 -0.479492
v 0.036133 0.060547 -0.487305
v 0.036133 0.046875 0.442383
v 0.036133 0.046875 0.444336
v 0.036133 0.046875 0.475586
v 0.036133 0.046875 -0.002930
v 0.036133 0.046875 -0.438477
v 0.036133 0.046875 -0.442383
v 0.036133 0.046875 -0.469727
v 0.036133 0.044922 -0.440430
v 0.036133 0.044922 -0.442383
v 0.036133 0.044922 -0.444336
v 0.036133 0.044922 -0.469727
v 0.038086 0.117188 0.473633
v 0.038086 0.117188 -0.469727
v 0.038086 0.115234 0.444336
v 0.038086 0.115234 0.475586
v 0.038086 0.115234 -0.442383
v 0.038086 0.115234 -0.469727
v 0.038086 0.113281 -0.002930
v 0.038086 0.083984 -0.489258
v 0.038086 0.082031 -0.487305
v 0.038086 0.076172 -0.489258
v 0.038086 0.070312 0.493164
v 0.038086 0.060547 0.483398
v 0.038086 0.044922 0.444336
v 0.038086 0.044922 0.448242
v 0.038086 0.044922 0.473633
v 0.038086 0.044922 -0.469727
v 0.040039 0.125000 0.475586
v 0.040039 0.125000 0.477539
v 0.040039 0.125000 0.487305
v 0.040039 0.125000 0.489258
v 0.040039 0.125000 -0.471680
v 0.040039 0.125000 -0.473633
v 0.040039 0.125000 -0.483398
v 0.040039 0.080078 -0.489258
v 0.040039 0.072266 0.491211
v 0.040039 0.072266 0.493164
v 0.040039 0.072266 -0.489258
v 0.040039 0.062500 0.483398
v 0.040039 0.062500 0.491211
v 0.040039 0.062500 0.493164
v 0.040039 0.062500 -0.479492
v 0.040039 0.062500 -0.487305
v 0.040039 0.062500 -0.489258
v 0.040039 0.035156 0.475586
v 0.040039 0.035156 0.477539
v 0.040039 0.035156 0.487305
v 0.040039 0.035156 0.489258
v 0.040039 0.035156 -0.471680
v 0.040039 0.035156 -0.473633
v 0.040039 0.035156 -0.483398
v 0.041992 0.074219 0.491211
v 0.041992 0.074219 0.493164
v 0.041992 0.074219 -0.489258
v 0.041992 0.064453 0.493164
v 0.041992 0.064453 -0.479492
v 0.041992 0.064453 -0.487305
v 0.041992 0.064453 -0.489258
v 0.041992 0.062500 0.491211
v 0.041992 0.062500 -0.479492
v 0.043945 0.115234 0.444336
v 0.043945 0.115234 0.448242
v 0.043945 0.115234 -0.440430
v 0.043945 0.115234 -0.442383
v 0.043945 0.113281 0.448242
v 0.043945 0.113281 0.473633
v 0.043945 0.113281 -0.444336
v 0.043945 0.113281 -0.469727
v 0.043945 0.111328 0.442383
v 0.043945 0.111328 -0.438477
v 0.043945 0.109375 0.493164
v 0.043945 0.109375 -0.489258
v 0.043945 0.082031 0.491211
v 0.043945 0.082031 0.493164
v 0.043945 0.082031 -0.489258
v 0.043945 0.078125 0.491211
v 0.043945 0.078125 0.493164
v 0.043945 0.078125 -0.489258
v 0.043945 0.066406 -0.489258
v 0.043945 0.064453 0.483398
v 0.043945 0.062500 0.483398
v 0.043945 0.050781 0.442383
v 0.043945 0.048828 0.444336
v 0.043945 0.048828 0.475586
v 0.043945 0.048828 -0.002930
v 0.043945 0.048828 -0.438477
v 0.043945 0.048828 -0.442383
v 0.043945 0.048828 -0.469727
v 0.043945 0.046875 -0.440430
v 0.043945 0.046875 -0.442383
v 0.043945 0.046875 -0.444336
v 0.043945 0.046875 -0.469727
v 0.045898 0.113281 0.473633
v 0.045898 0.113281 -0.469727
v 0.045898 0.109375 0.493164
v 0.045898 0.109375 -0.489258
v 0.045898 0.066406 0.483398
v 0.045898 0.066406 0.491211
v 0.045898 0.066406 0.493164
v 0.045898 0.066406 -0.479492
v 0.045898 0.066406 -0.487305
v 0.045898 0.066406 -0.489258
v 0.045898 0.064453 0.483398
v 0.045898 0.064453 -0.479492
v 0.045898 0.046875 0.444336
v 0.045898 0.046875 0.448242
v 0.045898 0.046875 0.473633
v 0.047852 0.111328 0.444336
v 0.047852 0.111328 0.475586
v 0.047852 0.111328 -0.002930
v 0.047852 0.111328 -0.442383
v 0.047852 0.111328 -0.469727
v 0.047852 0.068359 0.491211
v 0.047852 0.068359 0.493164
v 0.047852 0.068359 -0.479492
v 0.047852 0.068359 -0.487305
v 0.047852 0.068359 -0.489258
v 0.049805 0.123047 0.477539
v 0.049805 0.123047 0.487305
v 0.049805 0.123047 -0.473633
v 0.049805 0.123047 -0.483398
v 0.049805 0.121094 0.475586
v 0.049805 0.121094 0.489258
v 0.049805 0.121094 -0.471680
v 0.049805 0.121094 -0.483398
v 0.049805 0.109375 0.442383
v 0.049805 0.109375 -0.438477
v 0.049805 0.072266 0.493164
v 0.049805 0.072266 -0.489258
v 0.049805 0.068359 0.483398
v 0.049805 0.068359 -0.479492
v 0.049805 0.052734 -0.438477
v 0.049805 0.039062 0.475586
v 0.049805 0.039062 0.477539
v 0.049805 0.039062 0.487305
v 0.049805 0.039062 0.489258
v 0.049805 0.039062 -0.471680
v 0.049805 0.039062 -0.473633
v 0.049805 0.039062 -0.483398
v 0.051758 0.109375 0.444336
v 0.051758 0.109375 0.448242
v 0.051758 0.109375 0.473633
v 0.051758 0.109375 -0.440430
v 0.051758 0.109375 -0.442383
v 0.051758 0.109375 -0.444336
v 0.051758 0.109375 -0.469727
v 0.051758 0.082031 0.493164
v 0.051758 0.082031 -0.489258
v 0.051758 0.076172 0.493164
v 0.051758 0.076172 -0.489258
v 0.051758 0.072266 0.483398
v 0.051758 0.072266 0.491211
v 0.051758 0.072266 -0.479492
v 0.051758 0.072266 -0.487305
v 0.051758 0.054688 0.442383
v 0.051758 0.054688 0.444336
v 0.051758 0.054688 0.475586
v 0.051758 0.054688 -0.442383
v 0.051758 0.054688 -0.469727
v 0.051758 0.052734 0.448242
v 0.051758 0.050781 0.473633
v 0.051758 0.052734 -0.002930
v 0.051758 0.052734 -0.469727
v 0.051758 0.050781 -0.440430
v 0.051758 0.050781 -0.442383
v 0.051758 0.050781 -0.444336
v 0.051758 0.050781 -0.469727
v 0.053711 0.117188 0.483398
v 0.053711 0.117188 0.491211
v 0.053711 0.117188 0.493164
v 0.053711 0.117188 -0.479492
v 0.053711 0.117188 -0.487305
v 0.053711 0.117188 -0.489258
v 0.053711 0.115234 0.491211
v 0.053711 0.115234 0.493164
v 0.053711 0.115234 -0.487305
v 0.053711 0.115234 -0.489258
v 0.053711 0.105469 0.444336
v 0.053711 0.105469 0.475586
v 0.053711 0.105469 -0.002930
v 0.053711 0.105469 -0.442383
v 0.053711 0.105469 -0.469727
v 0.053711 0.087891 0.483398
v 0.053711 0.087891 0.491211
v 0.053711 0.087891 0.493164
v 0.053711 0.087891 -0.479492
v 0.053711 0.087891 -0.487305
v 0.053711 0.087891 -0.489258
v 0.053711 0.082031 0.483398
v 0.053711 0.082031 0.491211
v 0.053711 0.082031 0.493164
v 0.053711 0.082031 -0.479492
v 0.053711 0.082031 -0.487305
v 0.053711 0.082031 -0.489258
v 0.053711 0.076172 0.483398
v 0.053711 0.076172 0.491211
v 0.053711 0.076172 -0.479492
v 0.053711 0.076172 -0.487305
v 0.053711 0.052734 0.444336
v 0.053711 0.052734 0.448242
v 0.055664 0.117188 0.483398
v 0.055664 0.117188 -0.479492
v 0.055664 0.103516 0.442383
v 0.055664 0.103516 -0.438477
v 0.055664 0.087891 0.483398
v 0.055664 0.087891 -0.479492
v 0.055664 0.058594 -0.438477
v 0.057617 0.115234 0.475586
v 0.057617 0.115234 0.489258
v 0.057617 0.115234 -0.471680
v 0.057617 0.115234 -0.483398
v 0.057617 0.103516 0.444336
v 0.057617 0.103516 0.448242
v 0.057617 0.103516 0.473633
v 0.057617 0.103516 -0.440430
v 0.057617 0.103516 -0.442383
v 0.057617 0.103516 -0.444336
v 0.057617 0.103516 -0.469727
v 0.057617 0.060547 0.442383
v 0.057617 0.060547 0.444336
v 0.057617 0.060547 0.475586
v 0.057617 0.060547 -0.002930
v 0.057617 0.060547 -0.442383
v 0.057617 0.060547 -0.469727
v 0.057617 0.058594 0.448242
v 0.057617 0.056641 0.473633
v 0.057617 0.058594 -0.469727
v 0.057617 0.056641 -0.440430
v 0.057617 0.056641 -0.442383
v 0.057617 0.056641 -0.444336
v 0.057617 0.056641 -0.469727
v 0.057617 0.044922 0.475586
v 0.057617 0.044922 0.489258
v 0.057617 0.044922 -0.471680
v 0.057617 0.044922 -0.483398
v 0.059570 0.117188 0.477539
v 0.059570 0.117188 0.487305
v 0.059570 0.117188 -0.473633
v 0.059570 0.117188 -0.483398
v 0.059570 0.099609 0.444336
v 0.059570 0.099609 0.475586
v 0.059570 0.099609 -0.002930
v 0.059570 0.099609 -0.442383
v 0.059570 0.099609 -0.469727
v 0.059570 0.095703 0.442383
v 0.059570 0.095703 -0.438477
v 0.059570 0.066406 -0.438477
v 0.059570 0.058594 0.444336
v 0.059570 0.058594 0.448242
v 0.059570 0.042969 0.477539
v 0.059570 0.042969 0.487305
v 0.059570 0.042969 -0.473633
v 0.059570 0.042969 -0.483398
v 0.061523 0.097656 0.444336
v 0.061523 0.097656 0.448242
v 0.061523 0.095703 0.448242
v 0.061523 0.095703 0.473633
v 0.061523 0.095703 -0.444336
v 0.061523 0.095703 -0.469727
v 0.061523 0.068359 0.444336
v 0.061523 0.068359 0.475586
v 0.061523 0.068359 -0.442383
v 0.061523 0.068359 -0.469727
v 0.061523 0.066406 0.442383
v 0.061523 0.066406 -0.002930
v 0.061523 0.064453 0.448242
v 0.061523 0.064453 0.473633
v 0.061523 0.064453 -0.444336
v 0.061523 0.064453 -0.469727
v 0.063477 0.095703 -0.440430
v 0.063477 0.095703 -0.442383
v 0.063477 0.093750 -0.442383
v 0.063477 0.091797 0.444336
v 0.063477 0.091797 0.475586
v 0.063477 0.091797 -0.002930
v 0.063477 0.091797 -0.469727
v 0.063477 0.089844 0.442383
v 0.063477 0.089844 -0.438477
v 0.063477 0.082031 0.442383
v 0.063477 0.080078 -0.438477
v 0.063477 0.076172 0.444336
v 0.063477 0.076172 0.475586
v 0.063477 0.076172 -0.002930
v 0.063477 0.076172 -0.442383
v 0.063477 0.076172 -0.469727
v 0.063477 0.074219 0.442383
v 0.063477 0.072266 -0.438477
v 0.063477 0.064453 0.444336
v 0.063477 0.064453 0.448242
v 0.063477 0.064453 -0.440430
v 0.063477 0.064453 -0.442383
v 0.065430 0.146484 -0.487305
v 0.065430 0.109375 0.475586
v 0.065430 0.109375 0.477539
v 0.065430 0.109375 0.487305
v 0.065430 0.109375 0.489258
v 0.065430 0.109375 -0.471680
v 0.065430 0.109375 -0.473633
v 0.065430 0.109375 -0.483398
v 0.065430 0.089844 0.444336
v 0.065430 0.089844 0.448242
v 0.065430 0.087891 0.448242
v 0.065430 0.087891 0.473633
v 0.065430 0.087891 -0.440430
v 0.065430 0.087891 -0.442383
v 0.065430 0.087891 -0.444336
v 0.065430 0.087891 -0.469727
v 0.065430 0.083984 0.444336
v 0.065430 0.083984 0.475586
v 0.065430 0.083984 -0.002930
v 0.065430 0.083984 -0.442383
v 0.065430 0.083984 -0.469727
v 0.065430 0.082031 0.444336
v 0.065430 0.082031 0.448242
v 0.065430 0.080078 0.448242
v 0.065430 0.080078 0.473633
v 0.065430 0.080078 -0.444336
v 0.065430 0.080078 -0.469727
v 0.065430 0.072266 0.444336
v 0.065430 0.072266 0.448242
v 0.065430 0.072266 0.473633
v 0.065430 0.072266 -0.440430
v 0.065430 0.072266 -0.442383
v 0.065430 0.072266 -0.444336
v 0.065430 0.072266 -0.469727
v 0.065430 0.050781 0.475586
v 0.065430 0.050781 0.489258
v 0.065430 0.050781 -0.471680
v 0.065430 0.050781 -0.483398
v 0.067383 0.150391 -0.487305
v 0.067383 0.142578 -0.487305
v 0.067383 0.080078 -0.440430
v 0.067383 0.080078 -0.442383
v 0.067383 0.050781 0.477539
v 0.067383 0.050781 0.487305
v 0.067383 0.050781 -0.473633
v 0.067383 0.050781 -0.483398
v 0.069336 0.154297 -0.487305
v 0.069336 0.138672 -0.487305
v 0.071289 0.148438 -0.493164
v 0.071289 0.146484 -0.493164
v 0.071289 0.144531 -0.493164
v 0.071289 0.142578 -0.493164
v 0.071289 0.099609 0.475586
v 0.071289 0.099609 0.477539
v 0.071289 0.099609 0.487305
v 0.071289 0.099609 0.489258
v 0.071289 0.099609 -0.471680
v 0.071289 0.099609 -0.473633
v 0.071289 0.099609 -0.483398
v 0.071289 0.060547 0.475586
v 0.071289 0.060547 0.477539
v 0.071289 0.060547 0.487305
v 0.071289 0.060547 0.489258
v 0.071289 0.060547 -0.471680
v 0.071289 0.060547 -0.473633
v 0.071289 0.060547 -0.483398
v 0.073242 0.150391 -0.493164
v 0.073242 0.152344 -0.493164
v 0.073242 0.156250 -0.487305
v 0.073242 0.142578 -0.493164
v 0.073242 0.136719 -0.487305
v 0.075195 0.152344 -0.493164
v 0.075195 0.140625 -0.493164
v 0.075195 0.138672 -0.493164
v 0.075195 0.089844 0.475586
v 0.075195 0.089844 0.477539
v 0.075195 0.089844 0.487305
v 0.075195 0.089844 0.489258
v 0.075195 0.089844 -0.471680
v 0.075195 0.089844 -0.473633
v 0.075195 0.089844 -0.483398
v 0.075195 0.080078 0.475586
v 0.075195 0.080078 0.489258
v 0.075195 0.080078 -0.471680
v 0.075195 0.080078 -0.483398
v 0.075195 0.070312 0.475586
v 0.075195 0.070312 0.477539
v 0.075195 0.070312 0.487305
v 0.075195 0.070312 0.489258
v 0.075195 0.070312 -0.471680
v 0.075195 0.070312 -0.473633
v 0.075195 0.070312 -0.483398
v 0.077148 0.152344 -0.493164
v 0.077148 0.158203 -0.487305
v 0.077148 0.146484 -0.493164
v 0.077148 0.140625 -0.493164
v 0.077148 0.134766 -0.487305
v 0.077148 0.080078 0.477539
v 0.077148 0.080078 0.487305
v 0.077148 0.080078 -0.473633
v 0.077148 0.080078 -0.483398
v 0.079102 0.152344 -0.493164
v 0.079102 0.154297 -0.491211
v 0.081055 0.152344 -0.493164
v 0.081055 0.156250 -0.487305
v 0.081055 0.140625 -0.493164
v 0.081055 0.136719 -0.487305
v 0.083008 0.148438 -0.493164
v 0.083008 0.144531 -0.493164
v 0.083008 0.142578 -0.491211
v 0.083008 0.142578 -0.493164
v 0.084961 0.154297 -0.487305
v 0.084961 0.146484 -0.491211
v 0.084961 0.146484 -0.493164
v 0.084961 0.138672 -0.487305
v 0.084961 0.130859 0.489258
v 0.084961 0.130859 0.491211
v 0.084961 0.130859 -0.487305
v 0.084961 0.130859 -0.489258
v 0.084961 0.115234 0.493164
v 0.084961 0.115234 -0.491211
v 0.086914 0.150391 -0.487305
v 0.086914 0.162109 0.489258
v 0.086914 0.162109 -0.487305
v 0.086914 0.169922 0.487305
v 0.086914 0.169922 -0.485352
v 0.086914 0.173828 0.483398
v 0.086914 0.173828 -0.481445
v 0.086914 0.175781 0.475586
v 0.086914 0.175781 -0.002930
v 0.086914 0.175781 -0.473633
v 0.086914 0.142578 -0.487305
v 0.086914 0.128906 0.493164
v 0.086914 0.128906 -0.491211
v 0.086914 0.126953 0.495117
v 0.086914 0.126953 -0.493164
v 0.086914 0.117188 0.495117
v 0.086914 0.117188 -0.493164
v 0.088867 0.146484 -0.487305
v 0.092773 0.162109 0.487305
v 0.092773 0.162109 -0.485352
v 0.092773 0.167969 0.485352
v 0.092773 0.167969 -0.483398
v 0.092773 0.171875 0.483398
v 0.092773 0.171875 -0.481445
v 0.092773 0.173828 0.475586
v 0.092773 0.173828 -0.002930
v 0.092773 0.173828 -0.473633
v 0.092773 0.130859 0.487305
v 0.092773 0.130859 0.489258
v 0.092773 0.130859 -0.485352
v 0.092773 0.130859 -0.487305
v 0.092773 0.115234 0.491211
v 0.092773 0.115234 -0.489258
v 0.094727 0.128906 0.491211
v 0.094727 0.128906 -0.489258
v 0.094727 0.126953 0.493164
v 0.094727 0.126953 -0.491211
v 0.094727 0.117188 0.493164
v 0.094727 0.117188 -0.491211
v 0.096680 0.162109 0.475586
v 0.096680 0.162109 0.483398
v 0.096680 0.162109 -0.473633
v 0.096680 0.162109 -0.481445
v 0.096680 0.166016 0.483398
v 0.096680 0.166016 -0.481445
v 0.096680 0.167969 0.481445
v 0.096680 0.167969 -0.477539
v 0.096680 0.169922 0.475586
v 0.096680 0.169922 -0.002930
v 0.096680 0.169922 -0.473633
v 0.096680 0.130859 0.475586
v 0.096680 0.130859 0.483398
v 0.096680 0.130859 0.487305
v 0.096680 0.130859 -0.473633
v 0.096680 0.130859 -0.481445
v 0.096680 0.130859 -0.485352
v 0.096680 0.115234 0.487305
v 0.096680 0.115234 -0.485352
v 0.098633 0.162109 -0.002930
v 0.098633 0.130859 0.483398
v 0.098633 0.130859 -0.002930
v 0.098633 0.130859 -0.481445
v 0.098633 0.128906 0.489258
v 0.098633 0.128906 -0.487305
v 0.098633 0.126953 0.489258
v 0.098633 0.126953 -0.487305
v 0.098633 0.117188 0.489258
v 0.098633 0.117188 -0.487305
v 0.098633 0.115234 0.485352
v 0.098633 0.115234 -0.483398
v 0.100586 0.130859 0.477539
v 0.100586 0.130859 -0.002930
v 0.100586 0.130859 -0.473633
v 0.100586 0.128906 0.485352
v 0.100586 0.128906 -0.483398
v 0.100586 0.126953 0.485352
v 0.100586 0.126953 -0.483398
v 0.100586 0.117188 0.485352
v 0.100586 0.117188 -0.483398
v 0.100586 0.115234 0.477539
v 0.100586 0.115234 -0.475586
v 0.102539 0.128906 0.477539
v 0.102539 0.128906 -0.475586
v 0.102539 0.126953 0.477539
v 0.102539 0.126953 -0.475586
v 0.102539 0.117188 0.477539
v 0.102539 0.117188 -0.475586
v 0.102539 0.115234 -0.002930
v 0.104492 0.128906 -0.002930
v 0.104492 0.126953 -0.002930
v 0.104492 0.117188 -0.002930
v -0.000977 0.117188 0.477539
v -0.000977 0.117188 0.487305
v -0.000977 0.117188 -0.473633
v -0.000977 0.117188 -0.483398
v -0.000977 0.115234 0.475586
v -0.000977 0.115234 0.489258
v -0.000977 0.115234 -0.471680
v -0.000977 0.115234 -0.483398
v -0.000977 0.103516 0.444336
v -0.000977 0.103516 0.448242
v -0.000977 0.103516 -0.440430
v -0.000977 0.103516 -0.442383
v -0.000977 0.103516 -0.444336
v -0.000977 0.058594 -0.440430
v -0.000977 0.058594 -0.442383
v -0.000977 0.058594 -0.444336
v -0.000977 0.056641 0.444336
v -0.000977 0.056641 0.448242
v -0.000977 0.042969 0.477539
v -0.000977 0.042969 0.487305
v -0.000977 0.042969 -0.473633
v -0.000977 0.042969 -0.483398
v -0.004883 0.095703 0.473633
v -0.002930 0.095703 -0.469727
v -0.002930 0.093750 0.442383
v -0.002930 0.089844 0.444336
v -0.002930 0.089844 0.475586
v -0.002930 0.089844 -0.002930
v -0.002930 0.089844 -0.438477
v -0.002930 0.089844 -0.444336
v -0.002930 0.089844 -0.469727
v -0.002930 0.080078 0.444336
v -0.002930 0.080078 0.475586
v -0.002930 0.080078 -0.002930
v -0.002930 0.080078 -0.444336
v -0.002930 0.080078 -0.469727
v -0.002930 0.072266 0.444336
v -0.002930 0.072266 0.475586
v -0.002930 0.072266 -0.002930
v -0.002930 0.072266 -0.444336
v -0.002930 0.072266 -0.469727
v -0.002930 0.066406 -0.438477
v -0.002930 0.064453 0.442383
v -0.004883 0.064453 0.473633
v -0.002930 0.064453 -0.469727
v -0.004883 0.097656 -0.440430
v -0.004883 0.097656 -0.442383
v -0.004883 0.095703 0.444336
v -0.004883 0.095703 0.448242
v -0.004883 0.095703 -0.444336
v -0.004883 0.095703 -0.469727
v -0.004883 0.087891 0.442383
v -0.004883 0.087891 -0.440430
v -0.004883 0.087891 -0.442383
v -0.004883 0.087891 -0.444336
v -0.004883 0.087891 -0.469727
v -0.004883 0.082031 -0.438477
v -0.004883 0.080078 -0.469727
v -0.004883 0.074219 -0.438477
v -0.004883 0.072266 0.442383
v -0.004883 0.072266 -0.469727
v -0.004883 0.064453 0.444336
v -0.004883 0.064453 0.448242
v -0.004883 0.064453 -0.440430
v -0.004883 0.064453 -0.442383
v -0.004883 0.064453 -0.444336
v -0.004883 0.064453 -0.469727
v -0.006836 0.107422 0.475586
v -0.006836 0.107422 0.489258
v -0.006836 0.107422 -0.471680
v -0.006836 0.107422 -0.483398
v -0.006836 0.087891 0.444336
v -0.006836 0.087891 0.448242
v -0.006836 0.087891 0.473633
v -0.006836 0.080078 0.442383
v -0.006836 0.080078 0.448242
v -0.006836 0.080078 0.473633
v -0.006836 0.080078 -0.440430
v -0.006836 0.080078 -0.442383
v -0.006836 0.080078 -0.444336
v -0.006836 0.080078 -0.469727
v -0.006836 0.072266 0.444336
v -0.006836 0.072266 0.448242
v -0.006836 0.072266 0.473633
v -0.006836 0.072266 -0.440430
v -0.006836 0.072266 -0.442383
v -0.006836 0.072266 -0.444336
v -0.006836 0.050781 0.475586
v -0.006836 0.050781 0.489258
v -0.006836 0.050781 -0.471680
v -0.006836 0.050781 -0.483398
v -0.006836 0.021484 -0.469727
v -0.006836 0.021484 -0.471680
v -0.006836 0.021484 -0.481445
v -0.006836 0.021484 -0.483398
v -0.006836 0.019531 -0.469727
v -0.006836 0.019531 -0.471680
v -0.006836 0.019531 -0.473633
v -0.006836 0.019531 -0.481445
v -0.006836 0.019531 -0.483398
v -0.006836 0.019531 -0.485352
v -0.006836 0.017578 -0.471680
v -0.006836 0.017578 -0.475586
v -0.006836 0.017578 -0.477539
v -0.006836 0.017578 -0.479492
v -0.006836 0.017578 -0.483398
v -0.006836 0.015625 -0.473633
v -0.006836 0.015625 -0.475586
v -0.006836 0.015625 -0.477539
v -0.006836 0.015625 -0.479492
v -0.006836 0.015625 -0.481445
v -0.006836 0.013672 -0.477539
v -0.008789 0.109375 0.477539
v -0.008789 0.109375 0.487305
v -0.008789 0.109375 -0.473633
v -0.008789 0.109375 -0.483398
v -0.008789 0.080078 0.444336
v -0.008789 0.080078 0.448242
v -0.008789 0.050781 0.477539
v -0.008789 0.050781 0.487305
v -0.008789 0.050781 -0.473633
v -0.008789 0.050781 -0.483398
v -0.008789 0.023438 -0.481445
v -0.008789 0.021484 -0.469727
v -0.008789 0.021484 -0.471680
v -0.008789 0.021484 -0.483398
v -0.008789 0.021484 -0.485352
v -0.008789 0.019531 -0.469727
v -0.008789 0.019531 -0.485352
v -0.008789 0.013672 -0.473633
v -0.008789 0.013672 -0.479492
v -0.008789 0.013672 -0.481445
v -0.008789 0.011719 -0.475586
v -0.008789 0.011719 -0.477539
v -0.008789 0.011719 -0.479492
v -0.010742 0.011719 -0.471680
v -0.010742 0.011719 -0.475586
v -0.010742 0.011719 -0.479492
v -0.010742 0.011719 -0.483398
v -0.010742 0.009766 -0.469727
v -0.010742 0.009766 -0.471680
v -0.010742 0.009766 -0.473633
v -0.010742 0.009766 -0.477539
v -0.010742 0.009766 -0.481445
v -0.010742 0.009766 -0.483398
v -0.010742 0.009766 -0.485352
v -0.012695 0.099609 0.475586
v -0.012695 0.099609 0.489258
v -0.012695 0.099609 -0.471680
v -0.012695 0.099609 -0.483398
v -0.012695 0.060547 0.475586
v -0.012695 0.060547 0.489258
v -0.012695 0.060547 -0.471680
v -0.012695 0.060547 -0.483398
v -0.012695 0.058594 0.477539
v -0.012695 0.058594 0.487305
v -0.012695 0.058594 -0.473633
v -0.012695 0.058594 -0.483398
v -0.012695 0.011719 -0.469727
v -0.012695 0.011719 -0.485352
v -0.012695 0.009766 -0.469727
v -0.012695 0.009766 -0.483398
v -0.012695 0.009766 -0.485352
v -0.012695 0.007812 -0.471680
v -0.012695 0.007812 -0.481445
v -0.014648 0.099609 0.477539
v -0.014648 0.099609 0.487305
v -0.014648 0.099609 -0.473633
v -0.014648 0.099609 -0.483398
v -0.014648 0.025391 -0.469727
v -0.014648 0.025391 -0.471680
v -0.014648 0.025391 -0.481445
v -0.014648 0.025391 -0.483398
v -0.014648 0.023438 -0.469727
v -0.014648 0.023438 -0.485352
v -0.014648 0.011719 -0.469727
v -0.014648 0.011719 -0.485352
v -0.014648 0.009766 -0.469727
v -0.014648 0.009766 -0.481445
v -0.014648 0.009766 -0.483398
v -0.014648 0.009766 -0.485352
v -0.014648 0.007812 -0.471680
v -0.016602 0.089844 0.475586
v -0.016602 0.089844 0.477539
v -0.016602 0.089844 0.487305
v -0.016602 0.089844 0.489258
v -0.016602 0.089844 -0.471680
v -0.016602 0.089844 -0.473633
v -0.016602 0.089844 -0.483398
v -0.016602 0.080078 0.475586
v -0.016602 0.080078 0.489258
v -0.016602 0.080078 -0.471680
v -0.016602 0.080078 -0.483398
v -0.016602 0.070312 0.475586
v -0.016602 0.070312 0.489258
v -0.016602 0.070312 -0.471680
v -0.016602 0.070312 -0.483398
v -0.016602 0.068359 0.477539
v -0.016602 0.068359 0.487305
v -0.016602 0.068359 -0.473633
v -0.016602 0.068359 -0.483398
v -0.018555 0.080078 0.477539
v -0.018555 0.080078 0.487305
v -0.018555 0.080078 -0.473633
v -0.018555 0.080078 -0.483398
v -0.020508 0.013672 -0.469727
v -0.020508 0.013672 -0.485352
v -0.020508 0.011719 -0.469727
v -0.020508 0.011719 -0.483398
v -0.020508 0.011719 -0.485352
v -0.020508 0.009766 -0.471680
v -0.020508 0.009766 -0.481445
v -0.024414 0.029297 -0.469727
v -0.024414 0.029297 -0.471680
v -0.024414 0.029297 -0.481445
v -0.024414 0.029297 -0.483398
v -0.024414 0.029297 -0.485352
v -0.026367 0.027344 -0.469727
v -0.026367 0.027344 -0.485352
v -0.032227 0.175781 0.249023
v -0.032227 0.175781 0.288086
v -0.032227 0.175781 -0.249023
v -0.032227 0.175781 -0.288086
v -0.032227 0.181641 0.249023
v -0.032227 0.181641 0.288086
v -0.032227 0.181641 -0.249023
v -0.032227 0.181641 -0.288086
v -0.032227 0.035156 -0.469727
v -0.032227 0.035156 -0.471680
v -0.032227 0.035156 -0.481445
v -0.032227 0.035156 -0.483398
v -0.032227 0.017578 -0.469727
v -0.032227 0.017578 -0.485352
v -0.032227 0.015625 -0.004883
v -0.032227 0.013672 0.461914
v -0.032227 0.013672 0.465820
v -0.032227 0.013672 -0.004883
v -0.032227 0.013672 -0.459961
v -0.032227 0.013672 -0.463867
v -0.034180 0.175781 0.249023
v -0.034180 0.175781 0.288086
v -0.034180 0.175781 0.290039
v -0.034180 0.175781 -0.249023
v -0.034180 0.175781 -0.288086
v -0.034180 0.175781 -0.290039
v -0.034180 0.181641 0.249023
v -0.034180 0.181641 0.290039
v -0.034180 0.181641 -0.249023
v -0.034180 0.181641 -0.288086
v -0.034180 0.181641 -0.290039
v -0.034180 0.115234 -0.469727
v -0.034180 0.115234 -0.471680
v -0.034180 0.115234 -0.481445
v -0.034180 0.115234 -0.483398
v -0.034180 0.035156 -0.469727
v -0.034180 0.035156 -0.483398
v -0.034180 0.035156 -0.485352
v -0.034180 0.033203 -0.469727
v -0.034180 0.033203 -0.485352
v -0.034180 0.017578 0.465820
v -0.034180 0.017578 -0.004883
v -0.034180 0.017578 -0.465820
v -0.034180 0.017578 -0.469727
v -0.034180 0.017578 -0.483398
v -0.034180 0.015625 -0.469727
v -0.034180 0.015625 -0.471680
v -0.034180 0.015625 -0.481445
v -0.034180 0.015625 -0.483398
v -0.034180 0.013672 0.467773
v -0.034180 0.013672 -0.465820
v -0.034180 0.011719 0.461914
v -0.034180 0.011719 -0.004883
v -0.034180 0.011719 -0.461914
v -0.036133 0.117188 -0.469727
v -0.036133 0.117188 -0.471680
v -0.036133 0.117188 -0.481445
v -0.036133 0.117188 -0.485352
v -0.036133 0.115234 -0.469727
v -0.036133 0.115234 -0.485352
v -0.036133 0.017578 0.469727
v -0.036133 0.017578 -0.467773
v -0.036133 0.013672 0.467773
v -0.036133 0.013672 -0.465820
v -0.036133 0.011719 0.461914
v -0.036133 0.011719 -0.004883
v -0.036133 0.011719 -0.461914
v -0.038086 0.162109 0.489258
v -0.038086 0.162109 -0.487305
v -0.038086 0.169922 0.487305
v -0.038086 0.169922 -0.485352
v -0.038086 0.173828 0.483398
v -0.038086 0.173828 -0.481445
v -0.038086 0.175781 0.475586
v -0.038086 0.175781 -0.002930
v -0.038086 0.175781 -0.473633
v -0.038086 0.130859 0.489258
v -0.038086 0.130859 -0.487305
v -0.038086 0.101562 -0.471680
v -0.038086 0.101562 -0.481445
v -0.038086 0.041016 -0.469727
v -0.038086 0.041016 -0.471680
v -0.038086 0.041016 -0.481445
v -0.038086 0.041016 -0.483398
v -0.038086 0.017578 0.469727
v -0.038086 0.017578 -0.467773
v -0.040039 0.148438 0.465820
v -0.040039 0.148438 -0.004883
v -0.040039 0.148438 -0.463867
v -0.040039 0.185547 0.249023
v -0.040039 0.185547 0.290039
v -0.040039 0.185547 -0.249023
v -0.040039 0.185547 -0.290039
v -0.040039 0.187500 0.249023
v -0.040039 0.187500 0.288086
v -0.040039 0.187500 -0.249023
v -0.040039 0.187500 -0.288086
v -0.040039 0.144531 0.465820
v -0.040039 0.144531 -0.004883
v -0.040039 0.144531 -0.465820
v -0.040039 0.138672 0.465820
v -0.040039 0.138672 -0.004883
v -0.040039 0.138672 -0.465820
v -0.040039 0.130859 0.491211
v -0.040039 0.130859 -0.489258
v -0.040039 0.128906 0.493164
v -0.040039 0.128906 -0.491211
v -0.040039 0.126953 0.495117
v -0.040039 0.126953 -0.493164
v -0.040039 0.117188 0.495117
v -0.040039 0.117188 -0.493164
v -0.040039 0.115234 0.493164
v -0.040039 0.115234 -0.491211
v -0.040039 0.101562 -0.469727
v -0.040039 0.101562 -0.483398
v -0.040039 0.101562 -0.485352
v -0.040039 0.041016 -0.469727
v -0.040039 0.041016 -0.483398
v -0.040039 0.041016 -0.485352
v -0.040039 0.025391 0.465820
v -0.040039 0.025391 0.469727
v -0.040039 0.025391 -0.004883
v -0.040039 0.025391 -0.465820
v -0.040039 0.025391 -0.467773
v -0.041992 0.148438 0.467773
v -0.041992 0.148438 -0.465820
v -0.041992 0.150391 0.461914
v -0.041992 0.150391 -0.004883
v -0.041992 0.150391 -0.461914
v -0.041992 0.167969 0.487305
v -0.041992 0.167969 -0.485352
v -0.041992 0.144531 0.467773
v -0.041992 0.144531 -0.467773
v -0.041992 0.138672 0.469727
v -0.041992 0.138672 -0.467773
v -0.041992 0.101562 -0.469727
v -0.041992 0.101562 -0.485352
v -0.041992 0.048828 -0.469727
v -0.041992 0.048828 -0.471680
v -0.041992 0.048828 -0.481445
v -0.041992 0.048828 -0.483398
v -0.041992 0.023438 -0.469727
v -0.041992 0.023438 -0.485352
v -0.043945 0.148438 0.467773
v -0.043945 0.148438 -0.465820
v -0.043945 0.150391 0.461914
v -0.043945 0.150391 -0.004883
v -0.043945 0.150391 -0.459961
v -0.043945 0.166016 0.487305
v -0.043945 0.166016 -0.485352
v -0.043945 0.171875 0.483398
v -0.043945 0.171875 -0.481445
v -0.043945 0.144531 0.469727
v -0.043945 0.144531 -0.467773
v -0.043945 0.138672 0.469727
v -0.043945 0.138672 -0.467773
v -0.043945 0.085938 -0.469727
v -0.043945 0.085938 -0.483398
v -0.043945 0.083984 -0.469727
v -0.043945 0.083984 -0.471680
v -0.043945 0.083984 -0.481445
v -0.043945 0.083984 -0.483398
v -0.043945 0.048828 -0.469727
v -0.043945 0.048828 -0.483398
v -0.043945 0.048828 -0.485352
v -0.043945 0.027344 0.469727
v -0.043945 0.027344 -0.467773
v -0.043945 0.023438 -0.469727
v -0.043945 0.023438 -0.471680
v -0.043945 0.023438 -0.481445
v -0.043945 0.023438 -0.483398
v -0.043945 0.023438 -0.485352
v -0.045898 0.162109 0.487305
v -0.045898 0.162109 -0.485352
v -0.045898 0.173828 0.475586
v -0.045898 0.173828 -0.002930
v -0.045898 0.173828 -0.473633
v -0.045898 0.130859 0.487305
v -0.045898 0.130859 0.489258
v -0.045898 0.130859 -0.485352
v -0.045898 0.130859 -0.487305
v -0.045898 0.085938 -0.469727
v -0.045898 0.085938 -0.485352
v -0.045898 0.083984 0.469727
v -0.045898 0.068359 -0.469727
v -0.045898 0.068359 -0.471680
v -0.045898 0.068359 -0.481445
v -0.045898 0.068359 -0.483398
v -0.045898 0.068359 -0.485352
v -0.045898 0.056641 -0.469727
v -0.045898 0.056641 -0.471680
v -0.045898 0.056641 -0.481445
v -0.045898 0.056641 -0.483398
v -0.045898 0.056641 -0.485352
v -0.047852 0.167969 0.483398
v -0.047852 0.167969 -0.481445
v -0.047852 0.175781 0.249023
v -0.047852 0.175781 0.288086
v -0.047852 0.175781 0.290039
v -0.047852 0.175781 -0.249023
v -0.047852 0.175781 -0.288086
v -0.047852 0.175781 -0.290039
v -0.047852 0.128906 0.493164
v -0.047852 0.128906 -0.489258
v -0.047852 0.126953 0.493164
v -0.047852 0.126953 -0.491211
v -0.047852 0.117188 0.493164
v -0.047852 0.117188 -0.491211
v -0.047852 0.115234 0.491211
v -0.047852 0.115234 -0.489258
v -0.047852 0.068359 -0.469727
v -0.047852 0.068359 -0.485352
v -0.047852 0.056641 -0.469727
v -0.047852 0.056641 -0.485352
v -0.049805 0.162109 0.475586
v -0.049805 0.162109 0.483398
v -0.049805 0.162109 -0.002930
v -0.049805 0.162109 -0.473633
v -0.049805 0.162109 -0.481445
v -0.049805 0.169922 0.475586
v -0.049805 0.169922 -0.002930
v -0.049805 0.169922 -0.473633
v -0.049805 0.130859 0.475586
v -0.049805 0.130859 0.483398
v -0.049805 0.130859 0.487305
v -0.049805 0.130859 -0.002930
v -0.049805 0.130859 -0.473633
v -0.049805 0.130859 -0.481445
v -0.049805 0.130859 -0.485352
v -0.049805 0.117188 -0.469727
v -0.049805 0.117188 -0.483398
v -0.049805 0.117188 -0.485352
v -0.051758 0.130859 0.483398
v -0.051758 0.130859 -0.481445
v -0.051758 0.128906 0.489258
v -0.051758 0.128906 -0.487305
v -0.051758 0.126953 0.489258
v -0.051758 0.126953 -0.487305
v -0.051758 0.117188 -0.469727
v -0.051758 0.117188 -0.471680
v -0.051758 0.117188 -0.481445
v -0.051758 0.117188 -0.483398
v -0.051758 0.115234 0.489258
v -0.051758 0.115234 -0.487305
v -0.051758 0.033203 -0.469727
v -0.051758 0.033203 -0.485352
v -0.051758 0.031250 -0.469727
v -0.051758 0.031250 -0.471680
v -0.051758 0.031250 -0.481445
v -0.051758 0.031250 -0.483398
v -0.051758 0.031250 -0.485352
v -0.053711 0.154297 0.249023
v -0.053711 0.154297 0.288086
v -0.053711 0.154297 -0.249023
v -0.053711 0.154297 -0.288086
v -0.053711 0.169922 0.249023
v -0.053711 0.169922 0.288086
v -0.053711 0.169922 0.290039
v -0.053711 0.169922 -0.249023
v -0.053711 0.169922 -0.288086
v -0.053711 0.130859 0.477539
v -0.053711 0.130859 -0.002930
v -0.053711 0.130859 -0.475586
v -0.053711 0.128906 0.485352
v -0.053711 0.128906 -0.483398
v -0.053711 0.117188 0.489258
v -0.053711 0.117188 -0.487305
v -0.053711 0.115234 0.485352
v -0.053711 0.115234 -0.483398
v -0.053711 0.107422 -0.469727
v -0.053711 0.107422 -0.485352
v -0.053711 0.105469 -0.469727
v -0.053711 0.105469 -0.485352
v -0.055664 0.154297 0.249023
v -0.055664 0.154297 0.288086
v -0.055664 0.154297 -0.249023
v -0.055664 0.154297 -0.288086
v -0.055664 0.156250 0.249023
v -0.055664 0.156250 0.290039
v -0.055664 0.156250 -0.249023
v -0.055664 0.156250 -0.290039
v -0.055664 0.169922 0.249023
v -0.055664 0.169922 0.290039
v -0.055664 0.169922 -0.249023
v -0.055664 0.169922 -0.290039
v -0.055664 0.128906 0.477539
v -0.055664 0.128906 -0.002930
v -0.055664 0.128906 -0.475586
v -0.055664 0.126953 0.485352
v -0.055664 0.126953 -0.483398
v -0.055664 0.117188 0.485352
v -0.055664 0.117188 -0.483398
v -0.055664 0.115234 0.477539
v -0.055664 0.115234 -0.002930
v -0.055664 0.115234 -0.475586
v -0.055664 0.107422 -0.469727
v -0.055664 0.107422 -0.471680
v -0.055664 0.107422 -0.481445
v -0.055664 0.107422 -0.483398
v -0.057617 0.148438 0.456055
v -0.057617 0.148438 -0.004883
v -0.057617 0.148438 -0.456055
v -0.057617 0.154297 0.249023
v -0.057617 0.154297 0.288086
v -0.057617 0.154297 -0.249023
v -0.057617 0.154297 -0.288086
v -0.057617 0.156250 0.249023
v -0.057617 0.156250 0.290039
v -0.057617 0.156250 -0.249023
v -0.057617 0.156250 -0.290039
v -0.057617 0.146484 0.461914
v -0.057617 0.146484 -0.459961
v -0.057617 0.126953 0.477539
v -0.057617 0.126953 -0.002930
v -0.057617 0.126953 -0.475586
v -0.057617 0.117188 0.477539
v -0.057617 0.117188 -0.002930
v -0.057617 0.117188 -0.475586
v -0.057617 0.148708 0.250977
v -0.057617 0.148708 0.286133
v -0.057617 0.148708 0.288086
v -0.057617 0.148708 -0.250977
v -0.057617 0.148708 -0.286133
v -0.057617 0.148708 -0.288086
v -0.057617 0.146755 0.250977
v -0.057617 0.146755 0.286133
v -0.057617 0.146755 -0.250977
v -0.057617 0.146755 -0.286133
v -0.057617 0.042969 -0.469727
v -0.057617 0.042969 -0.485352
v -0.059570 0.146484 0.456055
v -0.059570 0.146484 -0.004883
v -0.059570 0.146484 -0.454102
v -0.059570 0.144531 0.459961
v -0.059570 0.144531 -0.458008
v -0.059570 0.142578 0.463867
v -0.059570 0.142578 -0.461914
v -0.059570 0.087891 -0.469727
v -0.059570 0.087891 -0.485352
v -0.059570 0.042969 -0.469727
v -0.059570 0.042969 -0.471680
v -0.059570 0.042969 -0.481445
v -0.059570 0.042969 -0.483398
v -0.059570 0.023438 0.461914
v -0.059570 0.023438 -0.461914
v -0.059570 0.021484 0.463867
v -0.059570 0.019531 0.456055
v -0.059570 0.019531 0.461914
v -0.059570 0.019531 -0.456055
v -0.059570 0.019531 -0.459961
v -0.059570 0.005859 0.463867
v -0.059570 0.005859 0.467773
v -0.059570 0.003906 0.463867
v -0.059570 0.003906 0.495117
v -0.059570 0.003906 0.499023
v -0.059570 0.001953 0.467773
v -0.059570 0.001953 0.495117
v -0.059570 0.001953 0.499023
v -0.061523 0.146484 0.454102
v -0.061523 0.146484 -0.004883
v -0.061523 0.146484 -0.454102
v -0.061523 0.144531 0.459961
v -0.061523 0.144531 -0.458008
v -0.061523 0.142578 0.461914
v -0.061523 0.142578 -0.459961
v -0.061523 0.136719 0.463867
v -0.061523 0.136719 -0.461914
v -0.061523 0.087891 -0.469727
v -0.061523 0.087891 -0.471680
v -0.061523 0.087891 -0.481445
v -0.061523 0.087891 -0.483398
v -0.061523 0.068359 -0.485352
v -0.061523 0.066406 -0.469727
v -0.061523 0.066406 -0.485352
v -0.061523 0.054688 -0.469727
v -0.061523 0.054688 -0.485352
v -0.061523 0.052734 -0.469727
v -0.061523 0.052734 -0.483398
v -0.061523 0.037109 0.467773
v -0.061523 0.037109 0.497070
v -0.061523 0.035156 0.465820
v -0.061523 0.035156 0.467773
v -0.061523 0.035156 0.497070
v -0.061523 0.035156 0.499023
v -0.061523 0.029297 0.461914
v -0.061523 0.029297 0.463867
v -0.061523 0.029297 -0.461914
v -0.061523 0.025391 0.459961
v -0.061523 0.025391 -0.459961
v -0.061523 0.023438 0.461914
v -0.061523 0.023438 0.463867
v -0.061523 0.023438 -0.459961
v -0.061523 0.021484 0.458008
v -0.061523 0.021484 0.459961
v -0.061523 0.021484 -0.458008
v -0.061523 0.019531 0.454102
v -0.061523 0.019531 0.456055
v -0.061523 0.019531 -0.004883
v -0.061523 0.019531 -0.454102
v -0.061523 0.017578 0.463867
v -0.061523 0.005859 0.463867
v -0.061523 0.003906 0.463867
v -0.061523 0.003906 0.499023
v -0.061523 0.001953 0.463867
v -0.061523 0.001953 0.467773
v -0.061523 0.001953 0.495117
v -0.061523 0.001953 0.499023
v -0.063477 0.185547 0.249023
v -0.063477 0.185547 0.290039
v -0.063477 0.185547 -0.249023
v -0.063477 0.185547 -0.290039
v -0.063477 0.187500 0.249023
v -0.063477 0.187500 0.288086
v -0.063477 0.187500 -0.249023
v -0.063477 0.187500 -0.288086
v -0.063477 0.140625 0.459961
v -0.063477 0.140625 -0.459961
v -0.063477 0.136719 0.461914
v -0.063477 0.136719 -0.459961
v -0.063477 0.068359 -0.481445
v -0.063477 0.068359 -0.483398
v -0.063477 0.066406 -0.469727
v -0.063477 0.066406 -0.471680
v -0.063477 0.052734 -0.469727
v -0.063477 0.052734 -0.471680
v -0.063477 0.052734 -0.481445
v -0.063477 0.052734 -0.483398
v -0.063477 0.037109 0.465820
v -0.063477 0.037109 0.499023
v -0.063477 0.035156 0.463867
v -0.063477 0.035156 0.499023
v -0.063477 0.031250 0.461914
v -0.063477 0.031250 -0.459961
v -0.063477 0.027344 0.463867
v -0.063477 0.013672 0.463867
v -0.065430 0.146484 0.454102
v -0.065430 0.146484 -0.452148
v -0.065430 0.144531 0.458008
v -0.065430 0.144531 -0.456055
v -0.065430 0.064453 -0.458008
v -0.065430 0.064453 -0.495117
v -0.065430 0.039062 0.467773
v -0.065430 0.039062 0.497070
v -0.065430 0.037109 0.465820
v -0.065430 0.037109 0.499023
v -0.065430 0.035156 0.463867
v -0.065430 0.035156 0.499023
v -0.065430 0.029297 0.463867
v -0.065430 0.027344 0.458008
v -0.065430 0.027344 -0.456055
v -0.065430 0.023438 0.456055
v -0.065430 0.023438 -0.454102
v -0.065430 0.021484 0.452148
v -0.065430 0.021484 -0.450195
v -0.065430 0.011719 0.463867
v -0.065430 0.001953 0.463867
v -0.065430 0.001953 0.499023
v -0.065430 0.000000 0.467773
v -0.065430 0.000000 0.495117
v -0.065430 0.000000 0.499023
v -0.067383 0.185547 0.249023
v -0.067383 0.185547 0.288086
v -0.067383 0.185547 0.290039
v -0.067383 0.185547 -0.249023
v -0.067383 0.185547 -0.288086
v -0.067383 0.185547 -0.290039
v -0.067383 0.144531 -0.004883
v -0.067383 0.140625 0.458008
v -0.067383 0.140625 -0.456055
v -0.067383 0.134766 0.458008
v -0.067383 0.134766 -0.456055
v -0.067383 0.072266 -0.458008
v -0.067383 0.072266 -0.495117
v -0.067383 0.064453 -0.456055
v -0.067383 0.056641 -0.458008
v -0.067383 0.056641 -0.495117
v -0.067383 0.031250 0.458008
v -0.067383 0.031250 -0.458008
v -0.067383 0.027344 0.452148
v -0.067383 0.027344 -0.450195
v -0.067383 0.023438 0.450195
v -0.067383 0.023438 -0.004883
v -0.067383 0.023438 -0.450195
v -0.069336 0.173828 0.249023
v -0.069336 0.173828 0.290039
v -0.069336 0.173828 -0.249023
v -0.069336 0.173828 -0.290039
v -0.069336 0.179688 0.249023
v -0.069336 0.179688 0.290039
v -0.069336 0.179688 -0.249023
v -0.069336 0.179688 -0.290039
v -0.069336 0.183594 0.249023
v -0.069336 0.183594 0.288086
v -0.069336 0.183594 0.290039
v -0.069336 0.183594 -0.249023
v -0.069336 0.183594 -0.288086
v -0.069336 0.183594 -0.290039
v -0.069336 0.140625 0.452148
v -0.069336 0.140625 -0.004883
v -0.069336 0.140625 -0.452148
v -0.069336 0.148708 0.250977
v -0.069336 0.148708 0.288086
v -0.069336 0.148708 -0.250977
v -0.069336 0.148708 -0.288086
v -0.069336 0.146755 0.250977
v -0.069336 0.146755 0.286133
v -0.069336 0.146755 -0.250977
v -0.069336 0.146755 -0.286133
v -0.069336 0.072266 -0.456055
v -0.069336 0.070312 -0.499023
v -0.069336 0.064453 -0.499023
v -0.069336 0.058594 -0.456055
v -0.069336 0.058594 -0.499023
v -0.069336 0.033203 0.454102
v -0.069336 0.033203 -0.452148
v -0.069336 0.029297 0.463867
v -0.069336 0.027344 -0.004883
v -0.069336 0.011719 0.463867
v -0.071289 0.154297 0.266602
v -0.071289 0.154297 0.270508
v -0.071289 0.154297 -0.266602
v -0.071289 0.154297 -0.268555
v -0.071289 0.154297 -0.270508
v -0.071289 0.156250 0.264648
v -0.071289 0.156250 0.266602
v -0.071289 0.156250 0.272461
v -0.071289 0.156250 0.274414
v -0.071289 0.156250 -0.264648
v -0.071289 0.156250 -0.272461
v -0.071289 0.158203 0.264648
v -0.071289 0.158203 0.274414
v -0.071289 0.158203 -0.264648
v -0.071289 0.158203 -0.274414
v -0.071289 0.160156 0.264648
v -0.071289 0.160156 0.274414
v -0.071289 0.160156 -0.264648
v -0.071289 0.160156 -0.272461
v -0.071289 0.162109 0.266602
v -0.071289 0.162109 0.272461
v -0.071289 0.162109 -0.266602
v -0.071289 0.162109 -0.272461
v -0.071289 0.164062 0.268555
v -0.071289 0.164062 0.270508
v -0.071289 0.164062 -0.268555
v -0.071289 0.164062 -0.270508
v -0.071289 0.173828 0.249023
v -0.071289 0.173828 0.288086
v -0.071289 0.173828 -0.249023
v -0.071289 0.173828 -0.288086
v -0.071289 0.179688 0.249023
v -0.071289 0.179688 0.288086
v -0.071289 0.179688 -0.249023
v -0.071289 0.179688 -0.288086
v -0.071289 0.136719 -0.004883
v -0.071289 0.134766 0.452148
v -0.071289 0.134766 -0.452148
v -0.071289 0.132812 0.436523
v -0.071289 0.132812 0.438477
v -0.071289 0.132812 -0.434570
v -0.071289 0.132812 -0.436523
v -0.071289 0.130859 0.432617
v -0.071289 0.130859 0.434570
v -0.071289 0.130859 0.440430
v -0.071289 0.130859 0.442383
v -0.071289 0.130859 -0.004883
v -0.071289 0.130859 -0.432617
v -0.071289 0.130859 -0.438477
v -0.071289 0.130859 -0.440430
v -0.071289 0.128906 0.432617
v -0.071289 0.128906 0.442383
v -0.071289 0.128906 -0.430664
v -0.071289 0.128906 -0.440430
v -0.071289 0.126953 0.432617
v -0.071289 0.126953 0.442383
v -0.071289 0.126953 -0.432617
v -0.071289 0.126953 -0.440430
v -0.071289 0.125000 0.434570
v -0.071289 0.125000 0.440430
v -0.071289 0.125000 -0.432617
v -0.071289 0.125000 -0.438477
v -0.071289 0.123047 0.434570
v -0.071289 0.123047 0.436523
v -0.071289 0.123047 0.438477
v -0.071289 0.123047 -0.434570
v -0.071289 0.123047 -0.436523
v -0.071289 0.123047 -0.438477
v -0.071289 0.117188 0.268555
v -0.071289 0.117188 0.270508
v -0.071289 0.117188 -0.268555
v -0.071289 0.117188 -0.270508
v -0.071289 0.115234 0.266602
v -0.071289 0.115234 0.272461
v -0.071289 0.115234 -0.266602
v -0.071289 0.115234 -0.272461
v -0.071289 0.113281 0.264648
v -0.071289 0.113281 0.274414
v -0.071289 0.113281 -0.264648
v -0.071289 0.113281 -0.272461
v -0.071289 0.111328 0.264648
v -0.071289 0.111328 0.274414
v -0.071289 0.111328 -0.264648
v -0.071289 0.111328 -0.274414
v -0.071289 0.109375 0.264648
v -0.071289 0.109375 0.266602
v -0.071289 0.109375 0.272461
v -0.071289 0.109375 0.274414
v -0.071289 0.109375 -0.264648
v -0.071289 0.109375 -0.272461
v -0.071289 0.107422 0.266602
v -0.071289 0.107422 0.270508
v -0.071289 0.107422 -0.266602
v -0.071289 0.107422 -0.268555
v -0.071289 0.107422 -0.270508
v -0.071289 0.148708 0.250977
v -0.071289 0.148708 0.286133
v -0.071289 0.148708 0.288086
v -0.071289 0.148708 -0.250977
v -0.071289 0.148708 -0.286133
v -0.071289 0.148708 -0.288086
v -0.071289 0.078125 -0.458008
v -0.071289 0.078125 -0.495117
v -0.071289 0.050781 -0.458008
v -0.071289 0.050781 -0.495117
v -0.071289 0.042969 0.434570
v -0.071289 0.042969 0.436523
v -0.071289 0.042969 0.438477
v -0.071289 0.042969 0.440430
v -0.071289 0.042969 -0.432617
v -0.071289 0.042969 -0.434570
v -0.071289 0.042969 -0.436523
v -0.071289 0.042969 -0.438477
v -0.071289 0.041016 0.432617
v -0.071289 0.041016 0.442383
v -0.071289 0.041016 -0.004883
v -0.071289 0.041016 -0.432617
v -0.071289 0.041016 -0.440430
v -0.071289 0.039062 0.432617
v -0.071289 0.039062 0.442383
v -0.071289 0.039062 -0.430664
v -0.071289 0.039062 -0.440430
v -0.071289 0.037109 0.432617
v -0.071289 0.037109 0.442383
v -0.071289 0.037109 -0.432617
v -0.071289 0.037109 -0.440430
v -0.071289 0.035156 0.434570
v -0.071289 0.035156 0.436523
v -0.071289 0.035156 0.438477
v -0.071289 0.035156 0.440430
v -0.071289 0.035156 -0.432617
v -0.071289 0.035156 -0.434570
v -0.071289 0.035156 -0.436523
v -0.071289 0.035156 -0.438477
v -0.071289 0.033203 -0.004883
v -0.071289 0.001953 0.463867
v -0.071289 0.001953 0.499023
v -0.071289 0.000000 0.463867
v -0.071289 0.000000 0.467773
v -0.071289 0.000000 0.495117
v -0.071289 0.000000 0.499023
v -0.073242 0.154297 0.270508
v -0.073242 0.154297 -0.268555
v -0.073242 0.156250 0.266602
v -0.073242 0.156250 0.270508
v -0.073242 0.156250 -0.266602
v -0.073242 0.156250 -0.268555
v -0.073242 0.156250 -0.270508
v -0.073242 0.156250 -0.272461
v -0.073242 0.158203 0.266602
v -0.073242 0.158203 0.272461
v -0.073242 0.158203 -0.270508
v -0.073242 0.160156 0.266602
v -0.073242 0.160156 0.270508
v -0.073242 0.160156 0.272461
v -0.073242 0.160156 -0.266602
v -0.073242 0.160156 -0.270508
v -0.073242 0.160156 -0.272461
v -0.073242 0.162109 0.266602
v -0.073242 0.162109 0.268555
v -0.073242 0.162109 -0.268555
v -0.073242 0.130859 0.436523
v -0.073242 0.130859 0.438477
v -0.073242 0.130859 -0.432617
v -0.073242 0.130859 -0.434570
v -0.073242 0.130859 -0.436523
v -0.073242 0.130859 -0.438477
v -0.073242 0.128906 0.434570
v -0.073242 0.128906 0.438477
v -0.073242 0.128906 0.440430
v -0.073242 0.128906 -0.432617
v -0.073242 0.126953 0.434570
v -0.073242 0.126953 0.440430
v -0.073242 0.126953 -0.432617
v -0.073242 0.126953 -0.438477
v -0.073242 0.126953 -0.440430
v -0.073242 0.125000 0.434570
v -0.073242 0.125000 0.438477
v -0.073242 0.125000 -0.434570
v -0.073242 0.125000 -0.438477
v -0.073242 0.115234 0.266602
v -0.073242 0.115234 0.268555
v -0.073242 0.115234 -0.268555
v -0.073242 0.113281 0.266602
v -0.073242 0.113281 0.270508
v -0.073242 0.113281 0.272461
v -0.073242 0.113281 -0.266602
v -0.073242 0.113281 -0.270508
v -0.073242 0.113281 -0.272461
v -0.073242 0.111328 0.266602
v -0.073242 0.111328 0.272461
v -0.073242 0.111328 -0.266602
v -0.073242 0.111328 -0.270508
v -0.073242 0.109375 0.266602
v -0.073242 0.109375 0.270508
v -0.073242 0.109375 -0.266602
v -0.073242 0.109375 -0.268555
v -0.073242 0.109375 -0.270508
v -0.073242 0.109375 -0.272461
v -0.073242 0.107422 0.270508
v -0.073242 0.107422 -0.268555
v -0.073242 0.076172 -0.456055
v -0.073242 0.076172 -0.499023
v -0.073242 0.070312 -0.499023
v -0.073242 0.064453 -0.499023
v -0.073242 0.060547 -0.499023
v -0.073242 0.052734 -0.456055
v -0.073242 0.052734 -0.499023
v -0.073242 0.042969 0.438477
v -0.073242 0.042969 -0.432617
v -0.073242 0.041016 0.434570
v -0.073242 0.041016 0.436523
v -0.073242 0.041016 0.438477
v -0.073242 0.041016 0.440430
v -0.073242 0.041016 -0.432617
v -0.073242 0.041016 -0.434570
v -0.073242 0.041016 -0.436523
v -0.073242 0.041016 -0.438477
v -0.073242 0.039062 0.434570
v -0.073242 0.039062 -0.440430
v -0.073242 0.037109 0.434570
v -0.073242 0.037109 0.436523
v -0.073242 0.037109 0.440430
v -0.073242 0.037109 -0.432617
v -0.073242 0.037109 -0.438477
v -0.073242 0.035156 0.434570
v -0.073242 0.035156 0.438477
v -0.073242 0.035156 -0.434570
v -0.073242 0.035156 -0.438477
v -0.073242 0.029297 0.463867
v -0.073242 0.011719 0.463867
v -0.075195 0.158203 0.268555
v -0.075195 0.158203 -0.266602
v -0.075195 0.158203 -0.268555
v -0.075195 0.128906 0.436523
v -0.075195 0.128906 -0.436523
v -0.075195 0.126953 -0.434570
v -0.075195 0.125000 0.436523
v -0.075195 0.111328 0.268555
v -0.075195 0.111328 -0.268555
v -0.075195 0.068359 -0.454102
v -0.075195 0.064453 -0.454102
v -0.075195 0.060547 -0.454102
v -0.075195 0.054688 -0.499023
v -0.075195 0.039062 0.436523
v -0.075195 0.039062 -0.434570
v -0.075195 0.039062 -0.436523
v -0.075195 0.035156 0.463867
v -0.075195 0.035156 0.499023
v -0.075195 0.027344 0.463867
v -0.075195 0.013672 0.463867
v -0.075195 0.001953 0.463867
v -0.075195 0.001953 0.499023
v -0.075195 0.000000 0.467773
v -0.075195 0.000000 0.495117
v -0.075195 0.000000 0.499023
v -0.077148 0.082031 -0.458008
v -0.077148 0.082031 -0.495117
v -0.077148 0.074219 -0.499023
v -0.077148 0.072266 -0.454102
v -0.077148 0.068359 -0.002930
v -0.077148 0.064453 -0.002930
v -0.077148 0.060547 -0.002930
v -0.077148 0.056641 -0.454102
v -0.077148 0.046875 -0.458008
v -0.077148 0.046875 -0.495117
v -0.077148 0.039062 0.467773
v -0.077148 0.039062 0.497070
v -0.077148 0.037109 0.465820
v -0.077148 0.037109 0.499023
v -0.077148 0.023438 0.463867
v -0.077148 0.021484 0.463867
v -0.077148 0.017578 0.463867
v -0.079102 0.080078 -0.456055
v -0.079102 0.080078 -0.499023
v -0.079102 0.070312 -0.002930
v -0.079102 0.058594 -0.002930
v -0.079102 0.048828 -0.456055
v -0.079102 0.048828 -0.499023
v -0.079102 0.037109 0.465820
v -0.079102 0.037109 0.467773
v -0.079102 0.037109 0.497070
v -0.079102 0.037109 0.499023
v -0.079102 0.035156 0.463867
v -0.079102 0.035156 0.465820
v -0.079102 0.035156 0.499023
v -0.079102 0.003906 0.463867
v -0.079102 0.003906 0.499023
v -0.079102 0.001953 0.463867
v -0.079102 0.001953 0.467773
v -0.079102 0.001953 0.495117
v -0.079102 0.001953 0.499023
v -0.081055 0.076172 -0.499023
v -0.081055 0.074219 -0.454102
v -0.081055 0.072266 -0.002930
v -0.081055 0.056641 -0.002930
v -0.081055 0.054688 -0.454102
v -0.081055 0.052734 -0.499023
v -0.081055 0.035156 0.467773
v -0.081055 0.035156 0.497070
v -0.081055 0.005859 0.463867
v -0.081055 0.003906 0.463867
v -0.081055 0.003906 0.499023
v -0.081055 0.001953 0.467773
v -0.081055 0.001953 0.495117
v -0.081055 0.001953 0.499023
v -0.083008 0.005859 0.467773
v -0.083008 0.003906 0.495117
v -0.084961 0.083984 -0.458008
v -0.084961 0.083984 -0.495117
v -0.084961 0.082031 -0.456055
v -0.084961 0.082031 -0.499023
v -0.084961 0.078125 -0.499023
v -0.084961 0.074219 -0.002930
v -0.084961 0.074219 -0.454102
v -0.084961 0.054688 -0.002930
v -0.084961 0.054688 -0.454102
v -0.084961 0.050781 -0.499023
v -0.084961 0.046875 -0.456055
v -0.084961 0.046875 -0.499023
v -0.084961 0.044922 -0.458008
v -0.084961 0.044922 -0.495117
v -0.088867 0.074219 -0.454102
v -0.088867 0.072266 -0.002930
v -0.088867 0.056641 -0.002930
v -0.088867 0.054688 -0.454102
v -0.090820 0.076172 -0.499023
v -0.090820 0.070312 -0.002930
v -0.090820 0.058594 -0.002930
v -0.090820 0.052734 -0.499023
v -0.090820 0.048828 -0.499023
v -0.092773 0.082031 -0.458008
v -0.092773 0.082031 -0.495117
v -0.092773 0.080078 -0.456055
v -0.092773 0.080078 -0.499023
v -0.092773 0.072266 -0.454102
v -0.092773 0.056641 -0.454102
v -0.092773 0.048828 -0.456055
v -0.092773 0.046875 -0.458008
v -0.092773 0.046875 -0.495117
v -0.094727 0.074219 -0.499023
v -0.094727 0.068359 -0.002930
v -0.094727 0.068359 -0.454102
v -0.094727 0.064453 -0.002930
v -0.094727 0.060547 -0.002930
v -0.094727 0.060547 -0.454102
v -0.094727 0.054688 -0.499023
v -0.096680 0.076172 -0.499023
v -0.096680 0.070312 -0.499023
v -0.096680 0.064453 -0.454102
v -0.096680 0.058594 -0.499023
v -0.096680 0.052734 -0.456055
v -0.096680 0.052734 -0.499023
v -0.098633 0.078125 -0.458008
v -0.098633 0.078125 -0.495117
v -0.098633 0.076172 -0.456055
v -0.098633 0.064453 -0.499023
v -0.098633 0.050781 -0.458008
v -0.098633 0.050781 -0.495117
v -0.100586 0.070312 -0.499023
v -0.100586 0.058594 -0.499023
v -0.102539 0.072266 -0.458008
v -0.102539 0.072266 -0.495117
v -0.102539 0.070312 -0.456055
v -0.102539 0.064453 -0.456055
v -0.102539 0.064453 -0.499023
v -0.102539 0.058594 -0.456055
v -0.102539 0.056641 -0.458008
v -0.102539 0.056641 -0.495117
v -0.104492 0.064453 -0.458008
v -0.104492 0.064453 -0.495117
vt 0.589844 0.316895
vt 0.588135 0.321289
vt 0.570312 0.314941
vt 0.571045 0.311279
vt 0.553955 0.307373
vt 0.594727 0.245361
vt 0.552246 0.310791
vt 0.668945 0.315674
vt 0.656250 0.325439
vt 0.640869 0.336426
vt 0.537598 0.301270
vt 0.565430 0.332275
vt 0.534912 0.306152
vt 0.519775 0.297852
vt 0.502441 0.293457
vt 0.495850 0.276123
vt 0.518555 0.301514
vt 0.501709 0.296631
vt 0.514160 0.320312
vt 0.498047 0.315674
vt 0.498047 0.319092
vt 0.530762 0.324951
vt 0.547363 0.328369
vt 0.529541 0.330078
vt 0.514160 0.324463
vt 0.500732 0.339355
vt 0.482178 0.321289
vt 0.486816 0.335449
vt 0.515137 0.342773
vt 0.487305 0.385742
vt 0.473145 0.385742
vt 0.459717 0.385254
vt 0.501465 0.390137
vt 0.471680 0.393311
vt 0.457764 0.391846
vt 0.457031 0.396729
vt 0.470215 0.398438
vt 0.483154 0.394775
vt 0.484619 0.401367
vt 0.484375 0.387207
vt 0.497070 0.398193
vt 0.497070 0.402832
vt 0.499268 0.391357
vt 0.510254 0.400879
vt 0.509521 0.406006
vt 0.512207 0.390869
vt 0.514893 0.392334
vt 0.529297 0.394775
vt 0.526855 0.402100
vt 0.524170 0.407227
vt 0.529297 0.347168
vt 0.541260 0.407227
vt 0.538330 0.412109
vt 0.550293 0.417236
vt 0.544678 0.349365
vt 0.546631 0.332031
vt 0.564209 0.336182
vt 0.560791 0.354736
vt 0.545654 0.398438
vt 0.543457 0.400879
vt 0.577058 0.357380
vt 0.552979 0.412109
vt 0.557617 0.403564
vt 0.554932 0.405518
vt 0.567383 0.416748
vt 0.565674 0.422363
vt 0.569092 0.409912
vt 0.572266 0.408447
vt 0.586670 0.413330
vt 0.584473 0.420410
vt 0.581299 0.428467
vt 0.591760 0.362512
vt 0.596924 0.426758
vt 0.596436 0.432617
vt 0.605957 0.441162
vt 0.610352 0.434814
vt 0.599854 0.419189
vt 0.613525 0.429443
vt 0.614502 0.426758
vt 0.603516 0.367920
vt 0.616943 0.372559
vt 0.631348 0.376831
vt 0.640625 0.368896
vt 0.627197 0.360352
vt 0.629883 0.357910
vt 0.612549 0.354980
vt 0.614502 0.351562
vt 0.596924 0.349365
vt 0.583252 0.341309
vt 0.600098 0.343994
vt 0.583496 0.336914
vt 0.623291 0.335205
vt 0.605469 0.327637
vt 0.607422 0.322021
vt 0.625488 0.332031
vt 0.639160 0.340088
vt 0.647461 0.354492
vt 0.656982 0.334473
vt 0.655273 0.043213
vt 0.657227 0.041260
vt 0.663330 0.041504
vt 0.664795 0.045654
vt 0.672852 0.044678
vt 0.672119 0.041992
vt 0.663818 0.049316
vt 0.679688 0.040039
vt 0.654297 0.046875
vt 0.680420 0.042725
vt 0.689941 0.040283
vt 0.690918 0.044189
vt 0.679688 0.047852
vt 0.671875 0.049072
vt 0.662354 0.050537
vt 0.670410 0.051270
vt 0.686768 0.072266
vt 0.694336 0.070068
vt 0.651855 0.073730
vt 0.659180 0.076904
vt 0.643799 0.070312
vt 0.636230 0.066895
vt 0.649902 0.073975
vt 0.658203 0.079346
vt 0.656006 0.085693
vt 0.645996 0.082031
vt 0.640381 0.078125
vt 0.630859 0.075195
vt 0.645752 0.084961
vt 0.638916 0.081055
vt 0.655518 0.087646
vt 0.630127 0.076904
vt 0.619629 0.072266
vt 0.620605 0.070312
vt 0.634766 0.090088
vt 0.625977 0.085938
vt 0.615479 0.081055
vt 0.625000 0.087646
vt 0.614746 0.082764
vt 0.633789 0.093262
vt 0.642822 0.097168
vt 0.644287 0.095215
vt 0.653809 0.099121
vt 0.652832 0.096924
vt 0.664062 0.100830
vt 0.667969 0.086426
vt 0.664795 0.098145
vt 0.674805 0.097656
vt 0.679443 0.094727
vt 0.690186 0.094238
vt 0.711914 0.086914
vt 0.696777 0.082031
vt 0.709229 0.077637
vt 0.687012 0.080566
vt 0.696777 0.080078
vt 0.708496 0.075684
vt 0.702148 0.067871
vt 0.356689 0.070801
vt 0.363037 0.063477
vt 0.361328 0.071045
vt 0.359375 0.078369
vt 0.356201 0.079102
vt 0.359619 0.085205
vt 0.352295 0.078857
vt 0.353027 0.070557
vt 0.356445 0.085938
vt 0.357910 0.093506
vt 0.361084 0.093018
vt 0.354248 0.094482
vt 0.352051 0.085693
vt 0.351562 0.093994
vt 0.350586 0.069580
vt 0.349365 0.061768
vt 0.326416 0.073242
vt 0.327393 0.080322
vt 0.351562 0.077148
vt 0.350342 0.086426
vt 0.323974 0.084229
vt 0.325205 0.088252
vt 0.319580 0.074707
vt 0.321777 0.097656
vt 0.314209 0.082520
vt 0.315430 0.091797
vt 0.312988 0.080078
vt 0.318115 0.073486
vt 0.305908 0.092285
vt 0.305664 0.074219
vt 0.310791 0.067627
vt 0.302490 0.084961
vt 0.303223 0.073242
vt 0.310303 0.065186
vt 0.260010 0.081299
vt 0.301514 0.094238
vt 0.306641 0.055664
vt 0.300537 0.048584
vt 0.293457 0.039795
vt 0.284912 0.034424
vt 0.276123 0.031494
vt 0.267334 0.028076
vt 0.209961 0.068359
vt 0.212402 0.070068
vt 0.206543 0.075928
vt 0.209229 0.077393
vt 0.203125 0.075195
vt 0.207031 0.066650
vt 0.204834 0.066650
vt 0.180034 0.066629
vt 0.205811 0.084473
vt 0.208252 0.084229
vt 0.210205 0.090576
vt 0.208252 0.091553
vt 0.205322 0.091797
vt 0.202393 0.083740
vt 0.203613 0.091797
vt 0.179688 0.090820
vt 0.179015 0.074885
vt 0.179199 0.083008
vt 0.171387 0.066406
vt 0.169922 0.084717
vt 0.170898 0.093506
vt 0.169922 0.074951
vt 0.167480 0.075684
vt 0.168457 0.065430
vt 0.168213 0.084961
vt 0.168457 0.093994
vt 0.159180 0.064941
vt 0.159424 0.085205
vt 0.159424 0.094971
vt 0.156982 0.094238
vt 0.158936 0.075439
vt 0.157715 0.084961
vt 0.118164 0.089844
vt 0.156494 0.074463
vt 0.156006 0.064941
vt 0.896973 0.904053
vt 0.894531 0.907471
vt 0.884033 0.900391
vt 0.899902 0.889160
vt 0.884766 0.887207
vt 0.886719 0.884277
vt 0.899902 0.885010
vt 0.871582 0.886230
vt 0.854248 0.829102
vt 0.872803 0.883057
vt 0.857666 0.882324
vt 0.869629 0.900146
vt 0.860107 0.885986
vt 0.844971 0.881592
vt 0.830322 0.884277
vt 0.815918 0.885254
vt 0.844971 0.885986
vt 0.858398 0.899170
vt 0.830078 0.886963
vt 0.843506 0.898682
vt 0.815918 0.888184
vt 0.803467 0.885986
vt 0.830078 0.900391
vt 0.843262 0.903076
vt 0.803467 0.889893
vt 0.791504 0.881348
vt 0.816895 0.901367
vt 0.830078 0.903076
vt 0.804688 0.902832
vt 0.790527 0.889648
vt 0.816895 0.904053
vt 0.805908 0.906250
vt 0.793457 0.901367
vt 0.812378 0.916016
vt 0.822754 0.916748
vt 0.833516 0.915027
vt 0.822266 0.952637
vt 0.812500 0.954834
vt 0.812744 0.957031
vt 0.822021 0.958496
vt 0.812988 0.961670
vt 0.815430 0.965820
vt 0.822754 0.961914
vt 0.835693 0.964111
vt 0.833252 0.958496
vt 0.833008 0.953613
vt 0.844971 0.959229
vt 0.846436 0.965088
vt 0.857422 0.963135
vt 0.834229 0.951172
vt 0.844971 0.954346
vt 0.856689 0.958984
vt 0.868164 0.960938
vt 0.844482 0.950684
vt 0.868896 0.957275
vt 0.878418 0.961914
vt 0.856201 0.953857
vt 0.854492 0.951904
vt 0.868408 0.951660
vt 0.855220 0.915664
vt 0.843549 0.914880
vt 0.856201 0.902344
vt 0.870850 0.903564
vt 0.868007 0.915431
vt 0.884033 0.903564
vt 0.878418 0.916260
vt 0.888672 0.916260
vt 0.889648 0.953613
vt 0.879395 0.952637
vt 0.889648 0.955811
vt 0.888672 0.960205
vt 0.879150 0.958252
vt 0.887695 0.963867
vt 0.198975 0.575684
vt 0.252441 0.562012
vt 0.252441 0.575684
vt 0.198975 0.562012
vt 0.198975 0.589600
vt 0.252441 0.548096
vt 0.252441 0.589600
vt 0.198975 0.548096
vt 0.198975 0.604736
vt 0.252441 0.532959
vt 0.252441 0.604736
vt 0.198975 0.532959
vt 0.252441 0.518799
vt 0.198975 0.518799
vt 0.198975 0.618896
vt 0.252441 0.618896
vt 0.198975 0.635742
vt 0.252441 0.635742
vt 0.198975 0.649658
vt 0.252441 0.649658
vt 0.198975 0.666260
vt 0.252441 0.666260
vt 0.314697 0.110107
vt 0.314697 0.112793
vt 0.177734 0.112793
vt 0.036865 0.114014
vt 0.036865 0.111328
vt 0.173828 0.111084
vt 0.314453 0.099854
vt 0.177734 0.099854
vt 0.177979 0.096924
vt 0.465576 0.107910
vt 0.465576 0.104980
vt 0.602295 0.104980
vt 0.173584 0.099854
vt 0.036865 0.099854
vt 0.036865 0.097168
vt 0.401611 0.984375
vt 0.538330 0.984375
vt 0.401611 0.986816
vt 0.477539 0.117188
vt 0.614258 0.117188
vt 0.614258 0.119629
vt 0.534424 0.993164
vt 0.397705 0.993164
vt 0.534424 0.989990
vt 0.803711 0.944092
vt 0.666748 0.944092
vt 0.666992 0.940918
vt 0.968018 0.731934
vt 0.968018 0.772705
vt 0.957520 0.731934
vt 0.957520 0.772705
vt 0.946289 0.731934
vt 0.946289 0.772705
vt 0.937012 0.731934
vt 0.937012 0.772705
vt 0.925781 0.731934
vt 0.925781 0.772705
vt 0.914307 0.731934
vt 0.914307 0.772705
vt 0.904297 0.731934
vt 0.904297 0.772705
vt 0.007080 0.988037
vt 0.007080 0.851074
vt 0.009521 0.988037
vt 0.641357 0.972412
vt 0.778320 0.972412
vt 0.778076 0.974854
vt 0.730469 0.989258
vt 0.866943 0.989258
vt 0.730469 0.991943
vt 0.011963 0.886230
vt 0.122803 0.966797
vt 0.121094 0.968994
vt 0.017822 0.981201
vt 0.154541 0.981201
vt 0.018066 0.983887
vt 0.269531 0.118652
vt 0.132812 0.118652
vt 0.132812 0.116455
vt 0.679199 0.986816
vt 0.542480 0.986816
vt 0.679199 0.984131
vt 0.791260 0.955811
vt 0.654297 0.955811
vt 0.654297 0.953125
vt 0.160645 0.989014
vt 0.023926 0.989014
vt 0.160645 0.986328
vt 0.650391 0.960205
vt 0.787109 0.960205
vt 0.787109 0.962891
vt 0.008057 0.840820
vt 0.008057 0.703857
vt 0.010498 0.840820
vt 0.701172 0.117188
vt 0.838135 0.117188
vt 0.838135 0.119629
vt 0.990723 0.937256
vt 0.990723 0.966797
vt 0.981445 0.937256
vt 0.981445 0.966797
vt 0.973389 0.937256
vt 0.973389 0.966797
vt 0.009766 0.289307
vt 0.009766 0.426270
vt 0.006836 0.289307
vt 0.662842 0.935059
vt 0.799805 0.935059
vt 0.799561 0.937988
vt 0.005127 0.666504
vt 0.005127 0.529541
vt 0.007812 0.666504
vt 0.782227 0.968018
vt 0.645264 0.968018
vt 0.645264 0.965332
vt 0.970215 0.868164
vt 1.000000 0.868164
vt 0.970215 0.877686
vt 1.000000 0.877686
vt 0.970215 0.888672
vt 1.000000 0.888672
vt 0.970215 0.898682
vt 1.000000 0.898682
vt 0.379395 0.993164
vt 0.242676 0.993164
vt 0.379395 0.989990
vt 0.662842 0.947998
vt 0.799805 0.947998
vt 0.799561 0.950928
vt 0.006592 0.133057
vt 0.006592 0.270020
vt 0.003174 0.133057
vt 0.799805 0.930664
vt 0.662842 0.930664
vt 0.662842 0.927246
vt 0.899658 0.728760
vt 0.896484 0.728760
vt 0.896484 0.590576
vt 0.875977 0.701660
vt 0.872314 0.701660
vt 0.872314 0.563721
vt 0.899902 0.732910
vt 0.899902 0.870850
vt 0.896240 0.870850
vt 0.891602 0.722900
vt 0.891602 0.860840
vt 0.888672 0.860840
vt 0.830322 0.707764
vt 0.830322 0.569580
vt 0.833008 0.707764
vt 0.998291 0.058838
vt 0.998291 0.068604
vt 0.976074 0.068604
vt 0.976074 0.077881
vt 0.976074 0.058838
vt 0.998291 0.050293
vt 0.976074 0.050293
vt 1.000000 0.077881
vt 0.976074 0.088135
vt 1.000000 0.088135
vt 0.976074 0.097168
vt 1.000000 0.097168
vt 0.976074 0.104492
vt 1.000000 0.104492
vt 0.976074 0.111572
vt 0.862793 0.825195
vt 0.859619 0.825928
vt 0.860840 0.687744
vt 0.650879 0.265137
vt 0.650879 0.206543
vt 0.670898 0.265137
vt 0.670898 0.206543
vt 0.693359 0.265137
vt 0.693359 0.206543
vt 0.711426 0.265137
vt 0.711426 0.206543
vt 0.731689 0.265137
vt 0.731689 0.206543
vt 0.751709 0.265137
vt 0.751709 0.206543
vt 0.768066 0.265137
vt 0.768066 0.206543
vt 0.788086 0.269775
vt 0.788086 0.206543
vt 0.806641 0.269775
vt 0.806641 0.206543
vt 0.876953 0.843750
vt 0.874268 0.843750
vt 0.874268 0.705811
vt 0.837646 0.695557
vt 0.837646 0.557617
vt 0.840576 0.695557
vt 0.840576 0.837891
vt 0.837646 0.837891
vt 0.837646 0.699707
vt 0.865479 0.693604
vt 0.865479 0.555664
vt 0.867920 0.693604
vt 0.869873 0.835938
vt 0.867432 0.835938
vt 0.867432 0.697754
vt 0.845215 0.685547
vt 0.845215 0.547607
vt 0.848145 0.685547
vt 0.848145 0.827881
vt 0.845215 0.827881
vt 0.845215 0.689697
vt 0.879883 0.528564
vt 0.879883 0.666504
vt 0.877197 0.528564
vt 0.833008 0.849854
vt 0.830322 0.849854
vt 0.830322 0.711670
vt 0.851318 0.637451
vt 0.851318 0.499512
vt 0.854004 0.637451
vt 0.883789 0.852783
vt 0.881592 0.852783
vt 0.881348 0.714844
vt 0.886963 0.603760
vt 0.886963 0.741699
vt 0.884277 0.603760
vt 0.854004 0.779785
vt 0.851318 0.779053
vt 0.856934 0.641602
vt 0.889404 0.301758
vt 0.889404 0.164551
vt 0.891846 0.301758
vt 0.872803 0.559082
vt 0.870361 0.559082
vt 0.870361 0.421631
vt 0.859619 0.347900
vt 0.859619 0.210449
vt 0.862793 0.347900
vt 0.720947 0.007080
vt 0.720947 0.055664
vt 0.703613 0.007080
vt 0.703613 0.055664
vt 0.843750 0.405762
vt 0.846680 0.405762
vt 0.846680 0.543213
vt 0.844482 0.400879
vt 0.844482 0.263672
vt 0.846924 0.400879
vt 0.160400 0.650391
vt 0.108154 0.650391
vt 0.160400 0.635010
vt 0.108154 0.635010
vt 0.160400 0.616455
vt 0.108154 0.616455
vt 0.160400 0.600586
vt 0.108154 0.600586
vt 0.160400 0.583740
vt 0.108154 0.583740
vt 0.160400 0.568359
vt 0.108154 0.568359
vt 0.160400 0.552979
vt 0.108154 0.552979
vt 0.160400 0.533936
vt 0.108154 0.537598
vt 0.160156 0.520508
vt 0.108154 0.520996
vt 0.160156 0.504639
vt 0.897461 0.406738
vt 0.899902 0.406738
vt 0.899902 0.544189
vt 0.882324 0.314941
vt 0.882324 0.177490
vt 0.885010 0.314941
vt 0.895752 0.586182
vt 0.892578 0.586182
vt 0.893066 0.448730
vt 0.871582 0.278564
vt 0.871582 0.416016
vt 0.868652 0.278564
vt 0.879883 0.524170
vt 0.877441 0.524170
vt 0.877441 0.386719
vt 0.850586 0.352783
vt 0.850586 0.215576
vt 0.852783 0.352783
vt 0.871094 0.982178
vt 0.871094 0.984375
vt 0.734375 0.984863
vt 0.457520 0.115723
vt 0.320557 0.115723
vt 0.457520 0.113281
vt 0.833008 0.565186
vt 0.830322 0.565186
vt 0.830811 0.427734
vt 0.697266 0.098389
vt 0.833984 0.098389
vt 0.833984 0.101562
vt 0.836670 0.273682
vt 0.839600 0.273682
vt 0.839111 0.410889
vt 0.761230 0.106689
vt 0.624268 0.106689
vt 0.761230 0.104248
vt 0.860840 0.495117
vt 0.858398 0.495117
vt 0.858398 0.357666
vt 0.299561 0.979736
vt 0.162842 0.979736
vt 0.162842 0.977295
vt 0.878906 0.381836
vt 0.876465 0.381836
vt 0.876465 0.244629
vt 0.872314 0.240234
vt 0.872314 0.103027
vt 0.874756 0.240234
vt 0.863281 0.352539
vt 0.865967 0.352539
vt 0.865967 0.489990
vt 0.455566 0.978271
vt 0.592285 0.978271
vt 0.592285 0.980713
vt 0.837891 0.268799
vt 0.835449 0.268799
vt 0.835449 0.131348
vt 0.610352 0.112793
vt 0.473389 0.112793
vt 0.610352 0.110107
vt 0.840820 0.553223
vt 0.837646 0.553223
vt 0.838135 0.415771
vt 0.158691 0.976807
vt 0.021973 0.976807
vt 0.021973 0.974121
vt 0.898926 0.401855
vt 0.896240 0.401855
vt 0.896729 0.264648
vt 0.892822 0.444092
vt 0.890625 0.444092
vt 0.890625 0.306641
vt 0.459473 0.102783
vt 0.322510 0.102783
vt 0.459473 0.100098
vt 0.581299 0.093994
vt 0.581299 0.063965
vt 0.589355 0.093994
vt 0.772217 0.979736
vt 0.635498 0.979736
vt 0.635498 0.977295
vt 0.828369 0.139404
vt 0.831055 0.139404
vt 0.831055 0.276855
vt 0.372070 0.033691
vt 0.363770 0.002197
vt 0.372070 0.002197
vt 0.382568 0.033691
vt 0.382568 0.002197
vt 0.394287 0.033691
vt 0.394287 0.002197
vt 0.169678 0.104248
vt 0.169678 0.106689
vt 0.032959 0.106689
vt 0.885986 0.457031
vt 0.883301 0.457031
vt 0.883301 0.319580
vt 0.310791 0.977295
vt 0.447510 0.977295
vt 0.447266 0.979736
vt 0.898926 0.259766
vt 0.896240 0.259766
vt 0.896240 0.122314
vt 0.181641 0.107666
vt 0.181641 0.104248
vt 0.318604 0.104248
vt 0.854004 0.495117
vt 0.851318 0.495117
vt 0.851318 0.357666
vt 0.493408 0.098389
vt 0.630371 0.098389
vt 0.630127 0.101562
vt 0.845703 0.258789
vt 0.842529 0.258789
vt 0.842529 0.121338
vt 0.628418 0.114746
vt 0.628418 0.111084
vt 0.765137 0.111084
vt 0.887695 0.599365
vt 0.884521 0.599365
vt 0.884766 0.461670
vt 0.830322 0.420898
vt 0.830322 0.283691
vt 0.833984 0.420898
vt 0.714111 0.990234
vt 0.714111 0.993896
vt 0.577393 0.993896
vt 0.858398 0.637207
vt 0.858398 0.499756
vt 0.862061 0.500000
vt 0.324707 0.107422
vt 0.461426 0.107422
vt 0.324707 0.110596
vt 0.865479 0.273682
vt 0.865479 0.136475
vt 0.868896 0.273682
vt 0.329590 0.983398
vt 0.329590 0.986572
vt 0.192871 0.986572
vt 0.514648 0.591064
vt 0.512451 0.586670
vt 0.514404 0.585205
vt 0.472412 0.448730
vt 0.511475 0.595215
vt 0.523682 0.584961
vt 0.556641 0.494141
vt 0.517822 0.588867
vt 0.525146 0.586426
vt 0.529541 0.592285
vt 0.524414 0.595459
vt 0.521484 0.597412
vt 0.518799 0.600830
vt 0.508301 0.602051
vt 0.522705 0.599121
vt 0.525635 0.597168
vt 0.530273 0.593994
vt 0.515869 0.606689
vt 0.463867 0.720947
vt 0.468018 0.721924
vt 0.521240 0.602051
vt 0.518066 0.608154
vt 0.472656 0.722900
vt 0.523438 0.604980
vt 0.519775 0.611084
vt 0.475586 0.722656
vt 0.525146 0.601562
vt 0.521484 0.611816
vt 0.525391 0.605469
vt 0.527832 0.599609
vt 0.531006 0.596191
vt 0.529053 0.601807
vt 0.535400 0.597412
vt 0.556885 0.617920
vt 0.564453 0.614258
vt 0.553467 0.621826
vt 0.560547 0.620117
vt 0.551025 0.627197
vt 0.513916 0.741699
vt 0.522461 0.744629
vt 0.563965 0.620361
vt 0.570557 0.619629
vt 0.573242 0.624268
vt 0.560059 0.624023
vt 0.559814 0.629395
vt 0.528809 0.747559
vt 0.565430 0.625244
vt 0.574219 0.630127
vt 0.565918 0.630127
vt 0.536621 0.751465
vt 0.571777 0.770508
vt 0.567871 0.774414
vt 0.569336 0.768066
vt 0.716797 0.772461
vt 0.287598 0.419678
vt 0.292480 0.421631
vt 0.280762 0.421387
vt 0.277344 0.418213
vt 0.255615 0.336670
vt 0.253906 0.497070
vt 0.738281 0.131836
vt 0.596191 0.131836
vt 0.594482 0.128174
vt 0.242432 0.924805
vt 0.104004 0.924805
vt 0.238525 0.923096
vt 0.126221 0.016846
vt 0.126221 0.020996
vt 0.123779 0.020020
vt 0.125488 0.026367
vt 0.127686 0.024902
vt 0.129150 0.032959
vt 0.131348 0.031494
vt 0.116699 0.029053
vt 0.119629 0.036133
vt 0.115234 0.024170
vt 0.123779 0.015869
vt 0.127686 0.009277
vt 0.125244 0.008545
vt 0.114990 0.008057
vt 0.114990 0.029541
vt 0.116943 0.036621
vt 0.114746 0.015625
vt 0.109863 0.025635
vt 0.111084 0.031494
vt 0.113281 0.020996
vt 0.108887 0.032959
vt 0.112061 0.016113
vt 0.112305 0.008545
vt 0.109863 0.020020
vt 0.109375 0.014648
vt 0.109863 0.008789
vt 0.107666 0.015625
vt 0.105713 0.008057
vt 0.108154 0.023193
vt 0.078857 0.025391
vt 0.079102 0.032959
vt 0.079346 0.022949
vt 0.077393 0.015869
vt 0.075195 0.027344
vt 0.073730 0.024414
vt 0.070312 0.017578
vt 0.065674 0.019775
vt 0.068848 0.026123
vt 0.059326 0.029053
vt 0.066406 0.031738
vt 0.073486 0.029053
vt 0.071533 0.032715
vt 0.004639 0.673096
vt 0.000732 0.800537
vt 0.002686 0.680664
vt 0.000000 0.680420
vt 0.903809 0.976807
vt 0.782471 0.976807
vt 0.903809 0.967285
vt 0.217285 0.408936
vt 0.216553 0.408936
vt 0.216064 0.261719
vt 0.211426 0.429932
vt 0.210938 0.429932
vt 0.210938 0.282715
vt 0.208008 0.429932
vt 0.230469 0.670654
vt 0.230469 0.817871
vt 0.229980 0.817871
vt 0.224121 0.817871
vt 0.224121 0.670654
vt 0.225342 0.670654
vt 0.239990 0.779297
vt 0.387207 0.779297
vt 0.240723 0.780518
vt 0.165771 0.689453
vt 0.165039 0.542725
vt 0.165771 0.542725
vt 0.175293 0.542725
vt 0.240234 0.791748
vt 0.240234 0.791260
vt 0.386963 0.792480
vt 0.240234 0.801514
vt 0.710205 0.846680
vt 0.563477 0.846680
vt 0.709473 0.837158
vt 0.189941 0.660645
vt 0.189941 0.513428
vt 0.191406 0.513428
vt 0.218018 0.818359
vt 0.218018 0.671143
vt 0.219238 0.671143
vt 0.825195 0.348145
vt 0.825195 0.495361
vt 0.824219 0.347412
vt 0.820068 0.322510
vt 0.820068 0.470215
vt 0.819336 0.470215
vt 0.861084 0.203369
vt 0.859619 0.205322
vt 0.857666 0.198486
vt 0.856934 0.199951
vt 0.857422 0.205566
vt 0.854736 0.200439
vt 0.855225 0.196533
vt 0.857422 0.194824
vt 0.852295 0.198242
vt 0.854248 0.193359
vt 0.850342 0.195312
vt 0.856201 0.187500
vt 0.849121 0.189209
vt 0.853027 0.187256
vt 0.851562 0.088379
vt 0.856201 0.088623
vt 0.860352 0.090088
vt 0.206055 0.201172
vt 0.353027 0.201172
vt 0.206055 0.210938
vt 0.513916 0.933105
vt 0.507324 0.935303
vt 0.500000 0.904053
vt 0.502441 0.936035
vt 0.506348 0.900146
vt 0.495117 0.905029
vt 0.495361 0.937012
vt 0.499268 0.900146
vt 0.501221 0.895996
vt 0.502686 0.891846
vt 0.498779 0.887451
vt 0.489502 0.905029
vt 0.374268 0.943848
vt 0.374023 0.900635
vt 0.375000 0.890137
vt 0.495361 0.898926
vt 0.489746 0.896729
vt 0.375244 0.882324
vt 0.495605 0.894287
vt 0.493896 0.884277
vt 0.490479 0.891113
vt 0.375488 0.872070
vt 0.486084 0.589844
vt 0.506836 0.589600
vt 0.507324 0.589844
vt 0.486816 0.590332
vt 0.474854 0.590332
vt 0.473633 0.591797
vt 0.482178 0.596436
vt 0.463867 0.588379
vt 0.468750 0.600098
vt 0.461426 0.590576
vt 0.450439 0.598389
vt 0.442871 0.591064
vt 0.386230 0.774414
vt 0.444580 0.588623
vt 0.385742 0.407959
vt 0.257324 0.670410
vt 0.256836 0.670410
vt 0.257324 0.522705
vt 0.260498 0.670410
vt 0.428955 0.584717
vt 0.436523 0.588379
vt 0.408936 0.587891
vt 0.415039 0.591309
vt 0.403076 0.585938
vt 0.407227 0.592285
vt 0.397705 0.587891
vt 0.365234 0.746582
vt 0.398438 0.584473
vt 0.412598 0.583740
vt 0.363525 0.430664
vt 0.457520 0.751465
vt 0.454590 0.603760
vt 0.457520 0.603760
vt 0.458496 0.603760
vt 0.787109 0.283447
vt 0.787109 0.431152
vt 0.786377 0.283447
vt 0.514404 0.798828
vt 0.514404 0.801758
vt 0.367676 0.798828
vt 0.514404 0.797852
vt 0.247559 0.513916
vt 0.246582 0.513916
vt 0.246582 0.366699
vt 0.198975 0.514160
vt 0.743164 0.766602
vt 0.595459 0.766602
vt 0.740967 0.759033
vt 0.253906 0.215088
vt 0.409180 0.215088
vt 0.269531 0.262207
vt 0.579346 0.786621
vt 0.594238 0.832764
vt 0.439697 0.832275
vt 0.579102 0.785889
vt 0.775391 0.774658
vt 0.824219 0.626709
vt 0.824219 0.774658
vt 0.824951 0.774658
vt 0.020020 0.993164
vt 0.155762 0.993164
vt 0.154053 1.000000
vt 0.904297 0.701172
vt 0.906982 0.700684
vt 0.904785 0.709473
vt 0.907227 0.708496
vt 0.916016 0.701904
vt 0.906982 0.712646
vt 0.904541 0.713867
vt 0.916260 0.709473
vt 0.918701 0.710449
vt 0.918701 0.702881
vt 0.916016 0.714600
vt 0.906982 0.719482
vt 0.904297 0.718994
vt 0.907471 0.727783
vt 0.904785 0.727783
vt 0.916016 0.719727
vt 0.916992 0.727295
vt 0.917725 0.714600
vt 0.918457 0.718994
vt 0.919434 0.726074
vt 0.921875 0.718750
vt 0.921875 0.725098
vt 0.924316 0.725342
vt 0.921143 0.714355
vt 0.923584 0.717041
vt 0.921875 0.710205
vt 0.921143 0.703613
vt 0.923828 0.711426
vt 0.924805 0.703125
vt 0.952637 0.717041
vt 0.955078 0.726562
vt 0.952881 0.710938
vt 0.955322 0.702148
vt 0.956787 0.718262
vt 0.958984 0.712158
vt 0.962402 0.703369
vt 0.967041 0.706787
vt 0.963379 0.715576
vt 0.972900 0.715088
vt 0.966797 0.722168
vt 0.959229 0.719971
vt 0.961914 0.724365
vt 0.770020 0.777832
vt 0.770020 0.778809
vt 0.622559 0.778809
vt 0.229736 0.215576
vt 0.230713 0.215576
vt 0.230713 0.362793
vt 0.442383 0.822998
vt 0.442383 0.825928
vt 0.295654 0.825928
vt 0.222656 0.233643
vt 0.225586 0.380859
vt 0.222656 0.380859
vt 0.221680 0.380859
vt 0.822754 0.622559
vt 0.819580 0.622559
vt 0.819580 0.474609
vt 0.814697 0.343506
vt 0.814697 0.491211
vt 0.811768 0.491211
vt 0.248779 0.214600
vt 0.249512 0.214600
vt 0.248779 0.361816
vt 0.435547 0.830811
vt 0.288574 0.830811
vt 0.288574 0.830078
vt 0.400635 0.771729
vt 0.399658 0.771240
vt 0.445312 0.630859
vt 0.807129 0.503662
vt 0.807129 0.651611
vt 0.806152 0.651611
vt 0.166992 0.859619
vt 0.165039 0.859619
vt 0.166992 0.712891
vt 0.205322 0.859619
vt 0.520264 0.859131
vt 0.520264 0.860840
vt 0.373779 0.859131
vt 0.165771 0.201660
vt 0.165771 0.347900
vt 0.163818 0.347900
vt 0.386719 0.854736
vt 0.386719 0.852295
vt 0.533203 0.854736
vt 0.160889 0.500000
vt 0.160889 0.353760
vt 0.162598 0.353760
vt 0.169922 0.349854
vt 0.169922 0.203613
vt 0.172363 0.349854
vt 0.452148 0.764648
vt 0.449707 0.764648
vt 0.449951 0.616943
vt 0.618164 0.780029
vt 0.618164 0.781738
vt 0.470703 0.781738
vt 0.213379 0.671143
vt 0.213379 0.818359
vt 0.210938 0.671143
vt 0.667480 0.276123
vt 0.667480 0.274170
vt 0.814941 0.274170
vt 0.206543 0.671143
vt 0.206543 0.818359
vt 0.204834 0.671143
vt 0.198730 0.671143
vt 0.200684 0.671143
vt 0.200684 0.818359
vt 0.822266 0.861328
vt 0.675293 0.861328
vt 0.822266 0.822266
vt 0.226074 0.857666
vt 0.238037 0.821289
vt 0.376953 0.866455
vt 0.807617 0.779053
vt 0.807617 0.818115
vt 0.660889 0.818115
vt 0.807617 0.820557
vt 0.189941 0.362305
vt 0.192383 0.362305
vt 0.189941 0.509521
vt 0.236084 0.784912
vt 0.383057 0.784912
vt 0.383057 0.786621
vt 0.598389 0.826416
vt 0.745117 0.828125
vt 0.598389 0.828125
vt 0.598389 0.830566
vt 0.183105 0.499756
vt 0.185547 0.499756
vt 0.185547 0.646240
vt 0.537598 0.851074
vt 0.684082 0.851074
vt 0.684082 0.853760
vt 0.671143 0.859863
vt 0.524658 0.859863
vt 0.671143 0.858154
vt 0.167480 0.391602
vt 0.169189 0.538330
vt 0.167480 0.538330
vt 0.165283 0.538330
vt 0.543945 0.791016
vt 0.396973 0.793457
vt 0.396973 0.791016
vt 0.396973 0.781250
vt 0.447754 0.839355
vt 0.447754 0.836914
vt 0.594238 0.839355
vt 0.447754 0.848877
vt 0.184326 0.354004
vt 0.174805 0.207520
vt 0.184326 0.207520
vt 0.185547 0.207520
vt 0.190918 0.211182
vt 0.200684 0.211182
vt 0.190918 0.358398
vt 0.189697 0.211182
vt 0.623291 0.783203
vt 0.769775 0.783203
vt 0.622803 0.784424
vt 0.605469 0.201172
vt 0.752197 0.201172
vt 0.752197 0.201904
vt 0.539307 0.775879
vt 0.539307 0.776855
vt 0.391846 0.776855
vt 0.811523 0.643555
vt 0.811523 0.495605
vt 0.812744 0.642822
vt 0.492188 0.207031
vt 0.344727 0.207031
vt 0.344727 0.206055
vt 0.972412 0.277588
vt 0.974854 0.277588
vt 0.974854 0.387939
vt 0.961426 0.371094
vt 0.961426 0.260498
vt 0.969727 0.371094
vt 0.972656 0.565918
vt 0.972656 0.676270
vt 0.970459 0.565918
vt 0.803955 0.670410
vt 0.786621 0.576172
vt 0.790283 0.576172
vt 0.791748 0.568359
vt 0.786133 0.570312
vt 0.782227 0.566162
vt 0.807129 0.466797
vt 0.000244 0.847412
vt 0.002197 0.854004
vt 0.002441 0.969727
vt 0.006592 0.123047
vt 0.132324 0.123047
vt 0.003418 0.125000
vt 0.857178 0.997803
vt 0.726562 0.997803
vt 0.858887 0.994385
vt 0.185059 0.175049
vt 0.185059 0.179443
vt 0.177246 0.173828
vt 0.183105 0.158447
vt 0.175049 0.179199
vt 0.190430 0.178711
vt 0.169434 0.171631
vt 0.189941 0.174561
vt 0.184814 0.197266
vt 0.176514 0.197754
vt 0.167969 0.196045
vt 0.195557 0.195801
vt 0.194092 0.199707
vt 0.199463 0.197998
vt 0.200439 0.194092
vt 0.208252 0.193359
vt 0.200928 0.177246
vt 0.204590 0.176514
vt 0.213867 0.192383
vt 0.197998 0.172607
vt 0.202881 0.172852
vt 0.189453 0.159424
vt 0.208740 0.168701
vt 0.195068 0.159424
vt 0.211670 0.174072
vt 0.215576 0.172852
vt 0.221191 0.190186
vt 0.228271 0.186768
vt 0.213867 0.169678
vt 0.222412 0.170654
vt 0.235596 0.183838
vt 0.220459 0.167236
vt 0.211670 0.166504
vt 0.207764 0.157715
vt 0.228760 0.167969
vt 0.231934 0.166260
vt 0.242432 0.181396
vt 0.226318 0.164795
vt 0.246826 0.178467
vt 0.229004 0.161621
vt 0.224365 0.161621
vt 0.218018 0.164062
vt 0.214111 0.154785
vt 0.218262 0.154053
vt 0.222412 0.153076
vt 0.219482 0.149902
vt 0.205566 0.153564
vt 0.222656 0.146973
vt 0.234863 0.159424
vt 0.230469 0.150146
vt 0.236816 0.155273
vt 0.234375 0.145020
vt 0.237549 0.162354
vt 0.239746 0.159912
vt 0.244385 0.153809
vt 0.252686 0.175537
vt 0.198242 0.155029
vt 0.226807 0.141846
vt 0.222412 0.133789
vt 0.189697 0.156006
vt 0.184814 0.155029
vt 0.176270 0.151123
vt 0.174316 0.157715
vt 0.171387 0.152344
vt 0.159668 0.128418
vt 0.168701 0.153320
vt 0.147705 0.131836
vt 0.159424 0.166260
vt 0.139404 0.146973
vt 0.159424 0.171143
vt 0.151367 0.171143
vt 0.115723 0.180908
vt 0.167969 0.177734
vt 0.158691 0.177002
vt 0.157715 0.195068
vt 0.149658 0.177246
vt 0.115723 0.191895
vt 0.148193 0.193848
vt 0.149170 0.198730
vt 0.117188 0.226807
vt 0.968506 0.112061
vt 0.968994 0.115967
vt 0.966797 0.112549
vt 0.968018 0.116211
vt 0.969727 0.120361
vt 0.961914 0.110840
vt 0.963379 0.107910
vt 0.961182 0.113037
vt 0.961914 0.117188
vt 0.968262 0.120850
vt 0.961426 0.121338
vt 0.961914 0.126465
vt 0.971191 0.123779
vt 0.973877 0.121826
vt 0.968262 0.104492
vt 0.979248 0.150879
vt 0.999756 0.142334
vt 0.993408 0.113525
vt 0.969482 0.157227
vt 0.989990 0.176514
vt 0.960205 0.132568
vt 0.960693 0.126953
vt 0.958252 0.127197
vt 0.956299 0.132080
vt 0.966553 0.157471
vt 0.967773 0.159180
vt 0.964355 0.158203
vt 0.948486 0.135010
vt 0.946289 0.132080
vt 0.957520 0.163330
vt 0.965088 0.159668
vt 0.965820 0.160889
vt 0.995605 0.971680
vt 0.995605 0.945557
vt 0.997559 0.971680
vt 0.969482 0.971680
vt 0.991699 0.358398
vt 0.984619 0.384277
vt 0.984375 0.352295
vt 0.996094 0.270508
vt 0.990967 0.279053
vt 0.992432 0.241211
vt 0.961914 0.016113
vt 0.961914 0.021729
vt 0.960205 0.021729
vt 0.998779 0.337646
vt 0.999023 0.343262
vt 0.995605 0.338867
vt 1.000000 0.351318
vt 0.995605 0.344482
vt 0.985596 0.344727
vt 0.995850 0.352051
vt 0.985352 0.339111
vt 0.986328 0.331787
vt 0.996826 0.331787
vt 0.999268 0.332031
vt 0.987549 0.324707
vt 0.985352 0.326172
vt 0.986084 0.322510
vt 0.987549 0.321045
vt 0.984131 0.317383
vt 0.997070 0.326172
vt 0.999268 0.320801
vt 1.000000 0.328369
vt 0.000000 0.979980
vt 0.000000 0.974121
vt 0.001709 0.974854
vt 0.966064 0.026123
vt 0.965576 0.035400
vt 0.961426 0.029297
vt 0.961182 0.038574
vt 0.920654 0.782227
vt 0.920898 0.780273
vt 0.965332 0.788330
vt 0.964844 0.790039
vt 0.920166 0.784180
vt 0.966797 0.790527
vt 0.917236 0.791748
vt 0.967285 0.788574
vt 0.963867 0.798340
vt 0.974854 0.791992
vt 0.979980 0.762939
vt 0.978516 0.823730
vt 0.591553 0.081543
vt 0.591553 0.055176
vt 0.593262 0.055420
vt 0.188232 0.009277
vt 0.191162 0.009766
vt 0.189697 0.011719
vt 0.192627 0.016846
vt 0.191895 0.006104
vt 0.193604 0.007812
vt 0.196289 0.003174
vt 0.194336 0.001465
vt 0.195557 0.013428
vt 0.198486 0.008057
vt 0.206299 0.049072
vt 0.148926 0.006592
vt 0.143555 0.000000
vt 0.141113 0.002197
vt 0.200684 0.046631
vt 0.201172 0.055664
vt 0.146484 0.008301
vt 0.138428 0.005127
vt 0.196533 0.055664
vt 0.200684 0.058838
vt 0.197021 0.046875
vt 0.152832 0.060547
vt 0.190674 0.016846
vt 0.194580 0.052490
vt 0.187988 0.011475
vt 0.194580 0.046387
vt 0.191406 0.051758
vt 0.191650 0.053467
vt 0.188477 0.054199
vt 0.188477 0.052246
vt 0.189697 0.047852
vt 0.188232 0.016113
vt 0.156006 0.051514
vt 0.156006 0.056641
vt 0.149170 0.054932
vt 0.144775 0.062744
vt 0.151855 0.053223
vt 0.138916 0.059082
vt 0.152344 0.049072
vt 0.147461 0.051514
vt 0.134277 0.056152
vt 0.145508 0.013428
vt 0.149170 0.012939
vt 0.154785 0.048584
vt 0.150635 0.012207
vt 0.148193 0.009521
vt 0.150391 0.010010
vt 0.150391 0.008301
vt 0.969238 0.822021
vt 0.970947 0.856445
vt 0.966797 0.824219
vt 0.964600 0.815674
vt 0.967041 0.854248
vt 0.967041 0.862305
vt 0.959961 0.816650
vt 0.963623 0.813965
vt 0.918213 0.806152
vt 0.916992 0.813721
vt 0.963379 0.825684
vt 0.956055 0.818604
vt 0.959473 0.819336
vt 0.957764 0.821045
vt 0.961914 0.854736
vt 0.921875 0.819824
vt 0.916260 0.820557
vt 0.918945 0.822510
vt 0.922119 0.822510
vt 0.918457 0.825439
vt 0.914307 0.824463
vt 0.955322 0.820557
vt 0.917969 0.860596
vt 0.915771 0.862549
vt 0.922363 0.826416
vt 0.918457 0.866211
vt 0.920898 0.862061
vt 0.918945 0.864258
vt 0.920654 0.865723
vt 0.920410 0.870605
vt 0.955811 0.825195
vt 0.956055 0.854980
vt 0.956299 0.859131
vt 0.957764 0.860840
vt 0.961182 0.825928
vt 0.959473 0.854736
vt 0.958740 0.858643
vt 0.960449 0.859619
vt 0.962646 0.862305
vt 0.965576 0.864258
vt 0.964600 0.860107
vt 0.251953 0.134277
vt 0.253662 0.136230
vt 0.248535 0.135742
vt 0.260986 0.135498
vt 0.256592 0.130615
vt 0.265869 0.139648
vt 0.249023 0.130127
vt 0.247314 0.134033
vt 0.244873 0.131836
vt 0.241699 0.137451
vt 0.240967 0.134521
vt 0.242920 0.139404
vt 0.261230 0.159424
vt 0.258301 0.163574
vt 0.265137 0.158447
vt 0.262939 0.162109
vt 0.260010 0.165039
vt 0.271973 0.159912
vt 0.326660 0.132080
vt 0.385254 0.140869
vt 0.270752 0.162598
vt 0.265625 0.160889
vt 0.262207 0.163818
vt 0.259033 0.167480
vt 0.266357 0.163574
vt 0.270264 0.165527
vt 0.262695 0.169434
vt 0.258789 0.172607
vt 0.258057 0.176514
vt 0.261963 0.176025
vt 0.266113 0.169922
vt 0.269043 0.173584
vt 0.265625 0.178955
vt 0.510010 0.175293
vt 0.510010 0.176758
vt 0.365967 0.175293
vt 0.510010 0.172363
vt 0.095947 0.127930
vt 0.096436 0.127930
vt 0.095947 0.271240
vt 0.094971 0.127930
vt 0.509033 0.191895
vt 0.507812 0.191895
vt 0.364990 0.191406
vt 0.524414 0.197021
vt 0.380615 0.197021
vt 0.380615 0.196289
vt 0.012695 0.497559
vt 0.011963 0.640625
vt 0.011963 0.497559
vt 0.011230 0.497559
vt 0.067139 0.566895
vt 0.067627 0.566895
vt 0.067627 0.709229
vt 0.068604 0.566895
vt 0.103271 0.709961
vt 0.103271 0.852295
vt 0.103271 0.853516
vt 0.098633 0.506836
vt 0.098633 0.650391
vt 0.097900 0.506836
vt 0.035645 0.525146
vt 0.035645 0.667480
vt 0.034668 0.524658
vt 0.034180 0.524658
vt 0.998779 0.314209
vt 0.992188 0.312500
vt 0.996094 0.306641
vt 0.991455 0.303467
vt 0.988281 0.312744
vt 0.996094 0.296875
vt 0.987549 0.303711
vt 0.991455 0.293701
vt 0.999512 0.277100
vt 0.987793 0.292236
vt 0.017090 0.508545
vt 0.017578 0.508545
vt 0.017090 0.651611
vt 0.040039 0.529541
vt 0.040527 0.529541
vt 0.040527 0.672607
vt 0.091064 0.427246
vt 0.091064 0.284180
vt 0.098633 0.286133
vt 0.538818 0.183838
vt 0.395020 0.186035
vt 0.538330 0.182373
vt 0.538818 0.186768
vt 0.596436 0.137451
vt 0.740234 0.137451
vt 0.596436 0.140625
vt 0.600342 0.185791
vt 0.600342 0.182861
vt 0.744141 0.182861
vt 0.600342 0.148193
vt 0.238770 1.000000
vt 0.229980 0.997559
vt 0.238770 0.997314
vt 0.230713 0.995361
vt 0.351318 0.997314
vt 0.641113 0.431152
vt 0.649658 0.424316
vt 0.651367 0.445557
vt 0.656982 0.442139
vt 0.635986 0.441650
vt 0.652588 0.446777
vt 0.644531 0.453369
vt 0.649170 0.450684
vt 0.644531 0.460205
vt 0.624512 0.461670
vt 0.710938 0.581299
vt 0.625977 0.454834
vt 0.485840 0.407471
vt 0.045654 0.549072
vt 0.053467 0.547852
vt 0.045166 0.690430
vt 0.595947 0.152344
vt 0.595947 0.187744
vt 0.451904 0.152344
vt 0.256592 0.751953
vt 0.376465 0.664795
vt 0.283691 0.774902
vt 0.757080 0.919678
vt 0.649658 0.884521
vt 0.758057 0.916992
vt 0.762695 0.921387
vt 0.763428 0.918701
vt 0.767090 0.921387
vt 0.766357 0.923828
vt 0.769531 0.925049
vt 0.773193 0.923340
vt 0.768311 0.919678
vt 0.758545 0.915039
vt 0.652588 0.882080
vt 0.762207 0.896973
vt 0.764160 0.916992
vt 0.767090 0.900391
vt 0.780518 0.911133
vt 0.783936 0.913818
vt 0.781006 0.907715
vt 0.785889 0.911133
vt 0.768311 0.897705
vt 0.763184 0.894287
vt 0.781250 0.905762
vt 0.786621 0.909180
vt 0.766846 0.895264
vt 0.762695 0.888428
vt 0.782959 0.901855
vt 0.788818 0.905518
vt 0.768311 0.890137
vt 0.764404 0.883057
vt 0.769775 0.885986
vt 0.445068 0.130859
vt 0.445068 0.129150
vt 0.588867 0.130859
vt 0.449463 0.164062
vt 0.301758 0.175781
vt 0.438721 0.131104
vt 0.438232 0.129395
vt 0.199219 0.454102
vt 0.199219 0.306641
vt 0.204346 0.454102
vt 0.456055 0.407715
vt 0.580078 0.500244
vt 0.580566 0.504395
vt 0.589844 0.493408
vt 0.629883 0.650391
vt 0.582764 0.504883
vt 0.591797 0.495850
vt 0.594482 0.497559
vt 0.601074 0.490234
vt 0.626465 0.475586
vt 0.611084 0.481201
vt 0.599121 0.490234
vt 0.607422 0.480957
vt 0.598145 0.489014
vt 0.244385 0.352783
vt 0.198975 0.492920
vt 0.238770 0.353760
vt 0.616455 0.146973
vt 0.616455 0.145020
vt 0.760254 0.146973
vt 0.448486 0.142822
vt 0.448486 0.141113
vt 0.592285 0.141113
vt 0.271973 0.180420
vt 0.416016 0.180420
vt 0.271973 0.181641
vt 0.528320 0.192383
vt 0.672363 0.192383
vt 0.528320 0.193604
vt 0.390137 0.187012
vt 0.246094 0.187012
vt 0.388916 0.186035
vt 0.098389 0.849609
vt 0.097168 0.849609
vt 0.098389 0.706055
vt 0.447510 0.135498
vt 0.590820 0.135498
vt 0.447021 0.136719
vt 0.022949 0.656494
vt 0.022217 0.513672
vt 0.022949 0.513672
vt 0.023682 0.513672
vt 0.090576 0.687744
vt 0.089844 0.687744
vt 0.090576 0.544434
vt 0.094727 0.685791
vt 0.081787 0.525635
vt 0.082764 0.525635
vt 0.081787 0.668457
vt 0.101807 0.128906
vt 0.101807 0.271973
vt 0.100830 0.128418
vt 0.028564 0.517578
vt 0.028564 0.660645
vt 0.028076 0.659912
vt 0.077637 0.562988
vt 0.077637 0.705322
vt 0.076904 0.562988
vt 0.062500 0.560059
vt 0.062500 0.701172
vt 0.058105 0.559082
vt 0.645996 0.206299
vt 0.645996 0.209961
vt 0.496826 0.209961
vt 0.083008 0.813965
vt 0.082031 0.672607
vt 0.083008 0.673340
vt 0.083496 0.673340
vt 0.653320 0.124268
vt 0.794189 0.123535
vt 0.794189 0.124268
vt 0.794189 0.128662
vt 0.019287 0.423828
vt 0.015137 0.423828
vt 0.015137 0.282715
vt 0.014404 0.423828
vt 0.711182 0.354980
vt 0.709473 0.334717
vt 0.713379 0.329346
vt 0.709961 0.326904
vt 0.712891 0.321533
vt 0.723145 0.331787
vt 0.710938 0.321045
vt 0.725586 0.322998
vt 0.713379 0.310547
vt 0.782227 0.300293
vt 0.710693 0.311279
vt 0.604492 0.245361
vt 0.797363 0.438232
vt 0.807129 0.435791
vt 0.803467 0.437744
vt 0.795166 0.439209
vt 0.790771 0.438965
vt 0.803955 0.438232
vt 0.793457 0.441406
vt 0.798584 0.440918
vt 0.787354 0.441406
vt 0.782227 0.441162
vt 0.786865 0.445068
vt 0.790527 0.448486
vt 0.781006 0.451660
vt 0.775879 0.448242
vt 0.716309 0.359619
vt 0.780029 0.553223
vt 0.076904 0.426025
vt 0.076172 0.426025
vt 0.076904 0.284668
vt 0.077637 0.425293
vt 0.376465 0.196777
vt 0.305176 0.196777
vt 0.231934 0.191406
vt 0.908691 0.902832
vt 0.908691 0.787842
vt 0.910645 0.900879
vt 0.569092 0.123291
vt 0.569092 0.124512
vt 0.428711 0.124512
vt 0.455078 0.966797
vt 0.314941 0.966797
vt 0.455078 0.966309
vt 0.467041 0.948242
vt 0.467041 0.948730
vt 0.326904 0.948242
vt 0.455078 0.972656
vt 0.314941 0.972656
vt 0.315430 0.971436
vt 0.455078 0.961914
vt 0.314941 0.961914
vt 0.314941 0.960205
vt 0.509521 0.892822
vt 0.509521 0.891113
vt 0.649170 0.892090
vt 0.276855 0.123535
vt 0.277344 0.125488
vt 0.136963 0.123535
vt 0.599365 0.966553
vt 0.459473 0.968018
vt 0.459473 0.966553
vt 0.459473 0.965332
vt 0.611328 0.946533
vt 0.471680 0.946533
vt 0.471680 0.944336
vt 0.511719 0.897217
vt 0.651123 0.898438
vt 0.511719 0.898438
vt 0.511719 0.899902
vt 0.426514 0.871094
vt 0.566406 0.871094
vt 0.426514 0.872803
vt 0.599121 0.974121
vt 0.459717 0.974121
vt 0.459717 0.972168
vt 0.658203 0.937988
vt 0.518555 0.938721
vt 0.518555 0.936768
vt 0.518555 0.909424
vt 0.126953 0.937988
vt 0.126953 0.936035
vt 0.266357 0.936035
vt 0.126953 0.966064
vt 0.185791 0.730713
vt 0.177979 0.733398
vt 0.176758 0.586914
vt 0.674316 0.160889
vt 0.674316 0.153076
vt 0.818115 0.151123
vt 0.637695 0.649902
vt 0.642822 0.498535
vt 0.641602 0.645752
vt 0.556641 0.773682
vt 0.640381 0.658203
vt 0.654541 0.660400
vt 0.648438 0.653320
vt 0.657227 0.652344
vt 0.662109 0.657959
vt 0.649170 0.646484
vt 0.662109 0.653564
vt 0.667236 0.656006
vt 0.663330 0.661377
vt 0.667725 0.661621
vt 0.675049 0.660645
vt 0.674561 0.658203
vt 0.001221 0.406006
vt 0.001221 0.285400
vt 0.004395 0.408203
vt 0.269531 0.942139
vt 0.269531 0.973877
vt 0.129883 0.971436
vt 0.505615 0.883301
vt 0.645264 0.883301
vt 0.505615 0.885742
vt 0.475586 0.877197
vt 0.615234 0.875244
vt 0.614746 0.877197
vt 0.614746 0.878418
vt 0.040283 0.677246
vt 0.040771 0.676758
vt 0.040283 0.817871
vt 0.038818 0.678467
vt 0.031250 0.273193
vt 0.031250 0.132080
vt 0.039551 0.273193
vt 0.070312 0.423828
vt 0.062256 0.423828
vt 0.069824 0.282715
vt 0.699951 0.912109
vt 0.699951 0.912842
vt 0.560791 0.912109
vt 0.255127 0.931641
vt 0.116211 0.931641
vt 0.255127 0.929443
vt 0.738770 0.920654
vt 0.599854 0.920654
vt 0.599854 0.919189
vt 0.599854 0.917236
vt 0.535889 0.905762
vt 0.535889 0.904297
vt 0.674805 0.904297
vt 0.535889 0.907715
vt 0.598633 0.953857
vt 0.459473 0.953857
vt 0.599365 0.953125
vt 0.599365 0.960693
vt 0.459473 0.960693
vt 0.459473 0.958496
vt 0.422363 0.123047
vt 0.282959 0.122070
vt 0.282471 0.120850
vt 0.281982 0.119141
vt 0.081787 0.424805
vt 0.081787 0.284668
vt 0.083252 0.425293
vt 0.083252 0.426025
vt 0.083740 0.426025
vt 0.963135 0.375488
vt 0.968994 0.375488
vt 0.963135 0.486328
vt 0.971924 0.509277
vt 0.967285 0.511475
vt 0.972900 0.400391
vt 0.014160 0.881592
vt 0.014160 0.850342
vt 0.154541 0.876465
vt 0.455322 0.955811
vt 0.314941 0.955811
vt 0.314941 0.953369
vt 0.149170 0.853760
vt 0.149170 0.709961
vt 0.150391 0.709961
vt 0.887695 0.997803
vt 0.883545 1.000000
vt 0.881592 0.997803
vt 0.881592 0.981201
vt 0.877441 0.995850
vt 0.875244 0.993652
vt 0.875244 0.989502
vt 0.877441 0.983154
vt 0.875244 0.985352
vt 0.883545 0.981201
vt 0.887695 0.981201
vt 0.891846 0.995850
vt 0.894043 0.993652
vt 0.894043 0.989502
vt 0.891846 0.983154
vt 0.894043 0.985352
vt 0.109375 0.706055
vt 0.109375 0.849609
vt 0.108154 0.849609
vt 0.673096 0.866943
vt 0.529541 0.866943
vt 0.673096 0.865967
vt 0.068359 0.278076
vt 0.067139 0.278076
vt 0.068359 0.136963
vt 0.069580 0.278076
vt 0.125244 0.706055
vt 0.125244 0.849609
vt 0.124268 0.849609
vt 0.820068 0.196777
vt 0.676514 0.196777
vt 0.819824 0.195312
vt 0.106689 0.128174
vt 0.106689 0.271973
vt 0.105957 0.271973
vt 0.026367 0.281250
vt 0.026367 0.422363
vt 0.025146 0.422363
vt 0.065674 0.713867
vt 0.065674 0.854736
vt 0.064941 0.713867
vt 0.821045 0.866943
vt 0.677490 0.866943
vt 0.821045 0.865967
vt 0.032471 0.281250
vt 0.032471 0.422363
vt 0.031250 0.422363
vt 0.143555 0.706055
vt 0.144287 0.849609
vt 0.143555 0.849609
vt 0.142090 0.849609
vt 0.085938 0.139160
vt 0.086670 0.139160
vt 0.086670 0.280029
vt 0.576904 0.035400
vt 0.575928 0.041260
vt 0.568115 0.036133
vt 0.574219 0.046631
vt 0.570312 0.027588
vt 0.567627 0.043701
vt 0.573486 0.053467
vt 0.564697 0.035156
vt 0.566895 0.026855
vt 0.563965 0.044189
vt 0.567871 0.052979
vt 0.573975 0.060303
vt 0.563721 0.052246
vt 0.567383 0.061523
vt 0.574951 0.066406
vt 0.516846 0.036133
vt 0.514404 0.028809
vt 0.509277 0.032227
vt 0.519287 0.043945
vt 0.511230 0.039062
vt 0.519775 0.052002
vt 0.513916 0.045166
vt 0.505371 0.034424
vt 0.506592 0.041016
vt 0.509033 0.046875
vt 0.513184 0.054199
vt 0.509277 0.055908
vt 0.500000 0.030762
vt 0.520508 0.060059
vt 0.515869 0.062256
vt 0.563965 0.060791
vt 0.516846 0.069824
vt 0.511230 0.063477
vt 0.520996 0.070068
vt 0.564697 0.070312
vt 0.567383 0.069580
vt 0.520508 0.079834
vt 0.565918 0.079102
vt 0.569580 0.079102
vt 0.575928 0.072754
vt 0.513184 0.068604
vt 0.511230 0.074707
vt 0.515137 0.076904
vt 0.509766 0.081299
vt 0.489502 0.081299
vt 0.513428 0.084473
vt 0.510986 0.092041
vt 0.508301 0.088623
vt 0.517090 0.093994
vt 0.519775 0.087402
vt 0.567383 0.085938
vt 0.571045 0.091064
vt 0.572021 0.083740
vt 0.574463 0.090820
vt 0.577148 0.078613
vt 0.942627 0.033447
vt 0.947998 0.030273
vt 0.953857 0.038330
vt 0.947754 0.041016
vt 0.956055 0.041992
vt 0.939453 0.042725
vt 0.935303 0.034668
vt 0.949707 0.045654
vt 0.957031 0.106934
vt 0.930908 0.044434
vt 0.927979 0.034668
vt 0.941406 0.047363
vt 0.920654 0.035645
vt 0.948730 0.104492
vt 0.953613 0.113770
vt 0.930664 0.048340
vt 0.939453 0.102539
vt 0.945557 0.111328
vt 0.942139 0.117676
vt 0.948486 0.117676
vt 0.918701 0.044678
vt 0.927490 0.101562
vt 0.908447 0.044189
vt 0.918945 0.048096
vt 0.912109 0.035156
vt 0.898193 0.042725
vt 0.904297 0.033691
vt 0.908936 0.047852
vt 0.890381 0.040283
vt 0.896484 0.033203
vt 0.890869 0.030029
vt 0.882568 0.039062
vt 0.885986 0.026367
vt 0.899170 0.046875
vt 0.888916 0.044922
vt 0.879395 0.041748
vt 0.885254 0.102539
vt 0.877197 0.105469
vt 0.880371 0.111816
vt 0.895508 0.101807
vt 0.887939 0.108643
vt 0.882812 0.117432
vt 0.905273 0.101318
vt 0.896729 0.108398
vt 0.890625 0.112793
vt 0.899658 0.113037
vt 0.909180 0.113525
vt 0.878174 0.121094
vt 0.907715 0.108643
vt 0.915527 0.101562
vt 0.915527 0.107178
vt 0.927734 0.106934
vt 0.916992 0.112305
vt 0.936768 0.108643
vt 0.927979 0.111572
vt 0.935059 0.114258
vt 0.940918 0.140625
vt 0.276611 0.866455
vt 0.132812 0.866455
vt 0.276367 0.865234
vt 0.122070 0.487305
vt 0.122070 0.343506
vt 0.123535 0.343506
vt 0.055420 0.277100
vt 0.053955 0.277100
vt 0.055420 0.135986
vt 0.056641 0.277100
vt 0.015625 0.655762
vt 0.014404 0.796875
vt 0.014404 0.655762
vt 0.013184 0.655762
vt 0.061279 0.212158
vt 0.062500 0.212158
vt 0.061279 0.353271
vt 0.060791 0.705811
vt 0.060791 0.846924
vt 0.059814 0.846924
vt 0.044434 0.415283
vt 0.043213 0.415283
vt 0.044189 0.274170
vt 0.104004 0.279541
vt 0.104736 0.279541
vt 0.098877 0.423096
vt 0.011719 0.136963
vt 0.011719 0.278076
vt 0.010986 0.278076
vt 0.021240 0.187988
vt 0.022461 0.187988
vt 0.021484 0.329346
vt 0.155518 0.713867
vt 0.155518 0.857666
vt 0.154053 0.857666
vt 0.117676 0.339600
vt 0.117676 0.483154
vt 0.116943 0.339600
vt 0.137207 0.853760
vt 0.130127 0.709961
vt 0.131104 0.709961
vt 0.132324 0.709961
vt 0.072021 0.833740
vt 0.072021 0.692871
vt 0.073486 0.833740
vt 0.144043 0.483154
vt 0.142822 0.483154
vt 0.145752 0.339600
vt 0.145508 0.483154
vt 0.037109 0.418457
vt 0.037109 0.277100
vt 0.038330 0.418457
vt 0.422363 0.127441
vt 0.422363 0.128662
vt 0.281738 0.127441
vt 0.820068 0.190430
vt 0.676514 0.191650
vt 0.676514 0.190430
vt 0.676514 0.189453
vt 0.112793 0.335693
vt 0.112793 0.479248
vt 0.111816 0.335449
vt 0.156494 0.349365
vt 0.156494 0.493408
vt 0.155029 0.493164
vt 0.052979 0.755859
vt 0.054199 0.614746
vt 0.054199 0.755859
vt 0.055664 0.755859
vt 0.073975 0.139160
vt 0.074707 0.139160
vt 0.074707 0.280029
vt 0.824463 0.329834
vt 0.824463 0.186279
vt 0.825928 0.330078
vt 0.049072 0.416260
vt 0.049072 0.275146
vt 0.050537 0.416260
vt 0.045166 0.835938
vt 0.045166 0.694824
vt 0.046631 0.694824
vt 0.150146 0.487305
vt 0.150146 0.343506
vt 0.151367 0.343506
vt 0.111084 0.271729
vt 0.111084 0.128174
vt 0.112305 0.271973
vt 0.525146 0.866699
vt 0.381836 0.866699
vt 0.381836 0.866211
vt 0.034424 0.671631
vt 0.034424 0.812744
vt 0.033203 0.671631
vt 0.088135 0.832764
vt 0.088135 0.691895
vt 0.089355 0.691895
vt 0.021484 0.660645
vt 0.021484 0.801758
vt 0.020264 0.660645
vt 0.138428 0.343506
vt 0.138428 0.487305
vt 0.137207 0.343506
vt 0.045410 0.270020
vt 0.044189 0.270020
vt 0.044189 0.129150
vt 0.160156 0.861816
vt 0.160156 0.717773
vt 0.161377 0.718018
vt 0.127930 0.483154
vt 0.126709 0.483154
vt 0.132812 0.339600
vt 0.113770 0.709961
vt 0.114746 0.709961
vt 0.119629 0.853760
vt 0.103760 0.510742
vt 0.103760 0.654297
vt 0.102783 0.510742
vt 0.107422 0.331543
vt 0.107422 0.475098
vt 0.106201 0.475098
vt 0.081299 0.280029
vt 0.080078 0.280029
vt 0.080078 0.139160
vt 0.079102 0.280029
vt 0.056396 0.281250
vt 0.056396 0.422363
vt 0.055176 0.422363
vt 0.028564 0.664795
vt 0.027588 0.805908
vt 0.027344 0.664795
vt 0.026123 0.664795
vt 0.571289 0.011719
vt 0.568848 0.013184
vt 0.568604 0.009033
vt 0.571533 0.015137
vt 0.569824 0.006592
vt 0.574951 0.015137
vt 0.573242 0.017822
vt 0.576172 0.017822
vt 0.576416 0.012939
vt 0.578613 0.014404
vt 0.578369 0.015869
vt 0.579834 0.017334
vt 0.580566 0.015869
vt 0.579346 0.011963
vt 0.577881 0.010742
vt 0.581055 0.009766
vt 0.576904 0.008057
vt 0.575195 0.009277
vt 0.575195 0.004883
vt 0.572998 0.008545
vt 0.572021 0.006592
vt 0.931885 0.995117
vt 0.928955 0.995850
vt 0.931641 0.987793
vt 0.933838 0.993408
vt 0.933594 0.988281
vt 0.932617 0.986328
vt 0.927246 0.994385
vt 0.926514 0.995850
vt 0.925537 0.993164
vt 0.929932 0.986328
vt 0.928711 0.984863
vt 0.924072 0.991699
vt 0.922363 0.992676
vt 0.922852 0.989014
vt 0.923828 0.986572
vt 0.925781 0.985352
vt 0.924805 0.983154
vt 0.554932 0.010010
vt 0.556152 0.012695
vt 0.553711 0.012939
vt 0.554199 0.008057
vt 0.556641 0.016602
vt 0.557373 0.007324
vt 0.557861 0.014893
vt 0.559570 0.015381
vt 0.560059 0.017578
vt 0.561279 0.014893
vt 0.563965 0.016357
vt 0.561523 0.013428
vt 0.563232 0.012451
vt 0.563965 0.010254
vt 0.562988 0.007324
vt 0.555664 0.006836
vt 0.555908 0.004150
vt 0.559082 0.005371
vt 0.557617 0.003174
vt 0.561279 0.005127
vt 0.383789 0.984863
vt 0.387695 0.983154
vt 0.387207 0.985596
vt 0.385010 0.988525
vt 0.390869 0.983398
vt 0.388184 0.989502
vt 0.385742 0.989014
vt 0.390137 0.987793
vt 0.388184 0.992920
vt 0.391846 0.986328
vt 0.392578 0.984619
vt 0.393311 0.988037
vt 0.391602 0.989502
vt 0.393066 0.991455
vt 0.391113 0.991943
vt 0.389404 0.991943
vt 0.689209 0.019287
vt 0.688721 0.019043
vt 0.689941 0.018799
vt 0.692139 0.015137
vt 0.693848 0.016357
vt 0.672852 0.019287
vt 0.690430 0.027344
vt 0.693848 0.034912
vt 0.686523 0.028564
vt 0.693848 0.035156
vt 0.672363 0.035645
vt 0.673584 0.020508
vt 0.672852 0.035156
vt 0.671875 0.035400
vt 0.672119 0.034668
vt 0.671387 0.035156
vt 0.671875 0.020020
vt 0.672607 0.020752
vt 0.671875 0.020752
vt 0.667725 0.019531
vt 0.667236 0.020752
vt 0.667480 0.020020
vt 0.664795 0.018799
vt 0.666016 0.035156
vt 0.664795 0.020508
vt 0.663330 0.035156
vt 0.660645 0.020752
vt 0.658936 0.035156
vt 0.660400 0.020752
vt 0.658447 0.035156
vt 0.655762 0.034668
vt 0.660645 0.020020
vt 0.658936 0.019775
vt 0.657715 0.017334
vt 0.659668 0.018066
vt 0.659424 0.016357
vt 0.458008 0.029053
vt 0.458008 0.028076
vt 0.458984 0.028564
vt 0.472168 0.034912
vt 0.472168 0.035645
vt 0.458740 0.028320
vt 0.472656 0.035400
vt 0.482910 0.014648
vt 0.484863 0.021484
vt 0.482666 0.014404
vt 0.471191 0.010498
vt 0.482910 0.012695
vt 0.470459 0.010010
vt 0.463867 0.010010
vt 0.466797 0.007568
vt 0.467041 0.004883
vt 0.471924 0.009033
vt 0.483398 0.011475
vt 0.471436 0.008789
vt 0.472412 0.007812
vt 0.471924 0.007568
vt 0.471924 0.006836
vt 0.472656 0.007080
vt 0.483887 0.010742
vt 0.483887 0.009521
vt 0.471436 0.006104
vt 0.468750 0.001709
vt 0.472656 0.006104
vt 0.485107 0.002930
vt 0.469482 0.001221
vt 0.646240 0.020508
vt 0.643311 0.017578
vt 0.643799 0.017090
vt 0.650146 0.018555
vt 0.645752 0.020996
vt 0.642578 0.017578
vt 0.645752 0.023438
vt 0.651367 0.019775
vt 0.650391 0.018066
vt 0.651855 0.019287
vt 0.652100 0.020508
vt 0.652100 0.021484
vt 0.651367 0.022217
vt 0.651855 0.022705
vt 0.646240 0.027344
vt 0.646729 0.027832
vt 0.644043 0.027832
vt 0.642822 0.026367
vt 0.642578 0.026855
vt 0.643799 0.028076
vt 0.648438 0.039551
vt 0.925049 0.015137
vt 0.925293 0.015625
vt 0.924316 0.015625
vt 0.925293 0.014160
vt 0.925049 0.016846
vt 0.925537 0.016113
vt 0.925293 0.017822
vt 0.927002 0.014648
vt 0.926025 0.016602
vt 0.926270 0.017090
vt 0.927002 0.017822
vt 0.926758 0.017090
vt 0.927979 0.016357
vt 0.927979 0.017334
vt 0.928711 0.016113
vt 0.928711 0.015137
vt 0.927734 0.014404
vt 0.927979 0.013672
vt 0.927002 0.013916
vt 0.926270 0.012939
vt 0.926025 0.013672
vt 0.000732 0.987305
vt 0.000244 0.986816
vt 0.000488 0.986084
vt 0.001465 0.986328
vt 0.001709 0.985352
vt 0.000488 0.985352
vt 0.001709 0.987061
vt 0.001221 0.987793
vt 0.002441 0.987305
vt 0.002441 0.985840
vt 0.000732 0.984619
vt 0.002441 0.984863
vt 0.001709 0.985107
vt 0.001953 0.984375
vt 0.898926 0.983398
vt 0.899170 0.983643
vt 0.898193 0.983643
vt 0.898926 0.982666
vt 0.898682 0.984375
vt 0.898193 0.984863
vt 0.898438 0.982422
vt 0.898926 0.981689
vt 0.899414 0.983887
vt 0.899902 0.984619
vt 0.899414 0.981934
vt 0.900635 0.981201
vt 0.900879 0.981445
vt 0.901611 0.983887
vt 0.901855 0.984863
vt 0.902832 0.984619
vt 0.902588 0.983643
vt 0.903076 0.983154
vt 0.902100 0.983154
vt 0.902344 0.982178
vt 0.901855 0.981689
vt 0.901855 0.982666
vt 0.901611 0.981934
vt 0.240479 0.015137
vt 0.241455 0.016113
vt 0.240723 0.016357
vt 0.240234 0.016602
vt 0.239990 0.015869
vt 0.239014 0.015625
vt 0.239502 0.014648
vt 0.240479 0.014160
vt 0.239746 0.013672
vt 0.238525 0.014404
vt 0.239258 0.013184
vt 0.238037 0.013672
vt 0.237793 0.014160
vt 0.281982 0.574463
vt 0.285645 0.574463
vt 0.282471 0.590332
vt 0.283203 0.556152
vt 0.273193 0.575684
vt 0.279297 0.556641
vt 0.272705 0.558105
vt 0.277344 0.541260
vt 0.270508 0.542236
vt 0.266846 0.530273
vt 0.276855 0.589600
vt 0.270996 0.527100
vt 0.260986 0.516602
vt 0.282715 0.605713
vt 0.274414 0.605469
vt 0.281494 0.620605
vt 0.275879 0.624268
vt 0.286133 0.605469
vt 0.278076 0.635498
vt 0.270752 0.637207
vt 0.269287 0.653564
vt 0.275146 0.653320
vt 0.281982 0.635742
vt 0.279053 0.653564
vt 0.285645 0.620850
vt 0.286621 0.637695
vt 0.282471 0.653564
vt 0.340332 0.653564
vt 0.289551 0.621094
vt 0.339355 0.636475
vt 0.352783 0.660645
vt 0.357910 0.643311
vt 0.291260 0.605713
vt 0.339844 0.618896
vt 0.358398 0.623779
vt 0.362061 0.624512
vt 0.361328 0.644043
vt 0.379395 0.628418
vt 0.378662 0.647461
vt 0.339355 0.604248
vt 0.357178 0.605713
vt 0.362305 0.606934
vt 0.380615 0.609375
vt 0.384277 0.609375
vt 0.381104 0.592285
vt 0.363770 0.589600
vt 0.381104 0.571533
vt 0.340820 0.586670
vt 0.360107 0.589111
vt 0.362793 0.570557
vt 0.380615 0.550537
vt 0.384033 0.549805
vt 0.363037 0.552002
vt 0.360596 0.534424
vt 0.358887 0.570557
vt 0.358398 0.549316
vt 0.354004 0.530762
vt 0.365723 0.522949
vt 0.340820 0.550781
vt 0.340820 0.534912
vt 0.339844 0.567627
vt 0.338135 0.553467
vt 0.337646 0.536865
vt 0.290527 0.572510
vt 0.284912 0.540039
vt 0.332764 0.518311
vt 0.287109 0.555908
vt 0.290527 0.590088
vt 0.286621 0.590088
vt 0.281006 0.540283
vt 0.274902 0.526123
vt 0.278809 0.525146
vt 0.329102 0.503174
vt 0.272705 0.511719
vt 0.267822 0.498535
vt 0.268799 0.512695
vt 0.263428 0.499268
vt 0.260010 0.500732
vt 0.265381 0.513916
vt 0.253906 0.504150
vt 0.915039 0.583252
vt 0.912598 0.581787
vt 0.921387 0.578125
vt 0.918945 0.576416
vt 0.911621 0.579834
vt 0.927002 0.572021
vt 0.927734 0.575928
vt 0.917725 0.574219
vt 0.917236 0.572266
vt 0.911133 0.578613
vt 0.899414 0.552490
vt 0.906738 0.547607
vt 0.914307 0.542969
vt 0.933838 0.567139
vt 0.934814 0.569580
vt 0.926270 0.570068
vt 0.943359 0.564209
vt 0.924805 0.567871
vt 0.931885 0.562988
vt 0.922852 0.538086
vt 0.933105 0.565186
vt 0.940674 0.562500
vt 0.939209 0.558350
vt 0.939941 0.560303
vt 0.929443 0.531982
vt 0.921387 0.537354
vt 0.939209 0.530029
vt 0.936035 0.520264
vt 0.947510 0.555908
vt 0.948242 0.557861
vt 0.948730 0.559814
vt 0.948242 0.563232
vt 0.955078 0.562012
vt 0.957275 0.557861
vt 0.964844 0.561035
vt 0.956055 0.553955
vt 0.957031 0.555908
vt 0.966309 0.556641
vt 0.973145 0.561035
vt 0.974854 0.559814
vt 0.966309 0.554443
vt 0.965820 0.552734
vt 0.974121 0.557129
vt 0.948975 0.528076
vt 0.957764 0.527100
vt 0.974365 0.552246
vt 0.964111 0.525146
vt 0.957275 0.524170
vt 0.965820 0.517090
vt 0.956543 0.516357
vt 0.955811 0.513672
vt 0.947998 0.517090
vt 0.935791 0.518066
vt 0.948242 0.514893
vt 0.937256 0.505615
vt 0.954590 0.504395
vt 0.962158 0.502441
vt 0.947754 0.504883
vt 0.955566 0.502686
vt 0.946533 0.504150
vt 0.946289 0.466064
vt 0.959717 0.495850
vt 0.933105 0.499023
vt 0.929688 0.487793
vt 0.924316 0.478271
vt 0.924072 0.470215
vt 0.924805 0.461670
vt 0.587646 0.042480
vt 0.590088 0.043457
vt 0.590088 0.050537
vt 0.592041 0.043457
vt 0.592041 0.035156
vt 0.774170 0.745850
vt 0.761230 0.732178
vt 0.771973 0.729004
vt 0.764648 0.713623
vt 0.758301 0.709717
vt 0.762939 0.695068
vt 0.756836 0.691162
vt 0.760010 0.676514
vt 0.753418 0.673584
vt 0.759766 0.657227
vt 0.749268 0.674316
vt 0.753418 0.655029
vt 0.752930 0.638672
vt 0.759766 0.640381
vt 0.760254 0.624023
vt 0.748779 0.654785
vt 0.754639 0.620117
vt 0.752197 0.692383
vt 0.748291 0.638184
vt 0.755859 0.602051
vt 0.766357 0.604492
vt 0.750000 0.619385
vt 0.743652 0.637939
vt 0.757568 0.581299
vt 0.764648 0.584473
vt 0.767090 0.568115
vt 0.762695 0.563477
vt 0.759033 0.565186
vt 0.750732 0.597656
vt 0.750977 0.580078
vt 0.744385 0.578369
vt 0.757812 0.561279
vt 0.761719 0.520996
vt 0.744141 0.598389
vt 0.672363 0.597168
vt 0.745117 0.618652
vt 0.676025 0.614990
vt 0.677002 0.637451
vt 0.672607 0.617920
vt 0.679932 0.656250
vt 0.744141 0.654541
vt 0.744629 0.674072
vt 0.679932 0.677734
vt 0.683594 0.699707
vt 0.678955 0.699219
vt 0.747559 0.692627
vt 0.681152 0.719727
vt 0.749023 0.711426
vt 0.750977 0.729248
vt 0.753906 0.710938
vt 0.756348 0.732666
vt 0.757812 0.748291
vt 0.753662 0.748779
vt 0.678711 0.738281
vt 0.675293 0.757324
vt 0.436768 0.365479
vt 0.419922 0.376465
vt 0.424072 0.343018
vt 0.403809 0.354736
vt 0.402100 0.386230
vt 0.449219 0.352051
vt 0.452393 0.355713
vt 0.466797 0.359131
vt 0.469238 0.338867
vt 0.444336 0.329834
vt 0.443115 0.322021
vt 0.423828 0.335693
vt 0.411621 0.311279
vt 0.434570 0.298096
vt 0.407715 0.309570
vt 0.430664 0.298096
vt 0.337158 0.245117
vt 0.436035 0.269531
vt 0.440430 0.246582
vt 0.388428 0.323730
vt 0.344238 0.347412
vt 0.322021 0.346191
vt 0.368896 0.339111
vt 0.347656 0.350098
vt 0.390381 0.327881
vt 0.399902 0.349121
vt 0.379883 0.360596
vt 0.361816 0.372559
vt 0.365479 0.378906
vt 0.383057 0.364502
vt 0.384521 0.393311
vt 0.374023 0.411377
vt 0.386230 0.397461
vt 0.310059 0.971680
vt 0.306152 0.968994
vt 0.309326 0.949219
vt 0.303955 0.951904
vt 0.282471 0.953369
vt 0.286377 0.971436
vt 0.284912 0.973633
vt 0.278076 0.950684
vt 0.277100 0.930664
vt 0.270752 0.929199
vt 0.297852 0.930664
vt 0.305176 0.929199
vt 0.323975 0.928467
vt 0.331299 0.940430
vt 0.302246 0.909424
vt 0.298096 0.909180
vt 0.277100 0.909912
vt 0.190918 0.896973
vt 0.276367 0.888672
vt 0.298828 0.887451
vt 0.303223 0.887939
vt 0.302979 0.867188
vt 0.284668 0.867676
vt 0.282227 0.868408
vt 0.309082 0.868408
vt 0.321533 0.907227
vt 0.324707 0.889648
vt 0.326416 0.873047
vt 0.325195 0.908691
vt 0.326416 0.925293
vt 0.370361 0.882324
vt 0.208740 0.025146
vt 0.210693 0.025146
vt 0.208740 0.033447
vt 0.936035 0.012207
vt 0.941895 0.000977
vt 0.946045 0.008057
vt 0.936279 0.015137
vt 0.946777 0.011475
vt 0.955566 0.008057
vt 0.951172 0.020264
vt 0.937988 0.024902
vt 0.950195 0.023438
vt 0.938965 0.026611
vt 0.956055 0.027832
vt 0.905273 0.240234
vt 0.903564 0.230469
vt 0.915283 0.238525
vt 0.915283 0.240479
vt 0.927490 0.236328
vt 0.913574 0.228760
vt 0.903320 0.228516
vt 0.912842 0.225830
vt 0.910889 0.217773
vt 0.920410 0.215332
vt 0.925781 0.226562
vt 0.925537 0.224609
vt 0.937500 0.234619
vt 0.938232 0.236572
vt 0.947754 0.239258
vt 0.935791 0.224854
vt 0.948975 0.232666
vt 0.958008 0.239502
vt 0.928223 0.211182
vt 0.918213 0.213379
vt 0.926270 0.211182
vt 0.935791 0.209473
vt 0.935791 0.221924
vt 0.947266 0.222656
vt 0.946045 0.219482
vt 0.945801 0.207275
vt 0.960938 0.227783
vt 0.960205 0.229736
vt 0.969238 0.241943
vt 0.971436 0.232178
vt 0.971924 0.230225
vt 0.743164 0.561279
vt 0.719238 0.553711
vt 0.758789 0.476318
vt 0.700684 0.542236
vt 0.692139 0.526855
vt 0.684814 0.510742
vt 0.682129 0.491943
vt 0.680908 0.471191
vt 0.687500 0.457031
vt 0.677002 0.470459
vt 0.718262 0.406738
vt 0.734863 0.398682
vt 0.700195 0.420898
vt 0.715820 0.404541
vt 0.700195 0.395996
vt 0.683105 0.454590
vt 0.667236 0.447266
vt 0.689697 0.438721
vt 0.672363 0.429199
vt 0.685547 0.412842
vt 0.682861 0.410645
vt 0.696289 0.393066
vt 0.671143 0.424805
vt 0.655762 0.422119
vt 0.681641 0.388184
vt 0.661133 0.409668
vt 0.650391 0.409180
vt 0.648682 0.406250
vt 0.668213 0.403320
vt 0.669189 0.400391
vt 0.677734 0.386719
vt 0.652588 0.358643
vt 0.686523 0.377930
vt 0.973145 0.904297
vt 0.979736 0.907959
vt 0.977295 0.911621
vt 0.981934 0.904053
vt 0.970215 0.912354
vt 0.997070 0.915039
vt 0.974854 0.916748
vt 0.973633 0.922607
vt 0.993408 0.925537
vt 0.974609 0.927246
vt 0.978516 0.930420
vt 0.994385 0.919678
vt 1.000000 0.920654
vt 0.988037 0.931641
vt 0.982666 0.932861
vt 0.991943 0.929199
vt 0.998291 0.933594
vt 0.996094 0.906738
vt 0.994629 0.910645
vt 0.991211 0.908691
vt 0.993652 0.903320
vt 0.987549 0.906006
vt 0.974609 0.999756
vt 0.971680 0.993408
vt 0.975830 0.993408
vt 0.978027 0.992920
vt 0.973389 0.992432
vt 0.975586 0.987061
vt 0.970947 0.991455
vt 0.965088 0.995117
vt 0.966797 0.988770
vt 0.970215 0.989502
vt 0.969238 0.987549
vt 0.968506 0.985840
vt 0.971191 0.982178
vt 0.966797 0.976562
vt 0.971436 0.977051
vt 0.972412 0.979736
vt 0.975098 0.979980
vt 0.977539 0.978027
vt 0.977051 0.979980
vt 0.979736 0.980713
vt 0.985596 0.976318
vt 0.988770 0.980469
vt 0.981689 0.984375
vt 0.989990 0.985596
vt 0.981689 0.986816
vt 0.983398 0.986328
vt 0.989746 0.991699
vt 0.980713 0.989502
vt 0.979492 0.991943
vt 0.981934 0.990967
vt 0.986572 0.995605
vt 0.032471 0.512207
vt 0.021240 0.503906
vt 0.026367 0.504639
vt 0.018555 0.497803
vt 0.021240 0.494385
vt 0.014893 0.488281
vt 0.018311 0.485840
vt 0.017090 0.481689
vt 0.034912 0.482178
vt 0.041016 0.495361
vt 0.047852 0.503418
vt 0.038086 0.490479
vt 0.051025 0.499023
vt 0.044434 0.493164
vt 0.041748 0.488525
vt 0.059082 0.485352
vt 0.043213 0.485107
vt 0.039551 0.480713
vt 0.055908 0.480225
vt 0.036865 0.476074
vt 0.032715 0.476807
vt 0.031006 0.468750
vt 0.053711 0.470947
vt 0.014893 0.472412
vt 0.011230 0.474609
vt 0.014160 0.468262
vt 0.037109 0.468750
vt 0.030762 0.465088
vt 0.012695 0.459961
vt 0.037598 0.464844
vt 0.030029 0.458008
vt 0.030029 0.450928
vt 0.012451 0.451660
vt 0.012939 0.442871
vt 0.033936 0.457520
vt 0.037598 0.457764
vt 0.036865 0.450195
vt 0.049805 0.462646
vt 0.030762 0.443115
vt 0.030273 0.439697
vt 0.012451 0.439209
vt 0.035645 0.443115
vt 0.048828 0.451172
vt 0.013184 0.430908
vt 0.030762 0.431641
vt 0.032227 0.426758
vt 0.036621 0.428223
vt 0.035156 0.432617
vt 0.034668 0.439697
vt 0.037598 0.435547
vt 0.038330 0.439209
vt 0.049561 0.442627
vt 0.051514 0.438232
vt 0.042480 0.424316
vt 0.052734 0.450928
vt 0.055176 0.431885
vt 0.043701 0.419434
vt 0.052734 0.441895
vt 0.054443 0.437012
vt 0.057129 0.434082
vt 0.056396 0.427246
vt 0.059814 0.431641
vt 0.066406 0.438477
vt 0.062012 0.428711
vt 0.073486 0.430908
vt 0.083496 0.438232
vt 0.090576 0.431885
vt 0.063965 0.451904
vt 0.078125 0.443604
vt 0.091797 0.447754
vt 0.101318 0.448486
vt 0.100342 0.459717
vt 0.079346 0.449707
vt 0.066162 0.461426
vt 0.053467 0.458984
vt 0.053711 0.462891
vt 0.054199 0.467041
vt 0.057617 0.472168
vt 0.081055 0.455322
vt 0.069824 0.467041
vt 0.064209 0.479004
vt 0.085205 0.459229
vt 0.066406 0.492188
vt 0.070801 0.485107
vt 0.076416 0.473145
vt 0.090088 0.461426
vt 0.084229 0.475342
vt 0.092773 0.474609
vt 0.076172 0.482422
vt 0.082764 0.485596
vt 0.090088 0.481689
vt 0.086670 0.485107
vt 0.077881 0.486816
vt 0.074951 0.493652
vt 0.102539 0.502197
vt 0.068115 0.510254
vt 0.092773 0.524170
vt 0.056885 0.505127
vt 0.052979 0.509521
vt 0.038574 0.519287
vt 0.063477 0.513184
vt 0.060059 0.516357
vt 0.047363 0.526855
vt 0.068115 0.520264
vt 0.077393 0.558105
vt 0.064453 0.524414
vt 0.072021 0.562500
vt 0.052002 0.534912
vt 0.048584 0.536133
vt 0.020508 0.063965
vt 0.002686 0.070801
vt 0.002197 0.060791
vt 0.000488 0.064941
vt 0.000000 0.054688
vt 0.020020 0.053955
vt 0.027832 0.055664
vt 0.024902 0.065186
vt 0.019775 0.043945
vt 0.001709 0.043701
vt 0.027344 0.045410
vt 0.029541 0.049561
vt 0.001709 0.029541
vt 0.030273 0.032227
vt 0.019775 0.029541
vt 0.029541 0.022217
vt 0.033691 0.023926
vt 0.031738 0.008789
vt 0.019775 0.020508
vt 0.001709 0.020508
vt 0.001709 0.006836
vt 0.019775 0.007080
vt 0.849854 0.036377
vt 0.856445 0.037598
vt 0.854248 0.042480
vt 0.848389 0.038330
vt 0.853516 0.046387
vt 0.844971 0.043945
vt 0.844482 0.037842
vt 0.845947 0.036621
vt 0.841553 0.041504
vt 0.840332 0.034668
vt 0.830811 0.065430
vt 0.836914 0.035889
vt 0.838379 0.026123
vt 0.834961 0.027344
vt 0.833740 0.035889
vt 0.832764 0.027100
vt 0.837891 0.040039
vt 0.838623 0.042480
vt 0.834961 0.042480
vt 0.830811 0.039795
vt 0.831299 0.042725
vt 0.829102 0.039307
vt 0.816650 0.050049
vt 0.827881 0.037598
vt 0.826660 0.035645
vt 0.837158 0.073730
vt 0.811279 0.076904
vt 0.837158 0.075928
vt 0.854492 0.051758
vt 0.840088 0.074707
vt 0.839844 0.075684
vt 0.842773 0.074951
vt 0.861572 0.050293
vt 0.857910 0.052490
vt 0.864014 0.056152
vt 0.846680 0.081299
vt 0.841553 0.076172
vt 0.844971 0.081543
vt 0.839600 0.077148
vt 0.841553 0.100830
vt 0.845459 0.116699
vt 0.985107 0.228027
vt 0.985107 0.181152
vt 0.992920 0.226807
vt 0.606445 0.065674
vt 0.614258 0.069580
vt 0.611328 0.070557
vt 0.602783 0.065918
vt 0.594482 0.093994
vt 0.607178 0.064453
vt 0.604248 0.064209
vt 0.597168 0.036865
vt 0.963623 0.103516
vt 0.961670 0.103516
vt 0.961670 0.073486
vt 0.986572 0.232422
vt 0.986572 0.278809
vt 0.984619 0.232666
vt 0.995117 0.206543
vt 0.995117 0.150391
vt 0.998779 0.150879
vt 0.999512 0.211426
vt 0.999512 0.257812
vt 0.997559 0.211670
vt 0.237305 0.023193
vt 0.213135 0.038818
vt 0.229248 0.020508
vt 0.214355 0.000000
vt 0.583008 0.021973
vt 0.581299 0.045898
vt 0.581299 0.021973
vt 0.557617 0.021973
vt 0.979492 0.039795
vt 0.987549 0.039062
vt 0.985352 0.041748
vt 0.993164 0.044189
vt 0.974854 0.045898
vt 0.993652 0.042725
vt 0.977051 0.042480
vt 0.973877 0.044678
vt 0.977295 0.041260
vt 0.975342 0.023438
vt 0.976807 0.024414
vt 0.991455 0.022461
vt 0.994873 0.016846
vt 0.991211 0.022949
vt 0.991211 0.016846
vt 0.988770 0.012939
vt 0.990723 0.021240
vt 0.990479 0.021973
vt 0.976807 0.023682
vt 0.990234 0.015869
vt 0.990234 0.021484
vt 0.977051 0.022949
vt 0.976074 0.022949
vt 0.975586 0.018799
vt 0.976562 0.018066
vt 0.975098 0.015381
vt 0.976074 0.015381
vt 0.976318 0.010986
vt 0.990967 0.010254
vt 0.975342 0.011475
vt 0.977295 0.010254
vt 0.990723 0.008789
vt 0.989746 0.004150
vt 0.975586 0.009766
vt 0.974609 0.010254
vt 0.973877 0.011230
vt 0.972412 0.010986
vt 0.972656 0.008789
vt 0.988037 0.001953
vt 0.730713 0.007324
vt 0.731201 0.006348
vt 0.731934 0.007324
vt 0.747314 0.007812
vt 0.747559 0.007080
vt 0.748047 0.007568
vt 0.747314 0.031738
vt 0.731445 0.007324
vt 0.733887 0.029785
vt 0.728027 0.026611
vt 0.729248 0.030273
vt 0.734863 0.029785
vt 0.727783 0.032471
vt 0.746582 0.031494
vt 0.746826 0.033447
vt 0.751709 0.036133
vt 0.746338 0.033203
vt 0.746094 0.034668
vt 0.734863 0.031494
vt 0.733887 0.031494
vt 0.734619 0.032715
vt 0.733887 0.032715
vt 0.733643 0.033203
vt 0.734375 0.033447
vt 0.746094 0.035400
vt 0.745605 0.036621
vt 0.732910 0.033691
vt 0.727783 0.036133
vt 0.733887 0.034424
vt 0.743408 0.043457
vt 0.728271 0.037109
vt 0.315186 0.020996
vt 0.316406 0.027832
vt 0.313965 0.020996
vt 0.313477 0.021729
vt 0.313477 0.022949
vt 0.312744 0.022949
vt 0.313477 0.030273
vt 0.312744 0.030273
vt 0.314697 0.031982
vt 0.316406 0.031982
vt 0.314697 0.032715
vt 0.316406 0.032715
vt 0.586426 0.016113
vt 0.587158 0.016602
vt 0.585693 0.016113
vt 0.586426 0.015625
vt 0.586182 0.015137
vt 0.585693 0.014648
vt 0.586670 0.014404
vt 0.586182 0.013428
vt 0.587402 0.013916
vt 0.586914 0.013184
vt 0.587891 0.013184
vt 0.587891 0.016113
vt 0.588623 0.016602
vt 0.588623 0.013916
vt 0.589111 0.013184
vt 0.589355 0.014160
vt 0.588623 0.015625
vt 0.590088 0.014893
vt 0.589844 0.016113
vt 0.589600 0.015381
vt 0.173340 0.986328
vt 0.173340 0.985596
vt 0.173828 0.986084
vt 0.174316 0.986328
vt 0.173828 0.984863
vt 0.173096 0.984375
vt 0.174316 0.984375
vt 0.174316 0.985596
vt 0.175293 0.985352
vt 0.175293 0.984375
vt 0.174805 0.986084
vt 0.174561 0.986816
vt 0.175781 0.987061
vt 0.175781 0.985840
vt 0.176270 0.985107
vt 0.176270 0.984131
vt 0.452881 0.055420
vt 0.452148 0.050537
vt 0.456543 0.054932
vt 0.449463 0.052002
vt 0.452637 0.060059
vt 0.449219 0.055176
vt 0.446045 0.049316
vt 0.447510 0.076416
vt 0.451660 0.076416
vt 0.455811 0.080078
vt 0.466553 0.051514
vt 0.451172 0.079834
vt 0.450439 0.083252
vt 0.445312 0.053955
vt 0.447021 0.080078
vt 0.443359 0.080322
vt 0.441406 0.075684
vt 0.442871 0.083984
vt 0.428467 0.082275
vt 0.430908 0.053467
vt 0.463867 0.088379
vt 0.466309 0.084229
vt 0.459717 0.093506
vt 0.470215 0.078369
vt 0.471191 0.052246
vt 0.467041 0.046387
vt 0.447266 0.085449
vt 0.455078 0.095215
vt 0.430908 0.089600
vt 0.462891 0.043457
vt 0.461914 0.039795
vt 0.456543 0.039062
vt 0.449463 0.046875
vt 0.453613 0.034912
vt 0.433350 0.045410
vt 0.439453 0.027100
vt 0.409180 0.037842
vt 0.431152 0.049072
vt 0.409912 0.046143
vt 0.409668 0.052490
vt 0.428711 0.076904
vt 0.406738 0.076904
vt 0.389648 0.051025
vt 0.387695 0.041992
vt 0.389160 0.038330
vt 0.371338 0.040039
vt 0.373779 0.042725
vt 0.389648 0.045898
vt 0.373779 0.048096
vt 0.387207 0.076172
vt 0.371582 0.076172
vt 0.406250 0.081787
vt 0.386719 0.081055
vt 0.371094 0.080811
vt 0.383789 0.083984
vt 0.367920 0.083008
vt 0.406494 0.085938
vt 0.405273 0.091064
vt 0.383545 0.087891
vt 0.385010 0.091064
vt 0.371338 0.096680
vt 0.920898 0.906006
vt 0.942139 0.884033
vt 0.950928 0.906738
vt 0.951172 0.875244
vt 0.962402 0.883789
vt 0.920654 0.910156
vt 0.906982 0.908203
vt 0.954346 0.908203
vt 0.964844 0.893799
vt 0.953125 0.912598
vt 0.951904 0.917236
vt 0.906738 0.912109
vt 0.902100 0.907715
vt 0.902100 0.912109
vt 0.919189 0.916260
vt 0.906006 0.918213
vt 0.920410 0.938721
vt 0.953613 0.940430
vt 0.953369 0.945068
vt 0.901855 0.918701
vt 0.896973 0.916504
vt 0.895996 0.921631
vt 0.907715 0.940674
vt 0.902100 0.940918
vt 0.896729 0.941895
vt 0.921143 0.944824
vt 0.954590 0.949463
vt 0.907471 0.945068
vt 0.898193 0.945801
vt 0.894287 0.946777
vt 0.898438 0.949707
vt 0.902832 0.946045
vt 0.902832 0.949707
vt 0.903076 0.953369
vt 0.907471 0.952881
vt 0.907227 0.949219
vt 0.920410 0.949219
vt 0.921387 0.953125
vt 0.914307 0.975342
vt 0.950195 0.954834
vt 0.965820 0.961426
vt 0.937744 0.980469
vt 0.962158 0.973145
vt 0.958252 0.990723
vt 0.046387 0.042969
vt 0.058838 0.041260
vt 0.059326 0.053711
vt 0.073486 0.052002
vt 0.044678 0.054932
vt 0.058350 0.055420
vt 0.074463 0.054199
vt 0.086426 0.052490
vt 0.045898 0.056885
vt 0.035400 0.050049
vt 0.086670 0.055176
vt 0.074463 0.056641
vt 0.058350 0.058105
vt 0.034180 0.055908
vt 0.033203 0.057861
vt 0.046143 0.059326
vt 0.033447 0.060059
vt 0.034668 0.072998
vt 0.047852 0.071777
vt 0.060303 0.070312
vt 0.047852 0.074219
vt 0.034668 0.075195
vt 0.036133 0.076904
vt 0.048096 0.076904
vt 0.076172 0.068848
vt 0.060303 0.072754
vt 0.060303 0.075439
vt 0.047607 0.079590
vt 0.038818 0.085449
vt 0.062012 0.076904
vt 0.055176 0.092773
vt 0.067627 0.090332
vt 0.074951 0.074951
vt 0.077881 0.090088
vt 0.076172 0.071289
vt 0.087646 0.088867
vt 0.087402 0.090820
vt 0.100586 0.093506
vt 0.089111 0.074219
vt 0.101074 0.077637
vt 0.123535 0.078125
vt 0.102539 0.076660
vt 0.105225 0.071533
vt 0.087646 0.071777
vt 0.087891 0.069824
vt 0.087891 0.067383
vt 0.104980 0.067139
vt 0.123047 0.069092
vt 0.101562 0.054688
vt 0.123047 0.052979
vt 0.101562 0.052002
vt 0.912842 0.205566
vt 0.910400 0.205566
vt 0.912109 0.195557
vt 0.908447 0.204590
vt 0.906250 0.204590
vt 0.902344 0.212891
vt 0.910400 0.194824
vt 0.908691 0.194092
vt 0.913818 0.185303
vt 0.911865 0.185303
vt 0.914062 0.195557
vt 0.916260 0.185303
vt 0.925293 0.195557
vt 0.923828 0.205811
vt 0.925537 0.205566
vt 0.927490 0.196045
vt 0.929688 0.195557
vt 0.927490 0.205078
vt 0.930908 0.186035
vt 0.944336 0.199463
vt 0.933594 0.185547
vt 0.928467 0.185547
vt 0.931885 0.171631
vt 0.928955 0.170654
vt 0.926758 0.171143
vt 0.916016 0.169922
vt 0.922363 0.153564
vt 0.926514 0.153564
vt 0.926514 0.151367
vt 0.929932 0.151611
vt 0.910156 0.153320
vt 0.948486 0.173096
vt 0.913574 0.169434
vt 0.907471 0.153320
vt 0.906494 0.151367
vt 0.903809 0.151611
vt 0.911377 0.170654
vt 0.909912 0.171631
vt 0.949951 0.185547
vt 0.950195 0.174316
vt 0.971924 0.168213
vt 0.950195 0.187744
vt 0.952393 0.188965
vt 0.964355 0.065674
vt 0.963867 0.068359
vt 0.962646 0.043457
vt 0.961182 0.068604
vt 0.967041 0.066162
vt 0.792480 0.044189
vt 0.779541 0.057617
vt 0.775146 0.056152
vt 0.772949 0.089844
vt 0.775635 0.090820
vt 0.758789 0.059082
vt 0.781006 0.061523
vt 0.763184 0.040771
vt 0.757812 0.089355
vt 0.754883 0.088867
vt 0.755127 0.056885
vt 0.749756 0.089600
vt 0.778320 0.093750
vt 0.797852 0.043701
vt 0.779297 0.091309
vt 0.797607 0.066650
vt 0.797119 0.093506
vt 0.750000 0.058105
vt 0.750488 0.040039
vt 0.748535 0.087158
vt 0.731934 0.061523
vt 0.727295 0.045898
vt 0.729980 0.090088
vt 0.728271 0.090332
vt 0.726318 0.088135
vt 0.727539 0.062744
vt 0.726562 0.059814
vt 0.720947 0.091309
vt 0.723389 0.060059
vt 0.709473 0.060303
vt 0.897461 0.024902
vt 0.889648 0.020508
vt 0.894531 0.008545
vt 0.888428 0.019287
vt 0.893066 0.007080
vt 0.902832 0.015137
vt 0.899414 0.025879
vt 0.916504 0.006104
vt 0.904541 0.016357
vt 0.902832 0.025879
vt 0.906250 0.015137
vt 0.916260 0.010742
vt 0.918701 0.011230
vt 0.907471 0.017334
vt 0.903320 0.027832
vt 0.917480 0.029541
vt 0.919678 0.028809
vt 0.850098 0.002686
vt 0.868652 0.000244
vt 0.850342 0.004639
vt 0.867676 0.002441
vt 0.850830 0.007324
vt 0.873291 0.001953
vt 0.867676 0.003906
vt 0.854492 0.017822
vt 0.839355 0.017578
vt 0.871338 0.012695
vt 0.868408 0.011719
vt 0.854248 0.021484
vt 0.879883 0.024902
vt 0.868164 0.013672
vt 0.870361 0.014893
vt 0.876709 0.025635
vt 0.877686 0.026611
vt 0.867432 0.036621
vt 0.865967 0.034912
vt 0.863770 0.035645
vt 0.854736 0.024170
vt 0.845947 0.029785
vt 0.868652 0.015625
vt 0.542725 0.006592
vt 0.540039 0.005371
vt 0.546143 0.001953
vt 0.540527 0.001221
vt 0.536377 0.005371
vt 0.542725 0.012451
vt 0.545166 0.021973
vt 0.535156 0.010498
vt 0.531494 0.005615
vt 0.540527 0.016846
vt 0.529785 0.012451
vt 0.536377 0.016602
vt 0.537598 0.020508
vt 0.530518 0.023682
vt 0.531494 0.017578
vt 0.525635 0.014893
vt 0.324219 0.006592
vt 0.329102 0.006348
vt 0.332764 0.020752
vt 0.323730 0.021729
vt 0.337158 0.014893
vt 0.333252 0.006348
vt 0.333008 0.001953
vt 0.337646 0.004150
vt 0.336426 0.008545
vt 0.340332 0.009277
vt 0.426758 0.020508
vt 0.426025 0.021973
vt 0.424316 0.019531
vt 0.428223 0.021240
vt 0.427734 0.018311
vt 0.423828 0.025635
vt 0.432373 0.020508
vt 0.423828 0.022949
vt 0.420654 0.022705
vt 0.421875 0.017334
vt 0.422119 0.015381
vt 0.429443 0.015625
vt 0.431885 0.016113
vt 0.426514 0.013672
vt 0.421387 0.009766
vt 0.427002 0.010986
vt 0.428467 0.009277
vt 0.430908 0.011719
vt 0.425537 0.008057
vt 0.909912 0.980469
vt 0.914795 0.981689
vt 0.911865 0.982910
vt 0.914551 0.983643
vt 0.909912 0.984619
vt 0.917725 0.983887
vt 0.908203 0.986572
vt 0.907471 0.982910
vt 0.912109 0.987549
vt 0.915283 0.984619
vt 0.914062 0.986572
vt 0.917725 0.992920
vt 0.914307 0.995850
vt 0.909668 0.994629
vt 0.908691 0.992432
vt 0.908203 0.989990
vt 0.910156 0.988037
vt 0.315674 0.013184
vt 0.317627 0.016602
vt 0.315674 0.015381
vt 0.312988 0.015381
vt 0.319092 0.012207
vt 0.312012 0.013428
vt 0.317627 0.010010
vt 0.319336 0.009033
vt 0.315918 0.006104
vt 0.313965 0.011230
vt 0.310059 0.009277
vt 0.314697 0.008789
vt 0.313232 0.006592
vt 0.313232 0.004150
vt 0.311279 0.006836
vt 0.602295 0.016602
vt 0.597656 0.016846
vt 0.598877 0.013428
vt 0.597412 0.014648
vt 0.595459 0.013672
vt 0.597656 0.010254
vt 0.595703 0.009033
vt 0.604004 0.014893
vt 0.607910 0.015381
vt 0.601318 0.008057
vt 0.598389 0.008545
vt 0.599854 0.004883
vt 0.599854 0.007324
vt 0.604248 0.005859
vt 0.605957 0.010986
vt 0.605713 0.008057
vt 0.608154 0.007812
vt 0.607910 0.010986
vt 0.606201 0.013428
vt 0.608154 0.013672
vt 0.207031 0.016602
vt 0.206299 0.017334
vt 0.207031 0.015869
vt 0.207520 0.016357
vt 0.208252 0.016357
vt 0.208740 0.015869
vt 0.208740 0.016846
vt 0.209473 0.016846
vt 0.208984 0.017822
vt 0.209961 0.017578
vt 0.206543 0.018311
vt 0.206055 0.019531
vt 0.209473 0.018555
vt 0.210449 0.018555
vt 0.209961 0.019775
vt 0.210449 0.019287
vt 0.208984 0.019775
vt 0.208496 0.020508
vt 0.207275 0.019287
vt 0.207031 0.020752
vt 0.207764 0.020264
vt 0.207520 0.020020
vt 0.166016 0.986816
vt 0.165527 0.986084
vt 0.166260 0.986328
vt 0.166992 0.986572
vt 0.166016 0.984619
vt 0.165039 0.985107
vt 0.166260 0.985596
vt 0.166748 0.985596
vt 0.167480 0.986084
vt 0.167480 0.986816
vt 0.167480 0.984619
vt 0.166992 0.984131
vt 0.168457 0.984375
vt 0.168213 0.984863
vn 0.039474 -0.030820 0.998745
vn 0.829532 -0.542648 0.131946
vn 0.923630 -0.383116 0.011366
vn 0.039016 -0.019507 0.999048
vn 0.045442 -0.009088 0.998926
vn 0.000000 0.000000 1.000000
vn 0.961597 -0.274102 0.014132
vn -0.009463 -0.047316 0.998835
vn -0.003455 -0.042399 0.999095
vn 0.012396 -0.048202 0.998761
vn 0.040778 -0.003649 0.999161
vn 0.923630 -0.383117 -0.011366
vn 0.989372 -0.013148 0.144813
vn 0.046438 0.013018 0.998836
vn 0.039018 0.019507 0.999048
vn 0.040132 0.028491 0.998788
vn 0.957830 0.287335 0.000000
vn 0.894437 0.447195 0.000000
vn 0.961597 0.274101 -0.014132
vn 0.894436 0.447197 0.000000
vn 0.320044 0.159194 -0.933932
vn 0.989372 0.013148 -0.144814
vn 0.957831 -0.287333 0.000000
vn 0.329940 0.015549 -0.943874
vn 0.378312 0.077407 -0.922436
vn 0.825635 0.413129 -0.384255
vn 0.313270 0.240257 -0.918770
vn 0.755864 0.544154 -0.364096
vn 0.890111 0.221837 -0.398108
vn 0.893887 0.446972 0.034381
vn 0.808417 0.588609 0.001242
vn 0.591331 0.806421 0.003517
vn 0.970117 0.242575 0.005509
vn 0.751145 0.613430 -0.243895
vn 0.628044 0.738728 -0.244627
vn 0.429900 0.793961 -0.429898
vn 0.590786 0.497349 -0.635308
vn 0.798880 0.440057 -0.410050
vn 0.542339 0.278097 -0.792799
vn 0.844592 0.482649 0.231764
vn 0.928089 0.229562 -0.293175
vn 0.689294 0.223008 -0.689305
vn 0.950035 0.237554 0.202487
vn 0.948683 0.000000 -0.316228
vn 0.707105 0.000000 -0.707109
vn 1.000000 0.000000 0.000000
vn 1.000000 0.000000 0.000000
vn 0.974641 -0.223728 0.004452
vn 0.937230 -0.119406 -0.327631
vn 0.676385 -0.057869 -0.734271
vn 0.941750 0.000000 -0.336315
vn 0.845228 -0.373578 -0.382137
vn 0.567964 -0.223775 -0.792049
vn 0.446631 -0.368579 -0.815273
vn 0.890107 -0.221834 -0.398121
vn 0.376082 -0.093516 -0.921855
vn 0.334124 -0.162550 -0.928406
vn 0.832764 -0.414577 -0.366920
vn 0.873337 -0.484549 0.049936
vn 0.845299 -0.362306 0.392688
vn 0.725897 -0.542196 -0.423198
vn 0.698307 -0.583953 -0.413965
vn 0.770536 -0.637247 0.013787
vn 0.722808 -0.602352 0.338704
vn 0.592388 -0.689906 -0.416060
vn 0.342450 -0.424884 -0.837975
vn 0.621489 -0.725062 0.296709
vn 0.707109 -0.707105 0.000001
vn 0.475312 -0.879628 -0.018250
vn 0.360193 -0.763664 -0.535797
vn 0.160858 -0.396302 -0.903919
vn 0.609630 -0.708934 -0.354633
vn 0.214778 -0.870683 -0.442471
vn 0.119787 -0.639564 -0.759348
vn 0.002080 -0.480689 -0.876889
vn 0.000891 -0.854056 -0.520180
vn 0.124930 -0.992155 0.004617
vn 0.000001 -0.918523 0.395368
vn 0.013024 -0.998419 0.054681
vn 0.368340 -0.853714 -0.368100
vn 0.138706 -0.916486 -0.375252
vn 0.010877 -0.930566 -0.365962
vn 0.018553 -0.343181 -0.939086
vn 0.066227 -0.400090 -0.914080
vn 0.250510 -0.968027 -0.013002
vn 0.187696 -0.398274 -0.897857
vn 0.371416 -0.928467 0.000000
vn 0.213409 -0.258405 -0.942169
vn 0.262497 -0.229279 -0.937297
vn 0.558433 -0.804994 -0.200342
vn 0.826468 -0.545932 -0.137514
vn 0.387594 -0.921553 0.022584
vn 0.538734 -0.821203 0.188125
vn 0.020813 -0.037167 0.999092
vn 0.022322 -0.040177 0.998943
vn 0.263094 -0.964770 0.000000
vn 0.012156 -0.989122 -0.146591
vn -0.012234 -0.989132 0.146520
vn 0.258279 0.467237 -0.845566
vn 0.377295 0.788642 -0.485481
vn 0.138869 0.928573 -0.344190
vn 0.189639 0.694099 -0.694452
vn 0.416596 0.833149 0.363745
vn -0.021318 0.651460 -0.758383
vn 0.000000 0.948635 -0.316374
vn -0.197289 0.852534 -0.484006
vn -0.191881 0.863294 0.466803
vn 0.000000 0.999934 0.011514
vn 0.112836 0.902273 0.416138
vn 0.350066 0.933571 0.076808
vn 0.241907 0.967439 0.074448
vn -0.004772 0.925747 -0.378112
vn -0.227964 0.911676 -0.341876
vn 0.351019 0.936112 -0.021908
vn 0.241422 0.965504 -0.097559
vn 0.557534 0.771051 -0.307628
vn 0.094371 0.177487 -0.979588
vn 0.041875 0.189895 -0.980911
vn 0.088409 0.454002 -0.886603
vn 0.183939 0.326740 -0.927042
vn 0.198904 0.272561 -0.941354
vn 0.379572 0.914910 -0.137348
vn 0.632097 0.748233 -0.201495
vn 0.178869 0.983873 0.000000
vn 0.832057 0.554690 0.000000
vn 0.639643 0.745895 0.185734
vn 0.832058 0.554689 0.000000
vn 0.024172 0.032227 0.999188
vn 0.023480 0.044160 0.998748
vn 0.376415 0.916428 0.135913
vn 0.005202 0.048074 0.998830
vn 0.165892 0.986055 0.013244
vn 0.003509 0.042401 0.999095
vn -0.012234 0.989132 -0.146521
vn 0.012156 0.989122 0.146592
vn -0.013554 0.048345 0.998739
vn -0.266448 0.963842 0.003629
vn -0.018615 0.046070 0.998765
vn -0.384817 0.919084 0.084857
vn -0.250922 0.967921 -0.012937
vn -0.371357 0.928490 0.000000
vn -0.015473 0.376648 -0.926227
vn -0.083249 0.422974 -0.902310
vn -0.165693 0.359498 -0.918318
vn -0.383994 0.825893 -0.412854
vn -0.100992 0.403989 -0.909172
vn -0.250351 0.490988 -0.834419
vn -0.456105 0.792979 -0.403921
vn -0.368574 0.446648 -0.815266
vn -0.478702 0.837680 0.262937
vn -0.583922 0.698339 -0.413954
vn -0.742628 0.535651 -0.401972
vn -0.478823 0.333079 -0.812272
vn -0.689618 0.492603 0.530819
vn -0.581942 0.698393 0.416643
vn -0.754012 0.652369 0.076681
vn -0.241423 0.965504 0.097554
vn -0.442466 0.896521 0.021773
vn -0.710225 0.702094 0.051420
vn -0.602436 0.698420 -0.386367
vn -0.710044 0.622213 -0.329680
vn -0.269623 0.194189 -0.943183
vn -0.245751 0.254464 -0.935337
vn -0.778894 0.595044 -0.198109
vn -0.601451 0.790262 -0.117227
vn -0.768376 0.607349 0.201806
vn -0.593073 0.794286 0.131812
vn -0.033152 0.028205 0.999052
vn -0.031863 0.032534 0.998963
vn -0.044976 0.023915 0.998702
vn -0.860386 0.330723 -0.387760
vn -0.586972 0.211906 -0.781383
vn -0.884436 0.466582 -0.008651
vn -0.923209 0.236866 -0.302621
vn -0.692615 0.201458 -0.692603
vn -0.707108 -0.000001 -0.707106
vn -0.955689 0.000001 -0.294377
vn -0.921315 0.000000 0.388817
vn -0.990102 0.140254 0.005146
vn -0.997055 0.000000 0.076691
vn -0.935548 0.000000 -0.353199
vn -0.842831 0.421260 -0.334925
vn -0.919466 0.118606 -0.374854
vn -0.383761 0.061397 -0.921389
vn -0.338183 -0.000234 -0.941080
vn -0.315085 0.177279 -0.932359
vn -0.914896 0.379611 -0.137338
vn -0.983118 0.182400 -0.014448
vn -0.988156 -0.000218 -0.153452
vn -0.983118 0.182400 0.014448
vn -0.990720 0.012091 0.135380
vn -0.042476 0.003801 0.999090
vn -0.916411 0.376457 0.135913
vn -0.048211 0.005728 0.998821
vn -0.962123 -0.266771 -0.056155
vn -0.961245 -0.271064 0.050331
vn -0.054930 -0.011430 0.998425
vn -0.904264 -0.416894 0.092224
vn -0.040561 -0.018554 0.999005
vn -0.032534 -0.031867 0.998962
vn -0.910466 -0.408049 -0.067431
vn -0.794308 -0.593053 0.131772
vn -0.028203 -0.033147 0.999053
vn -0.019789 -0.046251 0.998734
vn -0.558434 -0.804984 0.200379
vn -0.791036 -0.595023 -0.142163
vn -0.371399 -0.928473 0.000000
vn -0.545572 -0.811935 -0.207635
vn -0.274103 -0.961596 0.014132
vn -0.387579 -0.921560 -0.022590
vn -0.200848 -0.291712 -0.935181
vn -0.287335 -0.957830 0.000000
vn -0.200189 -0.369257 -0.907510
vn -0.101478 -0.390726 -0.914896
vn -0.194800 -0.902115 -0.385023
vn -0.359628 -0.840511 -0.405228
vn -0.251795 -0.967774 -0.003542
vn -0.217426 -0.893133 -0.393751
vn -0.189679 -0.694272 -0.694268
vn -0.197037 -0.435656 -0.878283
vn -0.295060 -0.805205 -0.514378
vn -0.321893 -0.858435 0.399343
vn -0.496490 -0.707551 -0.502861
vn -0.227908 -0.341817 -0.911712
vn -0.408645 -0.360165 -0.838624
vn -0.478425 -0.876975 0.044998
vn -0.520094 -0.728108 0.446498
vn -0.743168 -0.553135 -0.376487
vn -0.659663 -0.269948 -0.701407
vn -0.572466 -0.817132 0.067660
vn -0.898127 -0.330794 -0.289730
vn -0.696310 -0.174067 -0.696314
vn -0.758499 -0.541801 0.362120
vn -0.705371 -0.705371 0.070025
vn -0.900334 -0.435185 0.003439
vn -0.699526 -0.610295 -0.371758
vn -0.590038 -0.716861 -0.371436
vn -0.269005 -0.240586 -0.932606
vn -0.336346 -0.156917 -0.928573
vn -0.842829 -0.421262 -0.334929
vn -0.375269 -0.056392 -0.925199
vn -0.912425 -0.117132 -0.392124
vn -0.990102 -0.140254 0.005146
vn -0.923080 -0.230757 -0.307693
vn 0.970226 -0.242201 0.000487
vn 1.000000 0.000001 0.000000
vn 0.970132 -0.242579 0.000000
vn 1.000000 0.000001 0.000000
vn 0.936273 -0.351272 0.000489
vn 0.936317 0.351157 0.000000
vn 0.936317 -0.351156 0.000000
vn 0.936317 0.351157 0.000000
vn 0.814236 -0.580532 0.001403
vn 0.813725 0.581250 0.000000
vn 0.813733 -0.581238 0.000000
vn 0.813725 0.581250 0.000000
vn 0.707136 0.707077 0.000000
vn 0.707137 0.707077 0.000000
vn 0.650154 -0.759801 0.001354
vn 0.650796 -0.759253 0.000000
vn 0.447237 -0.894416 0.000000
vn 0.447236 -0.894416 0.000000
vn 0.110425 -0.993884 0.000000
vn 0.110425 -0.993884 0.000000
vn -0.110425 -0.993884 0.000000
vn -0.110425 -0.993884 0.000000
vn 0.813766 -0.581193 -0.000254
vn 0.650545 -0.759468 0.000237
vn 0.351829 -0.936064 0.001017
vn 0.110425 -0.993884 0.000000
vn -0.110425 -0.993884 0.000000
vn -0.350016 -0.936742 0.001890
vn -0.351104 -0.936337 0.000000
vn -0.497263 -0.867597 0.002039
vn -0.496159 -0.868231 0.000000
vn -0.768248 -0.640152 0.000000
vn -0.768248 -0.640152 0.000000
vn -0.894416 -0.447237 0.000000
vn -0.894416 -0.447236 0.000000
vn -0.970132 -0.242580 0.000000
vn -0.970132 -0.242579 0.000000
vn -1.000000 0.000000 0.000000
vn -1.000000 0.000000 0.000000
vn -0.243232 -0.969967 -0.001054
vn -0.495947 -0.868353 -0.000270
vn -0.813551 -0.581494 0.000759
vn -0.894416 -0.447237 0.000000
vn -0.970132 -0.242579 0.000000
vn -1.000000 0.000000 0.000000
vn -0.976178 0.216972 0.000000
vn -0.976178 0.216972 0.000000
vn -0.847989 0.530014 0.000000
vn -0.847989 0.530014 0.000000
vn -0.976178 0.216972 0.000000
vn -0.847989 0.530014 0.000000
vn -0.658508 0.752574 0.000000
vn -0.658508 0.752574 0.000000
vn -0.447195 0.894436 0.000000
vn -0.447195 0.894437 0.000000
vn -0.177488 0.984121 -0.002154
vn -0.178878 0.983871 0.000000
vn -0.658508 0.752574 0.000000
vn -0.447273 0.894398 0.000000
vn -0.658508 0.752574 0.000000
vn -0.450970 0.892539 0.000000
vn -0.847989 0.530014 0.000000
vn -0.447196 0.894436 0.000000
vn -0.173684 0.984801 0.000000
vn -0.658508 0.752573 0.000000
vn -0.847989 0.530013 0.000000
vn -0.188557 0.982062 0.000000
vn 0.178870 0.983873 0.000000
vn 0.180157 0.983636 0.001908
vn 0.529975 0.848013 0.000000
vn 0.528918 0.848670 0.002187
vn 0.707138 0.707076 0.000000
vn 0.707137 0.707076 0.000000
vn 0.813726 0.581249 0.000000
vn -0.976178 0.216972 0.000000
vn -0.976178 0.216971 0.000000
vn -1.000000 0.000000 0.000000
vn -1.000000 0.000000 0.000000
vn -0.970132 -0.242579 0.000000
vn -0.970132 -0.242579 0.000000
vn -0.894416 -0.447237 0.000000
vn -0.894416 -0.447237 0.000000
vn -0.768821 -0.639463 -0.001586
vn -0.768248 -0.640152 0.000000
vn -0.498818 -0.866705 -0.001705
vn -0.494561 -0.869143 0.000000
vn -0.356929 -0.934131 0.000000
vn -0.351104 -0.936336 0.000000
vn -0.110425 -0.993884 0.000000
vn -0.110425 -0.993884 0.000000
vn 0.110425 -0.993884 0.000000
vn 0.110425 -0.993884 0.000000
vn 0.446186 -0.894938 -0.001850
vn 0.447237 -0.894416 0.000000
vn 0.651723 -0.758455 -0.001831
vn 0.650797 -0.759252 0.000000
vn 0.813359 -0.581762 -0.000964
vn 0.813734 -0.581238 0.000000
vn 0.936607 -0.350380 -0.000982
vn 0.936317 -0.351156 0.000000
vn 0.970131 -0.242580 0.000000
vn 0.970131 -0.242580 0.000000
vn 1.000000 0.000000 0.000460
vn 0.999977 0.000031 -0.006756
vn 0.936010 0.351973 -0.000604
vn 0.935574 0.352942 -0.011552
vn 0.768823 0.639461 -0.000861
vn 0.936151 -0.351598 0.000256
vn 0.976148 -0.217104 -0.000236
vn 1.000000 0.000000 0.000000
vn 0.936470 0.350747 0.000518
vn 0.813528 0.581525 0.000507
vn 0.529974 0.848014 0.000000
vn 0.707137 0.707077 0.000000
vn 0.529974 0.848014 0.000000
vn 0.178870 0.983873 0.000000
vn 0.177651 0.984091 -0.002217
vn 0.447848 0.894109 -0.001213
vn 0.178803 0.983885 0.000191
vn -0.091271 0.995825 0.001176
vn 0.778790 -0.190579 0.597633
vn 0.015107 -0.999772 0.015106
vn 0.013779 -0.999890 0.005423
vn -0.012605 -0.999911 0.004424
vn 0.444472 -0.191117 0.875168
vn 0.012349 -0.999924 0.000104
vn -0.012376 -0.999923 0.000055
vn 0.937754 -0.156914 0.309831
vn 0.986365 -0.164387 0.007819
vn 0.999968 0.000000 0.007999
vn 0.948692 0.000000 0.316202
vn 0.800002 0.000000 0.599998
vn 0.425130 0.135688 0.894904
vn 0.015994 -0.117010 0.993002
vn 0.624594 0.548971 0.555439
vn 0.810567 0.513933 0.280810
vn 0.894422 0.447170 0.006974
vn 0.014049 0.163535 0.986437
vn -0.012284 0.162479 0.986636
vn -0.003151 0.711261 0.702921
vn 0.225377 0.740311 0.633360
vn 0.014780 0.710977 0.703060
vn -0.009088 0.839212 0.543728
vn 0.127725 0.903093 0.410012
vn 0.003940 0.865721 0.500511
vn -0.014677 0.090458 0.995792
vn 0.266127 0.926466 0.266155
vn 0.013866 0.060819 0.998053
vn 0.446193 0.068565 0.892306
vn 0.430128 0.891906 0.139617
vn 0.380941 0.924593 0.003264
vn 0.945042 0.087336 0.315068
vn 0.987299 0.158825 0.003965
vn 0.948667 0.000000 0.316277
vn 0.999995 0.000528 0.003225
vn 0.492397 0.029791 0.869861
vn 0.886144 0.169998 0.431102
vn 0.015860 0.051094 0.998568
vn -0.012809 0.048291 0.998751
vn -0.007075 0.449009 0.893499
vn 0.916080 0.352455 0.191237
vn 0.948399 0.317077 0.001459
vn 0.514234 0.857643 0.003399
vn 0.459196 0.315569 0.830395
vn 0.015061 0.445891 0.894961
vn -0.013192 0.894719 0.446435
vn 0.520467 0.737316 0.430674
vn 0.014911 0.999881 0.004007
vn 0.013161 0.894879 0.446115
vn -0.014697 0.999884 0.004017
vn 0.013318 -0.999494 0.028880
vn -0.018653 -0.999594 0.021560
vn 0.002954 -0.924646 0.380816
vn -0.015088 -0.998961 0.043013
vn -0.014087 -0.161607 0.986755
vn -0.703493 -0.034230 0.709878
vn -0.395266 -0.105357 0.912504
vn -0.005589 -0.938689 0.344719
vn -0.447185 0.000000 0.894442
vn -0.674726 0.074875 0.734261
vn -0.937754 -0.156913 0.309831
vn -0.986428 -0.164150 0.003874
vn -0.986425 0.164164 0.003874
vn -0.271524 0.704081 0.656159
vn -0.901430 0.173503 0.396636
vn -0.095660 0.945746 0.310505
vn -0.584278 0.612216 0.532739
vn -0.633368 0.740306 0.225373
vn -0.706908 0.707300 0.002834
vn -0.266127 0.926466 0.266151
vn -0.430128 0.891906 0.139617
vn -0.381653 0.924304 0.001750
vn -0.945042 0.087337 0.315069
vn -0.987232 0.159288 0.000000
vn -0.446190 0.068565 0.892308
vn -0.453643 0.026122 0.890800
vn -0.948840 0.048237 0.312050
vn -1.000000 0.000342 0.000482
vn -0.429028 0.275158 0.860362
vn -0.810232 0.385345 0.441625
vn -0.948502 0.316735 0.004702
vn -0.447388 0.894325 0.005065
vn -0.418624 0.777099 0.469970
vn -0.254363 0.422284 0.870044
vn 0.708502 0.705709 -0.000000
vn 1.000000 0.000000 0.000000
vn 0.315926 0.948784 0.000000
vn 0.998043 0.062537 0.000000
vn 0.998754 0.049909 0.000000
vn 0.992330 0.123550 -0.004050
vn 0.378270 0.925692 -0.002349
vn 0.932316 0.361530 -0.009086
vn 0.944787 0.090353 -0.314983
vn 0.410015 0.903090 -0.127736
vn 0.810587 0.513902 -0.280811
vn 0.266150 0.926459 -0.266153
vn 0.446187 0.068564 -0.892310
vn 0.594792 0.540856 -0.594724
vn 0.127726 0.903092 -0.410014
vn 0.284630 0.715002 -0.638560
vn 0.013865 0.061707 -0.997998
vn 0.014703 0.710952 -0.703087
vn 0.003882 0.865700 -0.500548
vn -0.010366 0.707788 -0.706349
vn -0.009218 0.839321 -0.543558
vn -0.014678 0.089103 -0.995914
vn 0.999995 0.000536 -0.003279
vn 0.948667 0.000000 -0.316275
vn 0.492395 0.029811 -0.869861
vn 0.872967 0.269975 -0.406254
vn 0.930275 0.330930 -0.158347
vn 0.948405 0.317058 -0.001569
vn 0.514488 0.857491 -0.003461
vn 0.015861 0.051094 -0.998568
vn -0.012809 0.048291 -0.998751
vn -0.007075 0.449008 -0.893500
vn 0.500772 0.331673 -0.799513
vn 0.015065 0.445887 -0.894962
vn -0.013192 0.894719 -0.446434
vn 0.560137 0.704543 -0.435736
vn 0.014911 0.999880 -0.004072
vn 0.013161 0.894879 -0.446114
vn -0.014696 0.999884 -0.004083
vn 0.999967 0.000000 -0.008129
vn 0.948691 0.000000 -0.316204
vn 0.790302 0.022514 -0.612304
vn 0.778829 -0.190574 -0.597585
vn 0.444472 -0.191116 -0.875168
vn 0.433718 0.143537 -0.889543
vn 0.016021 -0.115690 -0.993156
vn 0.014049 0.163534 -0.986438
vn -0.014049 -0.163521 -0.986440
vn -0.014049 0.163535 -0.986437
vn 0.986364 -0.164386 -0.007947
vn 0.937754 -0.156912 -0.309831
vn 0.012322 -0.999924 -0.000106
vn 0.014090 -0.999885 -0.005546
vn -0.012301 -0.999915 -0.004316
vn 0.015849 -0.999749 -0.015857
vn -0.018350 -0.999607 -0.021200
vn 0.986437 -0.164139 0.000000
vn 0.012269 -0.999925 -0.000000
vn -0.012215 -0.999925 0.000000
vn -0.986396 -0.164385 0.000000
vn -0.012403 -0.999923 -0.000056
vn -0.986428 -0.164146 -0.003937
vn -0.937754 -0.156912 -0.309831
vn -0.986426 0.164160 -0.003937
vn -0.703540 -0.034237 -0.709830
vn -0.901430 0.173508 -0.396633
vn -0.633391 0.740286 -0.225374
vn -0.706905 0.707303 -0.002880
vn -0.674767 0.074885 -0.734222
vn -0.395266 -0.105357 -0.912505
vn -0.013840 -0.999126 -0.039432
vn -0.005194 -0.945704 -0.324988
vn -0.425130 0.135688 -0.894904
vn -0.587346 0.556881 -0.587288
vn -0.225375 0.740311 -0.633361
vn -0.130127 0.906845 -0.400874
vn -0.266150 0.926460 -0.266150
vn -0.446190 0.068564 -0.892308
vn -0.430130 0.891902 -0.139635
vn -0.381626 0.924315 -0.001778
vn -0.945042 0.087336 -0.315067
vn -0.987233 0.159280 0.000000
vn -0.453640 0.026122 -0.890802
vn -0.948840 0.048238 -0.312050
vn -1.000000 0.000348 -0.000490
vn -0.429025 0.275158 -0.860364
vn -0.810232 0.385347 -0.441624
vn -0.948500 0.316742 -0.004779
vn -0.447391 0.894324 -0.005147
vn -0.418624 0.777100 -0.469968
vn -0.254366 0.422283 -0.870043
vn -0.986394 0.164399 0.000000
vn -0.707106 0.707107 0.000000
vn 0.014923 0.999889 0.000000
vn 0.514457 0.857516 0.000000
vn 0.895055 0.445956 0.000000
vn -0.014703 0.999892 0.000000
vn -0.447183 0.894442 0.000000
vn -0.948667 0.316276 0.000000
vn -1.000000 0.000000 0.000000
vn -0.992279 0.124027 0.000000
vn -0.317004 0.948424 0.000000
vn 0.003150 -0.916425 -0.400194
vn 0.013852 -0.999452 -0.030052
vn 0.219896 -0.146610 0.964443
vn 0.712194 -0.680335 0.172987
vn 0.185887 -0.137977 0.972835
vn 0.000001 0.000000 1.000000
vn 0.775089 -0.582630 0.244500
vn 0.700370 -0.700514 0.136973
vn 0.134282 -0.067139 0.988666
vn 0.198834 -0.219372 0.955166
vn 0.765277 -0.634860 0.106317
vn 0.894451 -0.447167 0.000000
vn 0.894428 -0.447212 0.000000
vn 0.706992 -0.707108 0.012683
vn 0.000000 0.000000 -1.000000
vn 0.000000 0.000000 -1.000000
vn 0.427864 -0.901259 -0.068292
vn 0.331308 -0.942255 -0.048889
vn 0.479320 -0.856953 0.189432
vn 0.292895 -0.950237 0.106119
vn 0.349627 -0.936510 0.026660
vn 0.104501 -0.171763 0.979580
vn 0.059651 -0.283308 0.957172
vn 0.000000 0.000000 1.000000
vn 0.091826 -0.251823 0.963407
vn 0.000003 0.000000 1.000000
vn 0.303052 -0.936723 0.175244
vn 0.000000 -1.000000 0.000001
vn 0.000000 -1.000000 0.000000
vn 0.000000 -1.000000 0.000000
vn 0.000000 -1.000000 0.000000
vn 0.000000 -1.000000 0.000000
vn 0.000000 -1.000000 0.000000
vn 0.444446 -0.777778 0.444442
vn 0.147219 -0.699403 0.699401
vn 0.074676 -0.074682 0.994407
vn 0.000000 -1.000000 0.000000
vn 0.000000 -1.000000 0.000000
vn 0.000000 -1.000000 0.000000
vn 0.000000 -1.000000 0.000000
vn 0.000000 -1.000000 0.000000
vn 0.000000 -1.000000 0.000000
vn 0.000000 -0.707108 0.707105
vn 0.000000 -1.000000 0.000000
vn 0.000000 0.000000 1.000000
vn -0.039034 0.208260 0.977294
vn -0.170824 0.390887 0.904448
vn 0.000000 -1.000000 0.000000
vn -0.039901 -0.998407 0.039901
vn -0.242791 -0.957463 0.155942
vn -0.367137 -0.925629 0.091772
vn -0.248070 -0.744209 0.620173
vn -0.304330 -0.952535 0.007719
vn -0.032066 -0.227803 0.973179
vn 0.000000 0.000000 1.000000
vn 0.000000 0.000000 1.000000
vn 0.000000 0.360003 0.932951
vn 0.000000 0.242536 0.970142
vn 0.052165 0.147102 0.987745
vn 0.130457 0.343147 0.930178
vn -0.076225 0.512920 0.855046
vn 0.116527 0.212092 0.970277
vn -0.128982 -0.314849 0.940337
vn 0.108653 0.174862 0.978579
vn -0.111899 -0.183961 0.976543
vn 0.233963 0.116970 0.965184
vn -0.316226 -0.948684 0.000000
vn -0.296021 -0.936463 0.188172
vn -0.117833 -0.161873 0.979751
vn -0.331808 -0.929919 -0.158599
vn -0.019290 0.141043 0.989815
vn 0.153959 0.105008 0.982482
vn 0.098116 0.024529 0.994873
vn -0.070743 0.085805 0.993797
vn -0.707200 0.707014 0.000000
vn -0.070330 0.046887 0.996421
vn -0.473296 0.315530 0.822454
vn -0.083482 0.020870 0.996291
vn -0.184311 0.046077 0.981787
vn -0.068295 -0.062229 0.995723
vn 0.068295 -0.062229 0.995723
vn 0.231039 -0.091736 0.968610
vn -0.249493 0.000000 0.968377
vn -0.003019 -0.066514 0.997781
vn -0.000002 0.000000 1.000000
vn 0.000001 0.000000 1.000000
vn 0.706734 -0.032482 0.706733
vn 0.550961 0.000000 0.834531
vn 0.183608 0.000000 0.982999
vn 0.962150 -0.219488 0.161531
vn 0.888291 -0.444147 0.116931
vn 0.996070 -0.088574 0.000000
vn 0.996676 -0.056022 0.059152
vn 0.986082 -0.164333 -0.025243
vn 0.980584 0.000000 0.196097
vn 0.979288 0.000000 0.202471
vn 0.999010 -0.033527 -0.029231
vn 0.000000 0.000000 -1.000000
vn 0.997018 0.065340 -0.041053
vn -0.268084 -0.145789 0.952301
vn -0.185887 -0.137977 0.972835
vn 0.184306 0.046077 0.981788
vn -0.206750 -0.085594 0.974643
vn 0.000002 0.000000 1.000000
vn 0.242504 0.000000 0.970150
vn 0.002027 -0.044643 0.999001
vn 0.000000 0.000000 1.000000
vn 0.000000 0.000000 1.000000
vn 0.000000 0.000000 1.000000
vn 0.000000 0.000000 1.000000
vn -0.480850 0.000000 0.876803
vn -0.706735 -0.032482 0.706732
vn -1.000000 0.000000 0.000000
vn -1.000000 0.000000 0.000000
vn -0.706773 0.031055 0.706758
vn -0.019509 0.706796 0.707148
vn -1.000000 0.000000 0.000000
vn -1.000000 0.000000 0.000000
vn -1.000000 0.000000 0.000000
vn -1.000000 0.000000 0.000000
vn -1.000000 0.000000 0.000000
vn -1.000000 0.000000 0.000000
vn -1.000000 0.000000 0.000000
vn -1.000000 0.000000 0.000000
vn -0.545811 0.837908 -0.000001
vn -0.704347 0.704013 0.090889
vn 0.000000 1.000000 -0.000001
vn -0.811272 -0.545939 0.209255
vn -0.962150 -0.219488 0.161531
vn -0.980581 -0.196116 0.000000
vn -0.894451 -0.447167 0.000000
vn -0.765319 -0.634808 0.106327
vn -0.782715 -0.608987 0.128423
vn -0.744039 -0.664647 -0.068196
vn 0.000000 0.000000 -1.000000
vn 0.000000 0.000000 -1.000000
vn -0.693393 -0.699296 0.173759
vn -1.000000 0.000000 0.000000
vn -1.000000 0.000000 0.000000
vn -1.000000 0.000000 0.000000
vn -1.000000 0.000000 0.000000
vn 0.030735 0.706591 0.706954
vn 0.041925 0.999086 0.008384
vn 0.000000 0.988939 -0.148323
vn 0.000000 0.000000 1.000000
vn 0.274962 -0.825031 0.493681
vn 0.666664 -0.666668 0.333336
vn 0.316179 -0.948700 0.000000
vn 0.000000 0.000000 1.000000
vn 0.179991 -0.900043 0.396894
vn 0.000000 -0.894426 0.447215
vn 0.000000 0.000000 1.000000
vn 0.196097 -0.980585 0.000000
vn 0.000000 -1.000000 0.000000
vn 0.000000 -1.000000 0.000000
vn 0.000000 0.000000 1.000000
vn 0.000000 0.000000 1.000000
vn 0.000000 0.000000 1.000000
vn 0.000014 0.000000 1.000000
vn 0.000014 0.000000 1.000000
vn 0.000014 0.000000 1.000000
vn 0.000000 0.000000 1.000000
vn 0.000000 0.000000 1.000000
vn 0.000000 0.000000 1.000000
vn 0.000000 0.000000 1.000000
vn 0.000000 0.000000 1.000000
vn -0.048319 0.519384 0.853174
vn 0.209208 -0.976791 -0.045955
vn -0.023446 -0.862105 -0.506187
vn 0.047892 0.474920 0.878725
vn -0.138687 0.988576 0.059015
vn 0.039735 -0.130967 -0.990590
vn 0.000000 0.000000 -1.000000
vn 0.311447 -0.949565 -0.036415
vn 0.000000 0.059765 -0.998212
vn 0.707107 -0.707107 0.000000
vn 0.294037 -0.882266 -0.367625
vn 0.896583 0.052674 0.439732
vn 0.883164 -0.468151 -0.029258
vn 0.894784 -0.314289 -0.317150
vn -0.000007 0.000000 -1.000000
vn 0.013479 0.015894 -0.999783
vn 0.891316 0.083326 -0.445660
vn 0.998230 0.059357 0.003739
vn 0.998204 0.059878 0.001824
vn 0.891795 0.093056 -0.442766
vn 0.429779 0.074491 -0.899856
vn 0.040377 0.713981 -0.699000
vn 0.000000 0.074004 -0.997258
vn 0.284732 0.818828 -0.498446
vn -0.036967 0.720349 -0.692626
vn 0.705347 0.708084 -0.033202
vn 0.122637 0.990700 -0.058933
vn -0.138687 0.988576 -0.059015
vn 0.122637 0.990700 0.058933
vn 0.705347 0.708085 0.033202
vn 0.998179 0.060297 0.001773
vn 0.998281 0.058613 0.000000
vn 0.212494 0.690915 0.691001
vn 0.692383 0.067236 0.718391
vn 0.000000 0.000000 1.000000
vn 0.000000 0.000000 1.000000
vn 0.000000 0.000000 1.000000
vn 0.000000 0.000000 1.000000
vn -0.255599 -0.965803 -0.043511
vn -0.242506 -0.970150 0.000000
vn -0.039998 -0.107874 -0.993360
vn -0.311448 -0.949565 -0.036416
vn -0.002442 0.009143 -0.999955
vn -0.294037 -0.882266 -0.367625
vn -0.767611 -0.444469 -0.461759
vn -0.316178 -0.948700 0.000000
vn -0.440209 0.042912 -0.896869
vn -0.556889 0.742899 -0.371451
vn -0.890854 0.074278 -0.448177
vn -0.706703 0.706891 -0.029602
vn -0.592047 0.069494 -0.802902
vn -0.706704 0.706890 0.029602
vn -0.990519 0.123491 -0.060184
vn -0.990977 0.116617 0.066067
vn -0.577146 0.577449 0.577456
vn -0.314884 0.030863 0.948628
vn -0.998596 0.006666 -0.052546
vn -0.998487 -0.001112 0.054987
vn -0.707650 0.021391 0.706240
vn 0.000000 0.000000 1.000000
vn -0.700606 -0.712463 -0.039338
vn -0.478497 -0.877740 -0.024749
vn -0.565528 -0.700215 0.435748
vn -0.274962 -0.825031 0.493681
vn -0.000013 0.000000 1.000000
vn -0.000013 0.000000 1.000000
vn -0.000013 0.000000 1.000000
vn 0.000000 0.000000 1.000000
vn 0.000000 0.000000 1.000000
vn 0.000000 0.000000 1.000000
vn 0.000000 0.000000 1.000000
vn -0.224104 -0.896529 0.382116
vn 0.709430 0.346636 0.613638
vn -0.326170 -0.369285 0.870197
vn -0.294509 -0.815978 0.497438
vn 0.803789 0.026182 0.594338
vn 0.998836 0.048239 0.000077
vn -0.227596 -0.042191 0.972841
vn 0.832282 0.554342 0.003202
vn 0.551394 -0.462981 0.693984
vn 0.898010 0.439945 0.005163
vn 0.445680 -0.895189 0.002375
vn 0.713801 -0.700348 0.000000
vn -0.290598 -0.956836 0.004298
vn -0.441879 -0.757194 0.481040
vn -0.296675 -0.954979 0.000235
vn -0.347057 -0.243347 0.905723
vn -0.815581 -0.503308 0.285498
vn -0.007162 -0.999965 0.004201
vn -0.460777 -0.033612 0.886879
vn -0.309468 0.000022 0.950910
vn -0.408042 0.011918 0.912885
vn -0.894942 -0.021460 0.445666
vn -0.724837 -0.308063 0.616205
vn -0.751163 -0.466752 0.466794
vn -0.450008 -0.893006 0.005724
vn -0.793768 -0.289284 0.535021
vn -0.497913 -0.012896 0.867131
vn -0.765933 -0.431099 0.476969
vn -0.514579 -0.857437 0.003358
vn -0.943204 -0.332139 0.007059
vn -0.972214 -0.233929 0.008797
vn -0.747659 -0.366772 0.553609
vn -0.790593 -0.025779 0.611799
vn -0.999400 -0.033382 0.009205
vn 0.781292 0.624166 0.000000
vn 0.446837 -0.894615 0.000000
vn 0.893261 0.449539 -0.000000
vn 0.894427 -0.447213 0.000000
vn 0.712061 -0.702117 0.000000
vn 0.897088 0.441839 -0.003320
vn 0.354421 -0.935079 -0.003526
vn -0.290880 -0.956749 -0.004494
vn 0.432576 -0.498827 -0.751032
vn 0.826300 0.563219 -0.003615
vn -0.300207 -0.741515 -0.600027
vn 0.482385 0.180412 -0.857179
vn 0.998834 0.048277 -0.000049
vn -0.293294 -0.370494 -0.881313
vn -0.275120 -0.961410 0.000000
vn 0.998832 0.048327 0.000000
vn 1.000000 0.000000 0.000000
vn 0.562860 0.018219 -0.826352
vn 0.999991 0.000069 -0.004188
vn -0.415777 -0.770782 -0.482726
vn -0.306085 -0.952004 -0.000324
vn -0.742488 -0.494802 -0.451535
vn -0.365431 -0.243049 -0.898547
vn -0.781625 -0.305176 -0.543994
vn -0.352825 -0.005890 -0.935671
vn -0.250058 -0.016122 -0.968097
vn -0.368347 0.005017 -0.929675
vn 0.443215 0.007263 -0.896386
vn 0.999986 0.001152 -0.005171
vn 0.425704 0.166471 -0.889418
vn 0.305356 0.683352 -0.663165
vn 0.981965 0.189033 -0.003361
vn 0.588626 0.808398 -0.003379
vn -0.114897 0.993365 -0.004924
vn -0.315142 0.730586 -0.605747
vn -0.286945 0.001091 -0.957946
vn -0.339736 0.191446 -0.920830
vn -0.393876 0.269980 -0.878620
vn -0.383988 0.716155 -0.582816
vn -0.199079 0.979977 -0.003478
vn -0.603549 0.701367 -0.379226
vn -0.503562 0.863955 -0.002861
vn -0.569421 0.481045 -0.666600
vn -0.706045 0.004113 -0.708155
vn -0.238257 0.750382 -0.616571
vn -0.002249 0.999978 -0.006279
vn -0.549446 0.189615 -0.813730
vn -0.705096 0.005931 -0.709087
vn -0.592754 0.618450 -0.515910
vn -0.545723 0.837960 -0.003162
vn -0.772514 0.233961 -0.590326
vn -0.999924 0.002568 -0.012050
vn -0.894481 0.447077 -0.005032
vn 0.999992 0.000132 0.004038
vn 0.999991 0.000509 0.004187
vn 0.699972 0.018890 0.713920
vn -0.260422 0.012765 0.965410
vn 0.655697 0.152448 0.739474
vn -0.246384 0.194662 0.949422
vn -0.297802 0.725414 0.620555
vn -0.383639 0.767674 0.513320
vn -0.121500 0.992572 0.006229
vn 0.332100 0.602679 0.725595
vn 0.523998 0.851718 0.001731
vn 0.986000 0.166656 0.005420
vn 1.000000 0.000000 0.000000
vn 0.949097 0.314985 0.000000
vn 0.447589 0.894240 0.000000
vn -0.123866 0.992299 0.000000
vn -0.224814 0.974398 0.002636
vn -0.448162 0.893952 0.000000
vn -0.242579 0.970132 0.000000
vn -0.603432 0.717762 0.347401
vn -0.393915 0.269994 0.878598
vn -0.682080 0.434810 0.587969
vn -0.708743 0.010642 0.705386
vn -0.553700 0.832694 0.006141
vn -0.303151 0.751398 0.586089
vn -0.001208 0.999995 0.003065
vn -0.521010 0.652226 0.550591
vn -0.561389 0.827539 0.004619
vn -0.630366 0.219459 0.744632
vn -0.778456 0.232982 0.582860
vn -0.890003 0.455934 0.004343
vn -0.999931 0.002159 0.011564
vn -0.774204 0.002087 0.632933
vn -0.241458 0.970411 -0.000000
vn -0.601079 0.799190 -0.000000
vn -0.894426 0.447215 0.000000
vn -0.980530 0.196369 -0.000000
vn -1.000000 0.000000 0.000000
vn -0.999996 -0.002750 -0.000006
vn -0.587827 -0.006958 -0.808957
vn -0.768493 -0.028489 -0.639223
vn -0.999401 -0.033417 -0.009004
vn -0.977619 -0.210207 -0.008641
vn -0.786906 -0.377629 -0.488033
vn -0.806931 -0.246531 -0.536735
vn -0.806279 -0.401159 -0.434725
vn -0.947701 -0.319025 -0.009239
vn -0.532179 -0.846630 -0.002044
vn -0.210812 -0.977513 -0.005161
vn -0.990122 -0.140206 -0.000000
vn -0.350518 -0.936556 0.000000
vn -0.707254 -0.706960 -0.000000
vn -0.928634 -0.370997 -0.000000
vn 0.950544 -0.309126 -0.030130
vn 0.998975 -0.031352 -0.032647
vn 0.893480 -0.447276 -0.040476
vn 0.825927 0.559781 0.067012
vn -0.948417 0.304390 0.088609
vn 0.835520 0.547092 0.050966
vn 0.330798 0.938975 0.094333
vn -0.001473 0.994456 0.105139
vn -0.830275 0.549852 0.091143
vn -0.315531 0.943496 0.101270
vn -0.997642 0.000000 0.068625
vn -0.965636 -0.257961 0.031667
vn 0.827622 -0.558759 -0.053206
vn 0.313758 -0.945738 -0.084477
vn 0.000005 -0.996429 -0.084434
vn -0.826585 -0.562557 -0.016920
vn -0.300065 -0.950769 -0.077454
vn 0.999874 0.000475 -0.015848
vn 0.999768 0.000000 0.021545
vn 0.944731 0.327842 0.001872
vn 0.707454 0.706375 0.023303
vn 0.969707 0.242618 0.028359
vn 0.707073 0.706692 0.025181
vn 0.550421 0.834309 0.031056
vn -0.005498 0.998862 0.047384
vn 0.457585 0.000347 0.889166
vn 0.969756 -0.242873 0.024189
vn 0.407270 0.209897 0.888861
vn 0.390185 -0.180731 0.902824
vn 0.707298 -0.706549 0.022747
vn 0.999000 0.000001 0.044713
vn 0.918352 0.393171 0.045226
vn 0.916567 -0.395997 0.055603
vn 0.309318 -0.309331 0.899242
vn 0.244045 -0.969566 0.019597
vn 0.705707 -0.705637 0.063668
vn 0.165624 -0.386056 0.907485
vn -0.001627 -0.999701 0.024379
vn 0.998131 -0.000001 -0.061115
vn 0.916689 0.395212 -0.059073
vn 0.560452 0.200101 -0.803650
vn 0.916690 -0.395210 -0.059066
vn 0.462561 0.000000 -0.886588
vn 0.705748 -0.705676 -0.062784
vn 0.531630 -0.189823 -0.825432
vn 0.000000 0.000000 -1.000000
vn 0.000000 0.000000 -1.000000
vn 0.000003 0.000000 -1.000000
vn 0.417708 -0.417686 -0.806882
vn 0.000000 0.000000 -1.000000
vn 0.000000 0.000000 -1.000000
vn 0.000000 0.000000 -1.000000
vn -0.000008 0.000000 -1.000000
vn 0.000003 0.000000 -1.000000
vn 0.000003 0.000000 -1.000000
vn 0.000003 0.000000 -1.000000
vn 0.397501 -0.915991 -0.054353
vn 0.224393 -0.466552 -0.855556
vn 0.394686 -0.916845 0.060150
vn 0.000002 -0.666806 -0.745231
vn 0.000002 0.000000 -1.000000
vn 0.000000 -0.999006 -0.044572
vn 0.000012 -0.999084 0.042793
vn -0.000398 -0.402686 0.915338
vn -0.397499 -0.915992 -0.054348
vn -0.392061 -0.918892 0.043874
vn -0.195707 -0.388300 0.900512
vn -0.242579 -0.969917 0.020409
vn 0.000006 0.000000 -1.000000
vn 0.000000 0.000000 -1.000000
vn 0.000000 0.000000 -1.000000
vn 0.000000 0.000000 -1.000000
vn 0.000003 0.000000 -1.000000
vn 0.000000 0.000000 -1.000000
vn 0.000000 0.000000 -1.000000
vn 0.000000 0.000000 -1.000000
vn -0.253922 -0.527937 -0.810436
vn 0.000000 0.000000 -1.000000
vn 0.000000 0.000000 -1.000000
vn 0.000000 0.000000 -1.000000
vn 0.000000 0.000000 -1.000000
vn 0.000000 0.000000 -1.000000
vn 0.000000 0.000000 -1.000000
vn 0.000000 0.000000 -1.000000
vn -0.434524 -0.434522 -0.788910
vn -0.566489 -0.241365 -0.787930
vn 0.000000 0.000000 -1.000000
vn -0.916690 -0.395210 -0.059066
vn -0.705712 -0.705712 -0.062783
vn -0.708277 -0.703715 0.055933
vn -0.914330 -0.403421 0.035380
vn -0.301078 -0.286654 0.909495
vn -0.485933 -0.187919 0.853555
vn -0.706952 -0.706816 0.025122
vn 0.294305 0.333955 0.895466
vn 0.180717 0.390170 0.902834
vn 0.242605 0.969849 0.023133
vn 0.705671 0.705673 0.063669
vn -0.000347 0.457590 0.889163
vn 0.000000 0.999769 0.021508
vn 0.395999 0.916566 0.055608
vn -0.242755 0.969643 0.029377
vn 0.705713 0.705710 -0.062788
vn 0.000000 0.999000 0.044713
vn 0.395211 0.916689 -0.059072
vn 0.383036 0.383015 -0.840585
vn 0.000002 0.000000 -1.000000
vn -0.178354 0.388525 0.904012
vn 0.000025 0.999035 -0.043920
vn -0.335928 0.305594 0.890935
vn -0.392061 0.918892 0.043874
vn -0.705926 0.707905 0.023227
vn -0.467438 0.106843 0.877546
vn -0.894981 0.445686 0.019325
vn -0.704298 0.709029 0.035241
vn -0.417092 0.029779 0.908376
vn -0.999824 0.001227 0.018693
vn -0.893629 -0.448349 0.020279
vn -0.917922 0.396017 0.024282
vn -0.999294 0.004346 0.037321
vn -0.999035 -0.000025 -0.043920
vn -0.915990 0.397503 -0.054354
vn -0.646849 0.000237 -0.762618
vn -0.705677 0.705746 -0.062788
vn -0.527909 0.253920 -0.810454
vn 0.000000 0.000000 -1.000000
vn 0.000000 0.000000 -1.000000
vn 0.000000 0.000000 -1.000000
vn 0.000000 0.000000 -1.000000
vn 0.000000 0.000000 -1.000000
vn 0.000000 0.000000 -1.000000
vn 0.000000 0.000000 -1.000000
vn 0.000000 0.000000 -1.000000
vn -0.000004 0.000000 -1.000000
vn -0.000006 0.000000 -1.000000
vn -0.000006 0.000000 -1.000000
vn -0.000006 0.000000 -1.000000
vn -0.460165 0.424911 -0.779551
vn -0.393907 0.918035 -0.045271
vn -0.312851 0.574438 -0.756403
vn 0.001739 0.620639 -0.784095
vn -0.000002 0.000000 -1.000000
vn 0.224460 0.526876 -0.819768
vn 0.000000 0.000000 -1.000000
vn 0.000000 0.000000 -1.000000
vn 0.000000 0.000000 -1.000000
vn 0.000000 0.000000 -1.000000
vn 0.000000 0.000000 -1.000000
vn 0.000000 0.000000 -1.000000
vn 0.000000 0.000000 -1.000000
vn 0.000000 0.000000 -1.000000
vn 0.000000 0.000000 -1.000000
vn 0.000000 0.000000 -1.000000
vn 0.000000 0.000000 -1.000000
vn 0.000000 0.000000 -1.000000
vn 0.000000 0.000000 -1.000000
vn 0.000000 0.000000 -1.000000
vn -0.551644 0.832545 0.050574
vn 0.707409 -0.705462 -0.043535
vn 0.554467 -0.830897 -0.046665
vn -0.005356 -0.998921 -0.046141
vn -0.556525 -0.830341 -0.028550
vn -0.552903 -0.832755 -0.028587
vn -0.840701 -0.541451 -0.007252
vn -0.999795 0.000757 0.020207
vn -0.826403 0.561431 0.043062
vn -0.555121 0.830181 0.051385
vn -0.847500 -0.205572 0.489372
vn 0.920051 -0.316862 0.230446
vn 0.934465 -0.132236 0.330589
vn -0.819247 -0.573441 0.000048
vn 0.313942 0.000000 0.949442
vn -0.865268 -0.494489 -0.082408
vn 0.943875 -0.330304 -0.000014
vn -0.774493 -0.604266 -0.187145
vn -0.999591 -0.027376 0.008300
vn -0.823192 0.000016 -0.567763
vn -0.707104 0.000000 -0.707110
vn 0.938998 -0.073793 -0.335913
vn 0.707038 0.000000 -0.707175
vn -0.841223 0.382264 -0.382384
vn -0.820586 0.509367 -0.259200
vn -0.200673 0.834081 -0.513847
vn -0.821818 0.553197 0.136337
vn -0.910352 0.276982 0.307474
vn 0.581203 0.673175 0.457207
vn -0.881893 0.278600 0.380326
vn -0.092281 0.369710 0.924553
vn 0.961191 0.275882 0.000000
vn 0.970149 -0.242509 0.000000
vn 0.957912 0.287062 0.000000
vn 0.947946 -0.284813 -0.142406
vn 0.532429 0.314291 -0.785965
vn 0.780726 -0.580205 0.232011
vn 0.959170 -0.199990 0.199992
vn -0.544845 -0.678987 0.492058
vn -0.029686 -0.999559 0.000047
vn -0.796478 -0.188215 0.574628
vn 0.983328 -0.081321 -0.162643
vn -0.092425 -0.369804 0.924501
vn 0.769488 0.000000 0.638661
vn -0.883590 0.180621 0.432024
vn -0.352420 0.536773 0.766599
vn -0.844051 0.478646 0.241818
vn 0.980879 0.186011 0.057233
vn -0.092313 0.924555 0.369698
vn 0.780724 0.580209 -0.232006
vn 0.964111 0.230519 -0.131724
vn 0.000000 -0.894424 -0.447219
vn -0.581950 -0.436460 -0.686176
vn 0.809491 -0.125976 -0.573459
vn -0.707099 0.000000 -0.707115
vn 0.000023 0.000000 -1.000000
vn -0.926390 -0.375426 -0.029271
vn -0.713125 0.240424 -0.658521
vn -0.969101 0.244874 -0.029672
vn -0.816575 0.408203 0.408136
vn -0.729957 0.642368 -0.233510
vn -0.243941 0.685745 -0.685745
vn 1.000000 -0.000013 0.000000
vn 0.868769 -0.188394 0.457983
vn 0.159956 -0.985760 0.051879
vn -0.080968 -0.180755 0.980190
vn -0.139149 -0.989024 0.049697
vn -0.064703 -0.087187 0.994089
vn 0.164138 -0.984919 -0.054714
vn -0.141226 -0.988663 -0.051000
vn 0.946289 -0.065169 -0.316687
vn -0.073168 -0.090411 -0.993213
vn -0.097717 -0.104486 -0.989714
vn 0.941878 -0.335576 0.015979
vn 0.907259 -0.420048 -0.021001
vn 0.000002 0.000000 -1.000000
vn 0.000000 -0.998753 -0.049934
vn 0.991893 -0.123979 -0.027895
vn 0.488363 -0.067317 0.870040
vn 0.000000 -0.998868 0.047562
vn 0.991741 -0.123959 0.032923
vn 0.000003 0.000000 1.000000
vn 0.963606 -0.267294 0.004246
vn 0.653572 -0.261419 0.710284
vn 0.030661 -0.102209 0.994290
vn 0.963523 -0.262767 -0.050758
vn 0.287335 -0.957830 0.000000
vn 0.260459 -0.868240 -0.422280
vn 0.000000 -1.000000 0.000000
vn 0.000000 -0.988934 -0.148354
vn 0.949965 -0.309064 0.045233
vn 0.947634 -0.315824 -0.047378
vn 0.831715 0.554429 -0.029310
vn 0.118464 -0.296130 0.947773
vn 0.833987 0.550831 0.032407
vn 0.181077 0.982587 0.041637
vn 0.182845 0.141228 0.972945
vn 0.033080 0.207583 0.977658
vn -0.697482 -0.716169 0.024909
vn -0.996651 -0.066893 -0.047041
vn -0.998540 -0.007941 0.053432
vn -0.040913 -0.039327 -0.998388
vn -0.998641 -0.003281 -0.052013
vn -0.998812 0.000000 0.048728
vn -0.979669 0.195915 -0.043198
vn -0.171420 -0.021591 0.984962
vn -0.979898 0.194809 0.043004
vn -0.773677 0.515786 -0.367953
vn -0.088456 0.013576 0.995988
vn -0.836509 0.547846 0.010839
vn -0.106667 0.035555 0.993659
vn -0.047036 0.141096 0.988878
vn -0.547844 0.836510 0.010839
vn -0.531346 0.797016 -0.287118
vn -0.071161 0.996323 -0.047712
vn -0.014917 0.266046 0.963845
vn -0.070573 0.996440 0.046122
vn 0.184113 0.981996 -0.042257
vn 0.000000 0.000000 -1.000000
vn 0.000000 0.000000 -1.000000
vn 0.000000 0.000000 -1.000000
vn -0.000001 0.000000 -1.000000
vn -0.000001 0.000000 -1.000000
vn -0.000001 0.000000 -1.000000
vn -0.000001 0.000000 -1.000000
vn 0.000001 0.000000 -1.000000
vn 0.000000 0.000000 -1.000000
vn 0.000001 0.000000 -1.000000
vn 0.000001 0.000000 -1.000000
vn -0.243943 -0.685749 0.685741
vn 0.901090 0.000000 0.433633
vn -0.840393 -0.170846 0.514346
vn 0.869917 -0.403179 0.284061
vn -0.742782 0.557087 0.371388
vn 0.952678 0.134110 0.272799
vn -0.893378 0.392828 0.218087
vn 0.991905 -0.089811 -0.089764
vn 0.937037 0.246912 0.246975
vn -0.505005 0.732939 0.455819
vn -0.935898 0.349324 0.045469
vn 0.780856 0.580003 -0.232078
vn 0.970081 0.192435 -0.148024
vn -0.791125 0.487851 -0.368948
vn 0.059143 0.214269 -0.974983
vn 0.769568 0.000000 -0.638565
vn 0.000000 -0.447280 -0.894394
vn -0.751033 -0.496184 -0.435604
vn 0.159455 -0.848785 -0.504121
vn -0.693234 -0.693236 0.197106
vn 0.799209 -0.570210 0.190068
vn -0.989811 0.091072 -0.109451
vn -0.821428 0.172111 -0.543722
vn -0.868567 -0.363806 0.336507
vn -0.707292 0.000000 -0.706922
vn -0.243941 -0.685745 0.685745
vn 0.901089 0.000001 0.433634
vn -0.840392 -0.170847 0.514347
vn 0.869919 -0.403174 0.284062
vn -0.742784 0.557085 0.371387
vn -0.853217 0.443850 0.273894
vn -0.868568 -0.363804 0.336507
vn -0.693236 -0.693234 0.197106
vn 0.952678 0.134110 0.272798
vn 0.937056 0.246908 0.246908
vn 0.799210 -0.570207 0.190070
vn 0.159454 -0.848783 -0.504124
vn 0.991905 -0.089811 -0.089764
vn 0.970084 0.192441 -0.147996
vn 0.780759 0.580144 -0.232052
vn -0.907046 0.417502 0.054397
vn -0.673625 0.488726 -0.554415
vn -0.916189 0.283370 -0.283372
vn -0.251864 0.146075 -0.956675
vn -0.707292 0.000000 -0.706921
vn -0.758469 -0.446810 -0.474431
vn 0.769566 0.000000 -0.638567
vn 0.000000 -0.447280 -0.894394
vn -0.505070 0.732935 0.455752
vn -0.994228 0.000000 -0.107284
vn 0.616382 -0.309122 0.724235
vn 0.829335 -0.393645 -0.396545
vn 0.829495 -0.244018 0.502388
vn 0.782085 -0.621897 -0.039856
vn 0.392909 -0.203552 0.896766
vn 0.622871 -0.506832 0.595946
vn 0.478948 -0.333185 0.812156
vn 0.513467 -0.674930 0.529925
vn 0.368583 -0.446656 0.815257
vn 0.269939 -0.659684 0.701391
vn 0.629228 -0.257333 0.733384
vn 0.311636 -0.854005 0.416604
vn 0.137531 -0.649135 0.748137
vn 0.751863 0.033439 0.658471
vn 0.471255 0.045352 0.880830
vn 0.853677 0.140812 0.501406
vn 0.697409 0.156723 0.699327
vn 0.915235 0.044187 -0.400490
vn 0.736017 0.385593 0.556414
vn 0.434290 0.237750 0.868831
vn 0.576766 0.493730 0.650823
vn 0.714776 0.599386 0.360322
vn 0.820365 0.440390 -0.364771
vn 0.782084 0.621897 -0.039858
vn 0.979572 0.194013 -0.052898
vn 0.889286 0.453386 -0.060101
vn 0.813753 0.581211 0.000000
vn 0.755864 0.544155 0.364096
vn 0.971706 0.236085 -0.007099
vn 0.825635 0.413129 0.384255
vn 0.300199 0.258469 0.918191
vn 0.320043 0.159193 0.933933
vn 0.997706 0.007917 -0.067239
vn 0.890111 0.221837 0.398108
vn 0.376079 0.093515 0.921857
vn 0.957830 0.287334 0.000000
vn 0.894435 0.447197 0.000000
vn 0.220697 0.066206 -0.973093
vn 0.190774 0.095382 -0.976989
vn 0.941750 0.000000 0.336315
vn 0.329945 -0.015549 0.943872
vn 0.989370 -0.013150 0.144825
vn 0.985052 0.000001 -0.172255
vn 0.000000 0.000000 -1.000000
vn 0.220697 -0.066206 -0.973093
vn 0.961597 -0.274103 0.014133
vn 0.190724 -0.076286 -0.978675
vn 0.879662 -0.218135 0.422624
vn 0.378620 -0.075902 0.922435
vn 0.928483 -0.371374 0.000000
vn 0.821975 -0.547999 -0.155096
vn 0.000000 0.000000 -1.000000
vn 0.822992 -0.554378 0.123897
vn 0.538732 -0.821201 0.188141
vn 0.329879 -0.153166 0.931515
vn 0.270019 -0.230092 0.934958
vn 0.179157 -0.278582 0.943554
vn 0.387597 -0.921552 0.022586
vn 0.144072 -0.113368 0.983052
vn 0.114302 -0.165086 0.979634
vn 0.793698 -0.450969 0.408252
vn 0.781388 -0.623894 0.013735
vn 0.652507 -0.757782 -0.001042
vn 0.887182 -0.455903 -0.071139
vn 0.593947 -0.803886 -0.031524
vn 0.412778 -0.869375 0.271666
vn 0.809589 -0.585505 -0.041828
vn 0.968493 -0.248930 -0.007465
vn 0.956001 -0.289675 -0.046379
vn 0.581246 -0.813728 0.000000
vn 0.351104 -0.936336 0.000000
vn 0.351104 -0.936337 0.000000
vn 0.123988 -0.991968 0.025023
vn 0.124027 -0.992279 0.000000
vn 0.007917 -0.997705 -0.067240
vn 0.194011 -0.979572 -0.052898
vn 0.044188 -0.915233 -0.400494
vn -0.033440 -0.751862 0.658472
vn 0.218204 -0.872873 0.436439
vn -0.046120 -0.466697 0.883214
vn 0.479485 0.629641 0.611266
vn 0.628020 0.713753 0.310075
vn 0.302707 0.724682 0.619035
vn 0.148128 0.461286 0.874799
vn 0.650765 0.759279 0.000000
vn 0.585765 0.810462 -0.005597
vn 0.557534 0.771051 0.307629
vn 0.351020 0.936112 0.021908
vn 0.131881 0.856560 0.498911
vn 0.170919 0.696519 0.696884
vn 0.369769 0.847458 -0.380903
vn -0.142212 0.738069 0.659568
vn 0.351399 0.933634 -0.069621
vn 0.241998 0.967809 -0.069158
vn 0.241423 0.965504 0.097559
vn 0.158887 0.899488 -0.407034
vn -0.087639 0.906814 0.412319
vn -0.006955 0.999945 -0.007824
vn -0.124087 0.992271 0.000000
vn -0.004828 0.931946 0.362566
vn 0.039726 0.192619 0.980469
vn -0.227961 0.911677 0.341876
vn -0.099998 0.419718 0.902129
vn -0.242580 0.970131 0.000000
vn -0.242581 0.970131 0.000000
vn -0.238102 0.843455 0.481551
vn -0.233986 0.560446 0.794450
vn -0.174906 0.513493 0.840079
vn -0.286197 0.710957 0.642364
vn -0.218210 0.436429 0.872877
vn -0.351103 0.936337 0.000000
vn -0.351102 0.936337 0.000000
vn -0.411783 0.655299 0.633260
vn -0.453537 0.344540 0.821946
vn -0.726660 0.587319 0.356399
vn -0.581211 0.813753 0.000000
vn -0.605232 0.793765 -0.060253
vn -0.789463 0.613484 -0.019615
vn -0.425062 0.820989 0.381181
vn -0.655239 0.755263 0.015476
vn -0.807352 0.584917 -0.077812
vn -0.735904 0.615425 0.282306
vn -0.120883 0.145143 0.981998
vn -0.277751 0.208465 0.937762
vn -0.265346 0.273442 0.924565
vn -0.593070 0.794286 0.131823
vn -0.179966 0.352401 0.918382
vn -0.263106 0.964767 0.000000
vn -0.383116 0.923642 0.010413
vn -0.068383 0.250751 -0.965633
vn -0.591867 0.789142 -0.164161
vn -0.768200 0.597421 -0.230123
vn -0.370427 0.926164 -0.070741
vn -0.000002 0.000000 -1.000000
vn 0.000000 0.000000 -1.000000
vn 0.000000 0.000000 -1.000000
vn 0.000000 0.000000 -1.000000
vn 0.000000 0.000000 -1.000000
vn 0.000000 0.000000 -1.000000
vn -0.000003 0.000000 -1.000000
vn -0.000003 0.000000 -1.000000
vn -0.000003 0.000000 -1.000000
vn 0.000000 0.000000 -1.000000
vn 0.041615 0.228906 -0.972559
vn 0.000000 0.000000 -1.000000
vn 0.000000 0.000000 -1.000000
vn 0.000000 0.000000 -1.000000
vn 0.000000 0.000000 -1.000000
vn 0.000000 0.000000 -1.000000
vn 0.000000 0.000000 -1.000000
vn 0.192379 0.128249 -0.972904
vn -0.642502 0.163404 0.748659
vn -0.289525 0.084666 0.953419
vn -0.577075 0.096733 0.810942
vn -0.915354 0.126694 0.382198
vn -0.765204 0.135937 0.629273
vn -0.906897 0.087604 0.412144
vn -0.676395 -0.057859 0.734263
vn -0.862839 -0.126390 0.489423
vn -0.568120 -0.223779 0.791936
vn -0.992279 -0.124026 0.000000
vn -0.771528 -0.346423 0.533607
vn -0.674417 -0.519336 0.524835
vn -0.486528 -0.324405 0.811204
vn -0.480706 -0.505742 0.716342
vn -0.919155 -0.393897 0.000000
vn -0.666632 -0.666627 0.333481
vn -0.992279 0.124028 0.000000
vn -0.768218 -0.640188 0.000000
vn -0.345902 -0.727427 0.592623
vn -0.144074 -0.402878 0.903843
vn -0.673369 -0.738744 -0.028843
vn -0.768865 -0.637049 -0.054906
vn -0.188353 -0.806250 0.560789
vn -0.189674 -0.694267 0.694274
vn -0.291298 -0.824197 -0.485639
vn -0.289651 -0.956010 -0.046346
vn -0.248871 -0.968508 -0.007465
vn -0.221990 -0.910122 0.349854
vn -0.448689 -0.890543 -0.074906
vn -0.494616 -0.865640 0.077599
vn -0.589940 -0.806067 -0.047195
vn -0.623957 -0.781338 0.013724
vn -0.727331 -0.610126 0.314222
vn -0.124502 -0.138427 0.982516
vn -0.917806 -0.397002 0.004658
vn -0.918405 -0.390171 -0.065573
vn -0.988531 -0.145083 -0.041919
vn -0.920013 -0.213562 0.328583
vn -0.995163 0.022842 -0.095550
vn -0.194155 0.000000 0.980971
vn -0.992279 0.124027 0.000000
vn -0.904684 0.189350 0.381697
vn -0.992279 0.124027 0.000000
vn -0.966890 0.250647 -0.047954
vn -0.993274 0.115785 0.000000
vn -0.935389 0.305440 -0.178198
vn -0.935665 0.352859 0.004613
vn -0.364217 -0.040384 0.930438
vn -0.290008 -0.012963 0.956936
vn -0.156376 -0.070608 0.985171
vn -0.264871 -0.247205 0.932058
vn -0.348356 -0.166532 0.922451
vn -0.904265 -0.416892 0.092229
vn -0.962122 -0.266772 0.056160
vn -0.962212 -0.262457 -0.072550
vn -0.910957 -0.404899 -0.078833
vn 0.000000 0.000000 -1.000000
vn -0.000002 0.000000 -1.000000
vn 0.000000 0.000000 -1.000000
vn -0.000002 0.000000 -1.000000
vn -0.000002 0.000000 -1.000000
vn -0.000002 0.000000 -1.000000
vn 0.000000 0.000000 -1.000000
vn 0.000000 0.000000 -1.000000
vn 0.000000 0.000000 -1.000000
vn 0.000000 0.000000 -1.000000
vn 0.000000 0.000000 -1.000000
vn 0.000000 0.000000 -1.000000
vn 0.000000 0.000000 -1.000000
vn 0.000000 0.000000 -1.000000
vn -0.229000 0.045809 -0.972348
vn -0.916106 0.366471 -0.162632
vn -0.984676 0.000000 -0.174395
vn -0.989121 -0.012157 0.146604
vn -0.977632 0.209898 0.013357
vn -0.919087 0.366281 0.145320
vn -0.322654 0.170701 0.930997
vn -0.358077 0.073203 0.930818
vn -0.162287 0.071666 0.984138
vn -0.794308 -0.593050 0.131783
vn -0.789174 -0.591843 -0.164090
vn 0.000000 0.000000 -1.000000
vn -0.541694 -0.812518 -0.215364
vn 0.000000 0.000000 -1.000000
vn -0.558435 -0.804980 0.200395
vn -0.207498 -0.259186 0.943275
vn -0.184964 -0.383332 0.904901
vn -0.371399 -0.928473 0.000000
vn -0.088062 -0.220154 -0.971482
vn 0.000000 0.000000 -1.000000
vn -0.068781 -0.229287 -0.970926
vn -0.274102 -0.961597 0.014133
vn -0.073090 -0.400666 0.913304
vn -0.012235 -0.989130 0.146532
vn -0.000000 -0.984676 -0.174393
vn 0.000000 0.000000 -1.000000
vn -0.022308 -0.363499 0.931328
vn -0.087010 -0.164851 0.982473
vn -0.011891 -0.199680 0.979789
vn -0.769931 0.600393 0.216182
vn -0.000008 0.000000 -1.000000
vn -0.000000 0.984676 -0.174394
vn 0.012157 0.989121 0.146604
vn 0.016353 0.381980 0.924026
vn 0.165892 0.986055 0.013245
vn 0.066980 0.449587 0.890722
vn 0.366429 0.916121 -0.162641
vn 0.376414 0.916426 0.135924
vn 0.639306 0.730632 -0.239718
vn 0.094369 0.177484 0.979589
vn 0.177677 0.335323 0.925197
vn 0.652176 0.732722 0.194385
vn 0.219818 0.251102 0.942670
vn 0.821132 0.570252 0.023548
vn 0.000000 0.000000 -1.000000
vn 0.000000 0.000000 -1.000000
vn 0.000000 0.000000 -1.000000
vn 0.000000 0.000000 -1.000000
vn 0.062503 -0.229198 -0.971371
vn 0.538901 -0.808328 -0.237047
vn 0.086473 -0.216168 -0.972519
vn 0.263095 -0.964770 0.000000
vn 0.100454 -0.398225 0.911771
vn 0.195365 -0.345628 0.917809
vn 0.051062 -0.180754 0.982202
vn 0.000000 -0.997055 0.076691
vn 0.782894 -0.042192 -0.620723
vn 0.306582 0.000004 0.951844
vn 0.208874 -0.104440 0.972350
vn 0.616799 0.289884 0.731797
vn 0.708116 -0.451156 -0.543167
vn -0.150242 0.396550 0.905635
vn 0.164739 -0.184921 0.968848
vn 0.172208 -0.285473 0.942788
vn -0.394707 0.189670 0.899017
vn -0.039005 -0.482545 0.875002
vn -0.289797 -0.679563 0.673953
vn -0.274222 0.251084 0.928310
vn -0.485382 0.565106 -0.667128
vn -0.734708 -0.308830 0.604009
vn -0.714212 -0.666115 -0.214924
vn -0.925559 0.000012 -0.378603
vn -0.584556 0.000011 -0.811353
vn 0.041891 0.784711 -0.618445
vn -0.124688 0.976661 -0.174888
vn 0.270735 0.558035 0.784411
vn 0.423255 0.401242 -0.812318
vn 0.707819 0.648090 -0.281019
vn -0.587669 0.185220 -0.787616
vn 0.000000 0.000000 -1.000000
vn -0.000002 0.000000 -1.000000
vn -0.054657 0.582155 -0.811239
vn 0.000000 0.242491 -0.970154
vn 0.000000 0.242516 -0.970147
vn 0.421640 0.192337 -0.886130
vn 0.447114 -0.000000 -0.894477
vn 0.280524 -0.135014 -0.950304
vn 0.301321 -0.150663 -0.941545
vn 0.306352 -0.488175 -0.817211
vn 0.026155 -0.480220 -0.876758
vn 0.000000 0.000000 -1.000000
vn -0.102329 -0.841956 -0.529754
vn 0.000015 0.000000 -1.000000
vn 0.000015 0.000000 -1.000000
vn 0.000015 0.000000 -1.000000
vn 0.000000 0.000000 -1.000000
vn 0.000000 0.000000 -1.000000
vn -0.688092 -0.325717 -0.648411
vn 0.894216 -0.447050 0.022894
vn 0.000000 0.000000 1.000000
vn 0.769216 -0.638130 0.033114
vn -0.000019 0.000000 1.000000
vn 0.580353 -0.814333 -0.007197
vn 0.000000 0.000000 1.000000
vn 0.309104 -0.950288 -0.037518
vn 0.368811 -0.929324 0.018327
vn 0.519878 -0.844826 -0.126474
vn 0.712194 -0.680334 -0.172988
vn 0.811273 -0.545938 -0.209255
vn 0.556247 -0.814942 -0.162658
vn 0.185887 -0.137977 -0.972835
vn 0.200537 -0.133701 -0.970520
vn 0.496498 -0.744879 -0.445696
vn -0.000000 0.000000 -1.000000
vn 0.000000 0.000000 -1.000000
vn 0.184775 -0.277162 -0.942889
vn 0.000003 0.000000 -1.000000
vn 0.000000 0.000000 -1.000000
vn 0.000000 0.000000 -1.000000
vn 0.000000 0.000000 -1.000000
vn 0.139338 -0.261277 -0.955154
vn 0.554699 -0.832051 0.000000
vn 0.275060 -0.950759 -0.142830
vn 0.000002 0.000000 -1.000000
vn 0.310642 -0.931928 0.187113
vn 0.000000 0.000000 1.000000
vn 0.000000 -0.999134 0.041618
vn 0.000000 -0.196117 -0.980581
vn 0.000000 -0.980584 -0.196097
vn 0.000000 -1.000000 0.000000
vn 0.019451 -0.199996 -0.979604
vn 0.036109 -0.998601 -0.038642
vn -0.268881 -0.950949 -0.152969
vn -0.242535 -0.970143 0.000000
vn -0.316227 -0.948684 0.000000
vn 0.105215 -0.753821 -0.648601
vn 0.000000 0.000000 -1.000000
vn -0.089594 -0.212449 -0.973056
vn 0.000000 0.000000 -1.000000
vn -0.277765 -0.959262 -0.051604
vn -0.316228 -0.948683 0.000000
vn -0.316226 -0.948684 0.000000
vn 0.000000 -0.308545 -0.951210
vn 0.000000 0.000000 -1.000000
vn -0.466878 -0.883658 -0.034254
vn -0.554634 -0.832094 0.000000
vn -0.570445 -0.809618 -0.138245
vn -0.200511 -0.133708 -0.970524
vn -0.496498 -0.744881 -0.445693
vn -0.278354 -0.835061 -0.474545
vn 0.000000 0.000000 -1.000000
vn 0.000000 0.000000 -1.000000
vn 0.000000 0.000000 -1.000000
vn 0.000000 0.000000 -1.000000
vn 0.000000 0.000000 -1.000000
vn 0.000000 0.000000 -1.000000
vn 0.000003 0.000000 -1.000000
vn 0.000000 0.000000 -1.000000
vn 0.000000 0.000000 -1.000000
vn 0.000000 0.000000 -1.000000
vn -0.093663 -0.150713 -0.984130
vn 0.220369 0.587850 -0.778376
vn 0.000003 0.000000 -1.000000
vn -0.000001 0.000000 -1.000000
vn 0.326506 0.513887 -0.793293
vn 0.513630 0.306164 -0.801528
vn 0.666914 0.000000 -0.745135
vn 0.000002 0.000000 -1.000000
vn 0.627572 0.000000 -0.778559
vn -0.664417 -0.260649 -0.700437
vn 0.569523 0.000000 -0.821975
vn -0.611455 0.164860 -0.773915
vn -0.853545 -0.213386 -0.475318
vn -0.805785 0.352209 -0.476087
vn -0.346240 -0.632621 -0.692754
vn -0.622356 -0.654224 -0.429726
vn -0.000000 0.000000 -1.000000
vn -0.358181 0.800423 -0.480655
vn 0.398006 0.816455 -0.418321
vn -0.000012 -0.902833 -0.429992
vn 0.305279 -0.796525 -0.521875
vn 0.000000 0.740376 -0.672193
vn 0.000000 0.620160 -0.784476
vn -0.296192 0.574899 -0.762733
vn -0.521145 0.370574 -0.768819
vn 0.631670 -0.631769 -0.449290
vn 0.643386 -0.431187 -0.632560
vn -0.562476 0.281241 -0.777512
vn 0.866092 -0.242452 -0.437152
vn -0.000003 0.000000 -1.000000
vn -0.409121 0.060833 -0.910450
vn 0.646301 0.000000 -0.763083
vn 0.816481 0.397916 -0.418357
vn 0.660545 0.557538 -0.502824
vn 0.299568 0.834418 -0.462608
vn -0.750551 -0.419788 -0.510344
vn -0.160867 -0.170812 -0.972083
vn -0.229536 -0.799510 -0.555065
vn -0.039501 -0.051260 -0.997904
vn -0.041497 -0.031982 -0.998627
vn 0.000010 0.000000 -1.000000
vn 0.000001 0.000000 -1.000000
vn 0.000000 0.000000 -1.000000
vn 0.000000 0.000000 -1.000000
vn 0.000000 0.000000 -1.000000
vn 0.000000 0.000000 -1.000000
vn 0.000000 0.000000 -1.000000
vn 0.000000 0.000000 -1.000000
vn -0.000002 0.000000 -1.000000
vn 0.206751 -0.085594 -0.974642
vn 0.962150 -0.219489 -0.161531
vn 0.980581 -0.196116 0.000000
vn 0.706734 -0.032482 -0.706733
vn 1.000000 0.000000 0.000000
vn 0.993662 -0.100540 -0.050276
vn 0.551003 0.000000 -0.834504
vn 0.183606 0.000000 -0.983000
vn 0.984090 -0.020046 -0.176537
vn 0.979288 0.000000 -0.202472
vn 0.998432 -0.055741 0.005130
vn 0.000000 0.000000 1.000000
vn -0.528140 -0.848252 0.039191
vn 0.000000 0.000000 1.000000
vn -0.832010 -0.554579 0.014198
vn -0.673213 -0.693811 -0.255755
vn -0.938046 -0.345030 -0.031999
vn -0.928490 -0.371358 0.000000
vn -0.701378 -0.239711 -0.671273
vn -0.980581 -0.196116 0.000000
vn -0.200720 -0.069439 -0.977185
vn -0.962081 -0.219686 -0.161676
vn -0.706022 -0.055309 -0.706027
vn 0.000000 0.000000 -1.000000
vn -0.480871 0.000000 -0.876792
vn -1.000000 0.000000 0.000000
vn -1.000000 0.000000 0.000000
vn -1.000000 0.000000 0.000000
vn -1.000000 0.000000 0.000000
vn -1.000000 0.000000 0.000000
vn -1.000000 0.000000 0.000000
vn -1.000000 0.000000 0.000000
vn -1.000000 0.000000 0.000000
vn 0.000000 0.000000 -1.000000
vn 0.000000 0.000000 -1.000000
vn 0.000000 0.000000 -1.000000
vn 0.177568 -0.046494 -0.983010
vn 0.000000 0.000000 -1.000000
vn -0.000009 0.000000 -1.000000
vn -0.000009 0.000000 -1.000000
vn -0.000009 0.000000 -1.000000
vn -0.000000 0.000000 -1.000000
vn -0.574499 0.722290 -0.385030
vn 0.406715 -0.837248 -0.365513
vn 0.041809 -0.054202 -0.997654
vn 0.047382 -0.145655 -0.988200
vn 0.004516 -0.019807 -0.999794
vn 0.000000 0.000000 -1.000000
vn 0.000000 0.000000 -1.000000
vn 0.000000 0.000000 -1.000000
vn 0.000000 0.000000 -1.000000
vn 0.000000 0.706928 -0.707285
vn -0.707113 0.000000 -0.707100
vn -0.577446 0.577154 -0.577451
vn -1.000000 0.000000 0.000000
vn -1.000000 0.000000 0.000000
vn -1.000000 0.000000 0.000000
vn -1.000000 0.000000 0.000000
vn -1.000000 0.000000 0.000000
vn -1.000000 0.000000 0.000000
vn -0.996970 0.077787 0.000000
vn -0.707289 0.706924 0.000000
vn 0.000000 1.000000 0.000000
vn 0.000000 1.000000 0.000000
vn 0.030735 0.706591 -0.706955
vn 0.043221 0.999028 -0.008643
vn 0.000000 0.988015 0.154359
vn 0.997018 0.065340 0.041053
vn -0.000002 0.000000 -1.000000
vn 1.000000 0.000000 0.000000
vn 0.946289 -0.065169 0.316687
vn 0.164138 -0.984919 0.054714
vn -0.141226 -0.988663 0.051000
vn -0.139149 -0.989024 -0.049697
vn -0.073168 -0.090411 0.993213
vn 0.159956 -0.985760 -0.051879
vn -0.080967 -0.180755 -0.980190
vn 0.868769 -0.188394 -0.457983
vn -0.064701 -0.087187 -0.994089
vn 0.941878 -0.335575 -0.015979
vn -0.097717 -0.104486 0.989714
vn -0.040913 -0.039327 0.998388
vn 0.907259 -0.420048 0.021001
vn -0.000001 0.000000 1.000000
vn -0.000001 0.000000 1.000000
vn -0.000001 0.000000 1.000000
vn -0.000001 0.000000 1.000000
vn 0.260459 -0.868240 0.422280
vn 0.000000 0.000000 1.000000
vn 0.000000 0.000000 1.000000
vn 0.000000 0.000000 1.000000
vn 0.000000 0.000000 1.000000
vn 0.000000 -0.998752 0.049934
vn 0.000000 -0.998868 -0.047562
vn 0.963523 -0.262767 0.050758
vn 0.991893 -0.123978 0.027895
vn 0.991741 -0.123960 -0.032923
vn 0.492552 -0.062275 -0.868052
vn 0.083275 -0.023225 -0.996256
vn 0.961410 -0.271459 -0.044732
vn 0.031343 -0.104449 -0.994036
vn 0.287334 -0.957830 0.000000
vn 0.017959 -0.999677 -0.017959
vn 0.000000 -0.988934 0.148354
vn 0.134291 -0.313316 -0.940106
vn 0.947634 -0.315825 -0.047378
vn 0.947634 -0.315824 0.047378
vn 0.831715 0.554429 0.029310
vn 0.831715 0.554429 -0.029310
vn 0.596290 0.298120 -0.745361
vn 0.189091 0.099780 -0.976877
vn 0.033081 0.207582 -0.977658
vn 0.180998 0.982631 -0.040946
vn 0.184113 0.981996 0.042258
vn -0.697482 -0.716169 -0.024909
vn -0.996651 -0.066893 0.047041
vn -0.998540 -0.007941 -0.053432
vn -0.171419 -0.021591 -0.984962
vn -0.998812 0.000000 -0.048728
vn -0.998641 -0.003281 0.052013
vn 0.000001 0.000000 1.000000
vn -0.979669 0.195914 0.043198
vn -0.773677 0.515786 0.367952
vn -0.979898 0.194809 -0.043004
vn -0.088456 0.013576 -0.995988
vn -0.836510 0.547845 -0.010839
vn -0.106665 0.035555 -0.993659
vn -0.047032 0.141096 -0.988878
vn -0.547844 0.836510 -0.010839
vn -0.531345 0.797017 0.287117
vn -0.071161 0.996323 0.047712
vn -0.014917 0.266046 -0.963845
vn -0.070573 0.996440 -0.046122
vn 0.000000 0.000000 1.000000
vn 0.000000 0.000000 1.000000
vn 0.000000 0.000000 1.000000
vn -0.092515 -0.369908 0.924451
vn 0.919290 -0.000001 0.393581
vn -0.816331 -0.332720 0.472123
vn 0.532137 -0.786115 0.314411
vn 0.827856 -0.540945 0.148436
vn -0.605228 -0.786795 0.121046
vn 0.912127 -0.331509 -0.241094
vn -0.792224 -0.477624 -0.379810
vn 0.950912 -0.245286 -0.188681
vn -0.823955 -0.200442 -0.530020
vn 0.153042 0.000000 -0.988220
vn 0.957026 0.107736 0.269246
vn -0.893045 0.223294 0.390654
vn 0.978523 0.092187 -0.184374
vn -0.847276 0.147225 -0.510342
vn 0.717568 0.473692 -0.510599
vn 0.935307 0.250201 0.250202
vn 0.566514 0.699724 -0.435257
vn -0.901711 0.429139 0.052501
vn -0.092491 0.924455 0.369904
vn -0.918398 -0.367360 0.146944
vn -0.844277 0.075787 0.530522
vn -0.910498 0.301617 0.282879
vn -0.915513 0.363703 -0.171920
vn -0.859339 0.000000 -0.511406
vn 1.000000 0.000000 0.000000
vn 0.544224 -0.179704 0.819467
vn 0.866939 -0.489722 0.092674
vn 0.577349 0.577347 0.577354
vn 1.000000 0.000000 0.000000
vn 0.554700 0.832050 0.000000
vn 0.294166 0.588169 0.753341
vn 0.852839 0.521786 0.020110
vn 1.000000 0.000000 0.000000
vn 0.881918 -0.465952 -0.071478
vn 0.881911 -0.465961 -0.071504
vn 1.000000 0.000000 0.000000
vn 0.603228 -0.057968 -0.795459
vn 0.462072 0.879672 0.112550
vn 0.690954 0.690964 -0.212487
vn 0.463429 0.825094 -0.323194
vn 0.513476 0.856490 -0.052597
vn 0.342761 0.584472 -0.735464
vn 0.337590 0.836456 -0.431710
vn 0.420247 0.906656 0.036975
vn 0.419033 -0.355680 -0.835406
vn 0.866940 -0.489724 0.092659
vn 0.000000 0.000000 -1.000000
vn 0.943609 -0.331062 0.000000
vn 0.883368 -0.468681 0.000000
vn 0.850610 -0.502519 0.154716
vn -0.000002 0.000000 -1.000000
vn 0.000000 0.000000 -1.000000
vn 0.000000 0.000000 -1.000000
vn 0.000000 0.000000 -1.000000
vn 0.000008 0.000000 -1.000000
vn 0.049346 0.128592 -0.990469
vn 0.600222 -0.389203 0.698751
vn 0.154720 -0.502518 0.850610
vn 0.000000 0.000000 1.000000
vn 0.000002 0.000000 1.000000
vn 0.000000 0.000000 1.000000
vn 0.000000 0.000000 1.000000
vn 0.000000 0.000000 1.000000
vn 0.000000 0.000000 1.000000
vn 0.000000 0.000000 1.000000
vn 0.000000 0.000000 1.000000
vn -0.000004 0.000000 1.000000
vn 0.000000 0.000000 1.000000
vn 0.000000 0.000000 1.000000
vn 0.000000 0.000000 1.000000
vn 0.000000 0.000000 1.000000
vn 0.000000 0.000000 1.000000
vn 0.000000 0.000000 1.000000
vn 0.331726 0.663406 0.670709
vn 0.254776 0.458648 0.851311
vn 0.000000 0.000000 1.000000
vn 0.485602 0.874180 0.000000
vn 0.351105 0.936336 0.000000
vn 0.485601 0.874180 0.000000
vn 0.650796 0.759253 0.000000
vn 0.000000 0.000000 1.000000
vn 0.000000 0.000000 1.000000
vn 0.000000 0.000000 1.000000
vn 0.000000 0.000000 1.000000
vn 0.000000 0.000000 1.000000
vn 0.000000 0.000000 1.000000
vn 0.000000 0.000000 1.000000
vn 0.000000 0.000000 1.000000
vn 0.619756 0.442653 0.648044
vn 0.538106 0.627789 0.562425
vn 0.813754 0.581209 0.000000
vn 0.650795 0.759253 0.000000
vn 0.813753 0.581211 0.000000
vn 0.495671 0.867477 -0.042361
vn 0.538106 0.627789 -0.562425
vn 0.619750 0.442655 -0.648049
vn 0.525088 0.700096 -0.483889
vn 0.642825 0.459126 -0.613171
vn 0.303129 0.505266 -0.807972
vn 0.000001 0.000000 -1.000000
vn 0.474407 0.632520 -0.612256
vn 0.000003 0.000000 -1.000000
vn 0.089480 0.063909 -0.993936
vn 0.000000 0.000000 1.000000
vn 0.000000 0.000000 1.000000
vn 0.000000 0.000000 1.000000
vn 0.000000 0.000000 1.000000
vn 0.000000 0.000000 1.000000
vn 0.000000 0.000000 1.000000
vn 0.000000 0.000000 1.000000
vn 0.000000 0.000000 1.000000
vn 0.000000 0.000000 1.000000
vn 0.000000 0.000000 1.000000
vn 0.000000 0.000000 1.000000
vn -0.193711 -0.487599 0.851307
vn 0.000000 0.000000 1.000000
vn 0.000000 0.000000 1.000000
vn -0.564773 -0.635366 0.526633
vn -0.344681 -0.689331 0.637195
vn -0.495334 -0.868645 0.009964
vn -0.126271 -0.489101 0.863039
vn -0.366738 -0.919342 0.142524
vn -0.171669 -0.982963 0.065671
vn -0.295128 -0.941307 -0.163830
vn -0.503882 -0.863773 0.000000
vn -0.378700 -0.663217 -0.645546
vn 0.296300 -0.952329 0.072630
vn -0.236858 -0.958538 -0.158439
vn -0.072322 -0.994756 -0.072314
vn -0.275443 -0.841816 -0.464195
vn -0.266950 -0.553739 -0.788740
vn -0.301796 -0.950770 -0.070393
vn 0.750281 -0.637537 -0.175001
vn 0.000000 -0.894381 -0.447306
vn 0.000000 -0.707291 -0.706922
vn -0.187456 -0.749928 -0.634403
vn -0.317733 -0.714974 -0.622783
vn 0.000004 0.000000 -1.000000
vn -0.082634 -0.183774 -0.979489
vn -0.486775 -0.634887 -0.599973
vn -0.000002 0.000000 -1.000000
vn 0.000000 0.000000 -1.000000
vn 0.000000 0.000000 -1.000000
vn 0.000000 0.000000 -1.000000
vn 0.000000 0.000000 1.000000
vn 0.000000 0.000000 1.000000
vn 0.000000 0.000000 1.000000
vn 0.000000 0.000000 1.000000
vn 0.000000 0.000000 1.000000
vn 0.000000 0.000000 1.000000
vn 0.000000 0.000000 1.000000
vn 0.000000 0.000000 1.000000
vn 0.000000 0.000000 1.000000
vn 0.000007 0.000000 1.000000
vn 0.000000 0.000000 1.000000
vn -0.643798 -0.515044 0.565910
vn 0.000000 0.000000 1.000000
vn -0.687070 -0.374787 0.622471
vn -0.737833 -0.122999 0.663682
vn -0.987508 -0.157569 0.000000
vn -0.877888 -0.478866 0.000000
vn -0.780865 -0.624700 0.000000
vn -0.664366 -0.747407 0.000000
vn -0.664366 -0.747407 0.000000
vn -0.780865 -0.624700 0.000000
vn -0.640073 -0.768097 -0.018237
vn -0.877889 -0.478865 0.000000
vn -0.798135 -0.601771 -0.029170
vn -0.713618 -0.499547 -0.491122
vn -0.000005 0.000000 -1.000000
vn 0.000000 0.000000 -1.000000
vn 0.000000 0.000000 -1.000000
vn 0.000000 0.000000 -1.000000
vn -0.143510 -0.074929 -0.986808
vn 0.115848 0.043440 -0.992317
vn -0.813562 -0.409908 -0.412422
vn -0.000001 0.000000 -1.000000
vn 0.683808 0.068377 -0.726451
vn -0.000003 0.000000 -1.000000
vn -0.168399 -0.008721 -0.985680
vn -0.000004 0.000000 -1.000000
vn -0.141318 0.029450 -0.989526
vn -0.681277 0.003682 -0.732017
vn -0.892193 0.025691 -0.450923
vn -0.589373 -0.083587 -0.803525
vn -0.735837 -0.113232 -0.667625
vn -0.988367 -0.152090 0.000000
vn -0.998187 0.059719 0.007492
vn -0.884808 0.173013 -0.432645
vn -0.998670 0.050888 0.008284
vn -0.981330 0.192316 0.002356
vn -0.738790 0.041061 0.672683
vn 0.666673 0.333311 -0.666671
vn 0.706163 0.264795 -0.656671
vn 0.988565 0.148263 -0.027516
vn 0.894439 0.447189 0.000000
vn 0.980583 0.196106 0.000000
vn 0.894438 0.447191 0.000000
vn 0.666664 0.333315 0.666679
vn 0.000000 0.000000 1.000000
vn 0.660627 0.132120 0.738997
vn -0.000001 0.000000 1.000000
vn -0.000001 0.000000 1.000000
vn -0.000001 0.000000 1.000000
vn 0.000000 0.000000 1.000000
vn 0.000000 0.000000 1.000000
vn 0.000000 0.000000 1.000000
vn 0.000000 0.000000 1.000000
vn 0.980582 0.196107 0.000000
vn 0.000000 0.000000 1.000000
vn 0.665951 -0.047566 0.744478
vn 0.997459 -0.071244 0.000000
vn 0.997459 -0.071245 0.000000
vn 0.975284 -0.220803 0.008154
vn 0.976882 -0.172384 0.126436
vn 0.000021 0.000000 1.000000
vn 0.000000 0.000000 1.000000
vn 0.973420 -0.229026 0.000000
vn -0.000001 0.000000 1.000000
vn -0.000001 0.000000 1.000000
vn -0.000001 0.000000 1.000000
vn 0.000000 0.000000 1.000000
vn 0.000000 0.000000 1.000000
vn 0.000000 0.000000 1.000000
vn 0.998819 -0.037521 -0.030870
vn 0.960205 -0.222018 -0.169454
vn 0.631249 -0.114788 -0.767038
vn 0.109395 -0.018690 -0.993823
vn 0.707120 0.000000 -0.707093
vn 0.000000 0.000000 1.000000
vn 0.000000 0.000000 1.000000
vn 0.000000 0.000000 1.000000
vn 0.000000 0.000000 1.000000
vn 0.000000 0.000000 1.000000
vn 0.000000 0.000000 1.000000
vn 0.000000 0.000000 1.000000
vn 0.000000 0.000000 1.000000
vn -0.721037 0.137345 0.679148
vn 0.000000 0.000000 1.000000
vn 0.000000 0.000000 1.000000
vn 0.000000 0.000000 1.000000
vn 0.000000 0.000000 1.000000
vn 0.450579 -0.163821 0.877577
vn -0.948690 0.316208 0.000000
vn -0.674376 0.224776 0.703344
vn -0.980579 0.196126 0.000000
vn 0.000000 0.000000 1.000000
vn -0.948690 0.316208 0.000000
vn -0.855501 0.282345 -0.434050
vn -0.601041 0.208620 -0.771510
vn 0.000000 0.000000 1.000000
vn 0.000010 0.000000 1.000000
vn 0.000010 0.000000 1.000000
vn 0.000010 0.000000 1.000000
vn 0.000000 0.000000 1.000000
vn 0.000000 0.000000 1.000000
vn 0.000000 0.000000 1.000000
vn 0.000003 0.000000 1.000000
vn 0.000003 0.000000 1.000000
vn 0.000003 0.000000 1.000000
vn 0.000000 0.000000 1.000000
vn 0.000000 0.000000 1.000000
vn 0.000000 0.000000 1.000000
vn -0.000000 0.000000 -1.000000
vn 0.000001 0.000000 -1.000000
vn 0.701266 -0.233752 -0.673488
vn 0.842108 -0.266148 -0.469061
vn 0.943872 -0.296928 -0.144707
vn -0.468983 0.883207 0.000000
vn -0.586907 0.352112 0.729080
vn -0.447232 0.894418 0.000000
vn 0.107035 0.994229 -0.007269
vn -0.418756 0.781273 -0.462877
vn -0.303417 0.916214 -0.261707
vn 0.131445 0.878151 -0.459970
vn 0.169419 -0.037733 -0.984821
vn -0.093224 0.167801 -0.981403
vn 0.880680 -0.122923 -0.457484
vn 0.992280 -0.124019 0.000000
vn 0.941004 -0.303938 0.148773
vn 0.112350 0.993669 0.000000
vn 0.992280 -0.124019 0.000000
vn 0.778357 -0.111836 0.617780
vn 0.090831 0.726348 0.681299
vn 0.000000 0.214692 0.976682
vn 0.000000 0.000000 1.000000
vn 0.000000 0.000000 1.000000
vn 0.000000 0.000000 1.000000
vn 0.120383 0.240779 0.963085
vn 0.937640 -0.295191 0.183557
vn -0.711826 0.692067 0.119778
vn -0.706730 0.705264 -0.056001
vn 1.000000 0.000000 0.000000
vn -0.499744 0.312406 0.807873
vn -0.908483 0.365676 0.202335
vn 0.892210 -0.451492 -0.010778
vn 0.918398 -0.367358 -0.146943
vn 0.534384 -0.739269 0.409774
vn 0.841192 -0.382359 -0.382358
vn 0.609710 -0.792625 0.000000
vn -0.447210 -0.894429 -0.000000
vn -0.898500 0.372364 -0.232472
vn 0.488701 -0.742631 -0.457898
vn -0.766632 0.516887 -0.380924
vn -0.641831 0.750748 -0.156302
vn 0.120386 0.240772 -0.963087
vn 0.198030 -0.693104 0.693102
vn 0.895573 -0.198973 0.397943
vn -0.721475 -0.288833 0.629324
vn 0.920326 -0.391152 0.000000
vn -0.748438 -0.646942 0.145968
vn 0.963482 0.119727 0.239514
vn 0.930047 -0.367440 0.000000
vn 0.180998 -0.000032 0.983483
vn -0.691614 0.208189 0.691612
vn -0.940809 0.000008 0.338937
vn -0.955162 -0.109387 -0.275138
vn -0.582695 -0.634638 -0.507643
vn 0.915888 -0.283892 -0.283820
vn -0.944912 -0.206527 -0.253945
vn -0.791494 0.432160 -0.432174
vn -0.592277 -0.000001 -0.805734
vn 0.691020 -0.087381 -0.717534
vn 1.000000 0.000000 0.000000
vn 0.532645 0.314238 -0.785840
vn -0.894474 0.447119 0.000000
vn -0.681991 0.681993 0.264147
vn -0.723771 0.679919 -0.117749
vn 0.806442 0.570070 -0.157068
vn 0.577352 0.577352 0.577347
vn 0.963099 0.269148 0.000000
vn -0.092298 0.924554 -0.369705
vn -0.735261 -0.660288 0.153004
vn 0.504343 -0.863503 0.000000
vn -0.092464 -0.924498 0.369803
vn 0.772493 -0.373502 0.513567
vn -0.806803 -0.512177 -0.294524
vn -0.588848 -0.290054 0.754404
vn -0.949675 -0.162876 -0.267560
vn -0.680438 -0.119901 -0.722930
vn -0.680932 0.488112 -0.545965
vn -0.946035 -0.269722 0.179630
vn -0.670655 0.562878 0.483105
vn -0.958780 0.178968 -0.220704
vn -0.707105 0.707108 0.000000
vn 0.809509 0.573447 -0.125911
vn -0.592345 0.770057 0.236936
vn 0.977604 -0.094116 -0.188236
vn 0.000000 -0.894520 -0.447028
vn 0.868049 -0.222030 -0.444065
vn 0.978529 -0.092176 0.184350
vn 0.983321 0.162686 -0.081320
vn 0.119146 0.304086 -0.945165
vn -0.000000 0.447211 -0.894429
vn 0.956158 0.232123 0.178554
vn -0.092451 0.924503 0.369794
vn 0.613108 -0.000001 0.789999
vn -0.707115 0.000000 0.707099
vn 0.532167 -0.314528 0.786048
vn 0.832520 -0.000001 0.553995
vn -0.686850 -0.403860 0.604263
vn -0.092563 -0.924505 0.369760
vn 0.803023 -0.574703 0.157702
vn -0.605231 -0.786793 0.121047
vn 0.912127 -0.331508 -0.241095
vn -0.792226 -0.477621 -0.379811
vn 0.950913 -0.245285 -0.188680
vn -0.823953 -0.200441 -0.530024
vn 0.957026 0.107738 0.269245
vn -0.754935 0.423496 0.500724
vn 0.153043 0.000003 -0.988219
vn -0.859338 0.000001 -0.511409
vn -0.847276 0.147225 -0.510341
vn -0.896956 0.376332 -0.232044
vn 0.978523 0.092187 -0.184373
vn 0.717568 0.473740 -0.510555
vn 0.935313 0.250211 0.250167
vn -0.901684 0.429198 0.052498
vn 0.566397 0.699866 -0.435181
vn -0.092452 0.924503 0.369792
vn -0.894429 -0.447210 0.000000
vn -0.780298 0.181951 0.598355
vn -0.976711 -0.000000 -0.214558
s 1
g Mesh
usemtl initialShadingGroup
f 694/1/1 702/2/2 720/3/3
f 694/1/1 720/3/3 721/4/4
f 721/4/4 720/3/3 747/5/5
f 694/1/1 721/4/4 290/6/6
f 290/6/6 721/4/4 747/5/5
f 747/5/5 720/3/3 746/7/7
f 197/8/8 306/9/9 290/6/6
f 290/6/6 306/9/9 415/10/10
f 290/6/6 747/5/5 741/11/11
f 741/11/11 747/5/5 746/7/7
f 746/7/7 720/3/3 719/12/12
f 719/12/12 720/3/3 702/2/2
f 741/11/11 746/7/7 757/13/13
f 290/6/6 741/11/11 736/14/14
f 736/14/14 741/11/11 757/13/13
f 290/6/6 736/14/14 714/15/15
f 290/6/6 714/15/15 663/16/16
f 714/15/15 736/14/14 735/17/17
f 735/17/17 736/14/14 757/13/13
f 714/15/15 735/17/17 713/18/18
f 713/18/18 735/17/17 734/19/19
f 734/19/19 735/17/17 757/13/13
f 713/18/18 734/19/19 712/20/20
f 712/20/20 734/19/19 711/21/21
f 734/19/19 757/13/13 756/22/22
f 745/23/23 757/13/13 746/7/7
f 757/13/13 745/23/23 756/22/22
f 745/23/23 746/7/7 719/12/12
f 734/19/19 756/22/22 740/24/24
f 711/21/21 734/19/19 733/25/25
f 733/25/25 734/19/19 740/24/24
f 711/21/21 733/25/25 624/26/26
f 711/21/21 624/26/26 660/27/27
f 660/27/27 624/26/26 581/28/28
f 624/26/26 733/25/25 670/29/29
f 670/29/29 733/25/25 740/24/24
f 581/28/28 624/26/26 623/30/30
f 623/30/30 624/26/26 670/29/29
f 581/28/28 623/30/30 580/31/31
f 581/28/28 580/31/31 508/32/32
f 623/30/30 670/29/29 669/33/33
f 508/32/32 580/31/31 579/34/34
f 508/32/32 579/34/34 507/35/35
f 507/35/35 579/34/34 493/36/36
f 493/36/36 579/34/34 570/37/37
f 570/37/37 579/34/34 621/38/38
f 621/38/38 579/34/34 580/31/31
f 570/37/37 621/38/38 612/39/39
f 622/40/40 580/31/31 623/30/30
f 580/31/31 622/40/40 621/38/38
f 622/40/40 623/30/30 669/33/33
f 612/39/39 621/38/38 667/41/41
f 667/41/41 621/38/38 622/40/40
f 612/39/39 667/41/41 644/42/42
f 622/40/40 669/33/33 668/43/43
f 622/40/40 668/43/43 667/41/41
f 644/42/42 667/41/41 680/44/44
f 680/44/44 667/41/41 668/43/43
f 644/42/42 680/44/44 646/45/45
f 668/43/43 669/33/33 681/46/46
f 668/43/43 681/46/46 680/44/44
f 681/46/46 669/33/33 682/47/47
f 682/47/47 669/33/33 670/29/29
f 680/44/44 681/46/46 687/48/48
f 687/48/48 681/46/46 682/47/47
f 646/45/45 680/44/44 686/49/49
f 686/49/49 680/44/44 687/48/48
f 646/45/45 686/49/49 653/50/50
f 682/47/47 670/29/29 683/51/51
f 682/47/47 683/51/51 687/48/48
f 683/51/51 670/29/29 740/24/24
f 653/50/50 686/49/49 655/52/52
f 655/52/52 686/49/49 687/48/48
f 653/50/50 655/52/52 631/53/53
f 631/53/53 655/52/52 586/54/54
f 683/51/51 740/24/24 688/55/55
f 683/51/51 688/55/55 687/48/48
f 688/55/55 740/24/24 744/56/56
f 744/56/56 740/24/24 756/22/22
f 744/56/56 756/22/22 745/23/23
f 744/56/56 745/23/23 718/57/57
f 718/57/57 745/23/23 719/12/12
f 688/55/55 744/56/56 634/58/58
f 634/58/58 744/56/56 718/57/57
f 633/59/59 687/48/48 688/55/55
f 633/59/59 688/55/55 634/58/58
f 687/48/48 633/59/59 656/60/60
f 687/48/48 656/60/60 655/52/52
f 633/59/59 634/58/58 593/61/61
f 655/52/52 656/60/60 615/62/62
f 655/52/52 615/62/62 586/54/54
f 656/60/60 633/59/59 592/63/63
f 592/63/63 633/59/59 593/61/61
f 615/62/62 656/60/60 616/64/64
f 616/64/64 656/60/60 592/63/63
f 586/54/54 615/62/62 566/65/65
f 586/54/54 566/65/65 522/66/66
f 615/62/62 616/64/64 567/67/67
f 567/67/67 616/64/64 592/63/63
f 615/62/62 567/67/67 566/65/65
f 567/67/67 592/63/63 527/68/68
f 527/68/68 592/63/63 593/61/61
f 566/65/65 567/67/67 473/69/69
f 473/69/69 567/67/67 527/68/68
f 472/70/70 522/66/66 566/65/65
f 472/70/70 566/65/65 473/69/69
f 522/66/66 472/70/70 449/71/71
f 527/68/68 593/61/61 528/72/72
f 527/68/68 528/72/72 473/69/69
f 449/71/71 472/70/70 391/73/73
f 449/71/71 391/73/73 368/74/74
f 368/74/74 391/73/73 294/75/75
f 294/75/75 391/73/73 300/76/76
f 391/73/73 472/70/70 392/77/77
f 391/73/73 392/77/77 300/76/76
f 392/77/77 472/70/70 473/69/69
f 300/76/76 392/77/77 301/78/78
f 301/78/78 392/77/77 296/79/79
f 392/77/77 473/69/69 474/80/80
f 474/80/80 473/69/69 528/72/72
f 296/79/79 392/77/77 393/81/81
f 393/81/81 392/77/77 474/80/80
f 296/79/79 393/81/81 297/82/82
f 297/82/82 393/81/81 305/83/83
f 305/83/83 393/81/81 412/84/84
f 412/84/84 393/81/81 474/80/80
f 305/83/83 412/84/84 413/85/85
f 412/84/84 474/80/80 500/86/86
f 412/84/84 500/86/86 413/85/85
f 474/80/80 528/72/72 500/86/86
f 413/85/85 500/86/86 501/87/87
f 593/61/61 634/58/58 718/57/57
f 528/72/72 593/61/61 599/88/88
f 528/72/72 599/88/88 500/86/86
f 593/61/61 718/57/57 693/89/89
f 593/61/61 693/89/89 599/88/88
f 693/89/89 718/57/57 719/12/12
f 500/86/86 599/88/88 617/90/90
f 500/86/86 617/90/90 501/87/87
f 599/88/88 693/89/89 701/91/91
f 701/91/91 693/89/89 719/12/12
f 599/88/88 701/91/91 617/90/90
f 701/91/91 719/12/12 702/2/2
f 701/91/91 702/2/2 617/90/90
f 501/87/87 617/90/90 502/92/92
f 501/87/87 502/92/92 413/85/85
f 617/90/90 702/2/2 618/93/93
f 617/90/90 618/93/93 502/92/92
f 618/93/93 702/2/2 694/1/1
f 618/93/93 694/1/1 600/94/94
f 618/93/93 600/94/94 502/92/92
f 600/94/94 694/1/1 290/6/6
f 600/94/94 290/6/6 503/95/95
f 600/94/94 503/95/95 502/92/92
f 503/95/95 290/6/6 415/10/10
f 414/96/96 413/85/85 502/92/92
f 414/96/96 502/92/92 503/95/95
f 414/96/96 503/95/95 415/10/10
f 413/85/85 414/96/96 309/97/97
f 414/96/96 415/10/10 310/98/98
f 507/99/35 493/100/36 436/101/99
f 507/99/35 436/101/99 428/102/100
f 428/102/100 436/101/99 345/103/101
f 345/103/101 436/101/99 349/104/102
f 507/99/35 428/102/100 429/105/103
f 429/105/103 428/102/100 345/103/101
f 345/103/101 349/104/102 288/106/104
f 507/99/35 429/105/103 508/107/32
f 345/103/101 288/106/104 281/108/105
f 281/108/105 288/106/104 181/109/106
f 281/108/105 181/109/106 182/110/107
f 281/108/105 182/110/107 282/111/108
f 345/103/101 281/108/105 346/112/109
f 345/103/101 346/112/109 429/105/103
f 346/112/109 281/108/105 282/111/108
f 429/105/103 346/112/109 432/113/110
f 429/105/103 432/113/110 508/107/32
f 346/112/109 282/111/108 350/114/111
f 346/112/109 350/114/111 432/113/110
f 350/114/111 282/111/108 283/115/112
f 283/115/112 282/111/108 202/116/113
f 432/113/110 350/114/111 433/117/114
f 432/113/110 433/117/114 508/107/32
f 433/117/114 350/114/111 351/118/115
f 351/118/115 350/114/111 283/115/112
f 508/107/32 433/117/114 509/119/116
f 508/107/32 509/119/116 581/120/28
f 433/117/114 351/118/115 460/121/117
f 433/117/114 460/121/117 509/119/116
f 460/121/117 351/118/115 379/122/118
f 379/122/118 351/118/115 283/115/112
f 460/121/117 379/122/118 395/123/119
f 395/123/119 379/122/118 283/115/112
f 509/119/116 460/121/117 489/124/120
f 489/124/120 460/121/117 395/123/119
f 575/125/121 581/120/28 509/119/116
f 575/125/121 509/119/116 489/124/120
f 581/120/28 575/125/121 660/126/27
f 575/125/121 489/124/120 485/127/122
f 485/127/122 489/124/120 395/123/119
f 660/126/27 575/125/121 603/128/123
f 603/128/123 575/125/121 485/127/122
f 485/127/122 395/123/119 396/129/124
f 660/126/27 603/128/123 661/130/125
f 660/126/27 661/130/125 712/131/20
f 660/126/27 712/131/20 711/132/21
f 661/130/125 603/128/123 604/133/126
f 712/131/20 661/130/125 662/134/127
f 662/134/127 661/130/125 604/133/126
f 712/131/20 662/134/127 713/135/18
f 713/135/18 662/134/127 663/136/16
f 713/135/18 663/136/16 714/137/15
f 663/136/16 662/134/127 604/133/126
f 663/136/16 604/133/126 576/138/128
f 576/138/128 604/133/126 490/139/129
f 486/140/130 604/133/126 603/128/123
f 604/133/126 486/140/130 490/139/129
f 486/140/130 603/128/123 485/127/122
f 490/139/129 486/140/130 398/141/131
f 486/140/130 485/127/122 397/142/132
f 486/140/130 397/142/132 398/141/131
f 397/142/132 485/127/122 396/129/124
f 398/141/131 397/142/132 278/143/133
f 397/142/132 396/129/124 273/144/134
f 278/143/133 397/142/132 274/145/135
f 274/145/135 397/142/132 273/144/134
f 278/143/133 274/145/135 177/146/136
f 273/144/134 396/129/124 395/123/119
f 177/146/136 274/145/135 176/147/137
f 176/147/137 274/145/135 273/144/134
f 177/146/136 176/147/137 88/148/138
f 88/148/138 176/147/137 48/149/139
f 48/149/139 176/147/137 175/150/140
f 175/150/140 176/147/137 273/144/134
f 48/149/139 175/150/140 47/151/141
f 273/144/134 395/123/119 277/152/142
f 273/144/134 277/152/142 175/150/140
f 277/152/142 395/123/119 283/115/112
f 47/151/141 175/150/140 174/153/143
f 174/153/143 175/150/140 277/152/142
f 174/153/143 277/152/142 283/115/112
f 47/151/141 174/153/143 46/154/144
f 174/153/143 283/115/112 202/116/113
f 46/154/144 174/153/143 128/155/145
f 128/155/145 174/153/143 202/116/113
f 181/156/106 288/157/104 207/158/146
f 181/156/106 207/158/146 133/159/147
f 181/156/106 133/159/147 114/160/148
f 114/160/148 133/159/147 61/161/149
f 181/156/106 114/160/148 115/162/150
f 181/156/106 115/162/150 182/163/107
f 114/160/148 61/161/149 26/164/151
f 26/164/151 61/161/149 879/165/152
f 879/165/152 61/161/149 4/166/153
f 26/164/151 879/165/152 880/167/154
f 114/160/148 26/164/151 27/168/155
f 27/168/155 26/164/151 880/167/154
f 114/160/148 27/168/155 115/162/150
f 27/168/155 880/167/154 5/169/156
f 201/170/157 182/163/107 115/162/150
f 182/163/107 201/170/157 282/171/108
f 282/171/108 201/170/157 202/172/113
f 202/172/113 201/170/157 128/173/145
f 201/170/157 115/162/150 127/174/158
f 127/174/158 115/162/150 27/168/155
f 201/170/157 127/174/158 128/173/145
f 33/175/159 27/168/155 5/169/156
f 27/168/155 33/175/159 127/174/158
f 33/175/159 5/169/156 28/176/160
f 33/175/159 28/176/160 127/174/158
f 127/174/158 28/176/160 128/173/145
f 28/176/160 5/169/156 1/177/161
f 128/173/145 28/176/160 46/178/144
f 28/176/160 1/177/161 938/179/162
f 28/176/160 938/179/162 875/180/163
f 28/176/160 875/180/163 46/178/144
f 875/180/163 938/179/162 983/181/164
f 46/178/144 875/180/163 871/182/165
f 871/182/165 875/180/163 983/181/164
f 46/178/144 871/182/165 47/183/141
f 871/182/165 983/181/164 984/184/166
f 47/183/141 871/182/165 872/185/167
f 872/185/167 871/182/165 984/184/166
f 47/183/141 872/185/167 48/186/139
f 872/185/167 984/184/166 939/187/168
f 48/186/139 872/185/167 876/188/169
f 876/188/169 872/185/167 939/187/168
f 48/186/139 876/188/169 88/189/138
f 876/188/169 939/187/168 290/190/6
f 876/188/169 290/190/6 88/189/138
f 290/190/6 939/187/168 1018/191/170
f 88/189/138 290/190/6 177/192/136
f 177/192/136 290/190/6 278/193/133
f 278/193/133 290/190/6 398/194/131
f 398/194/131 290/190/6 490/195/129
f 490/195/129 290/190/6 576/196/128
f 576/196/128 290/190/6 663/197/16
f 879/198/152 4/199/153 918/200/171
f 918/200/171 4/199/153 895/201/172
f 879/198/152 918/200/171 919/202/173
f 879/198/152 919/202/173 880/203/154
f 880/203/154 919/202/173 5/204/156
f 5/204/156 919/202/173 1/205/161
f 918/200/171 895/201/172 942/206/174
f 942/206/174 895/201/172 922/207/175
f 942/206/174 922/207/175 945/208/176
f 942/206/174 945/208/176 987/209/177
f 942/206/174 987/209/177 988/210/178
f 918/200/171 942/206/174 943/211/179
f 943/211/179 942/206/174 988/210/178
f 918/200/171 943/211/179 919/202/173
f 943/211/179 988/210/178 946/212/180
f 943/211/179 946/212/180 947/213/181
f 893/214/182 1/205/161 919/202/173
f 893/214/182 919/202/173 943/211/179
f 943/211/179 947/213/181 944/215/183
f 943/211/179 944/215/183 893/214/182
f 1/205/161 893/214/182 938/216/162
f 944/215/183 947/213/181 1053/217/184
f 1053/217/184 947/213/181 1060/218/185
f 893/214/182 944/215/183 1017/219/186
f 893/214/182 1017/219/186 938/216/162
f 1017/219/186 944/215/183 1053/217/184
f 938/216/162 1017/219/186 1036/220/187
f 1036/220/187 1017/219/186 1053/217/184
f 938/216/162 1036/220/187 983/221/164
f 1053/217/184 1060/218/185 1054/222/188
f 1053/217/184 1054/222/188 1036/220/187
f 1054/222/188 1060/218/185 1072/223/189
f 983/221/164 1036/220/187 984/224/166
f 1054/222/188 1072/223/189 1055/225/190
f 1054/222/188 1055/225/190 1036/220/187
f 1055/225/190 1072/223/189 1073/226/191
f 1055/225/190 1073/226/191 1061/227/192
f 1036/220/187 1055/225/190 1037/228/193
f 1036/220/187 1037/228/193 984/224/166
f 1055/225/190 1061/227/192 1056/229/194
f 1055/225/190 1056/229/194 1037/228/193
f 1056/229/194 1061/227/192 290/230/6
f 1056/229/194 290/230/6 1018/231/170
f 1056/229/194 1018/231/170 1037/228/193
f 1037/228/193 1018/231/170 984/224/166
f 984/224/166 1018/231/170 939/232/168
f 1072/233/189 1060/234/185 1068/235/195
f 1072/233/189 1068/235/195 1073/236/191
f 1073/236/191 1068/235/195 1069/237/196
f 1073/236/191 1069/237/196 1065/238/197
f 1073/236/191 1065/238/197 1061/239/192
f 1069/237/196 1068/235/195 1026/240/198
f 1069/237/196 1026/240/198 1065/238/197
f 1061/239/192 1065/238/197 290/241/6
f 1065/238/197 1026/240/198 1022/242/199
f 1065/238/197 1022/242/199 290/241/6
f 1022/242/199 1026/240/198 959/243/200
f 1022/242/199 959/243/200 290/241/6
f 1026/240/198 1068/235/195 1025/244/201
f 959/243/200 1026/240/198 990/245/202
f 990/245/202 1026/240/198 1025/244/201
f 290/241/6 959/243/200 23/246/203
f 23/246/203 959/243/200 990/245/202
f 290/241/6 23/246/203 110/247/204
f 290/241/6 110/247/204 197/248/8
f 23/246/203 990/245/202 890/249/205
f 23/246/203 890/249/205 110/247/204
f 990/245/202 1025/244/201 989/250/206
f 990/245/202 989/250/206 890/249/205
f 110/247/204 890/249/205 109/251/207
f 110/247/204 109/251/207 197/248/8
f 109/251/207 890/249/205 889/252/208
f 889/252/208 890/249/205 989/250/206
f 197/248/8 109/251/207 196/253/209
f 197/248/8 196/253/209 306/254/9
f 109/251/207 889/252/208 108/255/210
f 109/251/207 108/255/210 196/253/209
f 889/252/208 989/250/206 22/256/211
f 889/252/208 22/256/211 108/255/210
f 306/254/9 196/253/209 310/257/98
f 306/254/9 310/257/98 415/258/10
f 196/253/209 108/255/210 195/259/212
f 196/253/209 195/259/212 310/257/98
f 195/259/212 108/255/210 107/260/213
f 107/260/213 108/255/210 22/256/211
f 310/257/98 195/259/212 309/261/97
f 310/257/98 309/261/97 414/262/96
f 195/259/212 107/260/213 194/263/214
f 195/259/212 194/263/214 309/261/97
f 309/261/97 194/263/214 305/264/83
f 309/261/97 305/264/83 413/265/85
f 305/264/83 194/263/214 297/266/82
f 297/266/82 194/263/214 226/267/215
f 226/267/215 194/263/214 107/260/213
f 141/268/216 107/260/213 22/256/211
f 107/260/213 141/268/216 226/267/215
f 297/266/82 226/267/215 225/269/217
f 297/266/82 225/269/217 296/270/79
f 296/270/79 225/269/217 301/271/78
f 301/271/78 225/269/217 224/272/218
f 301/271/78 224/272/218 300/273/76
f 300/273/76 224/272/218 294/274/75
f 294/274/75 224/272/218 222/275/219
f 222/275/219 224/272/218 138/276/220
f 138/276/220 224/272/218 144/277/221
f 224/272/218 225/269/217 145/278/222
f 224/272/218 145/278/222 144/277/221
f 138/276/220 144/277/221 44/279/223
f 44/279/223 144/277/221 145/278/222
f 138/276/220 44/279/223 84/280/224
f 84/280/224 44/279/223 18/281/225
f 145/278/222 225/269/217 140/282/226
f 140/282/226 225/269/217 226/267/215
f 44/279/223 145/278/222 45/283/227
f 45/283/227 145/278/222 140/282/226
f 18/281/225 44/279/223 887/284/228
f 18/281/225 887/284/228 913/285/229
f 140/282/226 226/267/215 141/268/216
f 45/283/227 140/282/226 85/286/230
f 85/286/230 140/282/226 141/268/216
f 913/285/229 887/284/228 932/287/231
f 913/285/229 932/287/231 930/288/232
f 888/289/233 887/284/228 44/279/223
f 888/289/233 44/279/223 45/283/227
f 887/284/228 888/289/233 932/287/231
f 888/289/233 45/283/227 21/290/234
f 21/290/234 45/283/227 85/286/230
f 932/287/231 888/289/233 933/291/235
f 933/291/235 888/289/233 21/290/234
f 21/290/234 85/286/230 19/292/236
f 21/290/234 19/292/236 933/291/235
f 86/293/237 85/286/230 141/268/216
f 85/286/230 86/293/237 19/292/236
f 86/293/237 141/268/216 22/256/211
f 86/293/237 22/256/211 958/294/238
f 958/294/238 22/256/211 989/250/206
f 19/292/236 86/293/237 958/294/238
f 958/294/238 989/250/206 1021/295/239
f 958/294/238 1021/295/239 19/292/236
f 1021/295/239 989/250/206 1025/244/201
f 19/292/236 914/296/240 933/291/235
f 19/292/236 1021/295/239 914/296/240
f 1021/295/239 1025/244/201 1064/297/241
f 1064/297/241 1025/244/201 1068/235/195
f 1064/297/241 1068/235/195 1060/234/185
f 1021/295/239 1064/297/241 954/298/242
f 1021/295/239 954/298/242 914/296/240
f 954/298/242 1064/297/241 1060/234/185
f 914/296/240 954/298/242 933/291/235
f 954/298/242 1060/234/185 947/299/181
f 954/298/242 947/299/181 946/300/180
f 933/291/235 954/298/242 953/301/243
f 953/301/243 954/298/242 946/300/180
f 953/301/243 946/300/180 988/302/178
f 933/291/235 953/301/243 932/287/231
f 953/301/243 988/302/178 987/303/177
f 932/287/231 953/301/243 952/304/244
f 952/304/244 953/301/243 987/303/177
f 932/287/231 952/304/244 930/288/232
f 952/304/244 987/303/177 945/305/176
f 952/304/244 945/305/176 930/288/232
s 3
f 648/306/245 676/307/246 649/308/247
f 676/307/246 648/306/245 675/309/248
f 648/306/245 649/308/247 627/310/249
f 676/307/246 675/309/248 641/311/250
f 627/310/249 649/308/247 628/312/251
f 641/311/250 675/309/248 640/313/252
f 627/310/249 628/312/251 587/314/253
f 641/311/250 640/313/252 608/315/254
f 587/314/253 628/312/251 588/316/255
f 608/315/254 640/313/252 607/317/256
f 608/315/254 607/317/256 546/318/257
f 546/318/257 607/317/256 545/319/258
f 587/314/253 588/316/255 523/320/259
f 523/320/259 588/316/255 524/321/260
f 523/320/259 524/321/260 450/322/261
f 450/322/261 524/321/260 451/323/262
f 450/322/261 451/323/262 369/324/263
f 369/324/263 451/323/262 370/325/264
f 369/324/263 370/325/264 268/326/265
f 268/326/265 370/325/264 269/327/266
f 627/328/249 587/329/253 589/330/267
f 587/331/253 523/332/259 529/333/268
f 587/334/253 529/335/268 589/336/267
f 523/337/259 450/338/261 452/339/269
f 523/340/259 452/341/269 529/342/268
f 452/343/269 450/344/261 371/345/270
f 371/346/270 450/347/261 369/348/263
f 371/349/270 369/350/263 270/351/271
f 270/352/271 369/353/263 268/354/265
f 268/355/265 269/356/266 189/357/272
f 189/357/272 269/356/266 190/358/273
f 189/357/272 190/358/273 121/359/274
f 121/359/274 190/358/273 122/360/275
f 121/359/274 122/360/275 34/361/276
f 34/361/276 122/360/275 35/362/277
f 34/361/276 35/362/277 12/363/278
f 12/363/278 35/362/277 13/364/279
f 12/363/278 13/364/279 907/365/280
f 907/365/280 13/364/279 908/366/281
f 907/365/280 908/366/281 902/367/282
f 902/367/282 908/366/281 903/368/283
f 270/369/271 268/370/265 191/371/284
f 191/372/284 268/373/265 189/374/272
f 191/375/284 189/376/272 125/377/285
f 125/378/285 189/379/272 121/380/274
f 125/381/285 121/382/274 36/383/286
f 36/384/286 121/385/274 34/386/276
f 36/387/286 34/388/276 14/389/287
f 14/390/287 34/391/276 12/392/278
f 14/393/287 12/394/278 909/395/288
f 909/396/288 12/397/278 907/398/280
f 909/399/288 907/400/280 904/401/289
f 904/402/289 907/403/280 902/404/282
f 902/405/282 903/406/283 896/407/290
f 896/407/290 903/406/283 897/408/291
f 896/407/290 897/408/291 6/409/292
f 6/409/292 897/408/291 7/410/293
f 904/411/289 902/412/282 898/413/294
f 898/414/294 902/415/282 896/416/290
f 898/417/294 896/418/290 8/419/295
f 8/420/295 896/421/290 6/422/292
f 6/423/292 7/424/293 63/425/296
f 63/425/296 7/424/293 64/426/297
f 63/425/296 64/426/297 155/427/298
f 155/427/298 64/426/297 156/428/299
f 155/427/298 156/428/299 249/429/300
f 249/429/300 156/428/299 250/430/301
f 8/431/295 6/432/292 65/433/302
f 65/434/302 6/435/292 63/436/296
f 65/437/302 63/438/296 157/439/303
f 157/440/303 63/441/296 155/442/298
f 8/443/295 65/444/302 66/445/304
f 65/446/302 157/447/303 159/448/305
f 65/449/302 159/450/305 66/451/304
f 8/452/295 66/453/304 9/454/306
f 8/455/295 9/456/306 898/457/294
f 66/458/304 159/459/305 160/460/307
f 160/460/307 159/459/305 254/461/308
f 66/458/304 160/460/307 67/462/309
f 66/458/304 67/462/309 9/463/306
f 9/463/306 67/462/309 10/464/310
f 254/461/308 159/459/305 253/465/311
f 254/461/308 253/465/311 384/466/312
f 384/466/312 253/465/311 383/467/313
f 384/466/312 383/467/313 479/468/314
f 479/468/314 383/467/313 478/469/315
f 479/468/314 478/469/315 549/470/316
f 549/470/316 478/469/315 548/471/317
f 549/470/316 548/471/317 611/472/318
f 253/473/311 159/474/305 157/475/303
f 9/476/306 10/477/310 900/478/319
f 900/478/319 10/477/310 901/479/320
f 900/478/319 901/479/320 905/480/321
f 905/480/321 901/479/320 906/481/322
f 905/480/321 906/481/322 910/482/323
f 910/482/323 906/481/322 911/483/324
f 910/482/323 911/483/324 15/484/325
f 15/484/325 911/483/324 16/485/326
f 15/484/325 16/485/326 37/486/327
f 37/486/327 16/485/326 38/487/328
f 37/486/327 38/487/328 123/488/329
f 123/488/329 38/487/328 124/489/330
f 123/488/329 124/489/330 192/490/331
f 192/490/331 124/489/330 193/491/332
f 192/490/331 193/491/332 271/492/333
f 271/492/333 193/491/332 272/493/334
f 9/494/306 900/495/319 898/496/294
f 898/497/294 900/498/319 904/499/289
f 900/500/319 905/501/321 904/502/289
f 904/503/289 905/504/321 909/505/288
f 905/506/321 910/507/323 909/508/288
f 909/509/288 910/510/323 14/511/287
f 910/512/323 15/513/325 14/514/287
f 14/515/287 15/516/325 36/517/286
f 15/518/325 37/519/327 36/520/286
f 36/521/286 37/522/327 125/523/285
f 37/524/327 123/525/329 125/526/285
f 125/527/285 123/528/329 191/529/284
f 123/530/329 192/531/331 191/532/284
f 191/533/284 192/534/331 270/535/271
f 192/536/331 271/537/333 270/538/271
f 270/539/271 271/540/333 371/541/270
f 271/542/333 272/543/334 373/544/335
f 373/544/335 272/543/334 374/545/336
f 271/546/333 373/547/335 371/548/270
f 371/549/270 373/550/335 452/551/269
f 373/552/335 374/553/336 454/554/337
f 454/554/337 374/553/336 455/555/338
f 454/554/337 455/555/338 525/556/339
f 525/556/339 455/555/338 526/557/340
f 525/556/339 526/557/340 590/558/341
f 590/558/341 526/557/340 591/559/342
f 590/558/341 591/559/342 629/560/343
f 629/560/343 591/559/342 630/561/344
f 629/560/343 630/561/344 651/562/345
f 651/562/345 630/561/344 652/563/346
f 651/562/345 652/563/346 678/564/347
f 678/564/347 652/563/346 679/565/348
f 678/564/347 679/565/348 639/566/349
f 639/566/349 679/565/348 643/567/350
f 639/566/349 643/567/350 610/568/351
f 610/568/351 643/567/350 611/569/318
f 610/568/351 611/569/318 548/570/317
f 373/571/335 454/572/337 452/573/269
f 452/574/269 454/575/337 529/576/268
f 454/577/337 525/578/339 529/579/268
f 529/580/268 525/581/339 589/582/267
f 525/583/339 590/584/341 589/585/267
f 589/586/267 590/587/341 632/588/352
f 589/589/267 632/590/352 627/591/249
f 627/592/249 632/593/352 648/594/245
f 590/595/341 629/596/343 632/597/352
f 648/598/245 632/599/352 650/600/353
f 650/601/353 632/602/352 629/603/343
f 648/604/245 650/605/353 675/606/248
f 629/607/343 651/608/345 650/609/353
f 675/610/248 650/611/353 677/612/354
f 677/613/354 650/614/353 651/615/345
f 675/616/248 677/617/354 640/618/252
f 651/619/345 678/620/347 677/621/354
f 640/622/252 677/623/354 642/624/355
f 642/625/355 677/626/354 678/627/347
f 640/628/252 642/629/355 607/630/256
f 678/631/347 639/632/349 642/633/355
f 607/634/256 642/635/355 609/636/356
f 609/637/356 642/638/355 639/639/349
f 639/640/349 610/641/351 609/642/356
f 607/643/256 609/644/356 545/645/258
f 546/646/257 545/647/258 476/648/357
f 545/649/258 609/650/356 547/651/358
f 547/652/358 609/653/356 610/654/351
f 476/655/357 545/656/258 475/657/359
f 476/655/357 475/657/359 382/658/360
f 382/658/360 475/657/359 381/659/361
f 382/658/360 381/659/361 250/660/301
f 250/660/301 381/659/361 249/661/300
f 475/662/359 545/663/258 547/664/358
f 610/665/351 548/666/317 547/667/358
f 475/668/359 547/669/358 477/670/362
f 477/671/362 547/672/358 548/673/317
f 381/674/361 475/675/359 477/676/362
f 548/677/317 478/678/315 477/679/362
f 381/680/361 477/681/362 385/682/363
f 385/683/363 477/684/362 478/685/315
f 249/686/300 381/687/361 385/688/363
f 478/689/315 383/690/313 385/691/363
f 385/692/363 383/693/313 251/694/364
f 385/695/363 251/696/364 249/697/300
f 251/698/364 383/699/313 253/700/311
f 249/701/300 251/702/364 155/703/298
f 251/704/364 253/705/311 157/706/303
f 251/707/364 157/708/303 155/709/298
s 4
f 846/710/365 836/711/366 848/712/367
f 848/712/367 836/711/366 1357/713/368
f 836/711/366 846/710/365 817/714/369
f 859/715/370 848/712/367 1382/716/371
f 848/712/367 859/715/370 857/717/372
f 848/712/367 857/717/372 846/710/365
f 857/717/372 859/715/370 865/718/373
f 857/717/372 865/718/373 863/719/374
f 846/710/365 857/717/372 855/720/375
f 855/720/375 857/717/372 863/719/374
f 844/721/376 817/714/369 846/710/365
f 844/721/376 846/710/365 855/720/375
f 817/714/369 844/721/376 815/722/377
f 817/714/369 815/722/377 795/723/378
f 844/721/376 855/720/375 842/724/379
f 844/721/376 842/724/379 815/722/377
f 855/720/375 863/719/374 853/725/380
f 855/720/375 853/725/380 842/724/379
f 853/725/380 863/719/374 861/726/381
f 795/723/378 815/722/377 793/727/382
f 795/723/378 793/727/382 1197/728/383
f 1197/728/383 793/727/382 1195/729/384
f 793/727/382 815/722/377 813/730/385
f 813/730/385 815/722/377 842/724/379
f 1195/729/384 793/727/382 791/731/386
f 791/731/386 793/727/382 813/730/385
f 1195/729/384 791/731/386 1193/732/387
f 813/730/385 842/724/379 808/733/388
f 813/730/385 808/733/388 791/731/386
f 1193/732/387 791/731/386 775/734/389
f 775/734/389 791/731/386 808/733/388
f 1193/732/387 775/734/389 1166/735/390
f 808/733/388 842/724/379 832/736/391
f 832/736/391 842/724/379 853/725/380
f 775/734/389 808/733/388 774/737/392
f 775/734/389 774/737/392 1166/735/390
f 808/733/388 832/736/391 807/738/393
f 808/733/388 807/738/393 774/737/392
f 832/736/391 853/725/380 839/739/394
f 839/739/394 853/725/380 861/726/381
f 839/739/394 861/726/381 850/740/395
f 832/736/391 839/739/394 831/741/396
f 831/741/396 839/739/394 850/740/395
f 832/736/391 831/741/396 807/738/393
f 831/741/396 850/740/395 830/742/397
f 831/741/396 830/742/397 820/743/398
f 831/741/396 820/743/398 807/738/393
f 820/743/398 830/742/397 819/744/399
f 807/738/393 820/743/398 798/745/400
f 807/738/393 798/745/400 774/737/392
f 820/743/398 819/744/399 823/746/401
f 820/743/398 823/746/401 798/745/400
f 774/737/392 798/745/400 781/747/402
f 774/737/392 781/747/402 1166/735/390
f 1166/735/390 781/747/402 1157/748/403
f 1157/748/403 781/747/402 1159/749/404
f 823/746/401 819/744/399 825/750/405
f 825/750/405 819/744/399 827/751/406
f 825/750/405 827/751/406 804/752/407
f 800/753/408 798/745/400 823/746/401
f 798/745/400 800/753/408 781/747/402
f 800/753/408 823/746/401 825/750/405
f 1159/749/404 781/747/402 783/754/409
f 783/754/409 781/747/402 800/753/408
f 1159/749/404 783/754/409 1161/755/410
f 825/750/405 804/752/407 802/756/411
f 825/750/405 802/756/411 800/753/408
f 800/753/408 802/756/411 783/754/409
f 802/756/411 804/752/407 787/757/412
f 1161/755/410 783/754/409 785/758/413
f 785/758/413 783/754/409 802/756/411
f 785/758/413 802/756/411 787/757/412
f 1161/755/410 785/758/413 1163/759/414
f 1163/759/414 785/758/413 787/757/412
f 811/760/415 836/761/366 817/762/369
f 836/761/366 811/760/415 1332/763/416
f 811/764/415 817/765/369 795/766/378
f 811/764/415 795/766/378 778/767/417
f 811/764/415 778/767/417 1298/768/418
f 778/767/417 795/766/378 1199/769/419
f 836/770/366 1332/771/416 1357/772/368
f 1332/773/416 811/774/415 1298/775/418
f 1357/776/368 1332/777/416 1355/778/420
f 1355/778/420 1332/777/416 1296/779/421
f 1296/779/421 1332/777/416 1298/780/418
f 1296/779/421 1298/780/418 1199/781/419
f 1199/781/419 1298/780/418 1201/782/422
f 1296/779/421 1199/781/419 1294/783/423
f 1294/783/423 1199/781/419 1197/784/383
f 1355/778/420 1296/779/421 1326/785/424
f 1326/785/424 1296/779/421 1294/783/423
f 1380/786/425 1357/776/368 1355/778/420
f 1357/776/368 1380/786/425 1382/787/371
f 1382/787/371 1380/786/425 1405/788/426
f 1405/788/426 1380/786/425 1402/789/427
f 1294/783/423 1197/784/383 1292/790/428
f 1294/783/423 1292/790/428 1326/785/424
f 1292/790/428 1197/784/383 1195/791/384
f 1380/786/425 1355/778/420 1378/792/429
f 1378/792/429 1355/778/420 1326/785/424
f 1380/786/425 1378/792/429 1402/789/427
f 1292/790/428 1195/791/384 1268/793/430
f 1268/793/430 1195/791/384 1193/794/387
f 1326/785/424 1292/790/428 1324/795/431
f 1326/785/424 1324/795/431 1378/792/429
f 1324/795/431 1292/790/428 1268/793/430
f 1268/793/430 1193/794/387 1166/796/390
f 1402/789/427 1378/792/429 1353/797/432
f 1353/797/432 1378/792/429 1324/795/431
f 1402/789/427 1353/797/432 1375/798/433
f 1324/795/431 1268/793/430 1314/799/434
f 1324/795/431 1314/799/434 1353/797/432
f 1375/798/433 1353/797/432 1322/800/435
f 1322/800/435 1353/797/432 1314/799/434
f 1375/798/433 1322/800/435 1350/801/436
f 1350/801/436 1322/800/435 1313/802/437
f 1313/802/437 1322/800/435 1314/799/434
f 1350/801/436 1313/802/437 1312/803/438
f 1267/804/439 1314/799/434 1268/793/430
f 1314/799/434 1267/804/439 1313/802/437
f 1267/804/439 1268/793/430 1166/796/390
f 1267/804/439 1166/796/390 1262/805/440
f 1267/804/439 1262/805/440 1313/802/437
f 1262/805/440 1166/796/390 1157/806/403
f 1312/803/438 1313/802/437 1305/807/441
f 1305/807/441 1313/802/437 1262/805/440
f 1312/803/438 1305/807/441 1304/808/442
f 1262/805/440 1157/806/403 1238/809/443
f 1262/805/440 1238/809/443 1305/807/441
f 1304/808/442 1305/807/441 1284/810/444
f 1284/810/444 1305/807/441 1238/809/443
f 1304/808/442 1284/810/444 1309/811/445
f 1309/811/445 1284/810/444 1264/812/446
f 1264/812/446 1284/810/444 1240/813/447
f 1240/813/447 1284/810/444 1238/809/443
f 1264/812/446 1240/813/447 1163/814/414
f 1163/814/414 1240/813/447 1161/815/410
f 1240/813/447 1238/809/443 1219/816/448
f 1240/813/447 1219/816/448 1161/815/410
f 1219/816/448 1238/809/443 1157/806/403
f 1161/815/410 1219/816/448 1159/817/404
f 1159/817/404 1219/816/448 1157/806/403
f 1298/818/418 778/819/417 1201/820/422
f 1201/820/422 778/819/417 1199/821/419
f 1199/822/419 795/823/378 1197/824/383
f 850/825/395 861/826/381 868/827/449
f 861/828/381 863/829/374 869/830/450
f 869/830/450 863/829/374 865/831/373
f 861/832/381 869/833/450 868/834/449
f 850/835/395 868/836/449 851/837/451
f 850/838/395 851/839/451 830/840/397
f 830/841/397 851/842/451 840/843/452
f 830/841/397 840/843/452 838/844/453
f 840/845/452 851/846/451 833/847/454
f 840/845/452 833/847/454 838/848/453
f 830/849/397 838/850/453 819/851/399
f 852/852/455 851/853/451 868/854/449
f 851/855/451 852/856/455 833/857/454
f 852/858/455 868/859/449 862/860/456
f 862/861/456 868/862/449 869/863/450
f 833/864/454 852/865/455 834/866/457
f 834/866/457 852/865/455 841/867/458
f 841/867/458 852/865/455 862/868/456
f 841/867/458 862/868/456 854/869/459
f 834/866/457 841/867/458 835/870/460
f 835/870/460 841/867/458 854/869/459
f 834/866/457 835/870/460 809/871/461
f 835/870/460 854/869/459 843/872/462
f 809/871/461 835/870/460 810/873/463
f 810/873/463 835/870/460 843/872/462
f 810/873/463 843/872/462 814/874/464
f 809/871/461 810/873/463 776/875/465
f 810/873/463 814/874/464 792/876/466
f 810/873/463 792/876/466 777/877/467
f 810/873/463 777/877/467 776/875/465
f 777/877/467 792/876/466 1196/878/468
f 777/877/467 1196/878/468 1194/879/469
f 777/877/467 1194/879/469 776/875/465
f 776/875/465 1194/879/469 1167/880/470
f 821/881/471 838/882/453 833/883/454
f 833/884/454 834/885/457 822/886/472
f 822/886/472 834/885/457 809/887/461
f 833/884/454 822/886/472 821/888/471
f 822/886/472 809/887/461 799/889/473
f 799/889/473 809/887/461 776/890/465
f 821/888/471 822/886/472 824/891/474
f 824/891/474 822/886/472 799/889/473
f 821/888/471 824/891/474 826/892/475
f 821/888/471 826/892/475 829/893/476
f 829/893/476 826/892/475 806/894/477
f 799/889/473 776/890/465 782/895/478
f 782/895/478 776/890/465 1167/896/470
f 782/895/478 1167/896/470 1158/897/479
f 782/895/478 1158/897/479 1160/898/480
f 824/891/474 799/889/473 801/899/481
f 824/891/474 801/899/481 826/892/475
f 801/899/481 799/889/473 782/895/478
f 782/895/478 1160/898/480 784/900/482
f 782/895/478 784/900/482 801/899/481
f 784/900/482 1160/898/480 1162/901/483
f 826/892/475 801/899/481 803/902/484
f 826/892/475 803/902/484 806/894/477
f 803/902/484 801/899/481 784/900/482
f 806/894/477 803/902/484 789/903/485
f 784/900/482 1162/901/483 786/904/486
f 784/900/482 786/904/486 803/902/484
f 803/902/484 786/904/486 789/903/485
f 786/904/486 1162/901/483 1165/905/487
f 786/904/486 1165/905/487 789/903/485
f 854/906/459 862/907/456 864/908/488
f 854/906/459 864/908/488 856/909/489
f 854/906/459 856/909/489 843/910/462
f 843/910/462 856/909/489 845/911/490
f 845/911/490 856/909/489 847/912/491
f 843/910/462 845/911/490 814/913/464
f 845/911/490 847/912/491 818/914/492
f 845/911/490 818/914/492 816/915/493
f 845/911/490 816/915/493 814/913/464
f 816/915/493 818/914/492 796/916/494
f 814/913/464 816/915/493 794/917/495
f 794/917/495 816/915/493 796/916/494
f 794/917/495 796/916/494 1200/918/496
f 814/913/464 794/917/495 792/919/466
f 792/919/466 794/917/495 1198/920/497
f 864/921/488 862/922/456 869/923/450
f 864/921/488 869/923/450 866/924/498
f 856/925/489 864/926/488 858/927/499
f 858/927/499 864/926/488 866/928/498
f 856/925/489 858/927/499 847/929/491
f 858/927/499 866/928/498 860/930/500
f 858/927/499 860/930/500 849/931/501
f 858/927/499 849/931/501 847/929/491
f 849/931/501 860/930/500 1358/932/502
f 847/929/491 849/931/501 837/933/503
f 847/929/491 837/933/503 818/934/492
f 837/933/503 849/931/501 1333/935/504
f 866/936/498 869/937/450 870/938/505
f 866/936/498 870/938/505 867/939/506
f 866/940/498 867/941/506 860/942/500
f 870/943/505 869/944/450 865/945/373
f 870/943/505 865/945/373 867/946/506
f 865/947/373 859/948/370 867/949/506
f 867/949/506 859/948/370 1382/950/371
f 1382/951/371 848/952/367 1357/953/368
f 1383/954/507 860/955/500 867/956/506
f 1383/957/507 867/958/506 1382/959/371
f 1383/957/507 1382/959/371 1406/960/508
f 860/961/500 1383/962/507 1384/963/509
f 1384/963/509 1383/962/507 1407/964/510
f 860/965/500 1384/966/509 1358/967/502
f 1384/968/509 1407/969/510 1358/970/502
f 1358/970/502 1407/969/510 1381/971/511
f 1381/971/511 1407/969/510 1404/972/512
f 1358/970/502 1381/971/511 1356/973/513
f 1358/970/502 1356/973/513 1333/974/504
f 1381/971/511 1404/972/512 1379/975/514
f 1381/971/511 1379/975/514 1356/973/513
f 1379/975/514 1404/972/512 1354/976/515
f 1354/976/515 1404/972/512 1377/977/516
f 1356/973/513 1379/975/514 1327/978/517
f 1333/974/504 1356/973/513 1297/979/518
f 1297/979/518 1356/973/513 1327/978/517
f 1333/974/504 1297/979/518 1299/980/519
f 1299/980/519 1297/979/518 1200/981/496
f 1299/980/519 1200/981/496 1202/982/520
f 1200/981/496 1297/979/518 1295/983/521
f 1295/983/521 1297/979/518 1327/978/517
f 1200/981/496 1295/983/521 1198/984/497
f 1325/985/522 1327/978/517 1379/975/514
f 1327/978/517 1325/985/522 1295/983/521
f 1325/985/522 1379/975/514 1354/976/515
f 1198/984/497 1295/983/521 1293/986/523
f 1293/986/523 1295/983/521 1325/985/522
f 1198/984/497 1293/986/523 1196/987/468
f 1196/987/468 1293/986/523 1270/988/524
f 1270/988/524 1293/986/523 1325/985/522
f 1196/987/468 1270/988/524 1194/989/469
f 1194/989/469 1270/988/524 1167/990/470
f 1270/988/524 1325/985/522 1318/991/525
f 1318/991/525 1325/985/522 1354/976/515
f 1167/990/470 1270/988/524 1269/992/526
f 1269/992/526 1270/988/524 1318/991/525
f 1318/991/525 1354/976/515 1323/993/527
f 1323/993/527 1354/976/515 1377/977/516
f 1323/993/527 1377/977/516 1352/994/528
f 1318/991/525 1323/993/527 1317/995/529
f 1317/995/529 1323/993/527 1352/994/528
f 1318/991/525 1317/995/529 1269/992/526
f 1317/995/529 1352/994/528 1316/996/530
f 1263/997/531 1167/990/470 1269/992/526
f 1263/997/531 1269/992/526 1317/995/529
f 1167/990/470 1263/997/531 1158/998/479
f 1317/995/529 1316/996/530 1308/999/532
f 1317/995/529 1308/999/532 1263/997/531
f 1308/999/532 1316/996/530 1307/1000/533
f 1158/998/479 1263/997/531 1239/1001/534
f 1239/1001/534 1263/997/531 1308/999/532
f 1308/999/532 1307/1000/533 1285/1002/535
f 1308/999/532 1285/1002/535 1239/1001/534
f 1285/1002/535 1307/1000/533 1311/1003/536
f 1285/1002/535 1311/1003/536 1266/1004/537
f 1285/1002/535 1266/1004/537 1241/1005/538
f 1285/1002/535 1241/1005/538 1239/1001/534
f 1241/1005/538 1266/1004/537 1165/1006/487
f 1241/1005/538 1165/1006/487 1162/1007/483
f 1239/1001/534 1241/1005/538 1220/1008/539
f 1220/1008/539 1241/1005/538 1162/1007/483
f 1239/1001/534 1220/1008/539 1158/998/479
f 1220/1008/539 1162/1007/483 1160/1009/480
f 1220/1008/539 1160/1009/480 1158/998/479
f 1383/1010/507 1406/1011/508 1407/1012/510
f 1382/1013/371 1405/1014/426 1406/1015/508
f 1403/1016/540 1406/1017/508 1405/1018/426
f 1403/1019/540 1405/1020/426 1402/1021/427
f 1403/1019/540 1402/1021/427 1375/1022/433
f 1404/1023/512 1407/1024/510 1406/1025/508
f 1404/1026/512 1406/1027/508 1403/1028/540
f 1375/1029/433 1350/1030/436 1376/1031/541
f 1375/1032/433 1376/1033/541 1403/1034/540
f 1403/1035/540 1376/1036/541 1377/1037/516
f 1403/1038/540 1377/1039/516 1404/1040/512
f 787/1041/412 804/1042/407 788/1043/542
f 787/1041/412 788/1043/542 1163/1044/414
f 804/1045/407 827/1046/406 805/1047/543
f 804/1048/407 805/1049/543 788/1050/542
f 827/1051/406 819/1052/399 828/1053/544
f 827/1054/406 828/1055/544 805/1056/543
f 828/1057/544 819/1058/399 838/1059/453
f 828/1060/544 838/1061/453 821/1062/471
f 805/1063/543 828/1064/544 829/1065/476
f 829/1066/476 828/1067/544 821/1068/471
f 788/1069/542 805/1070/543 806/1071/477
f 806/1072/477 805/1073/543 829/1074/476
f 806/1075/477 789/1076/485 788/1077/542
f 788/1078/542 789/1079/485 1164/1080/545
f 788/1081/542 1164/1082/545 1163/1083/414
f 789/1084/485 1165/1085/487 1164/1086/545
f 1164/1086/545 1165/1085/487 1266/1087/537
f 1265/1088/546 1164/1089/545 1266/1090/537
f 1265/1091/546 1266/1092/537 1311/1093/536
f 1265/1094/546 1311/1095/536 1310/1096/547
f 1310/1096/547 1311/1095/536 1306/1097/548
f 1164/1098/545 1265/1099/546 1264/1100/446
f 1164/1101/545 1264/1102/446 1163/1103/414
f 1264/1104/446 1265/1105/546 1309/1106/445
f 1309/1107/445 1265/1108/546 1310/1109/547
f 1309/1107/445 1310/1109/547 1306/1110/548
f 1306/1111/548 1311/1112/536 1307/1113/533
f 1306/1111/548 1307/1113/533 1316/1114/530
f 1304/1115/442 1309/1116/445 1306/1117/548
f 1304/1115/442 1306/1117/548 1312/1118/438
f 1312/1119/438 1306/1120/548 1315/1121/549
f 1312/1119/438 1315/1121/549 1351/1122/550
f 1315/1123/549 1306/1124/548 1316/1125/530
f 1315/1123/549 1316/1125/530 1351/1126/550
f 1312/1127/438 1351/1128/550 1350/1129/436
f 1350/1130/436 1351/1131/550 1376/1132/541
f 1376/1133/541 1351/1134/550 1352/1135/528
f 1352/1136/528 1351/1137/550 1316/1138/530
f 1376/1139/541 1352/1140/528 1377/1141/516
f 1198/1142/497 1196/1143/468 792/1144/466
f 1198/1145/497 794/1146/495 1200/1147/496
f 1200/1148/496 796/1149/494 1202/1150/520
f 1202/1151/520 796/1152/494 779/1153/551
f 1202/1151/520 779/1153/551 812/1154/552
f 812/1154/552 779/1153/551 796/1152/494
f 812/1154/552 796/1152/494 818/1155/492
f 812/1154/552 818/1155/492 837/1156/503
f 812/1154/552 837/1156/503 1299/1157/519
f 1299/1158/519 1202/1159/520 812/1160/552
f 1299/1161/519 837/1162/503 1333/1163/504
f 1333/1164/504 849/1165/501 1358/1166/502
s 6
f 481/1167/553 480/1168/554 495/1169/555
f 481/1167/553 495/1169/555 420/1170/556
f 495/1169/555 480/1168/554 519/1171/557
f 480/1168/554 481/1167/553 465/1172/558
f 420/1170/556 495/1169/555 516/1173/559
f 516/1173/559 495/1169/555 519/1171/557
f 481/1167/553 420/1170/556 466/1174/560
f 481/1167/553 466/1174/560 465/1172/558
f 519/1171/557 480/1168/554 497/1175/561
f 519/1171/557 497/1175/561 518/1176/562
f 519/1171/557 518/1176/562 562/1177/563
f 497/1175/561 480/1168/554 470/1178/564
f 470/1178/564 480/1168/554 465/1172/558
f 497/1175/561 470/1178/564 464/1179/565
f 464/1179/565 470/1178/564 447/1180/566
f 447/1180/566 470/1178/564 448/1181/567
f 448/1181/567 470/1178/564 465/1172/558
f 447/1180/566 448/1181/567 406/1182/568
f 448/1181/567 465/1172/558 426/1183/569
f 448/1181/567 426/1183/569 406/1182/568
f 426/1183/569 465/1172/558 466/1174/560
f 406/1182/568 426/1183/569 407/1184/570
f 406/1182/568 407/1184/570 390/1185/571
f 426/1183/569 466/1174/560 422/1186/572
f 407/1184/570 426/1183/569 408/1187/573
f 408/1187/573 426/1183/569 422/1186/572
f 422/1186/572 466/1174/560 404/1188/574
f 407/1184/570 408/1187/573 362/1189/575
f 408/1187/573 422/1186/572 389/1190/576
f 389/1190/576 422/1186/572 404/1188/574
f 408/1187/573 389/1190/576 362/1189/575
f 404/1188/574 466/1174/560 420/1170/556
f 365/1191/577 390/1185/571 407/1184/570
f 365/1191/577 407/1184/570 362/1189/575
f 390/1185/571 365/1191/577 341/1192/578
f 390/1185/571 341/1192/578 340/1193/579
s off
f 340/1193/580 341/1192/581 320/1194/582
s 7
f 341/1192/583 365/1191/584 342/1195/585
f 342/1195/585 365/1191/584 362/1189/586
s off
f 320/1194/587 341/1192/588 321/1196/589
f 320/1194/590 321/1196/591 263/1197/592
s 7
f 341/1192/583 342/1195/585 322/1198/593
f 341/1192/583 322/1198/593 321/1196/594
f 342/1195/585 362/1189/586 338/1199/595
f 342/1195/585 338/1199/595 322/1198/593
f 338/1199/595 362/1189/586 331/1200/596
f 331/1200/596 362/1189/586 389/1190/597
f 263/1197/598 321/1196/594 264/1201/599
f 264/1201/599 321/1196/594 322/1198/593
f 263/1197/598 264/1201/599 248/1202/600
f 263/1197/598 248/1202/600 239/1203/601
f 264/1201/599 322/1198/593 265/1204/602
f 239/1203/601 248/1202/600 216/1205/603
f 264/1201/599 265/1204/602 247/1206/604
f 264/1201/599 247/1206/604 248/1202/600
f 265/1204/602 322/1198/593 261/1207/605
f 265/1204/602 261/1207/605 247/1206/604
f 318/1208/606 322/1198/593 338/1199/595
f 322/1198/593 318/1208/606 261/1207/605
f 318/1208/606 338/1199/595 293/1209/607
f 318/1208/606 293/1209/607 261/1207/605
f 293/1209/607 338/1199/595 331/1200/596
f 261/1207/605 293/1209/607 259/1210/608
f 247/1206/604 261/1207/605 246/1211/609
f 246/1211/609 261/1207/605 259/1210/608
f 259/1210/608 293/1209/607 245/1212/610
f 259/1210/608 245/1212/610 246/1211/609
f 293/1209/607 331/1200/596 329/1213/611
f 293/1209/607 329/1213/611 245/1212/610
f 329/1213/611 331/1200/596 389/1190/597
f 246/1211/609 245/1212/610 233/1214/612
f 233/1214/612 245/1212/610 329/1213/611
f 218/1215/613 247/1206/604 246/1211/609
f 246/1211/609 233/1214/612 214/1216/614
f 246/1211/609 214/1216/614 218/1215/613
f 247/1206/604 218/1215/613 248/1202/600
f 218/1215/613 214/1216/614 186/1217/615
f 186/1217/615 214/1216/614 185/1218/616
f 248/1202/600 218/1215/613 217/1219/617
f 248/1202/600 217/1219/617 216/1205/603
f 218/1215/613 186/1217/615 188/1220/618
f 218/1215/613 188/1220/618 217/1219/617
f 217/1219/617 188/1220/618 216/1205/603
f 188/1220/618 186/1217/615 149/1221/619
f 216/1205/603 188/1220/618 173/1222/620
f 360/1223/621 233/1214/612 329/1213/611
f 233/1214/612 360/1223/621 184/1224/622
f 360/1223/621 329/1213/611 389/1190/597
f 184/1224/622 360/1223/621 166/1225/623
f 360/1223/621 389/1190/597 403/1226/624
f 360/1223/621 403/1226/624 166/1225/623
f 403/1226/624 389/1190/597 404/1188/625
f 166/1225/623 403/1226/624 419/1227/626
f 419/1227/626 403/1226/624 404/1188/625
f 419/1227/626 404/1188/625 420/1170/627
f 166/1225/623 419/1227/626 443/1228/628
f 443/1228/628 419/1227/626 420/1170/627
f 443/1228/628 420/1170/627 444/1229/629
f 440/1230/630 164/1231/631 443/1228/628
f 440/1230/630 443/1228/628 444/1229/629
f 444/1229/629 420/1170/627 516/1173/632
f 440/1230/630 444/1229/629 441/1232/633
f 440/1230/630 441/1232/633 438/1233/634
f 441/1232/633 444/1229/629 514/1234/635
f 514/1234/635 444/1229/629 516/1173/632
f 441/1232/633 514/1234/635 462/1235/636
f 514/1234/635 516/1173/632 558/1236/637
f 514/1234/635 558/1236/637 552/1237/638
f 514/1234/635 552/1237/638 542/1238/639
f 558/1236/637 516/1173/632 563/1239/640
f 563/1239/640 516/1173/632 519/1171/641
f 563/1239/640 519/1171/641 562/1177/642
f 558/1236/637 563/1239/640 557/1240/643
f 557/1240/643 563/1239/640 562/1177/642
f 558/1236/637 557/1240/643 552/1237/638
f 557/1240/643 562/1177/642 556/1241/644
f 552/1237/638 557/1240/643 551/1242/645
f 552/1237/638 551/1242/645 541/1243/646
f 557/1240/643 556/1241/644 572/1244/647
f 541/1243/646 551/1242/645 572/1244/647
f 572/1244/647 551/1242/645 557/1240/643
f 572/1244/647 556/1241/644 550/1245/648
f 572/1244/647 550/1245/648 568/1246/649
f 233/1247/612 184/1248/622 214/1249/614
f 214/1249/614 184/1248/622 185/1250/616
f 185/1250/616 184/1248/622 166/1251/623
f 149/1252/619 186/1253/615 185/1250/616
f 149/1252/619 185/1250/616 136/1254/650
f 136/1254/650 185/1250/616 116/1255/651
f 116/1255/651 185/1250/616 167/1256/652
f 167/1256/652 185/1250/616 166/1251/623
f 116/1255/651 167/1256/652 101/1257/653
f 101/1257/653 167/1256/652 98/1258/654
f 167/1256/652 166/1251/623 165/1259/655
f 167/1256/652 165/1259/655 98/1258/654
f 165/1259/655 166/1251/623 164/1260/631
f 164/1260/631 166/1251/623 443/1261/628
f 98/1258/654 165/1259/655 161/1262/656
f 161/1262/656 165/1259/655 164/1260/631
f 161/1262/656 164/1260/631 438/1263/634
f 438/1263/634 164/1260/631 440/1264/630
s off
f 98/1258/657 161/1262/658 95/1265/659
s 7
f 95/1265/660 161/1262/656 542/1266/639
f 98/1258/654 95/1265/660 70/1267/661
f 98/1258/654 70/1267/661 76/1268/662
f 76/1268/662 70/1267/661 75/1269/663
f 75/1269/663 70/1267/661 69/1270/664
f 70/1267/661 95/1265/660 58/1271/665
f 58/1271/665 95/1265/660 91/1272/666
f 69/1270/664 70/1267/661 57/1273/667
f 57/1273/667 70/1267/661 58/1271/665
s off
f 69/1270/668 57/1273/669 68/1274/670
f 69/1270/671 68/1274/672 74/1275/673
s 7
f 68/1274/674 57/1273/667 52/1276/675
f 58/1271/665 91/1272/666 53/1277/676
f 58/1271/665 53/1277/676 57/1273/667
f 57/1273/667 53/1277/676 52/1276/675
f 53/1277/676 91/1272/666 90/1278/677
f 53/1277/676 90/1278/677 52/1276/675
f 438/1279/634 441/1280/633 462/1281/636
f 438/1279/634 462/1281/636 161/1282/656
f 462/1283/636 514/1284/635 542/1285/639
f 462/1286/636 542/1287/639 161/1288/656
f 101/1289/653 98/1290/654 76/1291/662
f 116/1292/651 101/1293/653 103/1294/678
f 76/1295/662 83/1296/679 101/1293/653
f 101/1293/653 83/1296/679 103/1294/678
f 82/1297/680 83/1296/679 75/1298/663
f 83/1296/679 82/1297/680 102/1299/681
f 83/1296/679 102/1299/681 103/1294/678
f 103/1294/678 102/1299/681 118/1300/682
f 116/1292/651 103/1294/678 135/1301/683
f 135/1301/683 103/1294/678 118/1300/682
f 116/1292/651 135/1301/683 136/1302/650
f 135/1301/683 118/1300/682 153/1303/684
f 153/1303/684 118/1300/682 148/1304/685
f 153/1303/684 148/1304/685 169/1305/686
f 153/1303/684 169/1305/686 173/1306/620
f 173/1306/620 169/1305/686 216/1307/603
f 135/1301/683 153/1303/684 154/1308/687
f 154/1308/687 153/1303/684 173/1306/620
f 135/1301/683 154/1308/687 136/1302/650
f 154/1308/687 173/1306/620 188/1309/618
f 136/1302/650 154/1308/687 149/1310/619
f 149/1310/619 154/1308/687 188/1309/618
f 83/1311/679 76/1312/662 75/1313/663
f 82/1314/680 75/1315/663 74/1316/688
s off
f 74/1316/689 75/1315/690 69/1317/691
s 7
f 91/1318/666 95/1319/660 542/1320/639
f 91/1318/666 542/1320/639 537/1321/692
f 91/1318/666 537/1321/692 90/1322/677
f 537/1321/692 542/1320/639 536/1323/693
f 537/1321/692 536/1323/693 90/1322/677
f 90/1322/677 536/1323/693 52/1324/675
f 536/1323/693 542/1320/639 541/1325/646
f 52/1324/675 536/1323/693 535/1326/694
f 536/1323/693 541/1325/646 568/1327/649
f 536/1323/693 568/1327/649 535/1326/694
f 568/1327/649 541/1325/646 572/1328/647
f 535/1326/694 568/1327/649 550/1329/648
f 552/1330/638 541/1331/646 542/1332/639
s 13
f 1492/1333/695 1496/1334/696 1447/1335/697
f 1447/1335/697 1496/1334/696 1495/1336/698
f 1496/1334/696 1492/1333/695 1546/1337/699
f 1496/1334/696 1546/1337/699 1549/1338/700
f 1496/1334/696 1549/1338/700 1495/1336/698
f 1549/1338/700 1546/1337/699 1748/1339/701
f 1748/1339/701 1546/1337/699 1744/1340/702
f 1549/1338/700 1748/1339/701 1548/1341/703
f 1549/1338/700 1548/1341/703 1495/1336/698
f 1548/1341/703 1748/1339/701 1747/1342/704
f 1548/1341/703 1747/1342/704 1746/1343/705
s off
f 1744/1340/706 1546/1337/707 1536/1344/708
f 1536/1344/709 1546/1337/710 1492/1333/711
f 1744/1340/712 1536/1344/713 1856/1345/714
s 13
f 1856/1345/715 1536/1344/716 1877/1346/717
f 1548/1341/703 1746/1343/705 1547/1347/718
f 1548/1341/703 1547/1347/718 1495/1336/698
f 1547/1347/718 1746/1343/705 1745/1348/719
f 1877/1346/717 1536/1344/716 1534/1349/720
f 1877/1346/717 1534/1349/720 1875/1350/721
f 1547/1347/718 1745/1348/719 1545/1351/722
f 1545/1351/722 1745/1348/719 1743/1352/723
f 1495/1336/698 1547/1347/718 1494/1353/724
f 1494/1353/724 1547/1347/718 1545/1351/722
f 1545/1351/722 1743/1352/723 1535/1354/725
f 1495/1336/698 1494/1353/724 1446/1355/726
f 1495/1336/698 1446/1355/726 1447/1335/697
f 1494/1353/724 1545/1351/722 1493/1356/727
f 1447/1335/697 1446/1355/726 1444/1357/728
f 1447/1335/697 1444/1357/728 1492/1333/695
f 1446/1355/726 1494/1353/724 1445/1358/729
f 1494/1353/724 1493/1356/727 1442/1359/730
f 1494/1353/724 1442/1359/730 1445/1358/729
f 1493/1356/727 1545/1351/722 1491/1360/731
f 1493/1356/727 1491/1360/731 1442/1359/730
f 1491/1360/731 1545/1351/722 1490/1361/732
f 1490/1361/732 1545/1351/722 1535/1354/725
f 1442/1359/730 1491/1360/731 1440/1362/733
f 1440/1362/733 1491/1360/731 1490/1361/732
f 1445/1358/729 1442/1359/730 1441/1363/734
f 1441/1363/734 1442/1359/730 1440/1362/733
f 1443/1364/735 1446/1355/726 1445/1358/729
f 1443/1364/735 1445/1358/729 1441/1363/734
f 1446/1355/726 1443/1364/735 1444/1357/728
f 1440/1362/733 1490/1361/732 1470/1365/736
f 1440/1362/733 1470/1365/736 1441/1363/734
f 1519/1366/737 1490/1361/732 1535/1354/725
f 1490/1361/732 1519/1366/737 1470/1365/736
f 1519/1366/737 1535/1354/725 1533/1367/738
f 1533/1367/738 1535/1354/725 1855/1368/739
f 1470/1365/736 1519/1366/737 1517/1369/740
f 1517/1369/740 1519/1366/737 1533/1367/738
f 1533/1367/738 1855/1368/739 1876/1370/741
f 1470/1365/736 1517/1369/740 1468/1371/742
f 1468/1371/742 1517/1369/740 1533/1367/738
f 1533/1367/738 1876/1370/741 1531/1372/743
f 1533/1367/738 1531/1372/743 1468/1371/742
f 1531/1372/743 1876/1370/741 1874/1373/744
f 1531/1372/743 1874/1373/744 1532/1374/745
f 1531/1372/743 1532/1374/745 1468/1371/742
f 1532/1374/745 1874/1373/744 1875/1350/721
f 1532/1374/745 1875/1350/721 1534/1349/720
f 1468/1371/742 1532/1374/745 1469/1375/746
f 1469/1375/746 1532/1374/745 1534/1349/720
f 1471/1376/747 1470/1365/736 1468/1371/742
f 1471/1376/747 1468/1371/742 1469/1375/746
f 1470/1365/736 1471/1376/747 1441/1363/734
f 1441/1363/734 1471/1376/747 1443/1364/735
f 1443/1364/735 1471/1376/747 1472/1377/748
f 1472/1377/748 1471/1376/747 1469/1375/746
f 1443/1364/735 1472/1377/748 1444/1357/728
f 1518/1378/749 1469/1375/746 1534/1349/720
f 1444/1357/728 1472/1377/748 1473/1379/750
f 1473/1379/750 1472/1377/748 1469/1375/746
f 1473/1379/750 1469/1375/746 1518/1378/749
f 1444/1357/728 1473/1379/750 1492/1333/695
f 1518/1378/749 1534/1349/720 1520/1380/751
f 1518/1378/749 1520/1380/751 1473/1379/750
f 1473/1379/750 1520/1380/751 1492/1333/695
f 1520/1380/751 1534/1349/720 1536/1344/716
s off
f 1520/1380/752 1536/1344/753 1492/1333/754
s 13
f 1746/1381/705 1747/1382/704 1861/1383/755
f 1746/1381/705 1861/1383/755 1745/1384/719
f 1861/1383/755 1747/1382/704 1862/1385/756
f 1862/1385/756 1747/1382/704 1748/1386/701
f 1745/1384/719 1861/1383/755 1859/1387/757
f 1745/1384/719 1859/1387/757 1743/1388/723
f 1743/1388/723 1859/1387/757 1535/1389/725
f 1535/1389/725 1859/1387/757 1855/1390/739
f 1859/1387/757 1861/1383/755 1897/1391/758
f 1897/1391/758 1861/1383/755 1862/1385/756
f 1855/1390/739 1859/1387/757 1894/1392/759
f 1859/1387/757 1897/1391/758 1896/1393/760
f 1859/1387/757 1896/1393/760 1894/1392/759
f 1896/1393/760 1897/1391/758 1909/1394/761
f 1896/1393/760 1909/1394/761 1894/1392/759
f 1897/1391/758 1862/1385/756 1898/1395/762
f 1855/1390/739 1894/1392/759 1891/1396/763
f 1855/1390/739 1891/1396/763 1876/1397/741
f 1876/1397/741 1891/1396/763 1887/1398/764
f 1891/1396/763 1894/1392/759 1892/1399/765
f 1891/1396/763 1892/1399/765 1887/1398/764
f 1876/1397/741 1887/1398/764 1888/1400/766
f 1888/1400/766 1887/1398/764 1892/1399/765
f 1876/1397/741 1888/1400/766 1874/1401/744
f 1892/1399/765 1894/1392/759 1908/1402/767
f 1908/1402/767 1894/1392/759 1909/1394/761
f 1874/1401/744 1888/1400/766 1889/1403/768
f 1874/1401/744 1889/1403/768 1875/1404/721
f 1888/1400/766 1892/1399/765 1906/1405/769
f 1906/1405/769 1892/1399/765 1908/1402/767
f 1875/1404/721 1889/1403/768 1877/1406/717
f 1889/1403/768 1888/1400/766 1907/1407/770
f 1907/1407/770 1888/1400/766 1906/1405/769
f 1877/1406/717 1889/1403/768 1890/1408/771
f 1890/1408/771 1889/1403/768 1893/1409/772
f 1890/1408/771 1893/1409/772 1877/1406/717
f 1893/1409/772 1889/1403/768 1907/1407/770
f 1877/1406/717 1893/1409/772 1856/1410/715
f 1914/1411/773 1906/1405/769 1908/1402/767
f 1914/1411/773 1908/1402/767 1909/1394/761
f 1915/1412/774 1907/1407/770 1906/1405/769
f 1915/1412/774 1906/1405/769 1914/1411/773
f 1893/1409/772 1907/1407/770 1910/1413/775
f 1910/1413/775 1907/1407/770 1915/1412/774
f 1895/1414/776 1856/1410/715 1893/1409/772
f 1895/1414/776 1893/1409/772 1910/1413/775
f 1914/1411/773 1909/1394/761 1911/1415/777
f 1911/1415/777 1909/1394/761 1897/1391/758
f 1915/1412/774 1914/1411/773 1912/1416/778
f 1912/1416/778 1914/1411/773 1911/1415/777
f 1911/1415/777 1897/1391/758 1898/1395/762
f 1911/1415/777 1898/1395/762 1912/1416/778
f 1913/1417/779 1910/1413/775 1915/1412/774
f 1913/1417/779 1915/1412/774 1912/1416/778
f 1910/1413/775 1913/1417/779 1895/1414/776
f 1913/1417/779 1912/1416/778 1898/1395/762
f 1895/1414/776 1913/1417/779 1899/1418/780
f 1899/1418/780 1913/1417/779 1898/1395/762
s off
f 1860/1419/781 1856/1410/782 1895/1414/783
s 13
f 1860/1419/784 1895/1414/776 1899/1418/780
s off
f 1856/1410/785 1860/1419/786 1744/1420/787
s 13
f 1744/1420/702 1860/1419/784 1748/1386/701
f 1860/1419/784 1899/1418/780 1863/1421/788
f 1863/1421/788 1899/1418/780 1898/1395/762
f 1860/1419/784 1863/1421/788 1748/1386/701
f 1863/1421/788 1898/1395/762 1862/1385/756
f 1863/1421/788 1862/1385/756 1748/1386/701
s 15
f 1150/1422/789 1174/1423/790 1152/1424/791
f 1174/1423/790 1150/1422/789 1210/1425/792
f 1210/1425/792 1150/1422/789 1209/1426/793
f 1174/1423/790 1210/1425/792 1255/1427/794
f 1209/1426/793 1150/1422/789 1130/1428/795
f 1130/1428/795 1150/1422/789 1139/1429/796
f 1139/1429/796 1150/1422/789 1152/1424/791
f 1130/1428/795 1139/1429/796 1106/1430/797
f 1106/1430/797 1139/1429/796 1141/1431/798
f 1106/1430/797 1141/1431/798 1105/1432/799
f 1141/1431/798 1139/1429/796 1154/1433/800
f 1154/1433/800 1139/1429/796 1152/1424/791
f 1154/1433/800 1152/1424/791 1437/1434/801
f 1437/1434/801 1152/1424/791 1174/1423/790
f 1154/1433/800 1437/1434/801 1436/1435/802
f 1437/1434/801 1174/1423/790 1433/1436/803
f 1433/1436/803 1174/1423/790 1255/1427/794
f 1436/1435/802 1437/1434/801 1483/1437/804
f 1483/1437/804 1437/1434/801 1433/1436/803
f 1436/1435/802 1483/1437/804 1486/1438/805
f 1433/1436/803 1255/1427/794 1475/1439/806
f 1475/1439/806 1255/1427/794 1273/1440/807
f 1475/1439/806 1273/1440/807 1455/1441/808
f 1475/1439/806 1455/1441/808 1474/1442/809
f 1433/1436/803 1475/1439/806 1479/1443/810
f 1479/1443/810 1475/1439/806 1474/1442/809
f 1433/1436/803 1479/1443/810 1483/1437/804
f 1482/1444/811 1486/1438/805 1483/1437/804
f 1482/1444/811 1483/1437/804 1479/1443/810
f 1486/1438/805 1482/1444/811 1485/1445/812
f 1479/1443/810 1474/1442/809 1477/1446/813
f 1479/1443/810 1477/1446/813 1482/1444/811
f 1477/1446/813 1474/1442/809 1521/1447/814
f 1485/1445/812 1482/1444/811 1540/1448/815
f 1540/1448/815 1482/1444/811 1477/1446/813
f 1485/1445/812 1540/1448/815 1542/1449/816
f 1542/1449/816 1540/1448/815 1570/1450/817
f 1570/1450/817 1540/1448/815 1568/1451/818
f 1477/1446/813 1521/1447/814 1538/1452/819
f 1477/1446/813 1538/1452/819 1540/1448/815
f 1540/1448/815 1538/1452/819 1568/1451/818
f 1538/1452/819 1521/1447/814 1566/1453/820
f 1538/1452/819 1566/1453/820 1568/1451/818
f 1568/1451/818 1566/1453/820 1603/1454/821
f 1130/1455/795 1106/1456/797 1131/1457/822
f 1130/1455/795 1131/1457/822 1209/1458/793
f 1141/1459/798 1154/1460/800 1142/1461/823
f 1141/1459/798 1142/1461/823 1105/1462/799
f 1106/1463/797 1105/1464/799 1104/1465/824
f 1106/1466/797 1104/1467/824 1131/1468/822
f 1104/1469/824 1105/1470/799 1107/1471/825
f 1107/1471/825 1105/1470/799 1142/1472/823
f 1104/1473/824 1107/1474/825 1108/1475/826
f 1108/1475/826 1107/1474/825 1142/1476/823
f 1104/1477/824 1108/1478/826 1109/1479/827
f 1104/1480/824 1109/1481/827 1131/1482/822
f 1108/1483/826 1142/1484/823 1143/1485/828
f 1143/1485/828 1142/1484/823 1156/1486/829
f 1108/1487/826 1143/1488/828 1109/1489/827
f 1109/1489/827 1143/1488/828 1140/1490/830
f 1140/1490/830 1143/1488/828 1156/1491/829
f 1109/1489/827 1140/1490/830 1132/1492/831
f 1140/1490/830 1156/1491/829 1153/1493/832
f 1132/1492/831 1140/1490/830 1151/1494/833
f 1151/1494/833 1140/1490/830 1153/1493/832
f 1132/1492/831 1151/1494/833 1212/1495/834
f 1151/1494/833 1153/1493/832 1175/1496/835
f 1155/1497/836 1142/1498/823 1154/1499/800
f 1142/1500/823 1155/1501/836 1156/1502/829
f 1155/1503/836 1154/1504/800 1436/1505/802
f 1132/1506/831 1131/1507/822 1109/1508/827
f 1131/1507/822 1132/1506/831 1212/1509/834
f 1131/1510/822 1212/1511/834 1211/1512/837
f 1131/1513/822 1211/1514/837 1209/1515/793
f 1209/1515/793 1211/1514/837 1191/1516/838
f 1212/1517/834 1151/1518/833 1213/1519/839
f 1213/1519/839 1151/1518/833 1175/1520/835
f 1212/1517/834 1213/1519/839 1192/1521/840
f 1153/1522/832 1156/1523/829 1439/1524/841
f 1439/1524/841 1156/1523/829 1438/1525/842
f 1153/1522/832 1439/1524/841 1175/1526/835
f 1439/1524/841 1438/1525/842 1484/1527/843
f 1439/1524/841 1484/1527/843 1434/1528/844
f 1439/1524/841 1434/1528/844 1175/1526/835
f 1434/1528/844 1484/1527/843 1481/1529/845
f 1434/1528/844 1481/1529/845 1476/1530/846
f 1175/1526/835 1434/1528/844 1256/1531/847
f 1256/1531/847 1434/1528/844 1476/1530/846
f 1256/1531/847 1476/1530/846 1456/1532/848
f 1175/1526/835 1256/1531/847 1213/1533/839
f 1213/1533/839 1256/1531/847 1224/1534/849
f 1438/1535/842 1156/1536/829 1155/1537/836
f 1212/1538/834 1192/1539/840 1211/1540/837
f 1211/1541/837 1192/1542/840 1191/1543/838
f 1192/1544/840 1213/1545/839 1224/1546/849
f 1192/1544/840 1224/1546/849 1189/1547/850
f 1189/1547/850 1224/1546/849 1222/1548/851
f 1189/1547/850 1222/1548/851 1215/1549/852
f 1189/1547/850 1215/1549/852 1178/1550/853
f 1178/1550/853 1215/1549/852 1218/1551/854
f 1218/1551/854 1215/1549/852 1237/1552/855
f 1215/1549/852 1222/1548/851 1234/1553/856
f 1215/1549/852 1234/1553/856 1237/1552/855
f 1222/1548/851 1224/1546/849 1245/1554/857
f 1245/1554/857 1224/1546/849 1256/1555/847
f 1245/1554/857 1256/1555/847 1456/1556/848
f 1222/1548/851 1245/1554/857 1243/1557/858
f 1222/1548/851 1243/1557/858 1234/1553/856
f 1245/1554/857 1456/1556/848 1426/1558/859
f 1245/1554/857 1426/1558/859 1243/1557/858
f 1234/1553/856 1243/1557/858 1401/1559/860
f 1234/1553/856 1401/1559/860 1237/1552/855
f 1401/1559/860 1243/1557/858 1426/1558/859
f 1237/1552/855 1401/1559/860 1391/1560/861
f 1391/1560/861 1401/1559/860 1424/1561/862
f 1424/1561/862 1401/1559/860 1426/1558/859
f 1391/1560/861 1424/1561/862 1422/1562/863
f 1454/1563/864 1426/1558/859 1456/1556/848
f 1426/1558/859 1454/1563/864 1424/1561/862
f 1454/1563/864 1456/1556/848 1508/1564/865
f 1422/1562/863 1424/1561/862 1452/1565/866
f 1452/1565/866 1424/1561/862 1454/1563/864
f 1422/1562/863 1452/1565/866 1450/1566/867
f 1454/1563/864 1508/1564/865 1506/1567/868
f 1454/1563/864 1506/1567/868 1452/1565/866
f 1506/1567/868 1508/1564/865 1560/1568/869
f 1450/1566/867 1452/1565/866 1528/1569/870
f 1528/1569/870 1452/1565/866 1506/1567/868
f 1450/1566/867 1528/1569/870 1526/1570/871
f 1506/1567/868 1560/1568/869 1558/1571/872
f 1506/1567/868 1558/1571/872 1528/1569/870
f 1528/1569/870 1558/1571/872 1526/1570/871
f 1558/1571/872 1560/1568/869 1645/1572/873
f 1526/1570/871 1558/1571/872 1589/1573/874
f 1589/1573/874 1558/1571/872 1645/1572/873
f 1192/1574/840 1189/1575/850 1191/1576/838
f 1209/1577/793 1191/1578/838 1190/1579/875
f 1190/1579/875 1191/1578/838 1187/1580/876
f 1209/1581/793 1190/1582/875 1210/1583/792
f 1210/1584/792 1190/1585/875 1223/1586/877
f 1223/1586/877 1190/1585/875 1187/1587/876
f 1255/1588/794 1223/1586/877 1244/1589/878
f 1244/1589/878 1223/1586/877 1221/1590/879
f 1221/1590/879 1223/1586/877 1187/1587/876
f 1244/1589/878 1221/1590/879 1242/1591/880
f 1242/1591/880 1221/1590/879 1233/1592/881
f 1242/1591/880 1233/1592/881 1400/1593/882
f 1400/1593/882 1233/1592/881 1235/1594/883
f 1233/1592/881 1221/1590/879 1214/1595/884
f 1233/1592/881 1214/1595/884 1235/1594/883
f 1214/1595/884 1221/1590/879 1187/1587/876
f 1235/1594/883 1214/1595/884 1216/1596/885
f 1214/1595/884 1187/1587/876 1176/1597/886
f 1214/1595/884 1176/1597/886 1216/1596/885
f 1210/1598/792 1223/1599/877 1255/1600/794
f 1188/1601/887 1191/1602/838 1189/1603/850
f 1191/1604/838 1188/1605/887 1187/1606/876
f 1187/1607/876 1188/1608/887 1176/1609/886
f 1177/1610/888 1176/1611/886 1188/1612/887
f 1176/1613/886 1177/1614/888 1216/1615/885
f 1177/1616/888 1188/1617/887 1178/1618/853
f 1178/1619/853 1188/1620/887 1189/1621/850
f 1216/1622/885 1177/1623/888 1217/1624/889
f 1216/1622/885 1217/1624/889 1236/1625/890
f 1235/1626/883 1216/1627/885 1236/1628/890
f 1235/1626/883 1236/1628/890 1389/1629/891
f 1217/1630/889 1177/1631/888 1218/1632/854
f 1218/1633/854 1177/1634/888 1178/1635/853
f 1217/1636/889 1218/1637/854 1237/1638/855
f 1217/1639/889 1237/1640/855 1236/1641/890
f 1391/1642/861 1236/1643/890 1237/1644/855
f 1508/1645/865 1456/1646/848 1476/1647/846
f 1421/1648/892 1391/1649/861 1422/1650/863
f 1421/1648/892 1422/1650/863 1450/1651/867
f 1391/1652/861 1421/1653/892 1390/1654/893
f 1391/1652/861 1390/1654/893 1236/1655/890
f 1236/1656/890 1390/1657/893 1389/1658/891
f 1389/1658/891 1390/1657/893 1421/1659/892
f 1235/1660/883 1389/1661/891 1400/1662/882
f 1400/1662/882 1389/1661/891 1423/1663/894
f 1400/1662/882 1423/1663/894 1425/1664/895
f 1400/1662/882 1425/1664/895 1242/1665/880
f 1425/1664/895 1423/1663/894 1453/1666/896
f 1242/1665/880 1425/1664/895 1244/1667/878
f 1425/1664/895 1453/1666/896 1455/1668/808
f 1425/1664/895 1455/1668/808 1244/1667/878
f 1244/1667/878 1455/1668/808 1273/1669/807
f 1455/1668/808 1453/1666/896 1507/1670/897
f 1455/1668/808 1507/1670/897 1474/1671/809
f 1423/1672/894 1389/1673/891 1420/1674/898
f 1423/1672/894 1420/1674/898 1451/1675/899
f 1423/1672/894 1451/1675/899 1453/1676/896
f 1451/1675/899 1420/1674/898 1448/1677/900
f 1451/1675/899 1448/1677/900 1527/1678/901
f 1527/1678/901 1448/1677/900 1525/1679/902
f 1453/1676/896 1451/1675/899 1505/1680/903
f 1505/1680/903 1451/1675/899 1527/1678/901
f 1453/1676/896 1505/1680/903 1507/1681/897
f 1527/1678/901 1525/1679/902 1557/1682/904
f 1527/1678/901 1557/1682/904 1505/1680/903
f 1557/1682/904 1525/1679/902 1587/1683/905
f 1557/1682/904 1587/1683/905 1644/1684/906
f 1505/1680/903 1557/1682/904 1559/1685/907
f 1505/1680/903 1559/1685/907 1507/1681/897
f 1559/1685/907 1557/1682/904 1644/1684/906
f 1507/1681/897 1559/1685/907 1521/1686/814
f 1559/1685/907 1644/1684/906 1566/1687/820
f 1420/1688/898 1389/1689/891 1421/1690/892
f 1420/1688/898 1421/1690/892 1448/1691/900
f 1244/1692/878 1273/1693/807 1255/1694/794
f 1474/1695/809 1507/1696/897 1521/1697/814
f 1525/1698/902 1448/1699/900 1449/1700/908
f 1449/1701/908 1448/1702/900 1421/1703/892
f 1449/1704/908 1421/1705/892 1450/1706/867
f 1449/1707/908 1450/1708/867 1526/1709/871
f 1525/1710/902 1449/1711/908 1556/1712/909
f 1556/1713/909 1449/1714/908 1526/1715/871
f 1587/1716/905 1525/1717/902 1556/1718/909
f 1587/1719/905 1556/1720/909 1588/1721/910
f 1587/1719/905 1588/1721/910 1643/1722/911
f 1556/1723/909 1526/1724/871 1589/1725/874
f 1556/1726/909 1589/1727/874 1588/1728/910
f 1588/1728/910 1589/1727/874 1643/1729/911
f 1587/1730/905 1643/1731/911 1644/1732/906
f 1643/1733/911 1589/1734/874 1645/1735/873
f 1644/1736/906 1643/1737/911 1654/1738/912
f 1644/1736/906 1654/1738/912 1723/1739/913
f 1654/1740/912 1643/1741/911 1645/1742/873
f 1654/1740/912 1645/1742/873 1723/1743/913
f 1560/1744/869 1508/1745/865 1522/1746/914
f 1645/1747/873 1560/1748/869 1567/1749/915
f 1567/1750/915 1560/1751/869 1522/1752/914
f 1645/1753/873 1567/1750/915 1604/1754/916
f 1604/1754/916 1567/1750/915 1569/1755/917
f 1567/1750/915 1522/1752/914 1539/1756/918
f 1567/1750/915 1539/1756/918 1569/1755/917
f 1539/1756/918 1522/1752/914 1478/1757/919
f 1569/1755/917 1539/1756/918 1541/1758/920
f 1478/1757/919 1522/1752/914 1476/1759/846
f 1541/1758/920 1539/1756/918 1478/1757/919
f 1478/1757/919 1476/1759/846 1481/1760/845
f 1478/1757/919 1481/1760/845 1484/1761/843
f 1478/1757/919 1484/1761/843 1541/1758/920
f 1569/1755/917 1541/1758/920 1572/1762/921
f 1572/1762/921 1541/1758/920 1543/1763/922
f 1543/1763/922 1541/1758/920 1488/1764/923
f 1488/1764/923 1541/1758/920 1484/1761/843
f 1488/1764/923 1484/1761/843 1438/1765/842
f 1522/1766/914 1508/1767/865 1476/1768/846
f 1645/1769/873 1604/1770/916 1723/1771/913
f 1723/1772/913 1604/1773/916 1742/1774/924
f 1742/1775/924 1604/1776/916 1569/1777/917
f 1742/1775/924 1569/1777/917 1572/1778/921
f 1488/1779/923 1438/1780/842 1487/1781/925
f 1488/1779/923 1487/1781/925 1543/1782/922
f 1487/1783/925 1438/1784/842 1155/1785/836
f 1487/1786/925 1155/1787/836 1436/1788/802
f 1572/1789/921 1543/1790/922 1571/1791/926
f 1571/1792/926 1543/1793/922 1487/1794/925
f 1572/1795/921 1571/1796/926 1606/1797/927
f 1572/1795/921 1606/1797/927 1742/1798/924
f 1606/1799/927 1571/1800/926 1570/1801/817
f 1606/1799/927 1570/1801/817 1742/1802/924
f 1570/1803/817 1571/1804/926 1542/1805/816
f 1542/1806/816 1571/1807/926 1487/1808/925
f 1742/1809/924 1570/1810/817 1568/1811/818
f 1742/1809/924 1568/1811/818 1603/1812/821
f 1542/1813/816 1487/1814/925 1485/1815/812
f 1485/1815/812 1487/1814/925 1486/1816/805
f 1486/1816/805 1487/1814/925 1436/1817/802
f 1566/1818/820 1521/1819/814 1559/1820/907
f 1603/1821/821 1566/1822/820 1644/1823/906
f 1603/1824/821 1644/1825/906 1723/1826/913
f 1603/1827/821 1723/1828/913 1742/1829/924
s 16
f 1870/1830/928 1435/1831/929 1489/1832/930
f 1489/1833/930 1435/1834/929 1480/1835/931
f 1489/1833/930 1480/1835/931 1878/1836/932
f 1878/1836/932 1480/1835/931 1523/1837/933
f 1878/1836/932 1523/1837/933 1537/1838/934
f 1878/1836/932 1537/1838/934 1605/1839/935
f 1878/1836/932 1605/1839/935 1857/1840/936
f 1857/1840/936 1605/1839/935 1837/1841/937
f 1489/1833/930 1878/1836/932 1879/1842/938
f 1489/1833/930 1879/1842/938 1880/1843/939
f 1489/1833/930 1880/1843/939 1524/1844/940
f 1524/1844/940 1880/1843/939 1544/1845/941
f 1544/1845/941 1880/1843/939 1607/1846/942
f 1607/1846/942 1880/1843/939 1858/1847/943
f 1607/1846/942 1858/1847/943 1838/1848/944
f 1435/1849/929 1870/1850/928 1869/1851/945
f 1435/1852/929 1869/1853/945 1480/1854/931
f 1869/1855/945 1870/1856/928 1849/1857/946
f 1869/1855/945 1849/1857/946 1868/1858/947
f 1480/1859/931 1869/1860/945 1868/1861/947
f 1480/1862/931 1868/1863/947 1523/1864/933
f 1523/1865/933 1868/1866/947 1883/1867/948
f 1868/1868/947 1849/1869/946 1848/1870/949
f 1868/1871/947 1848/1872/949 1883/1873/948
f 1523/1874/933 1883/1875/948 1537/1876/934
f 1883/1877/948 1848/1878/949 1867/1879/950
f 1537/1880/934 1883/1881/948 1902/1882/951
f 1537/1880/934 1902/1882/951 1921/1883/952
f 1902/1884/951 1883/1885/948 1867/1886/950
f 1848/1887/949 1849/1888/946 1563/1889/953
f 1563/1889/953 1849/1888/946 1850/1890/954
f 1848/1887/949 1563/1889/953 1598/1891/955
f 1563/1889/953 1850/1890/954 1601/1892/956
f 1601/1892/956 1850/1890/954 1871/1893/957
f 1598/1891/955 1563/1889/953 1529/1894/958
f 1598/1891/955 1529/1894/958 1561/1895/959
f 1563/1889/953 1601/1892/956 1564/1896/960
f 1563/1889/953 1564/1896/960 1529/1894/958
f 1601/1892/956 1871/1893/957 1814/1897/961
f 1814/1897/961 1871/1893/957 1904/1898/962
f 1564/1896/960 1601/1892/956 1711/1899/963
f 1711/1899/963 1601/1892/956 1814/1897/961
f 1814/1897/961 1904/1898/962 1885/1900/964
f 1814/1897/961 1885/1900/964 1711/1899/963
f 1885/1900/964 1904/1898/962 1924/1901/965
f 1530/1902/966 1561/1895/959 1529/1894/958
f 1561/1895/959 1530/1902/966 1562/1903/967
f 1562/1903/967 1530/1902/966 1599/1904/968
f 1530/1902/966 1529/1894/958 1565/1905/969
f 1565/1905/969 1529/1894/958 1564/1896/960
f 1599/1904/968 1530/1902/966 1600/1906/970
f 1565/1905/969 1564/1896/960 1712/1907/971
f 1712/1907/971 1564/1896/960 1711/1899/963
f 1530/1902/966 1565/1905/969 1602/1908/972
f 1602/1908/972 1565/1905/969 1712/1907/971
f 1530/1902/966 1602/1908/972 1600/1906/970
f 1599/1904/968 1600/1906/970 1811/1909/973
f 1811/1909/973 1600/1906/970 1812/1910/974
f 1812/1910/974 1600/1906/970 1813/1911/975
f 1812/1910/974 1813/1911/975 1811/1909/973
f 1813/1911/975 1600/1906/970 1602/1908/972
f 1602/1908/972 1712/1907/971 1815/1912/976
f 1602/1908/972 1815/1912/976 1813/1911/975
s off
f 1811/1909/977 1813/1911/978 1851/1913/979
s 16
f 1851/1913/980 1813/1911/975 1815/1912/976
s off
f 1811/1909/981 1851/1913/982 1866/1914/983
s 16
f 1815/1912/976 1712/1907/971 1873/1915/984
f 1873/1915/984 1712/1907/971 1711/1899/963
f 1815/1912/976 1873/1915/984 1886/1916/985
f 1873/1915/984 1711/1899/963 1872/1917/986
f 1872/1917/986 1711/1899/963 1885/1900/964
f 1886/1916/985 1873/1915/984 1927/1918/987
f 1815/1912/976 1886/1916/985 1905/1919/988
f 1815/1912/976 1905/1919/988 1851/1913/980
f 1905/1919/988 1886/1916/985 1927/1918/987
f 1873/1915/984 1872/1917/986 1929/1920/989
f 1873/1915/984 1929/1920/989 1927/1918/987
f 1872/1917/986 1885/1900/964 1928/1921/990
f 1872/1917/986 1928/1921/990 1929/1920/989
f 1928/1921/990 1885/1900/964 1926/1922/991
f 1926/1922/991 1885/1900/964 1924/1901/965
f 1929/1920/989 1928/1921/990 1947/1923/992
f 1929/1920/989 1947/1923/992 1927/1918/987
f 1928/1921/990 1926/1922/991 1946/1924/993
f 1928/1921/990 1946/1924/993 1947/1923/992
f 1926/1922/991 1924/1901/965 1945/1925/994
f 1926/1922/991 1945/1925/994 1946/1924/993
f 1945/1925/994 1924/1901/965 1933/1926/995
f 1925/1927/996 1905/1919/988 1927/1918/987
s off
f 1905/1919/997 1925/1927/998 1937/1928/999
s 16
f 1937/1928/1000 1925/1927/996 1927/1918/987
s off
f 1905/1919/1001 1937/1928/1002 1851/1913/1003
s 16
f 1937/1928/1000 1927/1918/987 1938/1929/1004
f 1938/1929/1004 1927/1918/987 1947/1923/992
s off
f 1851/1913/1005 1937/1928/1006 1954/1930/1007
s 16
f 1954/1930/1008 1937/1928/1000 1938/1929/1004
s off
f 1851/1913/1009 1954/1930/1010 1948/1931/1011
s 16
f 1938/1929/1004 1947/1923/992 1960/1932/1012
f 1938/1929/1004 1960/1932/1012 1954/1930/1008
f 1954/1930/1008 1960/1932/1012 1968/1933/1013
f 1954/1930/1008 1968/1933/1013 1958/1934/1014
f 1968/1933/1013 1960/1932/1012 1976/1935/1015
f 1960/1932/1012 1947/1923/992 1966/1936/1016
f 1960/1932/1012 1966/1936/1016 1976/1935/1015
f 1966/1936/1016 1947/1923/992 1946/1924/993
f 1976/1935/1015 1966/1936/1016 1965/1937/1017
f 1965/1937/1017 1966/1936/1016 1946/1924/993
f 1976/1935/1015 1965/1937/1017 1975/1938/1018
f 1965/1937/1017 1946/1924/993 1945/1925/994
f 1975/1938/1018 1965/1937/1017 1959/1939/1019
f 1959/1939/1019 1965/1937/1017 1945/1925/994
f 1975/1938/1018 1959/1939/1019 1974/1940/1020
f 1959/1939/1019 1945/1925/994 1933/1926/995
f 1974/1940/1020 1959/1939/1019 1944/1941/1021
f 1944/1941/1021 1959/1939/1019 1933/1926/995
f 1867/1942/950 1848/1943/949 1598/1944/955
f 1867/1942/950 1598/1944/955 1809/1945/1022
f 1809/1945/1022 1598/1944/955 1561/1946/959
f 1867/1942/950 1809/1945/1022 1881/1947/1023
f 1867/1942/950 1881/1947/1023 1901/1948/1024
f 1809/1945/1022 1561/1946/959 1709/1949/1025
f 1809/1945/1022 1709/1949/1025 1881/1947/1023
f 1709/1949/1025 1561/1946/959 1562/1950/967
f 1901/1948/1024 1881/1947/1023 1918/1951/1026
f 1901/1948/1024 1918/1951/1026 1922/1952/1027
f 1881/1947/1023 1709/1949/1025 1864/1953/1028
f 1881/1947/1023 1864/1953/1028 1918/1951/1026
f 1922/1952/1027 1918/1951/1026 1930/1954/1029
f 1709/1949/1025 1562/1950/967 1710/1955/1030
f 1709/1949/1025 1710/1955/1030 1864/1953/1028
f 1710/1955/1030 1562/1950/967 1599/1956/968
f 1918/1951/1026 1864/1953/1028 1916/1957/1031
f 1864/1953/1028 1710/1955/1030 1865/1958/1032
f 1864/1953/1028 1865/1958/1032 1916/1957/1031
f 1710/1955/1030 1599/1956/968 1810/1959/1033
f 1710/1955/1030 1810/1959/1033 1865/1958/1032
f 1810/1959/1033 1599/1956/968 1866/1960/1034
f 1866/1960/1034 1599/1956/968 1811/1961/973
f 1918/1951/1026 1916/1957/1031 1941/1962/1035
f 1918/1951/1026 1941/1962/1035 1930/1954/1029
f 1916/1957/1031 1865/1958/1032 1917/1963/1036
f 1930/1954/1029 1941/1962/1035 1963/1964/1037
f 1941/1962/1035 1916/1957/1031 1939/1965/1038
f 1941/1962/1035 1939/1965/1038 1963/1964/1037
f 1939/1965/1038 1916/1957/1031 1917/1963/1036
f 1930/1954/1029 1963/1964/1037 1943/1966/1039
f 1943/1966/1039 1963/1964/1037 1971/1967/1040
f 1943/1966/1039 1971/1967/1040 1950/1968/1041
f 1963/1964/1037 1939/1965/1038 1961/1969/1042
f 1963/1964/1037 1961/1969/1042 1971/1967/1040
f 1950/1968/1041 1971/1967/1040 1972/1970/1043
f 1950/1968/1041 1972/1970/1043 1957/1971/1044
f 1957/1971/1044 1972/1970/1043 1953/1972/1045
f 1953/1972/1045 1972/1970/1043 1974/1973/1020
f 1953/1972/1045 1974/1973/1020 1944/1974/1021
f 1972/1970/1043 1971/1967/1040 1969/1975/1046
f 1969/1975/1046 1971/1967/1040 1961/1969/1042
f 1974/1973/1020 1972/1970/1043 1977/1976/1047
f 1977/1976/1047 1972/1970/1043 1969/1975/1046
f 1974/1973/1020 1977/1976/1047 1975/1977/1018
f 1975/1977/1018 1977/1976/1047 1978/1978/1048
f 1975/1977/1018 1978/1978/1048 1976/1979/1015
f 1976/1979/1015 1978/1978/1048 1968/1980/1013
f 1978/1978/1048 1977/1976/1047 1970/1981/1049
f 1970/1981/1049 1977/1976/1047 1969/1975/1046
f 1968/1980/1013 1978/1978/1048 1973/1982/1050
f 1973/1982/1050 1978/1978/1048 1970/1981/1049
f 1968/1980/1013 1973/1982/1050 1958/1983/1014
f 1970/1981/1049 1969/1975/1046 1962/1984/1051
f 1962/1984/1051 1969/1975/1046 1961/1969/1042
f 1973/1982/1050 1970/1981/1049 1967/1985/1052
f 1967/1985/1052 1970/1981/1049 1962/1984/1051
f 1958/1983/1014 1973/1982/1050 1964/1986/1053
f 1964/1986/1053 1973/1982/1050 1967/1985/1052
s off
f 1958/1983/1054 1964/1986/1055 1956/1987/1056
s 16
f 1956/1987/1057 1964/1986/1053 1967/1985/1052
s off
f 1958/1983/1058 1956/1987/1059 1948/1988/1060
s 16
f 1948/1988/1061 1956/1987/1057 1967/1985/1052
s off
f 1958/1983/1062 1948/1988/1063 1954/1989/1064
s 16
f 1967/1985/1052 1962/1984/1051 1955/1990/1065
f 1967/1985/1052 1955/1990/1065 1948/1988/1061
f 1940/1991/1066 1962/1984/1051 1961/1969/1042
f 1962/1984/1051 1940/1991/1066 1955/1990/1065
f 1940/1991/1066 1961/1969/1042 1939/1965/1038
f 1940/1991/1066 1939/1965/1038 1917/1963/1036
f 1955/1990/1065 1940/1991/1066 1942/1992/1067
f 1942/1992/1067 1940/1991/1066 1917/1963/1036
f 1955/1990/1065 1942/1992/1067 1948/1988/1061
f 1942/1992/1067 1917/1963/1036 1919/1993/1068
f 1948/1988/1061 1942/1992/1067 1934/1994/1069
f 1919/1993/1068 1917/1963/1036 1882/1995/1070
f 1882/1995/1070 1917/1963/1036 1865/1958/1032
f 1882/1995/1070 1865/1958/1032 1810/1959/1033
f 1942/1992/1067 1919/1993/1068 1920/1996/1071
f 1942/1992/1067 1920/1996/1071 1934/1994/1069
f 1920/1996/1071 1919/1993/1068 1882/1995/1070
s off
f 1934/1994/1072 1920/1996/1073 1900/1997/1074
s 16
f 1900/1997/1075 1920/1996/1071 1882/1995/1070
f 1900/1997/1075 1882/1995/1070 1810/1959/1033
s off
f 1934/1994/1076 1900/1997/1077 1948/1988/1078
s 16
f 1900/1997/1075 1810/1959/1033 1866/1960/1034
s off
f 1900/1997/1079 1866/1960/1080 1948/1988/1081
f 1948/1988/1082 1866/1960/1083 1851/1998/1084
s 16
f 1537/1999/934 1921/2000/952 1605/2001/935
f 1605/2002/935 1921/2003/952 1931/2004/1085
f 1921/2005/952 1902/2006/951 1922/2007/1027
f 1921/2005/952 1922/2007/1027 1931/2008/1085
f 1922/2009/1027 1902/2010/951 1901/2011/1024
f 1901/2011/1024 1902/2010/951 1867/2012/950
f 1850/2013/954 1849/2014/946 1870/2015/928
f 1850/2016/954 1870/2017/928 1884/2018/1086
f 1871/2019/957 1850/2020/954 1884/2021/1086
f 1884/2022/1086 1870/2023/928 1489/2024/930
f 1871/2025/957 1884/2026/1086 1903/2027/1087
f 1904/2028/962 1871/2029/957 1903/2030/1087
f 1884/2031/1086 1489/2032/930 1524/2033/940
f 1884/2034/1086 1524/2035/940 1903/2036/1087
f 1903/2037/1087 1524/2038/940 1544/2039/941
f 1903/2037/1087 1544/2039/941 1607/2040/942
f 1923/2041/1088 1904/2042/962 1903/2043/1087
f 1923/2044/1088 1903/2045/1087 1607/2046/942
f 1923/2044/1088 1607/2046/942 1932/2047/1089
f 1904/2048/962 1923/2049/1088 1924/2050/965
f 1923/2051/1088 1932/2052/1089 1924/2053/965
f 1932/2054/1089 1607/2055/942 1838/2056/944
f 1932/2054/1089 1838/2056/944 1858/2057/943
f 1932/2058/1089 1858/2059/943 1936/2060/1090
f 1936/2061/1090 1858/2062/943 1880/2063/939
f 1924/2064/965 1932/2065/1089 1933/2066/995
f 1933/2066/995 1932/2065/1089 1944/2067/1021
f 1932/2068/1089 1936/2069/1090 1944/2070/1021
f 1936/2071/1090 1880/2072/939 1952/2073/1091
f 1944/2074/1021 1936/2075/1090 1953/2076/1045
f 1953/2077/1045 1936/2078/1090 1952/2079/1091
f 1952/2080/1091 1880/2081/939 1879/2082/938
f 1952/2083/1091 1879/2084/938 1951/2085/1092
f 1951/2086/1092 1879/2087/938 1878/2088/932
f 1953/2089/1045 1952/2090/1091 1957/2091/1044
f 1957/2092/1044 1952/2093/1091 1951/2094/1092
f 1957/2095/1044 1951/2096/1092 1950/2097/1041
f 1951/2098/1092 1878/2099/932 1949/2100/1093
f 1951/2101/1092 1949/2102/1093 1950/2103/1041
f 1949/2104/1093 1878/2105/932 1857/2106/936
f 1837/2107/937 1605/2108/935 1931/2109/1085
f 1857/2110/936 1837/2111/937 1935/2112/1094
f 1935/2113/1094 1837/2114/937 1931/2115/1085
f 1857/2116/936 1935/2117/1094 1949/2118/1093
f 1949/2119/1093 1935/2120/1094 1943/2121/1039
f 1943/2121/1039 1935/2120/1094 1931/2122/1085
f 1949/2123/1093 1943/2124/1039 1950/2125/1041
f 1943/2126/1039 1931/2127/1085 1930/2128/1029
f 1930/2128/1029 1931/2127/1085 1922/2129/1027
s 17
f 1830/2130/1095 1737/2131/1096 1731/2132/1097
f 1737/2131/1096 1830/2130/1095 1834/2133/1098
f 1830/2130/1095 1731/2132/1097 1727/2134/1099
f 1834/2133/1098 1830/2130/1095 1829/2135/1100
f 1834/2133/1098 1829/2135/1100 1735/2136/1101
f 1735/2136/1101 1829/2135/1100 1833/2137/1102
f 1829/2135/1100 1830/2130/1095 1852/2138/1103
f 1833/2137/1102 1829/2135/1100 1826/2139/1104
f 1826/2139/1104 1829/2135/1100 1852/2138/1103
f 1833/2137/1102 1826/2139/1104 1828/2140/1105
f 1833/2137/1102 1828/2140/1105 1730/2141/1106
f 1730/2141/1106 1828/2140/1105 1726/2142/1107
f 1726/2142/1107 1828/2140/1105 1826/2139/1104
f 1726/2142/1107 1826/2139/1104 1818/2143/1108
f 1818/2143/1108 1826/2139/1104 1819/2144/1109
f 1819/2144/1109 1826/2139/1104 1852/2138/1103
f 1818/2143/1108 1819/2144/1109 1713/2145/1110
f 1713/2145/1110 1819/2144/1109 1816/2146/1111
f 1819/2144/1109 1852/2138/1103 1820/2147/1112
f 1819/2144/1109 1820/2147/1112 1816/2146/1111
f 1820/2147/1112 1852/2138/1103 1830/2130/1095
f 1816/2146/1111 1820/2147/1112 1716/2148/1113
f 1820/2147/1112 1830/2130/1095 1821/2149/1114
f 1820/2147/1112 1821/2149/1114 1716/2148/1113
f 1821/2149/1114 1830/2130/1095 1727/2134/1099
f 1722/2150/1115 1727/2134/1099 1716/2148/1113
f 1727/2134/1099 1722/2150/1115 1821/2149/1114
f 1821/2149/1114 1722/2150/1115 1716/2148/1113
f 1731/2151/1097 1737/2152/1096 1715/2153/1116
f 1731/2151/1097 1715/2153/1116 1727/2154/1099
f 1727/2154/1099 1715/2153/1116 1716/2155/1113
f 1716/2155/1113 1715/2153/1116 1816/2156/1111
f 1715/2153/1116 1737/2152/1096 1736/2157/1117
f 1736/2157/1117 1737/2152/1096 1834/2158/1098
f 1736/2157/1117 1834/2158/1098 1735/2159/1101
f 1736/2157/1117 1735/2159/1101 1715/2153/1116
f 1816/2156/1111 1715/2153/1116 1714/2160/1118
f 1714/2160/1118 1715/2153/1116 1735/2159/1101
f 1816/2156/1111 1714/2160/1118 1713/2161/1110
f 1714/2160/1118 1735/2159/1101 1734/2162/1119
f 1734/2162/1119 1735/2159/1101 1833/2163/1102
f 1734/2162/1119 1833/2163/1102 1730/2164/1106
f 1734/2162/1119 1730/2164/1106 1714/2160/1118
f 1714/2160/1118 1730/2164/1106 1726/2165/1107
f 1713/2161/1110 1714/2160/1118 1721/2166/1120
f 1721/2166/1120 1714/2160/1118 1726/2165/1107
f 1713/2161/1110 1721/2166/1120 1818/2167/1108
f 1818/2167/1108 1721/2166/1120 1726/2165/1107
s 18
f 1672/2168/1121 1667/2169/1122 1785/2170/1123
f 1672/2168/1121 1785/2170/1123 1671/2171/1124
f 1785/2170/1123 1667/2169/1122 1780/2172/1125
f 1672/2168/1121 1671/2171/1124 1666/2173/1126
f 1672/2168/1121 1666/2173/1126 1667/2169/1122
f 1780/2172/1125 1667/2169/1122 1663/2174/1127
f 1780/2172/1125 1663/2174/1127 1659/2175/1128
f 1659/2175/1128 1663/2174/1127 1667/2169/1122
f 1780/2172/1125 1659/2175/1128 1777/2176/1129
f 1777/2176/1129 1659/2175/1128 1653/2177/1130
f 1777/2176/1129 1653/2177/1130 1770/2178/1131
f 1659/2175/1128 1667/2169/1122 1652/2179/1132
f 1659/2175/1128 1652/2179/1132 1653/2177/1130
f 1653/2177/1130 1652/2179/1132 1770/2178/1131
f 1652/2179/1132 1667/2169/1122 1666/2173/1126
f 1770/2178/1131 1652/2179/1132 1647/2180/1133
f 1770/2178/1131 1647/2180/1133 1646/2181/1134
f 1646/2181/1134 1647/2180/1133 1652/2179/1132
f 1646/2181/1134 1652/2179/1132 1651/2182/1135
f 1651/2182/1135 1652/2179/1132 1666/2173/1126
f 1670/2183/1136 1666/2173/1126 1671/2171/1124
f 1670/2183/1136 1671/2171/1124 1784/2184/1137
f 1670/2183/1136 1784/2184/1137 1666/2173/1126
f 1666/2173/1126 1784/2184/1137 1662/2185/1138
f 1666/2173/1126 1662/2185/1138 1651/2182/1135
f 1662/2185/1138 1784/2184/1137 1779/2186/1139
f 1651/2182/1135 1662/2185/1138 1658/2187/1140
f 1658/2187/1140 1662/2185/1138 1779/2186/1139
f 1671/2188/1124 1785/2189/1123 1845/2190/1141
f 1671/2188/1124 1845/2190/1141 1784/2191/1137
f 1845/2190/1141 1785/2189/1123 1780/2192/1125
f 1784/2191/1137 1845/2190/1141 1775/2193/1142
f 1784/2191/1137 1775/2193/1142 1779/2194/1139
f 1845/2190/1141 1780/2192/1125 1842/2195/1143
f 1845/2190/1141 1842/2195/1143 1775/2193/1142
f 1779/2194/1139 1775/2193/1142 1658/2196/1140
f 1842/2195/1143 1780/2192/1125 1776/2197/1144
f 1776/2197/1144 1780/2192/1125 1777/2198/1129
f 1776/2197/1144 1777/2198/1129 1770/2199/1131
f 1842/2195/1143 1776/2197/1144 1769/2200/1145
f 1769/2200/1145 1776/2197/1144 1770/2199/1131
f 1842/2195/1143 1769/2200/1145 1775/2193/1142
f 1769/2200/1145 1770/2199/1131 1646/2201/1134
f 1769/2200/1145 1646/2201/1134 1651/2202/1135
f 1769/2200/1145 1651/2202/1135 1775/2193/1142
f 1650/2203/1146 1658/2196/1140 1775/2193/1142
f 1658/2196/1140 1650/2203/1146 1651/2202/1135
f 1651/2202/1135 1650/2203/1146 1775/2193/1142
s 19
f 1409/2204/1147 1410/2205/1148 1415/2206/1149
f 1415/2206/1149 1410/2205/1148 1591/2207/1150
f 1415/2206/1149 1591/2207/1150 1595/2208/1151
f 1591/2207/1150 1410/2205/1148 1397/2209/1152
f 1415/2206/1149 1595/2208/1151 1414/2210/1153
f 1415/2206/1149 1414/2210/1153 1409/2204/1147
f 1414/2210/1153 1595/2208/1151 1594/2211/1154
f 1409/2204/1147 1414/2210/1153 1408/2212/1155
f 1408/2212/1155 1414/2210/1153 1594/2211/1154
f 1409/2204/1147 1408/2212/1155 1410/2205/1148
f 1408/2212/1155 1594/2211/1154 1590/2213/1156
f 1408/2212/1155 1590/2213/1156 1396/2214/1157
f 1410/2205/1148 1408/2212/1155 1393/2215/1158
f 1410/2205/1148 1393/2215/1158 1397/2209/1152
f 1408/2212/1155 1396/2214/1157 1392/2216/1159
f 1408/2212/1155 1392/2216/1159 1393/2215/1158
f 1392/2216/1159 1396/2214/1157 1367/2217/1160
f 1392/2216/1159 1367/2217/1160 1363/2218/1161
f 1392/2216/1159 1363/2218/1161 1393/2215/1158
f 1363/2218/1161 1367/2217/1160 1341/2219/1162
f 1397/2209/1152 1393/2215/1158 1368/2220/1163
f 1393/2215/1158 1363/2218/1161 1364/2221/1164
f 1393/2215/1158 1364/2221/1164 1368/2220/1163
f 1364/2221/1164 1363/2218/1161 1342/2222/1165
f 1342/2222/1165 1363/2218/1161 1341/2219/1162
f 1364/2221/1164 1342/2222/1165 1368/2220/1163
f 1397/2209/1152 1368/2220/1163 1372/2223/1166
f 1342/2222/1165 1341/2219/1162 1346/2224/1167
f 1342/2222/1165 1346/2224/1167 1368/2220/1163
f 1372/2223/1166 1368/2220/1163 1347/2225/1168
f 1347/2225/1168 1368/2220/1163 1346/2224/1167
f 1372/2223/1166 1347/2225/1168 1288/2226/1169
f 1288/2226/1169 1347/2225/1168 1346/2224/1167
f 1346/2224/1167 1341/2219/1162 1345/2227/1170
f 1346/2224/1167 1345/2227/1170 1287/2228/1171
f 1346/2224/1167 1287/2228/1171 1288/2226/1169
f 1287/2228/1171 1345/2227/1170 1286/2229/1172
f 1287/2228/1171 1286/2229/1172 1111/2230/1173
f 1287/2228/1171 1111/2230/1173 1288/2226/1169
f 1111/2230/1173 1286/2229/1172 1110/2231/1174
f 1111/2230/1173 1110/2231/1174 1091/2232/1175
f 1091/2232/1175 1110/2231/1174 1090/2233/1176
f 1091/2232/1175 1090/2233/1176 1094/2234/1177
f 1111/2230/1173 1091/2232/1175 1112/2235/1178
f 1111/2230/1173 1112/2235/1178 1288/2226/1169
f 1091/2232/1175 1094/2234/1177 1095/2236/1179
f 1091/2232/1175 1095/2236/1179 1112/2235/1178
f 1095/2236/1179 1094/2234/1177 1184/2237/1180
f 1288/2226/1169 1112/2235/1178 1117/2238/1181
f 1117/2238/1181 1112/2235/1178 1095/2236/1179
f 1117/2238/1181 1095/2236/1179 1184/2237/1180
f 1288/2226/1169 1117/2238/1181 1180/2239/1182
f 1180/2239/1182 1117/2238/1181 1184/2237/1180
f 1595/2240/1151 1591/2241/1150 1704/2242/1183
f 1595/2240/1151 1704/2242/1183 1703/2243/1184
f 1595/2240/1151 1703/2243/1184 1594/2244/1154
f 1704/2242/1183 1591/2241/1150 1705/2245/1185
f 1704/2242/1183 1705/2245/1185 1703/2243/1184
f 1594/2244/1154 1703/2243/1184 1590/2246/1156
f 1590/2246/1156 1703/2243/1184 1573/2247/1186
f 1590/2246/1156 1573/2247/1186 1396/2248/1157
f 1573/2247/1186 1703/2243/1184 1635/2249/1187
f 1635/2249/1187 1703/2243/1184 1636/2250/1188
f 1636/2250/1188 1703/2243/1184 1705/2245/1185
f 1635/2249/1187 1636/2250/1188 1639/2251/1189
f 1574/2252/1190 1705/2245/1185 1591/2241/1150
f 1705/2245/1185 1574/2252/1190 1636/2250/1188
f 1574/2252/1190 1591/2241/1150 1397/2253/1152
f 1574/2252/1190 1397/2253/1152 1372/2254/1166
f 1574/2252/1190 1372/2254/1166 1288/2255/1169
f 1639/2251/1189 1636/2250/1188 1640/2256/1191
f 1639/2251/1189 1640/2256/1191 1581/2257/1192
f 1636/2250/1188 1574/2252/1190 1578/2258/1193
f 1636/2250/1188 1578/2258/1193 1640/2256/1191
f 1578/2258/1193 1574/2252/1190 1288/2255/1169
f 1581/2257/1192 1640/2256/1191 1582/2259/1194
f 1582/2259/1194 1640/2256/1191 1578/2258/1193
f 1578/2258/1193 1288/2255/1169 1583/2260/1195
f 1578/2258/1193 1583/2260/1195 1582/2259/1194
f 1583/2260/1195 1288/2255/1169 1552/2261/1196
f 1583/2260/1195 1552/2261/1196 1582/2259/1194
f 1581/2257/1192 1582/2259/1194 1551/2262/1197
f 1551/2262/1197 1582/2259/1194 1552/2261/1196
f 1581/2257/1192 1551/2262/1197 1550/2263/1198
f 1550/2263/1198 1551/2262/1197 1501/2264/1199
f 1552/2261/1196 1288/2255/1169 1498/2265/1200
f 1552/2261/1196 1498/2265/1200 1551/2262/1197
f 1498/2265/1200 1288/2255/1169 1180/2266/1182
f 1501/2264/1199 1551/2262/1197 1502/2267/1201
f 1502/2267/1201 1551/2262/1197 1498/2265/1200
f 1502/2267/1201 1498/2265/1200 1180/2266/1182
f 1501/2264/1199 1502/2267/1201 1183/2268/1202
f 1502/2267/1201 1180/2266/1182 1184/2269/1180
f 1502/2267/1201 1184/2269/1180 1183/2268/1202
s off
f 1371/2270/1203 1367/2271/1204 1396/2272/1205
f 1371/2270/1206 1396/2272/1207 1573/2273/1208
s 19
f 1367/2271/1160 1371/2270/1209 1345/2274/1170
f 1367/2271/1160 1345/2274/1170 1341/2275/1162
f 1345/2274/1170 1371/2270/1209 1286/2276/1172
f 1286/2276/1172 1371/2270/1209 1573/2273/1186
f 1286/2276/1172 1573/2273/1186 1577/2277/1210
f 1577/2277/1210 1573/2273/1186 1635/2278/1187
f 1577/2277/1210 1635/2278/1187 1639/2279/1189
f 1577/2277/1210 1639/2279/1189 1581/2280/1192
f 1577/2277/1210 1581/2280/1192 1286/2276/1172
f 1286/2276/1172 1581/2280/1192 1550/2281/1198
f 1286/2276/1172 1550/2281/1198 1497/2282/1211
f 1497/2282/1211 1550/2281/1198 1501/2283/1199
f 1497/2282/1211 1501/2283/1199 1179/2284/1212
f 1497/2282/1211 1179/2284/1212 1286/2276/1172
f 1179/2284/1212 1501/2283/1199 1183/2285/1202
f 1286/2276/1172 1179/2284/1212 1116/2286/1213
f 1116/2286/1213 1179/2284/1212 1183/2285/1202
f 1286/2276/1172 1116/2286/1213 1110/2287/1174
f 1110/2287/1174 1116/2286/1213 1090/2288/1176
f 1090/2288/1176 1116/2286/1213 1094/2289/1177
f 1094/2289/1177 1116/2286/1213 1183/2285/1202
f 1094/2289/1177 1183/2285/1202 1184/2290/1180
s 20
f 1695/2291/1214 1689/2292/1215 1798/2293/1216
f 1695/2291/1214 1798/2293/1216 1694/2294/1217
f 1695/2291/1214 1694/2294/1217 1689/2292/1215
f 1798/2293/1216 1689/2292/1215 1793/2295/1218
f 1793/2295/1218 1689/2292/1215 1685/2296/1219
f 1793/2295/1218 1685/2296/1219 1792/2297/1220
f 1689/2292/1215 1694/2294/1217 1693/2298/1221
f 1689/2292/1215 1693/2298/1221 1685/2296/1219
f 1792/2297/1220 1685/2296/1219 1681/2299/1222
f 1681/2299/1222 1685/2296/1219 1693/2298/1221
f 1792/2297/1220 1681/2299/1222 1677/2300/1223
f 1792/2297/1220 1677/2300/1223 1789/2301/1224
f 1677/2300/1223 1681/2299/1222 1676/2302/1225
f 1677/2300/1223 1676/2302/1225 1789/2301/1224
f 1676/2302/1225 1681/2299/1222 1680/2303/1226
f 1676/2302/1225 1680/2303/1226 1789/2301/1224
f 1680/2303/1226 1681/2299/1222 1693/2298/1221
f 1789/2301/1224 1680/2303/1226 1788/2304/1227
f 1788/2304/1227 1680/2303/1226 1684/2305/1228
f 1684/2305/1228 1680/2303/1226 1688/2306/1229
f 1688/2306/1229 1680/2303/1226 1693/2298/1221
f 1688/2306/1229 1693/2298/1221 1692/2307/1230
f 1688/2306/1229 1692/2307/1230 1801/2308/1231
f 1801/2308/1231 1692/2307/1230 1693/2298/1221
f 1801/2308/1231 1693/2298/1221 1698/2309/1232
f 1801/2308/1231 1698/2309/1232 1807/2310/1233
f 1698/2309/1232 1693/2298/1221 1699/2311/1234
f 1698/2309/1232 1699/2311/1234 1807/2310/1233
f 1699/2311/1234 1693/2298/1221 1694/2294/1217
f 1699/2311/1234 1694/2294/1217 1807/2310/1233
f 1798/2312/1216 1793/2313/1218 1792/2314/1220
f 1798/2312/1216 1792/2314/1220 1846/2315/1235
f 1846/2315/1235 1792/2314/1220 1797/2316/1236
f 1797/2316/1236 1792/2314/1220 1789/2317/1224
f 1798/2312/1216 1846/2315/1235 1802/2318/1237
f 1798/2312/1216 1802/2318/1237 1694/2319/1217
f 1694/2319/1217 1802/2318/1237 1807/2320/1233
f 1807/2320/1233 1802/2318/1237 1801/2321/1231
f 1801/2321/1231 1802/2318/1237 1846/2315/1235
f 1801/2321/1231 1846/2315/1235 1797/2316/1236
f 1797/2316/1236 1789/2317/1224 1788/2322/1227
f 1801/2321/1231 1797/2316/1236 1688/2323/1229
f 1797/2316/1236 1788/2322/1227 1791/2324/1238
f 1797/2316/1236 1791/2324/1238 1688/2323/1229
f 1791/2324/1238 1788/2322/1227 1684/2325/1228
f 1791/2324/1238 1684/2325/1228 1688/2323/1229
s 21
f 1616/2326/1239 1620/2327/1240 1758/2328/1241
f 1616/2326/1239 1758/2328/1241 1615/2329/1242
f 1616/2326/1239 1615/2329/1242 1620/2327/1240
f 1758/2328/1241 1620/2327/1240 1762/2330/1243
f 1758/2328/1241 1762/2330/1243 1761/2331/1244
f 1615/2329/1242 1758/2328/1241 1752/2332/1245
f 1615/2329/1242 1752/2332/1245 1749/2333/1246
f 1761/2331/1244 1762/2330/1243 1624/2334/1247
f 1624/2334/1247 1762/2330/1243 1620/2327/1240
f 1761/2331/1244 1624/2334/1247 1628/2335/1248
f 1615/2329/1242 1749/2333/1246 1609/2336/1249
f 1609/2336/1249 1749/2333/1246 1608/2337/1250
f 1614/2338/1251 1620/2327/1240 1615/2329/1242
f 1609/2336/1249 1608/2337/1250 1614/2338/1251
f 1609/2336/1249 1614/2338/1251 1615/2329/1242
f 1620/2327/1240 1614/2338/1251 1624/2334/1247
f 1624/2334/1247 1614/2338/1251 1628/2335/1248
f 1628/2335/1248 1614/2338/1251 1627/2339/1252
f 1628/2335/1248 1627/2339/1252 1631/2340/1253
f 1631/2340/1253 1627/2339/1252 1767/2341/1254
f 1767/2341/1254 1627/2339/1252 1766/2342/1255
f 1767/2341/1254 1766/2342/1255 1760/2343/1256
f 1766/2342/1255 1627/2339/1252 1623/2344/1257
f 1760/2343/1256 1766/2342/1255 1757/2345/1258
f 1757/2345/1258 1766/2342/1255 1623/2344/1257
f 1760/2343/1256 1757/2345/1258 1751/2346/1259
f 1623/2344/1257 1627/2339/1252 1619/2347/1260
f 1623/2344/1257 1619/2347/1260 1757/2345/1258
f 1757/2345/1258 1619/2347/1260 1751/2346/1259
f 1619/2347/1260 1627/2339/1252 1614/2338/1251
f 1751/2346/1259 1619/2347/1260 1613/2348/1261
f 1751/2346/1259 1613/2348/1261 1614/2338/1251
f 1614/2338/1251 1613/2348/1261 1619/2347/1260
f 1761/2349/1244 1628/2350/1248 1632/2351/1262
f 1632/2351/1262 1628/2350/1248 1631/2352/1253
f 1632/2351/1262 1631/2352/1253 1767/2353/1254
f 1632/2351/1262 1767/2353/1254 1761/2349/1244
f 1761/2349/1244 1767/2353/1254 1760/2354/1256
f 1761/2349/1244 1760/2354/1256 1839/2355/1263
f 1761/2349/1244 1839/2355/1263 1758/2356/1241
f 1758/2356/1241 1839/2355/1263 1752/2357/1245
f 1839/2355/1263 1760/2354/1256 1751/2358/1259
f 1839/2355/1263 1751/2358/1259 1752/2357/1245
f 1752/2357/1245 1751/2358/1259 1749/2359/1246
f 1749/2359/1246 1751/2358/1259 1608/2360/1250
f 1608/2360/1250 1751/2358/1259 1614/2361/1251
s 22
f 657/2362/1264 658/2363/1265 689/2364/1266
f 658/2363/1265 657/2362/1264 596/2365/1267
f 657/2362/1264 689/2364/1266 614/2366/1268
f 657/2362/1264 614/2366/1268 595/2367/1269
f 657/2362/1264 595/2367/1269 596/2365/1267
f 595/2367/1269 614/2366/1268 574/2368/1270
f 595/2367/1269 574/2368/1270 531/2369/1271
f 595/2367/1269 531/2369/1271 596/2365/1267
f 531/2369/1271 574/2368/1270 499/2370/1272
f 531/2369/1271 499/2370/1272 453/2371/1273
f 654/2372/1274 614/2366/1268 689/2364/1266
f 531/2369/1271 453/2371/1273 456/2373/1275
f 456/2373/1275 453/2371/1273 372/2374/1276
f 654/2372/1274 689/2364/1266 699/2375/1277
f 654/2372/1274 699/2375/1277 647/2376/1278
f 647/2376/1278 699/2375/1277 671/2377/1279
f 647/2376/1278 671/2377/1279 645/2378/1280
f 699/2375/1277 689/2364/1266 700/2379/1281
f 645/2378/1280 671/2377/1279 637/2380/1282
f 645/2378/1280 637/2380/1282 613/2381/1283
f 613/2381/1283 637/2380/1282 571/2382/1284
f 571/2382/1284 637/2380/1282 582/2383/1285
f 582/2383/1285 637/2380/1282 638/2384/1286
f 638/2384/1286 637/2380/1282 671/2377/1279
f 582/2383/1285 638/2384/1286 583/2385/1287
f 672/2386/1288 671/2377/1279 699/2375/1277
f 671/2377/1279 672/2386/1288 638/2384/1286
f 672/2386/1288 699/2375/1277 700/2379/1281
f 583/2385/1287 638/2384/1286 625/2387/1289
f 583/2385/1287 625/2387/1289 584/2388/1290
f 584/2388/1290 625/2387/1289 585/2389/1291
f 625/2387/1289 638/2384/1286 673/2390/1292
f 673/2390/1292 638/2384/1286 672/2386/1288
f 585/2389/1291 625/2387/1289 626/2391/1293
f 626/2391/1293 625/2387/1289 673/2390/1292
f 585/2389/1291 626/2391/1293 664/2392/1294
f 664/2392/1294 626/2391/1293 715/2393/1295
f 673/2390/1292 672/2386/1288 684/2394/1296
f 684/2394/1296 672/2386/1288 700/2379/1281
f 626/2391/1293 673/2390/1292 674/2395/1297
f 674/2395/1297 673/2390/1292 684/2394/1296
f 715/2393/1295 626/2391/1293 737/2396/1298
f 737/2396/1298 626/2391/1293 674/2395/1297
f 715/2393/1295 737/2396/1298 738/2397/1299
f 715/2393/1295 738/2397/1299 716/2398/1300
f 716/2398/1300 738/2397/1299 739/2399/1301
f 716/2398/1300 739/2399/1301 717/2400/1302
f 674/2395/1297 684/2394/1296 685/2401/1303
f 737/2396/1298 674/2395/1297 742/2402/1304
f 742/2402/1304 674/2395/1297 685/2401/1303
f 738/2397/1299 737/2396/1298 758/2403/1305
f 758/2403/1305 737/2396/1298 742/2402/1304
f 739/2399/1301 738/2397/1299 759/2404/1306
f 759/2404/1306 738/2397/1299 758/2403/1305
f 739/2399/1301 759/2404/1306 743/2405/1307
f 743/2405/1307 759/2404/1306 750/2406/1308
f 750/2406/1308 759/2404/1306 758/2403/1305
f 750/2406/1308 758/2403/1305 749/2407/1309
f 749/2407/1309 758/2403/1305 742/2402/1304
f 750/2406/1308 749/2407/1309 724/2408/1310
f 692/2409/1311 742/2402/1304 685/2401/1303
f 692/2409/1311 685/2401/1303 684/2394/1296
f 749/2407/1309 742/2402/1304 748/2410/1312
f 748/2410/1312 742/2402/1304 692/2409/1311
f 724/2408/1310 749/2407/1309 723/2411/1313
f 723/2411/1313 749/2407/1309 748/2410/1312
f 724/2408/1310 723/2411/1313 704/2412/1314
f 724/2408/1310 704/2412/1314 696/2413/1315
f 704/2412/1314 723/2411/1313 703/2414/1316
f 704/2412/1314 703/2414/1316 619/2415/1317
f 723/2411/1313 748/2410/1312 722/2416/1318
f 723/2411/1313 722/2416/1318 703/2414/1316
f 722/2416/1318 748/2410/1312 692/2409/1311
f 619/2415/1317 703/2414/1316 695/2417/1319
f 695/2417/1319 703/2414/1316 722/2416/1318
f 619/2415/1317 695/2417/1319 601/2418/1320
f 619/2415/1317 601/2418/1320 505/2419/1321
f 601/2418/1320 695/2417/1319 598/2420/1322
f 601/2418/1320 598/2420/1322 534/2421/1323
f 695/2417/1319 722/2416/1318 636/2422/1324
f 695/2417/1319 636/2422/1324 598/2420/1322
f 636/2422/1324 722/2416/1318 692/2409/1311
f 534/2421/1323 598/2420/1322 594/2423/1325
f 594/2423/1325 598/2420/1322 636/2422/1324
f 534/2421/1323 594/2423/1325 530/2424/1326
f 636/2422/1324 692/2409/1311 635/2425/1327
f 636/2422/1324 635/2425/1327 594/2423/1325
f 530/2424/1326 594/2423/1325 533/2426/1328
f 530/2424/1326 533/2426/1328 459/2427/1329
f 594/2423/1325 635/2425/1327 597/2428/1330
f 594/2423/1325 597/2428/1330 533/2426/1328
f 635/2425/1327 692/2409/1311 691/2429/1331
f 691/2429/1331 692/2409/1311 684/2394/1296
f 691/2429/1331 684/2394/1296 700/2379/1281
f 691/2429/1331 700/2379/1281 690/2430/1332
f 691/2429/1331 690/2430/1332 635/2425/1327
f 690/2430/1332 700/2379/1281 689/2364/1266
f 690/2430/1332 689/2364/1266 658/2363/1265
f 690/2430/1332 658/2363/1265 635/2425/1327
f 635/2425/1327 658/2363/1265 596/2365/1267
f 635/2425/1327 596/2365/1267 597/2428/1330
f 597/2428/1330 596/2365/1267 533/2426/1328
f 533/2426/1328 596/2365/1267 532/2431/1333
f 532/2431/1333 596/2365/1267 531/2369/1271
f 532/2431/1333 531/2369/1271 456/2373/1275
f 533/2426/1328 532/2431/1333 457/2432/1334
f 457/2432/1334 532/2431/1333 456/2373/1275
f 533/2426/1328 457/2432/1334 458/2433/1335
f 533/2426/1328 458/2433/1335 459/2427/1329
f 459/2427/1329 458/2433/1335 378/2434/1336
f 378/2434/1336 458/2433/1335 377/2435/1337
f 378/2434/1336 377/2435/1337 298/2436/1338
f 458/2433/1335 457/2432/1334 376/2437/1339
f 458/2433/1335 376/2437/1339 377/2435/1337
f 377/2435/1337 376/2437/1339 298/2436/1338
f 376/2437/1339 457/2432/1334 456/2373/1275
f 298/2436/1338 376/2437/1339 303/2438/1340
f 303/2438/1340 376/2437/1339 302/2439/1341
f 376/2437/1339 456/2373/1275 375/2440/1342
f 376/2437/1339 375/2440/1342 302/2439/1341
f 375/2440/1342 456/2373/1275 372/2374/1276
f 375/2440/1342 372/2374/1276 302/2439/1341
f 302/2439/1341 372/2374/1276 295/2441/1343
f 571/2442/1284 582/2443/1285 494/2444/1344
f 494/2444/1344 582/2443/1285 510/2445/1345
f 510/2445/1345 582/2443/1285 583/2446/1287
f 494/2444/1344 510/2445/1345 430/2447/1346
f 494/2444/1344 430/2447/1346 437/2448/1347
f 510/2445/1345 583/2446/1287 511/2449/1348
f 510/2445/1345 511/2449/1348 430/2447/1346
f 511/2449/1348 583/2446/1287 512/2450/1349
f 512/2450/1349 583/2446/1287 584/2451/1290
f 512/2450/1349 584/2451/1290 585/2452/1291
f 512/2450/1349 585/2452/1291 513/2453/1350
f 512/2450/1349 513/2453/1350 435/2454/1351
f 347/2455/1352 437/2448/1347 430/2447/1346
f 437/2448/1347 347/2455/1352 352/2456/1353
f 431/2457/1354 430/2447/1346 511/2449/1348
f 431/2457/1354 511/2449/1348 512/2450/1349
f 430/2447/1346 431/2457/1354 347/2455/1352
f 352/2456/1353 347/2455/1352 252/2458/1355
f 512/2450/1349 435/2454/1351 434/2459/1356
f 512/2450/1349 434/2459/1356 431/2457/1354
f 434/2459/1356 435/2454/1351 353/2460/1357
f 353/2460/1357 435/2454/1351 354/2461/1358
f 431/2457/1354 434/2459/1356 348/2462/1359
f 431/2457/1354 348/2462/1359 347/2455/1352
f 348/2462/1359 434/2459/1356 353/2460/1357
f 284/2463/1360 252/2458/1355 347/2455/1352
f 284/2463/1360 347/2455/1352 348/2462/1359
f 348/2462/1359 353/2460/1357 286/2464/1361
f 286/2464/1361 353/2460/1357 354/2461/1358
f 284/2463/1360 348/2462/1359 285/2465/1362
f 285/2465/1362 348/2462/1359 286/2464/1361
f 286/2464/1361 354/2461/1358 287/2466/1363
f 287/2466/1363 354/2461/1358 380/2467/1364
f 286/2464/1361 287/2466/1363 206/2468/1365
f 206/2468/1365 287/2466/1363 178/2469/1366
f 285/2465/1362 286/2464/1361 205/2470/1367
f 205/2470/1367 286/2464/1361 206/2468/1365
f 284/2463/1360 285/2465/1362 204/2471/1368
f 204/2471/1368 285/2465/1362 205/2470/1367
f 203/2472/1369 252/2458/1355 284/2463/1360
f 203/2472/1369 284/2463/1360 204/2471/1368
f 252/2458/1355 203/2472/1369 231/2473/1370
f 231/2473/1370 203/2472/1369 158/2474/1371
f 158/2474/1371 203/2472/1369 129/2475/1372
f 129/2475/1372 203/2472/1369 204/2471/1368
f 158/2474/1371 129/2475/1372 97/2476/1373
f 131/2477/1374 204/2471/1368 205/2470/1367
f 131/2477/1374 205/2470/1367 206/2468/1365
f 129/2475/1372 204/2471/1368 130/2478/1375
f 130/2478/1375 204/2471/1368 131/2477/1374
f 97/2476/1373 129/2475/1372 29/2479/1376
f 29/2479/1376 129/2475/1372 130/2478/1375
f 97/2476/1373 29/2479/1376 2/2480/1377
f 2/2480/1377 29/2479/1376 881/2481/1378
f 881/2481/1378 29/2479/1376 30/2482/1379
f 30/2482/1379 29/2479/1376 130/2478/1375
f 30/2482/1379 130/2478/1375 31/2483/1380
f 31/2483/1380 130/2478/1375 131/2477/1374
f 30/2482/1379 31/2483/1380 882/2484/1381
f 132/2485/1382 131/2477/1374 206/2468/1365
f 131/2477/1374 132/2485/1382 31/2483/1380
f 132/2485/1382 206/2468/1365 178/2469/1366
f 31/2483/1380 132/2485/1382 62/2486/1383
f 31/2483/1380 62/2486/1383 883/2487/1384
f 883/2487/1384 62/2486/1383 3/2488/1385
f 3/2488/1385 62/2486/1383 32/2489/1386
f 32/2489/1386 62/2486/1383 132/2485/1382
f 3/2488/1385 32/2489/1386 940/2490/1387
f 940/2490/1387 32/2489/1386 877/2491/1388
f 877/2491/1388 32/2489/1386 132/2485/1382
f 940/2490/1387 877/2491/1388 873/2492/1389
f 49/2493/1390 132/2485/1382 178/2469/1366
f 132/2485/1382 49/2493/1390 877/2491/1388
f 49/2493/1390 178/2469/1366 179/2494/1391
f 877/2491/1388 49/2493/1390 50/2495/1392
f 50/2495/1392 49/2493/1390 179/2494/1391
f 877/2491/1388 50/2495/1392 873/2492/1389
f 50/2495/1392 179/2494/1391 180/2496/1393
f 873/2492/1389 50/2495/1392 874/2497/1394
f 873/2492/1389 874/2497/1394 986/2498/1395
f 50/2495/1392 180/2496/1393 51/2499/1396
f 50/2495/1392 51/2499/1396 874/2497/1394
f 986/2498/1395 874/2497/1394 878/2500/1397
f 874/2497/1394 51/2499/1396 89/2501/1398
f 874/2497/1394 89/2501/1398 878/2500/1397
f 89/2501/1398 51/2499/1396 180/2496/1393
s off
f 878/2500/1399 89/2501/1400 291/2502/1401
s 22
f 291/2502/1402 89/2501/1398 180/2496/1393
s off
f 878/2500/1403 291/2502/1404 941/2503/1405
s 22
f 291/2502/1402 180/2496/1393 280/2504/1406
f 291/2502/1402 280/2504/1406 401/2505/1407
f 291/2502/1402 401/2505/1407 492/2506/1408
s off
f 291/2502/1409 492/2506/1410 578/2507/1411
s 22
f 291/2502/1412 578/2507/1413 666/2508/1414
f 2/2509/1377 881/2510/1378 916/2511/1415
f 916/2511/1415 881/2510/1378 882/2512/1381
f 882/2512/1381 881/2510/1378 30/2513/1379
f 2/2514/1377 916/2515/1415 11/2516/1416
f 11/2516/1416 916/2515/1415 899/2517/1417
f 899/2517/1417 916/2515/1415 923/2518/1418
f 899/2517/1417 923/2518/1418 927/2519/1419
f 927/2519/1419 923/2518/1418 948/2520/1420
f 927/2519/1419 948/2520/1420 929/2521/1421
f 929/2521/1421 948/2520/1420 955/2522/1422
f 929/2521/1421 955/2522/1422 912/2523/1423
f 955/2522/1422 948/2520/1420 956/2524/1424
f 912/2523/1423 955/2522/1422 934/2525/1425
f 934/2525/1425 955/2522/1422 956/2524/1424
f 912/2523/1423 934/2525/1425 884/2526/1426
f 912/2523/1423 884/2526/1426 17/2527/1427
f 17/2527/1427 884/2526/1426 39/2528/1428
f 884/2526/1426 934/2525/1425 935/2529/1429
f 935/2529/1429 934/2525/1425 956/2524/1424
f 39/2528/1428 884/2526/1426 40/2530/1430
f 949/2531/1431 956/2524/1424 948/2520/1420
f 949/2531/1431 948/2520/1420 923/2518/1418
f 40/2530/1430 884/2526/1426 885/2532/1432
f 885/2532/1432 884/2526/1426 935/2529/1429
f 39/2528/1428 40/2530/1430 126/2533/1433
f 39/2528/1428 126/2533/1433 139/2534/1434
f 40/2530/1430 885/2532/1432 41/2535/1435
f 40/2530/1430 41/2535/1435 126/2533/1433
f 885/2532/1432 935/2529/1429 886/2536/1436
f 885/2532/1432 886/2536/1436 41/2535/1435
f 139/2534/1434 126/2533/1433 227/2537/1437
f 139/2534/1434 227/2537/1437 223/2538/1438
f 223/2538/1438 227/2537/1437 295/2539/1343
f 295/2539/1343 227/2537/1437 302/2540/1341
f 302/2540/1341 227/2537/1437 303/2541/1340
f 146/2542/1439 126/2533/1433 41/2535/1435
f 126/2533/1433 146/2542/1439 227/2537/1437
f 303/2541/1340 227/2537/1437 228/2543/1440
f 228/2543/1440 227/2537/1437 146/2542/1439
f 303/2541/1340 228/2543/1440 229/2544/1441
f 303/2541/1340 229/2544/1441 298/2545/1338
f 298/2545/1338 229/2544/1441 230/2546/1442
f 229/2544/1441 228/2543/1440 142/2547/1443
f 142/2547/1443 228/2543/1440 146/2542/1439
f 229/2544/1441 142/2547/1443 143/2548/1444
f 42/2549/1445 146/2542/1439 41/2535/1435
f 146/2542/1439 42/2549/1445 142/2547/1443
f 143/2548/1444 142/2547/1443 87/2550/1446
f 87/2550/1446 142/2547/1443 42/2549/1445
f 42/2549/1445 41/2535/1435 886/2536/1436
f 42/2549/1445 886/2536/1436 87/2550/1446
f 87/2550/1446 886/2536/1436 20/2551/1447
f 87/2550/1446 20/2551/1447 43/2552/1448
f 20/2551/1447 886/2536/1436 915/2553/1449
f 915/2553/1449 886/2536/1436 936/2554/1450
f 936/2554/1450 886/2536/1436 935/2529/1429
f 915/2553/1449 936/2554/1450 957/2555/1451
f 957/2555/1451 936/2554/1450 935/2529/1429
f 915/2553/1449 957/2555/1451 931/2556/1452
f 957/2555/1451 935/2529/1429 956/2524/1424
f 931/2556/1452 957/2555/1451 951/2557/1453
f 931/2556/1452 951/2557/1453 928/2558/1454
f 957/2555/1451 956/2524/1424 950/2559/1455
f 957/2555/1451 950/2559/1455 951/2557/1453
f 950/2559/1455 956/2524/1424 949/2531/1431
f 928/2558/1454 951/2557/1453 926/2560/1456
f 951/2557/1453 950/2559/1455 925/2561/1457
f 951/2557/1453 925/2561/1457 926/2560/1456
f 925/2561/1457 950/2559/1455 949/2531/1431
f 926/2560/1456 925/2561/1457 920/2562/1458
f 925/2561/1457 949/2531/1431 924/2563/1459
f 925/2561/1457 924/2563/1459 920/2562/1458
f 924/2563/1459 949/2531/1431 923/2518/1418
f 924/2563/1459 923/2518/1418 916/2515/1415
f 924/2563/1459 916/2515/1415 917/2564/1460
f 924/2563/1459 917/2564/1460 920/2562/1458
f 917/2564/1460 916/2515/1415 882/2565/1381
f 917/2564/1460 882/2565/1381 920/2562/1458
f 920/2562/1458 882/2565/1381 883/2566/1384
f 894/2567/1461 926/2560/1456 920/2562/1458
f 894/2567/1461 920/2562/1458 883/2566/1384
f 894/2567/1461 883/2566/1384 3/2568/1385
f 931/2569/1452 928/2570/1454 1066/2571/1462
f 1066/2571/1462 928/2570/1454 1062/2572/1463
f 1062/2572/1463 928/2570/1454 926/2573/1456
f 931/2569/1452 1066/2571/1462 937/2574/1464
f 931/2569/1452 937/2574/1464 915/2575/1449
f 915/2575/1449 937/2574/1464 20/2576/1447
f 20/2576/1447 937/2574/1464 960/2577/1465
f 960/2577/1465 937/2574/1464 1023/2578/1466
f 1023/2578/1466 937/2574/1464 1066/2571/1462
f 1023/2578/1466 1066/2571/1462 1027/2579/1467
f 1070/2580/1468 1066/2571/1462 1062/2572/1463
f 1066/2571/1462 1070/2580/1468 1027/2579/1467
f 1027/2579/1467 1070/2580/1468 1071/2581/1469
f 1027/2579/1467 1071/2581/1469 1028/2582/1470
f 1028/2582/1470 1071/2581/1469 1067/2583/1471
f 1028/2582/1470 1067/2583/1471 1024/2584/1472
f 1024/2584/1472 1067/2583/1471 291/2585/1473
s off
f 1024/2584/1474 291/2585/1475 961/2586/1476
f 961/2586/1477 291/2585/1478 25/2587/1479
s 22
f 291/2585/1473 1067/2583/1471 1063/2588/1480
f 1063/2588/1480 1067/2583/1471 1071/2581/1469
s off
f 1020/2589/1481 941/2590/1482 291/2585/1483
s 22
f 1020/2589/1484 291/2585/1473 1059/2591/1485
f 1059/2591/1485 291/2585/1473 1063/2588/1480
f 1020/2589/1484 1059/2591/1485 1039/2592/1486
f 1063/2588/1480 1071/2581/1469 1075/2593/1487
f 1063/2588/1480 1075/2593/1487 1059/2591/1485
f 1075/2593/1487 1071/2581/1469 1070/2580/1468
f 1075/2593/1487 1070/2580/1468 1074/2594/1488
f 1075/2593/1487 1074/2594/1488 1059/2591/1485
f 1074/2594/1488 1070/2580/1468 1062/2572/1463
f 1039/2592/1486 1059/2591/1485 1058/2595/1489
f 1058/2595/1489 1059/2591/1485 1074/2594/1488
f 1039/2592/1486 1058/2595/1489 1038/2596/1490
f 1038/2596/1490 1058/2595/1489 1019/2597/1491
f 1058/2595/1489 1074/2594/1488 1057/2598/1492
f 1057/2598/1492 1074/2594/1488 1062/2572/1463
f 1058/2595/1489 1057/2598/1492 1019/2597/1491
f 1057/2598/1492 1062/2572/1463 926/2573/1456
f 1019/2597/1491 1057/2598/1492 921/2599/1493
f 921/2599/1493 1057/2598/1492 926/2573/1456
f 1019/2597/1491 921/2599/1493 3/2600/1385
f 921/2599/1493 926/2573/1456 894/2601/1461
f 921/2599/1493 894/2601/1461 3/2600/1385
f 1023/2602/1466 1027/2603/1467 960/2604/1465
f 960/2604/1465 1027/2603/1467 991/2605/1494
f 991/2605/1494 1027/2603/1467 992/2606/1495
f 992/2606/1495 1027/2603/1467 1028/2607/1470
f 992/2606/1495 1028/2607/1470 1024/2608/1472
f 992/2606/1495 1024/2608/1472 961/2609/1496
f 992/2606/1495 961/2609/1496 892/2610/1497
f 892/2610/1497 961/2609/1496 25/2611/1498
f 991/2605/1494 992/2606/1495 891/2612/1499
f 891/2612/1499 992/2606/1495 892/2610/1497
f 24/2613/1500 960/2604/1465 991/2605/1494
f 24/2613/1500 991/2605/1494 891/2612/1499
f 960/2604/1465 24/2613/1500 43/2614/1448
f 960/2604/1465 43/2614/1448 20/2615/1447
f 24/2613/1500 891/2612/1499 111/2616/1501
f 24/2613/1500 111/2616/1501 43/2614/1448
f 891/2612/1499 892/2610/1497 112/2617/1502
f 891/2612/1499 112/2617/1502 111/2616/1501
f 113/2618/1503 892/2610/1497 25/2611/1498
f 892/2610/1497 113/2618/1503 112/2617/1502
f 113/2618/1503 25/2611/1498 291/2619/1504
f 113/2618/1503 291/2619/1504 200/2620/1505
f 112/2617/1502 113/2618/1503 199/2621/1506
f 199/2621/1506 113/2618/1503 200/2620/1505
f 111/2616/1501 112/2617/1502 198/2622/1507
f 198/2622/1507 112/2617/1502 199/2621/1506
f 199/2621/1506 200/2620/1505 311/2623/1508
f 311/2623/1508 200/2620/1505 312/2624/1509
f 312/2624/1509 200/2620/1505 308/2625/1510
f 199/2621/1506 311/2623/1508 307/2626/1511
f 199/2621/1506 307/2626/1511 198/2622/1507
f 111/2616/1501 198/2622/1507 147/2627/1512
f 111/2616/1501 147/2627/1512 43/2614/1448
f 198/2622/1507 307/2626/1511 230/2628/1442
f 198/2622/1507 230/2628/1442 147/2627/1512
f 230/2628/1442 307/2626/1511 304/2629/1513
f 43/2614/1448 147/2627/1512 143/2630/1444
f 143/2630/1444 147/2627/1512 230/2628/1442
f 43/2614/1448 143/2630/1444 87/2631/1446
f 143/2630/1444 230/2628/1442 229/2632/1441
f 883/2633/1384 882/2634/1381 31/2635/1380
f 1019/2636/1491 3/2637/1385 940/2638/1387
f 1019/2636/1491 940/2638/1387 1038/2639/1490
f 1038/2639/1490 940/2638/1387 985/2640/1514
f 985/2640/1514 940/2638/1387 873/2641/1389
f 985/2640/1514 873/2641/1389 986/2642/1395
f 985/2640/1514 986/2642/1395 1038/2639/1490
f 1038/2639/1490 986/2642/1395 1039/2643/1486
f 1039/2643/1486 986/2642/1395 941/2644/1515
f 1039/2643/1486 941/2644/1515 1020/2645/1484
f 941/2644/1515 986/2642/1395 878/2646/1397
f 180/2647/1393 179/2648/1391 276/2649/1516
f 180/2647/1393 276/2649/1516 280/2650/1406
f 280/2650/1406 276/2649/1516 401/2651/1407
f 276/2649/1516 179/2648/1391 275/2652/1517
f 276/2649/1516 275/2652/1517 401/2651/1407
f 275/2652/1517 179/2648/1391 178/2653/1366
f 275/2652/1517 178/2653/1366 279/2654/1518
f 279/2654/1518 178/2653/1366 287/2655/1363
f 279/2654/1518 287/2655/1363 380/2656/1364
f 275/2652/1517 279/2654/1518 400/2657/1519
f 275/2652/1517 400/2657/1519 401/2651/1407
f 279/2654/1518 380/2656/1364 399/2658/1520
f 279/2654/1518 399/2658/1520 400/2657/1519
f 401/2651/1407 400/2657/1519 488/2659/1521
f 401/2651/1407 488/2659/1521 492/2660/1408
f 492/2660/1408 488/2659/1521 578/2661/1413
f 488/2659/1521 400/2657/1519 487/2662/1522
f 487/2662/1522 400/2657/1519 399/2658/1520
f 578/2661/1413 488/2659/1521 606/2663/1523
f 606/2663/1523 488/2659/1521 487/2662/1522
f 578/2661/1413 606/2663/1523 666/2664/1414
f 461/2665/1524 399/2658/1520 380/2656/1364
f 461/2665/1524 380/2656/1364 354/2666/1358
f 461/2665/1524 354/2666/1358 435/2667/1351
f 461/2665/1524 435/2667/1351 513/2668/1350
f 399/2658/1520 461/2665/1524 491/2669/1525
f 491/2669/1525 461/2665/1524 513/2668/1350
f 399/2658/1520 491/2669/1525 487/2662/1522
f 605/2670/1526 606/2663/1523 487/2662/1522
f 605/2670/1526 487/2662/1522 491/2669/1525
f 606/2663/1523 605/2670/1526 666/2664/1414
f 491/2669/1525 513/2668/1350 577/2671/1527
f 491/2669/1525 577/2671/1527 605/2670/1526
f 577/2671/1527 513/2668/1350 585/2672/1291
f 577/2671/1527 585/2672/1291 664/2673/1294
f 605/2670/1526 577/2671/1527 665/2674/1528
f 605/2670/1526 665/2674/1528 666/2664/1414
f 665/2674/1528 577/2671/1527 664/2673/1294
f 666/2664/1414 665/2674/1528 717/2675/1302
f 717/2675/1302 665/2674/1528 716/2676/1300
f 716/2676/1300 665/2674/1528 664/2673/1294
f 716/2676/1300 664/2673/1294 715/2677/1295
f 666/2678/1414 717/2679/1302 291/2680/1412
f 291/2680/1412 717/2679/1302 739/2681/1301
f 291/2680/1412 739/2681/1301 743/2682/1307
f 291/2680/1412 743/2682/1307 750/2683/1308
f 291/2680/1412 750/2683/1308 724/2684/1310
f 291/2680/1412 724/2684/1310 696/2685/1315
s off
f 291/2680/1529 696/2685/1530 602/2686/1531
s 22
f 602/2686/1532 696/2685/1315 704/2687/1314
f 308/2688/1510 200/2689/1505 291/2680/1504
f 308/2688/1510 291/2680/1504 418/2690/1533
f 308/2688/1510 418/2690/1533 312/2691/1509
f 312/2691/1509 418/2690/1533 311/2692/1508
f 602/2686/1532 704/2687/1314 620/2693/1534
f 620/2693/1534 704/2687/1314 619/2694/1317
f 506/2695/1535 291/2680/1504 602/2686/1532
f 291/2680/1504 506/2695/1535 418/2690/1533
f 506/2695/1535 602/2686/1532 620/2693/1534
f 620/2693/1534 619/2694/1317 505/2696/1321
f 620/2693/1534 505/2696/1321 506/2695/1535
f 418/2690/1533 506/2695/1535 417/2697/1536
f 418/2690/1533 417/2697/1536 311/2692/1508
f 417/2697/1536 506/2695/1535 505/2696/1321
f 311/2692/1508 417/2697/1536 416/2698/1537
f 311/2692/1508 416/2698/1537 307/2699/1511
f 417/2697/1536 505/2696/1321 504/2700/1538
f 417/2697/1536 504/2700/1538 416/2698/1537
f 504/2700/1538 505/2696/1321 601/2701/1320
f 307/2699/1511 416/2698/1537 304/2702/1513
f 504/2700/1538 601/2701/1320 459/2703/1329
f 459/2703/1329 601/2701/1320 534/2704/1323
f 459/2703/1329 534/2704/1323 530/2705/1326
f 504/2700/1538 459/2703/1329 394/2706/1539
f 504/2700/1538 394/2706/1539 416/2698/1537
f 416/2698/1537 394/2706/1539 304/2702/1513
f 394/2706/1539 459/2703/1329 378/2707/1336
f 394/2706/1539 378/2707/1336 304/2702/1513
f 304/2702/1513 378/2707/1336 299/2708/1540
f 299/2708/1540 378/2707/1336 298/2709/1338
f 304/2702/1513 299/2708/1540 230/2710/1442
f 230/2710/1442 299/2708/1540 298/2709/1338
s 24
f 771/2711/1541 797/2712/1542 790/2713/1543
f 797/2712/1542 771/2711/1541 780/2714/1544
f 771/2711/1541 790/2713/1543 768/2715/1545
f 797/2712/1542 780/2714/1544 727/2716/1546
f 797/2712/1542 727/2716/1546 790/2713/1543
f 768/2715/1545 790/2713/1543 773/2717/1547
f 768/2715/1545 773/2717/1547 765/2718/1548
f 765/2718/1548 773/2717/1547 697/2719/1549
f 697/2719/1549 773/2717/1547 790/2713/1543
f 765/2718/1548 697/2719/1549 755/2720/1550
f 755/2720/1550 697/2719/1549 729/2721/1551
f 697/2719/1549 790/2713/1543 705/2722/1552
f 705/2722/1552 790/2713/1543 727/2716/1546
f 697/2719/1549 705/2722/1552 726/2723/1553
f 726/2723/1553 705/2722/1552 727/2716/1546
f 729/2721/1551 697/2719/1549 698/2724/1554
f 729/2721/1551 698/2724/1554 706/2725/1555
f 698/2724/1554 697/2719/1549 659/2726/1556
f 659/2726/1556 697/2719/1549 708/2727/1557
f 659/2726/1556 708/2727/1557 698/2724/1554
f 761/2728/1558 727/2716/1546 752/2729/1559
f 752/2729/1559 727/2716/1546 763/2730/1560
f 752/2729/1559 763/2730/1560 761/2728/1558
f 763/2730/1560 727/2716/1546 780/2714/1544
f 761/2728/1558 763/2730/1560 762/2731/1561
f 763/2730/1560 780/2714/1544 770/2732/1562
f 763/2730/1560 770/2732/1562 762/2731/1561
f 762/2731/1561 770/2732/1562 780/2714/1544
f 697/2733/1549 726/2734/1553 707/2735/1563
f 697/2733/1549 707/2735/1563 708/2736/1557
f 707/2735/1563 726/2734/1553 725/2737/1564
f 708/2736/1557 707/2735/1563 753/2738/1565
f 753/2738/1565 707/2735/1563 725/2737/1564
f 725/2737/1564 726/2734/1553 730/2739/1566
f 725/2737/1564 730/2739/1566 753/2738/1565
f 730/2739/1566 726/2734/1553 727/2740/1546
f 730/2739/1566 727/2740/1546 761/2741/1558
f 730/2739/1566 761/2741/1558 751/2742/1567
f 730/2739/1566 751/2742/1567 753/2738/1565
f 751/2742/1567 761/2741/1558 760/2743/1568
f 751/2742/1567 760/2743/1568 753/2738/1565
f 760/2743/1568 761/2741/1558 762/2744/1561
f 760/2743/1568 762/2744/1561 753/2738/1565
f 753/2738/1565 762/2744/1561 766/2745/1569
f 766/2745/1569 762/2744/1561 780/2746/1544
f 766/2745/1569 780/2746/1544 771/2747/1541
f 766/2745/1569 771/2747/1541 772/2748/1570
f 766/2745/1569 772/2748/1570 753/2738/1565
f 772/2748/1570 771/2747/1541 767/2749/1571
f 772/2748/1570 767/2749/1571 753/2738/1565
f 767/2749/1571 771/2747/1541 768/2750/1545
f 767/2749/1571 768/2750/1545 769/2751/1572
f 767/2749/1571 769/2751/1572 753/2738/1565
f 769/2751/1572 768/2750/1545 764/2752/1573
f 769/2751/1572 764/2752/1573 753/2738/1565
f 764/2752/1573 768/2750/1545 765/2753/1548
f 764/2752/1573 765/2753/1548 755/2754/1550
f 764/2752/1573 755/2754/1550 754/2755/1574
f 764/2752/1573 754/2755/1574 753/2738/1565
f 754/2755/1574 755/2754/1550 729/2756/1551
f 753/2738/1565 754/2755/1574 731/2757/1575
f 754/2755/1574 729/2756/1551 732/2758/1576
f 754/2755/1574 732/2758/1576 731/2757/1575
f 732/2758/1576 729/2756/1551 706/2759/1555
s off
f 753/2738/1577 731/2757/1578 728/2760/1579
s 24
f 728/2760/1580 731/2757/1575 732/2758/1576
f 753/2738/1565 728/2760/1580 709/2761/1581
f 753/2738/1565 709/2761/1581 708/2736/1557
f 728/2760/1580 732/2758/1576 710/2762/1582
f 710/2762/1582 732/2758/1576 706/2759/1555
f 728/2760/1580 710/2762/1582 709/2761/1581
f 709/2761/1581 710/2762/1582 708/2736/1557
f 710/2762/1582 706/2759/1555 698/2763/1554
f 710/2762/1582 698/2763/1554 708/2736/1557
s 27
f 520/2764/1583 482/2765/1584 498/2766/1585
f 498/2766/1585 482/2765/1584 467/2767/1586
f 498/2766/1585 467/2767/1586 471/2768/1587
f 471/2768/1587 467/2767/1586 423/2769/1588
f 471/2768/1587 423/2769/1588 427/2770/1589
f 427/2770/1589 423/2769/1588 409/2771/1590
f 471/2768/1587 427/2770/1589 424/2772/1591
f 424/2772/1591 427/2770/1589 409/2771/1590
f 498/2766/1585 471/2768/1587 483/2773/1592
f 521/2774/1593 520/2764/1583 498/2766/1585
f 521/2774/1593 498/2766/1585 483/2773/1592
f 483/2773/1592 471/2768/1587 468/2775/1594
f 468/2775/1594 471/2768/1587 424/2772/1591
f 521/2774/1593 483/2773/1592 496/2776/1595
f 483/2773/1592 468/2775/1594 484/2777/1596
f 483/2773/1592 484/2777/1596 496/2776/1595
f 484/2777/1596 468/2775/1594 469/2778/1597
f 469/2778/1597 468/2775/1594 424/2772/1591
f 496/2776/1595 484/2777/1596 421/2779/1598
f 484/2777/1596 469/2778/1597 446/2780/1599
f 484/2777/1596 446/2780/1599 421/2779/1598
f 469/2778/1597 424/2772/1591 425/2781/1600
f 469/2778/1597 425/2781/1600 446/2780/1599
f 446/2780/1599 425/2781/1600 405/2782/1601
s off
f 446/2780/1602 405/2782/1603 421/2779/1604
s 27
f 425/2781/1600 424/2772/1591 411/2783/1605
f 425/2781/1600 411/2783/1605 405/2782/1601
f 411/2783/1605 424/2772/1591 410/2784/1606
f 410/2784/1606 424/2772/1591 409/2771/1590
f 411/2783/1605 410/2784/1606 367/2785/1607
f 367/2785/1607 410/2784/1606 409/2771/1590
f 405/2782/1601 411/2783/1605 361/2786/1608
f 367/2785/1607 409/2771/1590 366/2787/1609
f 366/2787/1609 409/2771/1590 363/2788/1610
f 366/2787/1609 363/2788/1610 343/2789/1611
f 366/2787/1609 343/2789/1611 367/2785/1607
f 411/2783/1605 367/2785/1607 364/2790/1612
f 411/2783/1605 364/2790/1612 361/2786/1608
f 367/2785/1607 343/2789/1611 344/2791/1613
f 367/2785/1607 344/2791/1613 364/2790/1612
f 344/2791/1613 343/2789/1611 323/2792/1614
f 364/2790/1612 344/2791/1613 339/2793/1615
f 364/2790/1612 339/2793/1615 361/2786/1608
f 344/2791/1613 323/2792/1614 324/2794/1616
f 344/2791/1613 324/2794/1616 339/2793/1615
f 324/2794/1616 323/2792/1614 267/2795/1617
f 267/2795/1617 323/2792/1614 266/2796/1618
f 267/2795/1617 266/2796/1618 236/2797/1619
f 324/2794/1616 267/2795/1617 325/2798/1620
f 324/2794/1616 325/2798/1620 339/2793/1615
f 339/2793/1615 325/2798/1620 319/2799/1621
f 325/2798/1620 267/2795/1617 262/2800/1622
f 325/2798/1620 262/2800/1622 319/2799/1621
f 339/2793/1615 319/2799/1621 332/2801/1623
f 339/2793/1615 332/2801/1623 361/2786/1608
f 332/2801/1623 319/2799/1621 262/2800/1622
f 237/2802/1624 267/2795/1617 236/2797/1619
f 267/2795/1617 237/2802/1624 262/2800/1622
f 237/2802/1624 236/2797/1619 220/2803/1625
f 220/2803/1625 236/2797/1619 219/2804/1626
f 262/2800/1622 237/2802/1624 238/2805/1627
f 238/2805/1627 237/2802/1624 220/2803/1625
f 332/2801/1623 262/2800/1622 260/2806/1628
f 260/2806/1628 262/2800/1622 238/2805/1627
f 220/2803/1625 219/2804/1626 170/2807/1629
f 220/2803/1625 170/2807/1629 171/2808/1630
f 171/2808/1630 170/2807/1629 151/2809/1631
f 171/2808/1630 151/2809/1631 152/2810/1632
f 220/2803/1625 171/2808/1630 172/2811/1633
f 172/2811/1633 171/2808/1630 152/2810/1632
f 220/2803/1625 172/2811/1633 221/2812/1634
f 220/2803/1625 221/2812/1634 238/2805/1627
f 172/2811/1633 152/2810/1632 187/2813/1635
f 172/2811/1633 187/2813/1635 221/2812/1634
f 238/2805/1627 221/2812/1634 215/2814/1636
f 215/2814/1636 221/2812/1634 187/2813/1635
f 238/2805/1627 215/2814/1636 235/2815/1637
s off
f 235/2815/1638 215/2814/1639 187/2813/1640
s 27
f 238/2805/1627 235/2815/1637 260/2806/1628
f 187/2813/1635 152/2810/1632 213/2816/1641
s off
f 187/2813/1642 213/2816/1643 235/2815/1644
s 27
f 213/2816/1641 152/2810/1632 134/2817/1645
f 260/2806/1628 235/2815/1637 258/2818/1646
f 213/2816/1641 134/2817/1645 183/2819/1647
f 183/2819/1647 134/2817/1645 117/2820/1648
f 235/2815/1637 213/2816/1641 234/2821/1649
f 235/2815/1637 234/2821/1649 258/2818/1646
f 213/2816/1641 183/2819/1647 212/2822/1650
f 213/2816/1641 212/2822/1650 234/2821/1649
f 212/2822/1650 183/2819/1647 211/2823/1651
f 211/2823/1651 183/2819/1647 168/2824/1652
f 211/2823/1651 168/2824/1652 210/2825/1653
f 212/2822/1650 211/2823/1651 243/2826/1654
f 212/2822/1650 243/2826/1654 234/2821/1649
f 243/2826/1654 211/2823/1651 210/2825/1653
f 234/2821/1649 243/2826/1654 258/2818/1646
f 209/2827/1655 241/2828/1656 210/2825/1653
f 210/2825/1653 241/2828/1656 243/2826/1654
f 243/2826/1654 241/2828/1656 244/2829/1657
f 244/2829/1657 241/2828/1656 242/2830/1658
f 258/2818/1646 243/2826/1654 292/2831/1659
f 243/2826/1654 244/2829/1657 257/2832/1660
f 243/2826/1654 257/2832/1660 292/2831/1659
f 244/2829/1657 242/2830/1658 315/2833/1661
f 244/2829/1657 315/2833/1661 257/2832/1660
f 315/2833/1661 242/2830/1658 289/2834/1662
f 315/2833/1661 289/2834/1662 327/2835/1663
f 292/2831/1659 257/2832/1660 316/2836/1664
f 316/2836/1664 257/2832/1660 315/2833/1661
f 328/2837/1665 258/2818/1646 292/2831/1659
f 328/2837/1665 292/2831/1659 316/2836/1664
f 258/2818/1646 328/2837/1665 317/2838/1666
f 258/2818/1646 317/2838/1666 260/2806/1628
f 260/2806/1628 317/2838/1666 330/2839/1667
f 330/2839/1667 317/2838/1666 328/2837/1665
f 260/2806/1628 330/2839/1667 332/2801/1623
f 332/2801/1623 330/2839/1667 337/2840/1668
f 337/2840/1668 330/2839/1667 328/2837/1665
f 332/2801/1623 337/2840/1668 361/2786/1608
f 361/2786/1608 337/2840/1668 359/2841/1669
f 359/2841/1669 337/2840/1668 328/2837/1665
f 361/2786/1608 359/2841/1669 405/2782/1601
f 336/2842/1670 328/2837/1665 316/2836/1664
f 336/2842/1670 316/2836/1664 315/2833/1661
f 359/2841/1669 328/2837/1665 335/2843/1671
f 335/2843/1671 328/2837/1665 336/2842/1670
f 405/2782/1601 359/2841/1669 388/2844/1672
f 388/2844/1672 359/2841/1669 335/2843/1671
f 405/2782/1601 388/2844/1672 421/2779/1598
f 336/2842/1670 315/2833/1661 358/2845/1673
f 336/2842/1670 358/2845/1673 335/2843/1671
f 421/2779/1598 388/2844/1672 445/2846/1674
f 421/2779/1598 445/2846/1674 496/2776/1595
f 388/2844/1672 335/2843/1671 402/2847/1675
f 388/2844/1672 402/2847/1675 445/2846/1674
f 335/2843/1671 358/2845/1673 357/2848/1676
f 335/2843/1671 357/2848/1676 402/2847/1675
f 356/2849/1677 358/2845/1673 315/2833/1661
f 358/2845/1673 356/2849/1677 357/2848/1676
f 356/2849/1677 315/2833/1661 327/2835/1663
f 357/2848/1676 356/2849/1677 334/2850/1678
f 334/2850/1678 356/2849/1677 327/2835/1663
f 357/2848/1676 334/2850/1678 402/2847/1675
f 334/2850/1678 327/2835/1663 314/2851/1679
f 402/2847/1675 334/2850/1678 387/2852/1680
f 334/2850/1678 314/2851/1679 355/2853/1681
f 334/2850/1678 355/2853/1681 387/2852/1680
f 355/2853/1681 314/2851/1679 326/2854/1682
f 355/2853/1681 326/2854/1682 333/2855/1683
f 387/2852/1680 355/2853/1681 386/2856/1684
f 387/2852/1680 386/2856/1684 402/2847/1675
f 402/2847/1675 386/2856/1684 442/2857/1685
f 442/2857/1685 386/2856/1684 439/2858/1686
f 402/2847/1675 442/2857/1685 445/2846/1674
s off
f 445/2846/1687 442/2857/1688 515/2859/1689
f 515/2859/1690 442/2857/1691 463/2860/1692
s 27
f 445/2846/1674 515/2859/1693 517/2861/1694
f 445/2846/1674 517/2861/1694 496/2776/1595
f 496/2776/1595 517/2861/1694 521/2774/1593
f 521/2774/1593 517/2861/1694 565/2862/1695
f 521/2774/1593 565/2862/1695 520/2764/1583
f 520/2764/1583 565/2862/1695 564/2863/1696
f 565/2862/1695 517/2861/1694 561/2864/1697
f 561/2864/1697 517/2861/1694 515/2859/1693
f 564/2863/1696 565/2862/1695 560/2865/1698
f 560/2865/1698 565/2862/1695 561/2864/1697
f 564/2863/1696 560/2865/1698 559/2866/1699
f 561/2864/1697 515/2859/1693 555/2867/1700
f 561/2864/1697 555/2867/1700 560/2865/1698
f 555/2867/1700 515/2859/1693 544/2868/1701
f 560/2865/1698 555/2867/1700 554/2869/1702
f 560/2865/1698 554/2869/1702 559/2866/1699
f 554/2869/1702 555/2867/1700 543/2870/1703
f 554/2869/1702 543/2870/1703 573/2871/1704
f 554/2869/1702 573/2871/1704 559/2866/1699
f 559/2866/1699 573/2871/1704 553/2872/1705
f 151/2873/1631 170/2874/1629 137/2875/1706
f 137/2875/1706 170/2874/1629 150/2876/1707
f 137/2875/1706 150/2876/1707 119/2877/1708
f 151/2873/1631 137/2875/1706 120/2878/1709
f 120/2878/1709 137/2875/1706 119/2877/1708
f 151/2873/1631 120/2878/1709 134/2879/1645
f 151/2873/1631 134/2879/1645 152/2880/1632
f 120/2878/1709 119/2877/1708 105/2881/1710
f 105/2881/1710 119/2877/1708 104/2882/1711
f 134/2879/1645 120/2878/1709 106/2883/1712
f 106/2883/1712 120/2878/1709 105/2881/1710
f 134/2879/1645 106/2883/1712 117/2884/1648
f 105/2881/1710 104/2882/1711 80/2885/1713
f 117/2884/1648 106/2883/1712 100/2886/1714
f 100/2886/1714 106/2883/1712 105/2881/1710
f 100/2886/1714 105/2881/1710 81/2887/1715
f 81/2887/1715 105/2881/1710 80/2885/1713
f 100/2886/1714 81/2887/1715 79/2888/1716
f 100/2886/1714 79/2888/1716 99/2889/1717
f 99/2889/1717 79/2888/1716 73/2890/1718
f 73/2890/1718 79/2888/1716 78/2891/1719
f 78/2891/1719 79/2888/1716 81/2887/1715
f 78/2891/1719 81/2887/1715 80/2885/1713
f 78/2891/1719 80/2885/1713 77/2892/1720
s off
f 78/2891/1721 77/2892/1722 71/2893/1723
f 78/2891/1724 71/2893/1725 72/2894/1726
s 27
f 183/2895/1647 117/2896/1648 100/2897/1714
f 183/2895/1647 100/2897/1714 168/2898/1652
f 168/2898/1652 100/2897/1714 99/2899/1717
s off
f 168/2898/1727 99/2899/1728 163/2900/1729
s 27
f 209/2901/1655 210/2902/1653 168/2898/1652
f 209/2901/1655 168/2898/1652 208/2903/1730
f 208/2903/1730 168/2898/1652 163/2900/1731
f 209/2901/1655 208/2903/1730 241/2904/1656
s off
f 163/2900/1732 99/2899/1733 162/2905/1734
s 27
f 163/2900/1731 162/2905/1735 208/2903/1730
f 241/2904/1656 208/2903/1730 256/2906/1736
f 241/2904/1656 256/2906/1736 242/2907/1658
f 242/2907/1658 256/2906/1736 289/2908/1662
f 289/2908/1662 256/2906/1736 314/2909/1679
f 289/2908/1662 314/2909/1679 327/2910/1663
f 256/2906/1736 208/2903/1730 240/2911/1737
f 256/2906/1736 240/2911/1737 314/2909/1679
f 240/2911/1737 208/2903/1730 232/2912/1738
f 232/2912/1738 208/2903/1730 162/2905/1735
f 314/2909/1679 240/2911/1737 255/2913/1739
f 255/2913/1739 240/2911/1737 232/2912/1738
f 255/2913/1739 232/2912/1738 162/2905/1735
f 314/2909/1679 255/2913/1739 326/2914/1682
f 326/2914/1682 255/2913/1739 313/2915/1740
f 313/2915/1740 255/2913/1739 162/2905/1735
f 326/2914/1682 313/2915/1740 333/2916/1683
f 333/2916/1683 313/2915/1740 439/2917/1686
f 439/2917/1686 313/2915/1740 162/2905/1735
f 333/2916/1683 439/2917/1686 355/2918/1681
f 355/2918/1681 439/2917/1686 386/2919/1684
f 96/2920/1741 544/2921/1701 162/2905/1735
s off
f 96/2920/1742 162/2905/1743 99/2899/1744
s 27
f 544/2921/1701 96/2920/1741 94/2922/1745
f 96/2920/1741 99/2899/1717 73/2923/1718
f 94/2922/1745 96/2920/1741 60/2924/1746
f 60/2924/1746 96/2920/1741 73/2923/1718
f 94/2922/1745 60/2924/1746 56/2925/1747
f 60/2924/1746 73/2923/1718 59/2926/1748
f 60/2924/1746 59/2926/1748 56/2925/1747
f 78/2927/1719 72/2928/1749 73/2923/1718
f 73/2923/1718 72/2928/1749 59/2926/1748
s off
f 59/2926/1750 72/2928/1751 71/2929/1752
s 27
f 59/2926/1748 71/2929/1753 54/2930/1754
f 59/2926/1748 54/2930/1754 55/2931/1755
f 59/2926/1748 55/2931/1755 56/2925/1747
f 55/2931/1755 54/2930/1754 92/2932/1756
f 93/2933/1757 94/2922/1745 56/2925/1747
f 93/2933/1757 56/2925/1747 55/2931/1755
f 93/2933/1757 55/2931/1755 92/2932/1756
f 94/2922/1745 93/2933/1757 540/2934/1758
f 93/2933/1757 92/2932/1756 539/2935/1759
f 539/2936/1759 92/2937/1756 538/2938/1760
f 539/2939/1759 538/2940/1760 569/2941/1761
f 539/2939/1759 569/2941/1761 543/2942/1703
f 543/2942/1703 569/2941/1761 573/2943/1704
f 539/2939/1759 543/2942/1703 540/2944/1758
f 540/2944/1758 543/2942/1703 544/2945/1701
f 544/2945/1701 543/2942/1703 555/2946/1700
f 569/2947/1761 538/2948/1760 553/2949/1705
f 540/2950/1758 93/2951/1757 539/2952/1759
f 569/2953/1761 553/2954/1705 573/2955/1704
f 544/2956/1701 94/2957/1745 540/2958/1758
f 544/2959/1701 515/2960/1693 463/2961/1762
f 544/2959/1701 463/2961/1762 162/2962/1735
f 463/2963/1762 442/2964/1685 439/2965/1686
f 463/2963/1762 439/2965/1686 162/2966/1735
s 33
f 1412/2967/1763 1411/2968/1764 1416/2969/1765
f 1416/2969/1765 1411/2968/1764 1596/2970/1766
f 1416/2969/1765 1596/2970/1766 1597/2971/1767
f 1596/2970/1766 1411/2968/1764 1592/2972/1768
f 1416/2969/1765 1597/2971/1767 1417/2973/1769
f 1416/2969/1765 1417/2973/1769 1412/2967/1763
f 1417/2973/1769 1597/2971/1767 1593/2974/1770
f 1412/2967/1763 1417/2973/1769 1413/2975/1771
f 1413/2975/1771 1417/2973/1769 1593/2974/1770
f 1412/2967/1763 1413/2975/1771 1411/2968/1764
f 1413/2975/1771 1593/2974/1770 1399/2976/1772
f 1411/2968/1764 1413/2975/1771 1395/2977/1773
f 1395/2977/1773 1413/2975/1771 1399/2976/1772
f 1398/2978/1774 1592/2972/1768 1411/2968/1764
f 1592/2972/1768 1398/2978/1774 1575/2979/1775
f 1398/2978/1774 1411/2968/1764 1394/2980/1776
f 1394/2980/1776 1411/2968/1764 1395/2977/1773
s off
f 1575/2979/1777 1398/2978/1778 1373/2981/1779
s 33
f 1575/2979/1775 1373/2981/1780 1289/2982/1781
f 1398/2978/1774 1394/2980/1776 1369/2983/1782
s off
f 1398/2978/1783 1369/2983/1784 1373/2981/1785
s 33
f 1394/2980/1776 1395/2977/1773 1365/2984/1786
f 1394/2980/1776 1365/2984/1786 1369/2983/1782
f 1365/2984/1786 1395/2977/1773 1366/2985/1787
f 1373/2981/1780 1369/2983/1782 1348/2986/1788
f 1373/2981/1780 1348/2986/1788 1289/2982/1781
f 1369/2983/1782 1365/2984/1786 1343/2987/1789
f 1369/2983/1782 1343/2987/1789 1348/2986/1788
f 1365/2984/1786 1366/2985/1787 1344/2988/1790
f 1365/2984/1786 1344/2988/1790 1343/2987/1789
f 1366/2985/1787 1395/2977/1773 1370/2989/1791
f 1366/2985/1787 1370/2989/1791 1344/2988/1790
f 1370/2989/1791 1395/2977/1773 1399/2976/1772
f 1370/2989/1791 1399/2976/1772 1374/2990/1792
f 1344/2988/1790 1370/2989/1791 1349/2991/1793
f 1349/2991/1793 1370/2989/1791 1374/2990/1792
f 1344/2988/1790 1349/2991/1793 1343/2987/1789
f 1343/2987/1789 1349/2991/1793 1348/2986/1788
f 1349/2991/1793 1374/2990/1792 1291/2992/1794
f 1348/2986/1788 1349/2991/1793 1290/2993/1795
f 1348/2986/1788 1290/2993/1795 1289/2982/1781
f 1290/2993/1795 1349/2991/1793 1291/2992/1794
f 1289/2982/1781 1290/2993/1795 1114/2994/1796
f 1114/2994/1796 1290/2993/1795 1291/2992/1794
f 1289/2982/1781 1114/2994/1796 1113/2995/1797
f 1114/2994/1796 1291/2992/1794 1115/2996/1798
f 1113/2995/1797 1114/2994/1796 1093/2997/1799
f 1113/2995/1797 1093/2997/1799 1092/2998/1800
f 1092/2998/1800 1093/2997/1799 1096/2999/1801
f 1093/2997/1799 1114/2994/1796 1097/3000/1802
f 1093/2997/1799 1097/3000/1802 1096/2999/1801
f 1114/2994/1796 1115/2996/1798 1119/3001/1803
f 1114/2994/1796 1119/3001/1803 1097/3000/1802
f 1120/3002/1804 1115/2996/1798 1291/2992/1794
f 1115/2996/1798 1120/3002/1804 1119/3001/1803
f 1120/3002/1804 1291/2992/1794 1182/3003/1805
f 1120/3002/1804 1182/3003/1805 1186/3004/1806
f 1120/3002/1804 1186/3004/1806 1119/3001/1803
f 1119/3001/1803 1186/3004/1806 1097/3000/1802
f 1097/3000/1802 1186/3004/1806 1096/2999/1801
f 1096/2999/1801 1186/3004/1806 1185/3005/1807
f 1593/3006/1770 1597/3007/1767 1707/3008/1808
f 1707/3008/1808 1597/3007/1767 1706/3009/1809
f 1706/3009/1809 1597/3007/1767 1596/3010/1766
f 1706/3009/1809 1596/3010/1766 1592/3011/1768
f 1706/3009/1809 1592/3011/1768 1575/3012/1775
f 1707/3008/1808 1706/3009/1809 1708/3013/1810
f 1707/3008/1808 1708/3013/1810 1593/3006/1770
f 1593/3006/1770 1708/3013/1810 1576/3014/1811
f 1593/3006/1770 1576/3014/1811 1399/3015/1772
f 1399/3015/1772 1576/3014/1811 1374/3016/1792
f 1576/3014/1811 1708/3013/1810 1638/3017/1812
f 1638/3017/1812 1708/3013/1810 1706/3009/1809
f 1374/3016/1792 1576/3014/1811 1291/3018/1794
f 1637/3019/1813 1706/3009/1809 1575/3012/1775
f 1706/3009/1809 1637/3019/1813 1638/3017/1812
f 1637/3019/1813 1575/3012/1775 1579/3020/1814
f 1579/3020/1814 1575/3012/1775 1289/3021/1781
f 1637/3019/1813 1579/3020/1814 1641/3022/1815
f 1637/3019/1813 1641/3022/1815 1638/3017/1812
f 1641/3022/1815 1579/3020/1814 1584/3023/1816
f 1638/3017/1812 1641/3022/1815 1642/3024/1817
f 1642/3024/1817 1641/3022/1815 1584/3023/1816
f 1580/3025/1818 1576/3014/1811 1638/3017/1812
f 1580/3025/1818 1638/3017/1812 1642/3024/1817
f 1576/3014/1811 1580/3025/1818 1291/3018/1794
f 1642/3024/1817 1584/3023/1816 1585/3026/1819
f 1642/3024/1817 1585/3026/1819 1580/3025/1818
f 1291/3018/1794 1580/3025/1818 1586/3027/1820
f 1586/3027/1820 1580/3025/1818 1585/3026/1819
f 1291/3018/1794 1586/3027/1820 1555/3028/1821
f 1555/3028/1821 1586/3027/1820 1585/3026/1819
f 1585/3026/1819 1584/3023/1816 1554/3029/1822
f 1585/3026/1819 1554/3029/1822 1555/3028/1821
f 1554/3029/1822 1584/3023/1816 1553/3030/1823
f 1554/3029/1822 1553/3030/1823 1503/3031/1824
f 1291/3018/1794 1555/3028/1821 1500/3032/1825
f 1500/3032/1825 1555/3028/1821 1554/3029/1822
f 1291/3018/1794 1500/3032/1825 1182/3033/1805
f 1554/3029/1822 1503/3031/1824 1504/3034/1826
f 1554/3029/1822 1504/3034/1826 1500/3032/1825
f 1500/3032/1825 1504/3034/1826 1182/3033/1805
f 1504/3034/1826 1503/3031/1824 1185/3035/1807
f 1182/3033/1805 1504/3034/1826 1186/3036/1806
f 1186/3036/1806 1504/3034/1826 1185/3035/1807
f 1579/3037/1814 1289/3038/1781 1584/3039/1816
f 1584/3039/1816 1289/3038/1781 1553/3040/1823
f 1553/3040/1823 1289/3038/1781 1499/3041/1827
f 1553/3040/1823 1499/3041/1827 1503/3042/1824
f 1503/3042/1824 1499/3041/1827 1181/3043/1828
f 1181/3043/1828 1499/3041/1827 1289/3038/1781
f 1503/3042/1824 1181/3043/1828 1185/3044/1807
f 1181/3043/1828 1289/3038/1781 1118/3045/1829
f 1181/3043/1828 1118/3045/1829 1185/3044/1807
f 1118/3045/1829 1289/3038/1781 1113/3046/1797
f 1185/3044/1807 1118/3045/1829 1096/3047/1801
f 1118/3045/1829 1113/3046/1797 1092/3048/1800
f 1118/3045/1829 1092/3048/1800 1096/3047/1801
s 36
f 1696/3049/1830 1690/3050/1831 1803/3051/1832
f 1696/3049/1830 1803/3051/1832 1700/3052/1833
f 1696/3049/1830 1700/3052/1833 1690/3050/1831
f 1700/3052/1833 1803/3051/1832 1701/3053/1834
f 1700/3052/1833 1701/3053/1834 1690/3050/1831
f 1701/3053/1834 1803/3051/1832 1808/3054/1835
f 1701/3053/1834 1808/3054/1835 1702/3055/1836
f 1701/3053/1834 1702/3055/1836 1690/3050/1831
f 1702/3055/1836 1808/3054/1835 1805/3056/1837
f 1702/3055/1836 1805/3056/1837 1697/3057/1838
f 1702/3055/1836 1697/3057/1838 1690/3050/1831
f 1697/3057/1838 1805/3056/1837 1806/3058/1839
f 1697/3057/1838 1806/3058/1839 1691/3059/1840
f 1690/3050/1831 1697/3057/1838 1686/3060/1841
f 1690/3050/1831 1686/3060/1841 1794/3061/1842
f 1697/3057/1838 1691/3059/1840 1687/3062/1843
f 1687/3062/1843 1691/3059/1840 1796/3063/1844
f 1687/3062/1843 1796/3063/1844 1683/3064/1845
f 1697/3057/1838 1687/3062/1843 1682/3065/1846
f 1697/3057/1838 1682/3065/1846 1686/3060/1841
f 1682/3065/1846 1687/3062/1843 1683/3064/1845
f 1686/3060/1841 1682/3065/1846 1794/3061/1842
f 1682/3065/1846 1683/3064/1845 1679/3066/1847
f 1794/3061/1842 1682/3065/1846 1790/3067/1848
f 1682/3065/1846 1679/3066/1847 1678/3068/1849
f 1682/3065/1846 1678/3068/1849 1790/3067/1848
f 1790/3067/1848 1678/3068/1849 1679/3066/1847
f 1808/3069/1835 1803/3070/1832 1804/3071/1850
f 1808/3069/1835 1804/3071/1850 1805/3072/1837
f 1804/3071/1850 1803/3070/1832 1799/3073/1851
f 1799/3073/1851 1803/3070/1832 1690/3074/1831
f 1799/3073/1851 1690/3074/1831 1794/3075/1842
f 1804/3071/1850 1799/3073/1851 1847/3076/1852
f 1804/3071/1850 1847/3076/1852 1805/3072/1837
f 1799/3073/1851 1794/3075/1842 1795/3077/1853
f 1799/3073/1851 1795/3077/1853 1847/3076/1852
f 1795/3077/1853 1794/3075/1842 1790/3078/1848
f 1805/3072/1837 1847/3076/1852 1800/3079/1854
f 1800/3079/1854 1847/3076/1852 1795/3077/1853
f 1805/3072/1837 1800/3079/1854 1806/3080/1839
f 1806/3080/1839 1800/3079/1854 1691/3081/1840
f 1691/3081/1840 1800/3079/1854 1796/3082/1844
f 1796/3082/1844 1800/3079/1854 1795/3077/1853
f 1796/3082/1844 1795/3077/1853 1683/3083/1845
f 1683/3083/1845 1795/3077/1853 1790/3078/1848
f 1683/3083/1845 1790/3078/1848 1679/3084/1847
s 37
f 967/3085/1855 966/3086/1856 972/3087/1857
f 966/3086/1856 967/3085/1855 962/3088/1858
f 967/3085/1855 972/3087/1857 968/3089/1859
f 962/3088/1858 967/3085/1855 963/3090/1860
f 963/3090/1860 967/3085/1855 968/3089/1859
f 962/3088/1858 963/3090/1860 994/3091/1861
f 962/3088/1858 994/3091/1861 966/3086/1856
f 963/3090/1860 968/3089/1859 964/3092/1862
f 964/3092/1862 968/3089/1859 969/3093/1863
f 968/3089/1859 972/3087/1857 976/3094/1864
f 968/3089/1859 976/3094/1864 969/3093/1863
f 1006/3095/1865 972/3087/1857 966/3086/1856
f 972/3087/1857 1006/3095/1865 976/3094/1864
f 969/3093/1863 976/3094/1864 970/3096/1866
f 969/3093/1863 970/3096/1866 964/3092/1862
f 970/3096/1866 976/3094/1864 971/3097/1867
f 995/3098/1868 963/3090/1860 964/3092/1862
f 963/3090/1860 995/3098/1868 994/3091/1861
f 964/3092/1862 970/3096/1866 965/3099/1869
f 965/3099/1869 970/3096/1866 971/3097/1867
f 964/3092/1862 965/3099/1869 996/3100/1870
f 995/3098/1868 964/3092/1862 993/3101/1871
f 993/3101/1871 964/3092/1862 996/3100/1870
f 996/3100/1870 965/3099/1869 997/3102/1872
f 997/3102/1872 965/3099/1869 971/3097/1867
f 993/3101/1871 996/3100/1870 1043/3103/1873
f 1043/3103/1873 996/3100/1870 997/3102/1872
f 995/3098/1868 993/3101/1871 1041/3104/1874
f 1016/3105/1875 971/3097/1867 976/3094/1864
f 1016/3105/1875 976/3094/1864 1009/3106/1876
f 971/3097/1867 1016/3105/1875 1030/3107/1877
f 1009/3106/1876 976/3094/1864 1006/3095/1865
f 1009/3106/1876 1006/3095/1865 1014/3108/1878
f 1014/3108/1878 1006/3095/1865 1012/3109/1879
f 1012/3109/1879 1006/3095/1865 1011/3110/1880
f 971/3097/1867 1030/3107/1877 999/3111/1881
f 971/3097/1867 999/3111/1881 997/3102/1872
s off
f 999/3111/1882 1030/3107/1883 1047/3112/1884
s 37
f 999/3111/1881 1047/3112/1885 1045/3113/1886
f 999/3111/1881 1045/3113/1886 997/3102/1872
f 1011/3110/1880 1006/3095/1865 1010/3114/1887
f 1011/3110/1880 1010/3114/1887 1031/3115/1888
f 1010/3114/1887 1006/3095/1865 966/3086/1856
f 1031/3115/1888 1010/3114/1887 1029/3116/1889
f 1010/3114/1887 966/3086/1856 998/3117/1890
f 1010/3114/1887 998/3117/1890 1029/3116/1889
f 998/3117/1890 966/3086/1856 994/3091/1861
s off
f 1029/3116/1891 998/3117/1892 1046/3118/1893
f 1046/3118/1894 998/3117/1895 1044/3119/1896
s 37
f 1044/3119/1897 998/3117/1890 994/3091/1861
s off
f 1046/3118/1898 1044/3119/1899 1076/3120/1900
f 1076/3120/1901 1044/3119/1902 1088/3121/1903
s 37
f 1044/3119/1897 994/3091/1861 1040/3122/1904
f 1040/3122/1904 994/3091/1861 995/3098/1868
f 1040/3122/1904 995/3098/1868 1041/3104/1874
f 1044/3119/1897 1040/3122/1904 1083/3123/1905
f 1044/3119/1897 1083/3123/1905 1088/3121/1906
f 1040/3122/1904 1041/3104/1874 1084/3124/1907
f 1040/3122/1904 1084/3124/1907 1083/3123/1905
f 1084/3124/1907 1041/3104/1874 1042/3125/1908
f 1042/3125/1908 1041/3104/1874 993/3101/1871
f 1042/3125/1908 993/3101/1871 1043/3103/1873
f 1084/3124/1907 1042/3125/1908 1085/3126/1909
f 1085/3126/1909 1042/3125/1908 1043/3103/1873
f 1083/3123/1905 1084/3124/1907 1099/3127/1910
f 1099/3127/1910 1084/3124/1907 1085/3126/1909
f 1125/3128/1911 1088/3121/1906 1083/3123/1905
s off
f 1088/3121/1912 1125/3128/1913 1128/3129/1914
f 1128/3129/1915 1125/3128/1916 1206/3130/1917
s 37
f 1206/3130/1918 1125/3128/1911 1170/3131/1919
f 1125/3128/1911 1083/3123/1905 1098/3132/1920
f 1125/3128/1911 1098/3132/1920 1170/3131/1919
f 1098/3132/1920 1083/3123/1905 1099/3127/1910
f 1170/3131/1919 1098/3132/1920 1171/3133/1921
f 1171/3133/1921 1098/3132/1920 1099/3127/1910
f 1171/3133/1921 1099/3127/1910 1100/3134/1922
f 1100/3134/1922 1099/3127/1910 1085/3126/1909
f 1171/3133/1921 1100/3134/1922 1172/3135/1923
f 1100/3134/1922 1085/3126/1909 1086/3136/1924
f 1086/3136/1924 1085/3126/1909 1043/3103/1873
f 1172/3135/1923 1100/3134/1922 1101/3137/1925
f 1101/3137/1925 1100/3134/1922 1086/3136/1924
f 1172/3135/1923 1101/3137/1925 1173/3138/1926
f 1086/3136/1924 1043/3103/1873 1045/3113/1886
f 1045/3113/1886 1043/3103/1873 997/3102/1872
f 1101/3137/1925 1086/3136/1924 1126/3139/1927
f 1101/3137/1925 1126/3139/1927 1173/3138/1926
f 1173/3138/1926 1126/3139/1927 1207/3140/1928
f 1086/3136/1924 1045/3113/1886 1087/3141/1929
f 1086/3136/1924 1087/3141/1929 1126/3139/1927
f 1087/3141/1929 1045/3113/1886 1089/3142/1930
f 1207/3140/1928 1126/3139/1927 1127/3143/1931
f 1127/3143/1931 1126/3139/1927 1087/3141/1929
f 1127/3143/1931 1087/3141/1929 1089/3142/1930
f 1127/3143/1931 1089/3142/1930 1129/3144/1932
f 1127/3143/1931 1129/3144/1932 1208/3145/1933
s off
f 1076/3146/1934 1088/3147/1935 1102/3148/1936
f 1102/3148/1937 1088/3147/1938 1128/3149/1939
f 1102/3148/1940 1128/3149/1941 1231/3150/1942
s 37
f 1076/3146/1943 1102/3148/1944 1078/3151/1945
f 1076/3146/1943 1078/3151/1945 1046/3152/1946
f 1133/3153/1947 1102/3148/1944 1257/3154/1948
f 1102/3148/1944 1133/3153/1947 1078/3151/1945
f 1078/3151/1945 1133/3153/1947 1135/3155/1949
f 1078/3151/1945 1135/3155/1949 1136/3156/1950
f 1046/3152/1946 1078/3151/1945 1048/3157/1951
f 1046/3152/1946 1048/3157/1951 1029/3158/1889
f 1029/3158/1889 1048/3157/1951 1031/3159/1888
f 1048/3157/1951 1078/3151/1945 1081/3160/1952
f 1081/3160/1952 1078/3151/1945 1136/3156/1950
f 1031/3159/1888 1048/3157/1951 1052/3161/1953
f 1052/3161/1953 1048/3157/1951 1081/3160/1952
f 1081/3160/1952 1136/3156/1950 1082/3162/1954
f 1081/3160/1952 1082/3162/1954 1052/3161/1953
f 1082/3162/1954 1136/3156/1950 1137/3163/1955
f 1082/3162/1954 1137/3163/1955 1138/3164/1956
f 1031/3159/1888 1052/3161/1953 1034/3165/1957
f 1031/3159/1888 1034/3165/1957 1011/3166/1880
f 1011/3166/1880 1034/3165/1957 1012/3167/1879
f 1034/3165/1957 1052/3161/1953 1049/3168/1958
f 1049/3168/1958 1052/3161/1953 1082/3162/1954
f 1012/3167/1879 1034/3165/1957 1035/3169/1959
f 1035/3169/1959 1034/3165/1957 1049/3168/1958
f 1012/3167/1879 1035/3169/1959 1014/3170/1878
f 1079/3171/1960 1082/3162/1954 1138/3164/1956
f 1082/3162/1954 1079/3171/1960 1049/3168/1958
f 1079/3171/1960 1138/3164/1956 1134/3172/1961
f 1035/3169/1959 1049/3168/1958 1050/3173/1962
f 1050/3173/1962 1049/3168/1958 1079/3171/1960
f 1014/3170/1878 1035/3169/1959 1015/3174/1963
f 1014/3170/1878 1015/3174/1963 1009/3175/1876
f 1009/3175/1876 1015/3174/1963 1016/3176/1875
f 1015/3174/1963 1035/3169/1959 1032/3177/1964
f 1015/3174/1963 1032/3177/1964 1016/3176/1875
f 1032/3177/1964 1035/3169/1959 1050/3173/1962
f 1016/3176/1875 1032/3177/1964 1033/3178/1965
f 1016/3176/1875 1033/3178/1965 1030/3179/1877
f 1030/3179/1877 1033/3178/1965 1047/3180/1885
f 1033/3178/1965 1032/3177/1964 1051/3181/1966
f 1051/3181/1966 1032/3177/1964 1050/3173/1962
f 1033/3178/1965 1051/3181/1966 1047/3180/1885
f 1051/3181/1966 1050/3173/1962 1079/3171/1960
f 1051/3181/1966 1079/3171/1960 1080/3182/1967
f 1047/3180/1885 1051/3181/1966 1077/3183/1968
f 1077/3183/1968 1051/3181/1966 1080/3182/1967
f 1047/3180/1885 1077/3183/1968 1045/3184/1886
f 1080/3182/1967 1079/3171/1960 1103/3185/1969
f 1080/3182/1967 1103/3185/1969 1077/3183/1968
f 1077/3183/1968 1103/3185/1969 1045/3184/1886
f 1103/3185/1969 1079/3171/1960 1134/3172/1961
f 1103/3185/1969 1134/3172/1961 1261/3186/1970
f 1045/3184/1886 1103/3185/1969 1089/3187/1930
f 1089/3187/1930 1103/3185/1969 1232/3188/1971
s off
f 1089/3187/1972 1232/3188/1973 1129/3189/1974
f 1128/3190/1975 1206/3191/1976 1334/3192/1977
f 1334/3192/1978 1206/3191/1979 1418/3193/1980
f 1128/3190/1981 1334/3192/1982 1231/3194/1983
s 37
f 1334/3192/1984 1418/3193/1985 1336/3195/1986
f 1334/3192/1984 1336/3195/1986 1231/3194/1987
f 1336/3195/1986 1418/3193/1985 1429/3196/1988
f 1429/3196/1988 1418/3193/1985 1513/3197/1989
f 1231/3194/1987 1336/3195/1986 1257/3198/1948
f 1231/3194/1987 1257/3198/1948 1102/3199/1944
f 1429/3196/1988 1513/3197/1989 1514/3200/1990
f 1336/3195/1986 1429/3196/1988 1430/3201/1991
f 1430/3201/1991 1429/3196/1988 1514/3200/1990
f 1257/3198/1948 1336/3195/1986 1337/3202/1992
f 1337/3202/1992 1336/3195/1986 1430/3201/1991
f 1133/3203/1947 1257/3198/1948 1135/3204/1949
f 1135/3204/1949 1257/3198/1948 1258/3205/1993
f 1258/3205/1993 1257/3198/1948 1337/3202/1992
f 1135/3204/1949 1258/3205/1993 1136/3206/1950
f 1136/3206/1950 1258/3205/1993 1137/3207/1955
f 1258/3205/1993 1337/3202/1992 1259/3208/1994
f 1258/3205/1993 1259/3208/1994 1137/3207/1955
f 1338/3209/1995 1337/3202/1992 1430/3201/1991
f 1337/3202/1992 1338/3209/1995 1259/3208/1994
f 1137/3207/1955 1259/3208/1994 1260/3210/1996
f 1137/3207/1955 1260/3210/1996 1138/3211/1956
f 1138/3211/1956 1260/3210/1996 1134/3212/1961
f 1134/3212/1961 1260/3210/1996 1261/3213/1970
f 1338/3209/1995 1430/3201/1991 1431/3214/1997
f 1260/3210/1996 1259/3208/1994 1339/3215/1998
f 1339/3215/1998 1259/3208/1994 1338/3209/1995
f 1261/3213/1970 1260/3210/1996 1340/3216/1999
f 1340/3216/1999 1260/3210/1996 1339/3215/1998
f 1232/3217/1971 1103/3218/1969 1261/3213/1970
f 1232/3217/1971 1261/3213/1970 1335/3219/2000
f 1335/3219/2000 1261/3213/1970 1340/3216/1999
s off
f 1232/3217/2001 1335/3219/2002 1129/3220/2003
s 37
f 1129/3220/1932 1335/3219/2000 1208/3221/1933
f 1335/3219/2000 1340/3216/1999 1419/3222/2004
f 1335/3219/2000 1419/3222/2004 1208/3221/1933
f 1419/3222/2004 1340/3216/1999 1339/3215/1998
f 1208/3221/1933 1419/3222/2004 1254/3223/2005
f 1432/3224/2006 1339/3215/1998 1338/3209/1995
f 1339/3215/1998 1432/3224/2006 1419/3222/2004
f 1432/3224/2006 1338/3209/1995 1431/3214/1997
f 1254/3223/2005 1419/3222/2004 1303/3225/2007
f 1254/3223/2005 1303/3225/2007 1283/3226/2008
f 1283/3226/2008 1303/3225/2007 1301/3227/2009
f 1303/3225/2007 1419/3222/2004 1465/3228/2010
f 1465/3228/2010 1419/3222/2004 1432/3224/2006
f 1301/3227/2009 1303/3225/2007 1463/3229/2011
f 1463/3229/2011 1303/3225/2007 1465/3228/2010
f 1301/3227/2009 1463/3229/2011 1428/3230/2012
f 1428/3230/2012 1463/3229/2011 1461/3231/2013
f 1461/3231/2013 1463/3229/2011 1465/3228/2010
f 1428/3230/2012 1461/3231/2013 1510/3232/2014
f 1461/3231/2013 1465/3228/2010 1467/3233/2015
f 1467/3233/2015 1465/3228/2010 1432/3224/2006
f 1461/3231/2013 1467/3233/2015 1510/3232/2014
f 1467/3233/2015 1432/3224/2006 1516/3234/2016
f 1467/3233/2015 1516/3234/2016 1510/3232/2014
f 1516/3234/2016 1432/3224/2006 1431/3214/1997
f 1510/3232/2014 1516/3234/2016 1515/3235/2017
f 1515/3235/2017 1516/3234/2016 1431/3214/1997
f 1510/3232/2014 1515/3235/2017 1509/3236/2018
f 1510/3232/2014 1509/3236/2018 1460/3237/2019
f 1515/3235/2017 1431/3214/1997 1514/3200/1990
f 1515/3235/2017 1514/3200/1990 1509/3236/2018
f 1514/3200/1990 1431/3214/1997 1430/3201/1991
f 1509/3236/2018 1514/3200/1990 1512/3238/2020
f 1509/3236/2018 1512/3238/2020 1458/3239/2021
f 1512/3238/2020 1514/3200/1990 1513/3197/1989
f 1458/3239/2021 1512/3238/2020 1511/3240/2022
f 1511/3240/2022 1512/3238/2020 1513/3197/1989
f 1172/3241/1923 1173/3242/1926 1230/3243/2023
f 1230/3243/2023 1173/3242/1926 1207/3244/1928
f 1208/3245/1933 1207/3244/1928 1127/3246/1931
f 1207/3244/1928 1208/3245/1933 1253/3247/2024
f 1207/3244/1928 1253/3247/2024 1230/3243/2023
f 1253/3247/2024 1208/3245/1933 1254/3248/2005
f 1253/3247/2024 1254/3248/2005 1282/3249/2025
f 1253/3247/2024 1282/3249/2025 1230/3243/2023
f 1282/3249/2025 1254/3248/2005 1283/3250/2008
f 1229/3251/2026 1172/3241/1923 1230/3243/2023
f 1230/3243/2023 1282/3249/2025 1281/3252/2027
f 1230/3243/2023 1281/3252/2027 1229/3251/2026
f 1172/3241/1923 1229/3251/2026 1228/3253/2028
f 1228/3253/2028 1229/3251/2026 1281/3252/2027
f 1172/3241/1923 1228/3253/2028 1171/3254/1921
f 1171/3254/1921 1228/3253/2028 1170/3255/1919
f 1170/3255/1919 1228/3253/2028 1227/3256/2029
f 1170/3255/1919 1227/3256/2029 1252/3257/2030
f 1170/3255/1919 1252/3257/2030 1206/3258/1918
f 1227/3256/2029 1228/3253/2028 1279/3259/2031
f 1227/3256/2029 1279/3259/2031 1252/3257/2030
s off
f 1206/3258/2032 1252/3257/2033 1418/3260/2034
f 1418/3260/2035 1252/3257/2036 1302/3261/2037
s 37
f 1302/3261/2038 1252/3257/2030 1279/3259/2031
f 1279/3259/2031 1228/3253/2028 1280/3262/2039
f 1280/3262/2039 1228/3253/2028 1281/3252/2027
f 1302/3261/2038 1279/3259/2031 1300/3263/2040
f 1279/3259/2031 1280/3262/2039 1274/3264/2041
f 1279/3259/2031 1274/3264/2041 1300/3263/2040
f 1280/3262/2039 1281/3252/2027 1275/3265/2042
f 1280/3262/2039 1275/3265/2042 1274/3264/2041
f 1275/3265/2042 1281/3252/2027 1276/3266/2043
f 1276/3266/2043 1281/3252/2027 1282/3249/2025
f 1275/3265/2042 1276/3266/2043 1249/3267/2044
f 1275/3265/2042 1249/3267/2044 1274/3264/2041
f 1274/3264/2041 1249/3267/2044 1248/3268/2045
f 1274/3264/2041 1248/3268/2045 1246/3269/2046
f 1274/3264/2041 1246/3269/2046 1271/3270/2047
f 1274/3264/2041 1271/3270/2047 1300/3263/2040
f 1249/3267/2044 1276/3266/2043 1250/3271/2048
s off
f 1300/3263/2049 1271/3270/2050 1462/3272/2051
f 1300/3263/2052 1462/3272/2053 1302/3261/2054
s 37
f 1250/3271/2048 1276/3266/2043 1277/3273/2055
f 1277/3273/2055 1276/3266/2043 1282/3249/2025
f 1250/3271/2048 1277/3273/2055 1251/3274/2056
f 1251/3274/2056 1277/3273/2055 1247/3275/2057
f 1277/3273/2055 1282/3249/2025 1283/3250/2008
f 1247/3275/2057 1277/3273/2055 1272/3276/2058
f 1277/3273/2055 1283/3250/2008 1278/3277/2059
f 1277/3273/2055 1278/3277/2059 1272/3276/2058
f 1278/3277/2059 1283/3250/2008 1301/3278/2009
f 1278/3277/2059 1301/3278/2009 1272/3276/2058
s off
f 1464/3279/2060 1302/3261/2061 1462/3272/2062
f 1302/3261/2063 1464/3279/2064 1418/3260/2065
s 37
f 1464/3279/2066 1462/3272/2067 1511/3280/2022
f 1511/3280/2022 1462/3272/2067 1457/3281/2068
s off
f 1418/3260/2069 1464/3279/2070 1466/3282/2071
s 37
f 1466/3282/2072 1464/3279/2066 1511/3280/2022
f 1418/3260/1985 1466/3282/2072 1513/3283/1989
f 1513/3283/1989 1466/3282/2072 1511/3280/2022
f 1246/3284/2046 1248/3285/2045 1203/3286/2073
f 1203/3286/2073 1248/3285/2045 1249/3287/2044
f 1246/3284/2046 1203/3286/2073 1271/3288/2047
f 1511/3289/2022 1457/3290/2068 1458/3291/2021
f 1458/3291/2021 1457/3290/2068 1386/3292/2074
f 1386/3292/2074 1457/3290/2068 1385/3293/2075
f 1458/3291/2021 1386/3292/2074 1459/3294/2076
f 1385/3293/2075 1457/3290/2068 1427/3295/2077
f 1458/3291/2021 1459/3294/2076 1509/3296/2018
f 1459/3294/2076 1386/3292/2074 1387/3297/2078
f 1459/3294/2076 1387/3297/2078 1388/3298/2079
f 1509/3296/2018 1459/3294/2076 1460/3299/2019
f 1460/3299/2019 1459/3294/2076 1388/3298/2079
f 1460/3299/2019 1388/3298/2079 1360/3300/2080
f 1385/3293/2075 1427/3295/2077 1359/3301/2081
f 1462/3302/2067 1427/3295/2077 1457/3290/2068
s off
f 1359/3301/2082 1427/3295/2083 1361/3303/2084
f 1427/3295/2085 1462/3302/2086 1271/3304/2087
f 1361/3303/2088 1427/3295/2089 1225/3305/2090
f 1225/3305/2091 1427/3295/2092 1271/3304/2093
s 37
f 1460/3299/2019 1360/3300/2080 1428/3306/2012
f 1460/3299/2019 1428/3306/2012 1510/3307/2014
f 1428/3306/2012 1360/3300/2080 1362/3308/2094
f 1428/3306/2012 1362/3308/2094 1272/3309/2058
f 1428/3306/2012 1272/3309/2058 1301/3310/2009
f 1272/3309/2058 1362/3308/2094 1226/3311/2095
f 1272/3309/2058 1226/3311/2095 1205/3312/2096
f 1272/3309/2058 1205/3312/2096 1204/3313/2097
f 1272/3309/2058 1204/3313/2097 1247/3314/2057
f 1247/3314/2057 1204/3313/2097 1251/3315/2056
f 1251/3315/2056 1204/3313/2097 1169/3316/2098
f 1251/3315/2056 1169/3316/2098 1250/3317/2048
f 1250/3317/2048 1169/3316/2098 1249/3318/2044
f 1387/3319/2078 1386/3320/2074 1329/3321/2099
f 1329/3321/2099 1386/3320/2074 1385/3322/2075
f 1329/3321/2099 1385/3322/2075 1328/3323/2100
f 1387/3319/2078 1329/3321/2099 1330/3324/2101
f 1387/3319/2078 1330/3324/2101 1388/3325/2079
f 1330/3324/2101 1329/3321/2099 1146/3326/2102
f 1388/3325/2079 1330/3324/2101 1331/3327/2103
f 1331/3327/2103 1330/3324/2101 1146/3326/2102
f 1388/3325/2079 1331/3327/2103 1360/3328/2080
f 1331/3327/2103 1146/3326/2102 1320/3329/2104
f 1331/3327/2103 1320/3329/2104 1360/3328/2080
f 1320/3329/2104 1146/3326/2102 1147/3330/2105
f 1147/3330/2105 1146/3326/2102 1149/3331/2106
f 1360/3328/2080 1320/3329/2104 1321/3332/2107
f 1321/3332/2107 1320/3329/2104 1147/3330/2105
f 1321/3332/2107 1147/3330/2105 1149/3331/2106
f 1360/3328/2080 1321/3332/2107 1362/3333/2094
f 1362/3333/2094 1321/3332/2107 1226/3334/2095
f 1226/3334/2095 1321/3332/2107 1149/3331/2106
f 1226/3334/2095 1149/3331/2106 1205/3335/2096
f 1205/3336/2096 1149/3337/2106 1204/3338/2097
f 1204/3338/2097 1149/3337/2106 1124/3339/2108
f 1204/3338/2097 1124/3339/2108 1169/3340/2098
f 1124/3339/2108 1149/3337/2106 1146/3341/2102
f 1169/3340/2098 1124/3339/2108 1123/3342/2109
f 1123/3342/2109 1124/3339/2108 1146/3341/2102
f 1169/3340/2098 1123/3342/2109 1168/3343/2110
f 1169/3340/2098 1168/3343/2110 1249/3344/2044
f 1123/3342/2109 1146/3341/2102 1145/3345/2111
f 1168/3343/2110 1123/3342/2109 1122/3346/2112
f 1122/3346/2112 1123/3342/2109 1145/3345/2111
f 1249/3344/2044 1168/3343/2110 1203/3347/2073
f 1145/3345/2111 1146/3341/2102 1329/3348/2099
f 1168/3343/2110 1122/3346/2112 1121/3349/2113
f 1121/3349/2113 1122/3346/2112 1145/3345/2111
f 1168/3343/2110 1121/3349/2113 1203/3347/2073
f 1121/3349/2113 1145/3345/2111 1144/3350/2114
f 1145/3345/2111 1329/3348/2099 1319/3351/2115
f 1145/3345/2111 1319/3351/2115 1144/3350/2114
f 1319/3351/2115 1329/3348/2099 1328/3352/2100
f 1319/3351/2115 1328/3352/2100 1385/3353/2075
f 1319/3351/2115 1385/3353/2075 1359/3354/2081
f 1319/3351/2115 1359/3354/2081 1361/3355/2116
f 1319/3351/2115 1361/3355/2116 1225/3356/2117
f 1271/3357/2047 1203/3347/2073 1225/3356/2117
f 1144/3350/2114 1319/3351/2115 1148/3358/2118
f 1148/3358/2118 1319/3351/2115 1225/3356/2117
f 1144/3350/2114 1148/3358/2118 1121/3349/2113
f 1148/3358/2118 1225/3356/2117 1203/3347/2073
f 1148/3358/2118 1203/3347/2073 1121/3349/2113
s 43
f 977/3359/2119 978/3360/2120 973/3361/2121
f 973/3361/2121 978/3360/2120 974/3362/2122
f 974/3362/2122 978/3360/2120 979/3363/2123
f 977/3359/2119 973/3361/2121 1000/3364/2124
f 977/3359/2119 1000/3364/2124 978/3360/2120
f 1000/3364/2124 973/3361/2121 1007/3365/2125
f 979/3363/2123 978/3360/2120 982/3366/2126
f 982/3366/2126 978/3360/2120 1000/3364/2124
f 979/3363/2123 982/3366/2126 980/3367/2127
f 1000/3364/2124 1007/3365/2125 1003/3368/2128
f 1000/3364/2124 1003/3368/2128 982/3366/2126
f 980/3367/2127 982/3366/2126 1001/3369/2129
f 1003/3368/2128 1007/3365/2125 1004/3370/2130
f 1003/3368/2128 1004/3370/2130 982/3366/2126
f 1004/3370/2130 1007/3365/2125 1013/3371/2131
f 1013/3371/2131 1007/3365/2125 1008/3372/2132
f 1013/3371/2131 1008/3372/2132 1004/3370/2130
f 1004/3370/2130 1008/3372/2132 1005/3373/2133
f 1004/3370/2130 1005/3373/2133 982/3366/2126
f 982/3366/2126 1005/3373/2133 1001/3369/2129
f 1005/3373/2133 1008/3372/2132 1002/3374/2134
f 1005/3373/2133 1002/3374/2134 1001/3369/2129
f 973/3375/2121 974/3376/2122 1008/3377/2132
f 973/3375/2121 1008/3377/2132 1007/3378/2125
f 1008/3377/2132 974/3376/2122 1002/3379/2134
f 1002/3379/2134 974/3376/2122 975/3380/2135
f 975/3380/2135 974/3376/2122 979/3381/2123
f 975/3380/2135 979/3381/2123 980/3382/2127
f 1002/3379/2134 975/3380/2135 981/3383/2136
f 981/3383/2136 975/3380/2135 980/3382/2127
f 1002/3379/2134 981/3383/2136 1001/3384/2129
f 1001/3384/2129 981/3383/2136 980/3382/2127
s 44
f 1738/3385/2137 1732/3386/2138 1831/3387/2139
f 1732/3386/2138 1738/3385/2137 1739/3388/2140
f 1739/3388/2140 1738/3385/2137 1835/3389/2141
f 1835/3389/2141 1738/3385/2137 1831/3387/2139
f 1732/3386/2138 1739/3388/2140 1724/3390/2142
f 1724/3390/2142 1739/3388/2140 1740/3391/2143
f 1740/3391/2143 1739/3388/2140 1835/3389/2141
f 1732/3386/2138 1724/3390/2142 1728/3392/2144
f 1732/3386/2138 1728/3392/2144 1831/3387/2139
f 1728/3392/2144 1724/3390/2142 1822/3393/2145
f 1728/3392/2144 1822/3393/2145 1831/3387/2139
f 1831/3387/2139 1822/3393/2145 1853/3394/2146
f 1831/3387/2139 1853/3394/2146 1854/3395/2147
f 1831/3387/2139 1854/3395/2147 1835/3389/2141
f 1740/3391/2143 1835/3389/2141 1836/3396/2148
f 1740/3391/2143 1836/3396/2148 1741/3397/2149
f 1835/3389/2141 1854/3395/2147 1832/3398/2150
f 1835/3389/2141 1832/3398/2150 1836/3396/2148
f 1832/3398/2150 1854/3395/2147 1825/3399/2151
f 1836/3396/2148 1832/3398/2150 1827/3400/2152
f 1836/3396/2148 1827/3400/2152 1741/3397/2149
f 1827/3400/2152 1832/3398/2150 1825/3399/2151
f 1741/3397/2149 1827/3400/2152 1729/3401/2153
f 1729/3401/2153 1827/3400/2152 1825/3399/2151
f 1741/3397/2149 1729/3401/2153 1733/3402/2154
f 1729/3401/2153 1825/3399/2151 1725/3403/2155
f 1853/3404/2146 1822/3405/2145 1823/3406/2156
f 1823/3406/2156 1822/3405/2145 1817/3407/2157
f 1853/3404/2146 1823/3406/2156 1824/3408/2158
f 1824/3408/2158 1823/3406/2156 1817/3407/2157
f 1817/3407/2157 1822/3405/2145 1724/3409/2142
f 1853/3404/2146 1824/3408/2158 1825/3410/2151
f 1853/3404/2146 1825/3410/2151 1854/3411/2147
f 1824/3408/2158 1817/3407/2157 1719/3412/2159
f 1824/3408/2158 1719/3412/2159 1825/3410/2151
f 1817/3407/2157 1724/3409/2142 1717/3413/2160
f 1817/3407/2157 1717/3413/2160 1718/3414/2161
f 1718/3414/2161 1717/3413/2160 1724/3409/2142
f 1817/3407/2157 1718/3414/2161 1719/3412/2159
f 1718/3414/2161 1724/3409/2142 1740/3415/2143
f 1718/3414/2161 1740/3415/2143 1719/3412/2159
f 1719/3412/2159 1740/3415/2143 1741/3416/2149
f 1719/3412/2159 1741/3416/2149 1733/3417/2154
f 1719/3412/2159 1733/3417/2154 1729/3418/2153
f 1719/3412/2159 1729/3418/2153 1725/3419/2155
f 1719/3412/2159 1725/3419/2155 1720/3420/2162
f 1719/3412/2159 1720/3420/2162 1825/3410/2151
f 1825/3410/2151 1720/3420/2162 1725/3419/2155
s 45
f 1786/3421/2163 1674/3422/2164 1673/3423/2165
f 1673/3423/2165 1674/3422/2164 1668/3424/2166
f 1673/3423/2165 1668/3424/2166 1786/3421/2163
f 1674/3422/2164 1786/3421/2163 1787/3425/2167
f 1786/3421/2163 1668/3424/2166 1781/3426/2168
f 1787/3425/2167 1786/3421/2163 1782/3427/2169
f 1787/3425/2167 1782/3427/2169 1783/3428/2170
f 1783/3428/2170 1782/3427/2169 1774/3429/2171
f 1786/3421/2163 1781/3426/2168 1844/3430/2172
f 1786/3421/2163 1844/3430/2172 1782/3427/2169
f 1844/3430/2172 1781/3426/2168 1771/3431/2173
f 1782/3427/2169 1844/3430/2172 1843/3432/2174
f 1782/3427/2169 1843/3432/2174 1774/3429/2171
f 1843/3432/2174 1844/3430/2172 1771/3431/2173
f 1774/3429/2171 1843/3432/2174 1773/3433/2175
f 1773/3433/2175 1843/3432/2174 1771/3431/2173
f 1774/3429/2171 1773/3433/2175 1649/3434/2176
f 1773/3433/2175 1771/3431/2173 1772/3435/2177
f 1773/3433/2175 1772/3435/2177 1649/3434/2176
f 1668/3436/2166 1674/3437/2164 1669/3438/2178
f 1669/3438/2178 1674/3437/2164 1675/3439/2179
f 1675/3439/2179 1674/3437/2164 1787/3440/2167
f 1675/3439/2179 1787/3440/2167 1669/3438/2178
f 1669/3438/2178 1787/3440/2167 1665/3441/2180
f 1665/3441/2180 1787/3440/2167 1783/3442/2170
f 1668/3436/2166 1669/3438/2178 1664/3443/2181
f 1668/3436/2166 1664/3443/2181 1781/3444/2168
f 1669/3438/2178 1665/3441/2180 1656/3445/2182
f 1665/3441/2180 1783/3442/2170 1661/3446/2183
f 1665/3441/2180 1661/3446/2183 1656/3445/2182
f 1661/3446/2183 1783/3442/2170 1774/3447/2171
f 1661/3446/2183 1774/3447/2171 1657/3448/2184
f 1661/3446/2183 1657/3448/2184 1656/3445/2182
f 1656/3445/2182 1657/3448/2184 1774/3447/2171
f 1656/3445/2182 1774/3447/2171 1649/3449/2176
f 1669/3438/2178 1656/3445/2182 1655/3450/2185
f 1655/3450/2185 1656/3445/2182 1649/3449/2176
f 1669/3438/2178 1655/3450/2185 1664/3443/2181
f 1655/3450/2185 1649/3449/2176 1648/3451/2186
f 1648/3451/2186 1649/3449/2176 1772/3452/2177
f 1648/3451/2186 1772/3452/2177 1655/3450/2185
f 1655/3450/2185 1772/3452/2177 1771/3453/2173
f 1664/3443/2181 1655/3450/2185 1660/3454/2187
f 1660/3454/2187 1655/3450/2185 1771/3453/2173
f 1664/3443/2181 1660/3454/2187 1781/3444/2168
f 1660/3454/2187 1771/3453/2173 1778/3455/2188
f 1660/3454/2187 1778/3455/2188 1781/3444/2168
f 1781/3444/2168 1778/3455/2188 1771/3453/2173
s 46
f 1617/3456/2189 1621/3457/2190 1753/3458/2191
f 1617/3456/2189 1753/3458/2191 1610/3459/2192
f 1610/3459/2192 1753/3458/2191 1611/3460/2193
f 1610/3459/2192 1611/3460/2193 1617/3456/2189
f 1617/3456/2189 1611/3460/2193 1621/3457/2190
f 1611/3460/2193 1753/3458/2191 1750/3461/2194
f 1611/3460/2193 1750/3461/2194 1612/3462/2195
f 1611/3460/2193 1612/3462/2195 1621/3457/2190
f 1612/3462/2195 1750/3461/2194 1755/3463/2196
f 1612/3462/2195 1755/3463/2196 1618/3464/2197
f 1612/3462/2195 1618/3464/2197 1621/3457/2190
f 1618/3464/2197 1755/3463/2196 1756/3465/2198
f 1621/3457/2190 1618/3464/2197 1625/3466/2199
f 1621/3457/2190 1625/3466/2199 1763/3467/2200
f 1618/3464/2197 1756/3465/2198 1622/3468/2201
f 1622/3468/2201 1756/3465/2198 1759/3469/2202
f 1622/3468/2201 1759/3469/2202 1765/3470/2203
f 1765/3470/2203 1759/3469/2202 1764/3471/2204
f 1622/3468/2201 1765/3470/2203 1626/3472/2205
f 1622/3468/2201 1626/3472/2205 1618/3464/2197
f 1626/3472/2205 1765/3470/2203 1630/3473/2206
f 1629/3474/2207 1625/3466/2199 1618/3464/2197
f 1629/3474/2207 1618/3464/2197 1626/3472/2205
f 1625/3466/2199 1629/3474/2207 1763/3467/2200
f 1629/3474/2207 1626/3472/2205 1630/3473/2206
f 1763/3467/2200 1629/3474/2207 1768/3475/2208
f 1629/3474/2207 1630/3473/2206 1634/3476/2209
f 1634/3476/2209 1630/3473/2206 1768/3475/2208
f 1768/3475/2208 1629/3474/2207 1633/3477/2210
f 1633/3477/2210 1629/3474/2207 1634/3476/2209
f 1633/3477/2210 1634/3476/2209 1768/3475/2208
f 1750/3478/2194 1753/3479/2191 1754/3480/2211
f 1750/3478/2194 1754/3480/2211 1755/3481/2196
f 1763/3482/2200 1753/3479/2191 1621/3483/2190
f 1754/3480/2211 1753/3479/2191 1840/3484/2212
f 1840/3484/2212 1753/3479/2191 1763/3482/2200
f 1755/3481/2196 1754/3480/2211 1841/3485/2213
f 1841/3485/2213 1754/3480/2211 1840/3484/2212
f 1755/3481/2196 1841/3485/2213 1759/3486/2202
f 1755/3481/2196 1759/3486/2202 1756/3487/2198
f 1759/3486/2202 1841/3485/2213 1764/3488/2204
f 1764/3488/2204 1841/3485/2213 1840/3484/2212
f 1764/3488/2204 1840/3484/2212 1763/3482/2200
f 1764/3488/2204 1763/3482/2200 1768/3489/2208
f 1764/3488/2204 1768/3489/2208 1630/3490/2206
f 1764/3488/2204 1630/3490/2206 1765/3491/2203
