Using pre-set license
Built from '2022.3/china_unity/release' branch; Version is '2022.3.20f1c1 (82a5dab7aa2a) revision 8562138'; Using compiler version '192829333'; Build Type 'Release'
OS: 'Windows 11  (10.0.26200) 64bit CoreCountrySpecific' Language: 'zh' Physical Memory: 16004 MB
BatchMode: 1, IsHumanControllingUs: 0, StartBugReporterOnCrash: 0, Is64bit: 1, IsPro: 1

COMMAND LINE ARGUMENTS:
D:\Program Files\Unity\Editor\2022.3.20f1c1\Editor\Unity.exe
-adb2
-batchMode
-noUpm
-name
AssetImportWorker7
-projectPath
D:/Program Files/Unity/Editor/姣曚笟璁捐
-logFile
Logs/AssetImportWorker7.log
-srvPort
53934
Successfully changed project path to: D:/Program Files/Unity/Editor/姣曚笟璁捐
D:/Program Files/Unity/Editor/姣曚笟璁捐
[UnityMemory] Configuration Parameters - Can be set up in boot.config
    "memorysetup-bucket-allocator-granularity=16"
    "memorysetup-bucket-allocator-bucket-count=8"
    "memorysetup-bucket-allocator-block-size=33554432"
    "memorysetup-bucket-allocator-block-count=8"
    "memorysetup-main-allocator-block-size=16777216"
    "memorysetup-thread-allocator-block-size=16777216"
    "memorysetup-gfx-main-allocator-block-size=16777216"
    "memorysetup-gfx-thread-allocator-block-size=16777216"
    "memorysetup-cache-allocator-block-size=4194304"
    "memorysetup-typetree-allocator-block-size=2097152"
    "memorysetup-profiler-bucket-allocator-granularity=16"
    "memorysetup-profiler-bucket-allocator-bucket-count=8"
    "memorysetup-profiler-bucket-allocator-block-size=33554432"
    "memorysetup-profiler-bucket-allocator-block-count=8"
    "memorysetup-profiler-allocator-block-size=16777216"
    "memorysetup-profiler-editor-allocator-block-size=1048576"
    "memorysetup-temp-allocator-size-main=16777216"
    "memorysetup-job-temp-allocator-block-size=2097152"
    "memorysetup-job-temp-allocator-block-size-background=1048576"
    "memorysetup-job-temp-allocator-reduction-small-platforms=262144"
    "memorysetup-allocator-temp-initial-block-size-main=262144"
    "memorysetup-allocator-temp-initial-block-size-worker=262144"
    "memorysetup-temp-allocator-size-background-worker=32768"
    "memorysetup-temp-allocator-size-job-worker=262144"
    "memorysetup-temp-allocator-size-preload-manager=33554432"
    "memorysetup-temp-allocator-size-nav-mesh-worker=65536"
    "memorysetup-temp-allocator-size-audio-worker=65536"
    "memorysetup-temp-allocator-size-cloud-worker=32768"
    "memorysetup-temp-allocator-size-gi-baking-worker=262144"
    "memorysetup-temp-allocator-size-gfx=262144"
Player connection [17400] Host "[IP] 10.55.165.151 [Port] 0 [Flags] 2 [Guid] 3594898899 [EditorId] 3594898899 [Version] 1048832 [Id] WindowsEditor(7,LAPTOP-7TIDKNDB) [Debug] 1 [PackageName] WindowsEditor [ProjectName] Editor" joined multi-casting on [225.0.0.222:54997]...

Player connection [17400] Host "[IP] 10.55.165.151 [Port] 0 [Flags] 2 [Guid] 3594898899 [EditorId] 3594898899 [Version] 1048832 [Id] WindowsEditor(7,LAPTOP-7TIDKNDB) [Debug] 1 [PackageName] WindowsEditor [ProjectName] Editor" joined alternative multi-casting on [225.0.0.222:34997]...

[Physics::Module] Initialized MultithreadedJobDispatcher with 19 workers.
Refreshing native plugins compatible for Editor in 30.37 ms, found 4 plugins.
Preloading 0 native plugins for Editor in 0.00 ms.
Initialize engine version: 2022.3.20f1c1 (82a5dab7aa2a)
[Subsystems] Discovering subsystems at path D:/Program Files/Unity/Editor/2022.3.20f1c1/Editor/Data/Resources/UnitySubsystems
[Subsystems] Discovering subsystems at path D:/Program Files/Unity/Editor/姣曚笟璁捐/Assets
GfxDevice: creating device client; threaded=0; jobified=0
Direct3D:
    Version:  Direct3D 11.0 [level 11.1]
    Renderer: NVIDIA GeForce RTX 3060 Laptop GPU (ID=0x2520)
    Vendor:   NVIDIA
    VRAM:     5994 MB
    Driver:   32.0.15.9579
Initialize mono
Mono path[0] = 'D:/Program Files/Unity/Editor/2022.3.20f1c1/Editor/Data/Managed'
Mono path[1] = 'D:/Program Files/Unity/Editor/2022.3.20f1c1/Editor/Data/MonoBleedingEdge/lib/mono/unityjit-win32'
Mono config path = 'D:/Program Files/Unity/Editor/2022.3.20f1c1/Editor/Data/MonoBleedingEdge/etc'
Using monoOptions --debugger-agent=transport=dt_socket,embedding=1,server=y,suspend=n,address=127.0.0.1:56020
Begin MonoManager ReloadAssembly
Registering precompiled unity dll's ...
Register platform support module: D:/Program Files/Unity/Editor/2022.3.20f1c1/Editor/Data/PlaybackEngines/AndroidPlayer/UnityEditor.Android.Extensions.dll
Register platform support module: D:/Program Files/Unity/Editor/2022.3.20f1c1/Editor/Data/PlaybackEngines/WindowsStandaloneSupport/UnityEditor.WindowsStandalone.Extensions.dll
Registered in 0.017625 seconds.
- Loaded All Assemblies, in  0.433 seconds
Native extension for WindowsStandalone target not found
Native extension for Android target not found
Android Extension - Scanning For ADB Devices 1854 ms
Mono: successfully reloaded assembly
- Finished resetting the current domain, in  2.171 seconds
Domain Reload Profiling: 2598ms
	BeginReloadAssembly (168ms)
		ExecutionOrderSort (0ms)
		DisableScriptedObjects (0ms)
		BackupInstance (0ms)
		ReleaseScriptingObjects (0ms)
		CreateAndSetChildDomain (1ms)
	RebuildCommonClasses (36ms)
	RebuildNativeTypeToScriptingClass (8ms)
	initialDomainReloadingComplete (71ms)
	LoadAllAssembliesAndSetupDomain (145ms)
		LoadAssemblies (162ms)
		RebuildTransferFunctionScriptingTraits (0ms)
		AnalyzeDomain (142ms)
			TypeCache.Refresh (140ms)
				TypeCache.ScanAssembly (127ms)
			ScanForSourceGeneratedMonoScriptInfo (0ms)
			ResolveRequiredComponents (0ms)
	FinalizeReload (2171ms)
		ReleaseScriptCaches (0ms)
		RebuildScriptCaches (0ms)
		SetupLoadedEditorAssemblies (2121ms)
			LogAssemblyErrors (0ms)
			InitializePlatformSupportModulesInManaged (1972ms)
			SetLoadedEditorAssemblies (3ms)
			RefreshPlugins (0ms)
			BeforeProcessingInitializeOnLoad (2ms)
			ProcessInitializeOnLoadAttributes (100ms)
			ProcessInitializeOnLoadMethodAttributes (43ms)
			AfterProcessingInitializeOnLoad (0ms)
			EditorAssembliesLoaded (0ms)
		ExecutionOrderSort2 (0ms)
		AwakeInstancesAfterBackupRestoration (0ms)
========================================================================
Worker process is ready to serve import requests
Begin MonoManager ReloadAssembly
Symbol file LoadedFromMemory is not a mono symbol file
- Loaded All Assemblies, in  0.837 seconds
Refreshing native plugins compatible for Editor in 7.96 ms, found 4 plugins.
Native extension for WindowsStandalone target not found
Native extension for Android target not found
Mono: successfully reloaded assembly
- Finished resetting the current domain, in  1.346 seconds
Domain Reload Profiling: 2172ms
	BeginReloadAssembly (135ms)
		ExecutionOrderSort (0ms)
		DisableScriptedObjects (4ms)
		BackupInstance (0ms)
		ReleaseScriptingObjects (0ms)
		CreateAndSetChildDomain (19ms)
	RebuildCommonClasses (26ms)
	RebuildNativeTypeToScriptingClass (7ms)
	initialDomainReloadingComplete (41ms)
	LoadAllAssembliesAndSetupDomain (617ms)
		LoadAssemblies (485ms)
		RebuildTransferFunctionScriptingTraits (0ms)
		AnalyzeDomain (218ms)
			TypeCache.Refresh (186ms)
				TypeCache.ScanAssembly (169ms)
			ScanForSourceGeneratedMonoScriptInfo (21ms)
			ResolveRequiredComponents (8ms)
	FinalizeReload (1347ms)
		ReleaseScriptCaches (0ms)
		RebuildScriptCaches (0ms)
		SetupLoadedEditorAssemblies (1185ms)
			LogAssemblyErrors (0ms)
			InitializePlatformSupportModulesInManaged (24ms)
			SetLoadedEditorAssemblies (4ms)
			RefreshPlugins (0ms)
			BeforeProcessingInitializeOnLoad (72ms)
			ProcessInitializeOnLoadAttributes (1022ms)
			ProcessInitializeOnLoadMethodAttributes (52ms)
			AfterProcessingInitializeOnLoad (10ms)
			EditorAssembliesLoaded (0ms)
		ExecutionOrderSort2 (0ms)
		AwakeInstancesAfterBackupRestoration (8ms)
Launched and connected shader compiler UnityShaderCompiler.exe after 0.14 seconds
Refreshing native plugins compatible for Editor in 10.96 ms, found 4 plugins.
Preloading 0 native plugins for Editor in 0.00 ms.
Unloading 7028 Unused Serialized files (Serialized files now loaded: 0)
Unloading 88 unused Assets / (1.1 MB). Loaded Objects now: 7486.
Memory consumption went from 271.5 MB to 270.3 MB.
Total: 5.170300 ms (FindLiveObjects: 0.539200 ms CreateObjectMapping: 0.292600 ms MarkObjects: 3.703700 ms  DeleteObjects: 0.633400 ms)

AssetImportParameters requested are different than current active one (requested -> active):
  custom:container-demuxer-ogg: 62fdf1f143b41e24485cea50d1cbac27 -> 
  custom:framework-win-MediaFoundation: 216162199b28c13a410421893ffa2e32 -> 
  custom:container-muxer-webm: aa71ff27fc2769a1b78a27578f13a17b -> 
  custom:video-decoder-webm-vp8: 9c59270c3fd7afecdb556c50c9e8de78 -> 
  custom:SearchIndexIgnoredProperties: e643bd26f0fe6173181afceb89e7c659 -> 
  custom:AudioImporter_EditorPlatform: d09bf68614088b80899f8185d706f6e7 -> 
  custom:audio-decoder-ogg-vorbis: bf7c407c2cedff20999df2af8eb42d56 -> 
  custom:audio-encoder-webm-vorbis: bf7c407c2cedff20999df2af8eb42d56 -> 
  custom:video-codec-MediaFoundation-h265: 746d11721c4dcdbdad8f713fa42b33f4 -> 
  custom:video-decoder-ogg-theora: a1e56fd34408186e4bbccfd4996cb3dc -> 
  custom:CustomObjectIndexerAttribute: 62b5816608c3102f162a1797e29626cf -> 
  custom:container-demuxer-webm: 4f35f7cbe854078d1ac9338744f61a02 -> 
  custom:video-encoder-webm-vp8: eb34c28f22e8b96e1ab97ce403110664 -> 
========================================================================
Received Import Request.
  Time since last request: 228549.833876 seconds.
  path: Assets/Art/Prefabs/Environment/BornLevel/Book_Open.prefab
  artifactKey: Guid(6cc7bf13a9ebcbe499ca970fab498dae) Importer(815301076,1909f56bfc062723c751e8b465ee728b)
Start importing Assets/Art/Prefabs/Environment/BornLevel/Book_Open.prefab using Guid(6cc7bf13a9ebcbe499ca970fab498dae) Importer(815301076,1909f56bfc062723c751e8b465ee728b)  -> (artifact id: 'efa3c39f789d385782a96bd7d5d71ffc') in 0.261725 seconds
Number of updated asset objects reloaded before import = 0
Number of asset objects unloaded after import = 12
========================================================================
Received Import Request.
  Time since last request: 240.879529 seconds.
  path: Assets/Goodies!/Cozy Room Pack/Prefabs/Bed3.prefab
  artifactKey: Guid(215dafca2bab2ac439bf9636b3e66672) Importer(815301076,1909f56bfc062723c751e8b465ee728b)
Start importing Assets/Goodies!/Cozy Room Pack/Prefabs/Bed3.prefab using Guid(215dafca2bab2ac439bf9636b3e66672) Importer(815301076,1909f56bfc062723c751e8b465ee728b)  -> (artifact id: '74e4243d8cdad5e6a425a9f856294835') in 0.022460 seconds
Number of updated asset objects reloaded before import = 0
Number of asset objects unloaded after import = 15
========================================================================
Received Import Request.
  Time since last request: 0.034267 seconds.
  path: Assets/Goodies!/Cozy Room Pack/Prefabs/Bed4_Single.prefab
  artifactKey: Guid(a2848d2a38259ac4ba751e11061dbb84) Importer(815301076,1909f56bfc062723c751e8b465ee728b)
Start importing Assets/Goodies!/Cozy Room Pack/Prefabs/Bed4_Single.prefab using Guid(a2848d2a38259ac4ba751e11061dbb84) Importer(815301076,1909f56bfc062723c751e8b465ee728b)  -> (artifact id: 'b03991f50b0cc3197cbf9d378b9d1b4d') in 0.020279 seconds
Number of updated asset objects reloaded before import = 0
Number of asset objects unloaded after import = 15
========================================================================
Received Import Request.
  Time since last request: 0.028493 seconds.
  path: Assets/Goodies!/Cozy Room Pack/Prefabs/Bed_Single.prefab
  artifactKey: Guid(475559b0cb5e7bb40a242860e0eb6631) Importer(815301076,1909f56bfc062723c751e8b465ee728b)
Start importing Assets/Goodies!/Cozy Room Pack/Prefabs/Bed_Single.prefab using Guid(475559b0cb5e7bb40a242860e0eb6631) Importer(815301076,1909f56bfc062723c751e8b465ee728b)  -> (artifact id: '2358e1aa24f2cefd5dbb24dee8cf9b2a') in 0.015473 seconds
Number of updated asset objects reloaded before import = 0
Number of asset objects unloaded after import = 15
========================================================================
Received Import Request.
  Time since last request: 0.037689 seconds.
  path: Assets/Goodies!/Cozy Room Pack/Prefabs/Book2.prefab
  artifactKey: Guid(299d37fa91cfd9648a3c17c37e87631f) Importer(815301076,1909f56bfc062723c751e8b465ee728b)
Start importing Assets/Goodies!/Cozy Room Pack/Prefabs/Book2.prefab using Guid(299d37fa91cfd9648a3c17c37e87631f) Importer(815301076,1909f56bfc062723c751e8b465ee728b)  -> (artifact id: '063ab35ed5c35d25dc297a66a562520a') in 0.011259 seconds
Number of updated asset objects reloaded before import = 0
Number of asset objects unloaded after import = 12
========================================================================
Received Import Request.
  Time since last request: 0.000020 seconds.
  path: Assets/Goodies!/Cozy Room Pack/Prefabs/Box_Closed.prefab
  artifactKey: Guid(e12e57282a2a974439961a0c24b151c5) Importer(815301076,1909f56bfc062723c751e8b465ee728b)
Start importing Assets/Goodies!/Cozy Room Pack/Prefabs/Box_Closed.prefab using Guid(e12e57282a2a974439961a0c24b151c5) Importer(815301076,1909f56bfc062723c751e8b465ee728b)  -> (artifact id: '371b9a8cee8bd502f119f704be980043') in 0.019421 seconds
Number of updated asset objects reloaded before import = 0
Number of asset objects unloaded after import = 12
========================================================================
Received Import Request.
  Time since last request: 0.000029 seconds.
  path: Assets/Goodies!/Cozy Room Pack/Prefabs/Cactus.prefab
  artifactKey: Guid(b928a7dc1295183488f4adc64dea1e8b) Importer(815301076,1909f56bfc062723c751e8b465ee728b)
Start importing Assets/Goodies!/Cozy Room Pack/Prefabs/Cactus.prefab using Guid(b928a7dc1295183488f4adc64dea1e8b) Importer(815301076,1909f56bfc062723c751e8b465ee728b)  -> (artifact id: '20a727e2b0f04583881f223907c1e4c2') in 0.011223 seconds
Number of updated asset objects reloaded before import = 0
Number of asset objects unloaded after import = 12
========================================================================
Received Import Request.
  Time since last request: 0.000036 seconds.
  path: Assets/Goodies!/Cozy Room Pack/Prefabs/Bed5.prefab
  artifactKey: Guid(9743022cb4e51af44ad5bd0b0c24a325) Importer(815301076,1909f56bfc062723c751e8b465ee728b)
Start importing Assets/Goodies!/Cozy Room Pack/Prefabs/Bed5.prefab using Guid(9743022cb4e51af44ad5bd0b0c24a325) Importer(815301076,1909f56bfc062723c751e8b465ee728b)  -> (artifact id: '42466d36ef5af8b8505f23d771657d52') in 0.012637 seconds
Number of updated asset objects reloaded before import = 0
Number of asset objects unloaded after import = 13
========================================================================
Received Import Request.
  Time since last request: 0.000023 seconds.
  path: Assets/Goodies!/Cozy Room Pack/Prefabs/Chair1.prefab
  artifactKey: Guid(a0787e0370d46a941915532aa9a0bf92) Importer(815301076,1909f56bfc062723c751e8b465ee728b)
Start importing Assets/Goodies!/Cozy Room Pack/Prefabs/Chair1.prefab using Guid(a0787e0370d46a941915532aa9a0bf92) Importer(815301076,1909f56bfc062723c751e8b465ee728b)  -> (artifact id: 'd4036352ed9c9a0f756234cd48080a90') in 0.013789 seconds
Number of updated asset objects reloaded before import = 0
Number of asset objects unloaded after import = 15
========================================================================
Received Import Request.
  Time since last request: 0.000035 seconds.
  path: Assets/Goodies!/Cozy Room Pack/Prefabs/Chimney2.prefab
  artifactKey: Guid(0db1e4bbb46c1b84fb0940c724c3866b) Importer(815301076,1909f56bfc062723c751e8b465ee728b)
Start importing Assets/Goodies!/Cozy Room Pack/Prefabs/Chimney2.prefab using Guid(0db1e4bbb46c1b84fb0940c724c3866b) Importer(815301076,1909f56bfc062723c751e8b465ee728b)  -> (artifact id: '2f8b0bf6e2d0a75ef40f7c84f8e68ee0') in 0.014035 seconds
Number of updated asset objects reloaded before import = 0
Number of asset objects unloaded after import = 12
========================================================================
Received Import Request.
  Time since last request: 0.000023 seconds.
  path: Assets/Goodies!/Cozy Room Pack/Prefabs/Bed3_Single.prefab
  artifactKey: Guid(d05859fb76630f741b47269f6d8f655f) Importer(815301076,1909f56bfc062723c751e8b465ee728b)
Start importing Assets/Goodies!/Cozy Room Pack/Prefabs/Bed3_Single.prefab using Guid(d05859fb76630f741b47269f6d8f655f) Importer(815301076,1909f56bfc062723c751e8b465ee728b)  -> (artifact id: '7b7d1cf54075fc4c28aa3c1d539adbea') in 0.012784 seconds
Number of updated asset objects reloaded before import = 0
Number of asset objects unloaded after import = 15
========================================================================
Received Import Request.
  Time since last request: 0.000028 seconds.
  path: Assets/Goodies!/Cozy Room Pack/Prefabs/Book_Open.prefab
  artifactKey: Guid(0d453e4e28528d541818ee62ffaa2272) Importer(815301076,1909f56bfc062723c751e8b465ee728b)
Start importing Assets/Goodies!/Cozy Room Pack/Prefabs/Book_Open.prefab using Guid(0d453e4e28528d541818ee62ffaa2272) Importer(815301076,1909f56bfc062723c751e8b465ee728b)  -> (artifact id: '73fae4691bf31e79add8daa57da377c0') in 0.011022 seconds
Number of updated asset objects reloaded before import = 0
Number of asset objects unloaded after import = 12
========================================================================
Received Import Request.
  Time since last request: 0.000018 seconds.
  path: Assets/Goodies!/Cozy Room Pack/Prefabs/Briefcase.prefab
  artifactKey: Guid(f5fc1a3d4018dd243b85dd92bf2dd356) Importer(815301076,1909f56bfc062723c751e8b465ee728b)
Start importing Assets/Goodies!/Cozy Room Pack/Prefabs/Briefcase.prefab using Guid(f5fc1a3d4018dd243b85dd92bf2dd356) Importer(815301076,1909f56bfc062723c751e8b465ee728b)  -> (artifact id: '2c105c1a842b456d84d9cce3701b7507') in 0.014199 seconds
Number of updated asset objects reloaded before import = 0
Number of asset objects unloaded after import = 11
========================================================================
Received Import Request.
  Time since last request: 0.000019 seconds.
  path: Assets/Goodies!/Cozy Room Pack/Prefabs/Bed_Single 1.prefab
  artifactKey: Guid(01dcc8172d1402041a0477a528a35485) Importer(815301076,1909f56bfc062723c751e8b465ee728b)
Start importing Assets/Goodies!/Cozy Room Pack/Prefabs/Bed_Single 1.prefab using Guid(01dcc8172d1402041a0477a528a35485) Importer(815301076,1909f56bfc062723c751e8b465ee728b)  -> (artifact id: '56ee35b32b2f8d1631e98cddffc95c46') in 0.016254 seconds
Number of updated asset objects reloaded before import = 0
Number of asset objects unloaded after import = 14
========================================================================
Received Import Request.
  Time since last request: 1.847926 seconds.
  path: Assets/Goodies!/Cozy Room Pack/Prefabs/Curtains.prefab
  artifactKey: Guid(2c93789cd91c8dc45a3473e0177def82) Importer(815301076,1909f56bfc062723c751e8b465ee728b)
Start importing Assets/Goodies!/Cozy Room Pack/Prefabs/Curtains.prefab using Guid(2c93789cd91c8dc45a3473e0177def82) Importer(815301076,1909f56bfc062723c751e8b465ee728b)  -> (artifact id: '686d9a294aaf8c26ba06329c4ab87b8a') in 0.014802 seconds
Number of updated asset objects reloaded before import = 0
Number of asset objects unloaded after import = 15
========================================================================
Received Import Request.
  Time since last request: 0.025072 seconds.
  path: Assets/Goodies!/Cozy Room Pack/Prefabs/Door_Centered.prefab
  artifactKey: Guid(a0543a2f10811444ca54412aa5190589) Importer(815301076,1909f56bfc062723c751e8b465ee728b)
Start importing Assets/Goodies!/Cozy Room Pack/Prefabs/Door_Centered.prefab using Guid(a0543a2f10811444ca54412aa5190589) Importer(815301076,1909f56bfc062723c751e8b465ee728b)  -> (artifact id: '87c3d8c1f74326ab80807b2e6cb7f2af') in 0.019260 seconds
Number of updated asset objects reloaded before import = 0
Number of asset objects unloaded after import = 51
========================================================================
Received Import Request.
  Time since last request: 0.000023 seconds.
  path: Assets/Goodies!/Cozy Room Pack/Prefabs/Door_Centered_Wide.prefab
  artifactKey: Guid(a6d8870bf523bea44b48bd0cbbbb14a6) Importer(815301076,1909f56bfc062723c751e8b465ee728b)
Start importing Assets/Goodies!/Cozy Room Pack/Prefabs/Door_Centered_Wide.prefab using Guid(a6d8870bf523bea44b48bd0cbbbb14a6) Importer(815301076,1909f56bfc062723c751e8b465ee728b)  -> (artifact id: '1d1bf60932652d47068137644e887dbd') in 0.017894 seconds
Number of updated asset objects reloaded before import = 0
Number of asset objects unloaded after import = 51
========================================================================
Received Import Request.
  Time since last request: 0.359100 seconds.
  path: Assets/Goodies!/Cozy Room Pack/Prefabs/Filing_cabinet.prefab
  artifactKey: Guid(dac2f8444431bf445bbf59e702a1dba7) Importer(815301076,1909f56bfc062723c751e8b465ee728b)
Start importing Assets/Goodies!/Cozy Room Pack/Prefabs/Filing_cabinet.prefab using Guid(dac2f8444431bf445bbf59e702a1dba7) Importer(815301076,1909f56bfc062723c751e8b465ee728b)  -> (artifact id: 'a8d21622838debe922bd13117f664cd8') in 0.013093 seconds
Number of updated asset objects reloaded before import = 0
Number of asset objects unloaded after import = 12
========================================================================
Received Import Request.
  Time since last request: 0.000022 seconds.
  path: Assets/Goodies!/Cozy Room Pack/Prefabs/Fireplace_2.prefab
  artifactKey: Guid(bbb621cb6510d4a409c7d8c03b024d7a) Importer(815301076,1909f56bfc062723c751e8b465ee728b)
Start importing Assets/Goodies!/Cozy Room Pack/Prefabs/Fireplace_2.prefab using Guid(bbb621cb6510d4a409c7d8c03b024d7a) Importer(815301076,1909f56bfc062723c751e8b465ee728b)  -> (artifact id: 'bd3ad4a3c07292d3eb60fd5292df6fb7') in 0.013343 seconds
Number of updated asset objects reloaded before import = 0
Number of asset objects unloaded after import = 12
========================================================================
Received Import Request.
  Time since last request: 0.000032 seconds.
  path: Assets/Goodies!/Cozy Room Pack/Prefabs/Fireplace_3.prefab
  artifactKey: Guid(8a3af271071647542b549250a0619f1c) Importer(815301076,1909f56bfc062723c751e8b465ee728b)
Start importing Assets/Goodies!/Cozy Room Pack/Prefabs/Fireplace_3.prefab using Guid(8a3af271071647542b549250a0619f1c) Importer(815301076,1909f56bfc062723c751e8b465ee728b)  -> (artifact id: '7e8f34e6bd3c3d2d7aee8c366172952b') in 0.014042 seconds
Number of updated asset objects reloaded before import = 0
Number of asset objects unloaded after import = 15
========================================================================
Received Import Request.
  Time since last request: 0.000022 seconds.
  path: Assets/Goodies!/Cozy Room Pack/Prefabs/Frame_Standing_2.prefab
  artifactKey: Guid(dd7e9a12df551a44c8c1c38ebd9867ec) Importer(815301076,1909f56bfc062723c751e8b465ee728b)
Start importing Assets/Goodies!/Cozy Room Pack/Prefabs/Frame_Standing_2.prefab using Guid(dd7e9a12df551a44c8c1c38ebd9867ec) Importer(815301076,1909f56bfc062723c751e8b465ee728b)  -> (artifact id: '7ac1a710f3e7dcb5fd6b048a30264c5a') in 0.017105 seconds
Number of updated asset objects reloaded before import = 0
Number of asset objects unloaded after import = 17
========================================================================
Received Import Request.
  Time since last request: 0.000019 seconds.
  path: Assets/Goodies!/Cozy Room Pack/Prefabs/Foundation.prefab
  artifactKey: Guid(89126ad24ed43c54d9aa0bf876220775) Importer(815301076,1909f56bfc062723c751e8b465ee728b)
Start importing Assets/Goodies!/Cozy Room Pack/Prefabs/Foundation.prefab using Guid(89126ad24ed43c54d9aa0bf876220775) Importer(815301076,1909f56bfc062723c751e8b465ee728b)  -> (artifact id: '665ccfd68e4b1c89c9b4e2e65abe03f2') in 0.011975 seconds
Number of updated asset objects reloaded before import = 0
Number of asset objects unloaded after import = 12
========================================================================
Received Import Request.
  Time since last request: 0.000037 seconds.
  path: Assets/Goodies!/Cozy Room Pack/Prefabs/Frame_Standing_4.prefab
  artifactKey: Guid(f55670fcbbef3e44ea7ec3248ef11a71) Importer(815301076,1909f56bfc062723c751e8b465ee728b)
Start importing Assets/Goodies!/Cozy Room Pack/Prefabs/Frame_Standing_4.prefab using Guid(f55670fcbbef3e44ea7ec3248ef11a71) Importer(815301076,1909f56bfc062723c751e8b465ee728b)  -> (artifact id: '74b2220a5ee4492e9e21da3660fdeebc') in 0.013995 seconds
Number of updated asset objects reloaded before import = 0
Number of asset objects unloaded after import = 17
========================================================================
Received Import Request.
  Time since last request: 0.000028 seconds.
  path: Assets/Goodies!/Cozy Room Pack/Prefabs/Frame_Standing_1.prefab
  artifactKey: Guid(9cf824a4894d6054dbd2c1c9caea8d88) Importer(815301076,1909f56bfc062723c751e8b465ee728b)
Start importing Assets/Goodies!/Cozy Room Pack/Prefabs/Frame_Standing_1.prefab using Guid(9cf824a4894d6054dbd2c1c9caea8d88) Importer(815301076,1909f56bfc062723c751e8b465ee728b)  -> (artifact id: '5a29b1321fdd6127c342a3123d60d627') in 0.014180 seconds
Number of updated asset objects reloaded before import = 0
Number of asset objects unloaded after import = 17
========================================================================
Received Import Request.
  Time since last request: 0.535173 seconds.
  path: Assets/Goodies!/Cozy Room Pack/Prefabs/Handheld_Gaming_Device.prefab
  artifactKey: Guid(84b7579ccefba764497d9a24af0ac5da) Importer(815301076,1909f56bfc062723c751e8b465ee728b)
Start importing Assets/Goodies!/Cozy Room Pack/Prefabs/Handheld_Gaming_Device.prefab using Guid(84b7579ccefba764497d9a24af0ac5da) Importer(815301076,1909f56bfc062723c751e8b465ee728b)  -> (artifact id: 'e67b1c217ac9091537c7c144e821054d') in 0.013951 seconds
Number of updated asset objects reloaded before import = 0
Number of asset objects unloaded after import = 12
========================================================================
Received Import Request.
  Time since last request: 0.000019 seconds.
  path: Assets/Goodies!/Cozy Room Pack/Prefabs/Keyboard.prefab
  artifactKey: Guid(e023438b0c8cd184a90dcfbacb76bcbc) Importer(815301076,1909f56bfc062723c751e8b465ee728b)
Start importing Assets/Goodies!/Cozy Room Pack/Prefabs/Keyboard.prefab using Guid(e023438b0c8cd184a90dcfbacb76bcbc) Importer(815301076,1909f56bfc062723c751e8b465ee728b)  -> (artifact id: '4a730eef6034dc8e2ca04be79da015d3') in 0.013817 seconds
Number of updated asset objects reloaded before import = 0
Number of asset objects unloaded after import = 12
========================================================================
Received Import Request.
  Time since last request: 0.000022 seconds.
  path: Assets/Goodies!/Cozy Room Pack/Prefabs/Headphones_Cat_Ears.prefab
  artifactKey: Guid(4ecd43dd0cbbe1444830a412787f5c7f) Importer(815301076,1909f56bfc062723c751e8b465ee728b)
Start importing Assets/Goodies!/Cozy Room Pack/Prefabs/Headphones_Cat_Ears.prefab using Guid(4ecd43dd0cbbe1444830a412787f5c7f) Importer(815301076,1909f56bfc062723c751e8b465ee728b)  -> (artifact id: '46668ef06ad9be5b7539e412d2d8abbb') in 0.009744 seconds
Number of updated asset objects reloaded before import = 0
Number of asset objects unloaded after import = 12
========================================================================
Received Import Request.
  Time since last request: 0.000058 seconds.
  path: Assets/Goodies!/Cozy Room Pack/Prefabs/Light Flickering.prefab
  artifactKey: Guid(3decd251812935f4bb1a96430be697ae) Importer(815301076,1909f56bfc062723c751e8b465ee728b)
Start importing Assets/Goodies!/Cozy Room Pack/Prefabs/Light Flickering.prefab using Guid(3decd251812935f4bb1a96430be697ae) Importer(815301076,1909f56bfc062723c751e8b465ee728b)  -> (artifact id: 'b0ef7143b90426fe856eee6556fccfc4') in 0.013048 seconds
Number of updated asset objects reloaded before import = 0
Number of asset objects unloaded after import = 16
========================================================================
Received Import Request.
  Time since last request: 0.000022 seconds.
  path: Assets/Goodies!/Cozy Room Pack/Prefabs/Lamp.prefab
  artifactKey: Guid(263b09e6f5d255a43942cf6b9c09db53) Importer(815301076,1909f56bfc062723c751e8b465ee728b)
Start importing Assets/Goodies!/Cozy Room Pack/Prefabs/Lamp.prefab using Guid(263b09e6f5d255a43942cf6b9c09db53) Importer(815301076,1909f56bfc062723c751e8b465ee728b)  -> (artifact id: '619f7c536903db7bda2abb73dec92625') in 0.013912 seconds
Number of updated asset objects reloaded before import = 0
Number of asset objects unloaded after import = 12
========================================================================
Received Import Request.
  Time since last request: 0.000029 seconds.
  path: Assets/Goodies!/Cozy Room Pack/Prefabs/Ivy.prefab
  artifactKey: Guid(bff72296c4f46674c8ac48e2506a93b6) Importer(815301076,1909f56bfc062723c751e8b465ee728b)
Start importing Assets/Goodies!/Cozy Room Pack/Prefabs/Ivy.prefab using Guid(bff72296c4f46674c8ac48e2506a93b6) Importer(815301076,1909f56bfc062723c751e8b465ee728b)  -> (artifact id: '9979e3ecbd731bbc53d2b44302289513') in 0.013683 seconds
Number of updated asset objects reloaded before import = 0
Number of asset objects unloaded after import = 12
========================================================================
Received Import Request.
  Time since last request: 0.000023 seconds.
  path: Assets/Goodies!/Cozy Room Pack/Prefabs/Lava_Lamp.prefab
  artifactKey: Guid(37fa21e7f0849f942857d7c661de9538) Importer(815301076,1909f56bfc062723c751e8b465ee728b)
Start importing Assets/Goodies!/Cozy Room Pack/Prefabs/Lava_Lamp.prefab using Guid(37fa21e7f0849f942857d7c661de9538) Importer(815301076,1909f56bfc062723c751e8b465ee728b)  -> (artifact id: 'ec109475163329f996f1f41588609546') in 0.012538 seconds
Number of updated asset objects reloaded before import = 0
Number of asset objects unloaded after import = 12
========================================================================
Received Import Request.
  Time since last request: 0.000036 seconds.
  path: Assets/Goodies!/Cozy Room Pack/Prefabs/Laptop_Open.prefab
  artifactKey: Guid(d0f5fe2d4b5491c49a1bee8ecccd3964) Importer(815301076,1909f56bfc062723c751e8b465ee728b)
Start importing Assets/Goodies!/Cozy Room Pack/Prefabs/Laptop_Open.prefab using Guid(d0f5fe2d4b5491c49a1bee8ecccd3964) Importer(815301076,1909f56bfc062723c751e8b465ee728b)  -> (artifact id: '0bbae32e649d07a9d955ec1a5a12c281') in 0.012166 seconds
Number of updated asset objects reloaded before import = 0
Number of asset objects unloaded after import = 12
========================================================================
Received Import Request.
  Time since last request: 0.000025 seconds.
  path: Assets/Goodies!/Cozy Room Pack/Prefabs/Laptop_Gaming_Open.prefab
  artifactKey: Guid(0ba48f0de5d9708459f3a84c3f459424) Importer(815301076,1909f56bfc062723c751e8b465ee728b)
Start importing Assets/Goodies!/Cozy Room Pack/Prefabs/Laptop_Gaming_Open.prefab using Guid(0ba48f0de5d9708459f3a84c3f459424) Importer(815301076,1909f56bfc062723c751e8b465ee728b)  -> (artifact id: 'd0c76dcc41248baf0d1381a96bff528a') in 0.012751 seconds
Number of updated asset objects reloaded before import = 0
Number of asset objects unloaded after import = 12
========================================================================
Received Import Request.
  Time since last request: 0.000023 seconds.
  path: Assets/Goodies!/Cozy Room Pack/Prefabs/Lamp3.prefab
  artifactKey: Guid(7481c6a298a9fe940a0a584819115521) Importer(815301076,1909f56bfc062723c751e8b465ee728b)
Start importing Assets/Goodies!/Cozy Room Pack/Prefabs/Lamp3.prefab using Guid(7481c6a298a9fe940a0a584819115521) Importer(815301076,1909f56bfc062723c751e8b465ee728b)  -> (artifact id: '982459ad6126d540b0c5711dc9e3ddd9') in 0.012635 seconds
Number of updated asset objects reloaded before import = 0
Number of asset objects unloaded after import = 12
========================================================================
Received Import Request.
  Time since last request: 0.000022 seconds.
  path: Assets/Goodies!/Cozy Room Pack/Prefabs/Heater.prefab
  artifactKey: Guid(fc0fd6ae8018bb648a3887f2ddc82929) Importer(815301076,1909f56bfc062723c751e8b465ee728b)
Start importing Assets/Goodies!/Cozy Room Pack/Prefabs/Heater.prefab using Guid(fc0fd6ae8018bb648a3887f2ddc82929) Importer(815301076,1909f56bfc062723c751e8b465ee728b)  -> (artifact id: 'fa5c3685fccd2da4d9ca5207387ebab3') in 0.011870 seconds
Number of updated asset objects reloaded before import = 0
Number of asset objects unloaded after import = 12
========================================================================
Received Import Request.
  Time since last request: 0.000019 seconds.
  path: Assets/Goodies!/Cozy Room Pack/Prefabs/Laptop.prefab
  artifactKey: Guid(dd07d391ea79cce4eb6b1ab4d60ad3ff) Importer(815301076,1909f56bfc062723c751e8b465ee728b)
Start importing Assets/Goodies!/Cozy Room Pack/Prefabs/Laptop.prefab using Guid(dd07d391ea79cce4eb6b1ab4d60ad3ff) Importer(815301076,1909f56bfc062723c751e8b465ee728b)  -> (artifact id: '443cc61be14f5c1a57422df8189e5502') in 0.011539 seconds
Number of updated asset objects reloaded before import = 0
Number of asset objects unloaded after import = 12
========================================================================
Received Import Request.
  Time since last request: 0.263359 seconds.
  path: Assets/Goodies!/Cozy Room Pack/Prefabs/Monitor.prefab
  artifactKey: Guid(b67ee19172e6ebb47a05953e53c75282) Importer(815301076,1909f56bfc062723c751e8b465ee728b)
Start importing Assets/Goodies!/Cozy Room Pack/Prefabs/Monitor.prefab using Guid(b67ee19172e6ebb47a05953e53c75282) Importer(815301076,1909f56bfc062723c751e8b465ee728b)  -> (artifact id: '69901125dadcd021a5009bf606db1a31') in 0.013326 seconds
Number of updated asset objects reloaded before import = 0
Number of asset objects unloaded after import = 12
========================================================================
Received Import Request.
  Time since last request: 0.000019 seconds.
  path: Assets/Goodies!/Cozy Room Pack/Prefabs/Outlet.prefab
  artifactKey: Guid(77da04f90ea616046a8befb48331188c) Importer(815301076,1909f56bfc062723c751e8b465ee728b)
Start importing Assets/Goodies!/Cozy Room Pack/Prefabs/Outlet.prefab using Guid(77da04f90ea616046a8befb48331188c) Importer(815301076,1909f56bfc062723c751e8b465ee728b)  -> (artifact id: '83a5beeb9d5e2dd718e090107858f3b0') in 0.010821 seconds
Number of updated asset objects reloaded before import = 0
Number of asset objects unloaded after import = 12
========================================================================
Received Import Request.
  Time since last request: 0.000021 seconds.
  path: Assets/Goodies!/Cozy Room Pack/Prefabs/Painting12.prefab
  artifactKey: Guid(133e22a8e72519543a434f38c758f644) Importer(815301076,1909f56bfc062723c751e8b465ee728b)
Start importing Assets/Goodies!/Cozy Room Pack/Prefabs/Painting12.prefab using Guid(133e22a8e72519543a434f38c758f644) Importer(815301076,1909f56bfc062723c751e8b465ee728b)  -> (artifact id: 'e7a064311b70536e64bb0fe4beec4521') in 0.015673 seconds
Number of updated asset objects reloaded before import = 0
Number of asset objects unloaded after import = 14
========================================================================
Received Import Request.
  Time since last request: 0.000025 seconds.
  path: Assets/Goodies!/Cozy Room Pack/Prefabs/Painting.prefab
  artifactKey: Guid(551e0b2aa63f1a243943e8671fc05d4e) Importer(815301076,1909f56bfc062723c751e8b465ee728b)
Start importing Assets/Goodies!/Cozy Room Pack/Prefabs/Painting.prefab using Guid(551e0b2aa63f1a243943e8671fc05d4e) Importer(815301076,1909f56bfc062723c751e8b465ee728b)  -> (artifact id: '5a96280a88398b26940512078295d74a') in 0.018904 seconds
Number of updated asset objects reloaded before import = 0
Number of asset objects unloaded after import = 16
========================================================================
Received Import Request.
  Time since last request: 0.000062 seconds.
  path: Assets/Goodies!/Cozy Room Pack/Prefabs/Printer.prefab
  artifactKey: Guid(18ccebb5ca410f7438661522f292253e) Importer(815301076,1909f56bfc062723c751e8b465ee728b)
Start importing Assets/Goodies!/Cozy Room Pack/Prefabs/Printer.prefab using Guid(18ccebb5ca410f7438661522f292253e) Importer(815301076,1909f56bfc062723c751e8b465ee728b)  -> (artifact id: '5c004f78c10cdaaa0ac99bd4b8c3c602') in 0.012899 seconds
Number of updated asset objects reloaded before import = 0
Number of asset objects unloaded after import = 12
========================================================================
Received Import Request.
  Time since last request: 0.000021 seconds.
  path: Assets/Goodies!/Cozy Room Pack/Prefabs/Pop.prefab
  artifactKey: Guid(bd40933bab39ab242bf99cacc6434308) Importer(815301076,1909f56bfc062723c751e8b465ee728b)
Start importing Assets/Goodies!/Cozy Room Pack/Prefabs/Pop.prefab using Guid(bd40933bab39ab242bf99cacc6434308) Importer(815301076,1909f56bfc062723c751e8b465ee728b)  -> (artifact id: '0d9e5e92914f641446b705621ab10223') in 0.012654 seconds
Number of updated asset objects reloaded before import = 0
Number of asset objects unloaded after import = 12
========================================================================
Received Import Request.
  Time since last request: 0.000024 seconds.
  path: Assets/Goodies!/Cozy Room Pack/Prefabs/Mouse.prefab
  artifactKey: Guid(c9f931e9d909ac342aae4045df04d62b) Importer(815301076,1909f56bfc062723c751e8b465ee728b)
Start importing Assets/Goodies!/Cozy Room Pack/Prefabs/Mouse.prefab using Guid(c9f931e9d909ac342aae4045df04d62b) Importer(815301076,1909f56bfc062723c751e8b465ee728b)  -> (artifact id: 'ac4b04d4f16f89845dbf2e920cb2d833') in 0.009930 seconds
Number of updated asset objects reloaded before import = 0
Number of asset objects unloaded after import = 12
========================================================================
Received Import Request.
  Time since last request: 0.000019 seconds.
  path: Assets/Goodies!/Cozy Room Pack/Prefabs/Painting7.prefab
  artifactKey: Guid(ffc12d178e1997245a2f9eb019432419) Importer(815301076,1909f56bfc062723c751e8b465ee728b)
Start importing Assets/Goodies!/Cozy Room Pack/Prefabs/Painting7.prefab using Guid(ffc12d178e1997245a2f9eb019432419) Importer(815301076,1909f56bfc062723c751e8b465ee728b)  -> (artifact id: '628176b2793ec2b089a8839d7c45872d') in 0.014709 seconds
Number of updated asset objects reloaded before import = 0
Number of asset objects unloaded after import = 16
========================================================================
Received Import Request.
  Time since last request: 0.000022 seconds.
  path: Assets/Goodies!/Cozy Room Pack/Prefabs/Painting8.prefab
  artifactKey: Guid(4404985520b3403429e9d04d598ab607) Importer(815301076,1909f56bfc062723c751e8b465ee728b)
Start importing Assets/Goodies!/Cozy Room Pack/Prefabs/Painting8.prefab using Guid(4404985520b3403429e9d04d598ab607) Importer(815301076,1909f56bfc062723c751e8b465ee728b)  -> (artifact id: '7533b73b33bd8cb99a0d5792433a503d') in 0.013485 seconds
Number of updated asset objects reloaded before import = 0
Number of asset objects unloaded after import = 14
========================================================================
Received Import Request.
  Time since last request: 0.000031 seconds.
  path: Assets/Goodies!/Cozy Room Pack/Prefabs/Paper.prefab
  artifactKey: Guid(037cbeda0a163f441bf69cc85f4f398c) Importer(815301076,1909f56bfc062723c751e8b465ee728b)
Start importing Assets/Goodies!/Cozy Room Pack/Prefabs/Paper.prefab using Guid(037cbeda0a163f441bf69cc85f4f398c) Importer(815301076,1909f56bfc062723c751e8b465ee728b)  -> (artifact id: '54432f959e4de3a499abdaaf39435519') in 0.012113 seconds
Number of updated asset objects reloaded before import = 0
Number of asset objects unloaded after import = 12
========================================================================
Received Import Request.
  Time since last request: 0.000024 seconds.
  path: Assets/Goodies!/Cozy Room Pack/Prefabs/Painting9.prefab
  artifactKey: Guid(6d83d0cc2667cad40b6fa7de660172ec) Importer(815301076,1909f56bfc062723c751e8b465ee728b)
Start importing Assets/Goodies!/Cozy Room Pack/Prefabs/Painting9.prefab using Guid(6d83d0cc2667cad40b6fa7de660172ec) Importer(815301076,1909f56bfc062723c751e8b465ee728b)  -> (artifact id: 'd065d261893bf6bac9057f3159b67998') in 0.012628 seconds
Number of updated asset objects reloaded before import = 0
Number of asset objects unloaded after import = 14
========================================================================
Received Import Request.
  Time since last request: 0.249651 seconds.
  path: Assets/Goodies!/Cozy Room Pack/Prefabs/Roof_Front_Wider_Right_Anchor.prefab
  artifactKey: Guid(1aad10da9c0913446ac3a83cff4adc41) Importer(815301076,1909f56bfc062723c751e8b465ee728b)
Start importing Assets/Goodies!/Cozy Room Pack/Prefabs/Roof_Front_Wider_Right_Anchor.prefab using Guid(1aad10da9c0913446ac3a83cff4adc41) Importer(815301076,1909f56bfc062723c751e8b465ee728b)  -> (artifact id: '67055b63e641b58e17201301477bb359') in 0.011978 seconds
Number of updated asset objects reloaded before import = 0
Number of asset objects unloaded after import = 12
========================================================================
Received Import Request.
  Time since last request: 0.000019 seconds.
  path: Assets/Goodies!/Cozy Room Pack/Prefabs/Roof_Half_Repeating.prefab
  artifactKey: Guid(9e446224042e35340bec2c0e491118f9) Importer(815301076,1909f56bfc062723c751e8b465ee728b)
Start importing Assets/Goodies!/Cozy Room Pack/Prefabs/Roof_Half_Repeating.prefab using Guid(9e446224042e35340bec2c0e491118f9) Importer(815301076,1909f56bfc062723c751e8b465ee728b)  -> (artifact id: '36ef7ba9a0950f2432702ccf63565814') in 0.011622 seconds
Number of updated asset objects reloaded before import = 0
Number of asset objects unloaded after import = 12
========================================================================
Received Import Request.
  Time since last request: 0.000045 seconds.
  path: Assets/Goodies!/Cozy Room Pack/Prefabs/Roof_Repeating.prefab
  artifactKey: Guid(d01513bd47d76704ebcdeba4e4371f39) Importer(815301076,1909f56bfc062723c751e8b465ee728b)
Start importing Assets/Goodies!/Cozy Room Pack/Prefabs/Roof_Repeating.prefab using Guid(d01513bd47d76704ebcdeba4e4371f39) Importer(815301076,1909f56bfc062723c751e8b465ee728b)  -> (artifact id: '9f5d20ccf8c6fa5ba8819a83fdb39303') in 0.013202 seconds
Number of updated asset objects reloaded before import = 0
Number of asset objects unloaded after import = 12
========================================================================
Received Import Request.
  Time since last request: 0.000024 seconds.
  path: Assets/Goodies!/Cozy Room Pack/Prefabs/Rug.prefab
  artifactKey: Guid(2dfd648199c7ab34fbaa8279ab0f9a9b) Importer(815301076,1909f56bfc062723c751e8b465ee728b)
Start importing Assets/Goodies!/Cozy Room Pack/Prefabs/Rug.prefab using Guid(2dfd648199c7ab34fbaa8279ab0f9a9b) Importer(815301076,1909f56bfc062723c751e8b465ee728b)  -> (artifact id: '50c53cf2a32ad2478fb014b8ead235ae') in 0.011377 seconds
Number of updated asset objects reloaded before import = 0
Number of asset objects unloaded after import = 12
========================================================================
Received Import Request.
  Time since last request: 0.000022 seconds.
  path: Assets/Goodies!/Cozy Room Pack/Prefabs/Roof_Half_Wider_Left_Anchor.prefab
  artifactKey: Guid(d3ebc77bb655e6c4e9fa343481656dee) Importer(815301076,1909f56bfc062723c751e8b465ee728b)
Start importing Assets/Goodies!/Cozy Room Pack/Prefabs/Roof_Half_Wider_Left_Anchor.prefab using Guid(d3ebc77bb655e6c4e9fa343481656dee) Importer(815301076,1909f56bfc062723c751e8b465ee728b)  -> (artifact id: '03ba976d4236d3b3ee2ef6c8764a0254') in 0.013021 seconds
Number of updated asset objects reloaded before import = 0
Number of asset objects unloaded after import = 12
========================================================================
Received Import Request.
  Time since last request: 0.000027 seconds.
  path: Assets/Goodies!/Cozy Room Pack/Prefabs/Roof_Seam_Concave.prefab
  artifactKey: Guid(3b1fdcd5705a6024c8006dad5b0c972f) Importer(815301076,1909f56bfc062723c751e8b465ee728b)
Start importing Assets/Goodies!/Cozy Room Pack/Prefabs/Roof_Seam_Concave.prefab using Guid(3b1fdcd5705a6024c8006dad5b0c972f) Importer(815301076,1909f56bfc062723c751e8b465ee728b)  -> (artifact id: 'c6d3ba8e3d87ab57d340ca6bb1ac1458') in 0.014115 seconds
Number of updated asset objects reloaded before import = 0
Number of asset objects unloaded after import = 12
========================================================================
Received Import Request.
  Time since last request: 0.000023 seconds.
  path: Assets/Goodies!/Cozy Room Pack/Prefabs/Roof_Seam_Convex_Wider.prefab
  artifactKey: Guid(771330a3cfda5e842bea87b5cb1a124d) Importer(815301076,1909f56bfc062723c751e8b465ee728b)
Start importing Assets/Goodies!/Cozy Room Pack/Prefabs/Roof_Seam_Convex_Wider.prefab using Guid(771330a3cfda5e842bea87b5cb1a124d) Importer(815301076,1909f56bfc062723c751e8b465ee728b)  -> (artifact id: '350033f14cdef50520e8f0e4459ad59d') in 0.012980 seconds
Number of updated asset objects reloaded before import = 0
Number of asset objects unloaded after import = 12
========================================================================
Received Import Request.
  Time since last request: 0.000036 seconds.
  path: Assets/Goodies!/Cozy Room Pack/Prefabs/Roof_Seam_Convex.prefab
  artifactKey: Guid(2358c805f70c5ca46ae64f365e068f3e) Importer(815301076,1909f56bfc062723c751e8b465ee728b)
Start importing Assets/Goodies!/Cozy Room Pack/Prefabs/Roof_Seam_Convex.prefab using Guid(2358c805f70c5ca46ae64f365e068f3e) Importer(815301076,1909f56bfc062723c751e8b465ee728b)  -> (artifact id: '5638bb95820af7eaf4abef71bb5fdd63') in 0.011518 seconds
Number of updated asset objects reloaded before import = 0
Number of asset objects unloaded after import = 12
========================================================================
Received Import Request.
  Time since last request: 0.000030 seconds.
  path: Assets/Goodies!/Cozy Room Pack/Prefabs/Roof_Quarter_Wider_Left_Anchor.prefab
  artifactKey: Guid(c83387bc9a0816444a1020f71c9401f0) Importer(815301076,1909f56bfc062723c751e8b465ee728b)
Start importing Assets/Goodies!/Cozy Room Pack/Prefabs/Roof_Quarter_Wider_Left_Anchor.prefab using Guid(c83387bc9a0816444a1020f71c9401f0) Importer(815301076,1909f56bfc062723c751e8b465ee728b)  -> (artifact id: '017f41fd783fa5465524168b73101fc4') in 0.011206 seconds
Number of updated asset objects reloaded before import = 0
Number of asset objects unloaded after import = 12
========================================================================
Received Import Request.
  Time since last request: 0.000031 seconds.
  path: Assets/Goodies!/Cozy Room Pack/Prefabs/Rubber_Duck.prefab
  artifactKey: Guid(8e359c2a1443bef43aa5591930ea1111) Importer(815301076,1909f56bfc062723c751e8b465ee728b)
Start importing Assets/Goodies!/Cozy Room Pack/Prefabs/Rubber_Duck.prefab using Guid(8e359c2a1443bef43aa5591930ea1111) Importer(815301076,1909f56bfc062723c751e8b465ee728b)  -> (artifact id: '93c24fda57178d1abfad49f338f70f68') in 0.011745 seconds
Number of updated asset objects reloaded before import = 0
Number of asset objects unloaded after import = 12
========================================================================
Received Import Request.
  Time since last request: 0.278854 seconds.
  path: Assets/Goodies!/Cozy Room Pack/Prefabs/SnakePlant2.prefab
  artifactKey: Guid(8890e08047ac8d64f92ee450bed1d513) Importer(815301076,1909f56bfc062723c751e8b465ee728b)
Start importing Assets/Goodies!/Cozy Room Pack/Prefabs/SnakePlant2.prefab using Guid(8890e08047ac8d64f92ee450bed1d513) Importer(815301076,1909f56bfc062723c751e8b465ee728b)  -> (artifact id: '097e26508a3d3fe224121278197e5f47') in 0.013447 seconds
Number of updated asset objects reloaded before import = 0
Number of asset objects unloaded after import = 14
========================================================================
Received Import Request.
  Time since last request: 0.000039 seconds.
  path: Assets/Goodies!/Cozy Room Pack/Prefabs/Stapler.prefab
  artifactKey: Guid(e78ba521f76ad924eb602d78cf91505b) Importer(815301076,1909f56bfc062723c751e8b465ee728b)
Start importing Assets/Goodies!/Cozy Room Pack/Prefabs/Stapler.prefab using Guid(e78ba521f76ad924eb602d78cf91505b) Importer(815301076,1909f56bfc062723c751e8b465ee728b)  -> (artifact id: '56f4111c26f702cda90b92682f398b56') in 0.011260 seconds
Number of updated asset objects reloaded before import = 0
Number of asset objects unloaded after import = 11
========================================================================
Received Import Request.
  Time since last request: 0.000030 seconds.
  path: Assets/Goodies!/Cozy Room Pack/Prefabs/StringLights.prefab
  artifactKey: Guid(56ad1a3c984fecd489c848ac4a3dd3c2) Importer(815301076,1909f56bfc062723c751e8b465ee728b)
Start importing Assets/Goodies!/Cozy Room Pack/Prefabs/StringLights.prefab using Guid(56ad1a3c984fecd489c848ac4a3dd3c2) Importer(815301076,1909f56bfc062723c751e8b465ee728b)  -> (artifact id: '21333b10f76b2f1a52526b2e9bcfc838') in 0.012485 seconds
Number of updated asset objects reloaded before import = 0
Number of asset objects unloaded after import = 13
========================================================================
Received Import Request.
  Time since last request: 0.000018 seconds.
  path: Assets/Goodies!/Cozy Room Pack/Prefabs/ToyBlock.prefab
  artifactKey: Guid(63fa408108c8f8747a9840303badcd44) Importer(815301076,1909f56bfc062723c751e8b465ee728b)
Start importing Assets/Goodies!/Cozy Room Pack/Prefabs/ToyBlock.prefab using Guid(63fa408108c8f8747a9840303badcd44) Importer(815301076,1909f56bfc062723c751e8b465ee728b)  -> (artifact id: '0aac1050bc7d75bea6f18b1dec6ae5cd') in 0.011617 seconds
Number of updated asset objects reloaded before import = 0
Number of asset objects unloaded after import = 12
========================================================================
Received Import Request.
  Time since last request: 0.000022 seconds.
  path: Assets/Goodies!/Cozy Room Pack/Prefabs/Tablet.prefab
  artifactKey: Guid(af749e7041de5b94d96fc5c332a02fc9) Importer(815301076,1909f56bfc062723c751e8b465ee728b)
Start importing Assets/Goodies!/Cozy Room Pack/Prefabs/Tablet.prefab using Guid(af749e7041de5b94d96fc5c332a02fc9) Importer(815301076,1909f56bfc062723c751e8b465ee728b)  -> (artifact id: 'a3883d9e918a5fac3612a293b8f056dc') in 0.012262 seconds
Number of updated asset objects reloaded before import = 0
Number of asset objects unloaded after import = 12
========================================================================
Received Import Request.
  Time since last request: 0.000038 seconds.
  path: Assets/Goodies!/Cozy Room Pack/Prefabs/TrashBin.prefab
  artifactKey: Guid(81d84634fa72f0f4aa8813df4868bb99) Importer(815301076,1909f56bfc062723c751e8b465ee728b)
Start importing Assets/Goodies!/Cozy Room Pack/Prefabs/TrashBin.prefab using Guid(81d84634fa72f0f4aa8813df4868bb99) Importer(815301076,1909f56bfc062723c751e8b465ee728b)  -> (artifact id: '125574fb756faad009afc9c6a41ba3b6') in 0.011270 seconds
Number of updated asset objects reloaded before import = 0
Number of asset objects unloaded after import = 18
========================================================================
Received Import Request.
  Time since last request: 0.274964 seconds.
  path: Assets/Goodies!/Cozy Room Pack/Prefabs/TV2.prefab
  artifactKey: Guid(fdbb5218620cee740a1c6c8384287dd1) Importer(815301076,1909f56bfc062723c751e8b465ee728b)
Start importing Assets/Goodies!/Cozy Room Pack/Prefabs/TV2.prefab using Guid(fdbb5218620cee740a1c6c8384287dd1) Importer(815301076,1909f56bfc062723c751e8b465ee728b)  -> (artifact id: '9425436e845b28ad53192c28e278e9e9') in 0.012715 seconds
Number of updated asset objects reloaded before import = 0
Number of asset objects unloaded after import = 12
========================================================================
Received Import Request.
  Time since last request: 0.003939 seconds.
  path: Assets/Goodies!/Cozy Room Pack/Prefabs/Vine.prefab
  artifactKey: Guid(e299104c57bdfdd47b3eb38008bfced9) Importer(815301076,1909f56bfc062723c751e8b465ee728b)
Start importing Assets/Goodies!/Cozy Room Pack/Prefabs/Vine.prefab using Guid(e299104c57bdfdd47b3eb38008bfced9) Importer(815301076,1909f56bfc062723c751e8b465ee728b)  -> (artifact id: '4d916c17df9e5965bb737a0d40e72ab1') in 0.012714 seconds
Number of updated asset objects reloaded before import = 0
Number of asset objects unloaded after import = 12
========================================================================
Received Import Request.
  Time since last request: 0.000021 seconds.
  path: Assets/Goodies!/Cozy Room Pack/Prefabs/Wall.prefab
  artifactKey: Guid(8eee444592be2d94682cbda046aa6161) Importer(815301076,1909f56bfc062723c751e8b465ee728b)
Start importing Assets/Goodies!/Cozy Room Pack/Prefabs/Wall.prefab using Guid(8eee444592be2d94682cbda046aa6161) Importer(815301076,1909f56bfc062723c751e8b465ee728b)  -> (artifact id: '8f8c365065cf538d08e0dc653e844fa0') in 0.016255 seconds
Number of updated asset objects reloaded before import = 0
Number of asset objects unloaded after import = 31
========================================================================
Received Import Request.
  Time since last request: 0.000018 seconds.
  path: Assets/Goodies!/Cozy Room Pack/Prefabs/Wall_Interior_Angled_6.prefab
  artifactKey: Guid(2941e37437a7cdb47b9c9e501569715b) Importer(815301076,1909f56bfc062723c751e8b465ee728b)
Start importing Assets/Goodies!/Cozy Room Pack/Prefabs/Wall_Interior_Angled_6.prefab using Guid(2941e37437a7cdb47b9c9e501569715b) Importer(815301076,1909f56bfc062723c751e8b465ee728b)  -> (artifact id: 'ac176fb691bc5161b5d5d0b16a01afa7') in 0.018014 seconds
Number of updated asset objects reloaded before import = 0
Number of asset objects unloaded after import = 14
========================================================================
Received Import Request.
  Time since last request: 0.000025 seconds.
  path: Assets/Goodies!/Cozy Room Pack/Prefabs/Wall_Interior_Angled_2.prefab
  artifactKey: Guid(5be1710c4d7a1fa479f1e5adf623b7a7) Importer(815301076,1909f56bfc062723c751e8b465ee728b)
Start importing Assets/Goodies!/Cozy Room Pack/Prefabs/Wall_Interior_Angled_2.prefab using Guid(5be1710c4d7a1fa479f1e5adf623b7a7) Importer(815301076,1909f56bfc062723c751e8b465ee728b)  -> (artifact id: '5288f074852fab8374af5098e42888d5') in 0.016731 seconds
Number of updated asset objects reloaded before import = 0
Number of asset objects unloaded after import = 14
========================================================================
Received Import Request.
  Time since last request: 0.000024 seconds.
  path: Assets/Goodies!/Cozy Room Pack/Prefabs/Wall_Interior_Angled_8.prefab
  artifactKey: Guid(1ff07c4f9426c1649bc2de572f1c0fa2) Importer(815301076,1909f56bfc062723c751e8b465ee728b)
Start importing Assets/Goodies!/Cozy Room Pack/Prefabs/Wall_Interior_Angled_8.prefab using Guid(1ff07c4f9426c1649bc2de572f1c0fa2) Importer(815301076,1909f56bfc062723c751e8b465ee728b)  -> (artifact id: '3f130185e6f25adc7c6cc1f1526d10d3') in 0.014933 seconds
Number of updated asset objects reloaded before import = 0
Number of asset objects unloaded after import = 14
========================================================================
Received Import Request.
  Time since last request: 0.000020 seconds.
  path: Assets/Goodies!/Cozy Room Pack/Prefabs/Wall_Interior_Angled_7.prefab
  artifactKey: Guid(362684597f121ba42934ad0c93712686) Importer(815301076,1909f56bfc062723c751e8b465ee728b)
Start importing Assets/Goodies!/Cozy Room Pack/Prefabs/Wall_Interior_Angled_7.prefab using Guid(362684597f121ba42934ad0c93712686) Importer(815301076,1909f56bfc062723c751e8b465ee728b)  -> (artifact id: 'e11f8d59b19179fd9ca050f606051397') in 0.014973 seconds
Number of updated asset objects reloaded before import = 0
Number of asset objects unloaded after import = 14
========================================================================
Received Import Request.
  Time since last request: 0.000021 seconds.
  path: Assets/Goodies!/Cozy Room Pack/Prefabs/Wall_Interior.prefab
  artifactKey: Guid(b6d2748105620a24ca821fc9bf8709e6) Importer(815301076,1909f56bfc062723c751e8b465ee728b)
Start importing Assets/Goodies!/Cozy Room Pack/Prefabs/Wall_Interior.prefab using Guid(b6d2748105620a24ca821fc9bf8709e6) Importer(815301076,1909f56bfc062723c751e8b465ee728b)  -> (artifact id: '91fa0089fd759c5b46e217246ecfc169') in 0.014154 seconds
Number of updated asset objects reloaded before import = 0
Number of asset objects unloaded after import = 14
========================================================================
Received Import Request.
  Time since last request: 0.217307 seconds.
  path: Assets/Goodies!/Cozy Room Pack/Prefabs/Wall_Interior_Extension_WIth_Trim.prefab
  artifactKey: Guid(ac4b02bc11806db498189d3f836ed108) Importer(815301076,1909f56bfc062723c751e8b465ee728b)
Start importing Assets/Goodies!/Cozy Room Pack/Prefabs/Wall_Interior_Extension_WIth_Trim.prefab using Guid(ac4b02bc11806db498189d3f836ed108) Importer(815301076,1909f56bfc062723c751e8b465ee728b)  -> (artifact id: 'b2efef3041d4a8e66ff03be40a431408') in 0.017604 seconds
Number of updated asset objects reloaded before import = 0
Number of asset objects unloaded after import = 13
========================================================================
Received Import Request.
  Time since last request: 0.000042 seconds.
  path: Assets/Goodies!/Cozy Room Pack/Prefabs/Window.prefab
  artifactKey: Guid(3a3af5d3be2b1cc45b5c50dc2ff4db41) Importer(815301076,1909f56bfc062723c751e8b465ee728b)
Start importing Assets/Goodies!/Cozy Room Pack/Prefabs/Window.prefab using Guid(3a3af5d3be2b1cc45b5c50dc2ff4db41) Importer(815301076,1909f56bfc062723c751e8b465ee728b)  -> (artifact id: 'd936d20da4d2936b851047e1a40cdf40') in 0.016775 seconds
Number of updated asset objects reloaded before import = 0
Number of asset objects unloaded after import = 27
========================================================================
Received Import Request.
  Time since last request: 0.000019 seconds.
  path: Assets/Goodies!/Cozy Room Pack/Prefabs/Wood_Fireplace.prefab
  artifactKey: Guid(603dfa0253ae1114b9ddda85b2e0ff43) Importer(815301076,1909f56bfc062723c751e8b465ee728b)
Start importing Assets/Goodies!/Cozy Room Pack/Prefabs/Wood_Fireplace.prefab using Guid(603dfa0253ae1114b9ddda85b2e0ff43) Importer(815301076,1909f56bfc062723c751e8b465ee728b)  -> (artifact id: '3a24dc9091111236ad41790f1a7f4023') in 0.016614 seconds
Number of updated asset objects reloaded before import = 0
Number of asset objects unloaded after import = 13
========================================================================
Received Import Request.
  Time since last request: 0.000020 seconds.
  path: Assets/Goodies!/Cozy Room Pack/Prefabs/WaterBottle.prefab
  artifactKey: Guid(d677f26cd2c5e54449db1e05f15dc60e) Importer(815301076,1909f56bfc062723c751e8b465ee728b)
Start importing Assets/Goodies!/Cozy Room Pack/Prefabs/WaterBottle.prefab using Guid(d677f26cd2c5e54449db1e05f15dc60e) Importer(815301076,1909f56bfc062723c751e8b465ee728b)  -> (artifact id: '61d0c061d98fd3f78de394476f35d911') in 0.014969 seconds
Number of updated asset objects reloaded before import = 0
Number of asset objects unloaded after import = 14
========================================================================
Received Import Request.
  Time since last request: 0.000021 seconds.
  path: Assets/Goodies!/Cozy Room Pack/Prefabs/Window_Cutout.prefab
  artifactKey: Guid(285888196e740244890f641a052df4f5) Importer(815301076,1909f56bfc062723c751e8b465ee728b)
Start importing Assets/Goodies!/Cozy Room Pack/Prefabs/Window_Cutout.prefab using Guid(285888196e740244890f641a052df4f5) Importer(815301076,1909f56bfc062723c751e8b465ee728b)  -> (artifact id: '2f5a59c7140f05e2c865b9eeef78a0b5') in 0.016338 seconds
Number of updated asset objects reloaded before import = 0
Number of asset objects unloaded after import = 46
========================================================================
Received Prepare
Begin MonoManager ReloadAssembly
Symbol file LoadedFromMemory is not a mono symbol file
- Loaded All Assemblies, in  0.519 seconds
Refreshing native plugins compatible for Editor in 9.32 ms, found 4 plugins.
Native extension for WindowsStandalone target not found
Native extension for Android target not found
Mono: successfully reloaded assembly
- Finished resetting the current domain, in  3.016 seconds
Domain Reload Profiling: 3529ms
	BeginReloadAssembly (167ms)
		ExecutionOrderSort (0ms)
		DisableScriptedObjects (8ms)
		BackupInstance (0ms)
		ReleaseScriptingObjects (0ms)
		CreateAndSetChildDomain (46ms)
	RebuildCommonClasses (24ms)
	RebuildNativeTypeToScriptingClass (8ms)
	initialDomainReloadingComplete (29ms)
	LoadAllAssembliesAndSetupDomain (284ms)
		LoadAssemblies (310ms)
		RebuildTransferFunctionScriptingTraits (0ms)
		AnalyzeDomain (49ms)
			TypeCache.Refresh (13ms)
				TypeCache.ScanAssembly (4ms)
			ScanForSourceGeneratedMonoScriptInfo (26ms)
			ResolveRequiredComponents (9ms)
	FinalizeReload (3017ms)
		ReleaseScriptCaches (0ms)
		RebuildScriptCaches (0ms)
		SetupLoadedEditorAssemblies (1131ms)
			LogAssemblyErrors (0ms)
			InitializePlatformSupportModulesInManaged (24ms)
			SetLoadedEditorAssemblies (4ms)
			RefreshPlugins (0ms)
			BeforeProcessingInitializeOnLoad (76ms)
			ProcessInitializeOnLoadAttributes (974ms)
			ProcessInitializeOnLoadMethodAttributes (45ms)
			AfterProcessingInitializeOnLoad (8ms)
			EditorAssembliesLoaded (0ms)
		ExecutionOrderSort2 (0ms)
		AwakeInstancesAfterBackupRestoration (16ms)
Refreshing native plugins compatible for Editor in 8.80 ms, found 4 plugins.
Preloading 0 native plugins for Editor in 0.00 ms.
Unloading 7008 Unused Serialized files (Serialized files now loaded: 0)
Unloading 56 unused Assets / (1.2 MB). Loaded Objects now: 7712.
Memory consumption went from 243.2 MB to 242.0 MB.
Total: 3.726500 ms (FindLiveObjects: 0.393700 ms CreateObjectMapping: 0.236600 ms MarkObjects: 2.839200 ms  DeleteObjects: 0.255900 ms)

Prepare: number of updated asset objects reloaded= 0
AssetImportParameters requested are different than current active one (requested -> active):
  custom:container-demuxer-ogg: 62fdf1f143b41e24485cea50d1cbac27 -> 
  custom:framework-win-MediaFoundation: 216162199b28c13a410421893ffa2e32 -> 
  custom:container-muxer-webm: aa71ff27fc2769a1b78a27578f13a17b -> 
  custom:video-decoder-webm-vp8: 9c59270c3fd7afecdb556c50c9e8de78 -> 
  custom:SearchIndexIgnoredProperties: e643bd26f0fe6173181afceb89e7c659 -> 
  custom:AudioImporter_EditorPlatform: d09bf68614088b80899f8185d706f6e7 -> 
  custom:audio-decoder-ogg-vorbis: bf7c407c2cedff20999df2af8eb42d56 -> 
  custom:audio-encoder-webm-vorbis: bf7c407c2cedff20999df2af8eb42d56 -> 
  custom:video-codec-MediaFoundation-h265: 746d11721c4dcdbdad8f713fa42b33f4 -> 
  custom:video-decoder-ogg-theora: a1e56fd34408186e4bbccfd4996cb3dc -> 
  custom:CustomObjectIndexerAttribute: 62b5816608c3102f162a1797e29626cf -> 
  custom:container-demuxer-webm: 4f35f7cbe854078d1ac9338744f61a02 -> 
  custom:video-encoder-webm-vp8: eb34c28f22e8b96e1ab97ce403110664 -> 
========================================================================
Received Import Request.
  Time since last request: 197.669185 seconds.
  path: Assets/OtherProjectAssets/StarterAssets/ThirdPersonController/Prefabs/NestedParentCapsule_Unpack.prefab
  artifactKey: Guid(212907312655a4443a025a304442c17c) Importer(815301076,1909f56bfc062723c751e8b465ee728b)
Start importing Assets/OtherProjectAssets/StarterAssets/ThirdPersonController/Prefabs/NestedParentCapsule_Unpack.prefab using Guid(212907312655a4443a025a304442c17c) Importer(815301076,1909f56bfc062723c751e8b465ee728b)  -> (artifact id: '8779891e051a9b86b27e397272da1e23') in 0.835612 seconds
Number of updated asset objects reloaded before import = 0
Number of asset objects unloaded after import = 259
========================================================================
Received Import Request.
  Time since last request: 0.000038 seconds.
  path: Assets/OtherProjectAssets/StarterAssets/ThirdPersonController/Prefabs/PlayerFollowCamera.prefab
  artifactKey: Guid(a1a802ecaf6775746bb2a929fb554ad8) Importer(815301076,1909f56bfc062723c751e8b465ee728b)
Start importing Assets/OtherProjectAssets/StarterAssets/ThirdPersonController/Prefabs/PlayerFollowCamera.prefab using Guid(a1a802ecaf6775746bb2a929fb554ad8) Importer(815301076,1909f56bfc062723c751e8b465ee728b)  -> (artifact id: '8744dc00fdd2fa09a52de773dfb14c3b') in 0.003301 seconds
Number of updated asset objects reloaded before import = 0
Number of asset objects unloaded after import = 11
========================================================================
Received Prepare
Begin MonoManager ReloadAssembly
Symbol file LoadedFromMemory is not a mono symbol file
- Loaded All Assemblies, in  0.445 seconds
Refreshing native plugins compatible for Editor in 7.57 ms, found 4 plugins.
Native extension for WindowsStandalone target not found
Native extension for Android target not found
Mono: successfully reloaded assembly
- Finished resetting the current domain, in  2.239 seconds
Domain Reload Profiling: 2677ms
	BeginReloadAssembly (157ms)
		ExecutionOrderSort (0ms)
		DisableScriptedObjects (6ms)
		BackupInstance (0ms)
		ReleaseScriptingObjects (0ms)
		CreateAndSetChildDomain (42ms)
	RebuildCommonClasses (24ms)
	RebuildNativeTypeToScriptingClass (7ms)
	initialDomainReloadingComplete (28ms)
	LoadAllAssembliesAndSetupDomain (223ms)
		LoadAssemblies (275ms)
		RebuildTransferFunctionScriptingTraits (0ms)
		AnalyzeDomain (17ms)
			TypeCache.Refresh (7ms)
				TypeCache.ScanAssembly (0ms)
			ScanForSourceGeneratedMonoScriptInfo (0ms)
			ResolveRequiredComponents (9ms)
	FinalizeReload (2239ms)
		ReleaseScriptCaches (0ms)
		RebuildScriptCaches (0ms)
		SetupLoadedEditorAssemblies (1149ms)
			LogAssemblyErrors (0ms)
			InitializePlatformSupportModulesInManaged (24ms)
			SetLoadedEditorAssemblies (4ms)
			RefreshPlugins (0ms)
			BeforeProcessingInitializeOnLoad (81ms)
			ProcessInitializeOnLoadAttributes (988ms)
			ProcessInitializeOnLoadMethodAttributes (42ms)
			AfterProcessingInitializeOnLoad (10ms)
			EditorAssembliesLoaded (0ms)
		ExecutionOrderSort2 (0ms)
		AwakeInstancesAfterBackupRestoration (19ms)
Refreshing native plugins compatible for Editor in 9.06 ms, found 4 plugins.
Preloading 0 native plugins for Editor in 0.00 ms.
Unloading 7008 Unused Serialized files (Serialized files now loaded: 0)
Unloading 56 unused Assets / (1.2 MB). Loaded Objects now: 7767.
Memory consumption went from 245.3 MB to 244.1 MB.
Total: 3.637700 ms (FindLiveObjects: 0.363300 ms CreateObjectMapping: 0.223900 ms MarkObjects: 2.778600 ms  DeleteObjects: 0.270800 ms)

Prepare: number of updated asset objects reloaded= 0
AssetImportParameters requested are different than current active one (requested -> active):
  custom:container-demuxer-ogg: 62fdf1f143b41e24485cea50d1cbac27 -> 
  custom:framework-win-MediaFoundation: 216162199b28c13a410421893ffa2e32 -> 
  custom:container-muxer-webm: aa71ff27fc2769a1b78a27578f13a17b -> 
  custom:video-decoder-webm-vp8: 9c59270c3fd7afecdb556c50c9e8de78 -> 
  custom:SearchIndexIgnoredProperties: e643bd26f0fe6173181afceb89e7c659 -> 
  custom:AudioImporter_EditorPlatform: d09bf68614088b80899f8185d706f6e7 -> 
  custom:audio-decoder-ogg-vorbis: bf7c407c2cedff20999df2af8eb42d56 -> 
  custom:audio-encoder-webm-vorbis: bf7c407c2cedff20999df2af8eb42d56 -> 
  custom:video-codec-MediaFoundation-h265: 746d11721c4dcdbdad8f713fa42b33f4 -> 
  custom:video-decoder-ogg-theora: a1e56fd34408186e4bbccfd4996cb3dc -> 
  custom:CustomObjectIndexerAttribute: 62b5816608c3102f162a1797e29626cf -> 
  custom:container-demuxer-webm: 4f35f7cbe854078d1ac9338744f61a02 -> 
  custom:video-encoder-webm-vp8: eb34c28f22e8b96e1ab97ce403110664 -> 
========================================================================
Received Prepare
Begin MonoManager ReloadAssembly
Symbol file LoadedFromMemory is not a mono symbol file
- Loaded All Assemblies, in  0.432 seconds
Refreshing native plugins compatible for Editor in 8.01 ms, found 4 plugins.
Native extension for WindowsStandalone target not found
Native extension for Android target not found
Mono: successfully reloaded assembly
- Finished resetting the current domain, in  2.354 seconds
Domain Reload Profiling: 2778ms
	BeginReloadAssembly (148ms)
		ExecutionOrderSort (0ms)
		DisableScriptedObjects (3ms)
		BackupInstance (0ms)
		ReleaseScriptingObjects (0ms)
		CreateAndSetChildDomain (39ms)
	RebuildCommonClasses (23ms)
	RebuildNativeTypeToScriptingClass (7ms)
	initialDomainReloadingComplete (28ms)
	LoadAllAssembliesAndSetupDomain (218ms)
		LoadAssemblies (269ms)
		RebuildTransferFunctionScriptingTraits (0ms)
		AnalyzeDomain (18ms)
			TypeCache.Refresh (7ms)
				TypeCache.ScanAssembly (0ms)
			ScanForSourceGeneratedMonoScriptInfo (0ms)
			ResolveRequiredComponents (9ms)
	FinalizeReload (2354ms)
		ReleaseScriptCaches (0ms)
		RebuildScriptCaches (0ms)
		SetupLoadedEditorAssemblies (1181ms)
			LogAssemblyErrors (0ms)
			InitializePlatformSupportModulesInManaged (26ms)
			SetLoadedEditorAssemblies (4ms)
			RefreshPlugins (0ms)
			BeforeProcessingInitializeOnLoad (79ms)
			ProcessInitializeOnLoadAttributes (1016ms)
			ProcessInitializeOnLoadMethodAttributes (45ms)
			AfterProcessingInitializeOnLoad (11ms)
			EditorAssembliesLoaded (0ms)
		ExecutionOrderSort2 (0ms)
		AwakeInstancesAfterBackupRestoration (17ms)
Refreshing native plugins compatible for Editor in 9.23 ms, found 4 plugins.
Preloading 0 native plugins for Editor in 0.00 ms.
Unloading 7008 Unused Serialized files (Serialized files now loaded: 0)
Unloading 56 unused Assets / (1.2 MB). Loaded Objects now: 7785.
Memory consumption went from 247.2 MB to 246.0 MB.
Total: 3.994200 ms (FindLiveObjects: 0.414800 ms CreateObjectMapping: 0.289900 ms MarkObjects: 2.847400 ms  DeleteObjects: 0.441100 ms)

Prepare: number of updated asset objects reloaded= 0
AssetImportParameters requested are different than current active one (requested -> active):
  custom:container-demuxer-ogg: 62fdf1f143b41e24485cea50d1cbac27 -> 
  custom:framework-win-MediaFoundation: 216162199b28c13a410421893ffa2e32 -> 
  custom:container-muxer-webm: aa71ff27fc2769a1b78a27578f13a17b -> 
  custom:video-decoder-webm-vp8: 9c59270c3fd7afecdb556c50c9e8de78 -> 
  custom:SearchIndexIgnoredProperties: e643bd26f0fe6173181afceb89e7c659 -> 
  custom:AudioImporter_EditorPlatform: d09bf68614088b80899f8185d706f6e7 -> 
  custom:audio-decoder-ogg-vorbis: bf7c407c2cedff20999df2af8eb42d56 -> 
  custom:audio-encoder-webm-vorbis: bf7c407c2cedff20999df2af8eb42d56 -> 
  custom:video-codec-MediaFoundation-h265: 746d11721c4dcdbdad8f713fa42b33f4 -> 
  custom:video-decoder-ogg-theora: a1e56fd34408186e4bbccfd4996cb3dc -> 
  custom:CustomObjectIndexerAttribute: 62b5816608c3102f162a1797e29626cf -> 
  custom:container-demuxer-webm: 4f35f7cbe854078d1ac9338744f61a02 -> 
  custom:video-encoder-webm-vp8: eb34c28f22e8b96e1ab97ce403110664 -> 
========================================================================
Received Prepare
Begin MonoManager ReloadAssembly
Symbol file LoadedFromMemory is not a mono symbol file
- Loaded All Assemblies, in  0.520 seconds
Refreshing native plugins compatible for Editor in 9.07 ms, found 4 plugins.
Native extension for WindowsStandalone target not found
Native extension for Android target not found
Mono: successfully reloaded assembly
- Finished resetting the current domain, in  3.483 seconds
Domain Reload Profiling: 3994ms
	BeginReloadAssembly (163ms)
		ExecutionOrderSort (0ms)
		DisableScriptedObjects (3ms)
		BackupInstance (0ms)
		ReleaseScriptingObjects (0ms)
		CreateAndSetChildDomain (42ms)
	RebuildCommonClasses (24ms)
	RebuildNativeTypeToScriptingClass (7ms)
	initialDomainReloadingComplete (33ms)
	LoadAllAssembliesAndSetupDomain (283ms)
		LoadAssemblies (342ms)
		RebuildTransferFunctionScriptingTraits (0ms)
		AnalyzeDomain (17ms)
			TypeCache.Refresh (6ms)
				TypeCache.ScanAssembly (0ms)
			ScanForSourceGeneratedMonoScriptInfo (0ms)
			ResolveRequiredComponents (9ms)
	FinalizeReload (3483ms)
		ReleaseScriptCaches (0ms)
		RebuildScriptCaches (0ms)
		SetupLoadedEditorAssemblies (1333ms)
			LogAssemblyErrors (0ms)
			InitializePlatformSupportModulesInManaged (29ms)
			SetLoadedEditorAssemblies (5ms)
			RefreshPlugins (0ms)
			BeforeProcessingInitializeOnLoad (85ms)
			ProcessInitializeOnLoadAttributes (1157ms)
			ProcessInitializeOnLoadMethodAttributes (47ms)
			AfterProcessingInitializeOnLoad (9ms)
			EditorAssembliesLoaded (0ms)
		ExecutionOrderSort2 (0ms)
		AwakeInstancesAfterBackupRestoration (18ms)
Refreshing native plugins compatible for Editor in 10.83 ms, found 4 plugins.
Preloading 0 native plugins for Editor in 0.00 ms.
Unloading 7008 Unused Serialized files (Serialized files now loaded: 0)
Unloading 56 unused Assets / (1.2 MB). Loaded Objects now: 7803.
Memory consumption went from 249.1 MB to 247.9 MB.
Total: 4.728200 ms (FindLiveObjects: 0.470200 ms CreateObjectMapping: 0.356400 ms MarkObjects: 3.440700 ms  DeleteObjects: 0.459600 ms)

Prepare: number of updated asset objects reloaded= 0
AssetImportParameters requested are different than current active one (requested -> active):
  custom:container-demuxer-ogg: 62fdf1f143b41e24485cea50d1cbac27 -> 
  custom:framework-win-MediaFoundation: 216162199b28c13a410421893ffa2e32 -> 
  custom:container-muxer-webm: aa71ff27fc2769a1b78a27578f13a17b -> 
  custom:video-decoder-webm-vp8: 9c59270c3fd7afecdb556c50c9e8de78 -> 
  custom:SearchIndexIgnoredProperties: e643bd26f0fe6173181afceb89e7c659 -> 
  custom:AudioImporter_EditorPlatform: d09bf68614088b80899f8185d706f6e7 -> 
  custom:audio-decoder-ogg-vorbis: bf7c407c2cedff20999df2af8eb42d56 -> 
  custom:audio-encoder-webm-vorbis: bf7c407c2cedff20999df2af8eb42d56 -> 
  custom:video-codec-MediaFoundation-h265: 746d11721c4dcdbdad8f713fa42b33f4 -> 
  custom:video-decoder-ogg-theora: a1e56fd34408186e4bbccfd4996cb3dc -> 
  custom:CustomObjectIndexerAttribute: 62b5816608c3102f162a1797e29626cf -> 
  custom:container-demuxer-webm: 4f35f7cbe854078d1ac9338744f61a02 -> 
  custom:video-encoder-webm-vp8: eb34c28f22e8b96e1ab97ce403110664 -> 
========================================================================
Received Import Request.
  Time since last request: 303.292021 seconds.
  path: Assets/OtherProjectAssets/StarterAssets/ThirdPersonController/Prefabs/NestedParentArmature_Unpack.prefab
  artifactKey: Guid(c708a3b79cd542b42bbfedb17e213bc1) Importer(815301076,1909f56bfc062723c751e8b465ee728b)
Start importing Assets/OtherProjectAssets/StarterAssets/ThirdPersonController/Prefabs/NestedParentArmature_Unpack.prefab using Guid(c708a3b79cd542b42bbfedb17e213bc1) Importer(815301076,1909f56bfc062723c751e8b465ee728b)  -> (artifact id: '10682a524371bb0098ee09dacacaaf2d') in 1.074218 seconds
Number of updated asset objects reloaded before import = 0
Number of asset objects unloaded after import = 584
========================================================================
Received Prepare
Begin MonoManager ReloadAssembly
Symbol file LoadedFromMemory is not a mono symbol file
- Loaded All Assemblies, in  0.479 seconds
Refreshing native plugins compatible for Editor in 8.27 ms, found 4 plugins.
Native extension for WindowsStandalone target not found
Native extension for Android target not found
Mono: successfully reloaded assembly
- Finished resetting the current domain, in  2.566 seconds
Domain Reload Profiling: 3037ms
	BeginReloadAssembly (162ms)
		ExecutionOrderSort (0ms)
		DisableScriptedObjects (7ms)
		BackupInstance (0ms)
		ReleaseScriptingObjects (0ms)
		CreateAndSetChildDomain (46ms)
	RebuildCommonClasses (25ms)
	RebuildNativeTypeToScriptingClass (8ms)
	initialDomainReloadingComplete (32ms)
	LoadAllAssembliesAndSetupDomain (244ms)
		LoadAssemblies (297ms)
		RebuildTransferFunctionScriptingTraits (0ms)
		AnalyzeDomain (19ms)
			TypeCache.Refresh (7ms)
				TypeCache.ScanAssembly (0ms)
			ScanForSourceGeneratedMonoScriptInfo (0ms)
			ResolveRequiredComponents (10ms)
	FinalizeReload (2567ms)
		ReleaseScriptCaches (0ms)
		RebuildScriptCaches (0ms)
		SetupLoadedEditorAssemblies (1289ms)
			LogAssemblyErrors (0ms)
			InitializePlatformSupportModulesInManaged (28ms)
			SetLoadedEditorAssemblies (4ms)
			RefreshPlugins (0ms)
			BeforeProcessingInitializeOnLoad (83ms)
			ProcessInitializeOnLoadAttributes (1114ms)
			ProcessInitializeOnLoadMethodAttributes (50ms)
			AfterProcessingInitializeOnLoad (9ms)
			EditorAssembliesLoaded (0ms)
		ExecutionOrderSort2 (0ms)
		AwakeInstancesAfterBackupRestoration (19ms)
Refreshing native plugins compatible for Editor in 10.59 ms, found 4 plugins.
Preloading 0 native plugins for Editor in 0.00 ms.
Unloading 7008 Unused Serialized files (Serialized files now loaded: 0)
Unloading 56 unused Assets / (1.2 MB). Loaded Objects now: 7858.
Memory consumption went from 251.9 MB to 250.7 MB.
Total: 4.611700 ms (FindLiveObjects: 0.410300 ms CreateObjectMapping: 0.264300 ms MarkObjects: 3.552800 ms  DeleteObjects: 0.382900 ms)

Prepare: number of updated asset objects reloaded= 0
AssetImportParameters requested are different than current active one (requested -> active):
  custom:container-demuxer-ogg: 62fdf1f143b41e24485cea50d1cbac27 -> 
  custom:framework-win-MediaFoundation: 216162199b28c13a410421893ffa2e32 -> 
  custom:container-muxer-webm: aa71ff27fc2769a1b78a27578f13a17b -> 
  custom:video-decoder-webm-vp8: 9c59270c3fd7afecdb556c50c9e8de78 -> 
  custom:SearchIndexIgnoredProperties: e643bd26f0fe6173181afceb89e7c659 -> 
  custom:AudioImporter_EditorPlatform: d09bf68614088b80899f8185d706f6e7 -> 
  custom:audio-decoder-ogg-vorbis: bf7c407c2cedff20999df2af8eb42d56 -> 
  custom:audio-encoder-webm-vorbis: bf7c407c2cedff20999df2af8eb42d56 -> 
  custom:video-codec-MediaFoundation-h265: 746d11721c4dcdbdad8f713fa42b33f4 -> 
  custom:video-decoder-ogg-theora: a1e56fd34408186e4bbccfd4996cb3dc -> 
  custom:CustomObjectIndexerAttribute: 62b5816608c3102f162a1797e29626cf -> 
  custom:container-demuxer-webm: 4f35f7cbe854078d1ac9338744f61a02 -> 
  custom:video-encoder-webm-vp8: eb34c28f22e8b96e1ab97ce403110664 -> 
========================================================================
Received Prepare
Begin MonoManager ReloadAssembly
Symbol file LoadedFromMemory is not a mono symbol file
- Loaded All Assemblies, in  0.474 seconds
Refreshing native plugins compatible for Editor in 8.98 ms, found 4 plugins.
Native extension for WindowsStandalone target not found
Native extension for Android target not found
Mono: successfully reloaded assembly
- Finished resetting the current domain, in  2.590 seconds
Domain Reload Profiling: 3057ms
	BeginReloadAssembly (157ms)
		ExecutionOrderSort (0ms)
		DisableScriptedObjects (3ms)
		BackupInstance (0ms)
		ReleaseScriptingObjects (0ms)
		CreateAndSetChildDomain (43ms)
	RebuildCommonClasses (24ms)
	RebuildNativeTypeToScriptingClass (7ms)
	initialDomainReloadingComplete (30ms)
	LoadAllAssembliesAndSetupDomain (248ms)
		LoadAssemblies (300ms)
		RebuildTransferFunctionScriptingTraits (0ms)
		AnalyzeDomain (20ms)
			TypeCache.Refresh (7ms)
				TypeCache.ScanAssembly (0ms)
			ScanForSourceGeneratedMonoScriptInfo (0ms)
			ResolveRequiredComponents (10ms)
	FinalizeReload (2591ms)
		ReleaseScriptCaches (0ms)
		RebuildScriptCaches (0ms)
		SetupLoadedEditorAssemblies (1293ms)
			LogAssemblyErrors (0ms)
			InitializePlatformSupportModulesInManaged (27ms)
			SetLoadedEditorAssemblies (5ms)
			RefreshPlugins (0ms)
			BeforeProcessingInitializeOnLoad (84ms)
			ProcessInitializeOnLoadAttributes (1117ms)
			ProcessInitializeOnLoadMethodAttributes (51ms)
			AfterProcessingInitializeOnLoad (9ms)
			EditorAssembliesLoaded (0ms)
		ExecutionOrderSort2 (0ms)
		AwakeInstancesAfterBackupRestoration (21ms)
Refreshing native plugins compatible for Editor in 9.44 ms, found 4 plugins.
Preloading 0 native plugins for Editor in 0.00 ms.
Unloading 7008 Unused Serialized files (Serialized files now loaded: 0)
Unloading 56 unused Assets / (1.2 MB). Loaded Objects now: 7876.
Memory consumption went from 253.8 MB to 252.6 MB.
Total: 3.886100 ms (FindLiveObjects: 0.475800 ms CreateObjectMapping: 0.307400 ms MarkObjects: 2.803100 ms  DeleteObjects: 0.298600 ms)

Prepare: number of updated asset objects reloaded= 0
AssetImportParameters requested are different than current active one (requested -> active):
  custom:container-demuxer-ogg: 62fdf1f143b41e24485cea50d1cbac27 -> 
  custom:framework-win-MediaFoundation: 216162199b28c13a410421893ffa2e32 -> 
  custom:container-muxer-webm: aa71ff27fc2769a1b78a27578f13a17b -> 
  custom:video-decoder-webm-vp8: 9c59270c3fd7afecdb556c50c9e8de78 -> 
  custom:SearchIndexIgnoredProperties: e643bd26f0fe6173181afceb89e7c659 -> 
  custom:AudioImporter_EditorPlatform: d09bf68614088b80899f8185d706f6e7 -> 
  custom:audio-decoder-ogg-vorbis: bf7c407c2cedff20999df2af8eb42d56 -> 
  custom:audio-encoder-webm-vorbis: bf7c407c2cedff20999df2af8eb42d56 -> 
  custom:video-codec-MediaFoundation-h265: 746d11721c4dcdbdad8f713fa42b33f4 -> 
  custom:video-decoder-ogg-theora: a1e56fd34408186e4bbccfd4996cb3dc -> 
  custom:CustomObjectIndexerAttribute: 62b5816608c3102f162a1797e29626cf -> 
  custom:container-demuxer-webm: 4f35f7cbe854078d1ac9338744f61a02 -> 
  custom:video-encoder-webm-vp8: eb34c28f22e8b96e1ab97ce403110664 -> 
========================================================================
Received Prepare
Begin MonoManager ReloadAssembly
Symbol file LoadedFromMemory is not a mono symbol file
- Loaded All Assemblies, in  0.474 seconds
Refreshing native plugins compatible for Editor in 8.87 ms, found 4 plugins.
Native extension for WindowsStandalone target not found
Native extension for Android target not found
Mono: successfully reloaded assembly
- Finished resetting the current domain, in  2.564 seconds
Domain Reload Profiling: 3032ms
	BeginReloadAssembly (154ms)
		ExecutionOrderSort (0ms)
		DisableScriptedObjects (4ms)
		BackupInstance (0ms)
		ReleaseScriptingObjects (0ms)
		CreateAndSetChildDomain (39ms)
	RebuildCommonClasses (28ms)
	RebuildNativeTypeToScriptingClass (10ms)
	initialDomainReloadingComplete (34ms)
	LoadAllAssembliesAndSetupDomain (240ms)
		LoadAssemblies (295ms)
		RebuildTransferFunctionScriptingTraits (0ms)
		AnalyzeDomain (21ms)
			TypeCache.Refresh (8ms)
				TypeCache.ScanAssembly (0ms)
			ScanForSourceGeneratedMonoScriptInfo (0ms)
			ResolveRequiredComponents (9ms)
	FinalizeReload (2565ms)
		ReleaseScriptCaches (0ms)
		RebuildScriptCaches (0ms)
		SetupLoadedEditorAssemblies (1262ms)
			LogAssemblyErrors (0ms)
			InitializePlatformSupportModulesInManaged (26ms)
			SetLoadedEditorAssemblies (5ms)
			RefreshPlugins (0ms)
			BeforeProcessingInitializeOnLoad (83ms)
			ProcessInitializeOnLoadAttributes (1088ms)
			ProcessInitializeOnLoadMethodAttributes (50ms)
			AfterProcessingInitializeOnLoad (11ms)
			EditorAssembliesLoaded (0ms)
		ExecutionOrderSort2 (0ms)
		AwakeInstancesAfterBackupRestoration (20ms)
Refreshing native plugins compatible for Editor in 10.06 ms, found 4 plugins.
Preloading 0 native plugins for Editor in 0.00 ms.
Unloading 7008 Unused Serialized files (Serialized files now loaded: 0)
Unloading 56 unused Assets / (1.2 MB). Loaded Objects now: 7894.
Memory consumption went from 255.8 MB to 254.5 MB.
Total: 4.041400 ms (FindLiveObjects: 0.521700 ms CreateObjectMapping: 0.281600 ms MarkObjects: 2.939900 ms  DeleteObjects: 0.296300 ms)

Prepare: number of updated asset objects reloaded= 0
AssetImportParameters requested are different than current active one (requested -> active):
  custom:container-demuxer-ogg: 62fdf1f143b41e24485cea50d1cbac27 -> 
  custom:framework-win-MediaFoundation: 216162199b28c13a410421893ffa2e32 -> 
  custom:container-muxer-webm: aa71ff27fc2769a1b78a27578f13a17b -> 
  custom:video-decoder-webm-vp8: 9c59270c3fd7afecdb556c50c9e8de78 -> 
  custom:SearchIndexIgnoredProperties: e643bd26f0fe6173181afceb89e7c659 -> 
  custom:AudioImporter_EditorPlatform: d09bf68614088b80899f8185d706f6e7 -> 
  custom:audio-decoder-ogg-vorbis: bf7c407c2cedff20999df2af8eb42d56 -> 
  custom:audio-encoder-webm-vorbis: bf7c407c2cedff20999df2af8eb42d56 -> 
  custom:video-codec-MediaFoundation-h265: 746d11721c4dcdbdad8f713fa42b33f4 -> 
  custom:video-decoder-ogg-theora: a1e56fd34408186e4bbccfd4996cb3dc -> 
  custom:CustomObjectIndexerAttribute: 62b5816608c3102f162a1797e29626cf -> 
  custom:container-demuxer-webm: 4f35f7cbe854078d1ac9338744f61a02 -> 
  custom:video-encoder-webm-vp8: eb34c28f22e8b96e1ab97ce403110664 -> 
========================================================================
Received Prepare
Begin MonoManager ReloadAssembly
Symbol file LoadedFromMemory is not a mono symbol file
- Loaded All Assemblies, in  0.558 seconds
Refreshing native plugins compatible for Editor in 8.62 ms, found 4 plugins.
Native extension for WindowsStandalone target not found
Native extension for Android target not found
Mono: successfully reloaded assembly
- Finished resetting the current domain, in  2.660 seconds
Domain Reload Profiling: 3210ms
	BeginReloadAssembly (190ms)
		ExecutionOrderSort (0ms)
		DisableScriptedObjects (4ms)
		BackupInstance (0ms)
		ReleaseScriptingObjects (0ms)
		CreateAndSetChildDomain (60ms)
	RebuildCommonClasses (28ms)
	RebuildNativeTypeToScriptingClass (8ms)
	initialDomainReloadingComplete (33ms)
	LoadAllAssembliesAndSetupDomain (292ms)
		LoadAssemblies (354ms)
		RebuildTransferFunctionScriptingTraits (0ms)
		AnalyzeDomain (21ms)
			TypeCache.Refresh (8ms)
				TypeCache.ScanAssembly (0ms)
			ScanForSourceGeneratedMonoScriptInfo (0ms)
			ResolveRequiredComponents (11ms)
	FinalizeReload (2660ms)
		ReleaseScriptCaches (0ms)
		RebuildScriptCaches (0ms)
		SetupLoadedEditorAssemblies (1351ms)
			LogAssemblyErrors (0ms)
			InitializePlatformSupportModulesInManaged (28ms)
			SetLoadedEditorAssemblies (5ms)
			RefreshPlugins (0ms)
			BeforeProcessingInitializeOnLoad (84ms)
			ProcessInitializeOnLoadAttributes (1175ms)
			ProcessInitializeOnLoadMethodAttributes (48ms)
			AfterProcessingInitializeOnLoad (10ms)
			EditorAssembliesLoaded (0ms)
		ExecutionOrderSort2 (0ms)
		AwakeInstancesAfterBackupRestoration (19ms)
Refreshing native plugins compatible for Editor in 9.48 ms, found 4 plugins.
Preloading 0 native plugins for Editor in 0.00 ms.
Unloading 7008 Unused Serialized files (Serialized files now loaded: 0)
Unloading 56 unused Assets / (1.2 MB). Loaded Objects now: 7912.
Memory consumption went from 257.7 MB to 256.5 MB.
Total: 4.170400 ms (FindLiveObjects: 0.440000 ms CreateObjectMapping: 0.249400 ms MarkObjects: 3.167400 ms  DeleteObjects: 0.312400 ms)

Prepare: number of updated asset objects reloaded= 0
AssetImportParameters requested are different than current active one (requested -> active):
  custom:container-demuxer-ogg: 62fdf1f143b41e24485cea50d1cbac27 -> 
  custom:framework-win-MediaFoundation: 216162199b28c13a410421893ffa2e32 -> 
  custom:container-muxer-webm: aa71ff27fc2769a1b78a27578f13a17b -> 
  custom:video-decoder-webm-vp8: 9c59270c3fd7afecdb556c50c9e8de78 -> 
  custom:SearchIndexIgnoredProperties: e643bd26f0fe6173181afceb89e7c659 -> 
  custom:AudioImporter_EditorPlatform: d09bf68614088b80899f8185d706f6e7 -> 
  custom:audio-decoder-ogg-vorbis: bf7c407c2cedff20999df2af8eb42d56 -> 
  custom:audio-encoder-webm-vorbis: bf7c407c2cedff20999df2af8eb42d56 -> 
  custom:video-codec-MediaFoundation-h265: 746d11721c4dcdbdad8f713fa42b33f4 -> 
  custom:video-decoder-ogg-theora: a1e56fd34408186e4bbccfd4996cb3dc -> 
  custom:CustomObjectIndexerAttribute: 62b5816608c3102f162a1797e29626cf -> 
  custom:container-demuxer-webm: 4f35f7cbe854078d1ac9338744f61a02 -> 
  custom:video-encoder-webm-vp8: eb34c28f22e8b96e1ab97ce403110664 -> 
========================================================================
Received Prepare
Begin MonoManager ReloadAssembly
Symbol file LoadedFromMemory is not a mono symbol file
- Loaded All Assemblies, in  0.528 seconds
Refreshing native plugins compatible for Editor in 10.16 ms, found 4 plugins.
Native extension for WindowsStandalone target not found
Native extension for Android target not found
Mono: successfully reloaded assembly
- Finished resetting the current domain, in  2.593 seconds
Domain Reload Profiling: 3112ms
	BeginReloadAssembly (183ms)
		ExecutionOrderSort (0ms)
		DisableScriptedObjects (4ms)
		BackupInstance (0ms)
		ReleaseScriptingObjects (0ms)
		CreateAndSetChildDomain (46ms)
	RebuildCommonClasses (29ms)
	RebuildNativeTypeToScriptingClass (8ms)
	initialDomainReloadingComplete (32ms)
	LoadAllAssembliesAndSetupDomain (266ms)
		LoadAssemblies (326ms)
		RebuildTransferFunctionScriptingTraits (0ms)
		AnalyzeDomain (20ms)
			TypeCache.Refresh (7ms)
				TypeCache.ScanAssembly (0ms)
			ScanForSourceGeneratedMonoScriptInfo (0ms)
			ResolveRequiredComponents (10ms)
	FinalizeReload (2593ms)
		ReleaseScriptCaches (0ms)
		RebuildScriptCaches (0ms)
		SetupLoadedEditorAssemblies (1255ms)
			LogAssemblyErrors (0ms)
			InitializePlatformSupportModulesInManaged (27ms)
			SetLoadedEditorAssemblies (4ms)
			RefreshPlugins (0ms)
			BeforeProcessingInitializeOnLoad (84ms)
			ProcessInitializeOnLoadAttributes (1084ms)
			ProcessInitializeOnLoadMethodAttributes (45ms)
			AfterProcessingInitializeOnLoad (11ms)
			EditorAssembliesLoaded (0ms)
		ExecutionOrderSort2 (0ms)
		AwakeInstancesAfterBackupRestoration (21ms)
Refreshing native plugins compatible for Editor in 11.10 ms, found 4 plugins.
Preloading 0 native plugins for Editor in 0.00 ms.
Unloading 7008 Unused Serialized files (Serialized files now loaded: 0)
Unloading 56 unused Assets / (1.2 MB). Loaded Objects now: 7930.
Memory consumption went from 259.6 MB to 258.4 MB.
Total: 4.363200 ms (FindLiveObjects: 0.427300 ms CreateObjectMapping: 0.226400 ms MarkObjects: 3.332800 ms  DeleteObjects: 0.375300 ms)

Prepare: number of updated asset objects reloaded= 0
AssetImportParameters requested are different than current active one (requested -> active):
  custom:container-demuxer-ogg: 62fdf1f143b41e24485cea50d1cbac27 -> 
  custom:framework-win-MediaFoundation: 216162199b28c13a410421893ffa2e32 -> 
  custom:container-muxer-webm: aa71ff27fc2769a1b78a27578f13a17b -> 
  custom:video-decoder-webm-vp8: 9c59270c3fd7afecdb556c50c9e8de78 -> 
  custom:SearchIndexIgnoredProperties: e643bd26f0fe6173181afceb89e7c659 -> 
  custom:AudioImporter_EditorPlatform: d09bf68614088b80899f8185d706f6e7 -> 
  custom:audio-decoder-ogg-vorbis: bf7c407c2cedff20999df2af8eb42d56 -> 
  custom:audio-encoder-webm-vorbis: bf7c407c2cedff20999df2af8eb42d56 -> 
  custom:video-codec-MediaFoundation-h265: 746d11721c4dcdbdad8f713fa42b33f4 -> 
  custom:video-decoder-ogg-theora: a1e56fd34408186e4bbccfd4996cb3dc -> 
  custom:CustomObjectIndexerAttribute: 62b5816608c3102f162a1797e29626cf -> 
  custom:container-demuxer-webm: 4f35f7cbe854078d1ac9338744f61a02 -> 
  custom:video-encoder-webm-vp8: eb34c28f22e8b96e1ab97ce403110664 -> 
========================================================================
Received Prepare
Begin MonoManager ReloadAssembly
Symbol file LoadedFromMemory is not a mono symbol file
- Loaded All Assemblies, in  0.490 seconds
Refreshing native plugins compatible for Editor in 8.96 ms, found 4 plugins.
Native extension for WindowsStandalone target not found
Native extension for Android target not found
Mono: successfully reloaded assembly
- Finished resetting the current domain, in  2.630 seconds
Domain Reload Profiling: 3113ms
	BeginReloadAssembly (165ms)
		ExecutionOrderSort (0ms)
		DisableScriptedObjects (4ms)
		BackupInstance (0ms)
		ReleaseScriptingObjects (0ms)
		CreateAndSetChildDomain (44ms)
	RebuildCommonClasses (24ms)
	RebuildNativeTypeToScriptingClass (8ms)
	initialDomainReloadingComplete (31ms)
	LoadAllAssembliesAndSetupDomain (255ms)
		LoadAssemblies (312ms)
		RebuildTransferFunctionScriptingTraits (0ms)
		AnalyzeDomain (20ms)
			TypeCache.Refresh (7ms)
				TypeCache.ScanAssembly (0ms)
			ScanForSourceGeneratedMonoScriptInfo (0ms)
			ResolveRequiredComponents (10ms)
	FinalizeReload (2630ms)
		ReleaseScriptCaches (0ms)
		RebuildScriptCaches (0ms)
		SetupLoadedEditorAssemblies (1300ms)
			LogAssemblyErrors (0ms)
			InitializePlatformSupportModulesInManaged (28ms)
			SetLoadedEditorAssemblies (5ms)
			RefreshPlugins (0ms)
			BeforeProcessingInitializeOnLoad (86ms)
			ProcessInitializeOnLoadAttributes (1123ms)
			ProcessInitializeOnLoadMethodAttributes (49ms)
			AfterProcessingInitializeOnLoad (10ms)
			EditorAssembliesLoaded (0ms)
		ExecutionOrderSort2 (0ms)
		AwakeInstancesAfterBackupRestoration (19ms)
Refreshing native plugins compatible for Editor in 10.28 ms, found 4 plugins.
Preloading 0 native plugins for Editor in 0.00 ms.
Unloading 7008 Unused Serialized files (Serialized files now loaded: 0)
Unloading 56 unused Assets / (1.2 MB). Loaded Objects now: 7948.
Memory consumption went from 261.6 MB to 260.4 MB.
Total: 4.509200 ms (FindLiveObjects: 0.441900 ms CreateObjectMapping: 0.416000 ms MarkObjects: 3.255700 ms  DeleteObjects: 0.394300 ms)

Prepare: number of updated asset objects reloaded= 0
AssetImportParameters requested are different than current active one (requested -> active):
  custom:container-demuxer-ogg: 62fdf1f143b41e24485cea50d1cbac27 -> 
  custom:framework-win-MediaFoundation: 216162199b28c13a410421893ffa2e32 -> 
  custom:container-muxer-webm: aa71ff27fc2769a1b78a27578f13a17b -> 
  custom:video-decoder-webm-vp8: 9c59270c3fd7afecdb556c50c9e8de78 -> 
  custom:SearchIndexIgnoredProperties: e643bd26f0fe6173181afceb89e7c659 -> 
  custom:AudioImporter_EditorPlatform: d09bf68614088b80899f8185d706f6e7 -> 
  custom:audio-decoder-ogg-vorbis: bf7c407c2cedff20999df2af8eb42d56 -> 
  custom:audio-encoder-webm-vorbis: bf7c407c2cedff20999df2af8eb42d56 -> 
  custom:video-codec-MediaFoundation-h265: 746d11721c4dcdbdad8f713fa42b33f4 -> 
  custom:video-decoder-ogg-theora: a1e56fd34408186e4bbccfd4996cb3dc -> 
  custom:CustomObjectIndexerAttribute: 62b5816608c3102f162a1797e29626cf -> 
  custom:container-demuxer-webm: 4f35f7cbe854078d1ac9338744f61a02 -> 
  custom:video-encoder-webm-vp8: eb34c28f22e8b96e1ab97ce403110664 -> 
========================================================================
Received Prepare
Begin MonoManager ReloadAssembly
Symbol file LoadedFromMemory is not a mono symbol file
- Loaded All Assemblies, in  0.482 seconds
Refreshing native plugins compatible for Editor in 8.57 ms, found 4 plugins.
Native extension for WindowsStandalone target not found
Native extension for Android target not found
Mono: successfully reloaded assembly
- Finished resetting the current domain, in  3.104 seconds
Domain Reload Profiling: 3579ms
	BeginReloadAssembly (154ms)
		ExecutionOrderSort (0ms)
		DisableScriptedObjects (3ms)
		BackupInstance (0ms)
		ReleaseScriptingObjects (0ms)
		CreateAndSetChildDomain (42ms)
	RebuildCommonClasses (24ms)
	RebuildNativeTypeToScriptingClass (8ms)
	initialDomainReloadingComplete (30ms)
	LoadAllAssembliesAndSetupDomain (260ms)
		LoadAssemblies (312ms)
		RebuildTransferFunctionScriptingTraits (0ms)
		AnalyzeDomain (19ms)
			TypeCache.Refresh (7ms)
				TypeCache.ScanAssembly (0ms)
			ScanForSourceGeneratedMonoScriptInfo (0ms)
			ResolveRequiredComponents (9ms)
	FinalizeReload (3105ms)
		ReleaseScriptCaches (0ms)
		RebuildScriptCaches (0ms)
		SetupLoadedEditorAssemblies (1317ms)
			LogAssemblyErrors (0ms)
			InitializePlatformSupportModulesInManaged (28ms)
			SetLoadedEditorAssemblies (5ms)
			RefreshPlugins (0ms)
			BeforeProcessingInitializeOnLoad (90ms)
			ProcessInitializeOnLoadAttributes (1134ms)
			ProcessInitializeOnLoadMethodAttributes (48ms)
			AfterProcessingInitializeOnLoad (12ms)
			EditorAssembliesLoaded (0ms)
		ExecutionOrderSort2 (0ms)
		AwakeInstancesAfterBackupRestoration (24ms)
Refreshing native plugins compatible for Editor in 12.83 ms, found 4 plugins.
Preloading 0 native plugins for Editor in 0.00 ms.
Unloading 7008 Unused Serialized files (Serialized files now loaded: 0)
Unloading 56 unused Assets / (1.2 MB). Loaded Objects now: 7966.
Memory consumption went from 263.5 MB to 262.3 MB.
Total: 4.006500 ms (FindLiveObjects: 0.431500 ms CreateObjectMapping: 0.297600 ms MarkObjects: 2.958000 ms  DeleteObjects: 0.318300 ms)

Prepare: number of updated asset objects reloaded= 0
AssetImportParameters requested are different than current active one (requested -> active):
  custom:container-demuxer-ogg: 62fdf1f143b41e24485cea50d1cbac27 -> 
  custom:framework-win-MediaFoundation: 216162199b28c13a410421893ffa2e32 -> 
  custom:container-muxer-webm: aa71ff27fc2769a1b78a27578f13a17b -> 
  custom:video-decoder-webm-vp8: 9c59270c3fd7afecdb556c50c9e8de78 -> 
  custom:SearchIndexIgnoredProperties: e643bd26f0fe6173181afceb89e7c659 -> 
  custom:AudioImporter_EditorPlatform: d09bf68614088b80899f8185d706f6e7 -> 
  custom:audio-decoder-ogg-vorbis: bf7c407c2cedff20999df2af8eb42d56 -> 
  custom:audio-encoder-webm-vorbis: bf7c407c2cedff20999df2af8eb42d56 -> 
  custom:video-codec-MediaFoundation-h265: 746d11721c4dcdbdad8f713fa42b33f4 -> 
  custom:video-decoder-ogg-theora: a1e56fd34408186e4bbccfd4996cb3dc -> 
  custom:CustomObjectIndexerAttribute: 62b5816608c3102f162a1797e29626cf -> 
  custom:container-demuxer-webm: 4f35f7cbe854078d1ac9338744f61a02 -> 
  custom:video-encoder-webm-vp8: eb34c28f22e8b96e1ab97ce403110664 -> 
========================================================================
Received Import Request.
  Time since last request: 2282.652587 seconds.
  path: Assets/Art/Prefabs/Environment/BornLevel/Floor_Wood_Longer 1.prefab
  artifactKey: Guid(d30f4ae6caf7439419da3d915cc5df5f) Importer(815301076,1909f56bfc062723c751e8b465ee728b)
Start importing Assets/Art/Prefabs/Environment/BornLevel/Floor_Wood_Longer 1.prefab using Guid(d30f4ae6caf7439419da3d915cc5df5f) Importer(815301076,1909f56bfc062723c751e8b465ee728b)  -> (artifact id: 'ad7f6a5c7c5081537bf66144dd298bda') in 0.236567 seconds
Number of updated asset objects reloaded before import = 0
Number of asset objects unloaded after import = 30
========================================================================
Received Import Request.
  Time since last request: 0.000043 seconds.
  path: Assets/Art/Prefabs/Environment/BornLevel/Wall_Interior 1.prefab
  artifactKey: Guid(ee0254abc02563449ae8bcd9e8b1bdea) Importer(815301076,1909f56bfc062723c751e8b465ee728b)
Start importing Assets/Art/Prefabs/Environment/BornLevel/Wall_Interior 1.prefab using Guid(ee0254abc02563449ae8bcd9e8b1bdea) Importer(815301076,1909f56bfc062723c751e8b465ee728b)  -> (artifact id: '00cf25ed85502d519310ceb486e9b72b') in 0.014368 seconds
Number of updated asset objects reloaded before import = 0
Number of asset objects unloaded after import = 13
========================================================================
Received Prepare
Begin MonoManager ReloadAssembly
Symbol file LoadedFromMemory is not a mono symbol file
- Loaded All Assemblies, in  0.490 seconds
Refreshing native plugins compatible for Editor in 8.44 ms, found 4 plugins.
Native extension for WindowsStandalone target not found
Native extension for Android target not found
Mono: successfully reloaded assembly
- Finished resetting the current domain, in  2.498 seconds
Domain Reload Profiling: 2979ms
	BeginReloadAssembly (166ms)
		ExecutionOrderSort (0ms)
		DisableScriptedObjects (8ms)
		BackupInstance (0ms)
		ReleaseScriptingObjects (0ms)
		CreateAndSetChildDomain (46ms)
	RebuildCommonClasses (29ms)
	RebuildNativeTypeToScriptingClass (7ms)
	initialDomainReloadingComplete (30ms)
	LoadAllAssembliesAndSetupDomain (249ms)
		LoadAssemblies (305ms)
		RebuildTransferFunctionScriptingTraits (0ms)
		AnalyzeDomain (18ms)
			TypeCache.Refresh (6ms)
				TypeCache.ScanAssembly (0ms)
			ScanForSourceGeneratedMonoScriptInfo (0ms)
			ResolveRequiredComponents (9ms)
	FinalizeReload (2498ms)
		ReleaseScriptCaches (0ms)
		RebuildScriptCaches (0ms)
		SetupLoadedEditorAssemblies (1231ms)
			LogAssemblyErrors (0ms)
			InitializePlatformSupportModulesInManaged (25ms)
			SetLoadedEditorAssemblies (5ms)
			RefreshPlugins (0ms)
			BeforeProcessingInitializeOnLoad (81ms)
			ProcessInitializeOnLoadAttributes (1062ms)
			ProcessInitializeOnLoadMethodAttributes (46ms)
			AfterProcessingInitializeOnLoad (12ms)
			EditorAssembliesLoaded (0ms)
		ExecutionOrderSort2 (0ms)
		AwakeInstancesAfterBackupRestoration (19ms)
Refreshing native plugins compatible for Editor in 9.59 ms, found 4 plugins.
Preloading 0 native plugins for Editor in 0.00 ms.
Unloading 7008 Unused Serialized files (Serialized files now loaded: 0)
Unloading 56 unused Assets / (1.2 MB). Loaded Objects now: 8020.
Memory consumption went from 265.6 MB to 264.4 MB.
Total: 4.287700 ms (FindLiveObjects: 0.402300 ms CreateObjectMapping: 0.234700 ms MarkObjects: 3.318700 ms  DeleteObjects: 0.330800 ms)

Prepare: number of updated asset objects reloaded= 0
AssetImportParameters requested are different than current active one (requested -> active):
  custom:container-demuxer-ogg: 62fdf1f143b41e24485cea50d1cbac27 -> 
  custom:framework-win-MediaFoundation: 216162199b28c13a410421893ffa2e32 -> 
  custom:container-muxer-webm: aa71ff27fc2769a1b78a27578f13a17b -> 
  custom:video-decoder-webm-vp8: 9c59270c3fd7afecdb556c50c9e8de78 -> 
  custom:SearchIndexIgnoredProperties: e643bd26f0fe6173181afceb89e7c659 -> 
  custom:AudioImporter_EditorPlatform: d09bf68614088b80899f8185d706f6e7 -> 
  custom:audio-decoder-ogg-vorbis: bf7c407c2cedff20999df2af8eb42d56 -> 
  custom:audio-encoder-webm-vorbis: bf7c407c2cedff20999df2af8eb42d56 -> 
  custom:video-codec-MediaFoundation-h265: 746d11721c4dcdbdad8f713fa42b33f4 -> 
  custom:video-decoder-ogg-theora: a1e56fd34408186e4bbccfd4996cb3dc -> 
  custom:CustomObjectIndexerAttribute: 62b5816608c3102f162a1797e29626cf -> 
  custom:container-demuxer-webm: 4f35f7cbe854078d1ac9338744f61a02 -> 
  custom:video-encoder-webm-vp8: eb34c28f22e8b96e1ab97ce403110664 -> 
========================================================================
Received Prepare
Begin MonoManager ReloadAssembly
Symbol file LoadedFromMemory is not a mono symbol file
- Loaded All Assemblies, in  0.481 seconds
Refreshing native plugins compatible for Editor in 10.71 ms, found 4 plugins.
Native extension for WindowsStandalone target not found
Native extension for Android target not found
Mono: successfully reloaded assembly
- Finished resetting the current domain, in  2.537 seconds
Domain Reload Profiling: 3011ms
	BeginReloadAssembly (155ms)
		ExecutionOrderSort (0ms)
		DisableScriptedObjects (3ms)
		BackupInstance (0ms)
		ReleaseScriptingObjects (0ms)
		CreateAndSetChildDomain (39ms)
	RebuildCommonClasses (24ms)
	RebuildNativeTypeToScriptingClass (7ms)
	initialDomainReloadingComplete (32ms)
	LoadAllAssembliesAndSetupDomain (255ms)
		LoadAssemblies (309ms)
		RebuildTransferFunctionScriptingTraits (0ms)
		AnalyzeDomain (21ms)
			TypeCache.Refresh (8ms)
				TypeCache.ScanAssembly (0ms)
			ScanForSourceGeneratedMonoScriptInfo (0ms)
			ResolveRequiredComponents (9ms)
	FinalizeReload (2537ms)
		ReleaseScriptCaches (0ms)
		RebuildScriptCaches (0ms)
		SetupLoadedEditorAssemblies (1254ms)
			LogAssemblyErrors (0ms)
			InitializePlatformSupportModulesInManaged (27ms)
			SetLoadedEditorAssemblies (5ms)
			RefreshPlugins (0ms)
			BeforeProcessingInitializeOnLoad (86ms)
			ProcessInitializeOnLoadAttributes (1078ms)
			ProcessInitializeOnLoadMethodAttributes (48ms)
			AfterProcessingInitializeOnLoad (10ms)
			EditorAssembliesLoaded (0ms)
		ExecutionOrderSort2 (0ms)
		AwakeInstancesAfterBackupRestoration (18ms)
Refreshing native plugins compatible for Editor in 10.39 ms, found 4 plugins.
Preloading 0 native plugins for Editor in 0.00 ms.
Unloading 7008 Unused Serialized files (Serialized files now loaded: 0)
Unloading 56 unused Assets / (1.2 MB). Loaded Objects now: 8038.
Memory consumption went from 267.5 MB to 266.2 MB.
Total: 4.133400 ms (FindLiveObjects: 0.430900 ms CreateObjectMapping: 0.252900 ms MarkObjects: 3.102500 ms  DeleteObjects: 0.346000 ms)

Prepare: number of updated asset objects reloaded= 0
AssetImportParameters requested are different than current active one (requested -> active):
  custom:container-demuxer-ogg: 62fdf1f143b41e24485cea50d1cbac27 -> 
  custom:framework-win-MediaFoundation: 216162199b28c13a410421893ffa2e32 -> 
  custom:container-muxer-webm: aa71ff27fc2769a1b78a27578f13a17b -> 
  custom:video-decoder-webm-vp8: 9c59270c3fd7afecdb556c50c9e8de78 -> 
  custom:SearchIndexIgnoredProperties: e643bd26f0fe6173181afceb89e7c659 -> 
  custom:AudioImporter_EditorPlatform: d09bf68614088b80899f8185d706f6e7 -> 
  custom:audio-decoder-ogg-vorbis: bf7c407c2cedff20999df2af8eb42d56 -> 
  custom:audio-encoder-webm-vorbis: bf7c407c2cedff20999df2af8eb42d56 -> 
  custom:video-codec-MediaFoundation-h265: 746d11721c4dcdbdad8f713fa42b33f4 -> 
  custom:video-decoder-ogg-theora: a1e56fd34408186e4bbccfd4996cb3dc -> 
  custom:CustomObjectIndexerAttribute: 62b5816608c3102f162a1797e29626cf -> 
  custom:container-demuxer-webm: 4f35f7cbe854078d1ac9338744f61a02 -> 
  custom:video-encoder-webm-vp8: eb34c28f22e8b96e1ab97ce403110664 -> 
========================================================================
Received Prepare
Begin MonoManager ReloadAssembly
Symbol file LoadedFromMemory is not a mono symbol file
- Loaded All Assemblies, in  0.460 seconds
Refreshing native plugins compatible for Editor in 8.42 ms, found 4 plugins.
Native extension for WindowsStandalone target not found
Native extension for Android target not found
Mono: successfully reloaded assembly
- Finished resetting the current domain, in  2.527 seconds
Domain Reload Profiling: 2980ms
	BeginReloadAssembly (153ms)
		ExecutionOrderSort (0ms)
		DisableScriptedObjects (3ms)
		BackupInstance (0ms)
		ReleaseScriptingObjects (0ms)
		CreateAndSetChildDomain (39ms)
	RebuildCommonClasses (24ms)
	RebuildNativeTypeToScriptingClass (7ms)
	initialDomainReloadingComplete (33ms)
	LoadAllAssembliesAndSetupDomain (236ms)
		LoadAssemblies (290ms)
		RebuildTransferFunctionScriptingTraits (0ms)
		AnalyzeDomain (18ms)
			TypeCache.Refresh (6ms)
				TypeCache.ScanAssembly (0ms)
			ScanForSourceGeneratedMonoScriptInfo (0ms)
			ResolveRequiredComponents (9ms)
	FinalizeReload (2527ms)
		ReleaseScriptCaches (0ms)
		RebuildScriptCaches (0ms)
		SetupLoadedEditorAssemblies (1271ms)
			LogAssemblyErrors (0ms)
			InitializePlatformSupportModulesInManaged (27ms)
			SetLoadedEditorAssemblies (5ms)
			RefreshPlugins (0ms)
			BeforeProcessingInitializeOnLoad (85ms)
			ProcessInitializeOnLoadAttributes (1100ms)
			ProcessInitializeOnLoadMethodAttributes (42ms)
			AfterProcessingInitializeOnLoad (12ms)
			EditorAssembliesLoaded (0ms)
		ExecutionOrderSort2 (0ms)
		AwakeInstancesAfterBackupRestoration (19ms)
Refreshing native plugins compatible for Editor in 9.39 ms, found 4 plugins.
Preloading 0 native plugins for Editor in 0.00 ms.
Unloading 7008 Unused Serialized files (Serialized files now loaded: 0)
Unloading 56 unused Assets / (1.2 MB). Loaded Objects now: 8056.
Memory consumption went from 269.4 MB to 268.2 MB.
Total: 3.985900 ms (FindLiveObjects: 0.399900 ms CreateObjectMapping: 0.228300 ms MarkObjects: 3.050300 ms  DeleteObjects: 0.306100 ms)

Prepare: number of updated asset objects reloaded= 0
AssetImportParameters requested are different than current active one (requested -> active):
  custom:container-demuxer-ogg: 62fdf1f143b41e24485cea50d1cbac27 -> 
  custom:framework-win-MediaFoundation: 216162199b28c13a410421893ffa2e32 -> 
  custom:container-muxer-webm: aa71ff27fc2769a1b78a27578f13a17b -> 
  custom:video-decoder-webm-vp8: 9c59270c3fd7afecdb556c50c9e8de78 -> 
  custom:SearchIndexIgnoredProperties: e643bd26f0fe6173181afceb89e7c659 -> 
  custom:AudioImporter_EditorPlatform: d09bf68614088b80899f8185d706f6e7 -> 
  custom:audio-decoder-ogg-vorbis: bf7c407c2cedff20999df2af8eb42d56 -> 
  custom:audio-encoder-webm-vorbis: bf7c407c2cedff20999df2af8eb42d56 -> 
  custom:video-codec-MediaFoundation-h265: 746d11721c4dcdbdad8f713fa42b33f4 -> 
  custom:video-decoder-ogg-theora: a1e56fd34408186e4bbccfd4996cb3dc -> 
  custom:CustomObjectIndexerAttribute: 62b5816608c3102f162a1797e29626cf -> 
  custom:container-demuxer-webm: 4f35f7cbe854078d1ac9338744f61a02 -> 
  custom:video-encoder-webm-vp8: eb34c28f22e8b96e1ab97ce403110664 -> 
========================================================================
Received Prepare
Begin MonoManager ReloadAssembly
Symbol file LoadedFromMemory is not a mono symbol file
- Loaded All Assemblies, in  0.473 seconds
Refreshing native plugins compatible for Editor in 8.92 ms, found 4 plugins.
Native extension for WindowsStandalone target not found
Native extension for Android target not found
Mono: successfully reloaded assembly
- Finished resetting the current domain, in  2.398 seconds
Domain Reload Profiling: 2863ms
	BeginReloadAssembly (153ms)
		ExecutionOrderSort (0ms)
		DisableScriptedObjects (3ms)
		BackupInstance (0ms)
		ReleaseScriptingObjects (0ms)
		CreateAndSetChildDomain (37ms)
	RebuildCommonClasses (25ms)
	RebuildNativeTypeToScriptingClass (7ms)
	initialDomainReloadingComplete (31ms)
	LoadAllAssembliesAndSetupDomain (248ms)
		LoadAssemblies (301ms)
		RebuildTransferFunctionScriptingTraits (0ms)
		AnalyzeDomain (19ms)
			TypeCache.Refresh (6ms)
				TypeCache.ScanAssembly (0ms)
			ScanForSourceGeneratedMonoScriptInfo (0ms)
			ResolveRequiredComponents (10ms)
	FinalizeReload (2399ms)
		ReleaseScriptCaches (0ms)
		RebuildScriptCaches (0ms)
		SetupLoadedEditorAssemblies (1156ms)
			LogAssemblyErrors (0ms)
			InitializePlatformSupportModulesInManaged (28ms)
			SetLoadedEditorAssemblies (4ms)
			RefreshPlugins (0ms)
			BeforeProcessingInitializeOnLoad (79ms)
			ProcessInitializeOnLoadAttributes (994ms)
			ProcessInitializeOnLoadMethodAttributes (41ms)
			AfterProcessingInitializeOnLoad (8ms)
			EditorAssembliesLoaded (0ms)
		ExecutionOrderSort2 (0ms)
		AwakeInstancesAfterBackupRestoration (15ms)
Refreshing native plugins compatible for Editor in 9.99 ms, found 4 plugins.
Preloading 0 native plugins for Editor in 0.00 ms.
Unloading 7008 Unused Serialized files (Serialized files now loaded: 0)
Unloading 56 unused Assets / (1.2 MB). Loaded Objects now: 8074.
Memory consumption went from 271.4 MB to 270.1 MB.
Total: 4.199500 ms (FindLiveObjects: 0.406200 ms CreateObjectMapping: 0.219400 ms MarkObjects: 3.255100 ms  DeleteObjects: 0.317600 ms)

Prepare: number of updated asset objects reloaded= 0
AssetImportParameters requested are different than current active one (requested -> active):
  custom:container-demuxer-ogg: 62fdf1f143b41e24485cea50d1cbac27 -> 
  custom:framework-win-MediaFoundation: 216162199b28c13a410421893ffa2e32 -> 
  custom:container-muxer-webm: aa71ff27fc2769a1b78a27578f13a17b -> 
  custom:video-decoder-webm-vp8: 9c59270c3fd7afecdb556c50c9e8de78 -> 
  custom:SearchIndexIgnoredProperties: e643bd26f0fe6173181afceb89e7c659 -> 
  custom:AudioImporter_EditorPlatform: d09bf68614088b80899f8185d706f6e7 -> 
  custom:audio-decoder-ogg-vorbis: bf7c407c2cedff20999df2af8eb42d56 -> 
  custom:audio-encoder-webm-vorbis: bf7c407c2cedff20999df2af8eb42d56 -> 
  custom:video-codec-MediaFoundation-h265: 746d11721c4dcdbdad8f713fa42b33f4 -> 
  custom:video-decoder-ogg-theora: a1e56fd34408186e4bbccfd4996cb3dc -> 
  custom:CustomObjectIndexerAttribute: 62b5816608c3102f162a1797e29626cf -> 
  custom:container-demuxer-webm: 4f35f7cbe854078d1ac9338744f61a02 -> 
  custom:video-encoder-webm-vp8: eb34c28f22e8b96e1ab97ce403110664 -> 
========================================================================
Received Prepare
Begin MonoManager ReloadAssembly
Symbol file LoadedFromMemory is not a mono symbol file
- Loaded All Assemblies, in  0.475 seconds
Refreshing native plugins compatible for Editor in 8.28 ms, found 4 plugins.
Native extension for WindowsStandalone target not found
Native extension for Android target not found
Mono: successfully reloaded assembly
- Finished resetting the current domain, in  2.598 seconds
Domain Reload Profiling: 3064ms
	BeginReloadAssembly (160ms)
		ExecutionOrderSort (0ms)
		DisableScriptedObjects (3ms)
		BackupInstance (0ms)
		ReleaseScriptingObjects (0ms)
		CreateAndSetChildDomain (39ms)
	RebuildCommonClasses (25ms)
	RebuildNativeTypeToScriptingClass (8ms)
	initialDomainReloadingComplete (32ms)
	LoadAllAssembliesAndSetupDomain (240ms)
		LoadAssemblies (294ms)
		RebuildTransferFunctionScriptingTraits (0ms)
		AnalyzeDomain (23ms)
			TypeCache.Refresh (8ms)
				TypeCache.ScanAssembly (0ms)
			ScanForSourceGeneratedMonoScriptInfo (0ms)
			ResolveRequiredComponents (10ms)
	FinalizeReload (2599ms)
		ReleaseScriptCaches (0ms)
		RebuildScriptCaches (0ms)
		SetupLoadedEditorAssemblies (1283ms)
			LogAssemblyErrors (0ms)
			InitializePlatformSupportModulesInManaged (29ms)
			SetLoadedEditorAssemblies (5ms)
			RefreshPlugins (0ms)
			BeforeProcessingInitializeOnLoad (87ms)
			ProcessInitializeOnLoadAttributes (1102ms)
			ProcessInitializeOnLoadMethodAttributes (48ms)
			AfterProcessingInitializeOnLoad (12ms)
			EditorAssembliesLoaded (0ms)
		ExecutionOrderSort2 (0ms)
		AwakeInstancesAfterBackupRestoration (20ms)
Refreshing native plugins compatible for Editor in 11.14 ms, found 4 plugins.
Preloading 0 native plugins for Editor in 0.00 ms.
Unloading 7008 Unused Serialized files (Serialized files now loaded: 0)
Unloading 56 unused Assets / (1.2 MB). Loaded Objects now: 8092.
Memory consumption went from 273.3 MB to 272.1 MB.
Total: 4.660500 ms (FindLiveObjects: 0.677900 ms CreateObjectMapping: 0.369900 ms MarkObjects: 3.241100 ms  DeleteObjects: 0.370200 ms)

Prepare: number of updated asset objects reloaded= 0
AssetImportParameters requested are different than current active one (requested -> active):
  custom:container-demuxer-ogg: 62fdf1f143b41e24485cea50d1cbac27 -> 
  custom:framework-win-MediaFoundation: 216162199b28c13a410421893ffa2e32 -> 
  custom:container-muxer-webm: aa71ff27fc2769a1b78a27578f13a17b -> 
  custom:video-decoder-webm-vp8: 9c59270c3fd7afecdb556c50c9e8de78 -> 
  custom:SearchIndexIgnoredProperties: e643bd26f0fe6173181afceb89e7c659 -> 
  custom:AudioImporter_EditorPlatform: d09bf68614088b80899f8185d706f6e7 -> 
  custom:audio-decoder-ogg-vorbis: bf7c407c2cedff20999df2af8eb42d56 -> 
  custom:audio-encoder-webm-vorbis: bf7c407c2cedff20999df2af8eb42d56 -> 
  custom:video-codec-MediaFoundation-h265: 746d11721c4dcdbdad8f713fa42b33f4 -> 
  custom:video-decoder-ogg-theora: a1e56fd34408186e4bbccfd4996cb3dc -> 
  custom:CustomObjectIndexerAttribute: 62b5816608c3102f162a1797e29626cf -> 
  custom:container-demuxer-webm: 4f35f7cbe854078d1ac9338744f61a02 -> 
  custom:video-encoder-webm-vp8: eb34c28f22e8b96e1ab97ce403110664 -> 
========================================================================
Received Prepare
Begin MonoManager ReloadAssembly
Symbol file LoadedFromMemory is not a mono symbol file
- Loaded All Assemblies, in  0.469 seconds
Refreshing native plugins compatible for Editor in 10.71 ms, found 4 plugins.
Native extension for WindowsStandalone target not found
Native extension for Android target not found
Mono: successfully reloaded assembly
- Finished resetting the current domain, in  2.525 seconds
Domain Reload Profiling: 2985ms
	BeginReloadAssembly (150ms)
		ExecutionOrderSort (0ms)
		DisableScriptedObjects (3ms)
		BackupInstance (0ms)
		ReleaseScriptingObjects (0ms)
		CreateAndSetChildDomain (35ms)
	RebuildCommonClasses (24ms)
	RebuildNativeTypeToScriptingClass (7ms)
	initialDomainReloadingComplete (32ms)
	LoadAllAssembliesAndSetupDomain (247ms)
		LoadAssemblies (302ms)
		RebuildTransferFunctionScriptingTraits (0ms)
		AnalyzeDomain (19ms)
			TypeCache.Refresh (7ms)
				TypeCache.ScanAssembly (0ms)
			ScanForSourceGeneratedMonoScriptInfo (0ms)
			ResolveRequiredComponents (10ms)
	FinalizeReload (2525ms)
		ReleaseScriptCaches (0ms)
		RebuildScriptCaches (0ms)
		SetupLoadedEditorAssemblies (1244ms)
			LogAssemblyErrors (0ms)
			InitializePlatformSupportModulesInManaged (27ms)
			SetLoadedEditorAssemblies (4ms)
			RefreshPlugins (0ms)
			BeforeProcessingInitializeOnLoad (81ms)
			ProcessInitializeOnLoadAttributes (1077ms)
			ProcessInitializeOnLoadMethodAttributes (45ms)
			AfterProcessingInitializeOnLoad (10ms)
			EditorAssembliesLoaded (0ms)
		ExecutionOrderSort2 (0ms)
		AwakeInstancesAfterBackupRestoration (21ms)
Refreshing native plugins compatible for Editor in 9.96 ms, found 4 plugins.
Preloading 0 native plugins for Editor in 0.00 ms.
Unloading 7008 Unused Serialized files (Serialized files now loaded: 0)
Unloading 56 unused Assets / (1.2 MB). Loaded Objects now: 8110.
Memory consumption went from 275.2 MB to 274.0 MB.
Total: 4.028000 ms (FindLiveObjects: 0.449600 ms CreateObjectMapping: 0.249600 ms MarkObjects: 2.987500 ms  DeleteObjects: 0.340200 ms)

Prepare: number of updated asset objects reloaded= 0
AssetImportParameters requested are different than current active one (requested -> active):
  custom:container-demuxer-ogg: 62fdf1f143b41e24485cea50d1cbac27 -> 
  custom:framework-win-MediaFoundation: 216162199b28c13a410421893ffa2e32 -> 
  custom:container-muxer-webm: aa71ff27fc2769a1b78a27578f13a17b -> 
  custom:video-decoder-webm-vp8: 9c59270c3fd7afecdb556c50c9e8de78 -> 
  custom:SearchIndexIgnoredProperties: e643bd26f0fe6173181afceb89e7c659 -> 
  custom:AudioImporter_EditorPlatform: d09bf68614088b80899f8185d706f6e7 -> 
  custom:audio-decoder-ogg-vorbis: bf7c407c2cedff20999df2af8eb42d56 -> 
  custom:audio-encoder-webm-vorbis: bf7c407c2cedff20999df2af8eb42d56 -> 
  custom:video-codec-MediaFoundation-h265: 746d11721c4dcdbdad8f713fa42b33f4 -> 
  custom:video-decoder-ogg-theora: a1e56fd34408186e4bbccfd4996cb3dc -> 
  custom:CustomObjectIndexerAttribute: 62b5816608c3102f162a1797e29626cf -> 
  custom:container-demuxer-webm: 4f35f7cbe854078d1ac9338744f61a02 -> 
  custom:video-encoder-webm-vp8: eb34c28f22e8b96e1ab97ce403110664 -> 
========================================================================
Received Prepare
Begin MonoManager ReloadAssembly
Symbol file LoadedFromMemory is not a mono symbol file
- Loaded All Assemblies, in  0.460 seconds
Refreshing native plugins compatible for Editor in 9.81 ms, found 4 plugins.
Native extension for WindowsStandalone target not found
Native extension for Android target not found
Mono: successfully reloaded assembly
- Finished resetting the current domain, in  2.576 seconds
Domain Reload Profiling: 3029ms
	BeginReloadAssembly (154ms)
		ExecutionOrderSort (0ms)
		DisableScriptedObjects (3ms)
		BackupInstance (0ms)
		ReleaseScriptingObjects (0ms)
		CreateAndSetChildDomain (36ms)
	RebuildCommonClasses (24ms)
	RebuildNativeTypeToScriptingClass (8ms)
	initialDomainReloadingComplete (31ms)
	LoadAllAssembliesAndSetupDomain (236ms)
		LoadAssemblies (294ms)
		RebuildTransferFunctionScriptingTraits (0ms)
		AnalyzeDomain (19ms)
			TypeCache.Refresh (7ms)
				TypeCache.ScanAssembly (0ms)
			ScanForSourceGeneratedMonoScriptInfo (0ms)
			ResolveRequiredComponents (10ms)
	FinalizeReload (2577ms)
		ReleaseScriptCaches (0ms)
		RebuildScriptCaches (0ms)
		SetupLoadedEditorAssemblies (1279ms)
			LogAssemblyErrors (0ms)
			InitializePlatformSupportModulesInManaged (25ms)
			SetLoadedEditorAssemblies (5ms)
			RefreshPlugins (0ms)
			BeforeProcessingInitializeOnLoad (82ms)
			ProcessInitializeOnLoadAttributes (1106ms)
			ProcessInitializeOnLoadMethodAttributes (49ms)
			AfterProcessingInitializeOnLoad (12ms)
			EditorAssembliesLoaded (0ms)
		ExecutionOrderSort2 (0ms)
		AwakeInstancesAfterBackupRestoration (19ms)
Refreshing native plugins compatible for Editor in 9.68 ms, found 4 plugins.
Preloading 0 native plugins for Editor in 0.00 ms.
Unloading 7008 Unused Serialized files (Serialized files now loaded: 0)
Unloading 56 unused Assets / (1.2 MB). Loaded Objects now: 8128.
Memory consumption went from 277.2 MB to 276.0 MB.
Total: 4.392100 ms (FindLiveObjects: 0.475400 ms CreateObjectMapping: 0.311900 ms MarkObjects: 3.282200 ms  DeleteObjects: 0.321500 ms)

Prepare: number of updated asset objects reloaded= 0
AssetImportParameters requested are different than current active one (requested -> active):
  custom:container-demuxer-ogg: 62fdf1f143b41e24485cea50d1cbac27 -> 
  custom:framework-win-MediaFoundation: 216162199b28c13a410421893ffa2e32 -> 
  custom:container-muxer-webm: aa71ff27fc2769a1b78a27578f13a17b -> 
  custom:video-decoder-webm-vp8: 9c59270c3fd7afecdb556c50c9e8de78 -> 
  custom:SearchIndexIgnoredProperties: e643bd26f0fe6173181afceb89e7c659 -> 
  custom:AudioImporter_EditorPlatform: d09bf68614088b80899f8185d706f6e7 -> 
  custom:audio-decoder-ogg-vorbis: bf7c407c2cedff20999df2af8eb42d56 -> 
  custom:audio-encoder-webm-vorbis: bf7c407c2cedff20999df2af8eb42d56 -> 
  custom:video-codec-MediaFoundation-h265: 746d11721c4dcdbdad8f713fa42b33f4 -> 
  custom:video-decoder-ogg-theora: a1e56fd34408186e4bbccfd4996cb3dc -> 
  custom:CustomObjectIndexerAttribute: 62b5816608c3102f162a1797e29626cf -> 
  custom:container-demuxer-webm: 4f35f7cbe854078d1ac9338744f61a02 -> 
  custom:video-encoder-webm-vp8: eb34c28f22e8b96e1ab97ce403110664 -> 
========================================================================
Received Import Request.
  Time since last request: 1154.232448 seconds.
  path: Assets/Goodies!/Cozy Room Pack/Prefabs/Door_Centered_Wide.prefab
  artifactKey: Guid(a6d8870bf523bea44b48bd0cbbbb14a6) Importer(815301076,1909f56bfc062723c751e8b465ee728b)
Start importing Assets/Goodies!/Cozy Room Pack/Prefabs/Door_Centered_Wide.prefab using Guid(a6d8870bf523bea44b48bd0cbbbb14a6) Importer(815301076,1909f56bfc062723c751e8b465ee728b)  -> (artifact id: 'e91e2aa9b0f250d97afa1a075cd97413') in 0.245141 seconds
Number of updated asset objects reloaded before import = 0
Number of asset objects unloaded after import = 69
========================================================================
Received Import Request.
  Time since last request: 27.254237 seconds.
  path: Assets/Goodies!/Cozy Room Pack/Prefabs/Wall With Door.prefab
  artifactKey: Guid(4fefcaf69e3dd3f448ff7ed475b1eccf) Importer(815301076,1909f56bfc062723c751e8b465ee728b)
Start importing Assets/Goodies!/Cozy Room Pack/Prefabs/Wall With Door.prefab using Guid(4fefcaf69e3dd3f448ff7ed475b1eccf) Importer(815301076,1909f56bfc062723c751e8b465ee728b)  -> (artifact id: '42ee206689420e7448c1dfc0fcb6a55d') in 0.024761 seconds
Number of updated asset objects reloaded before import = 0
Number of asset objects unloaded after import = 39
========================================================================
Received Import Request.
  Time since last request: 0.793839 seconds.
  path: Assets/Goodies!/Cozy Room Pack/Prefabs/Wall_Interior_Angled_2.prefab
  artifactKey: Guid(5be1710c4d7a1fa479f1e5adf623b7a7) Importer(815301076,1909f56bfc062723c751e8b465ee728b)
Start importing Assets/Goodies!/Cozy Room Pack/Prefabs/Wall_Interior_Angled_2.prefab using Guid(5be1710c4d7a1fa479f1e5adf623b7a7) Importer(815301076,1909f56bfc062723c751e8b465ee728b)  -> (artifact id: '7160172c529b9c75baeb06925b993582') in 0.014793 seconds
Number of updated asset objects reloaded before import = 0
Number of asset objects unloaded after import = 14
========================================================================
Received Import Request.
  Time since last request: 0.084246 seconds.
  path: Assets/Goodies!/Cozy Room Pack/Prefabs/Wall_Interior_Angled_4.prefab
  artifactKey: Guid(b7480a6f775928544933363091ff4a59) Importer(815301076,1909f56bfc062723c751e8b465ee728b)
Start importing Assets/Goodies!/Cozy Room Pack/Prefabs/Wall_Interior_Angled_4.prefab using Guid(b7480a6f775928544933363091ff4a59) Importer(815301076,1909f56bfc062723c751e8b465ee728b)  -> (artifact id: 'd86d97add043ce4e5e9ed4cca796e08e') in 0.016588 seconds
Number of updated asset objects reloaded before import = 0
Number of asset objects unloaded after import = 14
========================================================================
Received Import Request.
  Time since last request: 0.037406 seconds.
  path: Assets/Goodies!/Cozy Room Pack/Prefabs/Wall_Interior_Angled_6.prefab
  artifactKey: Guid(2941e37437a7cdb47b9c9e501569715b) Importer(815301076,1909f56bfc062723c751e8b465ee728b)
Start importing Assets/Goodies!/Cozy Room Pack/Prefabs/Wall_Interior_Angled_6.prefab using Guid(2941e37437a7cdb47b9c9e501569715b) Importer(815301076,1909f56bfc062723c751e8b465ee728b)  -> (artifact id: 'f17d13be42816dda10e813dce1fc0d87') in 0.022700 seconds
Number of updated asset objects reloaded before import = 0
Number of asset objects unloaded after import = 14
========================================================================
Received Import Request.
  Time since last request: 0.000027 seconds.
  path: Assets/Goodies!/Cozy Room Pack/Prefabs/Wall_Interior_Angled_8.prefab
  artifactKey: Guid(1ff07c4f9426c1649bc2de572f1c0fa2) Importer(815301076,1909f56bfc062723c751e8b465ee728b)
Start importing Assets/Goodies!/Cozy Room Pack/Prefabs/Wall_Interior_Angled_8.prefab using Guid(1ff07c4f9426c1649bc2de572f1c0fa2) Importer(815301076,1909f56bfc062723c751e8b465ee728b)  -> (artifact id: 'fbd1d4820cba87fa63288fcceac2198c') in 0.018465 seconds
Number of updated asset objects reloaded before import = 0
Number of asset objects unloaded after import = 14
========================================================================
Received Import Request.
  Time since last request: 0.000021 seconds.
  path: Assets/Goodies!/Cozy Room Pack/Prefabs/Wall_Interior_Angled_5.prefab
  artifactKey: Guid(6556ed8921bd1294888a5ec1d8c4f230) Importer(815301076,1909f56bfc062723c751e8b465ee728b)
Start importing Assets/Goodies!/Cozy Room Pack/Prefabs/Wall_Interior_Angled_5.prefab using Guid(6556ed8921bd1294888a5ec1d8c4f230) Importer(815301076,1909f56bfc062723c751e8b465ee728b)  -> (artifact id: 'c8b1ac662f39dba6d11d8de7aa828ba2') in 0.018568 seconds
Number of updated asset objects reloaded before import = 0
Number of asset objects unloaded after import = 14
========================================================================
Received Import Request.
  Time since last request: 2.352282 seconds.
  path: Assets/Goodies!/Cozy Room Pack/Prefabs/Window_Cutout_Centered.prefab
  artifactKey: Guid(1389f3278e602674a92280a00bb79337) Importer(815301076,1909f56bfc062723c751e8b465ee728b)
Start importing Assets/Goodies!/Cozy Room Pack/Prefabs/Window_Cutout_Centered.prefab using Guid(1389f3278e602674a92280a00bb79337) Importer(815301076,1909f56bfc062723c751e8b465ee728b)  -> (artifact id: '7c29f8b249940c6e7aeae538241eaf6f') in 0.030569 seconds
Number of updated asset objects reloaded before import = 0
Number of asset objects unloaded after import = 60
Editor requested this worker to shutdown with reason: Scaling down because of idle timeout
TcpMessagingSession - receive error: operation aborted. errorcode: 995, details: 由于线程退出或应用程序请求，已中止 I/O 操作。
AssetImportWorker is now disconnected from the server
Process exiting
Exiting without the bug reporter. Application will terminate with return code 0