Using pre-set license
Built from '2022.3/china_unity/release' branch; Version is '2022.3.20f1c1 (82a5dab7aa2a) revision 8562138'; Using compiler version '192829333'; Build Type 'Release'
OS: 'Windows 11  (10.0.26200) 64bit CoreCountrySpecific' Language: 'zh' Physical Memory: 16004 MB
BatchMode: 1, IsHumanControllingUs: 0, StartBugReporterOnCrash: 0, Is64bit: 1, IsPro: 1

COMMAND LINE ARGUMENTS:
D:\Program Files\Unity\Editor\2022.3.20f1c1\Editor\Unity.exe
-adb2
-batchMode
-noUpm
-name
AssetImportWorker11
-projectPath
D:/Program Files/Unity/Editor/毕业设计
-logFile
Logs/AssetImportWorker11.log
-srvPort
53934
Successfully changed project path to: D:/Program Files/Unity/Editor/毕业设计
D:/Program Files/Unity/Editor/毕业设计
[UnityMemory] Configuration Parameters - Can be set up in boot.config
    "memorysetup-bucket-allocator-granularity=16"
    "memorysetup-bucket-allocator-bucket-count=8"
    "memorysetup-bucket-allocator-block-size=33554432"
    "memorysetup-bucket-allocator-block-count=8"
    "memorysetup-main-allocator-block-size=16777216"
    "memorysetup-thread-allocator-block-size=16777216"
    "memorysetup-gfx-main-allocator-block-size=16777216"
    "memorysetup-gfx-thread-allocator-block-size=16777216"
    "memorysetup-cache-allocator-block-size=4194304"
    "memorysetup-typetree-allocator-block-size=2097152"
    "memorysetup-profiler-bucket-allocator-granularity=16"
    "memorysetup-profiler-bucket-allocator-bucket-count=8"
    "memorysetup-profiler-bucket-allocator-block-size=33554432"
    "memorysetup-profiler-bucket-allocator-block-count=8"
    "memorysetup-profiler-allocator-block-size=16777216"
    "memorysetup-profiler-editor-allocator-block-size=1048576"
    "memorysetup-temp-allocator-size-main=16777216"
    "memorysetup-job-temp-allocator-block-size=2097152"
    "memorysetup-job-temp-allocator-block-size-background=1048576"
    "memorysetup-job-temp-allocator-reduction-small-platforms=262144"
    "memorysetup-allocator-temp-initial-block-size-main=262144"
    "memorysetup-allocator-temp-initial-block-size-worker=262144"
    "memorysetup-temp-allocator-size-background-worker=32768"
    "memorysetup-temp-allocator-size-job-worker=262144"
    "memorysetup-temp-allocator-size-preload-manager=33554432"
    "memorysetup-temp-allocator-size-nav-mesh-worker=65536"
    "memorysetup-temp-allocator-size-audio-worker=65536"
    "memorysetup-temp-allocator-size-cloud-worker=32768"
    "memorysetup-temp-allocator-size-gi-baking-worker=262144"
    "memorysetup-temp-allocator-size-gfx=262144"
Player connection [50304] Host "[IP] 10.55.165.151 [Port] 0 [Flags] 2 [Guid] 3033752650 [EditorId] 3033752650 [Version] 1048832 [Id] WindowsEditor(7,LAPTOP-7TIDKNDB) [Debug] 1 [PackageName] WindowsEditor [ProjectName] Editor" joined multi-casting on [225.0.0.222:54997]...

Player connection [50304] Host "[IP] 10.55.165.151 [Port] 0 [Flags] 2 [Guid] 3033752650 [EditorId] 3033752650 [Version] 1048832 [Id] WindowsEditor(7,LAPTOP-7TIDKNDB) [Debug] 1 [PackageName] WindowsEditor [ProjectName] Editor" joined alternative multi-casting on [225.0.0.222:34997]...

[Physics::Module] Initialized MultithreadedJobDispatcher with 19 workers.
Refreshing native plugins compatible for Editor in 23.60 ms, found 4 plugins.
Preloading 0 native plugins for Editor in 0.00 ms.
Initialize engine version: 2022.3.20f1c1 (82a5dab7aa2a)
[Subsystems] Discovering subsystems at path D:/Program Files/Unity/Editor/2022.3.20f1c1/Editor/Data/Resources/UnitySubsystems
[Subsystems] Discovering subsystems at path D:/Program Files/Unity/Editor/毕业设计/Assets
GfxDevice: creating device client; threaded=0; jobified=0
Direct3D:
    Version:  Direct3D 11.0 [level 11.1]
    Renderer: NVIDIA GeForce RTX 3060 Laptop GPU (ID=0x2520)
    Vendor:   NVIDIA
    VRAM:     5994 MB
    Driver:   32.0.15.9579
Initialize mono
Mono path[0] = 'D:/Program Files/Unity/Editor/2022.3.20f1c1/Editor/Data/Managed'
Mono path[1] = 'D:/Program Files/Unity/Editor/2022.3.20f1c1/Editor/Data/MonoBleedingEdge/lib/mono/unityjit-win32'
Mono config path = 'D:/Program Files/Unity/Editor/2022.3.20f1c1/Editor/Data/MonoBleedingEdge/etc'
Using monoOptions --debugger-agent=transport=dt_socket,embedding=1,server=y,suspend=n,address=127.0.0.1:56724
Begin MonoManager ReloadAssembly
Registering precompiled unity dll's ...
Register platform support module: D:/Program Files/Unity/Editor/2022.3.20f1c1/Editor/Data/PlaybackEngines/AndroidPlayer/UnityEditor.Android.Extensions.dll
Register platform support module: D:/Program Files/Unity/Editor/2022.3.20f1c1/Editor/Data/PlaybackEngines/WindowsStandaloneSupport/UnityEditor.WindowsStandalone.Extensions.dll
Registered in 0.007237 seconds.
- Loaded All Assemblies, in  0.290 seconds
Native extension for WindowsStandalone target not found
Native extension for Android target not found
Android Extension - Scanning For ADB Devices 1428 ms
Mono: successfully reloaded assembly
- Finished resetting the current domain, in  1.701 seconds
Domain Reload Profiling: 1988ms
	BeginReloadAssembly (94ms)
		ExecutionOrderSort (0ms)
		DisableScriptedObjects (0ms)
		BackupInstance (0ms)
		ReleaseScriptingObjects (0ms)
		CreateAndSetChildDomain (1ms)
	RebuildCommonClasses (24ms)
	RebuildNativeTypeToScriptingClass (7ms)
	initialDomainReloadingComplete (49ms)
	LoadAllAssembliesAndSetupDomain (112ms)
		LoadAssemblies (88ms)
		RebuildTransferFunctionScriptingTraits (0ms)
		AnalyzeDomain (111ms)
			TypeCache.Refresh (109ms)
				TypeCache.ScanAssembly (96ms)
			ScanForSourceGeneratedMonoScriptInfo (0ms)
			ResolveRequiredComponents (0ms)
	FinalizeReload (1702ms)
		ReleaseScriptCaches (0ms)
		RebuildScriptCaches (0ms)
		SetupLoadedEditorAssemblies (1652ms)
			LogAssemblyErrors (0ms)
			InitializePlatformSupportModulesInManaged (1533ms)
			SetLoadedEditorAssemblies (3ms)
			RefreshPlugins (0ms)
			BeforeProcessingInitializeOnLoad (1ms)
			ProcessInitializeOnLoadAttributes (80ms)
			ProcessInitializeOnLoadMethodAttributes (35ms)
			AfterProcessingInitializeOnLoad (0ms)
			EditorAssembliesLoaded (0ms)
		ExecutionOrderSort2 (0ms)
		AwakeInstancesAfterBackupRestoration (0ms)
========================================================================
Worker process is ready to serve import requests
Begin MonoManager ReloadAssembly
Symbol file LoadedFromMemory is not a mono symbol file
- Loaded All Assemblies, in  0.653 seconds
Refreshing native plugins compatible for Editor in 7.45 ms, found 4 plugins.
Native extension for WindowsStandalone target not found
Native extension for Android target not found
Mono: successfully reloaded assembly
- Finished resetting the current domain, in  1.248 seconds
Domain Reload Profiling: 1895ms
	BeginReloadAssembly (116ms)
		ExecutionOrderSort (0ms)
		DisableScriptedObjects (4ms)
		BackupInstance (0ms)
		ReleaseScriptingObjects (0ms)
		CreateAndSetChildDomain (17ms)
	RebuildCommonClasses (25ms)
	RebuildNativeTypeToScriptingClass (7ms)
	initialDomainReloadingComplete (39ms)
	LoadAllAssembliesAndSetupDomain (460ms)
		LoadAssemblies (323ms)
		RebuildTransferFunctionScriptingTraits (0ms)
		AnalyzeDomain (207ms)
			TypeCache.Refresh (174ms)
				TypeCache.ScanAssembly (158ms)
			ScanForSourceGeneratedMonoScriptInfo (23ms)
			ResolveRequiredComponents (8ms)
	FinalizeReload (1248ms)
		ReleaseScriptCaches (0ms)
		RebuildScriptCaches (0ms)
		SetupLoadedEditorAssemblies (1100ms)
			LogAssemblyErrors (0ms)
			InitializePlatformSupportModulesInManaged (22ms)
			SetLoadedEditorAssemblies (4ms)
			RefreshPlugins (0ms)
			BeforeProcessingInitializeOnLoad (69ms)
			ProcessInitializeOnLoadAttributes (956ms)
			ProcessInitializeOnLoadMethodAttributes (38ms)
			AfterProcessingInitializeOnLoad (11ms)
			EditorAssembliesLoaded (0ms)
		ExecutionOrderSort2 (0ms)
		AwakeInstancesAfterBackupRestoration (8ms)
Launched and connected shader compiler UnityShaderCompiler.exe after 0.12 seconds
Refreshing native plugins compatible for Editor in 12.44 ms, found 4 plugins.
Preloading 0 native plugins for Editor in 0.00 ms.
Unloading 7028 Unused Serialized files (Serialized files now loaded: 0)
Unloading 88 unused Assets / (1.2 MB). Loaded Objects now: 7486.
Memory consumption went from 271.6 MB to 270.4 MB.
Total: 4.925400 ms (FindLiveObjects: 0.421000 ms CreateObjectMapping: 0.331700 ms MarkObjects: 3.742200 ms  DeleteObjects: 0.429400 ms)

AssetImportParameters requested are different than current active one (requested -> active):
  custom:container-demuxer-ogg: 62fdf1f143b41e24485cea50d1cbac27 -> 
  custom:framework-win-MediaFoundation: 216162199b28c13a410421893ffa2e32 -> 
  custom:container-muxer-webm: aa71ff27fc2769a1b78a27578f13a17b -> 
  custom:video-decoder-webm-vp8: 9c59270c3fd7afecdb556c50c9e8de78 -> 
  custom:SearchIndexIgnoredProperties: e643bd26f0fe6173181afceb89e7c659 -> 
  custom:AudioImporter_EditorPlatform: d09bf68614088b80899f8185d706f6e7 -> 
  custom:audio-decoder-ogg-vorbis: bf7c407c2cedff20999df2af8eb42d56 -> 
  custom:audio-encoder-webm-vorbis: bf7c407c2cedff20999df2af8eb42d56 -> 
  custom:video-codec-MediaFoundation-h265: 746d11721c4dcdbdad8f713fa42b33f4 -> 
  custom:video-decoder-ogg-theora: a1e56fd34408186e4bbccfd4996cb3dc -> 
  custom:CustomObjectIndexerAttribute: 62b5816608c3102f162a1797e29626cf -> 
  custom:container-demuxer-webm: 4f35f7cbe854078d1ac9338744f61a02 -> 
  custom:video-encoder-webm-vp8: eb34c28f22e8b96e1ab97ce403110664 -> 
========================================================================
Received Import Request.
  Time since last request: 228856.754232 seconds.
  path: Assets/OtherProjectAssets/StarterAssets/ThirdPersonController/Prefabs
  artifactKey: Guid(84b4ab346fc32d445b7207cb1884cf42) Importer(815301076,1909f56bfc062723c751e8b465ee728b)
Start importing Assets/OtherProjectAssets/StarterAssets/ThirdPersonController/Prefabs using Guid(84b4ab346fc32d445b7207cb1884cf42) Importer(815301076,1909f56bfc062723c751e8b465ee728b)  -> (artifact id: 'd936953fb775941041987857253dc8a7') in 0.004051 seconds
Number of updated asset objects reloaded before import = 0
Number of asset objects unloaded after import = 0
========================================================================
Received Prepare
Begin MonoManager ReloadAssembly
Symbol file LoadedFromMemory is not a mono symbol file
- Loaded All Assemblies, in  0.520 seconds
Refreshing native plugins compatible for Editor in 9.49 ms, found 4 plugins.
Native extension for WindowsStandalone target not found
Native extension for Android target not found
Mono: successfully reloaded assembly
- Finished resetting the current domain, in  3.003 seconds
Domain Reload Profiling: 3515ms
	BeginReloadAssembly (160ms)
		ExecutionOrderSort (0ms)
		DisableScriptedObjects (3ms)
		BackupInstance (0ms)
		ReleaseScriptingObjects (0ms)
		CreateAndSetChildDomain (42ms)
	RebuildCommonClasses (25ms)
	RebuildNativeTypeToScriptingClass (8ms)
	initialDomainReloadingComplete (29ms)
	LoadAllAssembliesAndSetupDomain (290ms)
		LoadAssemblies (317ms)
		RebuildTransferFunctionScriptingTraits (0ms)
		AnalyzeDomain (50ms)
			TypeCache.Refresh (13ms)
				TypeCache.ScanAssembly (4ms)
			ScanForSourceGeneratedMonoScriptInfo (26ms)
			ResolveRequiredComponents (9ms)
	FinalizeReload (3003ms)
		ReleaseScriptCaches (0ms)
		RebuildScriptCaches (0ms)
		SetupLoadedEditorAssemblies (1130ms)
			LogAssemblyErrors (0ms)
			InitializePlatformSupportModulesInManaged (22ms)
			SetLoadedEditorAssemblies (4ms)
			RefreshPlugins (0ms)
			BeforeProcessingInitializeOnLoad (75ms)
			ProcessInitializeOnLoadAttributes (976ms)
			ProcessInitializeOnLoadMethodAttributes (44ms)
			AfterProcessingInitializeOnLoad (9ms)
			EditorAssembliesLoaded (0ms)
		ExecutionOrderSort2 (0ms)
		AwakeInstancesAfterBackupRestoration (14ms)
Refreshing native plugins compatible for Editor in 7.61 ms, found 4 plugins.
Preloading 0 native plugins for Editor in 0.00 ms.
Unloading 7008 Unused Serialized files (Serialized files now loaded: 0)
Unloading 56 unused Assets / (1.2 MB). Loaded Objects now: 7666.
Memory consumption went from 242.7 MB to 241.5 MB.
Total: 3.860700 ms (FindLiveObjects: 0.382200 ms CreateObjectMapping: 0.304500 ms MarkObjects: 2.889200 ms  DeleteObjects: 0.283600 ms)

Prepare: number of updated asset objects reloaded= 0
AssetImportParameters requested are different than current active one (requested -> active):
  custom:container-demuxer-ogg: 62fdf1f143b41e24485cea50d1cbac27 -> 
  custom:framework-win-MediaFoundation: 216162199b28c13a410421893ffa2e32 -> 
  custom:container-muxer-webm: aa71ff27fc2769a1b78a27578f13a17b -> 
  custom:video-decoder-webm-vp8: 9c59270c3fd7afecdb556c50c9e8de78 -> 
  custom:SearchIndexIgnoredProperties: e643bd26f0fe6173181afceb89e7c659 -> 
  custom:AudioImporter_EditorPlatform: d09bf68614088b80899f8185d706f6e7 -> 
  custom:audio-decoder-ogg-vorbis: bf7c407c2cedff20999df2af8eb42d56 -> 
  custom:audio-encoder-webm-vorbis: bf7c407c2cedff20999df2af8eb42d56 -> 
  custom:video-codec-MediaFoundation-h265: 746d11721c4dcdbdad8f713fa42b33f4 -> 
  custom:video-decoder-ogg-theora: a1e56fd34408186e4bbccfd4996cb3dc -> 
  custom:CustomObjectIndexerAttribute: 62b5816608c3102f162a1797e29626cf -> 
  custom:container-demuxer-webm: 4f35f7cbe854078d1ac9338744f61a02 -> 
  custom:video-encoder-webm-vp8: eb34c28f22e8b96e1ab97ce403110664 -> 
========================================================================
Received Import Request.
  Time since last request: 137.704402 seconds.
  path: Assets/OtherProjectAssets/StarterAssets/ThirdPersonController/Prefabs/MainCamera.prefab
  artifactKey: Guid(f6d148d888ffbf54b9afe9936dfaec1f) Importer(815301076,1909f56bfc062723c751e8b465ee728b)
Start importing Assets/OtherProjectAssets/StarterAssets/ThirdPersonController/Prefabs/MainCamera.prefab using Guid(f6d148d888ffbf54b9afe9936dfaec1f) Importer(815301076,1909f56bfc062723c751e8b465ee728b)  -> (artifact id: 'e22f29e5d45cf229a2e69102d1d23fea') in 0.031362 seconds
Number of updated asset objects reloaded before import = 0
Number of asset objects unloaded after import = 7
========================================================================
Received Import Request.
  Time since last request: 0.000024 seconds.
  path: Assets/OtherProjectAssets/StarterAssets/ThirdPersonController/Prefabs/NestedParentArmature_Unpack.prefab
  artifactKey: Guid(c708a3b79cd542b42bbfedb17e213bc1) Importer(815301076,1909f56bfc062723c751e8b465ee728b)
Start importing Assets/OtherProjectAssets/StarterAssets/ThirdPersonController/Prefabs/NestedParentArmature_Unpack.prefab using Guid(c708a3b79cd542b42bbfedb17e213bc1) Importer(815301076,1909f56bfc062723c751e8b465ee728b)  -> (artifact id: 'ca6277ba3b5ec128bd4709bd875ed482') in 0.901556 seconds
Number of updated asset objects reloaded before import = 0
Number of asset objects unloaded after import = 582
========================================================================
Received Prepare
Begin MonoManager ReloadAssembly
Symbol file LoadedFromMemory is not a mono symbol file
- Loaded All Assemblies, in  0.445 seconds
Refreshing native plugins compatible for Editor in 8.15 ms, found 4 plugins.
Native extension for WindowsStandalone target not found
Native extension for Android target not found
Mono: successfully reloaded assembly
- Finished resetting the current domain, in  2.244 seconds
Domain Reload Profiling: 2682ms
	BeginReloadAssembly (155ms)
		ExecutionOrderSort (0ms)
		DisableScriptedObjects (7ms)
		BackupInstance (0ms)
		ReleaseScriptingObjects (0ms)
		CreateAndSetChildDomain (41ms)
	RebuildCommonClasses (24ms)
	RebuildNativeTypeToScriptingClass (7ms)
	initialDomainReloadingComplete (29ms)
	LoadAllAssembliesAndSetupDomain (222ms)
		LoadAssemblies (276ms)
		RebuildTransferFunctionScriptingTraits (0ms)
		AnalyzeDomain (16ms)
			TypeCache.Refresh (6ms)
				TypeCache.ScanAssembly (0ms)
			ScanForSourceGeneratedMonoScriptInfo (0ms)
			ResolveRequiredComponents (9ms)
	FinalizeReload (2245ms)
		ReleaseScriptCaches (0ms)
		RebuildScriptCaches (0ms)
		SetupLoadedEditorAssemblies (1152ms)
			LogAssemblyErrors (0ms)
			InitializePlatformSupportModulesInManaged (24ms)
			SetLoadedEditorAssemblies (4ms)
			RefreshPlugins (0ms)
			BeforeProcessingInitializeOnLoad (81ms)
			ProcessInitializeOnLoadAttributes (989ms)
			ProcessInitializeOnLoadMethodAttributes (43ms)
			AfterProcessingInitializeOnLoad (10ms)
			EditorAssembliesLoaded (0ms)
		ExecutionOrderSort2 (0ms)
		AwakeInstancesAfterBackupRestoration (19ms)
Refreshing native plugins compatible for Editor in 9.31 ms, found 4 plugins.
Preloading 0 native plugins for Editor in 0.00 ms.
Unloading 7008 Unused Serialized files (Serialized files now loaded: 0)
Unloading 56 unused Assets / (1.2 MB). Loaded Objects now: 7730.
Memory consumption went from 245.9 MB to 244.6 MB.
Total: 3.849300 ms (FindLiveObjects: 0.382400 ms CreateObjectMapping: 0.249200 ms MarkObjects: 2.915000 ms  DeleteObjects: 0.301800 ms)

Prepare: number of updated asset objects reloaded= 0
AssetImportParameters requested are different than current active one (requested -> active):
  custom:container-demuxer-ogg: 62fdf1f143b41e24485cea50d1cbac27 -> 
  custom:framework-win-MediaFoundation: 216162199b28c13a410421893ffa2e32 -> 
  custom:container-muxer-webm: aa71ff27fc2769a1b78a27578f13a17b -> 
  custom:video-decoder-webm-vp8: 9c59270c3fd7afecdb556c50c9e8de78 -> 
  custom:SearchIndexIgnoredProperties: e643bd26f0fe6173181afceb89e7c659 -> 
  custom:AudioImporter_EditorPlatform: d09bf68614088b80899f8185d706f6e7 -> 
  custom:audio-decoder-ogg-vorbis: bf7c407c2cedff20999df2af8eb42d56 -> 
  custom:audio-encoder-webm-vorbis: bf7c407c2cedff20999df2af8eb42d56 -> 
  custom:video-codec-MediaFoundation-h265: 746d11721c4dcdbdad8f713fa42b33f4 -> 
  custom:video-decoder-ogg-theora: a1e56fd34408186e4bbccfd4996cb3dc -> 
  custom:CustomObjectIndexerAttribute: 62b5816608c3102f162a1797e29626cf -> 
  custom:container-demuxer-webm: 4f35f7cbe854078d1ac9338744f61a02 -> 
  custom:video-encoder-webm-vp8: eb34c28f22e8b96e1ab97ce403110664 -> 
========================================================================
Received Prepare
Begin MonoManager ReloadAssembly
Symbol file LoadedFromMemory is not a mono symbol file
- Loaded All Assemblies, in  0.437 seconds
Refreshing native plugins compatible for Editor in 8.09 ms, found 4 plugins.
Native extension for WindowsStandalone target not found
Native extension for Android target not found
Mono: successfully reloaded assembly
- Finished resetting the current domain, in  2.355 seconds
Domain Reload Profiling: 2785ms
	BeginReloadAssembly (146ms)
		ExecutionOrderSort (0ms)
		DisableScriptedObjects (3ms)
		BackupInstance (0ms)
		ReleaseScriptingObjects (0ms)
		CreateAndSetChildDomain (37ms)
	RebuildCommonClasses (23ms)
	RebuildNativeTypeToScriptingClass (7ms)
	initialDomainReloadingComplete (27ms)
	LoadAllAssembliesAndSetupDomain (226ms)
		LoadAssemblies (278ms)
		RebuildTransferFunctionScriptingTraits (0ms)
		AnalyzeDomain (18ms)
			TypeCache.Refresh (6ms)
				TypeCache.ScanAssembly (0ms)
			ScanForSourceGeneratedMonoScriptInfo (0ms)
			ResolveRequiredComponents (10ms)
	FinalizeReload (2356ms)
		ReleaseScriptCaches (0ms)
		RebuildScriptCaches (0ms)
		SetupLoadedEditorAssemblies (1180ms)
			LogAssemblyErrors (0ms)
			InitializePlatformSupportModulesInManaged (26ms)
			SetLoadedEditorAssemblies (4ms)
			RefreshPlugins (0ms)
			BeforeProcessingInitializeOnLoad (80ms)
			ProcessInitializeOnLoadAttributes (1018ms)
			ProcessInitializeOnLoadMethodAttributes (41ms)
			AfterProcessingInitializeOnLoad (10ms)
			EditorAssembliesLoaded (0ms)
		ExecutionOrderSort2 (0ms)
		AwakeInstancesAfterBackupRestoration (17ms)
Refreshing native plugins compatible for Editor in 9.46 ms, found 4 plugins.
Preloading 0 native plugins for Editor in 0.00 ms.
Unloading 7008 Unused Serialized files (Serialized files now loaded: 0)
Unloading 56 unused Assets / (1.2 MB). Loaded Objects now: 7748.
Memory consumption went from 247.7 MB to 246.5 MB.
Total: 4.011300 ms (FindLiveObjects: 0.415500 ms CreateObjectMapping: 0.298000 ms MarkObjects: 2.887600 ms  DeleteObjects: 0.409100 ms)

Prepare: number of updated asset objects reloaded= 0
AssetImportParameters requested are different than current active one (requested -> active):
  custom:container-demuxer-ogg: 62fdf1f143b41e24485cea50d1cbac27 -> 
  custom:framework-win-MediaFoundation: 216162199b28c13a410421893ffa2e32 -> 
  custom:container-muxer-webm: aa71ff27fc2769a1b78a27578f13a17b -> 
  custom:video-decoder-webm-vp8: 9c59270c3fd7afecdb556c50c9e8de78 -> 
  custom:SearchIndexIgnoredProperties: e643bd26f0fe6173181afceb89e7c659 -> 
  custom:AudioImporter_EditorPlatform: d09bf68614088b80899f8185d706f6e7 -> 
  custom:audio-decoder-ogg-vorbis: bf7c407c2cedff20999df2af8eb42d56 -> 
  custom:audio-encoder-webm-vorbis: bf7c407c2cedff20999df2af8eb42d56 -> 
  custom:video-codec-MediaFoundation-h265: 746d11721c4dcdbdad8f713fa42b33f4 -> 
  custom:video-decoder-ogg-theora: a1e56fd34408186e4bbccfd4996cb3dc -> 
  custom:CustomObjectIndexerAttribute: 62b5816608c3102f162a1797e29626cf -> 
  custom:container-demuxer-webm: 4f35f7cbe854078d1ac9338744f61a02 -> 
  custom:video-encoder-webm-vp8: eb34c28f22e8b96e1ab97ce403110664 -> 
========================================================================
Received Prepare
Begin MonoManager ReloadAssembly
Symbol file LoadedFromMemory is not a mono symbol file
- Loaded All Assemblies, in  0.526 seconds
Refreshing native plugins compatible for Editor in 8.29 ms, found 4 plugins.
Native extension for WindowsStandalone target not found
Native extension for Android target not found
Mono: successfully reloaded assembly
- Finished resetting the current domain, in  3.468 seconds
Domain Reload Profiling: 3986ms
	BeginReloadAssembly (166ms)
		ExecutionOrderSort (0ms)
		DisableScriptedObjects (3ms)
		BackupInstance (0ms)
		ReleaseScriptingObjects (0ms)
		CreateAndSetChildDomain (40ms)
	RebuildCommonClasses (24ms)
	RebuildNativeTypeToScriptingClass (7ms)
	initialDomainReloadingComplete (33ms)
	LoadAllAssembliesAndSetupDomain (287ms)
		LoadAssemblies (351ms)
		RebuildTransferFunctionScriptingTraits (0ms)
		AnalyzeDomain (20ms)
			TypeCache.Refresh (8ms)
				TypeCache.ScanAssembly (0ms)
			ScanForSourceGeneratedMonoScriptInfo (0ms)
			ResolveRequiredComponents (10ms)
	FinalizeReload (3469ms)
		ReleaseScriptCaches (0ms)
		RebuildScriptCaches (0ms)
		SetupLoadedEditorAssemblies (1317ms)
			LogAssemblyErrors (0ms)
			InitializePlatformSupportModulesInManaged (31ms)
			SetLoadedEditorAssemblies (5ms)
			RefreshPlugins (0ms)
			BeforeProcessingInitializeOnLoad (85ms)
			ProcessInitializeOnLoadAttributes (1140ms)
			ProcessInitializeOnLoadMethodAttributes (45ms)
			AfterProcessingInitializeOnLoad (10ms)
			EditorAssembliesLoaded (0ms)
		ExecutionOrderSort2 (0ms)
		AwakeInstancesAfterBackupRestoration (18ms)
Refreshing native plugins compatible for Editor in 11.09 ms, found 4 plugins.
Preloading 0 native plugins for Editor in 0.00 ms.
Unloading 7008 Unused Serialized files (Serialized files now loaded: 0)
Unloading 56 unused Assets / (1.2 MB). Loaded Objects now: 7766.
Memory consumption went from 249.7 MB to 248.5 MB.
Total: 4.387900 ms (FindLiveObjects: 0.398700 ms CreateObjectMapping: 0.377100 ms MarkObjects: 3.306400 ms  DeleteObjects: 0.304400 ms)

Prepare: number of updated asset objects reloaded= 0
AssetImportParameters requested are different than current active one (requested -> active):
  custom:container-demuxer-ogg: 62fdf1f143b41e24485cea50d1cbac27 -> 
  custom:framework-win-MediaFoundation: 216162199b28c13a410421893ffa2e32 -> 
  custom:container-muxer-webm: aa71ff27fc2769a1b78a27578f13a17b -> 
  custom:video-decoder-webm-vp8: 9c59270c3fd7afecdb556c50c9e8de78 -> 
  custom:SearchIndexIgnoredProperties: e643bd26f0fe6173181afceb89e7c659 -> 
  custom:AudioImporter_EditorPlatform: d09bf68614088b80899f8185d706f6e7 -> 
  custom:audio-decoder-ogg-vorbis: bf7c407c2cedff20999df2af8eb42d56 -> 
  custom:audio-encoder-webm-vorbis: bf7c407c2cedff20999df2af8eb42d56 -> 
  custom:video-codec-MediaFoundation-h265: 746d11721c4dcdbdad8f713fa42b33f4 -> 
  custom:video-decoder-ogg-theora: a1e56fd34408186e4bbccfd4996cb3dc -> 
  custom:CustomObjectIndexerAttribute: 62b5816608c3102f162a1797e29626cf -> 
  custom:container-demuxer-webm: 4f35f7cbe854078d1ac9338744f61a02 -> 
  custom:video-encoder-webm-vp8: eb34c28f22e8b96e1ab97ce403110664 -> 
========================================================================
Received Import Request.
  Time since last request: 303.173352 seconds.
  path: Assets/OtherProjectAssets/StarterAssets/ThirdPersonController/Prefabs/MainCamera.prefab
  artifactKey: Guid(f6d148d888ffbf54b9afe9936dfaec1f) Importer(815301076,1909f56bfc062723c751e8b465ee728b)
Start importing Assets/OtherProjectAssets/StarterAssets/ThirdPersonController/Prefabs/MainCamera.prefab using Guid(f6d148d888ffbf54b9afe9936dfaec1f) Importer(815301076,1909f56bfc062723c751e8b465ee728b)  -> (artifact id: '52773e22cc2dd9ae0b1a90816fb6e16e') in 0.047400 seconds
Number of updated asset objects reloaded before import = 0
Number of asset objects unloaded after import = 8
========================================================================
Received Import Request.
  Time since last request: 0.000079 seconds.
  path: Assets/OtherProjectAssets/StarterAssets/ThirdPersonController/Prefabs/NestedParentCapsule_Unpack.prefab
  artifactKey: Guid(212907312655a4443a025a304442c17c) Importer(815301076,1909f56bfc062723c751e8b465ee728b)
Start importing Assets/OtherProjectAssets/StarterAssets/ThirdPersonController/Prefabs/NestedParentCapsule_Unpack.prefab using Guid(212907312655a4443a025a304442c17c) Importer(815301076,1909f56bfc062723c751e8b465ee728b)  -> (artifact id: '2cfb06eaf71a33e1821061d35f6bff55') in 0.889800 seconds
Number of updated asset objects reloaded before import = 0
Number of asset objects unloaded after import = 261
========================================================================
Received Prepare
Begin MonoManager ReloadAssembly
Symbol file LoadedFromMemory is not a mono symbol file
- Loaded All Assemblies, in  0.486 seconds
Refreshing native plugins compatible for Editor in 9.11 ms, found 4 plugins.
Native extension for WindowsStandalone target not found
Native extension for Android target not found
Mono: successfully reloaded assembly
- Finished resetting the current domain, in  2.562 seconds
Domain Reload Profiling: 3042ms
	BeginReloadAssembly (160ms)
		ExecutionOrderSort (0ms)
		DisableScriptedObjects (7ms)
		BackupInstance (0ms)
		ReleaseScriptingObjects (0ms)
		CreateAndSetChildDomain (43ms)
	RebuildCommonClasses (24ms)
	RebuildNativeTypeToScriptingClass (8ms)
	initialDomainReloadingComplete (31ms)
	LoadAllAssembliesAndSetupDomain (257ms)
		LoadAssemblies (312ms)
		RebuildTransferFunctionScriptingTraits (0ms)
		AnalyzeDomain (19ms)
			TypeCache.Refresh (7ms)
				TypeCache.ScanAssembly (0ms)
			ScanForSourceGeneratedMonoScriptInfo (0ms)
			ResolveRequiredComponents (10ms)
	FinalizeReload (2563ms)
		ReleaseScriptCaches (0ms)
		RebuildScriptCaches (0ms)
		SetupLoadedEditorAssemblies (1280ms)
			LogAssemblyErrors (0ms)
			InitializePlatformSupportModulesInManaged (27ms)
			SetLoadedEditorAssemblies (5ms)
			RefreshPlugins (0ms)
			BeforeProcessingInitializeOnLoad (82ms)
			ProcessInitializeOnLoadAttributes (1109ms)
			ProcessInitializeOnLoadMethodAttributes (47ms)
			AfterProcessingInitializeOnLoad (11ms)
			EditorAssembliesLoaded (0ms)
		ExecutionOrderSort2 (0ms)
		AwakeInstancesAfterBackupRestoration (21ms)
Refreshing native plugins compatible for Editor in 11.39 ms, found 4 plugins.
Preloading 0 native plugins for Editor in 0.00 ms.
Unloading 7008 Unused Serialized files (Serialized files now loaded: 0)
Unloading 56 unused Assets / (1.2 MB). Loaded Objects now: 7821.
Memory consumption went from 251.8 MB to 250.6 MB.
Total: 4.138000 ms (FindLiveObjects: 0.521900 ms CreateObjectMapping: 0.258000 ms MarkObjects: 3.062400 ms  DeleteObjects: 0.294300 ms)

Prepare: number of updated asset objects reloaded= 0
AssetImportParameters requested are different than current active one (requested -> active):
  custom:container-demuxer-ogg: 62fdf1f143b41e24485cea50d1cbac27 -> 
  custom:framework-win-MediaFoundation: 216162199b28c13a410421893ffa2e32 -> 
  custom:container-muxer-webm: aa71ff27fc2769a1b78a27578f13a17b -> 
  custom:video-decoder-webm-vp8: 9c59270c3fd7afecdb556c50c9e8de78 -> 
  custom:SearchIndexIgnoredProperties: e643bd26f0fe6173181afceb89e7c659 -> 
  custom:AudioImporter_EditorPlatform: d09bf68614088b80899f8185d706f6e7 -> 
  custom:audio-decoder-ogg-vorbis: bf7c407c2cedff20999df2af8eb42d56 -> 
  custom:audio-encoder-webm-vorbis: bf7c407c2cedff20999df2af8eb42d56 -> 
  custom:video-codec-MediaFoundation-h265: 746d11721c4dcdbdad8f713fa42b33f4 -> 
  custom:video-decoder-ogg-theora: a1e56fd34408186e4bbccfd4996cb3dc -> 
  custom:CustomObjectIndexerAttribute: 62b5816608c3102f162a1797e29626cf -> 
  custom:container-demuxer-webm: 4f35f7cbe854078d1ac9338744f61a02 -> 
  custom:video-encoder-webm-vp8: eb34c28f22e8b96e1ab97ce403110664 -> 
========================================================================
Received Prepare
Begin MonoManager ReloadAssembly
Symbol file LoadedFromMemory is not a mono symbol file
- Loaded All Assemblies, in  0.478 seconds
Refreshing native plugins compatible for Editor in 9.42 ms, found 4 plugins.
Native extension for WindowsStandalone target not found
Native extension for Android target not found
Mono: successfully reloaded assembly
- Finished resetting the current domain, in  2.576 seconds
Domain Reload Profiling: 3047ms
	BeginReloadAssembly (158ms)
		ExecutionOrderSort (0ms)
		DisableScriptedObjects (3ms)
		BackupInstance (0ms)
		ReleaseScriptingObjects (0ms)
		CreateAndSetChildDomain (43ms)
	RebuildCommonClasses (24ms)
	RebuildNativeTypeToScriptingClass (10ms)
	initialDomainReloadingComplete (34ms)
	LoadAllAssembliesAndSetupDomain (244ms)
		LoadAssemblies (299ms)
		RebuildTransferFunctionScriptingTraits (0ms)
		AnalyzeDomain (19ms)
			TypeCache.Refresh (6ms)
				TypeCache.ScanAssembly (0ms)
			ScanForSourceGeneratedMonoScriptInfo (0ms)
			ResolveRequiredComponents (9ms)
	FinalizeReload (2576ms)
		ReleaseScriptCaches (0ms)
		RebuildScriptCaches (0ms)
		SetupLoadedEditorAssemblies (1281ms)
			LogAssemblyErrors (0ms)
			InitializePlatformSupportModulesInManaged (27ms)
			SetLoadedEditorAssemblies (5ms)
			RefreshPlugins (0ms)
			BeforeProcessingInitializeOnLoad (85ms)
			ProcessInitializeOnLoadAttributes (1102ms)
			ProcessInitializeOnLoadMethodAttributes (51ms)
			AfterProcessingInitializeOnLoad (11ms)
			EditorAssembliesLoaded (0ms)
		ExecutionOrderSort2 (0ms)
		AwakeInstancesAfterBackupRestoration (18ms)
Refreshing native plugins compatible for Editor in 8.40 ms, found 4 plugins.
Preloading 0 native plugins for Editor in 0.00 ms.
Unloading 7008 Unused Serialized files (Serialized files now loaded: 0)
Unloading 56 unused Assets / (1.2 MB). Loaded Objects now: 7839.
Memory consumption went from 253.7 MB to 252.4 MB.
Total: 3.590700 ms (FindLiveObjects: 0.367800 ms CreateObjectMapping: 0.236200 ms MarkObjects: 2.715900 ms  DeleteObjects: 0.270000 ms)

Prepare: number of updated asset objects reloaded= 0
AssetImportParameters requested are different than current active one (requested -> active):
  custom:container-demuxer-ogg: 62fdf1f143b41e24485cea50d1cbac27 -> 
  custom:framework-win-MediaFoundation: 216162199b28c13a410421893ffa2e32 -> 
  custom:container-muxer-webm: aa71ff27fc2769a1b78a27578f13a17b -> 
  custom:video-decoder-webm-vp8: 9c59270c3fd7afecdb556c50c9e8de78 -> 
  custom:SearchIndexIgnoredProperties: e643bd26f0fe6173181afceb89e7c659 -> 
  custom:AudioImporter_EditorPlatform: d09bf68614088b80899f8185d706f6e7 -> 
  custom:audio-decoder-ogg-vorbis: bf7c407c2cedff20999df2af8eb42d56 -> 
  custom:audio-encoder-webm-vorbis: bf7c407c2cedff20999df2af8eb42d56 -> 
  custom:video-codec-MediaFoundation-h265: 746d11721c4dcdbdad8f713fa42b33f4 -> 
  custom:video-decoder-ogg-theora: a1e56fd34408186e4bbccfd4996cb3dc -> 
  custom:CustomObjectIndexerAttribute: 62b5816608c3102f162a1797e29626cf -> 
  custom:container-demuxer-webm: 4f35f7cbe854078d1ac9338744f61a02 -> 
  custom:video-encoder-webm-vp8: eb34c28f22e8b96e1ab97ce403110664 -> 
========================================================================
Received Prepare
Begin MonoManager ReloadAssembly
Symbol file LoadedFromMemory is not a mono symbol file
- Loaded All Assemblies, in  0.476 seconds
Refreshing native plugins compatible for Editor in 8.98 ms, found 4 plugins.
Native extension for WindowsStandalone target not found
Native extension for Android target not found
Mono: successfully reloaded assembly
- Finished resetting the current domain, in  2.561 seconds
Domain Reload Profiling: 3029ms
	BeginReloadAssembly (155ms)
		ExecutionOrderSort (0ms)
		DisableScriptedObjects (3ms)
		BackupInstance (0ms)
		ReleaseScriptingObjects (0ms)
		CreateAndSetChildDomain (40ms)
	RebuildCommonClasses (24ms)
	RebuildNativeTypeToScriptingClass (8ms)
	initialDomainReloadingComplete (35ms)
	LoadAllAssembliesAndSetupDomain (246ms)
		LoadAssemblies (301ms)
		RebuildTransferFunctionScriptingTraits (0ms)
		AnalyzeDomain (19ms)
			TypeCache.Refresh (7ms)
				TypeCache.ScanAssembly (0ms)
			ScanForSourceGeneratedMonoScriptInfo (0ms)
			ResolveRequiredComponents (9ms)
	FinalizeReload (2562ms)
		ReleaseScriptCaches (0ms)
		RebuildScriptCaches (0ms)
		SetupLoadedEditorAssemblies (1255ms)
			LogAssemblyErrors (0ms)
			InitializePlatformSupportModulesInManaged (25ms)
			SetLoadedEditorAssemblies (5ms)
			RefreshPlugins (0ms)
			BeforeProcessingInitializeOnLoad (83ms)
			ProcessInitializeOnLoadAttributes (1082ms)
			ProcessInitializeOnLoadMethodAttributes (48ms)
			AfterProcessingInitializeOnLoad (12ms)
			EditorAssembliesLoaded (0ms)
		ExecutionOrderSort2 (0ms)
		AwakeInstancesAfterBackupRestoration (19ms)
Refreshing native plugins compatible for Editor in 10.04 ms, found 4 plugins.
Preloading 0 native plugins for Editor in 0.00 ms.
Unloading 7008 Unused Serialized files (Serialized files now loaded: 0)
Unloading 56 unused Assets / (1.2 MB). Loaded Objects now: 7857.
Memory consumption went from 255.6 MB to 254.4 MB.
Total: 3.694300 ms (FindLiveObjects: 0.372800 ms CreateObjectMapping: 0.216600 ms MarkObjects: 2.799100 ms  DeleteObjects: 0.304700 ms)

Prepare: number of updated asset objects reloaded= 0
AssetImportParameters requested are different than current active one (requested -> active):
  custom:container-demuxer-ogg: 62fdf1f143b41e24485cea50d1cbac27 -> 
  custom:framework-win-MediaFoundation: 216162199b28c13a410421893ffa2e32 -> 
  custom:container-muxer-webm: aa71ff27fc2769a1b78a27578f13a17b -> 
  custom:video-decoder-webm-vp8: 9c59270c3fd7afecdb556c50c9e8de78 -> 
  custom:SearchIndexIgnoredProperties: e643bd26f0fe6173181afceb89e7c659 -> 
  custom:AudioImporter_EditorPlatform: d09bf68614088b80899f8185d706f6e7 -> 
  custom:audio-decoder-ogg-vorbis: bf7c407c2cedff20999df2af8eb42d56 -> 
  custom:audio-encoder-webm-vorbis: bf7c407c2cedff20999df2af8eb42d56 -> 
  custom:video-codec-MediaFoundation-h265: 746d11721c4dcdbdad8f713fa42b33f4 -> 
  custom:video-decoder-ogg-theora: a1e56fd34408186e4bbccfd4996cb3dc -> 
  custom:CustomObjectIndexerAttribute: 62b5816608c3102f162a1797e29626cf -> 
  custom:container-demuxer-webm: 4f35f7cbe854078d1ac9338744f61a02 -> 
  custom:video-encoder-webm-vp8: eb34c28f22e8b96e1ab97ce403110664 -> 
========================================================================
Received Import Request.
  Time since last request: 494.554820 seconds.
  path: Assets/Art/Prefabs/Environment/BornLevel/Light_Ceiling.prefab
  artifactKey: Guid(08c0fa7f44aaeba43b32b88027e184b5) Importer(815301076,1909f56bfc062723c751e8b465ee728b)
Start importing Assets/Art/Prefabs/Environment/BornLevel/Light_Ceiling.prefab using Guid(08c0fa7f44aaeba43b32b88027e184b5) Importer(815301076,1909f56bfc062723c751e8b465ee728b)  -> (artifact id: '6fee021983c54493f5effa886c3b3ad7') in 0.244019 seconds
Number of updated asset objects reloaded before import = 0
Number of asset objects unloaded after import = 30
========================================================================
Received Import Request.
  Time since last request: 201.677709 seconds.
  path: Assets/Art/Prefabs/Environment/Level_1/Wall_Interior.prefab
  artifactKey: Guid(15e12504052b8fc4a8ab42025256acba) Importer(815301076,1909f56bfc062723c751e8b465ee728b)
Start importing Assets/Art/Prefabs/Environment/Level_1/Wall_Interior.prefab using Guid(15e12504052b8fc4a8ab42025256acba) Importer(815301076,1909f56bfc062723c751e8b465ee728b)  -> (artifact id: '7e30be5e8212bfd24d14d3ba0d85b1db') in 0.024825 seconds
Number of updated asset objects reloaded before import = 0
Number of asset objects unloaded after import = 14
========================================================================
Received Import Request.
  Time since last request: 0.913327 seconds.
  path: Assets/Art/Prefabs/Environment/BornLevel/Floor_Wood_Longer 1.prefab
  artifactKey: Guid(d30f4ae6caf7439419da3d915cc5df5f) Importer(815301076,1909f56bfc062723c751e8b465ee728b)
Start importing Assets/Art/Prefabs/Environment/BornLevel/Floor_Wood_Longer 1.prefab using Guid(d30f4ae6caf7439419da3d915cc5df5f) Importer(815301076,1909f56bfc062723c751e8b465ee728b)  -> (artifact id: '65103d5dcfcda4beed7872ffbd7a2b55') in 0.016451 seconds
Number of updated asset objects reloaded before import = 0
Number of asset objects unloaded after import = 12
========================================================================
Received Import Request.
  Time since last request: 28.259435 seconds.
  path: Assets/Art/Models/Environment/Level_born/Wood Dark.mat
  artifactKey: Guid(70efccf810897f94186983eaf01f255a) Importer(815301076,1909f56bfc062723c751e8b465ee728b)
Start importing Assets/Art/Models/Environment/Level_born/Wood Dark.mat using Guid(70efccf810897f94186983eaf01f255a) Importer(815301076,1909f56bfc062723c751e8b465ee728b)  -> (artifact id: '779b8965b61b13f9995c3fb2c1dbc4c8') in 0.047358 seconds
Number of updated asset objects reloaded before import = 0
Number of asset objects unloaded after import = 4
========================================================================
Received Import Request.
  Time since last request: 5.271820 seconds.
  path: Assets/Art/Models/Environment/Level_born/Ground
  artifactKey: Guid(3270164cd8940434a89bc88a49f93c3e) Importer(815301076,1909f56bfc062723c751e8b465ee728b)
Start importing Assets/Art/Models/Environment/Level_born/Ground using Guid(3270164cd8940434a89bc88a49f93c3e) Importer(815301076,1909f56bfc062723c751e8b465ee728b)  -> (artifact id: '30eb47e21f95469a4d5e61459fe88afb') in 0.001386 seconds
Number of updated asset objects reloaded before import = 0
Number of asset objects unloaded after import = 0
========================================================================
Received Import Request.
  Time since last request: 39.538803 seconds.
  path: Assets/Art/Prefabs/Environment/BornLevel/Floor_Wood_Longer 1.prefab
  artifactKey: Guid(d30f4ae6caf7439419da3d915cc5df5f) Importer(815301076,1909f56bfc062723c751e8b465ee728b)
Start importing Assets/Art/Prefabs/Environment/BornLevel/Floor_Wood_Longer 1.prefab using Guid(d30f4ae6caf7439419da3d915cc5df5f) Importer(815301076,1909f56bfc062723c751e8b465ee728b)  -> (artifact id: 'c804a6f59f69b8193d67c1c30943fe87') in 0.014204 seconds
Number of updated asset objects reloaded before import = 0
Number of asset objects unloaded after import = 12
========================================================================
Received Import Request.
  Time since last request: 262.994405 seconds.
  path: Assets/Goodies!/Cozy Room Pack/Materials/Walls/Stripes Pink.mat
  artifactKey: Guid(5a3ed44646c1a9447addb77bbd4a9010) Importer(815301076,1909f56bfc062723c751e8b465ee728b)
Start importing Assets/Goodies!/Cozy Room Pack/Materials/Walls/Stripes Pink.mat using Guid(5a3ed44646c1a9447addb77bbd4a9010) Importer(815301076,1909f56bfc062723c751e8b465ee728b)  -> (artifact id: '22afa167709eb7e204e378c49fc02dd3') in 0.016520 seconds
Number of updated asset objects reloaded before import = 0
Number of asset objects unloaded after import = 3
========================================================================
Received Import Request.
  Time since last request: 13.255372 seconds.
  path: Assets/Scenes/Level1.unity
  artifactKey: Guid(d3b2ca4a0bea0ce45a676061dd30aec7) Importer(815301076,1909f56bfc062723c751e8b465ee728b)
Start importing Assets/Scenes/Level1.unity using Guid(d3b2ca4a0bea0ce45a676061dd30aec7) Importer(815301076,1909f56bfc062723c751e8b465ee728b)  -> (artifact id: 'c55d5533f9b8f30e319910a8ae381ea1') in 0.000880 seconds
Number of updated asset objects reloaded before import = 0
Number of asset objects unloaded after import = 0
========================================================================
Received Import Request.
  Time since last request: 4.050237 seconds.
  path: Assets/Scenes/BornScene.unity
  artifactKey: Guid(99c9720ab356a0642a771bea13969a05) Importer(815301076,1909f56bfc062723c751e8b465ee728b)
Start importing Assets/Scenes/BornScene.unity using Guid(99c9720ab356a0642a771bea13969a05) Importer(815301076,1909f56bfc062723c751e8b465ee728b)  -> (artifact id: '7b2503b2829fcf58441e4e22dc4ee038') in 0.000696 seconds
Number of updated asset objects reloaded before import = 0
Number of asset objects unloaded after import = 0
========================================================================
Received Import Request.
  Time since last request: 33.563677 seconds.
  path: Assets/Art/Models/Environment/Level_1/Wall/Stripes_Level1.mat
  artifactKey: Guid(6bd2143a1d7bb0d47ae748491d4a4617) Importer(815301076,1909f56bfc062723c751e8b465ee728b)
Start importing Assets/Art/Models/Environment/Level_1/Wall/Stripes_Level1.mat using Guid(6bd2143a1d7bb0d47ae748491d4a4617) Importer(815301076,1909f56bfc062723c751e8b465ee728b)  -> (artifact id: '18a2e910999ae08f6ff7779fdb62d262') in 0.011341 seconds
Number of updated asset objects reloaded before import = 0
Number of asset objects unloaded after import = 2
========================================================================
Received Import Request.
  Time since last request: 117.062121 seconds.
  path: Assets/Goodies!/Cozy Room Pack/Materials/Glowing/Glow.mat
  artifactKey: Guid(f9a18a7b5f130464591ea40ab2de15be) Importer(815301076,1909f56bfc062723c751e8b465ee728b)
Start importing Assets/Goodies!/Cozy Room Pack/Materials/Glowing/Glow.mat using Guid(f9a18a7b5f130464591ea40ab2de15be) Importer(815301076,1909f56bfc062723c751e8b465ee728b)  -> (artifact id: 'c6595b2f52c9c37b5b4ec31b89816ca2') in 0.011528 seconds
Number of updated asset objects reloaded before import = 0
Number of asset objects unloaded after import = 2
========================================================================
Received Import Request.
  Time since last request: 296.636363 seconds.
  path: Assets/Art/Models/Environment/Level_born/Ground/Wood Dark.mat
  artifactKey: Guid(70efccf810897f94186983eaf01f255a) Importer(815301076,1909f56bfc062723c751e8b465ee728b)
Start importing Assets/Art/Models/Environment/Level_born/Ground/Wood Dark.mat using Guid(70efccf810897f94186983eaf01f255a) Importer(815301076,1909f56bfc062723c751e8b465ee728b)  -> (artifact id: '9533d8bfda77de6bf9001edff6bd0c33') in 0.017546 seconds
Number of updated asset objects reloaded before import = 0
Number of asset objects unloaded after import = 4
========================================================================
Received Import Request.
  Time since last request: 26.933784 seconds.
  path: Assets/Art/Models/Environment/Level_born/Ground/Wood Dark.mat
  artifactKey: Guid(70efccf810897f94186983eaf01f255a) Importer(815301076,1909f56bfc062723c751e8b465ee728b)
Start importing Assets/Art/Models/Environment/Level_born/Ground/Wood Dark.mat using Guid(70efccf810897f94186983eaf01f255a) Importer(815301076,1909f56bfc062723c751e8b465ee728b)  -> (artifact id: 'f30de77c411b435580412e37f6273367') in 0.014920 seconds
Number of updated asset objects reloaded before import = 0
Number of asset objects unloaded after import = 4
========================================================================
Received Import Request.
  Time since last request: 19.558039 seconds.
  path: Assets/Art/Models/Environment/Level_born/Ground/Wood Dark.mat
  artifactKey: Guid(70efccf810897f94186983eaf01f255a) Importer(815301076,1909f56bfc062723c751e8b465ee728b)
Start importing Assets/Art/Models/Environment/Level_born/Ground/Wood Dark.mat using Guid(70efccf810897f94186983eaf01f255a) Importer(815301076,1909f56bfc062723c751e8b465ee728b)  -> (artifact id: 'ad2b300b034c7c64e738958ce9b6431b') in 0.014428 seconds
Number of updated asset objects reloaded before import = 0
Number of asset objects unloaded after import = 4
========================================================================
Received Prepare
Begin MonoManager ReloadAssembly
Symbol file LoadedFromMemory is not a mono symbol file
- Loaded All Assemblies, in  0.535 seconds
Refreshing native plugins compatible for Editor in 9.59 ms, found 4 plugins.
Native extension for WindowsStandalone target not found
Native extension for Android target not found
Mono: successfully reloaded assembly
- Finished resetting the current domain, in  2.596 seconds
Domain Reload Profiling: 3123ms
	BeginReloadAssembly (180ms)
		ExecutionOrderSort (0ms)
		DisableScriptedObjects (8ms)
		BackupInstance (0ms)
		ReleaseScriptingObjects (0ms)
		CreateAndSetChildDomain (58ms)
	RebuildCommonClasses (24ms)
	RebuildNativeTypeToScriptingClass (8ms)
	initialDomainReloadingComplete (36ms)
	LoadAllAssembliesAndSetupDomain (279ms)
		LoadAssemblies (333ms)
		RebuildTransferFunctionScriptingTraits (0ms)
		AnalyzeDomain (19ms)
			TypeCache.Refresh (7ms)
				TypeCache.ScanAssembly (0ms)
			ScanForSourceGeneratedMonoScriptInfo (0ms)
			ResolveRequiredComponents (10ms)
	FinalizeReload (2597ms)
		ReleaseScriptCaches (0ms)
		RebuildScriptCaches (0ms)
		SetupLoadedEditorAssemblies (1319ms)
			LogAssemblyErrors (0ms)
			InitializePlatformSupportModulesInManaged (30ms)
			SetLoadedEditorAssemblies (5ms)
			RefreshPlugins (0ms)
			BeforeProcessingInitializeOnLoad (85ms)
			ProcessInitializeOnLoadAttributes (1135ms)
			ProcessInitializeOnLoadMethodAttributes (52ms)
			AfterProcessingInitializeOnLoad (12ms)
			EditorAssembliesLoaded (0ms)
		ExecutionOrderSort2 (0ms)
		AwakeInstancesAfterBackupRestoration (19ms)
Refreshing native plugins compatible for Editor in 10.57 ms, found 4 plugins.
Preloading 0 native plugins for Editor in 0.00 ms.
Unloading 7008 Unused Serialized files (Serialized files now loaded: 0)
Unloading 56 unused Assets / (1.2 MB). Loaded Objects now: 7944.
Memory consumption went from 258.0 MB to 256.8 MB.
Total: 4.854800 ms (FindLiveObjects: 0.431400 ms CreateObjectMapping: 0.272500 ms MarkObjects: 3.809200 ms  DeleteObjects: 0.340300 ms)

Prepare: number of updated asset objects reloaded= 0
AssetImportParameters requested are different than current active one (requested -> active):
  custom:container-demuxer-ogg: 62fdf1f143b41e24485cea50d1cbac27 -> 
  custom:framework-win-MediaFoundation: 216162199b28c13a410421893ffa2e32 -> 
  custom:container-muxer-webm: aa71ff27fc2769a1b78a27578f13a17b -> 
  custom:video-decoder-webm-vp8: 9c59270c3fd7afecdb556c50c9e8de78 -> 
  custom:SearchIndexIgnoredProperties: e643bd26f0fe6173181afceb89e7c659 -> 
  custom:AudioImporter_EditorPlatform: d09bf68614088b80899f8185d706f6e7 -> 
  custom:audio-decoder-ogg-vorbis: bf7c407c2cedff20999df2af8eb42d56 -> 
  custom:audio-encoder-webm-vorbis: bf7c407c2cedff20999df2af8eb42d56 -> 
  custom:video-codec-MediaFoundation-h265: 746d11721c4dcdbdad8f713fa42b33f4 -> 
  custom:video-decoder-ogg-theora: a1e56fd34408186e4bbccfd4996cb3dc -> 
  custom:CustomObjectIndexerAttribute: 62b5816608c3102f162a1797e29626cf -> 
  custom:container-demuxer-webm: 4f35f7cbe854078d1ac9338744f61a02 -> 
  custom:video-encoder-webm-vp8: eb34c28f22e8b96e1ab97ce403110664 -> 
========================================================================
Received Import Request.
  Time since last request: 143.405925 seconds.
  path: ProjectSettings/TagManager.asset
  artifactKey: Guid(00000000000000003000000000000000) Importer(815301076,1909f56bfc062723c751e8b465ee728b)
Start importing ProjectSettings/TagManager.asset using Guid(00000000000000003000000000000000) Importer(815301076,1909f56bfc062723c751e8b465ee728b)  -> (artifact id: '9a643d11317184591fff6960c4bfd869') in 0.010132 seconds
Number of updated asset objects reloaded before import = 0
Number of asset objects unloaded after import = 0
========================================================================
Received Prepare
Begin MonoManager ReloadAssembly
Symbol file LoadedFromMemory is not a mono symbol file
- Loaded All Assemblies, in  0.546 seconds
Refreshing native plugins compatible for Editor in 10.25 ms, found 4 plugins.
Native extension for WindowsStandalone target not found
Native extension for Android target not found
Mono: successfully reloaded assembly
- Finished resetting the current domain, in  2.599 seconds
Domain Reload Profiling: 3137ms
	BeginReloadAssembly (205ms)
		ExecutionOrderSort (0ms)
		DisableScriptedObjects (3ms)
		BackupInstance (0ms)
		ReleaseScriptingObjects (0ms)
		CreateAndSetChildDomain (47ms)
	RebuildCommonClasses (27ms)
	RebuildNativeTypeToScriptingClass (8ms)
	initialDomainReloadingComplete (32ms)
	LoadAllAssembliesAndSetupDomain (266ms)
		LoadAssemblies (329ms)
		RebuildTransferFunctionScriptingTraits (0ms)
		AnalyzeDomain (20ms)
			TypeCache.Refresh (7ms)
				TypeCache.ScanAssembly (0ms)
			ScanForSourceGeneratedMonoScriptInfo (0ms)
			ResolveRequiredComponents (10ms)
	FinalizeReload (2600ms)
		ReleaseScriptCaches (0ms)
		RebuildScriptCaches (0ms)
		SetupLoadedEditorAssemblies (1264ms)
			LogAssemblyErrors (0ms)
			InitializePlatformSupportModulesInManaged (27ms)
			SetLoadedEditorAssemblies (4ms)
			RefreshPlugins (0ms)
			BeforeProcessingInitializeOnLoad (85ms)
			ProcessInitializeOnLoadAttributes (1091ms)
			ProcessInitializeOnLoadMethodAttributes (45ms)
			AfterProcessingInitializeOnLoad (12ms)
			EditorAssembliesLoaded (0ms)
		ExecutionOrderSort2 (0ms)
		AwakeInstancesAfterBackupRestoration (19ms)
Refreshing native plugins compatible for Editor in 8.83 ms, found 4 plugins.
Preloading 0 native plugins for Editor in 0.00 ms.
Unloading 7008 Unused Serialized files (Serialized files now loaded: 0)
Unloading 56 unused Assets / (1.2 MB). Loaded Objects now: 7962.
Memory consumption went from 259.9 MB to 258.6 MB.
Total: 3.832200 ms (FindLiveObjects: 0.422400 ms CreateObjectMapping: 0.264100 ms MarkObjects: 2.766100 ms  DeleteObjects: 0.378500 ms)

Prepare: number of updated asset objects reloaded= 0
AssetImportParameters requested are different than current active one (requested -> active):
  custom:container-demuxer-ogg: 62fdf1f143b41e24485cea50d1cbac27 -> 
  custom:framework-win-MediaFoundation: 216162199b28c13a410421893ffa2e32 -> 
  custom:container-muxer-webm: aa71ff27fc2769a1b78a27578f13a17b -> 
  custom:video-decoder-webm-vp8: 9c59270c3fd7afecdb556c50c9e8de78 -> 
  custom:SearchIndexIgnoredProperties: e643bd26f0fe6173181afceb89e7c659 -> 
  custom:AudioImporter_EditorPlatform: d09bf68614088b80899f8185d706f6e7 -> 
  custom:audio-decoder-ogg-vorbis: bf7c407c2cedff20999df2af8eb42d56 -> 
  custom:audio-encoder-webm-vorbis: bf7c407c2cedff20999df2af8eb42d56 -> 
  custom:video-codec-MediaFoundation-h265: 746d11721c4dcdbdad8f713fa42b33f4 -> 
  custom:video-decoder-ogg-theora: a1e56fd34408186e4bbccfd4996cb3dc -> 
  custom:CustomObjectIndexerAttribute: 62b5816608c3102f162a1797e29626cf -> 
  custom:container-demuxer-webm: 4f35f7cbe854078d1ac9338744f61a02 -> 
  custom:video-encoder-webm-vp8: eb34c28f22e8b96e1ab97ce403110664 -> 
========================================================================
Received Prepare
Begin MonoManager ReloadAssembly
Symbol file LoadedFromMemory is not a mono symbol file
- Loaded All Assemblies, in  0.493 seconds
Refreshing native plugins compatible for Editor in 8.74 ms, found 4 plugins.
Native extension for WindowsStandalone target not found
Native extension for Android target not found
Mono: successfully reloaded assembly
- Finished resetting the current domain, in  2.622 seconds
Domain Reload Profiling: 3107ms
	BeginReloadAssembly (163ms)
		ExecutionOrderSort (0ms)
		DisableScriptedObjects (4ms)
		BackupInstance (0ms)
		ReleaseScriptingObjects (0ms)
		CreateAndSetChildDomain (41ms)
	RebuildCommonClasses (24ms)
	RebuildNativeTypeToScriptingClass (7ms)
	initialDomainReloadingComplete (31ms)
	LoadAllAssembliesAndSetupDomain (259ms)
		LoadAssemblies (316ms)
		RebuildTransferFunctionScriptingTraits (0ms)
		AnalyzeDomain (21ms)
			TypeCache.Refresh (8ms)
				TypeCache.ScanAssembly (0ms)
			ScanForSourceGeneratedMonoScriptInfo (0ms)
			ResolveRequiredComponents (10ms)
	FinalizeReload (2622ms)
		ReleaseScriptCaches (0ms)
		RebuildScriptCaches (0ms)
		SetupLoadedEditorAssemblies (1293ms)
			LogAssemblyErrors (0ms)
			InitializePlatformSupportModulesInManaged (27ms)
			SetLoadedEditorAssemblies (5ms)
			RefreshPlugins (0ms)
			BeforeProcessingInitializeOnLoad (87ms)
			ProcessInitializeOnLoadAttributes (1117ms)
			ProcessInitializeOnLoadMethodAttributes (46ms)
			AfterProcessingInitializeOnLoad (12ms)
			EditorAssembliesLoaded (0ms)
		ExecutionOrderSort2 (0ms)
		AwakeInstancesAfterBackupRestoration (18ms)
Refreshing native plugins compatible for Editor in 10.35 ms, found 4 plugins.
Preloading 0 native plugins for Editor in 0.00 ms.
Unloading 7008 Unused Serialized files (Serialized files now loaded: 0)
Unloading 56 unused Assets / (1.2 MB). Loaded Objects now: 7980.
Memory consumption went from 261.8 MB to 260.6 MB.
Total: 4.358100 ms (FindLiveObjects: 0.487200 ms CreateObjectMapping: 0.304400 ms MarkObjects: 3.127200 ms  DeleteObjects: 0.437700 ms)

Prepare: number of updated asset objects reloaded= 0
AssetImportParameters requested are different than current active one (requested -> active):
  custom:container-demuxer-ogg: 62fdf1f143b41e24485cea50d1cbac27 -> 
  custom:framework-win-MediaFoundation: 216162199b28c13a410421893ffa2e32 -> 
  custom:container-muxer-webm: aa71ff27fc2769a1b78a27578f13a17b -> 
  custom:video-decoder-webm-vp8: 9c59270c3fd7afecdb556c50c9e8de78 -> 
  custom:SearchIndexIgnoredProperties: e643bd26f0fe6173181afceb89e7c659 -> 
  custom:AudioImporter_EditorPlatform: d09bf68614088b80899f8185d706f6e7 -> 
  custom:audio-decoder-ogg-vorbis: bf7c407c2cedff20999df2af8eb42d56 -> 
  custom:audio-encoder-webm-vorbis: bf7c407c2cedff20999df2af8eb42d56 -> 
  custom:video-codec-MediaFoundation-h265: 746d11721c4dcdbdad8f713fa42b33f4 -> 
  custom:video-decoder-ogg-theora: a1e56fd34408186e4bbccfd4996cb3dc -> 
  custom:CustomObjectIndexerAttribute: 62b5816608c3102f162a1797e29626cf -> 
  custom:container-demuxer-webm: 4f35f7cbe854078d1ac9338744f61a02 -> 
  custom:video-encoder-webm-vp8: eb34c28f22e8b96e1ab97ce403110664 -> 
========================================================================
Received Import Request.
  Time since last request: 475.397257 seconds.
  path: Assets/OtherProjectAssets/StarterAssets/ThirdPersonController/Scenes/Playground.unity
  artifactKey: Guid(e9017d5f96b9f09489b4b37e1d6eb914) Importer(815301076,1909f56bfc062723c751e8b465ee728b)
Start importing Assets/OtherProjectAssets/StarterAssets/ThirdPersonController/Scenes/Playground.unity using Guid(e9017d5f96b9f09489b4b37e1d6eb914) Importer(815301076,1909f56bfc062723c751e8b465ee728b)  -> (artifact id: '1d663900887e9783a3bf3be32fac2d99') in 0.002360 seconds
Number of updated asset objects reloaded before import = 0
Number of asset objects unloaded after import = 0
========================================================================
Received Prepare
Begin MonoManager ReloadAssembly
Symbol file LoadedFromMemory is not a mono symbol file
- Loaded All Assemblies, in  0.491 seconds
Refreshing native plugins compatible for Editor in 9.37 ms, found 4 plugins.
Native extension for WindowsStandalone target not found
Native extension for Android target not found
Mono: successfully reloaded assembly
- Finished resetting the current domain, in  3.103 seconds
Domain Reload Profiling: 3587ms
	BeginReloadAssembly (153ms)
		ExecutionOrderSort (0ms)
		DisableScriptedObjects (3ms)
		BackupInstance (0ms)
		ReleaseScriptingObjects (0ms)
		CreateAndSetChildDomain (40ms)
	RebuildCommonClasses (23ms)
	RebuildNativeTypeToScriptingClass (8ms)
	initialDomainReloadingComplete (30ms)
	LoadAllAssembliesAndSetupDomain (270ms)
		LoadAssemblies (323ms)
		RebuildTransferFunctionScriptingTraits (0ms)
		AnalyzeDomain (20ms)
			TypeCache.Refresh (7ms)
				TypeCache.ScanAssembly (0ms)
			ScanForSourceGeneratedMonoScriptInfo (0ms)
			ResolveRequiredComponents (9ms)
	FinalizeReload (3104ms)
		ReleaseScriptCaches (0ms)
		RebuildScriptCaches (0ms)
		SetupLoadedEditorAssemblies (1318ms)
			LogAssemblyErrors (0ms)
			InitializePlatformSupportModulesInManaged (29ms)
			SetLoadedEditorAssemblies (5ms)
			RefreshPlugins (0ms)
			BeforeProcessingInitializeOnLoad (90ms)
			ProcessInitializeOnLoadAttributes (1130ms)
			ProcessInitializeOnLoadMethodAttributes (53ms)
			AfterProcessingInitializeOnLoad (12ms)
			EditorAssembliesLoaded (0ms)
		ExecutionOrderSort2 (0ms)
		AwakeInstancesAfterBackupRestoration (20ms)
Refreshing native plugins compatible for Editor in 10.54 ms, found 4 plugins.
Preloading 0 native plugins for Editor in 0.00 ms.
Unloading 7008 Unused Serialized files (Serialized files now loaded: 0)
Unloading 56 unused Assets / (1.2 MB). Loaded Objects now: 7998.
Memory consumption went from 263.8 MB to 262.5 MB.
Total: 4.396300 ms (FindLiveObjects: 0.410600 ms CreateObjectMapping: 0.272000 ms MarkObjects: 3.263400 ms  DeleteObjects: 0.448900 ms)

Prepare: number of updated asset objects reloaded= 0
AssetImportParameters requested are different than current active one (requested -> active):
  custom:container-demuxer-ogg: 62fdf1f143b41e24485cea50d1cbac27 -> 
  custom:framework-win-MediaFoundation: 216162199b28c13a410421893ffa2e32 -> 
  custom:container-muxer-webm: aa71ff27fc2769a1b78a27578f13a17b -> 
  custom:video-decoder-webm-vp8: 9c59270c3fd7afecdb556c50c9e8de78 -> 
  custom:SearchIndexIgnoredProperties: e643bd26f0fe6173181afceb89e7c659 -> 
  custom:AudioImporter_EditorPlatform: d09bf68614088b80899f8185d706f6e7 -> 
  custom:audio-decoder-ogg-vorbis: bf7c407c2cedff20999df2af8eb42d56 -> 
  custom:audio-encoder-webm-vorbis: bf7c407c2cedff20999df2af8eb42d56 -> 
  custom:video-codec-MediaFoundation-h265: 746d11721c4dcdbdad8f713fa42b33f4 -> 
  custom:video-decoder-ogg-theora: a1e56fd34408186e4bbccfd4996cb3dc -> 
  custom:CustomObjectIndexerAttribute: 62b5816608c3102f162a1797e29626cf -> 
  custom:container-demuxer-webm: 4f35f7cbe854078d1ac9338744f61a02 -> 
  custom:video-encoder-webm-vp8: eb34c28f22e8b96e1ab97ce403110664 -> 
========================================================================
Received Import Request.
  Time since last request: 119.113026 seconds.
  path: Assets/Art/Prefabs/Environment/BornLevel/Door_Centered_Wide.prefab
  artifactKey: Guid(1f313e547132b3049aeb10e7856173f7) Importer(815301076,1909f56bfc062723c751e8b465ee728b)
Start importing Assets/Art/Prefabs/Environment/BornLevel/Door_Centered_Wide.prefab using Guid(1f313e547132b3049aeb10e7856173f7) Importer(815301076,1909f56bfc062723c751e8b465ee728b)  -> (artifact id: '2905f44e536a0e133e3026689c463119') in 0.237806 seconds
Number of updated asset objects reloaded before import = 0
Number of asset objects unloaded after import = 68
========================================================================
Received Import Request.
  Time since last request: 0.000031 seconds.
  path: Assets/Art/Prefabs/Environment/BornLevel/Wall_Interior.prefab
  artifactKey: Guid(0e14b01f1b1e55341a31f26e85e1d23c) Importer(815301076,1909f56bfc062723c751e8b465ee728b)
Start importing Assets/Art/Prefabs/Environment/BornLevel/Wall_Interior.prefab using Guid(0e14b01f1b1e55341a31f26e85e1d23c) Importer(815301076,1909f56bfc062723c751e8b465ee728b)  -> (artifact id: 'e7b6b5293a8c962520d5ee1ba2392d18') in 0.014801 seconds
Number of updated asset objects reloaded before import = 0
Number of asset objects unloaded after import = 13
========================================================================
Received Import Request.
  Time since last request: 18.755592 seconds.
  path: Assets/Scenes/BornScene.unity
  artifactKey: Guid(99c9720ab356a0642a771bea13969a05) Importer(815301076,1909f56bfc062723c751e8b465ee728b)
Start importing Assets/Scenes/BornScene.unity using Guid(99c9720ab356a0642a771bea13969a05) Importer(815301076,1909f56bfc062723c751e8b465ee728b)  -> (artifact id: '32bae3d4745a41918fe1972c85b1414a') in 0.000767 seconds
Number of updated asset objects reloaded before import = 0
Number of asset objects unloaded after import = 0
========================================================================
Received Prepare
Begin MonoManager ReloadAssembly
Symbol file LoadedFromMemory is not a mono symbol file
- Loaded All Assemblies, in  0.482 seconds
Refreshing native plugins compatible for Editor in 8.73 ms, found 4 plugins.
Native extension for WindowsStandalone target not found
Native extension for Android target not found
Mono: successfully reloaded assembly
- Finished resetting the current domain, in  2.509 seconds
Domain Reload Profiling: 2985ms
	BeginReloadAssembly (161ms)
		ExecutionOrderSort (0ms)
		DisableScriptedObjects (7ms)
		BackupInstance (0ms)
		ReleaseScriptingObjects (0ms)
		CreateAndSetChildDomain (42ms)
	RebuildCommonClasses (24ms)
	RebuildNativeTypeToScriptingClass (7ms)
	initialDomainReloadingComplete (28ms)
	LoadAllAssembliesAndSetupDomain (254ms)
		LoadAssemblies (309ms)
		RebuildTransferFunctionScriptingTraits (0ms)
		AnalyzeDomain (20ms)
			TypeCache.Refresh (8ms)
				TypeCache.ScanAssembly (0ms)
			ScanForSourceGeneratedMonoScriptInfo (0ms)
			ResolveRequiredComponents (9ms)
	FinalizeReload (2509ms)
		ReleaseScriptCaches (0ms)
		RebuildScriptCaches (0ms)
		SetupLoadedEditorAssemblies (1239ms)
			LogAssemblyErrors (0ms)
			InitializePlatformSupportModulesInManaged (24ms)
			SetLoadedEditorAssemblies (5ms)
			RefreshPlugins (0ms)
			BeforeProcessingInitializeOnLoad (84ms)
			ProcessInitializeOnLoadAttributes (1071ms)
			ProcessInitializeOnLoadMethodAttributes (44ms)
			AfterProcessingInitializeOnLoad (11ms)
			EditorAssembliesLoaded (0ms)
		ExecutionOrderSort2 (0ms)
		AwakeInstancesAfterBackupRestoration (19ms)
Refreshing native plugins compatible for Editor in 10.68 ms, found 4 plugins.
Preloading 0 native plugins for Editor in 0.00 ms.
Unloading 7008 Unused Serialized files (Serialized files now loaded: 0)
Unloading 56 unused Assets / (1.2 MB). Loaded Objects now: 8052.
Memory consumption went from 265.8 MB to 264.6 MB.
Total: 4.764600 ms (FindLiveObjects: 0.606400 ms CreateObjectMapping: 0.496800 ms MarkObjects: 3.221600 ms  DeleteObjects: 0.438200 ms)

Prepare: number of updated asset objects reloaded= 0
AssetImportParameters requested are different than current active one (requested -> active):
  custom:container-demuxer-ogg: 62fdf1f143b41e24485cea50d1cbac27 -> 
  custom:framework-win-MediaFoundation: 216162199b28c13a410421893ffa2e32 -> 
  custom:container-muxer-webm: aa71ff27fc2769a1b78a27578f13a17b -> 
  custom:video-decoder-webm-vp8: 9c59270c3fd7afecdb556c50c9e8de78 -> 
  custom:SearchIndexIgnoredProperties: e643bd26f0fe6173181afceb89e7c659 -> 
  custom:AudioImporter_EditorPlatform: d09bf68614088b80899f8185d706f6e7 -> 
  custom:audio-decoder-ogg-vorbis: bf7c407c2cedff20999df2af8eb42d56 -> 
  custom:audio-encoder-webm-vorbis: bf7c407c2cedff20999df2af8eb42d56 -> 
  custom:video-codec-MediaFoundation-h265: 746d11721c4dcdbdad8f713fa42b33f4 -> 
  custom:video-decoder-ogg-theora: a1e56fd34408186e4bbccfd4996cb3dc -> 
  custom:CustomObjectIndexerAttribute: 62b5816608c3102f162a1797e29626cf -> 
  custom:container-demuxer-webm: 4f35f7cbe854078d1ac9338744f61a02 -> 
  custom:video-encoder-webm-vp8: eb34c28f22e8b96e1ab97ce403110664 -> 
========================================================================
Received Prepare
Begin MonoManager ReloadAssembly
Symbol file LoadedFromMemory is not a mono symbol file
- Loaded All Assemblies, in  0.485 seconds
Refreshing native plugins compatible for Editor in 10.83 ms, found 4 plugins.
Native extension for WindowsStandalone target not found
Native extension for Android target not found
Mono: successfully reloaded assembly
- Finished resetting the current domain, in  2.520 seconds
Domain Reload Profiling: 2998ms
	BeginReloadAssembly (156ms)
		ExecutionOrderSort (0ms)
		DisableScriptedObjects (3ms)
		BackupInstance (0ms)
		ReleaseScriptingObjects (0ms)
		CreateAndSetChildDomain (37ms)
	RebuildCommonClasses (26ms)
	RebuildNativeTypeToScriptingClass (8ms)
	initialDomainReloadingComplete (31ms)
	LoadAllAssembliesAndSetupDomain (256ms)
		LoadAssemblies (310ms)
		RebuildTransferFunctionScriptingTraits (0ms)
		AnalyzeDomain (21ms)
			TypeCache.Refresh (8ms)
				TypeCache.ScanAssembly (0ms)
			ScanForSourceGeneratedMonoScriptInfo (0ms)
			ResolveRequiredComponents (10ms)
	FinalizeReload (2521ms)
		ReleaseScriptCaches (0ms)
		RebuildScriptCaches (0ms)
		SetupLoadedEditorAssemblies (1235ms)
			LogAssemblyErrors (0ms)
			InitializePlatformSupportModulesInManaged (28ms)
			SetLoadedEditorAssemblies (5ms)
			RefreshPlugins (0ms)
			BeforeProcessingInitializeOnLoad (83ms)
			ProcessInitializeOnLoadAttributes (1064ms)
			ProcessInitializeOnLoadMethodAttributes (45ms)
			AfterProcessingInitializeOnLoad (10ms)
			EditorAssembliesLoaded (0ms)
		ExecutionOrderSort2 (0ms)
		AwakeInstancesAfterBackupRestoration (21ms)
Refreshing native plugins compatible for Editor in 10.21 ms, found 4 plugins.
Preloading 0 native plugins for Editor in 0.00 ms.
Unloading 7008 Unused Serialized files (Serialized files now loaded: 0)
Unloading 56 unused Assets / (1.2 MB). Loaded Objects now: 8070.
Memory consumption went from 267.7 MB to 266.5 MB.
Total: 4.353800 ms (FindLiveObjects: 0.436400 ms CreateObjectMapping: 0.280500 ms MarkObjects: 3.293300 ms  DeleteObjects: 0.342400 ms)

Prepare: number of updated asset objects reloaded= 0
AssetImportParameters requested are different than current active one (requested -> active):
  custom:container-demuxer-ogg: 62fdf1f143b41e24485cea50d1cbac27 -> 
  custom:framework-win-MediaFoundation: 216162199b28c13a410421893ffa2e32 -> 
  custom:container-muxer-webm: aa71ff27fc2769a1b78a27578f13a17b -> 
  custom:video-decoder-webm-vp8: 9c59270c3fd7afecdb556c50c9e8de78 -> 
  custom:SearchIndexIgnoredProperties: e643bd26f0fe6173181afceb89e7c659 -> 
  custom:AudioImporter_EditorPlatform: d09bf68614088b80899f8185d706f6e7 -> 
  custom:audio-decoder-ogg-vorbis: bf7c407c2cedff20999df2af8eb42d56 -> 
  custom:audio-encoder-webm-vorbis: bf7c407c2cedff20999df2af8eb42d56 -> 
  custom:video-codec-MediaFoundation-h265: 746d11721c4dcdbdad8f713fa42b33f4 -> 
  custom:video-decoder-ogg-theora: a1e56fd34408186e4bbccfd4996cb3dc -> 
  custom:CustomObjectIndexerAttribute: 62b5816608c3102f162a1797e29626cf -> 
  custom:container-demuxer-webm: 4f35f7cbe854078d1ac9338744f61a02 -> 
  custom:video-encoder-webm-vp8: eb34c28f22e8b96e1ab97ce403110664 -> 
========================================================================
Received Import Request.
  Time since last request: 349.653582 seconds.
  path: Assets/Scenes/BornScene.unity
  artifactKey: Guid(99c9720ab356a0642a771bea13969a05) Importer(815301076,1909f56bfc062723c751e8b465ee728b)
Start importing Assets/Scenes/BornScene.unity using Guid(99c9720ab356a0642a771bea13969a05) Importer(815301076,1909f56bfc062723c751e8b465ee728b)  -> (artifact id: 'd61d604b4e47ba3d2a099e8ca43d49e2') in 0.002251 seconds
Number of updated asset objects reloaded before import = 0
Number of asset objects unloaded after import = 0
========================================================================
Received Prepare
Begin MonoManager ReloadAssembly
Symbol file LoadedFromMemory is not a mono symbol file
- Loaded All Assemblies, in  0.472 seconds
Refreshing native plugins compatible for Editor in 8.70 ms, found 4 plugins.
Native extension for WindowsStandalone target not found
Native extension for Android target not found
Mono: successfully reloaded assembly
- Finished resetting the current domain, in  2.532 seconds
Domain Reload Profiling: 2997ms
	BeginReloadAssembly (152ms)
		ExecutionOrderSort (0ms)
		DisableScriptedObjects (3ms)
		BackupInstance (0ms)
		ReleaseScriptingObjects (0ms)
		CreateAndSetChildDomain (37ms)
	RebuildCommonClasses (25ms)
	RebuildNativeTypeToScriptingClass (7ms)
	initialDomainReloadingComplete (30ms)
	LoadAllAssembliesAndSetupDomain (251ms)
		LoadAssemblies (306ms)
		RebuildTransferFunctionScriptingTraits (0ms)
		AnalyzeDomain (19ms)
			TypeCache.Refresh (7ms)
				TypeCache.ScanAssembly (0ms)
			ScanForSourceGeneratedMonoScriptInfo (0ms)
			ResolveRequiredComponents (9ms)
	FinalizeReload (2532ms)
		ReleaseScriptCaches (0ms)
		RebuildScriptCaches (0ms)
		SetupLoadedEditorAssemblies (1273ms)
			LogAssemblyErrors (0ms)
			InitializePlatformSupportModulesInManaged (27ms)
			SetLoadedEditorAssemblies (4ms)
			RefreshPlugins (0ms)
			BeforeProcessingInitializeOnLoad (85ms)
			ProcessInitializeOnLoadAttributes (1097ms)
			ProcessInitializeOnLoadMethodAttributes (49ms)
			AfterProcessingInitializeOnLoad (11ms)
			EditorAssembliesLoaded (0ms)
		ExecutionOrderSort2 (0ms)
		AwakeInstancesAfterBackupRestoration (20ms)
Refreshing native plugins compatible for Editor in 10.99 ms, found 4 plugins.
Preloading 0 native plugins for Editor in 0.00 ms.
Unloading 7008 Unused Serialized files (Serialized files now loaded: 0)
Unloading 56 unused Assets / (1.2 MB). Loaded Objects now: 8088.
Memory consumption went from 269.6 MB to 268.4 MB.
Total: 3.941300 ms (FindLiveObjects: 0.432800 ms CreateObjectMapping: 0.389900 ms MarkObjects: 2.785100 ms  DeleteObjects: 0.332500 ms)

Prepare: number of updated asset objects reloaded= 0
AssetImportParameters requested are different than current active one (requested -> active):
  custom:container-demuxer-ogg: 62fdf1f143b41e24485cea50d1cbac27 -> 
  custom:framework-win-MediaFoundation: 216162199b28c13a410421893ffa2e32 -> 
  custom:container-muxer-webm: aa71ff27fc2769a1b78a27578f13a17b -> 
  custom:video-decoder-webm-vp8: 9c59270c3fd7afecdb556c50c9e8de78 -> 
  custom:SearchIndexIgnoredProperties: e643bd26f0fe6173181afceb89e7c659 -> 
  custom:AudioImporter_EditorPlatform: d09bf68614088b80899f8185d706f6e7 -> 
  custom:audio-decoder-ogg-vorbis: bf7c407c2cedff20999df2af8eb42d56 -> 
  custom:audio-encoder-webm-vorbis: bf7c407c2cedff20999df2af8eb42d56 -> 
  custom:video-codec-MediaFoundation-h265: 746d11721c4dcdbdad8f713fa42b33f4 -> 
  custom:video-decoder-ogg-theora: a1e56fd34408186e4bbccfd4996cb3dc -> 
  custom:CustomObjectIndexerAttribute: 62b5816608c3102f162a1797e29626cf -> 
  custom:container-demuxer-webm: 4f35f7cbe854078d1ac9338744f61a02 -> 
  custom:video-encoder-webm-vp8: eb34c28f22e8b96e1ab97ce403110664 -> 
========================================================================
Received Prepare
Begin MonoManager ReloadAssembly
Symbol file LoadedFromMemory is not a mono symbol file
- Loaded All Assemblies, in  0.465 seconds
Refreshing native plugins compatible for Editor in 9.12 ms, found 4 plugins.
Native extension for WindowsStandalone target not found
Native extension for Android target not found
Mono: successfully reloaded assembly
- Finished resetting the current domain, in  2.416 seconds
Domain Reload Profiling: 2874ms
	BeginReloadAssembly (150ms)
		ExecutionOrderSort (0ms)
		DisableScriptedObjects (3ms)
		BackupInstance (0ms)
		ReleaseScriptingObjects (0ms)
		CreateAndSetChildDomain (38ms)
	RebuildCommonClasses (24ms)
	RebuildNativeTypeToScriptingClass (8ms)
	initialDomainReloadingComplete (29ms)
	LoadAllAssembliesAndSetupDomain (246ms)
		LoadAssemblies (299ms)
		RebuildTransferFunctionScriptingTraits (0ms)
		AnalyzeDomain (20ms)
			TypeCache.Refresh (8ms)
				TypeCache.ScanAssembly (0ms)
			ScanForSourceGeneratedMonoScriptInfo (0ms)
			ResolveRequiredComponents (10ms)
	FinalizeReload (2416ms)
		ReleaseScriptCaches (0ms)
		RebuildScriptCaches (0ms)
		SetupLoadedEditorAssemblies (1150ms)
			LogAssemblyErrors (0ms)
			InitializePlatformSupportModulesInManaged (28ms)
			SetLoadedEditorAssemblies (4ms)
			RefreshPlugins (0ms)
			BeforeProcessingInitializeOnLoad (80ms)
			ProcessInitializeOnLoadAttributes (988ms)
			ProcessInitializeOnLoadMethodAttributes (39ms)
			AfterProcessingInitializeOnLoad (10ms)
			EditorAssembliesLoaded (0ms)
		ExecutionOrderSort2 (0ms)
		AwakeInstancesAfterBackupRestoration (16ms)
Refreshing native plugins compatible for Editor in 8.89 ms, found 4 plugins.
Preloading 0 native plugins for Editor in 0.00 ms.
Unloading 7008 Unused Serialized files (Serialized files now loaded: 0)
Unloading 56 unused Assets / (1.2 MB). Loaded Objects now: 8106.
Memory consumption went from 271.6 MB to 270.4 MB.
Total: 4.144800 ms (FindLiveObjects: 0.437700 ms CreateObjectMapping: 0.308800 ms MarkObjects: 3.060000 ms  DeleteObjects: 0.337200 ms)

Prepare: number of updated asset objects reloaded= 0
AssetImportParameters requested are different than current active one (requested -> active):
  custom:container-demuxer-ogg: 62fdf1f143b41e24485cea50d1cbac27 -> 
  custom:framework-win-MediaFoundation: 216162199b28c13a410421893ffa2e32 -> 
  custom:container-muxer-webm: aa71ff27fc2769a1b78a27578f13a17b -> 
  custom:video-decoder-webm-vp8: 9c59270c3fd7afecdb556c50c9e8de78 -> 
  custom:SearchIndexIgnoredProperties: e643bd26f0fe6173181afceb89e7c659 -> 
  custom:AudioImporter_EditorPlatform: d09bf68614088b80899f8185d706f6e7 -> 
  custom:audio-decoder-ogg-vorbis: bf7c407c2cedff20999df2af8eb42d56 -> 
  custom:audio-encoder-webm-vorbis: bf7c407c2cedff20999df2af8eb42d56 -> 
  custom:video-codec-MediaFoundation-h265: 746d11721c4dcdbdad8f713fa42b33f4 -> 
  custom:video-decoder-ogg-theora: a1e56fd34408186e4bbccfd4996cb3dc -> 
  custom:CustomObjectIndexerAttribute: 62b5816608c3102f162a1797e29626cf -> 
  custom:container-demuxer-webm: 4f35f7cbe854078d1ac9338744f61a02 -> 
  custom:video-encoder-webm-vp8: eb34c28f22e8b96e1ab97ce403110664 -> 
========================================================================
Received Prepare
Begin MonoManager ReloadAssembly
Symbol file LoadedFromMemory is not a mono symbol file
- Loaded All Assemblies, in  0.478 seconds
Refreshing native plugins compatible for Editor in 8.30 ms, found 4 plugins.
Native extension for WindowsStandalone target not found
Native extension for Android target not found
Mono: successfully reloaded assembly
- Finished resetting the current domain, in  2.599 seconds
Domain Reload Profiling: 3069ms
	BeginReloadAssembly (159ms)
		ExecutionOrderSort (0ms)
		DisableScriptedObjects (3ms)
		BackupInstance (0ms)
		ReleaseScriptingObjects (0ms)
		CreateAndSetChildDomain (38ms)
	RebuildCommonClasses (25ms)
	RebuildNativeTypeToScriptingClass (7ms)
	initialDomainReloadingComplete (29ms)
	LoadAllAssembliesAndSetupDomain (249ms)
		LoadAssemblies (302ms)
		RebuildTransferFunctionScriptingTraits (0ms)
		AnalyzeDomain (24ms)
			TypeCache.Refresh (9ms)
				TypeCache.ScanAssembly (0ms)
			ScanForSourceGeneratedMonoScriptInfo (0ms)
			ResolveRequiredComponents (11ms)
	FinalizeReload (2600ms)
		ReleaseScriptCaches (0ms)
		RebuildScriptCaches (0ms)
		SetupLoadedEditorAssemblies (1281ms)
			LogAssemblyErrors (0ms)
			InitializePlatformSupportModulesInManaged (28ms)
			SetLoadedEditorAssemblies (5ms)
			RefreshPlugins (0ms)
			BeforeProcessingInitializeOnLoad (90ms)
			ProcessInitializeOnLoadAttributes (1097ms)
			ProcessInitializeOnLoadMethodAttributes (49ms)
			AfterProcessingInitializeOnLoad (12ms)
			EditorAssembliesLoaded (0ms)
		ExecutionOrderSort2 (0ms)
		AwakeInstancesAfterBackupRestoration (21ms)
Refreshing native plugins compatible for Editor in 10.00 ms, found 4 plugins.
Preloading 0 native plugins for Editor in 0.00 ms.
Unloading 7008 Unused Serialized files (Serialized files now loaded: 0)
Unloading 56 unused Assets / (1.2 MB). Loaded Objects now: 8124.
Memory consumption went from 273.5 MB to 272.3 MB.
Total: 4.363300 ms (FindLiveObjects: 0.484500 ms CreateObjectMapping: 0.463600 ms MarkObjects: 3.005500 ms  DeleteObjects: 0.408100 ms)

Prepare: number of updated asset objects reloaded= 0
AssetImportParameters requested are different than current active one (requested -> active):
  custom:container-demuxer-ogg: 62fdf1f143b41e24485cea50d1cbac27 -> 
  custom:framework-win-MediaFoundation: 216162199b28c13a410421893ffa2e32 -> 
  custom:container-muxer-webm: aa71ff27fc2769a1b78a27578f13a17b -> 
  custom:video-decoder-webm-vp8: 9c59270c3fd7afecdb556c50c9e8de78 -> 
  custom:SearchIndexIgnoredProperties: e643bd26f0fe6173181afceb89e7c659 -> 
  custom:AudioImporter_EditorPlatform: d09bf68614088b80899f8185d706f6e7 -> 
  custom:audio-decoder-ogg-vorbis: bf7c407c2cedff20999df2af8eb42d56 -> 
  custom:audio-encoder-webm-vorbis: bf7c407c2cedff20999df2af8eb42d56 -> 
  custom:video-codec-MediaFoundation-h265: 746d11721c4dcdbdad8f713fa42b33f4 -> 
  custom:video-decoder-ogg-theora: a1e56fd34408186e4bbccfd4996cb3dc -> 
  custom:CustomObjectIndexerAttribute: 62b5816608c3102f162a1797e29626cf -> 
  custom:container-demuxer-webm: 4f35f7cbe854078d1ac9338744f61a02 -> 
  custom:video-encoder-webm-vp8: eb34c28f22e8b96e1ab97ce403110664 -> 
========================================================================
Received Prepare
Begin MonoManager ReloadAssembly
Symbol file LoadedFromMemory is not a mono symbol file
- Loaded All Assemblies, in  0.466 seconds
Refreshing native plugins compatible for Editor in 9.23 ms, found 4 plugins.
Native extension for WindowsStandalone target not found
Native extension for Android target not found
Mono: successfully reloaded assembly
- Finished resetting the current domain, in  2.521 seconds
Domain Reload Profiling: 2979ms
	BeginReloadAssembly (148ms)
		ExecutionOrderSort (0ms)
		DisableScriptedObjects (3ms)
		BackupInstance (0ms)
		ReleaseScriptingObjects (0ms)
		CreateAndSetChildDomain (34ms)
	RebuildCommonClasses (23ms)
	RebuildNativeTypeToScriptingClass (7ms)
	initialDomainReloadingComplete (32ms)
	LoadAllAssembliesAndSetupDomain (247ms)
		LoadAssemblies (301ms)
		RebuildTransferFunctionScriptingTraits (0ms)
		AnalyzeDomain (19ms)
			TypeCache.Refresh (7ms)
				TypeCache.ScanAssembly (0ms)
			ScanForSourceGeneratedMonoScriptInfo (0ms)
			ResolveRequiredComponents (9ms)
	FinalizeReload (2522ms)
		ReleaseScriptCaches (0ms)
		RebuildScriptCaches (0ms)
		SetupLoadedEditorAssemblies (1235ms)
			LogAssemblyErrors (0ms)
			InitializePlatformSupportModulesInManaged (26ms)
			SetLoadedEditorAssemblies (5ms)
			RefreshPlugins (0ms)
			BeforeProcessingInitializeOnLoad (80ms)
			ProcessInitializeOnLoadAttributes (1067ms)
			ProcessInitializeOnLoadMethodAttributes (47ms)
			AfterProcessingInitializeOnLoad (10ms)
			EditorAssembliesLoaded (0ms)
		ExecutionOrderSort2 (0ms)
		AwakeInstancesAfterBackupRestoration (19ms)
Refreshing native plugins compatible for Editor in 10.24 ms, found 4 plugins.
Preloading 0 native plugins for Editor in 0.00 ms.
Unloading 7008 Unused Serialized files (Serialized files now loaded: 0)
Unloading 56 unused Assets / (1.2 MB). Loaded Objects now: 8142.
Memory consumption went from 275.5 MB to 274.3 MB.
Total: 4.658300 ms (FindLiveObjects: 0.760000 ms CreateObjectMapping: 0.425500 ms MarkObjects: 3.040300 ms  DeleteObjects: 0.430900 ms)

Prepare: number of updated asset objects reloaded= 0
AssetImportParameters requested are different than current active one (requested -> active):
  custom:container-demuxer-ogg: 62fdf1f143b41e24485cea50d1cbac27 -> 
  custom:framework-win-MediaFoundation: 216162199b28c13a410421893ffa2e32 -> 
  custom:container-muxer-webm: aa71ff27fc2769a1b78a27578f13a17b -> 
  custom:video-decoder-webm-vp8: 9c59270c3fd7afecdb556c50c9e8de78 -> 
  custom:SearchIndexIgnoredProperties: e643bd26f0fe6173181afceb89e7c659 -> 
  custom:AudioImporter_EditorPlatform: d09bf68614088b80899f8185d706f6e7 -> 
  custom:audio-decoder-ogg-vorbis: bf7c407c2cedff20999df2af8eb42d56 -> 
  custom:audio-encoder-webm-vorbis: bf7c407c2cedff20999df2af8eb42d56 -> 
  custom:video-codec-MediaFoundation-h265: 746d11721c4dcdbdad8f713fa42b33f4 -> 
  custom:video-decoder-ogg-theora: a1e56fd34408186e4bbccfd4996cb3dc -> 
  custom:CustomObjectIndexerAttribute: 62b5816608c3102f162a1797e29626cf -> 
  custom:container-demuxer-webm: 4f35f7cbe854078d1ac9338744f61a02 -> 
  custom:video-encoder-webm-vp8: eb34c28f22e8b96e1ab97ce403110664 -> 
========================================================================
Received Import Request.
  Time since last request: 271.802843 seconds.
  path: Assets/Scenes/Level2.unity
  artifactKey: Guid(9a5326750d52a9b48843d3ebed3eff61) Importer(815301076,1909f56bfc062723c751e8b465ee728b)
Start importing Assets/Scenes/Level2.unity using Guid(9a5326750d52a9b48843d3ebed3eff61) Importer(815301076,1909f56bfc062723c751e8b465ee728b)  -> (artifact id: '2c98e6a563dd67b7579b646587a6b193') in 0.002183 seconds
Number of updated asset objects reloaded before import = 0
Number of asset objects unloaded after import = 0
========================================================================
Received Prepare
Begin MonoManager ReloadAssembly
Symbol file LoadedFromMemory is not a mono symbol file
- Loaded All Assemblies, in  0.471 seconds
Refreshing native plugins compatible for Editor in 9.06 ms, found 4 plugins.
Native extension for WindowsStandalone target not found
Native extension for Android target not found
Mono: successfully reloaded assembly
- Finished resetting the current domain, in  2.577 seconds
Domain Reload Profiling: 3040ms
	BeginReloadAssembly (154ms)
		ExecutionOrderSort (0ms)
		DisableScriptedObjects (4ms)
		BackupInstance (0ms)
		ReleaseScriptingObjects (0ms)
		CreateAndSetChildDomain (37ms)
	RebuildCommonClasses (24ms)
	RebuildNativeTypeToScriptingClass (8ms)
	initialDomainReloadingComplete (30ms)
	LoadAllAssembliesAndSetupDomain (248ms)
		LoadAssemblies (303ms)
		RebuildTransferFunctionScriptingTraits (0ms)
		AnalyzeDomain (21ms)
			TypeCache.Refresh (8ms)
				TypeCache.ScanAssembly (0ms)
			ScanForSourceGeneratedMonoScriptInfo (0ms)
			ResolveRequiredComponents (11ms)
	FinalizeReload (2577ms)
		ReleaseScriptCaches (0ms)
		RebuildScriptCaches (0ms)
		SetupLoadedEditorAssemblies (1284ms)
			LogAssemblyErrors (0ms)
			InitializePlatformSupportModulesInManaged (26ms)
			SetLoadedEditorAssemblies (5ms)
			RefreshPlugins (0ms)
			BeforeProcessingInitializeOnLoad (83ms)
			ProcessInitializeOnLoadAttributes (1111ms)
			ProcessInitializeOnLoadMethodAttributes (48ms)
			AfterProcessingInitializeOnLoad (11ms)
			EditorAssembliesLoaded (0ms)
		ExecutionOrderSort2 (0ms)
		AwakeInstancesAfterBackupRestoration (19ms)
Refreshing native plugins compatible for Editor in 9.97 ms, found 4 plugins.
Preloading 0 native plugins for Editor in 0.00 ms.
Unloading 7008 Unused Serialized files (Serialized files now loaded: 0)
Unloading 56 unused Assets / (1.2 MB). Loaded Objects now: 8160.
Memory consumption went from 277.5 MB to 276.3 MB.
Total: 4.113100 ms (FindLiveObjects: 0.407800 ms CreateObjectMapping: 0.246300 ms MarkObjects: 3.063600 ms  DeleteObjects: 0.394400 ms)

Prepare: number of updated asset objects reloaded= 0
AssetImportParameters requested are different than current active one (requested -> active):
  custom:container-demuxer-ogg: 62fdf1f143b41e24485cea50d1cbac27 -> 
  custom:framework-win-MediaFoundation: 216162199b28c13a410421893ffa2e32 -> 
  custom:container-muxer-webm: aa71ff27fc2769a1b78a27578f13a17b -> 
  custom:video-decoder-webm-vp8: 9c59270c3fd7afecdb556c50c9e8de78 -> 
  custom:SearchIndexIgnoredProperties: e643bd26f0fe6173181afceb89e7c659 -> 
  custom:AudioImporter_EditorPlatform: d09bf68614088b80899f8185d706f6e7 -> 
  custom:audio-decoder-ogg-vorbis: bf7c407c2cedff20999df2af8eb42d56 -> 
  custom:audio-encoder-webm-vorbis: bf7c407c2cedff20999df2af8eb42d56 -> 
  custom:video-codec-MediaFoundation-h265: 746d11721c4dcdbdad8f713fa42b33f4 -> 
  custom:video-decoder-ogg-theora: a1e56fd34408186e4bbccfd4996cb3dc -> 
  custom:CustomObjectIndexerAttribute: 62b5816608c3102f162a1797e29626cf -> 
  custom:container-demuxer-webm: 4f35f7cbe854078d1ac9338744f61a02 -> 
  custom:video-encoder-webm-vp8: eb34c28f22e8b96e1ab97ce403110664 -> 
========================================================================
Received Import Request.
  Time since last request: 513.962051 seconds.
  path: Assets/Goodies!/Cozy Room Pack/Prefabs/Door_Centered.prefab
  artifactKey: Guid(a0543a2f10811444ca54412aa5190589) Importer(815301076,1909f56bfc062723c751e8b465ee728b)
Start importing Assets/Goodies!/Cozy Room Pack/Prefabs/Door_Centered.prefab using Guid(a0543a2f10811444ca54412aa5190589) Importer(815301076,1909f56bfc062723c751e8b465ee728b)  -> (artifact id: '499f6d89e7fa0790fd7227b43d29c1e6') in 0.246869 seconds
Number of updated asset objects reloaded before import = 0
Number of asset objects unloaded after import = 69
========================================================================
Received Import Request.
  Time since last request: 27.252747 seconds.
  path: Assets/Goodies!/Cozy Room Pack/Prefabs/Wall.prefab
  artifactKey: Guid(8eee444592be2d94682cbda046aa6161) Importer(815301076,1909f56bfc062723c751e8b465ee728b)
Start importing Assets/Goodies!/Cozy Room Pack/Prefabs/Wall.prefab using Guid(8eee444592be2d94682cbda046aa6161) Importer(815301076,1909f56bfc062723c751e8b465ee728b)  -> (artifact id: '3960a86dca6aaf869d37fabd6be3ab9e') in 0.025937 seconds
Number of updated asset objects reloaded before import = 0
Number of asset objects unloaded after import = 31
========================================================================
Received Import Request.
  Time since last request: 0.000024 seconds.
  path: Assets/Goodies!/Cozy Room Pack/Prefabs/Wall_Interior.prefab
  artifactKey: Guid(b6d2748105620a24ca821fc9bf8709e6) Importer(815301076,1909f56bfc062723c751e8b465ee728b)
Start importing Assets/Goodies!/Cozy Room Pack/Prefabs/Wall_Interior.prefab using Guid(b6d2748105620a24ca821fc9bf8709e6) Importer(815301076,1909f56bfc062723c751e8b465ee728b)  -> (artifact id: 'ac3b6602c3d90e98ef0341479bb8e116') in 0.015305 seconds
Number of updated asset objects reloaded before import = 0
Number of asset objects unloaded after import = 14
========================================================================
Received Import Request.
  Time since last request: 0.770604 seconds.
  path: Assets/Goodies!/Cozy Room Pack/Prefabs/Wall_Interior_Angled_1.prefab
  artifactKey: Guid(c6baa80ee11b36f4189d1b0f085f0fe7) Importer(815301076,1909f56bfc062723c751e8b465ee728b)
Start importing Assets/Goodies!/Cozy Room Pack/Prefabs/Wall_Interior_Angled_1.prefab using Guid(c6baa80ee11b36f4189d1b0f085f0fe7) Importer(815301076,1909f56bfc062723c751e8b465ee728b)  -> (artifact id: '0ecabfb00c3ee258c4e8ba5a9b42c07b') in 0.013268 seconds
Number of updated asset objects reloaded before import = 0
Number of asset objects unloaded after import = 14
========================================================================
Received Import Request.
  Time since last request: 0.085966 seconds.
  path: Assets/Goodies!/Cozy Room Pack/Prefabs/Wall_Interior_Angled_3.prefab
  artifactKey: Guid(51e46c32879146944a31629a3c34acde) Importer(815301076,1909f56bfc062723c751e8b465ee728b)
Start importing Assets/Goodies!/Cozy Room Pack/Prefabs/Wall_Interior_Angled_3.prefab using Guid(51e46c32879146944a31629a3c34acde) Importer(815301076,1909f56bfc062723c751e8b465ee728b)  -> (artifact id: '179efb067f994ae1666c3ade5b3dc023') in 0.013722 seconds
Number of updated asset objects reloaded before import = 0
Number of asset objects unloaded after import = 14
========================================================================
Received Import Request.
  Time since last request: 0.040794 seconds.
  path: Assets/Goodies!/Cozy Room Pack/Prefabs/Wall_Interior_Box_Trim.prefab
  artifactKey: Guid(473816d92e6b6444f8ba28440c9aaf66) Importer(815301076,1909f56bfc062723c751e8b465ee728b)
Start importing Assets/Goodies!/Cozy Room Pack/Prefabs/Wall_Interior_Box_Trim.prefab using Guid(473816d92e6b6444f8ba28440c9aaf66) Importer(815301076,1909f56bfc062723c751e8b465ee728b)  -> (artifact id: '84cdfc07aec60dfdd29c96594c7e2f5b') in 0.021648 seconds
Number of updated asset objects reloaded before import = 0
Number of asset objects unloaded after import = 14
========================================================================
Received Import Request.
  Time since last request: 0.000022 seconds.
  path: Assets/Goodies!/Cozy Room Pack/Prefabs/Wall_Interior_Extension_WIth_Trim.prefab
  artifactKey: Guid(ac4b02bc11806db498189d3f836ed108) Importer(815301076,1909f56bfc062723c751e8b465ee728b)
Start importing Assets/Goodies!/Cozy Room Pack/Prefabs/Wall_Interior_Extension_WIth_Trim.prefab using Guid(ac4b02bc11806db498189d3f836ed108) Importer(815301076,1909f56bfc062723c751e8b465ee728b)  -> (artifact id: 'aa5ad44d0dc25db5ea6b036ebd6aad90') in 0.020189 seconds
Number of updated asset objects reloaded before import = 0
Number of asset objects unloaded after import = 13
========================================================================
Received Import Request.
  Time since last request: 0.000021 seconds.
  path: Assets/Goodies!/Cozy Room Pack/Prefabs/Wall_Interior_Angled_7.prefab
  artifactKey: Guid(362684597f121ba42934ad0c93712686) Importer(815301076,1909f56bfc062723c751e8b465ee728b)
Start importing Assets/Goodies!/Cozy Room Pack/Prefabs/Wall_Interior_Angled_7.prefab using Guid(362684597f121ba42934ad0c93712686) Importer(815301076,1909f56bfc062723c751e8b465ee728b)  -> (artifact id: '85133a781c92f38641c3f337a9fd50cb') in 0.016403 seconds
Number of updated asset objects reloaded before import = 0
Number of asset objects unloaded after import = 14
========================================================================
Received Import Request.
  Time since last request: 0.000024 seconds.
  path: Assets/Goodies!/Cozy Room Pack/Prefabs/Wall_Interior_Extension.prefab
  artifactKey: Guid(82efa4d5422f3bd4d84d5bb16ec38936) Importer(815301076,1909f56bfc062723c751e8b465ee728b)
Start importing Assets/Goodies!/Cozy Room Pack/Prefabs/Wall_Interior_Extension.prefab using Guid(82efa4d5422f3bd4d84d5bb16ec38936) Importer(815301076,1909f56bfc062723c751e8b465ee728b)  -> (artifact id: '0bba809c3b2ba1fe189414d8f7f6c7f4') in 0.017369 seconds
Number of updated asset objects reloaded before import = 0
Number of asset objects unloaded after import = 13
========================================================================
Received Import Request.
  Time since last request: 2.328169 seconds.
  path: Assets/Goodies!/Cozy Room Pack/Prefabs/Window_Cutout.prefab
  artifactKey: Guid(285888196e740244890f641a052df4f5) Importer(815301076,1909f56bfc062723c751e8b465ee728b)
Start importing Assets/Goodies!/Cozy Room Pack/Prefabs/Window_Cutout.prefab using Guid(285888196e740244890f641a052df4f5) Importer(815301076,1909f56bfc062723c751e8b465ee728b)  -> (artifact id: 'b2ee6f88720c7741ac2a1fcc190ee7e7') in 0.030970 seconds
Number of updated asset objects reloaded before import = 0
Number of asset objects unloaded after import = 46
========================================================================
Received Import Request.
  Time since last request: 24.246621 seconds.
  path: Assets/Art/Prefabs/Environment/BornLevel/Slippers.prefab
  artifactKey: Guid(393ba79014668a247b307bbd97f90dcc) Importer(815301076,1909f56bfc062723c751e8b465ee728b)
Start importing Assets/Art/Prefabs/Environment/BornLevel/Slippers.prefab using Guid(393ba79014668a247b307bbd97f90dcc) Importer(815301076,1909f56bfc062723c751e8b465ee728b)  -> (artifact id: '3f134cacc8ec78bfeceb0651c4ce1d62') in 0.018051 seconds
Number of updated asset objects reloaded before import = 0
Number of asset objects unloaded after import = 12
========================================================================
Received Import Request.
  Time since last request: 0.005386 seconds.
  path: Assets/Art/Prefabs/Environment/BornLevel/Pen.prefab
  artifactKey: Guid(afc2e91c720369a4fb00b0d97341e1bd) Importer(815301076,1909f56bfc062723c751e8b465ee728b)
Start importing Assets/Art/Prefabs/Environment/BornLevel/Pen.prefab using Guid(afc2e91c720369a4fb00b0d97341e1bd) Importer(815301076,1909f56bfc062723c751e8b465ee728b)  -> (artifact id: 'b8a2dc378d8b105b77baefe41d7f3667') in 0.013425 seconds
Number of updated asset objects reloaded before import = 0
Number of asset objects unloaded after import = 12
========================================================================
Received Import Request.
  Time since last request: 8.467965 seconds.
  path: Assets/Scenes/Level3.unity
  artifactKey: Guid(ebe9bebb59a2ad040a6c08cdde33db09) Importer(815301076,1909f56bfc062723c751e8b465ee728b)
Start importing Assets/Scenes/Level3.unity using Guid(ebe9bebb59a2ad040a6c08cdde33db09) Importer(815301076,1909f56bfc062723c751e8b465ee728b)  -> (artifact id: '5979e97d91336f548bf6e5af133b811a') in 0.001226 seconds
Number of updated asset objects reloaded before import = 0
Number of asset objects unloaded after import = 0
========================================================================
Received Import Request.
  Time since last request: 4.752963 seconds.
  path: Assets/Scenes/Level1.unity
  artifactKey: Guid(d3b2ca4a0bea0ce45a676061dd30aec7) Importer(815301076,1909f56bfc062723c751e8b465ee728b)
Start importing Assets/Scenes/Level1.unity using Guid(d3b2ca4a0bea0ce45a676061dd30aec7) Importer(815301076,1909f56bfc062723c751e8b465ee728b)  -> (artifact id: '0b35f9e5af0911abdd91ca6e418478d1') in 0.000766 seconds
Number of updated asset objects reloaded before import = 0
Number of asset objects unloaded after import = 0
========================================================================
Received Import Request.
  Time since last request: 38.747502 seconds.
  path: Assets/Scenes/BornScene.unity
  artifactKey: Guid(99c9720ab356a0642a771bea13969a05) Importer(815301076,1909f56bfc062723c751e8b465ee728b)
Start importing Assets/Scenes/BornScene.unity using Guid(99c9720ab356a0642a771bea13969a05) Importer(815301076,1909f56bfc062723c751e8b465ee728b)  -> (artifact id: 'ac729f7062abfa928b6871faadc95745') in 0.000751 seconds
Number of updated asset objects reloaded before import = 0
Number of asset objects unloaded after import = 0
========================================================================
Received Import Request.
  Time since last request: 459.015281 seconds.
  path: Assets/Art/Prefabs/Environment/BornLevel/Box_Closed.prefab
  artifactKey: Guid(fba140e003c2a5c48a637043f69188e5) Importer(815301076,1909f56bfc062723c751e8b465ee728b)
Start importing Assets/Art/Prefabs/Environment/BornLevel/Box_Closed.prefab using Guid(fba140e003c2a5c48a637043f69188e5) Importer(815301076,1909f56bfc062723c751e8b465ee728b)  -> (artifact id: '2a8e78e6b50ab17f6ade9f0b858a298d') in 0.055667 seconds
Number of updated asset objects reloaded before import = 0
Number of asset objects unloaded after import = 12
========================================================================
Received Import Request.
  Time since last request: 43.868114 seconds.
  path: Assets/Art/Models/Environment/Level_born/Box
  artifactKey: Guid(ca256e1d2aafc3240a8392f8ff5e9aef) Importer(815301076,1909f56bfc062723c751e8b465ee728b)
Start importing Assets/Art/Models/Environment/Level_born/Box using Guid(ca256e1d2aafc3240a8392f8ff5e9aef) Importer(815301076,1909f56bfc062723c751e8b465ee728b)  -> (artifact id: 'b4da105412a47910df03254ff5b02a8d') in 0.001896 seconds
Number of updated asset objects reloaded before import = 0
Number of asset objects unloaded after import = 0
========================================================================
Received Import Request.
  Time since last request: 6.044104 seconds.
  path: Assets/Art/Models/Environment/Level_born/Box/Box.mat
  artifactKey: Guid(c4d713209b1ec4847b62945bfb0388ee) Importer(815301076,1909f56bfc062723c751e8b465ee728b)
Start importing Assets/Art/Models/Environment/Level_born/Box/Box.mat using Guid(c4d713209b1ec4847b62945bfb0388ee) Importer(815301076,1909f56bfc062723c751e8b465ee728b)  -> (artifact id: 'db51510525498141e32f3cf5cff5d3d6') in 0.065574 seconds
Number of updated asset objects reloaded before import = 0
Number of asset objects unloaded after import = 2
========================================================================
Received Import Request.
  Time since last request: 37.714949 seconds.
  path: Assets/Art/Prefabs/Environment/BornLevel/Box_Closed 1.prefab
  artifactKey: Guid(521bb3cde1fd72a4d9e243fc57890e59) Importer(815301076,1909f56bfc062723c751e8b465ee728b)
Start importing Assets/Art/Prefabs/Environment/BornLevel/Box_Closed 1.prefab using Guid(521bb3cde1fd72a4d9e243fc57890e59) Importer(815301076,1909f56bfc062723c751e8b465ee728b)  -> (artifact id: '2ba2a00fe07de96e5ace2b36f303f1b0') in 0.018735 seconds
Number of updated asset objects reloaded before import = 0
Number of asset objects unloaded after import = 10
========================================================================
Received Import Request.
  Time since last request: 39.956794 seconds.
  path: Assets/Art/Prefabs/Environment/BornLevel/Box_Closed 1.prefab
  artifactKey: Guid(521bb3cde1fd72a4d9e243fc57890e59) Importer(815301076,1909f56bfc062723c751e8b465ee728b)
Start importing Assets/Art/Prefabs/Environment/BornLevel/Box_Closed 1.prefab using Guid(521bb3cde1fd72a4d9e243fc57890e59) Importer(815301076,1909f56bfc062723c751e8b465ee728b)  -> (artifact id: '5935a4d3e6184b686ca115731e7499ad') in 0.014225 seconds
Number of updated asset objects reloaded before import = 0
Number of asset objects unloaded after import = 10
========================================================================
Received Import Request.
  Time since last request: 206.878606 seconds.
  path: Assets/Art/Prefabs/Environment/BornLevel/Phone.prefab
  artifactKey: Guid(a5fc5ae15db13774dab465d5011d90eb) Importer(815301076,1909f56bfc062723c751e8b465ee728b)
Start importing Assets/Art/Prefabs/Environment/BornLevel/Phone.prefab using Guid(a5fc5ae15db13774dab465d5011d90eb) Importer(815301076,1909f56bfc062723c751e8b465ee728b)  -> (artifact id: '23c1c68c5cd0ffaa3c203c28f40ed2d6') in 0.022384 seconds
Number of updated asset objects reloaded before import = 0
Number of asset objects unloaded after import = 12
========================================================================
Received Prepare
Begin MonoManager ReloadAssembly
Symbol file LoadedFromMemory is not a mono symbol file
- Loaded All Assemblies, in  0.813 seconds
Refreshing native plugins compatible for Editor in 9.99 ms, found 4 plugins.
Native extension for WindowsStandalone target not found
Native extension for Android target not found
Mono: successfully reloaded assembly
- Finished resetting the current domain, in  3.847 seconds
Domain Reload Profiling: 4653ms
	BeginReloadAssembly (309ms)
		ExecutionOrderSort (0ms)
		DisableScriptedObjects (21ms)
		BackupInstance (0ms)
		ReleaseScriptingObjects (0ms)
		CreateAndSetChildDomain (120ms)
	RebuildCommonClasses (30ms)
	RebuildNativeTypeToScriptingClass (9ms)
	initialDomainReloadingComplete (35ms)
	LoadAllAssembliesAndSetupDomain (423ms)
		LoadAssemblies (506ms)
		RebuildTransferFunctionScriptingTraits (0ms)
		AnalyzeDomain (25ms)
			TypeCache.Refresh (9ms)
				TypeCache.ScanAssembly (0ms)
			ScanForSourceGeneratedMonoScriptInfo (0ms)
			ResolveRequiredComponents (12ms)
	FinalizeReload (3848ms)
		ReleaseScriptCaches (0ms)
		RebuildScriptCaches (0ms)
		SetupLoadedEditorAssemblies (1347ms)
			LogAssemblyErrors (0ms)
			InitializePlatformSupportModulesInManaged (31ms)
			SetLoadedEditorAssemblies (6ms)
			RefreshPlugins (0ms)
			BeforeProcessingInitializeOnLoad (91ms)
			ProcessInitializeOnLoadAttributes (1158ms)
			ProcessInitializeOnLoadMethodAttributes (49ms)
			AfterProcessingInitializeOnLoad (11ms)
			EditorAssembliesLoaded (0ms)
		ExecutionOrderSort2 (0ms)
		AwakeInstancesAfterBackupRestoration (24ms)
Refreshing native plugins compatible for Editor in 12.12 ms, found 4 plugins.
Preloading 0 native plugins for Editor in 0.00 ms.
Unloading 7008 Unused Serialized files (Serialized files now loaded: 0)
Unloading 56 unused Assets / (1.2 MB). Loaded Objects now: 8214.
Memory consumption went from 279.6 MB to 278.4 MB.
Total: 5.240100 ms (FindLiveObjects: 0.672400 ms CreateObjectMapping: 0.458100 ms MarkObjects: 3.769900 ms  DeleteObjects: 0.338400 ms)

Prepare: number of updated asset objects reloaded= 0
AssetImportParameters requested are different than current active one (requested -> active):
  custom:container-demuxer-ogg: 62fdf1f143b41e24485cea50d1cbac27 -> 
  custom:framework-win-MediaFoundation: 216162199b28c13a410421893ffa2e32 -> 
  custom:container-muxer-webm: aa71ff27fc2769a1b78a27578f13a17b -> 
  custom:video-decoder-webm-vp8: 9c59270c3fd7afecdb556c50c9e8de78 -> 
  custom:SearchIndexIgnoredProperties: e643bd26f0fe6173181afceb89e7c659 -> 
  custom:AudioImporter_EditorPlatform: d09bf68614088b80899f8185d706f6e7 -> 
  custom:audio-decoder-ogg-vorbis: bf7c407c2cedff20999df2af8eb42d56 -> 
  custom:audio-encoder-webm-vorbis: bf7c407c2cedff20999df2af8eb42d56 -> 
  custom:video-codec-MediaFoundation-h265: 746d11721c4dcdbdad8f713fa42b33f4 -> 
  custom:video-decoder-ogg-theora: a1e56fd34408186e4bbccfd4996cb3dc -> 
  custom:CustomObjectIndexerAttribute: 62b5816608c3102f162a1797e29626cf -> 
  custom:container-demuxer-webm: 4f35f7cbe854078d1ac9338744f61a02 -> 
  custom:video-encoder-webm-vp8: eb34c28f22e8b96e1ab97ce403110664 -> 
========================================================================
Received Import Request.
  Time since last request: 512.280692 seconds.
  path: Assets/Art/UI
  artifactKey: Guid(544ee14be61c7d64085cf2395ef262f6) Importer(815301076,1909f56bfc062723c751e8b465ee728b)
Start importing Assets/Art/UI using Guid(544ee14be61c7d64085cf2395ef262f6) Importer(815301076,1909f56bfc062723c751e8b465ee728b)  -> (artifact id: 'c1e0ff62bb4500794d05c72ee081229d') in 0.004397 seconds
Number of updated asset objects reloaded before import = 0
Number of asset objects unloaded after import = 0
========================================================================
Received Import Request.
  Time since last request: 228.407165 seconds.
  path: ProjectSettings/TagManager.asset
  artifactKey: Guid(00000000000000003000000000000000) Importer(815301076,1909f56bfc062723c751e8b465ee728b)
Start importing ProjectSettings/TagManager.asset using Guid(00000000000000003000000000000000) Importer(815301076,1909f56bfc062723c751e8b465ee728b)  -> (artifact id: '73b87b45b80bcf5733e58b1db7d75a63') in 0.010859 seconds
Number of updated asset objects reloaded before import = 0
Number of asset objects unloaded after import = 0
========================================================================
Received Prepare
Begin MonoManager ReloadAssembly
Symbol file LoadedFromMemory is not a mono symbol file
- Loaded All Assemblies, in  1.747 seconds
Refreshing native plugins compatible for Editor in 11.76 ms, found 4 plugins.
Native extension for WindowsStandalone target not found
Native extension for Android target not found
Mono: successfully reloaded assembly
- Finished resetting the current domain, in  3.822 seconds
Domain Reload Profiling: 5564ms
	BeginReloadAssembly (314ms)
		ExecutionOrderSort (0ms)
		DisableScriptedObjects (8ms)
		BackupInstance (0ms)
		ReleaseScriptingObjects (0ms)
		CreateAndSetChildDomain (111ms)
	RebuildCommonClasses (32ms)
	RebuildNativeTypeToScriptingClass (9ms)
	initialDomainReloadingComplete (43ms)
	LoadAllAssembliesAndSetupDomain (1344ms)
		LoadAssemblies (1430ms)
		RebuildTransferFunctionScriptingTraits (0ms)
		AnalyzeDomain (38ms)
			TypeCache.Refresh (19ms)
				TypeCache.ScanAssembly (0ms)
			ScanForSourceGeneratedMonoScriptInfo (0ms)
			ResolveRequiredComponents (16ms)
	FinalizeReload (3822ms)
		ReleaseScriptCaches (0ms)
		RebuildScriptCaches (0ms)
		SetupLoadedEditorAssemblies (1366ms)
			LogAssemblyErrors (0ms)
			InitializePlatformSupportModulesInManaged (29ms)
			SetLoadedEditorAssemblies (6ms)
			RefreshPlugins (0ms)
			BeforeProcessingInitializeOnLoad (88ms)
			ProcessInitializeOnLoadAttributes (1183ms)
			ProcessInitializeOnLoadMethodAttributes (50ms)
			AfterProcessingInitializeOnLoad (11ms)
			EditorAssembliesLoaded (0ms)
		ExecutionOrderSort2 (0ms)
		AwakeInstancesAfterBackupRestoration (22ms)
Refreshing native plugins compatible for Editor in 10.98 ms, found 4 plugins.
Preloading 0 native plugins for Editor in 0.00 ms.
Unloading 7008 Unused Serialized files (Serialized files now loaded: 0)
Unloading 56 unused Assets / (1.2 MB). Loaded Objects now: 8232.
Memory consumption went from 281.5 MB to 280.3 MB.
Total: 5.385800 ms (FindLiveObjects: 0.534100 ms CreateObjectMapping: 0.257100 ms MarkObjects: 3.864500 ms  DeleteObjects: 0.727500 ms)

Prepare: number of updated asset objects reloaded= 0
AssetImportParameters requested are different than current active one (requested -> active):
  custom:container-demuxer-ogg: 62fdf1f143b41e24485cea50d1cbac27 -> 
  custom:framework-win-MediaFoundation: 216162199b28c13a410421893ffa2e32 -> 
  custom:container-muxer-webm: aa71ff27fc2769a1b78a27578f13a17b -> 
  custom:video-decoder-webm-vp8: 9c59270c3fd7afecdb556c50c9e8de78 -> 
  custom:SearchIndexIgnoredProperties: e643bd26f0fe6173181afceb89e7c659 -> 
  custom:AudioImporter_EditorPlatform: d09bf68614088b80899f8185d706f6e7 -> 
  custom:audio-decoder-ogg-vorbis: bf7c407c2cedff20999df2af8eb42d56 -> 
  custom:audio-encoder-webm-vorbis: bf7c407c2cedff20999df2af8eb42d56 -> 
  custom:video-codec-MediaFoundation-h265: 746d11721c4dcdbdad8f713fa42b33f4 -> 
  custom:video-decoder-ogg-theora: a1e56fd34408186e4bbccfd4996cb3dc -> 
  custom:CustomObjectIndexerAttribute: 62b5816608c3102f162a1797e29626cf -> 
  custom:container-demuxer-webm: 4f35f7cbe854078d1ac9338744f61a02 -> 
  custom:video-encoder-webm-vp8: eb34c28f22e8b96e1ab97ce403110664 -> 
========================================================================
Received Import Request.
  Time since last request: 4392.923950 seconds.
  path: Assets/Art/UI/主界面-Main.png
  artifactKey: Guid(8d3a8e12fb04d834e8f5dcb02374f22a) Importer(815301076,1909f56bfc062723c751e8b465ee728b)
Start importing Assets/Art/UI/主界面-Main.png using Guid(8d3a8e12fb04d834e8f5dcb02374f22a) Importer(815301076,1909f56bfc062723c751e8b465ee728b)  -> (artifact id: 'e09ee5ee41ab7ab7efb6da087557a0e8') in 0.403957 seconds
Number of updated asset objects reloaded before import = 0
Number of asset objects unloaded after import = 2
========================================================================
Received Import Request.
  Time since last request: 22.024079 seconds.
  path: Assets/Art/UI/主界面-Main.png
  artifactKey: Guid(8d3a8e12fb04d834e8f5dcb02374f22a) Importer(815301076,1909f56bfc062723c751e8b465ee728b)
Start importing Assets/Art/UI/主界面-Main.png using Guid(8d3a8e12fb04d834e8f5dcb02374f22a) Importer(815301076,1909f56bfc062723c751e8b465ee728b)  -> (artifact id: '04674fcfa72516dbef7b6f8440dcf73b') in 0.069777 seconds
Number of updated asset objects reloaded before import = 0
Number of asset objects unloaded after import = 3
========================================================================
Received Import Request.
  Time since last request: 667.537929 seconds.
  path: Assets/Scripts/UI/StartScreenUI.cs
  artifactKey: Guid(72497295e67463a46a7b9c4884c1b2fc) Importer(815301076,1909f56bfc062723c751e8b465ee728b)
Start importing Assets/Scripts/UI/StartScreenUI.cs using Guid(72497295e67463a46a7b9c4884c1b2fc) Importer(815301076,1909f56bfc062723c751e8b465ee728b)  -> (artifact id: 'dbff981cbfbea6075c4c4aeb1d285d81') in 0.002174 seconds
Number of updated asset objects reloaded before import = 0
Number of asset objects unloaded after import = 0
========================================================================
Received Import Request.
  Time since last request: 432.441697 seconds.
  path: Assets/Scripts/UI/LevelSelectUI.cs
  artifactKey: Guid(d7f2fb634b632c942b744b43cfe8fe3b) Importer(815301076,1909f56bfc062723c751e8b465ee728b)
Start importing Assets/Scripts/UI/LevelSelectUI.cs using Guid(d7f2fb634b632c942b744b43cfe8fe3b) Importer(815301076,1909f56bfc062723c751e8b465ee728b)  -> (artifact id: 'd296810c64ddcc5239c7f7da2f75be0f') in 0.004559 seconds
Number of updated asset objects reloaded before import = 0
Number of asset objects unloaded after import = 0
