# Blender 5.0.1
# www.blender.org
mtllib tripo_convert_96d34896-216b-4e2f-99d3-05aaa868d2b9.mtl
o tripo_node_96d34896-216b-4e2f-99d3-05aaa868d2b9
v 0.083008 0.261719 0.393555
v 0.083008 0.261719 0.424805
v 0.083008 0.261719 -0.393555
v 0.083008 0.261719 -0.424805
v 0.083008 0.269531 0.391602
v 0.083008 0.269531 -0.391602
v 0.084961 0.261719 0.393555
v 0.084961 0.261719 -0.393555
v 0.084961 0.269531 0.391602
v 0.084961 0.269531 0.422852
v 0.084961 0.269531 -0.391602
v 0.084961 0.269531 -0.422852
v 0.084961 0.277344 0.389648
v 0.084961 0.277344 -0.389648
v 0.086914 0.261719 0.381836
v 0.086914 0.261719 0.422852
v 0.086914 0.261719 -0.381836
v 0.086914 0.261719 -0.383789
v 0.086914 0.261719 -0.422852
v 0.086914 0.269531 0.379883
v 0.086914 0.269531 0.422852
v 0.086914 0.269531 -0.379883
v 0.086914 0.269531 -0.381836
v 0.086914 0.269531 -0.422852
v 0.086914 0.275391 0.389648
v 0.086914 0.277344 0.422852
v 0.086914 0.277344 -0.389648
v 0.086914 0.277344 -0.422852
v 0.088867 0.261719 0.436523
v 0.088867 0.261719 -0.434570
v 0.088867 0.261719 -0.436523
v 0.088867 0.269531 0.379883
v 0.088867 0.269531 0.434570
v 0.088867 0.269531 -0.432617
v 0.088867 0.269531 -0.434570
v 0.088867 0.275391 0.377930
v 0.088867 0.275391 0.422852
v 0.088867 0.275391 -0.379883
v 0.088867 0.277344 -0.379883
v 0.088867 0.277344 -0.422852
v 0.088867 0.277344 -0.430664
v 0.090820 0.261719 0.434570
v 0.090820 0.269531 0.434570
v 0.090820 0.275391 0.379883
v 0.090820 0.275391 0.432617
v 0.090820 0.277344 -0.430664
v 0.090820 0.279297 0.387695
v 0.090820 0.281250 0.387695
v 0.090820 0.281250 -0.387695
v 0.092773 0.277344 0.377930
v 0.092773 0.279297 0.377930
v 0.092773 0.279297 0.420898
v 0.092773 0.279297 -0.379883
v 0.092773 0.281250 0.420898
v 0.092773 0.281250 -0.377930
v 0.092773 0.281250 -0.422852
v 0.092773 0.283203 -0.422852
v 0.094727 0.261719 0.374023
v 0.094727 0.261719 -0.374023
v 0.094727 0.269531 0.374023
v 0.094727 0.269531 -0.374023
v 0.094727 0.269531 -0.375977
v 0.094727 0.275391 0.374023
v 0.094727 0.275391 0.375977
v 0.094727 0.275391 -0.375977
v 0.094727 0.277344 -0.374023
v 0.094727 0.279297 0.430664
v 0.094727 0.279297 0.432617
v 0.094727 0.279297 -0.428711
v 0.094727 0.281250 -0.430664
v 0.096680 0.261719 0.375977
v 0.096680 0.261719 -0.375977
v 0.096680 0.269531 0.375977
v 0.096680 0.269531 0.440430
v 0.096680 0.269531 -0.440430
v 0.096680 0.275391 0.436523
v 0.096680 0.277344 -0.434570
v 0.096680 0.277344 -0.436523
v 0.098633 0.261719 0.440430
v 0.098633 0.261719 0.442383
v 0.098633 0.261719 -0.440430
v 0.098633 0.261719 -0.442383
v 0.098633 0.269531 0.438477
v 0.098633 0.269531 -0.438477
v 0.100586 0.277344 -0.374023
v 0.100586 0.277344 -0.375977
v 0.100586 0.281250 0.377930
v 0.100586 0.281250 0.387695
v 0.100586 0.281250 -0.377930
v 0.100586 0.281250 -0.387695
v 0.100586 0.283203 0.387695
v 0.100586 0.283203 -0.387695
v 0.102539 0.269531 0.372070
v 0.102539 0.269531 0.374023
v 0.102539 0.269531 -0.372070
v 0.102539 0.269531 -0.374023
v 0.102539 0.277344 0.374023
v 0.102539 0.277344 0.375977
v 0.102539 0.279297 0.432617
v 0.102539 0.279297 -0.432617
v 0.102539 0.281250 0.420898
v 0.102539 0.281250 0.432617
v 0.102539 0.281250 -0.420898
v 0.102539 0.281250 -0.432617
v 0.102539 0.283203 0.420898
v 0.102539 0.283203 -0.420898
v 0.104492 0.261719 0.370117
v 0.104492 0.261719 0.372070
v 0.104492 0.261719 -0.370117
v 0.104492 0.261719 -0.372070
v 0.104492 0.275391 0.436523
v 0.104492 0.277344 0.438477
v 0.104492 0.277344 -0.436523
v 0.104492 0.277344 -0.438477
v 0.106445 0.269531 0.440430
v 0.106445 0.269531 0.442383
v 0.106445 0.269531 -0.440430
v 0.106445 0.269531 -0.442383
v 0.108398 0.261719 0.442383
v 0.108398 0.261719 0.444336
v 0.108398 0.261719 -0.442383
v 0.108398 0.261719 -0.444336
v 0.112305 0.113281 0.395508
v 0.112305 0.113281 -0.395508
v 0.112305 0.080078 0.395508
v 0.112305 0.080078 -0.395508
v 0.112305 0.021484 0.422852
v 0.112305 0.021484 -0.422852
v 0.114258 0.113281 0.393555
v 0.114258 0.113281 0.395508
v 0.114258 0.113281 -0.393555
v 0.114258 0.113281 -0.395508
v 0.114258 0.080078 0.393555
v 0.114258 0.080078 0.395508
v 0.114258 0.080078 -0.393555
v 0.114258 0.080078 -0.395508
v 0.114258 0.021484 0.452148
v 0.114258 0.021484 -0.452148
v 0.116211 0.119141 0.397461
v 0.116211 0.119141 0.399414
v 0.116211 0.119141 -0.397461
v 0.116211 0.119141 -0.399414
v 0.116211 0.113281 0.399414
v 0.116211 0.113281 -0.399414
v 0.116211 0.080078 0.399414
v 0.116211 0.080078 -0.399414
v 0.116211 0.074219 0.397461
v 0.116211 0.074219 0.399414
v 0.116211 0.074219 -0.397461
v 0.116211 0.074219 -0.399414
v 0.116211 0.021484 0.409180
v 0.116211 0.021484 0.422852
v 0.116211 0.021484 0.452148
v 0.116211 0.021484 -0.411133
v 0.116211 0.021484 -0.422852
v 0.116211 0.021484 -0.452148
v 0.116211 0.013672 0.422852
v 0.116211 0.013672 -0.422852
v 0.118164 0.117188 0.399414
v 0.118164 0.117188 -0.399414
v 0.118164 0.076172 0.399414
v 0.118164 0.076172 -0.399414
v 0.118164 0.021484 0.411133
v 0.118164 0.021484 -0.411133
v 0.118164 0.013672 0.411133
v 0.118164 0.013672 0.422852
v 0.118164 0.013672 0.454102
v 0.118164 0.013672 -0.411133
v 0.118164 0.013672 -0.454102
v 0.120117 0.021484 0.463867
v 0.120117 0.021484 -0.463867
v 0.120117 0.013672 0.411133
v 0.120117 0.013672 0.454102
v 0.120117 0.013672 -0.413086
v 0.120117 0.013672 -0.454102
v 0.120117 0.005859 0.422852
v 0.120117 0.005859 -0.422852
v 0.120117 0.005859 -0.456055
v 0.122070 0.123047 0.403320
v 0.122070 0.123047 -0.403320
v 0.122070 0.119141 0.403320
v 0.122070 0.119141 -0.403320
v 0.122070 0.074219 0.403320
v 0.122070 0.074219 -0.403320
v 0.122070 0.072266 0.403320
v 0.122070 0.072266 -0.403320
v 0.122070 0.021484 0.463867
v 0.122070 0.013672 0.465820
v 0.122070 0.013672 -0.465820
v 0.122070 0.007812 0.422852
v 0.122070 0.007812 -0.422852
v 0.122070 0.007812 -0.454102
v 0.122070 0.005859 0.411133
v 0.122070 0.005859 0.456055
v 0.122070 0.005859 -0.413086
v 0.124023 0.013672 0.463867
v 0.124023 0.013672 -0.463867
v 0.124023 0.007812 0.413086
v 0.124023 0.007812 0.456055
v 0.124023 0.007812 -0.413086
v 0.124023 0.005859 -0.463867
v 0.125977 0.021484 0.401367
v 0.125977 0.021484 0.403320
v 0.125977 0.021484 -0.401367
v 0.125977 0.007812 0.463867
v 0.125977 0.007812 -0.461914
v 0.125977 0.005859 0.463867
v 0.125977 0.001953 0.422852
v 0.127930 0.123047 0.411133
v 0.127930 0.123047 -0.411133
v 0.127930 0.121094 0.411133
v 0.127930 0.121094 -0.411133
v 0.127930 0.072266 0.411133
v 0.127930 0.072266 -0.411133
v 0.127930 0.070312 0.411133
v 0.127930 0.070312 -0.411133
v 0.127930 0.021484 -0.403320
v 0.127930 0.013672 0.403320
v 0.127930 0.013672 0.405273
v 0.127930 0.013672 -0.403320
v 0.127930 0.013672 -0.405273
v 0.127930 0.005859 0.407227
v 0.127930 0.005859 -0.407227
v 0.127930 0.003906 0.413086
v 0.127930 0.003906 -0.413086
v 0.127930 0.003906 -0.422852
v 0.127930 0.001953 0.411133
v 0.127930 0.001953 0.422852
v 0.127930 0.001953 -0.413086
v 0.127930 0.001953 -0.422852
v 0.127930 0.000000 0.456055
v 0.129883 0.021484 0.469727
v 0.129883 0.021484 0.471680
v 0.129883 0.021484 -0.469727
v 0.129883 0.013672 0.467773
v 0.129883 0.013672 0.469727
v 0.129883 0.013672 -0.471680
v 0.129883 0.007812 0.407227
v 0.129883 0.007812 -0.407227
v 0.129883 0.005859 0.467773
v 0.129883 0.005859 -0.467773
v 0.129883 0.003906 -0.461914
v 0.129883 0.001953 0.456055
v 0.129883 0.001953 0.465820
v 0.129883 0.001953 -0.454102
v 0.129883 0.001953 -0.463867
v 0.129883 0.000000 -0.456055
v 0.131836 0.013672 -0.469727
v 0.131836 0.007812 0.465820
v 0.131836 0.007812 -0.465820
v 0.131836 0.003906 0.463867
v 0.133789 0.261719 0.370117
v 0.133789 0.261719 0.372070
v 0.133789 0.261719 -0.370117
v 0.133789 0.261719 -0.372070
v 0.133789 0.269531 0.372070
v 0.133789 0.269531 0.374023
v 0.133789 0.269531 -0.372070
v 0.133789 0.269531 -0.374023
v 0.133789 0.277344 0.374023
v 0.133789 0.277344 0.375977
v 0.133789 0.277344 -0.374023
v 0.133789 0.277344 -0.375977
v 0.133789 0.281250 0.379883
v 0.133789 0.281250 0.387695
v 0.133789 0.281250 -0.377930
v 0.133789 0.281250 -0.387695
v 0.133789 0.283203 0.377930
v 0.133789 0.283203 0.387695
v 0.133789 0.283203 -0.387695
v 0.135742 0.261719 0.442383
v 0.135742 0.261719 -0.442383
v 0.135742 0.269531 0.440430
v 0.135742 0.269531 0.442383
v 0.135742 0.269531 -0.440430
v 0.135742 0.269531 -0.442383
v 0.135742 0.275391 0.436523
v 0.135742 0.275391 -0.436523
v 0.135742 0.277344 0.438477
v 0.135742 0.277344 -0.438477
v 0.135742 0.279297 0.430664
v 0.135742 0.279297 -0.430664
v 0.135742 0.281250 0.420898
v 0.135742 0.281250 0.432617
v 0.135742 0.281250 -0.420898
v 0.135742 0.281250 -0.432617
v 0.135742 0.283203 0.420898
v 0.135742 0.283203 -0.420898
v 0.135742 0.123047 0.416992
v 0.135742 0.123047 -0.416992
v 0.135742 0.119141 0.416992
v 0.135742 0.119141 -0.416992
v 0.135742 0.074219 0.416992
v 0.135742 0.074219 -0.416992
v 0.135742 0.072266 0.416992
v 0.135742 0.072266 -0.416992
v 0.135742 0.021484 0.399414
v 0.135742 0.021484 0.401367
v 0.135742 0.021484 -0.399414
v 0.135742 0.021484 -0.401367
v 0.135742 0.013672 0.401367
v 0.135742 0.013672 0.403320
v 0.135742 0.013672 -0.401367
v 0.135742 0.013672 -0.403320
v 0.135742 0.007812 0.407227
v 0.135742 0.007812 -0.407227
v 0.135742 0.005859 0.405273
v 0.135742 0.005859 -0.405273
v 0.135742 0.003906 0.411133
v 0.135742 0.003906 -0.411133
v 0.135742 0.001953 0.411133
v 0.135742 0.001953 -0.411133
v 0.137695 0.261719 0.444336
v 0.137695 0.261719 -0.444336
v 0.137695 0.021484 0.471680
v 0.137695 0.021484 0.473633
v 0.137695 0.021484 -0.471680
v 0.137695 0.021484 -0.473633
v 0.137695 0.013672 0.471680
v 0.137695 0.001953 0.422852
v 0.137695 0.001953 0.456055
v 0.137695 0.001953 -0.422852
v 0.137695 0.001953 -0.456055
v 0.137695 0.000000 0.422852
v 0.137695 0.000000 0.456055
v 0.137695 0.000000 -0.422852
v 0.137695 0.000000 -0.456055
v 0.139648 0.119141 0.422852
v 0.139648 0.119141 -0.422852
v 0.139648 0.117188 0.420898
v 0.139648 0.117188 -0.420898
v 0.139648 0.113281 0.424805
v 0.139648 0.113281 -0.424805
v 0.139648 0.080078 0.424805
v 0.139648 0.080078 -0.424805
v 0.139648 0.076172 0.420898
v 0.139648 0.076172 -0.420898
v 0.139648 0.074219 0.422852
v 0.139648 0.074219 -0.422852
v 0.139648 0.013672 0.469727
v 0.139648 0.013672 -0.471680
v 0.139648 0.013672 -0.473633
v 0.139648 0.007812 -0.467773
v 0.139648 0.005859 0.467773
v 0.139648 0.005859 0.469727
v 0.139648 0.005859 -0.469727
v 0.139648 0.001953 0.463867
v 0.139648 0.001953 -0.463867
v 0.139648 0.000000 0.465820
v 0.139648 0.000000 -0.463867
v 0.141602 0.117188 0.422852
v 0.141602 0.117188 -0.422852
v 0.141602 0.113281 0.420898
v 0.141602 0.113281 0.424805
v 0.141602 0.113281 -0.420898
v 0.141602 0.113281 -0.424805
v 0.141602 0.080078 0.420898
v 0.141602 0.080078 0.424805
v 0.141602 0.080078 -0.420898
v 0.141602 0.080078 -0.424805
v 0.141602 0.076172 0.422852
v 0.141602 0.076172 -0.422852
v 0.143555 0.261719 0.374023
v 0.143555 0.261719 -0.374023
v 0.143555 0.269531 0.374023
v 0.143555 0.269531 0.375977
v 0.143555 0.269531 -0.375977
v 0.143555 0.275391 -0.377930
v 0.143555 0.277344 0.375977
v 0.143555 0.277344 0.377930
v 0.143555 0.277344 -0.375977
v 0.143555 0.279297 0.379883
v 0.143555 0.279297 -0.379883
v 0.143555 0.281250 0.379883
v 0.143555 0.281250 0.387695
v 0.143555 0.113281 0.422852
v 0.143555 0.113281 -0.422852
v 0.143555 0.080078 0.422852
v 0.143555 0.080078 -0.422852
v 0.145508 0.261719 0.372070
v 0.145508 0.261719 -0.372070
v 0.145508 0.269531 -0.374023
v 0.145508 0.275391 0.434570
v 0.145508 0.275391 -0.434570
v 0.145508 0.279297 0.420898
v 0.145508 0.279297 0.430664
v 0.145508 0.279297 -0.420898
v 0.145508 0.279297 -0.430664
v 0.145508 0.281250 -0.387695
v 0.145508 0.283203 0.387695
v 0.147461 0.261719 0.440430
v 0.147461 0.261719 0.442383
v 0.147461 0.261719 -0.440430
v 0.147461 0.269531 0.438477
v 0.147461 0.269531 -0.438477
v 0.147461 0.277344 0.436523
v 0.147461 0.277344 -0.436523
v 0.147461 0.279297 0.430664
v 0.147461 0.279297 -0.430664
v 0.147461 0.281250 0.420898
v 0.147461 0.281250 -0.420898
v 0.149414 0.261719 -0.442383
v 0.149414 0.275391 -0.381836
v 0.149414 0.275391 -0.389648
v 0.149414 0.277344 0.381836
v 0.149414 0.277344 -0.381836
v 0.151367 0.269531 0.383789
v 0.151367 0.269531 -0.381836
v 0.151367 0.275391 0.420898
v 0.151367 0.275391 0.428711
v 0.151367 0.275391 -0.420898
v 0.151367 0.275391 -0.428711
v 0.151367 0.277344 0.389648
v 0.151367 0.277344 -0.389648
v 0.153320 0.261719 0.383789
v 0.153320 0.261719 -0.383789
v 0.153320 0.269531 0.381836
v 0.153320 0.269531 0.391602
v 0.153320 0.269531 0.430664
v 0.153320 0.269531 -0.381836
v 0.153320 0.269531 -0.391602
v 0.153320 0.269531 -0.430664
v 0.153320 0.275391 0.430664
v 0.153320 0.275391 -0.428711
v 0.153320 0.277344 0.420898
v 0.153320 0.277344 -0.420898
v 0.155273 0.261719 0.381836
v 0.155273 0.261719 0.393555
v 0.155273 0.261719 0.430664
v 0.155273 0.261719 -0.381836
v 0.155273 0.261719 -0.393555
v 0.155273 0.261719 -0.430664
v 0.155273 0.269531 0.420898
v 0.155273 0.269531 0.430664
v 0.155273 0.269531 -0.391602
v 0.155273 0.269531 -0.420898
v 0.155273 0.269531 -0.430664
v 0.157227 0.261719 0.420898
v 0.157227 0.261719 0.430664
v 0.157227 0.261719 -0.420898
v 0.157227 0.261719 -0.430664
v 0.157227 0.269531 0.391602
v 0.157227 0.269531 0.420898
v 0.157227 0.269531 -0.420898
v 0.159180 0.261719 0.393555
v 0.159180 0.261719 0.420898
v 0.159180 0.261719 -0.393555
v 0.159180 0.261719 -0.420898
v 0.163086 0.021484 0.401367
v 0.163086 0.021484 -0.401367
v 0.165039 0.021484 0.399414
v 0.165039 0.021484 -0.399414
v 0.165039 0.013672 0.403320
v 0.165039 0.013672 -0.403320
v 0.166992 0.021484 0.469727
v 0.166992 0.021484 0.473633
v 0.166992 0.021484 -0.469727
v 0.166992 0.021484 -0.473633
v 0.166992 0.013672 0.401367
v 0.166992 0.013672 -0.401367
v 0.166992 0.007812 0.407227
v 0.166992 0.007812 -0.407227
v 0.166992 0.005859 0.405273
v 0.166992 0.005859 -0.405273
v 0.168945 0.013672 0.469727
v 0.168945 0.013672 0.471680
v 0.168945 0.013672 -0.469727
v 0.168945 0.013672 -0.471680
v 0.168945 0.003906 0.411133
v 0.168945 0.003906 -0.411133
v 0.168945 0.001953 0.411133
v 0.168945 0.001953 -0.411133
v 0.170898 0.005859 0.465820
v 0.170898 0.005859 0.467773
v 0.170898 0.005859 -0.465820
v 0.170898 0.005859 -0.467773
v 0.170898 0.001953 0.422852
v 0.170898 0.001953 0.456055
v 0.170898 0.001953 0.463867
v 0.170898 0.001953 -0.422852
v 0.170898 0.001953 -0.456055
v 0.170898 0.001953 -0.463867
v 0.170898 0.000000 0.422852
v 0.170898 0.000000 0.456055
v 0.170898 0.000000 -0.422852
v 0.170898 0.000000 -0.456055
v 0.170898 0.000000 -0.463867
v 0.174805 0.021484 0.403320
v 0.174805 0.021484 -0.403320
v 0.176758 0.021484 0.401367
v 0.176758 0.021484 -0.401367
v 0.176758 0.013672 0.403320
v 0.176758 0.013672 0.405273
v 0.176758 0.013672 -0.403320
v 0.176758 0.013672 -0.405273
v 0.176758 0.007812 0.407227
v 0.176758 0.007812 0.409180
v 0.176758 0.007812 -0.407227
v 0.176758 0.007812 -0.409180
v 0.178711 0.021484 0.467773
v 0.178711 0.021484 0.469727
v 0.178711 0.021484 -0.467773
v 0.178711 0.021484 -0.469727
v 0.178711 0.013672 0.467773
v 0.178711 0.013672 -0.467773
v 0.178711 0.007812 0.463867
v 0.178711 0.007812 -0.463867
v 0.178711 0.003906 0.413086
v 0.178711 0.003906 0.422852
v 0.178711 0.003906 -0.413086
v 0.178711 0.003906 -0.422852
v 0.180664 0.013672 0.469727
v 0.180664 0.013672 -0.469727
v 0.180664 0.005859 0.465820
v 0.180664 0.005859 -0.465820
v 0.180664 0.003906 0.454102
v 0.180664 0.003906 0.461914
v 0.180664 0.003906 -0.459961
v 0.180664 0.001953 0.422852
v 0.180664 0.001953 -0.422852
v 0.180664 0.001953 -0.454102
v 0.180664 0.001953 -0.461914
v 0.182617 0.013672 0.413086
v 0.182617 0.013672 -0.413086
v 0.182617 0.007812 0.413086
v 0.182617 0.007812 0.422852
v 0.182617 0.007812 0.459961
v 0.182617 0.007812 -0.413086
v 0.182617 0.007812 -0.415039
v 0.182617 0.007812 -0.422852
v 0.182617 0.007812 -0.459961
v 0.182617 0.001953 0.454102
v 0.182617 0.001953 -0.454102
v 0.184570 0.021484 0.411133
v 0.184570 0.021484 -0.411133
v 0.184570 0.013672 0.411133
v 0.184570 0.013672 0.459961
v 0.184570 0.013672 -0.411133
v 0.184570 0.007812 0.452148
v 0.184570 0.007812 0.461914
v 0.184570 0.007812 -0.452148
v 0.184570 0.005859 0.422852
v 0.184570 0.005859 -0.422852
v 0.184570 0.005859 -0.459961
v 0.186523 0.248047 0.471680
v 0.186523 0.248047 -0.471680
v 0.186523 0.250000 0.481445
v 0.186523 0.250000 -0.481445
v 0.186523 0.251953 0.469727
v 0.186523 0.251953 0.479492
v 0.186523 0.251953 0.489258
v 0.186523 0.251953 -0.469727
v 0.186523 0.251953 -0.479492
v 0.186523 0.251953 -0.489258
v 0.186523 0.255859 0.487305
v 0.186523 0.255859 -0.487305
v 0.186523 0.257812 0.495117
v 0.186523 0.257812 -0.495117
v 0.186523 0.259766 0.491211
v 0.186523 0.259766 -0.491211
v 0.186523 0.265625 0.495117
v 0.186523 0.265625 0.499023
v 0.186523 0.265625 -0.495117
v 0.186523 0.265625 -0.499023
v 0.186523 0.275391 0.497070
v 0.186523 0.275391 0.499023
v 0.186523 0.275391 -0.497070
v 0.186523 0.275391 -0.499023
v 0.186523 0.298828 0.497070
v 0.186523 0.298828 0.499023
v 0.186523 0.298828 -0.497070
v 0.186523 0.298828 -0.499023
v 0.186523 0.308594 0.495117
v 0.186523 0.308594 0.499023
v 0.186523 0.308594 -0.495117
v 0.186523 0.308594 -0.499023
v 0.186523 0.314453 0.491211
v 0.186523 0.314453 -0.491211
v 0.186523 0.316406 0.495117
v 0.186523 0.316406 -0.495117
v 0.186523 0.318359 0.487305
v 0.186523 0.318359 -0.487305
v 0.186523 0.322266 0.469727
v 0.186523 0.322266 0.479492
v 0.186523 0.322266 0.489258
v 0.186523 0.322266 -0.469727
v 0.186523 0.322266 -0.479492
v 0.186523 0.322266 -0.489258
v 0.186523 0.326172 0.471680
v 0.186523 0.326172 0.481445
v 0.186523 0.326172 -0.471680
v 0.186523 0.326172 -0.481445
v 0.186523 0.021484 0.411133
v 0.186523 0.021484 0.422852
v 0.186523 0.021484 0.459961
v 0.186523 0.021484 -0.411133
v 0.186523 0.021484 -0.422852
v 0.186523 0.021484 -0.459961
v 0.186523 0.013672 0.422852
v 0.186523 0.013672 0.450195
v 0.186523 0.013672 0.461914
v 0.186523 0.013672 -0.422852
v 0.186523 0.013672 -0.450195
v 0.186523 0.013672 -0.459961
v 0.186523 0.005859 0.452148
v 0.186523 0.005859 -0.452148
v 0.188477 0.021484 0.422852
v 0.188477 0.021484 0.448242
v 0.188477 0.021484 0.459961
v 0.188477 0.021484 -0.422852
v 0.188477 0.021484 -0.448242
v 0.188477 0.021484 -0.459961
v 0.188477 0.013672 0.422852
v 0.188477 0.013672 0.450195
v 0.188477 0.013672 -0.422852
v 0.188477 0.013672 -0.450195
v 0.188477 0.013672 -0.461914
v 0.190430 0.021484 0.448242
v 0.190430 0.021484 -0.448242
v 0.196289 0.250000 0.471680
v 0.196289 0.250000 -0.471680
v 0.196289 0.251953 0.469727
v 0.196289 0.251953 -0.469727
v 0.196289 0.253906 0.479492
v 0.196289 0.253906 0.489258
v 0.196289 0.253906 -0.479492
v 0.196289 0.253906 -0.489258
v 0.196289 0.255859 0.487305
v 0.196289 0.255859 -0.487305
v 0.196289 0.257812 0.493164
v 0.196289 0.257812 -0.493164
v 0.196289 0.259766 0.491211
v 0.196289 0.259766 -0.491211
v 0.196289 0.265625 0.493164
v 0.196289 0.265625 -0.493164
v 0.196289 0.275391 0.495117
v 0.196289 0.275391 0.499023
v 0.196289 0.275391 -0.495117
v 0.196289 0.275391 -0.499023
v 0.196289 0.298828 0.495117
v 0.196289 0.298828 0.499023
v 0.196289 0.298828 -0.495117
v 0.196289 0.298828 -0.499023
v 0.196289 0.308594 0.493164
v 0.196289 0.308594 -0.493164
v 0.196289 0.314453 0.491211
v 0.196289 0.314453 -0.491211
v 0.196289 0.316406 0.493164
v 0.196289 0.316406 -0.493164
v 0.196289 0.318359 0.487305
v 0.196289 0.318359 -0.487305
v 0.196289 0.320312 0.479492
v 0.196289 0.320312 0.489258
v 0.196289 0.320312 -0.479492
v 0.196289 0.320312 -0.489258
v 0.196289 0.322266 0.469727
v 0.196289 0.322266 -0.469727
v 0.196289 0.326172 0.471680
v 0.196289 0.326172 -0.471680
v 0.198242 0.250000 0.481445
v 0.198242 0.250000 -0.481445
v 0.198242 0.265625 0.497070
v 0.198242 0.265625 -0.497070
v 0.198242 0.308594 0.497070
v 0.198242 0.308594 -0.497070
v 0.198242 0.324219 0.481445
v 0.198242 0.324219 -0.481445
v 0.202148 0.255859 0.469727
v 0.202148 0.255859 0.479492
v 0.202148 0.255859 -0.469727
v 0.202148 0.255859 -0.479492
v 0.202148 0.257812 0.485352
v 0.202148 0.257812 -0.485352
v 0.202148 0.261719 0.489258
v 0.202148 0.261719 -0.489258
v 0.202148 0.267578 0.491211
v 0.202148 0.267578 -0.491211
v 0.202148 0.275391 0.491211
v 0.202148 0.275391 -0.491211
v 0.202148 0.298828 0.491211
v 0.202148 0.298828 -0.491211
v 0.202148 0.308594 0.491211
v 0.202148 0.308594 -0.491211
v 0.202148 0.312500 0.489258
v 0.202148 0.312500 -0.489258
v 0.202148 0.316406 0.485352
v 0.202148 0.316406 -0.485352
v 0.202148 0.318359 0.469727
v 0.202148 0.318359 0.479492
v 0.202148 0.318359 -0.469727
v 0.202148 0.318359 -0.479492
v 0.204102 0.253906 0.481445
v 0.204102 0.253906 -0.481445
v 0.204102 0.255859 0.487305
v 0.204102 0.255859 -0.487305
v 0.204102 0.259766 0.491211
v 0.204102 0.259766 -0.491211
v 0.204102 0.261719 0.485352
v 0.204102 0.261719 -0.485352
v 0.204102 0.265625 0.493164
v 0.204102 0.265625 -0.493164
v 0.204102 0.308594 0.493164
v 0.204102 0.308594 -0.493164
v 0.204102 0.312500 0.485352
v 0.204102 0.312500 -0.485352
v 0.204102 0.314453 0.491211
v 0.204102 0.314453 -0.491211
v 0.204102 0.318359 0.487305
v 0.204102 0.318359 -0.487305
v 0.204102 0.320312 0.481445
v 0.204102 0.320312 -0.481445
v 0.206055 0.251953 0.471680
v 0.206055 0.251953 -0.471680
v 0.206055 0.259766 0.479492
v 0.206055 0.259766 -0.479492
v 0.206055 0.267578 0.487305
v 0.206055 0.267578 -0.487305
v 0.206055 0.275391 0.495117
v 0.206055 0.275391 -0.495117
v 0.206055 0.298828 0.495117
v 0.206055 0.298828 -0.495117
v 0.206055 0.308594 0.487305
v 0.206055 0.308594 -0.487305
v 0.206055 0.314453 0.479492
v 0.206055 0.314453 -0.479492
v 0.206055 0.322266 0.471680
v 0.206055 0.322266 -0.471680
v 0.208008 0.259766 0.469727
v 0.208008 0.259766 0.487305
v 0.208008 0.259766 -0.469727
v 0.208008 0.259766 -0.487305
v 0.208008 0.275391 0.487305
v 0.208008 0.275391 -0.487305
v 0.208008 0.298828 0.487305
v 0.208008 0.298828 -0.487305
v 0.208008 0.314453 0.469727
v 0.208008 0.314453 0.487305
v 0.208008 0.314453 -0.469727
v 0.208008 0.314453 -0.487305
v 0.209961 0.257812 0.471680
v 0.209961 0.257812 0.481445
v 0.209961 0.257812 -0.471680
v 0.209961 0.257812 -0.481445
v 0.209961 0.265625 0.469727
v 0.209961 0.265625 0.479492
v 0.209961 0.265625 0.489258
v 0.209961 0.265625 -0.469727
v 0.209961 0.265625 -0.479492
v 0.209961 0.265625 -0.489258
v 0.209961 0.275391 0.479492
v 0.209961 0.275391 0.489258
v 0.209961 0.275391 -0.479492
v 0.209961 0.275391 -0.489258
v 0.209961 0.298828 0.479492
v 0.209961 0.298828 0.489258
v 0.209961 0.298828 -0.479492
v 0.209961 0.298828 -0.489258
v 0.209961 0.308594 0.469727
v 0.209961 0.308594 0.479492
v 0.209961 0.308594 0.489258
v 0.209961 0.308594 -0.469727
v 0.209961 0.308594 -0.479492
v 0.209961 0.308594 -0.489258
v 0.209961 0.316406 0.471680
v 0.209961 0.316406 0.481445
v 0.209961 0.316406 -0.471680
v 0.209961 0.316406 -0.481445
v 0.211914 0.275391 0.469727
v 0.211914 0.275391 -0.469727
v 0.211914 0.298828 0.469727
v 0.211914 0.298828 -0.469727
v 0.213867 0.265625 0.471680
v 0.213867 0.265625 0.481445
v 0.213867 0.265625 -0.471680
v 0.213867 0.265625 -0.481445
v 0.213867 0.275391 0.481445
v 0.213867 0.275391 -0.481445
v 0.213867 0.298828 0.481445
v 0.213867 0.298828 -0.481445
v 0.213867 0.308594 0.471680
v 0.213867 0.308594 0.481445
v 0.213867 0.308594 -0.471680
v 0.213867 0.308594 -0.481445
v 0.215820 0.275391 0.471680
v 0.215820 0.275391 -0.471680
v 0.215820 0.298828 0.471680
v 0.215820 0.298828 -0.471680
v -0.083008 0.261719 0.393555
v -0.083008 0.261719 0.424805
v -0.083008 0.261719 -0.393555
v -0.083008 0.261719 -0.424805
v -0.083008 0.269531 0.391602
v -0.083008 0.269531 -0.391602
v -0.084961 0.261719 0.393555
v -0.084961 0.261719 -0.393555
v -0.084961 0.269531 0.391602
v -0.084961 0.269531 0.422852
v -0.084961 0.269531 -0.391602
v -0.084961 0.269531 -0.422852
v -0.084961 0.277344 0.389648
v -0.084961 0.277344 -0.389648
v -0.086914 0.261719 0.381836
v -0.086914 0.261719 0.422852
v -0.086914 0.261719 -0.381836
v -0.086914 0.261719 -0.383789
v -0.086914 0.261719 -0.422852
v -0.086914 0.269531 0.379883
v -0.086914 0.269531 0.422852
v -0.086914 0.269531 -0.379883
v -0.086914 0.269531 -0.381836
v -0.086914 0.269531 -0.422852
v -0.086914 0.275391 0.389648
v -0.086914 0.277344 0.422852
v -0.086914 0.277344 -0.389648
v -0.086914 0.277344 -0.422852
v -0.088867 0.261719 0.436523
v -0.088867 0.261719 -0.434570
v -0.088867 0.261719 -0.436523
v -0.088867 0.269531 0.379883
v -0.088867 0.269531 0.434570
v -0.088867 0.269531 -0.432617
v -0.088867 0.269531 -0.434570
v -0.088867 0.275391 0.377930
v -0.088867 0.275391 0.422852
v -0.088867 0.275391 -0.379883
v -0.088867 0.277344 -0.379883
v -0.088867 0.277344 -0.422852
v -0.088867 0.277344 -0.430664
v -0.090820 0.261719 0.434570
v -0.090820 0.269531 0.434570
v -0.090820 0.275391 0.379883
v -0.090820 0.275391 0.432617
v -0.090820 0.277344 -0.430664
v -0.090820 0.279297 0.387695
v -0.090820 0.281250 0.387695
v -0.090820 0.281250 -0.387695
v -0.092773 0.279297 0.377930
v -0.092773 0.279297 0.420898
v -0.092773 0.279297 -0.379883
v -0.092773 0.281250 0.420898
v -0.092773 0.281250 -0.377930
v -0.092773 0.281250 -0.422852
v -0.092773 0.283203 -0.422852
v -0.094727 0.261719 0.374023
v -0.094727 0.261719 -0.374023
v -0.094727 0.267578 0.374023
v -0.094727 0.269531 -0.374023
v -0.094727 0.269531 -0.375977
v -0.094727 0.275391 0.374023
v -0.094727 0.275391 -0.375977
v -0.094727 0.277344 0.379883
v -0.094727 0.277344 0.430664
v -0.094727 0.277344 -0.374023
v -0.094727 0.279297 0.432617
v -0.094727 0.279297 -0.430664
v -0.094727 0.281250 -0.430664
v -0.096680 0.261719 0.375977
v -0.096680 0.261719 -0.375977
v -0.096680 0.267578 0.375977
v -0.096680 0.269531 0.440430
v -0.096680 0.269531 -0.440430
v -0.096680 0.273438 0.375977
v -0.096680 0.275391 0.436523
v -0.096680 0.277344 -0.434570
v -0.096680 0.277344 -0.436523
v -0.098633 0.261719 0.440430
v -0.098633 0.261719 0.442383
v -0.098633 0.261719 -0.440430
v -0.098633 0.261719 -0.442383
v -0.098633 0.269531 0.438477
v -0.098633 0.269531 -0.438477
v -0.100586 0.277344 -0.374023
v -0.100586 0.277344 -0.375977
v -0.100586 0.279297 0.377930
v -0.100586 0.281250 0.377930
v -0.100586 0.281250 0.387695
v -0.100586 0.281250 -0.377930
v -0.100586 0.281250 -0.387695
v -0.100586 0.283203 0.387695
v -0.100586 0.283203 -0.387695
v -0.102539 0.269531 0.372070
v -0.102539 0.269531 -0.372070
v -0.102539 0.269531 -0.374023
v -0.102539 0.275391 0.375977
v -0.102539 0.277344 0.374023
v -0.102539 0.279297 0.432617
v -0.102539 0.279297 -0.432617
v -0.102539 0.281250 0.420898
v -0.102539 0.281250 0.432617
v -0.102539 0.281250 -0.420898
v -0.102539 0.281250 -0.432617
v -0.102539 0.283203 0.420898
v -0.102539 0.283203 -0.420898
v -0.104492 0.261719 0.370117
v -0.104492 0.261719 0.372070
v -0.104492 0.261719 -0.370117
v -0.104492 0.261719 -0.372070
v -0.104492 0.269531 0.374023
v -0.104492 0.275391 0.436523
v -0.104492 0.277344 0.438477
v -0.104492 0.277344 -0.436523
v -0.104492 0.277344 -0.438477
v -0.106445 0.269531 0.440430
v -0.106445 0.269531 0.442383
v -0.106445 0.269531 -0.440430
v -0.106445 0.269531 -0.442383
v -0.108398 0.261719 0.442383
v -0.108398 0.261719 0.444336
v -0.108398 0.261719 -0.442383
v -0.108398 0.261719 -0.444336
v -0.112305 0.113281 0.395508
v -0.112305 0.113281 -0.395508
v -0.112305 0.080078 0.395508
v -0.112305 0.080078 -0.395508
v -0.112305 0.021484 0.422852
v -0.112305 0.021484 -0.422852
v -0.114258 0.113281 0.393555
v -0.114258 0.113281 0.395508
v -0.114258 0.113281 -0.393555
v -0.114258 0.113281 -0.395508
v -0.114258 0.080078 0.393555
v -0.114258 0.080078 0.395508
v -0.114258 0.080078 -0.393555
v -0.114258 0.080078 -0.395508
v -0.114258 0.021484 0.452148
v -0.114258 0.021484 -0.452148
v -0.116211 0.119141 0.397461
v -0.116211 0.119141 0.399414
v -0.116211 0.119141 -0.397461
v -0.116211 0.119141 -0.399414
v -0.116211 0.113281 0.399414
v -0.116211 0.113281 -0.399414
v -0.116211 0.080078 0.399414
v -0.116211 0.080078 -0.399414
v -0.116211 0.074219 0.397461
v -0.116211 0.074219 0.399414
v -0.116211 0.074219 -0.397461
v -0.116211 0.074219 -0.399414
v -0.116211 0.021484 0.409180
v -0.116211 0.021484 0.422852
v -0.116211 0.021484 0.452148
v -0.116211 0.021484 -0.411133
v -0.116211 0.021484 -0.422852
v -0.116211 0.021484 -0.452148
v -0.116211 0.013672 0.422852
v -0.116211 0.013672 -0.422852
v -0.118164 0.117188 0.399414
v -0.118164 0.117188 -0.399414
v -0.118164 0.076172 0.399414
v -0.118164 0.076172 -0.399414
v -0.118164 0.021484 0.411133
v -0.118164 0.021484 -0.411133
v -0.118164 0.013672 0.411133
v -0.118164 0.013672 0.422852
v -0.118164 0.013672 0.454102
v -0.118164 0.013672 -0.411133
v -0.118164 0.013672 -0.454102
v -0.120117 0.021484 0.463867
v -0.120117 0.021484 -0.463867
v -0.120117 0.013672 0.411133
v -0.120117 0.013672 0.454102
v -0.120117 0.013672 -0.413086
v -0.120117 0.013672 -0.454102
v -0.120117 0.005859 0.422852
v -0.120117 0.005859 -0.422852
v -0.120117 0.005859 -0.456055
v -0.122070 0.123047 0.403320
v -0.122070 0.123047 -0.403320
v -0.122070 0.119141 0.403320
v -0.122070 0.119141 -0.403320
v -0.122070 0.074219 0.403320
v -0.122070 0.074219 -0.403320
v -0.122070 0.072266 0.403320
v -0.122070 0.072266 -0.403320
v -0.122070 0.021484 0.463867
v -0.122070 0.013672 0.465820
v -0.122070 0.013672 -0.465820
v -0.122070 0.007812 0.422852
v -0.122070 0.007812 -0.422852
v -0.122070 0.007812 -0.454102
v -0.122070 0.005859 0.411133
v -0.122070 0.005859 0.456055
v -0.122070 0.005859 -0.413086
v -0.124023 0.013672 0.463867
v -0.124023 0.013672 -0.463867
v -0.124023 0.007812 0.413086
v -0.124023 0.007812 0.456055
v -0.124023 0.007812 -0.413086
v -0.124023 0.005859 -0.463867
v -0.125977 0.021484 0.401367
v -0.125977 0.021484 0.403320
v -0.125977 0.021484 -0.401367
v -0.125977 0.007812 0.463867
v -0.125977 0.007812 -0.461914
v -0.125977 0.005859 0.463867
v -0.125977 0.001953 0.422852
v -0.127930 0.123047 0.411133
v -0.127930 0.123047 -0.411133
v -0.127930 0.121094 0.411133
v -0.127930 0.121094 -0.411133
v -0.127930 0.072266 0.411133
v -0.127930 0.072266 -0.411133
v -0.127930 0.070312 0.411133
v -0.127930 0.070312 -0.411133
v -0.127930 0.021484 -0.403320
v -0.127930 0.013672 0.403320
v -0.127930 0.013672 0.405273
v -0.127930 0.013672 -0.403320
v -0.127930 0.013672 -0.405273
v -0.127930 0.005859 0.407227
v -0.127930 0.005859 -0.407227
v -0.127930 0.003906 0.413086
v -0.127930 0.003906 -0.413086
v -0.127930 0.003906 -0.422852
v -0.127930 0.001953 0.411133
v -0.127930 0.001953 0.422852
v -0.127930 0.001953 -0.413086
v -0.127930 0.001953 -0.422852
v -0.127930 0.000000 0.456055
v -0.129883 0.021484 0.469727
v -0.129883 0.021484 0.471680
v -0.129883 0.021484 -0.469727
v -0.129883 0.013672 0.467773
v -0.129883 0.013672 0.469727
v -0.129883 0.013672 -0.471680
v -0.129883 0.007812 0.407227
v -0.129883 0.007812 -0.407227
v -0.129883 0.005859 0.467773
v -0.129883 0.005859 -0.467773
v -0.129883 0.003906 -0.461914
v -0.129883 0.001953 0.456055
v -0.129883 0.001953 0.465820
v -0.129883 0.001953 -0.454102
v -0.129883 0.001953 -0.463867
v -0.129883 0.000000 -0.456055
v -0.131836 0.013672 -0.469727
v -0.131836 0.007812 0.465820
v -0.131836 0.007812 -0.465820
v -0.131836 0.003906 0.463867
v -0.133789 0.261719 0.370117
v -0.133789 0.261719 0.372070
v -0.133789 0.261719 -0.370117
v -0.133789 0.261719 -0.372070
v -0.133789 0.269531 0.372070
v -0.133789 0.269531 0.374023
v -0.133789 0.269531 -0.372070
v -0.133789 0.269531 -0.374023
v -0.133789 0.277344 0.374023
v -0.133789 0.277344 0.375977
v -0.133789 0.277344 -0.374023
v -0.133789 0.277344 -0.375977
v -0.133789 0.281250 0.379883
v -0.133789 0.281250 0.387695
v -0.133789 0.281250 -0.377930
v -0.133789 0.281250 -0.387695
v -0.133789 0.283203 0.377930
v -0.133789 0.283203 0.387695
v -0.133789 0.283203 -0.387695
v -0.135742 0.261719 0.442383
v -0.135742 0.261719 -0.442383
v -0.135742 0.269531 0.440430
v -0.135742 0.269531 0.442383
v -0.135742 0.269531 -0.440430
v -0.135742 0.269531 -0.442383
v -0.135742 0.275391 0.436523
v -0.135742 0.275391 -0.436523
v -0.135742 0.277344 0.438477
v -0.135742 0.277344 -0.438477
v -0.135742 0.279297 0.430664
v -0.135742 0.279297 -0.430664
v -0.135742 0.281250 0.420898
v -0.135742 0.281250 0.432617
v -0.135742 0.281250 -0.420898
v -0.135742 0.281250 -0.432617
v -0.135742 0.283203 0.420898
v -0.135742 0.283203 -0.420898
v -0.135742 0.123047 0.416992
v -0.135742 0.123047 -0.416992
v -0.135742 0.119141 0.416992
v -0.135742 0.119141 -0.416992
v -0.135742 0.074219 0.416992
v -0.135742 0.074219 -0.416992
v -0.135742 0.072266 0.416992
v -0.135742 0.072266 -0.416992
v -0.135742 0.021484 0.399414
v -0.135742 0.021484 0.401367
v -0.135742 0.021484 -0.399414
v -0.135742 0.021484 -0.401367
v -0.135742 0.013672 0.401367
v -0.135742 0.013672 0.403320
v -0.135742 0.013672 -0.401367
v -0.135742 0.013672 -0.403320
v -0.135742 0.007812 0.407227
v -0.135742 0.007812 -0.407227
v -0.135742 0.005859 0.405273
v -0.135742 0.005859 -0.405273
v -0.135742 0.003906 0.411133
v -0.135742 0.003906 -0.411133
v -0.135742 0.001953 0.411133
v -0.135742 0.001953 -0.411133
v -0.137695 0.261719 0.444336
v -0.137695 0.261719 -0.444336
v -0.137695 0.021484 0.471680
v -0.137695 0.021484 0.473633
v -0.137695 0.021484 -0.471680
v -0.137695 0.021484 -0.473633
v -0.137695 0.013672 0.471680
v -0.137695 0.001953 0.422852
v -0.137695 0.001953 0.456055
v -0.137695 0.001953 -0.422852
v -0.137695 0.001953 -0.456055
v -0.137695 0.000000 0.422852
v -0.137695 0.000000 0.456055
v -0.137695 0.000000 -0.422852
v -0.137695 0.000000 -0.456055
v -0.139648 0.119141 0.422852
v -0.139648 0.119141 -0.422852
v -0.139648 0.117188 0.420898
v -0.139648 0.117188 -0.420898
v -0.139648 0.113281 0.424805
v -0.139648 0.113281 -0.424805
v -0.139648 0.080078 0.424805
v -0.139648 0.080078 -0.424805
v -0.139648 0.076172 0.420898
v -0.139648 0.076172 -0.420898
v -0.139648 0.074219 0.422852
v -0.139648 0.074219 -0.422852
v -0.139648 0.013672 0.469727
v -0.139648 0.013672 -0.471680
v -0.139648 0.013672 -0.473633
v -0.139648 0.007812 -0.467773
v -0.139648 0.005859 0.467773
v -0.139648 0.005859 0.469727
v -0.139648 0.005859 -0.469727
v -0.139648 0.001953 0.463867
v -0.139648 0.001953 -0.463867
v -0.139648 0.000000 0.465820
v -0.139648 0.000000 -0.463867
v -0.141602 0.117188 0.422852
v -0.141602 0.117188 -0.422852
v -0.141602 0.113281 0.420898
v -0.141602 0.113281 0.424805
v -0.141602 0.113281 -0.420898
v -0.141602 0.113281 -0.424805
v -0.141602 0.080078 0.420898
v -0.141602 0.080078 0.424805
v -0.141602 0.080078 -0.420898
v -0.141602 0.080078 -0.424805
v -0.141602 0.076172 0.422852
v -0.141602 0.076172 -0.422852
v -0.143555 0.261719 0.374023
v -0.143555 0.261719 -0.374023
v -0.143555 0.269531 0.374023
v -0.143555 0.269531 0.375977
v -0.143555 0.269531 -0.375977
v -0.143555 0.275391 -0.377930
v -0.143555 0.277344 0.375977
v -0.143555 0.277344 0.377930
v -0.143555 0.277344 -0.375977
v -0.143555 0.279297 0.379883
v -0.143555 0.279297 -0.379883
v -0.143555 0.281250 0.379883
v -0.143555 0.281250 0.387695
v -0.143555 0.113281 0.422852
v -0.143555 0.113281 -0.422852
v -0.143555 0.080078 0.422852
v -0.143555 0.080078 -0.422852
v -0.145508 0.261719 0.372070
v -0.145508 0.261719 -0.372070
v -0.145508 0.269531 -0.374023
v -0.145508 0.275391 0.434570
v -0.145508 0.275391 -0.434570
v -0.145508 0.279297 0.420898
v -0.145508 0.279297 0.430664
v -0.145508 0.279297 -0.420898
v -0.145508 0.279297 -0.430664
v -0.145508 0.281250 0.387695
v -0.145508 0.281250 -0.387695
v -0.147461 0.261719 0.440430
v -0.147461 0.261719 0.442383
v -0.147461 0.261719 -0.440430
v -0.147461 0.269531 0.438477
v -0.147461 0.269531 -0.438477
v -0.147461 0.277344 0.436523
v -0.147461 0.277344 -0.436523
v -0.147461 0.279297 0.430664
v -0.147461 0.279297 -0.430664
v -0.147461 0.281250 0.420898
v -0.147461 0.281250 -0.420898
v -0.149414 0.261719 -0.442383
v -0.149414 0.275391 0.381836
v -0.149414 0.275391 0.389648
v -0.149414 0.275391 -0.381836
v -0.149414 0.275391 -0.389648
v -0.149414 0.277344 0.381836
v -0.149414 0.277344 -0.381836
v -0.151367 0.269531 0.381836
v -0.151367 0.269531 -0.381836
v -0.151367 0.275391 0.420898
v -0.151367 0.275391 0.428711
v -0.151367 0.275391 -0.420898
v -0.151367 0.275391 -0.428711
v -0.151367 0.277344 0.389648
v -0.151367 0.277344 -0.389648
v -0.153320 0.261719 0.383789
v -0.153320 0.261719 -0.383789
v -0.153320 0.269531 0.381836
v -0.153320 0.269531 0.391602
v -0.153320 0.269531 0.430664
v -0.153320 0.269531 -0.381836
v -0.153320 0.269531 -0.391602
v -0.153320 0.269531 -0.430664
v -0.153320 0.275391 0.430664
v -0.153320 0.275391 -0.428711
v -0.153320 0.277344 0.420898
v -0.153320 0.277344 -0.420898
v -0.155273 0.261719 0.381836
v -0.155273 0.261719 0.393555
v -0.155273 0.261719 0.430664
v -0.155273 0.261719 -0.381836
v -0.155273 0.261719 -0.393555
v -0.155273 0.261719 -0.430664
v -0.155273 0.269531 0.391602
v -0.155273 0.269531 0.420898
v -0.155273 0.269531 0.430664
v -0.155273 0.269531 -0.391602
v -0.155273 0.269531 -0.420898
v -0.155273 0.269531 -0.430664
v -0.157227 0.261719 0.420898
v -0.157227 0.261719 0.430664
v -0.157227 0.261719 -0.420898
v -0.157227 0.261719 -0.430664
v -0.157227 0.269531 0.420898
v -0.157227 0.269531 -0.420898
v -0.159180 0.261719 0.393555
v -0.159180 0.261719 0.420898
v -0.159180 0.261719 -0.393555
v -0.159180 0.261719 -0.420898
v -0.163086 0.021484 0.401367
v -0.163086 0.021484 -0.401367
v -0.165039 0.021484 0.399414
v -0.165039 0.021484 -0.399414
v -0.165039 0.013672 0.403320
v -0.165039 0.013672 -0.403320
v -0.166992 0.021484 0.469727
v -0.166992 0.021484 0.473633
v -0.166992 0.021484 -0.469727
v -0.166992 0.021484 -0.473633
v -0.166992 0.013672 0.401367
v -0.166992 0.013672 -0.401367
v -0.166992 0.007812 0.407227
v -0.166992 0.007812 -0.407227
v -0.166992 0.005859 0.405273
v -0.166992 0.005859 -0.405273
v -0.168945 0.013672 0.469727
v -0.168945 0.013672 0.471680
v -0.168945 0.013672 -0.469727
v -0.168945 0.013672 -0.471680
v -0.168945 0.003906 0.411133
v -0.168945 0.003906 -0.411133
v -0.168945 0.001953 0.411133
v -0.168945 0.001953 -0.411133
v -0.170898 0.005859 0.465820
v -0.170898 0.005859 0.467773
v -0.170898 0.005859 -0.465820
v -0.170898 0.005859 -0.467773
v -0.170898 0.001953 0.422852
v -0.170898 0.001953 0.456055
v -0.170898 0.001953 0.463867
v -0.170898 0.001953 -0.422852
v -0.170898 0.001953 -0.456055
v -0.170898 0.001953 -0.463867
v -0.170898 0.000000 0.422852
v -0.170898 0.000000 0.456055
v -0.170898 0.000000 -0.422852
v -0.170898 0.000000 -0.456055
v -0.170898 0.000000 -0.463867
v -0.174805 0.021484 0.403320
v -0.174805 0.021484 -0.403320
v -0.176758 0.021484 0.401367
v -0.176758 0.021484 -0.401367
v -0.176758 0.013672 0.403320
v -0.176758 0.013672 0.405273
v -0.176758 0.013672 -0.403320
v -0.176758 0.013672 -0.405273
v -0.176758 0.007812 0.407227
v -0.176758 0.007812 0.409180
v -0.176758 0.007812 -0.407227
v -0.176758 0.007812 -0.409180
v -0.178711 0.021484 0.467773
v -0.178711 0.021484 0.469727
v -0.178711 0.021484 -0.467773
v -0.178711 0.021484 -0.469727
v -0.178711 0.013672 0.467773
v -0.178711 0.013672 -0.467773
v -0.178711 0.007812 0.463867
v -0.178711 0.007812 -0.463867
v -0.178711 0.003906 0.413086
v -0.178711 0.003906 0.422852
v -0.178711 0.003906 -0.413086
v -0.178711 0.003906 -0.422852
v -0.180664 0.013672 0.469727
v -0.180664 0.013672 -0.469727
v -0.180664 0.005859 0.465820
v -0.180664 0.005859 -0.465820
v -0.180664 0.003906 0.454102
v -0.180664 0.003906 0.461914
v -0.180664 0.003906 -0.459961
v -0.180664 0.001953 0.422852
v -0.180664 0.001953 -0.422852
v -0.180664 0.001953 -0.454102
v -0.180664 0.001953 -0.461914
v -0.182617 0.013672 0.413086
v -0.182617 0.013672 -0.413086
v -0.182617 0.007812 0.413086
v -0.182617 0.007812 0.422852
v -0.182617 0.007812 0.459961
v -0.182617 0.007812 -0.413086
v -0.182617 0.007812 -0.415039
v -0.182617 0.007812 -0.422852
v -0.182617 0.007812 -0.459961
v -0.182617 0.001953 0.454102
v -0.182617 0.001953 -0.454102
v -0.184570 0.021484 0.411133
v -0.184570 0.021484 -0.411133
v -0.184570 0.013672 0.411133
v -0.184570 0.013672 0.459961
v -0.184570 0.013672 -0.411133
v -0.184570 0.007812 0.452148
v -0.184570 0.007812 0.461914
v -0.184570 0.007812 -0.452148
v -0.184570 0.005859 0.422852
v -0.184570 0.005859 -0.422852
v -0.184570 0.005859 -0.459961
v -0.186523 0.248047 0.471680
v -0.186523 0.248047 -0.471680
v -0.186523 0.250000 0.481445
v -0.186523 0.250000 -0.481445
v -0.186523 0.251953 0.469727
v -0.186523 0.251953 0.479492
v -0.186523 0.251953 0.489258
v -0.186523 0.251953 -0.469727
v -0.186523 0.251953 -0.479492
v -0.186523 0.251953 -0.489258
v -0.186523 0.255859 0.487305
v -0.186523 0.255859 -0.487305
v -0.186523 0.257812 0.495117
v -0.186523 0.257812 -0.495117
v -0.186523 0.259766 0.491211
v -0.186523 0.259766 -0.491211
v -0.186523 0.265625 0.495117
v -0.186523 0.265625 0.499023
v -0.186523 0.265625 -0.495117
v -0.186523 0.265625 -0.499023
v -0.186523 0.275391 0.497070
v -0.186523 0.275391 0.499023
v -0.186523 0.275391 -0.497070
v -0.186523 0.275391 -0.499023
v -0.186523 0.298828 0.497070
v -0.186523 0.298828 0.499023
v -0.186523 0.298828 -0.497070
v -0.186523 0.298828 -0.499023
v -0.186523 0.308594 0.495117
v -0.186523 0.308594 0.499023
v -0.186523 0.308594 -0.495117
v -0.186523 0.308594 -0.499023
v -0.186523 0.314453 0.491211
v -0.186523 0.314453 -0.491211
v -0.186523 0.316406 0.495117
v -0.186523 0.316406 -0.495117
v -0.186523 0.318359 0.487305
v -0.186523 0.318359 -0.487305
v -0.186523 0.322266 0.469727
v -0.186523 0.322266 0.479492
v -0.186523 0.322266 0.489258
v -0.186523 0.322266 -0.469727
v -0.186523 0.322266 -0.479492
v -0.186523 0.322266 -0.489258
v -0.186523 0.326172 0.471680
v -0.186523 0.326172 0.481445
v -0.186523 0.326172 -0.471680
v -0.186523 0.326172 -0.481445
v -0.186523 0.021484 0.411133
v -0.186523 0.021484 0.422852
v -0.186523 0.021484 0.459961
v -0.186523 0.021484 -0.411133
v -0.186523 0.021484 -0.422852
v -0.186523 0.021484 -0.459961
v -0.186523 0.013672 0.422852
v -0.186523 0.013672 0.450195
v -0.186523 0.013672 0.461914
v -0.186523 0.013672 -0.422852
v -0.186523 0.013672 -0.450195
v -0.186523 0.013672 -0.459961
v -0.186523 0.005859 0.452148
v -0.186523 0.005859 -0.452148
v -0.188477 0.021484 0.422852
v -0.188477 0.021484 0.448242
v -0.188477 0.021484 0.459961
v -0.188477 0.021484 -0.422852
v -0.188477 0.021484 -0.448242
v -0.188477 0.021484 -0.459961
v -0.188477 0.013672 0.422852
v -0.188477 0.013672 0.450195
v -0.188477 0.013672 -0.422852
v -0.188477 0.013672 -0.450195
v -0.188477 0.013672 -0.461914
v -0.190430 0.021484 0.448242
v -0.190430 0.021484 -0.448242
v -0.196289 0.250000 0.471680
v -0.196289 0.250000 -0.471680
v -0.196289 0.251953 0.469727
v -0.196289 0.251953 -0.469727
v -0.196289 0.253906 0.479492
v -0.196289 0.253906 0.489258
v -0.196289 0.253906 -0.479492
v -0.196289 0.253906 -0.489258
v -0.196289 0.255859 0.487305
v -0.196289 0.255859 -0.487305
v -0.196289 0.257812 0.493164
v -0.196289 0.257812 -0.493164
v -0.196289 0.259766 0.491211
v -0.196289 0.259766 -0.491211
v -0.196289 0.265625 0.493164
v -0.196289 0.265625 -0.493164
v -0.196289 0.275391 0.495117
v -0.196289 0.275391 0.499023
v -0.196289 0.275391 -0.495117
v -0.196289 0.275391 -0.499023
v -0.196289 0.298828 0.495117
v -0.196289 0.298828 0.499023
v -0.196289 0.298828 -0.495117
v -0.196289 0.298828 -0.499023
v -0.196289 0.308594 0.493164
v -0.196289 0.308594 -0.493164
v -0.196289 0.314453 0.491211
v -0.196289 0.314453 -0.491211
v -0.196289 0.316406 0.493164
v -0.196289 0.316406 -0.493164
v -0.196289 0.318359 0.487305
v -0.196289 0.318359 -0.487305
v -0.196289 0.320312 0.479492
v -0.196289 0.320312 0.489258
v -0.196289 0.320312 -0.479492
v -0.196289 0.320312 -0.489258
v -0.196289 0.322266 0.469727
v -0.196289 0.322266 -0.469727
v -0.196289 0.326172 0.471680
v -0.196289 0.326172 -0.471680
v -0.198242 0.250000 0.481445
v -0.198242 0.250000 -0.481445
v -0.198242 0.265625 0.497070
v -0.198242 0.265625 -0.497070
v -0.198242 0.308594 0.497070
v -0.198242 0.308594 -0.497070
v -0.198242 0.324219 0.481445
v -0.198242 0.324219 -0.481445
v -0.202148 0.255859 0.469727
v -0.202148 0.255859 0.479492
v -0.202148 0.255859 -0.469727
v -0.202148 0.255859 -0.479492
v -0.202148 0.257812 0.485352
v -0.202148 0.257812 -0.485352
v -0.202148 0.261719 0.489258
v -0.202148 0.261719 -0.489258
v -0.202148 0.267578 0.491211
v -0.202148 0.267578 -0.491211
v -0.202148 0.275391 0.491211
v -0.202148 0.275391 -0.491211
v -0.202148 0.298828 0.491211
v -0.202148 0.298828 -0.491211
v -0.202148 0.308594 0.491211
v -0.202148 0.308594 -0.491211
v -0.202148 0.312500 0.489258
v -0.202148 0.312500 -0.489258
v -0.202148 0.316406 0.485352
v -0.202148 0.316406 -0.485352
v -0.202148 0.318359 0.469727
v -0.202148 0.318359 0.479492
v -0.202148 0.318359 -0.469727
v -0.202148 0.318359 -0.479492
v -0.204102 0.253906 0.481445
v -0.204102 0.253906 -0.481445
v -0.204102 0.255859 0.487305
v -0.204102 0.255859 -0.487305
v -0.204102 0.259766 0.491211
v -0.204102 0.259766 -0.491211
v -0.204102 0.261719 0.485352
v -0.204102 0.261719 -0.485352
v -0.204102 0.265625 0.493164
v -0.204102 0.265625 -0.493164
v -0.204102 0.308594 0.493164
v -0.204102 0.308594 -0.493164
v -0.204102 0.312500 0.485352
v -0.204102 0.312500 -0.485352
v -0.204102 0.314453 0.491211
v -0.204102 0.314453 -0.491211
v -0.204102 0.318359 0.487305
v -0.204102 0.318359 -0.487305
v -0.204102 0.320312 0.481445
v -0.204102 0.320312 -0.481445
v -0.206055 0.251953 0.471680
v -0.206055 0.251953 -0.471680
v -0.206055 0.259766 0.479492
v -0.206055 0.259766 -0.479492
v -0.206055 0.267578 0.487305
v -0.206055 0.267578 -0.487305
v -0.206055 0.275391 0.495117
v -0.206055 0.275391 -0.495117
v -0.206055 0.298828 0.495117
v -0.206055 0.298828 -0.495117
v -0.206055 0.308594 0.487305
v -0.206055 0.308594 -0.487305
v -0.206055 0.314453 0.479492
v -0.206055 0.314453 -0.479492
v -0.206055 0.322266 0.471680
v -0.206055 0.322266 -0.471680
v -0.208008 0.259766 0.469727
v -0.208008 0.259766 0.487305
v -0.208008 0.259766 -0.469727
v -0.208008 0.259766 -0.487305
v -0.208008 0.275391 0.487305
v -0.208008 0.275391 -0.487305
v -0.208008 0.298828 0.487305
v -0.208008 0.298828 -0.487305
v -0.208008 0.314453 0.469727
v -0.208008 0.314453 0.487305
v -0.208008 0.314453 -0.469727
v -0.208008 0.314453 -0.487305
v -0.209961 0.257812 0.471680
v -0.209961 0.257812 0.481445
v -0.209961 0.257812 -0.471680
v -0.209961 0.257812 -0.481445
v -0.209961 0.265625 0.469727
v -0.209961 0.265625 0.479492
v -0.209961 0.265625 0.489258
v -0.209961 0.265625 -0.469727
v -0.209961 0.265625 -0.479492
v -0.209961 0.265625 -0.489258
v -0.209961 0.275391 0.479492
v -0.209961 0.275391 0.489258
v -0.209961 0.275391 -0.479492
v -0.209961 0.275391 -0.489258
v -0.209961 0.298828 0.479492
v -0.209961 0.298828 0.489258
v -0.209961 0.298828 -0.479492
v -0.209961 0.298828 -0.489258
v -0.209961 0.308594 0.469727
v -0.209961 0.308594 0.479492
v -0.209961 0.308594 0.489258
v -0.209961 0.308594 -0.469727
v -0.209961 0.308594 -0.479492
v -0.209961 0.308594 -0.489258
v -0.209961 0.316406 0.471680
v -0.209961 0.316406 0.481445
v -0.209961 0.316406 -0.471680
v -0.209961 0.316406 -0.481445
v -0.211914 0.275391 0.469727
v -0.211914 0.275391 -0.469727
v -0.211914 0.298828 0.469727
v -0.211914 0.298828 -0.469727
v -0.213867 0.265625 0.471680
v -0.213867 0.265625 0.481445
v -0.213867 0.265625 -0.471680
v -0.213867 0.265625 -0.481445
v -0.213867 0.275391 0.481445
v -0.213867 0.275391 -0.481445
v -0.213867 0.298828 0.481445
v -0.213867 0.298828 -0.481445
v -0.213867 0.308594 0.471680
v -0.213867 0.308594 0.481445
v -0.213867 0.308594 -0.471680
v -0.213867 0.308594 -0.481445
v -0.215820 0.275391 0.471680
v -0.215820 0.275391 -0.471680
v -0.215820 0.298828 0.471680
v -0.215820 0.298828 -0.471680
vt 0.988770 0.129150
vt 0.982666 0.124756
vt 0.988281 0.125488
vt 0.988037 0.010254
vt 0.983154 0.128418
vt 0.988525 0.131836
vt 0.983643 0.132324
vt 0.970215 0.126953
vt 0.969971 0.130615
vt 0.970703 0.123291
vt 0.964844 0.126221
vt 0.965332 0.122559
vt 0.964844 0.007324
vt 0.970459 0.008057
vt 0.965332 0.003662
vt 0.969971 0.004150
vt 0.983398 0.009521
vt 0.988525 0.006348
vt 0.983887 0.005859
vt 0.988770 0.003662
vt 0.984375 0.002197
vt 0.969482 0.000488
vt 0.962646 0.615234
vt 0.960449 0.612549
vt 0.967041 0.613281
vt 0.967041 0.617432
vt 0.964111 0.617432
vt 0.966064 0.619385
vt 0.963623 0.622070
vt 0.961182 0.620850
vt 0.984863 0.590332
vt 0.979004 0.586914
vt 0.985596 0.586914
vt 0.980957 0.478516
vt 0.988281 0.478760
vt 0.987061 0.474854
vt 0.981689 0.474854
vt 0.982422 0.472168
vt 0.986328 0.471436
vt 0.984375 0.469727
vt 0.979004 0.469727
vt 0.980957 0.467041
vt 0.814941 0.950684
vt 0.815430 0.946777
vt 0.821045 0.946045
vt 0.815918 0.831787
vt 0.820557 0.949951
vt 0.815430 0.954346
vt 0.820068 0.953613
vt 0.834717 0.951904
vt 0.835205 0.954590
vt 0.835205 0.947998
vt 0.839355 0.951172
vt 0.838867 0.947510
vt 0.834717 0.944336
vt 0.820557 0.831299
vt 0.815430 0.828125
vt 0.838379 0.943848
vt 0.842529 0.947021
vt 0.838867 0.828857
vt 0.834229 0.829346
vt 0.839355 0.825195
vt 0.834717 0.825684
vt 0.821045 0.827393
vt 0.814941 0.824463
vt 0.820557 0.823730
vt 0.835205 0.821777
vt 0.929199 0.661865
vt 0.925781 0.661865
vt 0.925781 0.657715
vt 0.203125 0.748779
vt 0.203125 0.743164
vt 0.204834 0.744141
vt 0.903076 0.608887
vt 0.903809 0.605469
vt 0.905518 0.609863
vt 0.907715 0.606201
vt 0.903076 0.610840
vt 0.912109 0.609375
vt 0.915283 0.606934
vt 0.908936 0.611816
vt 0.906006 0.614258
vt 0.915283 0.623535
vt 0.955078 0.627930
vt 0.959717 0.628174
vt 0.955811 0.632568
vt 0.960449 0.632812
vt 0.940186 0.627930
vt 0.954834 0.648438
vt 0.960449 0.648682
vt 0.959229 0.654297
vt 0.939941 0.631592
vt 0.935547 0.628418
vt 0.934326 0.632080
vt 0.934326 0.646973
vt 0.938965 0.647461
vt 0.935059 0.651855
vt 0.939697 0.653076
vt 0.955322 0.654053
vt 0.955322 0.656738
vt 0.940430 0.655762
vt 0.344482 0.970215
vt 0.339111 0.967773
vt 0.344971 0.966797
vt 0.339111 0.868652
vt 0.951904 0.596191
vt 0.952393 0.592285
vt 0.957764 0.591553
vt 0.951172 0.477295
vt 0.956787 0.476562
vt 0.951660 0.473389
vt 0.957275 0.472656
vt 0.971680 0.589844
vt 0.971680 0.474609
vt 0.971924 0.470947
vt 0.956787 0.468994
vt 0.972412 0.467041
vt 0.978271 0.467285
vt 0.977539 0.470215
vt 0.977051 0.474121
vt 0.978271 0.589111
vt 0.977783 0.593018
vt 0.972168 0.593750
vt 0.978271 0.596680
vt 0.957275 0.595459
vt 0.972656 0.597412
vt 0.957031 0.599365
vt 0.751709 0.886475
vt 0.751709 0.870605
vt 0.754395 0.885986
vt 0.002441 0.987061
vt 0.000488 0.984375
vt 0.005127 0.982666
vt 0.007080 0.985107
vt 0.008301 0.982910
vt 0.011719 0.983887
vt 0.012939 0.979980
vt 0.003662 0.978760
vt 0.009521 0.979004
vt 0.003662 0.974854
vt 0.009521 0.975098
vt 0.000488 0.868652
vt 0.005615 0.868652
vt 0.702637 0.978516
vt 0.687988 0.976318
vt 0.688477 0.972656
vt 0.703369 0.974854
vt 0.688965 0.968994
vt 0.684814 0.972168
vt 0.684570 0.968506
vt 0.685791 0.853271
vt 0.702881 0.970947
vt 0.707764 0.975586
vt 0.708496 0.971924
vt 0.709717 0.856689
vt 0.690430 0.853760
vt 0.686279 0.849609
vt 0.704102 0.855713
vt 0.709229 0.852783
vt 0.689941 0.850098
vt 0.686768 0.846680
vt 0.683838 0.846436
vt 0.690430 0.846436
vt 0.704590 0.852051
vt 0.709717 0.849121
vt 0.705322 0.848389
vt 0.929932 0.619629
vt 0.932617 0.621338
vt 0.929932 0.625977
vt 0.948242 0.440918
vt 0.945068 0.437744
vt 0.948486 0.435547
vt 0.943604 0.440918
vt 0.950928 0.438965
vt 0.946777 0.444092
vt 0.949463 0.444824
vt 0.952393 0.444092
vt 0.954102 0.437256
vt 0.955811 0.443604
vt 0.952393 0.449463
vt 0.948242 0.449219
vt 0.945801 0.448486
vt 0.943604 0.460938
vt 0.946289 0.460693
vt 0.121338 0.980469
vt 0.114746 0.979980
vt 0.101318 0.880615
vt 0.107666 0.881104
vt 0.107422 0.877686
vt 0.101562 0.876709
vt 0.102295 0.873291
vt 0.106445 0.873535
vt 0.112061 0.876953
vt 0.109619 0.872803
vt 0.103760 0.871094
vt 0.098633 0.871582
vt 0.100098 0.868652
vt 0.107422 0.869629
vt 0.121338 0.868652
vt 0.389893 0.949951
vt 0.392090 0.952637
vt 0.387939 0.951904
vt 0.390137 0.954590
vt 0.392578 0.955811
vt 0.390381 0.961182
vt 0.387939 0.958496
vt 0.391113 0.869873
vt 0.393555 0.868652
vt 0.393555 0.881348
vt 0.762695 0.960449
vt 0.766846 0.960449
vt 0.763184 0.963135
vt 0.764893 0.966309
vt 0.256348 0.848145
vt 0.256348 0.963135
vt 0.251709 0.848633
vt 0.761230 0.937500
vt 0.757324 0.941162
vt 0.759033 0.934814
vt 0.755615 0.937988
vt 0.754150 0.935059
vt 0.752197 0.940186
vt 0.750732 0.936523
vt 0.753906 0.932373
vt 0.750488 0.933105
vt 0.756592 0.932861
vt 0.761230 0.929932
vt 0.754883 0.927246
vt 0.758057 0.928223
vt 0.762695 0.893799
vt 0.762695 0.878906
vt 0.765381 0.878906
vt 0.763672 0.873291
vt 0.765381 0.894775
vt 0.766357 0.873291
vt 0.770996 0.878906
vt 0.770996 0.873291
vt 0.770996 0.894775
vt 0.765381 0.898438
vt 0.786865 0.879883
vt 0.770996 0.899414
vt 0.786865 0.874268
vt 0.770996 0.870605
vt 0.790527 0.875244
vt 0.791504 0.879883
vt 0.785889 0.903076
vt 0.770020 0.902100
vt 0.786865 0.900146
vt 0.786865 0.895508
vt 0.791504 0.899414
vt 0.791504 0.895508
vt 0.892578 0.946533
vt 0.888672 0.936035
vt 0.892578 0.933594
vt 0.205078 0.761230
vt 0.203369 0.760254
vt 0.205078 0.755859
vt 0.662598 0.836182
vt 0.662598 0.823730
vt 0.665283 0.823975
vt 0.662598 0.819336
vt 0.904297 0.657715
vt 0.905029 0.662109
vt 0.903076 0.662109
vt 0.203125 0.708008
vt 0.205078 0.708252
vt 0.203125 0.722900
vt 0.898193 0.958740
vt 0.893555 0.957764
vt 0.898193 0.954834
vt 0.893555 0.953857
vt 0.894531 0.939209
vt 0.914062 0.954834
vt 0.898193 0.939209
vt 0.913086 0.958740
vt 0.916748 0.958740
vt 0.894531 0.934570
vt 0.899170 0.933594
vt 0.917725 0.954834
vt 0.915039 0.933594
vt 0.914062 0.939209
vt 0.918701 0.934570
vt 0.918701 0.939209
vt 0.209961 0.863525
vt 0.209961 0.858887
vt 0.211670 0.862305
vt 0.959717 0.945801
vt 0.961426 0.957764
vt 0.958740 0.957764
vt 0.982910 0.401123
vt 0.968262 0.398682
vt 0.982666 0.397217
vt 0.968750 0.395020
vt 0.964844 0.397217
vt 0.964111 0.394287
vt 0.982178 0.393311
vt 0.987305 0.397949
vt 0.968506 0.391357
vt 0.987793 0.394287
vt 0.990234 0.279053
vt 0.964844 0.390625
vt 0.967285 0.275391
vt 0.984863 0.278076
vt 0.990967 0.275391
vt 0.985352 0.274414
vt 0.971924 0.276123
vt 0.968018 0.271729
vt 0.971680 0.272461
vt 0.985840 0.271729
vt 0.971191 0.269531
vt 0.967529 0.269043
vt 0.964111 0.271240
vt 0.901611 0.966797
vt 0.898193 0.968750
vt 0.899902 0.963623
vt 0.896729 0.964844
vt 0.901367 0.962158
vt 0.899902 0.960938
vt 0.896973 0.960205
vt 0.893555 0.959473
vt 0.893555 0.964844
vt 0.899170 0.660645
vt 0.896973 0.662109
vt 0.896973 0.657715
vt 0.927002 0.601074
vt 0.928955 0.601074
vt 0.928711 0.604492
vt 0.211426 0.875488
vt 0.211426 0.880127
vt 0.209961 0.876709
vt 0.869385 0.607422
vt 0.870850 0.608887
vt 0.867676 0.609375
vt 0.866699 0.606201
vt 0.867188 0.612793
vt 0.871094 0.612549
vt 0.871094 0.625732
vt 0.867188 0.625977
vt 0.864014 0.613525
vt 0.864990 0.608887
vt 0.863770 0.604004
vt 0.859863 0.614014
vt 0.861572 0.608154
vt 0.362793 0.869141
vt 0.362793 0.966309
vt 0.358154 0.965576
vt 0.358154 0.868652
vt 0.617188 0.997559
vt 0.632324 0.996582
vt 0.632812 0.999512
vt 0.617432 0.994873
vt 0.631836 0.992676
vt 0.617920 0.990967
vt 0.612061 0.994141
vt 0.612305 0.990479
vt 0.612061 0.875244
vt 0.617432 0.875977
vt 0.611572 0.871338
vt 0.631348 0.877441
vt 0.636963 0.878174
vt 0.637451 0.993408
vt 0.637451 0.874512
vt 0.631836 0.873779
vt 0.636719 0.871582
vt 0.632080 0.871094
vt 0.616943 0.872070
vt 0.616455 0.869141
vt 0.611816 0.868652
vt 0.484863 0.982178
vt 0.483398 0.985352
vt 0.479492 0.983887
vt 0.481445 0.988770
vt 0.478271 0.986328
vt 0.480225 0.980469
vt 0.475586 0.983887
vt 0.475586 0.980957
vt 0.480713 0.977051
vt 0.475586 0.977051
vt 0.482178 0.868652
vt 0.476807 0.869385
vt 0.949951 0.434570
vt 0.947998 0.431641
vt 0.949951 0.429932
vt 0.209961 0.869141
vt 0.209961 0.864502
vt 0.211670 0.866699
vt 0.714600 0.888672
vt 0.715088 0.875977
vt 0.717285 0.888916
vt 0.717529 0.876953
vt 0.717041 0.872803
vt 0.720947 0.877686
vt 0.714600 0.871826
vt 0.720459 0.872559
vt 0.716064 0.869629
vt 0.718262 0.868652
vt 0.941895 0.661621
vt 0.941895 0.657959
vt 0.944580 0.658203
vt 0.944580 0.661865
vt 0.957764 0.416504
vt 0.960205 0.416260
vt 0.960205 0.428467
vt 0.957764 0.427979
vt 0.949463 0.465576
vt 0.947021 0.464111
vt 0.949463 0.461914
vt 0.989990 0.264160
vt 0.985352 0.264648
vt 0.984863 0.261719
vt 0.971436 0.266113
vt 0.989502 0.261230
vt 0.984619 0.258057
vt 0.989990 0.257568
vt 0.972168 0.263184
vt 0.967773 0.266602
vt 0.989990 0.142334
vt 0.967529 0.263916
vt 0.972656 0.259521
vt 0.967041 0.260010
vt 0.967773 0.144775
vt 0.985352 0.142822
vt 0.989502 0.138672
vt 0.972412 0.144287
vt 0.967529 0.141113
vt 0.985840 0.139160
vt 0.989990 0.134766
vt 0.986328 0.135254
vt 0.972168 0.140625
vt 0.971680 0.137939
vt 0.968018 0.138184
vt 0.529785 0.879639
vt 0.525391 0.986328
vt 0.520020 0.986084
vt 0.523682 0.879639
vt 0.524658 0.876221
vt 0.529297 0.875977
vt 0.529297 0.873047
vt 0.525391 0.872803
vt 0.526855 0.870605
vt 0.520020 0.874268
vt 0.521484 0.871094
vt 0.523682 0.868652
vt 0.925049 0.961670
vt 0.921387 0.961670
vt 0.920410 0.958984
vt 0.925049 0.958984
vt 0.925049 0.954346
vt 0.920410 0.954346
vt 0.919678 0.938477
vt 0.925049 0.938477
vt 0.920410 0.934814
vt 0.925049 0.933838
vt 0.940918 0.932861
vt 0.940918 0.953369
vt 0.940918 0.937500
vt 0.945557 0.933838
vt 0.945557 0.937500
vt 0.944580 0.953369
vt 0.944580 0.958008
vt 0.940918 0.958008
vt 0.943848 0.960693
vt 0.939941 0.961670
vt 0.891846 0.660645
vt 0.889648 0.662354
vt 0.889648 0.657715
vt 0.717285 0.922119
vt 0.714600 0.922119
vt 0.714600 0.907227
vt 0.754395 0.900391
vt 0.751709 0.887939
vt 0.754395 0.887207
vt 0.211426 0.849854
vt 0.209961 0.852051
vt 0.209961 0.846680
vt 0.203125 0.754883
vt 0.203125 0.749512
vt 0.205078 0.752686
vt 0.202393 0.617676
vt 0.202881 0.614502
vt 0.204102 0.614746
vt 0.205078 0.610840
vt 0.202393 0.610596
vt 0.204346 0.597656
vt 0.203125 0.739502
vt 0.205078 0.737061
vt 0.205078 0.742432
vt 0.710938 0.886719
vt 0.713623 0.886475
vt 0.713623 0.902344
vt 0.389648 0.889404
vt 0.387695 0.886719
vt 0.390137 0.885986
vt 0.385742 0.888672
vt 0.389404 0.881836
vt 0.386963 0.882568
vt 0.385742 0.869385
vt 0.388184 0.868652
vt 0.808105 0.960938
vt 0.810791 0.963867
vt 0.808105 0.966064
vt 0.770264 0.960449
vt 0.770264 0.966309
vt 0.767822 0.962402
vt 0.169434 0.966064
vt 0.168213 0.961670
vt 0.170654 0.960205
vt 0.170654 0.965088
vt 0.887695 0.812256
vt 0.889160 0.808594
vt 0.889160 0.812500
vt 0.209961 0.888672
vt 0.210205 0.886963
vt 0.211670 0.886475
vt 0.211670 0.890869
vt 0.201416 0.823730
vt 0.204590 0.826172
vt 0.200684 0.825684
vt 0.186035 0.827637
vt 0.201172 0.829590
vt 0.186523 0.831299
vt 0.181396 0.828125
vt 0.181885 0.832031
vt 0.187012 0.834961
vt 0.182373 0.835693
vt 0.203857 0.829102
vt 0.187256 0.949951
vt 0.181885 0.950684
vt 0.181396 0.954346
vt 0.187012 0.953613
vt 0.200684 0.833252
vt 0.204346 0.832764
vt 0.208984 0.832275
vt 0.207764 0.828613
vt 0.206299 0.825928
vt 0.200195 0.948242
vt 0.204834 0.947754
vt 0.204346 0.951416
vt 0.200684 0.951904
vt 0.186279 0.956543
vt 0.203857 0.954346
vt 0.201172 0.954590
vt 0.908936 0.959473
vt 0.908936 0.963135
vt 0.903809 0.962158
vt 0.908936 0.966553
vt 0.902588 0.965332
vt 0.159912 0.827148
vt 0.163818 0.826416
vt 0.163818 0.935547
vt 0.393311 0.892334
vt 0.391113 0.896484
vt 0.391113 0.889648
vt 0.338379 0.967773
vt 0.333252 0.972412
vt 0.332520 0.968750
vt 0.338379 0.868652
vt 0.331787 0.870117
vt 0.215576 0.468262
vt 0.216309 0.467041
vt 0.217773 0.468506
vt 0.218994 0.468506
vt 0.215576 0.800781
vt 0.217041 0.800537
vt 0.728271 0.465332
vt 0.730225 0.465332
vt 0.728271 0.867676
vt 0.730225 0.867676
vt 0.712646 0.465332
vt 0.712646 0.867676
vt 0.710693 0.867676
vt 0.710693 0.465332
vt 0.662109 0.465332
vt 0.662354 0.467285
vt 0.662109 0.468506
vt 0.204590 0.658691
vt 0.204590 0.672119
vt 0.203125 0.672119
vt 0.203125 0.658691
vt 0.204590 0.655518
vt 0.907471 0.467041
vt 0.923340 0.467041
vt 0.923340 0.601807
vt 0.926025 0.468018
vt 0.926025 0.601074
vt 0.907471 0.601807
vt 0.904785 0.601074
vt 0.904785 0.468018
vt 0.204590 0.676025
vt 0.204590 0.689697
vt 0.203125 0.689697
vt 0.203125 0.676025
vt 0.203857 0.674072
vt 0.203125 0.673096
vt 0.887695 0.832520
vt 0.888916 0.832031
vt 0.888916 0.835449
vt 0.662354 0.477051
vt 0.662109 0.475098
vt 0.662354 0.473633
vt 0.206055 0.791748
vt 0.206055 0.467041
vt 0.207275 0.467041
vt 0.207275 0.791748
vt 0.209961 0.469482
vt 0.209961 0.789551
vt 0.908691 0.798096
vt 0.892822 0.798096
vt 0.892822 0.663330
vt 0.890137 0.797119
vt 0.890137 0.664062
vt 0.908691 0.663330
vt 0.911377 0.664062
vt 0.911377 0.797119
vt 0.394531 0.465332
vt 0.527588 0.465332
vt 0.525635 0.468018
vt 0.396484 0.468018
vt 0.521973 0.470703
vt 0.400146 0.470703
vt 0.521973 0.862061
vt 0.525635 0.864990
vt 0.396484 0.864990
vt 0.527588 0.867676
vt 0.394531 0.867676
vt 0.400146 0.862061
vt 0.519043 0.858398
vt 0.402832 0.858398
vt 0.402832 0.474609
vt 0.519043 0.474609
vt 0.516357 0.855713
vt 0.516357 0.856689
vt 0.516357 0.477295
vt 0.516357 0.476318
vt 0.405762 0.477295
vt 0.405762 0.476318
vt 0.405762 0.855713
vt 0.405762 0.856689
vt 0.204590 0.641113
vt 0.204590 0.654541
vt 0.203125 0.654541
vt 0.203125 0.641113
vt 0.204346 0.637939
vt 0.217773 0.819824
vt 0.218994 0.819824
vt 0.218262 0.821533
vt 0.218994 0.822754
vt 0.748779 0.465332
vt 0.750732 0.465332
vt 0.748779 0.867676
vt 0.750732 0.867676
vt 0.732910 0.465332
vt 0.732910 0.867676
vt 0.731201 0.867676
vt 0.731201 0.465332
vt 0.665283 0.465332
vt 0.665283 0.799805
vt 0.664062 0.799805
vt 0.664062 0.465332
vt 0.662109 0.478027
vt 0.662354 0.479980
vt 0.662109 0.481201
vt 0.204590 0.693604
vt 0.204590 0.707031
vt 0.203125 0.707031
vt 0.203125 0.693604
vt 0.203857 0.691650
vt 0.203125 0.690430
vt 0.887695 0.828369
vt 0.888916 0.827881
vt 0.888916 0.831055
vt 0.662354 0.472900
vt 0.662109 0.470703
vt 0.662354 0.469482
vt 0.210938 0.795410
vt 0.210938 0.467041
vt 0.212158 0.467041
vt 0.212158 0.795410
vt 0.214844 0.469482
vt 0.214844 0.793457
vt 0.528320 0.465332
vt 0.661377 0.465332
vt 0.659424 0.468018
vt 0.659424 0.864990
vt 0.661377 0.867676
vt 0.530273 0.468018
vt 0.528320 0.867676
vt 0.530273 0.864990
vt 0.655762 0.862305
vt 0.533936 0.862305
vt 0.533936 0.470703
vt 0.655762 0.470703
vt 0.536621 0.858398
vt 0.652832 0.858398
vt 0.652832 0.474609
vt 0.536621 0.474609
vt 0.539551 0.856689
vt 0.650146 0.856689
vt 0.539551 0.855713
vt 0.650146 0.855713
vt 0.539551 0.477295
vt 0.650146 0.477295
vt 0.539551 0.476318
vt 0.650146 0.476318
vt 0.366211 0.868652
vt 0.366211 0.962158
vt 0.363525 0.959717
vt 0.363525 0.870850
vt 0.369629 0.868652
vt 0.369629 0.960205
vt 0.367188 0.958008
vt 0.367188 0.870850
vt 0.666260 0.844482
vt 0.666260 0.466064
vt 0.668945 0.468018
vt 0.666260 0.465332
vt 0.668945 0.467041
vt 0.684814 0.468018
vt 0.684814 0.467041
vt 0.687500 0.466064
vt 0.687500 0.465332
vt 0.684814 0.842529
vt 0.687500 0.844482
vt 0.684814 0.843506
vt 0.687500 0.845459
vt 0.668945 0.842529
vt 0.668945 0.843506
vt 0.666260 0.845459
vt 0.281982 0.868652
vt 0.281982 0.979248
vt 0.279297 0.977295
vt 0.279297 0.978271
vt 0.279297 0.870605
vt 0.279297 0.869629
vt 0.263428 0.869629
vt 0.263428 0.870605
vt 0.260742 0.868652
vt 0.260742 0.979248
vt 0.263428 0.977295
vt 0.263428 0.978271
vt 0.691162 0.843506
vt 0.688477 0.845459
vt 0.688477 0.844482
vt 0.691162 0.842773
vt 0.707031 0.843506
vt 0.691162 0.468018
vt 0.688477 0.466064
vt 0.707031 0.842773
vt 0.691162 0.467041
vt 0.688477 0.465332
vt 0.707031 0.468018
vt 0.707031 0.467041
vt 0.709717 0.466064
vt 0.709717 0.465332
vt 0.709717 0.844482
vt 0.709717 0.845459
vt 0.301514 0.978271
vt 0.285889 0.978271
vt 0.285889 0.977539
vt 0.282959 0.979248
vt 0.301514 0.977295
vt 0.304443 0.979248
vt 0.304443 0.868652
vt 0.285889 0.870605
vt 0.282959 0.868652
vt 0.285889 0.869629
vt 0.301514 0.870605
vt 0.301514 0.869629
vt 0.712891 0.920898
vt 0.710938 0.921143
vt 0.710938 0.919189
vt 0.320068 0.975098
vt 0.317383 0.975098
vt 0.320068 0.870117
vt 0.317383 0.870117
vt 0.318848 0.868652
vt 0.769287 0.465332
vt 0.769287 0.467041
vt 0.753418 0.465332
vt 0.753418 0.467041
vt 0.751465 0.867676
vt 0.751465 0.467041
vt 0.753418 0.867676
vt 0.769287 0.867676
vt 0.770996 0.467041
vt 0.770996 0.867676
vt 0.769287 0.869629
vt 0.753418 0.869629
vt 0.164795 0.826416
vt 0.180420 0.826416
vt 0.180420 0.959229
vt 0.164795 0.959229
vt 0.205078 0.794434
vt 0.203125 0.794678
vt 0.203125 0.792725
vt 0.257080 0.848145
vt 0.259766 0.848389
vt 0.257080 0.955078
vt 0.259766 0.955322
vt 0.258301 0.956787
vt 0.789551 0.869629
vt 0.773682 0.869629
vt 0.773682 0.867676
vt 0.789551 0.867676
vt 0.791504 0.867676
vt 0.791504 0.467041
vt 0.789551 0.467041
vt 0.773682 0.467041
vt 0.771973 0.867676
vt 0.771973 0.467041
vt 0.773682 0.465332
vt 0.789551 0.465332
vt 0.208496 0.793945
vt 0.209961 0.792725
vt 0.209961 0.795166
vt 0.931885 0.602539
vt 0.931885 0.604492
vt 0.929932 0.602783
vt 0.844238 0.819092
vt 0.860107 0.819092
vt 0.860107 0.951904
vt 0.844238 0.951904
vt 0.321045 0.973389
vt 0.321045 0.868652
vt 0.323486 0.868652
vt 0.323486 0.973633
vt 0.322266 0.975098
vt 0.205078 0.575684
vt 0.202393 0.575684
vt 0.205078 0.468506
vt 0.202393 0.468750
vt 0.203857 0.467041
vt 0.133301 0.867676
vt 0.000488 0.867676
vt 0.002197 0.865967
vt 0.002197 0.468994
vt 0.000488 0.467041
vt 0.131592 0.865967
vt 0.133301 0.467041
vt 0.131592 0.468994
vt 0.006104 0.471680
vt 0.127686 0.471680
vt 0.127686 0.863037
vt 0.006104 0.863037
vt 0.125000 0.475586
vt 0.125000 0.859375
vt 0.008789 0.859375
vt 0.008789 0.475342
vt 0.123047 0.857422
vt 0.010742 0.857422
vt 0.123047 0.477295
vt 0.010742 0.477295
vt 0.078125 0.981201
vt 0.078125 0.868652
vt 0.080078 0.869629
vt 0.080078 0.980225
vt 0.095947 0.869629
vt 0.095947 0.980225
vt 0.097656 0.868652
vt 0.097656 0.981201
vt 0.239502 0.467041
vt 0.239502 0.847412
vt 0.237549 0.847412
vt 0.237549 0.467041
vt 0.221680 0.847412
vt 0.221680 0.467041
vt 0.219971 0.847412
vt 0.219971 0.467041
vt 0.057861 0.868652
vt 0.059570 0.869629
vt 0.057861 0.981201
vt 0.059570 0.980225
vt 0.075439 0.869629
vt 0.075439 0.980225
vt 0.077393 0.868652
vt 0.077393 0.981201
vt 0.259766 0.467041
vt 0.259766 0.847412
vt 0.258057 0.847412
vt 0.258057 0.467041
vt 0.242188 0.847412
vt 0.242188 0.467041
vt 0.240234 0.847412
vt 0.240234 0.467041
vt 0.270996 0.477295
vt 0.270996 0.857422
vt 0.269043 0.859375
vt 0.385254 0.859375
vt 0.383545 0.857422
vt 0.269043 0.475342
vt 0.383545 0.477295
vt 0.385254 0.475342
vt 0.266357 0.863037
vt 0.266357 0.471680
vt 0.388184 0.471680
vt 0.388184 0.863037
vt 0.262451 0.865967
vt 0.262451 0.468994
vt 0.391846 0.468994
vt 0.391846 0.865967
vt 0.260742 0.467041
vt 0.393555 0.467041
vt 0.260742 0.867676
vt 0.393555 0.867676
vt 0.848633 0.961914
vt 0.851318 0.964355
vt 0.847656 0.966309
vt 0.846191 0.963135
vt 0.844971 0.960205
vt 0.847900 0.959473
vt 0.844238 0.956299
vt 0.848389 0.956299
vt 0.850342 0.959961
vt 0.851562 0.957275
vt 0.852295 0.952881
vt 0.853027 0.962402
vt 0.854004 0.967529
vt 0.856689 0.964600
vt 0.854736 0.958496
vt 0.856689 0.954834
vt 0.201172 0.004150
vt 0.202148 0.000488
vt 0.206787 0.004150
vt 0.206787 0.000488
vt 0.384277 0.000488
vt 0.206787 0.008789
vt 0.384277 0.004150
vt 0.388916 0.000488
vt 0.389893 0.004150
vt 0.202148 0.008789
vt 0.384277 0.008789
vt 0.206787 0.457764
vt 0.388916 0.008789
vt 0.393555 0.008789
vt 0.392822 0.004150
vt 0.393555 0.457764
vt 0.388916 0.457764
vt 0.392822 0.462402
vt 0.384277 0.457764
vt 0.389893 0.462402
vt 0.384277 0.462402
vt 0.388916 0.466064
vt 0.384277 0.466309
vt 0.206787 0.466309
vt 0.206787 0.462402
vt 0.202148 0.466064
vt 0.201172 0.462402
vt 0.202148 0.457764
vt 0.197510 0.008789
vt 0.198486 0.004150
vt 0.197510 0.457764
vt 0.198486 0.462402
vt 0.178223 0.960205
vt 0.180420 0.962646
vt 0.178223 0.966309
vt 0.787598 0.966064
vt 0.784912 0.962402
vt 0.787598 0.960449
vt 0.881592 0.657715
vt 0.878906 0.662354
vt 0.878906 0.657715
vt 0.857422 0.008789
vt 0.860107 0.008789
vt 0.860107 0.457764
vt 0.857422 0.457764
vt 0.857422 0.462402
vt 0.853760 0.008789
vt 0.857422 0.004150
vt 0.853760 0.004150
vt 0.853760 0.457764
vt 0.853760 0.462402
vt 0.849121 0.008789
vt 0.849121 0.004150
vt 0.853760 0.000488
vt 0.849121 0.000488
vt 0.849121 0.457764
vt 0.837891 0.008789
vt 0.837891 0.004150
vt 0.837891 0.000488
vt 0.833252 0.000488
vt 0.833252 0.004150
vt 0.833252 0.008789
vt 0.829590 0.004150
vt 0.833252 0.457764
vt 0.829590 0.008789
vt 0.826660 0.008789
vt 0.829590 0.457764
vt 0.826660 0.457764
vt 0.829590 0.462402
vt 0.833252 0.462402
vt 0.837891 0.457764
vt 0.837891 0.462402
vt 0.833252 0.466309
vt 0.837891 0.466309
vt 0.849121 0.462402
vt 0.849121 0.466309
vt 0.853760 0.466309
vt 0.826660 0.666016
vt 0.831787 0.666504
vt 0.828125 0.668945
vt 0.823975 0.667725
vt 0.823730 0.663330
vt 0.821289 0.666504
vt 0.825439 0.669922
vt 0.829590 0.672119
vt 0.825684 0.673828
vt 0.822754 0.670166
vt 0.820068 0.669434
vt 0.822998 0.673828
vt 0.822510 0.677979
vt 0.819092 0.672607
vt 0.814941 0.672119
vt 0.826416 0.677734
vt 0.831787 0.820801
vt 0.827881 0.821045
vt 0.912109 0.959473
vt 0.912109 0.965576
vt 0.909912 0.961914
vt 0.916260 0.621094
vt 0.918945 0.624023
vt 0.916260 0.625977
vt 0.191406 0.817627
vt 0.183350 0.822998
vt 0.189209 0.814941
vt 0.181396 0.820312
vt 0.194580 0.815430
vt 0.193115 0.812500
vt 0.197266 0.813721
vt 0.197510 0.818359
vt 0.199951 0.815186
vt 0.198486 0.811279
vt 0.200928 0.812012
vt 0.202148 0.809082
vt 0.198242 0.807617
vt 0.195801 0.811523
vt 0.191650 0.809570
vt 0.187744 0.810547
vt 0.195557 0.807861
vt 0.198486 0.803467
vt 0.194580 0.803711
vt 0.181396 0.664307
vt 0.185303 0.664062
vt 0.783936 0.966064
vt 0.781738 0.961914
vt 0.783936 0.960449
vt 0.796631 0.966309
vt 0.796631 0.960938
vt 0.799561 0.964355
vt 0.000488 0.008789
vt 0.001465 0.004150
vt 0.005127 0.008789
vt 0.004150 0.004150
vt 0.005127 0.457764
vt 0.000488 0.457764
vt 0.001465 0.462402
vt 0.004150 0.462402
vt 0.009766 0.457764
vt 0.009766 0.008789
vt 0.009766 0.004150
vt 0.005127 0.000488
vt 0.009766 0.000488
vt 0.187256 0.000488
vt 0.187256 0.004150
vt 0.191895 0.000488
vt 0.192871 0.004150
vt 0.187256 0.008789
vt 0.191895 0.008789
vt 0.195557 0.004150
vt 0.196533 0.008789
vt 0.196533 0.457764
vt 0.191895 0.457764
vt 0.195557 0.462402
vt 0.192871 0.462402
vt 0.187256 0.457764
vt 0.187256 0.462402
vt 0.191895 0.466309
vt 0.187256 0.466309
vt 0.009766 0.466309
vt 0.009766 0.462402
vt 0.005127 0.466309
vt 0.372314 0.873535
vt 0.370605 0.868652
vt 0.374512 0.871094
vt 0.374756 0.875244
vt 0.370605 0.877197
vt 0.374512 0.878418
vt 0.376221 0.873047
vt 0.376465 0.868652
vt 0.379639 0.871582
vt 0.383057 0.869385
vt 0.384766 0.872803
vt 0.380859 0.873779
vt 0.377441 0.875488
vt 0.381104 0.878174
vt 0.377930 0.878174
vt 0.382080 0.882324
vt 0.374268 0.882324
vt 0.377441 0.882812
vt 0.376465 0.892334
vt 0.373291 0.891846
vt 0.373047 0.895752
vt 0.182617 0.658691
vt 0.187256 0.662354
vt 0.182617 0.663330
vt 0.171387 0.663330
vt 0.171387 0.658691
vt 0.166748 0.662354
vt 0.182617 0.654053
vt 0.187256 0.659424
vt 0.171387 0.654053
vt 0.166748 0.659424
vt 0.187256 0.654053
vt 0.190918 0.658691
vt 0.190918 0.654053
vt 0.187256 0.476318
vt 0.190918 0.476318
vt 0.190918 0.471680
vt 0.187256 0.470703
vt 0.182617 0.476318
vt 0.182617 0.471680
vt 0.171387 0.476318
vt 0.187256 0.468018
vt 0.182617 0.467041
vt 0.171387 0.471680
vt 0.171387 0.467041
vt 0.166748 0.468018
vt 0.166748 0.470703
vt 0.166748 0.476318
vt 0.163086 0.471680
vt 0.163086 0.476318
vt 0.166748 0.654053
vt 0.163086 0.654053
vt 0.163086 0.658691
vt 0.792969 0.962646
vt 0.795654 0.960938
vt 0.795654 0.966309
vt 0.381104 0.958984
vt 0.384766 0.961182
vt 0.382080 0.964111
vt 0.379395 0.960938
vt 0.378418 0.956543
vt 0.382812 0.955078
vt 0.376709 0.958496
vt 0.375732 0.962891
vt 0.374268 0.959961
vt 0.372803 0.956787
vt 0.375732 0.956055
vt 0.372314 0.952881
vt 0.376465 0.952881
vt 0.379639 0.954102
vt 0.380371 0.949463
vt 0.384766 0.951416
vt 0.854736 0.677734
vt 0.860107 0.817871
vt 0.850586 0.677979
vt 0.856201 0.818115
vt 0.853760 0.673828
vt 0.851318 0.673828
vt 0.853760 0.670166
vt 0.857666 0.672119
vt 0.856201 0.669189
vt 0.851074 0.670166
vt 0.847168 0.672607
vt 0.848389 0.669434
vt 0.843262 0.671875
vt 0.849609 0.666504
vt 0.852295 0.667725
vt 0.852051 0.663330
vt 0.854980 0.666260
vt 0.860107 0.666748
vt 0.134277 0.476318
vt 0.134277 0.471680
vt 0.137939 0.476318
vt 0.137939 0.470703
vt 0.137939 0.654053
vt 0.134277 0.654053
vt 0.134277 0.658691
vt 0.137939 0.659424
vt 0.142822 0.654053
vt 0.142822 0.476318
vt 0.142822 0.658691
vt 0.142822 0.471680
vt 0.153809 0.654053
vt 0.142578 0.663330
vt 0.137939 0.662354
vt 0.153809 0.658691
vt 0.153809 0.663330
vt 0.158447 0.662354
vt 0.158447 0.659424
vt 0.158447 0.654053
vt 0.153809 0.476318
vt 0.153809 0.471680
vt 0.158447 0.476318
vt 0.162109 0.654053
vt 0.162109 0.476318
vt 0.162109 0.471680
vt 0.158447 0.470703
vt 0.153809 0.467041
vt 0.158447 0.468018
vt 0.142578 0.467041
vt 0.137939 0.468018
vt 0.912842 0.961914
vt 0.915039 0.959473
vt 0.915039 0.965576
vt 0.156738 0.664307
vt 0.160645 0.664062
vt 0.174072 0.806396
vt 0.170166 0.806641
vt 0.171143 0.810547
vt 0.166016 0.807617
vt 0.173584 0.810547
vt 0.167236 0.812256
vt 0.171387 0.814453
vt 0.173828 0.814209
vt 0.177734 0.811768
vt 0.176514 0.814941
vt 0.175293 0.818115
vt 0.180420 0.817139
vt 0.172607 0.816650
vt 0.172852 0.821289
vt 0.170166 0.818359
vt 0.168701 0.815430
vt 0.163086 0.813477
vt 0.164795 0.817871
vt 0.166748 0.820312
vt 0.158936 0.825439
vt 0.156738 0.822998
vt 0.795166 0.462402
vt 0.792236 0.457764
vt 0.795166 0.457764
vt 0.792236 0.008789
vt 0.798828 0.457764
vt 0.795166 0.008789
vt 0.795166 0.004150
vt 0.798828 0.462402
vt 0.798828 0.008789
vt 0.798828 0.004150
vt 0.803467 0.008789
vt 0.803467 0.457764
vt 0.803467 0.462402
vt 0.798828 0.466309
vt 0.803467 0.466309
vt 0.814697 0.457764
vt 0.814697 0.462402
vt 0.814697 0.466309
vt 0.819336 0.466309
vt 0.819336 0.462402
vt 0.819336 0.457764
vt 0.822998 0.462402
vt 0.814697 0.008789
vt 0.822998 0.457764
vt 0.825928 0.457764
vt 0.822998 0.008789
vt 0.825928 0.008789
vt 0.819336 0.008789
vt 0.822998 0.004150
vt 0.819336 0.004150
vt 0.814697 0.004150
vt 0.819336 0.000488
vt 0.814697 0.000488
vt 0.803467 0.004150
vt 0.803467 0.000488
vt 0.798828 0.000488
vt 0.921875 0.608398
vt 0.926025 0.605469
vt 0.924805 0.609619
vt 0.920898 0.611328
vt 0.917725 0.607910
vt 0.917969 0.611816
vt 0.923340 0.612061
vt 0.927734 0.611084
vt 0.921387 0.613770
vt 0.918945 0.614990
vt 0.925781 0.614746
vt 0.919922 0.618164
vt 0.916260 0.620117
vt 0.923828 0.616699
vt 0.926025 0.620117
vt 0.928955 0.617432
vt 0.206299 0.796387
vt 0.206299 0.801025
vt 0.203125 0.800781
vt 0.206299 0.810547
vt 0.203125 0.810303
vt 0.203125 0.814209
vt 0.813965 0.960938
vt 0.813965 0.966309
vt 0.811768 0.962158
vt 0.916504 0.959473
vt 0.918701 0.961914
vt 0.916504 0.965576
vt 0.776611 0.960449
vt 0.779053 0.964600
vt 0.776611 0.966064
vt 0.892822 0.662109
vt 0.895508 0.657715
vt 0.895996 0.662109
vt 0.940674 0.657959
vt 0.941162 0.661865
vt 0.937744 0.661865
vt 0.885498 0.657715
vt 0.888916 0.657959
vt 0.885498 0.662354
vt 0.397217 0.463379
vt 0.400146 0.460693
vt 0.400146 0.464355
vt 0.397217 0.460693
vt 0.404785 0.460693
vt 0.404785 0.464355
vt 0.582275 0.464355
vt 0.404785 0.456055
vt 0.582275 0.460693
vt 0.586914 0.464355
vt 0.400146 0.456055
vt 0.397217 0.456055
vt 0.394531 0.456055
vt 0.397217 0.008789
vt 0.394531 0.008789
vt 0.400146 0.008789
vt 0.397217 0.004150
vt 0.404785 0.008789
vt 0.400146 0.004150
vt 0.397217 0.001465
vt 0.400146 0.000488
vt 0.404785 0.004150
vt 0.404785 0.000488
vt 0.582275 0.008789
vt 0.582275 0.004150
vt 0.582275 0.000488
vt 0.586914 0.000488
vt 0.586914 0.004150
vt 0.589844 0.001465
vt 0.589844 0.004150
vt 0.586914 0.008789
vt 0.582275 0.456055
vt 0.589844 0.008789
vt 0.592529 0.008789
vt 0.589844 0.456055
vt 0.592529 0.456055
vt 0.586914 0.456055
vt 0.589844 0.460693
vt 0.586914 0.460693
vt 0.589844 0.463379
vt 0.714355 0.944580
vt 0.711426 0.944580
vt 0.714600 0.942139
vt 0.711426 0.941895
vt 0.712402 0.939209
vt 0.715332 0.939453
vt 0.716064 0.943359
vt 0.717529 0.946045
vt 0.715088 0.947266
vt 0.720215 0.949219
vt 0.720215 0.944092
vt 0.717529 0.940674
vt 0.717041 0.936768
vt 0.719971 0.938232
vt 0.795654 0.682373
vt 0.795166 0.678711
vt 0.798340 0.682129
vt 0.811035 0.824463
vt 0.797852 0.678467
vt 0.813721 0.824219
vt 0.813965 0.827881
vt 0.811523 0.828125
vt 0.794922 0.675781
vt 0.797607 0.675537
vt 0.800537 0.677490
vt 0.796143 0.674072
vt 0.800293 0.674561
vt 0.798828 0.672363
vt 0.795410 0.669922
vt 0.793457 0.672607
vt 0.792236 0.675049
vt 0.801270 0.669922
vt 0.802734 0.672852
vt 0.804443 0.675781
vt 0.812256 0.670410
vt 0.810791 0.667480
vt 0.809326 0.664551
vt 0.813965 0.665283
vt 0.812500 0.663330
vt 0.887695 0.818115
vt 0.888916 0.819580
vt 0.887695 0.822021
vt 0.925537 0.621094
vt 0.927734 0.622559
vt 0.925537 0.625732
vt 0.914062 0.657715
vt 0.917236 0.660889
vt 0.914062 0.661865
vt 0.887207 0.004150
vt 0.887207 0.008789
vt 0.884277 0.008789
vt 0.884277 0.004150
vt 0.884277 0.456055
vt 0.887207 0.456055
vt 0.887207 0.460693
vt 0.884277 0.460693
vt 0.879639 0.456055
vt 0.879639 0.008789
vt 0.879639 0.004150
vt 0.883301 0.000488
vt 0.879639 0.000488
vt 0.868408 0.000488
vt 0.868408 0.004150
vt 0.863770 0.000488
vt 0.863770 0.004150
vt 0.868408 0.008789
vt 0.863770 0.008789
vt 0.861084 0.004150
vt 0.861084 0.008789
vt 0.861084 0.456055
vt 0.868408 0.456055
vt 0.863770 0.456055
vt 0.861084 0.460693
vt 0.863770 0.460693
vt 0.879639 0.460693
vt 0.883301 0.464355
vt 0.879639 0.464355
vt 0.868408 0.460693
vt 0.863770 0.464355
vt 0.868408 0.464355
vt 0.822021 0.469971
vt 0.822998 0.467041
vt 0.826660 0.469971
vt 0.826660 0.474609
vt 0.837891 0.474609
vt 0.837891 0.469971
vt 0.842529 0.469971
vt 0.842529 0.467041
vt 0.842529 0.474609
vt 0.845215 0.469971
vt 0.845215 0.474609
vt 0.837891 0.652100
vt 0.842529 0.652100
vt 0.845215 0.652100
vt 0.845215 0.656738
vt 0.842529 0.656738
vt 0.837891 0.656738
vt 0.842529 0.659424
vt 0.826660 0.652100
vt 0.826660 0.656738
vt 0.822021 0.656738
vt 0.822998 0.659424
vt 0.822021 0.652100
vt 0.819336 0.656738
vt 0.819336 0.652100
vt 0.822021 0.474609
vt 0.819336 0.474609
vt 0.819336 0.469971
vt 0.751221 0.924072
vt 0.750488 0.921387
vt 0.753418 0.920654
vt 0.750732 0.918701
vt 0.754150 0.923340
vt 0.753662 0.917969
vt 0.755371 0.921631
vt 0.757324 0.923828
vt 0.755615 0.925537
vt 0.760742 0.926270
vt 0.759521 0.921387
vt 0.756348 0.918701
vt 0.754639 0.915039
vt 0.757812 0.915527
vt 0.751465 0.914307
vt 0.760742 0.906494
vt 0.757568 0.905762
vt 0.754395 0.905273
vt 0.758789 0.902100
vt 0.906494 0.464355
vt 0.895508 0.464355
vt 0.895508 0.460693
vt 0.890869 0.464355
vt 0.890869 0.460693
vt 0.906494 0.460693
vt 0.910400 0.464355
vt 0.911133 0.460693
vt 0.895508 0.456055
vt 0.906494 0.456055
vt 0.890869 0.456055
vt 0.887939 0.460693
vt 0.887939 0.456055
vt 0.890869 0.008789
vt 0.887939 0.008789
vt 0.887939 0.004150
vt 0.890869 0.004150
vt 0.895508 0.008789
vt 0.895508 0.004150
vt 0.890869 0.000488
vt 0.895508 0.000488
vt 0.906494 0.008789
vt 0.906494 0.004150
vt 0.906494 0.000488
vt 0.910400 0.000488
vt 0.911133 0.004150
vt 0.911133 0.008789
vt 0.914062 0.004150
vt 0.914062 0.008789
vt 0.911133 0.456055
vt 0.914062 0.456055
vt 0.914062 0.460693
vt 0.717285 0.959229
vt 0.720215 0.962402
vt 0.715088 0.960693
vt 0.714600 0.958740
vt 0.712646 0.961670
vt 0.711670 0.958984
vt 0.714355 0.956055
vt 0.711426 0.956299
vt 0.716064 0.957520
vt 0.720215 0.956543
vt 0.717529 0.954834
vt 0.715088 0.953613
vt 0.717041 0.950195
vt 0.719971 0.951416
vt 0.933594 0.661865
vt 0.934814 0.657959
vt 0.936768 0.661865
vt 0.877930 0.659180
vt 0.875977 0.662354
vt 0.875977 0.657715
vt 0.137451 0.683594
vt 0.137207 0.679932
vt 0.140137 0.683350
vt 0.152832 0.822754
vt 0.139648 0.679688
vt 0.155518 0.822510
vt 0.155762 0.826172
vt 0.153320 0.826416
vt 0.136963 0.677002
vt 0.139404 0.676758
vt 0.142334 0.678711
vt 0.138184 0.675293
vt 0.142090 0.675781
vt 0.140625 0.673584
vt 0.137207 0.671143
vt 0.135498 0.674072
vt 0.134277 0.676270
vt 0.143311 0.671143
vt 0.144775 0.674072
vt 0.146240 0.677002
vt 0.154053 0.671387
vt 0.152588 0.668457
vt 0.151123 0.665771
vt 0.155762 0.666260
vt 0.154297 0.664062
vt 0.888916 0.824219
vt 0.887695 0.826904
vt 0.887695 0.822998
vt 0.921387 0.661865
vt 0.917969 0.661865
vt 0.919189 0.657715
vt 0.795166 0.469971
vt 0.796143 0.467041
vt 0.799805 0.469971
vt 0.799805 0.474609
vt 0.811035 0.474609
vt 0.811035 0.469971
vt 0.815674 0.469971
vt 0.815674 0.467041
vt 0.815674 0.474609
vt 0.818359 0.469971
vt 0.818359 0.474609
vt 0.811035 0.652100
vt 0.815674 0.652100
vt 0.818359 0.652100
vt 0.818359 0.656738
vt 0.815674 0.656738
vt 0.811035 0.656738
vt 0.815674 0.659424
vt 0.799805 0.652100
vt 0.811035 0.659424
vt 0.811035 0.662354
vt 0.799805 0.659424
vt 0.799805 0.662354
vt 0.799805 0.656738
vt 0.796143 0.659424
vt 0.795166 0.656738
vt 0.795166 0.652100
vt 0.792236 0.656738
vt 0.792236 0.652100
vt 0.795166 0.474609
vt 0.792236 0.474609
vt 0.792236 0.469971
vt 0.197510 0.622070
vt 0.200684 0.620850
vt 0.199463 0.623291
vt 0.197021 0.626465
vt 0.195068 0.623779
vt 0.193604 0.621582
vt 0.191895 0.626709
vt 0.196045 0.620605
vt 0.198730 0.620605
vt 0.201416 0.618164
vt 0.196045 0.617676
vt 0.198730 0.617432
vt 0.195801 0.614014
vt 0.198486 0.613770
vt 0.194580 0.470947
vt 0.191895 0.470947
vt 0.191895 0.467285
vt 0.194580 0.467041
vt 0.961670 0.964600
vt 0.958740 0.968018
vt 0.959961 0.962646
vt 0.961670 0.961914
vt 0.958740 0.960205
vt 0.961182 0.958984
vt 0.964355 0.961426
vt 0.963867 0.958496
vt 0.963379 0.963135
vt 0.964600 0.967285
vt 0.966064 0.964355
vt 0.967041 0.961914
vt 0.913086 0.657715
vt 0.913086 0.661865
vt 0.909912 0.658691
vt 0.924805 0.621094
vt 0.924805 0.625732
vt 0.922607 0.624268
vt 0.593506 0.456055
vt 0.593506 0.008789
vt 0.596191 0.008789
vt 0.596191 0.456055
vt 0.596191 0.460693
vt 0.599121 0.008789
vt 0.596191 0.004150
vt 0.599121 0.456055
vt 0.599121 0.460693
vt 0.596191 0.463379
vt 0.599121 0.464355
vt 0.603760 0.456055
vt 0.603760 0.460693
vt 0.603760 0.464355
vt 0.781250 0.464355
vt 0.781250 0.460693
vt 0.785889 0.464355
vt 0.603760 0.008789
vt 0.781250 0.008789
vt 0.599121 0.004150
vt 0.596191 0.001465
vt 0.599121 0.000488
vt 0.603760 0.004150
vt 0.603760 0.000488
vt 0.781250 0.004150
vt 0.781250 0.000488
vt 0.785889 0.000488
vt 0.785889 0.004150
vt 0.788574 0.001465
vt 0.788574 0.004150
vt 0.785889 0.008789
vt 0.781250 0.456055
vt 0.788574 0.008789
vt 0.791504 0.008789
vt 0.788574 0.456055
vt 0.791504 0.456055
vt 0.785889 0.456055
vt 0.788574 0.460693
vt 0.785889 0.460693
vt 0.788574 0.463379
vt 0.888916 0.813232
vt 0.888916 0.817383
vt 0.887695 0.815918
vt 0.832764 0.819824
vt 0.834473 0.814697
vt 0.835938 0.816895
vt 0.837158 0.813721
vt 0.838623 0.815430
vt 0.837891 0.819580
vt 0.840576 0.816406
vt 0.841797 0.814209
vt 0.839844 0.813721
vt 0.842285 0.811523
vt 0.837158 0.810791
vt 0.839600 0.810791
vt 0.836914 0.807129
vt 0.839600 0.807129
vt 0.835449 0.666992
vt 0.832764 0.666992
vt 0.832764 0.663330
vt 0.835449 0.663330
vt 0.906006 0.661865
vt 0.906006 0.657715
vt 0.909180 0.661133
vt 0.888916 0.807617
vt 0.887695 0.806396
vt 0.888916 0.803711
vt 0.218506 0.974609
vt 0.233398 0.976562
vt 0.233643 0.980225
vt 0.218018 0.978271
vt 0.212402 0.977783
vt 0.212891 0.974121
vt 0.218994 0.970947
vt 0.212402 0.970215
vt 0.213623 0.855225
vt 0.232910 0.972656
vt 0.219238 0.855713
vt 0.213135 0.851318
vt 0.238281 0.973389
vt 0.238770 0.977051
vt 0.239502 0.858398
vt 0.233887 0.857666
vt 0.239014 0.854492
vt 0.233398 0.853760
vt 0.218750 0.852051
vt 0.212402 0.848389
vt 0.218262 0.848145
vt 0.233887 0.850098
vt 0.898438 0.613037
vt 0.894775 0.614502
vt 0.898438 0.609131
vt 0.902100 0.611816
vt 0.902100 0.625977
vt 0.900635 0.607422
vt 0.898926 0.606445
vt 0.894043 0.609131
vt 0.890869 0.615967
vt 0.895508 0.605469
vt 0.915039 0.424072
vt 0.917725 0.408203
vt 0.917725 0.423828
vt 0.922363 0.407715
vt 0.918213 0.403320
vt 0.922852 0.403076
vt 0.923340 0.423584
vt 0.918945 0.429443
vt 0.937988 0.406738
vt 0.937744 0.403076
vt 0.942627 0.403809
vt 0.943604 0.407471
vt 0.922607 0.429199
vt 0.938965 0.422607
vt 0.943604 0.422363
vt 0.943115 0.427002
vt 0.938477 0.428223
vt 0.937744 0.431152
vt 0.922852 0.431885
vt 0.439697 0.987549
vt 0.437744 0.989990
vt 0.433105 0.988037
vt 0.435303 0.985596
vt 0.431885 0.985840
vt 0.430420 0.989502
vt 0.428711 0.986816
vt 0.427490 0.982910
vt 0.430664 0.981934
vt 0.436523 0.981689
vt 0.430664 0.978271
vt 0.436768 0.978027
vt 0.434570 0.872070
vt 0.439697 0.872070
vt 0.439209 0.868652
vt 0.154053 0.954590
vt 0.154541 0.958252
vt 0.139404 0.956543
vt 0.139893 0.960205
vt 0.139893 0.952637
vt 0.134766 0.957031
vt 0.134277 0.953369
vt 0.134277 0.838135
vt 0.153564 0.950928
vt 0.157715 0.954102
vt 0.158203 0.950439
vt 0.158203 0.835205
vt 0.139893 0.837402
vt 0.134766 0.834473
vt 0.153564 0.835693
vt 0.157959 0.832275
vt 0.139404 0.833740
vt 0.134277 0.830811
vt 0.138916 0.830078
vt 0.154053 0.831787
vt 0.157471 0.828613
vt 0.153564 0.828125
vt 0.138428 0.827393
vt 0.951904 0.403076
vt 0.955322 0.405518
vt 0.952148 0.408691
vt 0.949463 0.406494
vt 0.953613 0.411621
vt 0.956787 0.408447
vt 0.947998 0.411621
vt 0.944580 0.411377
vt 0.946289 0.405029
vt 0.950928 0.412354
vt 0.947998 0.416992
vt 0.954590 0.416260
vt 0.952148 0.416748
vt 0.954102 0.428467
vt 0.956787 0.428467
vt 0.056885 0.981201
vt 0.050537 0.982666
vt 0.049316 0.882080
vt 0.055664 0.880615
vt 0.054932 0.876953
vt 0.049316 0.878662
vt 0.049561 0.874512
vt 0.044922 0.878174
vt 0.053467 0.873535
vt 0.046143 0.874268
vt 0.051758 0.871582
vt 0.048096 0.871338
vt 0.054932 0.868652
vt 0.056885 0.871338
vt 0.989258 0.785400
vt 0.989746 0.789062
vt 0.983887 0.785889
vt 0.989746 0.670166
vt 0.984375 0.789551
vt 0.984131 0.670898
vt 0.989258 0.666504
vt 0.984619 0.666992
vt 0.971924 0.787354
vt 0.971191 0.672363
vt 0.970703 0.668701
vt 0.970215 0.665039
vt 0.985107 0.663330
vt 0.965820 0.666504
vt 0.966064 0.669189
vt 0.966553 0.672852
vt 0.966309 0.788086
vt 0.965820 0.791748
vt 0.971436 0.791260
vt 0.966064 0.794678
vt 0.984619 0.793457
vt 0.970947 0.794922
vt 0.745117 0.900146
vt 0.730225 0.901123
vt 0.730225 0.898438
vt 0.746094 0.897461
vt 0.730225 0.892822
vt 0.725586 0.898438
vt 0.724609 0.892822
vt 0.746094 0.891846
vt 0.749756 0.896484
vt 0.750732 0.891846
vt 0.750732 0.875977
vt 0.746094 0.875977
vt 0.750732 0.872314
vt 0.746094 0.871338
vt 0.745117 0.868652
vt 0.729248 0.869629
vt 0.730225 0.872314
vt 0.730225 0.876953
vt 0.724609 0.873291
vt 0.724609 0.876953
vt 0.721680 0.892822
vt 0.721924 0.877930
vt 0.424561 0.868652
vt 0.426514 0.871338
vt 0.423340 0.873779
vt 0.421143 0.871094
vt 0.419189 0.873047
vt 0.423828 0.876465
vt 0.418701 0.876465
vt 0.417480 0.880371
vt 0.413330 0.879150
vt 0.424561 0.880127
vt 0.426514 0.988037
vt 0.419922 0.988037
vt 0.425293 0.991211
vt 0.420654 0.991455
vt 0.873291 0.615479
vt 0.877930 0.604004
vt 0.875732 0.616699
vt 0.874512 0.619873
vt 0.872070 0.618652
vt 0.872803 0.621826
vt 0.877930 0.622803
vt 0.876709 0.625977
vt 0.771240 0.963623
vt 0.771240 0.960449
vt 0.775879 0.963379
vt 0.771240 0.966064
vt 0.209961 0.852783
vt 0.211670 0.855713
vt 0.209961 0.857910
vt 0.753662 0.942871
vt 0.756836 0.942139
vt 0.757812 0.947266
vt 0.755371 0.947510
vt 0.750488 0.944580
vt 0.752930 0.949463
vt 0.757568 0.949951
vt 0.761230 0.947754
vt 0.761230 0.951416
vt 0.759521 0.955078
vt 0.756104 0.952881
vt 0.750488 0.952393
vt 0.754395 0.955811
vt 0.857422 0.957520
vt 0.860107 0.952881
vt 0.860107 0.959473
vt 0.662842 0.837158
vt 0.665283 0.838623
vt 0.662842 0.843750
vt 0.913086 0.800781
vt 0.918701 0.801514
vt 0.912598 0.804443
vt 0.918213 0.805176
vt 0.898438 0.798828
vt 0.898926 0.802734
vt 0.913086 0.808105
vt 0.899414 0.806396
vt 0.894287 0.802002
vt 0.894775 0.805908
vt 0.912598 0.923096
vt 0.917725 0.808838
vt 0.918213 0.923828
vt 0.918701 0.927734
vt 0.898926 0.921387
vt 0.913086 0.927002
vt 0.918213 0.931396
vt 0.913574 0.930664
vt 0.895264 0.920898
vt 0.890137 0.805420
vt 0.894775 0.924561
vt 0.898438 0.925049
vt 0.894287 0.928223
vt 0.898926 0.928955
vt 0.894043 0.930176
vt 0.898438 0.931641
vt 0.913330 0.932617
vt 0.357178 0.868652
vt 0.357178 0.968506
vt 0.351318 0.967285
vt 0.177490 0.960205
vt 0.177490 0.966064
vt 0.173828 0.965820
vt 0.859863 0.960449
vt 0.859863 0.966309
vt 0.857422 0.963379
vt 0.218018 0.845703
vt 0.214600 0.834229
vt 0.217041 0.833252
vt 0.213867 0.830078
vt 0.215576 0.829102
vt 0.213623 0.827393
vt 0.209961 0.830566
vt 0.211182 0.826172
vt 0.216553 0.823730
vt 0.218018 0.826172
vt 0.024658 0.874023
vt 0.029297 0.874268
vt 0.030029 0.877686
vt 0.024170 0.877686
vt 0.028564 0.984131
vt 0.033691 0.983887
vt 0.028320 0.870850
vt 0.024414 0.871094
vt 0.033691 0.872314
vt 0.026855 0.868652
vt 0.032227 0.869141
vt 0.915283 0.010010
vt 0.915039 0.006348
vt 0.920898 0.009277
vt 0.920410 0.005615
vt 0.920654 0.124512
vt 0.915039 0.125244
vt 0.915527 0.128906
vt 0.920166 0.128174
vt 0.934814 0.000977
vt 0.920166 0.002686
vt 0.934326 0.003906
vt 0.938477 0.000488
vt 0.937988 0.003418
vt 0.933838 0.007568
vt 0.938477 0.007080
vt 0.934326 0.122803
vt 0.937988 0.122314
vt 0.938477 0.125977
vt 0.933838 0.126465
vt 0.937988 0.128906
vt 0.919678 0.132080
vt 0.934326 0.130127
vt 0.919922 0.134033
vt 0.720947 0.910156
vt 0.720947 0.922119
vt 0.718262 0.909424
vt 0.720947 0.907227
vt 0.919189 0.438232
vt 0.934814 0.435547
vt 0.935059 0.438232
vt 0.939697 0.437988
vt 0.919678 0.443848
vt 0.915527 0.439453
vt 0.915039 0.444092
vt 0.935303 0.442871
vt 0.919678 0.459717
vt 0.915039 0.459961
vt 0.916992 0.463623
vt 0.919922 0.464355
vt 0.935303 0.458740
vt 0.935547 0.462402
vt 0.940186 0.462158
vt 0.939941 0.458496
vt 0.939941 0.442627
vt 0.942627 0.438721
vt 0.942871 0.442627
vt 0.942627 0.457520
vt 0.943604 0.463867
vt 0.946289 0.461670
vt 0.946289 0.465576
vt 0.960693 0.665283
vt 0.964355 0.665771
vt 0.960205 0.668213
vt 0.964844 0.668701
vt 0.959961 0.671875
vt 0.964355 0.672363
vt 0.947021 0.670410
vt 0.946533 0.666504
vt 0.959473 0.786865
vt 0.964844 0.787598
vt 0.947266 0.785400
vt 0.964355 0.791260
vt 0.945801 0.663574
vt 0.942139 0.663330
vt 0.941895 0.666016
vt 0.942383 0.669678
vt 0.941895 0.784912
vt 0.942383 0.788574
vt 0.947021 0.789307
vt 0.941895 0.791504
vt 0.946533 0.791992
vt 0.959961 0.790771
vt 0.960449 0.793701
vt 0.964111 0.793945
vt 0.964844 0.795898
vt 0.788574 0.934570
vt 0.791992 0.934570
vt 0.791992 0.946533
vt 0.788574 0.947266
vt 0.717041 0.889893
vt 0.720947 0.901611
vt 0.717041 0.903076
vt 0.718018 0.906250
vt 0.203125 0.768555
vt 0.205078 0.771729
vt 0.203125 0.773926
vt 0.964600 0.605957
vt 0.964600 0.609375
vt 0.963379 0.606201
vt 0.964600 0.601807
vt 0.961914 0.602295
vt 0.960449 0.608154
vt 0.963135 0.611816
vt 0.393555 0.908691
vt 0.391113 0.911133
vt 0.391113 0.904785
vt 0.959961 0.936035
vt 0.961914 0.932861
vt 0.965820 0.936279
vt 0.963867 0.938721
vt 0.958740 0.938477
vt 0.960693 0.940186
vt 0.958740 0.940674
vt 0.965820 0.942383
vt 0.962158 0.943848
vt 0.960205 0.944824
vt 0.884521 0.657715
vt 0.884521 0.662354
vt 0.882568 0.657959
vt 0.345947 0.969727
vt 0.345947 0.872070
vt 0.350586 0.871582
vt 0.345947 0.868652
vt 0.350586 0.968994
vt 0.853516 0.605957
vt 0.856934 0.604248
vt 0.858398 0.608643
vt 0.854736 0.608887
vt 0.859131 0.614746
vt 0.850586 0.606689
vt 0.855225 0.613770
vt 0.852051 0.608887
vt 0.848877 0.607910
vt 0.847900 0.604004
vt 0.846191 0.605957
vt 0.848145 0.611572
vt 0.852051 0.612549
vt 0.853271 0.626221
vt 0.850098 0.625732
vt 0.846191 0.624756
vt 0.537109 0.992676
vt 0.531738 0.993408
vt 0.531982 0.878174
vt 0.537598 0.877441
vt 0.531738 0.874512
vt 0.537109 0.873779
vt 0.532227 0.871582
vt 0.536865 0.871094
vt 0.552490 0.869141
vt 0.552002 0.872070
vt 0.557129 0.868652
vt 0.557373 0.871338
vt 0.551514 0.875977
vt 0.556885 0.875244
vt 0.551025 0.990967
vt 0.536621 0.996338
vt 0.556641 0.990479
vt 0.551514 0.994629
vt 0.556885 0.994141
vt 0.209961 0.874512
vt 0.209961 0.869873
vt 0.211670 0.872314
vt 0.944580 0.434570
vt 0.944580 0.429443
vt 0.947266 0.431885
vt 0.922119 0.661865
vt 0.922119 0.657715
vt 0.925049 0.661865
vt 0.924805 0.658691
vt 0.203125 0.787109
vt 0.205078 0.784424
vt 0.205078 0.787354
vt 0.203613 0.791748
vt 0.665283 0.814453
vt 0.662842 0.818604
vt 0.662598 0.813965
vt 0.662598 0.800781
vt 0.665283 0.801270
vt 0.192383 0.663086
vt 0.191895 0.660400
vt 0.195801 0.659912
vt 0.195312 0.657959
vt 0.197998 0.657471
vt 0.197754 0.662109
vt 0.197754 0.654785
vt 0.203857 0.637207
vt 0.203125 0.634277
vt 0.205078 0.633545
vt 0.203125 0.618408
vt 0.718262 0.935547
vt 0.718262 0.923096
vt 0.720703 0.923828
vt 0.588135 0.869141
vt 0.591064 0.868652
vt 0.591797 0.871582
vt 0.605957 0.869629
vt 0.587891 0.872070
vt 0.584229 0.870605
vt 0.587646 0.874756
vt 0.591309 0.875244
vt 0.605469 0.873291
vt 0.610596 0.870117
vt 0.610107 0.873779
vt 0.604980 0.876953
vt 0.609619 0.877441
vt 0.591797 0.990234
vt 0.587158 0.989746
vt 0.587646 0.993408
vt 0.604492 0.991943
vt 0.610107 0.992676
vt 0.610596 0.996338
vt 0.604980 0.995605
vt 0.591309 0.993896
vt 0.588135 0.996338
vt 0.590820 0.996582
vt 0.605713 0.998535
vt 0.962158 0.951172
vt 0.965820 0.951660
vt 0.962158 0.957764
vt 0.316650 0.869385
vt 0.312744 0.977295
vt 0.312744 0.868652
vt 0.455078 0.868652
vt 0.461426 0.870605
vt 0.445312 0.967529
vt 0.450928 0.968994
vt 0.445557 0.970947
vt 0.449707 0.972656
vt 0.445801 0.974121
vt 0.440674 0.971191
vt 0.449219 0.974854
vt 0.441650 0.974365
vt 0.447266 0.976562
vt 0.443115 0.976807
vt 0.449951 0.979248
vt 0.451904 0.977539
vt 0.460693 0.985107
vt 0.459229 0.987549
vt 0.461426 0.989502
vt 0.959473 0.622314
vt 0.959473 0.625977
vt 0.954834 0.623291
vt 0.954834 0.626953
vt 0.939941 0.626953
vt 0.954834 0.607422
vt 0.958496 0.607422
vt 0.958496 0.602783
vt 0.953857 0.601807
vt 0.938965 0.607422
vt 0.937988 0.601807
vt 0.934326 0.602783
vt 0.934326 0.607422
vt 0.938965 0.623291
vt 0.936279 0.626953
vt 0.935303 0.623291
vt 0.788574 0.959717
vt 0.791260 0.948242
vt 0.791260 0.960205
vt 0.683105 0.971924
vt 0.682129 0.974609
vt 0.671387 0.967529
vt 0.673096 0.965332
vt 0.671143 0.964111
vt 0.668213 0.966064
vt 0.667236 0.963623
vt 0.671631 0.961182
vt 0.663330 0.964600
vt 0.664795 0.968262
vt 0.662354 0.961426
vt 0.666992 0.960205
vt 0.671875 0.957275
vt 0.666748 0.956787
vt 0.683105 0.850586
vt 0.677734 0.849365
vt 0.679443 0.846436
vt 0.960693 0.261719
vt 0.960205 0.258057
vt 0.966064 0.261230
vt 0.965576 0.257324
vt 0.966064 0.142334
vt 0.948242 0.259521
vt 0.960693 0.142822
vt 0.965576 0.138428
vt 0.947754 0.144287
vt 0.961182 0.139160
vt 0.965332 0.134766
vt 0.961426 0.135254
vt 0.946777 0.136963
vt 0.947266 0.140625
vt 0.943115 0.138428
vt 0.942627 0.141357
vt 0.943115 0.145020
vt 0.942627 0.260254
vt 0.942139 0.263916
vt 0.947754 0.263184
vt 0.943359 0.267578
vt 0.947266 0.267090
vt 0.960938 0.265381
vt 0.375977 0.937012
vt 0.376221 0.931396
vt 0.379150 0.932373
vt 0.380127 0.936768
vt 0.382568 0.936035
vt 0.382080 0.948486
vt 0.384766 0.948486
vt 0.381592 0.931641
vt 0.380127 0.928467
vt 0.377441 0.926514
vt 0.372559 0.931152
vt 0.374268 0.925049
vt 0.379883 0.923096
vt 0.383301 0.925293
vt 0.384766 0.928467
vt 0.207520 0.957520
vt 0.208984 0.959717
vt 0.207520 0.962891
vt 0.205811 0.960449
vt 0.205078 0.963623
vt 0.208984 0.967041
vt 0.205811 0.967773
vt 0.200928 0.964355
vt 0.201904 0.959229
vt 0.745117 0.931885
vt 0.730225 0.930908
vt 0.730225 0.926270
vt 0.725586 0.929932
vt 0.724609 0.925293
vt 0.746094 0.926270
vt 0.748779 0.930908
vt 0.749756 0.926270
vt 0.749756 0.911377
vt 0.730225 0.910400
vt 0.746094 0.910400
vt 0.749756 0.906738
vt 0.746094 0.906738
vt 0.724609 0.909424
vt 0.721680 0.924316
vt 0.721680 0.909424
vt 0.725586 0.905762
vt 0.730225 0.905762
vt 0.730225 0.902100
vt 0.745850 0.902100
vt 0.874756 0.596680
vt 0.874268 0.600342
vt 0.869141 0.595947
vt 0.869629 0.599854
vt 0.868896 0.592285
vt 0.874268 0.592773
vt 0.874756 0.477539
vt 0.869385 0.602539
vt 0.854980 0.597900
vt 0.855469 0.594238
vt 0.850342 0.597412
vt 0.850830 0.593750
vt 0.854980 0.590332
vt 0.869141 0.476807
vt 0.874268 0.473877
vt 0.855469 0.475098
vt 0.850830 0.474609
vt 0.851318 0.589844
vt 0.846191 0.474121
vt 0.846680 0.589355
vt 0.850342 0.470703
vt 0.854980 0.471436
vt 0.850830 0.467041
vt 0.854492 0.467529
vt 0.868896 0.473145
vt 0.869141 0.469482
vt 0.874756 0.470215
vt 0.888916 0.960205
vt 0.888916 0.947510
vt 0.892578 0.958740
vt 0.760010 0.965576
vt 0.756348 0.967041
vt 0.755371 0.963135
vt 0.757812 0.962158
vt 0.755371 0.959717
vt 0.751953 0.963135
vt 0.751953 0.958008
vt 0.757812 0.956787
vt 0.761230 0.959961
vt 0.939453 0.268066
vt 0.935791 0.267578
vt 0.935303 0.263672
vt 0.940674 0.264404
vt 0.920410 0.261963
vt 0.919922 0.265625
vt 0.920898 0.258301
vt 0.915039 0.261230
vt 0.915283 0.257568
vt 0.915283 0.142334
vt 0.934814 0.260010
vt 0.940186 0.260742
vt 0.941162 0.145508
vt 0.920898 0.143066
vt 0.915039 0.138428
vt 0.935791 0.144775
vt 0.940674 0.141602
vt 0.920410 0.139160
vt 0.915283 0.134766
vt 0.919922 0.135498
vt 0.935303 0.141113
vt 0.939453 0.137695
vt 0.935791 0.137207
vt 0.202148 0.662354
vt 0.199463 0.657715
vt 0.202148 0.654785
vt 0.469482 0.985352
vt 0.473389 0.986816
vt 0.467529 0.988037
vt 0.474609 0.982910
vt 0.469971 0.981201
vt 0.465576 0.985596
vt 0.464355 0.989502
vt 0.462402 0.986816
vt 0.464111 0.981934
vt 0.463867 0.978027
vt 0.470459 0.977783
vt 0.462402 0.872314
vt 0.467529 0.872070
vt 0.466797 0.868652
vt 0.962891 0.399414
vt 0.959229 0.399902
vt 0.958740 0.396240
vt 0.962402 0.395752
vt 0.943848 0.397949
vt 0.944336 0.401611
vt 0.958252 0.392334
vt 0.962891 0.391846
vt 0.944336 0.394043
vt 0.963379 0.276367
vt 0.939453 0.398682
vt 0.938965 0.394775
vt 0.939453 0.279297
vt 0.944824 0.278564
vt 0.938965 0.275635
vt 0.958740 0.276855
vt 0.962891 0.272705
vt 0.944336 0.274902
vt 0.939453 0.271729
vt 0.943848 0.271240
vt 0.959229 0.272949
vt 0.962402 0.269043
vt 0.959717 0.269287
vt 0.884033 0.625977
vt 0.878906 0.624512
vt 0.881348 0.622314
vt 0.883789 0.620361
vt 0.886230 0.623291
vt 0.886475 0.620605
vt 0.890137 0.622559
vt 0.890137 0.625977
vt 0.883057 0.618164
vt 0.885742 0.617676
vt 0.882812 0.605225
vt 0.880127 0.605713
vt 0.311768 0.876953
vt 0.311768 0.977295
vt 0.305420 0.878174
vt 0.305176 0.978760
vt 0.310303 0.873535
vt 0.305176 0.874756
vt 0.305664 0.870605
vt 0.309570 0.869873
vt 0.307861 0.868652
vt 0.203369 0.727295
vt 0.205078 0.723877
vt 0.205078 0.729736
vt 0.932617 0.657959
vt 0.931885 0.661865
vt 0.930176 0.657959
vt 0.919922 0.625732
vt 0.919922 0.621094
vt 0.921631 0.621338
vt 0.881348 0.627930
vt 0.896240 0.626953
vt 0.896240 0.629883
vt 0.880615 0.630615
vt 0.896240 0.635254
vt 0.900879 0.629883
vt 0.901855 0.635254
vt 0.880615 0.636230
vt 0.876709 0.631592
vt 0.875977 0.636230
vt 0.875977 0.652100
vt 0.880615 0.652100
vt 0.875977 0.655762
vt 0.880615 0.656738
vt 0.897217 0.655762
vt 0.896240 0.651123
vt 0.900879 0.654785
vt 0.901855 0.651123
vt 0.904785 0.635254
vt 0.904785 0.650146
vt 0.412598 0.871338
vt 0.409912 0.873535
vt 0.410645 0.868652
vt 0.407227 0.871094
vt 0.405273 0.873047
vt 0.409912 0.876465
vt 0.404541 0.876465
vt 0.404053 0.880615
vt 0.410645 0.879883
vt 0.412598 0.988281
vt 0.406006 0.988281
vt 0.411865 0.991699
vt 0.406738 0.991699
vt 0.205078 0.783447
vt 0.203125 0.780762
vt 0.205078 0.777588
vt 0.393555 0.888916
vt 0.391113 0.887451
vt 0.393555 0.882080
vt 0.961426 0.420410
vt 0.961182 0.416260
vt 0.964844 0.420166
vt 0.961182 0.425537
vt 0.964600 0.424805
vt 0.197510 0.650879
vt 0.196045 0.654053
vt 0.191895 0.650879
vt 0.193848 0.647949
vt 0.195557 0.644287
vt 0.199219 0.647217
vt 0.198730 0.643555
vt 0.193848 0.641113
vt 0.201904 0.645020
vt 0.202148 0.648682
vt 0.197754 0.640137
vt 0.191895 0.627441
vt 0.259766 0.964111
vt 0.257080 0.962158
vt 0.259766 0.957520
vt 0.710938 0.868652
vt 0.713623 0.884277
vt 0.710938 0.885498
vt 0.905518 0.648438
vt 0.905518 0.632568
vt 0.910156 0.648438
vt 0.906494 0.653076
vt 0.910156 0.654053
vt 0.910156 0.632568
vt 0.906494 0.628906
vt 0.910156 0.627930
vt 0.927002 0.628906
vt 0.926025 0.633545
vt 0.926025 0.649414
vt 0.926025 0.654053
vt 0.929688 0.629883
vt 0.911133 0.655762
vt 0.926025 0.656738
vt 0.929688 0.656738
vt 0.930664 0.654053
vt 0.930664 0.649414
vt 0.933594 0.649414
vt 0.931641 0.633545
vt 0.933594 0.634521
vt 0.932617 0.630615
vt 0.930664 0.627930
vt 0.927002 0.626953
vt 0.930176 0.468994
vt 0.930420 0.467041
vt 0.946045 0.468994
vt 0.945801 0.470947
vt 0.930664 0.472656
vt 0.927246 0.469482
vt 0.927002 0.472168
vt 0.945312 0.474609
vt 0.950439 0.472412
vt 0.949951 0.475098
vt 0.931152 0.476562
vt 0.927490 0.476074
vt 0.945068 0.478271
vt 0.949463 0.478760
vt 0.931396 0.591797
vt 0.927734 0.591553
vt 0.927246 0.595215
vt 0.944336 0.593506
vt 0.949951 0.594238
vt 0.950439 0.598145
vt 0.944824 0.597412
vt 0.930908 0.595703
vt 0.927979 0.598145
vt 0.930664 0.598389
vt 0.945312 0.600342
vt 0.804932 0.966064
vt 0.804932 0.960938
vt 0.807373 0.963867
vt 0.162842 0.949951
vt 0.163818 0.954590
vt 0.161865 0.955322
vt 0.160889 0.950928
vt 0.163818 0.958008
vt 0.159424 0.956543
vt 0.162109 0.960205
vt 0.203125 0.732910
vt 0.205078 0.730713
vt 0.205078 0.736084
vt 0.933105 0.618896
vt 0.929932 0.606689
vt 0.933105 0.605469
vt 0.642822 0.872070
vt 0.638672 0.868652
vt 0.642334 0.869141
vt 0.638184 0.871338
vt 0.656982 0.870850
vt 0.643311 0.875732
vt 0.638672 0.875244
vt 0.656738 0.873535
vt 0.660645 0.871338
vt 0.661377 0.874268
vt 0.643799 0.990967
vt 0.638184 0.990479
vt 0.656250 0.877197
vt 0.660889 0.877930
vt 0.638672 0.994141
vt 0.655762 0.992432
vt 0.661377 0.993164
vt 0.660889 0.996826
vt 0.643311 0.994629
vt 0.639404 0.997070
vt 0.643066 0.997559
vt 0.656250 0.996338
vt 0.656738 0.999023
vt 0.660645 0.999512
vt 0.393555 0.916016
vt 0.391113 0.918457
vt 0.391113 0.912109
vt 0.034912 0.871094
vt 0.037354 0.868652
vt 0.038818 0.870850
vt 0.042725 0.869141
vt 0.044189 0.872070
vt 0.035156 0.874023
vt 0.039795 0.874268
vt 0.040527 0.877686
vt 0.034668 0.877686
vt 0.038818 0.983643
vt 0.044189 0.983398
vt 0.861084 0.669922
vt 0.866699 0.669189
vt 0.866943 0.673096
vt 0.861572 0.673584
vt 0.880859 0.663574
vt 0.866211 0.666504
vt 0.880371 0.667480
vt 0.884521 0.663330
vt 0.884033 0.666992
vt 0.866699 0.788574
vt 0.861084 0.789307
vt 0.861572 0.792969
vt 0.866211 0.792236
vt 0.879883 0.671387
vt 0.884521 0.670654
vt 0.880371 0.786865
vt 0.884033 0.786377
vt 0.889160 0.670166
vt 0.888672 0.785645
vt 0.883545 0.790039
vt 0.879883 0.790527
vt 0.865723 0.796143
vt 0.880371 0.793457
vt 0.865967 0.797852
vt 0.880615 0.796143
vt 0.815674 0.959961
vt 0.814941 0.957031
vt 0.820068 0.955566
vt 0.820801 0.958496
vt 0.817871 0.962646
vt 0.820312 0.961914
vt 0.824951 0.958984
vt 0.823975 0.962891
vt 0.823975 0.964844
vt 0.819092 0.964355
vt 0.814941 0.964355
vt 0.817627 0.966553
vt 0.496826 0.977051
vt 0.505859 0.984619
vt 0.495117 0.979004
vt 0.504395 0.987793
vt 0.494629 0.975098
vt 0.492188 0.976318
vt 0.490967 0.973877
vt 0.494873 0.972168
vt 0.486816 0.974121
vt 0.488037 0.976562
vt 0.485596 0.970947
vt 0.490479 0.970703
vt 0.495850 0.968506
vt 0.490234 0.967285
vt 0.505859 0.870361
vt 0.499756 0.868652
vt 0.866699 0.934082
vt 0.881592 0.933105
vt 0.866699 0.937744
vt 0.862061 0.934082
vt 0.861084 0.938721
vt 0.882324 0.937744
vt 0.866699 0.953613
vt 0.884277 0.933105
vt 0.886230 0.937744
vt 0.861084 0.954590
vt 0.886230 0.952637
vt 0.862061 0.958252
vt 0.882324 0.953613
vt 0.885254 0.957275
vt 0.881592 0.957275
vt 0.866699 0.958252
vt 0.866699 0.961182
vt 0.881592 0.961182
vt 0.961670 0.460938
vt 0.959229 0.458496
vt 0.964355 0.457275
vt 0.961670 0.456299
vt 0.956787 0.456299
vt 0.959229 0.454102
vt 0.964600 0.454834
vt 0.967529 0.458252
vt 0.968506 0.453857
vt 0.968018 0.450928
vt 0.963379 0.451904
vt 0.968506 0.447021
vt 0.963135 0.447754
vt 0.958496 0.450439
vt 0.977295 0.929932
vt 0.976807 0.927246
vt 0.991699 0.925293
vt 0.991211 0.921631
vt 0.996338 0.924805
vt 0.996582 0.921143
vt 0.995605 0.805908
vt 0.977295 0.923340
vt 0.990967 0.806396
vt 0.996094 0.802246
vt 0.991455 0.802734
vt 0.996582 0.799316
vt 0.991943 0.798828
vt 0.977295 0.808105
vt 0.976807 0.804443
vt 0.976318 0.800781
vt 0.972656 0.801270
vt 0.972168 0.805176
vt 0.971680 0.808838
vt 0.971680 0.924072
vt 0.391846 0.936279
vt 0.391846 0.949219
vt 0.387939 0.947754
vt 0.794434 0.949951
vt 0.792969 0.946533
vt 0.798584 0.949219
vt 0.799561 0.951660
vt 0.797607 0.946045
vt 0.802490 0.949463
vt 0.802734 0.952881
vt 0.802979 0.946533
vt 0.804443 0.950928
vt 0.813965 0.957520
vt 0.813232 0.959961
vt 0.803955 0.943115
vt 0.798096 0.942139
vt 0.813965 0.835693
vt 0.808350 0.834717
vt 0.809326 0.831299
vt 0.813721 0.832031
vt 0.813965 0.829834
vt 0.810791 0.829102
vt 0.961426 0.654541
vt 0.961426 0.650879
vt 0.966553 0.654297
vt 0.966553 0.650879
vt 0.965820 0.646973
vt 0.962646 0.647217
vt 0.218994 0.815674
vt 0.216553 0.818848
vt 0.216309 0.815674
vt 0.216309 0.801514
vt 0.218994 0.802002
vt 0.830078 0.960693
vt 0.827881 0.964844
vt 0.825928 0.962646
vt 0.827881 0.959473
vt 0.829590 0.957520
vt 0.827881 0.955566
vt 0.825928 0.956299
vt 0.961426 0.661865
vt 0.961426 0.655273
vt 0.964844 0.656006
vt 0.512207 0.983398
vt 0.508057 0.984619
vt 0.506836 0.980713
vt 0.511719 0.979248
vt 0.516113 0.983643
vt 0.513916 0.986084
vt 0.519287 0.984863
vt 0.517090 0.987305
vt 0.517578 0.979736
vt 0.510986 0.975586
vt 0.517578 0.976074
vt 0.513916 0.868652
vt 0.519287 0.868896
vt 0.770996 0.933594
vt 0.766357 0.932861
vt 0.770996 0.929932
vt 0.786865 0.933594
vt 0.766357 0.929932
vt 0.786865 0.928955
vt 0.770996 0.925293
vt 0.765381 0.926270
vt 0.786865 0.925293
vt 0.790527 0.928955
vt 0.790527 0.924316
vt 0.790527 0.909424
vt 0.770996 0.909424
vt 0.786865 0.909424
vt 0.789551 0.904785
vt 0.785889 0.903809
vt 0.770996 0.904785
vt 0.766357 0.905762
vt 0.765381 0.910400
vt 0.762695 0.926270
vt 0.762695 0.911377
vt 0.940430 0.926025
vt 0.940674 0.929688
vt 0.925537 0.927734
vt 0.925049 0.931641
vt 0.921387 0.932129
vt 0.919922 0.928467
vt 0.926025 0.924072
vt 0.920410 0.924561
vt 0.919678 0.809570
vt 0.939941 0.922363
vt 0.945801 0.925293
vt 0.925049 0.808838
vt 0.945312 0.921631
vt 0.919922 0.805664
vt 0.945312 0.806396
vt 0.939941 0.807129
vt 0.945801 0.802490
vt 0.925537 0.805176
vt 0.921387 0.801758
vt 0.925049 0.801514
vt 0.940430 0.803223
vt 0.940918 0.799561
vt 0.945312 0.798828
vt 0.842529 0.956543
vt 0.842529 0.961914
vt 0.839111 0.961914
vt 0.839111 0.958496
vt 0.836670 0.960938
vt 0.838135 0.965820
vt 0.834473 0.964355
vt 0.833252 0.958740
vt 0.836670 0.955566
vt 0.206299 0.818115
vt 0.203613 0.822754
vt 0.203613 0.815186
vt 0.936279 0.789795
vt 0.936768 0.793457
vt 0.931641 0.790283
vt 0.932129 0.793945
vt 0.932129 0.786621
vt 0.917969 0.791992
vt 0.917480 0.795898
vt 0.912842 0.796387
vt 0.912354 0.792725
vt 0.918213 0.788330
vt 0.912842 0.789062
vt 0.912354 0.673828
vt 0.917969 0.673096
vt 0.912842 0.669922
vt 0.918457 0.669189
vt 0.912354 0.666260
vt 0.917969 0.665527
vt 0.931641 0.671387
vt 0.932129 0.667480
vt 0.932617 0.663574
vt 0.936279 0.663330
vt 0.936768 0.666992
vt 0.936279 0.670654
vt 0.935791 0.786133
vt 0.940430 0.785400
vt 0.940918 0.670166
vt 0.961670 0.415527
vt 0.957764 0.415283
vt 0.961670 0.403076
vt 0.390137 0.906250
vt 0.390137 0.921387
vt 0.387451 0.906738
vt 0.184570 0.967773
vt 0.181396 0.967041
vt 0.182861 0.962891
vt 0.185303 0.963623
vt 0.184570 0.960449
vt 0.181396 0.959717
vt 0.182861 0.957520
vt 0.188477 0.959229
vt 0.189453 0.964355
vt 0.970703 0.927979
vt 0.969482 0.931396
vt 0.965332 0.927246
vt 0.965820 0.931152
vt 0.952393 0.925781
vt 0.951904 0.929443
vt 0.964844 0.923584
vt 0.952637 0.922119
vt 0.946777 0.925049
vt 0.947266 0.921387
vt 0.946777 0.806396
vt 0.970215 0.924072
vt 0.969727 0.809082
vt 0.952393 0.806885
vt 0.947266 0.802490
vt 0.965332 0.808350
vt 0.970215 0.805420
vt 0.951904 0.803223
vt 0.947754 0.798828
vt 0.951416 0.799316
vt 0.965576 0.804688
vt 0.966064 0.801025
vt 0.969727 0.802490
vt 0.372559 0.922119
vt 0.374756 0.909668
vt 0.377197 0.910156
vt 0.375244 0.922119
vt 0.375732 0.905029
vt 0.378418 0.905762
vt 0.381348 0.910400
vt 0.381348 0.905029
vt 0.384766 0.904785
vt 0.383057 0.898438
vt 0.379883 0.899902
vt 0.377197 0.902100
vt 0.372559 0.902100
vt 0.377441 0.896729
vt 0.374023 0.898926
vt 0.395264 0.991943
vt 0.394531 0.988281
vt 0.400391 0.991699
vt 0.401123 0.988281
vt 0.396484 0.879883
vt 0.403076 0.880615
vt 0.402588 0.876465
vt 0.397217 0.876465
vt 0.397217 0.873535
vt 0.401855 0.873047
vt 0.399902 0.871094
vt 0.394531 0.871338
vt 0.396484 0.868652
vt 0.131592 0.871338
vt 0.128174 0.871826
vt 0.129395 0.868652
vt 0.125732 0.869873
vt 0.124268 0.871094
vt 0.128662 0.875732
vt 0.123535 0.875000
vt 0.122314 0.878174
vt 0.128662 0.879395
vt 0.131592 0.979004
vt 0.125000 0.977783
vt 0.851807 0.658691
vt 0.850830 0.655762
vt 0.866699 0.659424
vt 0.866699 0.656738
vt 0.850830 0.650146
vt 0.847168 0.654785
vt 0.846191 0.650146
vt 0.866699 0.651123
vt 0.871338 0.656738
vt 0.850830 0.634521
vt 0.846191 0.634521
vt 0.846191 0.630615
vt 0.850830 0.629883
vt 0.866699 0.635254
vt 0.867676 0.630615
vt 0.851807 0.626953
vt 0.871338 0.631592
vt 0.872314 0.635254
vt 0.872314 0.651123
vt 0.875000 0.636230
vt 0.874023 0.656738
vt 0.875000 0.651123
vt 0.963379 0.010742
vt 0.963867 0.126465
vt 0.958252 0.125732
vt 0.963379 0.130127
vt 0.958740 0.129395
vt 0.958008 0.010010
vt 0.963867 0.007080
vt 0.944580 0.124023
vt 0.958252 0.006348
vt 0.963379 0.003418
vt 0.958740 0.002686
vt 0.943115 0.000732
vt 0.943604 0.004639
vt 0.940430 0.000488
vt 0.939941 0.004150
vt 0.944092 0.008301
vt 0.939453 0.007812
vt 0.939941 0.123291
vt 0.940430 0.127197
vt 0.944092 0.127686
vt 0.939941 0.130859
vt 0.958252 0.133301
vt 0.943604 0.131348
vt 0.205078 0.763184
vt 0.203369 0.767578
vt 0.203369 0.762207
vt 0.202393 0.592285
vt 0.202393 0.579590
vt 0.205078 0.579590
vt 0.202393 0.577148
vt 0.205078 0.576660
vt 0.205078 0.592285
vt 0.205078 0.596924
vt 0.962402 0.403076
vt 0.965088 0.404785
vt 0.962402 0.409180
vt 0.167236 0.966309
vt 0.164795 0.963867
vt 0.167236 0.960205
vt 0.965088 0.636719
vt 0.961426 0.634033
vt 0.964111 0.631592
vt 0.967041 0.634277
vt 0.966797 0.631592
vt 0.961426 0.627930
vt 0.964844 0.627930
vt 0.946533 0.932861
vt 0.950195 0.945557
vt 0.946533 0.947021
vt 0.950928 0.948975
vt 0.947998 0.950439
vt 0.949951 0.953369
vt 0.948486 0.956543
vt 0.946533 0.953613
vt 0.954346 0.950684
vt 0.953369 0.955322
vt 0.956543 0.957031
vt 0.957764 0.951904
vt 0.759033 0.891357
vt 0.759033 0.895264
vt 0.755371 0.895264
vt 0.755615 0.899902
vt 0.759033 0.900635
vt 0.880859 0.590332
vt 0.876221 0.589600
vt 0.880371 0.474609
vt 0.875732 0.474121
vt 0.884521 0.590820
vt 0.881104 0.593994
vt 0.885010 0.594482
vt 0.885010 0.475342
vt 0.880859 0.470947
vt 0.898193 0.592529
vt 0.897705 0.476807
vt 0.898193 0.473145
vt 0.903809 0.473877
vt 0.903320 0.477539
vt 0.903809 0.593018
vt 0.903320 0.596680
vt 0.898682 0.596191
vt 0.884521 0.597168
vt 0.899170 0.600098
vt 0.884277 0.599854
vt 0.898926 0.601807
vt 0.884521 0.471436
vt 0.898682 0.470459
vt 0.880371 0.467041
vt 0.884033 0.467529
vt 0.962158 0.433105
vt 0.966797 0.435791
vt 0.961914 0.437256
vt 0.956787 0.432373
vt 0.966064 0.439209
vt 0.957275 0.436279
vt 0.960693 0.439941
vt 0.956787 0.439209
vt 0.960938 0.442627
vt 0.957764 0.443604
vt 0.963623 0.441650
vt 0.968506 0.441406
vt 0.963867 0.446045
vt 0.966309 0.443848
vt 0.583496 0.878662
vt 0.583252 0.993652
vt 0.577637 0.993164
vt 0.577881 0.877930
vt 0.583008 0.874756
vt 0.578125 0.996826
vt 0.563477 0.995117
vt 0.563965 0.991455
vt 0.558838 0.994385
vt 0.558350 0.990723
vt 0.559326 0.875732
vt 0.563965 0.876221
vt 0.558838 0.871826
vt 0.578369 0.874268
vt 0.582520 0.871094
vt 0.578857 0.870605
vt 0.563477 0.872559
vt 0.558350 0.868896
vt 0.562988 0.868652
vt 0.211182 0.822510
vt 0.207275 0.819092
vt 0.209473 0.816406
vt 0.213379 0.819824
vt 0.214844 0.816162
vt 0.212402 0.813965
vt 0.214355 0.813965
vt 0.213623 0.810059
vt 0.210938 0.810791
vt 0.207275 0.797607
vt 0.209717 0.796387
vt 0.159912 0.949219
vt 0.159912 0.936523
vt 0.163818 0.948730
vt 0.710938 0.918213
vt 0.710938 0.903076
vt 0.713623 0.903564
vt 0.250732 0.967041
vt 0.248779 0.970459
vt 0.244629 0.968994
vt 0.246826 0.972900
vt 0.243408 0.971191
vt 0.246094 0.965820
vt 0.240723 0.968994
vt 0.240967 0.965820
vt 0.246094 0.962158
vt 0.240234 0.962402
vt 0.250732 0.854248
vt 0.244873 0.854492
vt 0.245605 0.850830
vt 0.250244 0.850586
vt 0.249023 0.848145
vt 0.387451 0.904785
vt 0.390137 0.890381
vt 0.390137 0.905518
vt 0.391846 0.922363
vt 0.391846 0.935303
vt 0.387451 0.933594
vt 0.763672 0.934570
vt 0.768311 0.934570
vt 0.768311 0.939209
vt 0.782959 0.935547
vt 0.762695 0.938232
vt 0.783936 0.939209
vt 0.768311 0.955078
vt 0.786865 0.935547
vt 0.787598 0.940186
vt 0.787598 0.955078
vt 0.762695 0.954102
vt 0.763672 0.958740
vt 0.768311 0.958740
vt 0.783936 0.955078
vt 0.782959 0.959717
vt 0.785889 0.959717
vt 0.955322 0.967773
vt 0.953369 0.967529
vt 0.955322 0.962891
vt 0.952881 0.963867
vt 0.949219 0.968018
vt 0.953613 0.961426
vt 0.949463 0.963867
vt 0.951416 0.958984
vt 0.948486 0.957764
vt 0.946533 0.962646
vt 0.887695 0.800049
vt 0.888916 0.798828
vt 0.888916 0.802734
vt 0.952393 0.661377
vt 0.948975 0.659180
vt 0.952393 0.658203
vt 0.717285 0.923096
vt 0.717285 0.935791
vt 0.714844 0.923096
vt 0.714111 0.934814
vt 0.711426 0.922852
vt 0.945557 0.661865
vt 0.945557 0.658203
vt 0.947998 0.658203
vt 0.947998 0.661377
vt 0.919434 0.401855
vt 0.915771 0.402100
vt 0.919922 0.398926
vt 0.915283 0.399414
vt 0.932861 0.397461
vt 0.920410 0.395020
vt 0.915039 0.395752
vt 0.932373 0.393555
vt 0.915283 0.280518
vt 0.937500 0.396729
vt 0.937012 0.399658
vt 0.933350 0.400146
vt 0.937988 0.393066
vt 0.937500 0.277832
vt 0.932861 0.278564
vt 0.937988 0.274170
vt 0.919922 0.280029
vt 0.915039 0.276855
vt 0.933350 0.274658
vt 0.937744 0.271484
vt 0.919434 0.276367
vt 0.915527 0.273926
vt 0.919189 0.273438
vt 0.934082 0.271729
vt 0.934570 0.269043
vt 0.755371 0.873779
vt 0.756348 0.871094
vt 0.758057 0.874756
vt 0.755859 0.877930
vt 0.761230 0.874512
vt 0.759033 0.870605
vt 0.761719 0.879395
vt 0.758545 0.878662
vt 0.758057 0.890381
vt 0.755371 0.890381
vt 0.952637 0.434570
vt 0.950928 0.431641
vt 0.952637 0.429932
vt 0.211670 0.881104
vt 0.211670 0.885742
vt 0.209961 0.883545
vt 0.886230 0.929688
vt 0.883545 0.930176
vt 0.883057 0.927246
vt 0.868896 0.932373
vt 0.886719 0.926758
vt 0.869385 0.929443
vt 0.882568 0.923584
vt 0.886230 0.923096
vt 0.884033 0.807861
vt 0.869629 0.925537
vt 0.863770 0.930176
vt 0.864258 0.926270
vt 0.862061 0.811035
vt 0.880371 0.808350
vt 0.884521 0.803955
vt 0.866699 0.810303
vt 0.861572 0.807373
vt 0.880859 0.804443
vt 0.884033 0.801270
vt 0.886719 0.800781
vt 0.865967 0.806641
vt 0.861084 0.804688
vt 0.865479 0.802979
vt 0.881104 0.800781
vt 0.880859 0.798828
vt 0.865234 0.801270
vt 0.963623 0.645996
vt 0.961426 0.642090
vt 0.963623 0.640869
vt 0.965332 0.644043
vt 0.961670 0.638916
vt 0.965332 0.637451
vt 0.721680 0.937012
vt 0.722900 0.933350
vt 0.726318 0.937256
vt 0.726807 0.932617
vt 0.742432 0.933594
vt 0.726562 0.953125
vt 0.721680 0.953857
vt 0.742188 0.938232
vt 0.747070 0.934814
vt 0.722412 0.957520
vt 0.747803 0.938477
vt 0.727051 0.960693
vt 0.723389 0.959473
vt 0.726074 0.958740
vt 0.742188 0.954102
vt 0.746826 0.954346
vt 0.749756 0.954590
vt 0.746582 0.958984
vt 0.749512 0.958252
vt 0.741943 0.958740
vt 0.741943 0.961426
vt 0.746582 0.960938
vt 0.197510 0.957520
vt 0.198242 0.959473
vt 0.193604 0.959717
vt 0.194336 0.961670
vt 0.190918 0.961914
vt 0.190186 0.957764
vt 0.190186 0.964600
vt 0.194824 0.964355
vt 0.195557 0.967773
vt 0.022949 0.871094
vt 0.022705 0.874023
vt 0.018066 0.874268
vt 0.023193 0.877686
vt 0.019043 0.870850
vt 0.020508 0.868652
vt 0.013672 0.872070
vt 0.015137 0.869141
vt 0.017334 0.877686
vt 0.013672 0.984619
vt 0.019043 0.985107
vt 0.324463 0.872070
vt 0.325195 0.868652
vt 0.331055 0.870605
vt 0.325195 0.970703
vt 0.331055 0.969971
vt 0.325928 0.974609
vt 0.391113 0.897217
vt 0.393311 0.899658
vt 0.391113 0.903809
vt 0.902100 0.660645
vt 0.899902 0.662109
vt 0.899902 0.657715
s 1
usemtl tripo_mat_96d34896-216b-4e2f-99d3-05aaa868d2b9
f 601/1 618/2 609/3
f 609/3 618/2 439/4
f 618/2 601/1 614/5
f 614/5 601/1 540/6
f 614/5 540/6 605/7
f 614/5 605/7 613/8
f 613/8 605/7 542/9
f 614/5 613/8 607/10
f 614/5 607/10 618/2
f 607/10 613/8 536/11
f 607/10 536/11 593/12
f 607/10 593/12 427/13
f 607/10 427/13 445/14
f 607/10 445/14 618/2
f 445/14 427/13 417/15
f 445/14 417/15 442/16
f 618/2 445/14 446/17
f 446/17 445/14 442/16
f 618/2 446/17 439/4
f 439/4 446/17 434/18
f 446/17 442/16 443/19
f 446/17 443/19 434/18
f 434/18 443/19 423/20
f 423/20 443/19 425/21
f 425/21 443/19 413/22
f 601/23 609/24 512/25
f 601/23 512/25 514/26
f 601/23 514/26 540/27
f 540/27 514/26 517/28
f 540/27 517/28 532/29
f 540/27 532/29 605/30
f 512/31 609/32 501/33
f 501/33 609/32 439/34
f 501/33 439/34 392/35
f 392/35 439/34 394/36
f 394/36 439/34 434/37
f 394/36 434/37 423/38
f 394/36 423/38 396/39
f 396/39 423/38 398/40
f 398/40 423/38 425/41
f 398/40 425/41 400/42
f 512/43 501/44 456/45
f 456/45 501/44 392/46
f 512/43 456/45 466/47
f 512/43 466/47 514/48
f 514/48 466/47 474/49
f 474/49 466/47 345/50
f 474/49 345/50 349/51
f 345/50 466/47 319/52
f 319/52 466/47 456/45
f 345/50 319/52 240/53
f 240/53 319/52 236/54
f 319/52 456/45 316/55
f 319/52 316/55 236/54
f 313/56 456/45 392/46
f 456/45 313/56 316/55
f 313/56 392/46 394/57
f 236/54 316/55 233/58
f 236/54 233/58 188/59
f 233/58 316/55 80/60
f 80/60 316/55 120/61
f 120/61 316/55 313/56
f 80/60 120/61 74/62
f 74/62 120/61 116/63
f 120/61 313/56 274/64
f 274/64 313/56 394/57
f 120/61 274/64 116/63
f 274/64 394/57 396/65
f 274/64 396/65 279/66
f 274/64 279/66 116/63
f 116/63 279/66 112/67
f 349/68 345/69 240/70
f 349/71 240/72 244/73
f 240/74 236/75 207/76
f 207/76 236/75 188/77
f 240/74 207/76 244/78
f 207/76 188/77 167/79
f 167/79 188/77 137/80
f 207/76 167/79 194/81
f 207/76 194/81 244/78
f 244/78 194/81 231/82
f 231/82 194/81 208/83
f 349/84 244/85 325/86
f 325/86 244/85 231/87
f 349/84 325/86 479/88
f 325/86 231/87 324/89
f 324/89 231/87 208/90
f 324/89 208/90 227/91
f 479/88 325/86 484/92
f 479/88 484/92 517/93
f 517/93 484/92 532/94
f 532/94 484/92 519/95
f 484/92 325/86 483/96
f 484/92 483/96 519/95
f 483/96 325/86 324/89
f 519/95 483/96 508/97
f 508/97 483/96 471/98
f 483/96 324/89 311/99
f 483/96 311/99 471/98
f 311/99 324/89 227/91
f 311/99 227/91 307/100
f 311/99 307/100 471/98
f 471/98 307/100 463/101
f 188/102 233/103 170/104
f 170/104 233/103 80/105
f 188/106 170/107 137/108
f 137/108 170/107 29/109
f 137/108 29/109 2/110
f 2/110 29/109 33/111
f 2/110 33/111 10/112
f 137/108 2/110 127/113
f 2/110 10/112 1/114
f 2/110 1/114 127/113
f 1/114 10/112 5/115
f 5/115 10/112 26/116
f 5/115 26/116 13/117
f 5/115 13/117 36/118
f 5/115 36/118 20/119
f 5/115 20/119 1/114
f 1/114 20/119 15/120
f 1/114 15/120 127/113
f 127/113 15/120 151/121
f 127/113 151/121 165/122
f 127/113 165/122 157/123
f 127/113 157/123 137/108
f 157/123 165/122 193/124
f 137/108 157/123 167/125
f 157/123 193/124 176/126
f 157/123 176/126 167/125
f 167/125 176/126 194/127
f 208/128 194/129 176/130
f 208/131 176/132 193/133
f 208/131 193/133 227/134
f 227/134 193/133 222/135
f 227/134 222/135 307/136
f 307/136 222/135 301/137
f 222/135 193/133 165/138
f 301/137 222/135 218/139
f 218/139 222/135 165/138
f 218/139 165/138 151/140
f 218/139 151/140 202/141
f 202/141 151/140 15/142
f 202/141 15/142 58/143
f 463/144 307/145 301/146
f 463/144 301/146 459/147
f 459/147 301/146 297/148
f 297/148 301/146 218/149
f 297/148 218/149 202/150
f 297/148 202/150 58/151
f 459/147 297/148 451/152
f 459/147 451/152 492/153
f 492/153 451/152 490/154
f 490/154 451/152 380/155
f 297/148 58/151 107/156
f 297/148 107/156 451/152
f 107/156 58/151 60/157
f 380/155 451/152 252/158
f 252/158 451/152 107/156
f 380/155 252/158 365/159
f 107/156 60/157 93/160
f 107/156 93/160 252/158
f 93/160 60/157 63/161
f 63/161 60/157 36/162
f 93/160 63/161 97/163
f 252/158 93/160 256/164
f 252/158 256/164 365/159
f 256/164 93/160 97/163
f 365/159 256/164 369/165
f 256/164 97/163 260/166
f 256/164 260/166 369/165
f 60/167 58/168 15/169
f 496/170 463/171 459/172
f 463/171 496/170 471/173
f 496/170 459/172 492/174
f 471/173 496/170 508/175
f 496/170 492/174 525/176
f 496/170 525/176 508/175
f 525/176 492/174 536/177
f 536/177 492/174 490/178
f 536/177 490/178 593/179
f 525/176 536/177 613/180
f 525/176 613/180 542/181
f 525/176 542/181 508/175
f 508/175 542/181 519/182
f 519/182 542/181 532/183
f 532/183 542/181 605/184
f 593/185 490/186 380/187
f 593/185 380/187 427/188
f 427/188 380/187 417/189
f 417/189 380/187 365/190
f 417/189 365/190 369/191
f 417/189 369/191 405/192
f 417/189 405/192 442/193
f 442/193 405/192 413/194
f 405/192 369/191 374/195
f 374/195 369/191 260/196
f 374/195 260/196 268/197
f 405/192 374/195 390/198
f 405/192 390/198 413/194
f 413/194 390/198 425/199
f 97/200 63/201 87/202
f 87/202 63/201 51/203
f 51/203 63/201 36/204
f 51/203 36/204 13/205
f 51/203 13/205 48/206
f 97/207 87/208 260/209
f 36/210 60/211 20/212
f 20/212 60/211 15/213
f 29/214 170/215 80/216
f 29/217 80/218 33/219
f 33/219 80/218 74/220
f 33/219 74/220 76/221
f 76/221 74/220 116/222
f 76/221 116/222 112/223
f 76/221 112/223 68/224
f 68/224 112/223 102/225
f 33/219 76/221 45/226
f 45/226 76/221 68/224
f 33/219 45/226 10/227
f 45/226 68/224 54/228
f 10/227 45/226 26/229
f 26/229 45/226 54/228
f 112/230 279/231 284/232
f 284/232 279/231 396/233
f 112/230 284/232 102/234
f 284/232 396/233 398/235
f 284/232 398/235 287/236
f 284/232 287/236 102/234
f 287/236 398/235 400/237
f 102/234 287/236 105/238
f 102/234 105/238 68/239
f 287/236 400/237 269/240
f 287/236 269/240 105/238
f 68/239 105/238 54/241
f 269/240 400/237 390/242
f 390/242 400/237 425/243
f 269/240 390/242 374/244
f 269/240 374/244 268/245
f 13/246 26/247 54/241
f 13/246 54/241 48/248
f 48/248 54/241 105/238
f 91/249 105/238 269/240
f 105/238 91/249 48/248
f 91/249 269/240 268/245
f 48/248 91/249 51/250
f 91/249 268/245 87/251
f 91/249 87/251 51/250
f 443/252 442/253 413/254
f 517/255 514/256 474/257
f 349/258 479/259 474/260
f 474/260 479/259 517/261
f 517/262 479/263 473/264
f 473/265 479/266 347/267
f 479/268 517/269 478/270
f 478/270 517/269 516/271
f 478/270 516/271 509/272
f 479/268 478/270 321/273
f 478/270 509/272 477/274
f 479/268 321/273 347/275
f 478/270 477/274 321/273
f 347/275 321/273 251/276
f 477/274 509/272 508/277
f 477/274 508/277 469/278
f 251/276 321/273 243/279
f 477/274 469/278 309/280
f 321/273 477/274 320/281
f 320/281 477/274 309/280
f 321/273 320/281 243/279
f 320/281 309/280 224/282
f 243/279 320/281 228/283
f 228/283 320/281 224/282
f 517/284 473/285 506/286
f 473/287 347/288 344/289
f 473/290 344/291 465/292
f 465/292 344/291 340/293
f 340/293 344/291 249/294
f 340/293 249/294 235/295
f 465/292 340/293 455/296
f 465/292 455/296 504/297
f 340/293 235/295 315/298
f 504/297 455/296 500/299
f 340/293 315/298 455/296
f 500/299 455/296 391/300
f 315/298 235/295 232/301
f 315/298 232/301 79/302
f 391/300 455/296 271/303
f 271/303 455/296 315/298
f 391/300 271/303 394/304
f 394/304 271/303 273/305
f 271/303 315/298 119/306
f 119/306 315/298 79/302
f 271/303 119/306 273/305
f 119/306 79/302 83/307
f 273/305 119/306 115/308
f 115/308 119/306 83/307
f 273/305 115/308 277/309
f 277/309 115/308 111/310
f 111/310 115/308 76/311
f 76/311 115/308 83/307
f 76/311 83/307 43/312
f 473/313 465/314 506/315
f 506/315 465/314 504/316
f 517/317 506/315 527/318
f 527/318 506/315 537/319
f 537/319 506/315 504/316
f 537/319 504/316 595/320
f 595/320 504/316 500/321
f 344/322 347/323 249/324
f 517/325 527/326 516/327
f 249/328 347/329 251/330
f 249/331 251/332 205/333
f 249/331 205/333 235/334
f 205/333 251/332 199/335
f 199/335 251/332 243/336
f 199/335 243/336 228/337
f 199/335 228/337 190/338
f 205/333 199/335 173/339
f 235/334 205/333 196/340
f 196/340 205/333 173/339
f 235/334 196/340 232/341
f 196/340 173/339 153/342
f 232/341 196/340 187/343
f 187/343 196/340 153/342
f 79/344 232/345 187/346
f 79/344 187/346 42/347
f 190/348 173/349 199/350
f 173/349 190/348 166/351
f 173/349 166/351 153/352
f 153/352 166/351 152/353
f 152/353 166/351 172/354
f 152/353 172/354 163/355
f 152/353 163/355 15/356
f 152/353 15/356 7/357
f 7/357 15/356 32/358
f 153/352 152/353 16/359
f 16/359 152/353 7/357
f 153/352 16/359 42/360
f 153/352 42/360 187/361
f 42/360 16/359 43/362
f 43/362 16/359 21/363
f 21/363 16/359 7/357
f 43/362 21/363 45/364
f 45/364 21/363 37/365
f 21/363 7/357 9/366
f 21/363 9/366 37/365
f 9/366 7/357 32/358
f 37/365 9/366 25/367
f 9/366 32/358 44/368
f 9/366 44/368 25/367
f 166/369 190/370 198/371
f 198/371 190/370 228/372
f 198/371 228/372 224/373
f 166/369 198/371 172/374
f 198/371 224/373 238/375
f 198/371 238/375 172/374
f 172/374 238/375 219/376
f 172/374 219/376 163/377
f 163/377 219/376 203/378
f 163/377 203/378 15/379
f 15/379 203/378 71/380
f 224/381 309/382 305/383
f 224/384 305/385 238/386
f 309/387 469/388 305/389
f 305/389 469/388 461/390
f 461/390 469/388 497/391
f 461/390 497/391 453/392
f 497/391 469/388 508/393
f 453/392 497/391 493/394
f 497/391 508/393 525/395
f 497/391 525/395 493/394
f 493/394 525/395 523/396
f 508/397 509/398 526/399
f 508/397 526/399 525/400
f 526/401 509/402 516/403
f 526/401 516/403 539/404
f 539/405 516/406 527/407
f 525/408 526/409 599/410
f 599/410 526/409 539/411
f 525/408 599/410 523/412
f 523/412 599/410 594/413
f 523/412 594/413 534/414
f 599/410 539/411 600/415
f 599/410 600/415 594/413
f 600/415 539/411 527/416
f 534/414 594/413 415/417
f 600/415 527/416 537/418
f 600/415 537/418 608/419
f 600/415 608/419 594/413
f 608/419 537/418 595/420
f 608/419 595/420 429/421
f 415/417 594/413 428/422
f 428/422 594/413 608/419
f 415/417 428/422 407/423
f 608/419 429/421 438/424
f 608/419 438/424 428/422
f 438/424 429/421 419/425
f 407/423 428/422 418/426
f 418/426 428/422 438/424
f 407/423 418/426 405/427
f 405/427 418/426 413/428
f 418/426 438/424 433/429
f 418/426 433/429 413/428
f 433/429 438/424 419/425
f 413/428 433/429 409/430
f 433/429 419/425 410/431
f 433/429 410/431 409/430
f 429/432 595/433 500/434
f 429/432 500/434 391/435
f 429/432 391/435 394/436
f 429/432 394/436 419/437
f 419/437 394/436 410/438
f 410/438 394/436 383/439
f 410/438 383/439 386/440
f 383/439 394/436 273/441
f 383/439 273/441 277/442
f 383/439 277/442 281/443
f 409/444 410/445 386/446
f 409/444 386/446 385/447
f 385/447 386/446 283/448
f 283/448 386/446 281/449
f 283/448 281/449 99/450
f 283/448 99/450 101/451
f 101/451 99/450 67/452
f 101/451 67/452 52/453
f 101/451 52/453 47/454
f 283/448 101/451 265/455
f 283/448 265/455 385/447
f 101/451 47/454 88/456
f 101/451 88/456 265/455
f 88/456 47/454 50/457
f 88/456 50/457 87/458
f 88/456 87/458 264/459
f 88/456 264/459 265/455
f 265/455 264/459 372/460
f 375/461 385/447 265/455
f 375/461 265/455 372/460
f 385/447 375/461 409/444
f 375/461 372/460 405/462
f 409/444 375/461 413/463
f 413/463 375/461 405/462
f 386/464 383/465 281/466
f 281/467 277/468 111/469
f 281/470 111/471 99/472
f 99/473 111/474 67/475
f 67/476 111/477 76/478
f 405/479 372/480 370/481
f 370/481 372/480 261/482
f 261/482 372/480 264/483
f 261/482 264/483 87/484
f 405/485 370/486 407/487
f 268/488 260/489 87/490
f 76/491 45/492 67/493
f 45/492 76/491 43/494
f 67/493 45/492 52/495
f 52/495 45/492 37/496
f 52/495 37/496 25/497
f 52/495 25/497 47/498
f 43/499 83/500 79/501
f 43/502 79/503 42/504
f 50/505 47/506 25/507
f 50/505 25/507 44/508
f 64/509 87/510 50/511
f 64/512 50/513 44/514
f 64/512 44/514 73/515
f 87/516 64/517 98/518
f 87/516 98/518 261/519
f 98/518 64/517 94/520
f 261/519 98/518 257/521
f 257/521 98/518 94/520
f 261/519 257/521 370/522
f 370/522 257/521 366/523
f 366/523 257/521 253/524
f 253/524 257/521 94/520
f 366/523 253/524 363/525
f 73/526 94/520 64/517
f 363/525 253/524 449/527
f 363/525 449/527 488/528
f 488/528 449/527 493/529
f 493/529 449/527 453/530
f 253/524 94/520 108/531
f 253/524 108/531 449/527
f 108/531 94/520 73/526
f 108/531 73/526 71/532
f 71/532 73/526 15/533
f 15/533 73/526 32/534
f 32/534 73/526 44/535
f 449/527 108/531 298/536
f 449/527 298/536 453/530
f 203/537 298/536 71/532
f 298/536 203/537 219/538
f 453/530 298/536 302/539
f 302/539 298/536 219/538
f 453/530 302/539 461/540
f 302/539 219/538 238/541
f 461/540 302/539 305/542
f 305/542 302/539 238/541
f 370/543 366/544 407/545
f 407/545 366/544 363/546
f 407/545 363/546 415/547
f 108/548 71/549 298/550
f 493/551 523/552 488/553
f 488/554 523/555 534/556
f 488/554 534/556 363/557
f 363/557 534/556 415/558
f 378/559 358/560 361/561
f 361/561 358/560 338/562
f 361/561 338/562 362/563
f 362/563 338/562 339/564
f 378/565 361/566 379/567
f 379/567 361/566 362/568
f 378/565 379/567 376/569
f 376/569 379/567 377/570
f 376/569 377/570 352/571
f 376/569 352/571 351/572
f 379/573 362/574 339/575
f 354/576 358/577 378/578
f 354/576 378/578 376/579
f 354/576 376/579 328/580
f 358/581 354/582 1142/583
f 1142/583 354/582 328/584
f 1142/583 328/584 1116/585
f 358/581 1142/583 1146/586
f 358/581 1146/586 1126/587
f 358/581 1126/587 338/588
f 377/589 379/590 360/591
f 377/589 360/591 356/592
f 377/589 356/592 352/593
f 352/593 356/592 329/594
f 360/595 379/596 339/597
f 376/598 351/599 328/600
f 351/601 352/602 329/603
f 351/601 329/603 328/604
f 328/604 329/603 290/605
f 328/604 290/605 289/606
f 356/607 360/608 1148/609
f 1148/609 360/608 339/610
f 1148/609 339/610 1127/611
f 356/607 1148/609 1144/612
f 356/607 1144/612 1117/613
f 356/607 1117/613 329/614
f 329/615 1117/616 1078/617
f 329/615 1078/617 290/618
f 290/618 1078/617 998/619
f 290/618 998/619 210/620
f 998/619 1078/617 997/621
f 997/621 1078/617 1077/622
f 290/618 210/620 289/623
f 1116/624 289/623 1077/622
f 289/623 1116/624 328/625
f 1077/622 289/623 209/626
f 1077/622 209/626 997/621
f 209/626 289/623 210/620
f 967/627 998/619 997/621
f 997/621 209/626 179/628
f 997/621 179/628 967/627
f 209/626 210/620 180/629
f 209/626 180/629 179/628
f 968/630 210/620 998/619
f 968/630 998/619 967/627
f 210/620 968/630 180/629
f 968/630 967/627 927/631
f 927/631 967/627 928/632
f 968/630 927/631 929/633
f 968/630 929/633 930/634
f 141/635 179/628 180/629
f 141/635 180/629 142/636
f 179/628 141/635 139/637
f 179/628 139/637 140/638
f 1144/639 1148/640 1167/641
f 1144/639 1167/641 1165/642
f 1144/639 1165/642 1117/643
f 1167/644 1148/645 1150/646
f 1150/646 1148/645 1127/647
f 1167/648 1150/649 1166/650
f 1166/650 1150/649 1149/651
f 1167/648 1166/650 1165/652
f 1165/652 1166/650 1164/653
f 1165/652 1164/653 1139/654
f 1165/652 1139/654 1140/655
f 1149/656 1150/657 1127/658
f 1149/656 1127/658 1126/659
f 1166/660 1149/661 1126/662
f 1164/663 1166/664 1146/665
f 1164/663 1146/665 1142/666
f 1164/663 1142/666 1139/667
f 1139/667 1142/666 1116/668
f 1146/669 1166/670 1126/671
f 1165/672 1140/673 1117/674
f 1140/675 1139/676 1116/677
f 1140/675 1116/677 1117/678
f 1117/678 1116/677 1077/679
f 1117/678 1077/679 1078/680
f 338/681 1126/682 1083/683
f 1083/683 1126/682 1084/684
f 1084/684 1126/682 1127/685
f 338/681 1083/683 295/686
f 338/681 295/686 339/687
f 296/688 1127/685 339/687
f 1127/685 296/688 1084/684
f 296/688 339/687 295/686
f 1083/683 1084/684 1004/689
f 1084/684 296/688 216/690
f 1084/684 216/690 1004/689
f 296/688 295/686 215/691
f 296/688 215/691 216/690
f 1003/692 295/686 1083/683
f 1003/692 1083/683 1004/689
f 295/686 1003/692 215/691
f 1004/689 216/690 186/693
f 1003/692 1004/689 974/694
f 974/694 1004/689 186/693
f 215/691 1003/692 973/695
f 973/695 1003/692 974/694
f 185/696 216/690 215/691
f 216/690 185/696 186/693
f 185/696 215/691 973/695
f 974/694 186/693 150/697
f 974/694 150/697 938/698
f 150/697 186/693 149/699
f 974/694 938/698 937/700
f 974/694 937/700 973/695
f 149/699 186/693 147/701
f 147/701 186/693 185/696
f 973/695 937/700 935/702
f 147/701 185/696 148/703
f 973/695 935/702 936/704
f 148/703 185/696 936/704
f 936/704 185/696 973/695
f 180/705 968/706 930/707
f 180/705 930/707 142/708
f 967/709 179/710 140/711
f 967/709 140/711 928/712
f 929/713 927/714 917/715
f 928/716 918/717 927/714
f 927/714 918/717 917/715
f 917/715 918/717 921/718
f 921/718 918/717 922/719
f 921/718 922/719 935/720
f 935/720 922/719 936/721
f 921/718 935/720 923/722
f 921/718 923/722 917/715
f 923/722 935/720 937/723
f 923/722 937/723 924/724
f 924/724 937/723 938/725
f 917/715 923/722 919/726
f 919/726 923/722 924/724
f 917/715 919/726 929/713
f 919/726 924/724 920/727
f 919/726 920/727 929/713
f 929/713 920/727 930/728
f 928/729 140/730 123/731
f 123/731 140/730 130/732
f 928/729 123/731 911/733
f 928/729 911/733 918/734
f 918/734 911/733 922/735
f 922/735 911/733 913/736
f 913/736 911/733 123/731
f 922/735 913/736 936/737
f 936/737 913/736 148/738
f 913/736 123/731 125/739
f 913/736 125/739 148/738
f 125/739 123/731 130/732
f 148/738 125/739 134/740
f 134/740 125/739 130/732
f 130/741 140/742 139/743
f 130/741 139/743 129/744
f 130/741 129/744 134/745
f 129/744 139/743 131/746
f 131/746 139/743 141/747
f 134/745 129/744 133/748
f 133/748 129/744 131/746
f 131/746 141/747 132/749
f 132/749 141/747 142/750
f 131/746 132/749 135/751
f 131/746 135/751 133/748
f 135/751 132/749 136/752
f 135/751 136/752 149/753
f 135/751 149/753 133/748
f 149/753 136/752 150/754
f 133/748 149/753 147/755
f 133/748 147/755 134/745
f 134/745 147/755 148/756
f 920/757 924/758 914/759
f 914/759 924/758 938/760
f 920/757 914/759 912/761
f 920/757 912/761 930/762
f 930/762 912/761 142/763
f 914/759 938/760 126/764
f 914/759 126/764 912/761
f 126/764 938/760 150/765
f 126/764 150/765 136/766
f 912/761 126/764 124/767
f 912/761 124/767 142/763
f 124/767 126/764 136/766
f 142/763 124/767 132/768
f 132/768 124/767 136/766
f 336/769 357/770 334/771
f 336/772 334/773 1124/774
f 1124/774 334/773 1122/775
f 1124/774 1122/775 1145/776
f 334/777 357/778 332/779
f 332/779 357/778 353/780
f 331/781 330/782 353/780
f 331/781 353/780 355/783
f 355/783 353/780 357/778
f 355/783 357/778 359/784
f 359/784 357/778 336/785
f 359/784 336/785 337/786
f 355/783 359/784 335/787
f 355/783 335/787 333/788
f 334/789 332/790 1120/791
f 334/789 1120/791 1122/792
f 332/793 353/794 330/795
f 332/796 330/797 1120/798
f 1120/798 330/797 1118/799
f 1120/798 1118/799 1141/800
f 1122/801 1120/802 1141/803
f 1122/801 1141/803 1145/804
f 1124/805 1145/804 1125/806
f 1125/806 1145/804 1147/807
f 1147/807 1145/804 1141/803
f 1147/807 1141/803 1143/808
f 1143/808 1141/803 1118/809
f 1143/808 1118/809 1119/810
f 1147/807 1143/808 1121/811
f 1147/807 1121/811 1123/812
f 1143/813 1119/814 1121/815
f 1147/816 1123/817 1125/818
f 1123/819 1121/820 333/821
f 1123/819 333/821 335/822
f 333/823 1121/824 1119/825
f 333/823 1119/825 331/826
f 333/823 331/826 355/827
f 1125/828 1123/829 337/830
f 337/830 1123/829 335/831
f 337/830 335/831 359/832
f 1125/833 337/834 294/835
f 294/835 337/834 293/836
f 293/836 337/834 336/837
f 1125/833 294/835 1082/838
f 1125/833 1082/838 1124/839
f 1081/840 336/837 1124/839
f 336/837 1081/840 293/836
f 1081/840 1124/839 1082/838
f 294/835 293/836 213/841
f 293/836 1081/840 1001/842
f 293/836 1001/842 213/841
f 1081/840 1082/838 1002/843
f 1081/840 1002/843 1001/842
f 214/844 1082/838 294/835
f 214/844 294/835 213/841
f 1082/838 214/844 1002/843
f 213/841 1001/842 971/845
f 1001/842 1002/843 972/846
f 1001/842 972/846 971/845
f 1002/843 214/844 184/847
f 1002/843 184/847 972/846
f 214/844 213/841 183/848
f 183/848 213/841 971/845
f 214/844 183/848 184/847
f 971/845 972/846 950/849
f 950/849 972/846 162/850
f 162/850 972/846 184/847
f 971/845 950/849 949/851
f 971/845 949/851 183/848
f 183/848 949/851 161/852
f 162/850 184/847 161/852
f 161/852 184/847 183/848
f 950/853 162/854 146/855
f 950/853 146/855 934/856
f 934/856 146/855 144/857
f 934/856 144/857 932/858
f 932/858 144/857 160/859
f 932/858 160/859 948/860
f 949/861 950/862 934/863
f 949/861 934/863 933/864
f 933/864 934/863 932/865
f 933/864 932/865 931/866
f 931/866 932/865 948/867
f 931/866 948/867 947/868
f 949/869 933/870 161/871
f 161/871 933/870 145/872
f 145/872 933/870 931/873
f 145/872 931/873 143/874
f 143/874 931/873 947/875
f 143/874 947/875 159/876
f 162/877 161/878 145/879
f 162/877 145/879 146/880
f 146/880 145/879 143/881
f 146/880 143/881 144/882
f 144/882 143/881 159/883
f 144/882 159/883 160/884
f 160/885 159/886 181/887
f 181/887 159/886 969/888
f 969/888 159/886 947/889
f 160/885 181/887 182/890
f 160/885 182/890 948/891
f 970/892 947/889 948/891
f 970/892 948/891 182/890
f 947/889 970/892 969/888
f 182/890 181/887 211/893
f 970/892 182/890 212/894
f 212/894 182/890 211/893
f 969/888 970/892 1000/895
f 1000/895 970/892 212/894
f 999/896 181/887 969/888
f 181/887 999/896 211/893
f 999/896 969/888 1000/895
f 212/894 211/893 291/897
f 1000/895 212/894 292/898
f 292/898 212/894 291/897
f 999/896 1000/895 1080/899
f 1080/899 1000/895 292/898
f 211/893 999/896 1079/900
f 1079/900 999/896 1080/899
f 211/893 1079/900 291/897
f 1080/899 292/898 331/901
f 1080/899 331/901 1119/902
f 1080/899 1119/902 1079/900
f 331/901 292/898 330/903
f 330/903 292/898 291/897
f 1079/900 1119/902 1118/904
f 330/903 291/897 1118/904
f 1118/904 291/897 1079/900
f 694/905 625/906 660/907
f 694/905 660/907 692/908
f 694/905 692/908 741/909
f 694/905 741/909 729/910
f 729/910 741/909 773/911
f 729/910 773/911 746/912
f 694/905 729/910 696/913
f 694/905 696/913 625/906
f 729/910 746/912 700/914
f 729/910 700/914 696/913
f 700/914 746/912 718/915
f 625/906 696/913 630/916
f 625/906 630/916 551/917
f 551/917 630/916 557/918
f 630/916 696/913 662/919
f 662/919 696/913 700/914
f 662/919 700/914 637/920
f 660/921 625/922 547/923
f 547/923 625/922 551/924
f 547/923 551/924 1341/925
f 660/921 547/923 545/926
f 547/923 1341/925 1337/927
f 547/923 1337/927 545/926
f 1337/927 1341/925 1415/928
f 1337/927 1415/928 1450/929
f 660/921 545/926 620/930
f 1337/927 1450/929 1335/931
f 1337/927 1335/931 545/926
f 620/930 545/926 546/932
f 546/932 545/926 1335/931
f 1335/931 1450/929 1410/933
f 1502/934 1410/933 1482/935
f 1410/933 1502/934 1503/936
f 1410/933 1503/936 1411/937
f 1410/933 1411/937 1335/931
f 1411/937 1503/936 1483/938
f 1335/931 1411/937 1336/939
f 1335/931 1336/939 546/932
f 1336/939 1411/937 1451/940
f 1336/939 1451/940 1338/941
f 1338/941 1451/940 1417/942
f 1338/941 1417/942 1344/943
f 1338/941 1344/943 554/944
f 1336/939 1338/941 548/945
f 548/945 1338/941 554/944
f 1336/939 548/945 546/932
f 548/945 554/944 627/946
f 548/945 627/946 661/947
f 548/945 661/947 546/932
f 546/932 661/947 621/948
f 546/932 621/948 620/930
f 620/930 621/948 712/949
f 620/930 712/949 692/950
f 712/949 621/948 713/951
f 713/951 621/948 693/952
f 692/953 660/954 620/955
f 692/956 712/957 740/958
f 692/959 740/960 741/961
f 740/962 712/963 713/964
f 740/962 713/964 742/965
f 742/965 713/964 743/966
f 740/962 742/965 772/967
f 740/962 772/967 741/968
f 741/968 772/967 773/969
f 742/965 743/966 774/970
f 742/965 774/970 772/967
f 774/970 743/966 775/971
f 773/969 772/967 784/972
f 784/972 772/967 774/970
f 773/969 784/972 776/973
f 773/969 776/973 746/974
f 746/974 776/973 751/975
f 774/970 775/971 785/976
f 774/970 785/976 784/972
f 776/973 784/972 786/977
f 786/977 784/972 785/976
f 751/975 776/973 778/978
f 778/978 776/973 786/977
f 751/975 778/978 755/979
f 755/979 778/978 760/980
f 760/980 778/978 781/981
f 781/981 778/978 786/977
f 781/981 786/977 780/982
f 781/981 780/982 765/983
f 780/982 786/977 782/984
f 765/983 780/982 764/985
f 764/985 780/982 782/984
f 765/983 764/985 726/986
f 726/986 764/985 766/987
f 766/987 764/985 782/984
f 726/986 766/987 727/988
f 766/987 782/984 767/989
f 767/989 782/984 783/990
f 787/991 782/984 786/977
f 782/984 787/991 783/990
f 787/991 786/977 785/976
f 783/990 787/991 779/992
f 779/992 787/991 785/976
f 783/990 779/992 763/993
f 763/993 779/992 757/994
f 779/992 785/976 777/995
f 779/992 777/995 757/994
f 777/995 785/976 775/971
f 757/994 777/995 753/996
f 777/995 775/971 749/997
f 777/995 749/997 753/996
f 743/998 713/999 693/1000
f 743/998 693/1000 731/1001
f 743/998 731/1001 775/1002
f 775/1002 731/1001 749/1003
f 731/1001 693/1000 695/1004
f 695/1004 693/1000 661/1005
f 695/1004 661/1005 627/1006
f 749/1003 731/1001 697/1007
f 697/1007 731/1001 695/1004
f 749/1003 697/1007 701/1008
f 695/1004 627/1006 631/1009
f 695/1004 631/1009 697/1007
f 631/1009 627/1006 558/1010
f 697/1007 631/1009 663/1011
f 697/1007 663/1011 701/1008
f 701/1008 663/1011 639/1012
f 558/1010 627/1006 554/1013
f 558/1010 554/1013 1344/1014
f 558/1010 1344/1014 1348/1015
f 693/1016 621/1017 661/1018
f 753/1019 749/1020 701/1021
f 757/1022 753/1023 721/1024
f 721/1024 753/1023 719/1025
f 757/1022 721/1024 763/1026
f 763/1026 721/1024 703/1027
f 763/1026 703/1027 739/1028
f 763/1026 739/1028 783/1029
f 783/1029 739/1028 767/1030
f 767/1030 739/1028 709/1031
f 767/1030 709/1031 711/1032
f 711/1032 709/1031 667/1033
f 667/1033 709/1031 655/1034
f 709/1031 739/1028 707/1035
f 707/1035 739/1028 703/1027
f 709/1031 707/1035 655/1034
f 707/1035 703/1027 665/1036
f 665/1036 703/1027 643/1037
f 707/1035 665/1036 649/1038
f 707/1035 649/1038 655/1034
f 655/1034 649/1038 588/1039
f 588/1039 649/1038 580/1040
f 588/1039 580/1040 1370/1041
f 588/1039 1370/1041 1378/1042
f 766/1043 767/1044 711/1045
f 766/1046 711/1047 727/1048
f 727/1049 711/1050 659/1051
f 659/1051 711/1050 667/1052
f 727/1049 659/1051 658/1053
f 727/1049 658/1053 726/1054
f 726/1054 658/1053 710/1055
f 710/1055 658/1053 666/1056
f 658/1053 659/1051 589/1057
f 658/1053 589/1057 666/1056
f 659/1051 667/1052 591/1058
f 659/1051 591/1058 589/1057
f 591/1058 667/1052 592/1059
f 592/1059 667/1052 655/1060
f 592/1059 655/1060 588/1061
f 592/1059 588/1061 1378/1062
f 592/1059 1378/1062 1382/1063
f 592/1059 1382/1063 591/1058
f 1382/1063 1378/1062 1445/1064
f 1382/1063 1445/1064 1457/1065
f 591/1058 1382/1063 1381/1066
f 1381/1066 1382/1063 1457/1065
s 0
f 591/1058 1381/1066 589/1057
s 1
f 1381/1066 1457/1065 1449/1067
f 1449/1067 1457/1065 1501/1068
f 1449/1067 1501/1068 1517/1069
f 1449/1067 1517/1069 1516/1070
f 1449/1067 1516/1070 1448/1071
f 1449/1067 1448/1071 1381/1066
f 1448/1071 1516/1070 1500/1072
f 1448/1071 1500/1072 1456/1073
f 1381/1066 1448/1071 1379/1074
f 1379/1074 1448/1071 1456/1073
s 0
f 1381/1066 1379/1074 589/1057
s 1
f 1379/1074 1456/1073 1380/1075
f 1380/1075 1456/1073 1443/1076
f 1380/1075 1443/1076 1375/1077
f 1380/1075 1375/1077 585/1078
f 1379/1074 1380/1075 590/1079
f 590/1079 1380/1075 585/1078
f 1379/1074 590/1079 589/1057
f 590/1079 585/1078 653/1080
f 589/1057 590/1079 666/1056
f 666/1056 590/1079 653/1080
f 765/1081 726/1082 710/1083
f 765/1081 710/1083 737/1084
f 765/1081 737/1084 781/1085
f 781/1085 737/1084 760/1086
f 737/1084 710/1083 708/1087
f 708/1087 710/1083 666/1088
f 708/1087 666/1088 653/1089
f 585/1090 579/1091 653/1089
f 653/1089 579/1091 648/1092
f 653/1089 648/1092 708/1087
f 737/1084 708/1087 706/1093
f 706/1093 708/1087 648/1092
f 737/1084 706/1093 760/1086
f 706/1093 648/1092 664/1094
f 760/1086 706/1093 702/1095
f 702/1095 706/1093 664/1094
f 702/1095 664/1094 641/1096
f 760/1086 702/1095 755/1097
f 755/1097 702/1095 720/1098
f 755/1097 720/1098 718/1099
f 755/1097 718/1099 751/1100
f 751/1100 718/1099 746/1101
f 643/1102 703/1103 721/1104
f 643/1102 721/1104 719/1105
f 643/1102 719/1105 639/1106
f 639/1106 719/1105 701/1107
f 643/1102 639/1106 572/1108
f 643/1102 572/1108 665/1109
f 572/1108 639/1106 568/1110
f 568/1110 639/1106 663/1111
f 665/1109 572/1108 576/1112
f 665/1109 576/1112 649/1113
f 649/1113 576/1112 580/1114
f 580/1114 576/1112 1366/1115
f 580/1114 1366/1115 1370/1116
f 1370/1116 1366/1115 1439/1117
f 1439/1117 1366/1115 1455/1118
f 1366/1115 576/1112 1362/1119
f 1366/1115 1362/1119 1455/1118
f 1362/1119 576/1112 572/1108
f 1455/1118 1362/1119 1433/1120
s 0
f 1362/1119 572/1108 1358/1121
s 1
f 1362/1119 1358/1121 1433/1120
s 0
f 1358/1121 572/1108 568/1110
s 1
f 1493/1122 1433/1120 1511/1123
f 1511/1123 1433/1120 1429/1124
f 1429/1124 1433/1120 1358/1121
f 1511/1123 1429/1124 1509/1125
f 1509/1125 1429/1124 1491/1126
f 1429/1124 1358/1121 1453/1127
f 1453/1127 1358/1121 1354/1128
f 1354/1128 1358/1121 568/1110
f 1453/1127 1354/1128 1421/1129
f 1421/1129 1354/1128 1348/1130
f 1354/1128 568/1110 564/1131
f 1354/1128 564/1131 1348/1130
f 564/1131 568/1110 663/1111
f 1348/1130 564/1131 558/1132
f 564/1131 663/1111 631/1133
f 564/1131 631/1133 558/1132
f 719/1134 753/1135 701/1136
f 1421/1137 1348/1138 1344/1139
f 1421/1137 1344/1139 1417/1140
f 1421/1137 1417/1140 1487/1141
f 1421/1137 1487/1141 1453/1142
f 1487/1141 1417/1140 1485/1143
f 1485/1143 1417/1140 1451/1144
f 1485/1143 1451/1144 1483/1145
f 1485/1143 1483/1145 1533/1146
f 1485/1143 1533/1146 1521/1147
f 1485/1143 1521/1147 1487/1141
f 1521/1147 1533/1146 1565/1148
f 1521/1147 1565/1148 1539/1149
f 1487/1141 1521/1147 1491/1150
f 1491/1150 1521/1147 1539/1149
f 1487/1141 1491/1150 1453/1142
f 1491/1150 1539/1149 1509/1151
f 1453/1142 1491/1150 1429/1152
f 1341/1153 551/1154 1347/1155
f 1347/1155 551/1154 557/1156
f 1341/1153 1347/1155 1415/1157
f 1415/1157 1347/1155 1420/1158
f 1415/1157 1420/1158 1484/1159
f 1415/1157 1484/1159 1450/1160
f 1450/1160 1484/1159 1482/1161
f 1484/1159 1420/1158 1486/1162
f 1486/1162 1420/1158 1452/1163
f 1486/1162 1452/1163 1490/1164
f 1490/1164 1452/1163 1427/1165
f 1486/1162 1490/1164 1536/1166
f 1484/1159 1486/1162 1519/1167
f 1519/1167 1486/1162 1536/1166
f 1484/1159 1519/1167 1482/1161
f 1519/1167 1536/1166 1563/1168
f 1519/1167 1563/1168 1531/1169
f 1519/1167 1531/1169 1482/1161
f 1482/1161 1531/1169 1502/1170
f 557/1171 630/1172 562/1173
f 562/1173 630/1172 662/1174
f 557/1171 562/1173 1352/1175
f 557/1171 1352/1175 1347/1176
f 1347/1176 1352/1175 1420/1177
f 1420/1177 1352/1175 1452/1178
f 1452/1178 1352/1175 1356/1179
f 1356/1179 1352/1175 562/1173
f 562/1173 662/1174 566/1180
f 562/1173 566/1180 1356/1179
f 1452/1178 1356/1179 1427/1181
f 566/1180 662/1174 637/1182
f 1427/1181 1356/1179 1360/1183
s 0
f 1360/1183 1356/1179 566/1180
s 1
f 1508/1184 1490/1185 1427/1181
f 1508/1184 1427/1181 1431/1186
f 1431/1186 1427/1181 1360/1183
f 1508/1184 1431/1186 1510/1187
f 1510/1187 1431/1186 1492/1188
f 1431/1186 1360/1183 1454/1189
f 1454/1189 1360/1183 1364/1190
s 0
f 570/1191 1360/1183 566/1180
s 1
f 1360/1183 570/1191 1364/1190
f 570/1191 566/1180 641/1192
f 641/1192 566/1180 637/1182
f 1364/1190 570/1191 574/1193
f 1364/1190 574/1193 1369/1194
f 1369/1194 574/1193 579/1195
f 579/1195 574/1193 648/1196
f 648/1196 574/1193 664/1197
f 664/1197 574/1193 570/1191
f 664/1197 570/1191 641/1192
f 641/1192 637/1182 720/1198
f 641/1192 720/1198 702/1199
f 720/1198 637/1182 718/1200
f 718/1200 637/1182 700/1201
f 1450/1202 1482/1203 1410/1204
f 579/1205 585/1206 1375/1207
f 579/1205 1375/1207 1369/1208
f 1369/1208 1375/1207 1438/1209
f 1369/1208 1438/1209 1364/1210
f 1438/1209 1375/1207 1443/1211
f 1364/1210 1438/1209 1454/1212
f 1438/1209 1443/1211 1496/1213
f 1438/1209 1496/1213 1454/1212
f 1496/1213 1443/1211 1498/1214
f 1498/1214 1443/1211 1456/1215
f 1498/1214 1456/1215 1500/1216
f 1498/1214 1500/1216 1555/1217
f 1555/1217 1500/1216 1516/1218
f 1498/1214 1555/1217 1527/1219
f 1498/1214 1527/1219 1496/1213
f 1527/1219 1555/1217 1571/1220
f 1527/1219 1571/1220 1550/1221
f 1496/1213 1527/1219 1492/1222
f 1496/1213 1492/1222 1454/1212
f 1492/1222 1527/1219 1550/1221
f 1454/1212 1492/1222 1431/1223
f 1492/1222 1550/1221 1510/1224
f 1510/1224 1550/1221 1545/1225
f 1510/1224 1545/1225 1541/1226
f 1510/1224 1541/1226 1508/1227
f 1555/1228 1516/1229 1554/1230
f 1554/1230 1516/1229 1517/1231
f 1555/1228 1554/1230 1570/1232
f 1554/1230 1517/1231 1556/1233
f 1554/1230 1556/1233 1570/1232
f 1556/1233 1517/1231 1557/1234
f 1555/1228 1570/1232 1571/1235
f 1556/1233 1557/1234 1572/1236
f 1556/1233 1572/1236 1570/1232
f 1572/1236 1557/1234 1573/1237
f 1570/1232 1572/1236 1577/1238
f 1577/1238 1572/1236 1573/1237
f 1571/1235 1570/1232 1576/1239
f 1576/1239 1570/1232 1577/1238
f 1571/1235 1576/1239 1568/1240
f 1571/1235 1568/1240 1550/1241
f 1550/1241 1568/1240 1545/1242
f 1568/1240 1576/1239 1574/1243
f 1574/1243 1576/1239 1577/1238
f 1545/1242 1568/1240 1566/1244
f 1566/1244 1568/1240 1574/1243
f 1545/1242 1566/1244 1541/1245
f 1541/1245 1566/1244 1536/1246
f 1536/1246 1566/1244 1563/1247
f 1563/1247 1566/1244 1574/1243
f 1563/1247 1574/1243 1562/1248
f 1563/1247 1562/1248 1531/1249
f 1575/1250 1574/1243 1577/1238
f 1574/1243 1575/1250 1562/1248
f 1531/1249 1562/1248 1530/1251
f 1531/1249 1530/1251 1502/1252
f 1502/1252 1530/1251 1532/1253
f 1502/1252 1532/1253 1503/1254
f 1530/1251 1562/1248 1564/1255
f 1530/1251 1564/1255 1532/1253
f 1564/1255 1562/1248 1575/1250
f 1532/1253 1564/1255 1533/1256
f 1533/1256 1564/1255 1565/1257
f 1565/1257 1564/1255 1575/1250
f 1565/1257 1575/1250 1567/1258
f 1567/1258 1575/1250 1577/1238
f 1565/1257 1567/1258 1539/1259
f 1539/1259 1567/1258 1543/1260
f 1567/1258 1577/1238 1569/1261
f 1567/1258 1569/1261 1543/1260
f 1569/1261 1577/1238 1573/1237
f 1543/1260 1569/1261 1547/1262
f 1569/1261 1573/1237 1553/1263
f 1569/1261 1553/1263 1547/1262
f 1557/1264 1517/1265 1501/1266
f 1557/1264 1501/1266 1529/1267
f 1557/1264 1529/1267 1573/1268
f 1573/1268 1529/1267 1553/1269
f 1529/1267 1501/1266 1499/1270
f 1499/1270 1501/1266 1457/1271
f 1553/1269 1529/1267 1497/1272
f 1497/1272 1529/1267 1499/1270
f 1553/1269 1497/1272 1493/1273
f 1499/1270 1457/1271 1445/1274
f 1493/1273 1497/1272 1455/1275
f 1493/1273 1455/1275 1433/1276
f 1455/1275 1497/1272 1439/1277
f 1439/1277 1497/1272 1499/1270
f 1439/1277 1499/1270 1445/1274
f 1439/1277 1445/1274 1370/1278
f 1370/1278 1445/1274 1378/1279
f 1493/1280 1511/1281 1547/1282
f 1547/1282 1511/1281 1509/1283
f 1547/1282 1509/1283 1543/1284
f 1543/1284 1509/1283 1539/1285
f 1493/1286 1547/1287 1553/1288
f 1483/1289 1451/1290 1411/1291
f 1532/1292 1533/1293 1483/1294
f 1532/1295 1483/1296 1503/1297
f 1541/1298 1536/1299 1490/1300
f 1508/1301 1541/1302 1490/1303
f 672/1304 624/1305 628/1306
f 624/1305 672/1304 669/1307
f 628/1306 624/1305 550/1308
f 628/1306 550/1308 555/1309
f 555/1309 550/1308 1345/1310
f 550/1308 624/1305 549/1311
f 1345/1310 550/1308 1340/1312
f 1340/1312 550/1308 549/1311
f 1345/1310 1340/1312 1418/1313
f 624/1305 669/1307 622/1314
f 624/1305 622/1314 549/1311
f 622/1314 669/1307 668/1315
f 668/1315 669/1307 728/1316
f 668/1315 728/1316 670/1317
f 670/1317 728/1316 730/1318
f 668/1315 670/1317 623/1319
f 668/1315 623/1319 622/1314
f 623/1319 670/1317 671/1320
f 552/1321 549/1311 622/1314
f 552/1321 622/1314 623/1319
f 623/1319 671/1320 626/1322
f 623/1319 626/1322 552/1321
f 626/1322 671/1320 673/1323
f 626/1322 673/1323 629/1324
f 626/1322 629/1324 553/1325
f 626/1322 553/1325 552/1321
f 553/1325 629/1324 556/1326
s 0
f 1342/1327 549/1311 552/1321
s 1
f 1342/1327 552/1321 553/1325
f 553/1325 556/1326 1343/1328
f 553/1325 1343/1328 1342/1327
f 1343/1328 556/1326 1346/1329
f 1343/1328 1346/1329 1419/1330
f 1343/1328 1419/1330 1416/1331
f 1343/1328 1416/1331 1342/1327
f 1416/1331 1419/1330 1463/1332
f 1416/1331 1463/1332 1461/1333
f 1342/1327 1416/1331 1413/1334
f 1413/1334 1416/1331 1461/1333
s 0
f 1339/1335 549/1311 1342/1327
s 1
f 1339/1335 1342/1327 1413/1334
f 549/1311 1339/1335 1340/1312
f 1413/1334 1461/1333 1460/1336
f 1460/1336 1461/1333 1520/1337
f 1460/1336 1520/1337 1458/1338
f 1458/1338 1520/1337 1518/1339
f 1413/1334 1460/1336 1412/1340
f 1412/1340 1460/1336 1458/1338
f 1413/1334 1412/1340 1339/1335
f 1412/1340 1458/1338 1459/1341
f 1414/1342 1340/1312 1339/1335
f 1414/1342 1339/1335 1412/1340
f 1414/1342 1412/1340 1459/1341
f 1340/1312 1414/1342 1418/1313
f 1414/1342 1459/1341 1462/1343
f 1414/1342 1462/1343 1418/1313
f 672/1344 628/1345 674/1346
f 674/1346 628/1345 632/1347
f 674/1346 632/1347 634/1348
f 674/1346 634/1348 676/1349
f 672/1344 674/1346 698/1350
f 698/1350 674/1346 676/1349
f 672/1344 698/1350 714/1351
f 672/1344 714/1351 669/1352
f 669/1352 714/1351 728/1353
f 714/1351 698/1350 745/1354
f 745/1354 698/1350 716/1355
f 716/1355 698/1350 676/1349
f 716/1355 676/1349 678/1356
f 716/1355 678/1356 732/1357
f 556/1358 629/1359 560/1360
f 556/1358 560/1360 1346/1361
f 560/1360 629/1359 633/1362
f 1346/1361 560/1360 1350/1363
f 1346/1361 1350/1363 1423/1364
f 1346/1361 1423/1364 1419/1365
f 633/1362 629/1359 673/1366
f 633/1362 673/1366 675/1367
f 633/1362 675/1367 635/1368
f 675/1367 673/1366 699/1369
f 635/1368 675/1367 677/1370
f 675/1367 699/1369 717/1371
f 675/1367 717/1371 677/1370
f 717/1371 699/1369 748/1372
f 748/1372 699/1369 715/1373
f 715/1373 699/1369 671/1374
f 677/1370 717/1371 733/1375
f 677/1370 733/1375 679/1376
f 677/1370 679/1376 638/1377
f 638/1377 679/1376 642/1378
f 679/1376 733/1375 681/1379
f 679/1376 681/1379 642/1378
f 681/1379 733/1375 735/1380
f 642/1378 681/1379 683/1381
f 683/1381 681/1379 723/1382
f 699/1383 673/1384 671/1385
f 715/1386 671/1387 670/1388
f 715/1389 670/1390 730/1391
f 715/1392 730/1393 747/1394
f 715/1392 747/1394 748/1395
f 747/1394 730/1393 744/1396
f 744/1396 730/1393 728/1397
f 744/1396 728/1397 714/1398
f 744/1396 714/1398 745/1399
f 747/1394 744/1396 768/1400
f 768/1400 744/1396 745/1399
f 748/1395 747/1394 769/1401
f 769/1401 747/1394 768/1400
f 748/1395 769/1401 752/1402
f 748/1395 752/1402 717/1403
f 717/1403 752/1402 733/1404
f 733/1404 752/1402 735/1405
f 735/1405 752/1402 756/1406
f 756/1406 752/1402 769/1401
f 735/1405 756/1406 723/1407
f 723/1407 756/1406 762/1408
f 756/1406 769/1401 771/1409
f 756/1406 771/1409 762/1408
f 771/1409 769/1401 768/1400
f 762/1408 771/1409 761/1410
f 762/1408 761/1410 725/1411
f 725/1411 761/1410 738/1412
f 738/1412 761/1410 736/1413
f 761/1410 771/1409 770/1414
f 770/1414 771/1409 768/1400
f 736/1413 761/1410 758/1415
f 758/1415 761/1410 770/1414
f 736/1413 758/1415 724/1416
f 724/1416 758/1415 759/1417
f 759/1417 758/1415 770/1414
f 770/1414 768/1400 750/1418
f 750/1418 768/1400 745/1399
f 750/1418 745/1399 716/1419
f 750/1418 716/1419 732/1420
f 770/1414 750/1418 754/1421
f 770/1414 754/1421 759/1417
f 754/1421 750/1418 732/1420
f 759/1417 754/1421 722/1422
f 754/1421 732/1420 734/1423
f 754/1421 734/1423 722/1422
f 635/1424 677/1425 638/1426
f 635/1424 638/1426 567/1427
f 567/1427 638/1426 571/1428
f 571/1428 638/1426 642/1429
f 571/1428 642/1429 645/1430
f 645/1430 642/1429 683/1431
f 571/1428 645/1430 575/1432
f 575/1432 645/1430 647/1433
f 575/1432 647/1433 578/1434
f 571/1428 575/1432 1361/1435
f 571/1428 1361/1435 567/1427
f 575/1432 578/1434 1365/1436
f 575/1432 1365/1436 1361/1435
f 1365/1436 578/1434 1368/1437
f 1365/1436 1368/1437 1437/1438
f 1365/1436 1437/1438 1435/1439
f 1365/1436 1435/1439 1361/1435
f 1361/1435 1435/1439 1432/1440
f 1432/1440 1435/1439 1473/1441
f 1361/1435 1432/1440 1357/1442
f 1361/1435 1357/1442 567/1427
f 1357/1442 1432/1440 1428/1443
f 1357/1442 1428/1443 1425/1444
f 1425/1444 1428/1443 1467/1445
f 1357/1442 1425/1444 1353/1446
f 1357/1442 1353/1446 567/1427
f 1353/1446 1425/1444 1423/1447
f 1353/1446 1423/1447 1350/1448
f 567/1427 1353/1446 563/1449
f 563/1449 1353/1446 1350/1448
f 567/1427 563/1449 635/1424
f 563/1449 1350/1448 560/1450
f 635/1424 563/1449 633/1451
f 633/1451 563/1449 560/1450
f 1419/1452 1423/1453 1465/1454
f 1465/1454 1423/1453 1425/1455
f 1419/1452 1465/1454 1463/1456
f 1465/1454 1425/1455 1467/1457
f 1463/1456 1465/1454 1489/1458
f 1489/1458 1465/1454 1467/1457
f 1463/1456 1489/1458 1505/1459
f 1463/1456 1505/1459 1461/1460
f 1461/1460 1505/1459 1520/1461
f 1505/1459 1489/1458 1538/1462
f 1538/1462 1489/1458 1507/1463
f 1507/1463 1489/1458 1467/1457
f 1507/1463 1467/1457 1469/1464
f 1507/1463 1469/1464 1523/1465
f 1469/1464 1467/1457 1428/1466
f 1523/1465 1469/1464 1525/1467
f 1469/1464 1428/1466 1471/1468
f 1469/1464 1471/1468 1525/1467
f 1471/1468 1428/1466 1432/1469
f 1525/1467 1471/1468 1473/1470
f 1473/1470 1471/1468 1432/1469
f 1523/1471 1525/1472 1546/1473
f 1546/1473 1525/1472 1513/1474
f 1546/1473 1513/1474 1552/1475
f 1523/1471 1546/1473 1542/1476
f 1523/1471 1542/1476 1507/1477
f 1507/1477 1542/1476 1538/1478
f 1542/1476 1546/1473 1561/1479
f 1561/1479 1546/1473 1552/1475
f 1538/1478 1542/1476 1559/1480
f 1559/1480 1542/1476 1561/1479
f 1561/1479 1552/1475 1551/1481
f 1551/1481 1552/1475 1515/1482
f 1551/1481 1515/1482 1528/1483
f 1551/1481 1528/1483 1548/1484
f 1551/1481 1548/1484 1561/1479
f 1548/1484 1528/1483 1526/1485
f 1548/1484 1526/1485 1514/1486
f 1548/1484 1514/1486 1549/1487
f 1561/1479 1548/1484 1560/1488
f 1560/1488 1548/1484 1549/1487
f 1561/1479 1560/1488 1559/1480
f 1560/1488 1549/1487 1544/1489
f 1544/1489 1549/1487 1512/1490
f 1544/1489 1512/1490 1524/1491
f 1560/1488 1544/1489 1558/1492
f 1560/1488 1558/1492 1559/1480
f 1544/1489 1524/1491 1540/1493
f 1544/1489 1540/1493 1558/1492
f 1540/1493 1524/1491 1522/1494
f 1540/1493 1522/1494 1506/1495
f 1540/1493 1506/1495 1535/1496
f 1540/1493 1535/1496 1558/1492
f 1558/1492 1535/1496 1534/1497
f 1558/1492 1534/1497 1559/1480
f 1534/1497 1535/1496 1504/1498
f 1534/1497 1504/1498 1518/1499
f 1559/1480 1534/1497 1537/1500
f 1537/1500 1534/1497 1518/1499
f 1559/1480 1537/1500 1538/1478
f 1537/1500 1518/1499 1520/1501
f 1538/1478 1537/1500 1505/1502
f 1505/1502 1537/1500 1520/1501
f 1513/1503 1525/1504 1473/1505
f 1513/1503 1473/1505 1475/1506
f 1475/1506 1473/1505 1435/1507
f 1475/1506 1435/1507 1437/1508
f 1475/1506 1437/1508 1477/1509
f 1477/1509 1437/1508 1441/1510
f 1475/1506 1477/1509 1495/1511
f 1475/1506 1495/1511 1513/1503
f 1513/1503 1495/1511 1552/1512
f 1552/1512 1495/1511 1515/1513
f 1515/1513 1495/1511 1481/1514
f 1515/1513 1481/1514 1480/1515
f 1515/1513 1480/1515 1528/1516
f 1518/1517 1504/1518 1458/1519
f 1459/1520 1458/1521 1504/1522
f 1345/1523 1418/1524 1349/1525
f 1345/1523 1349/1525 555/1526
f 1349/1525 1418/1524 1422/1527
f 555/1526 1349/1525 559/1528
f 555/1526 559/1528 632/1529
f 555/1526 632/1529 628/1530
f 1422/1527 1418/1524 1462/1531
f 1422/1527 1462/1531 1464/1532
f 1422/1527 1464/1532 1424/1533
f 1464/1532 1462/1531 1488/1534
f 1424/1533 1464/1532 1466/1535
f 1464/1532 1488/1534 1506/1536
f 1464/1532 1506/1536 1466/1535
f 1506/1536 1488/1534 1535/1537
f 1535/1537 1488/1534 1504/1538
f 1504/1538 1488/1534 1459/1539
f 1466/1535 1506/1536 1522/1540
f 1466/1535 1522/1540 1468/1541
f 1466/1535 1468/1541 1426/1542
f 1426/1542 1468/1541 1430/1543
f 1468/1541 1522/1540 1470/1544
f 1468/1541 1470/1544 1430/1543
f 1470/1544 1522/1540 1524/1545
f 1430/1543 1470/1544 1472/1546
f 1472/1546 1470/1544 1512/1547
f 1462/1548 1459/1549 1488/1550
f 1470/1551 1524/1552 1512/1553
f 1424/1554 1466/1555 1426/1556
f 1424/1554 1426/1556 1355/1557
f 1355/1557 1426/1556 1359/1558
f 1359/1558 1426/1556 1430/1559
f 1359/1558 1430/1559 1434/1560
f 1434/1560 1430/1559 1472/1561
f 1359/1558 1434/1560 1363/1562
f 1363/1562 1434/1560 1436/1563
f 1363/1562 1436/1563 1367/1564
f 1359/1558 1363/1562 569/1565
f 1359/1558 569/1565 1355/1557
f 1363/1562 1367/1564 573/1566
f 1363/1562 573/1566 569/1565
f 573/1566 1367/1564 577/1567
f 573/1566 577/1567 646/1568
f 573/1566 646/1568 644/1569
f 573/1566 644/1569 569/1565
f 569/1565 644/1569 640/1570
f 640/1570 644/1569 682/1571
f 565/1572 1355/1557 569/1565
f 565/1572 569/1565 640/1570
f 640/1570 682/1571 680/1573
f 680/1573 682/1571 734/1574
f 680/1573 734/1574 678/1575
f 678/1575 734/1574 732/1576
f 640/1570 680/1573 636/1577
f 636/1577 680/1573 678/1575
f 640/1570 636/1577 565/1572
f 636/1577 678/1575 676/1578
f 636/1577 676/1578 634/1579
f 636/1577 634/1579 565/1572
f 565/1572 634/1579 561/1580
f 565/1572 561/1580 1355/1557
f 561/1580 634/1579 632/1581
f 561/1580 632/1581 559/1582
f 1355/1557 561/1580 1351/1583
f 1351/1583 561/1580 559/1582
f 1355/1557 1351/1583 1424/1554
f 1351/1583 559/1582 1349/1584
f 1424/1554 1351/1583 1422/1585
f 1422/1585 1351/1583 1349/1584
f 1494/1586 1472/1587 1512/1588
f 1494/1586 1512/1588 1549/1589
f 1494/1586 1549/1589 1514/1590
f 1479/1591 1514/1590 1526/1592
f 1514/1590 1479/1591 1476/1593
f 1514/1590 1476/1593 1494/1586
f 1472/1587 1494/1586 1474/1594
f 1474/1594 1494/1586 1476/1593
f 1472/1587 1474/1594 1434/1595
f 1474/1594 1476/1593 1440/1596
f 1434/1595 1474/1594 1436/1597
f 1436/1597 1474/1594 1440/1596
f 1436/1597 1440/1596 1371/1598
f 1436/1597 1371/1598 1367/1599
f 1367/1599 1371/1598 577/1600
f 577/1600 1371/1598 581/1601
f 577/1600 581/1601 650/1602
f 577/1600 650/1602 646/1603
f 722/1604 734/1605 682/1606
f 722/1604 682/1606 684/1607
f 684/1607 682/1606 644/1608
f 684/1607 644/1608 646/1609
f 684/1607 646/1609 686/1610
f 686/1610 646/1609 650/1611
f 684/1607 686/1610 704/1612
f 684/1607 704/1612 722/1604
f 722/1604 704/1612 759/1613
f 759/1613 704/1612 724/1614
f 724/1614 704/1612 689/1615
f 736/1616 724/1617 688/1618
f 688/1619 724/1620 689/1621
f 738/1622 736/1623 688/1624
f 738/1622 688/1624 690/1625
f 738/1622 690/1625 691/1626
f 690/1625 688/1624 656/1627
f 656/1627 688/1624 689/1628
f 691/1626 690/1625 657/1629
f 657/1629 690/1625 656/1627
f 691/1626 657/1629 654/1630
f 691/1626 654/1630 687/1631
f 687/1631 654/1630 651/1632
f 654/1630 657/1629 586/1633
f 651/1632 654/1630 587/1634
f 587/1634 654/1630 586/1633
f 651/1632 587/1634 582/1635
f 582/1635 587/1634 1372/1636
f 1372/1636 587/1634 1377/1637
f 1377/1637 587/1634 586/1633
f 1372/1636 1377/1637 1441/1638
f 583/1639 586/1633 657/1629
f 583/1639 657/1629 656/1627
s 0
f 586/1633 583/1639 1373/1640
s 1
f 583/1639 656/1627 652/1641
f 652/1641 656/1627 689/1628
f 652/1641 689/1628 686/1642
f 652/1641 686/1642 650/1643
f 583/1639 652/1641 584/1644
f 584/1644 652/1641 650/1643
f 583/1639 584/1644 1373/1640
f 584/1644 650/1643 581/1645
f 584/1644 581/1645 1374/1646
f 584/1644 1374/1646 1373/1640
f 1374/1646 581/1645 1371/1647
f 1374/1646 1371/1647 1440/1648
f 1374/1646 1440/1648 1442/1649
f 1374/1646 1442/1649 1373/1640
f 1442/1649 1440/1648 1476/1650
f 1442/1649 1476/1650 1479/1651
f 1373/1640 1442/1649 1446/1652
f 1446/1652 1442/1649 1479/1651
f 1373/1640 1446/1652 1376/1653
s 0
f 1373/1640 1376/1653 586/1633
s 1
f 586/1633 1376/1653 1377/1637
f 1446/1652 1479/1651 1478/1654
f 1478/1654 1479/1651 1526/1655
f 1478/1654 1526/1655 1480/1656
f 1480/1656 1526/1655 1528/1657
f 1446/1652 1478/1654 1447/1658
f 1447/1658 1478/1654 1480/1656
f 1446/1652 1447/1658 1376/1653
f 1447/1658 1480/1656 1481/1659
f 1444/1660 1377/1637 1376/1653
f 1444/1660 1376/1653 1447/1658
f 1444/1660 1447/1658 1481/1659
f 1377/1637 1444/1660 1441/1638
f 1444/1660 1481/1659 1477/1661
f 1444/1660 1477/1661 1441/1638
f 689/1662 704/1663 686/1664
f 738/1665 691/1666 725/1667
f 725/1667 691/1666 687/1668
f 725/1667 687/1668 705/1669
f 725/1667 705/1669 762/1670
f 762/1670 705/1669 723/1671
f 723/1671 705/1669 683/1672
f 705/1669 687/1668 685/1673
f 705/1669 685/1673 683/1672
f 683/1672 685/1673 645/1674
f 685/1673 687/1668 651/1675
f 645/1674 685/1673 647/1676
f 647/1676 685/1673 651/1675
f 647/1676 651/1675 582/1677
f 647/1676 582/1677 578/1678
f 578/1678 582/1677 1368/1679
f 1368/1679 582/1677 1372/1680
f 1368/1679 1372/1680 1441/1681
f 1368/1679 1441/1681 1437/1682
f 735/1683 723/1684 681/1685
f 1495/1686 1477/1687 1481/1688
f 945/1689 955/1690 982/1691
f 945/1689 982/1691 964/1692
f 945/1689 964/1692 981/1693
f 945/1689 981/1693 953/1694
f 955/1690 945/1689 915/1695
f 915/1695 945/1689 953/1694
f 915/1695 953/1694 939/1696
f 915/1695 939/1696 802/1697
f 955/1690 915/1695 925/1698
f 915/1695 802/1697 788/1699
f 915/1695 788/1699 925/1698
f 788/1699 802/1697 807/1700
f 958/1701 976/1702 925/1698
f 958/1701 925/1698 816/1703
f 816/1703 925/1698 789/1704
f 789/1704 925/1698 788/1699
f 816/1703 789/1704 820/1705
f 820/1705 789/1704 797/1706
f 789/1704 788/1699 792/1707
f 792/1707 788/1699 807/1700
f 789/1704 792/1707 797/1706
f 792/1707 807/1700 823/1708
f 792/1707 823/1708 800/1709
f 792/1707 800/1709 797/1706
f 797/1706 800/1709 813/1710
f 982/1711 955/1712 995/1713
f 1019/1714 964/1715 982/1711
f 1019/1714 982/1711 995/1713
f 1019/1714 995/1713 1032/1716
f 1032/1716 995/1713 1028/1717
f 995/1713 955/1712 976/1718
f 995/1713 976/1718 1028/1717
f 976/1718 955/1712 925/1719
f 1028/1717 976/1718 1024/1720
f 964/1721 1019/1722 996/1723
f 996/1723 1019/1722 1113/1724
f 1113/1724 1019/1722 1032/1725
f 1113/1724 1032/1725 1137/1726
f 996/1723 1113/1724 1112/1727
f 996/1723 1112/1727 1015/1728
f 1113/1724 1137/1726 1274/1729
f 1113/1724 1274/1729 1112/1727
f 1274/1729 1137/1726 1269/1730
f 1274/1729 1269/1730 1307/1731
f 1274/1729 1307/1731 1322/1732
f 1015/1728 1112/1727 1099/1733
f 1274/1729 1322/1732 1273/1734
f 1274/1729 1273/1734 1112/1727
f 1273/1734 1322/1732 1309/1735
f 1273/1734 1309/1735 1298/1736
f 1273/1734 1298/1736 1261/1737
f 1273/1734 1261/1737 1112/1727
f 1112/1727 1261/1737 1099/1733
f 1099/1733 1261/1737 1253/1738
f 1099/1733 1253/1738 1095/1739
f 964/1740 996/1741 1015/1742
f 964/1740 1015/1742 981/1743
f 981/1743 1015/1742 1010/1744
f 1010/1744 1015/1742 1099/1745
f 1010/1744 1099/1745 1095/1746
f 1010/1744 1095/1746 1089/1747
f 1010/1744 1089/1747 1006/1748
f 1010/1744 1006/1748 981/1743
f 981/1743 1006/1748 953/1749
f 953/1749 1006/1748 990/1750
f 953/1749 990/1750 939/1751
f 939/1751 990/1750 844/1752
f 939/1751 844/1752 802/1753
f 802/1753 844/1752 807/1754
f 1089/1755 1095/1756 1249/1757
f 1249/1757 1095/1756 1253/1758
f 1089/1755 1249/1757 1241/1759
f 1241/1759 1249/1757 1282/1760
f 1241/1759 1282/1760 1280/1761
f 1241/1759 1280/1761 1168/1762
f 1089/1755 1241/1759 1085/1763
f 1089/1755 1085/1763 1006/1764
f 1006/1764 1085/1763 990/1765
f 990/1765 1085/1763 844/1766
f 1241/1759 1168/1762 1040/1767
f 1241/1759 1040/1767 1085/1763
f 1040/1767 1168/1762 1153/1768
f 844/1766 1085/1763 894/1769
f 894/1769 1085/1763 1040/1767
f 844/1766 894/1769 846/1770
f 1040/1767 1153/1768 1044/1771
f 1040/1767 1044/1771 894/1769
f 1044/1771 1153/1768 1157/1772
f 1044/1771 1157/1772 1048/1773
f 894/1769 1044/1771 881/1774
f 894/1769 881/1774 846/1770
f 881/1774 1044/1771 1048/1773
f 846/1770 881/1774 849/1775
f 849/1775 881/1774 885/1776
f 885/1776 881/1774 1048/1773
f 885/1776 1048/1773 1056/1777
f 1249/1778 1253/1779 1286/1780
f 1249/1778 1286/1780 1282/1781
f 1286/1780 1253/1779 1298/1782
f 1298/1782 1253/1779 1261/1783
f 1282/1781 1286/1780 1326/1784
f 1282/1781 1326/1784 1383/1785
f 1282/1781 1383/1785 1280/1786
f 1326/1784 1286/1780 1315/1787
f 1315/1787 1286/1780 1298/1782
f 1326/1784 1315/1787 1403/1788
f 1315/1787 1298/1782 1309/1789
f 1403/1788 1315/1787 1332/1790
f 1332/1790 1315/1787 1309/1789
f 1332/1790 1309/1789 1395/1791
f 1395/1791 1309/1789 1322/1792
f 1280/1793 1383/1794 1217/1795
f 1280/1793 1217/1795 1168/1796
f 1168/1796 1217/1795 1153/1797
f 1153/1797 1217/1795 1207/1798
f 1153/1797 1207/1798 1195/1799
f 1195/1799 1207/1798 1223/1800
f 1153/1797 1195/1799 1157/1801
f 1195/1799 1223/1800 1203/1802
f 1195/1799 1203/1802 1162/1803
f 1195/1799 1162/1803 1157/1801
f 1162/1803 1203/1802 1177/1804
f 1157/1801 1162/1803 1056/1805
f 1157/1801 1056/1805 1048/1806
f 1383/1807 1326/1808 1397/1809
f 1383/1807 1397/1809 1217/1810
f 1397/1809 1326/1808 1403/1811
f 1217/1810 1397/1809 1235/1812
f 1217/1810 1235/1812 1207/1813
f 1207/1813 1235/1812 1223/1814
f 1397/1809 1403/1811 1408/1815
f 1235/1812 1397/1809 1236/1816
f 1236/1816 1397/1809 1408/1815
f 1223/1814 1235/1812 1233/1817
f 1233/1817 1235/1812 1236/1816
f 1223/1814 1233/1817 1215/1818
f 1223/1814 1215/1818 1203/1819
f 1215/1818 1233/1817 1213/1820
f 1213/1820 1233/1817 1225/1821
f 1225/1821 1233/1817 1236/1816
f 1225/1821 1236/1816 1230/1822
f 1230/1822 1236/1816 1408/1815
f 1230/1822 1408/1815 1399/1823
f 1399/1823 1408/1815 1391/1824
f 1391/1824 1408/1815 1404/1825
f 1404/1825 1408/1815 1403/1811
f 1391/1824 1404/1825 1330/1826
f 1404/1825 1403/1811 1332/1827
f 1330/1826 1404/1825 1395/1828
f 1395/1828 1404/1825 1332/1827
f 1203/1829 1215/1830 1188/1831
f 1203/1829 1188/1831 1177/1832
f 1177/1832 1188/1831 1075/1833
f 1075/1833 1188/1831 1186/1834
f 1075/1833 1186/1834 1072/1835
f 1177/1832 1075/1833 1057/1836
f 1177/1832 1057/1836 1162/1837
f 1162/1837 1057/1836 1056/1838
f 1056/1838 1057/1836 875/1839
f 875/1839 1057/1836 879/1840
f 879/1840 1057/1836 1075/1833
f 875/1839 879/1840 837/1841
f 837/1841 879/1840 835/1842
f 800/1843 835/1842 813/1844
f 813/1844 835/1842 840/1845
f 840/1845 835/1842 879/1840
f 879/1840 1075/1833 892/1846
f 879/1840 892/1846 840/1845
f 892/1846 1075/1833 1072/1835
f 840/1845 892/1846 854/1847
f 854/1847 892/1846 889/1848
f 889/1848 892/1846 1072/1835
f 889/1848 1072/1835 1067/1849
f 889/1848 1067/1849 900/1850
f 1188/1851 1215/1852 1213/1853
f 1188/1851 1213/1853 1186/1854
f 1186/1854 1213/1853 1184/1855
f 1184/1855 1213/1853 1225/1856
f 1184/1855 1225/1856 1182/1857
f 1182/1857 1225/1856 1180/1858
f 1182/1857 1180/1858 1101/1859
f 1180/1858 1225/1856 1230/1860
f 1180/1858 1230/1860 1399/1861
f 1180/1858 1399/1861 1291/1862
f 1291/1862 1399/1861 1391/1863
f 1291/1862 1391/1863 1302/1864
f 885/1865 1056/1866 875/1867
f 885/1865 875/1867 837/1868
f 885/1865 837/1868 849/1869
f 849/1869 837/1868 823/1870
f 823/1870 837/1868 835/1871
f 823/1870 835/1871 800/1872
f 846/1873 849/1874 807/1875
f 846/1873 807/1875 844/1876
f 849/1877 823/1878 807/1879
f 813/1880 840/1881 854/1882
f 813/1880 854/1882 832/1883
f 813/1880 832/1883 797/1884
f 797/1884 832/1883 820/1885
f 832/1883 854/1882 863/1886
f 863/1886 854/1882 889/1887
f 863/1886 889/1887 900/1888
f 863/1886 900/1888 904/1889
f 863/1886 904/1889 860/1890
f 863/1886 860/1890 832/1883
f 832/1883 860/1890 820/1885
f 820/1885 860/1890 816/1891
f 816/1891 860/1890 867/1892
f 1072/1893 1186/1894 1067/1895
f 1186/1896 1184/1897 1067/1898
f 1067/1899 1184/1900 1062/1901
f 1062/1901 1184/1900 1182/1902
f 1067/1899 1062/1901 900/1903
f 900/1903 1062/1901 904/1904
f 1062/1901 1182/1902 1101/1905
f 1062/1901 1101/1905 904/1904
f 904/1904 1101/1905 908/1906
f 904/1904 908/1906 860/1907
f 860/1907 908/1906 867/1908
f 908/1906 1101/1905 1246/1909
f 1246/1909 1101/1905 1180/1910
f 1246/1909 1180/1910 1291/1911
f 1246/1909 1291/1911 1302/1912
f 908/1906 1246/1909 1104/1913
f 908/1906 1104/1913 867/1908
f 1246/1909 1302/1912 1256/1914
f 1246/1909 1256/1914 1104/1913
f 1256/1914 1302/1912 1304/1915
f 1256/1914 1304/1915 1264/1916
f 867/1908 1104/1913 1021/1917
f 867/1908 1021/1917 816/1918
f 1021/1917 1104/1913 1024/1919
f 1256/1914 1264/1916 1107/1920
f 1256/1914 1107/1920 1104/1913
f 1104/1913 1107/1920 1024/1919
f 1024/1919 1107/1920 1028/1921
f 1107/1920 1264/1916 1133/1922
f 1107/1920 1133/1922 1028/1921
f 1028/1921 1133/1922 1032/1923
f 1032/1923 1133/1922 1137/1924
f 1137/1924 1133/1922 1269/1925
f 816/1926 1021/1927 958/1928
f 958/1929 1021/1930 1024/1931
f 958/1932 1024/1933 976/1934
f 1133/1935 1264/1936 1269/1937
f 1269/1937 1264/1936 1304/1938
f 1269/1937 1304/1938 1307/1939
f 1307/1939 1304/1938 1330/1940
f 1330/1940 1304/1938 1302/1941
f 1330/1940 1302/1941 1391/1942
f 1307/1939 1330/1940 1395/1943
f 1307/1939 1395/1943 1322/1944
f 1209/1945 1182/1946 1179/1947
f 1209/1945 1179/1947 1219/1948
f 1219/1948 1179/1947 1385/1949
f 1385/1949 1179/1947 1290/1950
f 1182/1946 1209/1945 1171/1951
f 1171/1951 1209/1945 1200/1952
f 1182/1946 1171/1951 1061/1953
f 1171/1951 1200/1952 1174/1954
f 1061/1953 1171/1951 1065/1955
f 1065/1955 1171/1951 1174/1954
f 1179/1956 1182/1957 1059/1958
f 1059/1958 1182/1957 1061/1959
f 1179/1956 1059/1958 1245/1960
f 1179/1956 1245/1960 1290/1961
f 1290/1961 1245/1960 1294/1962
f 1294/1962 1245/1960 1255/1963
f 899/1964 1061/1959 1065/1965
f 1061/1959 899/1964 903/1966
f 1061/1959 903/1966 1059/1958
f 903/1966 899/1964 863/1967
f 903/1966 863/1967 870/1968
f 1059/1958 903/1966 907/1969
f 907/1969 903/1966 870/1968
f 1059/1958 907/1969 1245/1960
f 907/1969 870/1968 866/1970
f 1245/1960 907/1969 1103/1971
f 1103/1971 907/1969 866/1970
f 1245/1960 1103/1971 1255/1963
f 1103/1971 866/1970 1020/1972
f 1103/1971 1020/1972 1023/1973
f 1255/1963 1103/1971 1128/1974
f 1128/1974 1103/1971 1023/1973
f 1128/1974 1023/1973 1037/1975
f 1255/1963 1128/1974 1263/1976
f 1128/1974 1037/1975 1132/1977
f 1128/1974 1132/1977 1263/1976
f 1263/1976 1132/1977 1269/1978
f 899/1979 1065/1980 886/1981
f 899/1979 886/1981 863/1982
f 886/1983 1065/1984 1069/1985
f 1069/1985 1065/1984 1174/1986
f 886/1983 1069/1985 888/1987
f 886/1983 888/1987 852/1988
f 852/1988 888/1987 838/1989
f 888/1987 1069/1985 1071/1990
f 1071/1990 1069/1985 1174/1986
f 838/1989 888/1987 876/1991
f 876/1991 888/1987 1071/1990
f 838/1989 876/1991 834/1992
f 834/1992 876/1991 851/1993
f 851/1993 876/1991 874/1994
f 874/1994 876/1991 1053/1995
f 1053/1995 876/1991 1071/1990
f 874/1994 1053/1995 1052/1996
f 1052/1996 1053/1995 1160/1997
f 1160/1997 1053/1995 1163/1998
f 1163/1998 1053/1995 1071/1990
f 1163/1998 1071/1990 1173/1999
f 1173/1999 1071/1990 1174/1986
f 1173/1999 1174/1986 1200/2000
f 1173/1999 1200/2000 1199/2001
f 1173/1999 1199/2001 1192/2002
f 863/2003 886/2004 852/2005
f 1199/2006 1200/2007 1224/2008
f 1224/2008 1200/2007 1209/2009
f 1224/2008 1209/2009 1229/2010
f 1229/2010 1209/2009 1219/2011
f 1224/2008 1229/2010 1218/2012
f 1224/2008 1218/2012 1208/2013
f 1229/2010 1219/2011 1398/2014
f 1398/2014 1219/2011 1385/2015
f 1218/2012 1229/2010 1384/2016
f 1384/2016 1229/2010 1398/2014
f 1398/2014 1385/2015 1327/2017
f 1192/2018 1208/2013 1191/2019
f 1191/2019 1208/2013 1197/2020
f 1197/2020 1208/2013 1218/2012
f 1197/2020 1218/2012 1205/2021
f 1205/2021 1218/2012 1384/2016
f 1205/2021 1384/2016 1324/2022
f 1324/2022 1384/2016 1313/2023
f 1313/2023 1384/2016 1389/2024
f 1389/2024 1384/2016 1398/2014
f 1313/2023 1389/2024 1315/2025
f 1315/2025 1389/2024 1316/2026
f 1389/2024 1398/2014 1390/2027
f 1389/2024 1390/2027 1316/2026
f 1390/2027 1398/2014 1327/2017
f 1316/2026 1390/2027 1329/2028
f 1390/2027 1327/2017 1317/2029
f 1390/2027 1317/2029 1329/2028
f 1329/2028 1317/2029 1307/2030
f 1199/2031 1224/2032 1208/2033
f 1199/2031 1208/2033 1192/2034
f 1173/2035 1192/2036 1163/2037
f 1163/2037 1192/2036 1160/2038
f 1192/2039 1191/2040 1160/2041
f 1160/2042 1191/2043 1158/2044
f 1160/2042 1158/2044 1052/2045
f 1052/2045 1158/2044 1049/2046
f 1158/2044 1191/2043 1154/2047
f 1154/2047 1191/2043 1197/2048
f 1197/2049 1205/2050 1154/2051
f 1327/2052 1385/2053 1290/2054
f 1327/2052 1290/2054 1294/2055
f 1327/2052 1294/2055 1317/2056
f 1317/2056 1294/2055 1296/2057
f 1317/2056 1296/2057 1307/2058
f 1296/2057 1294/2055 1255/2059
f 1296/2057 1255/2059 1263/2060
f 1296/2057 1263/2060 1269/2061
f 1296/2062 1269/2063 1307/2064
f 1020/2065 866/2066 829/2067
f 829/2067 866/2066 870/2068
f 1020/2065 829/2067 975/2069
f 1023/2070 1020/2071 975/2072
f 1023/2070 975/2072 984/2073
f 984/2073 975/2072 941/2074
f 1023/2070 984/2073 1037/2075
f 984/2073 941/2074 961/2076
f 984/2073 961/2076 993/2077
f 1039/2078 1037/2075 993/2077
f 1037/2075 1039/2078 1132/2079
f 1132/2079 1039/2078 1135/2080
f 1039/2078 993/2077 1031/2081
f 993/2077 961/2076 987/2082
f 993/2077 987/2082 1031/2081
f 987/2082 961/2076 954/2083
f 987/2082 954/2083 978/2084
f 987/2082 978/2084 1031/2081
f 1031/2081 978/2084 1016/2085
f 941/2086 975/2087 829/2088
f 941/2086 829/2088 803/2089
f 803/2089 829/2088 830/2090
f 803/2089 830/2090 808/2091
f 808/2091 830/2090 832/2092
f 808/2091 832/2092 824/2093
f 808/2091 824/2093 812/2094
f 808/2091 812/2094 796/2095
f 808/2091 796/2095 803/2089
f 796/2095 812/2094 831/2096
f 796/2095 831/2096 819/2097
f 803/2089 796/2095 794/2098
f 794/2098 796/2095 819/2097
f 803/2089 794/2098 941/2086
f 794/2098 819/2097 802/2099
f 941/2086 794/2098 940/2100
f 940/2100 794/2098 802/2099
f 941/2086 940/2100 961/2101
f 940/2100 802/2099 951/2102
f 961/2101 940/2100 954/2103
f 940/2100 951/2102 960/2104
f 940/2100 960/2104 954/2103
f 1037/2105 984/2106 993/2107
f 829/2108 870/2109 830/2110
f 830/2111 870/2112 832/2113
f 832/2113 870/2112 863/2114
f 832/2115 863/2116 852/2117
f 832/2115 852/2117 824/2118
f 824/2119 852/2120 838/2121
f 824/2119 838/2121 834/2122
f 824/2119 834/2122 812/2123
f 812/2124 834/2125 831/2126
f 831/2126 834/2125 851/2127
f 831/2126 851/2127 862/2128
f 831/2126 862/2128 819/2129
f 862/2128 851/2127 884/2130
f 851/2131 874/2132 884/2133
f 884/2133 874/2132 1052/2134
f 884/2135 1052/2136 1049/2137
f 862/2138 884/2139 898/2140
f 898/2140 884/2139 1049/2141
f 862/2138 898/2140 859/2142
f 862/2138 859/2142 819/2143
f 819/2143 859/2142 857/2144
f 857/2144 859/2142 895/2145
f 895/2145 859/2142 898/2140
f 898/2140 1049/2141 1045/2146
f 898/2140 1045/2146 895/2145
f 1045/2146 1049/2141 1158/2147
f 1045/2146 1158/2147 1154/2148
f 895/2145 1045/2146 1041/2149
f 1041/2149 1045/2146 1154/2148
f 1041/2149 1154/2148 1151/2150
f 895/2145 1041/2149 1086/2151
f 991/2152 857/2144 1086/2151
f 991/2152 1086/2151 1007/2153
f 1041/2149 1151/2150 1239/2154
f 1041/2149 1239/2154 1086/2151
f 1239/2154 1151/2150 1278/2155
f 1239/2154 1278/2155 1283/2156
f 1239/2154 1283/2156 1243/2157
f 1007/2153 1086/2151 1090/2158
f 1090/2158 1086/2151 1239/2154
f 1090/2158 1239/2154 1243/2157
f 1007/2153 1090/2158 1026/2159
f 1026/2159 1090/2158 1093/2160
f 1093/2160 1090/2158 1243/2157
f 1093/2160 1243/2157 1251/2161
f 1151/2162 1154/2163 1205/2164
f 895/2165 1086/2166 857/2167
f 1151/2168 1205/2169 1278/2170
f 1278/2170 1205/2169 1324/2171
f 1278/2170 1324/2171 1283/2172
f 1283/2172 1324/2171 1313/2173
f 1283/2172 1313/2173 1287/2174
f 1283/2172 1287/2174 1243/2175
f 1287/2174 1313/2173 1315/2176
f 1243/2175 1287/2174 1251/2177
f 1251/2177 1287/2174 1298/2178
f 1298/2178 1287/2174 1315/2176
f 1251/2177 1298/2178 1259/2179
f 1298/2178 1315/2176 1299/2180
f 1299/2180 1315/2176 1316/2181
f 1299/2180 1316/2181 1329/2182
f 1299/2180 1329/2182 1306/2183
f 1306/2183 1329/2182 1307/2184
f 1306/2185 1307/2186 1268/2187
f 1268/2187 1307/2186 1269/2188
f 1268/2187 1269/2188 1135/2189
f 1306/2185 1268/2187 1267/2190
f 1306/2185 1267/2190 1299/2191
f 1299/2191 1267/2190 1298/2192
f 1298/2192 1267/2190 1259/2193
f 1259/2193 1267/2190 1108/2194
f 1108/2194 1267/2190 1268/2187
f 1259/2193 1108/2194 1097/2195
f 1097/2195 1108/2194 1012/2196
f 1012/2196 1108/2194 1016/2197
f 1109/2198 1268/2187 1135/2189
f 1268/2187 1109/2198 1108/2194
f 1108/2194 1109/2198 1016/2197
f 1109/2198 1135/2189 1039/2199
f 1016/2197 1109/2198 1031/2200
f 1031/2200 1109/2198 1039/2199
f 1135/2201 1269/2202 1132/2203
f 1251/2204 1259/2205 1097/2206
f 1251/2204 1097/2206 1093/2207
f 1093/2207 1097/2206 1026/2208
f 1026/2208 1097/2206 1012/2209
f 1026/2208 1012/2209 986/2210
f 1026/2208 986/2210 1007/2211
f 986/2210 1012/2209 978/2212
f 978/2212 1012/2209 1016/2213
f 986/2210 978/2212 954/2214
f 986/2210 954/2214 960/2215
f 986/2210 960/2215 1007/2211
f 1007/2211 960/2215 991/2216
f 991/2216 960/2215 951/2217
f 991/2216 951/2217 857/2218
f 857/2218 951/2217 802/2219
f 857/2218 802/2219 819/2220
f 615/2221 610/2222 538/2223
f 538/2223 610/2222 596/2224
f 596/2224 610/2222 430/2225
f 610/2222 615/2221 619/2226
f 430/2225 610/2222 447/2227
f 430/2225 447/2227 420/2228
f 447/2227 610/2222 448/2229
f 448/2229 610/2222 619/2226
f 420/2228 447/2227 435/2230
f 420/2228 435/2230 406/2231
f 406/2231 435/2230 414/2232
f 414/2232 435/2230 426/2233
f 435/2230 447/2227 444/2234
f 435/2230 444/2234 426/2233
f 444/2234 447/2227 448/2229
f 426/2233 444/2234 424/2235
f 424/2235 444/2234 437/2236
f 437/2236 444/2234 448/2229
f 437/2236 448/2229 441/2237
f 441/2237 448/2229 619/2226
f 441/2237 619/2226 612/2238
f 612/2238 619/2226 617/2239
f 617/2239 619/2226 616/2240
f 617/2239 616/2240 544/2241
f 616/2240 619/2226 615/2221
f 544/2241 616/2240 606/2242
f 616/2240 615/2221 543/2243
f 616/2240 543/2243 606/2242
f 615/2244 538/2245 528/2246
f 615/2244 528/2246 543/2247
f 543/2247 528/2246 520/2248
f 543/2247 520/2248 606/2249
f 606/2249 520/2248 533/2250
f 520/2248 528/2246 510/2251
f 528/2246 538/2245 498/2252
f 528/2246 498/2252 510/2251
f 498/2252 538/2245 494/2253
f 494/2253 538/2245 596/2254
f 494/2253 596/2254 491/2255
f 498/2252 494/2253 460/2256
f 498/2252 460/2256 464/2257
f 498/2252 464/2257 510/2251
f 510/2251 464/2257 472/2258
f 606/2259 533/2260 522/2261
f 606/2259 522/2261 544/2262
f 544/2262 522/2261 515/2263
f 515/2263 522/2261 487/2264
f 515/2263 487/2264 476/2265
f 544/2262 515/2263 513/2266
f 544/2262 513/2266 617/2267
f 533/2268 520/2269 485/2270
f 485/2270 520/2269 510/2271
f 485/2270 510/2271 472/2272
f 533/2268 485/2270 486/2273
f 533/2268 486/2273 522/2274
f 522/2274 486/2273 487/2275
f 487/2275 486/2273 350/2276
f 486/2273 485/2270 326/2277
f 326/2277 485/2270 472/2272
f 350/2276 486/2273 327/2278
f 327/2278 486/2273 326/2277
f 350/2276 327/2278 246/2279
f 246/2279 327/2278 247/2280
f 326/2277 472/2272 312/2281
f 312/2281 472/2272 464/2282
f 312/2281 464/2282 308/2283
f 326/2277 312/2281 229/2284
f 327/2278 326/2277 230/2285
f 230/2285 326/2277 229/2284
f 327/2278 230/2285 247/2280
f 230/2285 229/2284 177/2286
f 230/2285 177/2286 247/2280
f 247/2280 177/2286 178/2287
f 513/2288 515/2289 468/2290
f 468/2290 515/2289 476/2291
f 513/2288 468/2290 458/2292
f 513/2288 458/2292 503/2293
f 503/2293 458/2292 402/2294
f 487/2295 346/2296 476/2291
f 476/2291 346/2296 342/2297
f 476/2291 342/2297 468/2290
f 342/2297 346/2296 241/2298
f 342/2297 241/2298 237/2299
f 342/2297 237/2299 318/2300
f 342/2297 318/2300 468/2290
f 468/2290 318/2300 458/2292
f 314/2301 402/2294 458/2292
f 402/2294 314/2301 395/2302
f 458/2292 318/2300 122/2303
f 458/2292 122/2303 314/2301
f 122/2303 318/2300 82/2304
f 82/2304 318/2300 234/2305
f 82/2304 234/2305 31/2306
f 31/2306 234/2305 171/2307
f 122/2303 82/2304 75/2308
f 122/2303 75/2308 118/2309
f 122/2303 118/2309 314/2301
f 118/2309 75/2308 78/2310
f 118/2309 78/2310 114/2311
f 314/2301 118/2309 276/2312
f 276/2312 118/2309 114/2311
f 314/2301 276/2312 395/2302
f 276/2312 114/2311 280/2313
f 395/2302 276/2312 397/2314
f 397/2314 276/2312 280/2313
f 346/2315 487/2316 350/2317
f 346/2318 350/2319 246/2320
f 346/2318 246/2320 241/2321
f 241/2321 246/2320 201/2322
f 201/2322 246/2320 247/2323
f 201/2322 247/2323 178/2324
f 241/2321 201/2322 189/2325
f 241/2321 189/2325 237/2326
f 201/2327 178/2328 169/2329
f 201/2327 169/2329 189/2330
f 169/2329 178/2328 158/2331
f 158/2331 178/2328 177/2332
f 169/2329 158/2331 128/2333
f 128/2333 158/2331 168/2334
f 128/2333 168/2334 154/2335
f 128/2333 154/2335 17/2336
f 169/2329 128/2333 138/2337
f 171/2338 189/2330 138/2337
f 171/2338 138/2337 31/2339
f 128/2333 17/2336 3/2340
f 128/2333 3/2340 138/2337
f 3/2340 17/2336 22/2341
f 31/2339 138/2337 4/2342
f 4/2342 138/2337 3/2340
f 31/2339 4/2342 35/2343
f 3/2340 22/2341 6/2344
f 3/2340 6/2344 4/2342
f 6/2344 22/2341 39/2345
f 6/2344 39/2345 14/2346
f 4/2342 6/2344 12/2347
f 4/2342 12/2347 35/2343
f 12/2347 6/2344 14/2346
f 35/2343 12/2347 41/2348
f 12/2347 14/2346 28/2349
f 12/2347 28/2349 41/2348
f 189/2350 169/2351 138/2352
f 195/2353 177/2354 229/2355
f 177/2354 195/2353 158/2356
f 158/2356 195/2353 168/2357
f 195/2353 229/2355 223/2358
f 223/2358 229/2355 312/2359
f 223/2358 312/2359 308/2360
f 195/2353 223/2358 220/2361
f 195/2353 220/2361 168/2357
f 168/2357 220/2361 204/2362
f 168/2357 204/2362 154/2363
f 154/2363 204/2362 59/2364
f 154/2363 59/2364 17/2365
f 17/2365 59/2364 22/2366
f 223/2367 308/2368 303/2369
f 223/2367 303/2369 220/2370
f 303/2369 308/2368 460/2371
f 460/2371 308/2368 464/2372
f 220/2370 303/2369 299/2373
f 220/2370 299/2373 204/2374
f 303/2369 460/2371 452/2375
f 303/2369 452/2375 299/2373
f 204/2374 299/2373 59/2376
f 452/2375 460/2371 494/2377
f 452/2375 494/2377 491/2378
f 452/2375 491/2378 381/2379
f 452/2375 381/2379 254/2380
f 452/2375 254/2380 299/2373
f 254/2380 381/2379 382/2381
f 59/2376 299/2373 109/2382
f 109/2382 299/2373 254/2380
f 59/2376 109/2382 61/2383
f 254/2380 382/2381 258/2384
f 254/2380 258/2384 109/2382
f 258/2384 382/2381 371/2385
f 258/2384 371/2385 262/2386
f 109/2382 258/2384 95/2387
f 109/2382 95/2387 61/2383
f 95/2387 258/2384 262/2386
f 61/2383 95/2387 66/2388
f 95/2387 262/2386 85/2389
f 95/2387 85/2389 66/2388
f 22/2390 59/2391 61/2392
f 22/2390 61/2392 66/2393
f 22/2390 66/2393 39/2394
f 39/2394 66/2393 55/2395
f 39/2394 55/2395 49/2396
f 39/2394 49/2396 14/2397
f 55/2395 66/2393 85/2398
f 55/2395 85/2398 89/2399
f 89/2399 85/2398 266/2400
f 266/2400 85/2398 262/2401
f 381/2402 491/2403 430/2404
f 430/2404 491/2403 596/2405
f 381/2402 430/2404 382/2406
f 382/2406 430/2404 420/2407
f 382/2406 420/2407 406/2408
f 382/2406 406/2408 371/2409
f 371/2409 406/2408 373/2410
f 406/2411 414/2412 373/2413
f 262/2414 371/2415 266/2416
f 266/2417 371/2418 373/2419
f 414/2420 426/2421 401/2422
f 414/2420 401/2422 389/2423
f 389/2423 401/2422 288/2424
f 288/2424 401/2422 399/2425
f 288/2424 399/2425 286/2426
f 389/2423 288/2424 270/2427
f 389/2423 270/2427 373/2428
f 373/2428 270/2427 266/2429
f 266/2429 270/2427 89/2430
f 89/2430 270/2427 92/2431
f 92/2431 270/2427 288/2424
f 89/2430 92/2431 55/2432
f 55/2432 92/2431 49/2433
f 49/2433 92/2431 57/2434
f 92/2431 288/2424 106/2435
f 92/2431 106/2435 57/2434
f 106/2435 288/2424 286/2426
f 57/2434 106/2435 70/2436
f 70/2436 106/2435 104/2437
f 104/2437 106/2435 286/2426
f 104/2437 286/2426 280/2438
f 104/2437 280/2438 114/2439
f 426/2440 424/2441 401/2442
f 401/2442 424/2441 399/2443
f 399/2443 424/2441 397/2444
f 397/2444 424/2441 437/2445
f 397/2444 437/2445 395/2446
f 395/2446 437/2445 402/2447
f 402/2447 437/2445 441/2448
f 402/2447 441/2448 612/2449
f 402/2447 612/2449 503/2450
f 503/2450 612/2449 617/2451
f 503/2450 617/2451 513/2452
f 414/2453 389/2454 373/2455
f 399/2456 397/2457 280/2458
f 234/2459 318/2460 237/2461
f 234/2459 237/2461 171/2462
f 171/2462 237/2461 189/2463
f 75/2464 82/2465 31/2466
f 75/2464 31/2466 35/2467
f 75/2464 35/2467 41/2468
f 75/2464 41/2468 78/2469
f 78/2469 41/2468 70/2470
f 70/2470 41/2468 28/2471
f 78/2469 70/2470 104/2472
f 78/2469 104/2472 114/2473
f 70/2470 28/2471 57/2474
f 57/2474 28/2471 49/2475
f 280/2476 286/2477 399/2478
f 28/2479 14/2480 49/2481
f 266/2482 89/2483 267/2484
f 266/2482 267/2484 373/2485
f 373/2485 267/2484 389/2486
f 267/2484 89/2483 90/2487
f 90/2487 89/2483 53/2488
f 90/2487 53/2488 49/2489
f 90/2487 49/2489 56/2490
f 90/2487 56/2490 103/2491
f 90/2487 103/2491 267/2484
f 389/2486 267/2484 285/2492
f 285/2492 267/2484 103/2491
f 389/2486 285/2492 387/2493
f 103/2491 56/2490 69/2494
f 404/2495 387/2493 411/2496
f 411/2496 387/2493 412/2497
f 412/2497 387/2493 388/2498
f 388/2498 387/2493 285/2492
f 388/2498 285/2492 282/2499
f 282/2499 285/2492 103/2491
f 388/2498 282/2499 278/2500
f 282/2499 103/2491 100/2501
f 282/2499 100/2501 278/2500
f 100/2501 103/2491 69/2494
f 278/2500 100/2501 113/2502
f 113/2502 100/2501 77/2503
f 77/2503 100/2501 69/2494
f 77/2503 69/2494 46/2504
f 46/2504 69/2494 40/2505
f 86/2506 89/2507 266/2508
f 86/2506 266/2508 263/2509
f 86/2506 263/2509 96/2510
f 86/2506 96/2510 65/2511
f 65/2511 96/2510 62/2512
f 96/2510 263/2509 259/2513
f 259/2513 263/2509 368/2514
f 259/2513 368/2514 367/2515
f 62/2512 96/2510 110/2516
f 110/2516 96/2510 259/2513
f 62/2512 110/2516 72/2517
f 259/2513 367/2515 255/2518
f 259/2513 255/2518 110/2516
f 255/2518 367/2515 364/2519
f 72/2517 110/2516 300/2520
f 300/2520 110/2516 255/2518
f 72/2517 300/2520 217/2521
f 217/2521 300/2520 221/2522
f 255/2518 364/2519 450/2523
f 255/2518 450/2523 300/2520
f 450/2523 364/2519 489/2524
f 450/2523 489/2524 495/2525
f 450/2523 495/2525 454/2526
f 300/2520 450/2523 304/2527
f 300/2520 304/2527 221/2522
f 304/2527 450/2523 454/2526
f 221/2522 304/2527 239/2528
f 239/2528 304/2527 306/2529
f 306/2529 304/2527 454/2526
f 306/2529 454/2526 462/2530
f 404/2531 373/2532 389/2533
f 266/2534 373/2535 368/2536
f 266/2534 368/2536 263/2537
f 368/2536 373/2535 403/2538
f 368/2536 403/2538 367/2539
f 367/2539 403/2538 408/2540
f 403/2541 373/2542 404/2543
f 387/2544 404/2545 389/2546
f 421/2547 403/2548 404/2549
f 403/2548 421/2547 408/2550
f 421/2547 404/2549 411/2551
f 408/2550 421/2547 431/2552
f 408/2550 431/2552 416/2553
f 421/2547 411/2551 436/2554
f 421/2547 436/2554 431/2552
f 436/2554 411/2551 412/2555
f 436/2554 412/2555 422/2556
f 416/2553 431/2552 597/2557
f 416/2553 597/2557 535/2558
f 431/2552 436/2554 440/2559
f 440/2559 436/2554 422/2556
f 431/2552 440/2559 597/2557
f 440/2559 422/2556 432/2560
f 535/2558 597/2557 524/2561
f 440/2559 432/2560 611/2562
f 440/2559 611/2562 597/2557
f 611/2562 432/2560 598/2563
f 611/2562 598/2563 604/2564
f 524/2561 597/2557 602/2565
f 602/2565 597/2557 611/2562
f 524/2561 602/2565 529/2566
f 529/2566 602/2565 530/2567
f 602/2565 611/2562 603/2568
f 602/2565 603/2568 530/2567
f 603/2568 611/2562 604/2564
f 530/2567 603/2568 541/2569
f 603/2568 604/2564 531/2570
f 603/2568 531/2570 541/2569
f 408/2571 416/2572 367/2573
f 412/2574 388/2575 384/2576
f 384/2576 388/2575 278/2577
f 384/2576 278/2577 275/2578
f 412/2574 384/2576 422/2579
f 384/2576 275/2578 395/2580
f 384/2576 395/2580 422/2579
f 422/2579 395/2580 393/2581
f 422/2579 393/2581 432/2582
f 432/2582 393/2581 598/2583
f 598/2583 393/2581 502/2584
f 395/2585 275/2586 272/2587
f 395/2585 272/2587 393/2588
f 113/2589 275/2586 278/2590
f 275/2586 113/2589 117/2591
f 275/2586 117/2591 272/2587
f 117/2591 113/2589 77/2592
f 117/2591 77/2592 84/2593
f 393/2588 272/2587 457/2594
f 393/2588 457/2594 502/2595
f 502/2595 457/2594 505/2596
f 505/2596 457/2594 467/2597
f 117/2591 84/2593 121/2598
f 117/2591 121/2598 272/2587
f 272/2587 121/2598 457/2594
f 121/2598 84/2593 81/2599
f 457/2594 121/2598 317/2600
f 317/2600 121/2598 81/2599
f 457/2594 317/2600 467/2597
f 317/2600 81/2599 234/2601
f 234/2601 81/2599 30/2602
f 234/2601 30/2602 171/2603
f 317/2600 234/2601 248/2604
f 317/2600 248/2604 341/2605
f 317/2600 341/2605 467/2597
f 467/2597 341/2605 475/2606
f 475/2606 341/2605 343/2607
f 475/2606 343/2607 482/2608
f 482/2608 343/2607 348/2609
f 604/2610 598/2611 502/2612
f 604/2610 502/2612 505/2613
f 604/2610 505/2613 531/2614
f 531/2614 505/2613 507/2615
f 507/2615 505/2613 467/2616
f 507/2615 467/2616 475/2617
f 507/2615 475/2617 482/2618
f 507/2615 482/2618 518/2619
f 507/2615 518/2619 531/2614
f 531/2614 518/2619 541/2620
f 541/2620 518/2619 521/2621
f 530/2622 541/2623 511/2624
f 511/2624 541/2623 521/2625
f 530/2622 511/2624 529/2626
f 529/2626 511/2624 510/2627
f 529/2626 510/2627 499/2628
f 529/2626 499/2628 524/2629
f 499/2628 510/2627 462/2630
f 462/2630 510/2627 470/2631
f 499/2628 462/2630 454/2632
f 499/2628 454/2632 495/2633
f 499/2628 495/2633 524/2629
f 524/2629 495/2633 535/2634
f 535/2634 495/2633 489/2635
f 535/2634 489/2635 416/2636
f 416/2636 489/2635 364/2637
f 511/2638 521/2639 480/2640
f 511/2638 480/2640 510/2641
f 510/2641 480/2640 470/2642
f 480/2640 521/2639 481/2643
f 470/2642 480/2640 322/2644
f 481/2643 521/2639 518/2645
f 322/2644 480/2640 481/2643
f 481/2643 518/2645 482/2646
f 470/2642 322/2644 310/2647
f 481/2643 482/2646 348/2648
f 310/2647 322/2644 225/2649
f 481/2643 348/2648 323/2650
f 481/2643 323/2650 322/2644
f 323/2650 348/2648 242/2651
f 323/2650 242/2651 245/2652
f 322/2644 323/2650 226/2653
f 322/2644 226/2653 225/2649
f 226/2653 323/2650 245/2652
f 225/2649 226/2653 191/2654
f 191/2654 226/2653 245/2652
f 191/2654 245/2652 192/2655
f 348/2656 343/2657 242/2658
f 242/2658 343/2657 250/2659
f 250/2659 343/2657 341/2660
f 250/2659 341/2660 248/2661
f 242/2658 250/2659 206/2662
f 242/2658 206/2662 245/2663
f 245/2663 206/2662 192/2664
f 192/2664 206/2662 175/2665
f 206/2662 250/2659 197/2666
f 206/2662 197/2666 175/2665
f 197/2666 250/2659 248/2661
f 175/2665 197/2666 156/2667
f 156/2667 197/2666 171/2668
f 171/2668 197/2666 248/2661
f 171/2668 248/2661 234/2669
f 192/2670 175/2671 158/2672
f 158/2672 175/2671 155/2673
f 158/2672 155/2673 174/2674
f 174/2674 155/2673 164/2675
f 164/2675 155/2673 18/2676
f 155/2673 175/2671 156/2677
f 18/2676 155/2673 8/2678
f 8/2678 155/2673 156/2677
f 18/2676 8/2678 23/2679
f 23/2679 8/2678 11/2680
f 23/2679 11/2680 38/2681
f 38/2681 11/2680 27/2682
f 11/2680 8/2678 19/2683
f 19/2683 8/2678 156/2677
f 27/2682 11/2680 24/2684
f 24/2684 11/2680 19/2683
f 27/2682 24/2684 40/2685
f 40/2685 24/2684 46/2686
f 46/2686 24/2684 34/2687
f 34/2687 24/2684 19/2683
f 34/2687 19/2683 30/2688
f 30/2688 19/2683 156/2677
f 30/2688 156/2677 171/2689
f 192/2690 158/2691 191/2692
f 191/2693 158/2694 200/2695
f 191/2693 200/2695 225/2696
f 200/2695 158/2694 174/2697
f 225/2696 200/2695 239/2698
f 225/2696 239/2698 310/2699
f 239/2698 200/2695 221/2700
f 221/2700 200/2695 174/2697
f 310/2699 239/2698 306/2701
f 310/2699 306/2701 462/2702
f 310/2699 462/2702 470/2703
f 221/2700 174/2697 217/2704
f 217/2704 174/2697 164/2705
f 217/2704 164/2705 72/2706
f 72/2706 164/2705 18/2707
f 72/2706 18/2707 23/2708
f 72/2706 23/2708 62/2709
f 62/2709 23/2708 65/2710
f 65/2710 23/2708 38/2711
f 81/2712 84/2713 30/2714
f 30/2714 84/2713 34/2715
f 34/2715 84/2713 46/2716
f 46/2716 84/2713 77/2717
f 40/2718 69/2719 56/2720
f 40/2718 56/2720 49/2721
f 40/2718 49/2721 27/2722
f 38/2723 27/2724 49/2725
f 38/2723 49/2725 53/2726
f 38/2723 53/2726 65/2727
f 65/2727 53/2726 86/2728
f 86/2728 53/2726 89/2729
f 416/2730 364/2731 367/2732
f 983/2733 965/2734 946/2735
f 983/2733 946/2735 956/2736
f 983/2733 956/2736 1011/2737
f 983/2733 1011/2737 1017/2738
f 1017/2738 1011/2737 1096/2739
f 1017/2738 1096/2739 1100/2740
f 1011/2737 956/2736 1008/2741
f 1008/2741 956/2736 942/2742
f 1008/2741 942/2742 992/2743
f 992/2743 942/2742 804/2744
f 992/2743 804/2744 845/2745
f 965/2746 983/2747 1018/2748
f 965/2746 1018/2748 966/2749
f 1018/2748 983/2747 1017/2750
f 966/2749 1018/2748 1035/2751
f 1018/2748 1017/2750 1114/2752
f 1018/2748 1114/2752 1035/2751
f 1114/2752 1017/2750 1100/2753
f 1035/2751 1114/2752 1115/2754
f 1035/2751 1115/2754 1034/2755
f 1034/2755 1115/2754 1138/2756
f 1138/2756 1115/2754 1277/2757
f 1115/2754 1114/2752 1275/2758
f 1275/2758 1114/2752 1100/2753
f 1277/2757 1115/2754 1276/2759
f 1276/2759 1115/2754 1275/2758
f 1277/2757 1276/2759 1312/2760
f 1312/2760 1276/2759 1323/2761
f 1323/2761 1276/2759 1310/2762
f 1310/2762 1276/2759 1275/2758
f 1310/2762 1275/2758 1300/2763
f 1300/2763 1275/2758 1262/2764
f 1262/2764 1275/2758 1100/2753
f 1262/2764 1100/2753 1096/2765
f 1262/2764 1096/2765 1254/2766
f 946/2767 965/2768 957/2769
f 957/2769 965/2768 966/2770
f 957/2769 966/2770 989/2771
f 957/2769 989/2771 977/2772
f 946/2767 957/2769 926/2773
f 959/2774 926/2773 977/2772
f 926/2773 959/2774 818/2775
f 946/2767 926/2773 916/2776
f 946/2767 916/2776 956/2777
f 926/2773 818/2775 791/2778
f 926/2773 791/2778 916/2776
f 956/2777 916/2776 942/2779
f 791/2778 818/2775 822/2780
f 942/2779 916/2776 804/2781
f 804/2781 916/2776 790/2782
f 790/2782 916/2776 791/2778
f 804/2781 790/2782 809/2783
f 791/2778 822/2780 799/2784
f 791/2778 799/2784 790/2782
f 799/2784 822/2780 828/2785
f 799/2784 828/2785 815/2786
f 790/2782 799/2784 793/2787
f 793/2787 799/2784 815/2786
f 790/2782 793/2787 809/2783
f 793/2787 815/2786 801/2788
f 809/2783 793/2787 826/2789
f 826/2789 793/2787 801/2788
f 966/2790 1035/2791 1034/2792
f 966/2790 1034/2792 989/2793
f 989/2793 1034/2792 1029/2794
f 1029/2794 1034/2792 1138/2795
f 1029/2794 1138/2795 1134/2796
f 989/2793 1029/2794 1025/2797
f 989/2793 1025/2797 977/2798
f 957/2799 977/2800 926/2801
f 1025/2802 1029/2803 1130/2804
f 1130/2804 1029/2803 1134/2805
f 1025/2802 1130/2804 1106/2806
f 1130/2804 1134/2805 1258/2807
f 1258/2807 1134/2805 1266/2808
f 1258/2807 1266/2808 1305/2809
f 1258/2807 1305/2809 1303/2810
f 1130/2804 1258/2807 1248/2811
f 1248/2811 1258/2807 1303/2810
f 1130/2804 1248/2811 1106/2806
f 1248/2811 1303/2810 1293/2812
f 1248/2811 1293/2812 1190/2813
f 1248/2811 1190/2813 1102/2814
f 1248/2811 1102/2814 1106/2806
f 1102/2814 1190/2813 1183/2815
f 1102/2814 1183/2815 1064/2816
f 1064/2816 1183/2815 1185/2817
f 1064/2816 1185/2817 1068/2818
f 1102/2814 1064/2816 910/2819
f 1102/2814 910/2819 1106/2806
f 1064/2816 1068/2818 906/2820
f 1064/2816 906/2820 910/2819
f 906/2820 1068/2818 902/2821
f 906/2820 902/2821 865/2822
f 906/2820 865/2822 861/2823
f 906/2820 861/2823 910/2819
f 910/2819 861/2823 869/2824
f 910/2819 869/2824 1106/2806
f 1106/2806 869/2824 1022/2825
f 1022/2825 869/2824 959/2826
f 959/2826 869/2824 818/2827
f 1134/2828 1138/2829 1266/2830
f 1266/2831 1138/2832 1277/2833
f 1266/2834 1277/2835 1312/2836
f 1266/2834 1312/2836 1305/2837
f 1305/2837 1312/2836 1334/2838
f 1334/2838 1312/2836 1323/2839
f 1334/2838 1323/2839 1396/2840
f 1305/2837 1334/2838 1407/2841
f 1305/2837 1407/2841 1303/2842
f 1407/2843 1334/2844 1406/2845
f 1406/2845 1334/2844 1396/2846
f 1406/2845 1396/2846 1405/2847
f 1405/2847 1396/2846 1333/2848
f 1407/2843 1406/2845 1409/2849
f 1406/2845 1405/2847 1400/2850
f 1406/2845 1400/2850 1409/2849
f 1400/2850 1405/2847 1328/2851
f 1400/2850 1328/2851 1386/2852
f 1400/2850 1386/2852 1220/2853
f 1407/2843 1409/2849 1402/2854
f 1402/2854 1409/2849 1232/2855
f 1400/2850 1220/2853 1237/2856
f 1400/2850 1237/2856 1409/2849
f 1237/2856 1220/2853 1210/2857
f 1232/2855 1409/2849 1238/2858
f 1238/2858 1409/2849 1237/2856
f 1232/2855 1238/2858 1228/2859
f 1237/2856 1210/2857 1226/2860
f 1237/2856 1226/2860 1238/2858
f 1226/2860 1210/2857 1196/2861
f 1226/2860 1196/2861 1204/2862
f 1238/2858 1226/2860 1234/2863
f 1234/2863 1226/2860 1204/2862
f 1238/2858 1234/2863 1228/2859
f 1234/2863 1204/2862 1216/2864
f 1228/2859 1234/2863 1214/2865
f 1214/2865 1234/2863 1216/2864
f 1323/2866 1310/2867 1333/2868
f 1323/2866 1333/2868 1396/2869
f 1333/2868 1310/2867 1300/2870
f 1333/2868 1300/2870 1318/2871
f 1333/2868 1318/2871 1405/2872
f 1405/2872 1318/2871 1328/2873
f 1386/2874 1328/2873 1281/2875
f 1281/2875 1328/2873 1284/2876
f 1284/2876 1328/2873 1318/2871
f 1318/2871 1300/2870 1288/2877
f 1318/2871 1288/2877 1284/2876
f 1288/2877 1300/2870 1262/2878
f 1284/2876 1288/2877 1250/2879
f 1288/2877 1262/2878 1254/2880
f 1288/2877 1254/2880 1250/2879
f 1407/2881 1402/2882 1303/2883
f 1303/2883 1402/2882 1293/2884
f 1293/2884 1402/2882 1232/2885
f 1293/2884 1232/2885 1190/2886
f 1190/2886 1232/2885 1183/2887
f 1183/2887 1232/2885 1228/2888
f 1183/2887 1228/2888 1214/2889
f 1183/2887 1214/2889 1185/2890
f 1185/2890 1214/2889 1187/2891
f 1187/2891 1214/2889 1216/2892
f 1187/2891 1216/2892 1189/2893
f 1204/2894 1196/2895 1178/2896
f 1178/2896 1196/2895 1161/2897
f 1161/2897 1196/2895 1159/2898
f 1159/2898 1196/2895 1210/2899
f 1159/2898 1210/2899 1170/2900
f 1170/2900 1210/2899 1169/2901
f 1169/2901 1210/2899 1220/2902
f 1169/2901 1220/2902 1386/2903
f 1169/2901 1386/2903 1281/2904
f 1204/2905 1178/2906 1216/2907
f 1216/2907 1178/2906 1189/2908
f 1189/2908 1178/2906 1058/2909
f 1058/2909 1178/2906 1161/2910
f 1058/2909 1161/2910 1054/2911
f 1189/2908 1058/2909 1076/2912
f 1189/2908 1076/2912 1187/2913
f 1058/2909 1054/2911 880/2914
f 880/2914 1054/2911 877/2915
f 880/2914 877/2915 841/2916
f 880/2914 841/2916 836/2917
f 1058/2909 880/2914 893/2918
f 1058/2909 893/2918 1076/2912
f 893/2918 880/2914 836/2917
f 893/2918 836/2917 843/2919
f 843/2919 836/2917 801/2920
f 893/2918 843/2919 856/2921
f 893/2918 856/2921 891/2922
f 893/2918 891/2922 1076/2912
f 1076/2912 891/2922 1074/2923
f 1076/2912 1074/2923 1187/2913
f 1074/2923 891/2922 902/2924
f 1187/2913 1074/2923 1185/2925
f 1074/2923 902/2924 1068/2926
f 1074/2923 1068/2926 1185/2925
f 1169/2927 1281/2928 1242/2929
f 1242/2929 1281/2928 1284/2930
f 1242/2929 1284/2930 1250/2931
f 1169/2927 1242/2929 1042/2932
f 1169/2927 1042/2932 1170/2933
f 1242/2929 1250/2931 1087/2934
f 1170/2933 1042/2932 1046/2935
f 1170/2933 1046/2935 1159/2936
f 1159/2936 1046/2935 1050/2937
f 1050/2937 1046/2935 872/2938
f 872/2938 1046/2935 882/2939
f 882/2939 1046/2935 1042/2932
f 872/2938 882/2939 853/2940
f 853/2940 882/2939 847/2941
f 882/2939 1042/2932 896/2942
f 882/2939 896/2942 847/2941
f 896/2942 1042/2932 1242/2929
f 896/2942 1242/2929 1087/2934
f 847/2941 896/2942 845/2943
f 845/2943 896/2942 1087/2934
f 845/2943 1087/2934 992/2944
f 992/2944 1087/2934 1008/2945
f 1008/2945 1087/2934 1091/2946
f 1091/2946 1087/2934 1250/2931
f 1008/2945 1091/2946 1011/2947
f 1091/2946 1250/2931 1254/2948
f 1011/2947 1091/2946 1096/2949
f 1096/2949 1091/2946 1254/2948
f 1159/2950 1050/2951 1161/2952
f 1050/2953 872/2954 877/2955
f 877/2955 872/2954 853/2956
f 877/2955 853/2956 841/2957
f 1050/2953 877/2955 1054/2958
f 1050/2953 1054/2958 1161/2959
f 847/2960 845/2961 804/2962
f 804/2963 809/2964 847/2965
f 847/2966 809/2967 826/2968
f 847/2966 826/2968 853/2969
f 853/2969 826/2968 841/2970
f 841/2970 826/2968 801/2971
f 841/2970 801/2971 836/2972
f 801/2973 815/2974 843/2975
f 843/2975 815/2974 828/2976
f 843/2975 828/2976 856/2977
f 856/2977 828/2976 865/2978
f 856/2977 865/2978 902/2979
f 856/2977 902/2979 891/2980
f 865/2978 828/2976 822/2981
f 865/2978 822/2981 861/2982
f 861/2982 822/2981 869/2983
f 869/2983 822/2981 818/2984
f 1106/2985 1022/2986 1025/2987
f 1025/2987 1022/2986 977/2988
f 977/2988 1022/2986 959/2989
f 1022/2990 959/2991 868/2992
f 868/2992 959/2991 817/2993
f 1022/2990 868/2992 1105/2994
f 1022/2990 1105/2994 1036/2995
f 1036/2995 1105/2994 1129/2996
f 1105/2994 868/2992 909/2997
f 909/2997 868/2992 871/2998
f 1129/2996 1105/2994 1247/2999
f 1105/2994 909/2997 1060/3000
f 1105/2994 1060/3000 1247/2999
f 1060/3000 909/2997 1063/3001
f 1060/3000 1063/3001 1183/3002
f 1060/3000 1183/3002 1181/3003
f 1060/3000 1181/3003 1247/2999
f 1247/2999 1181/3003 1292/3004
f 1247/2999 1292/3004 1295/3005
f 1247/2999 1295/3005 1257/3006
f 1247/2999 1257/3006 1129/2996
f 1129/2996 1257/3006 1131/3007
f 1131/3007 1257/3006 1265/3008
f 1131/3007 1265/3008 1136/3009
f 1136/3009 1265/3008 1272/3010
f 905/3011 1063/3001 909/2997
f 905/3011 909/2997 871/2998
f 1063/3001 905/3011 1066/3012
f 905/3011 871/2998 864/3013
f 1066/3012 905/3011 901/3014
f 901/3014 905/3011 864/3013
f 959/3015 1022/3016 985/3017
f 959/3015 985/3017 944/3018
f 985/3017 1022/3016 1036/3019
f 944/3018 985/3017 963/3020
f 963/3020 985/3017 994/3021
f 994/3021 985/3017 1036/3019
f 963/3020 994/3021 980/3022
f 980/3022 994/3021 1030/3023
f 980/3022 1030/3023 1033/3024
f 994/3021 1036/3019 1038/3025
f 994/3021 1038/3025 1030/3023
f 1038/3025 1036/3019 1129/3026
f 1030/3023 1038/3025 1136/3027
f 1038/3025 1129/3026 1131/3028
f 1038/3025 1131/3028 1136/3027
f 817/3029 959/3030 944/3031
f 817/3029 944/3031 806/3032
f 817/3029 806/3032 821/3033
f 963/3034 946/3035 944/3031
f 944/3031 946/3035 943/3036
f 944/3031 943/3036 806/3032
f 943/3036 946/3035 962/3037
f 943/3036 962/3037 952/3038
f 943/3036 952/3038 805/3039
f 943/3036 805/3039 795/3040
f 943/3036 795/3040 806/3032
f 795/3040 805/3039 810/3041
f 811/3042 821/3033 806/3032
f 811/3042 806/3032 795/3040
f 821/3033 811/3042 833/3043
f 833/3043 811/3042 827/3044
f 811/3042 795/3040 798/3045
f 798/3045 795/3040 810/3041
f 811/3042 798/3045 827/3044
f 798/3045 810/3041 825/3046
f 827/3044 798/3045 814/3047
f 814/3047 798/3045 825/3046
f 868/3048 817/3049 821/3050
f 868/3048 821/3050 871/3051
f 871/3051 821/3050 864/3052
f 864/3052 821/3050 833/3053
f 864/3052 833/3053 855/3054
f 855/3054 833/3053 842/3055
f 842/3055 833/3053 827/3056
f 842/3055 827/3056 814/3057
f 842/3055 814/3057 836/3058
f 946/3059 963/3060 979/3061
f 979/3062 963/3063 980/3064
f 946/3065 979/3066 988/3067
f 988/3067 979/3066 1014/3068
f 988/3067 1014/3068 1013/3069
f 946/3065 988/3067 962/3070
f 988/3067 1013/3069 1027/3071
f 988/3067 1027/3071 962/3070
f 962/3070 1027/3071 1009/3072
f 962/3070 1009/3072 952/3073
f 952/3073 1009/3072 1005/3074
f 952/3073 1005/3074 805/3075
f 805/3075 1005/3074 858/3076
f 805/3075 858/3076 848/3077
f 805/3075 848/3077 810/3078
f 810/3078 848/3077 825/3079
f 979/3080 980/3081 1014/3082
f 1014/3083 980/3084 1033/3085
f 1013/3086 1014/3087 1110/3088
f 1110/3088 1014/3087 1033/3089
f 1013/3086 1110/3088 1098/3090
f 1110/3088 1033/3089 1111/3091
f 1098/3090 1110/3088 1270/3092
f 1111/3091 1033/3089 1030/3093
f 1270/3092 1110/3088 1111/3091
f 1111/3091 1030/3093 1136/3094
f 1111/3091 1136/3094 1272/3095
f 1098/3090 1270/3092 1260/3096
f 1260/3096 1270/3092 1300/3097
f 1300/3097 1270/3092 1301/3098
f 1270/3092 1111/3091 1271/3099
f 1270/3092 1271/3099 1301/3098
f 1271/3099 1111/3091 1272/3095
f 1301/3098 1271/3099 1311/3100
f 1271/3099 1272/3095 1308/3101
f 1271/3099 1308/3101 1311/3100
f 1272/3102 1265/3103 1308/3104
f 1308/3104 1265/3103 1297/3105
f 1297/3105 1265/3103 1257/3106
f 1308/3104 1297/3105 1321/3107
f 1297/3105 1257/3106 1295/3108
f 1321/3107 1297/3105 1394/3109
f 1394/3109 1297/3105 1295/3108
f 1394/3109 1295/3108 1388/3110
f 1388/3110 1295/3108 1292/3111
f 1308/3112 1321/3113 1311/3114
f 1311/3115 1321/3116 1331/3117
f 1301/3118 1311/3119 1320/3120
f 1320/3120 1311/3119 1331/3121
f 1320/3120 1331/3121 1392/3122
f 1300/3123 1301/3124 1320/3125
f 1300/3123 1320/3125 1319/3126
f 1331/3127 1321/3128 1393/3129
f 1393/3129 1321/3128 1394/3130
f 1331/3127 1393/3129 1392/3131
f 1393/3129 1394/3130 1401/3132
f 1401/3132 1394/3130 1388/3133
f 1392/3131 1393/3129 1387/3134
f 1387/3134 1393/3129 1401/3132
f 1401/3132 1388/3133 1222/3135
f 1392/3131 1387/3134 1314/3136
f 1392/3131 1314/3136 1319/3137
f 1392/3131 1319/3137 1320/3138
f 1314/3136 1387/3134 1325/3139
f 1325/3139 1387/3134 1206/3140
f 1206/3140 1387/3134 1221/3141
f 1221/3141 1387/3134 1401/3132
f 1206/3140 1221/3141 1198/3142
f 1231/3143 1401/3132 1222/3135
f 1401/3132 1231/3143 1221/3141
f 1231/3143 1222/3135 1212/3144
f 1198/3142 1221/3141 1211/3145
f 1211/3145 1221/3141 1231/3143
f 1198/3142 1211/3145 1193/3146
f 1231/3143 1212/3144 1227/3147
f 1231/3143 1227/3147 1211/3145
f 1227/3147 1212/3144 1202/3148
f 1227/3147 1202/3148 1201/3149
f 1211/3145 1227/3147 1194/3150
f 1194/3150 1227/3147 1201/3149
f 1211/3145 1194/3150 1193/3146
f 1194/3150 1201/3149 1178/3151
f 1194/3150 1178/3151 1193/3146
f 1300/3152 1319/3153 1289/3154
f 1300/3152 1289/3154 1260/3155
f 1289/3154 1319/3153 1285/3156
f 1285/3156 1319/3153 1314/3157
f 1289/3154 1285/3156 1244/3158
f 1289/3154 1244/3158 1252/3159
f 1289/3154 1252/3159 1260/3155
f 1260/3155 1252/3159 1094/3160
f 1260/3155 1094/3160 1098/3161
f 1013/3162 1098/3163 1094/3164
f 1013/3165 1094/3166 1027/3167
f 1027/3168 1094/3169 1092/3170
f 1092/3170 1094/3169 1252/3171
f 1027/3168 1092/3170 1009/3172
f 1092/3170 1252/3171 1244/3173
f 1009/3172 1092/3170 1088/3174
f 1088/3174 1092/3170 1244/3173
f 1009/3172 1088/3174 1005/3175
f 1005/3175 1088/3174 858/3176
f 1088/3174 1244/3173 1240/3177
f 1240/3177 1244/3173 1285/3178
f 1240/3177 1285/3178 1279/3179
f 1240/3177 1279/3179 1152/3180
f 858/3176 1088/3174 897/3181
f 897/3181 1088/3174 1240/3177
f 858/3176 897/3181 848/3182
f 1240/3177 1152/3180 1043/3183
f 1240/3177 1043/3183 897/3181
f 1043/3183 1152/3180 1155/3184
f 848/3182 897/3181 883/3185
f 883/3185 897/3181 1043/3183
f 848/3182 883/3185 850/3186
f 848/3182 850/3186 825/3187
f 1043/3183 1155/3184 1047/3188
f 1043/3183 1047/3188 883/3185
f 1047/3188 1155/3184 1156/3189
f 1047/3188 1156/3189 1051/3190
f 883/3185 1047/3188 873/3191
f 883/3185 873/3191 850/3186
f 873/3191 1047/3188 1051/3190
f 850/3186 873/3191 877/3192
f 877/3192 873/3191 1051/3190
f 877/3192 1051/3190 1054/3193
f 814/3194 825/3195 839/3196
f 814/3194 839/3196 836/3197
f 839/3196 825/3195 850/3198
f 839/3196 850/3198 877/3199
f 836/3200 839/3201 878/3202
f 878/3202 839/3201 877/3203
f 878/3202 877/3203 1054/3204
f 836/3200 878/3202 890/3205
f 836/3200 890/3205 842/3206
f 878/3202 1054/3204 1055/3207
s 0
f 878/3202 1055/3207 890/3205
s 1
f 1055/3207 1054/3204 1161/3208
f 842/3206 890/3205 855/3209
f 1055/3207 1161/3208 1178/3210
f 901/3211 864/3212 855/3209
f 855/3209 890/3205 887/3213
f 855/3209 887/3213 901/3211
f 890/3205 1055/3207 1073/3214
f 890/3205 1073/3214 887/3213
f 1055/3207 1178/3210 1175/3215
f 1055/3207 1175/3215 1073/3214
f 1175/3215 1178/3210 1201/3216
f 1175/3215 1201/3216 1176/3217
f 1175/3215 1176/3217 1073/3214
f 1176/3217 1201/3216 1202/3218
f 1073/3214 1176/3217 1070/3219
f 1073/3214 1070/3219 887/3213
f 887/3213 1070/3219 901/3211
f 901/3211 1070/3219 1066/3220
f 1066/3220 1070/3219 1172/3221
f 1054/3222 1051/3223 1161/3224
f 1161/3224 1051/3223 1156/3225
f 1161/3224 1156/3225 1193/3226
f 1161/3224 1193/3226 1178/3227
f 1193/3226 1156/3225 1198/3228
f 1198/3228 1156/3225 1155/3229
f 1198/3228 1155/3229 1152/3230
f 1202/3231 1212/3232 1183/3233
f 1183/3233 1212/3232 1222/3234
f 1202/3231 1183/3233 1172/3235
f 1202/3231 1172/3235 1176/3236
f 1172/3235 1183/3233 1063/3237
f 1172/3235 1063/3237 1066/3238
f 1183/3233 1222/3234 1181/3239
f 1181/3239 1222/3234 1292/3240
f 1292/3240 1222/3234 1388/3241
f 1206/3242 1198/3243 1152/3244
f 1206/3242 1152/3244 1325/3245
f 1325/3245 1152/3244 1279/3246
f 1325/3245 1279/3246 1314/3247
f 1279/3248 1285/3249 1314/3250
f 1176/3251 1172/3252 1070/3253
