# Blender 5.0.1
# www.blender.org
mtllib tripo_convert_17bd7d2b-e97a-49db-aa53-b40a6c2d6395.mtl
o tripo_node_17bd7d2b-e97a-49db-aa53-b40a6c2d6395
v 0.043945 -0.456055 0.239258
v 0.043945 -0.456055 0.290039
v 0.043945 -0.456055 -0.233398
v 0.043945 -0.456055 -0.284180
v 0.047852 -0.456055 0.227539
v 0.047852 -0.456055 0.301758
v 0.047852 -0.456055 -0.221680
v 0.047852 -0.456055 -0.295898
v 0.047852 -0.469727 0.241211
v 0.047852 -0.469727 0.288086
v 0.047852 -0.469727 -0.235352
v 0.047852 -0.469727 -0.284180
v 0.049805 -0.469727 0.229492
v 0.049805 -0.469727 0.299805
v 0.049805 -0.469727 -0.223633
v 0.049805 -0.469727 -0.293945
v 0.051758 -0.483398 0.243164
v 0.051758 -0.483398 0.286133
v 0.051758 -0.483398 -0.237305
v 0.051758 -0.483398 -0.280273
v 0.053711 -0.483398 0.231445
v 0.053711 -0.483398 0.297852
v 0.053711 -0.483398 -0.227539
v 0.053711 -0.483398 -0.291992
v 0.055664 -0.456055 0.219727
v 0.055664 -0.456055 0.309570
v 0.055664 -0.456055 -0.213867
v 0.055664 -0.456055 -0.303711
v 0.057617 0.409180 0.258789
v 0.057617 0.409180 -0.252930
v 0.057617 -0.215820 0.024414
v 0.057617 -0.215820 0.258789
v 0.057617 -0.215820 -0.016602
v 0.057617 -0.215820 -0.252930
v 0.057617 -0.258789 0.291992
v 0.057617 -0.258789 -0.284180
v 0.057617 -0.266602 0.291992
v 0.057617 -0.266602 -0.284180
v 0.057617 -0.432617 0.291992
v 0.057617 -0.432617 -0.284180
v 0.057617 -0.452148 0.291992
v 0.057617 -0.452148 -0.284180
v 0.057617 -0.469727 0.221680
v 0.057617 -0.469727 0.307617
v 0.057617 -0.469727 -0.215820
v 0.057617 -0.469727 -0.303711
v 0.059570 -0.249023 0.291992
v 0.059570 -0.249023 -0.284180
v 0.059570 -0.258789 0.303711
v 0.059570 -0.258789 -0.297852
v 0.059570 -0.266602 0.303711
v 0.059570 -0.266602 -0.297852
v 0.059570 -0.276367 0.291992
v 0.059570 -0.276367 -0.284180
v 0.059570 -0.422852 0.291992
v 0.059570 -0.422852 -0.284180
v 0.059570 -0.432617 0.303711
v 0.059570 -0.432617 -0.297852
v 0.059570 -0.452148 0.303711
v 0.059570 -0.452148 -0.297852
v 0.059570 -0.461914 0.026367
v 0.059570 -0.461914 0.291992
v 0.059570 -0.461914 -0.020508
v 0.059570 -0.461914 -0.284180
v 0.059570 -0.483398 0.225586
v 0.059570 -0.483398 0.303711
v 0.059570 -0.483398 -0.219727
v 0.059570 -0.483398 -0.299805
v 0.061523 0.409180 0.276367
v 0.061523 0.409180 -0.268555
v 0.061523 0.424805 0.258789
v 0.061523 0.424805 -0.252930
v 0.061523 -0.215820 0.012695
v 0.061523 -0.215820 0.276367
v 0.061523 -0.215820 -0.004883
v 0.061523 -0.215820 -0.268555
v 0.061523 -0.231445 0.024414
v 0.061523 -0.231445 0.258789
v 0.061523 -0.231445 -0.016602
v 0.061523 -0.231445 -0.252930
v 0.061523 -0.250977 0.301758
v 0.061523 -0.250977 -0.295898
v 0.061523 -0.274414 0.301758
v 0.061523 -0.274414 -0.295898
v 0.061523 -0.422852 0.301758
v 0.061523 -0.422852 -0.295898
v 0.061523 -0.461914 0.301758
v 0.061523 -0.461914 -0.295898
v 0.061523 -0.493164 0.239258
v 0.061523 -0.493164 0.247070
v 0.061523 -0.493164 0.282227
v 0.061523 -0.493164 0.290039
v 0.061523 -0.493164 -0.233398
v 0.061523 -0.493164 -0.241211
v 0.061523 -0.493164 -0.276367
v 0.061523 -0.493164 -0.286133
v 0.063477 0.422852 0.272461
v 0.063477 0.422852 -0.266602
v 0.063477 -0.229492 0.014648
v 0.063477 -0.229492 0.272461
v 0.063477 -0.229492 -0.006836
v 0.063477 -0.229492 -0.266602
v 0.063477 -0.456055 0.215820
v 0.063477 -0.456055 0.313477
v 0.063477 -0.456055 -0.209961
v 0.063477 -0.456055 -0.309570
v 0.065430 -0.309570 0.124023
v 0.065430 -0.309570 0.274414
v 0.065430 -0.309570 -0.116211
v 0.065430 -0.309570 -0.268555
v 0.065430 -0.311523 0.079102
v 0.065430 -0.311523 -0.073242
v 0.065430 -0.391602 0.079102
v 0.065430 -0.391602 0.124023
v 0.065430 -0.391602 0.274414
v 0.065430 -0.391602 -0.073242
v 0.065430 -0.391602 -0.116211
v 0.065430 -0.391602 -0.268555
v 0.065430 -0.469727 0.217773
v 0.065430 -0.469727 0.291992
v 0.065430 -0.469727 0.311523
v 0.065430 -0.469727 -0.211914
v 0.065430 -0.469727 -0.284180
v 0.065430 -0.469727 -0.307617
v 0.065430 -0.493164 0.295898
v 0.065430 -0.493164 -0.229492
v 0.065430 -0.497070 0.247070
v 0.065430 -0.497070 0.282227
v 0.065430 -0.497070 -0.241211
v 0.065430 -0.497070 -0.276367
v 0.067383 -0.243164 0.291992
v 0.067383 -0.243164 -0.284180
v 0.067383 -0.258789 0.313477
v 0.067383 -0.258789 -0.305664
v 0.067383 -0.266602 0.313477
v 0.067383 -0.266602 -0.305664
v 0.067383 -0.280273 -0.297852
v 0.067383 -0.282227 0.290039
v 0.067383 -0.282227 -0.284180
v 0.067383 -0.297852 0.124023
v 0.067383 -0.297852 0.274414
v 0.067383 -0.297852 -0.116211
v 0.067383 -0.297852 -0.268555
v 0.067383 -0.299805 0.079102
v 0.067383 -0.299805 -0.073242
v 0.067383 -0.309570 0.114258
v 0.067383 -0.309570 0.282227
v 0.067383 -0.309570 -0.108398
v 0.067383 -0.309570 -0.278320
v 0.067383 -0.311523 0.086914
v 0.067383 -0.311523 -0.081055
v 0.067383 -0.391602 0.088867
v 0.067383 -0.391602 0.116211
v 0.067383 -0.391602 0.284180
v 0.067383 -0.391602 -0.079102
v 0.067383 -0.391602 -0.108398
v 0.067383 -0.391602 -0.278320
v 0.067383 -0.403320 0.079102
v 0.067383 -0.403320 0.124023
v 0.067383 -0.403320 0.274414
v 0.067383 -0.403320 -0.073242
v 0.067383 -0.403320 -0.116211
v 0.067383 -0.403320 -0.268555
v 0.067383 -0.415039 0.291992
v 0.067383 -0.415039 -0.284180
v 0.067383 -0.432617 0.313477
v 0.067383 -0.432617 -0.305664
v 0.067383 -0.452148 0.313477
v 0.067383 -0.452148 -0.305664
v 0.067383 -0.467773 0.303711
v 0.067383 -0.467773 -0.297852
v 0.067383 -0.483398 0.221680
v 0.067383 -0.483398 0.307617
v 0.067383 -0.483398 -0.215820
v 0.067383 -0.483398 -0.303711
v 0.067383 -0.493164 0.233398
v 0.067383 -0.493164 -0.290039
v 0.067383 -0.497070 0.239258
v 0.067383 -0.497070 0.290039
v 0.067383 -0.497070 -0.233398
v 0.067383 -0.497070 -0.284180
v 0.069336 -0.243164 0.301758
v 0.069336 -0.243164 -0.295898
v 0.069336 -0.249023 0.311523
v 0.069336 -0.249023 -0.303711
v 0.069336 -0.276367 0.311523
v 0.069336 -0.276367 -0.303711
v 0.069336 -0.282227 0.301758
v 0.069336 -0.299805 0.086914
v 0.069336 -0.299805 0.116211
v 0.069336 -0.299805 0.282227
v 0.069336 -0.299805 -0.079102
v 0.069336 -0.299805 -0.108398
v 0.069336 -0.299805 -0.276367
v 0.069336 -0.401367 0.086914
v 0.069336 -0.401367 0.116211
v 0.069336 -0.401367 0.282227
v 0.069336 -0.401367 -0.079102
v 0.069336 -0.401367 -0.108398
v 0.069336 -0.401367 -0.276367
v 0.069336 -0.415039 0.301758
v 0.069336 -0.415039 -0.295898
v 0.069336 -0.422852 0.311523
v 0.069336 -0.422852 -0.303711
v 0.069336 -0.461914 0.311523
v 0.069336 -0.461914 -0.303711
v 0.073242 0.409180 0.286133
v 0.073242 0.409180 -0.280273
v 0.073242 0.434570 0.258789
v 0.073242 0.434570 -0.252930
v 0.073242 -0.215820 0.002930
v 0.073242 -0.215820 0.286133
v 0.073242 -0.215820 -0.280273
v 0.073242 -0.241211 0.024414
v 0.073242 -0.241211 0.258789
v 0.073242 -0.241211 -0.016602
v 0.073242 -0.241211 -0.252930
v 0.073242 -0.309570 -0.102539
v 0.073242 -0.391602 0.110352
v 0.073242 -0.391602 -0.086914
v 0.073242 -0.493164 0.231445
v 0.073242 -0.493164 0.297852
v 0.073242 -0.493164 -0.225586
v 0.073242 -0.493164 -0.291992
v 0.073242 -0.497070 0.237305
v 0.073242 -0.497070 0.291992
v 0.073242 -0.497070 -0.231445
v 0.073242 -0.497070 -0.286133
v 0.073242 -0.499023 0.247070
v 0.073242 -0.499023 0.282227
v 0.073242 -0.499023 -0.243164
v 0.073242 -0.499023 -0.276367
v 0.075195 0.422852 0.284180
v 0.075195 0.422852 -0.278320
v 0.075195 0.432617 0.272461
v 0.075195 0.432617 -0.266602
v 0.075195 -0.229492 0.000977
v 0.075195 -0.229492 0.006836
v 0.075195 -0.229492 0.284180
v 0.075195 -0.229492 -0.278320
v 0.075195 -0.239258 0.014648
v 0.075195 -0.239258 0.272461
v 0.075195 -0.239258 -0.006836
v 0.075195 -0.239258 -0.266602
v 0.075195 -0.309570 0.094727
v 0.075195 -0.309570 0.290039
v 0.075195 -0.391602 0.290039
v 0.077148 -0.239258 0.291992
v 0.077148 -0.239258 -0.284180
v 0.077148 -0.243164 0.303711
v 0.077148 -0.243164 -0.297852
v 0.077148 -0.249023 0.313477
v 0.077148 -0.249023 -0.305664
v 0.077148 -0.258789 0.315430
v 0.077148 -0.258789 -0.309570
v 0.077148 -0.266602 0.315430
v 0.077148 -0.266602 -0.309570
v 0.077148 -0.276367 0.313477
v 0.077148 -0.276367 -0.305664
v 0.077148 -0.282227 -0.299805
v 0.077148 -0.284180 0.303711
v 0.077148 -0.286133 0.291992
v 0.077148 -0.286133 -0.284180
v 0.077148 -0.290039 0.124023
v 0.077148 -0.290039 0.274414
v 0.077148 -0.290039 -0.116211
v 0.077148 -0.290039 -0.268555
v 0.077148 -0.291992 0.079102
v 0.077148 -0.291992 0.116211
v 0.077148 -0.291992 0.282227
v 0.077148 -0.291992 -0.073242
v 0.077148 -0.291992 -0.079102
v 0.077148 -0.291992 -0.108398
v 0.077148 -0.291992 -0.276367
v 0.077148 -0.297852 0.092773
v 0.077148 -0.297852 0.110352
v 0.077148 -0.297852 -0.084961
v 0.077148 -0.297852 -0.104492
v 0.077148 -0.297852 -0.282227
v 0.077148 -0.309570 0.108398
v 0.077148 -0.309570 -0.086914
v 0.077148 -0.309570 -0.284180
v 0.077148 -0.391602 0.094727
v 0.077148 -0.391602 -0.100586
v 0.077148 -0.391602 -0.284180
v 0.077148 -0.403320 0.110352
v 0.077148 -0.403320 0.288086
v 0.077148 -0.403320 -0.104492
v 0.077148 -0.403320 -0.282227
v 0.077148 -0.405273 0.092773
v 0.077148 -0.405273 -0.084961
v 0.077148 -0.409180 0.116211
v 0.077148 -0.409180 0.282227
v 0.077148 -0.409180 -0.110352
v 0.077148 -0.409180 -0.278320
v 0.077148 -0.411133 0.079102
v 0.077148 -0.411133 0.124023
v 0.077148 -0.411133 0.274414
v 0.077148 -0.411133 0.291992
v 0.077148 -0.411133 -0.073242
v 0.077148 -0.411133 -0.079102
v 0.077148 -0.411133 -0.116211
v 0.077148 -0.411133 -0.270508
v 0.077148 -0.411133 -0.284180
v 0.077148 -0.413086 0.303711
v 0.077148 -0.413086 -0.297852
v 0.077148 -0.422852 0.313477
v 0.077148 -0.422852 -0.305664
v 0.077148 -0.432617 0.315430
v 0.077148 -0.432617 -0.309570
v 0.077148 -0.440430 0.315430
v 0.077148 -0.440430 -0.309570
v 0.077148 -0.452148 0.315430
v 0.077148 -0.452148 -0.309570
v 0.077148 -0.461914 0.313477
v 0.077148 -0.461914 -0.305664
v 0.077148 -0.469727 0.303711
v 0.077148 -0.469727 -0.297852
v 0.079102 0.434570 0.315430
v 0.079102 0.434570 -0.309570
v 0.079102 -0.291992 0.086914
v 0.079102 -0.297852 0.288086
v 0.079102 -0.411133 0.086914
v 0.079102 -0.473633 0.026367
v 0.079102 -0.473633 0.290039
v 0.079102 -0.473633 -0.020508
v 0.079102 -0.473633 -0.284180
v 0.083008 -0.436523 0.315430
v 0.083008 -0.436523 -0.309570
v 0.083008 -0.473633 0.315430
v 0.083008 -0.473633 -0.309570
v 0.086914 -0.288086 0.079102
v 0.086914 -0.288086 0.124023
v 0.086914 -0.288086 0.274414
v 0.086914 -0.288086 -0.073242
v 0.086914 -0.288086 -0.116211
v 0.086914 -0.288086 -0.268555
v 0.086914 -0.290039 0.086914
v 0.086914 -0.290039 0.282227
v 0.086914 -0.290039 -0.108398
v 0.086914 -0.293945 0.286133
v 0.086914 -0.293945 -0.104492
v 0.086914 -0.295898 0.108398
v 0.086914 -0.295898 -0.086914
v 0.086914 -0.295898 -0.284180
v 0.086914 -0.299805 -0.100586
v 0.086914 -0.305664 0.106445
v 0.086914 -0.305664 -0.286133
v 0.086914 -0.309570 0.291992
v 0.086914 -0.309570 -0.098633
v 0.086914 -0.311523 0.096680
v 0.086914 -0.391602 0.106445
v 0.086914 -0.391602 0.291992
v 0.086914 -0.391602 -0.088867
v 0.086914 -0.391602 -0.288086
v 0.086914 -0.399414 0.096680
v 0.086914 -0.401367 0.108398
v 0.086914 -0.401367 -0.286133
v 0.086914 -0.407227 -0.102539
v 0.086914 -0.409180 0.286133
v 0.086914 -0.411133 0.116211
v 0.086914 -0.411133 0.282227
v 0.086914 -0.411133 -0.276367
v 0.086914 -0.413086 0.124023
v 0.086914 -0.413086 0.274414
v 0.086914 -0.413086 -0.079102
v 0.086914 -0.413086 -0.116211
v 0.086914 -0.413086 -0.268555
v 0.086914 -0.415039 0.079102
v 0.086914 -0.415039 -0.073242
v 0.088867 0.409180 0.291992
v 0.088867 0.409180 -0.284180
v 0.088867 0.424805 0.286133
v 0.088867 0.424805 -0.280273
v 0.088867 0.434570 0.276367
v 0.088867 0.434570 -0.268555
v 0.088867 0.438477 0.258789
v 0.088867 0.438477 -0.252930
v 0.088867 -0.215820 0.000977
v 0.088867 -0.215820 0.006836
v 0.088867 -0.215820 0.291992
v 0.088867 -0.215820 -0.284180
v 0.088867 -0.231445 0.002930
v 0.088867 -0.231445 0.286133
v 0.088867 -0.231445 -0.280273
v 0.088867 -0.241211 0.012695
v 0.088867 -0.241211 0.276367
v 0.088867 -0.241211 -0.004883
v 0.088867 -0.241211 -0.268555
v 0.088867 -0.245117 0.024414
v 0.088867 -0.245117 0.258789
v 0.088867 -0.245117 -0.016602
v 0.088867 -0.245117 -0.252930
v 0.088867 -0.290039 0.116211
v 0.088867 -0.290039 -0.081055
v 0.088867 -0.290039 -0.278320
v 0.088867 -0.295898 0.094727
v 0.088867 -0.297852 0.290039
v 0.088867 -0.305664 -0.088867
v 0.088867 -0.397461 -0.098633
v 0.088867 -0.403320 0.290039
v 0.088867 -0.403320 -0.088867
v 0.088867 -0.407227 0.094727
v 0.088867 -0.409180 0.112305
v 0.088867 -0.409180 -0.084961
v 0.088867 -0.409180 -0.282227
v 0.088867 -0.411133 -0.108398
v 0.088867 -0.413086 0.088867
v 0.094727 -0.499023 0.247070
v 0.094727 -0.499023 -0.278320
v 0.096680 -0.493164 0.231445
v 0.096680 -0.493164 0.297852
v 0.096680 -0.493164 -0.225586
v 0.096680 -0.493164 -0.291992
v 0.096680 -0.497070 0.237305
v 0.096680 -0.497070 0.291992
v 0.096680 -0.497070 -0.231445
v 0.096680 -0.497070 -0.286133
v 0.096680 -0.499023 0.247070
v 0.096680 -0.499023 0.282227
v 0.096680 -0.499023 -0.243164
v 0.096680 -0.499023 -0.276367
v 0.100586 -0.483398 0.221680
v 0.100586 -0.483398 0.307617
v 0.100586 -0.483398 -0.215820
v 0.100586 -0.483398 -0.303711
v 0.102539 -0.497070 0.239258
v 0.102539 -0.497070 0.290039
v 0.102539 -0.497070 -0.233398
v 0.102539 -0.497070 -0.284180
v 0.104492 -0.469727 0.217773
v 0.104492 -0.469727 0.311523
v 0.104492 -0.469727 -0.211914
v 0.104492 -0.469727 -0.307617
v 0.104492 -0.493164 0.233398
v 0.104492 -0.493164 0.295898
v 0.104492 -0.493164 -0.229492
v 0.104492 -0.493164 -0.290039
v 0.104492 -0.497070 0.247070
v 0.104492 -0.497070 0.282227
v 0.104492 -0.497070 -0.243164
v 0.104492 -0.497070 -0.276367
v 0.106445 -0.456055 0.215820
v 0.106445 -0.456055 0.313477
v 0.106445 -0.456055 -0.209961
v 0.106445 -0.456055 -0.309570
v 0.108398 -0.493164 0.239258
v 0.108398 -0.493164 0.247070
v 0.108398 -0.493164 0.282227
v 0.108398 -0.493164 0.290039
v 0.108398 -0.493164 -0.233398
v 0.108398 -0.493164 -0.241211
v 0.108398 -0.493164 -0.276367
v 0.108398 -0.493164 -0.286133
v 0.110352 -0.483398 0.225586
v 0.110352 -0.483398 0.303711
v 0.110352 -0.483398 -0.219727
v 0.110352 -0.483398 -0.299805
v 0.112305 -0.469727 0.221680
v 0.112305 -0.469727 0.307617
v 0.112305 -0.469727 -0.215820
v 0.112305 -0.469727 -0.303711
v 0.114258 -0.456055 0.219727
v 0.114258 -0.456055 0.309570
v 0.114258 -0.456055 -0.213867
v 0.114258 -0.456055 -0.303711
v 0.114258 -0.483398 0.231445
v 0.114258 -0.483398 -0.291992
v 0.116211 -0.483398 0.243164
v 0.116211 -0.483398 0.295898
v 0.116211 -0.483398 -0.227539
v 0.116211 -0.483398 -0.280273
v 0.118164 0.409180 0.291992
v 0.118164 0.409180 -0.284180
v 0.118164 0.424805 0.286133
v 0.118164 0.424805 -0.280273
v 0.118164 0.434570 0.276367
v 0.118164 0.434570 -0.268555
v 0.118164 0.438477 0.258789
v 0.118164 0.438477 -0.252930
v 0.118164 -0.215820 0.000977
v 0.118164 -0.215820 0.006836
v 0.118164 -0.215820 0.291992
v 0.118164 -0.215820 -0.284180
v 0.118164 -0.231445 0.002930
v 0.118164 -0.231445 0.286133
v 0.118164 -0.231445 -0.280273
v 0.118164 -0.241211 0.012695
v 0.118164 -0.241211 0.276367
v 0.118164 -0.241211 -0.004883
v 0.118164 -0.241211 -0.268555
v 0.118164 -0.245117 0.024414
v 0.118164 -0.245117 0.258789
v 0.118164 -0.245117 -0.016602
v 0.118164 -0.245117 -0.252930
v 0.118164 -0.469727 0.299805
v 0.118164 -0.469727 -0.223633
v 0.118164 -0.483398 0.243164
v 0.118164 -0.483398 0.286133
v 0.118164 -0.483398 -0.237305
v 0.118164 -0.483398 -0.280273
v 0.120117 -0.469727 0.229492
v 0.120117 -0.469727 -0.293945
v 0.122070 -0.456055 0.227539
v 0.122070 -0.456055 0.301758
v 0.122070 -0.456055 -0.221680
v 0.122070 -0.456055 -0.295898
v 0.122070 -0.469727 0.288086
v 0.122070 -0.469727 -0.235352
v 0.122070 -0.475586 0.241211
v 0.122070 -0.475586 -0.282227
v 0.125977 -0.456055 0.239258
v 0.125977 -0.456055 0.290039
v 0.125977 -0.456055 -0.233398
v 0.125977 -0.456055 -0.284180
v 0.127930 -0.239258 0.291992
v 0.127930 -0.239258 -0.284180
v 0.127930 -0.243164 0.303711
v 0.127930 -0.243164 -0.297852
v 0.127930 -0.249023 0.313477
v 0.127930 -0.249023 -0.305664
v 0.127930 -0.258789 0.315430
v 0.127930 -0.258789 -0.309570
v 0.127930 -0.266602 0.315430
v 0.127930 -0.266602 -0.309570
v 0.127930 -0.276367 0.313477
v 0.127930 -0.276367 -0.305664
v 0.127930 -0.284180 -0.297852
v 0.127930 -0.286133 0.290039
v 0.127930 -0.286133 -0.284180
v 0.127930 -0.411133 0.291992
v 0.127930 -0.411133 -0.284180
v 0.127930 -0.413086 0.303711
v 0.127930 -0.413086 -0.297852
v 0.127930 -0.422852 0.313477
v 0.127930 -0.422852 -0.305664
v 0.127930 -0.432617 0.315430
v 0.127930 -0.432617 -0.309570
v 0.127930 -0.452148 0.315430
v 0.127930 -0.452148 -0.309570
v 0.127930 -0.461914 0.313477
v 0.127930 -0.461914 -0.305664
v 0.127930 -0.469727 0.303711
v 0.127930 -0.473633 0.290039
v 0.127930 -0.473633 -0.284180
v 0.129883 -0.282227 0.303711
v 0.129883 -0.469727 -0.295898
v 0.131836 0.422852 0.284180
v 0.131836 0.422852 -0.278320
v 0.131836 0.432617 0.272461
v 0.131836 0.432617 -0.266602
v 0.131836 -0.229492 0.000977
v 0.131836 -0.229492 0.006836
v 0.131836 -0.229492 0.284180
v 0.131836 -0.229492 -0.278320
v 0.131836 -0.239258 0.014648
v 0.131836 -0.239258 0.272461
v 0.131836 -0.239258 -0.006836
v 0.131836 -0.239258 -0.266602
v 0.133789 0.000977 -0.051758
v 0.133789 0.000977 -0.055664
v 0.133789 0.002930 0.047852
v 0.133789 0.002930 0.055664
v 0.133789 0.002930 -0.043945
v 0.133789 0.002930 -0.061523
v 0.133789 0.004883 0.043945
v 0.133789 0.004883 0.061523
v 0.133789 0.006836 -0.040039
v 0.133789 0.008789 0.040039
v 0.133789 0.008789 0.065430
v 0.133789 0.008789 -0.065430
v 0.133789 0.010742 -0.038086
v 0.133789 0.012695 -0.038086
v 0.133789 0.012695 -0.067383
v 0.133789 0.014648 0.038086
v 0.133789 0.014648 0.067383
v 0.133789 0.014648 -0.067383
v 0.133789 0.016602 0.067383
v 0.133789 0.016602 -0.036133
v 0.133789 0.018555 0.036133
v 0.133789 0.020508 -0.038086
v 0.133789 0.020508 -0.067383
v 0.133789 0.022461 0.038086
v 0.133789 0.022461 0.065430
v 0.133789 0.026367 -0.063477
v 0.133789 0.028320 0.041992
v 0.133789 0.028320 -0.043945
v 0.133789 0.030273 0.045898
v 0.133789 0.030273 0.061523
v 0.133789 0.030273 -0.047852
v 0.133789 0.030273 -0.053711
v 0.133789 0.030273 -0.059570
v 0.133789 0.032227 0.049805
v 0.133789 0.032227 0.055664
v 0.133789 0.083008 -0.049805
v 0.133789 0.083008 -0.055664
v 0.133789 0.084961 0.045898
v 0.133789 0.084961 0.049805
v 0.133789 0.084961 0.055664
v 0.133789 0.084961 -0.059570
v 0.133789 0.086914 0.059570
v 0.133789 0.086914 -0.043945
v 0.133789 0.086914 -0.063477
v 0.133789 0.088867 0.041992
v 0.133789 0.090820 -0.040039
v 0.133789 0.092773 0.065430
v 0.133789 0.092773 -0.067383
v 0.133789 0.094727 0.038086
v 0.133789 0.094727 0.065430
v 0.133789 0.094727 -0.038086
v 0.133789 0.098633 -0.038086
v 0.133789 0.100586 0.036133
v 0.133789 0.100586 0.067383
v 0.133789 0.100586 -0.067383
v 0.133789 0.106445 0.065430
v 0.133789 0.106445 -0.040039
v 0.133789 0.106445 -0.065430
v 0.133789 0.108398 0.038086
v 0.133789 0.110352 0.061523
v 0.133789 0.110352 -0.045898
v 0.133789 0.110352 -0.061523
v 0.133789 0.112305 0.041992
v 0.133789 0.112305 -0.049805
v 0.133789 0.112305 -0.057617
v 0.133789 0.114258 0.047852
v 0.133789 0.114258 0.051758
v 0.133789 0.114258 0.055664
v 0.133789 0.409180 0.286133
v 0.133789 0.409180 -0.280273
v 0.133789 0.434570 0.258789
v 0.133789 0.434570 -0.252930
v 0.133789 -0.215820 0.002930
v 0.133789 -0.215820 0.286133
v 0.133789 -0.215820 -0.280273
v 0.133789 -0.241211 0.024414
v 0.133789 -0.241211 0.258789
v 0.133789 -0.241211 -0.016602
v 0.133789 -0.241211 -0.252930
v 0.133789 -0.338867 0.161133
v 0.133789 -0.338867 0.241211
v 0.133789 -0.340820 0.036133
v 0.133789 -0.340820 0.041992
v 0.133789 -0.340820 0.047852
v 0.133789 -0.340820 0.153320
v 0.133789 -0.340820 0.166992
v 0.133789 -0.340820 0.233398
v 0.133789 -0.340820 0.247070
v 0.133789 -0.340820 -0.032227
v 0.133789 -0.340820 -0.038086
v 0.133789 -0.340820 -0.151367
v 0.133789 -0.340820 -0.157227
v 0.133789 -0.340820 -0.163086
v 0.133789 -0.340820 -0.231445
v 0.133789 -0.340820 -0.237305
v 0.133789 -0.340820 -0.243164
v 0.133789 -0.342773 0.229492
v 0.133789 -0.342773 -0.043945
v 0.133789 -0.344727 0.030273
v 0.133789 -0.344727 0.149414
v 0.133789 -0.344727 0.170898
v 0.133789 -0.344727 0.227539
v 0.133789 -0.344727 0.250977
v 0.133789 -0.344727 -0.026367
v 0.133789 -0.344727 -0.168945
v 0.133789 -0.344727 -0.225586
v 0.133789 -0.346680 0.051758
v 0.133789 -0.346680 -0.049805
v 0.133789 -0.346680 -0.145508
v 0.133789 -0.346680 -0.249023
v 0.133789 -0.348633 0.028320
v 0.133789 -0.348633 0.174805
v 0.133789 -0.348633 0.225586
v 0.133789 -0.348633 -0.024414
v 0.133789 -0.348633 -0.170898
v 0.133789 -0.348633 -0.223633
v 0.133789 -0.350586 0.053711
v 0.133789 -0.350586 0.147461
v 0.133789 -0.350586 0.252930
v 0.133789 -0.350586 -0.051758
v 0.133789 -0.350586 -0.145508
v 0.133789 -0.350586 -0.249023
v 0.133789 -0.352539 0.026367
v 0.133789 -0.352539 0.174805
v 0.133789 -0.352539 0.225586
v 0.133789 -0.352539 -0.022461
v 0.133789 -0.352539 -0.172852
v 0.133789 -0.352539 -0.221680
v 0.133789 -0.358398 0.026367
v 0.133789 -0.358398 0.053711
v 0.133789 -0.358398 0.147461
v 0.133789 -0.358398 0.174805
v 0.133789 -0.358398 0.225586
v 0.133789 -0.358398 0.252930
v 0.133789 -0.358398 -0.022461
v 0.133789 -0.358398 -0.051758
v 0.133789 -0.358398 -0.145508
v 0.133789 -0.358398 -0.172852
v 0.133789 -0.358398 -0.221680
v 0.133789 -0.358398 -0.249023
v 0.133789 -0.362305 0.227539
v 0.133789 -0.362305 0.250977
v 0.133789 -0.364258 0.028320
v 0.133789 -0.364258 0.051758
v 0.133789 -0.364258 0.149414
v 0.133789 -0.364258 0.172852
v 0.133789 -0.364258 -0.026367
v 0.133789 -0.364258 -0.049805
v 0.133789 -0.364258 -0.145508
v 0.133789 -0.364258 -0.168945
v 0.133789 -0.364258 -0.225586
v 0.133789 -0.364258 -0.249023
v 0.133789 -0.366211 0.249023
v 0.133789 -0.368164 0.036133
v 0.133789 -0.368164 0.047852
v 0.133789 -0.368164 0.153320
v 0.133789 -0.368164 0.166992
v 0.133789 -0.368164 0.233398
v 0.133789 -0.368164 0.245117
v 0.133789 -0.368164 -0.032227
v 0.133789 -0.368164 -0.043945
v 0.133789 -0.368164 -0.151367
v 0.133789 -0.368164 -0.163086
v 0.133789 -0.368164 -0.231445
v 0.133789 -0.368164 -0.243164
v 0.133789 -0.370117 0.041992
v 0.133789 -0.370117 0.161133
v 0.133789 -0.370117 0.239258
v 0.133789 -0.370117 -0.038086
v 0.133789 -0.370117 -0.157227
v 0.133789 -0.370117 -0.237305
v 0.135742 0.436523 0.290039
v 0.135742 0.436523 0.360352
v 0.135742 0.436523 -0.282227
v 0.135742 0.436523 -0.352539
v 0.135742 0.446289 0.291992
v 0.135742 0.446289 -0.350586
v 0.135742 0.448242 0.356445
v 0.135742 0.448242 -0.286133
v 0.135742 0.454102 0.299805
v 0.135742 0.454102 0.350586
v 0.135742 0.454102 -0.291992
v 0.135742 0.454102 -0.342773
v 0.135742 0.458008 0.307617
v 0.135742 0.458008 0.342773
v 0.135742 0.458008 -0.299805
v 0.135742 0.458008 -0.334961
v 0.135742 -0.479492 0.290039
v 0.135742 -0.479492 0.360352
v 0.135742 -0.479492 -0.282227
v 0.135742 -0.479492 -0.352539
v 0.135742 -0.489258 0.291992
v 0.135742 -0.489258 0.356445
v 0.135742 -0.489258 -0.286133
v 0.135742 -0.489258 -0.350586
v 0.135742 -0.497070 0.297852
v 0.135742 -0.497070 0.350586
v 0.135742 -0.497070 -0.291992
v 0.135742 -0.497070 -0.344727
v 0.135742 -0.499023 0.307617
v 0.135742 -0.499023 0.342773
v 0.135742 -0.499023 -0.299805
v 0.135742 -0.499023 -0.336914
v 0.137695 -0.243164 0.301758
v 0.137695 -0.243164 -0.295898
v 0.137695 -0.249023 0.311523
v 0.137695 -0.249023 -0.303711
v 0.137695 -0.276367 0.311523
v 0.137695 -0.276367 -0.303711
v 0.137695 -0.282227 0.301758
v 0.137695 -0.282227 -0.295898
v 0.137695 -0.415039 0.301758
v 0.137695 -0.415039 -0.295898
v 0.137695 -0.422852 0.311523
v 0.137695 -0.422852 -0.303711
v 0.137695 -0.452148 0.313477
v 0.137695 -0.452148 -0.305664
v 0.137695 -0.459961 0.311523
v 0.137695 -0.459961 -0.303711
v 0.137695 -0.469727 0.301758
v 0.137695 -0.469727 -0.293945
v 0.139648 -0.243164 0.291992
v 0.139648 -0.243164 -0.284180
v 0.139648 -0.258789 0.313477
v 0.139648 -0.258789 -0.305664
v 0.139648 -0.266602 0.313477
v 0.139648 -0.266602 -0.305664
v 0.139648 -0.282227 0.291992
v 0.139648 -0.284180 -0.284180
v 0.139648 -0.413086 0.291992
v 0.139648 -0.413086 -0.284180
v 0.139648 -0.432617 0.313477
v 0.139648 -0.432617 -0.305664
v 0.139648 -0.469727 0.290039
v 0.139648 -0.469727 -0.284180
v 0.143555 0.422852 0.272461
v 0.143555 0.422852 -0.266602
v 0.143555 0.428711 0.342773
v 0.143555 0.428711 -0.340820
v 0.143555 0.432617 0.358398
v 0.143555 0.440430 0.372070
v 0.143555 0.440430 -0.372070
v 0.143555 0.454102 0.375977
v 0.143555 0.454102 -0.375977
v 0.143555 0.475586 0.375977
v 0.143555 0.475586 -0.375977
v 0.143555 0.487305 0.372070
v 0.143555 0.487305 -0.372070
v 0.143555 0.497070 0.358398
v 0.143555 0.497070 -0.358398
v 0.143555 0.499023 0.342773
v 0.143555 0.499023 -0.342773
v 0.143555 -0.229492 0.014648
v 0.143555 -0.229492 0.272461
v 0.143555 -0.229492 -0.006836
v 0.143555 -0.229492 -0.266602
v 0.145508 0.409180 0.276367
v 0.145508 0.409180 -0.268555
v 0.145508 0.424805 0.258789
v 0.145508 0.424805 -0.252930
v 0.145508 0.432617 -0.358398
v 0.145508 -0.215820 0.012695
v 0.145508 -0.215820 0.276367
v 0.145508 -0.215820 -0.004883
v 0.145508 -0.215820 -0.268555
v 0.145508 -0.231445 0.024414
v 0.145508 -0.231445 0.258789
v 0.145508 -0.231445 -0.016602
v 0.145508 -0.231445 -0.252930
v 0.145508 -0.249023 0.291992
v 0.145508 -0.249023 -0.284180
v 0.145508 -0.250977 0.301758
v 0.145508 -0.250977 -0.295898
v 0.145508 -0.258789 0.303711
v 0.145508 -0.258789 -0.297852
v 0.145508 -0.266602 0.303711
v 0.145508 -0.266602 -0.297852
v 0.145508 -0.274414 0.301758
v 0.145508 -0.274414 -0.295898
v 0.145508 -0.276367 0.291992
v 0.145508 -0.276367 -0.284180
v 0.145508 -0.288086 0.079102
v 0.145508 -0.288086 0.124023
v 0.145508 -0.288086 0.274414
v 0.145508 -0.288086 -0.073242
v 0.145508 -0.288086 -0.116211
v 0.145508 -0.288086 -0.268555
v 0.145508 -0.290039 0.086914
v 0.145508 -0.290039 0.116211
v 0.145508 -0.290039 0.282227
v 0.145508 -0.290039 -0.081055
v 0.145508 -0.290039 -0.108398
v 0.145508 -0.290039 -0.278320
v 0.145508 -0.293945 0.092773
v 0.145508 -0.293945 0.288086
v 0.145508 -0.293945 -0.104492
v 0.145508 -0.295898 0.108398
v 0.145508 -0.295898 -0.086914
v 0.145508 -0.295898 -0.284180
v 0.145508 -0.299805 0.096680
v 0.145508 -0.299805 -0.100586
v 0.145508 -0.305664 0.106445
v 0.145508 -0.305664 -0.088867
v 0.145508 -0.305664 -0.286133
v 0.145508 -0.309570 0.291992
v 0.145508 -0.309570 -0.098633
v 0.145508 -0.311523 0.096680
v 0.145508 -0.391602 0.106445
v 0.145508 -0.391602 0.291992
v 0.145508 -0.391602 -0.088867
v 0.145508 -0.391602 -0.288086
v 0.145508 -0.395508 -0.098633
v 0.145508 -0.397461 0.096680
v 0.145508 -0.403320 0.108398
v 0.145508 -0.403320 -0.088867
v 0.145508 -0.403320 -0.286133
v 0.145508 -0.407227 0.094727
v 0.145508 -0.407227 0.288086
v 0.145508 -0.407227 -0.102539
v 0.145508 -0.409180 -0.084961
v 0.145508 -0.411133 0.282227
v 0.145508 -0.411133 -0.108398
v 0.145508 -0.411133 -0.276367
v 0.145508 -0.413086 0.088867
v 0.145508 -0.413086 0.116211
v 0.145508 -0.413086 0.124023
v 0.145508 -0.413086 0.274414
v 0.145508 -0.413086 -0.079102
v 0.145508 -0.413086 -0.116211
v 0.145508 -0.413086 -0.268555
v 0.145508 -0.415039 0.079102
v 0.145508 -0.415039 -0.073242
v 0.145508 -0.422852 0.291992
v 0.145508 -0.422852 0.301758
v 0.145508 -0.422852 -0.284180
v 0.145508 -0.422852 -0.295898
v 0.145508 -0.432617 0.303711
v 0.145508 -0.432617 -0.297852
v 0.145508 -0.452148 0.303711
v 0.145508 -0.452148 -0.297852
v 0.145508 -0.461914 0.290039
v 0.145508 -0.461914 0.299805
v 0.145508 -0.461914 -0.284180
v 0.145508 -0.461914 -0.293945
v 0.147461 0.444336 0.356445
v 0.147461 0.444336 -0.286133
v 0.147461 0.446289 0.293945
v 0.147461 0.446289 -0.348633
v 0.147461 0.454102 0.299805
v 0.147461 0.454102 0.350586
v 0.147461 0.454102 -0.291992
v 0.147461 0.454102 -0.342773
v 0.147461 -0.487305 0.293945
v 0.147461 -0.487305 0.356445
v 0.147461 -0.487305 -0.286133
v 0.147461 -0.487305 -0.348633
v 0.147461 -0.495117 0.299805
v 0.147461 -0.495117 0.350586
v 0.147461 -0.495117 -0.291992
v 0.147461 -0.495117 -0.342773
v 0.149414 0.409180 0.258789
v 0.149414 0.409180 -0.252930
v 0.149414 0.436523 0.291992
v 0.149414 0.436523 0.356445
v 0.149414 0.436523 -0.286133
v 0.149414 0.436523 -0.350586
v 0.149414 0.454102 0.307617
v 0.149414 0.454102 0.342773
v 0.149414 0.454102 -0.299805
v 0.149414 0.454102 -0.334961
v 0.149414 -0.215820 0.024414
v 0.149414 -0.215820 0.258789
v 0.149414 -0.215820 -0.016602
v 0.149414 -0.215820 -0.252930
v 0.149414 -0.258789 0.291992
v 0.149414 -0.258789 -0.284180
v 0.149414 -0.266602 0.291992
v 0.149414 -0.266602 -0.284180
v 0.149414 -0.432617 0.291992
v 0.149414 -0.432617 -0.284180
v 0.149414 -0.452148 0.291992
v 0.149414 -0.452148 -0.284180
v 0.149414 -0.479492 0.291992
v 0.149414 -0.479492 0.356445
v 0.149414 -0.479492 -0.286133
v 0.149414 -0.479492 -0.350586
v 0.149414 -0.497070 0.307617
v 0.149414 -0.497070 0.342773
v 0.149414 -0.497070 -0.299805
v 0.149414 -0.497070 -0.334961
v 0.155273 0.028320 -0.063477
v 0.155273 0.030273 0.041992
v 0.155273 0.030273 0.061523
v 0.155273 0.030273 -0.043945
v 0.155273 0.030273 -0.059570
v 0.155273 0.032227 0.045898
v 0.155273 0.032227 -0.047852
v 0.155273 0.032227 -0.053711
v 0.155273 0.034180 0.049805
v 0.155273 0.034180 0.055664
v 0.155273 0.081055 -0.055664
v 0.155273 0.083008 0.049805
v 0.155273 0.083008 0.055664
v 0.155273 0.083008 -0.049805
v 0.155273 0.083008 -0.059570
v 0.155273 0.084961 0.045898
v 0.155273 0.084961 0.059570
v 0.155273 0.084961 -0.043945
v 0.155273 0.084961 -0.063477
v 0.155273 0.086914 0.041992
v 0.155273 -0.291992 0.086914
v 0.155273 -0.291992 0.116211
v 0.155273 -0.291992 0.282227
v 0.155273 -0.291992 -0.079102
v 0.155273 -0.291992 -0.108398
v 0.155273 -0.291992 -0.276367
v 0.155273 -0.297852 0.092773
v 0.155273 -0.297852 0.110352
v 0.155273 -0.297852 0.288086
v 0.155273 -0.297852 -0.084961
v 0.155273 -0.297852 -0.104492
v 0.155273 -0.297852 -0.282227
v 0.155273 -0.344727 0.028320
v 0.155273 -0.344727 0.174805
v 0.155273 -0.344727 0.225586
v 0.155273 -0.344727 -0.170898
v 0.155273 -0.348633 0.026367
v 0.155273 -0.348633 0.176758
v 0.155273 -0.348633 0.223633
v 0.155273 -0.348633 -0.022461
v 0.155273 -0.348633 -0.172852
v 0.155273 -0.348633 -0.221680
v 0.155273 -0.352539 0.024414
v 0.155273 -0.352539 0.176758
v 0.155273 -0.352539 0.223633
v 0.155273 -0.352539 -0.020508
v 0.155273 -0.352539 -0.174805
v 0.155273 -0.352539 -0.219727
v 0.155273 -0.358398 0.024414
v 0.155273 -0.358398 0.176758
v 0.155273 -0.358398 0.223633
v 0.155273 -0.358398 -0.022461
v 0.155273 -0.358398 -0.174805
v 0.155273 -0.358398 -0.221680
v 0.155273 -0.362305 0.026367
v 0.155273 -0.362305 0.174805
v 0.155273 -0.362305 0.225586
v 0.155273 -0.362305 -0.024414
v 0.155273 -0.362305 -0.170898
v 0.155273 -0.362305 -0.223633
v 0.155273 -0.403320 0.110352
v 0.155273 -0.403320 0.288086
v 0.155273 -0.403320 -0.104492
v 0.155273 -0.403320 -0.282227
v 0.155273 -0.405273 0.092773
v 0.155273 -0.405273 -0.084961
v 0.155273 -0.409180 0.116211
v 0.155273 -0.409180 0.282227
v 0.155273 -0.409180 -0.110352
v 0.155273 -0.409180 -0.276367
v 0.155273 -0.411133 0.086914
v 0.155273 -0.411133 -0.079102
v 0.157227 0.024414 0.067383
v 0.157227 0.024414 -0.038086
v 0.157227 0.024414 -0.065430
v 0.157227 0.028320 0.040039
v 0.157227 0.028320 0.063477
v 0.157227 0.028320 -0.041992
v 0.157227 0.081055 0.049805
v 0.157227 0.086914 -0.041992
v 0.157227 0.086914 -0.065430
v 0.157227 0.088867 0.063477
v 0.157227 0.090820 0.038086
v 0.157227 0.094727 0.065430
v 0.157227 0.444336 0.299805
v 0.157227 0.444336 0.350586
v 0.157227 0.444336 -0.291992
v 0.157227 0.444336 -0.342773
v 0.157227 -0.290039 0.124023
v 0.157227 -0.290039 0.274414
v 0.157227 -0.290039 -0.116211
v 0.157227 -0.290039 -0.268555
v 0.157227 -0.291992 0.079102
v 0.157227 -0.291992 -0.073242
v 0.157227 -0.309570 0.108398
v 0.157227 -0.309570 0.290039
v 0.157227 -0.309570 -0.086914
v 0.157227 -0.309570 -0.284180
v 0.157227 -0.340820 0.166992
v 0.157227 -0.340820 -0.030273
v 0.157227 -0.340820 -0.229492
v 0.157227 -0.342773 0.030273
v 0.157227 -0.342773 0.172852
v 0.157227 -0.342773 0.229492
v 0.157227 -0.342773 -0.168945
v 0.157227 -0.344727 -0.024414
v 0.157227 -0.344727 -0.223633
v 0.157227 -0.366211 0.030273
v 0.157227 -0.366211 0.172852
v 0.157227 -0.366211 0.227539
v 0.157227 -0.366211 -0.026367
v 0.157227 -0.366211 -0.168945
v 0.157227 -0.366211 -0.225586
v 0.157227 -0.368164 0.032227
v 0.157227 -0.368164 0.168945
v 0.157227 -0.368164 0.231445
v 0.157227 -0.368164 -0.030273
v 0.157227 -0.368164 -0.166992
v 0.157227 -0.368164 -0.229492
v 0.157227 -0.391602 0.094727
v 0.157227 -0.391602 0.290039
v 0.157227 -0.391602 -0.100586
v 0.157227 -0.411133 0.079102
v 0.157227 -0.411133 0.124023
v 0.157227 -0.411133 0.274414
v 0.157227 -0.411133 -0.073242
v 0.157227 -0.411133 -0.116211
v 0.157227 -0.411133 -0.268555
v 0.157227 -0.487305 0.299805
v 0.157227 -0.487305 0.350586
v 0.157227 -0.487305 -0.291992
v 0.157227 -0.487305 -0.342773
v 0.159180 0.016602 0.036133
v 0.159180 0.018555 0.067383
v 0.159180 0.018555 -0.036133
v 0.159180 0.020508 0.038086
v 0.159180 0.020508 -0.067383
v 0.159180 0.030273 -0.063477
v 0.159180 0.032227 0.061523
v 0.159180 0.032227 -0.043945
v 0.159180 0.032227 -0.059570
v 0.159180 0.034180 0.045898
v 0.159180 0.034180 -0.047852
v 0.159180 0.034180 -0.053711
v 0.159180 0.036133 0.049805
v 0.159180 0.036133 0.055664
v 0.159180 0.081055 -0.049805
v 0.159180 0.081055 -0.055664
v 0.159180 0.081055 -0.059570
v 0.159180 0.083008 0.045898
v 0.159180 0.083008 0.055664
v 0.159180 0.083008 -0.043945
v 0.159180 0.083008 -0.063477
v 0.159180 0.084961 0.041992
v 0.159180 0.084961 0.059570
v 0.159180 0.092773 -0.038086
v 0.159180 0.092773 -0.067383
v 0.159180 0.094727 0.036133
v 0.159180 0.098633 -0.038086
v 0.159180 0.100586 0.036133
v 0.159180 0.100586 0.067383
v 0.159180 0.434570 0.356445
v 0.159180 0.434570 -0.356445
v 0.159180 0.436523 0.299805
v 0.159180 0.436523 0.350586
v 0.159180 0.436523 -0.291992
v 0.159180 0.436523 -0.342773
v 0.159180 0.442383 0.370117
v 0.159180 0.442383 -0.370117
v 0.159180 0.446289 0.307617
v 0.159180 0.446289 0.342773
v 0.159180 0.446289 -0.299805
v 0.159180 0.446289 -0.334961
v 0.159180 0.487305 0.370117
v 0.159180 0.487305 -0.370117
v 0.159180 0.495117 0.356445
v 0.159180 0.495117 -0.356445
v 0.159180 -0.309570 0.094727
v 0.159180 -0.309570 -0.102539
v 0.159180 -0.338867 0.161133
v 0.159180 -0.338867 -0.036133
v 0.159180 -0.338867 -0.235352
v 0.159180 -0.340820 0.036133
v 0.159180 -0.340820 0.233398
v 0.159180 -0.340820 -0.163086
v 0.159180 -0.342773 0.028320
v 0.159180 -0.342773 0.227539
v 0.159180 -0.342773 -0.170898
v 0.159180 -0.348633 0.024414
v 0.159180 -0.348633 0.176758
v 0.159180 -0.348633 0.223633
v 0.159180 -0.348633 -0.020508
v 0.159180 -0.348633 -0.174805
v 0.159180 -0.348633 -0.219727
v 0.159180 -0.352539 0.022461
v 0.159180 -0.352539 0.178711
v 0.159180 -0.352539 0.221680
v 0.159180 -0.352539 -0.020508
v 0.159180 -0.352539 -0.174805
v 0.159180 -0.352539 -0.219727
v 0.159180 -0.358398 0.178711
v 0.159180 -0.358398 0.221680
v 0.159180 -0.358398 -0.020508
v 0.159180 -0.358398 -0.174805
v 0.159180 -0.358398 -0.219727
v 0.159180 -0.362305 0.024414
v 0.159180 -0.362305 0.176758
v 0.159180 -0.362305 0.223633
v 0.159180 -0.362305 -0.022461
v 0.159180 -0.362305 -0.172852
v 0.159180 -0.362305 -0.221680
v 0.159180 -0.370117 0.040039
v 0.159180 -0.370117 0.163086
v 0.159180 -0.370117 0.237305
v 0.159180 -0.370117 -0.036133
v 0.159180 -0.370117 -0.161133
v 0.159180 -0.370117 -0.235352
v 0.159180 -0.391602 0.110352
v 0.159180 -0.391602 -0.086914
v 0.159180 -0.391602 -0.284180
v 0.159180 -0.479492 0.299805
v 0.159180 -0.479492 0.350586
v 0.159180 -0.479492 -0.291992
v 0.159180 -0.479492 -0.344727
v 0.159180 -0.489258 0.307617
v 0.159180 -0.489258 0.342773
v 0.159180 -0.489258 -0.299805
v 0.159180 -0.489258 -0.334961
v 0.161133 0.008789 -0.065430
v 0.161133 0.010742 -0.038086
v 0.161133 0.012695 0.038086
v 0.161133 0.012695 0.067383
v 0.161133 0.014648 -0.038086
v 0.161133 0.014648 -0.067383
v 0.161133 0.026367 0.065430
v 0.161133 0.030273 -0.041992
v 0.161133 0.032227 0.041992
v 0.161133 0.038086 0.049805
v 0.161133 0.038086 0.055664
v 0.161133 0.038086 -0.053711
v 0.161133 0.079102 0.055664
v 0.161133 0.079102 -0.055664
v 0.161133 0.081055 0.049805
v 0.161133 0.086914 0.063477
v 0.161133 0.086914 -0.041992
v 0.161133 0.086914 -0.065430
v 0.161133 0.098633 -0.067383
v 0.161133 0.104492 -0.040039
v 0.161133 0.104492 -0.065430
v 0.161133 0.106445 0.038086
v 0.161133 0.106445 0.065430
v 0.161133 0.108398 0.061523
v 0.161133 0.432617 0.342773
v 0.161133 0.432617 -0.340820
v 0.161133 0.454102 0.372070
v 0.161133 0.454102 -0.372070
v 0.161133 0.475586 0.372070
v 0.161133 0.475586 -0.372070
v 0.161133 0.497070 0.342773
v 0.161133 0.497070 -0.342773
v 0.161133 -0.338867 0.041992
v 0.161133 -0.338867 0.239258
v 0.161133 -0.338867 -0.157227
v 0.161133 -0.340820 0.045898
v 0.161133 -0.340820 0.155273
v 0.161133 -0.340820 0.170898
v 0.161133 -0.340820 0.245117
v 0.161133 -0.340820 -0.041992
v 0.161133 -0.340820 -0.153320
v 0.161133 -0.340820 -0.241211
v 0.161133 -0.344727 0.176758
v 0.161133 -0.344727 0.223633
v 0.161133 -0.344727 -0.024414
v 0.161133 -0.344727 -0.172852
v 0.161133 -0.344727 -0.221680
v 0.161133 -0.348633 0.022461
v 0.161133 -0.348633 0.180664
v 0.161133 -0.348633 0.221680
v 0.161133 -0.348633 -0.176758
v 0.161133 -0.348633 -0.217773
v 0.161133 -0.352539 0.022461
v 0.161133 -0.352539 0.180664
v 0.161133 -0.352539 0.219727
v 0.161133 -0.352539 -0.018555
v 0.161133 -0.352539 -0.176758
v 0.161133 -0.352539 -0.215820
v 0.161133 -0.358398 0.022461
v 0.161133 -0.358398 -0.018555
v 0.161133 -0.358398 -0.217773
v 0.161133 -0.366211 0.028320
v 0.161133 -0.366211 0.174805
v 0.161133 -0.366211 0.225586
v 0.161133 -0.366211 -0.024414
v 0.161133 -0.366211 -0.170898
v 0.161133 -0.366211 -0.223633
v 0.161133 -0.368164 0.043945
v 0.161133 -0.368164 0.157227
v 0.161133 -0.368164 0.243164
v 0.161133 -0.368164 -0.041992
v 0.161133 -0.368164 -0.155273
v 0.161133 -0.368164 -0.241211
v 0.163086 0.002930 -0.045898
v 0.163086 0.002930 -0.051758
v 0.163086 0.002930 -0.055664
v 0.163086 0.004883 0.043945
v 0.163086 0.004883 0.047852
v 0.163086 0.004883 0.055664
v 0.163086 0.004883 0.059570
v 0.163086 0.004883 -0.061523
v 0.163086 0.006836 -0.040039
v 0.163086 0.008789 0.041992
v 0.163086 0.008789 0.063477
v 0.163086 0.024414 -0.038086
v 0.163086 0.024414 -0.065430
v 0.163086 0.026367 0.038086
v 0.163086 0.030273 -0.041992
v 0.163086 0.030273 -0.063477
v 0.163086 0.034180 0.041992
v 0.163086 0.034180 -0.043945
v 0.163086 0.036133 0.061523
v 0.163086 0.036133 -0.059570
v 0.163086 0.038086 0.045898
v 0.163086 0.038086 0.059570
v 0.163086 0.038086 -0.047852
v 0.163086 0.075195 0.049805
v 0.163086 0.075195 -0.055664
v 0.163086 0.077148 0.049805
v 0.163086 0.077148 -0.049805
v 0.163086 0.077148 -0.059570
v 0.163086 0.079102 0.045898
v 0.163086 0.081055 0.041992
v 0.163086 0.081055 0.059570
v 0.163086 0.081055 -0.043945
v 0.163086 0.081055 -0.063477
v 0.163086 0.090820 0.038086
v 0.163086 0.090820 0.065430
v 0.163086 0.090820 -0.038086
v 0.163086 0.108398 -0.041992
v 0.163086 0.108398 -0.061523
v 0.163086 0.110352 0.041992
v 0.163086 0.110352 -0.045898
v 0.163086 0.112305 0.047852
v 0.163086 0.112305 0.053711
v 0.163086 0.112305 0.059570
v 0.163086 0.112305 -0.049805
v 0.163086 0.112305 -0.057617
v 0.163086 0.436523 0.307617
v 0.163086 0.436523 0.342773
v 0.163086 0.436523 -0.299805
v 0.163086 0.436523 -0.334961
v 0.163086 -0.299805 0.086914
v 0.163086 -0.299805 0.116211
v 0.163086 -0.299805 0.282227
v 0.163086 -0.299805 -0.079102
v 0.163086 -0.299805 -0.108398
v 0.163086 -0.299805 -0.276367
v 0.163086 -0.338867 0.166992
v 0.163086 -0.340820 0.034180
v 0.163086 -0.340820 -0.030273
v 0.163086 -0.340820 -0.165039
v 0.163086 -0.340820 -0.229492
v 0.163086 -0.342773 0.225586
v 0.163086 -0.344727 0.022461
v 0.163086 -0.344727 0.026367
v 0.163086 -0.344727 0.051758
v 0.163086 -0.344727 0.149414
v 0.163086 -0.344727 0.221680
v 0.163086 -0.344727 0.250977
v 0.163086 -0.344727 -0.022461
v 0.163086 -0.344727 -0.045898
v 0.163086 -0.344727 -0.147461
v 0.163086 -0.344727 -0.174805
v 0.163086 -0.344727 -0.219727
v 0.163086 -0.344727 -0.245117
v 0.163086 -0.346680 -0.047852
v 0.163086 -0.346680 -0.247070
v 0.163086 -0.348633 0.020508
v 0.163086 -0.348633 0.219727
v 0.163086 -0.348633 -0.018555
v 0.163086 -0.348633 -0.178711
v 0.163086 -0.350586 0.053711
v 0.163086 -0.350586 0.149414
v 0.163086 -0.350586 0.252930
v 0.163086 -0.350586 -0.049805
v 0.163086 -0.350586 -0.145508
v 0.163086 -0.350586 -0.249023
v 0.163086 -0.352539 0.016602
v 0.163086 -0.352539 0.020508
v 0.163086 -0.352539 0.184570
v 0.163086 -0.352539 0.215820
v 0.163086 -0.352539 0.217773
v 0.163086 -0.352539 -0.012695
v 0.163086 -0.352539 -0.178711
v 0.163086 -0.352539 -0.182617
v 0.163086 -0.352539 -0.211914
v 0.163086 -0.356445 0.250977
v 0.163086 -0.358398 0.020508
v 0.163086 -0.358398 0.053711
v 0.163086 -0.358398 0.149414
v 0.163086 -0.358398 0.180664
v 0.163086 -0.358398 0.219727
v 0.163086 -0.358398 -0.049805
v 0.163086 -0.358398 -0.145508
v 0.163086 -0.358398 -0.178711
v 0.163086 -0.358398 -0.249023
v 0.163086 -0.362305 0.022461
v 0.163086 -0.362305 0.051758
v 0.163086 -0.362305 0.149414
v 0.163086 -0.362305 0.221680
v 0.163086 -0.362305 0.250977
v 0.163086 -0.362305 -0.047852
v 0.163086 -0.362305 -0.147461
v 0.163086 -0.362305 -0.174805
v 0.163086 -0.362305 -0.247070
v 0.163086 -0.366211 0.047852
v 0.163086 -0.366211 0.153320
v 0.163086 -0.366211 0.247070
v 0.163086 -0.366211 -0.045898
v 0.163086 -0.366211 -0.151367
v 0.163086 -0.366211 -0.245117
v 0.163086 -0.368164 0.032227
v 0.163086 -0.368164 0.231445
v 0.163086 -0.368164 -0.028320
v 0.163086 -0.368164 -0.166992
v 0.163086 -0.401367 0.086914
v 0.163086 -0.401367 0.116211
v 0.163086 -0.401367 0.282227
v 0.163086 -0.401367 -0.079102
v 0.163086 -0.401367 -0.108398
v 0.163086 -0.401367 -0.276367
v 0.163086 -0.479492 0.307617
v 0.163086 -0.479492 0.342773
v 0.163086 -0.479492 -0.299805
v 0.163086 -0.479492 -0.334961
v 0.165039 0.020508 0.067383
v 0.165039 0.030273 0.065430
v 0.165039 0.032227 -0.063477
v 0.165039 0.036133 0.041992
v 0.165039 0.036133 -0.041992
v 0.165039 0.036133 -0.063477
v 0.165039 0.038086 -0.043945
v 0.165039 0.040039 -0.059570
v 0.165039 0.041992 0.045898
v 0.165039 0.041992 0.049805
v 0.165039 0.041992 0.055664
v 0.165039 0.041992 -0.047852
v 0.165039 0.041992 -0.053711
v 0.165039 0.045898 0.045898
v 0.165039 0.045898 -0.047852
v 0.165039 0.045898 -0.053711
v 0.165039 0.047852 0.049805
v 0.165039 0.047852 0.055664
v 0.165039 0.069336 -0.047852
v 0.165039 0.069336 -0.055664
v 0.165039 0.071289 0.045898
v 0.165039 0.071289 0.049805
v 0.165039 0.071289 0.055664
v 0.165039 0.073242 -0.049805
v 0.165039 0.073242 -0.055664
v 0.165039 0.073242 -0.059570
v 0.165039 0.075195 0.045898
v 0.165039 0.075195 0.055664
v 0.165039 0.075195 0.059570
v 0.165039 0.077148 -0.043945
v 0.165039 0.077148 -0.063477
v 0.165039 0.079102 0.041992
v 0.165039 0.083008 -0.041992
v 0.165039 0.084961 0.063477
v 0.165039 0.086914 0.038086
v 0.165039 0.090820 -0.067383
v 0.165039 0.094727 0.036133
v 0.165039 0.096680 -0.038086
v 0.165039 -0.297852 0.124023
v 0.165039 -0.297852 0.274414
v 0.165039 -0.297852 -0.116211
v 0.165039 -0.297852 -0.268555
v 0.165039 -0.299805 0.079102
v 0.165039 -0.299805 -0.073242
v 0.165039 -0.309570 0.114258
v 0.165039 -0.309570 0.284180
v 0.165039 -0.309570 -0.278320
v 0.165039 -0.311523 -0.081055
v 0.165039 -0.340820 0.229492
v 0.165039 -0.342773 0.174805
v 0.165039 -0.342773 -0.022461
v 0.165039 -0.342773 -0.223633
v 0.165039 -0.344727 0.180664
v 0.165039 -0.344727 0.219727
v 0.165039 -0.344727 -0.018555
v 0.165039 -0.344727 -0.178711
v 0.165039 -0.344727 -0.217773
v 0.165039 -0.348633 0.014648
v 0.165039 -0.348633 0.016602
v 0.165039 -0.348633 0.184570
v 0.165039 -0.348633 0.188477
v 0.165039 -0.348633 0.211914
v 0.165039 -0.348633 0.215820
v 0.165039 -0.348633 -0.010742
v 0.165039 -0.348633 -0.014648
v 0.165039 -0.348633 -0.180664
v 0.165039 -0.348633 -0.184570
v 0.165039 -0.348633 -0.208008
v 0.165039 -0.348633 -0.213867
v 0.165039 -0.352539 0.012695
v 0.165039 -0.352539 0.188477
v 0.165039 -0.352539 0.211914
v 0.165039 -0.352539 -0.008789
v 0.165039 -0.352539 -0.186523
v 0.165039 -0.352539 -0.208008
v 0.165039 -0.358398 0.012695
v 0.165039 -0.358398 0.016602
v 0.165039 -0.358398 0.184570
v 0.165039 -0.358398 0.188477
v 0.165039 -0.358398 0.211914
v 0.165039 -0.358398 0.215820
v 0.165039 -0.358398 -0.010742
v 0.165039 -0.358398 -0.014648
v 0.165039 -0.358398 -0.182617
v 0.165039 -0.358398 -0.186523
v 0.165039 -0.358398 -0.208008
v 0.165039 -0.358398 -0.211914
v 0.165039 -0.362305 0.180664
v 0.165039 -0.362305 0.217773
v 0.165039 -0.362305 -0.180664
v 0.165039 -0.362305 -0.213867
v 0.165039 -0.362305 -0.217773
v 0.165039 -0.364258 -0.018555
v 0.165039 -0.366211 0.026367
v 0.165039 -0.366211 0.174805
v 0.165039 -0.366211 0.223633
v 0.165039 -0.366211 -0.022461
v 0.165039 -0.366211 -0.172852
v 0.165039 -0.366211 -0.221680
v 0.165039 -0.368164 0.168945
v 0.165039 -0.368164 -0.227539
v 0.165039 -0.391602 0.088867
v 0.165039 -0.391602 0.284180
v 0.165039 -0.391602 -0.108398
v 0.165039 -0.403320 0.079102
v 0.165039 -0.403320 0.124023
v 0.165039 -0.403320 0.274414
v 0.165039 -0.403320 -0.073242
v 0.165039 -0.403320 -0.116211
v 0.165039 -0.403320 -0.268555
v 0.166992 0.018555 0.036133
v 0.166992 0.026367 -0.038086
v 0.166992 0.026367 -0.065430
v 0.166992 0.030273 0.038086
v 0.166992 0.034180 -0.040039
v 0.166992 0.036133 0.063477
v 0.166992 0.040039 -0.041992
v 0.166992 0.040039 -0.043945
v 0.166992 0.040039 -0.061523
v 0.166992 0.041992 0.041992
v 0.166992 0.041992 0.061523
v 0.166992 0.043945 -0.043945
v 0.166992 0.045898 0.059570
v 0.166992 0.045898 -0.059570
v 0.166992 0.069336 -0.043945
v 0.166992 0.069336 -0.059570
v 0.166992 0.071289 0.059570
v 0.166992 0.073242 -0.043945
v 0.166992 0.075195 0.041992
v 0.166992 0.079102 -0.041992
v 0.166992 0.079102 -0.065430
v 0.166992 0.081055 0.040039
v 0.166992 0.081055 0.063477
v 0.166992 0.084961 -0.065430
v 0.166992 0.088867 0.065430
v 0.166992 0.094727 0.067383
v 0.166992 0.096680 -0.069336
v 0.166992 0.100586 0.036133
v 0.166992 -0.309570 -0.108398
v 0.166992 -0.311523 0.086914
v 0.166992 -0.338867 0.040039
v 0.166992 -0.338867 0.237305
v 0.166992 -0.338867 -0.159180
v 0.166992 -0.340820 0.030273
v 0.166992 -0.340820 -0.168945
v 0.166992 -0.342773 0.022461
v 0.166992 -0.342773 0.178711
v 0.166992 -0.342773 0.221680
v 0.166992 -0.342773 -0.176758
v 0.166992 -0.344727 0.014648
v 0.166992 -0.344727 0.018555
v 0.166992 -0.344727 0.184570
v 0.166992 -0.344727 0.188477
v 0.166992 -0.344727 0.211914
v 0.166992 -0.344727 0.215820
v 0.166992 -0.344727 -0.010742
v 0.166992 -0.344727 -0.014648
v 0.166992 -0.344727 -0.180664
v 0.166992 -0.344727 -0.184570
v 0.166992 -0.344727 -0.209961
v 0.166992 -0.344727 -0.213867
v 0.166992 -0.362305 0.018555
v 0.166992 -0.362305 0.184570
v 0.166992 -0.362305 0.188477
v 0.166992 -0.362305 0.211914
v 0.166992 -0.362305 -0.010742
v 0.166992 -0.362305 -0.014648
v 0.166992 -0.362305 -0.184570
v 0.166992 -0.362305 -0.209961
v 0.166992 -0.366211 0.022461
v 0.166992 -0.366211 0.178711
v 0.166992 -0.366211 0.221680
v 0.166992 -0.366211 -0.018555
v 0.166992 -0.366211 -0.176758
v 0.166992 -0.366211 -0.217773
v 0.166992 -0.368164 -0.168945
v 0.166992 -0.370117 0.165039
v 0.166992 -0.370117 -0.034180
v 0.166992 -0.370117 -0.233398
v 0.166992 -0.391602 0.116211
v 0.166992 -0.391602 -0.081055
v 0.166992 -0.391602 -0.278320
v 0.168945 0.010742 0.040039
v 0.168945 0.014648 0.067383
v 0.168945 0.014648 -0.038086
v 0.168945 0.014648 -0.067383
v 0.168945 0.020508 -0.036133
v 0.168945 0.020508 -0.067383
v 0.168945 0.024414 0.036133
v 0.168945 0.040039 0.063477
v 0.168945 0.040039 -0.040039
v 0.168945 0.043945 -0.041992
v 0.168945 0.043945 -0.063477
v 0.168945 0.045898 0.041992
v 0.168945 0.045898 0.063477
v 0.168945 0.069336 -0.063477
v 0.168945 0.071289 0.041992
v 0.168945 0.071289 -0.041992
v 0.168945 0.073242 0.063477
v 0.168945 0.073242 -0.063477
v 0.168945 0.075195 -0.041992
v 0.168945 0.077148 0.040039
v 0.168945 0.077148 0.063477
v 0.168945 0.088867 -0.038086
v 0.168945 0.100586 -0.067383
v 0.168945 0.102539 -0.040039
v 0.168945 0.104492 0.038086
v 0.168945 0.104492 0.065430
v 0.168945 -0.309570 0.124023
v 0.168945 -0.309570 0.274414
v 0.168945 -0.309570 -0.116211
v 0.168945 -0.309570 -0.268555
v 0.168945 -0.311523 0.079102
v 0.168945 -0.311523 -0.073242
v 0.168945 -0.338867 0.161133
v 0.168945 -0.338867 0.168945
v 0.168945 -0.338867 -0.028320
v 0.168945 -0.338867 -0.036133
v 0.168945 -0.338867 -0.227539
v 0.168945 -0.338867 -0.235352
v 0.168945 -0.340820 0.045898
v 0.168945 -0.340820 0.157227
v 0.168945 -0.340820 0.217773
v 0.168945 -0.340820 0.243164
v 0.168945 -0.340820 -0.020508
v 0.168945 -0.340820 -0.041992
v 0.168945 -0.340820 -0.153320
v 0.168945 -0.340820 -0.219727
v 0.168945 -0.342773 0.016602
v 0.168945 -0.342773 0.018555
v 0.168945 -0.342773 0.186523
v 0.168945 -0.342773 0.213867
v 0.168945 -0.342773 -0.178711
v 0.168945 -0.342773 -0.182617
v 0.168945 -0.342773 -0.209961
v 0.168945 -0.342773 -0.241211
v 0.168945 -0.364258 0.014648
v 0.168945 -0.366211 0.018555
v 0.168945 -0.366211 0.182617
v 0.168945 -0.366211 0.186523
v 0.168945 -0.366211 0.213867
v 0.168945 -0.366211 0.217773
v 0.168945 -0.366211 -0.012695
v 0.168945 -0.366211 -0.014648
v 0.168945 -0.366211 -0.180664
v 0.168945 -0.366211 -0.182617
v 0.168945 -0.366211 -0.209961
v 0.168945 -0.368164 0.028320
v 0.168945 -0.368164 0.041992
v 0.168945 -0.368164 0.159180
v 0.168945 -0.368164 0.227539
v 0.168945 -0.368164 0.241211
v 0.168945 -0.368164 -0.024414
v 0.168945 -0.368164 -0.040039
v 0.168945 -0.368164 -0.155273
v 0.168945 -0.368164 -0.239258
v 0.168945 -0.370117 0.036133
v 0.168945 -0.370117 0.235352
v 0.168945 -0.370117 -0.163086
v 0.168945 -0.391602 0.079102
v 0.168945 -0.391602 0.124023
v 0.168945 -0.391602 0.274414
v 0.168945 -0.391602 -0.073242
v 0.168945 -0.391602 -0.116211
v 0.168945 -0.391602 -0.268555
v 0.170898 0.006836 -0.061523
v 0.170898 0.008789 0.043945
v 0.170898 0.008789 0.061523
v 0.170898 0.008789 -0.040039
v 0.170898 0.010742 0.063477
v 0.170898 0.010742 -0.063477
v 0.170898 0.024414 0.067383
v 0.170898 0.032227 -0.038086
v 0.170898 0.032227 -0.065430
v 0.170898 0.034180 0.038086
v 0.170898 0.038086 -0.065430
v 0.170898 0.040039 0.040039
v 0.170898 0.077148 -0.040039
v 0.170898 0.081055 -0.065430
v 0.170898 0.083008 0.038086
v 0.170898 0.083008 0.065430
v 0.170898 0.088867 -0.067383
v 0.170898 0.090820 0.036133
v 0.170898 0.104492 -0.065430
v 0.170898 0.106445 0.061523
v 0.170898 0.106445 -0.041992
v 0.170898 0.106445 -0.061523
v 0.170898 0.108398 0.041992
v 0.170898 0.442383 0.356445
v 0.170898 0.442383 -0.356445
v 0.170898 0.487305 0.356445
v 0.170898 0.487305 -0.356445
v 0.170898 -0.338867 0.036133
v 0.170898 -0.338867 0.233398
v 0.170898 -0.338867 -0.165039
v 0.170898 -0.340820 0.026367
v 0.170898 -0.340820 0.176758
v 0.170898 -0.340820 0.182617
v 0.170898 -0.340820 0.223633
v 0.170898 -0.340820 -0.016602
v 0.170898 -0.340820 -0.172852
v 0.170898 -0.340820 -0.215820
v 0.170898 -0.342773 -0.010742
v 0.170898 -0.342773 -0.043945
v 0.170898 -0.344727 0.049805
v 0.170898 -0.344727 0.153320
v 0.170898 -0.344727 0.247070
v 0.170898 -0.344727 -0.149414
v 0.170898 -0.344727 -0.245117
v 0.170898 -0.366211 0.016602
v 0.170898 -0.366211 0.045898
v 0.170898 -0.366211 0.155273
v 0.170898 -0.366211 0.245117
v 0.170898 -0.366211 -0.043945
v 0.170898 -0.366211 -0.151367
v 0.170898 -0.366211 -0.215820
v 0.170898 -0.366211 -0.241211
v 0.170898 -0.368164 0.174805
v 0.170898 -0.368164 -0.174805
v 0.170898 -0.368164 -0.221680
v 0.172852 0.004883 -0.043945
v 0.172852 0.004883 -0.051758
v 0.172852 0.004883 -0.057617
v 0.172852 0.006836 0.047852
v 0.172852 0.006836 0.055664
v 0.172852 0.018555 -0.067383
v 0.172852 0.032227 0.067383
v 0.172852 0.043945 0.038086
v 0.172852 0.043945 -0.065430
v 0.172852 0.071289 -0.065430
v 0.172852 0.073242 0.038086
v 0.172852 0.075195 -0.067383
v 0.172852 0.077148 0.038086
v 0.172852 0.077148 0.065430
v 0.172852 0.083008 -0.038086
v 0.172852 0.094727 -0.038086
v 0.172852 0.094727 -0.067383
v 0.172852 0.096680 0.036133
v 0.172852 0.096680 0.065430
v 0.172852 0.108398 -0.045898
v 0.172852 0.108398 -0.049805
v 0.172852 0.110352 0.047852
v 0.172852 0.110352 0.053711
v 0.172852 0.110352 0.059570
v 0.172852 0.110352 -0.057617
v 0.172852 0.440430 0.342773
v 0.172852 0.440430 -0.342773
v 0.172852 0.454102 0.358398
v 0.172852 0.454102 -0.358398
v 0.172852 0.475586 0.358398
v 0.172852 0.475586 -0.358398
v 0.172852 0.487305 0.342773
v 0.172852 0.487305 -0.342773
v 0.172852 -0.338867 0.163086
v 0.172852 -0.338867 -0.161133
v 0.172852 -0.338867 -0.176758
v 0.172852 -0.340820 0.016602
v 0.172852 -0.340820 0.213867
v 0.172852 -0.340820 -0.182617
v 0.172852 -0.346680 -0.045898
v 0.172852 -0.350586 0.051758
v 0.172852 -0.350586 0.151367
v 0.172852 -0.350586 0.250977
v 0.172852 -0.350586 -0.047852
v 0.172852 -0.350586 -0.147461
v 0.172852 -0.350586 -0.247070
v 0.172852 -0.356445 0.249023
v 0.172852 -0.358398 0.051758
v 0.172852 -0.358398 0.151367
v 0.172852 -0.358398 -0.047852
v 0.172852 -0.358398 -0.147461
v 0.172852 -0.358398 -0.247070
v 0.172852 -0.362305 0.049805
v 0.172852 -0.362305 0.151367
v 0.172852 -0.362305 0.249023
v 0.172852 -0.362305 -0.149414
v 0.172852 -0.362305 -0.245117
v 0.172852 -0.364258 -0.045898
v 0.172852 -0.368164 0.182617
v 0.172852 -0.368164 0.213867
v 0.172852 -0.368164 0.221680
v 0.172852 -0.368164 -0.020508
v 0.172852 -0.368164 -0.182617
v 0.172852 -0.370117 0.168945
v 0.172852 -0.370117 -0.028320
v 0.172852 -0.370117 -0.227539
v 0.174805 0.016602 -0.038086
v 0.174805 0.018555 0.038086
v 0.174805 0.018555 0.067383
v 0.174805 0.028320 0.036133
v 0.174805 0.036133 -0.067383
v 0.174805 0.038086 0.038086
v 0.174805 0.038086 0.067383
v 0.174805 0.038086 -0.038086
v 0.174805 0.041992 -0.038086
v 0.174805 0.043945 0.065430
v 0.174805 0.071289 -0.038086
v 0.174805 0.073242 0.065430
v 0.174805 0.079102 -0.038086
v 0.174805 0.084961 -0.067383
v 0.174805 0.086914 0.036133
v 0.174805 0.100586 0.065430
v 0.174805 -0.338867 0.022461
v 0.174805 -0.338867 0.180664
v 0.174805 -0.338867 0.219727
v 0.174805 -0.338867 -0.018555
v 0.174805 -0.338867 -0.026367
v 0.174805 -0.338867 -0.217773
v 0.174805 -0.338867 -0.223633
v 0.174805 -0.340820 0.040039
v 0.174805 -0.340820 0.186523
v 0.174805 -0.340820 0.239258
v 0.174805 -0.340820 -0.012695
v 0.174805 -0.340820 -0.157227
v 0.174805 -0.340820 -0.211914
v 0.174805 -0.368164 0.016602
v 0.174805 -0.368164 0.020508
v 0.174805 -0.368164 0.040039
v 0.174805 -0.368164 0.161133
v 0.174805 -0.368164 0.184570
v 0.174805 -0.368164 0.237305
v 0.174805 -0.368164 -0.012695
v 0.174805 -0.368164 -0.036133
v 0.174805 -0.368164 -0.159180
v 0.174805 -0.368164 -0.211914
v 0.174805 -0.368164 -0.217773
v 0.174805 -0.368164 -0.235352
v 0.174805 -0.370117 -0.176758
v 0.176758 0.012695 -0.040039
v 0.176758 0.014648 0.040039
v 0.176758 0.014648 0.063477
v 0.176758 0.014648 -0.065430
v 0.176758 0.026367 -0.067383
v 0.176758 0.028320 0.067383
v 0.176758 0.028320 -0.038086
v 0.176758 0.086914 -0.038086
v 0.176758 0.088867 0.067383
v 0.176758 0.098633 -0.040039
v 0.176758 0.098633 -0.065430
v 0.176758 0.100586 0.038086
v 0.176758 0.102539 0.061523
v 0.176758 0.454102 0.342773
v 0.176758 0.454102 -0.342773
v 0.176758 0.475586 0.342773
v 0.176758 0.475586 -0.342773
v 0.176758 -0.338867 0.030273
v 0.176758 -0.338867 0.170898
v 0.176758 -0.338867 0.229492
v 0.176758 -0.338867 -0.168945
v 0.176758 -0.340820 0.159180
v 0.176758 -0.342773 -0.038086
v 0.176758 -0.342773 -0.239258
v 0.176758 -0.366211 0.041992
v 0.176758 -0.366211 0.159180
v 0.176758 -0.366211 0.241211
v 0.176758 -0.366211 -0.040039
v 0.176758 -0.366211 -0.155273
v 0.176758 -0.366211 -0.239258
v 0.176758 -0.370117 0.030273
v 0.176758 -0.370117 0.227539
v 0.176758 -0.370117 -0.168945
v 0.178711 0.010742 -0.061523
v 0.178711 0.012695 0.043945
v 0.178711 0.012695 0.061523
v 0.178711 0.024414 0.038086
v 0.178711 0.034180 -0.067383
v 0.178711 0.036133 0.036133
v 0.178711 0.071289 -0.067383
v 0.178711 0.079102 -0.067383
v 0.178711 0.081055 0.036133
v 0.178711 0.088867 -0.067383
v 0.178711 0.090820 0.036133
v 0.178711 0.102539 -0.041992
v 0.178711 0.102539 -0.061523
v 0.178711 0.104492 0.041992
v 0.178711 -0.338867 0.016602
v 0.178711 -0.338867 0.215820
v 0.178711 -0.338867 0.223633
v 0.178711 -0.338867 -0.028320
v 0.178711 -0.338867 -0.174805
v 0.178711 -0.338867 -0.180664
v 0.178711 -0.338867 -0.227539
v 0.178711 -0.344727 0.045898
v 0.178711 -0.344727 0.157227
v 0.178711 -0.344727 0.243164
v 0.178711 -0.344727 -0.041992
v 0.178711 -0.344727 -0.153320
v 0.178711 -0.346680 -0.241211
v 0.178711 -0.370117 0.024414
v 0.178711 -0.370117 0.176758
v 0.178711 -0.370117 0.221680
v 0.178711 -0.370117 -0.020508
v 0.178711 -0.370117 -0.174805
v 0.178711 -0.370117 -0.219727
v 0.180664 0.008789 -0.051758
v 0.180664 0.008789 -0.055664
v 0.180664 0.010742 0.047852
v 0.180664 0.010742 0.055664
v 0.180664 0.010742 -0.043945
v 0.180664 0.024414 0.065430
v 0.180664 0.024414 -0.038086
v 0.180664 0.034180 -0.038086
v 0.180664 0.040039 -0.067383
v 0.180664 0.041992 0.036133
v 0.180664 0.041992 0.067383
v 0.180664 0.041992 -0.038086
v 0.180664 0.073242 -0.038086
v 0.180664 0.075195 0.036133
v 0.180664 0.075195 0.067383
v 0.180664 0.081055 -0.038086
v 0.180664 0.083008 0.067383
v 0.180664 0.094727 0.065430
v 0.180664 0.104492 -0.045898
v 0.180664 0.104492 -0.049805
v 0.180664 0.104492 -0.057617
v 0.180664 0.106445 0.047852
v 0.180664 0.106445 0.055664
v 0.180664 -0.338867 0.026367
v 0.180664 -0.338867 0.176758
v 0.180664 -0.338867 0.184570
v 0.180664 -0.338867 -0.014648
v 0.180664 -0.338867 -0.022461
v 0.180664 -0.338867 -0.213867
v 0.180664 -0.338867 -0.221680
v 0.180664 -0.340820 0.036133
v 0.180664 -0.340820 0.233398
v 0.180664 -0.340820 -0.163086
v 0.180664 -0.350586 0.047852
v 0.180664 -0.350586 0.155273
v 0.180664 -0.350586 0.245117
v 0.180664 -0.350586 -0.043945
v 0.180664 -0.350586 -0.151367
v 0.180664 -0.350586 -0.241211
v 0.180664 -0.356445 0.245117
v 0.180664 -0.358398 0.047852
v 0.180664 -0.358398 0.155273
v 0.180664 -0.358398 -0.043945
v 0.180664 -0.358398 -0.151367
v 0.180664 -0.358398 -0.241211
v 0.180664 -0.362305 0.045898
v 0.180664 -0.362305 0.157227
v 0.180664 -0.362305 0.245117
v 0.180664 -0.362305 -0.153320
v 0.180664 -0.364258 -0.041992
v 0.180664 -0.364258 -0.241211
v 0.180664 -0.368164 0.034180
v 0.180664 -0.368164 0.166992
v 0.180664 -0.368164 0.231445
v 0.180664 -0.368164 -0.030273
v 0.180664 -0.368164 -0.165039
v 0.180664 -0.368164 -0.229492
v 0.180664 -0.370117 0.018555
v 0.180664 -0.370117 0.184570
v 0.180664 -0.370117 0.215820
v 0.180664 -0.370117 -0.014648
v 0.180664 -0.370117 -0.180664
v 0.180664 -0.370117 -0.213867
v 0.182617 0.020508 -0.040039
v 0.182617 0.022461 0.040039
v 0.182617 0.022461 0.063477
v 0.182617 0.022461 -0.065430
v 0.182617 0.092773 0.038086
v 0.182617 0.092773 -0.040039
v 0.182617 0.092773 -0.065430
v 0.182617 -0.340820 0.165039
v 0.182617 -0.340820 -0.180664
v 0.182617 -0.340820 -0.231445
v 0.182617 -0.342773 -0.032227
v 0.182617 -0.366211 0.036133
v 0.182617 -0.366211 0.165039
v 0.182617 -0.366211 0.233398
v 0.182617 -0.366211 -0.032227
v 0.182617 -0.366211 -0.163086
v 0.182617 -0.366211 -0.231445
v 0.184570 0.020508 0.043945
v 0.184570 0.030273 -0.038086
v 0.184570 0.030273 -0.065430
v 0.184570 0.032227 0.038086
v 0.184570 0.032227 0.065430
v 0.184570 0.073242 -0.067383
v 0.184570 0.075195 -0.038086
v 0.184570 0.077148 0.065430
v 0.184570 0.083008 -0.067383
v 0.184570 0.084961 0.038086
v 0.184570 0.084961 0.065430
v 0.184570 0.084961 -0.040039
v 0.184570 0.094727 -0.041992
v 0.184570 0.096680 0.061523
v 0.184570 -0.340820 0.018555
v 0.184570 -0.340820 0.217773
v 0.184570 -0.340820 0.225586
v 0.184570 -0.340820 -0.170898
v 0.184570 -0.344727 -0.034180
v 0.184570 -0.368164 0.026367
v 0.184570 -0.368164 0.174805
v 0.184570 -0.368164 0.225586
v 0.184570 -0.368164 -0.022461
v 0.184570 -0.368164 -0.172852
v 0.184570 -0.368164 -0.221680
v 0.186523 0.016602 -0.051758
v 0.186523 0.016602 -0.055664
v 0.186523 0.018555 0.047852
v 0.186523 0.018555 0.055664
v 0.186523 0.018555 -0.045898
v 0.186523 0.018555 -0.061523
v 0.186523 0.020508 0.059570
v 0.186523 0.030273 0.040039
v 0.186523 0.030273 0.063477
v 0.186523 0.040039 0.038086
v 0.186523 0.040039 -0.038086
v 0.186523 0.040039 -0.065430
v 0.186523 0.041992 0.065430
v 0.186523 0.075195 0.038086
v 0.186523 0.084961 -0.065430
v 0.186523 0.086914 0.040039
v 0.186523 0.094727 -0.061523
v 0.186523 0.096680 0.041992
v 0.186523 0.096680 -0.047852
v 0.186523 0.096680 -0.049805
v 0.186523 0.096680 -0.057617
v 0.186523 0.098633 0.047852
v 0.186523 0.098633 0.055664
v 0.186523 -0.340820 0.020508
v 0.186523 -0.340820 0.028320
v 0.186523 -0.340820 0.174805
v 0.186523 -0.340820 0.182617
v 0.186523 -0.340820 0.217773
v 0.186523 -0.340820 -0.014648
v 0.186523 -0.340820 -0.178711
v 0.186523 -0.340820 -0.213867
v 0.186523 -0.342773 -0.024414
v 0.186523 -0.342773 -0.223633
v 0.186523 -0.344727 0.038086
v 0.186523 -0.344727 0.163086
v 0.186523 -0.344727 0.237305
v 0.186523 -0.344727 -0.161133
v 0.186523 -0.346680 -0.034180
v 0.186523 -0.346680 -0.233398
v 0.186523 -0.350586 0.040039
v 0.186523 -0.350586 0.163086
v 0.186523 -0.350586 0.237305
v 0.186523 -0.350586 -0.036133
v 0.186523 -0.350586 -0.159180
v 0.186523 -0.350586 -0.235352
v 0.186523 -0.356445 0.237305
v 0.186523 -0.358398 0.040039
v 0.186523 -0.358398 0.163086
v 0.186523 -0.358398 -0.159180
v 0.186523 -0.358398 -0.235352
v 0.186523 -0.362305 0.038086
v 0.186523 -0.362305 0.163086
v 0.186523 -0.362305 0.237305
v 0.186523 -0.362305 -0.034180
v 0.186523 -0.362305 -0.159180
v 0.186523 -0.362305 -0.233398
v 0.186523 -0.364258 -0.034180
v 0.186523 -0.366211 0.028320
v 0.186523 -0.366211 0.172852
v 0.186523 -0.366211 0.225586
v 0.186523 -0.366211 -0.024414
v 0.186523 -0.366211 -0.223633
v 0.186523 -0.368164 0.018555
v 0.186523 -0.368164 0.182617
v 0.186523 -0.368164 0.217773
v 0.186523 -0.368164 -0.014648
v 0.186523 -0.368164 -0.178711
v 0.186523 -0.368164 -0.213867
v 0.188477 0.028320 -0.041992
v 0.188477 0.038086 -0.063477
v 0.188477 0.040039 0.041992
v 0.188477 0.075195 -0.041992
v 0.188477 0.075195 -0.065430
v 0.188477 0.077148 0.040039
v 0.188477 0.077148 0.063477
v 0.188477 0.084961 -0.041992
v 0.188477 0.086914 0.061523
v 0.188477 -0.342773 0.020508
v 0.188477 -0.342773 0.182617
v 0.188477 -0.342773 0.217773
v 0.188477 -0.342773 0.227539
v 0.188477 -0.342773 -0.016602
v 0.188477 -0.342773 -0.178711
v 0.188477 -0.342773 -0.215820
v 0.188477 -0.356445 -0.036133
v 0.188477 -0.366211 -0.170898
v 0.190430 0.026367 -0.049805
v 0.190430 0.026367 -0.055664
v 0.190430 0.028320 0.043945
v 0.190430 0.028320 0.047852
v 0.190430 0.028320 0.055664
v 0.190430 0.028320 -0.043945
v 0.190430 0.028320 -0.061523
v 0.190430 0.030273 0.059570
v 0.190430 0.038086 -0.041992
v 0.190430 0.038086 -0.061523
v 0.190430 0.040039 0.063477
v 0.190430 0.077148 0.061523
v 0.190430 0.084961 -0.061523
v 0.190430 0.086914 0.041992
v 0.190430 0.086914 -0.047852
v 0.190430 0.088867 0.047852
v 0.190430 0.088867 0.055664
v 0.190430 -0.344727 0.020508
v 0.190430 -0.344727 0.172852
v 0.190430 -0.344727 0.219727
v 0.190430 -0.344727 -0.026367
v 0.190430 -0.344727 -0.178711
v 0.190430 -0.344727 -0.225586
v 0.190430 -0.346680 0.030273
v 0.190430 -0.346680 0.229492
v 0.190430 -0.346680 -0.168945
v 0.190430 -0.350586 0.032227
v 0.190430 -0.350586 0.229492
v 0.190430 -0.350586 -0.166992
v 0.190430 -0.356445 0.032227
v 0.190430 -0.356445 0.229492
v 0.190430 -0.356445 -0.166992
v 0.190430 -0.360352 -0.168945
v 0.190430 -0.362305 0.030273
v 0.190430 -0.362305 0.172852
v 0.190430 -0.362305 0.229492
v 0.190430 -0.362305 -0.026367
v 0.190430 -0.362305 -0.225586
v 0.190430 -0.364258 0.020508
v 0.190430 -0.364258 0.182617
v 0.190430 -0.364258 0.217773
v 0.190430 -0.364258 -0.016602
v 0.190430 -0.364258 -0.178711
v 0.190430 -0.364258 -0.215820
v 0.192383 0.038086 0.045898
v 0.192383 0.038086 -0.045898
v 0.192383 0.038086 -0.057617
v 0.192383 0.040039 0.043945
v 0.192383 0.040039 0.059570
v 0.192383 0.077148 0.043945
v 0.192383 0.077148 -0.043945
v 0.192383 0.077148 -0.055664
v 0.192383 0.077148 -0.059570
v 0.192383 0.077148 -0.061523
v 0.192383 0.079102 0.047852
v 0.192383 0.079102 0.053711
v 0.192383 0.079102 0.059570
v 0.192383 0.086914 -0.051758
v 0.192383 0.086914 -0.057617
v 0.192383 -0.344727 0.182617
v 0.192383 -0.346680 -0.016602
v 0.192383 -0.346680 -0.215820
v 0.192383 -0.348633 0.020508
v 0.192383 -0.348633 0.219727
v 0.192383 -0.348633 -0.176758
v 0.192383 -0.350586 0.170898
v 0.192383 -0.350586 0.180664
v 0.192383 -0.350586 -0.016602
v 0.192383 -0.350586 -0.026367
v 0.192383 -0.350586 -0.215820
v 0.192383 -0.350586 -0.225586
v 0.192383 -0.358398 0.170898
v 0.192383 -0.358398 -0.026367
v 0.192383 -0.358398 -0.225586
v 0.192383 -0.360352 0.020508
v 0.192383 -0.360352 0.180664
v 0.192383 -0.360352 0.219727
v 0.192383 -0.360352 -0.176758
v 0.192383 -0.360352 -0.215820
v 0.192383 -0.362305 0.020508
v 0.192383 -0.362305 0.219727
v 0.192383 -0.362305 -0.016602
v 0.192383 -0.362305 -0.178711
v 0.194336 0.036133 -0.051758
v 0.194336 0.038086 0.053711
v 0.194336 0.077148 -0.049805
v 0.194336 -0.354492 0.022461
v 0.194336 -0.354492 0.219727
v 0.194336 -0.354492 -0.176758
v 0.194336 -0.356445 0.180664
v 0.194336 -0.356445 -0.016602
v 0.194336 -0.356445 -0.215820
v -0.084961 -0.456055 0.239258
v -0.084961 -0.456055 0.290039
v -0.088867 -0.456055 0.227539
v -0.088867 -0.456055 0.301758
v -0.088867 -0.456055 -0.233398
v -0.088867 -0.456055 -0.284180
v -0.088867 -0.469727 0.288086
v -0.088867 -0.475586 0.241211
v -0.090820 -0.469727 0.229492
v -0.090820 -0.469727 -0.235352
v -0.092773 -0.456055 -0.221680
v -0.092773 -0.456055 -0.295898
v -0.092773 -0.469727 0.299805
v -0.092773 -0.475586 -0.282227
v -0.092773 -0.483398 0.243164
v -0.092773 -0.483398 0.286133
v -0.094727 -0.469727 -0.223633
v -0.094727 -0.469727 -0.293945
v -0.094727 -0.483398 0.243164
v -0.094727 -0.483398 0.295898
v -0.096680 -0.456055 0.219727
v -0.096680 -0.456055 0.309570
v -0.096680 -0.483398 0.231445
v -0.096680 -0.483398 -0.237305
v -0.096680 -0.483398 -0.280273
v -0.098633 -0.456055 -0.213867
v -0.098633 -0.456055 -0.303711
v -0.098633 -0.469727 0.221680
v -0.098633 -0.469727 0.307617
v -0.098633 -0.483398 -0.227539
v -0.098633 -0.483398 -0.291992
v -0.100586 -0.469727 -0.215820
v -0.100586 -0.469727 -0.303711
v -0.100586 -0.483398 0.225586
v -0.100586 -0.483398 0.303711
v -0.102539 -0.493164 0.247070
v -0.102539 -0.493164 0.282227
v -0.102539 -0.493164 0.290039
v -0.104492 -0.456055 0.215820
v -0.104492 -0.456055 0.313477
v -0.104492 -0.483398 -0.219727
v -0.104492 -0.483398 -0.299805
v -0.104492 -0.493164 0.239258
v -0.104492 -0.493164 -0.241211
v -0.104492 -0.493164 -0.276367
v -0.106445 -0.469727 0.217773
v -0.106445 -0.469727 0.311523
v -0.106445 -0.493164 0.233398
v -0.106445 -0.493164 0.295898
v -0.106445 -0.493164 -0.233398
v -0.106445 -0.493164 -0.286133
v -0.106445 -0.497070 0.247070
v -0.106445 -0.497070 0.282227
v -0.108398 -0.456055 -0.209961
v -0.108398 -0.456055 -0.309570
v -0.108398 -0.497070 0.239258
v -0.108398 -0.497070 0.290039
v -0.108398 -0.497070 -0.243164
v -0.110352 -0.469727 -0.211914
v -0.110352 -0.469727 -0.307617
v -0.110352 -0.483398 0.221680
v -0.110352 -0.483398 0.307617
v -0.110352 -0.493164 -0.229492
v -0.110352 -0.493164 -0.290039
v -0.110352 -0.497070 -0.233398
v -0.110352 -0.497070 -0.276367
v -0.110352 -0.497070 -0.284180
v -0.112305 -0.483398 -0.215820
v -0.112305 -0.483398 -0.303711
v -0.114258 -0.493164 0.231445
v -0.114258 -0.493164 0.297852
v -0.114258 -0.497070 0.237305
v -0.114258 -0.497070 0.291992
v -0.114258 -0.499023 0.247070
v -0.114258 -0.499023 0.282227
v -0.116211 -0.493164 -0.225586
v -0.116211 -0.493164 -0.291992
v -0.116211 -0.499023 0.247070
v -0.118164 -0.497070 -0.231445
v -0.118164 -0.497070 -0.286133
v -0.118164 -0.499023 -0.243164
v -0.118164 -0.499023 -0.276367
v -0.131836 0.434570 0.315430
v -0.131836 0.434570 -0.309570
v -0.131836 -0.440430 0.315430
v -0.131836 -0.440430 -0.309570
v -0.131836 -0.473633 0.315430
v -0.131836 -0.473633 -0.309570
v -0.137695 -0.493164 0.231445
v -0.137695 -0.493164 0.297852
v -0.137695 -0.497070 0.237305
v -0.137695 -0.497070 0.291992
v -0.137695 -0.499023 0.247070
v -0.137695 -0.499023 0.282227
v -0.139648 -0.497070 -0.231445
v -0.139648 -0.497070 -0.286133
v -0.139648 -0.499023 -0.243164
v -0.139648 -0.499023 -0.276367
v -0.141602 -0.493164 -0.225586
v -0.141602 -0.493164 -0.291992
v -0.143555 -0.483398 0.221680
v -0.143555 -0.483398 0.307617
v -0.143555 -0.497070 0.239258
v -0.143555 -0.497070 0.290039
v -0.145508 -0.469727 0.217773
v -0.145508 -0.469727 0.311523
v -0.145508 -0.483398 -0.215820
v -0.145508 -0.483398 -0.303711
v -0.145508 -0.493164 0.233398
v -0.145508 -0.493164 0.295898
v -0.145508 -0.497070 0.247070
v -0.145508 -0.497070 0.282227
v -0.147461 -0.456055 0.215820
v -0.147461 -0.456055 0.313477
v -0.147461 -0.469727 -0.211914
v -0.147461 -0.469727 -0.307617
v -0.147461 -0.493164 -0.229492
v -0.147461 -0.493164 -0.290039
v -0.147461 -0.497070 -0.233398
v -0.147461 -0.497070 -0.241211
v -0.147461 -0.497070 -0.276367
v -0.147461 -0.497070 -0.284180
v -0.149414 -0.456055 -0.209961
v -0.149414 -0.456055 -0.309570
v -0.149414 -0.493164 0.239258
v -0.149414 -0.493164 0.247070
v -0.149414 -0.493164 0.282227
v -0.149414 -0.493164 0.290039
v -0.151367 -0.483398 0.225586
v -0.151367 -0.483398 0.303711
v -0.151367 -0.493164 -0.233398
v -0.151367 -0.493164 -0.286133
v -0.153320 -0.469727 0.221680
v -0.153320 -0.469727 0.307617
v -0.153320 -0.483398 -0.219727
v -0.153320 -0.483398 -0.299805
v -0.153320 -0.493164 -0.241211
v -0.153320 -0.493164 -0.276367
v -0.155273 -0.456055 0.219727
v -0.155273 -0.456055 0.309570
v -0.157227 -0.469727 -0.215820
v -0.157227 -0.469727 -0.303711
v -0.157227 -0.483398 0.231445
v -0.157227 -0.483398 0.297852
v -0.159180 -0.456055 -0.213867
v -0.159180 -0.456055 -0.303711
v -0.159180 -0.483398 0.243164
v -0.159180 -0.483398 0.286133
v -0.159180 -0.483398 -0.227539
v -0.159180 -0.483398 -0.291992
v -0.161133 0.428711 0.342773
v -0.161133 0.428711 -0.340820
v -0.161133 0.432617 0.358398
v -0.161133 0.432617 -0.360352
v -0.161133 0.440430 0.372070
v -0.161133 0.440430 -0.372070
v -0.161133 0.454102 0.375977
v -0.161133 0.454102 -0.375977
v -0.161133 0.475586 0.375977
v -0.161133 0.475586 -0.375977
v -0.161133 0.487305 0.372070
v -0.161133 0.487305 -0.372070
v -0.161133 0.497070 0.358398
v -0.161133 0.497070 -0.358398
v -0.161133 0.499023 0.342773
v -0.161133 0.499023 -0.342773
v -0.161133 -0.469727 0.229492
v -0.161133 -0.469727 0.299805
v -0.161133 -0.483398 -0.237305
v -0.161133 -0.483398 -0.280273
v -0.163086 0.436523 0.290039
v -0.163086 0.436523 0.360352
v -0.163086 0.436523 -0.282227
v -0.163086 0.436523 -0.352539
v -0.163086 0.446289 0.291992
v -0.163086 0.446289 0.356445
v -0.163086 0.446289 -0.286133
v -0.163086 0.446289 -0.350586
v -0.163086 0.454102 0.299805
v -0.163086 0.454102 0.350586
v -0.163086 0.454102 -0.291992
v -0.163086 0.454102 -0.342773
v -0.163086 0.458008 0.307617
v -0.163086 0.458008 0.342773
v -0.163086 0.458008 -0.299805
v -0.163086 0.458008 -0.334961
v -0.163086 -0.456055 0.227539
v -0.163086 -0.456055 0.301758
v -0.163086 -0.469727 0.241211
v -0.163086 -0.469727 0.288086
v -0.163086 -0.469727 -0.223633
v -0.163086 -0.469727 -0.293945
v -0.163086 -0.479492 0.290039
v -0.163086 -0.479492 0.360352
v -0.163086 -0.479492 -0.282227
v -0.163086 -0.479492 -0.352539
v -0.163086 -0.489258 0.291992
v -0.163086 -0.489258 0.356445
v -0.163086 -0.489258 -0.286133
v -0.163086 -0.489258 -0.350586
v -0.163086 -0.497070 0.297852
v -0.163086 -0.497070 0.350586
v -0.163086 -0.497070 -0.291992
v -0.163086 -0.497070 -0.344727
v -0.163086 -0.499023 0.307617
v -0.163086 -0.499023 0.342773
v -0.163086 -0.499023 -0.299805
v -0.163086 -0.499023 -0.336914
v -0.165039 -0.456055 -0.221680
v -0.165039 -0.456055 -0.295898
v -0.166992 -0.456055 0.239258
v -0.166992 -0.456055 0.290039
v -0.166992 -0.469727 -0.235352
v -0.166992 -0.469727 -0.284180
v -0.168945 -0.456055 -0.233398
v -0.168945 -0.456055 -0.284180
v -0.174805 0.434570 0.356445
v -0.174805 0.434570 -0.356445
v -0.174805 0.442383 0.370117
v -0.174805 0.442383 -0.370117
v -0.174805 0.444336 0.356445
v -0.174805 0.444336 -0.286133
v -0.174805 0.446289 0.293945
v -0.174805 0.446289 -0.348633
v -0.174805 0.454102 0.299805
v -0.174805 0.454102 0.350586
v -0.174805 0.454102 -0.291992
v -0.174805 0.454102 -0.342773
v -0.174805 0.487305 0.370117
v -0.174805 0.487305 -0.370117
v -0.174805 0.495117 0.356445
v -0.174805 0.495117 -0.356445
v -0.174805 -0.487305 0.293945
v -0.174805 -0.487305 0.356445
v -0.174805 -0.487305 -0.286133
v -0.174805 -0.487305 -0.348633
v -0.174805 -0.495117 0.350586
v -0.174805 -0.495117 -0.291992
v -0.176758 0.432617 0.342773
v -0.176758 0.432617 -0.342773
v -0.176758 0.436523 0.291992
v -0.176758 0.436523 0.356445
v -0.176758 0.436523 -0.286133
v -0.176758 0.436523 -0.350586
v -0.176758 0.454102 0.307617
v -0.176758 0.454102 0.342773
v -0.176758 0.454102 0.372070
v -0.176758 0.454102 -0.299805
v -0.176758 0.454102 -0.334961
v -0.176758 0.454102 -0.372070
v -0.176758 0.475586 0.372070
v -0.176758 0.475586 -0.372070
v -0.176758 0.497070 0.342773
v -0.176758 0.497070 -0.342773
v -0.176758 -0.479492 0.291992
v -0.176758 -0.479492 0.356445
v -0.176758 -0.479492 -0.286133
v -0.176758 -0.479492 -0.350586
v -0.176758 -0.495117 0.299805
v -0.176758 -0.495117 -0.344727
v -0.176758 -0.497070 0.305664
v -0.176758 -0.497070 0.342773
v -0.176758 -0.497070 -0.299805
v -0.176758 -0.497070 -0.336914
v -0.178711 -0.436523 0.315430
v -0.178711 -0.436523 -0.309570
v -0.178711 -0.473633 0.315430
v -0.178711 -0.473633 -0.309570
v -0.184570 0.444336 0.299805
v -0.184570 0.444336 -0.342773
v -0.184570 0.446289 0.350586
v -0.184570 0.446289 -0.291992
v -0.184570 -0.487305 0.299805
v -0.184570 -0.487305 0.350586
v -0.184570 -0.487305 -0.291992
v -0.184570 -0.487305 -0.342773
v -0.186523 0.436523 0.299805
v -0.186523 0.436523 0.350586
v -0.186523 0.436523 -0.291992
v -0.186523 0.436523 -0.342773
v -0.186523 0.442383 0.356445
v -0.186523 0.442383 -0.356445
v -0.186523 0.446289 0.307617
v -0.186523 0.446289 0.342773
v -0.186523 0.446289 -0.299805
v -0.186523 0.446289 -0.334961
v -0.186523 0.487305 0.356445
v -0.186523 0.487305 -0.356445
v -0.186523 -0.479492 0.299805
v -0.186523 -0.479492 0.350586
v -0.186523 -0.479492 -0.291992
v -0.186523 -0.479492 -0.344727
v -0.186523 -0.489258 0.307617
v -0.186523 -0.489258 0.342773
v -0.186523 -0.489258 -0.299805
v -0.186523 -0.489258 -0.334961
v -0.190430 0.436523 0.307617
v -0.190430 0.436523 0.342773
v -0.190430 0.436523 -0.299805
v -0.190430 0.436523 -0.334961
v -0.190430 0.440430 0.342773
v -0.190430 0.440430 -0.342773
v -0.190430 0.454102 0.358398
v -0.190430 0.454102 -0.358398
v -0.190430 0.475586 0.358398
v -0.190430 0.475586 -0.358398
v -0.190430 0.487305 0.342773
v -0.190430 0.487305 -0.342773
v -0.190430 -0.479492 0.307617
v -0.190430 -0.479492 0.342773
v -0.190430 -0.479492 -0.299805
v -0.190430 -0.479492 -0.334961
v -0.194336 0.454102 0.342773
v -0.194336 0.454102 -0.342773
v -0.194336 0.475586 0.342773
v -0.194336 0.475586 -0.342773
vt 0.975342 0.078125
vt 0.976562 0.078125
vt 0.971924 0.080322
vt 0.977295 0.076172
vt 0.979248 0.076172
vt 0.973633 0.080566
vt 0.969238 0.083008
vt 0.968994 0.082031
vt 0.931885 0.051514
vt 0.971191 0.083008
vt 0.987549 0.128662
vt 0.011230 0.111328
vt 0.011963 0.112549
vt 0.010254 0.113037
vt 0.009521 0.114990
vt 0.010010 0.111084
vt 0.008789 0.112793
vt 0.008789 0.114990
vt 0.008789 0.159424
vt 0.006104 0.107422
vt 0.007080 0.106201
vt 0.010986 0.109619
vt 0.500244 0.963379
vt 0.500244 0.965088
vt 0.363281 0.965088
vt 0.500244 0.966309
vt 0.421875 0.981445
vt 0.421875 0.976074
vt 0.558838 0.976074
vt 0.421875 0.974854
vt 0.833740 0.023193
vt 0.832764 0.022217
vt 0.833740 0.020996
vt 0.833008 0.020020
vt 0.833740 0.017822
vt 0.833252 0.016846
vt 0.832520 0.016846
vt 0.833496 0.013184
vt 0.834473 0.014648
vt 0.873291 0.003418
vt 0.832031 0.014160
vt 0.793213 0.003418
vt 0.240479 0.989746
vt 0.110352 0.994873
vt 0.110352 0.989746
vt 0.110352 0.988525
vt 0.046631 0.102051
vt 0.036865 0.102539
vt 0.038086 0.101074
vt 0.035156 0.101562
vt 0.045654 0.100586
vt 0.048828 0.101318
vt 0.036133 0.100830
vt 0.038086 0.099365
vt 0.034668 0.099365
vt 0.033447 0.099854
vt 0.036377 0.098877
vt 0.034180 0.097412
vt 0.032471 0.097900
vt 0.036377 0.097412
vt 0.034180 0.050781
vt 0.032471 0.050293
vt 0.033203 0.048340
vt 0.036377 0.051270
vt 0.034912 0.049072
vt 0.035889 0.047363
vt 0.035156 0.046631
vt 0.036621 0.049072
vt 0.038086 0.046631
vt 0.036865 0.044678
vt 0.038330 0.049072
vt 0.046143 0.046631
vt 0.047363 0.045410
vt 0.048828 0.046387
vt 0.045898 0.048340
vt 0.047852 0.047363
vt 0.049316 0.048584
vt 0.050537 0.048096
vt 0.047363 0.048828
vt 0.049561 0.050293
vt 0.051514 0.050049
vt 0.047852 0.050537
vt 0.045898 0.050537
vt 0.047852 0.096680
vt 0.049316 0.096924
vt 0.051270 0.097656
vt 0.050293 0.099609
vt 0.038574 0.051270
vt 0.049316 0.098877
vt 0.048096 0.100342
vt 0.047363 0.098633
vt 0.045654 0.098877
vt 0.045654 0.096680
vt 0.038330 0.097168
vt 0.436035 0.992432
vt 0.436035 0.991211
vt 0.566162 0.992432
vt 0.436035 0.994141
vt 0.335938 0.223389
vt 0.335938 0.221680
vt 0.466064 0.221680
vt 0.335938 0.219727
vt 0.577148 0.986572
vt 0.440186 0.986572
vt 0.577148 0.984375
vt 0.938232 0.717773
vt 0.938232 0.843506
vt 0.898193 0.717773
vt 0.705811 0.996826
vt 0.836182 0.953369
vt 0.836182 0.996826
vt 0.836182 0.998779
vt 0.662354 0.505859
vt 0.659424 0.549072
vt 0.661621 0.505371
vt 0.662109 0.502686
vt 0.663330 0.506104
vt 0.659668 0.549316
vt 0.663574 0.503906
vt 0.662598 0.503906
vt 0.662842 0.502441
vt 0.662109 0.500977
vt 0.663574 0.501953
vt 0.662598 0.499756
vt 0.514893 0.417725
vt 0.666504 0.496582
vt 0.666016 0.499023
vt 0.666504 0.501465
vt 0.664062 0.503906
vt 0.666504 0.503662
vt 0.667480 0.497070
vt 0.818848 0.420410
vt 0.668213 0.498535
vt 0.666992 0.499023
vt 0.667236 0.503174
vt 0.668945 0.545654
vt 0.666992 0.500977
vt 0.667725 0.500000
vt 0.667969 0.502197
vt 0.669434 0.543701
vt 0.669189 0.501221
vt 0.669434 0.542236
vt 0.287354 0.129883
vt 0.287354 0.127930
vt 0.412354 0.129883
vt 0.287354 0.131592
vt 0.883545 0.021484
vt 0.884521 0.017822
vt 0.885498 0.018066
vt 0.886963 0.014404
vt 0.885010 0.022705
vt 0.841553 0.019043
vt 0.888184 0.018799
vt 0.920898 0.043945
vt 0.863770 0.026123
vt 0.864746 0.029053
vt 0.862061 0.035156
vt 0.901611 0.043701
vt 0.861572 0.030273
vt 0.861572 0.025635
vt 0.861084 0.026123
vt 0.861084 0.030518
vt 0.860596 0.034668
vt 0.821289 0.043945
vt 0.341064 0.960205
vt 0.341064 0.958252
vt 0.478027 0.958252
vt 0.341064 0.956055
vt 0.289062 0.947754
vt 0.412354 0.990723
vt 0.288330 0.949707
vt 0.275391 0.990967
vt 0.326172 0.179932
vt 0.338623 0.140381
vt 0.457520 0.179688
vt 0.339355 0.138428
vt 0.468994 0.228760
vt 0.468994 0.230713
vt 0.338867 0.228760
vt 0.468994 0.226807
vt 0.510010 0.222656
vt 0.511475 0.221924
vt 0.551758 0.348389
vt 0.512695 0.221680
vt 0.500000 0.364746
vt 0.495117 0.364746
vt 0.495117 0.231934
vt 0.493896 0.364746
vt 0.488037 0.079590
vt 0.488037 0.075928
vt 0.488525 0.078369
vt 0.489014 0.073486
vt 0.487793 0.076660
vt 0.487305 0.073975
vt 0.488281 0.070801
vt 0.489502 0.076172
vt 0.489502 0.072021
vt 0.488770 0.069092
vt 0.488281 0.067139
vt 0.487305 0.068848
vt 0.486328 0.072998
vt 0.486328 0.074951
vt 0.486816 0.075684
vt 0.486328 0.077393
vt 0.487061 0.077881
vt 0.487305 0.080811
vt 0.486328 0.080811
vt 0.486572 0.092529
vt 0.488770 0.089355
vt 0.489746 0.087891
vt 0.489502 0.094727
vt 0.438965 0.122559
vt 0.490234 0.086670
vt 0.489990 0.089844
vt 0.490723 0.089111
vt 0.491455 0.084717
vt 0.489746 0.092285
vt 0.490723 0.092285
vt 0.491943 0.094482
vt 0.540771 0.123291
vt 0.492188 0.093018
vt 0.491455 0.091064
vt 0.492676 0.088379
vt 0.493164 0.090088
vt 0.491943 0.086914
vt 0.494873 0.088135
vt 0.491943 0.083496
vt 0.492432 0.085449
vt 0.493164 0.087158
vt 0.493896 0.086182
vt 0.493164 0.084961
vt 0.492920 0.082275
vt 0.494141 0.083496
vt 0.492432 0.070557
vt 0.491211 0.072754
vt 0.490234 0.068115
vt 0.489990 0.073975
vt 0.490234 0.070557
vt 0.417725 0.135498
vt 0.418213 0.133301
vt 0.536621 0.134521
vt 0.475830 0.162354
vt 0.474609 0.158447
vt 0.589111 0.125000
vt 0.943359 0.525146
vt 0.943359 0.642334
vt 0.939453 0.525146
vt 0.947998 0.638916
vt 0.947998 0.522217
vt 0.949951 0.638916
vt 0.642334 0.127197
vt 0.755127 0.164551
vt 0.754395 0.166504
vt 0.607666 0.144287
vt 0.606934 0.138916
vt 0.609619 0.143311
vt 0.608398 0.146729
vt 0.608643 0.138672
vt 0.606445 0.135010
vt 0.610107 0.145508
vt 0.611816 0.148926
vt 0.611084 0.141846
vt 0.612305 0.143555
vt 0.612549 0.145996
vt 0.614502 0.142090
vt 0.615479 0.144287
vt 0.616455 0.147949
vt 0.621338 0.136719
vt 0.619873 0.135986
vt 0.620850 0.133789
vt 0.612793 0.140137
vt 0.610107 0.137207
vt 0.617432 0.133057
vt 0.618652 0.134277
vt 0.620117 0.134033
vt 0.620605 0.130615
vt 0.621826 0.129639
vt 0.619385 0.132080
vt 0.619873 0.128418
vt 0.622559 0.126709
vt 0.618896 0.129883
vt 0.619629 0.124268
vt 0.620361 0.120605
vt 0.618896 0.118896
vt 0.618164 0.126709
vt 0.616699 0.128418
vt 0.611328 0.135498
vt 0.616455 0.125977
vt 0.617432 0.124512
vt 0.618652 0.121826
vt 0.617188 0.122559
vt 0.617432 0.118164
vt 0.674316 0.094238
vt 0.615479 0.123779
vt 0.610596 0.133545
vt 0.614258 0.120361
vt 0.561279 0.089844
vt 0.607910 0.129150
vt 0.609131 0.131348
vt 0.607178 0.132812
vt 0.609619 0.135254
vt 0.608398 0.133301
vt 0.607910 0.135742
vt 0.942871 0.354492
vt 0.942871 0.237305
vt 0.945068 0.237305
vt 0.591553 0.131104
vt 0.592285 0.133301
vt 0.478516 0.168701
vt 0.067383 0.468262
vt 0.067383 0.585449
vt 0.065186 0.585449
vt 0.257568 0.022217
vt 0.250977 0.022217
vt 0.250977 0.014404
vt 0.482178 0.176758
vt 0.481445 0.174561
vt 0.595459 0.139404
vt 0.597656 0.145508
vt 0.598389 0.147949
vt 0.484619 0.183105
vt 0.069336 0.080566
vt 0.069336 0.197754
vt 0.067139 0.080566
vt 0.950928 0.400146
vt 0.950928 0.517334
vt 0.940918 0.517334
vt 0.887695 0.164551
vt 0.884521 0.174805
vt 0.774658 0.127197
vt 0.942871 0.818604
vt 0.942871 0.701416
vt 0.945068 0.701416
vt 0.491455 0.190186
vt 0.490723 0.188232
vt 0.604492 0.152832
vt 0.947510 0.851318
vt 0.949463 0.851318
vt 0.947510 0.968018
vt 0.754150 0.173828
vt 0.641357 0.136475
vt 0.642090 0.134033
vt 0.947754 0.197510
vt 0.947754 0.080566
vt 0.950195 0.197266
vt 0.753174 0.180664
vt 0.750000 0.190430
vt 0.640381 0.143311
vt 0.000244 0.897217
vt 0.000244 0.815918
vt 0.003906 0.859375
vt 0.056152 0.107422
vt 0.056152 0.154053
vt 0.056152 0.114502
vt 0.058350 0.158936
vt 0.058350 0.212646
vt 0.057861 0.222168
vt 0.913086 0.882080
vt 0.908203 0.938965
vt 0.912354 0.815186
vt 0.907959 0.881836
vt 0.068359 0.319336
vt 0.066162 0.319336
vt 0.068359 0.202148
vt 0.943359 0.972412
vt 0.941406 0.972412
vt 0.943359 0.855225
vt 0.896484 0.124756
vt 0.896484 0.246094
vt 0.894287 0.246094
vt 0.872070 0.864502
vt 0.872070 0.985840
vt 0.870117 0.864502
vt 0.066895 0.451416
vt 0.066895 0.334229
vt 0.070801 0.334229
vt 0.876709 0.974365
vt 0.876709 0.853027
vt 0.880859 0.974365
vt 0.066650 0.683838
vt 0.068604 0.683838
vt 0.066650 0.801025
vt 0.903809 0.841553
vt 0.903809 0.898926
vt 0.901367 0.774902
vt 0.049805 0.156006
vt 0.052246 0.218994
vt 0.050293 0.165527
vt 0.050293 0.219238
vt 0.785889 0.042480
vt 0.784912 0.039795
vt 0.786377 0.041016
vt 0.787598 0.033447
vt 0.785156 0.032959
vt 0.784180 0.041504
vt 0.783203 0.042725
vt 0.784668 0.043945
vt 0.781982 0.043457
vt 0.783447 0.044678
vt 0.780273 0.041992
vt 0.781982 0.041504
vt 0.782959 0.040283
vt 0.783447 0.039062
vt 0.780762 0.040039
vt 0.781494 0.039307
vt 0.779541 0.040283
vt 0.775391 0.040039
vt 0.775635 0.039062
vt 0.779541 0.039307
vt 0.780273 0.039062
vt 0.781494 0.038086
vt 0.783936 0.032959
vt 0.780762 0.038086
vt 0.781738 0.033447
vt 0.783691 0.032715
vt 0.785400 0.031494
vt 0.783447 0.031250
vt 0.781982 0.032227
vt 0.780762 0.033691
vt 0.779297 0.038086
vt 0.775879 0.037598
vt 0.779785 0.032959
vt 0.776855 0.032227
vt 0.780518 0.031738
vt 0.781006 0.032227
vt 0.781494 0.031250
vt 0.783203 0.030273
vt 0.784424 0.029541
vt 0.781982 0.029541
vt 0.782959 0.028076
vt 0.780518 0.030762
vt 0.778564 0.026611
vt 0.784668 0.026367
vt 0.777588 0.028076
vt 0.777344 0.030762
vt 0.776123 0.031494
vt 0.776367 0.030762
vt 0.777344 0.030029
vt 0.776611 0.029785
vt 0.775635 0.030029
vt 0.775391 0.028076
vt 0.776367 0.027832
vt 0.774658 0.025391
vt 0.776611 0.025879
vt 0.775146 0.022949
vt 0.777344 0.024414
vt 0.779053 0.025391
vt 0.023438 0.072510
vt 0.028564 0.106934
vt 0.027100 0.115234
vt 0.041992 0.108887
vt 0.036377 0.116211
vt 0.026367 0.122803
vt 0.024170 0.128418
vt 0.035889 0.123779
vt 0.046143 0.118896
vt 0.033203 0.130371
vt 0.044434 0.128418
vt 0.328613 0.031006
vt 0.316895 0.031494
vt 0.330322 0.029785
vt 0.317139 0.018555
vt 0.313721 0.029297
vt 0.330078 0.020996
vt 0.331787 0.027832
vt 0.332275 0.026367
vt 0.333984 0.022461
vt 0.331055 0.019775
vt 0.331787 0.018799
vt 0.334473 0.020752
vt 0.331055 0.016113
vt 0.330566 0.016113
vt 0.330322 0.015381
vt 0.330811 0.017822
vt 0.330322 0.018799
vt 0.329590 0.016846
vt 0.329346 0.015137
vt 0.329102 0.014404
vt 0.328613 0.015381
vt 0.327393 0.014404
vt 0.323486 0.011230
vt 0.322754 0.012939
vt 0.322754 0.013428
vt 0.321045 0.012939
vt 0.321045 0.013428
vt 0.327148 0.014893
vt 0.322266 0.014648
vt 0.319336 0.013672
vt 0.327148 0.015869
vt 0.320557 0.015869
vt 0.317383 0.015137
vt 0.328857 0.017578
vt 0.326660 0.016846
vt 0.327881 0.018555
vt 0.329346 0.019775
vt 0.325928 0.017822
vt 0.319580 0.017822
vt 0.663574 0.575684
vt 0.670166 0.584473
vt 0.666748 0.592285
vt 0.680420 0.661621
vt 0.675293 0.574707
vt 0.685303 0.645752
vt 0.670898 0.677002
vt 0.663330 0.594482
vt 0.672363 0.558594
vt 0.668457 0.569580
vt 0.658447 0.577393
vt 0.646729 0.613770
vt 0.662109 0.565186
vt 0.655273 0.567139
vt 0.640869 0.599121
vt 0.661865 0.558350
vt 0.838135 0.446777
vt 0.650146 0.562012
vt 0.635498 0.582275
vt 0.488525 0.447754
vt 0.425293 0.937256
vt 0.439941 0.889404
vt 0.441406 0.896484
vt 0.442383 0.884521
vt 0.444336 0.886719
vt 0.446289 0.885498
vt 0.445068 0.908203
vt 0.445557 0.880371
vt 0.438232 0.884033
vt 0.427490 0.924316
vt 0.442627 0.878906
vt 0.448242 0.873779
vt 0.444580 0.872070
vt 0.553955 0.837891
vt 0.436279 0.876221
vt 0.362061 0.792236
vt 0.421875 0.906738
vt 0.602051 0.218750
vt 0.697998 0.243652
vt 0.694336 0.248779
vt 0.794434 0.218750
vt 0.704590 0.251709
vt 0.703125 0.256348
vt 0.698730 0.255859
vt 0.693604 0.259766
vt 0.699707 0.269775
vt 0.696533 0.263672
vt 0.989258 0.826660
vt 0.989258 0.723145
vt 0.997559 0.723145
vt 0.731689 0.711670
vt 0.820801 0.772217
vt 0.734375 0.721924
vt 0.792480 0.645020
vt 0.687256 0.677979
vt 0.681641 0.680664
vt 0.726318 0.713623
vt 0.728027 0.719482
vt 0.722168 0.721924
vt 0.676514 0.677002
vt 0.680176 0.677002
vt 0.675537 0.682129
vt 0.719238 0.715820
vt 0.710938 0.719727
vt 0.716553 0.725342
vt 0.666260 0.682129
vt 0.635498 0.709717
vt 0.659668 0.679199
vt 0.630859 0.703857
vt 0.625244 0.699463
vt 0.654297 0.675049
vt 0.626221 0.708496
vt 0.628662 0.714600
vt 0.619385 0.715332
vt 0.617188 0.711426
vt 0.618896 0.697266
vt 0.649902 0.671387
vt 0.579834 0.582764
vt 0.615723 0.704834
vt 0.614258 0.711914
vt 0.513916 0.770996
vt 0.622070 0.705566
vt 0.942871 0.080566
vt 0.942871 0.198486
vt 0.894287 0.107666
vt 0.995117 0.058105
vt 0.999756 0.152588
vt 0.991699 0.152832
vt 0.998291 0.159180
vt 0.991211 0.158203
vt 0.506104 0.647217
vt 0.416992 0.584473
vt 0.416260 0.577393
vt 0.381592 0.471680
vt 0.407227 0.578857
vt 0.406006 0.584229
vt 0.409424 0.587158
vt 0.411865 0.592529
vt 0.403320 0.592773
vt 0.396484 0.590820
vt 0.390381 0.595947
vt 0.390625 0.601807
vt 0.059570 0.492432
vt 0.054932 0.492676
vt 0.054932 0.489258
vt 0.060303 0.489014
vt 0.057373 0.426025
vt 0.015625 0.541016
vt 0.016113 0.537598
vt 0.040527 0.539551
vt 0.041016 0.536133
vt 0.037354 0.471680
vt 0.713623 0.074463
vt 0.623047 0.104492
vt 0.621094 0.098389
vt 0.787109 0.884766
vt 0.833496 0.894043
vt 0.829834 0.894775
vt 0.826172 0.895020
vt 0.830322 0.897217
vt 0.826416 0.900635
vt 0.821533 0.895508
vt 0.833252 0.902344
vt 0.835938 0.900146
vt 0.837402 0.897217
vt 0.840332 0.902588
vt 0.837402 0.905029
vt 0.861816 0.989746
vt 0.843018 0.897217
vt 0.838135 0.891846
vt 0.890381 0.818115
vt 0.650635 0.047852
vt 0.654297 0.023193
vt 0.656250 0.048096
vt 0.659424 0.022949
vt 0.690674 0.047119
vt 0.693115 0.018555
vt 0.480957 0.031494
vt 0.479004 0.045410
vt 0.477783 0.045654
vt 0.476807 0.045898
vt 0.479736 0.031494
vt 0.479736 0.029297
vt 0.480713 0.029785
vt 0.481934 0.031250
vt 0.480225 0.045166
vt 0.483398 0.030518
vt 0.481689 0.029053
vt 0.480957 0.028076
vt 0.479980 0.027100
vt 0.482910 0.028564
vt 0.494385 0.025635
vt 0.482178 0.027100
vt 0.481445 0.026611
vt 0.480225 0.026367
vt 0.476318 0.016602
vt 0.359863 0.070557
vt 0.279297 0.123779
vt 0.275635 0.117188
vt 0.250977 0.070068
vt 0.273193 0.125244
vt 0.276123 0.128418
vt 0.381348 0.122070
vt 0.364258 0.068359
vt 0.478027 0.090088
vt 0.057373 0.228271
vt 0.020996 0.217773
vt 0.020996 0.214355
vt 0.019043 0.218262
vt 0.007568 0.239502
vt 0.006104 0.239502
vt 0.019043 0.215576
vt 0.017090 0.218506
vt 0.017090 0.215332
vt 0.003662 0.239502
vt 0.013916 0.218750
vt 0.000732 0.240967
vt 0.001709 0.221191
vt 0.014404 0.216064
vt 0.002930 0.218018
vt 0.014648 0.213867
vt 0.004395 0.214844
vt 0.015869 0.212402
vt 0.017822 0.213135
vt 0.016602 0.210205
vt 0.005127 0.213379
vt 0.018799 0.211182
vt 0.035400 0.199463
vt 0.000244 0.175293
vt 0.959717 0.827637
vt 0.959717 0.724365
vt 0.967773 0.724365
vt 0.973389 0.725342
vt 0.973389 0.828857
vt 0.965088 0.828857
vt 0.000244 0.028809
vt 0.000977 0.036621
vt 0.000000 0.036865
vt 1.000000 0.864990
vt 0.993164 0.864990
vt 1.000000 0.761475
vt 0.993652 0.184082
vt 0.956055 0.196533
vt 0.962158 0.085693
vt 0.962891 0.719482
vt 0.994385 0.620117
vt 1.000000 0.717285
vt 0.505615 0.034668
vt 0.509766 0.034912
vt 0.505127 0.039795
vt 0.509521 0.039307
vt 0.514160 0.040527
vt 0.509277 0.044678
vt 0.517822 0.042480
vt 0.510986 0.048828
vt 0.514404 0.036377
vt 0.520508 0.036133
vt 0.522217 0.014404
vt 0.505859 0.044434
vt 0.506592 0.049805
vt 0.517334 0.013672
vt 0.522705 0.009033
vt 0.502197 0.044434
vt 0.502930 0.049561
vt 0.498291 0.049561
vt 0.501953 0.039551
vt 0.498291 0.043945
vt 0.490479 0.042480
vt 0.497803 0.038330
vt 0.502197 0.034424
vt 0.498047 0.034180
vt 0.492920 0.038818
vt 0.493164 0.034668
vt 0.488525 0.036621
vt 0.503906 0.012451
vt 0.507812 0.012695
vt 0.511963 0.013184
vt 0.508545 0.008545
vt 0.512939 0.009766
vt 0.513916 0.004395
vt 0.510498 0.003174
vt 0.517822 0.010254
vt 0.518799 0.003906
vt 0.516357 0.000244
vt 0.926514 0.215820
vt 0.928955 0.216309
vt 0.924561 0.339844
vt 0.895752 0.374756
vt 0.894043 0.374756
vt 0.895752 0.250977
vt 0.611328 0.213867
vt 0.481689 0.213867
vt 0.611328 0.211670
vt 0.574219 0.196533
vt 0.445068 0.196533
vt 0.574219 0.193848
vt 0.937988 0.494629
vt 0.927490 0.371582
vt 0.938232 0.370361
vt 0.021484 0.889893
vt 0.028564 0.808594
vt 0.028564 0.889893
vt 0.030029 0.889893
vt 0.624512 0.013184
vt 0.626465 0.018799
vt 0.621338 0.020752
vt 0.626953 0.046143
vt 0.620850 0.046143
vt 0.616943 0.045654
vt 0.620605 0.015625
vt 0.620361 0.009521
vt 0.616455 0.021484
vt 0.611572 0.045166
vt 0.616699 0.017334
vt 0.616699 0.012939
vt 0.612793 0.012451
vt 0.613770 0.008301
vt 0.608643 0.008057
vt 0.612305 0.016113
vt 0.608154 0.011963
vt 0.602539 0.009277
vt 0.611572 0.021729
vt 0.607178 0.044678
vt 0.608887 0.016357
vt 0.604492 0.012207
vt 0.598633 0.011719
vt 0.607910 0.021484
vt 0.601562 0.043701
vt 0.604492 0.016602
vt 0.603271 0.020508
vt 0.600830 0.015381
vt 0.598877 0.019043
vt 0.594727 0.015869
vt 0.590088 0.041748
vt 0.596680 0.042480
vt 0.589844 0.045898
vt 0.595215 0.045898
vt 0.599365 0.046387
vt 0.592285 0.049316
vt 0.587646 0.049072
vt 0.908691 0.020508
vt 0.907471 0.023438
vt 0.905762 0.022461
vt 0.906738 0.020020
vt 0.909180 0.019043
vt 0.904053 0.021484
vt 0.907715 0.018799
vt 0.905273 0.019531
vt 0.907471 0.016846
vt 0.909668 0.017090
vt 0.904297 0.018311
vt 0.902588 0.020508
vt 0.901367 0.019531
vt 0.905029 0.016357
vt 0.901855 0.016602
vt 0.905029 0.014160
vt 0.906982 0.013428
vt 0.905518 0.012207
vt 0.907715 0.015381
vt 0.909424 0.013428
vt 0.909668 0.015381
vt 0.591064 0.204346
vt 0.591064 0.206787
vt 0.461426 0.204346
vt 0.916260 0.358398
vt 0.918457 0.234375
vt 0.918457 0.358398
vt 0.920166 0.358398
vt 0.001709 0.730225
vt 0.002686 0.811523
vt 0.001709 0.811523
vt 0.000244 0.811523
vt 0.922852 0.363281
vt 0.922852 0.487305
vt 0.920654 0.363281
vt 0.973633 0.980225
vt 0.972412 0.980713
vt 0.971436 0.972900
vt 0.973145 0.972412
vt 0.972900 0.982178
vt 0.971191 0.981201
vt 0.971680 0.982422
vt 0.973877 0.983643
vt 0.972656 0.984131
vt 0.974121 0.981445
vt 0.974854 0.985107
vt 0.973633 0.985596
vt 0.976074 0.984131
vt 0.975586 0.982666
vt 0.977295 0.981201
vt 0.975830 0.981201
vt 0.975342 0.979736
vt 0.977051 0.979004
vt 0.974854 0.971680
vt 0.895020 0.756348
vt 0.896729 0.756348
vt 0.895020 0.880371
vt 0.008545 0.894043
vt 0.008545 0.812744
vt 0.009521 0.894043
vt 0.036133 0.808594
vt 0.036133 0.889893
vt 0.034424 0.889893
vt 0.917480 0.582275
vt 0.917480 0.458252
vt 0.919922 0.582031
vt 0.047363 0.807617
vt 0.047363 0.888916
vt 0.040527 0.888916
vt 0.938232 0.365479
vt 0.927490 0.365479
vt 0.938232 0.241699
vt 0.020508 0.842529
vt 0.020508 0.761230
vt 0.021973 0.761230
vt 0.709961 0.050049
vt 0.709961 0.048584
vt 0.795654 0.050049
vt 0.040771 0.744629
vt 0.041992 0.744629
vt 0.040771 0.825928
vt 0.054199 0.887695
vt 0.052734 0.887695
vt 0.054199 0.806641
vt 0.055420 0.887695
vt 0.015869 0.891846
vt 0.014404 0.891846
vt 0.015869 0.810791
vt 0.910645 0.226074
vt 0.910645 0.350098
vt 0.908447 0.350098
vt 0.060303 0.829102
vt 0.058838 0.829102
vt 0.060303 0.747803
vt 0.927002 0.076904
vt 0.845459 0.049805
vt 0.845947 0.048584
vt 0.902100 0.234375
vt 0.903809 0.358398
vt 0.902100 0.358398
vt 0.900146 0.358398
vt 0.929932 0.848633
vt 0.927979 0.849609
vt 0.895020 0.730225
vt 0.932129 0.848389
vt 0.020996 0.562988
vt 0.026123 0.561035
vt 0.023926 0.570801
vt 0.020752 0.548340
vt 0.015381 0.546875
vt 0.030029 0.547852
vt 0.017090 0.563232
vt 0.039062 0.544922
vt 0.018555 0.572266
vt 0.013184 0.564453
vt 0.012207 0.546631
vt 0.007080 0.548340
vt 0.009766 0.569336
vt 0.014893 0.572510
vt 0.010986 0.574707
vt 0.015137 0.579102
vt 0.010742 0.579102
vt 0.020020 0.579102
vt 0.015381 0.585205
vt 0.011719 0.584961
vt 0.014648 0.591553
vt 0.020264 0.586670
vt 0.024658 0.579590
vt 0.028809 0.570557
vt 0.029297 0.578613
vt 0.017822 0.592529
vt 0.033936 0.570557
vt 0.024414 0.586914
vt 0.033203 0.577637
vt 0.029053 0.586670
vt 0.033447 0.586426
vt 0.029053 0.593262
vt 0.024170 0.593262
vt 0.020996 0.593262
vt 0.027344 0.600342
vt 0.021484 0.599609
vt 0.018555 0.616211
vt 0.017578 0.598389
vt 0.008057 0.613525
vt 0.015137 0.598389
vt 0.001221 0.610352
vt 0.014160 0.596924
vt 0.033203 0.599609
vt 0.032959 0.616211
vt 0.033691 0.592529
vt 0.035156 0.599121
vt 0.045898 0.612793
vt 0.038086 0.599121
vt 0.038574 0.593018
vt 0.041504 0.596924
vt 0.052979 0.610107
vt 0.044922 0.593994
vt 0.058350 0.603516
vt 0.040527 0.591309
vt 0.044678 0.590332
vt 0.043213 0.585693
vt 0.039795 0.586670
vt 0.037842 0.586182
vt 0.040283 0.578857
vt 0.043213 0.576660
vt 0.038086 0.576904
vt 0.041016 0.571777
vt 0.037842 0.569580
vt 0.033203 0.563477
vt 0.039062 0.561768
vt 0.042236 0.565186
vt 0.046143 0.568115
vt 0.046143 0.546875
vt 0.049316 0.549805
vt 0.034424 0.550293
vt 0.374023 0.013428
vt 0.372314 0.009521
vt 0.374512 0.009277
vt 0.369385 0.008789
vt 0.378418 0.013428
vt 0.381104 0.009521
vt 0.370605 0.014893
vt 0.356201 0.000244
vt 0.373535 0.017334
vt 0.371338 0.018555
vt 0.360107 0.005859
vt 0.376953 0.017334
vt 0.375977 0.021240
vt 0.371582 0.023438
vt 0.360352 0.014160
vt 0.379395 0.017334
vt 0.383301 0.013428
vt 0.387695 0.010742
vt 0.379639 0.020752
vt 0.387207 0.014404
vt 0.371338 0.026123
vt 0.361084 0.020752
vt 0.409912 0.008057
vt 0.382812 0.017578
vt 0.383301 0.020752
vt 0.406494 0.012451
vt 0.386230 0.017334
vt 0.386963 0.020264
vt 0.405029 0.017822
vt 0.417725 0.008057
vt 0.414551 0.007568
vt 0.426270 0.033691
vt 0.403809 0.020508
vt 0.386475 0.023682
vt 0.404541 0.024414
vt 0.411865 0.032959
vt 0.422119 0.036621
vt 0.416504 0.036865
vt 0.393066 0.039551
vt 0.395264 0.043213
vt 0.408691 0.031250
vt 0.387695 0.040771
vt 0.391357 0.044678
vt 0.387695 0.046143
vt 0.382568 0.042480
vt 0.384033 0.048340
vt 0.407227 0.029785
vt 0.391602 0.036865
vt 0.389160 0.036865
vt 0.385986 0.037598
vt 0.390137 0.033691
vt 0.405273 0.027100
vt 0.388428 0.030762
vt 0.385498 0.035156
vt 0.383301 0.035645
vt 0.385498 0.031738
vt 0.387451 0.027832
vt 0.383789 0.028564
vt 0.383301 0.032227
vt 0.381348 0.029053
vt 0.382812 0.024170
vt 0.379395 0.024170
vt 0.381104 0.032715
vt 0.375488 0.025146
vt 0.379395 0.029541
vt 0.377686 0.029785
vt 0.377930 0.033447
vt 0.374023 0.030762
vt 0.361084 0.039062
vt 0.375244 0.033936
vt 0.361572 0.042725
vt 0.375244 0.037842
vt 0.362061 0.046387
vt 0.378174 0.037109
vt 0.381348 0.036377
vt 0.379150 0.040527
vt 0.382324 0.038818
vt 0.376221 0.040039
vt 0.360596 0.049316
vt 0.375977 0.043457
vt 0.360352 0.054688
vt 0.379150 0.045654
vt 0.376221 0.048340
vt 0.358643 0.060303
vt 0.356934 0.065186
vt 0.380371 0.049072
vt 0.380615 0.053711
vt 0.375977 0.053223
vt 0.375732 0.054443
vt 0.044189 0.235840
vt 0.040039 0.250488
vt 0.035889 0.249756
vt 0.051758 0.238037
vt 0.043945 0.251465
vt 0.040771 0.255615
vt 0.044922 0.256104
vt 0.038818 0.256104
vt 0.042236 0.260986
vt 0.047119 0.263184
vt 0.040039 0.261719
vt 0.041992 0.267090
vt 0.036377 0.261963
vt 0.034668 0.255859
vt 0.032227 0.251465
vt 0.034668 0.235352
vt 0.028809 0.251465
vt 0.031738 0.257080
vt 0.020508 0.239258
vt 0.023926 0.253418
vt 0.026367 0.258789
vt 0.033936 0.262939
vt 0.028809 0.264648
vt 0.035889 0.268799
vt 0.019043 0.255127
vt 0.008789 0.244385
vt 0.025391 0.266357
vt 0.038086 0.267090
vt 0.022461 0.260254
vt 0.016846 0.257812
vt 0.002686 0.249268
vt 0.019287 0.262695
vt 0.000000 0.254150
vt 0.015869 0.259766
vt 0.040283 0.273193
vt 0.017090 0.265625
vt 0.013916 0.262451
vt 0.014160 0.267334
vt 0.018066 0.270996
vt 0.022461 0.269043
vt 0.021729 0.275879
vt 0.018311 0.276855
vt 0.024658 0.273926
vt 0.027344 0.272705
vt 0.025391 0.279541
vt 0.022705 0.278809
vt 0.019043 0.281250
vt 0.022461 0.285156
vt 0.031250 0.270996
vt 0.032959 0.276611
vt 0.029297 0.278564
vt 0.037842 0.274414
vt 0.041016 0.281006
vt 0.034912 0.283203
vt 0.031250 0.284424
vt 0.026611 0.285889
vt 0.025146 0.303223
vt 0.031738 0.302979
vt 0.035889 0.303711
vt 0.040771 0.300781
vt 0.047363 0.298340
vt 0.052979 0.297607
vt 0.043457 0.279541
vt 0.043701 0.271973
vt 0.046387 0.277100
vt 0.049316 0.276123
vt 0.055908 0.294434
vt 0.060547 0.289551
vt 0.052002 0.273682
vt 0.049072 0.268311
vt 0.046387 0.270752
vt 0.043945 0.266846
vt 0.008301 0.320068
vt 0.018555 0.338379
vt 0.013916 0.336426
vt 0.018555 0.339600
vt 0.013916 0.339355
vt 0.016357 0.343506
vt 0.013184 0.344238
vt 0.013184 0.349121
vt 0.020508 0.341309
vt 0.016113 0.348389
vt 0.021973 0.339355
vt 0.018311 0.325195
vt 0.013184 0.353516
vt 0.020020 0.343994
vt 0.023682 0.342529
vt 0.025391 0.341064
vt 0.022949 0.326904
vt 0.022949 0.344971
vt 0.019043 0.346680
vt 0.026123 0.343994
vt 0.022705 0.350098
vt 0.027100 0.341797
vt 0.027100 0.331543
vt 0.025635 0.346680
vt 0.030518 0.345703
vt 0.031250 0.343262
vt 0.032959 0.333252
vt 0.033936 0.343506
vt 0.033691 0.345947
vt 0.036865 0.343994
vt 0.030029 0.348633
vt 0.037109 0.345947
vt 0.039062 0.344727
vt 0.041504 0.346191
vt 0.036865 0.348145
vt 0.043457 0.343994
vt 0.044678 0.345947
vt 0.048096 0.343506
vt 0.042969 0.348633
vt 0.049316 0.349365
vt 0.045654 0.352539
vt 0.039795 0.348877
vt 0.040039 0.351318
vt 0.043213 0.355957
vt 0.040283 0.354980
vt 0.040527 0.358643
vt 0.043945 0.360352
vt 0.037109 0.355713
vt 0.034668 0.373779
vt 0.036865 0.377686
vt 0.031738 0.371826
vt 0.036865 0.384033
vt 0.033936 0.387207
vt 0.013916 0.384277
vt 0.036133 0.351807
vt 0.035156 0.355957
vt 0.032959 0.349121
vt 0.032959 0.352051
vt 0.030029 0.350586
vt 0.032227 0.354492
vt 0.025635 0.349854
vt 0.025391 0.352783
vt 0.029541 0.353516
vt 0.029053 0.368896
vt 0.026367 0.368652
vt 0.018799 0.368408
vt 0.022705 0.367676
vt 0.022461 0.353027
vt 0.010498 0.379883
vt 0.010986 0.373535
vt 0.014648 0.370361
vt 0.016846 0.353027
vt 0.019531 0.352539
vt 0.019775 0.349365
vt 0.327881 0.201172
vt 0.456787 0.201172
vt 0.456787 0.208984
vt 0.470947 0.175781
vt 0.352295 0.136475
vt 0.472900 0.168457
vt 0.643066 0.048096
vt 0.638184 0.048096
vt 0.643066 0.018555
vt 0.808105 0.288330
vt 0.850342 0.274170
vt 0.847900 0.413330
vt 0.026855 0.067871
vt 0.019531 0.067871
vt 0.019531 0.025635
vt 0.859131 0.189941
vt 0.889648 0.189941
vt 0.859131 0.280273
vt 0.852539 0.189941
vt 0.852539 0.184570
vt 0.763672 0.184570
vt 0.889648 0.184570
vt 0.759766 0.180176
vt 0.759766 0.128662
vt 0.880371 0.180176
vt 0.074707 0.084473
vt 0.168457 0.114746
vt 0.082764 0.118652
vt 0.074219 0.113525
vt 0.079590 0.119629
vt 0.074463 0.207031
vt 0.071777 0.605957
vt 0.071777 0.472656
vt 0.103027 0.605957
vt 0.074951 0.352051
vt 0.151611 0.244629
vt 0.150146 0.407959
vt 0.720215 0.194824
vt 0.848145 0.194824
vt 0.841064 0.224609
vt 0.434082 0.933105
vt 0.554199 0.843994
vt 0.554932 0.932129
vt 0.849121 0.703613
vt 0.849121 0.835205
vt 0.806152 0.835205
vt 0.114258 0.981689
vt 0.114258 0.848877
vt 0.207275 0.981689
vt 0.432861 0.529541
vt 0.405518 0.443604
vt 0.433838 0.434082
vt 0.367188 0.322998
vt 1.000000 0.482178
vt 0.963867 0.482178
vt 1.000000 0.372559
vt 0.087402 0.214355
vt 0.087402 0.123535
vt 0.211914 0.123535
vt 0.890869 0.158691
vt 0.779785 0.121826
vt 0.890381 0.120605
vt 0.851318 0.462158
vt 0.851318 0.592529
vt 0.822266 0.585449
vt 0.753906 0.853027
vt 0.752197 0.851807
vt 0.752441 0.850586
vt 0.665527 0.872070
vt 0.753418 0.850586
vt 0.752686 0.847412
vt 0.754395 0.849121
vt 0.755615 0.850342
vt 0.838135 0.880615
vt 0.772949 0.813721
vt 0.701660 0.282959
vt 0.701660 0.277100
vt 0.702881 0.282959
vt 0.701416 0.288818
vt 0.702637 0.289307
vt 0.704834 0.291992
vt 0.703125 0.298584
vt 0.705322 0.285156
vt 0.703369 0.275879
vt 0.603760 0.256104
vt 0.706787 0.282471
vt 0.800781 0.256348
vt 0.960938 0.488281
vt 0.967285 0.488770
vt 0.966797 0.494629
vt 0.960449 0.494141
vt 0.959961 0.595703
vt 0.973145 0.486816
vt 0.973633 0.494629
vt 0.975098 0.595947
vt 0.986084 0.493652
vt 0.992676 0.594727
vt 0.000244 0.163086
vt 0.002197 0.114502
vt 0.003906 0.163330
vt 0.003174 0.165771
vt 0.000000 0.165283
vt 0.002686 0.168701
vt 0.167725 0.877441
vt 0.151611 0.805664
vt 0.172119 0.879395
vt 0.166992 0.884033
vt 0.160645 0.880859
vt 0.173828 0.883789
vt 0.234619 0.923828
vt 0.161133 0.888428
vt 0.156250 0.886719
vt 0.167236 0.886963
vt 0.164062 0.891113
vt 0.168213 0.890381
vt 0.161377 0.890869
vt 0.154541 0.895020
vt 0.995850 0.869873
vt 0.995850 0.970947
vt 0.989014 0.869873
vt 0.507568 0.969238
vt 0.505859 0.971191
vt 0.505859 0.966553
vt 0.506836 0.965820
vt 0.508545 0.966309
vt 0.506104 0.961914
vt 0.505127 0.962646
vt 0.507568 0.962891
vt 0.508301 0.959717
vt 0.507324 0.955566
vt 0.574951 0.943115
vt 0.504883 0.958740
vt 0.435059 0.943359
vt 0.000244 0.076904
vt 0.000244 0.041260
vt 0.002686 0.076904
vt 0.056641 0.099854
vt 0.056396 0.098389
vt 0.058594 0.100342
vt 0.056152 0.101807
vt 0.058105 0.102539
vt 0.058838 0.098389
vt 0.058350 0.062744
vt 0.059082 0.102783
vt 0.978027 0.933105
vt 0.978027 0.831543
vt 0.984619 0.832031
vt 0.172607 0.779785
vt 0.169922 0.782227
vt 0.171631 0.777100
vt 0.169922 0.775879
vt 0.170410 0.770996
vt 0.172119 0.784668
vt 0.170898 0.785400
vt 0.168945 0.783447
vt 0.209473 0.848389
vt 0.168457 0.779541
vt 0.166504 0.779297
vt 0.118408 0.824951
vt 0.167969 0.775635
vt 0.167480 0.770752
vt 0.172119 0.761230
vt 0.169434 0.758789
vt 0.170654 0.755127
vt 0.170166 0.750000
vt 0.171875 0.755127
vt 0.173096 0.755371
vt 0.172119 0.751465
vt 0.171875 0.747070
vt 0.116699 0.694824
vt 0.173584 0.751465
vt 0.174316 0.754883
vt 0.174561 0.747070
vt 0.234131 0.690186
vt 0.439209 0.824219
vt 0.438721 0.821777
vt 0.440918 0.821045
vt 0.362549 0.776611
vt 0.447754 0.862061
vt 0.529297 0.822998
vt 0.343750 0.065430
vt 0.254883 0.065430
vt 0.255127 0.061035
vt 0.709961 0.054688
vt 0.798828 0.054688
vt 0.709961 0.057129
vt 0.264893 0.915527
vt 0.260010 0.914795
vt 0.265381 0.912598
vt 0.267822 0.915527
vt 0.260254 0.911865
vt 0.257324 0.914062
vt 0.267822 0.913086
vt 0.270508 0.915283
vt 0.265625 0.910156
vt 0.268066 0.910156
vt 0.270508 0.912842
vt 0.269043 0.907959
vt 0.272705 0.911865
vt 0.273438 0.914551
vt 0.357666 0.888184
vt 0.334473 0.847900
vt 0.266113 0.906982
vt 0.292236 0.821289
vt 0.260986 0.906250
vt 0.260742 0.909424
vt 0.257812 0.906494
vt 0.251221 0.817139
vt 0.258057 0.911865
vt 0.258301 0.908936
vt 0.255371 0.910889
vt 0.254639 0.913330
vt 0.253418 0.909424
vt 0.208984 0.832031
vt 0.251953 0.911865
vt 0.175293 0.868164
vt 0.254883 0.055908
vt 0.343750 0.055908
vt 0.343750 0.058350
vt 0.828857 0.052734
vt 0.744385 0.080811
vt 0.828369 0.050781
vt 0.973633 0.876709
vt 0.973633 0.967285
vt 0.970947 0.967285
vt 0.918701 0.080811
vt 0.918213 0.083008
vt 0.833496 0.054932
vt 0.219238 0.999023
vt 0.130371 0.999023
vt 0.219238 0.996582
vt 0.960693 0.833740
vt 0.967529 0.833740
vt 0.967529 0.935059
vt 0.080322 0.933594
vt 0.064453 0.874756
vt 0.082031 0.931396
vt 0.085693 0.933105
vt 0.086670 0.930420
vt 0.083252 0.935547
vt 0.064209 0.991943
vt 0.087891 0.934814
vt 0.100586 0.934570
vt 0.090576 0.932129
vt 0.095215 0.930908
vt 0.093262 0.934570
vt 0.230225 0.125488
vt 0.149902 0.065918
vt 0.250488 0.050537
vt 0.965332 0.982422
vt 0.959961 0.980469
vt 0.958984 0.886230
vt 0.710449 0.062256
vt 0.620117 0.092285
vt 0.621826 0.057861
vt 0.583496 0.055176
vt 0.494629 0.055176
vt 0.583496 0.052734
vt 0.575439 0.573486
vt 0.571045 0.708008
vt 0.570801 0.570068
vt 0.589111 0.567871
vt 0.491455 0.458252
vt 0.573730 0.562500
vt 0.582764 0.559082
vt 0.584961 0.564209
vt 0.599365 0.563965
vt 0.595215 0.559326
vt 0.605957 0.556641
vt 0.612793 0.559082
vt 0.350342 0.063965
vt 0.348389 0.065918
vt 0.348145 0.063965
vt 0.350342 0.030762
vt 0.391602 0.058105
vt 0.392334 0.055908
vt 0.476807 0.083984
vt 0.937500 0.865967
vt 0.937988 0.871826
vt 0.931396 0.865723
vt 0.937500 0.859131
vt 0.932129 0.858643
vt 0.918945 0.859131
vt 0.917725 0.852295
vt 0.918701 0.865723
vt 0.930908 0.873047
vt 0.936035 0.974121
vt 0.917480 0.873047
vt 0.903809 0.094238
vt 0.819336 0.066406
vt 0.820068 0.063965
vt 0.616943 0.052734
vt 0.705811 0.052734
vt 0.705811 0.055176
vt 0.534424 0.794434
vt 0.533447 0.805664
vt 0.526123 0.814209
vt 0.606445 0.861816
vt 0.531494 0.797363
vt 0.535156 0.786133
vt 0.531982 0.788574
vt 0.528809 0.798340
vt 0.524902 0.804932
vt 0.434082 0.804688
vt 0.021240 0.201660
vt 0.008789 0.173340
vt 0.014648 0.171143
vt 0.007080 0.171875
vt 0.011475 0.170410
vt 0.013184 0.169434
vt 0.020508 0.139160
vt 0.789795 0.114014
vt 0.789551 0.111572
vt 0.791504 0.111328
vt 0.788818 0.109619
vt 0.791016 0.109131
vt 0.878418 0.092285
vt 0.784912 0.075439
vt 0.791748 0.113770
vt 0.880127 0.103516
vt 0.789307 0.115967
vt 0.791748 0.115967
vt 0.880615 0.114746
vt 0.989502 0.988525
vt 0.985352 0.986328
vt 0.989502 0.986328
vt 0.985352 0.895508
vt 0.085205 0.079590
vt 0.169678 0.051758
vt 0.085938 0.082031
vt 0.490234 0.052979
vt 0.401611 0.052979
vt 0.490234 0.050781
vt 0.343750 0.048584
vt 0.343750 0.051025
vt 0.254883 0.051025
vt 0.064697 0.050781
vt 0.153564 0.050781
vt 0.064697 0.054932
vt 0.828369 0.060059
vt 0.912842 0.087891
vt 0.912109 0.090088
vt 0.288330 0.759766
vt 0.292725 0.762695
vt 0.286865 0.762207
vt 0.285889 0.758301
vt 0.291260 0.765137
vt 0.294922 0.764404
vt 0.284912 0.760498
vt 0.283203 0.757080
vt 0.283203 0.762939
vt 0.281982 0.760498
vt 0.280029 0.759033
vt 0.280518 0.756104
vt 0.191406 0.739746
vt 0.281494 0.764648
vt 0.193115 0.784912
vt 0.285400 0.764404
vt 0.283691 0.766846
vt 0.223389 0.835693
vt 0.288086 0.769775
vt 0.289551 0.767334
vt 0.291260 0.770996
vt 0.260986 0.857910
vt 0.293213 0.766357
vt 0.292725 0.769043
vt 0.295410 0.768311
vt 0.297119 0.766602
vt 0.296875 0.770508
vt 0.302246 0.862793
vt 0.299072 0.768799
vt 0.354492 0.841553
vt 0.538818 0.997559
vt 0.538818 1.000000
vt 0.449951 1.000000
vt 0.762451 0.862305
vt 0.824951 0.950439
vt 0.690674 0.987793
vt 0.979004 0.826904
vt 0.979004 0.723145
vt 0.984619 0.725586
vt 0.973877 0.666748
vt 0.966797 0.666748
vt 0.966797 0.561523
vt 0.001709 0.975586
vt 0.000488 0.978516
vt 0.000244 0.971680
vt 0.231689 0.025146
vt 0.234619 0.015381
vt 0.235107 0.018799
vt 0.238281 0.018311
vt 0.235107 0.028564
vt 0.236084 0.025146
vt 0.239502 0.024414
vt 0.994385 0.983887
vt 0.994385 0.977051
vt 0.995117 0.981689
vt 0.997070 0.975586
vt 0.997070 0.982422
vt 0.996582 0.977783
vt 0.998779 0.978271
vt 0.047607 0.631348
vt 0.040771 0.626221
vt 0.048096 0.622314
vt 0.041992 0.620117
vt 0.031494 0.681152
vt 0.004395 0.618652
vt 0.040039 0.683838
vt 0.030273 0.688721
vt 0.053711 0.631836
vt 0.047119 0.683838
vt 0.060303 0.631592
vt 0.059082 0.623779
vt 0.053955 0.625244
vt 0.051025 0.617920
vt 0.118652 0.041992
vt 0.118408 0.039795
vt 0.130615 0.039795
vt 0.131348 0.021240
vt 0.119141 0.020996
vt 0.132812 0.038330
vt 0.133789 0.020996
vt 0.135010 0.038330
vt 0.132812 0.041260
vt 0.130127 0.041504
vt 0.134766 0.041748
vt 0.135498 0.043945
vt 0.136963 0.041992
vt 0.132324 0.043213
vt 0.133057 0.044678
vt 0.130371 0.043213
vt 0.131104 0.045166
vt 0.118652 0.045654
vt 0.118652 0.043701
vt 0.116455 0.041992
vt 0.116455 0.043701
vt 0.115967 0.045410
vt 0.113770 0.044922
vt 0.536621 0.049072
vt 0.534180 0.049072
vt 0.536621 0.016357
vt 0.633545 0.048096
vt 0.631348 0.048096
vt 0.633545 0.015381
vt 0.211670 0.042969
vt 0.211670 0.021484
vt 0.213135 0.042969
vt 0.437988 0.047119
vt 0.437988 0.025635
vt 0.439697 0.047119
vt 0.079346 0.013428
vt 0.079346 0.046143
vt 0.067139 0.046143
vt 0.308594 0.043945
vt 0.306152 0.044434
vt 0.305908 0.043213
vt 0.294434 0.045166
vt 0.308105 0.042969
vt 0.310791 0.043457
vt 0.294434 0.043701
vt 0.310303 0.042236
vt 0.312256 0.041260
vt 0.312988 0.042725
vt 0.308105 0.041260
vt 0.309326 0.038574
vt 0.292480 0.043701
vt 0.292236 0.044922
vt 0.289795 0.044922
vt 0.306152 0.040283
vt 0.306641 0.038086
vt 0.305908 0.041748
vt 0.294678 0.041016
vt 0.294678 0.042236
vt 0.294922 0.038330
vt 0.306152 0.020508
vt 0.290771 0.021484
vt 0.291016 0.039551
vt 0.288574 0.022705
vt 0.280273 0.027344
vt 0.292236 0.041992
vt 0.288818 0.041016
vt 0.290283 0.042480
vt 0.287842 0.041992
vt 0.277588 0.029541
vt 0.076904 0.975098
vt 0.083740 0.953369
vt 0.084961 0.974854
vt 0.006348 0.025635
vt 0.008545 0.025635
vt 0.006348 0.058350
vt 0.571533 0.078369
vt 0.548096 0.089844
vt 0.547607 0.084717
vt 0.572021 0.076660
vt 0.545410 0.081543
vt 0.605225 0.050781
vt 0.542725 0.084473
vt 0.511963 0.059326
vt 0.544678 0.086914
vt 0.545410 0.091064
vt 0.545654 0.096436
vt 0.543457 0.091309
vt 0.549072 0.094971
vt 0.541992 0.089355
vt 0.507080 0.084229
vt 0.541748 0.093018
vt 0.543213 0.094727
vt 0.545654 0.119873
vt 0.548096 0.120605
vt 0.549805 0.120605
vt 0.546875 0.119629
vt 0.548340 0.127441
vt 0.546875 0.124756
vt 0.545654 0.123291
vt 0.029297 0.422852
vt 0.030029 0.420654
vt 0.032227 0.420898
vt 0.031738 0.422607
vt 0.030518 0.424072
vt 0.032715 0.424072
vt 0.029053 0.425049
vt 0.033691 0.422607
vt 0.046143 0.454590
vt 0.034912 0.420654
vt 0.017334 0.411133
vt 0.044434 0.386719
vt 0.014160 0.026855
vt 0.015137 0.047852
vt 0.013428 0.047852
vt 0.014893 0.049072
vt 0.013184 0.048828
vt 0.543701 0.049072
vt 0.541260 0.049072
vt 0.543701 0.016357
vt 0.221680 0.012695
vt 0.228271 0.032959
vt 0.217773 0.036621
vt 0.581543 0.048096
vt 0.581543 0.026611
vt 0.583252 0.048096
vt 0.335693 0.043701
vt 0.317627 0.043701
vt 0.335693 0.041748
vt 0.317627 0.041748
vt 0.317871 0.039551
vt 0.336182 0.039551
vt 0.317871 0.036377
vt 0.337158 0.036865
vt 0.338867 0.039307
vt 0.338379 0.041748
vt 0.339600 0.037109
vt 0.339355 0.023926
vt 0.343994 0.022461
vt 0.345459 0.022461
vt 0.343994 0.043945
vt 0.529541 0.016357
vt 0.529541 0.049072
vt 0.527100 0.049072
vt 0.550049 0.041016
vt 0.548096 0.041016
vt 0.550049 0.019531
vt 0.980713 0.937500
vt 0.980713 0.970459
vt 0.978027 0.937744
vt 0.105957 0.957031
vt 0.105957 0.978760
vt 0.104248 0.957275
vt 0.246826 0.029541
vt 0.258301 0.026611
vt 0.280762 0.044678
vt 0.245605 0.032227
vt 0.211670 0.051025
vt 0.243896 0.031738
vt 0.245117 0.030762
vt 0.246094 0.028564
vt 0.244141 0.005371
vt 0.244385 0.029053
vt 0.245361 0.027344
vt 0.244141 0.026123
vt 0.040283 0.458496
vt 0.041992 0.459229
vt 0.028564 0.466309
vt 0.021729 0.430908
vt 0.031738 0.467041
vt 0.030029 0.468262
vt 0.020508 0.500000
vt 0.430664 0.022949
vt 0.433350 0.043213
vt 0.431885 0.043457
vt 0.433838 0.044434
vt 0.432129 0.044189
vt 0.430908 0.045166
vt 0.433350 0.045410
vt 0.431885 0.045410
vt 0.433594 0.046875
vt 0.548340 0.049316
vt 0.568604 0.035400
vt 0.572510 0.044189
vt 0.570312 0.036621
vt 0.573975 0.044922
vt 0.571533 0.037109
vt 0.575684 0.045410
vt 0.577148 0.045654
vt 0.571777 0.036133
vt 0.569824 0.034424
vt 0.575684 0.010010
vt 0.571045 0.033936
vt 0.570557 0.035400
vt 0.571289 0.034912
vt 0.031494 0.030518
vt 0.033936 0.030273
vt 0.033447 0.031738
vt 0.035645 0.030762
vt 0.031006 0.032227
vt 0.026855 0.032715
vt 0.035156 0.032715
vt 0.034912 0.033447
vt 0.037354 0.033203
vt 0.035645 0.029297
vt 0.032959 0.032959
vt 0.033691 0.029053
vt 0.031738 0.028809
vt 0.027588 0.028320
vt 0.032227 0.027588
vt 0.028320 0.025879
vt 0.031006 0.032715
vt 0.026611 0.035400
vt 0.031250 0.033447
vt 0.032959 0.034424
vt 0.034424 0.027588
vt 0.032715 0.027100
vt 0.029297 0.024170
vt 0.033203 0.026367
vt 0.031006 0.021484
vt 0.033447 0.025879
vt 0.034424 0.024902
vt 0.035400 0.026611
vt 0.036621 0.026611
vt 0.036133 0.025146
vt 0.035645 0.024170
vt 0.033936 0.020020
vt 0.036621 0.023682
vt 0.035645 0.019775
vt 0.036865 0.023926
vt 0.036621 0.028076
vt 0.037598 0.025391
vt 0.038818 0.026855
vt 0.038330 0.028076
vt 0.037842 0.024414
vt 0.037354 0.023682
vt 0.038330 0.023926
vt 0.038818 0.024414
vt 0.039062 0.025635
vt 0.040283 0.026123
vt 0.040771 0.025146
vt 0.041504 0.025391
vt 0.040039 0.027588
vt 0.041748 0.026367
vt 0.047119 0.024902
vt 0.047363 0.026123
vt 0.041748 0.027588
vt 0.047852 0.027344
vt 0.040039 0.028809
vt 0.041992 0.028320
vt 0.048096 0.029053
vt 0.048096 0.030762
vt 0.041748 0.030273
vt 0.040039 0.030029
vt 0.041748 0.031738
vt 0.048096 0.032471
vt 0.047607 0.034912
vt 0.038086 0.029785
vt 0.039551 0.031494
vt 0.037598 0.031250
vt 0.039307 0.033447
vt 0.041260 0.033936
vt 0.038818 0.034424
vt 0.041016 0.035156
vt 0.047119 0.036865
vt 0.036865 0.033936
vt 0.036865 0.035645
vt 0.038574 0.035889
vt 0.040283 0.036377
vt 0.046631 0.038330
vt 0.038330 0.036865
vt 0.034912 0.034912
vt 0.036865 0.036133
vt 0.040039 0.037354
vt 0.037354 0.037842
vt 0.040039 0.038330
vt 0.046143 0.039795
vt 0.034912 0.036865
vt 0.034912 0.035645
vt 0.032959 0.035156
vt 0.033203 0.036621
vt 0.032227 0.036377
vt 0.031250 0.034912
vt 0.028320 0.039551
vt 0.027344 0.037842
vt 0.555420 0.017822
vt 0.557617 0.020996
vt 0.557129 0.020996
vt 0.554199 0.018066
vt 0.556396 0.021240
vt 0.556641 0.022705
vt 0.557617 0.022461
vt 0.557617 0.017578
vt 0.558838 0.020996
vt 0.556885 0.023926
vt 0.556641 0.024170
vt 0.558838 0.022461
vt 0.556641 0.025879
vt 0.557617 0.024170
vt 0.556152 0.025635
vt 0.559814 0.021484
vt 0.560791 0.018555
vt 0.560303 0.021484
vt 0.559570 0.022705
vt 0.559570 0.024170
vt 0.558350 0.024170
vt 0.559814 0.024170
vt 0.559570 0.025635
vt 0.560547 0.022949
vt 0.557617 0.025879
vt 0.558594 0.025879
vt 0.556885 0.027100
vt 0.557373 0.027344
vt 0.556152 0.027100
vt 0.556641 0.028564
vt 0.555908 0.027344
vt 0.555420 0.027100
vt 0.554688 0.026855
vt 0.554443 0.027588
vt 0.555420 0.028320
vt 0.556396 0.028564
vt 0.555176 0.032471
vt 0.557617 0.028809
vt 0.559082 0.028809
vt 0.558838 0.027344
vt 0.559814 0.028564
vt 0.559814 0.026855
vt 0.561768 0.032227
vt 0.560303 0.027100
vt 0.560547 0.028320
vt 0.561279 0.028320
vt 0.560303 0.025879
vt 0.560791 0.026855
vt 0.560547 0.024170
vt 0.561035 0.025635
vt 0.561035 0.024170
vt 0.561768 0.024902
vt 0.561768 0.026611
vt 0.562012 0.027832
vt 0.562500 0.026611
vt 0.562500 0.025391
vt 0.562012 0.023438
vt 0.561035 0.022949
vt 0.562012 0.022461
vt 0.561279 0.021729
vt 0.565186 0.020508
vt 0.563965 0.019531
vt 0.056152 0.970703
vt 0.054932 0.975586
vt 0.054688 0.975586
vt 0.055420 0.976318
vt 0.055664 0.975830
vt 0.056152 0.977051
vt 0.055664 0.977295
vt 0.055908 0.978271
vt 0.054932 0.977783
vt 0.054199 0.979248
vt 0.054443 0.977051
vt 0.053955 0.976318
vt 0.053711 0.973389
vt 0.053711 0.977539
vt 0.052979 0.977295
vt 0.052979 0.978027
vt 0.054443 0.978271
vt 0.053467 0.979492
vt 0.053467 0.978760
vt 0.052490 0.977539
vt 0.051758 0.974854
vt 0.052734 0.979248
vt 0.054443 0.980225
vt 0.052246 0.978760
vt 0.051758 0.978516
vt 0.051514 0.975342
vt 0.051758 0.979248
vt 0.053223 0.979980
vt 0.051514 0.979004
vt 0.050781 0.976562
vt 0.053467 0.980225
vt 0.052246 0.979980
vt 0.052490 0.980469
vt 0.053711 0.980957
vt 0.051758 0.980469
vt 0.051758 0.980713
vt 0.051025 0.979736
vt 0.049561 0.977539
vt 0.050781 0.979248
vt 0.050049 0.979980
vt 0.048096 0.978271
vt 0.049316 0.980225
vt 0.050293 0.980469
vt 0.050781 0.980957
vt 0.051025 0.981201
vt 0.049805 0.981445
vt 0.050781 0.981934
vt 0.051514 0.981934
vt 0.049561 0.980713
vt 0.048584 0.980713
vt 0.044922 0.979492
vt 0.047852 0.981201
vt 0.048828 0.980957
vt 0.049316 0.981689
vt 0.049805 0.982178
vt 0.049072 0.982422
vt 0.048340 0.981934
vt 0.048340 0.982666
vt 0.047607 0.982178
vt 0.047363 0.981689
vt 0.042725 0.980713
vt 0.049805 0.983154
vt 0.050293 0.982666
vt 0.051025 0.982910
vt 0.050537 0.983398
vt 0.050537 0.984131
vt 0.050049 0.985107
vt 0.052734 0.985596
vt 0.052979 0.984619
vt 0.052246 0.986328
vt 0.052246 0.987061
vt 0.049316 0.986328
vt 0.052246 0.987793
vt 0.052979 0.989014
vt 0.053711 0.984375
vt 0.055176 0.984863
vt 0.052246 0.981445
vt 0.052979 0.981201
vt 0.054199 0.984375
vt 0.054688 0.981201
vt 0.055908 0.984375
vt 0.056152 0.981445
vt 0.055908 0.980469
vt 0.057617 0.981201
vt 0.056641 0.984863
vt 0.057373 0.985352
vt 0.058350 0.987549
vt 0.055176 0.988770
vt 0.055176 0.993408
vt 0.057373 0.993896
vt 0.057129 0.988525
vt 0.264160 0.969238
vt 0.264893 0.970459
vt 0.262207 0.967773
vt 0.260742 0.967529
vt 0.264893 0.973633
vt 0.265869 0.972656
vt 0.259033 0.973389
vt 0.259521 0.968750
vt 0.258545 0.970215
vt 0.258545 0.971680
vt 0.254395 0.975342
vt 0.253662 0.974121
vt 0.254639 0.975830
vt 0.253418 0.975830
vt 0.251953 0.975342
vt 0.254150 0.976562
vt 0.255615 0.976807
vt 0.252441 0.976807
vt 0.250732 0.976318
vt 0.253418 0.977295
vt 0.255127 0.977539
vt 0.259766 0.974365
vt 0.250977 0.977783
vt 0.250000 0.976807
vt 0.249268 0.977295
vt 0.260742 0.975342
vt 0.256348 0.977783
vt 0.250732 0.978271
vt 0.245605 0.980225
vt 0.251953 0.979004
vt 0.252197 0.978760
vt 0.252930 0.978027
vt 0.253418 0.979004
vt 0.254395 0.978271
vt 0.252441 0.979492
vt 0.250488 0.982422
vt 0.253906 0.980469
vt 0.255371 0.978760
vt 0.254883 0.979248
vt 0.254395 0.979980
vt 0.255371 0.980713
vt 0.256104 0.980225
vt 0.256348 0.979736
vt 0.254883 0.981445
vt 0.253174 0.984131
vt 0.255615 0.982178
vt 0.256104 0.981689
vt 0.256592 0.982666
vt 0.256104 0.987061
vt 0.256836 0.982422
vt 0.257080 0.982910
vt 0.256836 0.982910
vt 0.256592 0.987793
vt 0.256592 0.980957
vt 0.257324 0.981445
vt 0.257080 0.980469
vt 0.258057 0.981201
vt 0.257568 0.979980
vt 0.256592 0.979492
vt 0.258789 0.980469
vt 0.258789 0.981934
vt 0.258057 0.979248
vt 0.257324 0.978760
vt 0.259033 0.979736
vt 0.259277 0.980225
vt 0.261719 0.975830
vt 0.262695 0.975830
vt 0.264160 0.974854
vt 0.442627 0.413086
vt 0.441406 0.406738
vt 0.444824 0.410156
vt 0.440186 0.410156
vt 0.446533 0.412842
vt 0.444092 0.415039
vt 0.446045 0.417969
vt 0.448486 0.415771
vt 0.447266 0.420654
vt 0.490967 0.370605
vt 0.488281 0.368164
vt 0.493652 0.374023
vt 0.492676 0.369385
vt 0.450195 0.418701
vt 0.468262 0.527588
vt 0.496094 0.373535
vt 0.496826 0.376465
vt 0.497803 0.375000
vt 0.640625 0.384521
vt 0.485107 0.361328
vt 0.488770 0.364990
vt 0.483643 0.364014
vt 0.482422 0.361084
vt 0.483398 0.359131
vt 0.439697 0.405029
vt 0.481201 0.355713
vt 0.437500 0.402344
vt 0.479492 0.358154
vt 0.478760 0.352295
vt 0.482178 0.353760
vt 0.480469 0.351562
vt 0.485352 0.231201
vt 0.476807 0.354980
vt 0.367432 0.303223
vt 0.434570 0.400391
vt 0.651855 0.716797
vt 0.651855 0.723145
vt 0.650391 0.719727
vt 0.650879 0.724609
vt 0.651367 0.730957
vt 0.650146 0.729736
vt 0.652588 0.730469
vt 0.651123 0.737305
vt 0.649170 0.733154
vt 0.553223 0.755615
vt 0.653320 0.734619
vt 0.749268 0.755615
vt 0.294189 0.560791
vt 0.292236 0.561523
vt 0.285889 0.559570
vt 0.283691 0.560547
vt 0.285889 0.561768
vt 0.279053 0.561768
vt 0.276855 0.560547
vt 0.261963 0.661865
vt 0.280762 0.558838
vt 0.262207 0.458984
vt 0.561279 0.635986
vt 0.552734 0.636963
vt 0.558105 0.634277
vt 0.565918 0.633301
vt 0.565918 0.634521
vt 0.558350 0.633301
vt 0.550537 0.633301
vt 0.552246 0.632080
vt 0.549561 0.634521
vt 0.545898 0.636963
vt 0.545166 0.630615
vt 0.548828 0.630615
vt 0.518066 0.507812
vt 0.543213 0.632568
vt 0.518066 0.760498
vt 0.375244 0.602295
vt 0.452148 0.672363
vt 0.450195 0.676758
vt 0.456543 0.669922
vt 0.453369 0.676025
vt 0.496338 0.772217
vt 0.455811 0.672119
vt 0.458252 0.671631
vt 0.459961 0.668945
vt 0.461914 0.666016
vt 0.464600 0.666504
vt 0.460938 0.670654
vt 0.467041 0.663574
vt 0.722412 0.350586
vt 0.634521 0.472900
vt 0.673828 0.324463
vt 0.724609 0.347656
vt 0.671143 0.321777
vt 0.677734 0.321533
vt 0.726074 0.344971
vt 0.556396 0.227051
vt 0.670898 0.318848
vt 0.672607 0.318115
vt 0.674316 0.320068
vt 0.679932 0.319336
vt 0.677002 0.318359
vt 0.678955 0.317139
vt 0.728027 0.343018
vt 0.682617 0.317871
vt 0.684326 0.315186
vt 0.730957 0.340088
vt 0.686523 0.313965
vt 0.733887 0.341309
vt 0.731201 0.344482
vt 0.732910 0.338623
vt 0.735596 0.339844
vt 0.738037 0.337891
vt 0.735596 0.336426
vt 0.689209 0.312256
vt 0.741455 0.335693
vt 0.739502 0.338867
vt 0.741455 0.337891
vt 0.829346 0.377686
vt 0.738281 0.334473
vt 0.837891 0.254395
vt 0.691406 0.310303
vt 0.882568 0.847412
vt 0.882812 0.843994
vt 0.886475 0.847412
vt 0.886719 0.844238
vt 0.888916 0.844482
vt 0.888672 0.847656
vt 0.890381 0.845215
vt 0.888184 0.850098
vt 0.885986 0.850098
vt 0.882080 0.850098
vt 0.886475 0.965820
vt 0.835938 0.476318
vt 0.816406 0.586426
vt 0.812744 0.584717
vt 0.836182 0.692871
vt 0.810303 0.588135
vt 0.807129 0.585938
vt 0.808105 0.584961
vt 0.809082 0.584229
vt 0.799561 0.585449
vt 0.801270 0.583984
vt 0.802979 0.583252
vt 0.801514 0.584473
vt 0.792969 0.584717
vt 0.508301 0.640381
vt 0.450684 0.539795
vt 0.452148 0.535400
vt 0.446045 0.540771
vt 0.445557 0.538574
vt 0.440918 0.539795
vt 0.437988 0.542236
vt 0.435791 0.540039
vt 0.434082 0.542725
vt 0.443848 0.536865
vt 0.442627 0.536377
vt 0.448242 0.532959
vt 0.437012 0.416504
vt 0.445801 0.532471
vt 0.536621 0.627197
vt 0.536621 0.627930
vt 0.528564 0.627930
vt 0.531250 0.625488
vt 0.535645 0.630127
vt 0.528809 0.628906
vt 0.523926 0.631592
vt 0.523682 0.625977
vt 0.521484 0.631592
vt 0.493164 0.749756
vt 0.516602 0.626709
vt 0.518066 0.625000
vt 0.491699 0.503174
vt 0.522461 0.624512
vt 0.416504 0.127686
vt 0.527588 0.125977
vt 0.527588 0.129150
vt 0.530273 0.126465
vt 0.529785 0.129395
vt 0.532471 0.129150
vt 0.532959 0.126221
vt 0.233398 0.226074
vt 0.271484 0.295410
vt 0.229004 0.235840
vt 0.264160 0.301270
vt 0.219238 0.246094
vt 0.275879 0.290283
vt 0.281982 0.288574
vt 0.239014 0.218994
vt 0.299072 0.299805
vt 0.275391 0.310547
vt 0.286133 0.304932
vt 0.296875 0.319824
vt 0.310059 0.315674
vt 0.300293 0.336670
vt 0.315918 0.331543
vt 0.291260 0.341064
vt 0.306885 0.342773
vt 0.286377 0.325928
vt 0.281250 0.339355
vt 0.292480 0.350586
vt 0.273926 0.362549
vt 0.270752 0.326660
vt 0.269775 0.346191
vt 0.262207 0.363281
vt 0.267334 0.408447
vt 0.266113 0.314453
vt 0.257568 0.341553
vt 0.252197 0.329102
vt 0.258789 0.350098
vt 0.255127 0.303955
vt 0.246338 0.318604
vt 0.243408 0.310303
vt 0.209473 0.257324
vt 0.239502 0.325439
vt 0.234131 0.319092
vt 0.202393 0.268066
vt 0.195312 0.273682
vt 0.225098 0.321289
vt 0.191650 0.281738
vt 0.217773 0.325195
vt 0.207764 0.330078
vt 0.179932 0.285645
vt 0.221436 0.333252
vt 0.228760 0.330078
vt 0.201172 0.333008
vt 0.171875 0.284912
vt 0.163330 0.289062
vt 0.192871 0.337158
vt 0.243164 0.333496
vt 0.210938 0.338623
vt 0.203369 0.341064
vt 0.195801 0.343750
vt 0.190918 0.347656
vt 0.212402 0.342529
vt 0.206055 0.348877
vt 0.197998 0.350830
vt 0.192383 0.354248
vt 0.199463 0.355469
vt 0.188721 0.365234
vt 0.201660 0.364990
vt 0.190918 0.370361
vt 0.208740 0.358887
vt 0.214600 0.350830
vt 0.209961 0.367676
vt 0.217529 0.357666
vt 0.225342 0.344727
vt 0.235107 0.341797
vt 0.238770 0.353027
vt 0.247314 0.341309
vt 0.249023 0.351074
vt 0.250244 0.361572
vt 0.229492 0.353027
vt 0.238037 0.361572
vt 0.228760 0.361084
vt 0.217529 0.363525
vt 0.237793 0.400635
vt 0.229492 0.401123
vt 0.219482 0.406250
vt 0.252686 0.404053
vt 0.256592 0.407715
vt 0.275635 0.416260
vt 0.183838 0.433594
vt 0.211914 0.406006
vt 0.202148 0.414062
vt 0.202148 0.373291
vt 0.192383 0.379883
vt 0.192383 0.421631
vt 0.184082 0.385010
vt 0.175781 0.389648
vt 0.181396 0.378662
vt 0.169678 0.381836
vt 0.169434 0.398193
vt 0.093262 0.394043
vt 0.104004 0.396484
vt 0.086182 0.415527
vt 0.094238 0.415283
vt 0.115479 0.404785
vt 0.091797 0.432861
vt 0.105225 0.432129
vt 0.121338 0.418213
vt 0.128418 0.406494
vt 0.141846 0.412354
vt 0.135742 0.422852
vt 0.143311 0.421387
vt 0.148438 0.413574
vt 0.134521 0.432129
vt 0.158203 0.412109
vt 0.155029 0.424072
vt 0.167725 0.410889
vt 0.117188 0.430664
vt 0.109375 0.446289
vt 0.128174 0.444824
vt 0.146729 0.432861
vt 0.142090 0.437256
vt 0.142822 0.450439
vt 0.154785 0.435791
vt 0.166260 0.422119
vt 0.174561 0.411865
vt 0.173340 0.419678
vt 0.165771 0.432617
vt 0.155518 0.441895
vt 0.166748 0.438232
vt 0.157959 0.451416
vt 0.168945 0.446533
vt 0.192871 0.489502
vt 0.181641 0.494141
vt 0.145752 0.460205
vt 0.170166 0.501709
vt 0.138428 0.459961
vt 0.154541 0.512695
vt 0.128174 0.457275
vt 0.128906 0.467773
vt 0.112549 0.460693
vt 0.116943 0.473389
vt 0.143311 0.523438
vt 0.138916 0.526123
vt 0.103760 0.478027
vt 0.127930 0.536133
vt 0.093994 0.449463
vt 0.096436 0.463379
vt 0.081055 0.452148
vt 0.083984 0.466553
vt 0.091553 0.481445
vt 0.081543 0.487793
vt 0.119385 0.545166
vt 0.078857 0.469482
vt 0.073486 0.452148
vt 0.084229 0.432617
vt 0.072021 0.429199
vt 0.442383 0.750000
vt 0.462891 0.748779
vt 0.440918 0.764648
vt 0.462158 0.737793
vt 0.418701 0.760986
vt 0.438477 0.741699
vt 0.456787 0.722412
vt 0.435547 0.720703
vt 0.451416 0.701172
vt 0.416260 0.751953
vt 0.432861 0.710693
vt 0.450928 0.693359
vt 0.416504 0.731689
vt 0.427490 0.697266
vt 0.445312 0.685059
vt 0.415527 0.719238
vt 0.437500 0.678223
vt 0.397461 0.740234
vt 0.396729 0.728271
vt 0.413086 0.707520
vt 0.425049 0.689209
vt 0.418945 0.674316
vt 0.428223 0.666748
vt 0.408203 0.696777
vt 0.413574 0.665771
vt 0.415039 0.653564
vt 0.404785 0.683105
vt 0.401855 0.667725
vt 0.396484 0.702393
vt 0.395020 0.715576
vt 0.377441 0.717529
vt 0.378662 0.728760
vt 0.379395 0.695557
vt 0.389160 0.685059
vt 0.390137 0.671143
vt 0.378906 0.675537
vt 0.384033 0.658203
vt 0.377930 0.660400
vt 0.366455 0.683594
vt 0.390137 0.656006
vt 0.363525 0.705811
vt 0.405029 0.656494
vt 0.407227 0.644775
vt 0.399414 0.648926
vt 0.392334 0.643066
vt 0.399170 0.637207
vt 0.384766 0.647705
vt 0.377930 0.641602
vt 0.373535 0.651611
vt 0.371826 0.643555
vt 0.362793 0.644287
vt 0.363281 0.651123
vt 0.307129 0.634033
vt 0.362305 0.659180
vt 0.309326 0.638672
vt 0.365967 0.665771
vt 0.313965 0.648682
vt 0.311768 0.662354
vt 0.276123 0.634277
vt 0.293457 0.632324
vt 0.293945 0.710693
vt 0.313477 0.673828
vt 0.362549 0.693359
vt 0.309082 0.683594
vt 0.303955 0.698975
vt 0.363525 0.720459
vt 0.359375 0.730469
vt 0.378662 0.740234
vt 0.296387 0.725830
vt 0.375244 0.758301
vt 0.356934 0.740234
vt 0.352051 0.760254
vt 0.288574 0.739746
vt 0.369629 0.772217
vt 0.350098 0.771240
vt 0.390625 0.771729
vt 0.273193 0.746826
vt 0.264648 0.674805
vt 0.263672 0.713135
vt 0.261963 0.704102
vt 0.264404 0.732910
vt 0.394531 0.757324
vt 0.251465 0.127930
vt 0.326172 0.146973
vt 0.250977 0.138916
vt 0.325195 0.160400
vt 0.234619 0.131836
vt 0.249512 0.150879
vt 0.319336 0.177734
vt 0.232422 0.146973
vt 0.214600 0.144287
vt 0.216064 0.129395
vt 0.197754 0.145996
vt 0.216309 0.155518
vt 0.197754 0.160889
vt 0.233643 0.158936
vt 0.251221 0.159912
vt 0.314941 0.182373
vt 0.311035 0.190674
vt 0.217773 0.168945
vt 0.201660 0.172363
vt 0.247314 0.170654
vt 0.229980 0.166992
vt 0.217285 0.178223
vt 0.248779 0.177246
vt 0.308350 0.200684
vt 0.231201 0.173584
vt 0.300049 0.211182
vt 0.204102 0.183105
vt 0.189453 0.182861
vt 0.194580 0.190430
vt 0.211182 0.191162
vt 0.200928 0.197998
vt 0.205811 0.204102
vt 0.213135 0.204346
vt 0.220459 0.187988
vt 0.223389 0.198242
vt 0.222168 0.207031
vt 0.232666 0.187012
vt 0.234619 0.199463
vt 0.231201 0.206543
vt 0.243896 0.187744
vt 0.241455 0.202637
vt 0.239746 0.212158
vt 0.292725 0.226318
vt 0.287354 0.233643
vt 0.585693 0.013428
vt 0.586670 0.013428
vt 0.585938 0.014648
vt 0.586670 0.014648
vt 0.584717 0.014648
vt 0.584717 0.013428
vt 0.586670 0.015869
vt 0.587158 0.014648
vt 0.585938 0.015869
vt 0.584961 0.015869
vt 0.583252 0.013672
vt 0.583252 0.012207
vt 0.583984 0.016113
vt 0.586914 0.020264
vt 0.588135 0.016357
vt 0.587891 0.021484
vt 0.586182 0.020020
vt 0.585205 0.020020
vt 0.583496 0.020264
vt 0.581543 0.022461
vt 0.584473 0.020264
vt 0.581543 0.020996
vt 0.583008 0.016113
vt 0.582520 0.020508
vt 0.582275 0.016357
vt 0.581543 0.016357
vt 0.580811 0.016602
vt 0.580811 0.020996
vt 0.581299 0.015137
vt 0.582031 0.014893
vt 0.581055 0.014404
vt 0.582764 0.014893
vt 0.582031 0.013916
vt 0.583740 0.014648
vt 0.263916 0.014893
vt 0.262451 0.014404
vt 0.263672 0.013672
vt 0.262451 0.013428
vt 0.265869 0.020752
vt 0.264404 0.021484
vt 0.264648 0.011963
vt 0.263184 0.011230
vt 0.265869 0.022949
vt 0.264160 0.008301
vt 0.267090 0.021973
vt 0.268555 0.022705
vt 0.267822 0.024658
vt 0.266113 0.010498
vt 0.272217 0.008301
vt 0.272949 0.006348
vt 0.274170 0.008057
vt 0.275146 0.006592
vt 0.275391 0.008789
vt 0.276855 0.007812
vt 0.276367 0.009766
vt 0.277832 0.009277
vt 0.277832 0.018311
vt 0.280518 0.016602
vt 0.278809 0.016357
vt 0.278809 0.017334
vt 0.280273 0.018066
vt 0.278564 0.019775
vt 0.277588 0.020752
vt 0.276611 0.019531
vt 0.270020 0.022705
vt 0.270508 0.024414
vt 0.270508 0.026123
vt 0.064697 0.018555
vt 0.063232 0.019287
vt 0.062256 0.017578
vt 0.063721 0.017334
vt 0.065918 0.017334
vt 0.056641 0.017578
vt 0.055908 0.019287
vt 0.062744 0.015869
vt 0.064697 0.016113
vt 0.066650 0.015381
vt 0.055664 0.017090
vt 0.054443 0.018555
vt 0.064941 0.014404
vt 0.065918 0.007568
vt 0.063232 0.014893
vt 0.064941 0.008057
vt 0.063232 0.013916
vt 0.062256 0.014893
vt 0.064697 0.007812
vt 0.065918 0.005615
vt 0.062988 0.008545
vt 0.062500 0.013672
vt 0.061523 0.015137
vt 0.061523 0.016113
vt 0.064209 0.006104
vt 0.064941 0.003906
vt 0.062744 0.007568
vt 0.063721 0.005371
vt 0.063477 0.003174
vt 0.057861 0.016113
vt 0.057861 0.015137
vt 0.056641 0.015625
vt 0.061523 0.013672
vt 0.057129 0.014648
vt 0.062256 0.008789
vt 0.057861 0.013672
vt 0.061035 0.008789
vt 0.062012 0.007568
vt 0.060791 0.008789
vt 0.061279 0.007324
vt 0.057861 0.008545
vt 0.062500 0.006592
vt 0.056641 0.013672
vt 0.062256 0.004639
vt 0.056152 0.002930
vt 0.061279 0.006348
vt 0.056885 0.004639
vt 0.054932 0.003662
vt 0.057861 0.007324
vt 0.057617 0.006348
vt 0.055664 0.005127
vt 0.053467 0.005127
vt 0.056641 0.008545
vt 0.056885 0.007568
vt 0.056396 0.006592
vt 0.054688 0.006104
vt 0.052734 0.007080
vt 0.055908 0.007324
vt 0.055908 0.008545
vt 0.054199 0.008057
vt 0.054199 0.014648
vt 0.055908 0.013672
vt 0.056152 0.014893
vt 0.054688 0.016357
vt 0.053467 0.017334
vt 0.052734 0.532471
vt 0.050781 0.534668
vt 0.049561 0.531982
vt 0.060547 0.567871
vt 0.046631 0.533691
vt 0.045654 0.532227
vt 0.050293 0.530518
vt 0.060303 0.497314
vt 0.020020 0.748047
vt 0.018799 0.748291
vt 0.020508 0.746094
vt 0.021729 0.748291
vt 0.023438 0.747070
vt 0.017334 0.746094
vt 0.007324 0.783447
vt 0.031982 0.731689
vt 0.030273 0.730713
vt 0.003418 0.705566
vt 0.033447 0.732178
vt 0.038086 0.733398
vt 0.025635 0.747803
vt 0.039551 0.732178
vt 0.041016 0.731445
vt 0.037598 0.730957
vt 0.184082 0.010498
vt 0.185547 0.011719
vt 0.182373 0.012695
vt 0.181152 0.011475
vt 0.170898 0.025635
vt 0.186035 0.015137
vt 0.187744 0.011963
vt 0.183594 0.013916
vt 0.172607 0.026123
vt 0.169678 0.028564
vt 0.157715 0.007568
vt 0.176514 0.028320
vt 0.206055 0.029785
vt 0.174072 0.027344
vt 0.195068 0.043701
vt 0.171387 0.029053
vt 0.173096 0.030029
vt 0.176514 0.031982
vt 0.192139 0.045654
vt 0.196777 0.045898
vt 0.174316 0.033936
vt 0.172119 0.031738
vt 0.169678 0.031738
vt 0.147461 0.028320
vt 0.195312 0.047852
vt 0.197754 0.047119
vt 0.198730 0.048340
vt 0.196533 0.049561
vt 0.191650 0.047852
vt 0.193848 0.049072
vt 0.193604 0.051270
vt 0.196777 0.051514
vt 0.191650 0.049316
vt 0.172852 0.034424
vt 0.176025 0.055908
vt 0.145752 0.046387
vt 0.972168 0.438232
vt 0.972168 0.322754
vt 0.980469 0.322754
vt 0.954102 0.997070
vt 0.840576 0.997070
vt 0.953613 0.988037
vt 0.087158 0.944092
vt 0.099854 0.939941
vt 0.097900 0.977295
vt 0.651123 0.189209
vt 0.529785 0.189209
vt 0.635498 0.147705
vt 0.705322 0.013184
vt 0.707031 0.014648
vt 0.706299 0.015869
vt 0.716553 0.023438
vt 0.717285 0.025635
vt 0.729980 0.004395
vt 0.715576 0.024414
vt 0.716309 0.026367
vt 0.718750 0.030518
vt 0.728027 0.023438
vt 0.716797 0.029297
vt 0.715332 0.027588
vt 0.714355 0.024902
vt 0.704346 0.018311
vt 0.704102 0.015381
vt 0.702637 0.016846
vt 0.715820 0.031250
vt 0.746826 0.041748
vt 0.717773 0.032227
vt 0.703613 0.045654
vt 0.702393 0.020264
vt 0.700684 0.017578
vt 0.713623 0.026611
vt 0.702148 0.043945
vt 0.713867 0.029785
vt 0.712402 0.028320
vt 0.697510 0.040771
vt 0.700928 0.046631
vt 0.700195 0.045166
vt 0.698486 0.047852
vt 0.700195 0.041748
vt 0.698242 0.043457
vt 0.697266 0.044922
vt 0.696289 0.042480
vt 0.346680 0.307617
vt 0.345703 0.310059
vt 0.340088 0.306396
vt 0.337891 0.310303
vt 0.343018 0.302490
vt 0.337402 0.302734
vt 0.344238 0.296875
vt 0.338379 0.293457
vt 0.353027 0.303955
vt 0.305420 0.429688
vt 0.323730 0.231201
vt 0.329102 0.233398
vt 0.467773 0.239502
vt 0.311279 0.230957
vt 0.326660 0.291748
vt 0.299561 0.227051
vt 0.999512 0.220459
vt 0.999512 0.335938
vt 0.990479 0.335938
vt 0.849609 0.451660
vt 0.843262 0.452881
vt 0.843506 0.449951
vt 0.848389 0.449463
vt 0.850098 0.446777
vt 0.844482 0.447266
vt 0.853271 0.447998
vt 0.855225 0.449951
vt 0.848145 0.443848
vt 0.857422 0.445557
vt 0.861328 0.448242
vt 0.853760 0.444092
vt 0.863281 0.424072
vt 0.809326 0.432373
vt 0.868896 0.424805
vt 0.872070 0.427490
vt 0.874512 0.422607
vt 0.879883 0.428223
vt 0.912842 0.505127
vt 0.878174 0.424561
vt 0.875977 0.419678
vt 0.912109 0.354736
vt 0.009766 0.692383
vt 0.011475 0.691162
vt 0.015381 0.691895
vt 0.012695 0.652832
vt 0.006348 0.693604
vt 0.008545 0.695068
vt 0.011230 0.693604
vt 0.010986 0.695312
vt 0.014648 0.694092
vt 0.035889 0.725830
vt 0.953125 0.395996
vt 0.944824 0.395996
vt 0.953125 0.280273
vt 0.003662 0.088135
vt 0.005127 0.087158
vt 0.007324 0.087891
vt 0.006348 0.085449
vt 0.006348 0.088623
vt 0.008789 0.086426
vt 0.013184 0.053711
vt 0.014160 0.098877
vt 0.012939 0.099609
vt 0.011719 0.100586
vt 0.004639 0.089844
vt 0.010254 0.101807
vt 0.001953 0.091309
vt 0.941650 0.208252
vt 0.999756 0.188965
vt 0.976807 0.318115
vt 0.012695 0.460938
vt 0.012695 0.528809
vt 0.007568 0.460938
vt 0.059570 0.058594
vt 0.056885 0.023682
vt 0.059570 0.023682
vt 0.062256 0.023682
vt 0.021484 0.314941
vt 0.020264 0.316406
vt 0.019531 0.314941
vt 0.021729 0.313232
vt 0.047119 0.336670
vt 0.005615 0.313965
vt 0.010986 0.280762
vt 0.000244 0.508545
vt 0.005615 0.508545
vt 0.000244 0.576416
vt 0.955322 0.658203
vt 0.955322 0.774170
vt 0.946533 0.658936
vt 0.104736 0.026855
vt 0.108887 0.027588
vt 0.105713 0.028809
vt 0.105713 0.038818
vt 0.105713 0.024902
vt 0.108398 0.041504
vt 0.104004 0.023926
vt 0.104492 0.041504
vt 0.106201 0.043701
vt 0.103027 0.043457
vt 0.103760 0.045410
vt 0.100830 0.043945
vt 0.101318 0.045898
vt 0.090820 0.045898
vt 0.089844 0.040771
vt 0.091797 0.043701
vt 0.090576 0.042969
vt 0.088867 0.044678
vt 0.086426 0.042236
vt 0.084229 0.040527
vt 0.088379 0.039062
vt 0.087402 0.030518
vt 0.085938 0.028809
vt 0.084229 0.028320
vt 0.086914 0.024658
vt 0.088867 0.027100
vt 0.089844 0.023193
vt 0.091064 0.025391
vt 0.093018 0.024414
vt 0.092041 0.021729
vt 0.102295 0.022705
vt 0.101562 0.024658
vt 0.103027 0.025146
vt 0.751709 0.025879
vt 0.752930 0.023193
vt 0.754639 0.025146
vt 0.755859 0.023926
vt 0.754883 0.021729
vt 0.753906 0.027344
vt 0.758057 0.023193
vt 0.751709 0.037109
vt 0.757080 0.026123
vt 0.756836 0.020752
vt 0.756348 0.026855
vt 0.765869 0.023926
vt 0.767090 0.021729
vt 0.767334 0.024902
vt 0.769043 0.022949
vt 0.765625 0.027100
vt 0.768311 0.026367
vt 0.770508 0.024658
vt 0.769043 0.028320
vt 0.763916 0.026123
vt 0.759033 0.025635
vt 0.763672 0.027344
vt 0.766357 0.027832
vt 0.764893 0.027832
vt 0.758789 0.026855
vt 0.757568 0.027344
vt 0.765381 0.029297
vt 0.756104 0.028564
vt 0.757080 0.029053
vt 0.753174 0.036377
vt 0.755859 0.035889
vt 0.753418 0.036865
vt 0.751465 0.039795
vt 0.758789 0.029053
vt 0.757080 0.035889
vt 0.755859 0.037842
vt 0.754150 0.039062
vt 0.752930 0.042236
vt 0.754883 0.040527
vt 0.754883 0.043701
vt 0.756836 0.041748
vt 0.765137 0.044922
vt 0.756836 0.038574
vt 0.757324 0.037354
vt 0.758545 0.037842
vt 0.758301 0.039307
vt 0.764404 0.042480
vt 0.767090 0.043945
vt 0.759033 0.036377
vt 0.766113 0.041748
vt 0.769287 0.041748
vt 0.763184 0.039795
vt 0.763184 0.038330
vt 0.763428 0.036377
vt 0.758545 0.035889
vt 0.763672 0.029785
vt 0.764893 0.036621
vt 0.764404 0.038086
vt 0.765869 0.036621
vt 0.764648 0.039551
vt 0.765625 0.038574
vt 0.767578 0.040039
vt 0.770264 0.039307
vt 0.768311 0.037598
vt 0.766357 0.029297
vt 0.742920 0.033936
vt 0.744141 0.031982
vt 0.745117 0.033447
vt 0.742676 0.033203
vt 0.746338 0.031006
vt 0.741699 0.032227
vt 0.744141 0.031006
vt 0.745605 0.030273
vt 0.746826 0.028809
vt 0.744629 0.028809
vt 0.745850 0.027100
vt 0.744873 0.026123
vt 0.743164 0.030029
vt 0.743408 0.027832
vt 0.742188 0.029541
vt 0.740967 0.030762
vt 0.740234 0.030029
vt 0.740967 0.027832
vt 0.739746 0.029541
vt 0.739502 0.028809
vt 0.739014 0.028076
vt 0.739746 0.026611
vt 0.738525 0.027100
vt 0.742432 0.026367
vt 0.739014 0.025391
vt 0.737793 0.025635
vt 0.740967 0.025879
vt 0.738281 0.024414
vt 0.737549 0.024902
vt 0.736816 0.024414
vt 0.739746 0.024658
vt 0.741455 0.024414
vt 0.742432 0.024658
vt 0.743652 0.025146
vt 0.745361 0.024170
vt 0.744141 0.023682
vt 0.745605 0.022461
vt 0.742676 0.023193
vt 0.744141 0.021729
vt 0.747070 0.015381
vt 0.745117 0.015381
vt 0.743652 0.015625
vt 0.742920 0.021729
vt 0.742188 0.015625
vt 0.741211 0.022461
vt 0.741455 0.021240
vt 0.740234 0.015381
vt 0.740479 0.023682
vt 0.740234 0.021240
vt 0.739746 0.021729
vt 0.738770 0.023926
vt 0.738770 0.022949
vt 0.739502 0.020752
vt 0.739258 0.015625
vt 0.738281 0.015625
vt 0.739014 0.022217
vt 0.738525 0.020752
vt 0.738037 0.021729
vt 0.737549 0.020508
vt 0.736084 0.020264
vt 0.737061 0.015381
vt 0.737305 0.021484
vt 0.736084 0.020996
vt 0.737061 0.021973
vt 0.735596 0.021729
vt 0.737793 0.022217
vt 0.737305 0.022949
vt 0.736572 0.022461
vt 0.738037 0.023438
vt 0.737793 0.023926
vt 0.737061 0.023438
vt 0.736328 0.023926
vt 0.736084 0.022949
vt 0.735352 0.023193
vt 0.734863 0.022217
vt 0.734375 0.022705
vt 0.734375 0.021729
vt 0.481689 0.004395
vt 0.483398 0.005127
vt 0.481445 0.004883
vt 0.481689 0.006104
vt 0.482910 0.006348
vt 0.481445 0.007812
vt 0.484619 0.006836
vt 0.485352 0.006104
vt 0.486328 0.004883
vt 0.483887 0.008057
vt 0.486084 0.007568
vt 0.487305 0.006836
vt 0.488037 0.005859
vt 0.489014 0.005371
vt 0.489258 0.007324
vt 0.482666 0.008057
vt 0.482422 0.009033
vt 0.481201 0.009766
vt 0.482910 0.009766
vt 0.481934 0.010742
vt 0.481445 0.010742
vt 0.481934 0.011963
vt 0.481201 0.011230
vt 0.480469 0.011719
vt 0.482666 0.010986
vt 0.483154 0.012207
vt 0.482178 0.012695
vt 0.483154 0.013428
vt 0.484375 0.010254
vt 0.483643 0.011230
vt 0.483887 0.012939
vt 0.483643 0.014404
vt 0.485596 0.009277
vt 0.484863 0.010986
vt 0.484375 0.011963
vt 0.484375 0.013916
vt 0.485840 0.019775
vt 0.487305 0.008545
vt 0.486572 0.011230
vt 0.488281 0.008057
vt 0.487793 0.010254
vt 0.488770 0.009521
vt 0.489990 0.009033
vt 0.485352 0.012207
vt 0.490479 0.015869
vt 0.488770 0.016357
vt 0.484863 0.012695
vt 0.487793 0.017090
vt 0.492188 0.015625
vt 0.486816 0.018555
vt 0.486572 0.020508
vt 0.494141 0.019775
vt 0.489014 0.020996
vt 0.492188 0.020508
vt 0.496338 0.015869
vt 0.496094 0.018066
vt 0.493652 0.015137
vt 0.495117 0.015137
vt 0.493652 0.008301
vt 0.494873 0.007812
vt 0.491455 0.009033
vt 0.493652 0.006104
vt 0.490234 0.007080
vt 0.490723 0.004883
vt 0.492188 0.006348
vt 0.492432 0.004639
vt 0.041260 0.972900
vt 0.039307 0.974121
vt 0.022949 0.949219
vt 0.043457 0.972168
vt 0.019531 0.951904
vt 0.034668 0.976074
vt 0.026123 0.947510
vt 0.014648 0.953369
vt 0.029053 0.977051
vt 0.016602 0.944824
vt 0.029053 0.945801
vt 0.048096 0.968994
vt 0.020508 0.942139
vt 0.023682 0.940918
vt 0.033203 0.942871
vt 0.052734 0.965332
vt 0.028809 0.937500
vt 0.035889 0.940918
vt 0.054932 0.961670
vt 0.039062 0.937744
vt 0.056885 0.959961
vt 0.032471 0.934326
vt 0.024658 0.930664
vt 0.041504 0.937012
vt 0.058594 0.958252
vt 0.060059 0.954590
vt 0.062256 0.951416
vt 0.028076 0.930176
vt 0.035645 0.932617
vt 0.032959 0.927002
vt 0.028809 0.921631
vt 0.037598 0.925293
vt 0.040039 0.928955
vt 0.044189 0.932861
vt 0.025146 0.923096
vt 0.044678 0.927246
vt 0.048340 0.930176
vt 0.064941 0.946777
vt 0.047607 0.925293
vt 0.052002 0.927246
vt 0.066895 0.944092
vt 0.053223 0.925781
vt 0.067627 0.941406
vt 0.051025 0.923096
vt 0.056152 0.924561
vt 0.052979 0.920898
vt 0.069824 0.939209
vt 0.049316 0.919678
vt 0.055908 0.919922
vt 0.058105 0.922607
vt 0.071045 0.936523
vt 0.072266 0.939453
vt 0.073242 0.933350
vt 0.073730 0.936523
vt 0.060547 0.919922
vt 0.059326 0.917725
vt 0.057373 0.913818
vt 0.060547 0.912842
vt 0.054443 0.916260
vt 0.058350 0.909180
vt 0.062256 0.909668
vt 0.056396 0.911621
vt 0.051514 0.916260
vt 0.061035 0.907715
vt 0.064209 0.905762
vt 0.060791 0.905273
vt 0.058105 0.906250
vt 0.058594 0.892334
vt 0.054688 0.894043
vt 0.055664 0.908203
vt 0.051270 0.894287
vt 0.053223 0.913086
vt 0.052246 0.909668
vt 0.050293 0.913818
vt 0.048584 0.895508
vt 0.045898 0.894043
vt 0.049072 0.910400
vt 0.045898 0.911865
vt 0.048340 0.917480
vt 0.047363 0.915283
vt 0.040771 0.910645
vt 0.039307 0.894531
vt 0.040283 0.914307
vt 0.045166 0.917725
vt 0.046143 0.922119
vt 0.035889 0.910889
vt 0.033691 0.894287
vt 0.041504 0.924072
vt 0.040283 0.918945
vt 0.034424 0.916992
vt 0.030273 0.911621
vt 0.028320 0.894775
vt 0.028564 0.916504
vt 0.020996 0.895996
vt 0.025146 0.913086
vt 0.024414 0.917725
vt 0.022705 0.913330
vt 0.018799 0.914062
vt 0.016602 0.896484
vt 0.020020 0.920166
vt 0.005127 0.901611
vt 0.009521 0.898926
vt 0.012695 0.917236
vt 0.022217 0.925781
vt 0.014404 0.923340
vt 0.016602 0.928711
vt 0.011230 0.925537
vt 0.009766 0.919678
vt 0.006836 0.923096
vt 0.019287 0.934082
vt 0.012939 0.931396
vt 0.016846 0.936768
vt 0.007080 0.929199
vt 0.004395 0.929932
vt 0.009277 0.932373
vt 0.012939 0.938965
vt 0.010742 0.940430
vt 0.007324 0.934814
vt 0.005615 0.941895
vt 0.002930 0.935303
vt 0.015137 0.946777
vt 0.010742 0.948975
vt 0.004395 0.946533
vt 0.000244 0.939941
vt 0.001221 0.946289
vt 0.008301 0.950684
vt 0.010986 0.955566
vt 0.022217 0.978516
vt 0.005859 0.952637
vt 0.006836 0.957764
vt 0.018799 0.979492
vt 0.002686 0.950439
vt 0.000244 0.950684
vt 0.001709 0.954590
vt 0.000000 0.956543
vt 0.003662 0.958496
vt 0.015381 0.979492
vt 0.001221 0.959961
vt 0.011475 0.979248
vt 0.446045 0.005859
vt 0.449951 0.002197
vt 0.449707 0.007568
vt 0.455811 0.002686
vt 0.447266 0.028564
vt 0.456055 0.007812
vt 0.462402 0.003906
vt 0.451904 0.024414
vt 0.455811 0.023193
vt 0.460205 0.023438
vt 0.462158 0.008545
vt 0.465820 0.008057
vt 0.465332 0.026123
vt 0.468750 0.035156
vt 0.468506 0.030518
vt 0.466797 0.041260
vt 0.445312 0.041992
vt 0.457764 0.046631
vt 0.451416 0.046875
vt 0.463135 0.045898
vt 0.724609 0.082275
vt 0.726074 0.080566
vt 0.726074 0.082031
vt 0.724609 0.080322
vt 0.717773 0.080322
vt 0.728271 0.082764
vt 0.728271 0.081055
vt 0.726562 0.084473
vt 0.717773 0.082275
vt 0.715820 0.080566
vt 0.724854 0.084717
vt 0.727783 0.086426
vt 0.730225 0.083740
vt 0.730957 0.081787
vt 0.784424 0.103760
vt 0.770508 0.125977
vt 0.726318 0.087158
vt 0.748535 0.141357
vt 0.717773 0.084717
vt 0.717773 0.087646
vt 0.720703 0.146240
vt 0.716064 0.082031
vt 0.713623 0.081299
vt 0.716064 0.087646
vt 0.720459 0.146240
vt 0.716064 0.084473
vt 0.714111 0.082764
vt 0.712158 0.084229
vt 0.675049 0.129150
vt 0.711182 0.082520
vt 0.660400 0.110352
vt 0.078125 0.747803
vt 0.079346 0.747803
vt 0.078125 0.880615
vt 0.083984 0.747803
vt 0.088867 0.747803
vt 0.083984 0.880615
vt 0.096436 0.743408
vt 0.096436 0.610596
vt 0.097656 0.610596
vt 0.112305 0.545654
vt 0.112305 0.678467
vt 0.107178 0.545654
vt 0.099365 0.880615
vt 0.099365 0.747803
vt 0.100830 0.747803
vt 0.028564 0.136230
vt 0.030518 0.135254
vt 0.031494 0.136719
vt 0.029053 0.136963
vt 0.026855 0.137695
vt 0.039307 0.137207
vt 0.040527 0.135742
vt 0.042725 0.136475
vt 0.038818 0.138916
vt 0.041260 0.137451
vt 0.042725 0.138916
vt 0.044434 0.138428
vt 0.040527 0.139404
vt 0.043213 0.140869
vt 0.045166 0.140381
vt 0.040771 0.141113
vt 0.043701 0.188965
vt 0.045166 0.189697
vt 0.044189 0.191650
vt 0.041504 0.188721
vt 0.042725 0.190918
vt 0.041504 0.192627
vt 0.041992 0.193359
vt 0.041016 0.190674
vt 0.039551 0.192627
vt 0.040527 0.194336
vt 0.039551 0.190918
vt 0.039795 0.188721
vt 0.031738 0.190430
vt 0.031494 0.192383
vt 0.030029 0.193604
vt 0.027832 0.192871
vt 0.038574 0.141113
vt 0.031982 0.188232
vt 0.031250 0.138672
vt 0.030762 0.140625
vt 0.029785 0.138916
vt 0.029053 0.140625
vt 0.029785 0.188232
vt 0.027832 0.138428
vt 0.027588 0.140625
vt 0.025635 0.139893
vt 0.025635 0.188965
vt 0.027588 0.188721
vt 0.026367 0.191162
vt 0.029785 0.190186
vt 0.027588 0.190674
vt 0.029541 0.191895
vt 0.085449 0.610596
vt 0.085449 0.743408
vt 0.084229 0.610596
vt 0.090332 0.610596
vt 0.091797 0.610596
vt 0.090088 0.743408
vt 0.731201 0.528320
vt 0.779541 0.556396
vt 0.778320 0.557861
vt 0.775879 0.515625
vt 0.787842 0.549316
vt 0.781006 0.557861
vt 0.723145 0.532227
vt 0.777832 0.559570
vt 0.779541 0.560791
vt 0.779541 0.562744
vt 0.780273 0.559082
vt 0.781250 0.562500
vt 0.822998 0.756592
vt 0.781250 0.560791
vt 0.782959 0.562012
vt 0.782227 0.559570
vt 0.788086 0.555176
vt 0.787842 0.553955
vt 0.787842 0.551758
vt 0.789551 0.552979
vt 0.789795 0.550537
vt 0.789307 0.549072
vt 0.816162 0.502930
vt 0.790283 0.548096
vt 0.824951 0.500488
vt 0.072021 0.747803
vt 0.073486 0.747803
vt 0.072021 0.880615
vt 0.079590 0.610596
vt 0.079590 0.743408
vt 0.078125 0.610596
vt 0.610107 0.105957
vt 0.611572 0.105957
vt 0.610107 0.108154
vt 0.611572 0.062744
vt 0.702393 0.235107
vt 0.701904 0.236816
vt 0.578857 0.194092
vt 0.715576 0.193848
vt 0.102051 0.610596
vt 0.104004 0.610596
vt 0.102051 0.743408
vt 0.093018 0.880615
vt 0.093018 0.747803
vt 0.094971 0.747803
vt 0.508545 0.238281
vt 0.551025 0.371094
vt 0.508545 0.371094
vt 0.506592 0.371094
vt 0.107910 0.820068
vt 0.105957 0.952881
vt 0.105957 0.820068
vt 0.104248 0.820068
vt 0.691650 0.997559
vt 0.691650 0.999023
vt 0.561279 0.997559
vt 0.691650 0.992676
vt 0.288818 0.554688
vt 0.268311 0.460205
vt 0.276123 0.458984
vt 0.278076 0.458252
vt 0.273193 0.458008
vt 0.274902 0.457764
vt 0.275635 0.456543
vt 0.288818 0.360840
vt 0.272949 0.457031
vt 0.269775 0.458008
vt 0.268799 0.457031
vt 0.401367 0.995605
vt 0.401367 0.996826
vt 0.270996 0.995605
vt 0.107422 0.682861
vt 0.108887 0.682861
vt 0.107422 0.815674
vt 0.072998 0.220947
vt 0.072998 0.218994
vt 0.203125 0.220947
vt 0.072998 0.264404
vt 0.930908 0.552002
vt 0.929688 0.456299
vt 0.934326 0.551758
vt 0.933105 0.553711
vt 0.926270 0.583252
vt 0.225586 0.984863
vt 0.212402 0.943604
vt 0.336182 0.902588
vt 0.211670 0.941650
vt 0.073730 0.610596
vt 0.073730 0.743408
vt 0.071777 0.610596
vt 0.987305 0.025146
vt 0.981445 0.023438
vt 0.986328 0.001221
vt 0.976807 0.001709
vt 0.998291 0.000000
vt 0.999023 0.024414
vt 0.994385 0.046631
vt 0.978027 0.045654
vt 0.983643 0.064941
vt 0.968750 0.027832
vt 0.962891 0.005127
vt 0.964600 0.050049
vt 0.966553 0.069824
vt 0.955811 0.051270
vt 0.955811 0.028564
vt 0.948975 0.002930
vt 0.942627 0.047119
vt 0.943115 0.024414
vt 0.939697 0.002930
vt 0.933838 0.003418
vt 0.927979 0.024902
vt 0.928467 0.043701
vt 0.927246 0.000977
vt 0.914062 0.021240
vt 0.914795 0.005127
vt 0.564941 0.813721
vt 0.555176 0.808838
vt 0.620361 0.778564
vt 0.575928 0.819580
vt 0.613037 0.770020
vt 0.611084 0.761963
vt 0.625732 0.757324
vt 0.630371 0.764160
vt 0.638184 0.749023
vt 0.623047 0.786377
vt 0.584229 0.826416
vt 0.632080 0.775879
vt 0.640137 0.755127
vt 0.652832 0.751709
vt 0.650879 0.742920
vt 0.643311 0.771729
vt 0.655273 0.762939
vt 0.664551 0.750000
vt 0.645020 0.782715
vt 0.668457 0.764404
vt 0.677490 0.752930
vt 0.681885 0.758301
vt 0.667236 0.777100
vt 0.656250 0.776611
vt 0.638428 0.786377
vt 0.657471 0.793213
vt 0.628418 0.796631
vt 0.642090 0.795166
vt 0.638184 0.806641
vt 0.594727 0.836426
vt 0.650635 0.797607
vt 0.643311 0.801514
vt 0.638184 0.812744
vt 0.597412 0.839844
vt 0.604736 0.843994
vt 0.644531 0.808105
vt 0.643066 0.819092
vt 0.609375 0.853271
vt 0.652100 0.803955
vt 0.651367 0.817383
vt 0.649658 0.830078
vt 0.613770 0.862793
vt 0.653076 0.836182
vt 0.656250 0.826660
vt 0.659912 0.832520
vt 0.660889 0.824707
vt 0.666992 0.830566
vt 0.658691 0.813721
vt 0.668945 0.822266
vt 0.659424 0.800049
vt 0.668701 0.810547
vt 0.667480 0.798340
vt 0.666992 0.788818
vt 0.673828 0.821045
vt 0.677002 0.809570
vt 0.675293 0.795898
vt 0.673584 0.789795
vt 0.677002 0.827881
vt 0.674805 0.836670
vt 0.708252 0.806885
vt 0.687256 0.828857
vt 0.682129 0.834473
vt 0.685547 0.841064
vt 0.715088 0.797852
vt 0.709961 0.814941
vt 0.684082 0.822021
vt 0.713135 0.822266
vt 0.719238 0.828857
vt 0.691650 0.834961
vt 0.691895 0.839844
vt 0.692139 0.852051
vt 0.726807 0.837158
vt 0.744629 0.844238
vt 0.697266 0.858398
vt 0.755127 0.827393
vt 0.732910 0.760010
vt 0.718994 0.769531
vt 0.715576 0.776855
vt 0.675293 0.774414
vt 0.714600 0.785645
vt 0.627930 0.865234
vt 0.644531 0.851807
vt 0.653076 0.864258
vt 0.638916 0.870117
vt 0.651855 0.878174
vt 0.659912 0.875977
vt 0.631836 0.881836
vt 0.645264 0.890625
vt 0.661621 0.888672
vt 0.670410 0.886230
vt 0.619873 0.875732
vt 0.610107 0.872803
vt 0.609375 0.891357
vt 0.636475 0.903564
vt 0.622314 0.903320
vt 0.649902 0.909912
vt 0.599121 0.888672
vt 0.588867 0.879639
vt 0.582031 0.897705
vt 0.594727 0.901855
vt 0.608643 0.904541
vt 0.593506 0.918945
vt 0.578613 0.919922
vt 0.603027 0.922363
vt 0.593506 0.986084
vt 0.582031 0.989990
vt 0.602783 0.984131
vt 0.611816 0.921143
vt 0.608643 0.982666
vt 0.627930 0.987549
vt 0.622314 0.923828
vt 0.618164 0.981689
vt 0.634521 0.913330
vt 0.635742 0.926514
vt 0.652344 0.977783
vt 0.648193 0.924072
vt 0.654297 0.927979
vt 0.650635 0.914307
vt 0.656982 0.918213
vt 0.664062 0.928223
vt 0.661865 0.979736
vt 0.674805 0.981201
vt 0.659424 0.908447
vt 0.676270 0.930664
vt 0.688721 0.933105
vt 0.686523 0.985352
vt 0.678955 0.921631
vt 0.691162 0.924805
vt 0.666748 0.918213
vt 0.682129 0.913086
vt 0.696045 0.915527
vt 0.671631 0.907227
vt 0.688965 0.903809
vt 0.677490 0.899902
vt 0.665527 0.900635
vt 0.683105 0.894287
vt 0.693848 0.896973
vt 0.674805 0.890381
vt 0.698975 0.907715
vt 0.706299 0.898438
vt 0.705322 0.913574
vt 0.668701 0.895508
vt 0.706543 0.906982
vt 0.713867 0.901123
vt 0.718750 0.909912
vt 0.665283 0.893311
vt 0.659912 0.900635
vt 0.653076 0.897705
vt 0.937744 0.713135
vt 0.930420 0.711914
vt 0.933594 0.639893
vt 0.923340 0.640869
vt 0.915771 0.713379
vt 0.927246 0.621582
vt 0.938232 0.622803
vt 0.934082 0.604736
vt 0.923096 0.604004
vt 0.930176 0.588135
vt 0.920898 0.587646
vt 0.914307 0.589111
vt 0.912354 0.641113
vt 0.902588 0.708740
vt 0.919434 0.623535
vt 0.919434 0.604492
vt 0.899658 0.592041
vt 0.905273 0.607178
vt 0.890869 0.594971
vt 0.909180 0.625244
vt 0.905273 0.641113
vt 0.900635 0.627686
vt 0.898193 0.610840
vt 0.901611 0.640869
vt 0.892822 0.707764
vt 0.891113 0.643555
vt 0.884521 0.707520
vt 0.882568 0.601318
vt 0.876709 0.590088
vt 0.887939 0.612793
vt 0.873047 0.605713
vt 0.870361 0.594971
vt 0.890625 0.626709
vt 0.879150 0.617920
vt 0.885498 0.629883
vt 0.882812 0.646729
vt 0.877197 0.704346
vt 0.864990 0.600586
vt 0.856934 0.595215
vt 0.858643 0.585938
vt 0.859375 0.608887
vt 0.851562 0.603027
vt 0.850342 0.612061
vt 0.872314 0.648193
vt 0.865723 0.703857
vt 0.854004 0.694336
vt 0.874756 0.634521
vt 0.862305 0.645752
vt 0.845703 0.692627
vt 0.864502 0.638672
vt 0.871338 0.623047
vt 0.862793 0.627441
vt 0.866943 0.614502
vt 0.858643 0.618896
vt 0.850586 0.623047
vt 0.856445 0.628174
vt 0.852051 0.630371
vt 0.845703 0.630859
vt 0.855957 0.639160
vt 0.847656 0.638428
vt 0.855225 0.647461
vt 0.848633 0.645996
vt 0.840576 0.689941
vt 0.159912 0.518066
vt 0.168945 0.528076
vt 0.148438 0.528320
vt 0.162109 0.533936
vt 0.154541 0.541260
vt 0.141846 0.533203
vt 0.166992 0.544922
vt 0.155273 0.554932
vt 0.162598 0.558350
vt 0.152100 0.564209
vt 0.184814 0.537598
vt 0.197754 0.527832
vt 0.176270 0.556641
vt 0.164795 0.563965
vt 0.156494 0.575684
vt 0.191406 0.556152
vt 0.198730 0.548584
vt 0.211182 0.543701
vt 0.214111 0.522461
vt 0.178467 0.566406
vt 0.164795 0.573730
vt 0.204834 0.558594
vt 0.218506 0.556396
vt 0.225586 0.542236
vt 0.230469 0.521240
vt 0.201416 0.574463
vt 0.243408 0.538574
vt 0.251953 0.535400
vt 0.229248 0.559082
vt 0.216309 0.577148
vt 0.239746 0.556885
vt 0.252686 0.556885
vt 0.267578 0.562744
vt 0.266357 0.539551
vt 0.243164 0.578369
vt 0.251465 0.580811
vt 0.263184 0.585693
vt 0.243652 0.651855
vt 0.236084 0.646973
vt 0.256104 0.671875
vt 0.230225 0.576172
vt 0.220459 0.636230
vt 0.204590 0.636719
vt 0.192627 0.633057
vt 0.187256 0.633545
vt 0.158691 0.637939
vt 0.186768 0.576416
vt 0.173584 0.631592
vt 0.176025 0.580078
vt 0.166260 0.583984
vt 0.158203 0.585938
vt 0.145264 0.647461
vt 0.157715 0.668701
vt 0.146729 0.655518
vt 0.150146 0.666992
vt 0.197510 0.683350
vt 0.233887 0.681396
vt 0.244385 0.678955
vt 0.145996 0.012695
vt 0.146729 0.012695
vt 0.146973 0.014404
vt 0.148438 0.012451
vt 0.146240 0.014404
vt 0.145020 0.012939
vt 0.148682 0.014404
vt 0.145264 0.014893
vt 0.144043 0.012939
vt 0.144287 0.014893
vt 0.146240 0.016602
vt 0.145264 0.016602
vt 0.144287 0.016602
vt 0.149902 0.014160
vt 0.149414 0.012451
vt 0.150635 0.013916
vt 0.145508 0.022705
vt 0.144043 0.022949
vt 0.143066 0.016846
vt 0.146973 0.022949
vt 0.149414 0.023193
vt 0.150879 0.016602
vt 0.151611 0.014893
vt 0.147217 0.016602
vt 0.148926 0.022949
vt 0.148682 0.016602
vt 0.149902 0.016357
vt 0.151611 0.022461
vt 0.151855 0.022949
vt 0.152344 0.016357
vt 0.083496 0.997314
vt 0.083008 0.995361
vt 0.085205 0.996582
vt 0.084229 0.994873
vt 0.086670 0.995117
vt 0.085449 0.993896
vt 0.087402 0.993164
vt 0.083496 0.993408
vt 0.085938 0.992188
vt 0.087402 0.985107
vt 0.084229 0.992676
vt 0.086182 0.985352
vt 0.087402 0.983154
vt 0.084473 0.991455
vt 0.083252 0.992432
vt 0.085693 0.983643
vt 0.086426 0.981445
vt 0.084229 0.984619
vt 0.084717 0.982666
vt 0.084717 0.980225
vt 0.084473 0.986084
vt 0.083740 0.990967
vt 0.083496 0.986084
vt 0.082275 0.992676
vt 0.082275 0.990967
vt 0.082520 0.993652
vt 0.078857 0.992432
vt 0.078369 0.993408
vt 0.077393 0.995117
vt 0.076416 0.996582
vt 0.077637 0.992920
vt 0.076416 0.994385
vt 0.074707 0.995605
vt 0.075439 0.993164
vt 0.073730 0.994385
vt 0.074951 0.991699
vt 0.073242 0.992432
vt 0.073486 0.983887
vt 0.076904 0.992188
vt 0.077637 0.992188
vt 0.077637 0.990967
vt 0.078857 0.990723
vt 0.076660 0.990967
vt 0.075195 0.985107
vt 0.076904 0.985596
vt 0.082275 0.986084
vt 0.078857 0.985840
vt 0.082275 0.984619
vt 0.083496 0.984863
vt 0.083496 0.983887
vt 0.077881 0.985596
vt 0.078857 0.984375
vt 0.082520 0.983643
vt 0.083496 0.981934
vt 0.077393 0.979736
vt 0.078125 0.981445
vt 0.075684 0.980469
vt 0.078613 0.983398
vt 0.076660 0.981934
vt 0.074219 0.982178
vt 0.077881 0.984619
vt 0.077637 0.983643
vt 0.077148 0.984131
vt 0.075684 0.983154
vt 0.025635 0.017090
vt 0.024658 0.018311
vt 0.023193 0.016846
vt 0.023193 0.020996
vt 0.025146 0.016113
vt 0.028076 0.015869
vt 0.025635 0.014893
vt 0.025635 0.009277
vt 0.027344 0.008545
vt 0.026123 0.006592
vt 0.024658 0.007324
vt 0.023193 0.006104
vt 0.024658 0.005127
vt 0.022705 0.003418
vt 0.013428 0.006836
vt 0.021240 0.005127
vt 0.013916 0.003174
vt 0.014893 0.005859
vt 0.012207 0.005371
vt 0.011230 0.007080
vt 0.012207 0.007812
vt 0.010254 0.008545
vt 0.011719 0.009521
vt 0.012207 0.016113
vt 0.010742 0.016113
vt 0.011475 0.018066
vt 0.012939 0.017822
vt 0.012695 0.019775
vt 0.013916 0.018799
vt 0.014404 0.021240
vt 0.021729 0.017822
vt 0.015625 0.019043
s 1
usemtl tripo_mat_17bd7d2b-e97a-49db-aa53-b40a6c2d6395
f 1079/1 1171/2 913/3
f 1171/2 1079/1 1175/4
f 1171/2 1175/4 1381/5
f 913/3 1171/2 943/6
f 913/3 943/6 752/7
f 913/3 752/7 756/8
f 756/8 752/7 2362/9
f 752/7 943/6 748/10
f 752/7 748/10 2358/11
f 1079/12 913/13 917/14
f 917/14 913/13 756/15
f 1079/12 917/14 1175/16
f 917/14 756/15 947/17
f 917/14 947/17 1175/16
f 947/17 756/15 760/18
f 760/18 756/15 2366/19
f 1175/16 947/17 1174/20
f 1175/16 1174/20 1380/21
f 1175/16 1380/21 1381/22
f 943/23 1171/24 1114/25
f 1114/25 1171/24 1381/26
f 1381/27 1380/28 1296/29
f 1296/29 1380/28 1170/30
f 1380/31 1174/32 1170/33
f 1170/33 1174/32 1078/34
f 1170/33 1078/34 942/35
f 942/35 1078/34 912/36
f 912/36 1078/34 916/37
f 942/35 912/36 751/38
f 751/38 912/36 916/37
f 942/35 751/38 747/39
f 747/39 751/38 2353/40
f 751/38 916/37 755/41
f 751/38 755/41 2357/42
f 1381/43 1296/44 1297/45
f 1381/43 1297/45 1114/46
f 1297/47 1296/48 1119/49
f 1119/49 1296/48 1113/50
f 1297/47 1119/49 1120/51
f 1297/47 1120/51 1114/52
f 1119/49 1113/50 1034/53
f 1119/49 1034/53 926/54
f 1119/49 926/54 1120/51
f 1034/53 1113/50 906/55
f 906/55 1113/50 922/56
f 1034/53 906/55 908/57
f 1034/53 908/57 926/54
f 906/55 922/56 735/58
f 906/55 735/58 908/57
f 735/58 922/56 731/59
f 926/54 908/57 739/60
f 739/60 908/57 735/58
f 735/58 731/59 2335/61
f 2335/61 731/59 2331/62
f 2335/61 2331/62 2401/63
f 735/58 2335/61 2339/64
f 735/58 2339/64 739/60
f 2335/61 2401/63 2383/65
f 2335/61 2383/65 2339/64
f 2383/65 2401/63 2429/66
f 2429/66 2401/63 2437/67
f 2339/64 2383/65 2385/68
f 2385/68 2383/65 2429/66
f 2429/66 2437/67 2443/69
f 2429/66 2443/69 2385/68
f 2443/69 2437/67 2457/70
f 2339/64 2385/68 2405/71
f 2405/71 2385/68 2443/69
f 2443/69 2457/70 2444/72
f 2444/72 2457/70 2458/73
f 2444/72 2458/73 2438/74
f 2443/69 2444/72 2406/75
f 2443/69 2406/75 2405/71
f 2444/72 2438/74 2431/76
f 2444/72 2431/76 2406/75
f 2431/76 2438/74 2381/77
f 2381/77 2438/74 2402/78
f 2406/75 2431/76 2386/79
f 2386/79 2431/76 2381/77
f 2381/77 2402/78 2336/80
f 2381/77 2336/80 2386/79
f 2336/80 2402/78 2332/81
f 2406/75 2386/79 2340/82
f 2340/82 2386/79 2336/80
f 2406/75 2340/82 2344/83
f 2406/75 2344/83 2405/71
f 2340/82 2336/80 740/84
f 2336/80 2332/81 737/85
f 2336/80 737/85 740/84
f 737/85 2332/81 732/86
f 737/85 732/86 923/87
f 2405/71 2344/83 2343/88
f 2405/71 2343/88 2339/64
f 2339/64 2343/88 739/60
f 737/85 923/87 904/89
f 737/85 904/89 740/84
f 904/89 923/87 1035/90
f 1035/90 923/87 1114/52
f 1035/90 1114/52 1120/51
f 904/89 1035/90 909/91
f 909/91 1035/90 1120/51
f 904/89 909/91 740/84
f 909/91 1120/51 927/92
f 909/91 927/92 740/84
f 927/92 1120/51 926/54
f 740/84 927/92 744/93
f 740/84 744/93 2340/82
f 2340/82 744/93 2344/83
f 2344/83 744/93 2343/88
f 744/93 927/92 743/94
f 744/93 743/94 2343/88
f 743/94 927/92 926/54
f 2343/88 743/94 739/60
f 739/60 743/94 926/54
f 1113/95 1296/96 1170/97
f 1113/95 1170/97 922/98
f 1114/99 923/100 943/101
f 943/101 923/100 732/102
f 943/103 732/104 748/105
f 748/106 732/107 2354/108
f 2354/109 732/110 2332/111
f 2354/109 2332/111 2402/112
f 2358/113 748/114 2354/115
f 2358/113 2354/115 2416/116
f 2362/117 752/118 2358/113
f 2362/117 2358/113 2397/119
f 2358/113 2416/116 2394/120
f 2358/113 2394/120 2397/119
f 2394/120 2416/116 2434/121
f 2394/120 2434/121 2397/119
f 2434/121 2416/116 2450/122
f 2397/119 2434/121 2454/123
f 2454/123 2434/121 2450/122
f 2454/123 2450/122 2470/124
f 2470/124 2450/122 2458/125
f 2470/124 2458/125 2469/126
f 2454/123 2470/124 2453/127
f 2453/127 2470/124 2469/126
f 2454/123 2453/127 2421/128
f 2454/123 2421/128 2422/129
f 2422/129 2421/128 2365/130
f 2453/127 2469/126 2449/131
f 2449/131 2469/126 2437/132
f 2449/131 2437/132 2415/133
f 2453/127 2449/131 2433/134
f 2365/130 2421/128 2361/135
f 2365/130 2361/135 759/136
f 2419/137 2421/128 2453/127
f 2419/137 2453/127 2433/134
f 2421/128 2419/137 2361/135
f 2433/134 2449/131 2393/138
f 2433/134 2393/138 2419/137
f 2393/138 2449/131 2415/133
f 2419/137 2393/138 2361/135
f 2393/138 2415/133 2357/139
f 2393/138 2357/139 2361/135
f 2361/135 2357/139 755/140
f 2357/139 2415/133 2353/141
f 2357/139 2353/141 751/142
f 2416/143 2354/144 2402/145
f 2416/143 2402/145 2450/146
f 2362/147 2397/148 2422/149
f 2422/149 2397/148 2454/150
f 2362/147 2422/149 2366/151
f 2362/147 2366/151 756/152
f 2366/151 2422/149 2365/153
f 2366/151 2365/153 760/154
f 947/155 760/156 759/157
f 759/157 760/156 2365/158
f 947/155 759/157 946/159
f 947/155 946/159 1174/160
f 1174/160 946/159 1078/161
f 1078/161 946/159 916/162
f 916/162 946/159 755/163
f 755/163 946/159 759/157
f 755/163 759/157 2361/164
f 1170/165 942/166 922/167
f 922/167 942/166 747/168
f 922/169 747/170 731/171
f 731/171 747/170 2331/172
f 747/173 2353/174 2331/175
f 2331/175 2353/174 2415/176
f 2401/177 2331/178 2415/179
f 2401/177 2415/179 2437/180
f 2402/181 2438/182 2450/183
f 2450/183 2438/182 2458/184
f 2458/185 2457/186 2469/187
f 2469/187 2457/186 2437/188
f 541/189 775/190 539/191
f 539/191 775/190 791/192
f 775/190 541/189 777/193
f 775/190 777/193 898/194
f 791/192 775/190 896/195
f 896/195 775/190 898/194
f 539/191 791/192 537/196
f 791/192 896/195 773/197
f 773/197 896/195 893/198
f 893/198 896/195 892/199
f 892/199 896/195 938/200
f 938/200 896/195 898/194
f 938/200 898/194 940/201
f 940/201 898/194 900/202
f 900/202 898/194 901/203
f 901/203 898/194 777/193
f 900/202 901/203 793/204
f 901/203 777/193 779/205
f 901/203 779/205 793/204
f 779/205 777/193 541/189
f 793/204 779/205 543/206
f 543/206 779/205 541/189
f 793/204 543/206 544/207
f 544/207 543/206 325/208
f 543/206 541/189 317/209
f 543/206 317/209 325/208
f 317/209 541/189 315/210
f 315/210 541/189 539/191
f 325/208 317/209 120/211
f 325/208 120/211 324/212
f 315/210 539/191 313/213
f 313/213 539/191 537/196
f 317/209 315/210 205/214
f 315/210 313/213 168/215
f 315/210 168/215 205/214
f 313/213 537/196 309/216
f 313/213 309/216 168/215
f 317/209 205/214 170/217
f 317/209 170/217 120/211
f 205/214 168/215 87/218
f 205/214 87/218 170/217
f 120/211 170/217 62/219
f 62/219 170/217 87/218
f 120/211 62/219 61/220
f 61/220 62/219 41/221
f 62/219 87/218 59/222
f 59/222 87/218 168/215
f 62/219 59/222 41/221
f 41/221 59/222 57/223
f 41/221 57/223 39/224
f 59/222 168/215 166/225
f 166/225 168/215 309/216
f 59/222 166/225 57/223
f 39/224 57/223 55/226
f 166/225 309/216 307/227
f 307/227 309/216 537/196
f 57/223 166/225 203/228
f 203/228 166/225 307/227
f 55/226 57/223 85/229
f 85/229 57/223 203/228
f 55/226 85/229 164/230
f 85/229 203/228 201/231
f 85/229 201/231 164/230
f 201/231 203/228 307/227
f 164/230 201/231 305/232
f 305/232 201/231 307/227
f 164/230 305/232 299/233
f 299/233 305/232 531/234
f 531/234 305/232 533/235
f 533/235 305/232 307/227
f 531/234 533/235 789/236
f 535/237 307/227 537/196
f 307/227 535/237 533/235
f 535/237 537/196 791/192
f 535/237 791/192 773/197
f 533/235 535/237 771/238
f 533/235 771/238 789/236
f 771/238 535/237 773/197
f 789/236 771/238 893/198
f 893/198 771/238 773/197
f 940/239 900/240 941/241
f 938/242 940/243 939/244
f 939/245 940/246 941/247
f 941/248 900/249 902/250
f 902/251 900/252 793/253
f 939/254 941/255 897/256
f 939/254 897/256 894/257
f 897/256 941/255 899/258
f 899/258 941/255 902/259
f 894/257 897/256 895/260
f 894/257 895/260 790/261
f 897/256 899/258 792/262
f 895/260 897/256 774/263
f 774/263 897/256 792/262
f 895/260 774/263 772/264
f 895/260 772/264 790/261
f 774/263 792/262 536/265
f 774/263 536/265 772/264
f 790/261 772/264 534/266
f 534/266 772/264 536/265
f 790/261 534/266 532/267
f 532/267 534/266 304/268
f 304/268 534/266 306/269
f 306/269 534/266 536/265
f 304/268 306/269 165/270
f 538/271 536/265 792/262
f 538/271 792/262 776/272
f 776/272 792/262 899/258
f 536/265 538/271 310/273
f 306/269 536/265 308/274
f 308/274 536/265 310/273
f 165/270 306/269 202/275
f 202/275 306/269 308/274
f 165/270 202/275 86/276
f 165/270 86/276 56/277
f 202/275 308/274 204/278
f 202/275 204/278 86/276
f 56/277 86/276 58/279
f 58/279 86/276 204/278
f 56/277 58/279 40/280
f 204/278 308/274 167/281
f 204/278 167/281 58/279
f 167/281 308/274 310/273
f 40/280 58/279 60/282
f 40/280 60/282 42/283
f 42/283 60/282 64/284
f 60/282 58/279 169/285
f 169/285 58/279 167/281
f 167/281 310/273 314/286
f 167/281 314/286 169/285
f 314/286 310/273 540/287
f 540/287 310/273 538/271
f 169/285 314/286 316/288
f 316/288 314/286 540/287
f 540/287 538/271 776/272
f 206/289 60/282 169/285
f 206/289 169/285 316/288
f 60/282 206/289 88/290
f 60/282 88/290 64/284
f 206/289 316/288 171/291
f 206/289 171/291 88/290
f 64/284 88/290 123/292
f 123/292 88/290 171/291
f 64/284 123/292 63/293
f 171/291 316/288 318/294
f 171/291 318/294 123/292
f 542/295 316/288 540/287
f 316/288 542/295 318/294
f 542/295 540/287 776/272
f 123/292 318/294 327/296
f 123/292 327/296 326/297
f 326/297 327/296 545/298
f 327/296 318/294 547/299
f 327/296 547/299 545/298
f 547/299 318/294 542/295
f 545/298 547/299 794/300
f 542/295 776/272 778/301
f 542/295 778/301 547/299
f 794/300 547/299 780/302
f 780/302 547/299 778/301
f 794/300 780/302 902/259
f 778/301 776/272 903/303
f 778/301 903/303 780/302
f 780/302 903/303 902/259
f 903/303 776/272 899/258
f 903/303 899/258 902/259
f 938/304 939/305 894/306
f 892/307 938/308 894/309
f 892/310 894/311 790/312
f 893/313 892/314 789/315
f 789/316 892/317 790/318
f 531/319 789/320 532/321
f 532/322 789/323 790/324
f 531/325 532/326 304/327
f 299/328 531/329 304/330
f 299/331 304/332 165/333
f 164/334 299/335 165/336
f 794/337 902/338 793/339
f 794/340 793/341 544/342
f 794/343 544/344 545/345
f 544/346 325/347 545/348
f 545/349 325/350 326/351
f 326/352 325/353 324/354
f 123/355 326/356 324/357
f 324/358 120/359 123/360
f 123/360 120/359 61/361
f 165/362 56/363 164/364
f 56/365 40/366 55/367
f 56/368 55/369 164/370
f 55/371 40/372 39/373
f 39/374 40/375 42/376
f 39/377 42/378 41/379
f 42/380 64/381 41/382
f 61/383 41/384 64/385
f 61/386 64/387 63/388
f 61/386 63/388 123/389
f 505/390 508/391 513/392
f 513/392 508/391 512/393
f 512/393 508/391 510/394
f 508/391 505/390 496/395
f 496/395 505/390 460/396
f 460/396 505/390 464/397
f 460/396 464/397 432/398
f 432/398 464/397 444/399
f 460/396 432/398 424/400
f 496/395 460/396 456/401
f 456/401 460/396 424/400
f 508/391 496/395 470/402
f 470/402 496/395 456/401
f 508/391 470/402 499/403
f 508/391 499/403 510/394
f 470/402 456/401 436/404
f 436/404 456/401 424/400
f 499/403 470/402 450/405
f 450/405 470/402 436/404
f 436/404 424/400 412/406
f 412/406 424/400 222/407
f 412/406 222/407 226/408
f 436/404 412/406 416/409
f 416/409 412/406 226/408
f 450/405 436/404 428/410
f 428/410 436/404 416/409
f 449/411 499/403 450/405
f 449/411 450/405 428/410
f 499/403 449/411 498/412
f 499/403 498/412 510/394
f 449/411 428/410 440/413
f 440/413 428/410 416/409
f 498/412 449/411 448/414
f 448/414 449/411 440/413
f 510/394 498/412 469/415
f 469/415 498/412 448/414
f 510/394 469/415 502/416
f 502/416 469/415 467/417
f 469/415 448/414 447/418
f 469/415 447/418 467/417
f 448/414 440/413 439/419
f 448/414 439/419 447/418
f 420/420 440/413 416/409
f 440/413 420/420 439/419
f 420/420 416/409 226/408
f 420/420 226/408 230/421
f 420/420 230/421 419/422
f 420/420 419/422 439/419
f 419/422 230/421 229/423
f 439/419 419/422 409/422
f 409/422 419/422 229/423
f 439/419 409/422 415/424
f 415/424 409/422 229/423
f 427/425 447/418 439/419
f 427/425 439/419 415/424
f 447/418 427/425 435/426
f 435/426 427/425 415/424
f 447/418 435/426 455/427
f 447/418 455/427 467/417
f 467/417 455/427 459/428
f 455/427 435/426 423/429
f 455/427 423/429 431/430
f 435/426 415/424 411/431
f 435/426 411/431 423/429
f 431/430 423/429 119/432
f 431/430 119/432 443/433
f 423/429 411/431 172/434
f 423/429 172/434 119/432
f 411/431 415/424 225/435
f 225/435 415/424 229/423
f 225/435 229/423 127/436
f 225/435 127/436 178/437
f 411/431 225/435 221/438
f 221/438 225/435 178/437
f 411/431 221/438 172/434
f 221/438 178/437 176/439
f 176/439 178/437 89/440
f 176/439 89/440 21/441
f 221/438 176/439 65/442
f 65/442 176/439 21/441
f 221/438 65/442 172/434
f 65/442 21/441 13/443
f 172/434 65/442 43/444
f 43/444 65/442 13/443
f 172/434 43/444 119/432
f 43/444 13/443 5/445
f 43/444 5/445 25/446
f 43/444 25/446 119/432
f 25/446 5/445 443/433
f 119/432 25/446 103/447
f 119/432 103/447 443/433
f 443/433 103/447 25/446
f 513/448 512/449 504/450
f 504/450 512/449 510/451
f 504/450 510/451 502/452
f 504/450 502/452 463/453
f 504/450 463/453 443/454
f 463/453 502/452 459/455
f 463/453 459/455 443/454
f 459/455 502/452 467/456
f 443/454 459/455 431/457
f 431/457 459/455 455/458
f 513/459 504/460 505/461
f 505/461 504/460 5/462
f 5/462 504/460 443/463
f 505/461 5/462 104/464
f 505/461 104/464 464/465
f 464/465 104/464 444/466
f 444/466 104/464 432/467
f 432/467 104/464 121/468
f 432/467 121/468 173/469
f 432/467 173/469 424/470
f 424/470 173/469 222/471
f 222/471 173/469 125/472
f 222/471 125/472 226/473
f 173/469 121/468 66/474
f 173/469 66/474 125/472
f 44/475 121/468 104/464
f 121/468 44/475 66/474
f 125/472 66/474 22/476
f 22/476 66/474 44/475
f 226/473 125/472 179/477
f 226/473 179/477 230/478
f 125/472 22/476 92/479
f 125/472 92/479 179/477
f 230/478 179/477 128/480
f 128/480 179/477 92/479
f 230/478 128/480 229/481
f 229/481 128/480 127/482
f 127/482 128/480 90/483
f 127/482 90/483 178/484
f 178/484 90/483 89/485
f 90/483 128/480 91/486
f 91/486 128/480 92/479
f 89/485 90/483 17/487
f 17/487 90/483 91/486
f 89/485 17/487 21/488
f 91/486 92/479 18/489
f 91/486 18/489 17/487
f 18/489 92/479 22/476
f 21/488 17/487 9/490
f 9/490 17/487 18/489
f 21/488 9/490 13/491
f 18/489 22/476 14/492
f 14/492 22/476 44/475
f 18/489 14/492 10/493
f 18/489 10/493 9/490
f 14/492 44/475 6/494
f 14/492 6/494 10/493
f 13/491 9/490 5/462
f 6/494 44/475 26/495
f 26/495 44/475 104/464
f 26/495 104/464 6/494
f 6/494 104/464 5/462
f 10/493 6/494 2/496
f 10/493 2/496 9/490
f 2/496 6/494 5/462
f 1/497 5/462 9/490
f 5/462 1/497 2/496
f 2/496 1/497 9/490
f 1011/498 1486/499 1070/500
f 1070/500 1486/499 1045/501
f 1645/502 1429/503 1486/499
f 864/504 868/505 1070/500
f 1070/500 868/505 1011/498
f 1645/502 1486/499 1490/506
f 1490/506 1486/499 1376/507
f 1376/507 1486/499 1011/498
f 1011/498 868/505 877/508
f 877/508 868/505 401/509
f 1376/507 1011/498 1017/510
f 1376/507 1017/510 1490/506
f 1011/498 877/508 880/511
f 1011/498 880/511 1017/510
f 880/511 877/508 360/512
f 1490/506 1017/510 1074/513
f 1490/506 1074/513 1489/514
f 1017/510 880/511 886/515
f 1017/510 886/515 1074/513
f 886/515 880/511 365/516
f 1074/513 886/515 1073/517
f 1070/518 1045/519 864/520
f 864/520 1045/519 978/521
f 864/520 978/521 854/522
f 849/523 339/524 854/522
f 849/523 854/522 978/521
f 849/523 978/521 972/525
f 978/521 1045/519 1429/526
f 1429/526 1045/519 1486/527
f 972/525 978/521 1302/528
f 1302/528 978/521 1429/526
f 972/525 1302/528 1039/529
f 1039/529 1302/528 1423/530
f 1423/530 1302/528 1429/526
f 1039/529 1423/530 1038/531
f 1423/530 1429/526 1593/532
f 1423/530 1593/532 1422/533
f 1593/532 1429/526 1645/534
f 1074/535 1073/536 1489/537
f 886/538 885/539 1073/536
f 1073/536 885/539 884/540
f 1489/537 1073/536 1016/541
f 1016/541 1073/536 884/540
f 1489/537 1016/541 1375/542
f 1016/541 884/540 873/543
f 1375/542 1016/541 1010/544
f 1010/544 1016/541 873/543
f 1644/545 1645/546 1490/547
f 1644/548 1490/549 1489/550
f 1645/551 1644/548 1592/552
f 1592/552 1644/548 1428/553
f 1644/548 1489/550 1563/554
f 1644/548 1563/554 1428/553
f 1563/554 1489/550 1375/555
f 1563/554 1375/555 1010/556
f 977/557 1301/558 1428/553
f 977/557 1428/553 1044/559
f 1428/553 1563/554 1167/560
f 1428/553 1167/560 1044/559
f 1167/560 1563/554 1010/556
f 1044/559 1167/560 867/561
f 867/561 1167/560 1010/556
f 867/561 1010/556 873/562
f 1044/559 867/561 861/563
f 861/563 867/561 347/564
f 861/563 347/564 856/565
f 856/565 347/564 343/566
f 856/565 343/566 394/567
f 856/565 394/567 848/568
f 343/566 347/564 276/569
f 276/569 347/564 280/570
f 276/569 280/570 146/571
f 276/569 146/571 190/572
f 848/568 394/567 333/573
f 848/568 333/573 842/574
f 842/574 333/573 843/575
f 333/573 394/567 264/576
f 140/577 264/576 190/572
f 264/576 140/577 265/578
f 276/569 190/572 269/579
f 269/579 190/572 264/576
f 269/579 264/576 394/567
f 276/569 269/579 343/566
f 343/566 269/579 394/567
f 1645/580 1592/581 1593/582
f 1593/583 1592/584 1422/585
f 1422/585 1592/584 1428/586
f 1422/585 1428/586 1301/587
f 1423/588 1422/589 1038/590
f 1039/591 1038/590 842/592
f 842/592 1038/590 848/593
f 1038/590 1422/589 971/594
f 1038/590 971/594 848/593
f 971/594 1422/589 1301/595
f 971/594 1301/595 977/596
f 971/594 977/596 848/593
f 848/593 977/596 856/597
f 856/597 977/596 861/598
f 861/598 977/596 1044/599
f 849/600 972/601 1039/602
f 849/600 1039/602 843/603
f 843/603 1039/602 842/604
f 849/605 843/606 339/607
f 339/607 843/606 334/608
f 334/608 843/606 333/609
f 334/610 333/611 264/612
f 854/613 339/614 341/615
f 854/613 341/615 398/616
f 341/615 339/614 322/617
f 341/615 322/617 398/616
f 246/618 349/619 398/616
f 246/618 398/616 322/617
f 246/618 322/617 147/620
f 147/620 322/617 191/621
f 322/617 339/614 270/622
f 322/617 270/622 191/621
f 147/620 191/621 141/623
f 141/623 191/621 270/622
f 147/620 141/623 108/624
f 108/624 141/623 140/625
f 140/625 141/623 265/626
f 265/626 141/623 270/622
f 265/626 270/622 339/614
f 265/626 339/614 334/627
f 265/626 334/627 264/628
f 854/629 398/630 864/631
f 864/631 398/630 349/632
f 864/631 349/632 868/633
f 868/633 349/632 353/634
f 154/635 246/636 147/637
f 108/638 115/639 147/637
f 147/637 115/639 154/635
f 154/635 115/639 160/640
f 154/635 160/640 197/641
f 246/636 154/635 247/642
f 246/636 247/642 349/643
f 349/643 247/642 353/644
f 247/642 154/635 287/645
f 287/645 154/635 197/641
f 247/642 287/645 353/644
f 197/641 160/640 293/646
f 197/641 293/646 287/645
f 293/646 160/640 298/647
f 353/644 287/645 401/648
f 353/644 401/648 868/649
f 401/648 287/645 360/650
f 360/650 287/645 293/646
f 293/646 298/647 362/651
f 293/646 362/651 360/650
f 362/651 298/647 365/652
f 360/650 362/651 880/653
f 880/653 362/651 365/652
f 108/654 140/655 107/656
f 108/654 107/656 114/657
f 107/656 140/655 146/658
f 146/658 140/655 190/659
f 115/660 108/661 114/662
f 115/663 114/664 159/665
f 159/665 114/664 153/666
f 153/666 114/664 107/667
f 153/666 107/667 146/668
f 159/665 153/666 196/669
f 153/666 146/668 219/670
f 196/669 153/666 286/671
f 286/671 153/666 219/670
f 219/670 146/668 280/672
f 219/670 280/672 352/673
f 352/673 280/672 347/674
f 352/673 347/674 867/675
f 219/670 352/673 357/676
f 357/676 352/673 867/675
f 219/670 357/676 286/671
f 357/676 867/675 873/677
f 357/676 873/677 404/678
f 357/676 404/678 286/671
f 404/678 873/677 884/679
f 286/671 404/678 361/680
f 361/680 404/678 884/679
f 292/681 196/669 286/671
f 292/681 286/671 361/680
f 196/669 292/681 159/665
f 361/680 884/679 364/682
f 361/680 364/682 292/681
f 364/682 884/679 885/683
f 159/665 292/681 297/684
f 297/684 292/681 364/682
f 159/665 297/684 160/685
f 297/684 364/682 298/686
f 159/687 160/688 115/689
f 297/690 298/691 160/692
f 877/693 401/694 360/695
f 365/696 298/697 364/698
f 886/699 365/700 885/701
f 885/702 365/703 364/704
f 524/705 526/706 785/707
f 785/707 526/706 767/708
f 767/708 526/706 769/709
f 767/708 769/709 837/710
f 767/708 837/710 785/707
f 837/710 769/709 787/711
f 837/710 787/711 839/712
f 787/711 769/709 546/713
f 546/713 769/709 526/706
f 787/711 546/713 529/714
f 529/714 546/713 262/715
f 837/710 839/712 835/716
f 837/710 835/716 785/707
f 835/716 839/712 936/717
f 262/715 546/713 261/718
f 261/718 546/713 526/706
f 262/715 261/718 138/719
f 835/716 936/717 833/720
f 833/720 936/717 934/721
f 833/720 934/721 829/722
f 835/716 833/720 783/723
f 835/716 783/723 785/707
f 833/720 829/722 831/724
f 831/724 829/722 781/725
f 783/723 833/720 765/726
f 765/726 833/720 831/724
f 785/707 783/723 522/727
f 785/707 522/727 524/705
f 783/723 765/726 520/728
f 783/723 520/728 522/727
f 765/726 831/724 763/729
f 763/729 831/724 781/725
f 765/726 763/729 520/728
f 763/729 781/725 518/730
f 763/729 518/730 520/728
f 518/730 781/725 516/731
f 522/727 520/728 254/732
f 522/727 254/732 524/705
f 524/705 254/732 256/733
f 524/705 256/733 258/734
f 524/705 258/734 526/706
f 258/734 256/733 135/735
f 526/706 258/734 261/718
f 258/734 135/735 186/736
f 258/734 186/736 261/718
f 186/736 135/735 83/737
f 83/737 135/735 51/738
f 261/718 186/736 188/739
f 188/739 186/736 83/737
f 261/718 188/739 138/719
f 138/719 188/739 53/740
f 53/740 188/739 83/737
f 53/740 83/737 51/738
f 53/740 51/738 37/741
f 787/742 529/743 788/744
f 839/745 787/746 840/747
f 840/748 787/749 788/750
f 788/751 529/752 530/753
f 530/754 529/755 262/756
f 530/757 262/758 263/759
f 263/759 262/758 139/760
f 788/761 530/762 528/763
f 263/764 260/765 530/762
f 530/762 260/765 528/763
f 528/763 260/765 259/766
f 788/761 528/763 770/767
f 788/761 770/767 840/768
f 528/763 259/766 527/769
f 527/769 259/766 257/770
f 770/767 528/763 768/771
f 768/771 528/763 527/769
f 840/768 770/767 838/772
f 838/772 770/767 768/771
f 840/768 838/772 836/773
f 840/768 836/773 937/774
f 937/774 836/773 935/775
f 838/772 768/771 786/776
f 786/776 768/771 527/769
f 838/772 786/776 836/773
f 935/775 836/773 834/777
f 834/777 836/773 786/776
f 935/775 834/777 830/778
f 525/779 527/769 257/770
f 527/769 525/779 786/776
f 525/779 257/770 255/780
f 834/777 786/776 784/781
f 784/781 786/776 525/779
f 830/778 834/777 832/782
f 830/778 832/782 782/783
f 525/779 255/780 523/784
f 525/779 523/784 784/781
f 523/784 255/780 253/785
f 834/777 784/781 766/786
f 834/777 766/786 832/782
f 784/781 523/784 521/787
f 784/781 521/787 766/786
f 521/787 523/784 253/785
f 832/782 766/786 764/788
f 764/788 766/786 521/787
f 832/782 764/788 782/783
f 782/783 764/788 519/789
f 519/789 764/788 521/787
f 782/783 519/789 517/790
f 517/790 519/789 249/791
f 519/789 521/787 251/792
f 519/789 251/792 249/791
f 251/792 521/787 253/785
f 249/791 251/792 132/793
f 251/792 253/785 183/794
f 251/792 183/794 132/793
f 183/794 253/785 185/795
f 132/793 183/794 82/796
f 132/793 82/796 48/797
f 260/798 263/799 139/800
f 260/798 139/800 137/801
f 260/798 137/801 259/802
f 137/801 139/800 54/803
f 259/802 137/801 187/804
f 137/801 54/803 84/805
f 137/801 84/805 187/804
f 259/802 187/804 136/806
f 136/806 187/804 84/805
f 259/802 136/806 257/807
f 84/805 54/803 52/808
f 84/805 52/808 136/806
f 52/808 54/803 38/809
f 52/808 38/809 36/810
f 52/808 36/810 50/811
f 52/808 50/811 136/806
f 50/811 36/810 48/812
f 50/811 48/812 82/813
f 50/811 82/813 185/814
f 185/814 82/813 183/815
f 136/806 50/811 134/816
f 134/816 50/811 185/814
f 136/806 134/816 257/807
f 134/816 185/814 253/817
f 257/807 134/816 255/818
f 255/818 134/816 253/817
f 840/819 937/820 839/821
f 839/822 937/823 936/824
f 936/824 937/823 934/825
f 934/826 937/827 935/828
f 934/826 935/828 830/829
f 934/830 830/831 829/832
f 252/833 254/834 520/835
f 252/833 520/835 518/836
f 254/834 252/833 133/837
f 254/834 133/837 256/838
f 256/838 133/837 135/839
f 135/839 133/837 49/840
f 135/839 49/840 51/841
f 133/837 252/833 184/842
f 133/837 184/842 49/840
f 51/841 49/840 35/843
f 51/841 35/843 37/844
f 35/843 49/840 47/845
f 47/845 49/840 81/846
f 81/846 49/840 184/842
f 47/845 81/846 131/847
f 81/846 184/842 182/848
f 81/846 182/848 131/847
f 182/848 184/842 252/833
f 131/847 182/848 250/849
f 250/849 182/848 252/833
f 131/847 250/849 248/850
f 250/849 252/833 518/836
f 248/850 250/849 516/851
f 516/851 250/849 518/836
f 781/852 829/853 782/854
f 782/855 829/856 830/857
f 781/858 782/859 517/860
f 781/861 517/862 516/863
f 516/864 517/865 249/866
f 248/867 516/868 249/869
f 248/870 249/871 132/872
f 131/873 248/874 132/875
f 132/876 48/877 131/878
f 38/879 54/880 37/881
f 38/879 37/881 36/882
f 54/883 139/884 53/885
f 54/886 53/887 37/888
f 48/889 36/890 47/891
f 48/892 47/893 131/894
f 36/895 37/896 35/897
f 36/895 35/897 47/898
f 138/899 53/900 139/901
f 138/899 139/901 262/902
f 1332/903 1345/904 1746/905
f 1345/904 1332/903 678/906
f 678/906 1332/903 662/907
f 1345/904 678/906 693/908
f 693/908 678/906 662/907
f 662/907 1332/903 1317/909
f 693/908 662/907 712/910
f 1317/909 1332/903 1690/911
f 1690/911 1332/903 1746/905
f 662/907 1317/909 1216/912
f 1216/912 1317/909 1690/911
f 662/907 1216/912 647/913
f 647/913 1216/912 640/914
f 640/914 1216/912 1211/915
f 1211/915 1216/912 1607/916
f 1607/916 1216/912 1690/911
f 1211/915 1607/916 1525/917
f 1525/917 1607/916 1795/918
f 1795/918 1607/916 1690/911
f 1525/917 1795/918 1677/919
f 1795/918 1690/911 1868/920
f 1868/920 1690/911 1746/905
f 1677/919 1795/918 1909/921
f 1677/919 1909/921 1831/922
f 1831/922 1909/921 1974/923
f 1909/921 1795/918 2018/924
f 2018/924 1795/918 1868/920
f 1909/921 2018/924 1974/923
f 1868/920 1746/905 1913/925
f 1868/920 1913/925 2018/924
f 1913/925 1746/905 1750/926
f 1750/926 1746/905 1345/904
f 1913/925 1750/926 1917/927
f 1974/923 2018/924 2063/928
f 1750/926 1345/904 1758/929
f 2018/924 1913/925 2024/930
f 2024/930 1913/925 1917/927
f 1917/927 1750/926 1925/931
f 1925/931 1750/926 1758/929
f 2024/930 1917/927 2028/932
f 2028/932 1917/927 2035/933
f 2035/933 1917/927 1925/931
f 2024/930 2028/932 2099/934
f 2099/934 2028/932 2035/933
f 2096/935 2018/924 2024/930
f 2096/935 2024/930 2099/934
f 2018/924 2096/935 2093/936
f 2018/924 2093/936 2063/928
f 2096/935 2099/934 2156/937
f 2096/935 2156/937 2093/936
f 2093/936 2156/937 2132/938
f 2132/938 2156/937 2135/939
f 2063/928 2093/936 2088/940
f 2088/940 2093/936 2132/938
f 2088/940 2132/938 2128/941
f 2063/928 2088/940 1974/923
f 1974/923 2088/940 2062/942
f 2062/942 2088/940 2061/943
f 1974/923 2062/942 2010/944
f 2010/944 2062/942 2061/943
f 2145/945 2156/937 2099/934
f 2156/937 2145/945 2158/946
f 2145/945 2099/934 2104/947
f 2104/947 2099/934 2035/933
f 2145/945 2104/947 2149/948
f 2145/945 2149/948 2108/949
f 2108/949 2149/948 2109/950
f 2149/948 2104/947 2042/951
f 2149/948 2042/951 2109/950
f 2042/951 2104/947 2035/933
f 2047/952 2046/953 2109/950
f 2047/952 2109/950 2042/951
f 1937/954 1936/955 2047/952
f 1937/954 2047/952 1979/956
f 1979/956 2047/952 2042/951
f 1937/954 1979/956 1874/957
f 1874/957 1979/956 1843/958
f 1979/956 2042/951 1931/959
f 1979/956 1931/959 1843/958
f 1931/959 2042/951 1954/960
f 1954/960 2042/951 2035/933
f 1843/958 1931/959 1804/961
f 1804/961 1931/959 1954/960
f 1843/958 1804/961 1641/962
f 1954/960 2035/933 1838/963
f 1954/960 1838/963 1804/961
f 1838/963 2035/933 1925/931
f 1838/963 1925/931 1758/929
f 1804/961 1838/963 1635/964
f 1804/961 1635/964 1641/962
f 1838/963 1758/929 1696/965
f 1838/963 1696/965 1635/964
f 1696/965 1758/929 1359/966
f 1359/966 1758/929 1345/904
f 1635/964 1696/965 1366/967
f 1366/967 1696/965 1359/966
f 1641/962 1635/964 1247/968
f 1247/968 1635/964 1366/967
f 1641/962 1247/968 1163/969
f 1163/969 1247/968 718/970
f 718/970 1247/968 1366/967
f 1163/969 718/970 727/971
f 718/970 1366/967 712/910
f 1366/967 1359/966 701/972
f 1366/967 701/972 712/910
f 701/972 1359/966 1345/904
f 712/910 701/972 693/908
f 693/908 701/972 1345/904
f 1764/973 1874/974 1843/975
f 1874/974 1764/973 1937/976
f 1764/973 1843/975 1634/977
f 1634/977 1843/975 1641/978
f 1937/976 1764/973 1763/979
f 1937/976 1763/979 1803/980
f 1763/979 1764/973 1625/981
f 1625/981 1764/973 1634/977
f 1763/979 1625/981 1624/982
f 1763/979 1624/982 1623/983
f 1625/981 1634/977 1555/984
f 1624/982 1625/981 1472/985
f 1472/985 1625/981 1555/984
f 1548/986 1547/987 1624/982
f 1548/986 1624/982 1472/985
f 1555/984 1634/977 1479/988
f 1371/989 1634/977 1641/978
f 1634/977 1371/989 1479/988
f 1371/989 1641/978 1163/990
f 1555/984 1479/988 1358/991
f 1555/984 1358/991 1472/985
f 1371/989 1163/990 1065/992
f 1463/993 1548/986 1472/985
f 1548/986 1463/993 1462/994
f 1065/992 1163/990 727/995
f 1241/996 1479/988 1371/989
f 1241/996 1371/989 1065/992
f 1479/988 1241/996 1157/997
f 1479/988 1157/997 1358/991
f 1065/992 727/995 717/998
f 1241/996 1065/992 1059/999
f 1059/999 1065/992 717/998
f 1157/997 1241/996 1006/1000
f 1006/1000 1241/996 1059/999
f 1059/999 717/998 700/1001
f 1059/999 700/1001 1006/1000
f 700/1001 717/998 727/995
f 712/1002 727/995 718/1003
f 727/995 712/1002 700/1001
f 700/1001 712/1002 662/1004
f 1006/1000 700/1001 692/1005
f 1000/1006 1157/997 1006/1000
f 1000/1006 1006/1000 692/1005
f 692/1005 700/1001 684/1007
f 692/1005 684/1007 1000/1006
f 700/1001 662/1004 646/1008
f 700/1001 646/1008 684/1007
f 647/1009 640/1010 662/1004
f 662/1004 640/1010 646/1008
f 646/1008 640/1010 1133/1011
f 1133/1011 640/1010 1211/1012
f 646/1008 1133/1011 656/1013
f 1133/1011 1211/1012 1432/1014
f 1432/1014 1211/1012 1525/1015
f 1432/1014 1525/1015 1677/1016
f 1432/1014 1677/1016 1682/1017
f 1682/1017 1677/1016 1831/1018
f 646/1008 656/1013 661/1019
f 646/1008 661/1019 684/1007
f 1053/1020 656/1013 1133/1011
f 656/1013 1053/1020 661/1019
f 1136/1021 1133/1011 1432/1014
f 1133/1011 1136/1021 1053/1020
f 1136/1021 1432/1014 1311/1022
f 1311/1022 1432/1014 1682/1017
f 1053/1020 1136/1021 984/1023
f 1053/1020 984/1023 661/1019
f 984/1023 1136/1021 1311/1022
f 661/1019 984/1023 672/1024
f 661/1019 672/1024 684/1007
f 672/1024 984/1023 988/1025
f 672/1024 988/1025 684/1007
f 984/1023 1311/1022 1221/1026
f 984/1023 1221/1026 988/1025
f 1221/1026 1311/1022 1316/1027
f 988/1025 1221/1026 1140/1028
f 1140/1028 1221/1026 1316/1027
f 684/1007 988/1025 994/1029
f 994/1029 988/1025 1140/1028
f 684/1007 994/1029 1000/1006
f 994/1029 1140/1028 1146/1030
f 994/1029 1146/1030 1000/1006
f 1140/1028 1316/1027 1227/1031
f 1146/1030 1140/1028 1232/1032
f 1232/1032 1140/1028 1227/1031
f 1000/1006 1146/1030 1151/1033
f 1151/1033 1146/1030 1232/1032
f 1000/1006 1151/1033 1157/997
f 1157/997 1151/1033 1358/991
f 1358/991 1151/1033 1350/1034
f 1350/1034 1151/1033 1232/1032
f 1358/991 1350/1034 1472/985
f 1232/1032 1227/1031 1327/1035
f 1327/1035 1227/1031 1316/1027
f 1472/985 1350/1034 1464/1036
f 1464/1036 1350/1034 1232/1032
f 1472/985 1464/1036 1463/993
f 1464/1036 1232/1032 1340/1037
f 1340/1037 1232/1032 1327/1035
f 1463/993 1464/1036 1339/1038
f 1339/1038 1464/1036 1340/1037
f 1340/1037 1327/1035 1446/1039
f 1340/1037 1446/1039 1339/1038
f 1463/993 1339/1038 1455/1040
f 1455/1040 1339/1038 1446/1039
f 1463/993 1455/1040 1454/1041
f 1454/1041 1455/1040 1445/1042
f 1445/1042 1455/1040 1446/1039
f 1454/1041 1445/1042 1444/1043
f 1444/1043 1445/1042 1537/1044
f 1537/1044 1445/1042 1446/1039
f 1444/1043 1537/1044 1536/1045
f 1538/1046 1446/1039 1327/1035
f 1446/1039 1538/1046 1537/1044
f 1538/1046 1327/1035 1437/1047
f 1437/1047 1327/1035 1316/1027
f 1537/1044 1538/1046 1606/1048
f 1437/1047 1316/1027 1531/1049
f 1437/1047 1531/1049 1538/1046
f 1531/1049 1316/1027 1311/1022
f 1538/1046 1531/1049 1606/1048
f 1531/1049 1311/1022 1682/1017
f 1531/1049 1682/1017 1606/1048
f 1615/1050 1536/1045 1537/1044
f 1615/1050 1537/1044 1606/1048
f 1536/1045 1615/1050 1614/1051
f 1614/1051 1615/1050 1741/1052
f 1741/1052 1615/1050 1606/1048
f 1614/1051 1741/1052 1794/1053
f 1606/1048 1682/1017 1788/1054
f 1606/1048 1788/1054 1741/1052
f 1788/1054 1682/1017 1831/1018
f 1794/1053 1741/1052 1860/1055
f 1860/1055 1741/1052 1788/1054
f 1794/1053 1860/1055 1903/1056
f 1903/1056 1860/1055 2009/1057
f 1788/1054 1831/1018 1861/1058
f 1788/1054 1861/1058 1860/1055
f 1861/1058 1831/1018 1974/1059
f 2009/1057 1860/1055 1973/1060
f 1973/1060 1860/1055 1861/1058
f 1973/1060 1861/1058 1974/1059
f 2009/1057 1973/1060 2010/1061
f 2010/1061 1973/1060 1974/1059
f 2109/1062 2046/1063 2108/1064
f 2047/1065 1936/1066 2046/1063
f 2046/1063 1936/1066 1978/1067
f 1978/1067 1936/1066 1873/1068
f 2108/1064 2046/1063 2041/1069
f 2041/1069 2046/1063 1978/1067
f 1978/1067 1873/1068 1930/1070
f 1978/1067 1930/1070 2041/1069
f 1930/1070 1873/1068 1767/1071
f 2041/1069 1930/1070 1953/1072
f 1953/1072 1930/1070 1837/1073
f 2041/1069 1953/1072 2034/1074
f 2034/1074 1953/1072 1837/1073
f 2103/1075 2108/1064 2041/1069
f 2103/1075 2041/1069 2034/1074
f 2108/1064 2103/1075 2144/1076
f 2108/1064 2144/1076 2145/1077
f 2145/1077 2144/1076 2158/1078
f 2144/1076 2103/1075 2140/1079
f 2144/1076 2140/1079 2158/1078
f 2140/1079 2103/1075 2034/1074
f 2156/1080 2158/1078 2135/1081
f 2135/1081 2158/1078 2134/1082
f 2134/1082 2158/1078 2140/1079
f 2140/1079 2034/1074 2030/1083
f 2140/1079 2030/1083 2023/1084
f 2140/1079 2023/1084 2134/1082
f 2030/1083 2034/1074 1919/1085
f 2030/1083 1919/1085 2023/1084
f 2135/1081 2134/1082 2128/1086
f 2135/1081 2128/1086 2132/1087
f 2134/1082 2023/1084 2017/1088
f 1919/1085 2034/1074 1924/1089
f 2128/1086 2134/1082 2087/1090
f 2087/1090 2134/1082 2017/1088
f 1924/1089 2034/1074 1837/1073
f 2128/1086 2087/1090 2061/1091
f 2128/1086 2061/1091 2088/1092
f 2061/1091 2087/1090 2008/1093
f 2008/1093 2087/1090 2017/1088
f 2010/1094 2061/1091 2009/1095
f 2009/1095 2061/1091 2008/1093
f 1924/1089 1837/1073 1757/1096
f 1924/1089 1757/1096 1919/1085
f 2009/1095 2008/1093 1902/1097
f 2009/1095 1902/1097 1903/1098
f 1903/1098 1902/1097 1787/1099
f 1787/1099 1902/1097 1830/1100
f 1830/1100 1902/1097 2008/1093
f 1830/1100 2008/1093 1948/1101
f 1948/1101 2008/1093 2017/1088
f 1830/1100 1948/1101 1737/1102
f 1830/1100 1737/1102 1599/1103
f 1948/1101 2017/1088 1833/1104
f 1948/1101 1833/1104 1737/1102
f 1833/1104 2017/1088 1867/1105
f 1867/1105 2017/1088 2023/1084
f 1737/1102 1833/1104 1605/1106
f 1605/1106 1833/1104 1867/1105
f 1599/1103 1737/1102 1598/1107
f 1598/1107 1737/1102 1605/1106
f 1599/1103 1598/1107 1306/1108
f 1306/1108 1598/1107 1129/1109
f 1129/1109 1598/1107 1605/1106
f 1867/1105 2023/1084 1912/1110
f 1912/1110 2023/1084 1919/1085
f 1867/1105 1912/1110 1745/1111
f 1745/1111 1912/1110 1919/1085
f 1689/1112 1605/1106 1867/1105
f 1689/1112 1867/1105 1745/1111
f 1745/1111 1919/1085 1752/1113
f 1752/1113 1919/1085 1757/1096
f 1745/1111 1752/1113 1348/1114
f 1348/1114 1752/1113 1757/1096
f 1689/1112 1745/1111 1331/1115
f 1331/1115 1745/1111 1348/1114
f 1315/1116 1605/1106 1689/1112
f 1315/1116 1689/1112 1331/1115
f 1214/1117 1129/1109 1605/1106
f 1214/1117 1605/1106 1315/1116
f 1129/1109 1214/1117 639/1118
f 639/1118 1214/1117 644/1119
f 644/1119 1214/1117 659/1120
f 659/1120 1214/1117 1315/1116
f 659/1120 1315/1116 1331/1115
f 659/1120 1331/1115 677/1121
f 677/1121 1331/1115 690/1122
f 677/1121 690/1122 659/1120
f 690/1122 1331/1115 1348/1114
f 659/1120 690/1122 704/1123
f 704/1123 690/1122 1348/1114
f 704/1123 1348/1114 1357/1124
f 1357/1124 1348/1114 1757/1096
f 1357/1124 1757/1096 1695/1125
f 1695/1125 1757/1096 1837/1073
f 704/1123 1357/1124 1365/1126
f 1365/1126 1357/1124 1695/1125
f 704/1123 1365/1126 1246/1127
f 704/1123 1246/1127 715/1128
f 715/1128 1246/1127 726/1129
f 726/1129 1246/1127 1162/1130
f 1162/1130 1246/1127 1560/1131
f 1246/1127 1365/1126 1633/1132
f 1246/1127 1633/1132 1560/1131
f 1633/1132 1365/1126 1695/1125
f 1560/1131 1633/1132 1767/1071
f 1633/1132 1695/1125 1802/1133
f 1633/1132 1802/1133 1767/1071
f 1802/1133 1695/1125 1837/1073
f 1767/1071 1802/1133 1930/1070
f 1930/1070 1802/1133 1837/1073
f 1937/1134 1803/1135 1936/1136
f 1936/1136 1803/1135 1762/1137
f 1936/1136 1762/1137 1873/1138
f 1873/1138 1762/1137 1701/1139
f 1873/1138 1701/1139 1767/1140
f 1767/1140 1701/1139 1560/1141
f 1762/1137 1803/1135 1622/1142
f 1762/1137 1622/1142 1701/1139
f 1560/1141 1701/1139 1483/1143
f 1622/1142 1803/1135 1623/1144
f 1623/1144 1803/1135 1763/1145
f 1560/1141 1483/1143 1162/1146
f 1701/1139 1622/1142 1554/1147
f 1622/1142 1623/1144 1546/1148
f 1622/1142 1546/1148 1554/1147
f 1546/1148 1623/1144 1547/1149
f 1547/1149 1623/1144 1624/1150
f 1554/1147 1546/1148 1471/1151
f 1701/1139 1554/1147 1478/1152
f 1478/1152 1554/1147 1471/1151
f 1701/1139 1478/1152 1483/1143
f 1471/1151 1546/1148 1461/1153
f 1461/1153 1546/1148 1547/1149
f 1478/1152 1471/1151 1156/1154
f 1461/1153 1547/1149 1462/1155
f 1462/1155 1547/1149 1548/1156
f 1471/1151 1461/1153 1349/1157
f 1471/1151 1349/1157 1156/1154
f 1461/1153 1462/1155 1338/1158
f 1461/1153 1338/1158 1349/1157
f 1454/1159 1462/1155 1463/1160
f 1462/1155 1454/1159 1338/1158
f 1338/1158 1454/1159 1444/1161
f 1338/1158 1444/1161 1443/1162
f 1443/1162 1444/1161 1536/1163
f 1349/1157 1338/1158 1231/1164
f 1231/1164 1338/1158 1443/1162
f 1443/1162 1536/1163 1535/1165
f 1535/1165 1536/1163 1614/1166
f 1535/1165 1614/1166 1681/1167
f 1443/1162 1535/1165 1436/1168
f 1436/1168 1535/1165 1681/1167
f 1681/1167 1614/1166 1794/1169
f 1681/1167 1794/1169 1787/1170
f 1787/1170 1794/1169 1903/1171
f 1681/1167 1787/1170 1680/1172
f 1680/1172 1787/1170 1830/1173
f 1680/1172 1830/1173 1599/1174
f 1681/1167 1680/1172 1530/1175
f 1681/1167 1530/1175 1436/1168
f 1680/1172 1599/1174 1433/1176
f 1680/1172 1433/1176 1530/1175
f 1530/1175 1433/1176 1436/1168
f 1433/1176 1599/1174 1306/1177
f 1433/1176 1306/1177 1215/1178
f 1215/1178 1306/1177 1048/1179
f 1048/1179 1306/1177 1129/1180
f 1433/1176 1215/1178 1052/1181
f 1052/1181 1215/1178 1048/1179
f 1048/1179 1129/1180 645/1182
f 645/1182 1129/1180 639/1183
f 1048/1179 645/1182 660/1184
f 660/1184 645/1182 639/1183
f 1048/1179 660/1184 1052/1181
f 644/1185 659/1186 639/1183
f 639/1183 659/1186 660/1184
f 660/1184 659/1186 704/1187
f 1220/1188 1433/1176 1052/1181
f 1433/1176 1220/1188 1436/1168
f 1220/1188 1052/1181 983/1189
f 983/1189 1052/1181 660/1184
f 1436/1168 1220/1188 1226/1190
f 1436/1168 1226/1190 1443/1162
f 1443/1162 1226/1190 1231/1164
f 1226/1190 1220/1188 1139/1191
f 1139/1191 1220/1188 983/1189
f 1231/1164 1226/1190 1145/1192
f 1145/1192 1226/1190 1139/1191
f 1139/1191 983/1189 987/1193
f 1231/1164 1145/1192 1150/1194
f 1231/1164 1150/1194 1349/1157
f 1349/1157 1150/1194 1156/1154
f 1150/1194 1145/1192 999/1195
f 1150/1194 999/1195 1156/1154
f 1145/1192 1139/1191 993/1196
f 993/1196 1139/1191 987/1193
f 1145/1192 993/1196 999/1195
f 671/1197 987/1193 983/1189
f 987/1193 671/1197 993/1196
f 671/1197 983/1189 660/1184
f 993/1196 671/1197 683/1198
f 683/1198 671/1197 660/1184
f 993/1196 683/1198 999/1195
f 683/1198 660/1184 705/1199
f 999/1195 683/1198 691/1200
f 691/1200 683/1198 705/1199
f 705/1199 660/1184 704/1187
f 999/1195 691/1200 1005/1201
f 999/1195 1005/1201 1156/1154
f 1005/1201 691/1200 705/1199
f 715/1202 726/1203 704/1187
f 704/1187 726/1203 705/1199
f 705/1199 726/1203 716/1204
f 716/1204 726/1203 1162/1146
f 716/1204 1162/1146 1064/1205
f 716/1204 1064/1205 705/1199
f 1064/1205 1162/1146 1483/1143
f 705/1199 1064/1205 1058/1206
f 1058/1206 1064/1205 1483/1143
f 705/1199 1058/1206 1005/1201
f 1058/1206 1483/1143 1240/1207
f 1058/1206 1240/1207 1005/1201
f 1005/1201 1240/1207 1156/1154
f 1240/1207 1483/1143 1478/1152
f 1240/1207 1478/1152 1156/1154
f 329/1208 328/1209 330/1210
f 329/1211 330/1212 331/1213
f 330/1214 328/1215 2247/1216
f 330/1217 2247/1218 331/1219
f 329/1220 331/1221 2248/1222
f 2248/1223 331/1224 2247/1225
f 2248/1223 2247/1225 2428/1226
f 2248/1223 2428/1226 2426/1227
f 2426/1227 2428/1226 2425/1228
f 2248/1223 2426/1227 329/1229
f 329/1230 2426/1231 328/1232
f 328/1233 2426/1234 2425/1235
f 328/1233 2425/1235 2247/1236
f 2247/1236 2425/1235 2427/1237
f 2247/1236 2427/1237 2428/1238
f 2428/1238 2427/1237 2425/1235
f 311/1239 319/1240 2245/1241
f 319/1242 311/1243 320/1244
f 2245/1245 319/1246 2243/1247
f 320/1248 311/1249 312/1250
f 312/1251 311/1252 2245/1253
f 2245/1254 2243/1255 2246/1256
f 2245/1257 2246/1258 312/1259
f 312/1259 2246/1258 2244/1260
f 2243/1261 319/1262 2244/1263
f 2243/1264 2244/1265 2246/1266
f 2244/1267 319/1268 320/1269
f 312/1270 2244/1271 320/1272
f 822/1273 633/1274 554/1275
f 633/1274 822/1273 816/1276
f 822/1273 554/1275 813/1277
f 813/1277 554/1275 557/1278
f 822/1273 813/1277 826/1279
f 822/1273 826/1279 931/1280
f 822/1273 931/1280 920/1281
f 920/1281 931/1280 930/1282
f 554/1283 633/1284 486/1285
f 554/1283 486/1285 557/1286
f 557/1286 486/1285 489/1287
f 489/1287 486/1285 387/1288
f 489/1287 387/1288 391/1289
f 387/1288 486/1285 384/1290
f 486/1285 633/1284 483/1291
f 486/1285 483/1291 384/1290
f 483/1291 633/1284 628/1292
f 384/1290 483/1291 381/1293
f 381/1293 483/1291 473/1294
f 813/1295 557/1296 636/1297
f 813/1295 636/1297 826/1298
f 826/1298 636/1297 635/1299
f 636/1297 557/1296 489/1300
f 636/1297 489/1300 493/1301
f 636/1297 493/1301 492/1302
f 493/1301 489/1300 391/1303
f 493/1301 391/1303 390/1304
f 635/1305 636/1306 492/1307
f 635/1305 492/1307 488/1308
f 635/1305 488/1308 556/1309
f 556/1309 488/1308 485/1310
f 492/1311 493/1312 390/1313
f 492/1311 390/1313 386/1314
f 492/1311 386/1314 488/1315
f 386/1314 390/1313 214/1316
f 214/1316 390/1313 391/1317
f 488/1315 386/1314 383/1318
f 488/1315 383/1318 485/1319
f 386/1314 214/1316 241/1320
f 386/1314 241/1320 383/1318
f 241/1320 214/1316 99/1321
f 99/1321 214/1316 77/1322
f 241/1320 99/1321 238/1323
f 241/1320 238/1323 383/1318
f 383/1318 238/1323 211/1324
f 215/1325 214/1326 391/1327
f 215/1328 391/1329 387/1330
f 215/1328 387/1330 242/1331
f 215/1328 242/1331 78/1332
f 242/1331 387/1330 239/1333
f 239/1333 387/1330 384/1334
f 78/1332 242/1331 100/1335
f 100/1335 242/1331 239/1333
f 78/1332 100/1335 74/1336
f 239/1333 384/1334 212/1337
f 239/1333 212/1337 100/1335
f 100/1335 212/1337 74/1336
f 74/1336 212/1337 207/1338
f 212/1337 384/1334 381/1339
f 212/1337 381/1339 371/1340
f 214/1341 215/1342 77/1343
f 99/1344 77/1345 73/1346
f 99/1344 73/1346 238/1347
f 238/1347 73/1346 211/1348
f 73/1346 77/1345 31/1349
f 31/1349 77/1345 78/1350
f 73/1346 31/1349 75/1351
f 77/1352 215/1353 78/1354
f 73/1355 75/1356 211/1357
f 211/1357 75/1356 237/1358
f 211/1357 237/1358 383/1359
f 31/1360 33/1361 75/1356
f 75/1356 33/1361 79/1362
f 79/1362 33/1361 34/1363
f 237/1358 75/1356 101/1364
f 101/1364 75/1356 79/1362
f 101/1364 79/1362 216/1365
f 216/1365 79/1362 80/1366
f 237/1358 101/1364 243/1367
f 243/1367 101/1364 216/1365
f 237/1358 243/1367 383/1359
f 243/1367 216/1365 388/1368
f 243/1367 388/1368 383/1359
f 383/1359 388/1368 485/1369
f 485/1369 388/1368 490/1370
f 485/1369 490/1370 558/1371
f 558/1371 490/1370 637/1372
f 485/1369 558/1371 552/1373
f 485/1369 552/1373 632/1374
f 558/1371 637/1372 814/1375
f 558/1371 814/1375 552/1373
f 814/1375 637/1372 827/1376
f 827/1376 637/1372 828/1377
f 552/1373 814/1375 823/1378
f 552/1373 823/1378 632/1374
f 823/1378 814/1375 827/1376
f 632/1374 823/1378 821/1379
f 821/1379 823/1378 932/1380
f 932/1380 823/1378 827/1376
f 932/1380 827/1376 933/1381
f 78/1382 74/1383 32/1384
f 32/1384 74/1383 69/1385
f 78/1382 32/1384 31/1386
f 31/1386 32/1384 29/1387
f 381/1388 473/1389 371/1390
f 473/1391 483/1392 628/1393
f 371/1394 473/1395 373/1396
f 371/1394 373/1396 207/1397
f 373/1396 473/1395 475/1398
f 475/1398 473/1395 628/1399
f 207/1397 373/1396 233/1400
f 207/1397 233/1400 69/1401
f 373/1396 475/1398 375/1402
f 233/1400 373/1396 235/1403
f 235/1403 373/1396 375/1402
f 233/1400 235/1403 97/1404
f 233/1400 97/1404 69/1401
f 235/1403 375/1402 209/1405
f 235/1403 209/1405 97/1404
f 69/1401 97/1404 71/1406
f 71/1406 97/1404 209/1405
f 69/1401 71/1406 29/1407
f 29/1407 71/1406 72/1408
f 71/1406 209/1405 210/1409
f 209/1405 375/1402 377/1410
f 209/1405 377/1410 378/1411
f 378/1411 377/1410 479/1412
f 377/1410 375/1402 477/1413
f 377/1410 477/1413 479/1412
f 477/1413 375/1402 475/1398
f 479/1412 477/1413 630/1414
f 479/1412 630/1414 631/1415
f 477/1413 475/1398 548/1416
f 548/1416 475/1398 628/1399
f 630/1414 477/1413 550/1417
f 550/1417 477/1413 548/1416
f 548/1416 628/1399 795/1418
f 548/1416 795/1418 550/1417
f 795/1418 628/1399 816/1419
f 630/1414 550/1417 818/1420
f 818/1420 550/1417 795/1418
f 818/1420 795/1418 816/1419
f 630/1414 818/1420 819/1421
f 818/1420 816/1419 920/1422
f 818/1420 920/1422 921/1423
f 212/1424 371/1425 207/1426
f 69/1427 74/1428 207/1429
f 32/1430 69/1431 29/1432
f 816/1433 628/1434 633/1435
f 816/1436 822/1437 920/1438
f 931/1439 826/1440 825/1441
f 825/1442 826/1443 635/1444
f 825/1442 635/1444 812/1445
f 812/1445 635/1444 556/1446
f 930/1447 931/1448 825/1442
f 930/1447 825/1442 821/1449
f 821/1449 825/1442 812/1445
f 930/1447 821/1449 932/1450
f 812/1445 556/1446 553/1451
f 812/1445 553/1451 821/1449
f 553/1451 556/1446 485/1452
f 821/1449 553/1451 632/1453
f 632/1453 553/1451 485/1452
f 920/1454 930/1455 921/1456
f 930/1457 932/1458 921/1459
f 921/1460 932/1461 933/1462
f 921/1463 933/1464 817/1465
f 933/1466 827/1467 828/1468
f 933/1466 828/1468 824/1469
f 637/1470 638/1471 828/1468
f 828/1468 638/1471 559/1472
f 824/1469 828/1468 815/1473
f 815/1473 828/1468 559/1472
f 824/1469 815/1473 634/1474
f 815/1473 559/1472 555/1475
f 815/1473 555/1475 634/1474
f 634/1474 555/1475 487/1476
f 634/1474 487/1476 484/1477
f 637/1478 490/1479 494/1480
f 637/1478 494/1480 638/1481
f 933/1482 824/1483 817/1484
f 559/1485 638/1486 491/1487
f 559/1485 491/1487 555/1488
f 555/1488 491/1487 487/1489
f 487/1489 491/1487 385/1490
f 487/1489 385/1490 382/1491
f 385/1490 491/1487 389/1492
f 491/1487 638/1486 495/1493
f 491/1487 495/1493 389/1492
f 495/1493 638/1486 494/1494
f 389/1492 495/1493 393/1495
f 393/1495 495/1493 494/1494
f 629/1496 824/1497 634/1498
f 824/1499 629/1500 817/1501
f 389/1502 393/1503 217/1504
f 217/1504 393/1503 392/1505
f 389/1502 217/1504 244/1506
f 389/1502 244/1506 385/1507
f 385/1507 244/1506 240/1508
f 240/1508 244/1506 102/1509
f 102/1509 244/1506 217/1504
f 102/1509 217/1504 80/1510
f 80/1510 217/1504 216/1511
f 393/1512 494/1513 392/1514
f 392/1514 494/1513 490/1515
f 392/1514 490/1515 388/1516
f 392/1514 388/1516 216/1517
f 392/1514 216/1517 217/1518
f 240/1519 102/1520 76/1521
f 76/1521 102/1520 80/1522
f 76/1521 80/1522 34/1523
f 76/1521 34/1523 30/1524
f 30/1524 34/1523 33/1525
f 240/1519 76/1521 213/1526
f 213/1526 76/1521 70/1527
f 240/1519 213/1526 385/1528
f 385/1528 213/1526 382/1529
f 382/1529 213/1526 208/1530
f 487/1531 382/1532 484/1533
f 484/1533 382/1532 372/1534
f 208/1535 213/1536 70/1537
f 372/1538 382/1539 208/1540
f 634/1541 484/1542 474/1543
f 474/1544 484/1545 372/1546
f 634/1547 474/1548 629/1549
f 474/1550 372/1551 476/1552
f 474/1550 476/1552 629/1553
f 476/1552 372/1551 374/1554
f 374/1554 372/1551 208/1555
f 629/1553 476/1552 549/1556
f 629/1553 549/1556 817/1557
f 549/1556 476/1552 551/1558
f 817/1557 549/1556 796/1559
f 796/1559 549/1556 551/1558
f 817/1557 796/1559 819/1560
f 817/1557 819/1560 921/1561
f 921/1561 819/1560 818/1562
f 819/1560 796/1559 631/1563
f 631/1563 796/1559 551/1558
f 819/1560 631/1563 630/1564
f 478/1565 551/1558 476/1552
f 551/1558 478/1565 631/1563
f 478/1565 476/1552 374/1554
f 631/1563 478/1565 480/1566
f 631/1563 480/1566 479/1567
f 479/1567 480/1566 378/1568
f 480/1566 478/1565 376/1569
f 480/1566 376/1569 378/1568
f 376/1569 478/1565 374/1554
f 378/1568 376/1569 210/1570
f 378/1568 210/1570 209/1571
f 376/1569 374/1554 234/1572
f 234/1572 374/1554 208/1555
f 210/1570 376/1569 236/1573
f 236/1573 376/1569 234/1572
f 234/1572 208/1555 98/1574
f 234/1572 98/1574 236/1573
f 98/1574 208/1555 70/1575
f 210/1570 236/1573 72/1576
f 72/1576 236/1573 98/1574
f 72/1576 98/1574 70/1575
f 210/1570 72/1576 71/1577
f 72/1576 70/1575 30/1578
f 72/1576 30/1578 29/1579
f 30/1580 70/1581 76/1582
f 29/1583 30/1584 33/1585
f 29/1586 33/1587 31/1588
f 34/1589 80/1590 79/1591
f 383/1592 211/1593 485/1594
f 485/1595 211/1596 380/1597
f 380/1597 211/1596 383/1598
f 485/1595 380/1597 632/1599
f 380/1597 383/1598 482/1600
f 380/1597 482/1600 632/1599
f 482/1600 383/1598 485/1601
f 482/1600 485/1601 632/1599
f 211/1602 485/1603 379/1604
f 379/1604 485/1603 632/1605
f 211/1602 379/1604 383/1606
f 379/1604 632/1605 481/1607
f 379/1604 481/1607 383/1606
f 481/1607 632/1605 485/1608
f 481/1607 485/1608 383/1606
f 1069/1609 872/1610 1014/1611
f 1014/1611 872/1610 876/1612
f 872/1610 1069/1609 866/1613
f 872/1610 866/1613 356/1614
f 866/1613 1069/1609 1127/1615
f 866/1613 1127/1615 859/1616
f 1127/1615 1069/1609 1485/1617
f 1485/1617 1069/1609 1014/1611
f 1127/1615 1485/1617 1523/1618
f 1523/1618 1485/1617 1643/1619
f 1643/1619 1485/1617 1488/1620
f 1485/1617 1014/1611 1374/1621
f 1485/1617 1374/1621 1488/1620
f 1374/1621 1014/1611 1020/1622
f 1374/1621 1020/1622 1488/1620
f 876/1623 872/1624 356/1625
f 351/1626 356/1625 866/1627
f 356/1625 351/1626 283/1628
f 283/1628 351/1626 245/1629
f 283/1628 245/1629 152/1630
f 356/1625 283/1628 290/1631
f 290/1631 283/1628 152/1630
f 876/1623 356/1625 403/1632
f 403/1632 356/1625 290/1631
f 290/1631 152/1630 195/1633
f 195/1633 152/1630 158/1634
f 158/1634 152/1630 113/1635
f 290/1631 195/1633 323/1636
f 323/1636 195/1633 158/1634
f 290/1631 323/1636 403/1632
f 323/1636 158/1634 296/1637
f 403/1632 323/1636 408/1638
f 408/1638 323/1636 296/1637
f 403/1632 408/1638 876/1623
f 408/1638 296/1637 369/1639
f 408/1638 369/1639 890/1640
f 876/1623 408/1638 883/1641
f 883/1641 408/1638 890/1640
f 876/1623 883/1641 1014/1642
f 1014/1642 883/1641 1020/1643
f 1020/1643 883/1641 890/1640
f 1020/1643 890/1640 1072/1644
f 1020/1643 1072/1644 1488/1645
f 1072/1646 890/1647 1075/1648
f 1488/1649 1072/1650 1491/1651
f 1491/1652 1072/1653 1075/1654
f 1075/1655 890/1656 891/1657
f 891/1658 890/1659 369/1660
f 1075/1661 891/1662 887/1663
f 887/1663 891/1662 370/1664
f 1075/1661 887/1663 1021/1665
f 1075/1661 1021/1665 1491/1666
f 887/1663 370/1664 366/1667
f 1491/1666 1021/1665 1377/1668
f 1491/1666 1377/1668 1564/1669
f 1491/1666 1564/1669 1646/1670
f 1564/1669 1377/1668 1015/1671
f 1015/1671 1377/1668 1021/1665
f 1564/1669 1015/1671 1168/1672
f 366/1667 370/1664 301/1673
f 301/1673 370/1664 300/1674
f 301/1673 300/1674 161/1675
f 1168/1672 1015/1671 874/1676
f 1168/1672 874/1676 869/1677
f 1015/1671 1021/1665 879/1678
f 1015/1671 879/1678 874/1676
f 879/1678 1021/1665 887/1663
f 869/1677 874/1676 402/1679
f 402/1679 874/1676 879/1678
f 879/1678 887/1663 405/1680
f 405/1680 887/1663 366/1667
f 405/1680 366/1667 301/1673
f 879/1678 405/1680 402/1679
f 869/1677 402/1679 354/1681
f 869/1677 354/1681 862/1682
f 862/1682 354/1681 399/1683
f 399/1683 354/1681 220/1684
f 220/1684 354/1681 402/1679
f 399/1683 220/1684 281/1685
f 281/1685 220/1684 151/1686
f 291/1687 402/1679 405/1680
f 402/1679 291/1687 220/1684
f 291/1687 405/1680 301/1673
f 151/1686 220/1684 155/1688
f 155/1688 220/1684 291/1687
f 291/1687 301/1673 198/1689
f 291/1687 198/1689 155/1688
f 198/1689 301/1673 161/1675
f 198/1689 161/1675 155/1688
f 155/1688 161/1675 116/1690
f 155/1688 116/1690 112/1691
f 891/1692 369/1693 370/1694
f 369/1695 296/1696 370/1697
f 152/1698 245/1699 150/1700
f 152/1698 150/1700 113/1701
f 111/1702 116/1703 113/1701
f 111/1702 113/1701 150/1700
f 111/1702 150/1700 144/1704
f 111/1702 144/1704 145/1705
f 144/1704 150/1700 189/1706
f 150/1700 245/1699 275/1707
f 150/1700 275/1707 189/1706
f 275/1707 245/1699 397/1708
f 144/1704 189/1706 321/1709
f 321/1709 189/1706 275/1707
f 397/1708 245/1699 351/1710
f 144/1704 321/1709 268/1711
f 144/1704 268/1711 271/1712
f 271/1712 268/1711 332/1713
f 332/1713 268/1711 338/1714
f 338/1714 268/1711 321/1709
f 338/1714 321/1709 275/1707
f 338/1714 275/1707 397/1708
f 338/1714 397/1708 847/1715
f 859/1716 397/1708 351/1710
f 859/1716 351/1710 866/1717
f 397/1708 859/1716 853/1718
f 397/1708 853/1718 847/1715
f 853/1718 859/1716 1127/1719
f 853/1718 1127/1719 976/1720
f 853/1718 976/1720 847/1715
f 847/1715 976/1720 970/1721
f 976/1722 1127/1723 1523/1724
f 976/1722 1523/1724 1300/1725
f 976/1722 1300/1725 970/1726
f 970/1726 1300/1725 1042/1727
f 970/1726 1042/1727 847/1728
f 1042/1727 1300/1725 1426/1729
f 1426/1729 1300/1725 1523/1724
f 1042/1727 1426/1729 1427/1730
f 1427/1730 1426/1729 1596/1731
f 1596/1731 1426/1729 1523/1724
f 1596/1731 1523/1724 1643/1732
f 1596/1731 1643/1732 1597/1733
f 1596/1734 1597/1735 1427/1736
f 1427/1736 1597/1735 1431/1737
f 1427/1736 1431/1737 1303/1738
f 1643/1739 1488/1740 1646/1741
f 1643/1742 1646/1743 1597/1744
f 1646/1745 1488/1746 1491/1747
f 1597/1748 1646/1749 1431/1750
f 1431/1750 1646/1749 1564/1751
f 1431/1750 1564/1751 1168/1752
f 1431/1750 1168/1752 1046/1753
f 1046/1753 1168/1752 869/1754
f 1046/1753 869/1754 862/1755
f 1431/1750 1046/1753 979/1756
f 979/1756 1046/1753 862/1755
f 1431/1750 979/1756 1303/1757
f 979/1756 862/1755 857/1758
f 857/1758 862/1755 399/1759
f 300/1760 370/1761 296/1762
f 300/1763 296/1764 158/1765
f 161/1766 300/1767 158/1768
f 113/1769 161/1770 158/1771
f 161/1772 113/1773 116/1774
f 112/1775 116/1776 111/1777
f 112/1775 111/1777 145/1778
f 144/1779 271/1780 145/1778
f 145/1778 271/1780 192/1781
f 112/1775 145/1778 151/1782
f 151/1782 145/1778 192/1781
f 112/1775 151/1782 155/1783
f 151/1782 192/1781 277/1784
f 151/1782 277/1784 281/1785
f 281/1785 277/1784 399/1786
f 332/1787 338/1788 841/1789
f 332/1787 841/1789 335/1790
f 841/1789 338/1788 847/1791
f 841/1789 847/1791 1042/1792
f 841/1789 1042/1792 844/1793
f 332/1794 335/1795 271/1796
f 271/1796 335/1795 395/1797
f 271/1796 395/1797 272/1798
f 271/1796 272/1798 192/1799
f 272/1798 395/1797 344/1800
f 192/1799 272/1798 277/1801
f 277/1801 272/1798 344/1800
f 277/1801 344/1800 399/1802
f 841/1803 844/1804 335/1805
f 335/1805 844/1804 850/1806
f 335/1805 850/1806 395/1807
f 395/1807 850/1806 857/1808
f 395/1807 857/1808 344/1809
f 344/1809 857/1808 399/1810
f 857/1808 850/1806 979/1811
f 850/1806 844/1804 1043/1812
f 1043/1812 844/1804 1042/1813
f 1043/1812 1042/1813 1427/1814
f 850/1806 1043/1812 973/1815
f 850/1806 973/1815 979/1811
f 973/1815 1043/1812 1427/1814
f 979/1811 973/1815 1303/1816
f 1303/1816 973/1815 1427/1814
f 2155/1817 2095/1818 2098/1819
f 2098/1819 2095/1818 2022/1820
f 2143/1821 2159/1822 2155/1817
f 2098/1819 2022/1820 2029/1823
f 2098/1819 2029/1823 2033/1824
f 2029/1823 2022/1820 1918/1825
f 2029/1823 1918/1825 2033/1824
f 2022/1820 2095/1818 2016/1826
f 2098/1819 2033/1824 2102/1827
f 2098/1819 2102/1827 2155/1817
f 2155/1817 2102/1827 2143/1821
f 2092/1828 2095/1818 2155/1817
f 2095/1818 2092/1828 2016/1826
f 2092/1828 2155/1817 2131/1829
f 2131/1829 2155/1817 2136/1830
f 2092/1828 2131/1829 2086/1831
f 2086/1831 2131/1829 2129/1832
f 2143/1821 2102/1827 2148/1833
f 2143/1821 2148/1833 2110/1834
f 2110/1834 2148/1833 2107/1835
f 2148/1833 2102/1827 2040/1836
f 2148/1833 2040/1836 2107/1835
f 2040/1836 2102/1827 2033/1824
f 2092/1828 2086/1831 2007/1837
f 2092/1828 2007/1837 2016/1826
f 2060/1838 2086/1831 2064/1839
f 2086/1831 2060/1838 2007/1837
f 2007/1837 2060/1838 2006/1840
f 2006/1840 2060/1838 2011/1841
f 2006/1840 2011/1841 1972/1842
f 2006/1840 1972/1842 2007/1837
f 1972/1842 2011/1841 1859/1843
f 2007/1837 1972/1842 1901/1844
f 1901/1844 1972/1842 1859/1843
f 2007/1837 1901/1844 1829/1845
f 1901/1844 1859/1843 1786/1846
f 1901/1844 1786/1846 1829/1845
f 1786/1846 1859/1843 1740/1847
f 1740/1847 1859/1843 1796/1848
f 1612/1849 1740/1847 1686/1850
f 1740/1847 1612/1849 1613/1851
f 1740/1847 1613/1851 1786/1846
f 1908/1852 2007/1837 1829/1845
f 2007/1837 1908/1852 2016/1826
f 1679/1853 1829/1845 1786/1846
f 1679/1853 1786/1846 1613/1851
f 1908/1852 1829/1845 1676/1854
f 1676/1854 1829/1845 1679/1853
f 2016/1826 1908/1852 1793/1855
f 1793/1855 1908/1852 1676/1854
f 1679/1853 1613/1851 1529/1856
f 1529/1856 1613/1851 1534/1857
f 1529/1856 1534/1857 1312/1858
f 1529/1856 1312/1858 1313/1859
f 1529/1856 1313/1859 1527/1860
f 1529/1856 1527/1860 1679/1853
f 1679/1853 1527/1860 1676/1854
f 1676/1854 1527/1860 1307/1861
f 1307/1861 1527/1860 1135/1862
f 1307/1861 1135/1862 1051/1863
f 1676/1854 1307/1861 1524/1864
f 1676/1854 1524/1864 1793/1855
f 1307/1861 1051/1863 1132/1865
f 1132/1865 1051/1863 658/1866
f 1132/1865 658/1866 641/1867
f 1307/1861 1132/1865 1210/1868
f 1210/1868 1132/1865 641/1867
f 1307/1861 1210/1868 1524/1864
f 1210/1868 641/1867 642/1869
f 1604/1870 1793/1855 1524/1864
f 1604/1870 1524/1864 1210/1868
f 1210/1868 642/1869 1213/1871
f 1210/1868 1213/1871 1604/1870
f 1213/1871 642/1869 643/1872
f 1213/1871 643/1872 666/1873
f 1604/1870 1213/1871 1314/1874
f 1314/1874 1213/1871 666/1873
f 1688/1875 1793/1855 1604/1870
f 1688/1875 1604/1870 1314/1874
f 1314/1874 666/1873 1330/1876
f 1314/1874 1330/1876 1688/1875
f 1330/1876 666/1873 676/1877
f 1330/1876 676/1877 689/1878
f 1793/1855 1688/1875 1866/1879
f 1793/1855 1866/1879 2016/1826
f 2016/1826 1866/1879 2022/1820
f 1866/1879 1688/1875 1744/1880
f 1744/1880 1688/1875 1330/1876
f 2022/1820 1866/1879 1911/1881
f 1911/1881 1866/1879 1744/1880
f 2022/1820 1911/1881 1918/1825
f 1911/1881 1744/1880 1751/1882
f 1751/1882 1744/1880 1330/1876
f 1911/1881 1751/1882 1918/1825
f 1751/1882 1330/1876 1347/1883
f 1347/1883 1330/1876 689/1878
f 1918/1825 1751/1882 1756/1884
f 1756/1884 1751/1882 1347/1883
f 1347/1883 689/1878 1356/1885
f 1347/1883 1356/1885 1756/1884
f 1356/1885 689/1878 703/1886
f 1918/1825 1756/1884 1923/1887
f 1918/1825 1923/1887 2033/1824
f 1923/1887 1756/1884 1836/1888
f 1923/1887 1836/1888 2033/1824
f 1756/1884 1356/1885 1694/1889
f 1756/1884 1694/1889 1836/1888
f 1356/1885 703/1886 1364/1890
f 1356/1885 1364/1890 1694/1889
f 1364/1890 703/1886 714/1891
f 1836/1888 1694/1889 1632/1892
f 1632/1892 1694/1889 1364/1890
f 1952/1893 2033/1824 1836/1888
f 2033/1824 1952/1893 2040/1836
f 1836/1888 1632/1892 1801/1894
f 1836/1888 1801/1894 1952/1893
f 1632/1892 1364/1890 1245/1895
f 1245/1895 1364/1890 714/1891
f 1801/1894 1632/1892 1640/1896
f 1640/1896 1632/1892 1245/1895
f 1640/1896 1245/1895 1161/1897
f 1161/1897 1245/1895 714/1891
f 1161/1897 714/1891 725/1898
f 1801/1894 1640/1896 1842/1899
f 1929/1900 1952/1893 1801/1894
f 1929/1900 1801/1894 1842/1899
f 1952/1893 1929/1900 2040/1836
f 1929/1900 1842/1899 1977/1901
f 1929/1900 1977/1901 2040/1836
f 1977/1901 1842/1899 1872/1902
f 1977/1901 1872/1902 1935/1903
f 2040/1836 1977/1901 2045/1904
f 2045/1904 1977/1901 1935/1903
f 2045/1904 1935/1903 1938/1905
f 2040/1836 2045/1904 2107/1835
f 2107/1835 2045/1904 2048/1906
f 2131/1907 2136/1908 2129/1909
f 2086/1910 2129/1909 2064/1911
f 2064/1911 2129/1909 2089/1912
f 2129/1909 2136/1908 2137/1913
f 2129/1909 2137/1913 2089/1912
f 2155/1914 2159/1915 2136/1908
f 2136/1908 2159/1915 2137/1913
f 2089/1912 2137/1913 2020/1916
f 2089/1912 2020/1916 1976/1917
f 2137/1913 2159/1915 2141/1918
f 1976/1917 2020/1916 1869/1919
f 2020/1916 2137/1913 2025/1920
f 2025/1920 2137/1913 2141/1918
f 2020/1916 2025/1920 1869/1919
f 1976/1917 1869/1919 1834/1921
f 2141/1918 2159/1915 2150/1922
f 2150/1922 2159/1915 2143/1923
f 2150/1922 2143/1923 2110/1924
f 2141/1918 2150/1922 2105/1925
f 2105/1925 2150/1922 2110/1924
f 2141/1918 2105/1925 2036/1926
f 2141/1918 2036/1926 2067/1927
f 2141/1918 2067/1927 2025/1920
f 2036/1926 2105/1925 2039/1928
f 2067/1927 2036/1926 1927/1929
f 1927/1929 2036/1926 2039/1928
f 2039/1928 2105/1925 2043/1930
f 2043/1930 2105/1925 2110/1924
f 2025/1920 2067/1927 1914/1931
f 2025/1920 1914/1931 1869/1919
f 1914/1931 2067/1927 1920/1932
f 1920/1932 2067/1927 1927/1929
f 1869/1919 1914/1931 1743/1933
f 1914/1931 1920/1932 1747/1934
f 1914/1931 1747/1934 1743/1933
f 1869/1919 1743/1933 1687/1935
f 1869/1919 1687/1935 1834/1921
f 1687/1935 1743/1933 1324/1936
f 1324/1936 1743/1933 1747/1934
f 1834/1921 1687/1935 1609/1937
f 1834/1921 1609/1937 1601/1938
f 1834/1921 1601/1938 1600/1939
f 1600/1939 1601/1938 1308/1940
f 1601/1938 1609/1937 1217/1941
f 1609/1937 1687/1935 1319/1942
f 1609/1937 1319/1942 1217/1941
f 1319/1942 1687/1935 1324/1936
f 1217/1941 1319/1942 667/1943
f 667/1943 1319/1942 1324/1936
f 667/1943 1324/1936 1333/1944
f 1333/1944 1324/1936 1747/1934
f 1333/1944 1747/1934 1351/1945
f 1351/1945 1747/1934 1753/1946
f 1753/1946 1747/1934 1920/1932
f 1351/1945 1753/1946 1360/1947
f 1753/1946 1920/1932 1761/1948
f 1753/1946 1761/1948 1360/1947
f 1761/1948 1920/1932 1927/1929
f 1351/1945 1360/1947 707/1949
f 1360/1947 1761/1948 1697/1950
f 1697/1950 1761/1948 1927/1929
f 707/1949 1360/1947 1367/1951
f 1367/1951 1360/1947 1697/1950
f 707/1949 1367/1951 1248/1952
f 1697/1950 1927/1929 1839/1953
f 1839/1953 1927/1929 2039/1928
f 1367/1951 1697/1950 1637/1954
f 1367/1951 1637/1954 1248/1952
f 1839/1953 2039/1928 1955/1955
f 1955/1955 2039/1928 2043/1930
f 1697/1950 1839/1953 1806/1956
f 1697/1950 1806/1956 1637/1954
f 1839/1953 1955/1955 1932/1957
f 1932/1957 1955/1955 2043/1930
f 1839/1953 1932/1957 1806/1956
f 1637/1954 1806/1956 1768/1958
f 1768/1958 1806/1956 1932/1957
f 1561/1959 1248/1952 1637/1954
f 1561/1959 1637/1954 1768/1958
f 1248/1952 1561/1959 1164/1960
f 1164/1960 1561/1959 1372/1961
f 1372/1961 1561/1959 1636/1962
f 1636/1962 1561/1959 1768/1958
f 1768/1958 1932/1957 1875/1963
f 1875/1963 1932/1957 1980/1964
f 1980/1964 1932/1957 2043/1930
f 1875/1963 1980/1964 1938/1965
f 1980/1964 2043/1930 2048/1966
f 1980/1964 2048/1966 1938/1965
f 1938/1965 2048/1966 2045/1967
f 2048/1966 2043/1930 2110/1924
f 2048/1966 2110/1924 2107/1968
f 2060/1969 2064/1970 2011/1971
f 2011/1971 2064/1970 2014/1972
f 2014/1972 2064/1970 2089/1973
f 2014/1972 2089/1973 1976/1974
f 2014/1972 1976/1974 1951/1975
f 1951/1975 1976/1974 1834/1976
f 1951/1975 1834/1976 1862/1977
f 1951/1975 1862/1977 2014/1972
f 1862/1977 1834/1976 1600/1978
f 2011/1971 2014/1972 1905/1979
f 1905/1979 2014/1972 1862/1977
f 2011/1971 1905/1979 1904/1980
f 2011/1971 1904/1980 1859/1981
f 1905/1979 1862/1977 1789/1982
f 1905/1979 1789/1982 1904/1980
f 1859/1981 1904/1980 1796/1983
f 1796/1983 1904/1980 1789/1982
f 1796/1983 1789/1982 1683/1984
f 1789/1982 1862/1977 1790/1985
f 1790/1985 1862/1977 1600/1978
f 1789/1982 1790/1985 1683/1984
f 1790/1985 1600/1978 1434/1986
f 1683/1984 1790/1985 1608/1987
f 1608/1987 1790/1985 1434/1986
f 1796/1983 1683/1984 1686/1988
f 1796/1983 1686/1988 1740/1989
f 1683/1984 1608/1987 1438/1990
f 1438/1990 1608/1987 1434/1986
f 1434/1986 1600/1978 1308/1991
f 1686/1988 1683/1984 1540/1992
f 1540/1992 1683/1984 1438/1990
f 1686/1988 1540/1992 1539/1993
f 1686/1988 1539/1993 1612/1994
f 1540/1992 1438/1990 1448/1995
f 1540/1992 1448/1995 1539/1993
f 1438/1990 1434/1986 1318/1996
f 1447/1997 1533/1998 1539/1993
f 1447/1997 1539/1993 1448/1995
f 1318/1996 1434/1986 1222/1999
f 1222/1999 1434/1986 1308/1991
f 1438/1990 1318/1996 1328/2000
f 1438/1990 1328/2000 1448/1995
f 1318/1996 1222/1999 1141/2001
f 1318/1996 1141/2001 1328/2000
f 1222/1999 1308/1991 1055/2002
f 1222/1999 1055/2002 1141/2001
f 1448/1995 1328/2000 1233/2003
f 1328/2000 1141/2001 1147/2004
f 1328/2000 1147/2004 1233/2003
f 1448/1995 1233/2003 1341/2005
f 1448/1995 1341/2005 1447/1997
f 1441/2006 1447/1997 1456/2007
f 1456/2007 1447/1997 1341/2005
f 1456/2007 1341/2005 1465/2008
f 1456/2007 1465/2008 1459/2009
f 1459/2009 1465/2008 1549/2010
f 1465/2008 1341/2005 1466/2011
f 1465/2008 1466/2011 1549/2010
f 1237/2012 1341/2005 1233/2003
f 1341/2005 1237/2012 1466/2011
f 1237/2012 1233/2003 1152/2013
f 1152/2013 1233/2003 1147/2004
f 1466/2011 1237/2012 1476/2014
f 1237/2012 1152/2013 1158/2015
f 1237/2012 1158/2015 1476/2014
f 1152/2013 1147/2004 1001/2016
f 1152/2013 1001/2016 1158/2015
f 1550/2017 1549/2010 1466/2011
f 1550/2017 1466/2011 1476/2014
f 1549/2010 1550/2017 1626/2018
f 1549/2010 1626/2018 1693/2019
f 1693/2019 1626/2018 1805/2020
f 1626/2018 1550/2017 1627/2021
f 1626/2018 1627/2021 1805/2020
f 1550/2017 1476/2014 1556/2022
f 1550/2017 1556/2022 1627/2021
f 1556/2022 1476/2014 1480/2023
f 1480/2023 1476/2014 1158/2015
f 1627/2021 1556/2022 1636/2024
f 1636/2024 1556/2022 1480/2023
f 1805/2020 1627/2021 1765/2025
f 1765/2025 1627/2021 1636/2024
f 1765/2025 1636/2024 1768/2026
f 1765/2025 1768/2026 1875/2027
f 1765/2025 1875/2027 1938/2028
f 1765/2025 1938/2028 1805/2020
f 1805/2020 1938/2028 1935/2029
f 1636/2024 1480/2023 1372/2030
f 1372/2030 1480/2023 1242/2031
f 1242/2031 1480/2023 1158/2015
f 1242/2031 1158/2015 1007/2032
f 1372/2030 1242/2031 1060/2033
f 1060/2033 1242/2031 1007/2032
f 1007/2032 1158/2015 1001/2016
f 1372/2030 1060/2033 1066/2034
f 1372/2030 1066/2034 1164/2035
f 1060/2033 1007/2032 706/2036
f 1060/2033 706/2036 1066/2034
f 1007/2032 1001/2016 694/2037
f 1007/2032 694/2037 706/2036
f 1164/2035 1066/2034 719/2038
f 719/2038 1066/2034 706/2036
f 1164/2035 719/2038 728/2039
f 728/2039 719/2038 706/2036
f 1164/2035 728/2039 1248/2040
f 1248/2040 728/2039 720/2041
f 1248/2040 720/2041 707/2042
f 707/2042 720/2041 728/2039
f 707/2042 728/2039 706/2036
f 685/2043 706/2036 694/2037
f 685/2043 694/2037 1001/2016
f 707/2042 706/2036 663/2044
f 663/2044 706/2036 685/2043
f 685/2043 1001/2016 995/2045
f 995/2045 1001/2016 1147/2004
f 995/2045 1147/2004 1141/2001
f 995/2045 1141/2001 989/2046
f 685/2043 995/2045 673/2047
f 673/2047 995/2045 989/2046
f 685/2043 673/2047 663/2044
f 989/2046 1141/2001 1055/2002
f 989/2046 1055/2002 673/2047
f 673/2047 1055/2002 663/2044
f 663/2044 1055/2002 1049/2048
f 1049/2048 1055/2002 1308/1991
f 663/2044 1049/2048 648/2049
f 1049/2048 1308/1991 1130/2050
f 1049/2048 1130/2050 648/2049
f 1130/2050 1308/1991 1601/2051
f 1130/2050 1601/2051 1217/2052
f 648/2049 1130/2050 649/2053
f 649/2053 1130/2050 1217/2052
f 648/2049 649/2053 663/2044
f 649/2053 1217/2052 657/2054
f 657/2054 1217/2052 667/2055
f 657/2054 667/2055 649/2053
f 649/2053 667/2055 663/2044
f 663/2044 667/2055 707/2042
f 707/2042 667/2055 695/2056
f 707/2042 695/2056 1351/2057
f 1351/2057 695/2056 1333/2058
f 679/2059 667/2055 1333/2058
f 679/2059 1333/2058 695/2056
f 679/2059 695/2056 667/2055
f 676/2060 666/2061 689/2062
f 689/2062 666/2061 703/2063
f 703/2063 666/2061 642/2064
f 642/2064 666/2061 643/2065
f 703/2063 642/2064 702/2066
f 714/2067 703/2063 725/2068
f 725/2068 703/2063 702/2066
f 725/2068 702/2066 713/2069
f 725/2068 713/2069 1063/2070
f 725/2068 1063/2070 1161/2071
f 1063/2070 713/2069 1057/2072
f 1057/2072 713/2069 702/2066
f 1161/2071 1063/2070 1370/2073
f 1161/2071 1370/2073 1640/2074
f 1063/2070 1057/2072 1239/2075
f 1063/2070 1239/2075 1370/2073
f 1057/2072 702/2066 1004/2076
f 1057/2072 1004/2076 1239/2075
f 1640/2074 1370/2073 1631/2077
f 1640/2074 1631/2077 1842/2078
f 1370/2073 1239/2075 1477/2079
f 1370/2073 1477/2079 1631/2077
f 1239/2075 1004/2076 1155/2080
f 1239/2075 1155/2080 1477/2079
f 688/2081 1004/2076 702/2066
f 1842/2078 1631/2077 1800/2082
f 1842/2078 1800/2082 1872/2083
f 1872/2083 1800/2082 1935/2084
f 688/2081 702/2066 682/2085
f 682/2085 702/2066 642/2064
f 1004/2076 688/2081 998/2086
f 1004/2076 998/2086 1155/2080
f 1935/2084 1800/2082 1799/2087
f 1935/2084 1799/2087 1805/2088
f 1805/2088 1799/2087 1693/2089
f 1799/2087 1800/2082 1621/2090
f 1799/2087 1621/2090 1693/2089
f 1621/2090 1800/2082 1631/2077
f 1621/2090 1631/2077 1553/2091
f 1553/2091 1631/2077 1477/2079
f 1693/2089 1621/2090 1545/2092
f 1545/2092 1621/2090 1553/2091
f 1553/2091 1477/2079 1355/2093
f 1355/2093 1477/2079 1155/2080
f 1553/2091 1355/2093 1545/2092
f 1693/2089 1545/2092 1620/2094
f 1693/2089 1620/2094 1549/2095
f 1549/2095 1620/2094 1459/2096
f 1459/2096 1620/2094 1545/2092
f 1355/2093 1155/2080 1236/2097
f 1236/2097 1155/2080 998/2086
f 1545/2092 1355/2093 1346/2098
f 1346/2098 1355/2093 1236/2097
f 1459/2096 1545/2092 1460/2099
f 1460/2099 1545/2092 1346/2098
f 1459/2096 1460/2099 1336/2100
f 1460/2099 1346/2098 1337/2101
f 1460/2099 1337/2101 1336/2100
f 1346/2098 1236/2097 1230/2102
f 1346/2098 1230/2102 1337/2101
f 1459/2096 1336/2100 1453/2103
f 1459/2096 1453/2103 1456/2104
f 1456/2104 1453/2103 1441/2105
f 1453/2103 1336/2100 1442/2106
f 1453/2103 1442/2106 1441/2105
f 1442/2106 1336/2100 1337/2101
f 1441/2105 1442/2106 1533/2107
f 1441/2105 1533/2107 1447/2108
f 1533/2107 1442/2106 1534/2109
f 1533/2107 1534/2109 1613/2110
f 1533/2107 1613/2110 1612/2111
f 1533/2107 1612/2111 1539/2112
f 1534/2109 1442/2106 1326/2113
f 1326/2113 1442/2106 1337/2101
f 1534/2109 1326/2113 1312/2114
f 1326/2113 1337/2101 1230/2102
f 1312/2114 1326/2113 1225/2115
f 1225/2115 1326/2113 1230/2102
f 1312/2114 1225/2115 1313/2116
f 1225/2115 1230/2102 1138/2117
f 1225/2115 1138/2117 1313/2116
f 1138/2117 1230/2102 1144/2118
f 1144/2118 1230/2102 1236/2097
f 1144/2118 1236/2097 998/2086
f 1313/2116 1138/2117 1135/2119
f 1313/2116 1135/2119 1527/2120
f 1138/2117 1144/2118 986/2121
f 1138/2117 986/2121 1135/2119
f 1144/2118 998/2086 992/2122
f 1144/2118 992/2122 986/2121
f 992/2122 998/2086 688/2081
f 992/2122 688/2081 682/2085
f 992/2122 682/2085 986/2121
f 1135/2119 986/2121 982/2123
f 1135/2119 982/2123 1051/2124
f 986/2121 682/2085 670/2125
f 986/2121 670/2125 982/2123
f 1051/2124 982/2123 658/2126
f 658/2126 982/2123 670/2125
f 658/2126 670/2125 682/2085
f 658/2126 682/2085 642/2064
f 658/2126 642/2064 641/2127
f 1204/2128 804/2129 802/2130
f 804/2129 1204/2128 1206/2131
f 1204/2128 802/2130 800/2132
f 1204/2128 800/2132 1117/2133
f 1117/2133 800/2132 1111/2134
f 1111/2134 800/2132 799/2135
f 1111/2134 799/2135 1202/2136
f 800/2132 802/2130 2315/2137
f 800/2132 2315/2137 799/2135
f 2315/2137 802/2130 2317/2138
f 799/2135 2315/2137 2313/2139
f 2313/2139 2315/2137 2379/2140
f 1202/2136 799/2135 797/2141
f 797/2141 799/2135 2313/2139
f 1202/2136 797/2141 798/2142
f 2313/2139 2379/2140 2377/2143
f 798/2142 797/2141 2311/2144
f 2311/2144 797/2141 2313/2139
f 2313/2139 2377/2143 2399/2145
f 2313/2139 2399/2145 2311/2144
f 2311/2144 2399/2145 2400/2146
f 2411/2147 2407/2148 2317/2138
f 2319/2149 2317/2138 802/2130
f 2317/2138 2319/2149 2411/2147
f 2319/2149 802/2130 804/2129
f 2411/2147 2319/2149 2321/2150
f 2321/2150 2319/2149 804/2129
f 2411/2147 2321/2150 2389/2151
f 2321/2150 804/2129 806/2152
f 2389/2151 2321/2150 2391/2153
f 2321/2150 806/2152 808/2154
f 2391/2153 2321/2150 2323/2155
f 2323/2155 2321/2150 808/2154
f 2391/2153 2323/2155 2413/2156
f 2391/2153 2413/2156 2447/2157
f 2447/2157 2413/2156 2467/2158
f 2467/2158 2413/2156 2414/2159
f 2413/2156 2323/2155 2325/2160
f 2325/2160 2323/2155 808/2154
f 2413/2156 2325/2160 2326/2161
f 2325/2160 808/2154 810/2162
f 2325/2160 810/2162 2326/2161
f 2317/2163 2407/2164 2315/2165
f 2315/2165 2407/2164 2379/2166
f 2379/2166 2407/2164 2441/2167
f 2379/2166 2441/2167 2377/2168
f 2441/2167 2407/2164 2463/2169
f 2377/2168 2441/2167 2461/2170
f 2461/2170 2441/2167 2463/2169
f 2377/2168 2461/2170 2399/2171
f 2399/2171 2461/2170 2462/2172
f 2461/2170 2463/2169 2473/2173
f 2461/2170 2473/2173 2474/2174
f 1204/2175 1117/2176 1731/2177
f 1731/2177 1117/2176 1672/2178
f 1672/2178 1117/2176 1111/2179
f 1672/2178 1111/2179 1202/2180
f 1731/2177 1672/2178 1729/2181
f 1729/2181 1672/2178 1202/2180
f 1729/2181 1202/2180 1203/2182
f 1731/2177 1729/2181 1825/2183
f 1825/2183 1729/2181 1730/2184
f 1204/2185 1731/2186 1206/2187
f 806/2188 804/2189 1206/2187
f 806/2188 1206/2187 1123/2190
f 1123/2190 1206/2187 1674/2191
f 1123/2190 1674/2191 1125/2192
f 1206/2187 1731/2186 1733/2193
f 1206/2187 1733/2193 1674/2191
f 1733/2193 1731/2186 1825/2194
f 1125/2192 1674/2191 1735/2195
f 1735/2195 1674/2191 1733/2193
f 1125/2192 1735/2195 1208/2196
f 1208/2196 1735/2195 1736/2197
f 1736/2197 1735/2195 1827/2198
f 1827/2198 1735/2195 1733/2193
f 1827/2198 1733/2193 1825/2194
f 1827/2198 1825/2194 1826/2199
f 1202/2200 798/2201 1203/2202
f 1203/2202 798/2201 820/2203
f 1730/2204 1729/2205 1203/2202
f 1730/2204 1203/2202 1112/2206
f 1112/2206 1203/2202 820/2203
f 1730/2204 1112/2206 1673/2207
f 1112/2206 820/2203 1118/2208
f 1112/2206 1118/2208 1673/2207
f 1118/2208 820/2203 801/2209
f 1673/2207 1118/2208 1205/2210
f 1205/2210 1118/2208 801/2209
f 1673/2207 1205/2210 1732/2211
f 1205/2210 801/2209 803/2212
f 798/2213 2311/2214 2312/2215
f 798/2213 2312/2215 820/2216
f 2312/2215 2311/2214 2400/2217
f 820/2216 2312/2215 2314/2218
f 2314/2218 2312/2215 2400/2217
f 820/2216 2314/2218 801/2219
f 2399/2220 2462/2221 2400/2217
f 2400/2217 2462/2221 2442/2222
f 2400/2217 2442/2222 2378/2223
f 2400/2217 2378/2223 2314/2218
f 801/2219 2314/2218 2316/2224
f 2316/2224 2314/2218 2378/2223
f 2316/2224 2378/2223 2380/2225
f 2316/2224 2380/2225 2410/2226
f 801/2219 2316/2224 803/2227
f 2316/2224 2410/2226 2318/2228
f 2316/2224 2318/2228 803/2227
f 2318/2228 2410/2226 2320/2229
f 2318/2228 2320/2229 805/2230
f 2318/2228 805/2230 803/2227
f 805/2230 2320/2229 2322/2231
f 803/2227 805/2230 1207/2232
f 803/2227 1207/2232 1205/2233
f 1207/2232 805/2230 807/2234
f 807/2234 805/2230 2322/2231
f 1207/2232 807/2234 1124/2235
f 1124/2235 807/2234 1126/2236
f 807/2234 2322/2231 809/2237
f 807/2234 809/2237 1126/2236
f 809/2237 2322/2231 2324/2238
f 1126/2236 809/2237 1209/2239
f 1126/2236 1209/2239 1675/2240
f 1675/2240 1209/2239 1736/2241
f 1736/2241 1209/2239 1208/2242
f 1209/2239 809/2237 811/2243
f 811/2243 809/2237 2324/2238
f 1209/2239 811/2243 810/2244
f 811/2243 2324/2238 2326/2245
f 811/2243 2326/2245 810/2244
f 2463/2246 2407/2247 2465/2248
f 2465/2248 2407/2247 2411/2249
f 2465/2248 2411/2249 2389/2250
f 2465/2248 2389/2250 2447/2251
f 2447/2251 2389/2250 2391/2252
f 2465/2248 2447/2251 2467/2253
f 2463/2246 2465/2248 2475/2254
f 2475/2254 2465/2248 2467/2253
f 2463/2246 2475/2254 2473/2255
f 2475/2254 2467/2253 2476/2256
f 2475/2254 2476/2256 2473/2255
f 2461/2257 2474/2258 2462/2259
f 2473/2260 2476/2261 2474/2258
f 2474/2258 2476/2261 2466/2262
f 2462/2259 2474/2258 2464/2263
f 2464/2263 2474/2258 2466/2262
f 2462/2259 2464/2263 2442/2264
f 2464/2263 2466/2262 2412/2265
f 2442/2264 2464/2263 2380/2266
f 2442/2264 2380/2266 2378/2267
f 2380/2266 2464/2263 2410/2268
f 2410/2268 2464/2263 2412/2265
f 2410/2268 2412/2265 2320/2269
f 2413/2270 2326/2271 2414/2272
f 2414/2272 2326/2271 2324/2273
f 2414/2272 2324/2273 2392/2274
f 2392/2274 2324/2273 2390/2275
f 2390/2275 2324/2273 2322/2276
f 2390/2275 2322/2276 2412/2277
f 2412/2277 2322/2276 2320/2278
f 2390/2275 2412/2277 2448/2279
f 2390/2275 2448/2279 2392/2274
f 2448/2279 2412/2277 2466/2280
f 2414/2272 2392/2274 2468/2281
f 2468/2281 2392/2274 2448/2279
f 2468/2281 2448/2279 2466/2280
f 2414/2272 2468/2281 2467/2282
f 2468/2281 2466/2280 2476/2283
f 2468/2281 2476/2283 2467/2282
f 1207/2284 1124/2285 1734/2286
f 1207/2284 1734/2286 1205/2287
f 1126/2288 1675/2289 1124/2285
f 1124/2285 1675/2289 1734/2286
f 1734/2286 1675/2289 1736/2290
f 1205/2287 1734/2286 1732/2291
f 1734/2286 1736/2290 1828/2292
f 1734/2286 1828/2292 1732/2291
f 1828/2292 1736/2290 1827/2293
f 1828/2292 1827/2293 1826/2294
f 1828/2292 1826/2294 1732/2291
f 1732/2291 1826/2294 1730/2295
f 1730/2295 1826/2294 1825/2296
f 1732/2291 1730/2295 1673/2297
f 1209/2298 810/2299 1208/2300
f 1208/2300 810/2299 808/2301
f 1208/2300 808/2301 1125/2302
f 1125/2302 808/2301 1123/2303
f 1123/2303 808/2301 806/2304
f 2079/2305 2057/2306 1995/2307
f 1995/2307 2057/2306 1965/2308
f 1995/2307 1965/2308 1888/2309
f 2057/2306 2079/2305 2080/2310
f 2125/2311 2079/2305 2117/2312
f 2079/2305 2125/2311 2080/2310
f 2080/2310 2125/2311 2085/2313
f 2057/2306 2080/2310 1968/2314
f 2057/2306 1968/2314 1965/2308
f 2080/2310 2085/2313 2059/2315
f 2080/2310 2059/2315 1968/2314
f 2059/2315 2085/2313 1971/2316
f 1971/2316 2085/2313 2005/2317
f 1971/2316 2005/2317 1824/2318
f 1824/2318 2005/2317 1900/2319
f 1971/2316 1824/2318 1785/2320
f 1785/2320 1824/2318 1668/2321
f 2059/2315 1971/2316 1895/2322
f 1895/2322 1971/2316 1785/2320
f 2059/2315 1895/2322 1968/2314
f 1895/2322 1785/2320 1722/2323
f 1722/2323 1785/2320 1591/2324
f 1722/2323 1591/2324 1110/2325
f 1895/2322 1722/2323 1820/2326
f 1895/2322 1820/2326 1968/2314
f 1722/2323 1110/2325 1519/2327
f 1722/2323 1519/2327 1820/2326
f 1519/2327 1110/2325 1033/2328
f 1033/2328 1110/2325 613/2329
f 1968/2314 1820/2326 1894/2330
f 1968/2314 1894/2330 1965/2308
f 1820/2326 1519/2327 1518/2331
f 1894/2330 1820/2326 1664/2332
f 1664/2332 1820/2326 1518/2331
f 1518/2331 1519/2327 1285/2333
f 1285/2333 1519/2327 1033/2328
f 1965/2308 1894/2330 1892/2334
f 1965/2308 1892/2334 1888/2309
f 1892/2334 1894/2330 1717/2335
f 1717/2335 1894/2330 1664/2332
f 1888/2309 1892/2334 1781/2336
f 1781/2336 1892/2334 1717/2335
f 1888/2309 1781/2336 1779/2337
f 1717/2335 1664/2332 1586/2338
f 1717/2335 1586/2338 1781/2336
f 1779/2337 1781/2336 1582/2339
f 1582/2339 1781/2336 1586/2338
f 1779/2337 1582/2339 1578/2340
f 1578/2340 1582/2339 1506/2341
f 1506/2341 1582/2339 1510/2342
f 1510/2342 1582/2339 1586/2338
f 1506/2341 1510/2342 1401/2343
f 1401/2343 1510/2342 1406/2344
f 1401/2343 1406/2344 1405/2345
f 1401/2343 1405/2345 1400/2346
f 1406/2344 1510/2342 1411/2347
f 1406/2344 1411/2347 1405/2345
f 1510/2342 1586/2338 1412/2348
f 1510/2342 1412/2348 1411/2347
f 1400/2346 1405/2345 1404/2349
f 1400/2346 1404/2349 1397/2350
f 1397/2350 1404/2349 1577/2351
f 1577/2351 1404/2349 1580/2352
f 1412/2348 1586/2338 1516/2353
f 1516/2353 1586/2338 1664/2332
f 1404/2349 1405/2345 1274/2354
f 1274/2354 1405/2345 1411/2347
f 1580/2352 1404/2349 1410/2355
f 1410/2355 1404/2349 1274/2354
f 1580/2352 1410/2355 1512/2356
f 1580/2352 1512/2356 1585/2357
f 1410/2355 1274/2354 1276/2358
f 1276/2358 1274/2354 1411/2347
f 1512/2356 1410/2355 1279/2359
f 1279/2359 1410/2355 1276/2358
f 1585/2357 1512/2356 1415/2360
f 1415/2360 1512/2356 1279/2359
f 1585/2357 1415/2360 1515/2361
f 1515/2361 1415/2360 1280/2362
f 1280/2362 1415/2360 1279/2359
f 1515/2361 1280/2362 1418/2363
f 1418/2363 1280/2362 1103/2364
f 1418/2363 1103/2364 1284/2365
f 1280/2362 1279/2359 1099/2366
f 1280/2362 1099/2366 1103/2364
f 1099/2366 1279/2359 1192/2367
f 1192/2367 1279/2359 1276/2358
f 1103/2364 1099/2366 965/2368
f 1099/2366 1192/2367 1028/2369
f 1099/2366 1028/2369 965/2368
f 1192/2367 1276/2358 1190/2370
f 1192/2367 1190/2370 1028/2369
f 1190/2370 1276/2358 1411/2347
f 1190/2370 1411/2347 1412/2348
f 1190/2370 1412/2348 1281/2371
f 1281/2371 1412/2348 1516/2353
f 1190/2370 1281/2371 1104/2372
f 1281/2371 1516/2353 1417/2373
f 1281/2371 1417/2373 1104/2372
f 1417/2373 1516/2353 1664/2332
f 1417/2373 1664/2332 1518/2331
f 1417/2373 1518/2331 1193/2374
f 1417/2373 1193/2374 1104/2372
f 1193/2374 1518/2331 1285/2333
f 1193/2374 1285/2333 1033/2328
f 1104/2372 1193/2374 1031/2375
f 1031/2375 1193/2374 1033/2328
f 1100/2376 1190/2370 1104/2372
f 1190/2370 1100/2376 1028/2369
f 1100/2376 1104/2372 966/2377
f 966/2377 1104/2372 1031/2375
f 1028/2369 1100/2376 962/2378
f 962/2378 1100/2376 966/2377
f 1028/2369 962/2378 961/2379
f 1028/2369 961/2379 965/2368
f 962/2378 966/2377 601/2380
f 601/2380 966/2377 1031/2375
f 961/2379 962/2378 599/2381
f 599/2381 962/2378 601/2380
f 961/2379 599/2381 598/2382
f 961/2379 598/2382 965/2368
f 598/2382 599/2381 601/2380
f 601/2380 1031/2375 606/2383
f 606/2383 1031/2375 609/2384
f 606/2383 609/2384 601/2380
f 609/2384 1031/2375 1033/2328
f 601/2380 609/2384 598/2382
f 609/2384 1033/2328 613/2329
f 609/2384 613/2329 615/2385
f 598/2382 609/2384 612/2386
f 597/2387 965/2368 598/2382
f 598/2382 612/2386 604/2388
f 598/2382 604/2388 597/2387
f 965/2368 597/2387 969/2389
f 969/2389 597/2387 604/2388
f 965/2368 969/2389 1103/2364
f 1103/2364 969/2389 1032/2390
f 1032/2390 969/2389 604/2388
f 1103/2364 1032/2390 1284/2365
f 608/2391 604/2388 612/2386
f 604/2388 608/2391 1032/2390
f 608/2391 612/2386 1107/2392
f 608/2391 1107/2392 1032/2390
f 1032/2390 1107/2392 1284/2365
f 1107/2392 612/2386 1109/2393
f 1284/2365 1107/2392 1420/2394
f 1420/2394 1107/2392 1109/2393
f 1420/2394 1109/2393 1521/2395
f 1521/2395 1109/2393 1199/2396
f 2079/2397 1995/2398 1991/2399
f 1991/2399 1995/2398 1962/2400
f 1962/2400 1995/2398 1888/2401
f 1991/2399 1962/2400 1883/2402
f 1962/2400 1888/2401 1817/2403
f 1962/2400 1817/2403 1883/2402
f 1817/2403 1888/2401 1776/2404
f 1776/2404 1888/2401 1779/2405
f 1776/2404 1779/2405 1578/2406
f 1776/2404 1578/2406 1573/2407
f 1573/2407 1578/2406 1504/2408
f 1504/2408 1578/2406 1506/2409
f 1776/2404 1573/2407 1499/2410
f 1499/2410 1573/2407 1504/2408
f 1504/2408 1506/2409 1401/2411
f 1504/2408 1401/2411 1394/2412
f 1394/2412 1401/2411 1400/2413
f 1710/2414 1817/2403 1776/2404
f 1710/2414 1776/2404 1499/2410
f 1817/2403 1710/2414 1655/2415
f 1817/2403 1655/2415 1883/2402
f 1710/2414 1499/2410 1385/2416
f 1710/2414 1385/2416 1655/2415
f 1272/2417 1499/2410 1504/2408
f 1272/2417 1504/2408 1394/2412
f 1385/2416 1499/2410 1269/2418
f 1269/2418 1499/2410 1272/2417
f 1385/2416 1269/2418 1088/2419
f 1272/2417 1394/2412 1188/2420
f 1272/2417 1188/2420 1269/2418
f 1393/2421 1394/2412 1400/2413
f 1393/2421 1400/2413 1397/2422
f 1393/2421 1397/2422 1392/2423
f 1393/2421 1392/2423 1187/2424
f 1393/2421 1187/2424 1394/2412
f 1394/2412 1187/2424 1188/2420
f 1269/2418 1188/2420 1095/2425
f 1095/2425 1188/2420 1187/2424
f 1269/2418 1095/2425 1088/2419
f 1095/2425 1187/2424 1094/2426
f 1095/2425 1094/2426 959/2427
f 1095/2425 959/2427 1088/2419
f 959/2427 1094/2426 958/2428
f 959/2427 958/2428 593/2429
f 959/2427 593/2429 594/2430
f 959/2427 594/2430 952/2431
f 959/2427 952/2431 1088/2419
f 952/2431 594/2430 589/2432
f 952/2431 589/2432 1026/2433
f 952/2431 1026/2433 1088/2419
f 1026/2433 589/2432 584/2434
f 1088/2419 1026/2433 1184/2435
f 1088/2419 1184/2435 1385/2416
f 1385/2416 1184/2435 1655/2415
f 1184/2435 1026/2433 1022/2436
f 1022/2436 1026/2433 584/2434
f 1655/2415 1184/2435 1384/2437
f 1384/2437 1184/2435 1022/2436
f 1022/2436 584/2434 1083/2438
f 1022/2436 1083/2438 1384/2437
f 1083/2438 584/2434 578/2439
f 1083/2438 578/2439 576/2440
f 1083/2438 576/2440 1181/2441
f 1083/2438 1181/2441 1384/2437
f 1181/2441 576/2440 570/2442
f 1772/2443 1655/2415 1384/2437
f 1655/2415 1772/2443 1883/2402
f 1384/2437 1181/2441 1567/2444
f 1384/2437 1567/2444 1772/2443
f 1772/2443 1567/2444 1814/2445
f 1772/2443 1814/2445 1883/2402
f 1567/2444 1181/2441 1653/2446
f 1567/2444 1653/2446 1814/2445
f 1261/2447 1181/2441 570/2442
f 1181/2441 1261/2447 1653/2446
f 1261/2447 570/2442 1257/2448
f 1257/2448 570/2442 567/2449
f 1261/2447 1257/2448 1651/2450
f 1261/2447 1651/2450 1653/2446
f 1653/2446 1651/2450 1814/2445
f 1814/2445 1651/2450 1847/2451
f 1814/2445 1847/2451 1943/2452
f 1814/2445 1943/2452 1883/2402
f 1943/2452 1847/2451 1989/2453
f 1883/2402 1943/2452 1991/2399
f 1991/2399 1943/2452 1989/2453
f 2076/2454 2079/2455 1991/2456
f 2079/2455 2076/2454 2117/2457
f 2076/2454 1991/2456 1989/2458
f 2117/2457 2076/2454 2073/2459
f 2073/2459 2076/2454 1989/2458
f 2117/2457 2073/2459 2153/2460
f 2153/2460 2073/2459 2072/2461
f 2153/2460 2072/2461 2113/2462
f 2073/2459 1989/2458 1986/2463
f 2113/2462 2072/2461 2071/2464
f 2113/2462 2071/2464 2116/2465
f 2072/2461 2073/2459 1985/2466
f 1985/2466 2073/2459 1986/2463
f 2116/2465 2071/2464 1990/2467
f 2116/2465 1990/2467 2053/2468
f 2071/2464 2072/2461 1958/2469
f 1958/2469 2072/2461 1985/2466
f 2071/2464 1958/2469 1990/2467
f 2053/2468 1990/2467 1992/2470
f 1985/2466 1986/2463 1880/2471
f 1958/2469 1985/2466 1846/2472
f 1846/2472 1985/2466 1880/2471
f 1990/2467 1958/2469 1942/2473
f 1942/2473 1958/2469 1846/2472
f 1992/2470 1990/2467 1961/2474
f 1961/2474 1990/2467 1942/2473
f 1992/2470 1961/2474 1850/2475
f 1992/2470 1850/2475 1887/2476
f 1961/2474 1942/2473 1848/2477
f 1887/2476 1850/2475 1775/2478
f 1887/2476 1775/2478 1711/2479
f 1850/2475 1961/2474 1773/2480
f 1773/2480 1961/2474 1848/2477
f 1775/2478 1850/2475 1658/2481
f 1775/2478 1658/2481 1711/2479
f 1658/2481 1850/2475 1773/2480
f 1771/2482 1848/2477 1942/2473
f 1848/2477 1771/2482 1773/2480
f 1813/2483 1942/2473 1846/2472
f 1942/2473 1813/2483 1771/2482
f 1813/2483 1846/2472 1566/2484
f 1813/2483 1566/2484 1771/2482
f 1566/2484 1846/2472 1650/2485
f 1650/2485 1846/2472 1880/2471
f 1771/2482 1566/2484 1494/2486
f 1572/2487 1773/2480 1771/2482
f 1572/2487 1771/2482 1494/2486
f 1773/2480 1572/2487 1497/2488
f 1773/2480 1497/2488 1658/2481
f 1497/2488 1572/2487 1264/2489
f 1264/2489 1572/2487 1494/2486
f 1658/2481 1497/2488 1267/2490
f 1497/2488 1264/2489 1186/2491
f 1497/2488 1186/2491 1267/2490
f 1264/2489 1494/2486 1085/2492
f 1658/2481 1267/2490 1387/2493
f 1180/2494 1494/2486 1566/2484
f 1658/2481 1387/2493 1660/2495
f 1658/2481 1660/2495 1711/2479
f 1711/2479 1660/2495 1577/2496
f 1660/2495 1387/2493 1503/2497
f 1660/2495 1503/2497 1577/2496
f 1577/2496 1503/2497 1392/2498
f 1392/2498 1503/2497 1387/2493
f 1577/2496 1392/2498 1397/2499
f 1392/2498 1387/2493 1271/2500
f 1271/2500 1387/2493 1267/2490
f 1392/2498 1271/2500 1187/2501
f 1271/2500 1267/2490 1091/2502
f 1271/2500 1091/2502 1187/2501
f 1187/2501 1091/2502 1094/2503
f 1094/2503 1091/2502 958/2504
f 1091/2502 1267/2490 1186/2491
f 958/2504 1091/2502 955/2505
f 955/2505 1091/2502 1186/2491
f 958/2504 955/2505 593/2506
f 955/2505 1186/2491 951/2507
f 593/2506 955/2505 588/2508
f 588/2508 955/2505 951/2507
f 951/2507 1186/2491 1025/2509
f 1025/2509 1186/2491 1264/2489
f 951/2507 1025/2509 586/2510
f 951/2507 586/2510 588/2508
f 1025/2509 1264/2489 1085/2492
f 586/2510 1025/2509 583/2511
f 586/2510 583/2511 588/2508
f 583/2511 1025/2509 1085/2492
f 589/2512 593/2506 588/2508
f 593/2506 589/2512 594/2513
f 588/2508 583/2511 566/2514
f 588/2508 566/2514 589/2512
f 583/2511 1085/2492 580/2515
f 580/2515 1085/2492 1082/2516
f 1082/2516 1085/2492 1494/2486
f 583/2511 580/2515 575/2517
f 575/2517 580/2515 1082/2516
f 583/2511 575/2517 566/2514
f 1082/2516 1494/2486 1180/2494
f 1082/2516 1180/2494 575/2517
f 575/2517 1180/2494 569/2518
f 575/2517 569/2518 566/2514
f 569/2518 1180/2494 1260/2519
f 569/2518 1260/2519 566/2514
f 1260/2519 1180/2494 1566/2484
f 1260/2519 1566/2484 1650/2485
f 1260/2519 1650/2485 1254/2520
f 1260/2519 1254/2520 566/2514
f 1254/2520 1650/2485 1707/2521
f 1707/2521 1650/2485 1880/2471
f 566/2514 1254/2520 562/2522
f 1707/2521 1880/2471 1708/2523
f 1254/2520 1707/2521 1255/2524
f 1254/2520 1255/2524 562/2522
f 1255/2524 1707/2521 1708/2523
f 562/2522 1255/2524 1256/2525
f 1256/2525 1255/2524 1708/2523
f 566/2514 562/2522 563/2526
f 563/2526 562/2522 1256/2525
f 1256/2525 1708/2523 1651/2527
f 1256/2525 1651/2527 1257/2528
f 1256/2525 1257/2528 563/2526
f 1651/2527 1708/2523 1847/2529
f 563/2526 1257/2528 567/2530
f 563/2526 567/2530 566/2514
f 566/2514 567/2530 589/2512
f 589/2512 567/2530 584/2531
f 584/2531 567/2530 576/2532
f 584/2531 576/2532 578/2533
f 576/2532 567/2530 570/2534
f 1881/2535 1847/2529 1708/2523
f 1847/2529 1881/2535 1989/2458
f 1881/2535 1708/2523 1880/2471
f 1989/2458 1881/2535 1986/2463
f 1986/2463 1881/2535 1880/2471
f 2125/2536 2117/2537 2124/2538
f 2124/2538 2117/2537 2153/2539
f 2125/2536 2124/2538 2085/2540
f 2124/2538 2153/2539 2123/2541
f 2123/2541 2153/2539 2113/2542
f 2085/2540 2124/2538 2084/2543
f 2084/2543 2124/2538 2123/2541
f 2085/2540 2084/2543 2004/2544
f 2085/2540 2004/2544 2005/2545
f 2005/2545 2004/2544 1899/2546
f 1899/2546 2004/2544 2000/2547
f 2000/2547 2004/2544 2084/2543
f 1899/2546 2000/2547 1858/2548
f 2084/2543 2123/2541 2082/2549
f 2084/2543 2082/2549 2000/2547
f 2118/2550 2123/2541 2113/2542
f 2123/2541 2118/2550 2082/2549
f 2118/2550 2113/2542 2116/2551
f 2118/2550 2116/2551 2053/2552
f 1858/2548 2000/2547 1945/2553
f 1945/2553 2000/2547 2082/2549
f 1858/2548 1945/2553 1823/2554
f 2082/2549 2118/2550 2056/2555
f 2056/2555 2118/2550 2053/2552
f 1945/2553 2082/2549 1998/2556
f 1998/2556 2082/2549 2056/2555
f 1823/2554 1945/2553 1855/2557
f 1855/2557 1945/2553 1998/2556
f 2056/2555 2053/2552 1996/2558
f 1996/2558 2053/2552 1992/2559
f 1998/2556 2056/2555 1967/2560
f 1998/2556 1967/2560 1855/2557
f 1967/2560 2056/2555 1996/2558
f 1996/2558 1992/2559 1887/2561
f 1823/2554 1855/2557 1721/2562
f 1823/2554 1721/2562 1590/2563
f 1590/2563 1721/2562 1521/2564
f 1521/2564 1721/2562 1666/2565
f 1666/2565 1721/2562 1855/2557
f 1521/2564 1666/2565 1420/2566
f 1420/2566 1666/2565 1284/2567
f 1284/2567 1666/2565 1418/2568
f 1666/2565 1855/2557 1784/2569
f 1784/2569 1855/2557 1967/2560
f 1418/2568 1666/2565 1663/2570
f 1663/2570 1666/2565 1784/2569
f 1418/2568 1663/2570 1515/2571
f 1784/2569 1967/2560 1853/2572
f 1784/2569 1853/2572 1663/2570
f 1853/2572 1967/2560 1996/2558
f 1515/2571 1663/2570 1716/2573
f 1716/2573 1663/2570 1853/2572
f 1515/2571 1716/2573 1585/2574
f 1853/2572 1996/2558 1891/2575
f 1853/2572 1891/2575 1716/2573
f 1891/2575 1996/2558 1887/2561
f 1585/2574 1716/2573 1714/2576
f 1714/2576 1716/2573 1891/2575
f 1714/2576 1891/2575 1887/2561
f 1585/2574 1714/2576 1580/2577
f 1714/2576 1887/2561 1711/2578
f 1714/2576 1711/2578 1580/2577
f 1580/2577 1711/2578 1577/2579
f 1858/2580 1823/2581 1671/2582
f 1671/2582 1823/2581 1590/2583
f 1858/2580 1671/2582 1725/2584
f 1858/2580 1725/2584 1899/2585
f 1671/2582 1590/2583 1199/2586
f 1199/2586 1590/2583 1521/2587
f 1671/2582 1199/2586 1289/2588
f 1725/2584 1671/2582 1291/2589
f 1291/2589 1671/2582 1289/2588
f 1899/2585 1725/2584 1900/2590
f 1899/2585 1900/2590 2005/2591
f 1725/2584 1291/2589 1292/2592
f 1289/2588 1199/2586 618/2593
f 618/2593 1199/2586 1109/2594
f 618/2593 1109/2594 612/2595
f 1289/2588 618/2593 622/2596
f 1291/2589 1289/2588 625/2597
f 625/2597 1289/2588 622/2596
f 625/2597 622/2596 618/2593
f 625/2597 618/2593 612/2595
f 1291/2589 625/2597 1292/2592
f 625/2597 612/2595 627/2598
f 627/2598 612/2595 609/2599
f 1292/2592 625/2597 626/2600
f 626/2600 625/2597 627/2598
f 626/2600 627/2598 1292/2592
f 627/2598 609/2599 615/2601
f 1292/2592 627/2598 1293/2602
f 627/2598 615/2601 619/2603
f 627/2598 619/2603 1293/2602
f 619/2603 615/2601 1201/2604
f 619/2603 1201/2604 1293/2602
f 1201/2604 615/2601 1200/2605
f 1200/2605 615/2601 1110/2606
f 1110/2606 615/2601 613/2607
f 1200/2605 1110/2606 1591/2608
f 1200/2605 1591/2608 1201/2604
f 1201/2604 1591/2608 1668/2609
f 1201/2604 1668/2609 1293/2602
f 1668/2609 1591/2608 1785/2610
f 1293/2602 1668/2609 1727/2611
f 1727/2611 1668/2609 1900/2590
f 1900/2590 1668/2609 1824/2612
f 1293/2602 1727/2611 1726/2613
f 1726/2613 1727/2611 1900/2590
f 1293/2602 1726/2613 1292/2592
f 1726/2613 1900/2590 1725/2584
f 1726/2613 1725/2584 1292/2592
f 2200/2614 2207/2615 2182/2616
f 2182/2616 2207/2615 2189/2617
f 2207/2615 2200/2614 2274/2618
f 2274/2618 2200/2614 2182/2616
f 2207/2615 2274/2618 2266/2619
f 2182/2616 2189/2617 2164/2620
f 2182/2616 2164/2620 2274/2618
f 2164/2620 2189/2617 2173/2621
f 2266/2619 2274/2618 2294/2622
f 2164/2620 2173/2621 2167/2623
f 2294/2622 2274/2618 2300/2624
f 2294/2622 2300/2624 2348/2625
f 2348/2625 2300/2624 2274/2618
f 2294/2622 2348/2625 2328/2626
f 2164/2620 2167/2623 2162/2627
f 2162/2627 2167/2623 2161/2628
f 2161/2628 2167/2623 2168/2629
f 2162/2627 2161/2628 2163/2630
f 2163/2630 2161/2628 2168/2629
f 2162/2627 2163/2630 2164/2620
f 2163/2630 2168/2629 2169/2631
f 2163/2630 2169/2631 2181/2632
f 2181/2632 2169/2631 2188/2633
f 2181/2632 2188/2633 2199/2634
f 2181/2632 2199/2634 2163/2630
f 2199/2634 2188/2633 2206/2635
f 2164/2620 2163/2630 2347/2636
f 2164/2620 2347/2636 2274/2618
f 2347/2636 2163/2630 2199/2634
f 2199/2634 2206/2635 2265/2637
f 2274/2618 2347/2636 2348/2625
f 2199/2634 2265/2637 2273/2638
f 2199/2634 2273/2638 2299/2639
f 2299/2639 2273/2638 2265/2637
f 2199/2634 2299/2639 2347/2636
f 2299/2639 2265/2637 2293/2640
f 2299/2639 2293/2640 2347/2636
f 2347/2636 2293/2640 2327/2641
f 2347/2636 2327/2641 2349/2642
f 2347/2636 2349/2642 2371/2643
f 2347/2636 2371/2643 2372/2644
f 2372/2644 2371/2643 2349/2642
f 2347/2636 2372/2644 2348/2625
f 2372/2644 2349/2642 2350/2645
f 2372/2644 2350/2645 2348/2625
f 2350/2645 2349/2642 2308/2646
f 2348/2625 2350/2645 2328/2626
f 2328/2626 2350/2645 2308/2646
f 2189/2647 2207/2648 2222/2649
f 2189/2647 2222/2649 2195/2650
f 2189/2647 2195/2650 2173/2651
f 2222/2649 2207/2648 2262/2652
f 2262/2652 2207/2648 2266/2653
f 2195/2650 2222/2649 2209/2654
f 2173/2651 2195/2650 2180/2655
f 2180/2655 2195/2650 2209/2654
f 2173/2651 2180/2655 2167/2656
f 2262/2652 2266/2653 2290/2657
f 2290/2657 2266/2653 2294/2658
f 2167/2656 2180/2655 2176/2659
f 2167/2656 2176/2659 2168/2660
f 2176/2659 2180/2655 2198/2661
f 2198/2661 2180/2655 2209/2654
f 2168/2660 2176/2659 2175/2662
f 2176/2659 2198/2661 2197/2663
f 2176/2659 2197/2663 2175/2662
f 2198/2661 2209/2654 2217/2664
f 2198/2661 2217/2664 2197/2663
f 2168/2660 2175/2662 2179/2665
f 2168/2660 2179/2665 2169/2666
f 2175/2662 2197/2663 2196/2667
f 2175/2662 2196/2667 2179/2665
f 2197/2663 2217/2664 2213/2668
f 2197/2663 2213/2668 2196/2667
f 2233/2669 2217/2664 2209/2654
f 2217/2664 2233/2669 2213/2668
f 2233/2669 2209/2654 2231/2670
f 2231/2670 2209/2654 2222/2649
f 2183/2671 2169/2666 2179/2665
f 2169/2666 2183/2671 2188/2672
f 2203/2673 2179/2665 2196/2667
f 2179/2665 2203/2673 2183/2671
f 2188/2672 2183/2671 2194/2674
f 2194/2674 2183/2671 2203/2673
f 2188/2672 2194/2674 2206/2675
f 2250/2676 2231/2670 2222/2649
f 2250/2676 2222/2649 2262/2652
f 2231/2670 2250/2676 2252/2677
f 2231/2670 2252/2677 2233/2669
f 2250/2676 2262/2652 2270/2678
f 2250/2676 2270/2678 2252/2677
f 2270/2678 2262/2652 2290/2657
f 2233/2669 2252/2677 2235/2679
f 2233/2669 2235/2679 2213/2668
f 2252/2677 2270/2678 2264/2680
f 2213/2668 2235/2679 2212/2681
f 2213/2668 2212/2681 2196/2667
f 2235/2679 2252/2677 2254/2682
f 2254/2682 2252/2677 2264/2680
f 2196/2667 2212/2681 2203/2673
f 2235/2679 2254/2682 2234/2683
f 2235/2679 2234/2683 2212/2681
f 2203/2673 2212/2681 2216/2684
f 2212/2681 2234/2683 2238/2685
f 2216/2684 2212/2681 2232/2686
f 2232/2686 2212/2681 2238/2685
f 2238/2685 2234/2683 2253/2687
f 2253/2687 2234/2683 2254/2682
f 2238/2685 2253/2687 2232/2686
f 2203/2673 2216/2684 2208/2688
f 2208/2688 2216/2684 2232/2686
f 2203/2673 2208/2688 2194/2674
f 2253/2687 2254/2682 2272/2689
f 2272/2689 2254/2682 2264/2680
f 2194/2674 2208/2688 2221/2690
f 2194/2674 2221/2690 2206/2675
f 2206/2675 2221/2690 2265/2691
f 2221/2690 2208/2688 2230/2692
f 2230/2692 2208/2688 2232/2686
f 2265/2691 2221/2690 2261/2693
f 2261/2693 2221/2690 2230/2692
f 2265/2691 2261/2693 2293/2694
f 2230/2692 2232/2686 2251/2695
f 2251/2695 2232/2686 2253/2687
f 2261/2693 2230/2692 2249/2696
f 2249/2696 2230/2692 2251/2695
f 2293/2694 2261/2693 2289/2697
f 2289/2697 2261/2693 2249/2696
f 2293/2694 2289/2697 2327/2698
f 2251/2695 2253/2687 2271/2699
f 2271/2699 2253/2687 2272/2689
f 2249/2696 2251/2695 2263/2700
f 2263/2700 2251/2695 2271/2699
f 2289/2697 2249/2696 2269/2701
f 2269/2701 2249/2696 2263/2700
f 2327/2698 2289/2697 2303/2702
f 2303/2702 2289/2697 2269/2701
f 2327/2698 2303/2702 2349/2703
f 2269/2701 2263/2700 2285/2704
f 2269/2701 2285/2704 2303/2702
f 2263/2700 2271/2699 2286/2705
f 2263/2700 2286/2705 2285/2704
f 2286/2705 2271/2699 2272/2689
f 2303/2702 2285/2704 2307/2706
f 2303/2702 2307/2706 2349/2703
f 2307/2706 2285/2704 2286/2705
f 2349/2703 2307/2706 2308/2707
f 2307/2706 2286/2705 2287/2708
f 2307/2706 2287/2708 2308/2707
f 2287/2708 2286/2705 2272/2689
f 2287/2708 2272/2689 2288/2709
f 2287/2708 2288/2709 2308/2707
f 2288/2709 2272/2689 2264/2680
f 2288/2709 2264/2680 2270/2678
f 2308/2707 2288/2709 2304/2710
f 2304/2710 2288/2709 2270/2678
f 2308/2707 2304/2710 2328/2711
f 2304/2710 2270/2678 2290/2657
f 2328/2711 2304/2710 2294/2658
f 2294/2658 2304/2710 2290/2657
f 1076/2712 1492/2713 1018/2714
f 1492/2713 1076/2712 1493/2715
f 1018/2714 1492/2713 1378/2716
f 1018/2714 1378/2716 1012/2717
f 1076/2712 1018/2714 888/2718
f 1076/2712 888/2718 1077/2719
f 1378/2720 1492/2721 1487/2722
f 1378/2720 1487/2722 1012/2723
f 1012/2723 1487/2722 1071/2724
f 1487/2722 1492/2721 1647/2725
f 1647/2725 1492/2721 1648/2726
f 1487/2722 1647/2725 1522/2727
f 1522/2727 1647/2725 1594/2728
f 1594/2728 1647/2725 1595/2729
f 1487/2722 1522/2727 1128/2730
f 1487/2722 1128/2730 1071/2724
f 1071/2724 1128/2730 865/2731
f 1071/2724 865/2731 871/2732
f 865/2731 1128/2730 860/2733
f 860/2733 1128/2730 855/2734
f 855/2734 1128/2730 980/2735
f 1018/2736 1012/2737 881/2738
f 1018/2736 881/2738 888/2739
f 888/2739 881/2738 367/2740
f 871/2741 1012/2737 1071/2742
f 881/2738 1012/2737 878/2743
f 878/2743 1012/2737 871/2741
f 367/2740 881/2738 407/2744
f 407/2744 881/2738 878/2743
f 367/2740 407/2744 302/2745
f 367/2740 302/2745 368/2746
f 878/2743 871/2741 400/2747
f 400/2747 871/2741 865/2748
f 407/2744 878/2743 359/2749
f 359/2749 878/2743 400/2747
f 400/2747 865/2748 350/2750
f 407/2744 359/2749 294/2751
f 407/2744 294/2751 302/2745
f 359/2749 400/2747 288/2752
f 359/2749 288/2752 294/2751
f 400/2747 350/2750 284/2753
f 400/2747 284/2753 288/2752
f 284/2753 350/2750 218/2754
f 218/2754 350/2750 346/2755
f 288/2752 284/2753 156/2756
f 156/2756 284/2753 218/2754
f 294/2751 288/2752 199/2757
f 199/2757 288/2752 156/2756
f 294/2751 199/2757 162/2758
f 294/2751 162/2758 302/2745
f 162/2758 199/2757 156/2756
f 302/2745 162/2758 303/2759
f 278/2760 218/2754 346/2755
f 278/2760 346/2755 342/2761
f 278/2760 342/2761 340/2762
f 278/2760 340/2762 273/2763
f 218/2754 278/2760 148/2764
f 218/2754 148/2764 156/2756
f 278/2760 273/2763 193/2765
f 278/2760 193/2765 148/2764
f 193/2765 273/2763 142/2766
f 193/2765 142/2766 148/2764
f 142/2766 273/2763 266/2767
f 148/2764 142/2766 109/2768
f 156/2756 148/2764 117/2769
f 117/2769 148/2764 109/2768
f 156/2756 117/2769 162/2758
f 117/2769 109/2768 118/2770
f 162/2758 117/2769 163/2771
f 1076/2772 1077/2773 1493/2774
f 1077/2775 888/2776 889/2777
f 888/2778 367/2779 889/2780
f 889/2781 367/2782 368/2783
f 1077/2784 889/2785 882/2786
f 882/2786 889/2785 368/2787
f 303/2788 368/2787 302/2789
f 882/2786 368/2787 363/2790
f 368/2787 303/2788 295/2791
f 368/2787 295/2791 363/2790
f 295/2791 303/2788 163/2792
f 163/2792 303/2788 162/2793
f 295/2791 163/2792 200/2794
f 363/2790 295/2791 289/2795
f 289/2795 295/2791 200/2794
f 882/2786 363/2790 406/2796
f 406/2796 363/2790 289/2795
f 882/2786 406/2796 875/2797
f 882/2786 875/2797 1019/2798
f 1019/2798 875/2797 1013/2799
f 157/2800 200/2794 163/2792
f 200/2794 157/2800 289/2795
f 117/2801 118/2802 163/2792
f 163/2792 118/2802 157/2800
f 157/2800 118/2802 110/2803
f 1013/2799 875/2797 870/2804
f 1013/2799 870/2804 1169/2805
f 358/2806 875/2797 406/2796
f 875/2797 358/2806 870/2804
f 358/2806 406/2796 289/2795
f 157/2800 110/2803 149/2807
f 285/2808 289/2795 157/2800
f 289/2795 285/2808 358/2806
f 285/2808 157/2800 149/2807
f 870/2804 358/2806 355/2809
f 355/2809 358/2806 285/2808
f 870/2804 355/2809 348/2810
f 149/2807 110/2803 143/2811
f 149/2807 143/2811 194/2812
f 194/2812 143/2811 267/2813
f 355/2809 285/2808 282/2814
f 282/2814 285/2808 149/2807
f 355/2809 282/2814 348/2810
f 149/2807 194/2812 279/2815
f 149/2807 279/2815 282/2814
f 282/2814 279/2815 348/2810
f 279/2815 194/2812 274/2816
f 348/2810 279/2815 345/2817
f 345/2817 279/2815 274/2816
f 1493/2818 1077/2819 1019/2820
f 1019/2820 1077/2819 882/2821
f 1493/2818 1019/2820 1379/2822
f 1379/2822 1019/2820 1013/2823
f 1379/2822 1013/2823 1565/2824
f 1379/2822 1565/2824 1493/2818
f 1565/2824 1013/2823 1169/2825
f 1493/2818 1565/2824 1648/2826
f 1493/2818 1648/2826 1492/2827
f 1565/2824 1169/2825 1430/2828
f 1565/2824 1430/2828 1648/2826
f 1648/2826 1430/2828 1595/2829
f 1648/2826 1595/2829 1647/2830
f 1430/2828 1169/2825 1047/2831
f 1047/2831 1169/2825 870/2832
f 1047/2831 870/2832 863/2833
f 1594/2834 1595/2835 1425/2836
f 1425/2837 1595/2838 1430/2839
f 1425/2837 1430/2839 1305/2840
f 1305/2840 1430/2839 981/2841
f 981/2841 1430/2839 1047/2842
f 1425/2837 1305/2840 975/2843
f 975/2843 1305/2840 981/2841
f 1425/2837 975/2843 1041/2844
f 981/2841 1047/2842 863/2845
f 1041/2844 975/2843 852/2846
f 852/2846 975/2843 981/2841
f 1041/2844 852/2846 846/2847
f 981/2841 863/2845 858/2848
f 981/2841 858/2848 852/2846
f 858/2848 863/2845 348/2849
f 348/2849 863/2845 870/2850
f 858/2848 348/2849 345/2851
f 858/2848 345/2851 396/2852
f 858/2848 396/2852 852/2846
f 396/2852 345/2851 274/2853
f 337/2854 846/2847 852/2846
f 337/2854 852/2846 396/2852
f 846/2847 337/2854 845/2855
f 396/2852 274/2853 267/2856
f 396/2852 267/2856 337/2854
f 267/2856 274/2853 194/2857
f 337/2854 267/2856 336/2858
f 1522/2859 1594/2860 1424/2861
f 1424/2861 1594/2860 1425/2862
f 1128/2863 1522/2859 980/2864
f 980/2864 1522/2859 1304/2865
f 1304/2865 1522/2859 1424/2861
f 980/2864 1304/2865 974/2866
f 974/2866 1304/2865 1040/2867
f 1040/2867 1304/2865 1424/2861
f 1040/2867 1424/2861 1041/2868
f 1425/2869 1041/2870 1424/2871
f 980/2872 974/2873 851/2874
f 851/2874 974/2873 1040/2875
f 980/2872 851/2874 855/2876
f 851/2874 1040/2875 845/2877
f 845/2877 1040/2875 846/2878
f 851/2874 845/2877 340/2879
f 851/2874 340/2879 342/2880
f 851/2874 342/2880 855/2876
f 855/2876 342/2880 346/2881
f 855/2876 346/2881 860/2882
f 860/2882 346/2881 350/2883
f 860/2882 350/2883 865/2884
f 110/2885 118/2886 109/2887
f 110/2888 109/2889 143/2890
f 143/2891 109/2892 142/2893
f 143/2891 142/2893 266/2894
f 266/2895 273/2896 340/2897
f 266/2895 340/2897 336/2898
f 266/2895 336/2898 267/2899
f 336/2898 340/2897 845/2900
f 336/2898 845/2900 337/2901
f 267/2902 143/2903 266/2904
f 846/2905 1040/2906 1041/2907
f 506/2908 509/2909 514/2910
f 514/2910 509/2909 515/2911
f 509/2909 506/2908 497/2912
f 515/2911 509/2909 511/2913
f 497/2912 506/2908 461/2914
f 514/2910 515/2911 507/2915
f 507/2915 515/2911 511/2913
f 514/2910 507/2915 506/2908
f 507/2915 511/2913 503/2916
f 507/2915 503/2916 466/2917
f 466/2917 503/2916 462/2918
f 466/2917 462/2918 446/2919
f 466/2917 446/2919 507/2915
f 446/2919 462/2918 434/2920
f 446/2919 434/2920 124/2921
f 507/2915 446/2919 8/2922
f 507/2915 8/2922 506/2908
f 446/2919 124/2921 106/2923
f 106/2923 124/2921 28/2924
f 106/2923 28/2924 446/2919
f 446/2919 28/2924 8/2922
f 28/2924 124/2921 46/2925
f 28/2924 46/2925 8/2922
f 8/2922 46/2925 16/2926
f 8/2922 16/2926 12/2927
f 8/2922 12/2927 4/2928
f 4/2928 12/2927 3/2929
f 4/2928 3/2929 8/2922
f 3/2929 12/2927 11/2930
f 11/2930 12/2927 19/2931
f 11/2930 19/2931 15/2932
f 3/2929 11/2930 7/2933
f 7/2933 11/2930 15/2932
f 3/2929 7/2933 8/2922
f 7/2933 15/2932 45/2934
f 7/2933 45/2934 27/2935
f 8/2922 7/2933 105/2936
f 105/2936 7/2933 27/2935
f 105/2936 27/2935 45/2934
f 105/2936 45/2934 122/2937
f 8/2922 105/2936 506/2908
f 105/2936 122/2937 433/2938
f 105/2936 433/2938 445/2939
f 506/2908 105/2936 465/2940
f 465/2940 105/2936 445/2939
f 465/2940 445/2939 433/2938
f 506/2908 465/2940 461/2914
f 461/2914 465/2940 433/2938
f 509/2941 497/2942 471/2943
f 471/2943 497/2942 457/2944
f 457/2944 497/2942 461/2945
f 509/2941 471/2943 500/2946
f 457/2944 461/2945 425/2947
f 509/2941 500/2946 511/2948
f 471/2943 457/2944 437/2949
f 437/2949 457/2944 425/2947
f 425/2947 461/2945 433/2950
f 500/2946 471/2943 451/2951
f 451/2951 471/2943 437/2949
f 425/2947 433/2950 174/2952
f 174/2952 433/2950 122/2953
f 174/2952 122/2953 67/2954
f 67/2954 122/2953 45/2955
f 174/2952 67/2954 126/2956
f 67/2954 45/2955 23/2957
f 67/2954 23/2957 126/2956
f 23/2957 45/2955 15/2958
f 23/2957 15/2958 19/2959
f 223/2960 425/2947 174/2952
f 223/2960 174/2952 126/2956
f 425/2947 223/2960 413/2961
f 425/2947 413/2961 437/2949
f 223/2960 126/2956 227/2962
f 223/2960 227/2962 413/2961
f 93/2963 126/2956 23/2957
f 93/2963 23/2957 19/2959
f 126/2956 93/2963 180/2964
f 126/2956 180/2964 227/2962
f 437/2949 413/2961 417/2965
f 417/2965 413/2961 227/2962
f 437/2949 417/2965 429/2966
f 437/2949 429/2966 451/2951
f 180/2964 93/2963 129/2967
f 451/2951 429/2966 452/2968
f 451/2951 452/2968 500/2946
f 429/2966 417/2965 441/2969
f 429/2966 441/2969 452/2968
f 500/2946 452/2968 501/2970
f 500/2946 501/2970 511/2948
f 452/2968 441/2969 453/2971
f 452/2968 453/2971 501/2970
f 511/2948 501/2970 472/2972
f 472/2972 501/2970 453/2971
f 511/2948 472/2972 503/2973
f 421/2974 441/2969 417/2965
f 421/2974 417/2965 227/2962
f 453/2971 441/2969 442/2975
f 442/2975 441/2969 421/2974
f 472/2972 453/2971 454/2976
f 454/2976 453/2971 442/2975
f 503/2973 472/2972 468/2977
f 468/2977 472/2972 454/2976
f 503/2973 468/2977 462/2978
f 462/2978 468/2977 458/2979
f 458/2979 468/2977 454/2976
f 462/2978 458/2979 434/2980
f 434/2980 458/2979 426/2981
f 434/2980 426/2981 124/2982
f 458/2979 454/2976 438/2983
f 458/2979 438/2983 426/2981
f 438/2983 454/2976 430/2984
f 430/2984 454/2976 442/2975
f 438/2983 430/2984 418/2985
f 418/2985 430/2984 442/2975
f 426/2981 438/2983 414/2986
f 414/2986 438/2983 418/2985
f 175/2987 124/2982 426/2981
f 175/2987 426/2981 414/2986
f 124/2982 175/2987 46/2988
f 418/2985 442/2975 410/2989
f 46/2988 175/2987 68/2990
f 46/2988 68/2990 16/2991
f 175/2987 414/2986 224/2992
f 175/2987 224/2992 68/2990
f 228/2993 414/2986 418/2985
f 414/2986 228/2993 224/2992
f 418/2985 410/2989 232/2994
f 418/2985 232/2994 228/2993
f 422/2995 410/2989 442/2975
f 410/2989 422/2995 232/2994
f 422/2995 442/2975 421/2974
f 422/2995 421/2974 231/2996
f 422/2995 231/2996 232/2994
f 231/2996 421/2974 227/2962
f 231/2996 227/2962 180/2964
f 231/2996 180/2964 129/2967
f 231/2996 129/2967 232/2994
f 130/2997 228/2993 232/2994
f 130/2997 232/2994 129/2967
f 228/2993 130/2997 181/2998
f 228/2993 181/2998 224/2992
f 130/2997 129/2967 95/2999
f 130/2997 95/2999 181/2998
f 224/2992 181/2998 177/3000
f 224/2992 177/3000 68/2990
f 181/2998 95/2999 96/3001
f 181/2998 96/3001 177/3000
f 68/2990 177/3000 24/3002
f 24/3002 177/3000 96/3001
f 68/2990 24/3002 16/2991
f 16/2991 24/3002 12/3003
f 24/3002 96/3001 20/3004
f 24/3002 20/3004 12/3003
f 20/3004 96/3001 95/2999
f 12/3003 20/3004 19/2959
f 20/3004 95/2999 94/3005
f 20/3004 94/3005 19/2959
f 94/3005 95/2999 129/2967
f 19/2959 94/3005 93/2963
f 93/2963 94/3005 129/2967
f 2151/3006 2101/3007 2068/3008
f 2101/3007 2151/3006 2146/3009
f 2068/3008 2101/3007 2037/3010
f 2101/3007 2146/3009 2157/3011
f 2037/3010 2101/3007 2100/3012
f 2100/3012 2101/3007 2157/3011
f 2037/3010 2100/3012 2031/3013
f 2037/3010 2031/3013 1921/3014
f 1921/3014 2031/3013 2026/3015
f 2026/3015 2031/3013 2100/3012
f 1921/3014 2026/3015 1915/3016
f 1915/3016 2026/3015 1870/3017
f 2026/3015 2100/3012 2097/3018
f 2097/3018 2100/3012 2157/3011
f 1870/3017 2026/3015 2019/3019
f 2019/3019 2026/3015 2097/3018
f 2097/3018 2157/3011 2094/3020
f 2097/3018 2094/3020 2019/3019
f 2094/3020 2157/3011 2133/3021
f 2094/3020 2133/3021 2090/3022
f 2094/3020 2090/3022 1975/3023
f 2094/3020 1975/3023 2019/3019
f 1975/3023 2090/3022 2065/3024
f 1975/3023 2065/3024 2012/3025
f 1975/3023 2012/3025 1949/3026
f 1975/3023 1949/3026 1863/3027
f 1863/3027 1949/3026 1864/3028
f 2019/3019 1975/3023 1910/3029
f 1863/3027 1864/3028 1739/3030
f 1739/3030 1864/3028 1742/3031
f 1975/3023 1863/3027 1832/3032
f 1975/3023 1832/3032 1910/3029
f 1832/3032 1863/3027 1739/3030
f 1739/3030 1742/3031 1616/3033
f 1616/3033 1742/3031 1617/3034
f 1616/3033 1617/3034 1542/3035
f 1739/3030 1616/3033 1684/3036
f 1739/3030 1684/3036 1832/3032
f 1910/3029 1832/3032 1678/3037
f 1678/3037 1832/3032 1684/3036
f 1738/3038 2019/3019 1910/3029
f 1738/3038 1910/3029 1678/3037
f 2019/3019 1738/3038 1797/3039
f 2019/3019 1797/3039 1870/3017
f 1870/3017 1797/3039 1691/3040
f 1691/3040 1797/3039 1610/3041
f 1610/3041 1797/3039 1738/3038
f 1691/3040 1610/3041 1320/3042
f 1738/3038 1678/3037 1526/3043
f 1738/3038 1526/3043 1610/3041
f 1320/3042 1610/3041 1218/3044
f 1320/3042 1218/3044 668/3045
f 668/3045 1218/3044 650/3046
f 650/3046 1218/3044 651/3047
f 1218/3044 1610/3041 1212/3048
f 1218/3044 1212/3048 651/3047
f 1212/3048 1610/3041 1526/3043
f 651/3047 1212/3048 652/3049
f 1309/3050 1526/3043 1678/3037
f 1526/3043 1309/3050 1212/3048
f 652/3049 1212/3048 1134/3051
f 1134/3051 1212/3048 1309/3050
f 652/3049 1134/3051 664/3052
f 1309/3050 1678/3037 1528/3053
f 1528/3053 1678/3037 1684/3036
f 1134/3051 1309/3050 1054/3054
f 1134/3051 1054/3054 664/3052
f 1309/3050 1528/3053 1137/3055
f 1309/3050 1137/3055 1054/3054
f 1528/3053 1684/3036 1532/3056
f 1532/3056 1684/3036 1616/3033
f 1137/3055 1528/3053 1321/3057
f 1321/3057 1528/3053 1532/3056
f 1054/3054 1137/3055 985/3058
f 1054/3054 985/3058 664/3052
f 664/3052 985/3058 674/3059
f 664/3052 674/3059 686/3060
f 985/3058 1137/3055 1223/3061
f 1223/3061 1137/3055 1321/3057
f 674/3059 985/3058 990/3062
f 990/3062 985/3058 1223/3061
f 674/3059 990/3062 686/3060
f 990/3062 1223/3061 1142/3063
f 1142/3063 1223/3061 1321/3057
f 686/3060 990/3062 996/3064
f 996/3064 990/3062 1142/3063
f 686/3060 996/3064 1002/3065
f 686/3060 1002/3065 697/3066
f 1002/3065 996/3064 1148/3067
f 1148/3067 996/3064 1142/3063
f 1002/3065 1148/3067 1153/3068
f 1153/3068 1148/3067 1234/3069
f 1234/3069 1148/3067 1142/3063
f 1153/3068 1234/3069 1353/3070
f 1234/3069 1142/3063 1228/3071
f 1228/3071 1142/3063 1321/3057
f 1234/3069 1228/3071 1329/3072
f 1329/3072 1228/3071 1321/3057
f 1353/3070 1234/3069 1342/3073
f 1342/3073 1234/3069 1329/3072
f 1329/3072 1321/3057 1439/3074
f 1439/3074 1321/3057 1532/3056
f 1439/3074 1532/3056 1541/3075
f 1439/3074 1541/3075 1329/3072
f 1541/3075 1532/3056 1616/3033
f 1541/3075 1616/3033 1542/3035
f 1329/3072 1541/3075 1449/3076
f 1449/3076 1541/3075 1542/3035
f 1329/3072 1449/3076 1342/3073
f 1449/3076 1542/3035 1450/3077
f 1342/3073 1449/3076 1343/3078
f 1343/3078 1449/3076 1457/3079
f 1342/3073 1343/3078 1467/3080
f 1342/3073 1467/3080 1353/3070
f 1467/3080 1343/3078 1468/3081
f 1353/3070 1467/3080 1473/3082
f 1473/3082 1467/3080 1468/3081
f 2151/3083 2068/3084 2111/3085
f 2111/3085 2068/3084 2049/3086
f 2049/3086 2068/3084 1981/3087
f 2049/3086 1981/3087 1939/3088
f 1981/3087 2068/3084 1933/3089
f 1933/3089 2068/3084 1956/3090
f 1956/3090 2068/3084 2037/3091
f 1981/3087 1933/3089 1844/3092
f 1933/3089 1956/3090 1807/3093
f 1933/3089 1807/3093 1844/3092
f 1956/3090 2037/3091 1840/3094
f 1956/3090 1840/3094 1807/3093
f 1840/3094 2037/3091 1926/3095
f 1926/3095 2037/3091 1921/3096
f 1840/3094 1926/3095 1759/3097
f 1759/3097 1926/3095 1921/3096
f 1876/3098 1939/3088 1981/3087
f 1876/3098 1981/3087 1844/3092
f 1939/3088 1876/3098 1811/3099
f 1939/3088 1811/3099 1766/3100
f 1811/3099 1876/3098 1702/3101
f 1811/3099 1702/3101 1766/3100
f 1702/3101 1876/3098 1844/3092
f 1766/3100 1702/3101 1628/3102
f 1766/3100 1628/3102 1629/3103
f 1629/3103 1628/3102 1473/3104
f 1629/3103 1473/3104 1551/3105
f 1551/3105 1473/3104 1468/3106
f 1473/3104 1628/3102 1557/3107
f 1557/3107 1628/3102 1702/3101
f 1473/3104 1557/3107 1362/3108
f 1473/3104 1362/3108 1353/3109
f 1353/3109 1362/3108 1153/3110
f 1557/3107 1702/3101 1559/3111
f 1559/3111 1702/3101 1844/3092
f 1362/3108 1557/3107 1481/3112
f 1481/3112 1557/3107 1559/3111
f 1153/3110 1362/3108 1159/3113
f 1159/3113 1362/3108 1481/3112
f 1153/3110 1159/3113 1002/3114
f 1559/3111 1844/3092 1642/3115
f 1642/3115 1844/3092 1807/3093
f 1481/3112 1559/3111 1373/3116
f 1373/3116 1559/3111 1642/3115
f 1159/3113 1481/3112 1243/3117
f 1243/3117 1481/3112 1373/3116
f 1002/3114 1159/3113 1008/3118
f 1008/3118 1159/3113 1243/3117
f 1002/3114 1008/3118 697/3119
f 1642/3115 1807/3093 1638/3120
f 1638/3120 1807/3093 1840/3094
f 1373/3116 1642/3115 1165/3121
f 1638/3120 1840/3094 1698/3122
f 1698/3122 1840/3094 1759/3097
f 1642/3115 1638/3120 1249/3123
f 1642/3115 1249/3123 1165/3121
f 1638/3120 1698/3122 1368/3124
f 1638/3120 1368/3124 1249/3123
f 1698/3122 1759/3097 1361/3125
f 1698/3122 1361/3125 1368/3124
f 1067/3126 1373/3116 1165/3121
f 1373/3116 1067/3126 1243/3117
f 1165/3121 1249/3123 721/3127
f 721/3127 1249/3123 1368/3124
f 1067/3126 1165/3121 729/3128
f 729/3128 1165/3121 721/3127
f 1243/3117 1067/3126 1061/3129
f 1243/3117 1061/3129 1008/3118
f 1067/3126 729/3128 722/3130
f 1067/3126 722/3130 1061/3129
f 721/3127 1368/3124 708/3131
f 721/3127 708/3131 729/3128
f 708/3131 1368/3124 1361/3125
f 722/3130 729/3128 709/3132
f 722/3130 709/3132 1061/3129
f 1061/3129 709/3132 1008/3118
f 709/3132 729/3128 708/3131
f 1008/3118 709/3132 697/3119
f 697/3119 709/3132 686/3133
f 686/3133 709/3132 651/3134
f 651/3134 709/3132 708/3131
f 686/3133 651/3134 664/3135
f 664/3135 651/3134 652/3136
f 651/3134 708/3131 668/3137
f 651/3134 668/3137 650/3138
f 668/3137 708/3131 696/3139
f 696/3139 708/3131 1361/3125
f 668/3137 696/3139 680/3140
f 668/3137 680/3140 1334/3141
f 1334/3141 680/3140 696/3139
f 668/3137 1334/3141 1320/3142
f 696/3139 1361/3125 1352/3143
f 696/3139 1352/3143 1334/3141
f 1352/3143 1361/3125 1759/3097
f 1320/3142 1334/3141 1691/3144
f 1352/3143 1759/3097 1754/3145
f 1352/3143 1754/3145 1334/3141
f 1754/3145 1759/3097 1921/3096
f 1754/3145 1921/3096 1915/3146
f 1334/3141 1754/3145 1748/3147
f 1334/3141 1748/3147 1691/3144
f 1748/3147 1754/3145 1915/3146
f 1691/3144 1748/3147 1870/3148
f 1870/3148 1748/3147 1915/3146
f 2151/3149 2111/3150 2112/3151
f 2151/3149 2112/3151 2146/3152
f 2112/3151 2111/3150 2050/3153
f 2050/3153 2111/3150 2049/3154
f 2146/3152 2112/3151 2147/3155
f 2050/3153 2049/3154 1940/3156
f 1940/3156 2049/3154 1939/3157
f 2112/3151 2050/3153 2044/3158
f 2146/3152 2147/3155 2160/3159
f 2146/3152 2160/3159 2157/3160
f 2147/3155 2112/3151 2106/3161
f 2106/3161 2112/3151 2044/3158
f 2160/3159 2147/3155 2142/3162
f 2142/3162 2147/3155 2106/3161
f 2157/3160 2160/3159 2138/3163
f 2157/3160 2138/3163 2133/3164
f 2138/3163 2160/3159 2139/3165
f 2139/3165 2160/3159 2142/3162
f 2133/3164 2138/3163 2130/3166
f 2130/3166 2138/3163 2139/3165
f 2133/3164 2130/3166 2090/3167
f 2090/3167 2130/3166 2066/3168
f 2090/3167 2066/3168 2065/3169
f 2130/3166 2139/3165 2091/3170
f 2130/3166 2091/3170 2066/3168
f 2139/3165 2142/3162 2027/3171
f 2065/3169 2066/3168 2013/3172
f 2065/3169 2013/3172 2012/3173
f 2012/3173 2013/3172 1949/3174
f 1949/3174 2013/3172 1864/3175
f 2091/3170 2139/3165 2021/3176
f 2021/3176 2139/3165 2027/3171
f 2015/3177 2066/3168 2091/3170
f 2066/3168 2015/3177 2013/3172
f 2091/3170 2021/3176 1950/3178
f 2091/3170 1950/3178 2015/3177
f 1950/3178 2021/3176 1835/3179
f 2015/3177 1950/3178 1865/3180
f 1865/3180 1950/3178 1835/3179
f 2013/3172 2015/3177 1907/3181
f 1907/3181 2015/3177 1865/3180
f 2013/3172 1907/3181 1906/3182
f 2013/3172 1906/3182 1864/3175
f 1835/3179 2021/3176 1871/3183
f 1871/3183 2021/3176 2027/3171
f 1906/3182 1907/3181 1791/3184
f 1791/3184 1907/3181 1865/3180
f 1864/3175 1906/3182 1798/3185
f 1798/3185 1906/3182 1791/3184
f 1864/3175 1798/3185 1742/3186
f 1798/3185 1791/3184 1685/3187
f 1742/3186 1798/3185 1618/3188
f 1618/3188 1798/3185 1685/3187
f 1742/3186 1618/3188 1617/3189
f 1617/3189 1618/3188 1543/3190
f 1617/3189 1543/3190 1542/3191
f 1543/3190 1618/3188 1544/3192
f 1544/3192 1618/3188 1685/3187
f 1542/3191 1543/3190 1451/3193
f 1543/3190 1544/3192 1452/3194
f 1543/3190 1452/3194 1451/3193
f 1542/3191 1451/3193 1450/3195
f 1544/3192 1685/3187 1440/3196
f 1544/3192 1440/3196 1452/3194
f 1451/3193 1452/3194 1344/3197
f 1450/3195 1451/3193 1458/3198
f 1458/3198 1451/3193 1344/3197
f 1450/3195 1458/3198 1457/3199
f 1450/3195 1457/3199 1449/3200
f 1457/3199 1458/3198 1468/3201
f 1457/3199 1468/3201 1343/3202
f 1468/3201 1458/3198 1469/3203
f 1469/3203 1458/3198 1344/3197
f 1469/3203 1344/3197 1470/3204
f 1470/3204 1344/3197 1238/3205
f 1470/3204 1238/3205 1475/3206
f 1238/3205 1344/3197 1235/3207
f 1235/3207 1344/3197 1452/3194
f 1475/3206 1238/3205 1160/3208
f 1475/3206 1160/3208 1482/3209
f 1238/3205 1235/3207 1154/3210
f 1238/3205 1154/3210 1160/3208
f 1235/3207 1452/3194 1229/3211
f 1229/3211 1452/3194 1440/3196
f 1482/3209 1160/3208 1244/3212
f 1482/3209 1244/3212 1484/3213
f 1484/3213 1244/3212 1062/3214
f 1062/3214 1244/3212 1009/3215
f 1009/3215 1244/3212 1160/3208
f 1062/3214 1009/3215 710/3216
f 710/3216 1009/3215 698/3217
f 1009/3215 1160/3208 1003/3218
f 1009/3215 1003/3218 698/3217
f 1003/3218 1160/3208 1154/3210
f 698/3217 1003/3218 687/3219
f 1003/3218 1154/3210 1149/3220
f 1149/3220 1154/3210 1235/3207
f 687/3219 1003/3218 997/3221
f 997/3221 1003/3218 1149/3220
f 1149/3220 1235/3207 1143/3222
f 1149/3220 1143/3222 997/3221
f 1143/3222 1235/3207 1229/3211
f 687/3219 997/3221 675/3223
f 687/3219 675/3223 665/3224
f 675/3223 997/3221 991/3225
f 991/3225 997/3221 1143/3222
f 675/3223 991/3225 1056/3226
f 1056/3226 991/3225 1143/3222
f 675/3223 1056/3226 665/3224
f 1143/3222 1229/3211 1322/3227
f 1322/3227 1229/3211 1440/3196
f 1056/3226 1143/3222 1224/3228
f 1224/3228 1143/3222 1322/3227
f 665/3224 1056/3226 1050/3229
f 665/3224 1050/3229 653/3230
f 1056/3226 1224/3228 1310/3231
f 1056/3226 1310/3231 1050/3229
f 1224/3228 1322/3227 1435/3232
f 1435/3232 1322/3227 1440/3196
f 1224/3228 1435/3232 1310/3231
f 1435/3232 1440/3196 1611/3233
f 1611/3233 1440/3196 1685/3187
f 1131/3234 653/3230 1050/3229
f 1131/3234 1050/3229 1310/3231
f 653/3230 1131/3234 654/3235
f 1611/3233 1685/3187 1792/3236
f 1611/3233 1792/3236 1435/3232
f 1792/3236 1685/3187 1791/3184
f 1792/3236 1791/3184 1865/3180
f 1435/3232 1792/3236 1602/3237
f 1602/3237 1792/3236 1865/3180
f 1435/3232 1602/3237 1310/3231
f 1602/3237 1865/3180 1603/3238
f 1602/3237 1603/3238 1310/3231
f 1310/3231 1603/3238 1131/3234
f 1603/3238 1865/3180 1835/3179
f 1219/3239 654/3235 1131/3234
f 1219/3239 1131/3234 1603/3238
f 654/3235 1219/3239 655/3240
f 1603/3238 1835/3179 1619/3241
f 1603/3238 1619/3241 1219/3239
f 1619/3241 1835/3179 1871/3183
f 655/3240 1219/3239 669/3242
f 1219/3239 1619/3241 1323/3243
f 1219/3239 1323/3243 669/3242
f 1323/3243 1619/3241 1692/3244
f 1692/3244 1619/3241 1871/3183
f 669/3242 1323/3243 1325/3245
f 1325/3245 1323/3243 1692/3244
f 669/3242 1325/3245 1335/3246
f 1335/3246 1325/3245 1692/3244
f 669/3242 1335/3246 681/3247
f 1692/3244 1871/3183 1749/3248
f 1692/3244 1749/3248 1335/3246
f 669/3242 681/3247 711/3249
f 681/3247 1335/3246 699/3250
f 681/3247 699/3250 711/3249
f 699/3250 1335/3246 1354/3251
f 699/3250 1354/3251 711/3249
f 1354/3251 1335/3246 1749/3248
f 1916/3252 1749/3248 1871/3183
f 1916/3252 1871/3183 2027/3171
f 1354/3251 1749/3248 1755/3253
f 1749/3248 1916/3252 1922/3254
f 1749/3248 1922/3254 1755/3253
f 1922/3254 1916/3252 2027/3171
f 1354/3251 1755/3253 1760/3255
f 1760/3255 1755/3253 1922/3254
f 1363/3256 711/3249 1354/3251
f 1363/3256 1354/3251 1760/3255
f 711/3249 1363/3256 1369/3257
f 1922/3254 2027/3171 2032/3258
f 2032/3258 2027/3171 2142/3162
f 1760/3255 1922/3254 1928/3259
f 2032/3258 2142/3162 2038/3260
f 2032/3258 2038/3260 1922/3254
f 1922/3254 2038/3260 1928/3259
f 2038/3260 2142/3162 2106/3161
f 1700/3261 1369/3257 1363/3256
f 1700/3261 1363/3256 1760/3255
f 1369/3257 1700/3261 1639/3262
f 1841/3263 1760/3255 1928/3259
f 1760/3255 1841/3263 1700/3261
f 1841/3263 1928/3259 2038/3260
f 2038/3260 2106/3161 2044/3158
f 1841/3263 2038/3260 1957/3264
f 1957/3264 2038/3260 2044/3158
f 1841/3263 1957/3264 1934/3265
f 1934/3265 1957/3264 2044/3158
f 1700/3261 1841/3263 1810/3266
f 1700/3261 1810/3266 1639/3262
f 1810/3266 1841/3263 1934/3265
f 1639/3262 1810/3266 1769/3267
f 1769/3267 1810/3266 1934/3265
f 1639/3262 1769/3267 1562/3268
f 1934/3265 2044/3158 1982/3269
f 1982/3269 2044/3158 2050/3153
f 1982/3269 2050/3153 1940/3156
f 1934/3265 1982/3269 1877/3270
f 1934/3265 1877/3270 1769/3267
f 1877/3270 1982/3269 1940/3156
f 1562/3268 1769/3267 1703/3271
f 1703/3271 1769/3267 1877/3270
f 1562/3268 1703/3271 1484/3272
f 1484/3272 1703/3271 1482/3273
f 1877/3270 1940/3156 1809/3274
f 1877/3270 1809/3274 1703/3271
f 1809/3274 1940/3156 1808/3275
f 1808/3275 1940/3156 1939/3157
f 1808/3275 1939/3157 1766/3276
f 1809/3274 1808/3275 1699/3277
f 1809/3274 1699/3277 1703/3271
f 1808/3275 1766/3276 1630/3278
f 1808/3275 1630/3278 1699/3277
f 1630/3278 1766/3276 1629/3279
f 1703/3271 1699/3277 1558/3280
f 1703/3271 1558/3280 1482/3273
f 1482/3273 1558/3280 1475/3281
f 1558/3280 1699/3277 1474/3282
f 1558/3280 1474/3282 1475/3281
f 1474/3282 1699/3277 1630/3278
f 1475/3281 1474/3282 1470/3283
f 1630/3278 1629/3279 1552/3284
f 1630/3278 1552/3284 1474/3282
f 1474/3282 1552/3284 1470/3283
f 1552/3284 1629/3279 1551/3285
f 1470/3283 1552/3284 1469/3286
f 1469/3286 1552/3284 1551/3285
f 1469/3286 1551/3285 1468/3287
f 1369/3288 1639/3289 1250/3290
f 1250/3290 1639/3289 1562/3291
f 1369/3288 1250/3290 711/3292
f 1250/3290 1562/3291 1166/3293
f 1166/3293 1562/3291 1484/3294
f 711/3292 1250/3290 724/3295
f 724/3295 1250/3290 730/3296
f 730/3296 1250/3290 1166/3293
f 724/3295 730/3296 711/3292
f 730/3296 1166/3293 723/3297
f 1166/3293 1484/3294 1068/3298
f 1166/3293 1068/3298 723/3297
f 1068/3298 1484/3294 1062/3299
f 1068/3298 1062/3299 710/3300
f 1068/3298 710/3300 723/3297
f 723/3297 710/3300 730/3296
f 730/3296 710/3300 711/3292
f 687/3301 710/3300 698/3302
f 710/3300 687/3301 665/3303
f 710/3300 665/3303 711/3292
f 711/3292 665/3303 669/3304
f 669/3304 665/3303 654/3305
f 669/3304 654/3305 655/3306
f 654/3305 665/3303 653/3307
f 1176/3308 1172/3309 1080/3310
f 1172/3309 1176/3308 1382/3311
f 1382/3311 1176/3308 1383/3312
f 1080/3310 1172/3309 914/3313
f 914/3313 1172/3309 944/3314
f 1176/3308 1080/3310 918/3315
f 918/3315 1080/3310 914/3313
f 1383/3312 1176/3308 1177/3316
f 1383/3312 1177/3316 1173/3317
f 1176/3308 918/3315 948/3318
f 1176/3308 948/3318 1177/3316
f 918/3315 914/3313 757/3319
f 918/3315 757/3319 948/3318
f 753/3320 914/3313 944/3314
f 914/3313 753/3320 757/3319
f 753/3320 944/3314 749/3321
f 753/3320 749/3321 2359/3322
f 757/3319 753/3320 2363/3323
f 948/3318 757/3319 761/3324
f 761/3324 757/3319 2367/3325
f 948/3318 761/3324 949/3326
f 948/3318 949/3326 1177/3316
f 762/3327 761/3324 2368/3328
f 761/3324 762/3327 949/3326
f 1177/3316 949/3326 1081/3329
f 1177/3316 1081/3329 1173/3317
f 1173/3317 1081/3329 945/3330
f 949/3326 762/3327 758/3331
f 758/3331 762/3327 2364/3332
f 1081/3329 949/3326 919/3333
f 919/3333 949/3326 758/3331
f 945/3330 1081/3329 915/3334
f 915/3334 1081/3329 919/3333
f 945/3330 915/3334 754/3335
f 754/3335 915/3334 919/3333
f 754/3335 919/3333 758/3331
f 754/3335 758/3331 2360/3336
f 945/3330 754/3335 750/3337
f 750/3337 754/3335 2356/3338
f 1172/3339 1382/3340 1115/3341
f 1382/3342 1383/3343 1298/3344
f 1382/3345 1298/3346 1115/3347
f 1298/3348 1383/3349 1299/3350
f 1299/3351 1383/3352 1173/3353
f 1115/3354 1298/3355 1121/3356
f 1115/3354 1121/3356 1036/3357
f 1115/3354 1036/3357 924/3358
f 1121/3356 1298/3355 1122/3359
f 1122/3359 1298/3355 1299/3360
f 1122/3359 1299/3360 1116/3361
f 1121/3356 1122/3359 929/3362
f 1122/3359 1116/3361 1037/3363
f 1122/3359 1037/3363 929/3362
f 1037/3363 1116/3361 907/3364
f 907/3364 1116/3361 925/3365
f 1037/3363 907/3364 911/3366
f 1037/3363 911/3366 929/3362
f 907/3364 925/3365 736/3367
f 907/3364 736/3367 911/3366
f 736/3367 925/3365 734/3368
f 929/3362 911/3366 742/3369
f 742/3369 911/3366 736/3367
f 736/3367 734/3368 2338/3370
f 2338/3370 734/3368 2334/3371
f 2338/3370 2334/3371 2404/3372
f 736/3367 2338/3370 2342/3373
f 736/3367 2342/3373 742/3369
f 2338/3370 2404/3372 2384/3374
f 2338/3370 2384/3374 2342/3373
f 2384/3374 2404/3372 2430/3375
f 2430/3375 2404/3372 2440/3376
f 2342/3373 2384/3374 2388/3377
f 2388/3377 2384/3374 2430/3375
f 2430/3375 2440/3376 2446/3378
f 2430/3375 2446/3378 2388/3377
f 2446/3378 2440/3376 2460/3379
f 2342/3373 2388/3377 2409/3380
f 2409/3380 2388/3377 2446/3378
f 2342/3373 2409/3380 2346/3381
f 2342/3373 2346/3381 742/3369
f 2409/3380 2446/3378 2408/3382
f 2446/3378 2460/3379 2445/3383
f 2446/3378 2445/3383 2408/3382
f 2445/3383 2460/3379 2459/3384
f 2445/3383 2459/3384 2439/3385
f 742/3369 2346/3381 746/3386
f 742/3369 746/3386 929/3362
f 2345/3387 2346/3381 2409/3380
f 2346/3381 2345/3387 746/3386
f 2345/3387 2409/3380 2408/3382
f 929/3362 746/3386 928/3388
f 929/3362 928/3388 1121/3356
f 746/3386 2345/3387 745/3389
f 746/3386 745/3389 928/3388
f 1121/3356 928/3388 910/3390
f 1121/3356 910/3390 1036/3357
f 928/3388 745/3389 741/3391
f 928/3388 741/3391 910/3390
f 745/3389 2345/3387 2341/3392
f 2341/3392 2345/3387 2408/3382
f 745/3389 2341/3392 741/3391
f 1036/3357 910/3390 905/3393
f 905/3393 910/3390 741/3391
f 1036/3357 905/3393 924/3358
f 924/3358 905/3393 738/3394
f 738/3394 905/3393 741/3391
f 924/3358 738/3394 733/3395
f 733/3395 738/3394 2333/3396
f 738/3394 741/3391 2337/3397
f 738/3394 2337/3397 2333/3396
f 2337/3397 741/3391 2341/3392
f 2333/3396 2337/3397 2403/3398
f 2337/3397 2341/3392 2387/3399
f 2387/3399 2341/3392 2408/3382
f 2403/3398 2337/3397 2382/3400
f 2382/3400 2337/3397 2387/3399
f 2403/3398 2382/3400 2439/3385
f 2387/3399 2408/3382 2432/3401
f 2387/3399 2432/3401 2382/3400
f 2382/3400 2432/3401 2439/3385
f 2432/3401 2408/3382 2445/3383
f 2432/3401 2445/3383 2439/3385
f 1299/3402 1173/3403 1116/3404
f 1173/3405 945/3406 1116/3407
f 762/3408 2368/3409 2364/3410
f 761/3411 2367/3412 2368/3409
f 2368/3409 2367/3412 2424/3413
f 2368/3409 2424/3413 2364/3410
f 758/3414 2364/3410 2360/3415
f 2360/3415 2364/3410 2396/3416
f 2360/3415 2396/3416 2418/3417
f 2396/3416 2364/3410 2420/3418
f 2420/3418 2364/3410 2424/3413
f 2418/3417 2396/3416 2452/3419
f 2418/3417 2452/3419 2440/3420
f 2396/3416 2420/3418 2436/3421
f 2396/3416 2436/3421 2452/3419
f 2440/3420 2452/3419 2472/3422
f 2436/3421 2420/3418 2456/3423
f 2436/3421 2456/3423 2452/3419
f 2452/3419 2456/3423 2472/3422
f 2456/3423 2420/3418 2424/3413
f 2472/3422 2456/3423 2471/3424
f 2471/3424 2456/3423 2455/3425
f 2455/3425 2456/3423 2424/3413
f 2455/3425 2424/3413 2423/3426
f 2455/3425 2423/3426 2435/3427
f 2423/3426 2424/3413 2367/3412
f 2435/3427 2423/3426 2398/3428
f 2423/3426 2367/3412 2363/3429
f 2423/3426 2363/3429 2398/3428
f 2363/3429 2367/3412 757/3430
f 2398/3428 2363/3429 2359/3431
f 2359/3431 2363/3429 753/3432
f 944/3433 1172/3434 924/3435
f 924/3436 1172/3437 1115/3438
f 2356/3439 2360/3440 2418/3441
f 2360/3440 2356/3439 754/3442
f 2356/3443 2418/3444 2334/3445
f 2356/3443 2334/3445 750/3446
f 945/3447 750/3448 925/3449
f 945/3450 925/3451 1116/3452
f 750/3453 2334/3454 734/3455
f 750/3453 734/3455 925/3456
f 2334/3457 2418/3458 2404/3459
f 2404/3459 2418/3458 2440/3460
f 2460/3461 2440/3462 2472/3463
f 2460/3461 2472/3463 2459/3464
f 2459/3465 2472/3466 2471/3467
f 2459/3465 2471/3467 2451/3468
f 2451/3468 2471/3467 2455/3469
f 2451/3468 2455/3469 2435/3470
f 2451/3468 2435/3470 2417/3471
f 2451/3468 2417/3471 2439/3472
f 2417/3471 2435/3470 2395/3473
f 2395/3473 2435/3470 2398/3474
f 2417/3471 2395/3473 2359/3475
f 2359/3475 2395/3473 2398/3474
f 2439/3476 2459/3477 2451/3478
f 2403/3479 2439/3480 2417/3481
f 2333/3482 2403/3483 2355/3484
f 2333/3482 2355/3484 733/3485
f 2355/3486 2403/3487 2417/3488
f 2355/3486 2417/3488 2359/3489
f 2355/3486 2359/3489 749/3490
f 2355/3491 749/3492 733/3493
f 733/3493 749/3492 944/3494
f 733/3495 944/3496 924/3497
f 2051/3498 2074/3499 2077/3500
f 2077/3500 2074/3499 2114/3501
f 2051/3498 2077/3500 1993/3502
f 2051/3498 1993/3502 1959/3503
f 2051/3498 1959/3503 1941/3504
f 2051/3498 1941/3504 1987/3505
f 2051/3498 1987/3505 2074/3499
f 1987/3505 1941/3504 1882/3506
f 2114/3501 2074/3499 2069/3507
f 2069/3507 2074/3499 1987/3505
f 2114/3501 2069/3507 2152/3508
f 1987/3505 1882/3506 1983/3509
f 1987/3505 1983/3509 2069/3507
f 1983/3509 1882/3506 1878/3510
f 1983/3509 1878/3510 1984/3511
f 2069/3507 1983/3509 2070/3512
f 2069/3507 2070/3512 2152/3508
f 2070/3512 1983/3509 1984/3511
f 2152/3508 2070/3512 2115/3513
f 2070/3512 1984/3511 1988/3514
f 2115/3513 2070/3512 2075/3515
f 2075/3515 2070/3512 1988/3514
f 2115/3513 2075/3515 2078/3516
f 2078/3516 2075/3515 2052/3517
f 2075/3515 1988/3514 1960/3518
f 2075/3515 1960/3518 2052/3517
f 1960/3518 1988/3514 1944/3519
f 2052/3517 1960/3518 1994/3520
f 1960/3518 1944/3519 1849/3521
f 1994/3520 1960/3518 1886/3522
f 1886/3522 1960/3518 1849/3521
f 1993/3523 2077/3524 1964/3525
f 1993/3523 1964/3525 1889/3526
f 1964/3525 2077/3524 2054/3527
f 2054/3527 2077/3524 2119/3528
f 2054/3527 2119/3528 2058/3529
f 2054/3527 2058/3529 1969/3530
f 2054/3527 1969/3530 1964/3525
f 1969/3530 2058/3529 1970/3531
f 1889/3526 1964/3525 1890/3532
f 1889/3526 1890/3532 1778/3533
f 1964/3525 1969/3530 1893/3534
f 1964/3525 1893/3534 1890/3532
f 1969/3530 1970/3531 1946/3535
f 1946/3535 1970/3531 1821/3536
f 1821/3536 1970/3531 1856/3537
f 1969/3530 1946/3535 1819/3538
f 1969/3530 1819/3538 1893/3534
f 1946/3535 1821/3536 1719/3539
f 1946/3535 1719/3539 1819/3538
f 1719/3539 1821/3536 1589/3540
f 1893/3534 1819/3538 1718/3541
f 1719/3539 1589/3540 1421/3542
f 1421/3542 1589/3540 1197/3543
f 1421/3542 1197/3543 1108/3544
f 1719/3539 1421/3542 1286/3545
f 1286/3545 1421/3542 1108/3544
f 1587/3546 1819/3538 1719/3539
f 1819/3538 1587/3546 1718/3541
f 1587/3546 1719/3539 1286/3545
f 1782/3547 1893/3534 1718/3541
f 1893/3534 1782/3547 1890/3532
f 1718/3541 1587/3546 1416/3548
f 1890/3532 1782/3547 1780/3549
f 1890/3532 1780/3549 1778/3533
f 1782/3547 1718/3541 1661/3550
f 1782/3547 1661/3550 1780/3549
f 1778/3533 1780/3549 1581/3551
f 1581/3551 1780/3549 1661/3550
f 1778/3533 1581/3551 1575/3552
f 1661/3550 1718/3541 1513/3553
f 1513/3553 1718/3541 1416/3548
f 1581/3551 1661/3550 1584/3554
f 1584/3554 1661/3550 1513/3553
f 1575/3552 1581/3551 1508/3555
f 1575/3552 1508/3555 1505/3556
f 1505/3556 1508/3555 1398/3557
f 1508/3555 1581/3551 1511/3558
f 1511/3558 1581/3551 1584/3554
f 1398/3557 1508/3555 1402/3559
f 1402/3559 1508/3555 1511/3558
f 1398/3557 1402/3559 1399/3560
f 1511/3558 1584/3554 1413/3561
f 1413/3561 1584/3554 1513/3553
f 1402/3559 1511/3558 1407/3562
f 1407/3562 1511/3558 1413/3561
f 1399/3560 1402/3559 1403/3563
f 1403/3563 1402/3559 1407/3562
f 1399/3560 1403/3563 1507/3564
f 1507/3564 1403/3563 1509/3565
f 1509/3565 1403/3563 1408/3566
f 1408/3566 1403/3563 1407/3562
f 1509/3565 1408/3566 1409/3567
f 1409/3567 1408/3566 1275/3568
f 1275/3568 1408/3566 1407/3562
f 1409/3567 1275/3568 1278/3569
f 1275/3568 1407/3562 1277/3570
f 1277/3570 1407/3562 1413/3561
f 1278/3569 1275/3568 1191/3571
f 1191/3571 1275/3568 1277/3570
f 1277/3570 1413/3561 1282/3572
f 1282/3572 1413/3561 1513/3553
f 1282/3572 1513/3553 1416/3548
f 1277/3570 1282/3572 1096/3573
f 1277/3570 1096/3573 1191/3571
f 1282/3572 1416/3548 1101/3574
f 1282/3572 1101/3574 1096/3573
f 1101/3574 1416/3548 1194/3575
f 1194/3575 1416/3548 1587/3546
f 1194/3575 1587/3546 1286/3545
f 1191/3571 1096/3573 1097/3576
f 1191/3571 1097/3576 1278/3569
f 1096/3573 1101/3574 963/3577
f 1096/3573 963/3577 1097/3576
f 1101/3574 1194/3575 967/3578
f 1101/3574 967/3578 963/3577
f 1194/3575 1286/3545 1029/3579
f 1194/3575 1029/3579 967/3578
f 1278/3569 1097/3576 1098/3580
f 1278/3569 1098/3580 1283/3581
f 963/3577 967/3578 595/3582
f 1098/3580 1097/3576 964/3583
f 1283/3581 1098/3580 1102/3584
f 1102/3584 1098/3580 964/3583
f 1283/3581 1102/3584 1195/3585
f 595/3582 967/3578 602/3586
f 602/3586 967/3578 1029/3579
f 963/3577 595/3582 596/3587
f 596/3587 595/3582 602/3586
f 960/3588 1097/3576 963/3577
f 960/3588 963/3577 596/3587
f 1097/3576 960/3588 964/3583
f 960/3588 596/3587 600/3589
f 960/3588 600/3589 964/3583
f 600/3589 596/3587 603/3590
f 600/3589 603/3590 964/3583
f 603/3590 596/3587 602/3586
f 968/3591 1102/3584 964/3583
f 968/3591 964/3583 603/3590
f 1102/3584 968/3591 1030/3592
f 1102/3584 1030/3592 1195/3585
f 1030/3592 968/3591 603/3590
f 1195/3585 1030/3592 1106/3593
f 1030/3592 603/3590 607/3594
f 1030/3592 607/3594 1106/3593
f 1106/3593 607/3594 614/3595
f 614/3595 607/3594 603/3590
f 1106/3593 614/3595 1196/3596
f 614/3595 603/3590 621/3597
f 621/3597 603/3590 602/3586
f 621/3597 602/3586 616/3598
f 616/3598 602/3586 611/3599
f 616/3598 611/3599 1108/3544
f 611/3599 602/3586 610/3600
f 1108/3544 611/3599 1105/3601
f 1105/3601 611/3599 610/3600
f 1108/3544 1105/3601 1286/3545
f 610/3600 602/3586 605/3602
f 610/3600 605/3602 1105/3601
f 605/3602 602/3586 1029/3579
f 1286/3545 1105/3601 1029/3579
f 1029/3579 1105/3601 605/3602
f 1959/3603 1993/3604 1889/3605
f 1959/3603 1889/3605 1885/3606
f 1885/3606 1889/3605 1777/3607
f 1777/3607 1889/3605 1778/3608
f 1959/3603 1885/3606 1818/3609
f 1885/3606 1777/3607 1656/3610
f 1885/3606 1656/3610 1818/3609
f 1777/3607 1778/3608 1574/3611
f 1777/3607 1574/3611 1656/3610
f 1574/3611 1778/3608 1575/3612
f 1959/3603 1818/3609 1884/3613
f 1959/3603 1884/3613 1941/3614
f 1884/3613 1818/3609 1770/3615
f 1884/3613 1770/3615 1941/3614
f 1495/3616 1818/3609 1656/3610
f 1818/3609 1495/3616 1570/3617
f 1818/3609 1570/3617 1770/3615
f 1495/3616 1656/3610 1265/3618
f 1941/3614 1770/3615 1812/3619
f 1941/3614 1812/3619 1882/3620
f 1882/3620 1812/3619 1704/3621
f 1812/3619 1770/3615 1652/3622
f 1812/3619 1652/3622 1704/3621
f 1652/3622 1770/3615 1568/3623
f 1568/3623 1770/3615 1570/3617
f 1704/3621 1652/3622 1259/3624
f 1704/3621 1259/3624 1251/3625
f 1652/3622 1568/3623 1179/3626
f 1652/3622 1179/3626 1259/3624
f 1251/3625 1259/3624 568/3627
f 1251/3625 568/3627 564/3628
f 568/3627 1259/3624 1179/3626
f 568/3627 1179/3626 572/3629
f 1179/3626 1568/3623 1182/3630
f 1182/3630 1568/3623 1570/3617
f 572/3629 1179/3626 573/3631
f 573/3631 1179/3626 1182/3630
f 572/3629 573/3631 581/3632
f 1182/3630 1570/3617 1084/3633
f 1182/3630 1084/3633 573/3631
f 581/3632 573/3631 579/3634
f 579/3634 573/3631 1084/3633
f 579/3634 1084/3633 581/3632
f 1084/3633 1570/3617 1262/3635
f 1262/3635 1570/3617 1495/3616
f 581/3632 1084/3633 1023/3636
f 1023/3636 1084/3633 1262/3635
f 581/3632 1023/3636 587/3637
f 1262/3635 1495/3616 1265/3618
f 587/3637 1023/3636 1027/3638
f 1027/3638 1023/3636 1262/3635
f 587/3637 1027/3638 953/3639
f 1262/3635 1265/3618 1185/3640
f 1262/3635 1185/3640 1027/3638
f 953/3639 1027/3638 1089/3641
f 1089/3641 1027/3638 1185/3640
f 587/3637 953/3639 956/3642
f 956/3642 953/3639 1089/3641
f 587/3637 956/3642 590/3643
f 590/3643 956/3642 591/3644
f 1268/3645 1185/3640 1265/3618
f 1185/3640 1268/3645 1089/3641
f 591/3644 956/3642 957/3646
f 591/3644 957/3646 954/3647
f 591/3644 954/3647 592/3648
f 954/3647 957/3646 1093/3649
f 1093/3649 957/3646 956/3642
f 954/3647 1093/3649 1090/3650
f 1092/3651 956/3642 1089/3641
f 956/3642 1092/3651 1093/3649
f 1092/3651 1089/3641 1268/3645
f 1090/3650 1093/3649 1189/3652
f 1189/3652 1093/3649 1092/3651
f 1090/3650 1189/3652 1270/3653
f 1189/3652 1092/3651 1273/3654
f 1273/3654 1092/3651 1268/3645
f 1270/3653 1189/3652 1396/3655
f 1189/3652 1273/3654 1395/3656
f 1189/3652 1395/3656 1396/3655
f 1273/3654 1268/3645 1390/3657
f 1273/3654 1390/3657 1395/3656
f 1396/3655 1395/3656 1398/3658
f 1396/3655 1398/3658 1399/3659
f 1398/3658 1395/3656 1505/3660
f 1396/3655 1399/3659 1391/3661
f 1396/3655 1391/3661 1270/3653
f 1391/3661 1399/3659 1507/3662
f 1270/3653 1391/3661 1389/3663
f 1505/3660 1395/3656 1501/3664
f 1501/3664 1395/3656 1390/3657
f 1505/3660 1501/3664 1575/3612
f 1391/3661 1507/3662 1502/3665
f 1391/3661 1502/3665 1389/3663
f 1502/3665 1507/3662 1576/3666
f 1389/3663 1502/3665 1659/3667
f 1659/3667 1502/3665 1576/3666
f 1575/3612 1501/3664 1500/3668
f 1500/3668 1501/3664 1390/3657
f 1575/3612 1500/3668 1574/3611
f 1500/3668 1390/3657 1388/3669
f 1500/3668 1388/3669 1574/3611
f 1388/3669 1390/3657 1268/3645
f 1574/3611 1388/3669 1498/3670
f 1498/3670 1388/3669 1268/3645
f 1574/3611 1498/3670 1656/3610
f 1498/3670 1268/3645 1265/3618
f 1498/3670 1265/3618 1656/3610
f 2077/3671 2114/3672 2119/3673
f 2119/3673 2114/3672 2154/3674
f 2154/3674 2114/3672 2152/3675
f 2119/3673 2154/3674 2083/3676
f 2119/3673 2083/3676 2058/3677
f 2058/3677 2083/3676 1970/3678
f 1970/3678 2083/3676 2001/3679
f 1970/3678 2001/3679 1856/3680
f 1856/3680 2001/3679 1896/3681
f 1896/3681 2001/3679 1897/3682
f 2154/3674 2152/3675 2120/3683
f 2120/3683 2152/3675 2115/3684
f 2126/3685 2083/3676 2154/3674
f 2083/3676 2126/3685 2001/3679
f 1897/3682 2001/3679 2002/3686
f 2002/3686 2001/3679 2126/3685
f 1897/3682 2002/3686 1898/3687
f 1898/3687 2002/3686 2003/3688
f 2003/3688 2002/3686 2126/3685
f 1898/3687 2003/3688 1857/3689
f 2126/3685 2154/3674 2127/3690
f 2127/3690 2154/3674 2120/3683
f 2126/3685 2127/3690 2003/3688
f 2127/3690 2120/3683 2121/3691
f 2121/3691 2120/3683 2115/3684
f 2003/3688 2127/3690 2081/3692
f 2081/3692 2127/3690 2121/3691
f 1999/3693 1857/3689 2003/3688
f 1999/3693 2003/3688 2081/3692
f 2121/3691 2115/3684 2122/3694
f 2121/3691 2122/3694 2081/3692
f 2122/3694 2115/3684 2078/3695
f 2122/3694 2078/3695 2055/3696
f 2122/3694 2055/3696 2081/3692
f 2055/3696 2078/3695 2052/3697
f 1822/3698 1857/3689 1999/3693
f 1857/3689 1822/3698 1667/3699
f 1947/3700 1999/3693 2081/3692
f 1999/3693 1947/3700 1822/3698
f 1667/3699 1822/3698 1720/3701
f 1720/3701 1822/3698 1947/3700
f 1667/3699 1720/3701 1588/3702
f 1947/3700 2081/3692 1997/3703
f 1997/3703 2081/3692 2055/3696
f 1947/3700 1997/3703 1854/3704
f 1947/3700 1854/3704 1720/3701
f 1997/3703 2055/3696 1966/3705
f 1997/3703 1966/3705 1854/3704
f 1963/3706 2055/3696 2052/3697
f 2055/3696 1963/3706 1966/3705
f 1963/3706 2052/3697 1994/3707
f 1520/3708 1588/3702 1720/3701
f 1588/3702 1520/3708 1196/3709
f 1588/3702 1196/3709 1198/3710
f 1196/3709 1520/3708 1419/3711
f 1419/3711 1520/3708 1720/3701
f 1196/3709 1419/3711 1106/3712
f 1106/3712 1419/3711 1195/3713
f 1851/3714 1963/3706 1994/3707
f 1851/3714 1994/3707 1886/3715
f 1851/3714 1886/3715 1712/3716
f 1963/3706 1851/3714 1852/3717
f 1963/3706 1852/3717 1966/3705
f 1851/3714 1712/3716 1713/3718
f 1713/3718 1712/3716 1576/3719
f 1852/3717 1851/3714 1715/3720
f 1715/3720 1851/3714 1713/3718
f 1966/3705 1852/3717 1783/3721
f 1966/3705 1783/3721 1854/3704
f 1852/3717 1715/3720 1662/3722
f 1852/3717 1662/3722 1783/3721
f 1854/3704 1783/3721 1665/3723
f 1665/3723 1783/3721 1662/3722
f 1854/3704 1665/3723 1720/3701
f 1720/3701 1665/3723 1419/3711
f 1419/3711 1665/3723 1517/3724
f 1517/3724 1665/3723 1662/3722
f 1419/3711 1517/3724 1195/3713
f 1195/3713 1517/3724 1283/3725
f 1517/3724 1662/3722 1514/3726
f 1517/3724 1514/3726 1283/3725
f 1283/3725 1514/3726 1414/3727
f 1283/3725 1414/3727 1278/3728
f 1514/3726 1662/3722 1583/3729
f 1514/3726 1583/3729 1414/3727
f 1414/3727 1583/3729 1278/3728
f 1583/3729 1662/3722 1715/3720
f 1278/3728 1583/3729 1409/3730
f 1583/3729 1715/3720 1579/3731
f 1583/3729 1579/3731 1409/3730
f 1579/3731 1715/3720 1713/3718
f 1409/3730 1579/3731 1509/3732
f 1579/3731 1713/3718 1576/3719
f 1579/3731 1576/3719 1509/3732
f 1509/3732 1576/3719 1507/3733
f 1886/3734 1849/3735 1712/3736
f 1712/3736 1849/3735 1774/3737
f 1712/3736 1774/3737 1659/3738
f 1712/3736 1659/3738 1576/3739
f 1659/3738 1774/3737 1657/3740
f 1657/3740 1774/3737 1849/3735
f 1659/3738 1657/3740 1389/3741
f 1389/3741 1657/3740 1386/3742
f 1389/3741 1386/3742 1270/3743
f 1657/3740 1849/3735 1816/3744
f 1816/3744 1849/3735 1944/3745
f 1386/3742 1657/3740 1496/3746
f 1496/3746 1657/3740 1816/3744
f 1270/3743 1386/3742 1266/3747
f 1266/3747 1386/3742 1496/3746
f 1270/3743 1266/3747 1090/3748
f 1496/3746 1816/3744 1571/3749
f 1816/3744 1944/3745 1709/3750
f 1816/3744 1709/3750 1571/3749
f 1709/3750 1944/3745 1815/3751
f 1815/3751 1944/3745 1988/3752
f 1266/3747 1496/3746 1263/3753
f 1263/3753 1496/3746 1571/3749
f 1266/3747 1263/3753 1087/3754
f 1266/3747 1087/3754 1090/3748
f 1571/3749 1709/3750 1569/3755
f 1709/3750 1815/3751 1654/3756
f 1709/3750 1654/3756 1569/3755
f 1815/3751 1988/3752 1845/3757
f 1815/3751 1845/3757 1654/3756
f 1845/3757 1988/3752 1984/3758
f 1571/3749 1569/3755 1183/3759
f 1183/3759 1569/3755 1654/3756
f 1845/3757 1984/3758 1879/3760
f 1879/3760 1984/3758 1878/3761
f 1654/3756 1845/3757 1649/3762
f 1649/3762 1845/3757 1879/3760
f 1183/3759 1654/3756 1178/3763
f 1178/3763 1654/3756 1649/3762
f 1649/3762 1879/3760 1706/3764
f 1879/3760 1878/3761 1705/3765
f 1879/3760 1705/3765 1706/3764
f 1705/3765 1878/3761 1704/3766
f 1704/3766 1878/3761 1882/3767
f 1706/3764 1705/3765 1253/3768
f 1706/3764 1253/3768 1649/3762
f 1705/3765 1704/3766 1252/3769
f 1705/3765 1252/3769 1253/3768
f 1252/3769 1704/3766 1251/3770
f 1252/3769 1251/3770 560/3771
f 1253/3768 1252/3769 561/3772
f 561/3772 1252/3769 560/3771
f 560/3771 1251/3770 564/3773
f 560/3771 564/3773 561/3772
f 1258/3774 1649/3762 1253/3768
f 1258/3774 1253/3768 561/3772
f 1649/3762 1258/3774 1178/3763
f 1258/3774 561/3772 565/3775
f 1258/3774 565/3775 1178/3763
f 565/3775 561/3772 571/3776
f 565/3775 571/3776 1178/3763
f 571/3776 561/3772 564/3773
f 1178/3763 571/3776 1183/3759
f 1183/3759 571/3776 574/3777
f 574/3777 571/3776 577/3778
f 574/3777 577/3778 1183/3759
f 577/3778 571/3776 585/3779
f 585/3779 571/3776 564/3773
f 1183/3759 577/3778 1086/3780
f 1183/3759 1086/3780 1571/3749
f 1571/3749 1086/3780 1263/3753
f 1086/3780 577/3778 582/3781
f 582/3781 577/3778 585/3779
f 1263/3753 1086/3780 1024/3782
f 1024/3782 1086/3780 582/3781
f 1263/3753 1024/3782 1087/3754
f 1024/3782 582/3781 950/3783
f 1024/3782 950/3783 1087/3754
f 950/3783 582/3781 585/3779
f 1087/3754 950/3783 1090/3748
f 1090/3748 950/3783 954/3784
f 954/3784 950/3783 585/3779
f 954/3784 585/3779 592/3785
f 592/3785 585/3779 564/3773
f 592/3785 564/3773 587/3786
f 592/3785 587/3786 591/3787
f 591/3787 587/3786 590/3788
f 587/3786 564/3773 581/3789
f 581/3789 564/3773 572/3790
f 572/3790 564/3773 568/3791
f 1896/3792 1897/3793 1724/3794
f 1724/3794 1897/3793 1898/3795
f 1896/3792 1724/3794 1723/3796
f 1896/3792 1723/3796 1856/3797
f 1724/3794 1898/3795 1728/3798
f 1856/3797 1723/3796 1669/3799
f 1856/3797 1669/3799 1821/3800
f 1821/3800 1669/3799 1589/3801
f 1669/3799 1723/3796 1290/3802
f 1290/3802 1723/3796 1724/3794
f 1589/3801 1669/3799 1287/3803
f 1287/3803 1669/3799 1290/3802
f 1589/3801 1287/3803 1197/3804
f 1670/3805 1728/3798 1898/3795
f 1670/3805 1898/3795 1857/3806
f 1670/3805 1857/3806 1667/3807
f 1197/3804 1287/3803 620/3808
f 620/3808 1287/3803 1290/3802
f 1197/3804 620/3808 616/3809
f 1197/3804 616/3809 1108/3810
f 616/3809 620/3808 623/3811
f 623/3811 620/3808 1290/3802
f 616/3809 623/3811 621/3812
f 1670/3805 1667/3807 1198/3813
f 1198/3813 1667/3807 1588/3814
f 623/3811 1290/3802 1294/3815
f 1294/3815 1290/3802 1724/3794
f 621/3812 623/3811 624/3816
f 624/3816 623/3811 1294/3815
f 1294/3815 1724/3794 1295/3817
f 1294/3815 1295/3817 624/3816
f 1295/3817 1724/3794 1728/3798
f 1295/3817 1728/3798 1670/3805
f 624/3816 1295/3817 1288/3818
f 1288/3818 1295/3817 1670/3805
f 624/3816 1288/3818 621/3812
f 1288/3818 1670/3805 1198/3813
f 621/3812 1288/3818 617/3819
f 617/3819 1288/3818 1198/3813
f 621/3812 617/3819 614/3820
f 617/3819 1198/3813 1196/3821
f 617/3819 1196/3821 614/3820
f 2219/3822 2228/3823 2192/3824
f 2192/3824 2228/3823 2201/3825
f 2192/3824 2201/3825 2177/3826
f 2177/3826 2201/3825 2190/3827
f 2177/3826 2190/3827 2170/3828
f 2190/3827 2201/3825 2223/3829
f 2223/3829 2201/3825 2228/3823
f 2170/3828 2190/3827 2184/3830
f 2170/3828 2184/3830 2174/3831
f 2184/3830 2190/3827 2210/3832
f 2210/3832 2190/3827 2223/3829
f 2174/3831 2184/3830 2185/3833
f 2174/3831 2185/3833 2178/3834
f 2184/3830 2210/3832 2204/3835
f 2184/3830 2204/3835 2185/3833
f 2210/3832 2223/3829 2225/3836
f 2210/3832 2225/3836 2204/3835
f 2178/3834 2185/3833 2191/3837
f 2178/3834 2191/3837 2193/3838
f 2191/3837 2185/3833 2211/3839
f 2193/3838 2191/3837 2202/3840
f 2202/3840 2191/3837 2211/3839
f 2193/3838 2202/3840 2220/3841
f 2205/3842 2185/3833 2204/3835
f 2185/3833 2205/3842 2211/3839
f 2205/3842 2204/3835 2218/3843
f 2218/3843 2204/3835 2225/3836
f 2211/3839 2205/3842 2226/3844
f 2226/3844 2205/3842 2218/3843
f 2218/3843 2225/3836 2239/3845
f 2239/3845 2225/3836 2223/3829
f 2218/3843 2239/3845 2241/3846
f 2218/3843 2241/3846 2226/3844
f 2239/3845 2223/3829 2236/3847
f 2236/3847 2223/3829 2228/3823
f 2241/3846 2239/3845 2255/3848
f 2255/3848 2239/3845 2236/3847
f 2236/3847 2228/3823 2259/3849
f 2236/3847 2259/3849 2255/3848
f 2259/3849 2228/3823 2267/3850
f 2267/3850 2228/3823 2219/3822
f 2267/3850 2219/3822 2275/3851
f 2259/3849 2267/3850 2277/3852
f 2259/3849 2277/3852 2255/3848
f 2267/3850 2275/3851 2295/3853
f 2267/3850 2295/3853 2277/3852
f 2295/3853 2275/3851 2301/3854
f 2295/3853 2301/3854 2309/3855
f 2295/3853 2309/3855 2277/3852
f 2309/3855 2301/3854 2351/3856
f 2309/3855 2351/3856 2329/3857
f 2329/3857 2351/3856 2373/3858
f 2329/3857 2373/3858 2374/3859
f 2309/3855 2329/3857 2291/3860
f 2309/3855 2291/3860 2277/3852
f 2277/3852 2291/3860 2279/3861
f 2277/3852 2279/3861 2255/3848
f 2279/3861 2291/3860 2280/3862
f 2255/3848 2279/3861 2257/3863
f 2257/3863 2279/3861 2280/3862
f 2255/3848 2257/3863 2241/3846
f 2297/3864 2291/3860 2329/3857
f 2291/3860 2297/3864 2280/3862
f 2297/3864 2329/3857 2330/3865
f 2330/3865 2329/3857 2374/3859
f 2280/3862 2297/3864 2298/3866
f 2298/3866 2297/3864 2330/3865
f 2241/3846 2257/3863 2242/3867
f 2241/3846 2242/3867 2226/3844
f 2258/3868 2257/3863 2280/3862
f 2257/3863 2258/3868 2242/3867
f 2226/3844 2242/3867 2240/3869
f 2240/3869 2242/3867 2258/3868
f 2226/3844 2240/3869 2227/3870
f 2226/3844 2227/3870 2211/3839
f 2211/3839 2227/3870 2224/3871
f 2224/3871 2227/3870 2240/3869
f 2211/3839 2224/3871 2202/3840
f 2281/3872 2258/3868 2280/3862
f 2281/3872 2280/3862 2298/3866
f 2256/3873 2240/3869 2258/3868
f 2256/3873 2258/3868 2281/3872
f 2224/3871 2240/3869 2237/3874
f 2237/3874 2240/3869 2256/3873
f 2229/3875 2202/3840 2224/3871
f 2229/3875 2224/3871 2237/3874
f 2202/3840 2229/3875 2220/3841
f 2220/3841 2229/3875 2276/3876
f 2276/3876 2229/3875 2268/3877
f 2268/3877 2229/3875 2237/3874
f 2276/3876 2268/3877 2302/3878
f 2260/3879 2237/3874 2256/3873
f 2237/3874 2260/3879 2268/3877
f 2302/3878 2268/3877 2296/3880
f 2296/3880 2268/3877 2260/3879
f 2302/3878 2296/3880 2352/3881
f 2260/3879 2256/3873 2282/3882
f 2282/3882 2256/3873 2281/3872
f 2282/3882 2281/3872 2298/3866
f 2260/3879 2282/3882 2278/3883
f 2260/3879 2278/3883 2296/3880
f 2282/3882 2298/3866 2292/3884
f 2282/3882 2292/3884 2278/3883
f 2292/3884 2298/3866 2330/3865
f 2296/3880 2278/3883 2310/3885
f 2296/3880 2310/3885 2352/3881
f 2310/3885 2278/3883 2292/3884
f 2310/3885 2292/3884 2330/3865
f 2352/3881 2310/3885 2374/3859
f 2374/3859 2310/3885 2330/3865
f 2192/3886 2177/3887 2171/3888
f 2171/3888 2177/3887 2170/3889
f 2192/3886 2171/3888 2186/3890
f 2192/3886 2186/3890 2219/3891
f 2219/3891 2186/3890 2214/3892
f 2214/3892 2186/3890 2283/3893
f 2214/3892 2283/3893 2219/3891
f 2283/3893 2186/3890 2171/3888
f 2219/3891 2283/3893 2275/3894
f 2275/3894 2283/3893 2301/3895
f 2301/3895 2283/3893 2305/3896
f 2301/3895 2305/3896 2369/3897
f 2369/3897 2305/3896 2283/3893
f 2301/3895 2369/3897 2351/3898
f 2351/3898 2369/3897 2373/3899
f 2369/3897 2283/3893 2370/3900
f 2370/3900 2283/3893 2171/3888
f 2373/3899 2369/3897 2375/3901
f 2375/3901 2369/3897 2370/3900
f 2373/3899 2375/3901 2374/3902
f 2374/3902 2375/3901 2376/3903
f 2376/3903 2375/3901 2370/3900
f 2376/3903 2370/3900 2374/3902
f 2374/3902 2370/3900 2352/3904
f 2352/3904 2370/3900 2302/3905
f 2302/3905 2370/3900 2306/3906
f 2302/3905 2306/3906 2276/3907
f 2276/3907 2306/3906 2284/3908
f 2284/3908 2306/3906 2215/3909
f 2284/3908 2215/3909 2276/3907
f 2215/3909 2306/3906 2370/3900
f 2276/3907 2215/3909 2220/3910
f 2220/3910 2215/3909 2193/3911
f 2193/3911 2215/3909 2187/3912
f 2193/3911 2187/3912 2178/3913
f 2215/3909 2370/3900 2172/3914
f 2215/3909 2172/3914 2187/3912
f 2187/3912 2172/3914 2178/3913
f 2172/3914 2370/3900 2171/3888
f 2178/3913 2172/3914 2174/3915
f 2172/3914 2171/3888 2165/3916
f 2174/3915 2172/3914 2166/3917
f 2166/3917 2172/3914 2165/3916
f 2165/3916 2171/3888 2170/3889
f 2174/3915 2166/3917 2170/3889
f 2170/3889 2166/3917 2165/3916
