# Blender 5.0.1
# www.blender.org
mtllib tripo_convert_ba72d736-2627-445d-abcf-661d08204e6f.mtl
o tripo_node_ba72d736-2627-445d-abcf-661d08204e6f
v 0.036133 0.007812 -0.235352
v 0.038086 0.955078 0.286133
v 0.038086 0.960938 0.282227
v 0.038086 0.968750 0.280273
v 0.038086 0.974609 0.280273
v 0.038086 0.980469 0.280273
v 0.038086 0.986328 0.284180
v 0.038086 0.003906 0.237305
v 0.040039 0.951172 0.299805
v 0.040039 0.951172 -0.299805
v 0.040039 0.953125 0.290039
v 0.040039 0.955078 -0.293945
v 0.040039 0.960938 -0.291992
v 0.040039 0.966797 -0.288086
v 0.040039 0.974609 -0.288086
v 0.040039 0.980469 -0.288086
v 0.040039 0.986328 -0.291992
v 0.040039 0.990234 0.288086
v 0.040039 0.990234 -0.295898
v 0.041992 0.949219 -0.305664
v 0.041992 0.992188 0.297852
v 0.041992 0.992188 -0.305664
v 0.043945 0.830078 0.331055
v 0.043945 0.839844 0.325195
v 0.043945 0.847656 0.323242
v 0.043945 0.855469 0.325195
v 0.043945 0.863281 0.329102
v 0.043945 0.992188 0.309570
v 0.043945 0.992188 -0.317383
v 0.045898 0.818359 0.342773
v 0.045898 0.839844 -0.325195
v 0.045898 0.847656 -0.323242
v 0.045898 0.857422 -0.325195
v 0.045898 0.863281 -0.329102
v 0.045898 0.871094 0.334961
v 0.045898 0.875000 0.342773
v 0.045898 0.990234 0.321289
v 0.045898 0.992188 -0.327148
v 0.047852 0.808594 0.356445
v 0.047852 0.828125 -0.333008
v 0.047852 0.869141 -0.334961
v 0.047852 0.880859 0.348633
v 0.047852 0.884766 0.354492
v 0.047852 0.890625 0.358398
v 0.047852 0.986328 0.340820
v 0.047852 0.990234 0.331055
v 0.047852 0.990234 -0.338867
v 0.049805 0.796875 0.370117
v 0.049805 0.818359 -0.344727
v 0.049805 0.875000 -0.342773
v 0.049805 0.880859 -0.350586
v 0.049805 0.898438 0.362305
v 0.049805 0.906250 0.364258
v 0.049805 0.916016 0.366211
v 0.049805 0.929688 0.366211
v 0.049805 0.945312 0.364258
v 0.049805 0.957031 0.362305
v 0.049805 0.966797 0.358398
v 0.049805 0.976562 0.354492
v 0.049805 0.982422 0.348633
v 0.049805 0.988281 -0.346680
v 0.049805 0.009766 -0.317383
v 0.051758 0.783203 0.383789
v 0.051758 0.806641 -0.358398
v 0.051758 0.884766 -0.356445
v 0.051758 0.890625 -0.360352
v 0.051758 0.898438 -0.364258
v 0.051758 0.968750 -0.366211
v 0.051758 0.976562 -0.362305
v 0.051758 0.984375 -0.354492
v 0.051758 0.005859 0.319336
v 0.053711 0.769531 0.395508
v 0.053711 0.906250 -0.368164
v 0.053711 0.916016 -0.370117
v 0.053711 0.931641 -0.370117
v 0.053711 0.945312 -0.370117
v 0.053711 0.957031 -0.368164
v 0.055664 0.750000 0.403320
v 0.055664 0.796875 -0.372070
v 0.057617 0.722656 0.411133
v 0.057617 0.785156 -0.383789
v 0.057617 0.013672 -0.370117
v 0.059570 0.656250 0.415039
v 0.059570 0.769531 -0.395508
v 0.059570 0.019531 -0.383789
v 0.059570 0.007812 0.372070
v 0.061523 0.662109 -0.415039
v 0.061523 0.724609 -0.409180
v 0.061523 0.751953 -0.403320
v 0.061523 0.472656 0.416992
v 0.061523 0.205078 -0.415039
v 0.061523 0.193359 0.416992
v 0.061523 0.095703 0.415039
v 0.061523 0.074219 -0.409180
v 0.061523 0.066406 0.413086
v 0.061523 0.054688 -0.407227
v 0.061523 0.042969 -0.403320
v 0.061523 0.033203 -0.397461
v 0.061523 0.025391 -0.389648
v 0.061523 0.013672 0.383789
v 0.063477 0.482422 -0.416992
v 0.063477 0.105469 -0.413086
v 0.063477 0.048828 0.409180
v 0.063477 0.035156 0.405273
v 0.063477 0.025391 0.399414
v 0.063477 0.019531 0.391602
v 0.073242 0.005859 -0.217773
v 0.075195 0.001953 0.217773
v 0.081055 0.968750 0.270508
v 0.081055 0.974609 0.268555
v 0.083008 0.955078 0.274414
v 0.083008 0.958984 -0.280273
v 0.083008 0.960938 0.272461
v 0.083008 0.966797 -0.278320
v 0.083008 0.974609 -0.276367
v 0.083008 0.982422 0.270508
v 0.083008 0.982422 -0.278320
v 0.083008 0.986328 0.274414
v 0.084961 0.951172 0.280273
v 0.084961 0.951172 -0.288086
v 0.084961 0.955078 -0.282227
v 0.084961 0.988281 0.278320
v 0.084961 0.988281 -0.282227
v 0.084961 0.990234 -0.286133
v 0.086914 0.949219 0.288086
v 0.088867 0.949219 -0.293945
v 0.088867 0.990234 0.286133
v 0.088867 0.992188 -0.295898
v 0.092773 0.839844 0.313477
v 0.092773 0.847656 0.311523
v 0.092773 0.855469 0.313477
v 0.092773 0.990234 0.297852
v 0.092773 0.992188 -0.305664
v 0.094727 0.830078 0.317383
v 0.094727 0.847656 -0.311523
v 0.094727 0.863281 0.315430
v 0.096680 0.820312 0.329102
v 0.096680 0.839844 -0.311523
v 0.096680 0.855469 -0.313477
v 0.096680 0.863281 -0.317383
v 0.096680 0.869141 0.321289
v 0.096680 0.990234 0.307617
v 0.096680 0.990234 -0.315430
v 0.098633 0.828125 -0.319336
v 0.098633 0.869141 -0.321289
v 0.098633 0.875000 0.329102
v 0.098633 0.990234 -0.327148
v 0.100586 0.875000 -0.329102
v 0.100586 0.878906 0.334961
v 0.100586 0.988281 0.319336
v 0.102539 0.808594 0.342773
v 0.102539 0.818359 -0.329102
v 0.102539 0.884766 0.340820
v 0.102539 0.984375 0.329102
v 0.102539 0.986328 -0.334961
v 0.104492 0.878906 -0.336914
v 0.104492 0.890625 0.344727
v 0.104492 0.896484 0.348633
v 0.104492 0.980469 0.336914
v 0.104492 0.982422 -0.342773
v 0.104492 0.007812 -0.313477
v 0.106445 0.796875 0.356445
v 0.106445 0.806641 -0.342773
v 0.106445 0.884766 -0.342773
v 0.106445 0.890625 -0.346680
v 0.106445 0.906250 0.350586
v 0.106445 0.916016 0.352539
v 0.106445 0.929688 0.352539
v 0.106445 0.943359 0.350586
v 0.106445 0.957031 0.348633
v 0.106445 0.966797 0.344727
v 0.106445 0.974609 0.340820
v 0.106445 0.976562 -0.348633
v 0.108398 0.896484 -0.350586
v 0.108398 0.906250 -0.354492
v 0.108398 0.957031 -0.354492
v 0.108398 0.966797 -0.352539
v 0.108398 0.000000 0.313477
v 0.110352 0.785156 0.368164
v 0.110352 0.794922 -0.356445
v 0.110352 0.916016 -0.356445
v 0.110352 0.929688 -0.356445
v 0.110352 0.945312 -0.356445
v 0.110352 0.005859 -0.208008
v 0.112305 0.000000 0.208008
v 0.114258 0.769531 0.379883
v 0.114258 0.783203 -0.368164
v 0.116211 0.751953 0.389648
v 0.118164 0.011719 -0.354492
v 0.120117 0.722656 0.397461
v 0.120117 0.769531 -0.379883
v 0.122070 0.751953 -0.387695
v 0.122070 0.017578 -0.368164
v 0.124023 0.656250 0.401367
v 0.124023 0.960938 0.254883
v 0.124023 0.966797 0.252930
v 0.124023 0.966797 -0.260742
v 0.124023 0.972656 0.250977
v 0.124023 0.972656 -0.258789
v 0.124023 0.980469 0.252930
v 0.124023 0.980469 -0.260742
v 0.124023 0.025391 -0.374023
v 0.124023 0.001953 0.352539
v 0.125977 0.662109 -0.399414
v 0.125977 0.724609 -0.395508
v 0.125977 0.953125 -0.264648
v 0.125977 0.955078 0.256836
v 0.125977 0.958984 -0.262695
v 0.125977 0.986328 0.254883
v 0.125977 0.986328 -0.262695
v 0.125977 0.482422 -0.399414
v 0.125977 0.472656 0.401367
v 0.125977 0.193359 0.401367
v 0.125977 0.072266 -0.393555
v 0.125977 0.052734 -0.389648
v 0.125977 0.041016 -0.385742
v 0.125977 0.033203 -0.381836
v 0.127930 0.949219 -0.268555
v 0.127930 0.951172 0.260742
v 0.127930 0.988281 0.260742
v 0.127930 0.988281 -0.266602
v 0.127930 0.203125 -0.399414
v 0.127930 0.103516 -0.395508
v 0.127930 0.095703 0.397461
v 0.127930 0.062500 0.395508
v 0.127930 0.005859 0.366211
v 0.129883 0.042969 0.391602
v 0.129883 0.029297 0.385742
v 0.129883 0.019531 0.379883
v 0.129883 0.011719 0.374023
v 0.131836 0.949219 0.268555
v 0.131836 0.949219 -0.276367
v 0.133789 0.990234 0.268555
v 0.133789 0.990234 -0.276367
v 0.137695 0.990234 -0.286133
v 0.139648 0.839844 0.291992
v 0.139648 0.847656 0.291992
v 0.139648 0.855469 0.293945
v 0.139648 0.990234 0.278320
v 0.139648 0.005859 -0.188477
v 0.139648 0.000000 0.188477
v 0.141602 0.830078 0.297852
v 0.141602 0.839844 -0.291992
v 0.141602 0.847656 -0.291992
v 0.141602 0.863281 0.295898
v 0.143555 0.855469 -0.291992
v 0.143555 0.990234 -0.295898
v 0.145508 0.820312 0.305664
v 0.145508 0.830078 -0.297852
v 0.145508 0.863281 -0.297852
v 0.145508 0.869141 0.301758
v 0.145508 0.990234 0.288086
v 0.147461 0.869141 -0.303711
v 0.149414 0.818359 -0.307617
v 0.149414 0.875000 0.309570
v 0.149414 0.988281 0.297852
v 0.149414 0.988281 -0.305664
v 0.149414 0.007812 -0.284180
v 0.151367 0.808594 0.319336
v 0.151367 0.875000 -0.309570
v 0.151367 0.878906 0.315430
v 0.151367 0.000000 0.282227
v 0.153320 0.984375 0.307617
v 0.153320 0.986328 -0.313477
v 0.155273 0.806641 -0.319336
v 0.155273 0.878906 -0.315430
v 0.155273 0.884766 0.319336
v 0.157227 0.796875 0.331055
v 0.157227 0.884766 -0.319336
v 0.157227 0.890625 0.323242
v 0.157227 0.980469 0.313477
v 0.157227 0.982422 -0.321289
v 0.159180 0.890625 -0.325195
v 0.159180 0.896484 0.325195
v 0.159180 0.906250 0.329102
v 0.159180 0.966797 0.323242
v 0.159180 0.974609 0.319336
v 0.159180 0.974609 -0.327148
v 0.161133 0.896484 -0.329102
v 0.161133 0.916016 0.329102
v 0.161133 0.929688 0.329102
v 0.161133 0.943359 0.327148
v 0.161133 0.955078 0.325195
v 0.161133 0.960938 0.229492
v 0.161133 0.966797 0.227539
v 0.161133 0.966797 -0.329102
v 0.161133 0.972656 0.227539
v 0.163086 0.783203 0.342773
v 0.163086 0.794922 -0.331055
v 0.163086 0.906250 -0.331055
v 0.163086 0.916016 -0.333008
v 0.163086 0.929688 -0.334961
v 0.163086 0.945312 -0.333008
v 0.163086 0.955078 0.233398
v 0.163086 0.957031 -0.333008
v 0.163086 0.958984 -0.237305
v 0.163086 0.964844 -0.235352
v 0.163086 0.972656 -0.235352
v 0.163086 0.980469 0.229492
v 0.163086 0.980469 -0.237305
v 0.165039 0.953125 -0.239258
v 0.165039 0.986328 0.231445
v 0.165039 0.986328 -0.239258
v 0.166992 0.949219 -0.243164
v 0.166992 0.951172 0.237305
v 0.166992 0.988281 0.235352
v 0.166992 0.988281 -0.243164
v 0.166992 0.003906 -0.165039
v 0.166992 0.001953 0.165039
v 0.168945 0.769531 0.354492
v 0.168945 0.783203 -0.342773
v 0.170898 0.949219 0.243164
v 0.172852 0.947266 -0.250977
v 0.174805 0.751953 0.364258
v 0.174805 0.769531 -0.352539
v 0.174805 0.990234 0.243164
v 0.174805 0.990234 -0.250977
v 0.174805 0.011719 -0.331055
v 0.176758 0.001953 0.329102
v 0.178711 0.722656 0.372070
v 0.178711 0.751953 -0.362305
v 0.180664 0.990234 0.252930
v 0.180664 0.990234 -0.260742
v 0.180664 0.017578 -0.342773
v 0.182617 0.839844 0.264648
v 0.182617 0.849609 0.264648
v 0.182617 0.023438 -0.350586
v 0.182617 0.007812 0.340820
v 0.184570 0.656250 0.375977
v 0.184570 0.724609 -0.370117
v 0.184570 0.830078 0.268555
v 0.184570 0.839844 -0.264648
v 0.184570 0.847656 -0.262695
v 0.184570 0.855469 0.266602
v 0.184570 0.031250 -0.356445
v 0.184570 0.003906 -0.133789
v 0.184570 0.001953 0.133789
v 0.186523 0.662109 -0.372070
v 0.186523 0.855469 -0.264648
v 0.186523 0.863281 0.270508
v 0.186523 0.472656 0.375977
v 0.186523 0.193359 0.374023
v 0.186523 0.103516 -0.370117
v 0.186523 0.070312 -0.368164
v 0.186523 0.052734 -0.364258
v 0.186523 0.041016 -0.360352
v 0.186523 0.021484 0.354492
v 0.186523 0.013672 0.348633
v 0.188477 0.830078 -0.268555
v 0.188477 0.863281 -0.268555
v 0.188477 0.988281 0.262695
v 0.188477 0.990234 -0.270508
v 0.188477 0.482422 -0.374023
v 0.188477 0.203125 -0.372070
v 0.188477 0.095703 0.372070
v 0.188477 0.062500 0.368164
v 0.188477 0.042969 0.364258
v 0.188477 0.029297 0.358398
v 0.190430 0.820312 0.276367
v 0.190430 0.867188 0.274414
v 0.192383 0.820312 -0.276367
v 0.192383 0.869141 -0.274414
v 0.194336 0.873047 0.280273
v 0.194336 0.964844 0.198242
v 0.194336 0.972656 0.198242
v 0.194336 0.988281 0.270508
v 0.194336 0.988281 -0.278320
v 0.196289 0.808594 0.288086
v 0.196289 0.873047 -0.280273
v 0.196289 0.958984 0.200195
v 0.196289 0.964844 -0.206055
v 0.196289 0.972656 -0.206055
v 0.196289 0.978516 0.198242
v 0.196289 0.005859 -0.262695
v 0.196289 0.000000 0.262695
v 0.198242 0.878906 0.286133
v 0.198242 0.953125 0.202148
v 0.198242 0.957031 -0.208008
v 0.198242 0.980469 -0.208008
v 0.198242 0.982422 0.200195
v 0.198242 0.984375 0.278320
v 0.200195 0.808594 -0.286133
v 0.200195 0.878906 -0.286133
v 0.200195 0.949219 0.206055
v 0.200195 0.953125 -0.209961
v 0.200195 0.984375 -0.286133
v 0.200195 0.986328 -0.209961
v 0.202148 0.884766 0.290039
v 0.202148 0.949219 -0.211914
v 0.202148 0.980469 0.284180
v 0.202148 0.986328 0.204102
v 0.204102 0.794922 0.297852
v 0.204102 0.884766 -0.290039
v 0.204102 0.888672 0.293945
v 0.204102 0.980469 -0.291992
v 0.204102 0.988281 -0.211914
v 0.206055 0.890625 -0.293945
v 0.206055 0.974609 0.290039
v 0.208008 0.796875 -0.297852
v 0.208008 0.896484 0.295898
v 0.208008 0.947266 0.211914
v 0.208008 0.947266 -0.217773
v 0.208008 0.964844 0.293945
v 0.208008 0.974609 -0.295898
v 0.208008 0.003906 -0.104492
v 0.208008 0.001953 0.106445
v 0.209961 0.896484 -0.297852
v 0.209961 0.904297 0.297852
v 0.209961 0.906250 -0.301758
v 0.209961 0.914062 0.299805
v 0.209961 0.943359 0.297852
v 0.209961 0.955078 0.295898
v 0.209961 0.964844 -0.299805
v 0.209961 0.988281 -0.219727
v 0.211914 0.783203 0.309570
v 0.211914 0.916016 -0.303711
v 0.211914 0.927734 0.299805
v 0.211914 0.929688 -0.303711
v 0.211914 0.943359 -0.303711
v 0.211914 0.955078 -0.301758
v 0.211914 0.988281 0.211914
v 0.215820 0.783203 -0.307617
v 0.215820 0.003906 -0.069336
v 0.215820 0.001953 0.069336
v 0.219727 0.769531 0.319336
v 0.219727 0.841797 0.231445
v 0.219727 0.849609 0.231445
v 0.219727 0.988281 0.221680
v 0.219727 0.990234 -0.227539
v 0.221680 0.832031 0.235352
v 0.221680 0.841797 -0.229492
v 0.221680 0.849609 -0.229492
v 0.221680 0.855469 0.233398
v 0.223633 0.769531 -0.317383
v 0.223633 0.832031 -0.233398
v 0.223633 0.855469 -0.231445
v 0.223633 0.964844 0.165039
v 0.223633 0.970703 0.165039
v 0.223633 0.970703 -0.170898
v 0.223633 0.976562 0.165039
v 0.223633 0.009766 -0.297852
v 0.223633 0.003906 0.297852
v 0.225586 0.863281 0.237305
v 0.225586 0.957031 -0.172852
v 0.225586 0.958984 0.166992
v 0.225586 0.964844 -0.170898
v 0.225586 0.976562 -0.172852
v 0.227539 0.751953 0.329102
v 0.227539 0.820312 0.241211
v 0.227539 0.863281 -0.235352
v 0.227539 0.953125 0.168945
v 0.227539 0.980469 0.166992
v 0.227539 0.982422 -0.172852
v 0.227539 0.988281 0.227539
v 0.227539 0.988281 -0.235352
v 0.227539 0.005859 -0.221680
v 0.227539 0.001953 0.221680
v 0.229492 0.820312 -0.239258
v 0.229492 0.869141 0.241211
v 0.229492 0.951172 -0.174805
v 0.229492 0.001953 0.036133
v 0.229492 0.001953 -0.034180
v 0.231445 0.751953 -0.327148
v 0.231445 0.869141 -0.239258
v 0.231445 0.949219 0.170898
v 0.231445 0.949219 -0.176758
v 0.231445 0.015625 -0.309570
v 0.231445 0.009766 0.307617
v 0.231445 0.001953 0.000977
v 0.233398 0.722656 0.336914
v 0.233398 0.986328 0.168945
v 0.233398 0.986328 -0.176758
v 0.235352 0.808594 0.249023
v 0.235352 0.875000 0.247070
v 0.235352 0.986328 0.235352
v 0.235352 0.988281 -0.243164
v 0.235352 0.021484 -0.315430
v 0.235352 0.015625 0.313477
v 0.237305 0.724609 -0.334961
v 0.237305 0.875000 -0.245117
v 0.237305 0.947266 0.176758
v 0.239258 0.656250 0.340820
v 0.239258 0.808594 -0.249023
v 0.239258 0.878906 0.250977
v 0.239258 0.947266 -0.182617
v 0.239258 0.029297 -0.321289
v 0.239258 0.023438 0.319336
v 0.241211 0.984375 0.243164
v 0.241211 0.984375 -0.249023
v 0.241211 0.988281 -0.182617
v 0.241211 0.472656 0.340820
v 0.241211 0.050781 -0.329102
v 0.241211 0.039062 -0.325195
v 0.241211 0.031250 0.325195
v 0.243164 0.662109 -0.336914
v 0.243164 0.878906 -0.249023
v 0.243164 0.882812 0.254883
v 0.243164 0.988281 0.176758
v 0.243164 0.482422 -0.336914
v 0.243164 0.203125 -0.336914
v 0.243164 0.193359 0.338867
v 0.243164 0.103516 -0.334961
v 0.243164 0.070312 -0.333008
v 0.243164 0.062500 0.333008
v 0.243164 0.042969 0.329102
v 0.245117 0.796875 0.260742
v 0.245117 0.980469 0.247070
v 0.245117 0.980469 -0.254883
v 0.245117 0.093750 0.336914
v 0.247070 0.796875 -0.258789
v 0.247070 0.884766 -0.252930
v 0.247070 0.888672 0.256836
v 0.247070 0.964844 0.127930
v 0.247070 0.964844 -0.133789
v 0.247070 0.970703 0.125977
v 0.247070 0.970703 -0.133789
v 0.249023 0.888672 -0.256836
v 0.249023 0.957031 0.127930
v 0.249023 0.957031 -0.133789
v 0.249023 0.972656 0.252930
v 0.249023 0.976562 0.125977
v 0.249023 0.976562 -0.133789
v 0.250977 0.841797 0.192383
v 0.250977 0.841797 -0.190430
v 0.250977 0.849609 0.192383
v 0.250977 0.896484 0.258789
v 0.250977 0.951172 0.129883
v 0.250977 0.974609 -0.258789
v 0.250977 0.982422 0.127930
v 0.250977 0.982422 -0.133789
v 0.250977 0.988281 -0.190430
v 0.252930 0.832031 0.196289
v 0.252930 0.849609 -0.190430
v 0.252930 0.855469 0.194336
v 0.252930 0.896484 -0.260742
v 0.252930 0.904297 0.260742
v 0.252930 0.951172 -0.135742
v 0.252930 0.955078 0.258789
v 0.252930 0.964844 0.256836
v 0.252930 0.964844 -0.262695
v 0.252930 0.988281 0.182617
v 0.254883 0.783203 0.268555
v 0.254883 0.832031 -0.192383
v 0.254883 0.855469 -0.192383
v 0.254883 0.904297 -0.262695
v 0.254883 0.914062 0.262695
v 0.254883 0.927734 0.260742
v 0.254883 0.943359 0.260742
v 0.254883 0.943359 -0.264648
v 0.254883 0.947266 -0.137695
v 0.254883 0.949219 0.131836
v 0.254883 0.955078 -0.264648
v 0.256836 0.783203 -0.266602
v 0.256836 0.914062 -0.264648
v 0.256836 0.929688 -0.264648
v 0.256836 0.986328 0.129883
v 0.256836 0.986328 -0.137695
v 0.258789 0.822266 0.200195
v 0.258789 0.863281 0.198242
v 0.260742 0.822266 -0.198242
v 0.260742 0.863281 -0.196289
v 0.260742 0.988281 0.188477
v 0.260742 0.988281 -0.196289
v 0.262695 0.769531 0.278320
v 0.262695 0.947266 0.135742
v 0.262695 0.947266 -0.141602
v 0.264648 0.869141 0.202148
v 0.264648 0.962891 0.084961
v 0.264648 0.962891 -0.090820
v 0.264648 0.970703 0.084961
v 0.264648 0.970703 -0.090820
v 0.264648 0.003906 -0.188477
v 0.264648 0.001953 0.188477
v 0.266602 0.769531 -0.276367
v 0.266602 0.869141 -0.200195
v 0.266602 0.957031 0.086914
v 0.266602 0.957031 -0.092773
v 0.266602 0.976562 -0.092773
v 0.266602 0.978516 0.086914
v 0.266602 0.988281 0.135742
v 0.266602 0.988281 -0.141602
v 0.266602 0.009766 -0.258789
v 0.266602 0.003906 0.258789
v 0.268555 0.810547 0.208008
v 0.268555 0.951172 0.086914
v 0.268555 0.951172 -0.092773
v 0.268555 0.982422 -0.092773
v 0.268555 0.986328 0.194336
v 0.268555 0.986328 -0.202148
v 0.270508 0.542969 0.321289
v 0.270508 0.548828 -0.317383
v 0.270508 0.599609 0.319336
v 0.270508 0.810547 -0.204102
v 0.270508 0.873047 0.206055
v 0.270508 0.984375 0.086914
v 0.270508 0.400391 0.321289
v 0.272461 0.603516 -0.317383
v 0.272461 0.751953 0.288086
v 0.272461 0.875000 -0.204102
v 0.272461 0.947266 0.088867
v 0.272461 0.947266 -0.094727
v 0.272461 0.404297 -0.319336
v 0.272461 0.261719 -0.319336
v 0.272461 0.255859 0.319336
v 0.272461 0.199219 0.319336
v 0.274414 0.607422 0.317383
v 0.274414 0.613281 -0.315430
v 0.274414 0.751953 -0.284180
v 0.274414 0.841797 0.151367
v 0.274414 0.878906 0.208008
v 0.274414 0.962891 0.041992
v 0.274414 0.962891 -0.047852
v 0.274414 0.970703 0.041992
v 0.274414 0.970703 -0.047852
v 0.274414 0.986328 0.088867
v 0.274414 0.986328 -0.094727
v 0.274414 0.205078 -0.317383
v 0.276367 0.841797 -0.147461
v 0.276367 0.849609 0.151367
v 0.276367 0.849609 -0.147461
v 0.276367 0.878906 -0.208008
v 0.276367 0.957031 0.041992
v 0.276367 0.957031 -0.047852
v 0.276367 0.976562 0.041992
v 0.276367 0.976562 -0.047852
v 0.276367 0.984375 0.200195
v 0.276367 0.984375 -0.208008
v 0.276367 0.195312 -0.315430
v 0.276367 0.189453 0.317383
v 0.276367 0.009766 0.266602
v 0.278320 0.613281 0.315430
v 0.278320 0.617188 -0.311523
v 0.278320 0.796875 0.215820
v 0.278320 0.833984 0.151367
v 0.278320 0.833984 -0.149414
v 0.278320 0.855469 0.151367
v 0.278320 0.951172 0.043945
v 0.278320 0.962891 -0.002930
v 0.278320 0.970703 -0.002930
v 0.278320 0.982422 -0.049805
v 0.278320 0.988281 0.139648
v 0.278320 0.988281 -0.147461
v 0.278320 0.013672 -0.268555
v 0.280273 0.615234 0.313477
v 0.280273 0.621094 -0.309570
v 0.280273 0.722656 0.293945
v 0.280273 0.796875 -0.211914
v 0.280273 0.855469 -0.147461
v 0.280273 0.882812 0.211914
v 0.280273 0.947266 0.092773
v 0.280273 0.947266 -0.096680
v 0.280273 0.951172 -0.047852
v 0.280273 0.957031 -0.002930
v 0.280273 0.976562 -0.002930
v 0.280273 0.980469 0.206055
v 0.280273 0.982422 0.041992
v 0.280273 0.189453 -0.313477
v 0.280273 0.185547 0.315430
v 0.280273 0.183594 0.313477
v 0.282227 0.882812 -0.209961
v 0.282227 0.951172 -0.002930
v 0.282227 0.980469 -0.002930
v 0.282227 0.980469 -0.211914
v 0.282227 0.187500 -0.311523
v 0.282227 0.181641 0.311523
v 0.282227 0.021484 -0.274414
v 0.282227 0.017578 0.272461
v 0.284180 0.619141 0.309570
v 0.284180 0.623047 -0.307617
v 0.284180 0.724609 -0.290039
v 0.284180 0.822266 0.155273
v 0.284180 0.822266 -0.151367
v 0.284180 0.861328 0.153320
v 0.284180 0.863281 -0.151367
v 0.284180 0.888672 0.213867
v 0.284180 0.888672 -0.213867
v 0.284180 0.947266 0.043945
v 0.284180 0.947266 -0.047852
v 0.284180 0.988281 0.090820
v 0.284180 0.003906 0.141602
v 0.284180 0.003906 -0.141602
v 0.286133 0.542969 0.307617
v 0.286133 0.548828 -0.305664
v 0.286133 0.599609 0.307617
v 0.286133 0.603516 -0.305664
v 0.286133 0.972656 0.209961
v 0.286133 0.972656 -0.215820
v 0.286133 0.986328 0.041992
v 0.286133 0.986328 -0.049805
v 0.286133 0.988281 -0.098633
v 0.286133 0.400391 0.307617
v 0.286133 0.185547 -0.307617
v 0.286133 0.179688 0.309570
v 0.286133 0.029297 -0.278320
v 0.286133 0.023438 0.278320
v 0.288086 0.609375 0.305664
v 0.288086 0.613281 -0.303711
v 0.288086 0.621094 0.305664
v 0.288086 0.626953 -0.303711
v 0.288086 0.896484 0.215820
v 0.288086 0.896484 -0.215820
v 0.288086 0.947266 -0.002930
v 0.288086 0.988281 0.145508
v 0.288086 0.988281 -0.153320
v 0.288086 0.404297 -0.305664
v 0.288086 0.261719 -0.305664
v 0.288086 0.255859 0.307617
v 0.288086 0.205078 -0.305664
v 0.288086 0.199219 0.307617
v 0.288086 0.039062 -0.284180
v 0.288086 0.031250 0.282227
v 0.290039 0.615234 0.305664
v 0.290039 0.619141 -0.301758
v 0.290039 0.656250 0.297852
v 0.290039 0.783203 0.223633
v 0.290039 0.785156 -0.219727
v 0.290039 0.867188 0.157227
v 0.290039 0.904297 0.217773
v 0.290039 0.964844 0.211914
v 0.290039 0.964844 -0.217773
v 0.290039 0.986328 -0.004883
v 0.290039 0.195312 -0.303711
v 0.290039 0.189453 0.305664
v 0.290039 0.181641 -0.303711
v 0.290039 0.177734 0.305664
v 0.290039 0.050781 -0.286133
v 0.291992 0.619141 0.303711
v 0.291992 0.623047 -0.299805
v 0.291992 0.662109 -0.293945
v 0.291992 0.810547 0.161133
v 0.291992 0.869141 -0.153320
v 0.291992 0.904297 -0.217773
v 0.291992 0.914062 0.217773
v 0.291992 0.927734 0.217773
v 0.291992 0.941406 0.215820
v 0.291992 0.947266 0.045898
v 0.291992 0.947266 -0.049805
v 0.291992 0.955078 0.215820
v 0.291992 0.955078 -0.219727
v 0.291992 0.480469 -0.293945
v 0.291992 0.472656 0.297852
v 0.291992 0.201172 -0.293945
v 0.291992 0.193359 0.295898
v 0.291992 0.189453 -0.301758
v 0.291992 0.185547 0.303711
v 0.291992 0.101562 -0.291992
v 0.291992 0.070312 -0.290039
v 0.291992 0.042969 0.286133
v 0.293945 0.621094 0.301758
v 0.293945 0.623047 0.299805
v 0.293945 0.625000 -0.299805
v 0.293945 0.810547 -0.157227
v 0.293945 0.841797 0.104492
v 0.293945 0.841797 -0.098633
v 0.293945 0.847656 0.104492
v 0.293945 0.847656 -0.098633
v 0.293945 0.914062 -0.219727
v 0.293945 0.927734 -0.219727
v 0.293945 0.943359 -0.219727
v 0.293945 0.187500 -0.301758
v 0.293945 0.181641 0.303711
v 0.293945 0.093750 0.293945
v 0.293945 0.060547 0.290039
v 0.295898 0.626953 -0.297852
v 0.295898 0.833984 0.104492
v 0.295898 0.833984 -0.100586
v 0.295898 0.855469 0.104492
v 0.295898 0.855469 -0.100586
v 0.295898 0.947266 -0.002930
v 0.295898 0.986328 -0.157227
v 0.295898 0.988281 0.043945
v 0.295898 0.988281 -0.051758
v 0.295898 0.988281 -0.100586
v 0.295898 0.183594 -0.299805
v 0.295898 0.179688 0.301758
v 0.295898 0.175781 0.299805
v 0.297852 0.873047 0.159180
v 0.297852 0.986328 0.149414
v 0.297852 0.988281 0.094727
v 0.297852 0.179688 -0.297852
v 0.299805 0.769531 0.231445
v 0.299805 0.824219 0.106445
v 0.299805 0.875000 -0.157227
v 0.301758 0.542969 0.291992
v 0.301758 0.599609 0.291992
v 0.301758 0.771484 -0.227539
v 0.301758 0.824219 -0.102539
v 0.301758 0.861328 0.106445
v 0.301758 0.861328 -0.102539
v 0.301758 0.988281 -0.004883
v 0.303711 0.548828 -0.290039
v 0.303711 0.603516 -0.290039
v 0.303711 0.609375 0.291992
v 0.303711 0.613281 -0.288086
v 0.303711 0.615234 0.290039
v 0.303711 0.619141 0.290039
v 0.303711 0.619141 -0.288086
v 0.303711 0.623047 0.290039
v 0.303711 0.625000 0.290039
v 0.303711 0.796875 0.166992
v 0.303711 0.798828 -0.163086
v 0.303711 0.841797 0.053711
v 0.303711 0.841797 -0.049805
v 0.303711 0.847656 -0.049805
v 0.303711 0.878906 0.161133
v 0.303711 0.984375 0.155273
v 0.303711 0.984375 -0.161133
v 0.303711 0.404297 -0.290039
v 0.303711 0.400391 0.291992
v 0.303711 0.259766 -0.290039
v 0.303711 0.255859 0.291992
v 0.303711 0.205078 -0.290039
v 0.303711 0.199219 0.291992
v 0.303711 0.005859 0.213867
v 0.305664 0.623047 -0.286133
v 0.305664 0.625000 -0.286133
v 0.305664 0.626953 -0.286133
v 0.305664 0.833984 0.053711
v 0.305664 0.833984 -0.049805
v 0.305664 0.847656 0.053711
v 0.305664 0.878906 -0.159180
v 0.305664 0.193359 -0.288086
v 0.305664 0.189453 0.290039
v 0.305664 0.189453 -0.288086
v 0.305664 0.183594 0.290039
v 0.305664 0.007812 -0.213867
v 0.307617 0.841797 0.002930
v 0.307617 0.853516 0.053711
v 0.307617 0.853516 -0.049805
v 0.307617 0.865234 0.106445
v 0.307617 0.882812 0.165039
v 0.307617 0.986328 0.098633
v 0.307617 0.988281 -0.053711
v 0.307617 0.988281 -0.104492
v 0.307617 0.183594 -0.288086
v 0.307617 0.179688 0.290039
v 0.307617 0.179688 -0.288086
v 0.307617 0.175781 0.290039
v 0.309570 0.751953 0.239258
v 0.309570 0.812500 0.110352
v 0.309570 0.812500 -0.106445
v 0.309570 0.833984 0.002930
v 0.309570 0.847656 0.000977
v 0.309570 0.867188 -0.104492
v 0.309570 0.882812 -0.163086
v 0.309570 0.988281 0.045898
v 0.309570 0.001953 0.098633
v 0.309570 0.001953 -0.098633
v 0.311523 0.753906 -0.235352
v 0.311523 0.824219 0.055664
v 0.311523 0.824219 -0.051758
v 0.311523 0.853516 0.000977
v 0.311523 0.888672 0.165039
v 0.311523 0.978516 0.159180
v 0.311523 0.978516 -0.165039
v 0.313477 0.859375 0.053711
v 0.313477 0.859375 -0.049805
v 0.313477 0.888672 -0.165039
v 0.313477 0.988281 -0.004883
v 0.313477 0.003906 -0.047852
v 0.313477 0.001953 0.047852
v 0.315430 0.783203 0.174805
v 0.315430 0.824219 0.002930
v 0.315430 0.859375 0.000977
v 0.315430 0.871094 0.108398
v 0.315430 0.972656 0.161133
v 0.315430 0.972656 -0.166992
v 0.315430 0.009766 0.221680
v 0.317383 0.785156 -0.168945
v 0.317383 0.873047 -0.106445
v 0.317383 0.894531 0.166992
v 0.317383 0.896484 -0.166992
v 0.317383 0.986328 0.102539
v 0.317383 0.986328 -0.108398
v 0.317383 0.013672 -0.221680
v 0.319336 0.722656 0.245117
v 0.319336 0.865234 0.055664
v 0.319336 0.867188 -0.051758
v 0.319336 0.904297 0.168945
v 0.319336 0.964844 0.163086
v 0.319336 0.964844 -0.168945
v 0.319336 0.986328 0.047852
v 0.319336 0.986328 -0.055664
v 0.321289 0.724609 -0.241211
v 0.321289 0.798828 0.116211
v 0.321289 0.798828 -0.110352
v 0.321289 0.810547 0.057617
v 0.321289 0.812500 -0.053711
v 0.321289 0.904297 -0.168945
v 0.321289 0.914062 0.168945
v 0.321289 0.953125 0.165039
v 0.321289 0.955078 -0.170898
v 0.323242 0.542969 0.268555
v 0.323242 0.546875 -0.264648
v 0.323242 0.599609 0.268555
v 0.323242 0.603516 -0.264648
v 0.323242 0.609375 0.268555
v 0.323242 0.613281 -0.264648
v 0.323242 0.615234 0.268555
v 0.323242 0.619141 -0.264648
v 0.323242 0.621094 0.268555
v 0.323242 0.623047 0.268555
v 0.323242 0.623047 -0.264648
v 0.323242 0.625000 0.268555
v 0.323242 0.625000 -0.264648
v 0.323242 0.626953 -0.264648
v 0.323242 0.865234 0.000977
v 0.323242 0.876953 0.110352
v 0.323242 0.914062 -0.168945
v 0.323242 0.927734 0.168945
v 0.323242 0.927734 -0.170898
v 0.323242 0.941406 0.166992
v 0.323242 0.941406 -0.170898
v 0.323242 0.986328 -0.004883
v 0.323242 0.400391 0.266602
v 0.323242 0.019531 -0.227539
v 0.323242 0.017578 0.225586
v 0.325195 0.812500 0.002930
v 0.325195 0.878906 -0.108398
v 0.325195 0.982422 0.104492
v 0.325195 0.982422 -0.110352
v 0.325195 0.404297 -0.264648
v 0.325195 0.259766 -0.264648
v 0.325195 0.255859 0.266602
v 0.325195 0.203125 -0.264648
v 0.325195 0.199219 0.266602
v 0.325195 0.193359 -0.264648
v 0.325195 0.189453 0.266602
v 0.325195 0.187500 -0.264648
v 0.325195 0.183594 0.266602
v 0.325195 0.183594 -0.264648
v 0.325195 0.179688 0.266602
v 0.325195 0.179688 -0.264648
v 0.325195 0.175781 0.266602
v 0.327148 0.769531 0.180664
v 0.327148 0.871094 0.055664
v 0.327148 0.027344 -0.231445
v 0.327148 0.023438 0.229492
v 0.327148 0.001953 0.000977
v 0.329102 0.771484 -0.174805
v 0.329102 0.873047 -0.053711
v 0.329102 0.882812 0.112305
v 0.329102 0.882812 -0.110352
v 0.329102 0.986328 0.049805
v 0.329102 0.986328 -0.057617
v 0.329102 0.037109 -0.235352
v 0.331055 0.654297 0.247070
v 0.331055 0.871094 0.000977
v 0.331055 0.978516 -0.112305
v 0.331055 0.048828 -0.237305
v 0.331055 0.031250 0.233398
v 0.333008 0.660156 -0.243164
v 0.333008 0.798828 0.059570
v 0.333008 0.798828 -0.055664
v 0.333008 0.888672 0.114258
v 0.333008 0.978516 0.106445
v 0.333008 0.986328 -0.004883
v 0.333008 0.472656 0.247070
v 0.333008 0.201172 -0.243164
v 0.333008 0.101562 -0.241211
v 0.333008 0.068359 -0.239258
v 0.333008 0.042969 0.237305
v 0.334961 0.785156 0.120117
v 0.334961 0.785156 -0.116211
v 0.334961 0.876953 0.057617
v 0.334961 0.888672 -0.112305
v 0.334961 0.480469 -0.243164
v 0.334961 0.193359 0.247070
v 0.334961 0.060547 0.239258
v 0.334961 0.007812 -0.165039
v 0.334961 0.003906 0.165039
v 0.336914 0.798828 0.002930
v 0.336914 0.876953 -0.053711
v 0.336914 0.972656 0.108398
v 0.336914 0.972656 -0.114258
v 0.336914 0.982422 0.051758
v 0.336914 0.982422 -0.057617
v 0.336914 0.093750 0.243164
v 0.338867 0.751953 0.186523
v 0.338867 0.876953 0.000977
v 0.338867 0.894531 0.114258
v 0.338867 0.894531 -0.112305
v 0.340820 0.753906 -0.180664
v 0.340820 0.882812 0.057617
v 0.340820 0.904297 0.114258
v 0.340820 0.964844 0.110352
v 0.340820 0.964844 -0.116211
v 0.340820 0.982422 -0.002930
v 0.342773 0.882812 -0.055664
v 0.342773 0.904297 -0.114258
v 0.342773 0.953125 0.112305
v 0.342773 0.955078 -0.116211
v 0.344727 0.542969 0.237305
v 0.344727 0.546875 -0.235352
v 0.344727 0.599609 0.237305
v 0.344727 0.603516 -0.233398
v 0.344727 0.609375 0.237305
v 0.344727 0.613281 -0.233398
v 0.344727 0.615234 0.237305
v 0.344727 0.619141 -0.233398
v 0.344727 0.621094 0.237305
v 0.344727 0.623047 0.237305
v 0.344727 0.623047 -0.233398
v 0.344727 0.625000 0.237305
v 0.344727 0.625000 -0.233398
v 0.344727 0.626953 -0.233398
v 0.344727 0.914062 0.114258
v 0.344727 0.914062 -0.116211
v 0.344727 0.927734 0.114258
v 0.344727 0.927734 -0.116211
v 0.344727 0.941406 0.114258
v 0.344727 0.941406 -0.116211
v 0.344727 0.978516 0.051758
v 0.344727 0.978516 -0.059570
v 0.344727 0.400391 0.237305
v 0.346680 0.785156 0.061523
v 0.346680 0.785156 -0.057617
v 0.346680 0.880859 0.000977
v 0.346680 0.886719 0.057617
v 0.346680 0.888672 -0.055664
v 0.346680 0.404297 -0.235352
v 0.346680 0.259766 -0.235352
v 0.346680 0.255859 0.237305
v 0.346680 0.203125 -0.235352
v 0.346680 0.199219 0.237305
v 0.346680 0.193359 -0.235352
v 0.346680 0.189453 0.237305
v 0.346680 0.187500 -0.235352
v 0.346680 0.183594 0.237305
v 0.346680 0.183594 -0.235352
v 0.346680 0.179688 0.237305
v 0.346680 0.179688 -0.235352
v 0.346680 0.175781 0.237305
v 0.348633 0.769531 0.124023
v 0.348633 0.771484 -0.120117
v 0.348633 0.978516 -0.002930
v 0.348633 0.011719 -0.170898
v 0.348633 0.009766 0.170898
v 0.350586 0.722656 0.190430
v 0.350586 0.785156 0.002930
v 0.350586 0.886719 0.000977
v 0.350586 0.894531 0.057617
v 0.350586 0.972656 0.053711
v 0.350586 0.972656 -0.059570
v 0.352539 0.724609 -0.186523
v 0.352539 0.894531 -0.057617
v 0.354492 0.904297 0.057617
v 0.354492 0.964844 0.055664
v 0.354492 0.964844 -0.059570
v 0.354492 0.972656 -0.002930
v 0.354492 0.019531 -0.174805
v 0.354492 0.017578 0.172852
v 0.356445 0.894531 0.000977
v 0.356445 0.904297 -0.057617
v 0.356445 0.953125 0.055664
v 0.356445 0.955078 -0.059570
v 0.356445 0.005859 0.112305
v 0.358398 0.914062 0.057617
v 0.358398 0.914062 -0.057617
v 0.358398 0.927734 0.057617
v 0.358398 0.927734 -0.059570
v 0.358398 0.941406 0.057617
v 0.358398 0.941406 -0.059570
v 0.358398 0.964844 -0.002930
v 0.358398 0.005859 -0.112305
v 0.360352 0.751953 0.127930
v 0.360352 0.753906 -0.124023
v 0.360352 0.771484 0.065430
v 0.360352 0.771484 -0.059570
v 0.360352 0.904297 0.000977
v 0.360352 0.027344 -0.176758
v 0.360352 0.023438 0.176758
v 0.362305 0.914062 -0.000977
v 0.362305 0.941406 -0.000977
v 0.362305 0.955078 -0.000977
v 0.362305 0.035156 -0.180664
v 0.362305 0.033203 0.180664
v 0.364258 0.542969 0.206055
v 0.364258 0.546875 -0.202148
v 0.364258 0.599609 0.206055
v 0.364258 0.603516 -0.202148
v 0.364258 0.609375 0.206055
v 0.364258 0.613281 -0.202148
v 0.364258 0.617188 0.206055
v 0.364258 0.619141 -0.202148
v 0.364258 0.621094 0.206055
v 0.364258 0.623047 0.206055
v 0.364258 0.623047 -0.202148
v 0.364258 0.625000 0.206055
v 0.364258 0.625000 -0.202148
v 0.364258 0.626953 -0.202148
v 0.364258 0.654297 0.192383
v 0.364258 0.660156 -0.186523
v 0.364258 0.771484 0.002930
v 0.364258 0.927734 -0.000977
v 0.364258 0.400391 0.206055
v 0.364258 0.048828 -0.182617
v 0.366211 0.472656 0.192383
v 0.366211 0.404297 -0.202148
v 0.366211 0.259766 -0.202148
v 0.366211 0.255859 0.206055
v 0.366211 0.203125 -0.202148
v 0.366211 0.201172 0.206055
v 0.366211 0.201172 -0.186523
v 0.366211 0.193359 0.190430
v 0.366211 0.193359 -0.202148
v 0.366211 0.189453 0.206055
v 0.366211 0.187500 -0.202148
v 0.366211 0.183594 0.206055
v 0.366211 0.183594 -0.202148
v 0.366211 0.179688 0.206055
v 0.366211 0.179688 -0.202148
v 0.366211 0.175781 0.206055
v 0.366211 0.099609 -0.184570
v 0.366211 0.066406 -0.184570
v 0.366211 0.042969 0.182617
v 0.368164 0.480469 -0.186523
v 0.368164 0.060547 0.184570
v 0.370117 0.093750 0.188477
v 0.372070 0.011719 -0.116211
v 0.372070 0.009766 0.116211
v 0.372070 0.005859 -0.055664
v 0.372070 0.003906 0.057617
v 0.374023 0.722656 0.131836
v 0.374023 0.724609 -0.125977
v 0.374023 0.753906 0.067383
v 0.374023 0.753906 -0.061523
v 0.375977 0.005859 0.000977
v 0.377930 0.017578 0.118164
v 0.379883 0.544922 0.174805
v 0.379883 0.599609 0.174805
v 0.379883 0.603516 -0.170898
v 0.379883 0.611328 0.174805
v 0.379883 0.613281 -0.170898
v 0.379883 0.617188 0.174805
v 0.379883 0.619141 -0.170898
v 0.379883 0.621094 0.174805
v 0.379883 0.623047 0.174805
v 0.379883 0.623047 -0.170898
v 0.379883 0.625000 0.174805
v 0.379883 0.625000 -0.170898
v 0.379883 0.626953 -0.170898
v 0.379883 0.753906 0.002930
v 0.379883 0.017578 -0.118164
v 0.381836 0.546875 -0.170898
v 0.381836 0.402344 -0.170898
v 0.381836 0.400391 0.174805
v 0.381836 0.259766 -0.170898
v 0.381836 0.255859 0.174805
v 0.381836 0.203125 -0.170898
v 0.381836 0.201172 0.172852
v 0.381836 0.193359 -0.170898
v 0.381836 0.189453 0.172852
v 0.381836 0.187500 -0.170898
v 0.381836 0.183594 0.172852
v 0.381836 0.183594 -0.170898
v 0.381836 0.179688 0.172852
v 0.381836 0.175781 0.172852
v 0.383789 0.177734 -0.170898
v 0.383789 0.025391 -0.120117
v 0.383789 0.023438 0.120117
v 0.385742 0.011719 -0.057617
v 0.385742 0.009766 0.059570
v 0.387695 0.722656 0.067383
v 0.387695 0.724609 -0.063477
v 0.387695 0.035156 -0.122070
v 0.387695 0.033203 0.122070
v 0.389648 0.656250 0.131836
v 0.389648 0.658203 -0.125977
v 0.389648 0.046875 -0.124023
v 0.391602 0.478516 -0.125977
v 0.391602 0.474609 0.131836
v 0.391602 0.199219 -0.125977
v 0.391602 0.193359 0.129883
v 0.391602 0.099609 -0.125977
v 0.391602 0.093750 0.127930
v 0.391602 0.066406 -0.124023
v 0.391602 0.044922 0.124023
v 0.391602 0.009766 0.000977
v 0.393555 0.544922 0.141602
v 0.393555 0.546875 -0.137695
v 0.393555 0.599609 0.141602
v 0.393555 0.601562 -0.137695
v 0.393555 0.611328 0.141602
v 0.393555 0.613281 -0.137695
v 0.393555 0.617188 0.141602
v 0.393555 0.619141 -0.137695
v 0.393555 0.621094 0.141602
v 0.393555 0.623047 0.141602
v 0.393555 0.623047 -0.137695
v 0.393555 0.625000 0.141602
v 0.393555 0.625000 -0.137695
v 0.393555 0.626953 -0.137695
v 0.393555 0.724609 0.002930
v 0.393555 0.400391 0.141602
v 0.393555 0.062500 0.125977
v 0.393555 0.017578 0.059570
v 0.393555 0.017578 -0.059570
v 0.395508 0.402344 -0.137695
v 0.395508 0.259766 -0.137695
v 0.395508 0.255859 0.141602
v 0.395508 0.203125 -0.137695
v 0.395508 0.201172 0.141602
v 0.395508 0.191406 -0.137695
v 0.395508 0.189453 0.141602
v 0.395508 0.187500 -0.137695
v 0.395508 0.185547 0.141602
v 0.395508 0.181641 -0.137695
v 0.395508 0.179688 0.141602
v 0.395508 0.177734 -0.137695
v 0.395508 0.175781 0.141602
v 0.397461 0.025391 -0.061523
v 0.397461 0.023438 0.061523
v 0.399414 0.017578 0.000977
v 0.401367 0.033203 0.063477
v 0.401367 0.033203 -0.061523
v 0.403320 0.544922 0.108398
v 0.403320 0.546875 -0.104492
v 0.403320 0.601562 0.108398
v 0.403320 0.601562 -0.104492
v 0.403320 0.611328 0.108398
v 0.403320 0.613281 -0.104492
v 0.403320 0.617188 0.108398
v 0.403320 0.619141 -0.104492
v 0.403320 0.621094 0.108398
v 0.403320 0.623047 0.108398
v 0.403320 0.623047 -0.104492
v 0.403320 0.625000 0.108398
v 0.403320 0.625000 -0.104492
v 0.403320 0.626953 -0.104492
v 0.403320 0.656250 0.067383
v 0.403320 0.658203 -0.063477
v 0.403320 0.023438 0.000977
v 0.405273 0.402344 -0.104492
v 0.405273 0.400391 0.108398
v 0.405273 0.257812 0.106445
v 0.405273 0.257812 -0.104492
v 0.405273 0.203125 -0.104492
v 0.405273 0.201172 0.106445
v 0.405273 0.197266 -0.061523
v 0.405273 0.191406 0.106445
v 0.405273 0.191406 -0.104492
v 0.405273 0.185547 0.106445
v 0.405273 0.185547 -0.104492
v 0.405273 0.181641 -0.104492
v 0.405273 0.179688 0.106445
v 0.405273 0.177734 -0.104492
v 0.405273 0.175781 0.106445
v 0.405273 0.097656 -0.063477
v 0.405273 0.095703 0.065430
v 0.405273 0.044922 0.063477
v 0.405273 0.044922 -0.061523
v 0.407227 0.476562 -0.063477
v 0.407227 0.474609 0.067383
v 0.407227 0.195312 0.067383
v 0.407227 0.064453 -0.061523
v 0.407227 0.062500 0.065430
v 0.407227 0.033203 0.000977
v 0.409180 0.656250 0.002930
v 0.411133 0.544922 0.073242
v 0.411133 0.546875 -0.069336
v 0.411133 0.601562 0.073242
v 0.411133 0.601562 -0.069336
v 0.411133 0.611328 0.073242
v 0.411133 0.611328 -0.069336
v 0.411133 0.617188 0.073242
v 0.411133 0.617188 -0.069336
v 0.411133 0.621094 0.073242
v 0.411133 0.623047 -0.069336
v 0.411133 0.625000 0.073242
v 0.411133 0.625000 -0.069336
v 0.411133 0.626953 -0.069336
v 0.411133 0.476562 0.002930
v 0.411133 0.195312 0.002930
v 0.411133 0.095703 0.000977
v 0.411133 0.044922 0.000977
v 0.413086 0.402344 -0.069336
v 0.413086 0.400391 0.073242
v 0.413086 0.257812 0.073242
v 0.413086 0.257812 -0.069336
v 0.413086 0.203125 -0.069336
v 0.413086 0.201172 0.073242
v 0.413086 0.191406 0.073242
v 0.413086 0.191406 -0.069336
v 0.413086 0.185547 0.073242
v 0.413086 0.185547 -0.069336
v 0.413086 0.181641 0.073242
v 0.413086 0.181641 -0.069336
v 0.413086 0.177734 -0.069336
v 0.413086 0.175781 0.073242
v 0.413086 0.064453 0.000977
v 0.415039 0.601562 0.038086
v 0.415039 0.601562 -0.034180
v 0.415039 0.611328 0.038086
v 0.415039 0.611328 -0.034180
v 0.415039 0.617188 0.038086
v 0.415039 0.617188 -0.034180
v 0.415039 0.621094 0.038086
v 0.415039 0.623047 -0.034180
v 0.415039 0.625000 0.038086
v 0.415039 0.625000 -0.034180
v 0.415039 0.626953 -0.034180
v 0.416992 0.544922 0.000977
v 0.416992 0.544922 0.038086
v 0.416992 0.544922 -0.034180
v 0.416992 0.601562 0.000977
v 0.416992 0.611328 0.000977
v 0.416992 0.617188 0.000977
v 0.416992 0.621094 0.000977
v 0.416992 0.625000 0.000977
v 0.416992 0.402344 0.038086
v 0.416992 0.402344 -0.034180
v 0.416992 0.257812 0.036133
v 0.416992 0.257812 -0.034180
v 0.416992 0.201172 0.036133
v 0.416992 0.201172 -0.034180
v 0.418945 0.402344 0.000977
v 0.418945 0.257812 0.000977
v 0.418945 0.201172 0.000977
v 0.418945 0.191406 0.000977
v 0.418945 0.191406 0.036133
v 0.418945 0.191406 -0.034180
v 0.418945 0.185547 0.000977
v 0.418945 0.185547 0.036133
v 0.418945 0.185547 -0.034180
v 0.418945 0.181641 0.000977
v 0.418945 0.181641 0.036133
v 0.418945 0.181641 -0.034180
v 0.418945 0.177734 0.000977
v 0.418945 0.177734 0.036133
v 0.418945 0.177734 -0.034180
v -0.002930 0.662109 -0.420898
v -0.002930 0.726562 -0.413086
v -0.002930 0.751953 -0.407227
v -0.002930 0.771484 -0.399414
v -0.002930 0.785156 -0.389648
v -0.002930 0.796875 -0.375977
v -0.002930 0.482422 -0.422852
v -0.002930 0.205078 -0.422852
v -0.002930 0.044922 -0.409180
v -0.002930 0.035156 -0.403320
v -0.002930 0.027344 -0.395508
v -0.002930 0.021484 -0.387695
v -0.002930 0.015625 -0.375977
v -0.002930 0.009766 -0.231445
v -0.002930 0.009766 -0.333008
v -0.004883 0.656250 0.420898
v -0.004883 0.808594 -0.362305
v -0.004883 0.818359 -0.348633
v -0.004883 0.830078 -0.336914
v -0.004883 0.839844 -0.329102
v -0.004883 0.849609 -0.329102
v -0.004883 0.857422 -0.329102
v -0.004883 0.863281 -0.333008
v -0.004883 0.869141 -0.338867
v -0.004883 0.875000 -0.346680
v -0.004883 0.880859 -0.354492
v -0.004883 0.884766 -0.360352
v -0.004883 0.890625 -0.364258
v -0.004883 0.898438 -0.370117
v -0.004883 0.908203 -0.372070
v -0.004883 0.917969 -0.374023
v -0.004883 0.931641 -0.375977
v -0.004883 0.945312 -0.374023
v -0.004883 0.958984 -0.374023
v -0.004883 0.968750 -0.370117
v -0.004883 0.974609 -0.291992
v -0.004883 0.978516 -0.366211
v -0.004883 0.980469 -0.291992
v -0.004883 0.984375 -0.358398
v -0.004883 0.986328 -0.293945
v -0.004883 0.988281 -0.352539
v -0.004883 0.990234 -0.299805
v -0.004883 0.992188 -0.309570
v -0.004883 0.992188 -0.331055
v -0.004883 0.992188 -0.342773
v -0.004883 0.994141 -0.319336
v -0.004883 0.474609 0.420898
v -0.004883 0.193359 0.422852
v -0.004883 0.105469 -0.418945
v -0.004883 0.097656 0.422852
v -0.004883 0.074219 -0.416992
v -0.004883 0.068359 0.420898
v -0.004883 0.056641 -0.413086
v -0.004883 0.052734 0.418945
v -0.004883 0.041016 0.413086
v -0.004883 0.031250 0.407227
v -0.004883 0.023438 0.401367
v -0.004883 0.017578 0.393555
v -0.004883 0.013672 0.379883
v -0.004883 0.007812 0.002930
v -0.004883 0.007812 0.237305
v -0.004883 0.007812 0.336914
v -0.006836 0.722656 0.413086
v -0.006836 0.750000 0.407227
v -0.006836 0.769531 0.399414
v -0.006836 0.783203 0.387695
v -0.006836 0.796875 0.375977
v -0.006836 0.806641 0.362305
v -0.006836 0.818359 0.348633
v -0.006836 0.830078 0.336914
v -0.006836 0.839844 0.329102
v -0.006836 0.847656 0.329102
v -0.006836 0.855469 0.329102
v -0.006836 0.863281 0.333008
v -0.006836 0.951172 0.303711
v -0.006836 0.951172 -0.303711
v -0.006836 0.951172 -0.311523
v -0.006836 0.953125 0.295898
v -0.006836 0.955078 -0.297852
v -0.006836 0.957031 0.290039
v -0.006836 0.960938 -0.295898
v -0.006836 0.962891 0.286133
v -0.006836 0.968750 0.284180
v -0.006836 0.968750 -0.291992
v -0.006836 0.976562 0.284180
v -0.006836 0.982422 0.284180
v -0.006836 0.982422 0.352539
v -0.006836 0.986328 0.288086
v -0.006836 0.988281 0.344727
v -0.006836 0.990234 0.291992
v -0.006836 0.990234 0.334961
v -0.006836 0.992188 0.301758
v -0.006836 0.992188 0.313477
v -0.006836 0.992188 0.325195
v -0.008789 0.869141 0.336914
v -0.008789 0.875000 0.344727
v -0.008789 0.880859 0.352539
v -0.008789 0.884766 0.358398
v -0.008789 0.890625 0.362305
v -0.008789 0.898438 0.366211
v -0.008789 0.906250 0.368164
v -0.008789 0.917969 0.370117
v -0.008789 0.931641 0.370117
v -0.008789 0.945312 0.368164
v -0.008789 0.957031 0.366211
v -0.008789 0.968750 0.364258
v -0.008789 0.976562 0.358398
v -0.041992 0.009766 -0.235352
v -0.043945 0.009766 0.241211
v -0.049805 0.982422 -0.288086
v -0.051758 0.957031 -0.293945
v -0.051758 0.960938 -0.291992
v -0.051758 0.968750 0.280273
v -0.051758 0.968750 -0.288086
v -0.051758 0.976562 0.280273
v -0.051758 0.976562 -0.288086
v -0.051758 0.988281 -0.291992
v -0.051758 0.992188 -0.295898
v -0.053711 0.951172 -0.307617
v -0.053711 0.953125 0.290039
v -0.053711 0.953125 -0.299805
v -0.053711 0.957031 0.286133
v -0.053711 0.962891 0.282227
v -0.053711 0.982422 0.280273
v -0.053711 0.988281 0.284180
v -0.053711 0.992188 0.290039
v -0.053711 0.994141 -0.305664
v -0.055664 0.839844 -0.325195
v -0.055664 0.849609 -0.325195
v -0.055664 0.857422 -0.325195
v -0.055664 0.951172 0.299805
v -0.055664 0.994141 -0.317383
v -0.055664 0.994141 -0.327148
v -0.055664 0.011719 -0.319336
v -0.057617 0.830078 -0.333008
v -0.057617 0.865234 -0.329102
v -0.057617 0.871094 -0.334961
v -0.057617 0.992188 0.299805
v -0.057617 0.992188 -0.338867
v -0.057617 0.011719 0.325195
v -0.059570 0.818359 -0.344727
v -0.059570 0.830078 0.333008
v -0.059570 0.839844 0.325195
v -0.059570 0.847656 0.323242
v -0.059570 0.857422 0.325195
v -0.059570 0.863281 0.327148
v -0.059570 0.869141 0.333008
v -0.059570 0.876953 -0.342773
v -0.059570 0.880859 -0.350586
v -0.059570 0.988281 -0.346680
v -0.059570 0.994141 0.309570
v -0.061523 0.808594 -0.358398
v -0.061523 0.818359 0.342773
v -0.061523 0.875000 0.340820
v -0.061523 0.886719 -0.356445
v -0.061523 0.892578 -0.360352
v -0.061523 0.968750 -0.366211
v -0.061523 0.978516 -0.362305
v -0.061523 0.984375 -0.354492
v -0.061523 0.992188 0.321289
v -0.061523 0.992188 0.331055
v -0.063477 0.785156 -0.383789
v -0.063477 0.796875 -0.372070
v -0.063477 0.806641 0.358398
v -0.063477 0.880859 0.348633
v -0.063477 0.884766 0.352539
v -0.063477 0.900391 -0.364258
v -0.063477 0.908203 -0.368164
v -0.063477 0.917969 -0.370117
v -0.063477 0.931641 -0.370117
v -0.063477 0.947266 -0.370117
v -0.063477 0.958984 -0.368164
v -0.063477 0.984375 0.348633
v -0.063477 0.988281 0.340820
v -0.063477 0.015625 -0.370117
v -0.065430 0.771484 -0.393555
v -0.065430 0.796875 0.370117
v -0.065430 0.892578 0.356445
v -0.065430 0.898438 0.360352
v -0.065430 0.908203 0.364258
v -0.065430 0.917969 0.364258
v -0.065430 0.931641 0.364258
v -0.065430 0.945312 0.364258
v -0.065430 0.958984 0.362305
v -0.065430 0.968750 0.358398
v -0.065430 0.976562 0.354492
v -0.065430 0.029297 -0.391602
v -0.065430 0.021484 -0.383789
v -0.065430 0.013672 0.377930
v -0.067383 0.726562 -0.407227
v -0.067383 0.751953 -0.401367
v -0.067383 0.785156 0.383789
v -0.067383 0.044922 -0.403320
v -0.067383 0.035156 -0.397461
v -0.067383 0.025391 0.397461
v -0.067383 0.019531 0.389648
v -0.069336 0.662109 -0.415039
v -0.069336 0.750000 0.401367
v -0.069336 0.769531 0.393555
v -0.069336 0.484375 -0.416992
v -0.069336 0.205078 -0.416992
v -0.069336 0.107422 -0.415039
v -0.069336 0.076172 -0.411133
v -0.069336 0.056641 -0.407227
v -0.069336 0.033203 0.403320
v -0.071289 0.656250 0.415039
v -0.071289 0.724609 0.407227
v -0.071289 0.474609 0.415039
v -0.071289 0.195312 0.416992
v -0.071289 0.097656 0.416992
v -0.071289 0.070312 0.416992
v -0.071289 0.052734 0.413086
v -0.071289 0.041016 0.409180
v -0.077148 0.009766 -0.219727
v -0.079102 0.009766 0.225586
v -0.094727 0.968750 -0.278320
v -0.094727 0.976562 -0.278320
v -0.094727 0.984375 -0.278320
v -0.096680 0.957031 -0.284180
v -0.096680 0.962891 0.272461
v -0.096680 0.962891 -0.280273
v -0.096680 0.970703 0.270508
v -0.096680 0.976562 0.268555
v -0.096680 0.984375 0.270508
v -0.096680 0.990234 -0.282227
v -0.096680 0.992188 -0.286133
v -0.098633 0.953125 -0.288086
v -0.098633 0.957031 0.274414
v -0.098633 0.990234 0.274414
v -0.098633 0.994141 -0.295898
v -0.100586 0.951172 -0.295898
v -0.100586 0.953125 0.280273
v -0.100586 0.992188 0.278320
v -0.102539 0.953125 0.288086
v -0.102539 0.994141 -0.305664
v -0.104492 0.994141 0.288086
v -0.106445 0.841797 -0.313477
v -0.106445 0.849609 -0.311523
v -0.106445 0.857422 -0.313477
v -0.106445 0.994141 -0.317383
v -0.108398 0.830078 -0.319336
v -0.108398 0.839844 0.313477
v -0.108398 0.849609 0.311523
v -0.108398 0.857422 0.311523
v -0.108398 0.865234 -0.317383
v -0.108398 0.992188 -0.327148
v -0.108398 0.994141 0.299805
v -0.108398 0.011719 -0.315430
v -0.110352 0.830078 0.319336
v -0.110352 0.865234 0.315430
v -0.110352 0.871094 -0.323242
v -0.110352 0.009766 0.323242
v -0.112305 0.820312 -0.331055
v -0.112305 0.871094 0.321289
v -0.112305 0.876953 -0.329102
v -0.112305 0.990234 -0.334961
v -0.112305 0.994141 0.309570
v -0.114258 0.818359 0.331055
v -0.114258 0.876953 0.329102
v -0.114258 0.882812 -0.336914
v -0.114258 0.986328 -0.342773
v -0.114258 0.992188 0.319336
v -0.114258 0.009766 -0.211914
v -0.116211 0.808594 -0.344727
v -0.116211 0.880859 0.334961
v -0.116211 0.886719 -0.342773
v -0.116211 0.978516 -0.348633
v -0.116211 0.988281 0.327148
v -0.116211 0.009766 0.217773
v -0.118164 0.808594 0.344727
v -0.118164 0.886719 0.338867
v -0.118164 0.892578 -0.346680
v -0.118164 0.900391 -0.350586
v -0.118164 0.970703 -0.352539
v -0.118164 0.984375 0.334961
v -0.120117 0.798828 -0.356445
v -0.120117 0.892578 0.342773
v -0.120117 0.908203 -0.354492
v -0.120117 0.919922 -0.356445
v -0.120117 0.933594 -0.356445
v -0.120117 0.947266 -0.356445
v -0.120117 0.958984 -0.354492
v -0.120117 0.978516 0.340820
v -0.120117 0.017578 -0.356445
v -0.122070 0.796875 0.356445
v -0.122070 0.900391 0.346680
v -0.122070 0.908203 0.350586
v -0.122070 0.917969 0.350586
v -0.122070 0.931641 0.350586
v -0.122070 0.947266 0.348633
v -0.122070 0.958984 0.346680
v -0.122070 0.968750 0.344727
v -0.124023 0.787109 -0.368164
v -0.124023 0.021484 -0.368164
v -0.124023 0.015625 0.362305
v -0.125977 0.771484 -0.377930
v -0.125977 0.785156 0.368164
v -0.127930 0.029297 -0.375977
v -0.127930 0.019531 0.375977
v -0.129883 0.726562 -0.391602
v -0.129883 0.753906 -0.385742
v -0.129883 0.769531 0.377930
v -0.129883 0.037109 -0.381836
v -0.129883 0.027344 0.381836
v -0.131836 0.750000 0.385742
v -0.131836 0.056641 -0.391602
v -0.131836 0.044922 -0.387695
v -0.131836 0.033203 0.387695
v -0.133789 0.664062 -0.399414
v -0.133789 0.724609 0.391602
v -0.133789 0.484375 -0.401367
v -0.133789 0.207031 -0.401367
v -0.133789 0.107422 -0.397461
v -0.133789 0.076172 -0.395508
v -0.133789 0.052734 0.397461
v -0.133789 0.042969 0.393555
v -0.135742 0.656250 0.397461
v -0.135742 0.968750 -0.260742
v -0.135742 0.976562 -0.260742
v -0.135742 0.984375 -0.260742
v -0.135742 0.474609 0.399414
v -0.135742 0.195312 0.399414
v -0.135742 0.099609 0.401367
v -0.135742 0.070312 0.401367
v -0.137695 0.962891 -0.262695
v -0.137695 0.970703 0.252930
v -0.137695 0.976562 0.250977
v -0.137695 0.984375 0.252930
v -0.137695 0.990234 -0.262695
v -0.139648 0.957031 0.256836
v -0.139648 0.957031 -0.266602
v -0.139648 0.962891 0.254883
v -0.139648 0.988281 0.254883
v -0.139648 0.992188 -0.268555
v -0.141602 0.953125 -0.270508
v -0.143555 0.955078 0.260742
v -0.143555 0.992188 0.258789
v -0.143555 0.994141 -0.278320
v -0.145508 0.953125 0.268555
v -0.145508 0.953125 -0.276367
v -0.145508 0.011719 -0.192383
v -0.147461 0.994141 0.266602
v -0.147461 0.994141 -0.288086
v -0.147461 0.009766 0.198242
v -0.153320 0.841797 -0.293945
v -0.153320 0.849609 -0.291992
v -0.153320 0.859375 -0.293945
v -0.153320 0.994141 0.276367
v -0.153320 0.994141 -0.297852
v -0.153320 0.013672 -0.286133
v -0.153320 0.011719 0.293945
v -0.155273 0.839844 0.291992
v -0.155273 0.849609 0.291992
v -0.155273 0.857422 0.291992
v -0.155273 0.865234 -0.297852
v -0.157227 0.832031 -0.299805
v -0.157227 0.865234 0.295898
v -0.157227 0.994141 -0.307617
v -0.159180 0.830078 0.299805
v -0.159180 0.873047 -0.303711
v -0.159180 0.994141 0.288086
v -0.161133 0.820312 -0.309570
v -0.161133 0.871094 0.299805
v -0.163086 0.820312 0.309570
v -0.163086 0.876953 0.307617
v -0.163086 0.878906 -0.309570
v -0.163086 0.990234 -0.315430
v -0.163086 0.992188 0.297852
v -0.165039 0.882812 -0.315430
v -0.166992 0.808594 -0.321289
v -0.166992 0.882812 0.313477
v -0.166992 0.888672 -0.321289
v -0.166992 0.986328 -0.321289
v -0.166992 0.990234 0.305664
v -0.168945 0.808594 0.321289
v -0.168945 0.886719 0.317383
v -0.168945 0.894531 -0.325195
v -0.168945 0.978516 -0.327148
v -0.168945 0.986328 0.313477
v -0.170898 0.892578 0.321289
v -0.170898 0.900391 -0.329102
v -0.170898 0.970703 -0.331055
v -0.172852 0.798828 -0.333008
v -0.172852 0.900391 0.325195
v -0.172852 0.910156 -0.333008
v -0.172852 0.919922 -0.334961
v -0.172852 0.933594 -0.334961
v -0.172852 0.949219 -0.333008
v -0.172852 0.960938 -0.333008
v -0.172852 0.978516 0.317383
v -0.174805 0.796875 0.333008
v -0.174805 0.910156 0.327148
v -0.174805 0.947266 0.327148
v -0.174805 0.958984 0.325195
v -0.174805 0.970703 0.323242
v -0.174805 0.970703 -0.237305
v -0.174805 0.978516 -0.235352
v -0.174805 0.986328 -0.237305
v -0.174805 0.017578 -0.333008
v -0.174805 0.011719 0.172852
v -0.174805 0.011719 -0.166992
v -0.176758 0.917969 0.329102
v -0.176758 0.933594 0.327148
v -0.176758 0.962891 0.229492
v -0.176758 0.962891 -0.239258
v -0.176758 0.970703 0.229492
v -0.176758 0.978516 0.227539
v -0.176758 0.984375 0.229492
v -0.176758 0.992188 -0.241211
v -0.176758 0.015625 0.338867
v -0.178711 0.787109 -0.344727
v -0.178711 0.957031 -0.241211
v -0.178711 0.990234 0.231445
v -0.178711 0.994141 -0.243164
v -0.180664 0.785156 0.344727
v -0.180664 0.958984 0.233398
v -0.180664 0.023438 -0.344727
v -0.182617 0.955078 0.237305
v -0.182617 0.955078 -0.245117
v -0.182617 0.994141 0.235352
v -0.182617 0.021484 0.350586
v -0.184570 0.773438 -0.354492
v -0.184570 0.996094 -0.250977
v -0.184570 0.029297 -0.352539
v -0.186523 0.769531 0.354492
v -0.186523 0.953125 0.243164
v -0.186523 0.953125 -0.250977
v -0.186523 0.027344 0.358398
v -0.188477 0.728516 -0.366211
v -0.188477 0.753906 -0.360352
v -0.188477 0.994141 0.241211
v -0.188477 0.037109 -0.358398
v -0.190430 0.751953 0.360352
v -0.190430 0.996094 -0.260742
v -0.190430 0.046875 -0.362305
v -0.190430 0.035156 0.362305
v -0.192383 0.664062 -0.372070
v -0.192383 0.724609 0.364258
v -0.192383 0.058594 -0.366211
v -0.192383 0.042969 0.368164
v -0.194336 0.656250 0.372070
v -0.194336 0.996094 0.250977
v -0.194336 0.484375 -0.374023
v -0.194336 0.207031 -0.374023
v -0.194336 0.107422 -0.372070
v -0.194336 0.076172 -0.370117
v -0.194336 0.054688 0.372070
v -0.194336 0.011719 -0.135742
v -0.196289 0.851562 -0.264648
v -0.196289 0.474609 0.374023
v -0.196289 0.195312 0.374023
v -0.196289 0.099609 0.375977
v -0.196289 0.070312 0.374023
v -0.196289 0.011719 0.141602
v -0.198242 0.841797 -0.264648
v -0.198242 0.849609 0.264648
v -0.198242 0.859375 -0.266602
v -0.198242 0.996094 -0.270508
v -0.200195 0.832031 -0.270508
v -0.200195 0.841797 0.264648
v -0.200195 0.857422 0.264648
v -0.200195 0.867188 -0.270508
v -0.200195 0.011719 -0.266602
v -0.202148 0.865234 0.268555
v -0.202148 0.994141 0.258789
v -0.202148 0.011719 0.274414
v -0.204102 0.830078 0.270508
v -0.204102 0.871094 0.272461
v -0.204102 0.873047 -0.276367
v -0.204102 0.994141 -0.278320
v -0.208008 0.820312 -0.280273
v -0.208008 0.878906 -0.282227
v -0.208008 0.978516 -0.206055
v -0.208008 0.984375 -0.206055
v -0.208008 0.994141 0.268555
v -0.209961 0.820312 0.280273
v -0.209961 0.876953 0.278320
v -0.209961 0.970703 0.198242
v -0.209961 0.970703 -0.206055
v -0.209961 0.978516 0.198242
v -0.209961 0.990234 -0.208008
v -0.209961 0.990234 -0.286133
v -0.211914 0.882812 -0.286133
v -0.211914 0.962891 -0.208008
v -0.211914 0.964844 0.200195
v -0.211914 0.986328 0.200195
v -0.211914 0.990234 0.276367
v -0.213867 0.882812 0.284180
v -0.213867 0.958984 0.202148
v -0.213867 0.958984 -0.209961
v -0.213867 0.986328 -0.291992
v -0.213867 0.992188 0.202148
v -0.213867 0.994141 -0.211914
v -0.215820 0.810547 -0.291992
v -0.215820 0.888672 -0.291992
v -0.215820 0.986328 0.282227
v -0.217773 0.808594 0.291992
v -0.217773 0.888672 0.288086
v -0.217773 0.894531 -0.295898
v -0.217773 0.955078 0.206055
v -0.217773 0.955078 -0.213867
v -0.217773 0.980469 -0.297852
v -0.217773 0.994141 0.204102
v -0.219727 0.894531 0.291992
v -0.219727 0.902344 -0.297852
v -0.219727 0.970703 -0.299805
v -0.219727 0.980469 0.288086
v -0.219727 0.011719 0.112305
v -0.219727 0.011719 -0.106445
v -0.221680 0.900391 0.293945
v -0.221680 0.910156 -0.301758
v -0.221680 0.949219 -0.303711
v -0.221680 0.955078 -0.219727
v -0.221680 0.960938 -0.301758
v -0.221680 0.970703 0.291992
v -0.221680 0.996094 -0.219727
v -0.223633 0.798828 -0.301758
v -0.223633 0.910156 0.295898
v -0.223633 0.919922 -0.303711
v -0.223633 0.935547 -0.303711
v -0.223633 0.955078 0.211914
v -0.223633 0.960938 0.293945
v -0.223633 0.996094 0.211914
v -0.225586 0.798828 0.301758
v -0.225586 0.919922 0.297852
v -0.225586 0.933594 0.297852
v -0.225586 0.947266 0.295898
v -0.225586 0.017578 -0.301758
v -0.227539 0.015625 0.307617
v -0.229492 0.787109 -0.311523
v -0.229492 0.996094 -0.227539
v -0.229492 0.011719 0.075195
v -0.229492 0.011719 -0.069336
v -0.231445 0.996094 0.217773
v -0.233398 0.785156 0.311523
v -0.233398 0.023438 -0.311523
v -0.233398 0.013672 -0.225586
v -0.235352 0.843750 -0.231445
v -0.235352 0.851562 -0.231445
v -0.235352 0.859375 -0.231445
v -0.235352 0.021484 0.319336
v -0.235352 0.013672 0.233398
v -0.237305 0.773438 -0.321289
v -0.237305 0.841797 0.231445
v -0.237305 0.849609 0.229492
v -0.237305 0.859375 0.231445
v -0.237305 0.978516 -0.170898
v -0.237305 0.984375 -0.172852
v -0.237305 0.996094 -0.235352
v -0.237305 0.029297 -0.319336
v -0.239258 0.771484 0.321289
v -0.239258 0.867188 -0.235352
v -0.239258 0.970703 0.165039
v -0.239258 0.970703 -0.172852
v -0.239258 0.978516 0.165039
v -0.239258 0.990234 -0.172852
v -0.239258 0.996094 0.227539
v -0.239258 0.027344 0.325195
v -0.241211 0.753906 -0.327148
v -0.241211 0.832031 -0.237305
v -0.241211 0.867188 0.233398
v -0.241211 0.964844 0.166992
v -0.241211 0.964844 -0.172852
v -0.241211 0.986328 0.165039
v -0.241211 0.037109 -0.323242
v -0.243164 0.751953 0.327148
v -0.243164 0.832031 0.237305
v -0.243164 0.873047 -0.241211
v -0.243164 0.958984 -0.174805
v -0.243164 0.992188 0.166992
v -0.243164 0.994141 -0.176758
v -0.243164 0.035156 0.329102
v -0.243164 0.011719 0.040039
v -0.243164 0.011719 -0.036133
v -0.245117 0.728516 -0.331055
v -0.245117 0.871094 0.237305
v -0.245117 0.958984 0.168945
v -0.245117 0.994141 -0.243164
v -0.245117 0.046875 -0.329102
v -0.247070 0.724609 0.331055
v -0.247070 0.955078 -0.178711
v -0.247070 0.994141 0.168945
v -0.247070 0.994141 0.235352
v -0.247070 0.058594 -0.333008
v -0.247070 0.042969 0.333008
v -0.247070 0.011719 0.002930
v -0.249023 0.664062 -0.336914
v -0.249023 0.820312 0.245117
v -0.249023 0.822266 -0.245117
v -0.249023 0.876953 0.243164
v -0.249023 0.878906 -0.245117
v -0.249023 0.955078 0.170898
v -0.249023 0.076172 -0.334961
v -0.249023 0.054688 0.336914
v -0.250977 0.656250 0.336914
v -0.250977 0.992188 -0.249023
v -0.250977 0.486328 -0.338867
v -0.250977 0.476562 0.338867
v -0.250977 0.207031 -0.338867
v -0.250977 0.197266 0.338867
v -0.250977 0.107422 -0.336914
v -0.250977 0.072266 0.338867
v -0.252930 0.955078 -0.182617
v -0.252930 0.990234 0.241211
v -0.252930 0.996094 -0.182617
v -0.252930 0.099609 0.340820
v -0.254883 0.882812 0.247070
v -0.254883 0.884766 -0.250977
v -0.254883 0.955078 0.174805
v -0.254883 0.996094 0.174805
v -0.256836 0.810547 -0.254883
v -0.256836 0.986328 -0.254883
v -0.258789 0.888672 0.250977
v -0.258789 0.888672 -0.254883
v -0.258789 0.986328 0.247070
v -0.260742 0.810547 0.254883
v -0.260742 0.894531 -0.258789
v -0.260742 0.978516 -0.133789
v -0.260742 0.980469 -0.260742
v -0.262695 0.894531 0.254883
v -0.262695 0.972656 0.125977
v -0.262695 0.972656 -0.133789
v -0.262695 0.972656 -0.262695
v -0.262695 0.978516 0.125977
v -0.262695 0.980469 0.250977
v -0.262695 0.984375 -0.133789
v -0.262695 0.986328 0.125977
v -0.262695 0.998047 -0.188477
v -0.264648 0.902344 -0.260742
v -0.264648 0.962891 -0.264648
v -0.264648 0.964844 0.127930
v -0.264648 0.964844 -0.135742
v -0.264648 0.972656 0.254883
v -0.264648 0.990234 0.127930
v -0.264648 0.990234 -0.135742
v -0.264648 0.996094 0.182617
v -0.266602 0.798828 -0.264648
v -0.266602 0.902344 0.256836
v -0.266602 0.912109 -0.264648
v -0.266602 0.921875 -0.264648
v -0.266602 0.935547 -0.264648
v -0.266602 0.949219 -0.264648
v -0.266602 0.958984 -0.135742
v -0.266602 0.960938 0.256836
v -0.268555 0.798828 0.264648
v -0.268555 0.843750 -0.192383
v -0.268555 0.851562 0.190430
v -0.268555 0.851562 -0.192383
v -0.268555 0.859375 -0.192383
v -0.268555 0.910156 0.258789
v -0.268555 0.919922 0.260742
v -0.268555 0.933594 0.258789
v -0.268555 0.949219 0.258789
v -0.268555 0.958984 0.129883
v -0.268555 0.994141 -0.137695
v -0.270508 0.841797 0.192383
v -0.270508 0.859375 0.192383
v -0.270508 0.994141 0.129883
v -0.270508 0.998047 -0.196289
v -0.270508 0.017578 -0.262695
v -0.272461 0.867188 -0.196289
v -0.272461 0.955078 0.131836
v -0.272461 0.957031 -0.137695
v -0.272461 0.015625 0.270508
v -0.274414 0.832031 -0.196289
v -0.274414 0.867188 0.194336
v -0.274414 0.996094 0.188477
v -0.274414 0.013672 -0.192383
v -0.274414 0.011719 0.200195
v -0.276367 0.787109 -0.272461
v -0.276367 0.832031 0.196289
v -0.278320 0.787109 0.272461
v -0.278320 0.873047 -0.200195
v -0.278320 0.955078 -0.141602
v -0.278320 0.978516 -0.092773
v -0.278320 0.986328 -0.092773
v -0.278320 0.998047 -0.141602
v -0.280273 0.873047 0.198242
v -0.280273 0.955078 0.135742
v -0.280273 0.972656 0.084961
v -0.280273 0.972656 -0.092773
v -0.280273 0.978516 0.084961
v -0.280273 0.984375 0.084961
v -0.280273 0.996094 -0.202148
v -0.280273 0.023438 -0.272461
v -0.280273 0.021484 0.278320
v -0.282227 0.822266 -0.204102
v -0.282227 0.964844 0.084961
v -0.282227 0.964844 -0.092773
v -0.282227 0.990234 0.084961
v -0.282227 0.990234 -0.092773
v -0.282227 0.994141 0.194336
v -0.282227 0.996094 0.135742
v -0.284180 0.773438 -0.280273
v -0.284180 0.820312 0.202148
v -0.284180 0.878906 -0.204102
v -0.284180 0.029297 -0.278320
v -0.286133 0.771484 0.280273
v -0.286133 0.878906 0.202148
v -0.286133 0.958984 0.086914
v -0.286133 0.958984 -0.094727
v -0.286133 0.992188 -0.208008
v -0.286133 0.996094 -0.094727
v -0.286133 0.027344 0.284180
v -0.288086 0.992188 0.200195
v -0.288086 0.994141 0.086914
v -0.288086 0.998047 -0.147461
v -0.290039 0.753906 -0.286133
v -0.290039 0.884766 -0.208008
v -0.290039 0.957031 0.088867
v -0.290039 0.957031 -0.094727
v -0.290039 0.972656 0.041992
v -0.290039 0.972656 -0.047852
v -0.290039 0.978516 0.040039
v -0.290039 0.978516 -0.047852
v -0.290039 0.984375 0.040039
v -0.290039 0.986328 -0.049805
v -0.290039 0.037109 -0.282227
v -0.290039 0.035156 0.288086
v -0.291992 0.728516 -0.290039
v -0.291992 0.751953 0.286133
v -0.291992 0.882812 0.206055
v -0.291992 0.988281 -0.213867
v -0.291992 0.990234 0.041992
v -0.291992 0.990234 -0.049805
v -0.291992 0.998047 0.141602
v -0.291992 0.046875 -0.286133
v -0.293945 0.726562 0.288086
v -0.293945 0.810547 -0.211914
v -0.293945 0.851562 -0.149414
v -0.293945 0.890625 -0.211914
v -0.293945 0.964844 0.041992
v -0.293945 0.964844 -0.049805
v -0.293945 0.972656 -0.002930
v -0.293945 0.978516 -0.002930
v -0.293945 0.984375 -0.004883
v -0.293945 0.986328 0.204102
v -0.293945 0.044922 0.291992
v -0.293945 0.013672 0.149414
v -0.293945 0.013672 -0.145508
v -0.295898 0.810547 0.211914
v -0.295898 0.843750 -0.149414
v -0.295898 0.851562 0.147461
v -0.295898 0.859375 -0.149414
v -0.295898 0.888672 0.209961
v -0.295898 0.958984 0.041992
v -0.295898 0.958984 -0.049805
v -0.295898 0.990234 -0.004883
v -0.295898 0.058594 -0.290039
v -0.297852 0.666016 -0.293945
v -0.297852 0.841797 0.147461
v -0.297852 0.859375 0.147461
v -0.297852 0.896484 -0.215820
v -0.297852 0.955078 0.090820
v -0.297852 0.955078 -0.098633
v -0.297852 0.964844 -0.002930
v -0.297852 0.980469 -0.215820
v -0.297852 0.994141 0.041992
v -0.297852 0.994141 -0.049805
v -0.297852 0.998047 -0.098633
v -0.297852 0.076172 -0.291992
v -0.297852 0.056641 0.295898
v -0.299805 0.658203 0.293945
v -0.299805 0.867188 -0.151367
v -0.299805 0.894531 0.211914
v -0.299805 0.958984 -0.002930
v -0.299805 0.980469 0.208008
v -0.299805 0.998047 0.090820
v -0.299805 0.998047 -0.153320
v -0.299805 0.486328 -0.295898
v -0.299805 0.208984 -0.293945
v -0.299805 0.107422 -0.293945
v -0.299805 0.072266 0.297852
v -0.301758 0.832031 -0.151367
v -0.301758 0.867188 0.149414
v -0.301758 0.902344 -0.217773
v -0.301758 0.957031 0.043945
v -0.301758 0.957031 -0.049805
v -0.301758 0.972656 -0.219727
v -0.301758 0.994141 -0.004883
v -0.301758 0.996094 0.145508
v -0.301758 0.476562 0.295898
v -0.301758 0.197266 0.295898
v -0.301758 0.101562 0.297852
v -0.303711 0.832031 0.151367
v -0.303711 0.902344 0.213867
v -0.303711 0.912109 -0.219727
v -0.303711 0.951172 -0.221680
v -0.303711 0.962891 -0.219727
v -0.303711 0.972656 0.211914
v -0.305664 0.798828 0.219727
v -0.305664 0.800781 -0.219727
v -0.305664 0.873047 -0.153320
v -0.305664 0.910156 0.215820
v -0.305664 0.921875 -0.221680
v -0.305664 0.935547 -0.221680
v -0.305664 0.949219 0.213867
v -0.305664 0.957031 -0.002930
v -0.305664 0.960938 0.213867
v -0.307617 0.875000 0.153320
v -0.307617 0.919922 0.215820
v -0.307617 0.935547 0.215820
v -0.307617 0.955078 -0.051758
v -0.307617 0.996094 -0.157227
v -0.307617 0.017578 -0.217773
v -0.309570 0.955078 0.043945
v -0.309570 0.998047 0.043945
v -0.309570 0.998047 -0.051758
v -0.309570 0.998047 -0.102539
v -0.309570 0.017578 0.223633
v -0.311523 0.822266 -0.157227
v -0.311523 0.878906 -0.157227
v -0.311523 0.994141 0.149414
v -0.311523 0.998047 0.094727
v -0.313477 0.820312 0.157227
v -0.313477 0.851562 -0.100586
v -0.313477 0.878906 0.155273
v -0.313477 0.955078 -0.002930
v -0.313477 0.998047 -0.004883
v -0.315430 0.789062 -0.227539
v -0.315430 0.843750 -0.102539
v -0.315430 0.851562 0.100586
v -0.315430 0.859375 0.100586
v -0.315430 0.859375 -0.102539
v -0.315430 0.994141 -0.163086
v -0.317383 0.787109 0.227539
v -0.317383 0.841797 0.100586
v -0.319336 0.867188 0.100586
v -0.319336 0.867188 -0.102539
v -0.319336 0.884766 0.159180
v -0.319336 0.884766 -0.161133
v -0.319336 0.992188 0.155273
v -0.319336 0.998047 -0.106445
v -0.319336 0.023438 -0.225586
v -0.319336 0.021484 0.231445
v -0.321289 0.832031 -0.104492
v -0.321289 0.998047 0.098633
v -0.321289 0.998047 -0.053711
v -0.321289 0.013672 -0.100586
v -0.323242 0.773438 -0.233398
v -0.323242 0.810547 -0.163086
v -0.323242 0.832031 0.102539
v -0.323242 0.890625 -0.163086
v -0.323242 0.988281 -0.165039
v -0.323242 0.998047 0.045898
v -0.323242 0.013672 0.106445
v -0.325195 0.771484 0.233398
v -0.325195 0.810547 0.163086
v -0.325195 0.873047 0.102539
v -0.325195 0.873047 -0.104492
v -0.325195 0.888672 0.161133
v -0.325195 0.986328 0.157227
v -0.325195 0.998047 -0.004883
v -0.325195 0.029297 -0.231445
v -0.325195 0.013672 0.053711
v -0.325195 0.013672 -0.047852
v -0.327148 0.843750 -0.051758
v -0.327148 0.851562 0.049805
v -0.327148 0.851562 -0.051758
v -0.327148 0.859375 -0.051758
v -0.327148 0.896484 -0.166992
v -0.327148 0.982422 -0.168945
v -0.327148 0.029297 0.237305
v -0.329102 0.841797 0.049805
v -0.329102 0.859375 0.049805
v -0.329102 0.894531 0.163086
v -0.329102 0.980469 0.161133
v -0.329102 0.996094 -0.110352
v -0.329102 0.037109 -0.235352
v -0.331055 0.753906 -0.237305
v -0.331055 0.851562 -0.000977
v -0.331055 0.902344 -0.168945
v -0.331055 0.972656 -0.170898
v -0.331055 0.996094 0.100586
v -0.331055 0.037109 0.239258
v -0.333008 0.753906 0.237305
v -0.333008 0.822266 0.106445
v -0.333008 0.822266 -0.106445
v -0.333008 0.843750 -0.000977
v -0.333008 0.859375 -0.000977
v -0.333008 0.867188 0.051758
v -0.333008 0.867188 -0.053711
v -0.333008 0.878906 0.106445
v -0.333008 0.878906 -0.108398
v -0.333008 0.902344 0.165039
v -0.333008 0.962891 -0.170898
v -0.333008 0.972656 0.163086
v -0.333008 0.998047 0.045898
v -0.333008 0.998047 -0.057617
v -0.334961 0.728516 -0.241211
v -0.334961 0.800781 -0.170898
v -0.334961 0.832031 0.051758
v -0.334961 0.832031 -0.053711
v -0.334961 0.910156 0.165039
v -0.334961 0.912109 -0.170898
v -0.334961 0.921875 -0.170898
v -0.334961 0.935547 -0.170898
v -0.334961 0.951172 -0.170898
v -0.334961 0.962891 0.163086
v -0.334961 0.046875 -0.237305
v -0.334961 0.044922 0.243164
v -0.336914 0.726562 0.241211
v -0.336914 0.798828 0.168945
v -0.336914 0.867188 -0.000977
v -0.336914 0.921875 0.166992
v -0.336914 0.935547 0.166992
v -0.336914 0.949219 0.165039
v -0.336914 0.994141 -0.112305
v -0.336914 0.998047 -0.004883
v -0.336914 0.058594 -0.241211
v -0.336914 0.013672 0.002930
v -0.338867 0.832031 -0.000977
v -0.338867 0.873047 0.051758
v -0.338867 0.875000 -0.053711
v -0.338867 0.992188 0.104492
v -0.338867 0.056641 0.245117
v -0.338867 0.017578 -0.168945
v -0.340820 0.658203 0.245117
v -0.340820 0.666016 -0.245117
v -0.340820 0.884766 0.108398
v -0.340820 0.884766 -0.110352
v -0.340820 0.486328 -0.245117
v -0.340820 0.208984 -0.243164
v -0.340820 0.076172 -0.241211
v -0.340820 0.017578 0.174805
v -0.342773 0.996094 0.047852
v -0.342773 0.996094 -0.057617
v -0.342773 0.478516 0.245117
v -0.342773 0.199219 0.247070
v -0.342773 0.109375 -0.243164
v -0.342773 0.072266 0.247070
v -0.344727 0.810547 -0.112305
v -0.344727 0.822266 0.053711
v -0.344727 0.822266 -0.053711
v -0.344727 0.875000 -0.000977
v -0.344727 0.888672 -0.112305
v -0.344727 0.988281 -0.114258
v -0.344727 0.101562 0.247070
v -0.346680 0.789062 -0.174805
v -0.346680 0.810547 0.110352
v -0.346680 0.878906 0.053711
v -0.346680 0.880859 -0.055664
v -0.346680 0.888672 0.108398
v -0.346680 0.986328 0.106445
v -0.346680 0.996094 -0.004883
v -0.348633 0.787109 0.174805
v -0.348633 0.894531 -0.114258
v -0.350586 0.822266 -0.000977
v -0.350586 0.880859 -0.000977
v -0.350586 0.894531 0.110352
v -0.350586 0.982422 -0.116211
v -0.350586 0.994141 -0.059570
v -0.350586 0.023438 -0.174805
v -0.352539 0.884766 0.053711
v -0.352539 0.884766 -0.057617
v -0.352539 0.902344 -0.116211
v -0.352539 0.980469 0.108398
v -0.352539 0.992188 0.049805
v -0.352539 0.023438 0.180664
v -0.354492 0.902344 0.112305
v -0.354492 0.972656 0.110352
v -0.354492 0.972656 -0.118164
v -0.356445 0.773438 0.180664
v -0.356445 0.773438 -0.180664
v -0.356445 0.912109 0.112305
v -0.356445 0.912109 -0.116211
v -0.356445 0.951172 -0.118164
v -0.356445 0.962891 0.110352
v -0.356445 0.962891 -0.118164
v -0.356445 0.994141 -0.004883
v -0.358398 0.798828 0.116211
v -0.358398 0.800781 -0.116211
v -0.358398 0.810547 -0.057617
v -0.358398 0.884766 -0.000977
v -0.358398 0.888672 0.053711
v -0.358398 0.888672 -0.057617
v -0.358398 0.921875 0.112305
v -0.358398 0.921875 -0.118164
v -0.358398 0.935547 -0.118164
v -0.358398 0.949219 0.112305
v -0.358398 0.988281 0.051758
v -0.358398 0.988281 -0.059570
v -0.358398 0.029297 0.182617
v -0.358398 0.029297 -0.178711
v -0.360352 0.810547 0.055664
v -0.360352 0.935547 0.112305
v -0.362305 0.755859 -0.182617
v -0.362305 0.888672 -0.000977
v -0.362305 0.894531 0.055664
v -0.362305 0.894531 -0.057617
v -0.362305 0.988281 -0.004883
v -0.362305 0.037109 -0.180664
v -0.362305 0.017578 0.120117
v -0.362305 0.017578 -0.114258
v -0.364258 0.753906 0.182617
v -0.364258 0.810547 -0.000977
v -0.364258 0.982422 0.053711
v -0.364258 0.982422 -0.061523
v -0.364258 0.037109 0.186523
v -0.366211 0.730469 -0.186523
v -0.366211 0.902344 -0.059570
v -0.368164 0.726562 0.186523
v -0.368164 0.894531 -0.000977
v -0.368164 0.902344 0.055664
v -0.368164 0.972656 0.053711
v -0.368164 0.972656 -0.061523
v -0.368164 0.982422 -0.004883
v -0.368164 0.046875 -0.182617
v -0.368164 0.044922 0.188477
v -0.370117 0.787109 0.120117
v -0.370117 0.789062 -0.120117
v -0.370117 0.912109 0.055664
v -0.370117 0.912109 -0.059570
v -0.370117 0.962891 0.053711
v -0.370117 0.962891 -0.061523
v -0.372070 0.800781 0.057617
v -0.372070 0.800781 -0.059570
v -0.372070 0.902344 -0.000977
v -0.372070 0.921875 0.055664
v -0.372070 0.921875 -0.059570
v -0.372070 0.935547 0.055664
v -0.372070 0.935547 -0.061523
v -0.372070 0.951172 0.055664
v -0.372070 0.951172 -0.061523
v -0.372070 0.972656 -0.004883
v -0.372070 0.058594 -0.184570
v -0.372070 0.056641 0.190430
v -0.374023 0.660156 0.188477
v -0.374023 0.666016 -0.188477
v -0.374023 0.912109 -0.002930
v -0.374023 0.962891 -0.002930
v -0.374023 0.208984 -0.188477
v -0.374023 0.076172 -0.186523
v -0.374023 0.023438 -0.118164
v -0.375977 0.800781 -0.000977
v -0.375977 0.921875 -0.002930
v -0.375977 0.951172 -0.002930
v -0.375977 0.486328 -0.188477
v -0.375977 0.478516 0.190430
v -0.375977 0.201172 0.190430
v -0.375977 0.109375 -0.186523
v -0.375977 0.072266 0.190430
v -0.375977 0.023438 0.124023
v -0.375977 0.017578 0.061523
v -0.375977 0.017578 -0.057617
v -0.377930 0.935547 -0.002930
v -0.377930 0.103516 0.190430
v -0.379883 0.773438 0.122070
v -0.379883 0.773438 -0.122070
v -0.379883 0.017578 0.002930
v -0.381836 0.029297 0.125977
v -0.381836 0.029297 -0.120117
v -0.383789 0.789062 0.059570
v -0.383789 0.789062 -0.061523
v -0.387695 0.753906 0.125977
v -0.387695 0.755859 -0.125977
v -0.387695 0.037109 0.127930
v -0.387695 0.037109 -0.122070
v -0.387695 0.023438 -0.059570
v -0.389648 0.789062 -0.000977
v -0.389648 0.023438 0.063477
v -0.391602 0.728516 -0.125977
v -0.391602 0.046875 -0.124023
v -0.391602 0.044922 0.129883
v -0.393555 0.728516 0.125977
v -0.393555 0.773438 -0.063477
v -0.393555 0.023438 0.002930
v -0.395508 0.773438 0.061523
v -0.395508 0.058594 -0.125977
v -0.395508 0.029297 0.063477
v -0.395508 0.029297 -0.059570
v -0.397461 0.666016 -0.127930
v -0.397461 0.056641 0.129883
v -0.399414 0.662109 0.127930
v -0.399414 0.773438 -0.000977
v -0.399414 0.486328 -0.127930
v -0.399414 0.480469 0.129883
v -0.399414 0.207031 -0.127930
v -0.399414 0.109375 -0.125977
v -0.399414 0.076172 -0.125977
v -0.399414 0.074219 0.129883
v -0.401367 0.755859 -0.063477
v -0.401367 0.201172 0.129883
v -0.401367 0.103516 0.129883
v -0.401367 0.037109 0.065430
v -0.401367 0.037109 -0.061523
v -0.401367 0.029297 0.002930
v -0.403320 0.753906 0.063477
v -0.405273 0.046875 -0.061523
v -0.407227 0.728516 0.063477
v -0.407227 0.728516 -0.063477
v -0.407227 0.753906 -0.000977
v -0.407227 0.046875 0.065430
v -0.407227 0.037109 0.002930
v -0.409180 0.058594 -0.063477
v -0.411133 0.058594 0.067383
v -0.411133 0.046875 0.002930
v -0.413086 0.662109 0.065430
v -0.413086 0.664062 -0.065430
v -0.413086 0.728516 -0.000977
v -0.413086 0.078125 -0.063477
v -0.413086 0.076172 0.067383
v -0.415039 0.484375 -0.065430
v -0.415039 0.482422 0.065430
v -0.415039 0.207031 -0.063477
v -0.415039 0.203125 0.065430
v -0.415039 0.107422 -0.063477
v -0.415039 0.105469 0.067383
v -0.415039 0.058594 0.000977
v -0.418945 0.664062 -0.000977
v -0.418945 0.484375 0.000977
v -0.418945 0.205078 0.000977
v -0.418945 0.107422 0.000977
v -0.418945 0.076172 0.000977
vt 0.232910 0.418945
vt 0.217773 0.405518
vt 0.220947 0.402344
vt 0.203857 0.390869
vt 0.229004 0.421631
vt 0.238770 0.415039
vt 0.201172 0.392822
vt 0.207520 0.388184
vt 0.214844 0.407227
vt 0.242676 0.437012
vt 0.226562 0.398193
vt 0.248291 0.433350
vt 0.247070 0.407959
vt 0.257324 0.427002
vt 0.256592 0.453125
vt 0.266357 0.446777
vt 0.273926 0.467285
vt 0.264404 0.473145
vt 0.250244 0.456055
vt 0.258545 0.476562
vt 0.237549 0.439697
vt 0.245361 0.458496
vt 0.253418 0.477539
vt 0.226074 0.423584
vt 0.234863 0.441650
vt 0.241455 0.459473
vt 0.249268 0.478760
vt 0.238281 0.460205
vt 0.246094 0.481689
vt 0.231689 0.442139
vt 0.222900 0.425537
vt 0.211914 0.409180
vt 0.235107 0.461182
vt 0.242432 0.480469
vt 0.228760 0.443604
vt 0.220215 0.427002
vt 0.208984 0.411621
vt 0.230225 0.462891
vt 0.237549 0.481934
vt 0.217529 0.469727
vt 0.224365 0.445801
vt 0.208740 0.454346
vt 0.183838 0.465332
vt 0.185791 0.476807
vt 0.203369 0.439209
vt 0.216064 0.430176
vt 0.177734 0.454834
vt 0.108398 0.484375
vt 0.170654 0.444092
vt 0.191895 0.426758
vt 0.205811 0.414795
vt 0.182617 0.413574
vt 0.160889 0.436035
vt 0.193115 0.401611
vt 0.196289 0.397949
vt 0.152344 0.427002
vt 0.139893 0.422363
vt 0.168213 0.405029
vt 0.155273 0.394531
vt 0.129395 0.416260
vt 0.118164 0.413818
vt 0.124756 0.383789
vt 0.178955 0.389893
vt 0.139160 0.390381
vt 0.163574 0.380371
vt 0.147705 0.372070
vt 0.130371 0.366943
vt 0.181885 0.385498
vt 0.165771 0.375488
vt 0.149170 0.367432
vt 0.132324 0.361572
vt 0.198975 0.394775
vt 0.183838 0.382812
vt 0.186035 0.380371
vt 0.167969 0.372559
vt 0.189209 0.378174
vt 0.169678 0.370361
vt 0.151367 0.363770
vt 0.132080 0.357910
vt 0.153076 0.362061
vt 0.135254 0.355469
vt 0.172607 0.367676
vt 0.155273 0.359131
vt 0.135498 0.352295
vt 0.191406 0.375488
vt 0.175049 0.364258
vt 0.157715 0.355713
vt 0.139648 0.348145
vt 0.211914 0.383789
vt 0.196045 0.371094
vt 0.179688 0.359863
vt 0.162354 0.350830
vt 0.143311 0.342773
vt 0.236328 0.390625
vt 0.219971 0.375977
vt 0.203857 0.363525
vt 0.187012 0.352539
vt 0.169189 0.342529
vt 0.149902 0.334717
vt 0.192383 0.317383
vt 0.174316 0.308350
vt 0.209717 0.327881
vt 0.227295 0.339600
vt 0.244385 0.352295
vt 0.260498 0.367188
vt 0.267822 0.313477
vt 0.278564 0.391602
vt 0.300537 0.336914
vt 0.283447 0.410645
vt 0.328369 0.377441
vt 0.295166 0.429199
vt 0.366699 0.410645
vt 0.367188 0.439941
vt 0.304199 0.447998
vt 0.374512 0.457031
vt 0.311035 0.466309
vt 0.381836 0.473633
vt 0.404785 0.222168
vt 0.407959 0.221436
vt 0.414551 0.239258
vt 0.417969 0.238525
vt 0.411865 0.220459
vt 0.411377 0.239990
vt 0.402100 0.222656
vt 0.408691 0.240723
vt 0.399658 0.223877
vt 0.422363 0.237549
vt 0.416748 0.219971
vt 0.421387 0.256592
vt 0.406006 0.241211
vt 0.396240 0.225098
vt 0.430176 0.235352
vt 0.424561 0.217773
vt 0.455811 0.228271
vt 0.460449 0.249268
vt 0.533203 0.216797
vt 0.537354 0.239014
vt 0.433838 0.254150
vt 0.463379 0.268555
vt 0.540283 0.257080
vt 0.426270 0.255615
vt 0.437012 0.272461
vt 0.466064 0.286621
vt 0.542969 0.274658
vt 0.428955 0.273682
vt 0.439941 0.290283
vt 0.469482 0.304199
vt 0.546143 0.292480
vt 0.470947 0.322510
vt 0.547852 0.311035
vt 0.441406 0.308594
vt 0.430664 0.291992
vt 0.423584 0.274170
vt 0.470947 0.340332
vt 0.547852 0.329834
vt 0.441406 0.326660
vt 0.431152 0.309814
vt 0.424072 0.292480
vt 0.469482 0.358887
vt 0.545898 0.348877
vt 0.439453 0.345215
vt 0.429199 0.327637
vt 0.422607 0.310303
vt 0.464355 0.377686
vt 0.541504 0.368896
vt 0.435303 0.363525
vt 0.424805 0.345947
vt 0.419922 0.327881
vt 0.457520 0.396729
vt 0.534912 0.390137
vt 0.450195 0.414795
vt 0.527588 0.410400
vt 0.428223 0.381592
vt 0.421143 0.398926
vt 0.411621 0.416260
vt 0.418701 0.363770
vt 0.413086 0.380859
vt 0.404541 0.397217
vt 0.394775 0.413818
vt 0.415039 0.345459
vt 0.409424 0.362305
vt 0.401855 0.378906
vt 0.394287 0.394775
vt 0.382568 0.410156
vt 0.387207 0.392578
vt 0.377441 0.406738
vt 0.395996 0.376465
vt 0.403320 0.360596
vt 0.409668 0.344238
vt 0.384766 0.390625
vt 0.375244 0.405029
vt 0.393555 0.375488
vt 0.401123 0.359619
vt 0.406982 0.343506
vt 0.382324 0.389404
vt 0.373047 0.403320
vt 0.391113 0.374023
vt 0.398193 0.358643
vt 0.404785 0.342529
vt 0.380859 0.387207
vt 0.371338 0.400879
vt 0.389160 0.372314
vt 0.396484 0.356934
vt 0.401367 0.341064
vt 0.345703 0.363037
vt 0.321289 0.365234
vt 0.385986 0.368408
vt 0.392822 0.353760
vt 0.397949 0.338623
vt 0.332031 0.347412
vt 0.318848 0.353516
vt 0.346191 0.343994
vt 0.356201 0.333740
vt 0.323486 0.326172
vt 0.313721 0.329346
vt 0.299805 0.264160
vt 0.332275 0.320557
vt 0.341797 0.315674
vt 0.368896 0.325439
vt 0.348389 0.307861
vt 0.355713 0.300293
vt 0.386719 0.315430
vt 0.361084 0.291260
vt 0.392090 0.302002
vt 0.402588 0.322998
vt 0.365967 0.282227
vt 0.405273 0.307129
vt 0.406006 0.324951
vt 0.391602 0.287354
vt 0.409668 0.308594
vt 0.408691 0.325928
vt 0.406982 0.290771
vt 0.394531 0.273438
vt 0.365723 0.271729
vt 0.367188 0.261475
vt 0.363281 0.250244
vt 0.390869 0.259277
vt 0.390381 0.244385
vt 0.406982 0.274902
vt 0.360840 0.238770
vt 0.353271 0.229980
vt 0.348389 0.220459
vt 0.377197 0.215332
vt 0.382324 0.230225
vt 0.402100 0.241943
vt 0.406006 0.258301
vt 0.409668 0.258057
vt 0.412354 0.257568
vt 0.411377 0.275146
vt 0.414062 0.275146
vt 0.415039 0.257324
vt 0.416504 0.275146
vt 0.417969 0.257324
vt 0.419678 0.274902
vt 0.419434 0.292480
vt 0.416748 0.292725
vt 0.417480 0.310303
vt 0.414062 0.291992
vt 0.414795 0.309814
vt 0.414307 0.327393
vt 0.411377 0.326660
vt 0.412109 0.309082
vt 0.411133 0.291748
vt 0.700439 0.373779
vt 0.709473 0.346191
vt 0.785400 0.370605
vt 0.776367 0.398193
vt 0.767090 0.425781
vt 0.691406 0.401123
vt 0.682373 0.428467
vt 0.804932 0.407715
vt 0.796631 0.434570
vt 0.812988 0.380615
vt 0.759277 0.452637
vt 0.751465 0.480469
vt 0.674805 0.455811
vt 0.665771 0.483398
vt 0.815918 0.410645
vt 0.824463 0.384521
vt 0.807617 0.437744
vt 0.788086 0.461670
vt 0.780518 0.488525
vt 0.744873 0.508057
vt 0.801270 0.464844
vt 0.794189 0.490967
vt 0.787109 0.517822
vt 0.799072 0.519531
vt 0.804932 0.493164
vt 0.810547 0.520508
vt 0.809570 0.466309
vt 0.812500 0.494629
vt 0.818115 0.520264
vt 0.820557 0.495605
vt 0.825684 0.521240
vt 0.817871 0.467773
vt 0.825439 0.470215
vt 0.816650 0.440430
vt 0.824463 0.442871
vt 0.824463 0.414307
vt 0.891113 0.331787
vt 0.941406 0.327393
vt 0.934570 0.343018
vt 0.886230 0.348389
vt 0.869629 0.327881
vt 0.864258 0.342773
vt 0.884277 0.366943
vt 0.935303 0.356934
vt 0.863525 0.360352
vt 0.870850 0.378906
vt 0.889648 0.399902
vt 0.854736 0.341309
vt 0.849854 0.327637
vt 0.854736 0.378174
vt 0.853271 0.359131
vt 0.850830 0.398193
vt 0.867188 0.404053
vt 0.846436 0.377930
vt 0.847900 0.340332
vt 0.840088 0.326660
vt 0.847168 0.358887
vt 0.842529 0.340088
vt 0.833252 0.326660
vt 0.841309 0.358643
vt 0.840820 0.376709
vt 0.835205 0.376221
vt 0.841064 0.395020
vt 0.839111 0.413086
vt 0.831055 0.409668
vt 0.834473 0.393066
vt 0.829102 0.391846
vt 0.825195 0.407227
vt 0.855713 0.024414
vt 0.798828 0.024414
vt 0.798584 0.004150
vt 0.021240 0.734619
vt 0.006104 0.819336
vt 0.001465 0.731201
vt 0.011475 0.675781
vt 0.740967 0.294922
vt 0.756104 0.210449
vt 0.761475 0.298340
vt 0.751709 0.354004
vt 0.781494 0.301514
vt 0.776123 0.213623
vt 0.732666 0.681885
vt 0.825684 0.689209
vt 0.725830 0.697754
vt 0.696777 0.643066
vt 0.821533 0.710449
vt 0.728027 0.723145
vt 0.688232 0.720947
vt 0.818848 0.735596
vt 0.715820 0.747803
vt 0.819336 0.755859
vt 0.722412 0.764404
vt 0.823486 0.773438
vt 0.686523 0.790771
vt 0.333984 0.497559
vt 0.342041 0.506104
vt 0.325195 0.515137
vt 0.329834 0.520508
vt 0.346680 0.511719
vt 0.316162 0.507324
vt 0.307617 0.471680
vt 0.290527 0.483154
vt 0.299561 0.518311
vt 0.272949 0.495850
vt 0.308594 0.525879
vt 0.313232 0.530518
vt 0.333252 0.523926
vt 0.350830 0.515137
vt 0.316650 0.533203
vt 0.335693 0.526367
vt 0.352051 0.519775
vt 0.318848 0.536133
vt 0.337158 0.529053
vt 0.354980 0.520752
vt 0.320801 0.538330
vt 0.338379 0.531738
vt 0.354248 0.525146
vt 0.322754 0.541016
vt 0.341064 0.536377
vt 0.356934 0.530273
vt 0.325928 0.545410
vt 0.351074 0.553711
vt 0.364746 0.546631
vt 0.336182 0.559082
vt 0.361084 0.578613
vt 0.372314 0.575928
vt 0.381836 0.645020
vt 0.350342 0.585205
vt 0.339111 0.590088
vt 0.323730 0.568848
vt 0.311768 0.555420
vt 0.309570 0.577881
vt 0.330078 0.599121
vt 0.320312 0.607178
vt 0.312988 0.617676
vt 0.307129 0.628906
vt 0.287842 0.602783
vt 0.300049 0.591064
vt 0.298340 0.566895
vt 0.285889 0.580811
vt 0.308350 0.551758
vt 0.294434 0.563477
vt 0.305420 0.549072
vt 0.303467 0.546631
vt 0.291748 0.561523
vt 0.281982 0.577393
vt 0.275146 0.595459
vt 0.300781 0.545166
vt 0.289062 0.559570
vt 0.278809 0.575684
vt 0.270752 0.593018
vt 0.281982 0.618408
vt 0.265869 0.611816
vt 0.273682 0.634033
vt 0.304688 0.639893
vt 0.259277 0.630127
vt 0.273926 0.648926
vt 0.261475 0.609863
vt 0.268066 0.591553
vt 0.254150 0.628662
vt 0.250488 0.646484
vt 0.246094 0.645752
vt 0.258057 0.608887
vt 0.250732 0.627686
vt 0.243896 0.645508
vt 0.276367 0.573730
vt 0.264893 0.589844
vt 0.255127 0.607666
vt 0.247314 0.625977
vt 0.240234 0.644775
vt 0.286133 0.557861
vt 0.272461 0.572266
vt 0.261719 0.588135
vt 0.251709 0.605713
vt 0.297363 0.541992
vt 0.282959 0.555420
vt 0.292725 0.538086
vt 0.269287 0.569824
vt 0.277832 0.551514
vt 0.283936 0.531006
vt 0.256104 0.509766
vt 0.269287 0.545410
vt 0.245117 0.532715
vt 0.263428 0.566650
vt 0.257812 0.586670
vt 0.254150 0.562256
vt 0.252197 0.583496
vt 0.247803 0.604248
vt 0.224854 0.540527
vt 0.208008 0.485596
vt 0.243896 0.576904
vt 0.241943 0.601807
vt 0.244385 0.625244
vt 0.236084 0.643066
vt 0.240479 0.623535
vt 0.232178 0.641602
vt 0.234131 0.620605
vt 0.226318 0.639404
vt 0.232178 0.595947
vt 0.224609 0.614990
vt 0.216553 0.634033
vt 0.219971 0.559326
vt 0.170898 0.534912
vt 0.202881 0.579346
vt 0.134033 0.567627
vt 0.125732 0.589111
vt 0.194092 0.599609
vt 0.117432 0.608887
vt 0.184814 0.613037
vt 0.108398 0.626465
vt 0.173584 0.628418
vt 0.644287 0.113281
vt 0.670898 0.157959
vt 0.651855 0.155273
vt 0.633789 0.148926
vt 0.630615 0.167480
vt 0.665527 0.176025
vt 0.647217 0.171631
vt 0.630127 0.176025
vt 0.646240 0.180420
vt 0.630371 0.181885
vt 0.691895 0.163086
vt 0.701172 0.124268
vt 0.663330 0.185059
vt 0.684326 0.181152
vt 0.709717 0.168213
vt 0.730957 0.131592
vt 0.701660 0.186523
vt 0.680664 0.190430
vt 0.697754 0.195312
vt 0.645264 0.186523
vt 0.661865 0.191162
vt 0.678467 0.196533
vt 0.694824 0.201416
vt 0.630127 0.187012
vt 0.616211 0.180176
vt 0.644531 0.191895
vt 0.629639 0.192383
vt 0.660400 0.197021
vt 0.677246 0.202148
vt 0.692627 0.206787
vt 0.644043 0.197510
vt 0.629395 0.197266
vt 0.658936 0.202637
vt 0.675537 0.207520
vt 0.689941 0.211914
vt 0.643311 0.203125
vt 0.628906 0.201416
vt 0.642578 0.207520
vt 0.658203 0.208008
vt 0.674072 0.212158
vt 0.688232 0.217041
vt 0.657227 0.212402
vt 0.642334 0.211426
vt 0.632568 0.209717
vt 0.672607 0.216797
vt 0.686523 0.220947
vt 0.656982 0.215576
vt 0.641602 0.213867
vt 0.672119 0.220215
vt 0.685547 0.224121
vt 0.656250 0.217773
vt 0.641357 0.216064
vt 0.671387 0.222412
vt 0.684814 0.226318
vt 0.655762 0.219482
vt 0.641113 0.217773
vt 0.671143 0.224121
vt 0.684814 0.228271
vt 0.655518 0.221680
vt 0.640625 0.220215
vt 0.670898 0.225830
vt 0.684326 0.229980
vt 0.654785 0.224121
vt 0.639648 0.222656
vt 0.670654 0.228271
vt 0.684082 0.231934
vt 0.655029 0.226318
vt 0.639160 0.225586
vt 0.669922 0.230713
vt 0.683838 0.234863
vt 0.654297 0.229248
vt 0.638672 0.228027
vt 0.669678 0.233398
vt 0.683594 0.237549
vt 0.653809 0.231934
vt 0.637939 0.229736
vt 0.669189 0.236328
vt 0.683350 0.240479
vt 0.653320 0.234375
vt 0.637695 0.231689
vt 0.668945 0.238770
vt 0.683105 0.242920
vt 0.652588 0.236572
vt 0.636963 0.234131
vt 0.668945 0.240723
vt 0.682861 0.245117
vt 0.652344 0.239014
vt 0.635986 0.236816
vt 0.668701 0.243164
vt 0.682617 0.247803
vt 0.651855 0.241943
vt 0.635254 0.239746
vt 0.668213 0.246338
vt 0.682373 0.250977
vt 0.651367 0.244873
vt 0.668213 0.249268
vt 0.682617 0.253906
vt 0.652344 0.248047
vt 0.643555 0.256348
vt 0.667480 0.253174
vt 0.682373 0.257812
vt 0.650635 0.252930
vt 0.667236 0.257080
vt 0.682129 0.261719
vt 0.650635 0.256348
vt 0.667236 0.260498
vt 0.681641 0.265625
vt 0.650391 0.259766
vt 0.666260 0.263916
vt 0.650391 0.262207
vt 0.681885 0.268555
vt 0.666260 0.266602
vt 0.681396 0.270996
vt 0.666992 0.268799
vt 0.666260 0.281006
vt 0.681396 0.273193
vt 0.667480 0.270996
vt 0.666992 0.283691
vt 0.681152 0.275391
vt 0.667480 0.273682
vt 0.681152 0.277832
vt 0.667969 0.276367
vt 0.681152 0.280518
vt 0.667969 0.279053
vt 0.680908 0.282959
vt 0.731201 0.879639
vt 0.715088 0.871582
vt 0.715576 0.777588
vt 0.681152 0.904297
vt 0.736816 0.783203
vt 0.751221 0.879150
vt 0.725830 0.914307
vt 0.761475 0.785400
vt 0.774658 0.880127
vt 0.767822 0.909424
vt 0.784912 0.784180
vt 0.795410 0.873047
vt 0.807129 0.781006
vt 0.825928 0.911621
vt 0.813965 0.871582
vt 0.278320 0.185547
vt 0.295166 0.269043
vt 0.254639 0.195557
vt 0.284668 0.153564
vt 0.266357 0.155029
vt 0.232666 0.169922
vt 0.150635 0.170898
vt 0.256592 0.135986
vt 0.600342 0.486816
vt 0.593750 0.471436
vt 0.628418 0.472168
vt 0.636230 0.487793
vt 0.604736 0.499023
vt 0.639404 0.499756
vt 0.673828 0.488525
vt 0.608154 0.509521
vt 0.675781 0.500000
vt 0.641602 0.510498
vt 0.611328 0.520264
vt 0.677246 0.510742
vt 0.710938 0.500977
vt 0.643799 0.521484
vt 0.614014 0.530273
vt 0.710205 0.511475
vt 0.645264 0.531494
vt 0.615967 0.539062
vt 0.676758 0.522217
vt 0.708496 0.523438
vt 0.732910 0.509277
vt 0.731689 0.517822
vt 0.677002 0.532959
vt 0.707275 0.532715
vt 0.730225 0.528564
vt 0.646484 0.540283
vt 0.616943 0.545654
vt 0.676758 0.541504
vt 0.646484 0.546875
vt 0.617676 0.550293
vt 0.706543 0.541992
vt 0.729492 0.537598
vt 0.677246 0.548096
vt 0.646973 0.551514
vt 0.618408 0.553955
vt 0.707031 0.549561
vt 0.728271 0.544434
vt 0.676758 0.552979
vt 0.647217 0.554932
vt 0.618164 0.557373
vt 0.706787 0.554199
vt 0.728760 0.549805
vt 0.677002 0.556396
vt 0.646973 0.559082
vt 0.618164 0.561768
vt 0.707031 0.558594
vt 0.728271 0.553467
vt 0.707520 0.563232
vt 0.677979 0.561279
vt 0.646240 0.563965
vt 0.617188 0.567383
vt 0.678223 0.566406
vt 0.708496 0.568848
vt 0.727051 0.566895
vt 0.646484 0.569824
vt 0.616211 0.573242
vt 0.677979 0.572510
vt 0.708252 0.574951
vt 0.727783 0.573975
vt 0.646240 0.576660
vt 0.614990 0.579102
vt 0.677734 0.578613
vt 0.708740 0.581543
vt 0.728516 0.583008
vt 0.644775 0.581787
vt 0.613770 0.584473
vt 0.677002 0.584473
vt 0.708496 0.585938
vt 0.729004 0.591309
vt 0.644531 0.586914
vt 0.612549 0.588623
vt 0.677246 0.587891
vt 0.643555 0.591064
vt 0.611084 0.594482
vt 0.709229 0.589844
vt 0.729736 0.598145
vt 0.676758 0.593018
vt 0.643066 0.595947
vt 0.609375 0.600586
vt 0.709229 0.594482
vt 0.729248 0.603027
vt 0.675781 0.596924
vt 0.641602 0.601807
vt 0.608643 0.606689
vt 0.708984 0.599609
vt 0.729492 0.609619
vt 0.675293 0.603027
vt 0.640137 0.607422
vt 0.606445 0.614502
vt 0.708740 0.604736
vt 0.728516 0.616455
vt 0.675049 0.608643
vt 0.708008 0.610596
vt 0.639404 0.614990
vt 0.604492 0.622559
vt 0.673828 0.616211
vt 0.708252 0.618164
vt 0.637451 0.622559
vt 0.602783 0.630127
vt 0.672607 0.623535
vt 0.708008 0.625488
vt 0.635986 0.629883
vt 0.602051 0.635742
vt 0.635010 0.635010
vt 0.671875 0.630615
vt 0.671387 0.635498
vt 0.707764 0.632568
vt 0.650391 0.457520
vt 0.641602 0.430664
vt 0.659180 0.458984
vt 0.658447 0.433105
vt 0.647705 0.403809
vt 0.662109 0.407227
vt 0.668701 0.434082
vt 0.672607 0.409912
vt 0.619629 0.394775
vt 0.609619 0.422363
vt 0.553223 0.405029
vt 0.620117 0.365723
vt 0.652832 0.375732
vt 0.667480 0.381836
vt 0.677002 0.386230
vt 0.680908 0.412109
vt 0.685547 0.389160
vt 0.687012 0.364258
vt 0.677979 0.359863
vt 0.664551 0.354004
vt 0.631836 0.333008
vt 0.582031 0.313477
vt 0.654541 0.325928
vt 0.660645 0.270508
vt 0.549316 0.028809
vt 0.532471 0.085938
vt 0.511719 0.085449
vt 0.528809 0.112061
vt 0.544678 0.108887
vt 0.516357 0.114746
vt 0.499512 0.097412
vt 0.446045 0.098389
vt 0.535889 0.122070
vt 0.550781 0.118896
vt 0.540771 0.129150
vt 0.555176 0.125244
vt 0.696045 0.006104
vt 0.729004 0.004395
vt 0.697998 0.016113
vt 0.665527 0.020996
vt 0.944092 0.525146
vt 0.935059 0.532227
vt 0.941895 0.519287
vt 0.952393 0.518066
vt 0.951904 0.512939
vt 0.967773 0.508057
vt 0.950439 0.508789
vt 0.940918 0.515137
vt 0.969727 0.511963
vt 0.948486 0.504150
vt 0.939209 0.511230
vt 0.965576 0.504150
vt 0.985107 0.504639
vt 0.986084 0.510742
vt 0.997559 0.513672
vt 0.985107 0.500244
vt 0.995117 0.507812
vt 0.979248 0.497559
vt 0.963623 0.499512
vt 0.976562 0.493896
vt 0.961182 0.495850
vt 0.974854 0.490967
vt 0.947266 0.500977
vt 0.938232 0.508301
vt 0.960205 0.493164
vt 0.973877 0.489014
vt 0.945801 0.498291
vt 0.937256 0.506348
vt 0.958984 0.491211
vt 0.973145 0.487061
vt 0.944580 0.496094
vt 0.958496 0.489014
vt 0.972412 0.484619
vt 0.943848 0.493896
vt 0.937256 0.500244
vt 0.957275 0.486816
vt 0.971436 0.481934
vt 0.942871 0.491699
vt 0.935791 0.497314
vt 0.956543 0.484619
vt 0.971191 0.479492
vt 0.941895 0.489258
vt 0.934326 0.494141
vt 0.955811 0.481689
vt 0.970459 0.477051
vt 0.940674 0.486328
vt 0.932617 0.490967
vt 0.955322 0.479736
vt 0.970459 0.475098
vt 0.940186 0.484131
vt 0.931152 0.487549
vt 0.954590 0.477295
vt 0.970215 0.473145
vt 0.939209 0.481934
vt 0.930176 0.484131
vt 0.954102 0.475098
vt 0.969727 0.470459
vt 0.938721 0.479980
vt 0.928955 0.481445
vt 0.954102 0.473145
vt 0.969727 0.468018
vt 0.938232 0.478027
vt 0.928467 0.478516
vt 0.953369 0.470215
vt 0.969482 0.465332
vt 0.937988 0.474854
vt 0.953369 0.467529
vt 0.937012 0.472168
vt 0.969238 0.461182
vt 0.936768 0.468262
vt 0.952881 0.463623
vt 0.969238 0.456787
vt 0.935547 0.464111
vt 0.952637 0.459473
vt 0.968750 0.453369
vt 0.951660 0.455811
vt 0.935059 0.460938
vt 0.968750 0.450439
vt 0.950684 0.452881
vt 0.968262 0.447510
vt 0.951416 0.450928
vt 0.948486 0.440430
vt 0.968018 0.445312
vt 0.952393 0.448730
vt 0.948975 0.437500
vt 0.968262 0.443115
vt 0.951904 0.446289
vt 0.967773 0.440430
vt 0.951904 0.443604
vt 0.967773 0.437988
vt 0.952148 0.440186
vt 0.967529 0.435059
vt 0.952393 0.437744
vt 0.967529 0.432129
vt 0.270752 0.239502
vt 0.281982 0.269531
vt 0.261230 0.239502
vt 0.251709 0.207031
vt 0.272217 0.270264
vt 0.242676 0.208008
vt 0.251953 0.241699
vt 0.262939 0.270996
vt 0.243652 0.242676
vt 0.233887 0.210693
vt 0.254395 0.272217
vt 0.226807 0.212891
vt 0.236328 0.244141
vt 0.248291 0.272949
vt 0.222168 0.216064
vt 0.231201 0.246094
vt 0.243408 0.275146
vt 0.216309 0.215576
vt 0.237305 0.201904
vt 0.227295 0.246826
vt 0.239258 0.276367
vt 0.213135 0.215820
vt 0.233643 0.200928
vt 0.223877 0.247314
vt 0.236084 0.277100
vt 0.209229 0.216309
vt 0.225830 0.201660
vt 0.218750 0.248291
vt 0.230469 0.279053
vt 0.204346 0.217529
vt 0.223389 0.202637
vt 0.214600 0.249512
vt 0.225830 0.281006
vt 0.199463 0.218262
vt 0.217285 0.202393
vt 0.208252 0.251709
vt 0.221436 0.282715
vt 0.194092 0.219482
vt 0.209961 0.203369
vt 0.204102 0.252930
vt 0.217529 0.284668
vt 0.187744 0.219971
vt 0.205078 0.205811
vt 0.199951 0.254639
vt 0.211426 0.288818
vt 0.186035 0.219238
vt 0.199219 0.206543
vt 0.196289 0.256348
vt 0.208252 0.289551
vt 0.181641 0.223145
vt 0.164307 0.196289
vt 0.158447 0.198486
vt 0.192871 0.258545
vt 0.204102 0.290527
vt 0.177002 0.225586
vt 0.153809 0.200439
vt 0.188477 0.259766
vt 0.198975 0.291992
vt 0.171631 0.227539
vt 0.164551 0.230957
vt 0.182861 0.261475
vt 0.193359 0.294434
vt 0.145996 0.203857
vt 0.175537 0.265137
vt 0.185303 0.297363
vt 0.155273 0.233887
vt 0.138428 0.207764
vt 0.132080 0.211670
vt 0.166748 0.268066
vt 0.177246 0.301025
vt 0.148926 0.236816
vt 0.159912 0.270508
vt 0.169189 0.303711
vt 0.125244 0.214600
vt 0.119385 0.198486
vt 0.143066 0.239258
vt 0.154541 0.273193
vt 0.163086 0.306885
vt 0.120850 0.217529
vt 0.113037 0.202148
vt 0.137695 0.242188
vt 0.149170 0.275146
vt 0.157715 0.308105
vt 0.116455 0.220459
vt 0.092773 0.202393
vt 0.089600 0.205566
vt 0.132812 0.244385
vt 0.112305 0.222900
vt 0.086182 0.209717
vt 0.143555 0.278076
vt 0.151367 0.309814
vt 0.128418 0.246582
vt 0.107178 0.226807
vt 0.080811 0.214111
vt 0.139893 0.279541
vt 0.147217 0.312256
vt 0.123779 0.249756
vt 0.101807 0.230713
vt 0.076660 0.218262
vt 0.134766 0.282471
vt 0.141357 0.314453
vt 0.118652 0.252441
vt 0.128662 0.284912
vt 0.135498 0.315918
vt 0.096191 0.234131
vt 0.112305 0.255859
vt 0.123291 0.286133
vt 0.130127 0.317871
vt 0.071533 0.222900
vt 0.052246 0.210449
vt 0.090576 0.237793
vt 0.106445 0.259521
vt 0.116943 0.289795
vt 0.124023 0.319336
vt 0.067139 0.226074
vt 0.047607 0.215576
vt 0.085449 0.240723
vt 0.100830 0.261963
vt 0.110352 0.291748
vt 0.117188 0.321533
vt 0.064941 0.227539
vt 0.043701 0.217529
vt 0.082764 0.243408
vt 0.098633 0.263428
vt 0.106934 0.293457
vt 0.113037 0.322266
vt 0.062744 0.229492
vt 0.041992 0.219727
vt 0.079590 0.245117
vt 0.095459 0.265137
vt 0.104492 0.294922
vt 0.109863 0.322754
vt 0.060059 0.231201
vt 0.039307 0.223145
vt 0.076172 0.247803
vt 0.055908 0.232666
vt 0.036377 0.225098
vt 0.091309 0.267334
vt 0.072998 0.249023
vt 0.052734 0.235107
vt 0.101562 0.295654
vt 0.107178 0.324463
vt 0.088867 0.269287
vt 0.070068 0.250488
vt 0.050049 0.237061
vt 0.098145 0.298096
vt 0.104492 0.325928
vt 0.085693 0.270264
vt 0.067383 0.252441
vt 0.046631 0.238037
vt 0.095215 0.299805
vt 0.101807 0.327881
vt 0.082275 0.271973
vt 0.064453 0.253662
vt 0.042969 0.239990
vt 0.060303 0.255615
vt 0.092285 0.302002
vt 0.099121 0.329590
vt 0.079590 0.274170
vt 0.076416 0.275879
vt 0.089600 0.302979
vt 0.096680 0.331787
vt 0.085693 0.306641
vt 0.093262 0.334229
vt 0.298340 0.008057
vt 0.264160 0.008057
vt 0.297852 0.000000
vt 0.583740 0.666748
vt 0.571289 0.702881
vt 0.577148 0.666992
vt 0.565918 0.702148
vt 0.572266 0.666504
vt 0.562012 0.700684
vt 0.568115 0.665527
vt 0.556641 0.701904
vt 0.562744 0.665039
vt 0.552246 0.700684
vt 0.555908 0.664062
vt 0.544922 0.701172
vt 0.550537 0.663574
vt 0.539551 0.700439
vt 0.545898 0.663086
vt 0.532715 0.701172
vt 0.540771 0.662354
vt 0.528320 0.700684
vt 0.537354 0.662109
vt 0.523682 0.700684
vt 0.530518 0.661377
vt 0.518066 0.700439
vt 0.525146 0.660400
vt 0.512207 0.699219
vt 0.519531 0.660156
vt 0.504639 0.695557
vt 0.506104 0.657715
vt 0.496826 0.701660
vt 0.518799 0.707275
vt 0.500977 0.656982
vt 0.487061 0.696289
vt 0.472168 0.733887
vt 0.491455 0.654541
vt 0.464111 0.730469
vt 0.478760 0.694092
vt 0.484131 0.653809
vt 0.456543 0.727783
vt 0.470459 0.692139
vt 0.478027 0.651855
vt 0.448486 0.724609
vt 0.464844 0.689941
vt 0.470947 0.649658
vt 0.444092 0.721191
vt 0.459717 0.688477
vt 0.465332 0.649658
vt 0.438477 0.719727
vt 0.434326 0.741699
vt 0.453125 0.686035
vt 0.458740 0.647949
vt 0.432129 0.714844
vt 0.427002 0.738281
vt 0.447266 0.684570
vt 0.451904 0.645752
vt 0.427002 0.712402
vt 0.404053 0.738770
vt 0.399658 0.734863
vt 0.440918 0.680908
vt 0.445312 0.643555
vt 0.420898 0.708984
vt 0.394775 0.730225
vt 0.433350 0.677734
vt 0.437744 0.640137
vt 0.414551 0.705811
vt 0.389648 0.725586
vt 0.426270 0.672852
vt 0.429443 0.636963
vt 0.406738 0.699707
vt 0.418701 0.669434
vt 0.424316 0.632812
vt 0.383057 0.719482
vt 0.364502 0.738525
vt 0.401123 0.695312
vt 0.414551 0.666260
vt 0.420898 0.630615
vt 0.378174 0.715088
vt 0.355713 0.732178
vt 0.352295 0.727539
vt 0.398193 0.693604
vt 0.375244 0.711426
vt 0.350342 0.722900
vt 0.410645 0.664307
vt 0.417236 0.628174
vt 0.394775 0.690430
vt 0.372070 0.708496
vt 0.348877 0.721680
vt 0.407227 0.661621
vt 0.413818 0.625977
vt 0.389893 0.687500
vt 0.368896 0.706299
vt 0.346436 0.718994
vt 0.364746 0.703857
vt 0.404297 0.658203
vt 0.410400 0.622803
vt 0.385742 0.684814
vt 0.399414 0.655273
vt 0.406982 0.619629
vt 0.382568 0.681885
vt 0.362061 0.701172
vt 0.339111 0.708008
vt 0.396240 0.652344
vt 0.403809 0.617188
vt 0.378906 0.679932
vt 0.359375 0.698486
vt 0.393555 0.650146
vt 0.399902 0.612549
vt 0.388916 0.646484
vt 0.375977 0.677734
vt 0.371826 0.674316
vt 0.355469 0.696777
vt 0.351318 0.694580
vt 0.908447 0.717773
vt 0.917480 0.717773
vt 0.910156 0.754395
vt 0.900879 0.718018
vt 0.917480 0.753418
vt 0.925537 0.752930
vt 0.943359 0.769775
vt 0.926025 0.768555
vt 0.900391 0.751709
vt 0.905762 0.771484
vt 0.894531 0.718506
vt 0.894287 0.749756
vt 0.895752 0.768555
vt 0.889404 0.717529
vt 0.889648 0.748779
vt 0.886963 0.762695
vt 0.885254 0.717285
vt 0.883789 0.702637
vt 0.885742 0.748291
vt 0.879395 0.762207
vt 0.878662 0.716797
vt 0.877686 0.696045
vt 0.880615 0.749268
vt 0.873291 0.768066
vt 0.872559 0.716553
vt 0.864746 0.701172
vt 0.875000 0.749756
vt 0.864014 0.766846
vt 0.866943 0.715576
vt 0.854248 0.695068
vt 0.867920 0.750977
vt 0.854248 0.769775
vt 0.862793 0.716553
vt 0.845947 0.702637
vt 0.863525 0.751221
vt 0.844971 0.770020
vt 0.858887 0.717285
vt 0.840576 0.703125
vt 0.858398 0.751709
vt 0.835938 0.770264
vt 0.855225 0.718994
vt 0.834717 0.704346
vt 0.854736 0.751221
vt 0.828369 0.771240
vt 0.184326 0.000244
vt 0.160645 0.007812
vt 0.160889 0.000244
vt 0.736328 0.009521
vt 0.766846 0.005127
vt 0.736816 0.019531
vt 0.704102 0.021240
vt 0.089355 0.035156
vt 0.110840 0.014160
vt 0.097656 0.036621
vt 0.100586 0.076904
vt 0.091309 0.074707
vt 0.082275 0.034180
vt 0.104248 0.015137
vt 0.083008 0.073730
vt 0.078613 0.032715
vt 0.087891 0.016113
vt 0.076904 0.073486
vt 0.071045 0.031494
vt 0.079590 0.014893
vt 0.070557 0.072510
vt 0.062500 0.034668
vt 0.063477 0.014648
vt 0.062988 0.073975
vt 0.056641 0.034180
vt 0.054443 0.013428
vt 0.057129 0.075684
vt 0.052246 0.035645
vt 0.044434 0.018066
vt 0.051270 0.078125
vt 0.048340 0.105957
vt 0.044922 0.035889
vt 0.025635 0.013916
vt 0.046875 0.078125
vt 0.037109 0.101074
vt 0.042236 0.037354
vt 0.023926 0.020996
vt 0.040527 0.080078
vt 0.028809 0.103760
vt 0.036133 0.038818
vt 0.014404 0.022949
vt 0.035645 0.081055
vt 0.024414 0.105957
vt 0.032471 0.041016
vt 0.009521 0.027832
vt 0.032471 0.080078
vt 0.015381 0.107666
vt 0.330811 0.009033
vt 0.302734 0.004150
vt 0.332764 0.000000
vt 0.360596 0.008301
vt 0.132812 0.007812
vt 0.156494 0.000244
vt 0.156250 0.007080
vt 0.684570 0.004150
vt 0.653320 0.019043
vt 0.653076 0.008545
vt 0.620361 0.021240
vt 0.886230 0.014404
vt 0.921387 0.014404
vt 0.917236 0.024414
vt 0.766357 0.014648
vt 0.793945 0.008301
vt 0.767090 0.024170
vt 0.737549 0.026123
vt 0.871094 0.000488
vt 0.904053 0.009277
vt 0.867432 0.010742
vt 0.403076 0.027344
vt 0.405762 0.026611
vt 0.412354 0.039551
vt 0.409912 0.040283
vt 0.419189 0.038818
vt 0.410156 0.024170
vt 0.424561 0.036133
vt 0.416504 0.020508
vt 0.431152 0.052979
vt 0.426270 0.055420
vt 0.431641 0.031738
vt 0.437988 0.069092
vt 0.433350 0.071777
vt 0.441406 0.086670
vt 0.436035 0.089355
vt 0.447754 0.084229
vt 0.445068 0.066406
vt 0.465576 0.077881
vt 0.438232 0.048828
vt 0.461670 0.059814
vt 0.517822 0.064453
vt 0.510742 0.043945
vt 0.501221 0.025146
vt 0.454346 0.041748
vt 0.448242 0.023438
vt 0.495117 0.000244
vt 0.439697 0.006348
vt 0.424072 0.015869
vt 0.417725 0.001709
vt 0.407715 0.009521
vt 0.115723 0.994873
vt 0.082520 0.984131
vt 0.120361 0.982910
vt 0.070068 0.278809
vt 0.079834 0.308838
vt 0.069580 0.308838
vt 0.906006 0.000244
vt 0.939941 0.000244
vt 0.935059 0.013916
vt 0.552002 0.929932
vt 0.546875 0.946289
vt 0.547119 0.931396
vt 0.541016 0.948486
vt 0.546631 0.974121
vt 0.541260 0.934082
vt 0.540527 0.972412
vt 0.552002 0.986572
vt 0.546387 0.985352
vt 0.535400 0.949707
vt 0.535156 0.971191
vt 0.541016 0.984131
vt 0.534180 0.935303
vt 0.546631 0.919678
vt 0.529541 0.949219
vt 0.530029 0.970703
vt 0.535889 0.983643
vt 0.530273 0.933838
vt 0.540771 0.923584
vt 0.524170 0.950439
vt 0.525146 0.935547
vt 0.523926 0.971191
vt 0.529053 0.985840
vt 0.519043 0.950928
vt 0.520996 0.936279
vt 0.518555 0.972168
vt 0.514648 0.950195
vt 0.518555 0.936279
vt 0.513428 0.972656
vt 0.521240 0.980713
vt 0.511475 0.950684
vt 0.516357 0.935791
vt 0.510498 0.971924
vt 0.516113 0.981934
vt 0.508545 0.949707
vt 0.513184 0.935791
vt 0.506836 0.971680
vt 0.511719 0.979980
vt 0.505127 0.949707
vt 0.510742 0.935303
vt 0.501709 0.948486
vt 0.504639 0.971436
vt 0.507324 0.979736
vt 0.500488 0.971924
vt 0.503906 0.981445
vt 0.498535 0.948730
vt 0.498291 0.940430
vt 0.496826 0.972412
vt 0.499512 0.981689
vt 0.495117 0.948242
vt 0.491211 0.938477
vt 0.492432 0.972412
vt 0.492432 0.980957
vt 0.491455 0.948242
vt 0.485840 0.938232
vt 0.490967 0.971924
vt 0.489502 0.981445
vt 0.488770 0.948242
vt 0.481689 0.938477
vt 0.488037 0.971924
vt 0.482666 0.979980
vt 0.486328 0.948486
vt 0.479492 0.939453
vt 0.485840 0.971924
vt 0.480469 0.981201
vt 0.482178 0.948730
vt 0.476318 0.937744
vt 0.481689 0.972412
vt 0.475098 0.982178
vt 0.479004 0.948975
vt 0.469482 0.939209
vt 0.478516 0.972412
vt 0.470703 0.981445
vt 0.473877 0.947754
vt 0.473145 0.972900
vt 0.465088 0.982178
vt 0.468994 0.947998
vt 0.469482 0.973145
vt 0.460205 0.980957
vt 0.465332 0.947998
vt 0.465576 0.972900
vt 0.454590 0.980469
vt 0.462402 0.947754
vt 0.462402 0.971436
vt 0.451172 0.981201
vt 0.056396 0.686523
vt 0.031250 0.691162
vt 0.050049 0.680176
vt 0.057617 0.645020
vt 0.048584 0.640869
vt 0.037842 0.680176
vt 0.057861 0.605225
vt 0.067139 0.611816
vt 0.050293 0.599121
vt 0.066162 0.650146
vt 0.075195 0.617676
vt 0.039551 0.634766
vt 0.028076 0.676758
vt 0.042725 0.593506
vt 0.031006 0.630127
vt 0.033691 0.586670
vt 0.018555 0.672852
vt 0.023193 0.624756
vt 0.011230 0.667725
vt 0.012695 0.619385
vt 0.000488 0.663818
vt 0.072510 0.654541
vt 0.082031 0.621826
vt 0.063965 0.690674
vt 0.039795 0.699463
vt 0.068359 0.693115
vt 0.045654 0.704834
vt 0.077881 0.657471
vt 0.086670 0.623779
vt 0.072510 0.695068
vt 0.050537 0.704834
vt 0.082031 0.659668
vt 0.090820 0.626221
vt 0.076416 0.697021
vt 0.055664 0.706299
vt 0.087158 0.661133
vt 0.096191 0.628174
vt 0.081055 0.699463
vt 0.060303 0.709961
vt 0.091797 0.663818
vt 0.101318 0.629883
vt 0.086670 0.702148
vt 0.066162 0.714111
vt 0.097412 0.665771
vt 0.106445 0.631836
vt 0.092285 0.704834
vt 0.073242 0.718018
vt 0.102539 0.668457
vt 0.112549 0.634033
vt 0.096436 0.706543
vt 0.078613 0.721680
vt 0.107910 0.669678
vt 0.117432 0.635254
vt 0.100586 0.708252
vt 0.083984 0.724365
vt 0.112061 0.671631
vt 0.122070 0.636230
vt 0.106445 0.710449
vt 0.091064 0.727051
vt 0.117676 0.672363
vt 0.127441 0.638428
vt 0.112549 0.712402
vt 0.098877 0.730469
vt 0.123047 0.674316
vt 0.133545 0.639648
vt 0.118896 0.714111
vt 0.107178 0.732910
vt 0.129395 0.676270
vt 0.141113 0.641602
vt 0.127441 0.716064
vt 0.117676 0.735352
vt 0.137939 0.677979
vt 0.150146 0.643555
vt 0.136230 0.718018
vt 0.129883 0.737549
vt 0.147949 0.679932
vt 0.159180 0.645020
vt 0.145020 0.719482
vt 0.141357 0.739258
vt 0.155518 0.680908
vt 0.167236 0.646240
vt 0.151855 0.720459
vt 0.152100 0.739990
vt 0.161621 0.682861
vt 0.174805 0.647949
vt 0.158447 0.721436
vt 0.160889 0.740479
vt 0.168213 0.683350
vt 0.180664 0.649414
vt 0.164795 0.721436
vt 0.179199 0.743896
vt 0.183105 0.743408
vt 0.174805 0.683350
vt 0.187012 0.650391
vt 0.169922 0.721680
vt 0.187012 0.742676
vt 0.180176 0.684326
vt 0.192871 0.651367
vt 0.176270 0.722168
vt 0.193604 0.742188
vt 0.185547 0.685547
vt 0.197754 0.653076
vt 0.183350 0.722168
vt 0.199219 0.741211
vt 0.192871 0.686768
vt 0.204346 0.653809
vt 0.191650 0.722412
vt 0.205811 0.740967
vt 0.199219 0.686768
vt 0.211670 0.655762
vt 0.197754 0.722656
vt 0.211670 0.740479
vt 0.206543 0.687744
vt 0.217773 0.657471
vt 0.203857 0.723145
vt 0.214844 0.740723
vt 0.212402 0.688721
vt 0.224121 0.658447
vt 0.207764 0.723389
vt 0.218994 0.740967
vt 0.215820 0.688721
vt 0.226807 0.658447
vt 0.211670 0.723877
vt 0.222168 0.741211
vt 0.219971 0.690186
vt 0.230957 0.659424
vt 0.215576 0.723877
vt 0.226807 0.741455
vt 0.223877 0.689453
vt 0.235352 0.660156
vt 0.218994 0.723877
vt 0.230713 0.741943
vt 0.228516 0.689941
vt 0.239990 0.660889
vt 0.224121 0.724365
vt 0.234131 0.742188
vt 0.233398 0.690918
vt 0.243896 0.660400
vt 0.228516 0.723389
vt 0.237793 0.742676
vt 0.235840 0.691406
vt 0.247803 0.661377
vt 0.233643 0.724365
vt 0.241455 0.743652
vt 0.237061 0.724609
vt 0.240479 0.691162
vt 0.244873 0.692139
vt 0.251221 0.661133
vt 0.256104 0.661377
vt 0.614258 0.008545
vt 0.638184 0.007568
vt 0.614502 0.014160
vt 0.590576 0.012939
vt 0.590088 0.007568
vt 0.566895 0.015869
vt 0.504150 0.001953
vt 0.528809 0.002197
vt 0.528320 0.006836
vt 0.503174 0.008545
vt 0.528076 0.012207
vt 0.553223 0.003418
vt 0.552979 0.009033
vt 0.577393 0.005371
vt 0.198975 0.949463
vt 0.206055 0.925781
vt 0.211670 0.924805
vt 0.193848 0.893799
vt 0.199219 0.888916
vt 0.164795 0.885986
vt 0.218018 0.922852
vt 0.210205 0.949707
vt 0.202393 0.883301
vt 0.171875 0.882568
vt 0.226807 0.920410
vt 0.222412 0.944580
vt 0.213379 0.882324
vt 0.205566 0.849854
vt 0.214600 0.847656
vt 0.236816 0.917236
vt 0.238770 0.939941
vt 0.224365 0.880127
vt 0.225342 0.844482
vt 0.245361 0.914795
vt 0.255127 0.935791
vt 0.231689 0.876953
vt 0.233154 0.840820
vt 0.251709 0.911865
vt 0.267090 0.931641
vt 0.238037 0.874023
vt 0.239258 0.838867
vt 0.257568 0.909424
vt 0.277832 0.927734
vt 0.242188 0.871582
vt 0.261230 0.906982
vt 0.278076 0.921387
vt 0.246826 0.869629
vt 0.244873 0.836182
vt 0.248047 0.806885
vt 0.248779 0.834717
vt 0.255859 0.805664
vt 0.354492 0.000000
vt 0.383789 0.000000
vt 0.383057 0.004883
vt 0.412842 0.004639
vt 0.895264 0.895264
vt 0.929688 0.894043
vt 0.897217 0.901123
vt 0.929932 0.899414
vt 0.963623 0.891602
vt 0.898438 0.907471
vt 0.960693 0.898926
vt 0.930176 0.906006
vt 0.900391 0.914795
vt 0.962891 0.905029
vt 0.978760 0.883057
vt 0.931885 0.911865
vt 0.901123 0.920166
vt 0.880127 0.906738
vt 0.964111 0.908447
vt 0.979736 0.890625
vt 0.932373 0.916748
vt 0.899658 0.924805
vt 0.883057 0.913330
vt 0.964355 0.915527
vt 0.979980 0.898926
vt 0.933350 0.921387
vt 0.902832 0.928955
vt 0.876465 0.938477
vt 0.877930 0.942383
vt 0.963623 0.921387
vt 0.983398 0.906494
vt 0.933350 0.926758
vt 0.905029 0.934570
vt 0.880371 0.947510
vt 0.964111 0.926758
vt 0.979736 0.916748
vt 0.934082 0.931396
vt 0.906250 0.939941
vt 0.882568 0.953613
vt 0.963379 0.931152
vt 0.979736 0.923096
vt 0.934570 0.937012
vt 0.907715 0.945068
vt 0.885010 0.960938
vt 0.963379 0.936523
vt 0.979736 0.930908
vt 0.935059 0.942871
vt 0.908691 0.951660
vt 0.887695 0.965820
vt 0.963135 0.942871
vt 0.980469 0.940186
vt 0.936279 0.949219
vt 0.910156 0.959229
vt 0.890137 0.972656
vt 0.870605 0.979736
vt 0.963135 0.949219
vt 0.980225 0.949707
vt 0.936523 0.956299
vt 0.911865 0.965088
vt 0.891113 0.976807
vt 0.874268 0.986084
vt 0.963379 0.956055
vt 0.979980 0.959717
vt 0.936768 0.961670
vt 0.912109 0.969482
vt 0.891846 0.979980
vt 0.875000 0.990234
vt 0.962891 0.961670
vt 0.978760 0.967285
vt 0.937012 0.966064
vt 0.913086 0.972656
vt 0.892090 0.983398
vt 0.876465 0.994141
vt 0.962891 0.963623
vt 0.977539 0.973389
vt 0.937744 0.969238
vt 0.913818 0.975586
vt 0.892578 0.987305
vt 0.876953 0.998047
vt 0.914062 0.978516
vt 0.893066 0.990234
vt 0.937988 0.972412
vt 0.962891 0.966553
vt 0.977295 0.976074
vt 0.963867 0.971680
vt 0.979736 0.980713
vt 0.937500 0.975586
vt 0.913818 0.982422
vt 0.893066 0.993164
vt 0.963623 0.974609
vt 0.979492 0.984131
vt 0.938477 0.979248
vt 0.913818 0.986084
vt 0.893066 0.995850
vt 0.963623 0.978027
vt 0.979492 0.989502
vt 0.938477 0.982666
vt 0.914062 0.988037
vt 0.892578 0.999512
vt 0.914062 0.991943
vt 0.938721 0.984131
vt 0.939209 0.988525
vt 0.964355 0.980957
vt 0.978760 0.994385
vt 0.964111 0.982910
vt 0.978027 0.997314
vt 0.963379 0.987549
vt 0.979492 0.999756
vt 0.209961 0.001221
vt 0.209961 0.008789
vt 0.180420 0.007812
vt 0.105957 0.186279
vt 0.099854 0.187744
vt 0.099365 0.160889
vt 0.095215 0.162354
vt 0.095459 0.188721
vt 0.106689 0.159424
vt 0.114990 0.185303
vt 0.086426 0.131836
vt 0.116211 0.157715
vt 0.123779 0.184082
vt 0.090820 0.130859
vt 0.131348 0.160400
vt 0.097900 0.129639
vt 0.105957 0.126709
vt 0.082764 0.104492
vt 0.089111 0.102051
vt 0.077393 0.105957
vt 0.097900 0.097900
vt 0.072998 0.106934
vt 0.115967 0.123047
vt 0.106689 0.093506
vt 0.080811 0.133301
vt 0.068115 0.107910
vt 0.135254 0.153320
vt 0.149902 0.162354
vt 0.123779 0.119141
vt 0.114746 0.088623
vt 0.143311 0.150879
vt 0.160400 0.161865
vt 0.132568 0.115234
vt 0.122314 0.083252
vt 0.150635 0.146484
vt 0.175049 0.154541
vt 0.140869 0.110840
vt 0.129883 0.077881
vt 0.159180 0.137939
vt 0.149902 0.107178
vt 0.184326 0.150146
vt 0.091064 0.163330
vt 0.091309 0.189941
vt 0.086182 0.164795
vt 0.086670 0.190918
vt 0.077637 0.134277
vt 0.063232 0.108643
vt 0.073242 0.135742
vt 0.057617 0.109619
vt 0.082275 0.165283
vt 0.081299 0.193115
vt 0.067627 0.136719
vt 0.053223 0.110352
vt 0.077148 0.166748
vt 0.076660 0.194580
vt 0.062012 0.137451
vt 0.049072 0.110352
vt 0.071777 0.168457
vt 0.072021 0.196777
vt 0.059082 0.138428
vt 0.044678 0.110596
vt 0.067871 0.169434
vt 0.068359 0.197754
vt 0.054199 0.138672
vt 0.039307 0.110840
vt 0.064453 0.170654
vt 0.064453 0.198975
vt 0.050293 0.139648
vt 0.034424 0.111816
vt 0.059570 0.172119
vt 0.060059 0.201416
vt 0.044678 0.141113
vt 0.028809 0.112549
vt 0.055420 0.173340
vt 0.055420 0.202881
vt 0.039551 0.142090
vt 0.049316 0.174561
vt 0.050293 0.204834
vt 0.031982 0.143555
vt 0.020996 0.113281
vt 0.042236 0.176758
vt 0.043213 0.207520
vt 0.024658 0.144287
vt 0.012207 0.113525
vt 0.005615 0.114258
vt 0.035156 0.178955
vt 0.035156 0.210449
vt 0.017578 0.145508
vt 0.000000 0.114502
vt 0.011963 0.145752
vt 0.029053 0.180420
vt 0.023438 0.182373
vt 0.029297 0.212646
vt 0.023926 0.214844
vt 0.755859 0.202881
vt 0.750732 0.203125
vt 0.753906 0.165283
vt 0.747803 0.165771
vt 0.744873 0.204102
vt 0.759033 0.165283
vt 0.761475 0.202637
vt 0.749512 0.124023
vt 0.741455 0.166016
vt 0.739502 0.205811
vt 0.736328 0.166016
vt 0.735596 0.125732
vt 0.740234 0.124512
vt 0.713135 0.104492
vt 0.720459 0.103516
vt 0.755371 0.123779
vt 0.730469 0.104248
vt 0.759033 0.121826
vt 0.741943 0.107910
vt 0.763184 0.165283
vt 0.766846 0.201904
vt 0.764648 0.125732
vt 0.770752 0.093018
vt 0.776367 0.094238
vt 0.769775 0.165771
vt 0.774170 0.200928
vt 0.771240 0.126709
vt 0.782227 0.096436
vt 0.777100 0.164551
vt 0.780762 0.200439
vt 0.778320 0.128418
vt 0.789062 0.096924
vt 0.782715 0.165771
vt 0.787354 0.200439
vt 0.783936 0.128418
vt 0.793701 0.097900
vt 0.789307 0.166016
vt 0.792969 0.200928
vt 0.790283 0.128418
vt 0.800049 0.099121
vt 0.794922 0.166016
vt 0.800049 0.201904
vt 0.795898 0.129639
vt 0.807129 0.098633
vt 0.801758 0.166504
vt 0.808350 0.202881
vt 0.802002 0.128662
vt 0.812744 0.099609
vt 0.810791 0.167480
vt 0.820068 0.205811
vt 0.811035 0.129883
vt 0.821777 0.098877
vt 0.820801 0.169189
vt 0.832275 0.209229
vt 0.821289 0.130127
vt 0.832764 0.098389
vt 0.832764 0.170410
vt 0.843506 0.212891
vt 0.833740 0.129150
vt 0.845459 0.095215
vt 0.844238 0.126953
vt 0.844238 0.172363
vt 0.853760 0.216064
vt 0.853516 0.177246
vt 0.540527 0.221436
vt 0.539062 0.215088
vt 0.577148 0.205078
vt 0.574951 0.200195
vt 0.537354 0.209961
vt 0.578613 0.210449
vt 0.543457 0.226807
vt 0.613037 0.189697
vt 0.614014 0.194580
vt 0.611816 0.184814
vt 0.615967 0.200439
vt 0.573975 0.195312
vt 0.610352 0.178711
vt 0.580322 0.216309
vt 0.616699 0.205322
vt 0.544922 0.231201
vt 0.582031 0.222168
vt 0.619141 0.211914
vt 0.546387 0.237061
vt 0.583252 0.227783
vt 0.620605 0.217773
vt 0.549072 0.243164
vt 0.585205 0.232910
vt 0.621826 0.222900
vt 0.549805 0.248291
vt 0.586914 0.239502
vt 0.624512 0.229004
vt 0.551758 0.256592
vt 0.589600 0.247070
vt 0.626953 0.236328
vt 0.553467 0.266602
vt 0.592773 0.256592
vt 0.630859 0.246338
vt 0.555908 0.278076
vt 0.595703 0.268066
vt 0.635742 0.256104
vt 0.557373 0.289307
vt 0.598877 0.278809
vt 0.640869 0.266602
vt 0.560303 0.300049
vt 0.602783 0.290039
vt 0.645264 0.276855
vt 0.562256 0.312256
vt 0.605957 0.301025
vt 0.516357 0.212158
vt 0.535400 0.204590
vt 0.572754 0.189453
vt 0.609375 0.173340
vt 0.534180 0.198486
vt 0.511475 0.205566
vt 0.571045 0.184082
vt 0.606934 0.165283
vt 0.532715 0.193115
vt 0.509766 0.196777
vt 0.570068 0.177490
vt 0.604736 0.156250
vt 0.625000 0.144287
vt 0.530273 0.186768
vt 0.505127 0.188232
vt 0.567383 0.167480
vt 0.603516 0.147461
vt 0.622314 0.131836
vt 0.528564 0.177734
vt 0.502441 0.179443
vt 0.565674 0.159180
vt 0.602295 0.137451
vt 0.620605 0.120361
vt 0.525879 0.168213
vt 0.499023 0.166992
vt 0.563721 0.152100
vt 0.600586 0.133545
vt 0.619629 0.111328
vt 0.524414 0.161133
vt 0.497314 0.155029
vt 0.562744 0.145264
vt 0.599365 0.127930
vt 0.617920 0.106934
vt 0.522949 0.154297
vt 0.496094 0.145996
vt 0.562012 0.139893
vt 0.598389 0.123535
vt 0.614990 0.102051
vt 0.523926 0.148926
vt 0.497314 0.138184
vt 0.560791 0.135254
vt 0.594727 0.118652
vt 0.611328 0.094971
vt 0.559570 0.130615
vt 0.523926 0.144043
vt 0.495850 0.133545
vt 0.418701 0.100098
vt 0.425049 0.099121
vt 0.430420 0.132568
vt 0.437012 0.132324
vt 0.430664 0.098877
vt 0.424316 0.133057
vt 0.413574 0.100830
vt 0.443359 0.130859
vt 0.438721 0.097168
vt 0.452637 0.124756
vt 0.419434 0.134033
vt 0.408203 0.101074
vt 0.414795 0.133057
vt 0.402100 0.102295
vt 0.421631 0.172363
vt 0.407959 0.133545
vt 0.396729 0.102783
vt 0.416504 0.172852
vt 0.411621 0.172363
vt 0.400879 0.134521
vt 0.419678 0.209961
vt 0.413818 0.209229
vt 0.426025 0.210449
vt 0.409912 0.208740
vt 0.389648 0.104004
vt 0.406006 0.171631
vt 0.403809 0.208252
vt 0.395020 0.135254
vt 0.399170 0.172119
vt 0.397949 0.207764
vt 0.383545 0.104492
vt 0.393555 0.171387
vt 0.390381 0.207275
vt 0.388916 0.135010
vt 0.378174 0.104248
vt 0.387451 0.172363
vt 0.384521 0.207275
vt 0.383545 0.135010
vt 0.371582 0.104736
vt 0.382080 0.172363
vt 0.379150 0.207275
vt 0.377197 0.135498
vt 0.363281 0.103760
vt 0.375488 0.173096
vt 0.373779 0.208008
vt 0.369385 0.135742
vt 0.352539 0.102783
vt 0.367920 0.172852
vt 0.365234 0.209229
vt 0.360107 0.135254
vt 0.341553 0.101074
vt 0.358643 0.173584
vt 0.355469 0.211182
vt 0.348145 0.135010
vt 0.329590 0.099365
vt 0.345703 0.175537
vt 0.343750 0.214111
vt 0.336670 0.133789
vt 0.318359 0.097900
vt 0.335938 0.176758
vt 0.333984 0.216797
vt 0.325684 0.132568
vt 0.308105 0.094971
vt 0.325195 0.178223
vt 0.315918 0.133057
vt 0.323242 0.219727
vt 0.314941 0.183350
vt 0.313477 0.224365
vt 0.063232 1.000000
vt 0.067871 0.985840
vt 0.100586 0.996582
vt 0.858398 0.016846
vt 0.811035 0.001709
vt 0.863770 0.000244
vt 0.585693 0.558838
vt 0.601318 0.566162
vt 0.581055 0.572754
vt 0.567627 0.565918
vt 0.573242 0.593994
vt 0.595703 0.576416
vt 0.582520 0.600586
vt 0.550293 0.655762
vt 0.592041 0.604980
vt 0.562500 0.593262
vt 0.569824 0.554443
vt 0.587158 0.555176
vt 0.552246 0.590088
vt 0.552490 0.566895
vt 0.570312 0.550781
vt 0.587891 0.552979
vt 0.552979 0.552979
vt 0.538086 0.565430
vt 0.541748 0.592529
vt 0.570801 0.548096
vt 0.588623 0.550049
vt 0.553223 0.548828
vt 0.537109 0.553711
vt 0.531494 0.593018
vt 0.524414 0.570801
vt 0.536621 0.550049
vt 0.553711 0.545898
vt 0.571533 0.545166
vt 0.589111 0.546875
vt 0.520996 0.557129
vt 0.510986 0.573975
vt 0.572021 0.542236
vt 0.589844 0.543701
vt 0.553711 0.543457
vt 0.572266 0.538818
vt 0.591064 0.538330
vt 0.554443 0.540527
vt 0.536133 0.546875
vt 0.536133 0.544189
vt 0.573242 0.533936
vt 0.593750 0.530273
vt 0.554443 0.537109
vt 0.536133 0.541504
vt 0.575439 0.525635
vt 0.599609 0.503662
vt 0.555664 0.531494
vt 0.582275 0.499512
vt 0.536865 0.537842
vt 0.557861 0.522705
vt 0.537598 0.532227
vt 0.518799 0.544678
vt 0.597900 0.425537
vt 0.580078 0.421387
vt 0.564453 0.495850
vt 0.544434 0.420166
vt 0.539795 0.495605
vt 0.521240 0.420166
vt 0.539551 0.522705
vt 0.521484 0.495605
vt 0.502930 0.419678
vt 0.519775 0.535400
vt 0.521484 0.525146
vt 0.503418 0.497803
vt 0.484863 0.419922
vt 0.503906 0.529785
vt 0.502686 0.541016
vt 0.519043 0.541016
vt 0.502441 0.546875
vt 0.502441 0.550781
vt 0.486816 0.555176
vt 0.486816 0.548828
vt 0.487305 0.559326
vt 0.487305 0.536621
vt 0.472656 0.565430
vt 0.471680 0.559082
vt 0.485352 0.500977
vt 0.467041 0.419922
vt 0.471191 0.545166
vt 0.468018 0.505859
vt 0.448730 0.420410
vt 0.440918 0.533936
vt 0.380859 0.484131
vt 0.427002 0.544922
vt 0.366943 0.495117
vt 0.456787 0.555908
vt 0.458740 0.570801
vt 0.444092 0.568359
vt 0.459473 0.578125
vt 0.447266 0.584717
vt 0.449219 0.592041
vt 0.460693 0.582520
vt 0.450684 0.596680
vt 0.472900 0.570068
vt 0.462402 0.585693
vt 0.474365 0.572998
vt 0.487549 0.562744
vt 0.452393 0.599854
vt 0.502930 0.554199
vt 0.475342 0.575684
vt 0.519043 0.547607
vt 0.463623 0.588135
vt 0.489014 0.565186
vt 0.503662 0.556641
vt 0.519531 0.550537
vt 0.520020 0.553223
vt 0.504150 0.559570
vt 0.505859 0.562988
vt 0.489502 0.567871
vt 0.491699 0.571289
vt 0.500000 0.583252
vt 0.476562 0.578369
vt 0.479492 0.581543
vt 0.487061 0.590332
vt 0.512939 0.602051
vt 0.521973 0.596680
vt 0.506104 0.609375
vt 0.497803 0.615967
vt 0.479492 0.601807
vt 0.493164 0.625488
vt 0.468506 0.593018
vt 0.469971 0.612549
vt 0.487793 0.633545
vt 0.484863 0.643799
vt 0.460449 0.639404
vt 0.466309 0.626465
vt 0.459473 0.606445
vt 0.465576 0.590332
vt 0.452881 0.620850
vt 0.448730 0.636963
vt 0.456299 0.604248
vt 0.449463 0.619141
vt 0.444824 0.635742
vt 0.454102 0.602295
vt 0.447266 0.617920
vt 0.442383 0.634277
vt 0.445068 0.615234
vt 0.439941 0.632080
vt 0.443115 0.612305
vt 0.437500 0.628906
vt 0.441162 0.607422
vt 0.435059 0.624023
vt 0.437744 0.599365
vt 0.431152 0.615723
vt 0.433838 0.582520
vt 0.424805 0.597656
vt 0.413818 0.557617
vt 0.402344 0.571045
vt 0.352539 0.505859
vt 0.293945 0.910889
vt 0.378906 0.891357
vt 0.378418 0.910889
vt 0.433350 0.910889
vt 0.367920 0.935547
vt 0.283447 0.935547
vt 0.367920 0.915771
vt 0.422119 0.935547
vt 0.181641 0.797363
vt 0.184082 0.877441
vt 0.154053 0.877441
vt 0.151611 0.798096
vt 0.180420 0.768311
vt 0.121582 0.798096
vt 0.124023 0.878174
vt 0.151367 0.769287
vt 0.179688 0.756836
vt 0.094238 0.878906
vt 0.150635 0.757568
vt 0.122314 0.769775
vt 0.092529 0.798828
vt 0.062500 0.799561
vt 0.064209 0.878906
vt 0.034912 0.879395
vt 0.033447 0.799316
vt 0.121582 0.757080
vt 0.150635 0.748291
vt 0.122314 0.748535
vt 0.093506 0.769287
vt 0.063477 0.769531
vt 0.035400 0.769775
vt 0.093018 0.757324
vt 0.064941 0.757568
vt 0.036133 0.757812
vt 0.093994 0.748047
vt 0.121582 0.740234
vt 0.094727 0.740234
vt 0.065918 0.748047
vt 0.037842 0.747803
vt 0.067383 0.739502
vt 0.094238 0.732422
vt 0.040039 0.739502
vt 0.067383 0.732422
vt 0.041748 0.731934
vt 0.067383 0.724609
vt 0.042480 0.723877
vt 0.419434 0.799561
vt 0.419678 0.885742
vt 0.387939 0.885742
vt 0.387939 0.799561
vt 0.355713 0.885742
vt 0.419922 0.769287
vt 0.356201 0.799561
vt 0.388428 0.769287
vt 0.419189 0.757080
vt 0.324219 0.885742
vt 0.324707 0.799561
vt 0.292969 0.886719
vt 0.357910 0.768066
vt 0.388184 0.756836
vt 0.418945 0.746826
vt 0.389404 0.746582
vt 0.293457 0.800293
vt 0.260742 0.886475
vt 0.262207 0.800293
vt 0.326172 0.768555
vt 0.294922 0.768066
vt 0.264404 0.767578
vt 0.357910 0.755615
vt 0.327637 0.755127
vt 0.296631 0.754395
vt 0.266357 0.754639
vt 0.359131 0.746338
vt 0.388916 0.737793
vt 0.328613 0.745605
vt 0.358643 0.737305
vt 0.299316 0.744873
vt 0.328857 0.736572
vt 0.269043 0.743896
vt 0.299072 0.735840
vt 0.115723 0.964844
vt 0.121338 0.972168
vt 0.078857 0.971680
vt 0.072021 0.963135
vt 0.112305 0.953369
vt 0.069580 0.951660
vt 0.108643 0.939941
vt 0.026855 0.958984
vt 0.026855 0.969482
vt 0.068848 0.939453
vt 0.026855 0.947510
vt 0.000244 0.975342
vt 0.105469 0.927246
vt 0.026611 0.934326
vt 0.006348 0.952393
vt 0.069336 0.926025
vt 0.104492 0.915771
vt 0.029053 0.921387
vt 0.008301 0.929688
vt 0.068359 0.915039
vt 0.104736 0.905029
vt 0.029053 0.909912
vt 0.004150 0.908936
vt 0.069336 0.905518
vt 0.105469 0.899658
vt 0.031006 0.900879
vt 0.012207 0.893799
vt 0.070312 0.900391
vt 0.106689 0.894775
vt 0.071533 0.895508
vt 0.032959 0.896240
vt 0.016602 0.876709
vt 0.035889 0.891846
vt 0.019287 0.870850
vt 0.682861 0.760010
vt 0.679688 0.837646
vt 0.651367 0.837646
vt 0.653809 0.760010
vt 0.622559 0.837646
vt 0.683594 0.731934
vt 0.625732 0.759033
vt 0.655273 0.730957
vt 0.683594 0.720703
vt 0.593994 0.837402
vt 0.655518 0.719971
vt 0.683594 0.711426
vt 0.656250 0.710938
vt 0.627441 0.729980
vt 0.627441 0.718750
vt 0.629150 0.709473
vt 0.656250 0.702393
vt 0.598633 0.729736
vt 0.597168 0.759033
vt 0.599609 0.717529
vt 0.570068 0.729248
vt 0.568359 0.758789
vt 0.566162 0.836670
vt 0.537598 0.836426
vt 0.540527 0.757568
vt 0.512207 0.757324
vt 0.542236 0.727783
vt 0.514648 0.726807
vt 0.542969 0.716797
vt 0.572021 0.716797
vt 0.572021 0.708252
vt 0.545410 0.707031
vt 0.598877 0.708496
vt 0.599609 0.701172
vt 0.628418 0.702148
vt 0.986572 0.204590
vt 0.995850 0.248779
vt 0.984863 0.245361
vt 0.974121 0.240479
vt 0.975830 0.201172
vt 0.963623 0.237061
vt 0.985107 0.161133
vt 0.996582 0.203369
vt 0.974121 0.159424
vt 1.000000 0.137207
vt 0.963379 0.196777
vt 0.961914 0.157959
vt 0.977783 0.135742
vt 0.948730 0.160889
vt 0.954834 0.138916
vt 0.950439 0.198975
vt 0.949951 0.236328
vt 0.936523 0.162598
vt 0.931396 0.145508
vt 0.940186 0.199951
vt 0.938477 0.236816
vt 0.925781 0.163330
vt 0.914795 0.144775
vt 0.930664 0.202148
vt 0.929932 0.238037
vt 0.922119 0.165527
vt 0.901855 0.150635
vt 0.926025 0.203125
vt 0.925049 0.239014
vt 0.915527 0.168701
vt 0.894287 0.153564
vt 0.921387 0.204346
vt 0.920654 0.240479
vt 0.903076 0.026367
vt 0.861572 0.026367
vt 0.866211 0.015381
vt 0.122070 0.346191
vt 0.120605 0.358154
vt 0.083008 0.351562
vt 0.083740 0.339600
vt 0.081543 0.363525
vt 0.118408 0.368164
vt 0.043945 0.350586
vt 0.082031 0.371582
vt 0.116455 0.378174
vt 0.044922 0.360840
vt 0.044434 0.369385
vt 0.079834 0.378174
vt 0.115723 0.383545
vt 0.007812 0.363525
vt 0.008545 0.371094
vt 0.006348 0.353516
vt 0.009277 0.376709
vt 0.043457 0.338135
vt 0.084961 0.327637
vt 0.003906 0.340820
vt 0.042725 0.326660
vt 0.002197 0.330078
vt 0.042236 0.314453
vt 0.000488 0.318115
vt 0.044678 0.375000
vt 0.009033 0.382324
vt 0.043701 0.381836
vt 0.009521 0.388428
vt 0.079346 0.384033
vt 0.114990 0.388916
vt 0.042969 0.386963
vt 0.009521 0.394531
vt 0.077393 0.389893
vt 0.114258 0.395508
vt 0.042725 0.394287
vt 0.009521 0.400391
vt 0.075684 0.396240
vt 0.112549 0.401855
vt 0.042725 0.400635
vt 0.008789 0.407471
vt 0.074219 0.402344
vt 0.112793 0.408203
vt 0.041504 0.405762
vt 0.008789 0.412598
vt 0.073486 0.406982
vt 0.112061 0.415283
vt 0.040039 0.411377
vt 0.009277 0.417480
vt 0.071777 0.413330
vt 0.111328 0.419922
vt 0.039551 0.416504
vt 0.008545 0.423584
vt 0.070312 0.418213
vt 0.109863 0.424805
vt 0.039062 0.421631
vt 0.009277 0.429932
vt 0.069336 0.423828
vt 0.109863 0.431152
vt 0.038574 0.429199
vt 0.067627 0.429932
vt 0.107910 0.438232
vt 0.049561 0.435791
vt 0.009277 0.438232
vt 0.066650 0.436768
vt 0.106689 0.445068
vt 0.050049 0.445312
vt 0.010010 0.447754
vt 0.064697 0.447754
vt 0.105225 0.454346
vt 0.051270 0.456299
vt 0.010498 0.457275
vt 0.062012 0.457031
vt 0.103516 0.463867
vt 0.051758 0.464355
vt 0.011475 0.465576
vt 0.011230 0.474121
vt 0.061523 0.465332
vt 0.100830 0.473145
vt 0.050781 0.471436
vt 0.011475 0.480225
vt 0.060303 0.472168
vt 0.099609 0.480225
vt 0.050537 0.477783
vt 0.012207 0.487305
vt 0.058838 0.479248
vt 0.098389 0.485840
vt 0.050537 0.484863
vt 0.013428 0.493408
vt 0.058594 0.485596
vt 0.098145 0.492188
vt 0.049805 0.490234
vt 0.013428 0.499512
vt 0.058105 0.491211
vt 0.096436 0.499268
vt 0.048340 0.497559
vt 0.015137 0.506592
vt 0.057373 0.498535
vt 0.094971 0.504883
vt 0.048828 0.504883
vt 0.016113 0.515137
vt 0.056641 0.505615
vt 0.093018 0.512451
vt 0.048340 0.512939
vt 0.016602 0.522461
vt 0.055420 0.514160
vt 0.091064 0.520020
vt 0.048340 0.520264
vt 0.018311 0.529297
vt 0.055420 0.522217
vt 0.089355 0.527588
vt 0.047852 0.527588
vt 0.019531 0.532227
vt 0.054688 0.529053
vt 0.087402 0.535156
vt 0.047852 0.532227
vt 0.019531 0.537354
vt 0.054199 0.531494
vt 0.086182 0.539795
vt 0.047852 0.536865
vt 0.019531 0.542725
vt 0.053955 0.536377
vt 0.085205 0.544189
vt 0.047852 0.542236
vt 0.019531 0.548096
vt 0.053711 0.542236
vt 0.084473 0.548340
vt 0.047607 0.547607
vt 0.020508 0.552734
vt 0.051758 0.547363
vt 0.084229 0.553955
vt 0.048340 0.552246
vt 0.019531 0.557373
vt 0.050781 0.553223
vt 0.083252 0.559570
vt 0.046143 0.556885
vt 0.019775 0.561523
vt 0.049805 0.557617
vt 0.082764 0.562988
vt 0.045166 0.560791
vt 0.019043 0.567383
vt 0.044189 0.565674
vt 0.049316 0.561523
vt 0.047852 0.566406
vt 0.082031 0.567627
vt 0.080566 0.572266
vt 0.887695 0.887695
vt 0.849854 0.888184
vt 0.886963 0.882324
vt 0.925293 0.883545
vt 0.926270 0.888916
vt 0.925293 0.878418
vt 0.847168 0.883789
vt 0.836670 0.910889
vt 0.885498 0.876709
vt 0.923828 0.872559
vt 0.845215 0.877686
vt 0.830811 0.905029
vt 0.884277 0.871094
vt 0.923340 0.865723
vt 0.843994 0.872314
vt 0.828613 0.899170
vt 0.883057 0.864746
vt 0.922852 0.860596
vt 0.843262 0.865234
vt 0.825928 0.889160
vt 0.883301 0.858887
vt 0.923584 0.855225
vt 0.842285 0.859619
vt 0.825439 0.874512
vt 0.883301 0.853027
vt 0.922363 0.848389
vt 0.841797 0.853516
vt 0.824219 0.868164
vt 0.882324 0.847412
vt 0.923096 0.839844
vt 0.841309 0.848389
vt 0.823486 0.859619
vt 0.882080 0.839844
vt 0.922852 0.832031
vt 0.839355 0.841309
vt 0.819580 0.849609
vt 0.882080 0.832275
vt 0.922852 0.821289
vt 0.839111 0.833252
vt 0.815918 0.832031
vt 0.881836 0.822266
vt 0.923584 0.811035
vt 0.838623 0.820801
vt 0.814941 0.821045
vt 0.883545 0.811035
vt 0.925293 0.802246
vt 0.839355 0.813232
vt 0.817139 0.808350
vt 0.883301 0.803711
vt 0.926758 0.794922
vt 0.885010 0.797607
vt 0.927734 0.790283
vt 0.840332 0.805664
vt 0.817871 0.791016
vt 0.843506 0.800781
vt 0.823975 0.780029
vt 0.424561 0.929688
vt 0.443604 0.909424
vt 0.450928 0.910156
vt 0.435791 0.872803
vt 0.441895 0.873535
vt 0.424316 0.837158
vt 0.429688 0.836914
vt 0.455322 0.911865
vt 0.434326 0.928467
vt 0.447754 0.872314
vt 0.437012 0.835938
vt 0.461670 0.911865
vt 0.440430 0.935547
vt 0.454346 0.872314
vt 0.442871 0.834961
vt 0.469727 0.910645
vt 0.449707 0.935059
vt 0.459473 0.872314
vt 0.448975 0.833740
vt 0.474121 0.910400
vt 0.461426 0.930664
vt 0.464355 0.870850
vt 0.453369 0.832764
vt 0.479980 0.910645
vt 0.466553 0.930664
vt 0.469238 0.869385
vt 0.459717 0.831299
vt 0.484375 0.911865
vt 0.474854 0.929199
vt 0.475830 0.869141
vt 0.466553 0.829590
vt 0.491699 0.908447
vt 0.486816 0.933105
vt 0.483643 0.866699
vt 0.474854 0.828613
vt 0.499268 0.907227
vt 0.497314 0.929932
vt 0.490967 0.864746
vt 0.482422 0.826172
vt 0.511230 0.905273
vt 0.514404 0.927979
vt 0.500732 0.863037
vt 0.492432 0.822266
vt 0.520996 0.903320
vt 0.533447 0.921875
vt 0.511230 0.858887
vt 0.503174 0.817627
vt 0.527344 0.900146
vt 0.545410 0.914307
vt 0.518066 0.856689
vt 0.510498 0.814209
vt 0.533203 0.897705
vt 0.555664 0.912109
vt 0.524170 0.853027
vt 0.516846 0.812500
vt 0.537598 0.892822
vt 0.563477 0.906006
vt 0.529785 0.850830
vt 0.522217 0.809326
vt 0.813232 0.548584
vt 0.814209 0.548340
vt 0.811035 0.552979
vt 0.812500 0.553467
vt 0.815186 0.549316
vt 0.809326 0.552002
vt 0.812256 0.546875
vt 0.808350 0.558838
vt 0.812988 0.554443
vt 0.815430 0.550781
vt 0.813965 0.555176
vt 0.815186 0.552490
vt 0.810791 0.559570
vt 0.809570 0.559814
vt 0.806641 0.568115
vt 0.805420 0.567871
vt 0.803467 0.579102
vt 0.802246 0.578857
vt 0.801025 0.590332
vt 0.804199 0.567627
vt 0.806641 0.558350
vt 0.799805 0.590088
vt 0.798584 0.601562
vt 0.801025 0.578613
vt 0.802246 0.567139
vt 0.803711 0.556885
vt 0.806641 0.550293
vt 0.810059 0.544922
vt 0.787842 0.542725
vt 0.790283 0.537109
vt 0.770264 0.501221
vt 0.786377 0.549805
vt 0.799072 0.566406
vt 0.781250 0.559326
vt 0.778076 0.570312
vt 0.799072 0.578369
vt 0.795898 0.577881
vt 0.773926 0.581787
vt 0.798584 0.590088
vt 0.796631 0.589844
vt 0.792725 0.589600
vt 0.769775 0.592285
vt 0.789062 0.601074
vt 0.794189 0.601318
vt 0.796143 0.601318
vt 0.797607 0.601318
vt 0.797607 0.612061
vt 0.796631 0.612061
vt 0.797363 0.623535
vt 0.795410 0.611816
vt 0.796631 0.623291
vt 0.797607 0.634277
vt 0.794434 0.611816
vt 0.795410 0.623291
vt 0.796387 0.634277
vt 0.797607 0.645996
vt 0.792480 0.612305
vt 0.783203 0.615479
vt 0.794434 0.623047
vt 0.792480 0.623047
vt 0.796631 0.645996
vt 0.797607 0.656982
vt 0.797119 0.656982
vt 0.795654 0.645996
vt 0.795654 0.634277
vt 0.794678 0.634033
vt 0.794678 0.645752
vt 0.793213 0.633545
vt 0.982910 0.689453
vt 0.982910 0.690674
vt 0.972412 0.690674
vt 0.972412 0.689453
vt 0.961670 0.690674
vt 0.982910 0.688232
vt 0.961670 0.689453
vt 0.972412 0.688232
vt 0.982910 0.686523
vt 0.961670 0.688232
vt 0.972412 0.686523
vt 0.982910 0.683594
vt 0.961670 0.686523
vt 0.972412 0.683594
vt 0.972412 0.666504
vt 0.983154 0.666748
vt 0.961670 0.683105
vt 0.950684 0.686279
vt 0.950684 0.682861
vt 0.961670 0.666504
vt 0.950928 0.666504
vt 0.940430 0.665771
vt 0.940186 0.682861
vt 0.929443 0.665771
vt 0.940674 0.623047
vt 0.951172 0.623291
vt 0.929688 0.623047
vt 0.940674 0.579834
vt 0.961914 0.623291
vt 0.951172 0.579834
vt 0.940918 0.563477
vt 0.951416 0.563477
vt 0.930176 0.579834
vt 0.929932 0.562744
vt 0.962158 0.579834
vt 0.962158 0.563477
vt 0.972656 0.623291
vt 0.983398 0.623291
vt 0.972900 0.580566
vt 0.972900 0.563721
vt 0.983398 0.580566
vt 0.983643 0.563721
vt 0.919189 0.579590
vt 0.919434 0.562744
vt 0.919189 0.622314
vt 0.918945 0.665771
vt 0.929443 0.682617
vt 0.907471 0.579590
vt 0.908203 0.562500
vt 0.907471 0.622314
vt 0.907227 0.665527
vt 0.896729 0.579590
vt 0.896729 0.562500
vt 0.896484 0.622314
vt 0.896240 0.665527
vt 0.886230 0.665527
vt 0.886475 0.622070
vt 0.886963 0.578857
vt 0.879883 0.578613
vt 0.879883 0.622070
vt 0.874023 0.578613
vt 0.873535 0.622070
vt 0.879150 0.664795
vt 0.698730 0.952393
vt 0.699951 0.963135
vt 0.698730 0.963135
vt 0.696777 0.952393
vt 0.696777 0.963135
vt 0.693848 0.952393
vt 0.693848 0.963135
vt 0.693604 0.940918
vt 0.676270 0.963135
vt 0.676270 0.952637
vt 0.631348 0.963623
vt 0.676025 0.941162
vt 0.693359 0.930420
vt 0.631348 0.952881
vt 0.587158 0.964600
vt 0.675781 0.930664
vt 0.693115 0.919189
vt 0.676025 0.919434
vt 0.631836 0.942139
vt 0.587158 0.953857
vt 0.569580 0.965332
vt 0.569580 0.954102
vt 0.586914 0.942871
vt 0.569336 0.943359
vt 0.631592 0.930908
vt 0.586670 0.931885
vt 0.569092 0.932129
vt 0.631348 0.920166
vt 0.675781 0.908447
vt 0.692871 0.908691
vt 0.586426 0.921143
vt 0.569336 0.921631
vt 0.631104 0.909424
vt 0.675781 0.897705
vt 0.586182 0.910156
vt 0.569092 0.910400
vt 0.630859 0.898438
vt 0.675293 0.886475
vt 0.586426 0.899414
vt 0.568848 0.899658
vt 0.630615 0.886963
vt 0.675049 0.875244
vt 0.586182 0.887939
vt 0.630371 0.875732
vt 0.585938 0.876465
vt 0.568604 0.888428
vt 0.630127 0.865967
vt 0.674805 0.864990
vt 0.674805 0.858154
vt 0.585693 0.866699
vt 0.568115 0.866943
vt 0.629883 0.858643
vt 0.585693 0.859863
vt 0.568115 0.860352
vt 0.585449 0.853516
vt 0.629639 0.852295
vt 0.674561 0.852051
vt 0.429932 0.092285
vt 0.430176 0.093262
vt 0.419434 0.093994
vt 0.419189 0.093018
vt 0.408936 0.094727
vt 0.429932 0.091064
vt 0.408936 0.093750
vt 0.419189 0.091797
vt 0.429932 0.089355
vt 0.398438 0.095459
vt 0.418945 0.090088
vt 0.408691 0.091797
vt 0.398193 0.093750
vt 0.387695 0.095215
vt 0.408691 0.090820
vt 0.418701 0.086670
vt 0.408447 0.087402
vt 0.397949 0.092529
vt 0.387695 0.093994
vt 0.376221 0.095703
vt 0.397949 0.090820
vt 0.387695 0.093018
vt 0.376221 0.094482
vt 0.365234 0.095947
vt 0.397705 0.087891
vt 0.396729 0.071289
vt 0.387451 0.091309
vt 0.375977 0.093262
vt 0.365234 0.094727
vt 0.356445 0.096191
vt 0.387207 0.088379
vt 0.386719 0.071533
vt 0.375000 0.072021
vt 0.375977 0.091553
vt 0.375732 0.088623
vt 0.364258 0.072266
vt 0.365234 0.093750
vt 0.356445 0.095215
vt 0.364990 0.092041
vt 0.355957 0.093262
vt 0.351562 0.095215
vt 0.352295 0.096436
vt 0.347656 0.094971
vt 0.349365 0.095947
vt 0.346191 0.094238
vt 0.350586 0.094238
vt 0.345215 0.093750
vt 0.350342 0.093506
vt 0.343994 0.092041
vt 0.355957 0.092285
vt 0.349365 0.091797
vt 0.343018 0.089111
vt 0.364746 0.089111
vt 0.354980 0.088867
vt 0.354248 0.072754
vt 0.348145 0.088867
vt 0.341064 0.072510
vt 0.347656 0.072266
vt 0.346191 0.030029
vt 0.340332 0.030029
vt 0.824463 0.361328
vt 0.824707 0.369141
vt 0.802490 0.369141
vt 0.802246 0.361816
vt 0.824219 0.351807
vt 0.798340 0.368164
vt 0.802002 0.352295
vt 0.824707 0.338867
vt 0.798096 0.360840
vt 0.796631 0.365967
vt 0.801514 0.339355
vt 0.795654 0.359863
vt 0.795166 0.364990
vt 0.797852 0.352051
vt 0.797607 0.339600
vt 0.794189 0.358643
vt 0.794189 0.363281
vt 0.795410 0.352051
vt 0.795166 0.339600
vt 0.793213 0.358154
vt 0.792480 0.361084
vt 0.792236 0.357178
vt 0.792236 0.351074
vt 0.793945 0.351074
vt 0.793213 0.351074
vt 0.792236 0.339844
vt 0.792725 0.339600
vt 0.791748 0.324463
vt 0.793701 0.339600
vt 0.792480 0.324463
vt 0.791260 0.309570
vt 0.793213 0.324463
vt 0.791992 0.309570
vt 0.791016 0.295410
vt 0.794922 0.324219
vt 0.792969 0.309570
vt 0.791748 0.295410
vt 0.790527 0.281006
vt 0.791260 0.281006
vt 0.790283 0.266846
vt 0.792480 0.295410
vt 0.794434 0.309326
vt 0.797119 0.324219
vt 0.791016 0.266846
vt 0.789795 0.252441
vt 0.791992 0.281006
vt 0.793945 0.295410
vt 0.796631 0.309326
vt 0.801025 0.324219
vt 0.824219 0.324219
vt 0.800781 0.309326
vt 0.823730 0.308594
vt 0.796387 0.295410
vt 0.793701 0.280762
vt 0.800293 0.295166
vt 0.823486 0.294189
vt 0.795898 0.280762
vt 0.800781 0.280762
vt 0.822998 0.280029
vt 0.795654 0.266846
vt 0.800293 0.266602
vt 0.793213 0.266846
vt 0.791748 0.266846
vt 0.795898 0.252197
vt 0.799805 0.252197
vt 0.793701 0.252441
vt 0.791260 0.252441
vt 0.790527 0.252441
vt 0.789307 0.238281
vt 0.790039 0.238037
vt 0.789795 0.223877
vt 0.790771 0.238037
vt 0.791260 0.223877
vt 0.793213 0.238037
vt 0.792725 0.223877
vt 0.795654 0.238037
vt 0.795166 0.223877
vt 0.799561 0.237793
vt 0.799072 0.223633
vt 0.965576 0.074707
vt 0.965576 0.065430
vt 0.968750 0.074463
vt 0.968262 0.065186
vt 0.965088 0.055664
vt 0.969482 0.084229
vt 0.966309 0.084229
vt 0.969482 0.093506
vt 0.966797 0.093750
vt 0.967773 0.055664
vt 0.964600 0.046143
vt 0.970459 0.074463
vt 0.969971 0.065186
vt 0.967285 0.046143
vt 0.964111 0.036377
vt 0.966553 0.036133
vt 0.969238 0.055420
vt 0.968750 0.045898
vt 0.968262 0.036133
vt 0.970459 0.055420
vt 0.969971 0.045898
vt 0.969238 0.035889
vt 0.970947 0.045898
vt 0.970459 0.035889
vt 0.971436 0.055420
vt 0.971924 0.064941
vt 0.970947 0.065186
vt 0.971436 0.064941
vt 0.972656 0.074219
vt 0.971924 0.074219
vt 0.973145 0.083984
vt 0.971436 0.074463
vt 0.972656 0.083984
vt 0.973633 0.093262
vt 0.971924 0.083984
vt 0.973145 0.093262
vt 0.974121 0.103271
vt 0.970947 0.083984
vt 0.972656 0.093262
vt 0.971436 0.093506
vt 0.973633 0.103271
vt 0.974854 0.113281
vt 0.973145 0.103271
vt 0.974121 0.113281
vt 0.975098 0.121094
vt 0.971436 0.103271
vt 0.973633 0.113281
vt 0.974609 0.121094
vt 0.974854 0.124756
vt 0.974854 0.128662
vt 0.974854 0.126953
vt 0.974365 0.125244
vt 0.973145 0.130127
vt 0.973633 0.121094
vt 0.973877 0.125977
vt 0.972656 0.130859
vt 0.972168 0.113525
vt 0.972656 0.121338
vt 0.972900 0.126709
vt 0.970947 0.132080
vt 0.969971 0.103271
vt 0.970459 0.113525
vt 0.970947 0.121826
vt 0.971191 0.127197
vt 0.968750 0.133301
vt 0.968506 0.128174
vt 0.953613 0.134277
vt 0.968262 0.122314
vt 0.953125 0.122803
vt 0.968018 0.113770
vt 0.952637 0.114502
vt 0.967285 0.103516
vt 0.951904 0.104492
vt 0.809570 0.576904
vt 0.816162 0.578125
vt 0.812744 0.618652
vt 0.824219 0.620117
vt 0.826416 0.579590
vt 0.819336 0.659424
vt 0.811035 0.655518
vt 0.790283 0.678955
vt 0.830322 0.660400
vt 0.810303 0.681641
vt 0.834961 0.619629
vt 0.837891 0.580322
vt 0.842041 0.660156
vt 0.832520 0.683594
vt 0.843994 0.620117
vt 0.847168 0.580811
vt 0.851074 0.659668
vt 0.853271 0.683838
vt 0.852783 0.620117
vt 0.854980 0.580811
vt 0.859131 0.659424
vt 0.870850 0.684326
vt 0.859619 0.619873
vt 0.864502 0.658691
vt 0.882324 0.682861
vt 0.865479 0.618896
vt 0.862549 0.580078
vt 0.865479 0.548340
vt 0.867188 0.580322
vt 0.877197 0.550049
vt 0.442139 0.173828
vt 0.451660 0.174072
vt 0.435303 0.173340
vt 0.450195 0.213867
vt 0.440430 0.212891
vt 0.461182 0.214844
vt 0.433350 0.212158
vt 0.461670 0.174072
vt 0.469238 0.215576
vt 0.428223 0.173096
vt 0.469238 0.176270
vt 0.475586 0.217773
vt 0.464355 0.130127
vt 0.480713 0.111816
vt 0.475342 0.176758
vt 0.481934 0.218750
vt 0.470703 0.131836
vt 0.490967 0.113525
vt 0.481689 0.177246
vt 0.476807 0.134033
vt 0.499512 0.118896
vt 0.481934 0.135742
vt 0.507568 0.118408
vt 0.769531 0.929199
vt 0.777832 0.894043
vt 0.774170 0.931641
vt 0.786133 0.898438
vt 0.766357 0.966797
vt 0.760498 0.963379
vt 0.739990 0.977539
vt 0.768799 0.968506
vt 0.746826 0.977539
vt 0.778320 0.933350
vt 0.788330 0.900635
vt 0.776367 0.970215
vt 0.754150 0.981445
vt 0.783447 0.935059
vt 0.792236 0.903564
vt 0.781738 0.971680
vt 0.764648 0.985596
vt 0.789062 0.937012
vt 0.799316 0.906982
vt 0.785156 0.973389
vt 0.774170 0.988037
vt 0.794678 0.939453
vt 0.804932 0.909912
vt 0.793457 0.973633
vt 0.786865 0.989502
vt 0.801758 0.941162
vt 0.812500 0.913086
vt 0.800293 0.972168
vt 0.799316 0.989502
vt 0.809326 0.943115
vt 0.819824 0.916260
vt 0.807129 0.974854
vt 0.806641 0.990234
vt 0.815430 0.944580
vt 0.825439 0.918213
vt 0.812500 0.974121
vt 0.816895 0.988281
vt 0.818848 0.945312
vt 0.828613 0.919678
vt 0.817383 0.975342
vt 0.821289 0.990234
vt 0.822266 0.945557
vt 0.832520 0.920410
vt 0.819336 0.974609
vt 0.825195 0.989014
vt 0.825684 0.946045
vt 0.835693 0.920654
vt 0.823975 0.975098
vt 0.831543 0.989990
vt 0.829834 0.946289
vt 0.838867 0.920898
vt 0.827393 0.975342
vt 0.838623 0.987061
vt 0.833252 0.946533
vt 0.843018 0.920898
vt 0.832031 0.976318
vt 0.843994 0.990723
vt 0.837158 0.946289
vt 0.846680 0.920898
vt 0.833984 0.975342
vt 0.847900 0.988525
vt 0.840820 0.946045
vt 0.848877 0.919922
vt 0.839355 0.975098
vt 0.852783 0.990723
vt 0.844727 0.945801
vt 0.853516 0.919434
vt 0.283691 0.042236
vt 0.307617 0.026367
vt 0.282959 0.049805
vt 0.241699 0.047852
vt 0.242188 0.042969
vt 0.198975 0.050537
vt 0.200928 0.045654
vt 0.173340 0.035156
vt 0.199707 0.056885
vt 0.171387 0.040527
vt 0.242188 0.053711
vt 0.282959 0.055176
vt 0.306396 0.034668
vt 0.200195 0.062744
vt 0.176514 0.052734
vt 0.241699 0.061035
vt 0.281494 0.062256
vt 0.307129 0.041504
vt 0.205078 0.072266
vt 0.178955 0.063965
vt 0.242432 0.071045
vt 0.281006 0.070557
vt 0.305176 0.055664
vt 0.206787 0.081299
vt 0.183105 0.079346
vt 0.243896 0.080322
vt 0.280273 0.080566
vt 0.303467 0.071045
vt 0.208984 0.087891
vt 0.186523 0.089355
vt 0.243652 0.087646
vt 0.279785 0.089355
vt 0.301514 0.086182
vt 0.210205 0.093018
vt 0.189453 0.097656
vt 0.245117 0.093262
vt 0.279785 0.093262
vt 0.299072 0.096680
vt 0.210938 0.098389
vt 0.190918 0.105225
vt 0.245850 0.097168
vt 0.281006 0.099854
vt 0.298096 0.103760
vt 0.210693 0.103516
vt 0.191650 0.113770
vt 0.245361 0.104004
vt 0.280762 0.106445
vt 0.297363 0.111816
vt 0.211426 0.109863
vt 0.190430 0.122314
vt 0.246094 0.108887
vt 0.280273 0.108643
vt 0.301025 0.120117
vt 0.210938 0.115723
vt 0.190430 0.127930
vt 0.245605 0.115479
vt 0.281738 0.116699
vt 0.302490 0.130615
vt 0.210693 0.120850
vt 0.191895 0.136719
vt 0.246582 0.119873
vt 0.281738 0.120850
vt 0.301514 0.133057
vt 0.210693 0.127441
vt 0.191162 0.142090
vt 0.245605 0.124023
vt 0.211914 0.130615
vt 0.192627 0.149658
vt 0.246582 0.129639
vt 0.281982 0.126465
vt 0.302002 0.142822
vt 0.279541 0.132080
vt 0.303467 0.149902
vt 0.849365 0.419189
vt 0.836670 0.419189
vt 0.849365 0.416504
vt 0.848145 0.777344
vt 0.848633 0.775879
vt 0.860596 0.777100
vt 0.874023 0.538574
vt 0.878418 0.521240
vt 0.882324 0.520996
vt 0.881104 0.487793
vt 0.867676 0.538330
vt 0.873047 0.520752
vt 0.875732 0.487305
vt 0.868896 0.487549
vt 0.885010 0.487549
vt 0.858154 0.538818
vt 0.868164 0.520752
vt 0.876953 0.454590
vt 0.870605 0.454346
vt 0.865723 0.436523
vt 0.880859 0.454834
vt 0.872559 0.436768
vt 0.865234 0.453613
vt 0.857666 0.436768
vt 0.862549 0.487549
vt 0.860352 0.453613
vt 0.848389 0.434814
vt 0.860840 0.521240
vt 0.850342 0.538818
vt 0.857666 0.487793
vt 0.854248 0.453125
vt 0.843018 0.434326
vt 0.855713 0.520996
vt 0.843750 0.538086
vt 0.852295 0.486816
vt 0.850342 0.453613
vt 0.834961 0.436279
vt 0.851562 0.520752
vt 0.838623 0.539307
vt 0.848145 0.486328
vt 0.843750 0.453613
vt 0.825439 0.433594
vt 0.843262 0.485840
vt 0.846680 0.520752
vt 0.830811 0.539551
vt 0.841553 0.518311
vt 0.822266 0.541016
vt 0.884033 0.541748
vt 0.890137 0.522949
vt 0.893311 0.487793
vt 0.895264 0.544678
vt 0.898193 0.523682
vt 0.886719 0.453857
vt 0.880127 0.435303
vt 0.896973 0.452637
vt 0.890869 0.431885
vt 0.903076 0.488281
vt 0.906982 0.526123
vt 0.909424 0.546631
vt 0.905762 0.451904
vt 0.906250 0.429688
vt 0.911377 0.487793
vt 0.915039 0.529541
vt 0.919189 0.552002
vt 0.912354 0.449707
vt 0.918457 0.425049
vt 0.918213 0.488281
vt 0.919922 0.529785
vt 0.932861 0.552979
vt 0.923096 0.489014
vt 0.924805 0.528320
vt 0.935547 0.552734
vt 0.918945 0.448486
vt 0.929199 0.423584
vt 0.925049 0.450928
vt 0.937012 0.426514
vt 0.903320 0.187988
vt 0.890625 0.218018
vt 0.887939 0.213867
vt 0.849121 0.227783
vt 0.846924 0.223145
vt 0.807373 0.237549
vt 0.804688 0.234619
vt 0.811035 0.242920
vt 0.850586 0.232178
vt 0.814697 0.248047
vt 0.892822 0.225586
vt 0.909912 0.199463
vt 0.853027 0.238770
vt 0.818848 0.254639
vt 0.894287 0.230225
vt 0.910400 0.207764
vt 0.855469 0.245605
vt 0.822754 0.262451
vt 0.894775 0.240479
vt 0.915527 0.220703
vt 0.858643 0.252197
vt 0.826904 0.270752
vt 0.898193 0.246582
vt 0.910156 0.232178
vt 0.861816 0.262207
vt 0.830322 0.280029
vt 0.897705 0.255371
vt 0.917236 0.245361
vt 0.864014 0.271729
vt 0.832031 0.285400
vt 0.899170 0.265381
vt 0.916016 0.261719
vt 0.866211 0.276855
vt 0.832764 0.290039
vt 0.900879 0.273193
vt 0.917969 0.274414
vt 0.865479 0.281738
vt 0.834717 0.293945
vt 0.901367 0.277344
vt 0.918457 0.283691
vt 0.866211 0.286133
vt 0.835205 0.298096
vt 0.901123 0.280273
vt 0.916504 0.286865
vt 0.867920 0.290039
vt 0.835449 0.304199
vt 0.901367 0.283691
vt 0.917236 0.294678
vt 0.867920 0.296387
vt 0.835449 0.308594
vt 0.902344 0.289307
vt 0.920898 0.300293
vt 0.867920 0.300293
vt 0.834961 0.312500
vt 0.902832 0.293701
vt 0.920166 0.308838
vt 0.868652 0.304443
vt 0.833984 0.317627
vt 0.867920 0.309570
vt 0.903320 0.296875
vt 0.918701 0.313477
vt 0.903076 0.303223
vt 0.922607 0.319092
vt 0.930664 0.031006
vt 0.929932 0.035889
vt 0.891113 0.042725
vt 0.890137 0.037842
vt 0.890869 0.049072
vt 0.929199 0.042725
vt 0.851074 0.052490
vt 0.851074 0.047607
vt 0.826416 0.035156
vt 0.852051 0.058350
vt 0.822998 0.041504
vt 0.891846 0.054688
vt 0.853760 0.063721
vt 0.827637 0.056396
vt 0.928955 0.049561
vt 0.855957 0.071533
vt 0.832031 0.064453
vt 0.891602 0.062012
vt 0.928711 0.057861
vt 0.858887 0.080566
vt 0.836182 0.079102
vt 0.894531 0.070557
vt 0.929199 0.066406
vt 0.861572 0.087646
vt 0.840088 0.090576
vt 0.896729 0.079346
vt 0.929932 0.075684
vt 0.865723 0.095703
vt 0.850830 0.102051
vt 0.898926 0.088379
vt 0.931396 0.083984
vt 0.867676 0.100342
vt 0.853271 0.110107
vt 0.899658 0.093506
vt 0.932373 0.088867
vt 0.868896 0.104248
vt 0.857910 0.118896
vt 0.900391 0.096680
vt 0.933350 0.093018
vt 0.870850 0.109375
vt 0.857422 0.125000
vt 0.903564 0.101562
vt 0.935791 0.096680
vt 0.872314 0.113525
vt 0.859375 0.129639
vt 0.905029 0.105469
vt 0.937256 0.100342
vt 0.873779 0.118408
vt 0.861816 0.137695
vt 0.906006 0.111328
vt 0.939697 0.105225
vt 0.875244 0.123047
vt 0.866699 0.142578
vt 0.908203 0.114746
vt 0.941650 0.108398
vt 0.876709 0.124268
vt 0.869141 0.146240
vt 0.910156 0.118164
vt 0.943604 0.111328
vt 0.880371 0.128906
vt 0.869873 0.156494
vt 0.911133 0.121826
vt 0.946533 0.115234
vt 0.217041 0.987061
vt 0.187500 0.974365
vt 0.193604 0.970459
vt 0.183594 0.935059
vt 0.188721 0.932373
vt 0.173828 0.894043
vt 0.169678 0.897461
vt 0.177490 0.935791
vt 0.163330 0.900879
vt 0.182129 0.976074
vt 0.207520 0.993408
vt 0.171143 0.938477
vt 0.157227 0.903320
vt 0.176270 0.976807
vt 0.196533 0.995117
vt 0.164795 0.940918
vt 0.149170 0.906250
vt 0.166504 0.977539
vt 0.176270 0.999023
vt 0.156006 0.941650
vt 0.140625 0.908447
vt 0.159424 0.977783
vt 0.161133 0.995117
vt 0.147949 0.943115
vt 0.133301 0.910156
vt 0.149658 0.978027
vt 0.145508 0.996094
vt 0.139893 0.943115
vt 0.125732 0.911133
vt 0.132568 0.942627
vt 0.142334 0.978027
vt 0.131836 0.999023
vt 0.136475 0.976807
vt 0.121582 0.996826
vt 0.723389 0.054443
vt 0.722412 0.062256
vt 0.693359 0.059082
vt 0.693848 0.066406
vt 0.721680 0.068359
vt 0.692871 0.052002
vt 0.724121 0.047363
vt 0.664062 0.067871
vt 0.692871 0.044678
vt 0.725586 0.039062
vt 0.662598 0.060059
vt 0.662354 0.052734
vt 0.694824 0.037109
vt 0.726807 0.033447
vt 0.661133 0.044922
vt 0.632812 0.063477
vt 0.631348 0.055908
vt 0.614258 0.061035
vt 0.635498 0.070801
vt 0.616943 0.072021
vt 0.629150 0.048096
vt 0.610352 0.047363
vt 0.636230 0.073975
vt 0.620850 0.079834
vt 0.664551 0.071289
vt 0.637207 0.078125
vt 0.621826 0.084961
vt 0.693115 0.069336
vt 0.721680 0.072266
vt 0.665771 0.075439
vt 0.693848 0.073975
vt 0.720947 0.076172
vt 0.637695 0.083740
vt 0.623047 0.092773
vt 0.665771 0.080811
vt 0.694092 0.079102
vt 0.721680 0.079834
vt 0.637939 0.088623
vt 0.623535 0.101074
vt 0.666992 0.084961
vt 0.695312 0.083984
vt 0.722412 0.084473
vt 0.638916 0.092285
vt 0.625244 0.105957
vt 0.667236 0.090088
vt 0.696533 0.088379
vt 0.723877 0.088135
vt 0.639160 0.096436
vt 0.624023 0.110107
vt 0.668457 0.093750
vt 0.696533 0.091064
vt 0.724609 0.091309
vt 0.640137 0.098389
vt 0.624512 0.114746
vt 0.668945 0.096924
vt 0.698730 0.094482
vt 0.726807 0.094727
vt 0.642090 0.105469
vt 0.626465 0.125244
vt 0.669922 0.101807
vt 0.698975 0.098145
vt 0.727539 0.097656
vt 0.247070 0.008301
vt 0.230225 0.008545
vt 0.230713 0.005615
vt 0.214600 0.007568
vt 0.728027 0.027832
vt 0.694824 0.031250
vt 0.695801 0.025879
vt 0.660400 0.038086
vt 0.660156 0.032715
vt 0.660156 0.027832
vt 0.627686 0.042236
vt 0.604248 0.035889
vt 0.626953 0.036377
vt 0.603760 0.027344
vt 0.627441 0.032471
vt 0.605957 0.020508
vt 0.238525 0.001221
vt 0.255127 0.000244
vt 0.254883 0.002686
vt 0.271484 0.000488
vt 0.932373 0.786133
vt 0.943604 0.809814
vt 0.939209 0.808594
vt 0.937988 0.839844
vt 0.933350 0.839844
vt 0.936768 0.870361
vt 0.932373 0.871094
vt 0.941406 0.869629
vt 0.942627 0.839600
vt 0.946777 0.869141
vt 0.948975 0.811035
vt 0.946533 0.787842
vt 0.948242 0.840332
vt 0.952393 0.867920
vt 0.953857 0.812256
vt 0.953369 0.840332
vt 0.958740 0.867920
vt 0.959961 0.813477
vt 0.959717 0.841309
vt 0.965088 0.868408
vt 0.966553 0.814941
vt 0.966797 0.841797
vt 0.971680 0.868896
vt 0.973145 0.816406
vt 0.973145 0.843262
vt 0.978516 0.816895
vt 0.883545 0.415283
vt 0.871582 0.415283
vt 0.871582 0.413330
vt 0.865479 0.775879
vt 0.877441 0.776855
vt 0.865234 0.777344
vt 0.123291 0.576904
vt 0.123291 0.578369
vt 0.111572 0.578369
vt 0.989746 0.406494
vt 0.966797 0.393555
vt 0.967529 0.390625
vt 0.934326 0.402100
vt 0.934082 0.397705
vt 0.899902 0.408691
vt 0.901367 0.404297
vt 0.966064 0.384766
vt 0.987549 0.400391
vt 0.933838 0.392822
vt 0.901123 0.399414
vt 0.964600 0.380371
vt 0.984619 0.388672
vt 0.933105 0.387939
vt 0.900879 0.395752
vt 0.963135 0.374023
vt 0.979248 0.374756
vt 0.931396 0.383789
vt 0.899414 0.389648
vt 0.960938 0.368896
vt 0.975098 0.363281
vt 0.929688 0.377441
vt 0.896729 0.384521
vt 0.959961 0.363037
vt 0.973877 0.350830
vt 0.927246 0.373535
vt 0.895264 0.381348
vt 0.957764 0.360107
vt 0.968994 0.342285
vt 0.925781 0.369873
vt 0.893311 0.377930
vt 0.955566 0.357666
vt 0.966797 0.334229
vt 0.923340 0.366699
vt 0.891113 0.375244
vt 0.988525 0.695801
vt 0.993896 0.697021
vt 0.968750 0.715332
vt 0.963867 0.714111
vt 0.968506 0.749756
vt 0.984863 0.696045
vt 0.964355 0.747559
vt 0.961670 0.712646
vt 0.982178 0.695312
vt 0.960205 0.745850
vt 0.958008 0.711426
vt 0.976318 0.695312
vt 0.956055 0.744629
vt 0.954590 0.708984
vt 0.952148 0.743652
vt 0.947754 0.709229
vt 0.945557 0.695557
vt 0.946777 0.743408
vt 0.942383 0.709473
vt 0.937744 0.697021
vt 0.942871 0.743652
vt 0.937988 0.709229
vt 0.927734 0.698486
vt 0.940430 0.744385
vt 0.933838 0.710938
vt 0.920898 0.697266
vt 0.935791 0.745605
vt 0.929443 0.713379
vt 0.911865 0.702148
vt 0.931152 0.749023
vt 0.128418 0.006592
vt 0.128662 0.008545
vt 0.115479 0.008789
vt 0.115723 0.006592
vt 0.128418 0.004639
vt 0.115723 0.004639
vt 0.128418 0.002930
vt 0.115967 0.002930
vt 0.128174 0.001465
vt 0.110840 0.005859
vt 0.110840 0.007812
vt 0.098145 0.007812
vt 0.098877 0.005371
vt 0.110840 0.003906
vt 0.098389 0.004150
vt 0.110840 0.002197
vt 0.098633 0.002441
vt 0.110352 0.000000
vt 0.098877 0.000244
vt 0.866699 0.415771
vt 0.854492 0.415771
vt 0.854736 0.413818
vt 0.842529 0.778564
vt 0.829346 0.776367
vt 0.843506 0.775635
s 1
usemtl tripo_mat_ba72d736-2627-445d-abcf-661d08204e6f
f 505/1 711/2 748/3
f 748/3 711/2 951/4
f 711/2 505/1 494/5
f 505/1 748/3 504/6
f 951/4 711/2 938/7
f 748/3 951/4 962/8
f 711/2 494/5 695/9
f 711/2 695/9 938/7
f 494/5 505/1 357/10
f 504/6 748/3 763/11
f 763/11 748/3 962/8
f 505/1 504/6 356/12
f 505/1 356/12 357/10
f 504/6 763/11 509/13
f 356/12 504/6 355/14
f 355/14 504/6 509/13
f 357/10 356/12 225/15
f 356/12 355/14 224/16
f 356/12 224/16 225/15
f 225/15 224/16 93/17
f 225/15 93/17 95/18
f 225/15 95/18 227/19
f 225/15 227/19 357/10
f 227/19 95/18 103/20
f 357/10 227/19 358/21
f 357/10 358/21 494/5
f 227/19 103/20 228/22
f 227/19 228/22 358/21
f 228/22 103/20 104/23
f 494/5 358/21 487/24
f 494/5 487/24 695/9
f 358/21 228/22 347/25
f 358/21 347/25 487/24
f 228/22 104/23 229/26
f 228/22 229/26 347/25
f 229/26 104/23 105/27
f 229/26 105/27 230/28
f 230/28 105/27 106/29
f 347/25 229/26 348/30
f 348/30 229/26 230/28
f 478/31 487/24 347/25
f 478/31 347/25 348/30
f 487/24 478/31 667/32
f 487/24 667/32 695/9
f 230/28 106/29 226/33
f 226/33 106/29 100/34
f 348/30 230/28 328/35
f 328/35 230/28 226/33
f 478/31 348/30 468/36
f 468/36 348/30 328/35
f 478/31 468/36 630/37
f 478/31 630/37 667/32
f 226/33 100/34 203/38
f 203/38 100/34 86/39
f 203/38 86/39 178/40
f 226/33 203/38 319/41
f 226/33 319/41 328/35
f 203/38 178/40 262/42
f 203/38 262/42 319/41
s 0
f 262/42 178/40 185/43
s 1
f 185/43 178/40 108/44
f 319/41 262/42 375/45
s 0
f 375/45 262/42 185/43
s 1
f 328/35 319/41 442/46
f 442/46 319/41 375/45
f 328/35 442/46 468/36
s 0
f 375/45 185/43 241/47
s 1
f 241/47 185/43 1391/48
f 375/45 241/47 309/49
f 309/49 241/47 1391/48
f 442/46 375/45 457/50
f 457/50 375/45 309/49
f 468/36 442/46 583/51
f 583/51 442/46 457/50
f 468/36 583/51 630/37
s 0
f 457/50 309/49 573/52
s 1
f 457/50 573/52 583/51
f 309/49 1391/48 337/53
s 0
f 309/49 337/53 573/52
s 1
f 630/37 583/51 814/54
f 814/54 583/51 573/52
f 630/37 814/54 868/55
f 630/37 868/55 667/32
f 337/53 1391/48 406/56
s 0
f 337/53 406/56 573/52
s 1
f 406/56 1391/48 424/57
f 814/54 573/52 680/58
f 680/58 573/52 406/56
s 0
f 406/56 424/57 847/59
s 1
f 406/56 847/59 680/58
f 424/57 1391/48 461/60
s 0
f 424/57 461/60 847/59
s 1
f 461/60 1391/48 469/61
s 0
f 461/60 469/61 939/62
s 1
f 814/54 680/58 971/63
f 971/63 680/58 847/59
f 814/54 971/63 868/55
s 0
f 847/59 461/60 861/64
f 861/64 461/60 939/62
s 1
f 971/63 847/59 1057/65
f 1057/65 847/59 861/64
f 861/64 939/62 1123/66
f 861/64 1123/66 1057/65
f 1123/66 939/62 1128/67
f 971/63 1057/65 1038/68
f 971/63 1038/68 868/55
f 1057/65 1123/66 1121/69
f 1057/65 1121/69 1038/68
f 1123/66 1128/67 1163/70
f 1123/66 1163/70 1121/69
f 1163/70 1128/67 1179/71
f 868/55 1038/68 917/72
f 868/55 917/72 667/32
f 667/32 917/72 695/9
f 695/9 917/72 938/7
f 917/72 1038/68 1052/73
f 917/72 1052/73 938/7
f 1052/73 1038/68 1121/69
f 938/7 1052/73 1072/74
f 938/7 1072/74 951/4
f 1052/73 1121/69 1129/75
f 1052/73 1129/75 1072/74
f 1129/75 1121/69 1163/70
f 951/4 1072/74 1077/76
f 951/4 1077/76 962/8
f 1072/74 1129/75 1161/77
f 1072/74 1161/77 1077/76
f 1129/75 1163/70 1197/78
f 1129/75 1197/78 1161/77
f 1197/78 1163/70 1179/71
f 1197/78 1179/71 1214/79
f 1197/78 1214/79 1213/80
f 1197/78 1213/80 1161/77
f 1213/80 1214/79 1233/81
f 1167/82 1077/76 1161/77
f 1167/82 1161/77 1213/80
f 1213/80 1233/81 1215/83
f 1213/80 1215/83 1167/82
f 1215/83 1233/81 1258/84
f 1077/76 1167/82 1116/85
f 1077/76 1116/85 962/8
f 1167/82 1215/83 1178/86
f 1167/82 1178/86 1116/85
f 1215/83 1258/84 1251/87
f 1215/83 1251/87 1178/86
f 1251/87 1258/84 1276/88
f 962/8 1116/85 969/89
f 962/8 969/89 763/11
f 1116/85 1178/86 1118/90
f 1116/85 1118/90 969/89
f 1178/86 1251/87 1196/91
f 1178/86 1196/91 1118/90
f 1251/87 1276/88 1257/92
f 1251/87 1257/92 1196/91
f 1257/92 1276/88 1291/93
f 762/94 763/11 969/89
f 763/11 762/94 509/13
f 978/95 969/89 1118/90
f 969/89 978/95 762/94
f 1119/96 1118/90 1196/91
f 1118/90 1119/96 978/95
f 1176/97 1196/91 1257/92
f 1196/91 1176/97 1119/96
f 1250/98 1257/92 1291/93
f 1257/92 1250/98 1176/97
f 1250/98 1291/93 1275/99
f 1250/98 1275/99 1255/100
f 1255/100 1275/99 1274/101
f 1250/98 1255/100 1174/102
f 1250/98 1174/102 1176/97
f 1176/97 1174/102 1105/103
f 1176/97 1105/103 1119/96
f 1119/96 1105/103 968/104
f 1119/96 968/104 978/95
f 978/95 968/104 743/105
f 743/105 968/104 958/106
f 978/95 743/105 762/94
f 762/94 743/105 501/107
f 501/107 743/105 741/108
f 762/94 501/107 509/13
f 509/13 501/107 342/109
f 342/109 501/107 491/110
f 509/13 342/109 355/14
f 355/14 342/109 213/111
f 213/111 342/109 341/112
f 355/14 213/111 224/16
f 213/111 341/112 212/113
f 224/16 213/111 92/114
f 92/114 213/111 212/113
f 224/16 92/114 93/17
f 92/114 212/113 90/115
f 93/17 92/114 1379/116
f 1379/116 92/114 90/115
f 1379/116 90/115 1378/117
f 105/118 104/119 1386/120
f 1386/120 104/119 1385/121
f 1385/121 104/119 103/122
f 105/118 1386/120 1387/123
f 105/118 1387/123 106/124
f 106/124 1387/123 1388/125
f 106/124 1388/125 100/126
f 1385/121 103/122 1383/127
f 1383/127 103/122 95/128
f 1386/120 1385/121 1543/129
f 100/126 1388/125 1389/130
f 100/126 1389/130 86/131
f 1383/127 95/128 1381/132
f 1381/132 95/128 93/133
f 1381/132 93/133 1379/134
f 1381/132 1379/134 1540/135
f 1540/135 1379/134 1378/136
f 1540/135 1378/136 1539/137
f 1381/132 1540/135 1541/138
f 1381/132 1541/138 1383/127
f 1540/135 1539/137 1653/139
f 1540/135 1653/139 1541/138
f 1653/139 1539/137 1652/140
f 1383/127 1541/138 1542/141
f 1383/127 1542/141 1385/121
f 1385/121 1542/141 1543/129
f 1542/141 1541/138 1654/142
f 1654/142 1541/138 1653/139
f 1653/139 1652/140 1782/143
f 1653/139 1782/143 1654/142
f 1782/143 1652/140 1781/144
f 1542/141 1654/142 1655/145
f 1542/141 1655/145 1543/129
f 1654/142 1782/143 1783/146
f 1654/142 1783/146 1655/145
f 1782/143 1781/144 1931/147
f 1782/143 1931/147 1783/146
f 1931/147 1781/144 1929/148
f 1931/147 1929/148 2114/149
f 2114/149 1929/148 2113/150
f 1783/146 1931/147 1937/151
f 1937/151 1931/147 2114/149
f 1784/152 1655/145 1783/146
f 1784/152 1783/146 1937/151
f 1655/145 1784/152 1646/153
f 1655/145 1646/153 1543/129
f 2114/149 2113/150 2260/154
f 2260/154 2113/150 2259/155
f 1937/151 2114/149 2115/156
f 2115/156 2114/149 2260/154
f 1784/152 1937/151 1933/157
f 1933/157 1937/151 2115/156
f 1778/158 1646/153 1784/152
f 1778/158 1784/152 1933/157
f 2260/154 2259/155 2371/159
f 2371/159 2259/155 2370/160
f 2115/156 2260/154 2269/161
f 2269/161 2260/154 2371/159
f 1933/157 2115/156 2104/162
f 2104/162 2115/156 2269/161
f 1778/158 1933/157 1925/163
f 1925/163 1933/157 2104/162
f 2371/159 2370/160 2414/164
f 2414/164 2370/160 2408/165
f 2269/161 2371/159 2378/166
f 2378/166 2371/159 2414/164
f 2104/162 2269/161 2262/167
f 2262/167 2269/161 2378/166
f 1925/163 2104/162 2093/168
f 2093/168 2104/162 2262/167
f 2414/164 2408/165 2437/169
f 2437/169 2408/165 2435/170
f 2437/169 2435/170 2443/171
f 2443/171 2435/170 2442/172
f 2414/164 2437/169 2415/173
f 2414/164 2415/173 2378/166
f 2437/169 2443/171 2439/174
f 2437/169 2439/174 2415/173
f 2439/174 2443/171 2444/175
f 2378/166 2415/173 2373/176
f 2378/166 2373/176 2262/167
f 2415/173 2439/174 2412/177
f 2415/173 2412/177 2373/176
f 2439/174 2444/175 2433/178
f 2439/174 2433/178 2412/177
f 2433/178 2444/175 2445/179
f 2262/167 2373/176 2247/180
f 2262/167 2247/180 2093/168
f 2373/176 2412/177 2358/181
f 2373/176 2358/181 2247/180
f 2412/177 2433/178 2404/182
f 2412/177 2404/182 2358/181
f 2433/178 2445/179 2427/183
f 2433/178 2427/183 2404/182
f 2427/183 2445/179 2440/184
f 2427/183 2440/184 2424/185
f 2424/185 2440/184 2428/186
f 2404/182 2427/183 2395/187
f 2395/187 2427/183 2424/185
f 2340/188 2358/181 2404/182
f 2340/188 2404/182 2395/187
f 2358/181 2340/188 2232/189
f 2358/181 2232/189 2247/180
f 2424/185 2428/186 2416/190
f 2416/190 2428/186 2425/191
f 2395/187 2424/185 2388/192
f 2388/192 2424/185 2416/190
f 2340/188 2395/187 2330/193
f 2330/193 2395/187 2388/192
f 2206/194 2232/189 2340/188
f 2206/194 2340/188 2330/193
f 2416/190 2425/191 2401/195
f 2401/195 2425/191 2418/196
f 2388/192 2416/190 2382/197
f 2382/197 2416/190 2401/195
f 2330/193 2388/192 2314/198
f 2314/198 2388/192 2382/197
f 2206/194 2330/193 2194/199
f 2194/199 2330/193 2314/198
f 2401/195 2418/196 2392/200
f 2392/200 2418/196 2398/201
f 2382/197 2401/195 2374/202
f 2374/202 2401/195 2392/200
f 2314/198 2382/197 2290/203
f 2290/203 2382/197 2374/202
f 2194/199 2314/198 2166/204
f 2166/204 2314/198 2290/203
f 2392/200 2398/201 2375/205
f 2375/205 2398/201 2381/206
f 2374/202 2392/200 2324/207
f 2324/207 2392/200 2375/205
f 2290/203 2374/202 2256/208
f 2256/208 2374/202 2324/207
f 2166/204 2290/203 2141/209
f 2141/209 2290/203 2256/208
f 2375/205 2381/206 2186/210
f 2186/210 2381/206 2242/211
f 2324/207 2375/205 2177/212
f 2177/212 2375/205 2186/210
f 2256/208 2324/207 2070/213
f 2070/213 2324/207 2177/212
s 0
f 2186/210 2242/211 1904/214
f 2186/210 1904/214 2177/212
f 1904/214 2242/211 1917/215
f 1904/214 1917/215 1391/216
f 2177/212 1904/214 1863/217
f 1863/217 1904/214 1391/216
f 2177/212 1863/217 1839/218
f 2177/212 1839/218 2070/213
f 1839/218 1863/217 1391/216
s 1
f 2000/219 2256/208 2070/213
s 0
f 2000/219 2070/213 1839/218
s 1
f 2256/208 2000/219 2141/209
s 0
f 2000/219 1839/218 1785/220
s 1
f 1785/220 1839/218 1391/216
s 0
f 2000/219 1785/220 1731/221
s 1
f 1731/221 1785/220 1391/216
f 2000/219 1731/221 1873/222
f 2000/219 1873/222 2141/209
f 1731/221 1391/216 1675/223
f 1873/222 1731/221 1797/224
f 1797/224 1731/221 1675/223
f 2141/209 1873/222 1995/225
f 1995/225 1873/222 1797/224
f 2141/209 1995/225 2166/204
f 1797/224 1675/223 1600/226
f 1600/226 1675/223 1391/216
f 1995/225 1797/224 1860/227
f 2166/204 1995/225 2017/228
f 2017/228 1995/225 1860/227
f 2166/204 2017/228 2194/199
f 1860/227 1797/224 1682/229
f 1682/229 1797/224 1600/226
f 2017/228 1860/227 1872/230
f 2194/199 2017/228 2035/231
f 2035/231 2017/228 1872/230
f 2194/199 2035/231 2206/194
f 1872/230 1860/227 1741/232
f 1741/232 1860/227 1682/229
f 1682/229 1600/226 1583/233
f 1682/229 1583/233 1741/232
s 0
f 1583/233 1600/226 1546/234
s 1
f 1546/234 1600/226 1391/216
s 0
f 1583/233 1546/234 1440/235
s 1
f 1440/235 1546/234 1391/216
f 1440/235 1391/216 1392/236
f 1583/233 1440/235 1471/237
f 1440/235 1392/236 1393/238
f 1440/235 1393/238 1471/237
f 1626/239 1741/232 1583/233
f 1626/239 1583/233 1471/237
f 1392/236 1391/216 8/240
f 1392/236 8/240 1393/238
f 8/240 1391/216 108/241
f 108/241 1391/216 185/242
f 8/240 108/241 178/243
f 8/240 178/243 71/244
f 8/240 71/244 1393/238
f 71/244 178/243 86/131
f 71/244 86/131 1390/245
f 71/244 1390/245 1393/238
f 1390/245 86/131 1389/130
f 1520/246 1471/237 1393/238
f 1520/246 1393/238 1390/245
f 1471/237 1520/246 1626/239
f 1390/245 1389/130 1527/247
f 1390/245 1527/247 1520/246
f 1527/247 1389/130 1526/248
f 1526/248 1389/130 1388/125
f 1520/246 1527/247 1630/249
f 1520/246 1630/249 1626/239
f 1527/247 1526/248 1635/250
f 1527/247 1635/250 1630/249
f 1526/248 1388/125 1536/251
f 1536/251 1388/125 1387/123
f 1635/250 1526/248 1639/252
f 1639/252 1526/248 1536/251
f 1536/251 1387/123 1544/253
f 1544/253 1387/123 1386/120
f 1544/253 1386/120 1543/129
f 1544/253 1543/129 1646/153
f 1536/251 1544/253 1647/254
f 1647/254 1544/253 1646/153
f 1536/251 1647/254 1639/252
f 1647/254 1646/153 1778/158
f 1647/254 1778/158 1771/255
f 1647/254 1771/255 1639/252
f 1771/255 1778/158 1925/163
f 1639/252 1771/255 1767/256
f 1639/252 1767/256 1635/250
f 1771/255 1925/163 1916/257
f 1771/255 1916/257 1767/256
f 1916/257 1925/163 2093/168
f 1635/250 1767/256 1759/258
f 1635/250 1759/258 1630/249
f 1767/256 1916/257 1903/259
f 1767/256 1903/259 1759/258
f 1916/257 2093/168 2069/260
f 1916/257 2069/260 1903/259
f 2069/260 2093/168 2247/180
f 2069/260 2247/180 2232/189
f 2069/260 2232/189 2050/261
f 2069/260 2050/261 1903/259
f 2050/261 2232/189 2206/194
f 2050/261 2206/194 2035/231
f 1903/259 2050/261 1889/262
f 1889/262 2050/261 2035/231
f 1903/259 1889/262 1759/258
f 1889/262 2035/231 1872/230
f 1759/258 1889/262 1752/263
f 1752/263 1889/262 1872/230
f 1759/258 1752/263 1630/249
f 1752/263 1872/230 1741/232
f 1630/249 1752/263 1626/239
f 1626/239 1752/263 1741/232
f 1539/264 1378/265 1347/266
f 1539/264 1347/266 1537/267
f 1539/264 1537/267 1648/268
f 1539/264 1648/268 1652/269
f 1652/269 1648/268 1781/270
f 1537/267 1347/266 1538/271
f 1648/268 1537/267 1641/272
f 1641/272 1537/267 1538/271
f 1538/271 1347/266 1394/273
f 1781/270 1648/268 1772/274
f 1772/274 1648/268 1641/272
f 1781/270 1772/274 1926/275
f 1781/270 1926/275 1929/276
f 1929/276 1926/275 2113/277
f 1538/271 1394/273 1529/278
f 1529/278 1394/273 1395/279
f 1636/280 1641/272 1538/271
f 1636/280 1538/271 1529/278
f 1769/281 1772/274 1641/272
f 1772/274 1769/281 1926/275
f 1926/275 1769/281 1911/282
f 1926/275 1911/282 2094/283
f 1769/281 1641/272 1764/284
f 1764/284 1641/272 1636/280
f 1911/282 1769/281 1897/285
f 1897/285 1769/281 1764/284
f 1911/282 1897/285 2052/286
f 2052/286 1897/285 2029/287
f 2029/287 1897/285 1882/288
f 1882/288 1897/285 1764/284
f 2029/287 1882/288 2003/289
f 1764/284 1636/280 1756/290
f 1764/284 1756/290 1882/288
f 2003/289 1882/288 1866/291
f 1866/291 1882/288 1756/290
f 2003/289 1866/291 1976/292
f 1976/292 1866/291 1855/293
f 1976/292 1855/293 1947/294
f 1855/293 1866/291 1746/295
f 1746/295 1866/291 1756/290
f 1855/293 1746/295 1722/296
f 1633/297 1756/290 1636/280
f 1756/290 1633/297 1746/295
f 1746/295 1633/297 1628/298
f 1633/297 1636/280 1529/278
f 1633/297 1529/278 1530/299
f 1347/300 1378/301 90/302
f 1347/300 90/302 83/303
f 1347/300 83/303 1394/304
f 1394/304 83/303 80/305
f 83/303 90/302 194/306
f 83/303 194/306 80/305
f 194/306 90/302 212/307
f 80/305 194/306 190/308
f 329/309 194/306 341/310
f 194/306 329/309 190/308
f 80/305 190/308 78/311
f 80/305 78/311 1395/312
f 190/308 329/309 320/313
f 78/311 190/308 188/314
f 188/314 190/308 320/313
f 320/313 329/309 470/315
f 470/315 329/309 482/316
f 188/314 320/313 314/317
f 314/317 320/313 470/315
f 78/311 188/314 72/318
f 78/311 72/318 1396/319
f 188/314 314/317 186/320
f 188/314 186/320 72/318
f 72/318 186/320 63/321
f 72/318 63/321 1397/322
f 63/321 186/320 179/323
f 179/323 186/320 310/324
f 310/324 186/320 314/317
f 179/323 310/324 288/325
f 448/326 314/317 470/315
f 314/317 448/326 310/324
f 448/326 470/315 646/327
f 448/326 646/327 598/328
f 310/324 448/326 425/329
f 310/324 425/329 288/325
f 425/329 448/326 598/328
f 288/325 425/329 415/330
f 425/329 598/328 564/331
f 425/329 564/331 415/330
f 194/332 212/333 341/334
f 341/335 342/336 491/337
f 341/335 491/337 482/338
f 491/339 501/340 741/341
f 491/339 741/341 714/342
f 714/342 741/341 958/343
f 958/343 741/341 743/344
f 958/345 968/346 1098/347
f 958/345 1098/347 947/348
f 1098/347 968/346 1105/349
f 1098/347 1105/349 1172/350
f 1098/347 1172/350 1168/351
f 1172/350 1105/349 1174/352
f 1168/351 1172/350 1254/353
f 1254/353 1172/350 1174/352
f 1254/353 1174/352 1255/354
f 1254/353 1255/354 1273/355
f 1273/355 1255/354 1274/356
f 1254/353 1273/355 1231/357
f 1275/358 1291/359 1256/360
f 1256/360 1291/359 1252/361
f 1252/361 1291/359 1276/362
f 1275/358 1256/360 1249/363
f 1275/358 1249/363 1274/364
f 1274/364 1249/363 1240/365
f 1240/365 1249/363 1175/366
f 1240/365 1175/366 1173/367
f 1249/363 1256/360 1177/368
f 1249/363 1177/368 1175/366
f 1170/369 1256/360 1252/361
f 1256/360 1170/369 1177/368
f 1216/370 1252/361 1276/362
f 1216/370 1276/362 1258/371
f 1170/369 1252/361 1166/372
f 1166/372 1252/361 1216/370
f 1216/370 1258/371 1212/373
f 1212/373 1258/371 1233/374
f 1166/372 1216/370 1160/375
f 1160/375 1216/370 1212/373
f 1212/373 1233/374 1198/376
f 1198/376 1233/374 1214/377
f 1160/375 1212/373 1144/378
f 1144/378 1212/373 1198/376
f 1198/376 1214/377 1162/379
f 1162/379 1214/377 1179/380
f 1144/378 1198/376 1120/381
f 1120/381 1198/376 1162/379
f 1162/379 1179/380 1122/382
f 1122/382 1179/380 1128/383
f 1120/381 1162/379 1065/384
f 1065/384 1162/379 1122/382
f 1122/382 1128/383 860/385
f 860/385 1128/383 939/386
f 1065/384 1122/382 848/387
f 848/387 1122/382 860/385
f 860/385 939/386 462/388
f 860/385 462/388 848/387
s 0
f 462/388 939/386 469/389
s 1
f 462/388 469/389 1391/390
f 848/387 462/388 423/391
f 423/391 462/388 1391/390
f 848/387 423/391 405/392
f 405/392 423/391 1391/390
f 681/393 1065/384 848/387
f 681/393 848/387 405/392
f 1065/384 681/393 970/394
f 1065/384 970/394 1120/381
s 0
f 681/393 405/392 572/395
s 1
f 681/393 572/395 970/394
f 405/392 1391/390 336/396
s 0
f 405/392 336/396 572/395
s 1
f 336/396 1391/390 308/397
s 0
f 336/396 308/397 572/395
s 1
f 308/397 1391/390 240/398
f 240/398 1391/390 184/399
f 308/397 240/398 374/400
s 0
f 374/400 240/398 184/399
s 1
f 572/395 308/397 456/401
s 0
f 456/401 308/397 374/400
s 1
f 572/395 456/401 826/402
f 572/395 826/402 970/394
f 456/401 374/400 582/403
f 456/401 582/403 826/402
f 970/394 826/402 1037/404
f 970/394 1037/404 1120/381
f 1120/381 1037/404 1144/378
f 1037/404 826/402 875/405
f 875/405 826/402 582/403
f 1144/378 1037/404 1051/406
f 1051/406 1037/404 875/405
f 1144/378 1051/406 1160/375
f 1160/375 1051/406 1071/407
f 1160/375 1071/407 1166/372
f 1051/406 875/405 916/408
f 1051/406 916/408 1071/407
f 875/405 582/403 643/409
f 875/405 643/409 916/408
f 643/409 582/403 441/410
f 441/410 582/403 374/400
f 1166/372 1071/407 1076/411
f 1166/372 1076/411 1170/369
f 1071/407 916/408 937/412
f 1071/407 937/412 1076/411
f 916/408 643/409 666/413
f 916/408 666/413 937/412
f 643/409 441/410 467/414
f 643/409 467/414 666/413
f 258/415 441/410 374/400
f 258/415 374/400 184/399
f 467/414 441/410 318/416
f 318/416 441/410 258/415
f 258/415 184/399 161/417
f 258/415 161/417 318/416
f 161/417 184/399 107/418
f 318/416 161/417 189/419
f 189/419 161/417 62/420
f 467/414 318/416 324/421
f 324/421 318/416 189/419
f 467/414 324/421 477/422
f 467/414 477/422 666/413
f 324/421 189/419 193/423
f 193/423 189/419 82/424
f 193/423 82/424 85/425
f 324/421 193/423 327/426
f 324/421 327/426 477/422
f 193/423 85/425 202/427
f 193/423 202/427 327/426
f 202/427 85/425 99/428
f 694/429 666/413 477/422
f 666/413 694/429 937/412
f 477/422 327/426 486/430
f 477/422 486/430 694/429
f 327/426 202/427 335/431
f 327/426 335/431 486/430
f 202/427 99/428 217/432
f 202/427 217/432 335/431
f 217/432 99/428 98/433
f 946/434 937/412 694/429
f 937/412 946/434 1076/411
f 710/435 694/429 486/430
f 694/429 710/435 946/434
f 493/436 486/430 335/431
f 486/430 493/436 710/435
f 493/436 335/431 346/437
f 346/437 335/431 217/432
f 1097/438 1076/411 946/434
f 1076/411 1097/438 1170/369
f 1170/369 1097/438 1177/368
f 1097/438 946/434 950/439
f 950/439 946/434 710/435
f 1177/368 1097/438 1115/440
f 1115/440 1097/438 950/439
f 1177/368 1115/440 1175/366
f 950/439 710/435 726/441
f 726/441 710/435 493/436
f 1115/440 950/439 961/442
f 961/442 950/439 726/441
f 1175/366 1115/440 1114/443
f 1114/443 1115/440 961/442
f 1175/366 1114/443 1173/367
f 1173/367 1114/443 1104/444
f 1104/444 1114/443 960/445
f 960/445 1114/443 961/442
f 1104/444 960/445 959/446
f 961/442 726/441 747/447
f 961/442 747/447 960/445
f 492/448 726/441 493/436
f 726/441 492/448 747/447
f 492/448 493/436 346/437
f 960/445 747/447 746/449
f 960/445 746/449 959/446
f 747/447 492/448 503/450
f 747/447 503/450 746/449
f 492/448 346/437 345/451
f 492/448 345/451 503/450
f 959/446 746/449 742/452
f 959/446 742/452 740/453
f 746/449 503/450 502/454
f 746/449 502/454 742/452
f 503/450 345/451 344/455
f 503/450 344/455 502/454
f 216/456 345/451 346/437
f 216/456 346/437 217/432
f 216/456 217/432 98/433
f 216/456 98/433 97/457
f 345/451 216/456 215/458
f 215/458 216/456 97/457
f 345/451 215/458 344/455
f 215/458 97/457 96/459
f 215/458 96/459 214/460
f 215/458 214/460 344/455
f 214/460 96/459 94/461
f 344/455 214/460 343/462
f 344/455 343/462 502/454
f 214/460 94/461 223/463
f 214/460 223/463 343/462
f 223/463 94/461 102/464
f 502/454 343/462 500/465
f 502/454 500/465 742/452
f 742/452 500/465 499/466
f 500/465 343/462 354/467
f 354/467 343/462 223/463
f 500/465 354/467 353/468
f 353/468 354/467 211/469
f 354/467 223/463 222/470
f 354/467 222/470 211/469
f 222/470 223/463 102/464
f 211/469 222/470 101/471
f 222/470 102/464 91/472
f 222/470 91/472 101/471
f 101/471 91/472 1338/473
f 1338/473 91/472 1339/474
f 1098/475 1168/476 1092/477
f 1098/475 1092/477 947/478
f 947/478 1092/477 876/479
f 1092/477 1168/476 1124/480
f 876/479 1092/477 1039/481
f 1039/481 1092/477 1124/480
f 876/479 1039/481 839/482
f 839/482 1039/481 979/483
f 979/483 1039/481 1124/480
f 839/482 979/483 781/484
f 1124/480 1168/476 1231/485
f 1231/485 1168/476 1254/486
f 979/483 1124/480 1066/487
f 1124/480 1231/485 1164/488
f 1124/480 1164/488 1066/487
f 1164/488 1231/485 1259/489
f 1259/489 1231/485 1273/490
f 1164/488 1259/489 1194/491
f 1164/488 1194/491 1126/492
f 1164/488 1126/492 1066/487
f 1126/492 1194/491 1143/493
f 935/494 979/483 1066/487
f 979/483 935/494 781/484
f 1066/487 1126/492 1034/495
f 1066/487 1034/495 935/494
f 1126/492 1143/493 1068/496
f 1126/492 1068/496 1034/495
f 1068/496 1143/493 1094/497
f 781/484 935/494 715/498
f 781/484 715/498 542/499
f 715/498 935/494 862/500
f 862/500 935/494 1034/495
f 715/498 862/500 633/501
f 1034/495 1068/496 963/502
f 1034/495 963/502 862/500
f 1068/496 1094/497 1016/503
f 1068/496 1016/503 963/502
f 1016/503 1094/497 1040/504
f 633/501 862/500 800/505
f 800/505 862/500 963/502
f 633/501 800/505 584/506
f 963/502 1016/503 885/507
f 963/502 885/507 800/505
f 1016/503 1040/504 953/508
f 1016/503 953/508 885/507
f 953/508 1040/504 972/509
f 584/506 800/505 730/510
f 730/510 800/505 885/507
f 584/506 730/510 558/511
f 558/511 730/510 671/512
f 730/510 885/507 840/513
f 840/513 885/507 953/508
f 730/510 840/513 671/512
f 953/508 972/509 887/514
f 953/508 887/514 840/513
f 887/514 972/509 918/515
f 671/512 840/513 782/516
f 782/516 840/513 887/514
f 671/512 782/516 634/517
f 671/512 634/517 532/518
f 887/514 918/515 850/519
f 887/514 850/519 782/516
f 850/519 918/515 863/520
f 634/517 782/516 765/521
f 765/521 782/516 850/519
f 634/517 765/521 609/522
f 850/519 863/520 818/523
f 850/519 818/523 765/521
f 818/523 863/520 842/524
f 609/522 765/521 753/525
f 753/525 765/521 818/523
f 609/522 753/525 619/526
f 818/523 842/524 802/527
f 818/523 802/527 753/525
f 802/527 842/524 827/528
f 619/526 753/525 755/529
f 755/529 753/525 802/527
f 619/526 755/529 636/530
f 802/527 827/528 820/531
f 802/527 820/531 755/529
f 820/531 827/528 843/532
f 636/530 755/529 767/533
f 767/533 755/529 820/531
f 636/530 767/533 673/534
f 820/531 843/532 828/535
f 820/531 828/535 767/533
f 828/535 843/532 852/536
f 673/534 767/533 788/537
f 788/537 767/533 828/535
f 673/534 788/537 717/538
f 828/535 852/536 856/539
f 828/535 856/539 788/537
f 856/539 852/536 864/540
f 717/538 788/537 830/541
f 830/541 788/537 856/539
f 717/538 830/541 777/542
f 856/539 864/540 877/543
f 856/539 877/543 830/541
f 877/543 864/540 907/544
f 777/542 830/541 865/545
f 865/545 830/541 877/543
f 777/542 865/545 805/546
f 877/543 907/544 936/547
f 877/543 936/547 865/545
f 936/547 907/544 948/548
f 805/546 865/545 908/549
f 908/549 865/545 936/547
f 805/546 908/549 831/550
f 936/547 948/548 965/551
f 936/547 965/551 908/549
f 965/551 948/548 980/552
f 831/550 908/549 942/553
f 942/553 908/549 965/551
f 831/550 942/553 853/554
f 965/551 980/552 984/555
f 965/551 984/555 942/553
f 984/555 980/552 1018/556
f 853/554 942/553 955/557
f 955/557 942/553 984/555
f 853/554 955/557 871/558
f 984/555 1018/556 1019/559
f 984/555 1019/559 955/557
f 1019/559 1018/556 1041/560
f 871/558 955/557 981/561
f 981/561 955/557 1019/559
f 871/558 981/561 879/562
f 1019/559 1041/560 1042/563
f 1019/559 1042/563 981/561
f 1042/563 1041/560 1053/564
f 879/562 981/561 985/565
f 985/565 981/561 1042/563
f 879/562 985/565 890/566
f 1042/563 1053/564 1047/567
f 1042/563 1047/567 985/565
f 1047/567 1053/564 1070/568
f 890/566 985/565 1007/569
f 1007/569 985/565 1047/567
f 1047/567 1070/568 1058/570
f 1047/567 1058/570 1007/569
f 1058/570 1070/568 1073/571
f 1007/569 1058/570 1009/572
f 1007/569 1009/572 910/573
f 1058/570 1073/571 1060/574
f 1058/570 1060/574 1009/572
f 1060/574 1073/571 1095/575
f 1009/572 1060/574 1011/576
f 1060/574 1095/575 1062/577
f 1060/574 1062/577 1011/576
f 1062/577 1095/575 1074/578
f 1011/576 1062/577 991/579
f 1062/577 1074/578 1055/580
f 1062/577 1055/580 991/579
f 1055/580 1074/578 1075/581
f 991/579 1055/580 986/582
f 1055/580 1075/581 1048/583
f 1055/580 1048/583 986/582
f 986/582 1048/583 974/584
f 1048/583 1075/581 1064/585
f 974/584 1048/583 1043/586
f 1043/586 1048/583 1064/585
f 1043/586 1064/585 1050/587
f 1043/586 1050/587 1013/588
f 1043/586 1013/588 956/589
f 1013/588 1050/587 1036/590
f 1013/588 1036/590 976/591
f 1013/588 976/591 920/592
f 976/591 1036/590 988/593
f 976/591 988/593 944/594
f 944/594 988/593 957/595
f 944/594 957/595 882/596
f 882/596 957/595 914/597
f 882/596 914/597 846/598
f 846/598 914/597 859/599
f 1253/600 1273/601 1274/602
f 1273/601 1253/600 1259/603
f 1253/600 1274/602 1240/604
f 1253/600 1240/604 1171/605
f 1253/600 1171/605 1232/606
f 1171/605 1240/604 1173/607
f 1171/605 1173/607 1117/608
f 1171/605 1117/608 1169/609
f 1117/608 1173/607 1104/610
f 1117/608 1104/610 967/611
f 967/611 1104/610 959/612
f 1117/608 967/611 952/613
f 967/611 959/612 740/614
f 967/611 740/614 952/613
f 1259/615 1253/616 1232/617
f 1259/615 1232/617 1194/618
f 1194/618 1232/617 1165/619
f 1165/619 1232/617 1169/620
f 1169/620 1232/617 1171/621
f 1165/619 1169/620 1125/622
f 1143/623 1194/624 1165/625
f 1143/623 1165/625 1127/626
f 1143/623 1127/626 1094/627
f 1094/627 1127/626 1069/628
f 1069/628 1127/626 1067/629
f 1094/627 1069/628 1040/630
f 1069/628 1067/629 1035/631
f 1040/630 1069/628 1017/632
f 1017/632 1069/628 1035/631
f 1040/630 1017/632 972/633
f 1017/632 1035/631 964/634
f 964/634 1035/631 940/635
f 972/633 1017/632 954/636
f 954/636 1017/632 964/634
f 972/633 954/636 918/637
f 964/634 940/635 869/638
f 918/637 954/636 888/639
f 918/637 888/639 863/640
f 954/636 964/634 886/641
f 886/641 964/634 869/638
f 954/636 886/641 888/639
f 886/641 869/638 801/642
f 801/642 869/638 716/643
f 801/642 716/643 647/644
f 886/641 801/642 841/645
f 886/641 841/645 888/639
f 801/642 647/644 752/646
f 801/642 752/646 841/645
f 752/646 647/644 593/647
f 888/639 841/645 851/648
f 888/639 851/648 863/640
f 863/640 851/648 842/649
f 851/648 841/645 787/650
f 787/650 841/645 752/646
f 842/649 851/648 819/651
f 819/651 851/648 787/650
f 842/649 819/651 827/652
f 672/653 752/646 593/647
f 752/646 672/653 787/650
f 672/653 593/647 560/654
f 819/651 787/650 766/655
f 766/655 787/650 672/653
f 827/652 819/651 803/656
f 803/656 819/651 766/655
f 827/652 803/656 843/657
f 672/653 560/654 635/658
f 672/653 635/658 766/655
f 635/658 560/654 543/659
f 803/656 766/655 754/660
f 754/660 766/655 635/658
f 843/657 803/656 804/661
f 804/661 803/656 754/660
f 843/657 804/661 852/662
f 635/658 543/659 618/663
f 635/658 618/663 754/660
f 618/663 543/659 524/664
f 804/661 754/660 756/665
f 756/665 754/660 618/663
f 852/662 804/661 829/666
f 829/666 804/661 756/665
f 852/662 829/666 864/667
f 618/663 524/664 620/668
f 618/663 620/668 756/665
f 620/668 524/664 533/669
f 620/668 533/669 648/670
f 756/665 620/668 768/671
f 756/665 768/671 829/666
f 768/671 620/668 648/670
f 857/672 864/667 829/666
f 857/672 829/666 768/671
f 864/667 857/672 907/673
f 768/671 648/670 789/674
f 768/671 789/674 857/672
f 789/674 648/670 674/675
f 674/675 648/670 544/676
f 907/673 857/672 878/677
f 878/677 857/672 789/674
f 907/673 878/677 948/678
f 789/674 674/675 844/679
f 789/674 844/679 878/677
f 844/679 674/675 731/680
f 731/680 674/675 561/681
f 948/678 878/677 941/682
f 941/682 878/677 844/679
f 948/678 941/682 980/683
f 844/679 731/680 870/684
f 844/679 870/684 941/682
f 870/684 731/680 783/685
f 783/685 731/680 575/686
f 980/683 941/682 973/687
f 973/687 941/682 870/684
f 980/683 973/687 1018/688
f 870/684 783/685 919/689
f 870/684 919/689 973/687
f 919/689 783/685 821/690
f 821/690 783/685 599/691
f 1018/688 973/687 989/692
f 989/692 973/687 919/689
f 1018/688 989/692 1041/693
f 919/689 821/690 943/694
f 919/689 943/694 989/692
f 1041/693 989/692 1020/695
f 1020/695 989/692 943/694
f 1041/693 1020/695 1053/696
f 943/694 821/690 845/697
f 845/697 821/690 621/698
f 1020/695 943/694 966/699
f 966/699 943/694 845/697
f 1053/696 1020/695 1046/700
f 1046/700 1020/695 966/699
f 1053/696 1046/700 1070/701
f 966/699 845/697 858/702
f 858/702 845/697 660/703
f 1046/700 966/699 982/704
f 982/704 966/699 858/702
f 1070/701 1046/700 1054/705
f 1054/705 1046/700 982/704
f 1070/701 1054/705 1073/706
f 982/704 858/702 872/707
f 872/707 858/702 676/708
f 1054/705 982/704 990/709
f 990/709 982/704 872/707
f 1073/706 1054/705 1059/710
f 1059/710 1054/705 990/709
f 1073/706 1059/710 1095/711
f 990/709 872/707 889/712
f 889/712 872/707 701/713
f 990/709 889/712 1008/714
f 990/709 1008/714 1059/710
f 1008/714 889/712 909/715
f 1095/711 1059/710 1061/716
f 1061/716 1059/710 1008/714
f 1095/711 1061/716 1074/717
f 1008/714 909/715 1010/718
f 1008/714 1010/718 1061/716
f 1010/718 909/715 911/719
f 1074/717 1061/716 1063/720
f 1063/720 1061/716 1010/718
f 1074/717 1063/720 1075/721
f 1010/718 911/719 1012/722
f 1010/718 1012/722 1063/720
f 1012/722 911/719 913/723
f 1075/721 1063/720 1056/724
f 1056/724 1063/720 1012/722
f 1075/721 1056/724 1064/725
f 1064/725 1056/724 1049/726
f 1056/724 1012/722 992/727
f 1056/724 992/727 1049/726
f 992/727 1012/722 913/723
f 1049/726 992/727 987/728
f 992/727 913/723 892/729
f 992/727 892/729 987/728
f 1165/730 1125/731 1127/732
f 1127/732 1125/731 1067/733
f 1067/733 1125/731 1045/734
f 1067/733 1045/734 983/735
f 1067/733 983/735 1035/736
f 1035/736 983/735 940/737
f 1045/734 1125/731 1093/738
f 1093/738 1125/731 1169/739
f 1093/738 1169/739 1117/740
f 1093/738 1117/740 952/741
f 1045/734 1093/738 884/742
f 1045/734 884/742 983/735
f 884/742 1093/738 952/741
f 849/743 940/737 983/735
f 849/743 983/735 884/742
f 940/737 849/743 786/744
f 940/737 786/744 869/745
f 869/745 786/744 716/746
f 716/746 786/744 574/747
f 574/747 786/744 608/748
f 608/748 786/744 849/743
f 608/748 849/743 670/749
f 670/749 849/743 884/742
f 670/749 884/742 729/750
f 729/750 884/742 952/741
f 729/750 952/741 740/751
f 670/749 729/750 495/752
f 495/752 729/750 499/753
f 958/754 947/755 714/756
f 714/756 947/755 646/757
f 646/757 947/755 876/758
f 714/756 646/757 470/759
f 714/756 470/759 482/760
f 714/756 482/760 491/761
f 646/757 876/758 598/762
f 598/762 876/758 839/763
f 598/762 839/763 564/764
f 564/764 839/763 781/765
f 564/766 781/767 542/768
f 564/766 542/768 415/769
f 415/770 542/771 392/772
f 415/770 392/772 288/773
f 288/773 392/772 268/774
f 288/773 268/774 162/775
f 268/774 392/772 259/776
f 268/774 259/776 162/775
f 259/776 392/772 368/777
f 288/773 162/775 179/778
f 259/776 368/777 248/779
f 248/779 368/777 359/780
f 162/775 259/776 151/781
f 179/778 162/775 48/782
f 179/778 48/782 63/783
f 63/783 48/782 1398/784
f 48/782 162/775 39/785
f 39/785 162/775 151/781
f 48/782 39/785 1399/786
f 39/785 151/781 30/787
f 137/788 151/781 259/776
f 151/781 137/788 30/787
f 137/788 259/776 248/779
f 30/787 137/788 23/789
f 23/789 137/788 134/790
f 134/790 137/788 248/779
f 23/789 134/790 24/791
f 134/790 248/779 242/792
f 242/792 248/779 359/780
f 242/792 359/780 331/793
f 24/791 134/790 129/794
f 129/794 134/790 242/792
f 24/791 129/794 25/795
f 242/792 331/793 236/796
f 242/792 236/796 129/794
f 236/796 331/793 325/797
f 25/795 129/794 130/798
f 130/798 129/794 236/796
f 25/795 130/798 26/799
f 236/796 325/797 237/800
f 236/796 237/800 130/798
f 26/799 130/798 131/801
f 131/801 130/798 237/800
f 26/799 131/801 27/802
f 131/801 237/800 238/803
f 238/803 237/800 326/804
f 27/802 131/801 136/805
f 136/805 131/801 238/803
f 27/802 136/805 35/806
f 136/805 238/803 245/807
f 245/807 238/803 334/808
f 35/806 136/805 141/809
f 141/809 136/805 245/807
f 35/806 141/809 36/810
f 141/809 245/807 251/811
f 251/811 245/807 340/812
f 36/810 141/809 146/813
f 146/813 141/809 251/811
f 36/810 146/813 42/814
f 146/813 251/811 255/815
f 255/815 251/811 360/816
f 42/814 146/813 149/817
f 149/817 146/813 255/815
f 42/814 149/817 43/818
f 149/817 255/815 261/819
f 261/819 255/815 363/820
f 43/818 149/817 153/821
f 153/821 149/817 261/819
f 43/818 153/821 44/822
f 153/821 261/819 267/823
f 267/823 261/819 376/824
f 44/822 153/821 157/825
f 157/825 153/821 267/823
f 44/822 157/825 52/826
f 157/825 267/823 270/827
f 270/827 267/823 388/828
f 52/826 157/825 158/829
f 158/829 157/825 270/827
f 52/826 158/829 53/830
f 158/829 270/827 274/831
f 274/831 270/827 394/832
f 53/830 158/829 166/833
f 166/833 158/829 274/831
f 53/830 166/833 54/834
f 166/833 274/831 275/835
f 54/834 166/833 167/836
f 167/836 166/833 275/835
f 167/836 275/835 280/837
f 54/834 167/836 55/838
f 167/836 280/837 281/839
f 55/838 167/836 168/840
f 168/840 167/836 281/839
f 55/838 168/840 56/841
f 168/840 281/839 282/842
f 56/841 168/840 169/843
f 169/843 168/840 282/842
f 56/841 169/843 57/844
f 169/843 282/842 170/845
f 169/843 170/845 57/844
f 170/845 282/842 283/846
f 57/844 170/845 58/847
f 170/845 283/846 171/848
f 170/845 171/848 58/847
f 58/847 171/848 59/849
f 59/849 171/848 172/850
f 172/850 171/848 276/851
f 59/849 172/850 60/852
f 60/852 172/850 159/853
f 159/853 172/850 277/854
f 60/852 159/853 45/855
f 45/855 159/853 154/856
f 45/855 154/856 46/857
f 46/857 154/856 150/858
f 46/857 150/858 37/859
f 37/859 150/858 142/860
f 37/859 142/860 28/861
f 28/861 142/860 132/862
f 28/861 132/862 21/863
f 542/864 715/865 506/866
f 542/864 506/866 392/867
f 506/866 715/865 633/868
f 392/867 506/866 368/869
f 506/866 633/868 473/870
f 506/866 473/870 368/869
f 473/870 633/868 584/871
f 368/869 473/870 449/872
f 449/872 473/870 584/871
f 368/869 449/872 359/873
f 449/872 584/871 558/874
f 359/873 449/872 331/875
f 449/872 558/874 430/876
f 449/872 430/876 331/875
f 430/876 558/874 532/877
f 331/875 430/876 325/878
f 430/876 532/877 426/879
f 430/876 426/879 325/878
f 426/879 532/877 523/880
f 325/878 426/879 326/881
f 325/878 326/881 237/882
f 426/879 523/880 427/883
f 426/879 427/883 326/881
f 427/883 523/880 525/884
f 326/881 427/883 334/885
f 326/881 334/885 238/886
f 427/883 525/884 433/887
f 427/883 433/887 334/885
f 433/887 525/884 534/888
f 334/885 433/887 340/889
f 334/885 340/889 245/890
f 433/887 534/888 443/891
f 433/887 443/891 340/889
f 443/891 534/888 559/892
f 340/889 443/891 360/893
f 340/889 360/893 251/894
f 443/891 559/892 459/895
f 443/891 459/895 360/893
f 459/895 559/892 567/896
f 360/893 459/895 363/897
f 360/893 363/897 255/898
f 459/895 567/896 474/899
f 459/895 474/899 363/897
f 474/899 567/896 594/900
f 363/897 474/899 376/901
f 363/897 376/901 261/902
f 474/899 594/900 484/903
f 474/899 484/903 376/901
f 484/903 594/900 610/904
f 376/901 484/903 388/905
f 376/901 388/905 267/906
f 484/903 610/904 497/907
f 484/903 497/907 388/905
f 497/907 610/904 649/908
f 388/905 497/907 394/909
f 388/905 394/909 270/910
f 497/907 649/908 512/911
f 497/907 512/911 394/909
f 512/911 649/908 675/912
f 394/909 512/911 400/913
f 394/909 400/913 274/914
f 274/914 400/913 275/915
f 512/911 675/912 526/916
f 512/911 526/916 400/913
f 526/916 675/912 700/917
f 275/915 400/913 408/918
f 408/918 400/913 526/916
f 275/915 408/918 280/919
f 526/916 700/917 536/920
f 526/916 536/920 408/918
f 536/920 700/917 718/921
f 280/919 408/918 410/922
f 410/922 408/918 536/920
f 280/919 410/922 417/923
f 536/920 718/921 546/924
f 536/920 546/924 410/922
f 410/922 546/924 417/923
f 546/924 718/921 733/925
f 280/919 417/923 281/926
f 546/924 733/925 547/927
f 546/924 547/927 417/923
f 547/927 733/925 734/928
f 281/926 417/923 411/929
f 411/929 417/923 547/927
f 281/926 411/929 282/930
f 282/930 411/929 283/931
f 547/927 734/928 548/932
f 547/927 548/932 411/929
f 548/932 734/928 735/933
f 283/931 411/929 412/934
f 412/934 411/929 548/932
f 548/932 735/933 538/935
f 548/932 538/935 412/934
f 538/935 735/933 738/936
f 283/931 412/934 276/937
f 283/931 276/937 171/938
f 412/934 538/935 403/939
f 412/934 403/939 276/937
f 538/935 738/936 539/940
f 538/935 539/940 403/939
f 539/940 738/936 719/941
f 276/937 403/939 277/942
f 276/937 277/942 172/943
f 403/939 539/940 398/944
f 403/939 398/944 277/942
f 539/940 719/941 520/945
f 539/940 520/945 398/944
f 520/945 719/941 686/946
f 277/942 398/944 271/947
f 277/942 271/947 159/948
f 159/948 271/947 154/949
f 271/947 398/944 390/950
f 390/950 398/944 520/945
f 154/949 271/947 263/951
f 263/951 271/947 390/950
f 154/949 263/951 150/952
f 507/953 520/945 686/946
f 520/945 507/953 390/950
f 507/953 686/946 655/954
f 263/951 390/950 381/955
f 381/955 390/950 507/953
f 150/952 263/951 256/956
f 256/956 263/951 381/955
f 150/952 256/956 142/957
f 507/953 655/954 488/958
f 507/953 488/958 381/955
f 488/958 655/954 626/959
f 256/956 381/955 366/960
f 366/960 381/955 488/958
f 142/957 256/956 252/961
f 252/961 256/956 366/960
f 142/957 252/961 132/962
f 488/958 626/959 475/963
f 488/958 475/963 366/960
f 475/963 626/959 588/964
f 252/961 366/960 351/965
f 351/965 366/960 475/963
f 475/963 588/964 454/966
f 475/963 454/966 351/965
f 454/966 588/964 562/967
f 252/961 351/965 239/968
f 252/961 239/968 132/962
f 351/965 454/966 322/969
f 351/965 322/969 239/968
f 454/966 562/967 428/970
f 454/966 428/970 322/969
f 428/970 562/967 541/971
f 132/962 239/968 127/972
f 132/962 127/972 21/973
f 239/968 322/969 233/974
f 239/968 233/974 127/972
f 322/969 428/970 316/975
f 322/969 316/975 233/974
f 428/970 541/971 421/976
f 428/970 421/976 316/975
f 421/976 541/971 498/977
f 127/972 233/974 122/978
f 127/972 122/978 18/979
f 233/974 316/975 220/980
f 233/974 220/980 122/978
f 316/975 421/976 306/981
f 316/975 306/981 220/980
f 421/976 498/977 391/982
f 421/976 391/982 306/981
f 391/982 498/977 471/983
f 122/978 220/980 118/984
f 122/978 118/984 7/985
f 220/980 306/981 209/986
f 220/980 209/986 118/984
f 306/981 391/982 302/987
f 306/981 302/987 209/986
f 391/982 471/983 380/988
f 391/982 380/988 302/987
f 380/988 471/983 452/989
f 118/984 209/986 116/990
f 118/984 116/990 6/991
f 209/986 302/987 200/992
f 209/986 200/992 116/990
f 302/987 380/988 299/993
f 302/987 299/993 200/992
f 380/988 452/989 373/994
f 380/988 373/994 299/993
f 373/994 452/989 440/995
f 116/990 200/992 110/996
f 116/990 110/996 5/997
f 200/992 299/993 198/998
f 200/992 198/998 110/996
f 110/996 198/998 109/999
f 110/996 109/999 4/1000
f 198/998 299/993 287/1001
f 287/1001 299/993 373/994
f 109/999 198/998 196/1002
f 196/1002 198/998 287/1001
f 109/999 196/1002 113/1003
f 365/1004 373/994 440/995
f 373/994 365/1004 287/1001
f 365/1004 440/995 438/1005
f 196/1002 287/1001 285/1006
f 285/1006 287/1001 365/1004
f 113/1003 196/1002 195/1007
f 195/1007 196/1002 285/1006
f 113/1003 195/1007 111/1008
f 365/1004 438/1005 364/1009
f 365/1004 364/1009 285/1006
f 364/1009 438/1005 437/1010
f 195/1007 285/1006 284/1011
f 284/1011 285/1006 364/1009
f 111/1008 195/1007 207/1012
f 207/1012 195/1007 284/1011
f 111/1008 207/1012 119/1013
f 364/1009 437/1010 370/1014
f 364/1009 370/1014 284/1011
f 370/1014 437/1010 445/1015
f 207/1012 284/1011 294/1016
f 294/1016 284/1011 370/1014
f 119/1013 207/1012 219/1017
f 219/1017 207/1012 294/1016
f 119/1013 219/1017 125/1018
f 125/1018 219/1017 231/1019
f 370/1014 445/1015 377/1020
f 370/1014 377/1020 294/1016
f 377/1020 445/1015 451/1021
f 219/1017 294/1016 305/1022
f 219/1017 305/1022 231/1019
f 305/1022 294/1016 377/1020
f 231/1019 305/1022 312/1023
f 377/1020 451/1021 384/1024
f 377/1020 384/1024 305/1022
f 305/1022 384/1024 312/1023
f 384/1024 451/1021 465/1025
f 312/1023 384/1024 401/1026
f 401/1026 384/1024 465/1025
f 401/1026 465/1025 481/1027
f 558/1028 671/1029 532/1030
f 532/1031 634/1032 523/1033
f 523/1033 634/1032 609/1034
f 523/1033 609/1034 525/1035
f 525/1035 609/1034 619/1036
f 525/1035 619/1036 534/1037
f 534/1037 619/1036 636/1038
f 534/1037 636/1038 559/1039
f 559/1039 636/1038 673/1040
f 559/1039 673/1040 567/1041
f 567/1041 673/1040 717/1042
f 567/1041 717/1042 594/1043
f 594/1043 717/1042 777/1044
f 594/1043 777/1044 610/1045
f 610/1045 777/1044 805/1046
f 610/1045 805/1046 649/1047
f 649/1047 805/1046 831/1048
f 649/1047 831/1048 675/1049
f 675/1049 831/1048 853/1050
f 675/1049 853/1050 700/1051
f 700/1051 853/1050 871/1052
f 700/1051 871/1052 718/1053
f 718/1053 871/1052 879/1054
f 718/1053 879/1054 733/1055
f 733/1055 879/1054 890/1056
f 733/1055 890/1056 734/1057
f 734/1057 890/1056 910/1058
f 910/1058 890/1056 1007/1059
f 734/1057 910/1058 735/1060
f 735/1060 910/1058 912/1061
f 912/1061 910/1058 1009/1062
f 735/1060 912/1061 738/1063
f 912/1061 1009/1062 1011/1064
f 738/1063 912/1061 891/1065
f 891/1065 912/1061 1011/1064
f 738/1063 891/1065 719/1066
f 891/1065 1011/1064 991/1067
f 719/1066 891/1065 880/1068
f 880/1068 891/1065 991/1067
f 719/1066 880/1068 686/1069
f 880/1068 991/1067 986/1070
f 686/1069 880/1068 866/1071
f 866/1071 880/1068 986/1070
f 686/1069 866/1071 655/1072
f 866/1071 986/1070 974/1073
f 655/1072 866/1071 854/1074
f 854/1074 866/1071 974/1073
f 655/1072 854/1074 626/1075
f 854/1074 974/1073 956/1076
f 956/1076 974/1073 1043/1077
f 626/1075 854/1074 806/1078
f 806/1078 854/1074 956/1076
f 626/1075 806/1078 588/1079
f 806/1078 956/1076 920/1080
f 920/1080 956/1076 1013/1081
f 588/1079 806/1078 778/1082
f 778/1082 806/1078 920/1080
f 588/1079 778/1082 562/1083
f 778/1082 920/1080 873/1084
f 873/1084 920/1080 976/1085
f 873/1084 976/1085 944/1086
f 562/1083 778/1082 703/1087
f 703/1087 778/1082 873/1084
f 562/1083 703/1087 541/1088
f 873/1084 944/1086 832/1089
f 873/1084 832/1089 703/1087
f 832/1089 944/1086 882/1090
f 541/1088 703/1087 641/1091
f 641/1091 703/1087 832/1089
s 0
f 541/1088 641/1091 498/1092
s 1
f 832/1089 882/1090 779/1093
f 832/1089 779/1093 641/1091
f 779/1093 882/1090 846/1094
s 0
f 498/1092 641/1091 580/1095
s 1
f 580/1095 641/1091 779/1093
f 498/1092 580/1095 471/1096
f 779/1093 846/1094 679/1097
f 779/1093 679/1097 580/1095
f 471/1096 580/1095 556/1098
f 556/1098 580/1095 679/1097
f 471/1096 556/1098 452/1099
f 679/1097 846/1094 771/1100
f 771/1100 846/1094 859/1101
f 556/1098 679/1097 615/1102
f 615/1102 679/1097 771/1100
f 452/1099 556/1098 529/1103
f 529/1103 556/1098 615/1102
f 452/1099 529/1103 440/1104
f 615/1102 771/1100 688/1105
f 688/1105 771/1100 790/1106
f 688/1105 790/1106 721/1107
f 615/1102 688/1105 595/1108
f 615/1102 595/1108 529/1103
f 688/1105 721/1107 656/1109
f 688/1105 656/1109 595/1108
f 656/1109 721/1107 662/1110
f 521/1111 440/1104 529/1103
f 521/1111 529/1103 595/1108
f 440/1104 521/1111 438/1112
f 595/1108 656/1109 579/1113
f 595/1108 579/1113 521/1111
f 656/1109 662/1110 624/1114
f 656/1109 624/1114 579/1113
f 624/1114 662/1110 654/1115
f 438/1112 521/1111 515/1116
f 515/1116 521/1111 579/1113
f 438/1112 515/1116 437/1117
f 579/1113 624/1114 570/1118
f 579/1113 570/1118 515/1116
f 624/1114 654/1115 613/1119
f 624/1114 613/1119 570/1118
f 613/1119 654/1115 639/1120
f 613/1119 639/1120 611/1121
f 437/1117 515/1116 513/1122
f 513/1122 515/1116 570/1118
f 437/1117 513/1122 445/1123
f 570/1118 613/1119 568/1124
f 570/1118 568/1124 513/1122
f 568/1124 613/1119 611/1121
f 445/1123 513/1122 518/1125
f 518/1125 513/1122 568/1124
f 445/1123 518/1125 451/1126
f 568/1124 611/1121 576/1127
f 568/1124 576/1127 518/1125
f 576/1127 611/1121 622/1128
f 622/1128 611/1121 638/1129
f 451/1126 518/1125 527/1130
f 527/1130 518/1125 576/1127
f 451/1126 527/1130 465/1131
f 576/1127 622/1128 585/1132
f 576/1127 585/1132 527/1130
f 585/1132 622/1128 637/1133
f 465/1131 527/1130 551/1134
f 551/1134 527/1130 585/1132
f 465/1131 551/1134 481/1135
f 481/1135 551/1134 565/1136
f 551/1134 585/1132 600/1137
f 551/1134 600/1137 565/1136
f 600/1137 585/1132 637/1133
f 565/1136 600/1137 650/1138
f 600/1137 637/1133 677/1139
f 600/1137 677/1139 650/1138
f 650/1138 677/1139 736/1140
f 560/1141 593/1142 458/1143
f 560/1141 458/1143 543/1144
f 458/1143 593/1142 483/1145
f 483/1145 593/1142 510/1146
f 483/1145 510/1146 399/1147
f 458/1143 483/1145 382/1148
f 543/1144 458/1143 435/1149
f 435/1149 458/1143 361/1150
f 543/1144 435/1149 524/1151
f 524/1151 435/1149 431/1152
f 431/1152 435/1149 349/1153
f 524/1151 431/1152 533/1154
f 533/1154 431/1152 432/1155
f 432/1155 431/1152 332/1156
f 533/1154 432/1155 544/1157
f 533/1154 544/1157 648/1158
f 544/1157 432/1155 436/1159
f 436/1159 432/1155 333/1160
f 544/1157 436/1159 561/1161
f 544/1157 561/1161 674/1162
f 561/1161 436/1159 450/1163
f 450/1163 436/1159 339/1164
f 561/1161 450/1163 575/1165
f 561/1161 575/1165 731/1166
f 575/1165 450/1163 464/1167
f 464/1167 450/1163 350/1168
f 575/1165 464/1167 599/1169
f 575/1165 599/1169 783/1170
f 599/1169 464/1167 480/1171
f 480/1171 464/1167 362/1172
f 599/1169 480/1171 621/1173
f 599/1169 621/1173 821/1174
f 621/1173 480/1171 496/1175
f 496/1175 480/1171 369/1176
f 621/1173 496/1175 660/1177
f 621/1173 660/1177 845/1178
f 660/1177 496/1175 511/1179
f 511/1179 496/1175 383/1180
f 660/1177 511/1179 676/1181
f 660/1177 676/1181 858/1182
f 676/1181 511/1179 517/1183
f 517/1183 511/1179 393/1184
f 510/1185 593/1186 647/1187
f 361/1188 458/1189 382/1190
f 361/1188 382/1190 265/1191
f 349/1192 435/1193 361/1194
f 349/1192 361/1194 254/1195
f 349/1192 254/1195 249/1196
f 349/1192 249/1196 332/1197
f 349/1192 332/1197 431/1198
f 332/1197 249/1196 243/1199
f 332/1197 243/1199 333/1200
f 332/1197 333/1200 432/1201
f 333/1200 243/1199 244/1202
f 333/1200 244/1202 339/1203
f 333/1200 339/1203 436/1204
f 339/1203 244/1202 246/1205
f 339/1203 246/1205 350/1206
f 339/1203 350/1206 450/1207
f 350/1206 246/1205 250/1208
f 350/1206 250/1208 362/1209
f 350/1206 362/1209 464/1210
f 362/1209 250/1208 253/1211
f 362/1209 253/1211 369/1212
f 362/1209 369/1212 480/1213
f 369/1212 253/1211 260/1214
f 260/1214 253/1211 145/1215
f 369/1212 260/1214 383/1216
f 369/1212 383/1216 496/1217
f 383/1216 260/1214 266/1218
f 266/1218 260/1214 148/1219
f 383/1216 266/1218 393/1220
f 383/1216 393/1220 511/1221
f 393/1220 266/1218 269/1222
f 269/1222 266/1218 156/1223
f 393/1220 269/1222 397/1224
f 393/1220 397/1224 517/1225
f 397/1224 269/1222 273/1226
f 273/1226 269/1222 164/1227
f 397/1224 273/1226 407/1228
f 397/1224 407/1228 535/1229
f 407/1228 273/1226 279/1230
f 279/1230 273/1226 165/1231
f 510/1232 647/1233 553/1234
f 510/1232 553/1234 422/1235
f 553/1236 647/1237 716/1238
f 483/1239 399/1240 382/1241
f 382/1241 399/1240 289/1242
f 510/1243 422/1244 399/1245
f 553/1246 716/1247 574/1248
f 553/1246 574/1248 434/1249
f 422/1250 553/1251 434/1252
f 399/1253 422/1254 311/1255
f 399/1253 311/1255 289/1256
f 311/1255 422/1254 315/1257
f 315/1257 422/1254 434/1258
f 315/1257 434/1258 321/1259
f 321/1259 434/1258 463/1260
f 315/1257 321/1259 192/1261
f 315/1257 192/1261 191/1262
f 321/1259 463/1260 330/1263
f 191/1262 192/1261 89/1264
f 191/1262 89/1264 84/1265
f 84/1265 89/1264 1334/1266
f 84/1265 1334/1266 1335/1267
f 1334/1266 89/1264 1333/1268
f 1333/1268 89/1264 88/1269
f 88/1269 89/1264 192/1261
f 1333/1268 88/1269 1332/1270
f 205/1271 192/1261 321/1259
f 192/1261 205/1271 88/1269
f 205/1271 321/1259 330/1263
f 1332/1270 88/1269 87/1272
f 87/1272 88/1269 205/1271
f 1332/1270 87/1272 1338/1273
f 1338/1273 87/1272 101/1274
f 101/1274 87/1272 211/1275
f 87/1272 205/1271 204/1276
f 87/1272 204/1276 211/1275
f 204/1276 205/1271 330/1263
f 211/1275 204/1276 338/1277
f 338/1277 204/1276 330/1263
f 211/1275 338/1277 353/1278
f 353/1278 338/1277 495/1279
f 338/1277 330/1263 479/1280
f 338/1277 479/1280 495/1279
f 495/1279 479/1280 670/1281
f 479/1280 330/1263 463/1260
f 479/1280 463/1260 608/1282
f 434/1283 574/1284 463/1285
f 463/1286 574/1287 608/1288
f 479/1289 608/1290 670/1291
f 315/1292 191/1293 311/1294
f 311/1294 191/1293 187/1295
f 187/1295 191/1293 84/1296
f 311/1294 187/1295 289/1297
f 187/1295 84/1296 81/1298
f 81/1298 84/1296 1335/1299
f 81/1298 1335/1299 1336/1300
f 187/1295 81/1298 180/1301
f 187/1295 180/1301 289/1297
f 81/1298 1336/1300 79/1302
f 81/1298 79/1302 180/1301
f 79/1302 1336/1300 1337/1303
f 289/1297 180/1301 265/1304
f 289/1297 265/1304 382/1305
f 180/1301 79/1302 163/1306
f 180/1301 163/1306 265/1304
f 79/1302 1337/1303 64/1307
f 79/1302 64/1307 163/1306
f 64/1307 1337/1303 1348/1308
f 265/1304 163/1306 254/1309
f 265/1304 254/1309 361/1310
f 254/1309 163/1306 152/1311
f 152/1311 163/1306 64/1307
f 254/1309 152/1311 249/1312
f 64/1307 1348/1308 49/1313
f 64/1307 49/1313 152/1311
f 49/1313 1348/1308 1349/1314
f 249/1312 152/1311 144/1315
f 144/1315 152/1311 49/1313
f 249/1312 144/1315 243/1316
f 49/1313 1349/1314 40/1317
f 49/1313 40/1317 144/1315
f 243/1316 144/1315 138/1318
f 138/1318 144/1315 40/1317
f 243/1316 138/1318 244/1319
f 138/1318 40/1317 31/1320
f 31/1320 40/1317 1350/1321
f 244/1319 138/1318 135/1322
f 135/1322 138/1318 31/1320
f 244/1319 135/1322 246/1323
f 135/1322 31/1320 32/1324
f 32/1324 31/1320 1351/1325
f 246/1323 135/1322 139/1326
f 139/1326 135/1322 32/1324
f 246/1323 139/1326 250/1327
f 139/1326 32/1324 33/1328
f 33/1328 32/1324 1352/1329
f 250/1327 139/1326 140/1330
f 140/1330 139/1326 33/1328
f 250/1327 140/1330 253/1331
f 253/1331 140/1330 145/1332
f 140/1330 33/1328 34/1333
f 140/1330 34/1333 145/1332
f 34/1333 33/1328 1353/1334
f 145/1332 34/1333 41/1335
f 41/1335 34/1333 1354/1336
f 145/1332 41/1335 148/1337
f 145/1332 148/1337 260/1338
f 148/1337 41/1335 50/1339
f 50/1339 41/1335 1355/1340
f 148/1337 50/1339 156/1341
f 148/1337 156/1341 266/1342
f 156/1341 50/1339 51/1343
f 51/1343 50/1339 1356/1344
f 156/1341 51/1343 164/1345
f 156/1341 164/1345 269/1346
f 164/1345 51/1343 65/1347
f 65/1347 51/1343 1357/1348
f 164/1345 65/1347 165/1349
f 164/1345 165/1349 273/1350
f 165/1349 65/1347 66/1351
f 66/1351 65/1347 1358/1352
f 165/1349 66/1351 174/1353
f 165/1349 174/1353 279/1354
f 174/1353 66/1351 67/1355
f 67/1355 66/1351 1359/1356
f 174/1353 67/1355 175/1357
f 174/1353 175/1357 290/1358
f 175/1357 67/1355 73/1359
f 73/1359 67/1355 1360/1360
f 175/1357 73/1359 181/1361
f 175/1357 181/1361 291/1362
f 181/1361 73/1359 74/1363
f 74/1363 73/1359 1361/1364
f 181/1361 74/1363 182/1365
f 182/1365 74/1363 75/1366
f 75/1366 74/1363 1362/1367
f 182/1365 75/1366 183/1368
f 183/1368 75/1366 76/1369
f 76/1369 75/1366 1363/1370
f 183/1368 76/1369 176/1371
f 176/1371 76/1369 77/1372
f 77/1372 76/1369 1364/1373
f 176/1371 77/1372 177/1374
f 177/1374 77/1372 68/1375
f 68/1375 77/1372 1365/1376
f 1350/1377 40/1378 1349/1379
f 1350/1377 1349/1379 1472/1380
f 1472/1380 1349/1379 1483/1381
f 1483/1381 1349/1379 1348/1382
f 1472/1380 1483/1381 1595/1383
f 1472/1380 1595/1383 1584/1384
f 1595/1383 1483/1381 1607/1385
f 1472/1380 1584/1384 1466/1386
f 1472/1380 1466/1386 1350/1377
f 1466/1386 1584/1384 1572/1387
f 1483/1381 1348/1382 1494/1388
f 1483/1381 1494/1388 1607/1385
f 1494/1388 1348/1382 1337/1389
f 1607/1385 1494/1388 1624/1390
f 1494/1388 1337/1389 1493/1391
f 1494/1388 1493/1391 1624/1390
f 1624/1390 1493/1391 1627/1392
f 1493/1391 1337/1389 1336/1393
f 1627/1392 1493/1391 1507/1394
f 1507/1394 1493/1391 1336/1393
f 1507/1394 1336/1393 1335/1395
f 1507/1394 1335/1395 1522/1396
f 1522/1396 1335/1395 1334/1397
f 1459/1398 1466/1386 1572/1387
f 1459/1398 1572/1387 1568/1399
f 1466/1386 1459/1398 1351/1400
f 1466/1386 1351/1400 1350/1377
f 1350/1377 1351/1400 31/1401
f 1351/1400 1459/1398 1352/1402
f 1351/1400 1352/1402 32/1403
f 1459/1398 1568/1399 1460/1404
f 1459/1398 1460/1404 1352/1402
f 1460/1404 1568/1399 1569/1405
f 1352/1402 1460/1404 1353/1406
f 1352/1402 1353/1406 33/1407
f 1460/1404 1569/1405 1461/1408
f 1460/1404 1461/1408 1353/1406
f 1461/1408 1569/1405 1570/1409
f 1353/1406 1461/1408 1354/1410
f 1353/1406 1354/1410 34/1411
f 1461/1408 1570/1409 1467/1412
f 1461/1408 1467/1412 1354/1410
f 1467/1412 1570/1409 1576/1413
f 1354/1410 1467/1412 1355/1414
f 1354/1410 1355/1414 41/1415
f 1467/1412 1576/1413 1468/1416
f 1467/1412 1468/1416 1355/1414
f 1468/1416 1576/1413 1582/1417
f 1355/1414 1468/1416 1356/1418
f 1355/1414 1356/1418 50/1419
f 1468/1416 1582/1417 1479/1420
f 1468/1416 1479/1420 1356/1418
f 1479/1420 1582/1417 1586/1421
f 1356/1418 1479/1420 1357/1422
f 1356/1418 1357/1422 51/1423
f 1479/1420 1586/1421 1480/1424
f 1479/1420 1480/1424 1357/1422
f 1480/1424 1586/1421 1591/1425
f 1357/1422 1480/1424 1358/1426
f 1357/1422 1358/1426 65/1427
f 1480/1424 1591/1425 1486/1428
f 1480/1424 1486/1428 1358/1426
f 1486/1428 1591/1425 1597/1429
f 1358/1426 1486/1428 1359/1430
f 1358/1426 1359/1430 66/1431
f 1486/1428 1597/1429 1487/1432
f 1486/1428 1487/1432 1359/1430
f 1487/1432 1597/1429 1603/1433
f 1359/1430 1487/1432 1360/1434
f 1359/1430 1360/1434 67/1435
f 1487/1432 1603/1433 1498/1436
f 1487/1432 1498/1436 1360/1434
f 1498/1436 1603/1433 1604/1437
f 1360/1434 1498/1436 1361/1438
f 1360/1434 1361/1438 73/1439
f 1498/1436 1604/1437 1499/1440
f 1498/1436 1499/1440 1361/1438
f 1499/1440 1604/1437 1609/1441
f 1361/1438 1499/1440 1362/1442
f 1361/1438 1362/1442 74/1443
f 1499/1440 1609/1441 1500/1444
f 1499/1440 1500/1444 1362/1442
f 1500/1444 1609/1441 1610/1445
f 1362/1442 1500/1444 1363/1446
f 1362/1442 1363/1446 75/1447
f 1500/1444 1610/1445 1501/1448
f 1500/1444 1501/1448 1363/1446
f 1501/1448 1610/1445 1611/1449
f 1363/1446 1501/1448 1364/1450
f 1363/1446 1364/1450 76/1451
f 1501/1448 1611/1449 1502/1452
f 1501/1448 1502/1452 1364/1450
f 1502/1452 1611/1449 1612/1453
f 1364/1450 1502/1452 1365/1454
f 1364/1450 1365/1454 77/1455
f 1502/1452 1612/1453 1503/1456
f 1502/1452 1503/1456 1365/1454
f 1503/1456 1612/1453 1613/1457
f 1365/1454 1503/1456 1366/1458
f 1365/1454 1366/1458 68/1459
f 1503/1456 1613/1457 1488/1460
f 1503/1456 1488/1460 1366/1458
f 1488/1460 1613/1457 1605/1461
f 1366/1458 1488/1460 1368/1462
f 1366/1458 1368/1462 69/1463
f 1488/1460 1605/1461 1489/1464
f 1488/1460 1489/1464 1368/1462
f 1489/1464 1605/1461 1598/1465
f 1368/1462 1489/1464 1370/1466
f 1368/1462 1370/1466 70/1467
f 70/1467 1370/1466 61/1468
f 1489/1464 1598/1465 1490/1469
f 1489/1464 1490/1469 1370/1466
f 1490/1469 1598/1465 1592/1470
f 61/1468 1370/1466 1372/1471
f 1372/1471 1370/1466 1490/1469
f 61/1468 1372/1471 47/1472
f 1490/1469 1592/1470 1481/1473
f 1490/1469 1481/1473 1372/1471
f 1481/1473 1592/1470 1587/1474
f 47/1472 1372/1471 1376/1475
f 1376/1475 1372/1471 1481/1473
f 47/1472 1376/1475 38/1476
f 1481/1473 1587/1474 1470/1477
f 1481/1473 1470/1477 1376/1475
f 1470/1477 1587/1474 1577/1478
f 38/1476 1376/1475 1375/1479
f 1375/1479 1376/1475 1470/1477
s 0
f 38/1476 1375/1479 29/1480
s 1
f 1470/1477 1577/1478 1464/1481
f 1470/1477 1464/1481 1375/1479
f 1464/1481 1577/1478 1571/1482
f 29/1480 1375/1479 1377/1483
f 1377/1483 1375/1479 1464/1481
f 29/1480 1377/1483 22/1484
f 1464/1481 1571/1482 1463/1485
f 1464/1481 1463/1485 1377/1483
f 1463/1485 1571/1482 1566/1486
f 22/1484 1377/1483 1374/1487
f 1374/1487 1377/1483 1463/1485
f 22/1484 1374/1487 19/1488
f 1463/1485 1566/1486 1458/1489
f 1463/1485 1458/1489 1374/1487
f 1458/1489 1566/1486 1561/1490
f 19/1488 1374/1487 1373/1491
f 1373/1491 1374/1487 1458/1489
f 19/1488 1373/1491 17/1492
f 1458/1489 1561/1490 1449/1493
f 1458/1489 1449/1493 1373/1491
f 1449/1493 1561/1490 1557/1494
f 17/1492 1373/1491 1371/1495
f 1371/1495 1373/1491 1449/1493
f 17/1492 1371/1495 16/1496
f 1449/1493 1557/1494 1448/1497
f 1449/1493 1448/1497 1371/1495
f 1448/1497 1557/1494 1556/1498
f 16/1496 1371/1495 1369/1499
f 1369/1499 1371/1495 1448/1497
f 16/1496 1369/1499 15/1500
f 1448/1497 1556/1498 1441/1501
f 1448/1497 1441/1501 1369/1499
f 1441/1501 1556/1498 1549/1502
f 15/1500 1369/1499 1367/1503
f 1367/1503 1369/1499 1441/1501
f 15/1500 1367/1503 14/1504
f 1441/1501 1549/1502 1447/1505
f 1441/1501 1447/1505 1367/1503
f 1447/1505 1549/1502 1548/1506
f 14/1504 1367/1503 1415/1507
f 1415/1507 1367/1503 1447/1505
f 14/1504 1415/1507 13/1508
f 1447/1505 1548/1506 1445/1509
f 1447/1505 1445/1509 1415/1507
f 1445/1509 1548/1506 1547/1510
f 13/1508 1415/1507 1412/1511
f 1412/1511 1415/1507 1445/1509
f 13/1508 1412/1511 12/1512
f 1445/1509 1547/1510 1443/1513
f 1445/1509 1443/1513 1412/1511
f 1443/1513 1547/1510 1552/1514
f 12/1512 1412/1511 1410/1515
f 1410/1515 1412/1511 1443/1513
f 12/1512 1410/1515 10/1516
f 1443/1513 1552/1514 1442/1517
f 1443/1513 1442/1517 1410/1515
f 1442/1517 1552/1514 1550/1518
f 10/1516 1410/1515 1407/1519
f 1407/1519 1410/1515 1442/1517
f 10/1516 1407/1519 20/1520
f 20/1520 1407/1519 1408/1521
f 1407/1519 1442/1517 1452/1522
f 1407/1519 1452/1522 1408/1521
f 1452/1522 1442/1517 1550/1518
f 1408/1521 1452/1522 1450/1523
f 1452/1522 1550/1518 1558/1524
f 1452/1522 1558/1524 1450/1523
f 1450/1523 1558/1524 1562/1525
f 701/1526 872/1527 676/1528
f 701/1526 676/1528 517/1529
f 701/1526 517/1529 535/1530
f 535/1530 517/1529 397/1531
f 889/1532 701/1533 732/1534
f 889/1532 732/1534 909/1535
f 909/1535 732/1534 757/1536
f 732/1534 701/1533 535/1537
f 757/1536 732/1534 545/1538
f 545/1538 732/1534 535/1537
f 545/1538 535/1537 407/1539
f 545/1540 407/1541 409/1542
f 409/1542 407/1541 279/1543
f 409/1542 279/1543 290/1544
f 290/1544 279/1543 174/1545
f 409/1542 290/1544 416/1546
f 409/1542 416/1546 554/1547
f 416/1546 290/1544 291/1548
f 291/1548 290/1544 175/1549
f 416/1546 291/1548 418/1550
f 416/1546 418/1550 555/1551
f 418/1550 291/1548 292/1552
f 292/1552 291/1548 181/1553
f 292/1552 181/1553 182/1554
f 418/1550 292/1552 419/1555
f 418/1550 419/1555 549/1556
f 292/1552 182/1554 293/1557
f 292/1552 293/1557 419/1555
f 293/1557 182/1554 183/1558
f 419/1555 293/1557 420/1559
f 419/1555 420/1559 552/1560
f 293/1557 183/1558 295/1561
f 293/1557 295/1561 420/1559
f 295/1561 183/1558 176/1562
f 420/1559 295/1561 413/1563
f 420/1559 413/1563 540/1564
f 295/1561 176/1562 286/1565
f 295/1561 286/1565 413/1563
f 286/1565 176/1562 177/1566
f 413/1563 286/1565 404/1567
f 413/1563 404/1567 528/1568
f 286/1565 177/1566 278/1569
f 286/1565 278/1569 404/1567
f 404/1567 278/1569 395/1570
f 404/1567 395/1570 508/1571
f 395/1570 278/1569 272/1572
f 278/1569 177/1566 173/1573
f 278/1569 173/1573 272/1572
f 173/1573 177/1566 68/1574
f 272/1572 173/1573 160/1575
f 160/1575 173/1573 69/1576
f 757/1577 545/1578 554/1579
f 554/1579 545/1578 409/1580
f 909/1581 757/1582 911/1583
f 911/1583 757/1582 758/1584
f 758/1584 757/1582 554/1585
f 911/1583 758/1584 913/1586
f 758/1584 554/1585 555/1587
f 913/1586 758/1584 759/1588
f 759/1588 758/1584 555/1587
f 913/1586 759/1588 892/1589
f 759/1588 555/1587 549/1590
f 549/1590 555/1587 418/1591
f 892/1589 759/1588 739/1592
f 739/1592 759/1588 549/1590
f 892/1589 739/1592 881/1593
f 892/1589 881/1593 987/1594
f 739/1592 549/1590 552/1595
f 552/1595 549/1590 419/1596
f 881/1593 739/1592 720/1597
f 720/1597 739/1592 552/1595
f 881/1593 720/1597 867/1598
f 881/1593 867/1598 975/1599
f 720/1597 552/1595 540/1600
f 540/1600 552/1595 420/1601
f 867/1598 720/1597 687/1602
f 687/1602 720/1597 540/1600
f 867/1598 687/1602 855/1603
f 867/1598 855/1603 949/1604
f 949/1604 855/1603 921/1605
f 687/1602 540/1600 528/1606
f 528/1606 540/1600 413/1607
f 855/1603 687/1602 663/1608
f 663/1608 687/1602 528/1606
f 921/1605 855/1603 807/1609
f 807/1609 855/1603 663/1608
f 921/1605 807/1609 874/1610
f 663/1608 528/1606 508/1611
f 508/1611 528/1606 404/1612
f 807/1609 663/1608 627/1613
f 627/1613 663/1608 508/1611
f 874/1610 807/1609 770/1614
f 770/1614 807/1609 627/1613
f 874/1610 770/1614 834/1615
f 627/1613 508/1611 489/1616
f 489/1616 508/1611 395/1617
f 770/1614 627/1613 589/1618
f 589/1618 627/1613 489/1616
f 834/1615 770/1614 704/1619
f 704/1619 770/1614 589/1618
f 834/1615 704/1619 773/1620
f 589/1618 489/1616 476/1621
f 476/1621 489/1616 386/1622
f 704/1619 589/1618 563/1623
f 563/1623 589/1618 476/1621
f 773/1620 704/1619 642/1624
f 642/1624 704/1619 563/1623
f 773/1620 642/1624 690/1625
f 563/1623 476/1621 455/1626
f 455/1626 476/1621 367/1627
f 642/1624 563/1623 531/1628
f 531/1628 563/1623 455/1626
f 690/1625 642/1624 581/1629
f 581/1629 642/1624 531/1628
f 690/1625 581/1629 616/1630
f 690/1625 616/1630 689/1631
f 531/1628 455/1626 429/1632
f 429/1632 455/1626 352/1633
f 581/1629 531/1628 490/1634
f 490/1634 531/1628 429/1632
f 616/1630 581/1629 557/1635
f 557/1635 581/1629 490/1634
f 616/1630 557/1635 587/1636
f 616/1630 587/1636 640/1637
f 490/1634 429/1632 414/1638
f 414/1638 429/1632 323/1639
f 557/1635 490/1634 472/1640
f 472/1640 490/1634 414/1638
f 587/1636 557/1635 530/1641
f 530/1641 557/1635 472/1640
f 587/1636 530/1641 578/1642
f 587/1636 578/1642 625/1643
f 472/1640 414/1638 396/1644
f 396/1644 414/1638 317/1645
f 530/1641 472/1640 453/1646
f 453/1646 472/1640 396/1644
f 578/1642 530/1641 522/1647
f 522/1647 530/1641 453/1646
f 578/1642 522/1647 571/1648
f 578/1642 571/1648 614/1649
f 453/1646 396/1644 387/1650
f 387/1650 396/1644 307/1651
f 522/1647 453/1646 447/1652
f 447/1652 453/1646 387/1650
f 571/1648 522/1647 516/1653
f 516/1653 522/1647 447/1652
f 571/1648 516/1653 569/1654
f 571/1648 569/1654 612/1655
f 569/1654 516/1653 514/1656
f 569/1654 514/1656 577/1657
f 516/1653 447/1652 439/1658
f 516/1653 439/1658 514/1656
f 379/1659 447/1652 387/1650
f 447/1652 379/1659 439/1658
f 379/1659 387/1650 303/1660
f 439/1658 379/1659 372/1661
f 372/1661 379/1659 300/1662
f 514/1656 439/1658 446/1663
f 446/1663 439/1658 372/1661
f 519/1664 577/1657 514/1656
f 519/1664 514/1656 446/1663
f 577/1657 519/1664 586/1665
f 446/1663 372/1661 371/1666
f 371/1666 372/1661 298/1667
f 519/1664 446/1663 444/1668
f 444/1668 446/1663 371/1666
f 586/1665 519/1664 537/1669
f 537/1669 519/1664 444/1668
f 586/1665 537/1669 601/1670
f 444/1668 371/1666 378/1671
f 378/1671 371/1666 297/1672
f 537/1669 444/1668 460/1673
f 460/1673 444/1668 378/1671
f 601/1670 537/1669 550/1674
f 550/1674 537/1669 460/1673
f 601/1670 550/1674 651/1675
f 651/1675 550/1674 566/1676
f 566/1676 550/1674 466/1677
f 466/1677 550/1674 460/1673
f 566/1676 466/1677 485/1678
f 460/1673 378/1671 385/1679
f 460/1673 385/1679 466/1677
f 385/1679 378/1671 296/1680
f 485/1678 466/1677 389/1681
f 389/1681 466/1677 385/1679
f 389/1681 385/1679 301/1682
f 485/1678 389/1681 402/1683
f 402/1683 389/1681 304/1684
f 555/1685 554/1686 416/1687
f 23/1688 24/1689 1402/1690
f 1402/1690 24/1689 1403/1691
f 1403/1691 24/1689 25/1692
f 23/1688 1402/1690 1401/1693
f 23/1688 1401/1693 30/1694
f 1402/1690 1403/1691 1475/1695
f 30/1694 1401/1693 1400/1696
f 30/1694 1400/1696 39/1697
f 1401/1693 1402/1690 1474/1698
f 1474/1698 1402/1690 1475/1695
f 39/1697 1400/1696 1399/1699
f 1400/1696 1401/1693 1473/1700
f 1473/1700 1401/1693 1474/1698
f 1399/1699 1400/1696 1484/1701
f 1484/1701 1400/1696 1473/1700
f 1473/1700 1474/1698 1573/1702
f 1473/1700 1573/1702 1580/1703
f 1473/1700 1580/1703 1484/1701
f 1573/1702 1474/1698 1574/1704
f 1574/1704 1474/1698 1475/1695
f 1484/1701 1580/1703 1589/1705
f 1574/1704 1475/1695 1575/1706
f 1484/1701 1589/1705 1495/1707
f 1484/1701 1495/1707 1399/1699
f 1495/1707 1589/1705 1601/1708
f 1575/1706 1475/1695 1476/1709
f 1575/1706 1476/1709 1581/1710
f 1476/1709 1475/1695 1403/1691
f 1399/1699 1495/1707 1398/1711
f 1399/1699 1398/1711 48/1712
f 1495/1707 1601/1708 1508/1713
f 1495/1707 1508/1713 1398/1711
f 1508/1713 1601/1708 1616/1714
f 1398/1711 1508/1713 1397/1715
f 1398/1711 1397/1715 63/1716
f 1508/1713 1616/1714 1523/1717
f 1508/1713 1523/1717 1397/1715
f 1523/1717 1616/1714 1628/1718
f 1397/1715 1523/1717 1396/1719
f 1397/1715 1396/1719 72/1720
f 1523/1717 1628/1718 1530/1721
f 1523/1717 1530/1721 1396/1719
f 1530/1721 1628/1718 1633/1722
f 1396/1719 1530/1721 1395/1723
f 1395/1723 1530/1721 1529/1724
f 1396/1719 1395/1723 78/1725
f 1404/1726 1403/1691 25/1692
f 1404/1726 25/1692 26/1727
f 1403/1691 1404/1726 1476/1709
f 1404/1726 26/1727 1405/1728
f 1405/1728 26/1727 27/1729
f 1476/1709 1404/1726 1477/1730
f 1477/1730 1404/1726 1405/1728
f 1476/1709 1477/1730 1581/1710
f 1581/1710 1477/1730 1585/1731
f 1585/1731 1477/1730 1478/1732
f 1478/1732 1477/1730 1405/1728
f 1585/1731 1478/1732 1590/1733
f 1405/1728 27/1729 1426/1734
f 1405/1728 1426/1734 1478/1732
f 1426/1734 27/1729 35/1735
f 1590/1733 1478/1732 1485/1736
f 1485/1736 1478/1732 1426/1734
f 1590/1733 1485/1736 1596/1737
f 1426/1734 35/1735 1427/1738
f 1426/1734 1427/1738 1485/1736
f 1427/1738 35/1735 36/1739
f 1596/1737 1485/1736 1496/1740
f 1496/1740 1485/1736 1427/1738
f 1596/1737 1496/1740 1602/1741
f 1427/1738 36/1739 1428/1742
f 1427/1738 1428/1742 1496/1740
f 1428/1742 36/1739 42/1743
f 1602/1741 1496/1740 1497/1744
f 1497/1744 1496/1740 1428/1742
f 1602/1741 1497/1744 1608/1745
f 1428/1742 42/1743 1429/1746
f 1428/1742 1429/1746 1497/1744
f 1429/1746 42/1743 43/1747
f 1608/1745 1497/1744 1509/1748
f 1509/1748 1497/1744 1429/1746
f 1608/1745 1509/1748 1617/1749
f 1429/1746 43/1747 1430/1750
f 1429/1746 1430/1750 1509/1748
f 1430/1750 43/1747 44/1751
f 1617/1749 1509/1748 1510/1752
f 1510/1752 1509/1748 1430/1750
f 1617/1749 1510/1752 1618/1753
f 1430/1750 44/1751 1431/1754
f 1430/1750 1431/1754 1510/1752
f 1431/1754 44/1751 52/1755
f 1618/1753 1510/1752 1511/1756
f 1511/1756 1510/1752 1431/1754
f 1618/1753 1511/1756 1619/1757
f 1431/1754 52/1755 1432/1758
f 1431/1754 1432/1758 1511/1756
f 1432/1758 52/1755 53/1759
f 1619/1757 1511/1756 1512/1760
f 1512/1760 1511/1756 1432/1758
f 1432/1758 53/1759 1433/1761
f 1432/1758 1433/1761 1512/1760
f 1433/1761 53/1759 54/1762
f 1619/1757 1512/1760 1513/1763
f 1513/1763 1512/1760 1433/1761
f 1619/1757 1513/1763 1620/1764
f 1433/1761 54/1762 1434/1765
f 1433/1761 1434/1765 1513/1763
f 1434/1765 54/1762 55/1766
f 1620/1764 1513/1763 1514/1767
f 1514/1767 1513/1763 1434/1765
f 1620/1764 1514/1767 1621/1768
f 1621/1768 1514/1767 1622/1769
f 1434/1765 55/1766 1435/1770
f 1434/1765 1435/1770 1514/1767
f 1435/1770 55/1766 56/1771
f 1622/1769 1514/1767 1515/1772
f 1515/1772 1514/1767 1435/1770
f 1622/1769 1515/1772 1623/1773
f 1623/1773 1515/1772 1516/1774
f 1515/1772 1435/1770 1436/1775
f 1515/1772 1436/1775 1516/1774
f 1436/1775 1435/1770 56/1771
f 1516/1774 1436/1775 1437/1776
f 1436/1775 56/1771 57/1777
f 1436/1775 57/1777 1437/1776
f 1437/1776 57/1777 58/1778
f 1602/1779 1608/1780 1711/1781
f 1711/1781 1608/1780 1715/1782
f 1715/1782 1608/1780 1617/1783
f 1602/1779 1711/1781 1707/1784
f 1602/1779 1707/1784 1596/1785
f 1711/1781 1715/1782 1841/1786
f 1715/1782 1617/1783 1723/1787
f 1723/1787 1617/1783 1618/1788
f 1723/1787 1618/1788 1733/1789
f 1723/1787 1733/1789 1856/1790
f 1715/1782 1723/1787 1849/1791
f 1849/1791 1723/1787 1856/1790
f 1715/1782 1849/1791 1841/1786
f 1849/1791 1856/1790 1982/1792
f 1841/1786 1849/1791 1981/1793
f 1835/1794 1711/1781 1841/1786
f 1711/1781 1835/1794 1707/1784
f 1835/1794 1841/1786 1969/1795
f 1707/1784 1835/1794 1829/1796
f 1829/1796 1835/1794 1951/1797
f 1707/1784 1829/1796 1702/1798
f 1707/1784 1702/1798 1596/1785
f 1596/1785 1702/1798 1590/1799
f 1702/1798 1829/1796 1819/1800
f 1819/1800 1829/1796 1944/1801
f 1819/1800 1944/1801 1938/1802
f 1590/1799 1702/1798 1696/1803
f 1696/1803 1702/1798 1819/1800
f 1590/1799 1696/1803 1585/1804
f 1819/1800 1938/1802 1808/1805
f 1819/1800 1808/1805 1696/1803
f 1808/1805 1938/1802 1921/1806
f 1585/1804 1696/1803 1694/1807
f 1694/1807 1696/1803 1808/1805
f 1585/1804 1694/1807 1581/1808
f 1808/1805 1921/1806 1799/1809
f 1808/1805 1799/1809 1694/1807
f 1799/1809 1921/1806 1907/1810
f 1581/1808 1694/1807 1688/1811
f 1688/1811 1694/1807 1799/1809
f 1581/1808 1688/1811 1575/1812
f 1799/1809 1907/1810 1795/1813
f 1799/1809 1795/1813 1688/1811
f 1795/1813 1907/1810 1892/1814
f 1575/1812 1688/1811 1685/1815
f 1685/1815 1688/1811 1795/1813
f 1575/1812 1685/1815 1574/1816
f 1795/1813 1892/1814 1792/1817
f 1795/1813 1792/1817 1685/1815
f 1792/1817 1892/1814 1877/1818
f 1574/1816 1685/1815 1684/1819
f 1684/1819 1685/1815 1792/1817
f 1574/1816 1684/1819 1573/1820
f 1792/1817 1877/1818 1787/1821
f 1792/1817 1787/1821 1684/1819
f 1787/1821 1877/1818 1876/1822
f 1573/1820 1684/1819 1683/1823
f 1683/1823 1684/1819 1787/1821
f 1573/1820 1683/1823 1580/1824
f 1787/1821 1876/1822 1791/1825
f 1787/1821 1791/1825 1683/1823
f 1791/1825 1876/1822 1875/1826
f 1580/1824 1683/1823 1690/1827
f 1690/1827 1683/1823 1791/1825
f 1580/1824 1690/1827 1589/1828
f 1791/1825 1875/1826 1798/1829
f 1791/1825 1798/1829 1690/1827
f 1798/1829 1875/1826 1898/1830
f 1589/1828 1690/1827 1695/1831
f 1695/1831 1690/1827 1798/1829
f 1589/1828 1695/1831 1601/1832
f 1798/1829 1898/1830 1807/1833
f 1798/1829 1807/1833 1695/1831
f 1807/1833 1898/1830 1919/1834
f 1601/1832 1695/1831 1706/1835
f 1706/1835 1695/1831 1807/1833
f 1601/1832 1706/1835 1616/1836
f 1807/1833 1919/1834 1828/1837
f 1807/1833 1828/1837 1706/1835
f 1828/1837 1919/1834 1947/1838
f 1828/1837 1947/1838 1855/1839
f 1828/1837 1855/1839 1722/1840
f 1828/1837 1722/1840 1706/1835
f 1706/1835 1722/1840 1616/1836
f 1616/1836 1722/1840 1628/1841
f 1628/1841 1722/1840 1746/1842
f 1921/1843 1938/1844 2053/1845
f 2053/1845 1938/1844 2076/1846
f 2076/1846 1938/1844 1944/1847
f 1921/1843 2053/1845 2030/1848
f 1921/1843 2030/1848 1907/1849
f 2053/1845 2076/1846 2182/1850
f 2053/1845 2182/1850 2161/1851
f 2053/1845 2161/1851 2030/1848
f 2182/1850 2076/1846 2197/1852
f 2030/1848 2161/1851 2148/1853
f 2197/1852 2076/1846 2096/1854
f 2096/1854 2076/1846 1944/1847
f 2197/1852 2096/1854 2216/1855
f 2030/1848 2148/1853 2009/1856
f 2030/1848 2009/1856 1907/1849
f 2009/1856 2148/1853 2131/1857
f 1907/1849 2009/1856 1892/1858
f 2009/1856 2131/1857 1997/1859
f 2009/1856 1997/1859 1892/1858
f 1997/1859 2131/1857 2106/1860
f 1892/1858 1997/1859 1877/1861
f 1997/1859 2106/1860 1988/1862
f 1997/1859 1988/1862 1877/1861
f 1988/1862 2106/1860 2083/1863
f 1877/1861 1988/1862 1876/1864
f 1988/1862 2083/1863 1978/1865
f 1988/1862 1978/1865 1876/1864
f 1978/1865 2083/1863 2074/1866
f 1876/1864 1978/1865 1875/1867
f 1978/1865 2074/1866 1987/1868
f 1978/1865 1987/1868 1875/1867
f 1987/1868 2074/1866 2082/1869
f 1875/1867 1987/1868 1898/1870
f 1987/1868 2082/1869 2002/1871
f 1987/1868 2002/1871 1898/1870
f 2002/1871 2082/1869 2116/1872
f 1898/1870 2002/1871 1919/1873
f 2002/1871 2116/1872 2026/1874
f 2002/1871 2026/1874 1919/1873
f 2026/1874 2116/1872 2146/1875
f 1919/1873 2026/1874 1947/1876
f 2026/1874 2146/1875 2072/1877
f 2026/1874 2072/1877 1947/1876
f 2072/1877 2146/1875 2179/1878
f 1947/1876 2072/1877 1976/1879
f 2072/1877 2179/1878 2122/1880
f 2072/1877 2122/1880 1976/1879
f 2122/1880 2179/1878 2234/1881
f 1976/1879 2122/1880 2003/1882
f 2122/1880 2234/1881 2157/1883
f 2122/1880 2157/1883 2003/1882
f 2157/1883 2234/1881 2277/1884
f 2003/1882 2157/1883 2029/1885
f 2157/1883 2277/1884 2178/1886
f 2157/1883 2178/1886 2029/1885
f 1829/1887 1951/1888 1944/1847
f 1944/1847 1951/1888 2096/1854
f 2096/1854 1951/1888 2117/1889
f 2096/1854 2117/1889 2216/1855
f 2216/1855 2117/1889 2225/1890
f 2117/1889 1951/1888 1969/1891
f 1969/1891 1951/1888 1835/1892
f 2225/1890 2117/1889 2125/1893
f 2125/1893 2117/1889 1969/1891
f 2225/1890 2125/1893 2236/1894
f 2125/1893 1969/1891 1981/1895
f 1981/1895 1969/1891 1841/1896
f 2236/1894 2125/1893 2132/1897
f 2132/1897 2125/1893 1981/1895
f 2236/1894 2132/1897 2237/1898
f 2236/1894 2237/1898 2317/1899
f 2132/1897 1981/1895 1982/1900
f 1982/1900 1981/1895 1849/1901
f 2237/1898 2132/1897 2133/1902
f 2133/1902 2132/1897 1982/1900
f 2237/1898 2133/1902 2238/1903
f 2237/1898 2238/1903 2311/1904
f 2133/1902 1982/1900 1983/1905
f 1983/1905 1982/1900 1856/1906
f 2238/1903 2133/1902 2128/1907
f 2128/1907 2133/1902 1983/1905
f 2238/1903 2128/1907 2230/1908
f 2238/1903 2230/1908 2299/1909
f 2128/1907 1983/1905 1984/1910
f 1984/1910 1983/1905 1857/1911
f 2230/1908 2128/1907 2130/1912
f 2130/1912 2128/1907 1984/1910
f 2230/1908 2130/1912 2218/1913
f 2230/1908 2218/1913 2292/1914
f 2130/1912 1984/1910 1975/1915
f 1975/1915 1984/1910 1858/1916
f 2218/1913 2130/1912 2121/1917
f 2121/1917 2130/1912 1975/1915
f 2218/1913 2121/1917 2198/1918
f 2218/1913 2198/1918 2288/1919
f 2121/1917 1975/1915 1964/1920
f 1964/1920 1975/1915 1853/1921
f 2198/1918 2121/1917 2098/1922
f 2098/1922 2121/1917 1964/1920
f 2198/1918 2098/1922 2183/1923
f 2198/1918 2183/1923 2275/1924
f 2098/1922 1964/1920 1956/1925
f 1956/1925 1964/1920 1846/1926
f 2183/1923 2098/1922 2068/1927
f 2068/1927 2098/1922 1956/1925
f 2183/1923 2068/1927 2163/1928
f 2183/1923 2163/1928 2246/1929
f 2163/1928 2068/1927 2036/1930
f 2036/1930 2068/1927 1946/1931
f 1946/1931 2068/1927 1956/1925
f 1946/1931 1956/1925 1838/1932
f 2197/1933 2216/1934 2291/1935
f 2291/1935 2216/1934 2296/1936
f 2296/1936 2216/1934 2225/1937
f 2197/1933 2291/1935 2281/1938
f 2197/1933 2281/1938 2182/1939
f 2296/1936 2225/1937 2308/1940
f 2308/1940 2225/1937 2236/1941
f 2308/1940 2236/1941 2317/1942
f 2182/1939 2281/1938 2274/1943
f 2182/1939 2274/1943 2161/1944
f 2161/1944 2274/1943 2251/1945
f 2161/1944 2251/1945 2148/1946
f 2274/1943 2281/1938 2320/1947
f 2148/1946 2251/1945 2214/1948
f 2148/1946 2214/1948 2131/1949
f 2251/1945 2274/1943 2306/1950
f 2306/1950 2274/1943 2320/1947
f 2214/1948 2251/1945 2285/1951
f 2285/1951 2251/1945 2306/1950
f 2131/1949 2214/1948 2180/1952
f 2306/1950 2320/1947 2334/1953
f 2306/1950 2334/1953 2319/1954
f 2306/1950 2319/1954 2285/1951
f 2334/1953 2320/1947 2349/1955
f 2285/1951 2319/1954 2305/1956
f 2131/1949 2180/1952 2106/1957
f 2272/1958 2214/1948 2285/1951
f 2272/1958 2285/1951 2305/1956
f 2214/1948 2272/1958 2180/1952
f 2272/1958 2305/1956 2280/1959
f 2106/1957 2180/1952 2159/1960
f 2272/1958 2280/1959 2244/1961
f 2272/1958 2244/1961 2180/1952
f 2180/1952 2244/1961 2159/1960
f 2244/1961 2280/1959 2266/1962
f 2106/1957 2159/1960 2083/1963
f 2244/1961 2266/1962 2212/1964
f 2244/1961 2212/1964 2159/1960
f 2212/1964 2266/1962 2235/1965
f 2083/1963 2159/1960 2154/1966
f 2154/1966 2159/1960 2212/1964
f 2083/1963 2154/1966 2074/1967
f 2212/1964 2235/1965 2196/1968
f 2212/1964 2196/1968 2154/1966
f 2196/1968 2235/1965 2211/1969
f 2074/1967 2154/1966 2153/1970
f 2153/1970 2154/1966 2196/1968
f 2074/1967 2153/1970 2082/1971
f 2196/1968 2211/1969 2189/1972
f 2196/1968 2189/1972 2153/1970
f 2189/1972 2211/1969 2202/1973
f 2082/1971 2153/1970 2158/1974
f 2158/1974 2153/1970 2189/1972
f 2082/1971 2158/1974 2116/1975
f 2189/1972 2202/1973 2195/1976
f 2189/1972 2195/1976 2158/1974
f 2195/1976 2202/1973 2210/1977
f 2116/1975 2158/1974 2173/1978
f 2173/1978 2158/1974 2195/1976
f 2116/1975 2173/1978 2146/1979
f 2195/1976 2210/1977 2223/1980
f 2195/1976 2223/1980 2173/1978
f 2223/1980 2210/1977 2243/1981
f 2146/1979 2173/1978 2208/1982
f 2208/1982 2173/1978 2223/1980
f 2146/1979 2208/1982 2179/1983
f 2223/1980 2243/1981 2264/1984
f 2223/1980 2264/1984 2208/1982
f 2264/1984 2243/1981 2279/1985
f 2179/1983 2208/1982 2271/1986
f 2271/1986 2208/1982 2264/1984
f 2179/1983 2271/1986 2234/1987
f 2264/1984 2279/1985 2316/1988
f 2264/1984 2316/1988 2271/1986
f 2316/1988 2279/1985 2327/1989
f 2234/1987 2271/1986 2302/1990
f 2302/1990 2271/1986 2316/1988
f 2234/1987 2302/1990 2277/1991
f 2316/1988 2327/1989 2347/1992
f 2316/1988 2347/1992 2302/1990
f 2347/1992 2327/1989 2366/1993
f 2277/1991 2302/1990 2341/1994
f 2341/1994 2302/1990 2347/1992
f 2277/1991 2341/1994 2294/1995
f 2347/1992 2366/1993 2384/1996
f 2347/1992 2384/1996 2341/1994
f 2341/1994 2384/1996 2379/1997
f 2384/1996 2366/1993 2391/1998
f 2384/1996 2391/1998 2399/1999
f 2399/1999 2391/1998 2406/2000
f 1395/2001 1394/2002 80/2003
f 329/2004 341/2005 482/2006
f 82/2007 189/2008 62/2009
f 82/2007 62/2009 1346/2010
f 1346/2010 62/2009 1/2011
f 1/2011 62/2009 161/2012
f 1/2011 161/2012 107/2013
f 1/2011 107/2013 1391/2014
f 1391/2014 107/2013 184/2015
f 1346/2010 1/2011 1345/2016
f 1345/2016 1/2011 1391/2014
f 82/2007 1346/2010 1344/2017
f 82/2007 1344/2017 85/2018
s 0
f 1346/2010 1345/2016 1439/2019
s 1
f 1439/2019 1345/2016 1391/2014
f 1344/2017 1346/2010 1465/2020
f 1465/2020 1346/2010 1439/2019
f 85/2018 1344/2017 1343/2021
f 85/2018 1343/2021 99/2022
f 1344/2017 1465/2020 1506/2023
f 1344/2017 1506/2023 1343/2021
s 0
f 1465/2020 1439/2019 1579/2024
s 1
f 1465/2020 1579/2024 1506/2023
s 0
f 1579/2024 1439/2019 1545/2025
s 1
f 1545/2025 1439/2019 1391/2014
f 99/2022 1343/2021 1342/2026
f 99/2022 1342/2026 98/2027
f 1343/2021 1506/2023 1519/2028
f 1343/2021 1519/2028 1342/2026
f 1506/2023 1579/2024 1615/2029
f 1506/2023 1615/2029 1519/2028
s 0
f 1579/2024 1545/2025 1594/2030
s 1
f 1594/2030 1545/2025 1391/2014
f 1615/2029 1579/2024 1681/2031
f 1681/2031 1579/2024 1594/2030
f 1519/2028 1615/2029 1625/2032
f 1518/2033 1342/2026 1519/2028
f 1518/2033 1519/2028 1625/2032
f 1341/2034 98/2027 1342/2026
f 1341/2034 1342/2026 1518/2033
f 98/2027 1341/2034 97/2035
f 1730/2036 1615/2029 1681/2031
f 1615/2029 1730/2036 1625/2032
f 1730/2036 1681/2031 1794/2037
f 1794/2037 1681/2031 1594/2030
f 97/2035 1341/2034 1340/2038
f 97/2035 1340/2038 96/2039
f 1340/2038 1341/2034 1525/2040
f 1525/2040 1341/2034 1518/2033
f 96/2039 1340/2038 1384/2041
f 96/2039 1384/2041 94/2042
f 1340/2038 1525/2040 1524/2043
f 1340/2038 1524/2043 1384/2041
f 1525/2040 1518/2033 1629/2044
f 1629/2044 1518/2033 1625/2032
f 1524/2043 1525/2040 1634/2045
f 1634/2045 1525/2040 1629/2044
f 94/2042 1384/2041 1382/2046
f 94/2042 1382/2046 102/2047
f 1384/2041 1524/2043 1535/2048
f 1384/2041 1535/2048 1382/2046
f 1524/2043 1634/2045 1638/2049
f 1524/2043 1638/2049 1535/2048
f 102/2047 1382/2046 1380/2050
f 102/2047 1380/2050 91/2051
f 1382/2046 1535/2048 1534/2052
f 1382/2046 1534/2052 1380/2050
f 91/2051 1380/2050 1339/2053
f 1534/2052 1535/2048 1637/2054
f 1637/2054 1535/2048 1638/2049
f 1380/2050 1534/2052 1533/2055
f 1380/2050 1533/2055 1339/2053
f 1534/2052 1637/2054 1645/2056
f 1534/2052 1645/2056 1533/2055
f 1637/2054 1638/2049 1766/2057
f 1338/2058 1339/2053 1531/2059
f 1531/2059 1339/2053 1532/2060
f 1532/2060 1339/2053 1533/2055
f 1531/2059 1532/2060 1642/2061
f 1642/2061 1532/2060 1643/2062
f 1643/2062 1532/2060 1533/2055
f 1642/2061 1643/2062 1774/2063
f 1643/2062 1533/2055 1644/2064
f 1644/2064 1533/2055 1645/2056
f 1774/2063 1643/2062 1775/2065
f 1775/2065 1643/2062 1644/2064
f 1774/2063 1775/2065 1928/2066
f 1644/2064 1645/2056 1777/2067
f 1775/2065 1644/2064 1776/2068
f 1776/2068 1644/2064 1777/2067
f 1928/2066 1775/2065 1930/2069
f 1928/2066 1930/2069 2101/2070
f 1775/2065 1776/2068 1932/2071
f 1775/2065 1932/2071 1930/2069
f 1776/2068 1777/2067 1924/2072
f 1776/2068 1924/2072 1932/2071
f 1770/2073 1777/2067 1645/2056
f 1770/2073 1645/2056 1637/2054
f 1924/2072 1777/2067 1915/2074
f 1915/2074 1777/2067 1770/2073
f 1770/2073 1637/2054 1766/2057
f 1915/2074 1770/2073 1910/2075
f 1910/2075 1770/2073 1766/2057
f 1924/2072 1915/2074 2080/2076
f 2092/2077 1932/2071 1924/2072
f 2092/2077 1924/2072 2080/2076
f 2080/2076 1915/2074 2058/2078
f 2058/2078 1915/2074 1910/2075
f 1932/2071 2092/2077 2103/2079
f 1932/2071 2103/2079 1930/2069
f 2092/2077 2080/2076 2241/2080
f 2103/2079 2092/2077 2255/2081
f 2255/2081 2092/2077 2241/2080
f 1930/2069 2103/2079 2102/2082
f 1930/2069 2102/2082 2101/2070
f 2101/2070 2102/2082 2253/2083
f 2102/2082 2103/2079 2261/2084
f 2261/2084 2103/2079 2255/2081
f 2253/2083 2102/2082 2254/2085
f 2254/2085 2102/2082 2261/2084
f 2253/2083 2254/2085 2369/2086
f 2369/2086 2254/2085 2363/2087
f 2363/2087 2254/2085 2261/2084
f 2369/2086 2363/2087 2407/2088
f 2407/2088 2363/2087 2409/2089
f 2407/2088 2409/2089 2434/2090
f 2363/2087 2261/2084 2372/2091
f 2363/2087 2372/2091 2409/2089
f 2372/2091 2261/2084 2364/2092
f 2364/2092 2261/2084 2255/2081
f 2409/2089 2372/2091 2410/2093
f 2364/2092 2255/2081 2357/2094
f 2357/2094 2255/2081 2241/2080
f 2372/2091 2364/2092 2411/2095
f 2372/2091 2411/2095 2410/2093
f 2364/2092 2357/2094 2400/2096
f 2364/2092 2400/2096 2411/2095
f 2357/2094 2241/2080 2339/2097
f 2400/2096 2357/2094 2394/2098
f 2394/2098 2357/2094 2339/2097
f 2339/2097 2241/2080 2231/2099
f 2231/2099 2241/2080 2080/2076
f 2231/2099 2080/2076 2058/2078
f 2339/2097 2231/2099 2323/2100
f 2231/2099 2058/2078 2200/2101
f 2231/2099 2200/2101 2323/2100
f 2200/2101 2058/2078 2049/2102
f 2049/2102 2058/2078 1910/2075
f 2389/2103 2394/2098 2339/2097
f 2389/2103 2339/2097 2323/2100
f 2049/2102 1910/2075 1896/2104
f 1896/2104 1910/2075 1766/2057
f 2200/2101 2049/2102 2185/2105
f 1896/2104 1766/2057 1763/2106
f 1763/2106 1766/2057 1638/2049
f 1763/2106 1638/2049 1634/2045
f 2315/2107 2323/2100 2200/2101
f 2315/2107 2200/2101 2185/2105
f 2028/2108 2049/2102 1896/2104
f 2049/2102 2028/2108 2185/2105
f 1896/2104 1763/2106 1881/2109
f 1896/2104 1881/2109 2028/2108
f 1763/2106 1634/2045 1755/2110
f 1763/2106 1755/2110 1881/2109
f 1755/2110 1634/2045 1629/2044
f 1755/2110 1629/2044 1748/2111
f 1748/2111 1629/2044 1625/2032
f 1748/2111 1625/2032 1730/2036
f 1755/2110 1748/2111 1867/2112
f 1755/2110 1867/2112 1881/2109
f 1748/2111 1730/2036 1859/2113
f 1748/2111 1859/2113 1867/2112
f 1859/2113 1730/2036 1794/2037
f 1881/2109 1867/2112 2016/2114
f 1881/2109 2016/2114 2028/2108
f 1867/2112 1859/2113 1991/2115
f 1867/2112 1991/2115 2016/2114
f 1859/2113 1794/2037 1868/2116
f 1859/2113 1868/2116 1991/2115
f 2028/2108 2016/2114 2165/2117
f 2028/2108 2165/2117 2185/2105
f 2016/2114 1991/2115 2136/2118
f 2016/2114 2136/2118 2165/2117
f 1991/2115 1868/2116 1999/2119
f 1991/2115 1999/2119 2136/2118
f 1732/2120 1868/2116 1794/2037
s 0
f 1868/2116 1732/2120 1999/2119
s 1
f 1732/2120 1794/2037 1672/2121
f 1672/2121 1794/2037 1594/2030
f 1672/2121 1594/2030 1391/2014
f 1672/2121 1391/2014 1732/2120
s 0
f 1999/2119 1732/2120 1779/2122
f 1779/2122 1732/2120 1391/2014
f 1999/2119 1779/2122 1840/2123
s 1
f 1840/2123 1779/2122 1391/2014
s 0
f 1999/2119 1840/2123 2071/2124
s 1
f 1999/2119 2071/2124 2136/2118
s 0
f 1840/2123 1391/2014 1864/2125
s 1
f 2136/2118 2071/2124 2248/2126
f 2136/2118 2248/2126 2165/2117
s 0
f 2071/2124 1840/2123 2170/2127
f 2170/2127 1840/2123 1864/2125
s 1
f 2071/2124 2170/2127 2248/2126
s 0
f 1864/2125 1391/2014 1905/2128
f 1864/2125 1905/2128 2170/2127
f 1905/2128 1391/2014 1917/2129
f 1905/2128 1917/2129 2242/2130
f 2170/2127 1905/2128 2187/2131
f 2187/2131 1905/2128 2242/2130
s 1
f 2248/2126 2170/2127 2325/2132
f 2325/2132 2170/2127 2187/2131
f 2284/2133 2165/2117 2248/2126
f 2284/2133 2248/2126 2325/2132
f 2165/2117 2284/2133 2185/2105
f 2185/2105 2284/2133 2315/2107
f 2187/2131 2242/2130 2376/2134
f 2187/2131 2376/2134 2325/2132
f 2376/2134 2242/2130 2381/2135
f 2284/2133 2325/2132 2365/2136
f 2365/2136 2325/2132 2376/2134
f 2284/2133 2365/2136 2315/2107
f 2376/2134 2381/2135 2390/2137
f 2376/2134 2390/2137 2365/2136
f 2390/2137 2381/2135 2398/2138
f 2315/2107 2365/2136 2383/2139
f 2383/2139 2365/2136 2390/2137
f 2315/2107 2383/2139 2323/2100
f 2323/2100 2383/2139 2389/2103
f 2383/2139 2390/2137 2402/2140
f 2402/2140 2390/2137 2398/2138
f 2383/2139 2402/2140 2389/2103
f 2402/2140 2398/2138 2418/2141
f 2389/2103 2402/2140 2417/2142
f 2417/2142 2402/2140 2418/2141
f 2389/2103 2417/2142 2394/2098
f 2417/2142 2418/2141 2425/2143
f 2394/2098 2417/2142 2420/2144
f 2420/2144 2417/2142 2425/2143
f 2394/2098 2420/2144 2400/2096
f 2420/2144 2425/2143 2428/2145
f 2400/2096 2420/2144 2426/2146
f 2426/2146 2420/2144 2428/2145
f 2400/2096 2426/2146 2411/2095
f 2426/2146 2428/2145 2440/2147
f 2411/2095 2426/2146 2432/2148
f 2432/2148 2426/2146 2440/2147
f 2411/2095 2432/2148 2410/2093
f 2432/2148 2440/2147 2445/2149
f 2410/2093 2432/2148 2438/2150
f 2438/2150 2432/2148 2445/2149
f 2410/2093 2438/2150 2409/2089
f 2438/2150 2445/2149 2444/2151
f 2409/2089 2438/2150 2436/2152
f 2436/2152 2438/2150 2444/2151
f 2409/2089 2436/2152 2434/2090
f 2436/2152 2444/2151 2443/2153
f 2434/2090 2436/2152 2442/2154
f 2442/2154 2436/2152 2443/2153
f 742/2155 499/2156 740/2157
f 740/2157 499/2156 729/2158
f 499/2159 500/2160 353/2161
f 499/2159 353/2161 495/2162
f 1332/2163 1338/2164 1531/2165
f 1332/2163 1531/2165 1528/2166
f 1332/2163 1528/2166 1333/2167
f 1528/2166 1531/2165 1640/2168
f 1640/2168 1531/2165 1642/2169
f 1333/2167 1528/2166 1521/2170
f 1521/2170 1528/2166 1640/2168
f 1333/2167 1521/2170 1334/2171
f 1640/2168 1642/2169 1774/2172
f 1334/2171 1521/2170 1522/2173
f 1521/2170 1640/2168 1631/2174
f 1521/2170 1631/2174 1522/2173
f 1640/2168 1774/2172 1768/2175
f 1640/2168 1768/2175 1631/2174
f 1768/2175 1774/2172 1918/2176
f 1918/2176 1774/2172 1928/2177
f 1918/2176 1928/2177 2101/2178
f 1918/2176 2101/2178 2081/2179
f 1522/2173 1631/2174 1632/2180
f 1522/2173 1632/2180 1507/2181
f 1507/2181 1632/2180 1627/2182
f 1760/2183 1631/2174 1768/2175
f 1760/2183 1768/2175 1918/2176
f 1631/2174 1760/2183 1632/2180
f 1918/2176 2081/2179 1906/2184
f 1918/2176 1906/2184 1760/2183
f 1906/2184 2081/2179 2051/2185
f 1632/2180 1760/2183 1761/2186
f 1632/2180 1761/2186 1627/2182
f 1761/2186 1760/2183 1906/2184
f 1906/2184 2051/2185 1890/2187
f 1906/2184 1890/2187 1761/2186
f 1890/2187 2051/2185 2039/2188
f 1627/2182 1761/2186 1753/2189
f 1753/2189 1761/2186 1890/2187
f 1627/2182 1753/2189 1624/2190
f 1624/2190 1753/2189 1742/2191
f 1753/2189 1890/2187 1874/2192
f 1874/2192 1890/2187 2039/2188
f 1753/2189 1874/2192 1742/2191
f 1874/2192 2039/2188 2025/2193
f 1742/2191 1874/2192 1861/2194
f 1861/2194 1874/2192 2025/2193
f 1742/2191 1861/2194 1714/2195
f 1861/2194 2025/2193 2001/2196
f 1714/2195 1861/2194 1848/2197
f 1848/2197 1861/2194 2001/2196
f 1848/2197 2001/2196 1968/2198
f 1848/2197 1968/2198 1825/2199
f 1825/2199 1968/2198 1942/2200
f 2081/2201 2101/2202 2253/2203
f 2081/2201 2253/2203 2250/2204
f 2250/2204 2253/2203 2369/2205
f 2081/2201 2250/2204 2051/2206
f 2250/2204 2369/2205 2360/2207
f 2051/2206 2250/2204 2221/2208
f 2221/2208 2250/2204 2360/2207
f 2051/2206 2221/2208 2039/2209
f 2360/2207 2369/2205 2407/2210
f 2360/2207 2407/2210 2403/2211
f 2403/2211 2407/2210 2434/2212
f 2221/2208 2360/2207 2331/2213
f 2331/2213 2360/2207 2403/2211
f 2039/2209 2221/2208 2201/2214
f 2201/2214 2221/2208 2331/2213
f 2039/2209 2201/2214 2025/2215
f 2025/2215 2201/2214 2171/2216
f 2403/2211 2434/2212 2430/2217
f 2430/2217 2434/2212 2442/2218
f 2430/2217 2442/2218 2441/2219
f 2403/2211 2430/2217 2393/2220
f 2403/2211 2393/2220 2331/2213
f 2430/2217 2441/2219 2422/2221
f 2430/2217 2422/2221 2393/2220
f 2422/2221 2441/2219 2431/2222
f 2318/2223 2201/2214 2331/2213
f 2318/2223 2331/2213 2393/2220
f 2201/2214 2318/2223 2171/2216
f 2393/2220 2422/2221 2387/2224
f 2393/2220 2387/2224 2318/2223
f 2422/2221 2431/2222 2413/2225
f 2422/2221 2413/2225 2387/2224
f 2413/2225 2431/2222 2423/2226
f 2171/2216 2318/2223 2295/2227
f 2295/2227 2318/2223 2387/2224
f 2171/2216 2295/2227 2151/2228
f 2295/2227 2387/2224 2380/2229
f 2380/2229 2387/2224 2413/2225
f 2295/2227 2380/2229 2270/2230
f 2413/2225 2423/2226 2397/2231
f 2413/2225 2397/2231 2380/2229
f 2380/2229 2397/2231 2342/2232
f 2397/2231 2423/2226 2406/2233
f 2397/2231 2406/2233 2385/2234
f 2001/2235 2025/2236 2171/2237
f 2001/2235 2171/2237 2151/2238
f 2001/2235 2151/2238 1968/2239
f 1968/2239 2151/2238 2123/2240
f 1968/2239 2123/2240 1942/2241
f 2123/2240 2151/2238 2270/2242
f 2270/2242 2151/2238 2295/2243
f 1942/2241 2123/2240 2060/2244
f 2123/2240 2270/2242 2222/2245
f 2123/2240 2222/2245 2060/2244
f 2222/2245 2270/2242 2342/2246
f 1942/2241 2060/2244 1920/2247
f 2060/2244 2222/2245 2172/2248
f 2172/2248 2222/2245 2303/2249
f 1920/2247 2060/2244 2018/2250
f 2018/2250 2060/2244 2172/2248
f 1920/2247 2018/2250 1891/2251
f 2018/2250 2172/2248 2142/2252
f 2142/2252 2172/2248 2263/2253
f 1891/2251 2018/2250 1996/2254
f 1996/2254 2018/2250 2142/2252
f 1891/2251 1996/2254 1869/2255
f 1996/2254 2142/2252 2105/2256
f 2105/2256 2142/2252 2209/2257
f 1869/2255 1996/2254 1977/2258
f 1977/2258 1996/2254 2105/2256
f 1869/2255 1977/2258 1870/2259
f 1977/2258 2105/2256 2073/2260
f 2073/2260 2105/2256 2167/2261
f 1870/2259 1977/2258 1979/2262
f 1979/2262 1977/2258 2073/2260
f 1870/2259 1979/2262 1871/2263
f 1871/2263 1979/2262 1980/2264
f 1979/2262 2073/2260 2061/2265
f 1979/2262 2061/2265 1980/2264
f 2061/2265 2073/2260 2152/2266
f 1980/2264 2061/2265 2075/2267
f 2075/2267 2061/2265 2147/2268
f 2441/2269 2442/2270 2435/2271
f 2441/2269 2435/2271 2429/2272
f 2429/2272 2435/2271 2408/2273
f 2441/2269 2429/2272 2431/2274
f 2429/2272 2408/2273 2405/2275
f 2431/2274 2429/2272 2421/2276
f 2421/2276 2429/2272 2405/2275
f 2431/2274 2421/2276 2423/2277
f 2405/2275 2408/2273 2370/2278
f 2423/2277 2421/2276 2419/2279
f 2423/2277 2419/2279 2406/2280
f 2406/2280 2419/2279 2399/2281
f 2419/2279 2421/2276 2396/2282
f 2396/2282 2421/2276 2405/2275
f 2399/2281 2419/2279 2386/2283
f 2386/2283 2419/2279 2396/2282
f 2399/2281 2386/2283 2379/2284
f 2399/2281 2379/2284 2384/2285
f 2386/2283 2396/2282 2333/2286
f 2396/2282 2405/2275 2359/2287
f 2396/2282 2359/2287 2333/2286
f 2359/2287 2405/2275 2370/2278
f 2386/2283 2333/2286 2326/2288
f 2386/2283 2326/2288 2379/2284
f 2333/2286 2359/2287 2233/2289
f 2333/2286 2233/2289 2326/2288
f 2359/2287 2370/2278 2249/2290
f 2359/2287 2249/2290 2233/2289
f 2249/2290 2370/2278 2259/2291
f 2249/2290 2259/2291 2113/2292
f 2249/2290 2113/2292 2094/2293
f 2249/2290 2094/2293 2233/2289
f 2094/2293 2113/2292 1926/2294
f 2233/2289 2094/2293 2059/2295
f 2059/2295 2094/2293 1911/2296
f 2059/2295 1911/2296 2052/2297
f 2233/2289 2059/2295 2207/2298
f 2207/2298 2059/2295 2052/2297
f 2233/2289 2207/2298 2326/2288
f 2207/2298 2052/2297 2178/2299
f 2178/2299 2052/2297 2029/2300
f 2326/2288 2207/2298 2294/2301
f 2294/2301 2207/2298 2178/2299
f 2294/2301 2178/2299 2277/2302
f 2326/2288 2294/2301 2379/2284
f 2379/2284 2294/2301 2341/2303
f 2385/2304 2406/2305 2391/2306
f 2385/2304 2391/2306 2366/2307
f 2385/2304 2366/2307 2348/2308
f 2348/2308 2366/2307 2327/2309
f 2385/2304 2348/2308 2342/2310
f 2385/2304 2342/2310 2397/2311
f 2342/2310 2348/2308 2303/2312
f 2342/2310 2303/2312 2222/2313
f 2348/2308 2327/2309 2304/2314
f 2348/2308 2304/2314 2303/2312
f 2303/2312 2304/2314 2263/2315
f 2303/2312 2263/2315 2172/2316
f 2263/2315 2304/2314 2209/2317
f 2263/2315 2209/2317 2142/2318
f 2304/2314 2327/2309 2265/2319
f 2304/2314 2265/2319 2209/2317
f 2265/2319 2327/2309 2279/2320
f 2209/2317 2265/2319 2167/2321
f 2209/2317 2167/2321 2105/2322
f 2265/2319 2279/2320 2224/2323
f 2265/2319 2224/2323 2167/2321
f 2224/2323 2279/2320 2243/2324
f 2167/2321 2224/2323 2152/2325
f 2167/2321 2152/2325 2073/2326
f 2224/2323 2243/2324 2188/2327
f 2224/2323 2188/2327 2152/2325
f 2188/2327 2243/2324 2210/2328
f 2152/2325 2188/2327 2147/2329
f 2152/2325 2147/2329 2061/2330
f 2188/2327 2210/2328 2190/2331
f 2188/2327 2190/2331 2147/2329
f 2190/2331 2210/2328 2202/2332
f 2147/2329 2190/2331 2155/2333
f 2147/2329 2155/2333 2075/2334
f 2155/2333 2190/2331 2191/2335
f 2191/2335 2190/2331 2202/2332
f 2191/2335 2202/2332 2211/2336
f 2270/2337 2380/2338 2342/2339
f 1942/2340 1920/2341 1802/2342
f 1942/2340 1802/2342 1825/2343
f 1802/2342 1920/2341 1790/2344
f 1790/2344 1920/2341 1891/2345
f 1825/2343 1802/2342 1693/2346
f 1790/2344 1891/2345 1786/2347
f 1786/2347 1891/2345 1869/2348
f 1802/2342 1790/2344 1687/2349
f 1802/2342 1687/2349 1693/2346
f 1790/2344 1786/2347 1676/2350
f 1790/2344 1676/2350 1687/2349
f 1786/2347 1869/2348 1780/2351
f 1780/2351 1869/2348 1870/2352
f 1693/2346 1687/2349 1572/2353
f 1572/2353 1687/2349 1568/2354
f 1568/2354 1687/2349 1676/2350
f 1693/2346 1572/2353 1584/2355
f 1568/2354 1676/2350 1569/2356
f 1693/2346 1584/2355 1701/2357
f 1693/2346 1701/2357 1825/2343
f 1825/2343 1701/2357 1848/2358
f 1701/2357 1584/2355 1595/2359
f 1848/2358 1701/2357 1714/2360
f 1714/2360 1701/2357 1595/2359
f 1714/2360 1595/2359 1607/2361
f 1714/2360 1607/2361 1742/2362
f 1742/2362 1607/2361 1624/2363
f 1677/2364 1569/2356 1676/2350
f 1677/2364 1676/2350 1786/2347
f 1569/2356 1677/2364 1570/2365
f 1677/2364 1786/2347 1780/2351
f 1570/2365 1677/2364 1678/2366
f 1678/2366 1677/2364 1780/2351
f 1570/2365 1678/2366 1576/2367
f 1678/2366 1780/2351 1788/2368
f 1788/2368 1780/2351 1870/2352
f 1788/2368 1870/2352 1871/2369
f 1576/2367 1678/2366 1686/2370
f 1686/2370 1678/2366 1788/2368
f 1576/2367 1686/2370 1582/2371
f 1788/2368 1871/2369 1793/2372
f 1788/2368 1793/2372 1686/2370
f 1793/2372 1871/2369 1883/2373
f 1582/2371 1686/2370 1691/2374
f 1691/2374 1686/2370 1793/2372
f 1582/2371 1691/2374 1586/2375
f 1793/2372 1883/2373 1800/2376
f 1793/2372 1800/2376 1691/2374
f 1800/2376 1883/2373 1899/2377
f 1586/2375 1691/2374 1697/2378
f 1697/2378 1691/2374 1800/2376
f 1586/2375 1697/2378 1591/2379
f 1800/2376 1899/2377 1803/2380
f 1800/2376 1803/2380 1697/2378
f 1803/2380 1899/2377 1922/2381
f 1591/2379 1697/2378 1700/2382
f 1700/2382 1697/2378 1803/2380
f 1591/2379 1700/2382 1597/2383
f 1803/2380 1922/2381 1814/2384
f 1803/2380 1814/2384 1700/2382
f 1814/2384 1922/2381 1939/2385
f 1597/2383 1700/2382 1703/2386
f 1703/2386 1700/2382 1814/2384
f 1597/2383 1703/2386 1603/2387
f 1814/2384 1939/2385 1826/2388
f 1814/2384 1826/2388 1703/2386
f 1826/2388 1939/2385 1945/2389
f 1603/2387 1703/2386 1708/2390
f 1708/2390 1703/2386 1826/2388
f 1603/2387 1708/2390 1604/2391
f 1826/2388 1945/2389 1830/2392
f 1826/2388 1830/2392 1708/2390
f 1830/2392 1945/2389 1948/2393
f 1604/2391 1708/2390 1712/2394
f 1712/2394 1708/2390 1830/2392
f 1604/2391 1712/2394 1609/2395
f 1830/2392 1948/2393 1836/2396
f 1830/2392 1836/2396 1712/2394
f 1836/2396 1948/2393 1960/2397
f 1609/2395 1712/2394 1716/2398
f 1716/2398 1712/2394 1836/2396
f 1836/2396 1960/2397 1842/2399
f 1836/2396 1842/2399 1716/2398
f 1842/2399 1960/2397 1970/2400
f 1609/2395 1716/2398 1717/2401
f 1717/2401 1716/2398 1842/2399
f 1609/2395 1717/2401 1610/2402
f 1842/2399 1970/2400 1850/2403
f 1842/2399 1850/2403 1717/2401
f 1850/2403 1970/2400 1971/2404
f 1610/2402 1717/2401 1718/2405
f 1718/2405 1717/2401 1850/2403
f 1610/2402 1718/2405 1611/2406
f 1850/2403 1971/2404 1851/2407
f 1850/2403 1851/2407 1718/2405
f 1851/2407 1971/2404 1972/2408
f 1611/2406 1718/2405 1719/2409
f 1719/2409 1718/2405 1851/2407
f 1611/2406 1719/2409 1612/2410
f 1851/2407 1972/2408 1843/2411
f 1851/2407 1843/2411 1719/2409
f 1843/2411 1972/2408 1973/2412
f 1612/2410 1719/2409 1720/2413
f 1720/2413 1719/2409 1843/2411
f 1612/2410 1720/2413 1613/2414
f 1613/2414 1720/2413 1605/2415
f 1843/2411 1973/2412 1845/2416
f 1843/2411 1845/2416 1720/2413
f 1845/2416 1973/2412 1961/2417
f 1605/2415 1720/2413 1713/2418
f 1713/2418 1720/2413 1845/2416
f 1605/2415 1713/2418 1598/2419
f 1845/2416 1961/2417 1837/2420
f 1845/2416 1837/2420 1713/2418
f 1837/2420 1961/2417 1954/2421
f 1598/2419 1713/2418 1709/2422
f 1709/2422 1713/2418 1837/2420
f 1598/2419 1709/2422 1592/2423
f 1837/2420 1954/2421 1833/2424
f 1837/2420 1833/2424 1709/2422
f 1833/2424 1954/2421 1950/2425
f 1592/2423 1709/2422 1704/2426
f 1704/2426 1709/2422 1833/2424
f 1592/2423 1704/2426 1587/2427
f 1833/2424 1950/2425 1822/2428
f 1833/2424 1822/2428 1704/2426
f 1822/2428 1950/2425 1943/2429
f 1587/2427 1704/2426 1698/2430
f 1698/2430 1704/2426 1822/2428
f 1587/2427 1698/2430 1577/2431
f 1822/2428 1943/2429 1813/2432
f 1822/2428 1813/2432 1698/2430
f 1813/2432 1943/2429 1927/2433
f 1577/2431 1698/2430 1689/2434
f 1689/2434 1698/2430 1813/2432
f 1577/2431 1689/2434 1571/2435
f 1813/2432 1927/2433 1801/2436
f 1813/2432 1801/2436 1689/2434
f 1801/2436 1927/2433 1909/2437
f 1571/2435 1689/2434 1680/2438
f 1680/2438 1689/2434 1801/2436
f 1571/2435 1680/2438 1566/2439
f 1801/2436 1909/2437 1789/2440
f 1801/2436 1789/2440 1680/2438
f 1789/2440 1909/2437 1880/2441
s 0
f 1566/2439 1680/2438 1674/2442
s 1
f 1674/2442 1680/2438 1789/2440
f 1566/2439 1674/2442 1561/2443
f 1789/2440 1880/2441 1765/2444
f 1789/2440 1765/2444 1674/2442
f 1765/2444 1880/2441 1862/2445
f 1561/2443 1674/2442 1669/2446
f 1669/2446 1674/2442 1765/2444
f 1561/2443 1669/2446 1557/2447
f 1765/2444 1862/2445 1754/2448
f 1765/2444 1754/2448 1669/2446
f 1754/2448 1862/2445 1847/2449
f 1557/2447 1669/2446 1665/2450
f 1665/2450 1669/2446 1754/2448
f 1557/2447 1665/2450 1556/2451
f 1754/2448 1847/2449 1745/2452
f 1754/2448 1745/2452 1665/2450
f 1745/2452 1847/2449 1824/2453
f 1556/2451 1665/2450 1660/2454
f 1660/2454 1665/2450 1745/2452
f 1556/2451 1660/2454 1549/2455
f 1745/2452 1824/2453 1740/2456
f 1745/2452 1740/2456 1660/2454
f 1740/2456 1824/2453 1812/2457
f 1549/2455 1660/2454 1651/2458
f 1651/2458 1660/2454 1740/2456
f 1549/2455 1651/2458 1548/2459
f 1740/2456 1812/2457 1729/2460
f 1740/2456 1729/2460 1651/2458
f 1729/2460 1812/2457 1805/2461
f 1548/2459 1651/2458 1650/2462
f 1650/2462 1651/2458 1729/2460
f 1548/2459 1650/2462 1547/2463
f 1729/2460 1805/2461 1728/2464
f 1729/2460 1728/2464 1650/2462
f 1728/2464 1805/2461 1804/2465
f 1547/2463 1650/2462 1649/2466
f 1649/2466 1650/2462 1728/2464
f 1547/2463 1649/2466 1552/2467
f 1728/2464 1804/2465 1727/2468
f 1728/2464 1727/2468 1649/2466
f 1727/2468 1804/2465 1810/2469
f 1552/2467 1649/2466 1656/2470
f 1656/2470 1649/2466 1727/2468
f 1552/2467 1656/2470 1550/2471
f 1727/2468 1810/2469 1736/2472
f 1727/2468 1736/2472 1656/2470
f 1736/2472 1810/2469 1815/2473
f 1550/2471 1656/2470 1662/2474
f 1662/2474 1656/2470 1736/2472
f 1550/2471 1662/2474 1558/2475
f 1736/2472 1815/2473 1743/2476
f 1736/2472 1743/2476 1662/2474
f 1743/2476 1815/2473 1821/2477
f 1558/2475 1662/2474 1666/2478
f 1666/2478 1662/2474 1743/2476
f 1558/2475 1666/2478 1562/2479
f 1562/2479 1666/2478 1671/2480
f 1666/2478 1743/2476 1750/2481
f 1666/2478 1750/2481 1671/2480
f 1750/2481 1743/2476 1821/2477
f 1671/2480 1750/2481 1758/2482
f 1750/2481 1821/2477 1832/2483
f 1750/2481 1832/2483 1758/2482
f 1758/2482 1832/2483 1844/2484
f 1980/2485 2075/2486 1992/2487
f 1883/2488 1871/2489 1980/2485
f 1883/2488 1980/2485 1992/2487
f 1883/2488 1992/2487 1899/2490
f 1992/2487 2075/2486 2095/2491
f 2095/2491 2075/2486 2155/2492
f 1899/2490 1992/2487 2004/2493
f 2004/2493 1992/2487 2095/2491
f 1899/2490 2004/2493 1922/2494
f 2004/2493 2095/2491 2124/2495
f 2124/2495 2095/2491 2160/2496
f 1922/2494 2004/2493 2027/2497
f 2027/2497 2004/2493 2124/2495
f 1922/2494 2027/2497 1939/2498
f 2027/2497 2124/2495 2143/2499
f 2143/2499 2124/2495 2181/2500
f 1939/2498 2027/2497 2040/2501
f 2040/2501 2027/2497 2143/2499
f 1939/2498 2040/2501 1945/2502
f 2040/2501 2143/2499 2162/2503
f 2162/2503 2143/2499 2215/2504
f 1945/2502 2040/2501 2062/2505
f 2062/2505 2040/2501 2162/2503
f 1945/2502 2062/2505 1948/2506
f 2062/2505 2162/2503 2174/2507
f 2174/2507 2162/2503 2252/2508
f 1948/2506 2062/2505 2084/2509
f 2084/2509 2062/2505 2174/2507
f 1948/2506 2084/2509 1960/2510
f 2084/2509 2174/2507 2192/2511
f 2192/2511 2174/2507 2267/2512
f 1960/2510 2084/2509 2107/2513
f 2107/2513 2084/2509 2192/2511
f 1960/2510 2107/2513 1970/2514
f 2107/2513 2192/2511 2203/2515
f 2203/2515 2192/2511 2278/2516
f 1970/2514 2107/2513 2118/2517
f 2118/2517 2107/2513 2203/2515
f 1970/2514 2118/2517 1971/2518
f 2118/2517 2203/2515 2226/2519
f 2226/2519 2203/2515 2287/2520
f 1971/2518 2118/2517 2126/2521
f 2126/2521 2118/2517 2226/2519
f 1971/2518 2126/2521 1972/2522
f 2126/2521 2226/2519 2227/2523
f 2227/2523 2226/2519 2297/2524
f 1972/2522 2126/2521 2127/2525
f 2127/2525 2126/2521 2227/2523
f 1972/2522 2127/2525 1973/2526
f 2127/2525 2227/2523 2228/2527
f 2228/2527 2227/2523 2309/2528
f 1973/2526 2127/2525 2119/2529
f 2119/2529 2127/2525 2228/2527
f 1973/2526 2119/2529 1961/2530
f 2119/2529 2228/2527 2229/2531
f 2229/2531 2228/2527 2310/2532
f 1961/2530 2119/2529 2120/2533
f 2120/2533 2119/2529 2229/2531
f 1961/2530 2120/2533 1954/2534
f 1954/2534 2120/2533 2110/2535
f 1954/2534 2110/2535 1950/2536
f 2120/2533 2229/2531 2217/2537
f 2120/2533 2217/2537 2110/2535
f 2217/2537 2229/2531 2298/2538
f 2110/2535 2217/2537 2204/2539
f 2204/2539 2217/2537 2300/2540
f 2095/2541 2155/2542 2160/2543
f 2160/2543 2155/2542 2191/2544
f 2160/2543 2191/2544 2213/2545
f 2213/2545 2191/2544 2211/2546
f 2213/2545 2211/2546 2235/2547
f 2160/2543 2213/2545 2181/2548
f 2160/2543 2181/2548 2124/2549
f 2213/2545 2235/2547 2245/2550
f 2213/2545 2245/2550 2181/2548
f 2245/2550 2235/2547 2266/2551
f 2181/2548 2245/2550 2215/2552
f 2181/2548 2215/2552 2143/2553
f 2245/2550 2266/2551 2273/2554
f 2245/2550 2273/2554 2215/2552
f 2273/2554 2266/2551 2280/2555
f 2215/2552 2273/2554 2252/2556
f 2215/2552 2252/2556 2162/2557
f 2273/2554 2280/2555 2286/2558
f 2273/2554 2286/2558 2252/2556
f 2286/2558 2280/2555 2305/2559
f 2252/2556 2286/2558 2267/2560
f 2252/2556 2267/2560 2174/2561
f 2286/2558 2305/2559 2307/2562
f 2286/2558 2307/2562 2267/2560
f 2307/2562 2305/2559 2319/2563
f 2267/2560 2307/2562 2278/2564
f 2267/2560 2278/2564 2192/2565
f 2307/2562 2319/2563 2321/2566
f 2307/2562 2321/2566 2278/2564
f 2321/2566 2319/2563 2334/2567
f 2278/2564 2321/2566 2287/2568
f 2278/2564 2287/2568 2203/2569
f 2321/2566 2334/2567 2332/2570
f 2321/2566 2332/2570 2287/2568
f 2332/2570 2334/2567 2349/2571
f 2287/2568 2332/2570 2297/2572
f 2287/2568 2297/2572 2226/2573
f 2332/2570 2349/2571 2344/2574
f 2332/2570 2344/2574 2297/2572
f 2344/2574 2349/2571 2361/2575
f 2297/2572 2344/2574 2309/2576
f 2297/2572 2309/2576 2227/2577
f 2344/2574 2361/2575 2351/2578
f 2344/2574 2351/2578 2309/2576
f 2351/2578 2361/2575 2367/2579
f 2309/2576 2351/2578 2310/2580
f 2309/2576 2310/2580 2228/2581
f 2351/2578 2367/2579 2353/2582
f 2351/2578 2353/2582 2310/2580
f 2353/2582 2367/2579 2377/2583
f 2310/2580 2353/2582 2298/2584
f 2310/2580 2298/2584 2229/2585
f 2353/2582 2377/2583 2355/2586
f 2353/2582 2355/2586 2298/2584
f 2355/2586 2377/2583 2368/2587
f 2298/2584 2355/2586 2300/2588
f 2298/2584 2300/2588 2217/2589
f 2355/2586 2368/2587 2346/2590
f 2355/2586 2346/2590 2300/2588
f 2346/2590 2368/2587 2362/2591
f 2300/2588 2346/2590 2293/2592
f 2300/2588 2293/2592 2204/2593
f 2346/2590 2362/2591 2337/2594
f 2346/2590 2337/2594 2293/2592
f 2337/2594 2362/2591 2356/2595
f 2293/2592 2337/2594 2282/2596
f 2293/2592 2282/2596 2193/2597
f 2282/2596 2337/2594 2329/2598
f 2329/2598 2337/2594 2356/2595
f 2329/2598 2356/2595 2338/2599
f 658/2600 659/2601 745/2602
f 745/2602 659/2601 761/2603
f 761/2603 659/2601 665/2604
f 658/2600 745/2602 723/2605
f 658/2600 723/2605 629/2606
f 745/2602 761/2603 825/2607
f 761/2603 665/2604 775/2608
f 775/2608 665/2604 693/2609
f 775/2608 693/2609 776/2610
f 776/2610 693/2609 725/2611
f 775/2608 776/2610 838/2612
f 761/2603 775/2608 836/2613
f 836/2613 775/2608 838/2612
f 761/2603 836/2613 825/2607
f 836/2613 838/2612 934/2614
f 836/2613 934/2614 932/2615
f 836/2613 932/2615 825/2607
f 932/2615 934/2614 1033/2616
f 932/2615 1033/2616 1031/2617
f 1031/2617 1033/2616 1113/2618
f 825/2607 932/2615 930/2619
f 930/2619 932/2615 1031/2617
f 825/2607 930/2619 823/2620
f 825/2607 823/2620 745/2602
f 745/2602 823/2620 723/2605
f 1031/2617 1113/2618 1111/2621
f 1111/2621 1113/2618 1158/2622
f 930/2619 1031/2617 1029/2623
f 1029/2623 1031/2617 1111/2621
f 823/2620 930/2619 928/2624
f 928/2624 930/2619 1029/2623
f 723/2605 823/2620 813/2625
f 813/2625 823/2620 928/2624
f 723/2605 813/2625 709/2626
f 723/2605 709/2626 629/2606
f 629/2606 709/2626 605/2627
f 605/2627 709/2626 707/2628
f 605/2627 707/2628 604/2629
f 604/2629 707/2628 691/2630
f 707/2628 709/2626 811/2631
f 811/2631 709/2626 813/2625
f 811/2631 813/2625 926/2632
f 926/2632 813/2625 928/2624
f 811/2631 926/2632 924/2633
f 924/2633 926/2632 1023/2634
f 926/2632 928/2624 1027/2635
f 1027/2635 928/2624 1029/2623
f 1023/2634 926/2632 1025/2636
f 1025/2636 926/2632 1027/2635
f 1023/2634 1025/2636 1101/2637
f 1027/2635 1029/2623 1109/2638
f 1109/2638 1029/2623 1111/2621
f 1025/2636 1027/2635 1107/2639
f 1107/2639 1027/2635 1109/2638
f 1101/2637 1025/2636 1103/2640
f 1103/2640 1025/2636 1107/2639
f 1101/2637 1103/2640 1149/2641
f 1149/2641 1103/2640 1151/2642
f 1103/2640 1107/2639 1153/2643
f 1103/2640 1153/2643 1151/2642
f 1107/2639 1109/2638 1155/2644
f 1107/2639 1155/2644 1153/2643
f 1157/2645 1109/2638 1111/2621
f 1109/2638 1157/2645 1155/2644
f 1157/2645 1111/2621 1158/2622
f 1157/2645 1158/2622 1211/2646
f 1157/2645 1211/2646 1209/2647
f 1157/2645 1209/2647 1155/2644
f 1209/2647 1211/2646 1248/2648
f 1207/2649 1153/2643 1155/2644
f 1207/2649 1155/2644 1209/2647
f 1209/2647 1248/2648 1246/2650
f 1209/2647 1246/2650 1207/2649
f 1246/2650 1248/2648 1290/2651
f 1153/2643 1207/2649 1205/2652
f 1153/2643 1205/2652 1151/2642
f 1207/2649 1246/2650 1243/2653
f 1207/2649 1243/2653 1205/2652
f 1246/2650 1290/2651 1287/2654
f 1246/2650 1287/2654 1243/2653
f 1287/2654 1290/2651 1330/2655
f 1151/2642 1205/2652 1203/2656
f 1151/2642 1203/2656 1201/2657
f 1203/2656 1205/2652 1241/2658
f 1241/2658 1205/2652 1243/2653
f 1203/2656 1241/2658 1239/2659
f 1287/2654 1330/2655 1327/2660
f 1327/2660 1330/2655 1329/2661
f 1327/2660 1329/2661 1326/2662
f 1327/2660 1326/2662 1324/2663
f 1287/2654 1327/2660 1285/2664
f 1285/2664 1327/2660 1324/2663
f 1287/2654 1285/2664 1243/2653
f 1243/2653 1285/2664 1241/2658
f 1285/2664 1324/2663 1283/2665
f 1285/2664 1283/2665 1241/2658
f 1241/2658 1283/2665 1239/2659
f 1283/2665 1324/2663 1321/2666
f 1239/2659 1283/2665 1282/2667
f 1282/2667 1283/2665 1321/2666
f 1326/2668 1329/2669 1331/2670
f 1326/2668 1331/2670 1328/2671
f 1328/2671 1331/2670 1289/2672
s 0
f 1326/2668 1328/2671 1323/2673
s 1
f 1328/2671 1289/2672 1288/2674
s 0
f 1323/2673 1328/2671 1325/2675
s 1
f 1325/2675 1328/2671 1288/2674
s 0
f 1323/2673 1325/2675 1320/2676
s 1
f 1325/2675 1288/2674 1286/2677
f 1320/2676 1325/2675 1322/2678
f 1322/2678 1325/2675 1286/2677
f 1320/2676 1322/2678 1319/2679
f 1322/2678 1286/2677 1284/2680
f 1319/2679 1322/2678 1316/2681
f 1316/2681 1322/2678 1284/2680
f 1319/2679 1316/2681 1314/2682
f 1319/2679 1314/2682 1318/2683
f 1316/2681 1284/2680 1281/2684
f 1281/2684 1284/2680 1242/2685
f 1281/2684 1242/2685 1238/2686
f 1316/2681 1281/2684 1280/2687
f 1316/2681 1280/2687 1314/2682
f 1281/2684 1238/2686 1237/2688
f 1281/2684 1237/2688 1280/2687
f 1237/2688 1238/2686 1200/2689
f 1200/2689 1238/2686 1202/2690
f 1200/2689 1202/2690 1148/2691
f 1237/2688 1200/2689 1199/2692
f 1280/2687 1237/2688 1234/2693
f 1234/2693 1237/2688 1199/2692
f 1199/2692 1200/2689 1146/2694
f 1146/2694 1200/2689 1148/2691
f 1234/2693 1199/2692 1181/2695
f 1280/2687 1234/2693 1277/2696
f 1280/2687 1277/2696 1314/2682
f 1234/2693 1181/2695 1218/2697
f 1234/2693 1218/2697 1277/2696
f 1218/2697 1181/2695 1183/2698
f 1218/2697 1183/2698 1220/2699
f 1181/2695 1199/2692 1145/2700
f 1145/2700 1199/2692 1146/2694
f 1181/2695 1145/2700 1132/2701
f 1218/2697 1220/2699 1261/2702
f 1218/2697 1261/2702 1277/2696
f 1261/2702 1220/2699 1263/2703
f 1312/2704 1314/2682 1277/2696
f 1312/2704 1277/2696 1261/2702
f 1314/2682 1312/2704 1318/2683
f 1318/2683 1312/2704 1317/2705
f 1312/2704 1261/2702 1305/2706
f 1305/2706 1261/2702 1263/2703
f 1312/2704 1305/2706 1317/2705
f 1305/2706 1263/2703 1293/2707
f 1317/2705 1305/2706 1303/2708
f 1303/2708 1305/2706 1293/2707
f 1303/2708 1293/2707 1306/2709
f 1079/2710 1081/2711 1145/2700
f 1079/2710 1145/2700 1146/2694
f 1079/2710 1146/2694 1099/2712
f 1099/2712 1146/2694 1148/2691
s 0
f 1099/2712 1148/2691 1100/2713
s 1
f 1100/2713 1148/2691 1150/2714
f 1079/2710 1099/2712 994/2715
f 1079/2710 994/2715 996/2716
f 1099/2712 1100/2713 1021/2717
f 1099/2712 1021/2717 994/2715
f 1021/2717 1100/2713 1022/2718
f 994/2715 1021/2717 894/2719
f 994/2715 894/2719 896/2720
f 1021/2717 1022/2718 922/2721
f 1021/2717 922/2721 894/2719
f 922/2721 1022/2718 923/2722
f 922/2721 923/2722 810/2723
f 894/2719 922/2721 808/2724
f 808/2724 922/2721 810/2723
f 894/2719 808/2724 791/2725
f 791/2725 808/2724 683/2726
f 808/2724 810/2723 705/2727
f 808/2724 705/2727 683/2726
f 683/2726 705/2727 591/2728
f 591/2728 705/2727 602/2729
f 602/2729 705/2727 706/2730
f 1324/2731 1326/2732 1323/2733
f 1324/2731 1323/2733 1321/2734
f 1321/2734 1323/2733 1320/2735
f 1321/2734 1320/2735 1315/2736
f 1315/2736 1320/2735 1319/2737
f 1321/2734 1315/2736 1282/2738
f 1315/2736 1319/2737 1318/2739
f 1315/2736 1318/2739 1313/2740
f 1315/2736 1313/2740 1282/2738
f 1313/2740 1318/2739 1317/2741
f 1282/2738 1313/2740 1279/2742
f 1282/2738 1279/2742 1239/2743
f 1313/2740 1317/2741 1311/2744
f 1313/2740 1311/2744 1279/2742
f 1311/2744 1317/2741 1303/2745
f 1239/2743 1279/2742 1236/2746
f 1239/2743 1236/2746 1203/2747
f 1203/2747 1236/2746 1201/2748
f 1236/2746 1279/2742 1278/2749
f 1278/2749 1279/2742 1311/2744
f 1311/2744 1303/2745 1304/2750
f 1311/2744 1304/2750 1278/2749
f 1304/2750 1303/2745 1306/2751
f 1304/2750 1306/2751 1292/2752
f 1304/2750 1292/2752 1260/2753
f 1304/2750 1260/2753 1278/2749
f 1260/2753 1292/2752 1262/2754
f 1235/2755 1236/2746 1278/2749
f 1235/2755 1278/2749 1260/2753
f 1236/2746 1235/2755 1201/2748
f 1260/2753 1262/2754 1217/2756
f 1260/2753 1217/2756 1235/2755
f 1217/2756 1262/2754 1219/2757
f 1201/2748 1235/2755 1195/2758
f 1195/2758 1235/2755 1217/2756
f 1201/2748 1195/2758 1149/2759
f 1201/2748 1149/2759 1151/2760
f 1217/2756 1219/2757 1180/2761
f 1217/2756 1180/2761 1195/2758
f 1180/2761 1219/2757 1182/2762
f 1149/2759 1195/2758 1147/2763
f 1147/2763 1195/2758 1180/2761
f 1149/2759 1147/2763 1101/2764
f 1180/2761 1182/2762 1130/2765
f 1180/2761 1130/2765 1147/2763
f 1130/2765 1182/2762 1131/2766
f 1101/2764 1147/2763 1096/2767
f 1096/2767 1147/2763 1130/2765
f 1101/2764 1096/2767 1023/2768
f 1130/2765 1131/2766 1078/2769
f 1130/2765 1078/2769 1096/2767
f 1078/2769 1131/2766 1080/2770
f 1023/2768 1096/2767 1015/2771
f 1015/2771 1096/2767 1078/2769
f 1023/2768 1015/2771 924/2772
f 1078/2769 1080/2770 993/2773
f 1078/2769 993/2773 1015/2771
f 1015/2771 993/2773 915/2774
f 1015/2771 915/2774 924/2772
f 915/2774 993/2773 893/2775
f 893/2775 993/2773 995/2776
f 924/2772 915/2774 809/2777
f 924/2772 809/2777 811/2778
f 811/2778 809/2777 707/2779
f 915/2774 893/2775 784/2780
f 915/2774 784/2780 809/2777
f 784/2780 893/2775 785/2781
f 707/2779 809/2777 691/2782
f 691/2782 809/2777 784/2780
f 691/2782 784/2780 682/2783
f 682/2783 784/2780 684/2784
f 682/2783 684/2784 590/2785
f 682/2783 590/2785 596/2786
f 682/2783 596/2786 691/2782
f 691/2782 596/2786 604/2787
f 1288/2788 1289/2789 1247/2790
f 1288/2788 1247/2790 1245/2791
f 1245/2791 1247/2790 1210/2792
f 1288/2788 1245/2791 1286/2793
f 1245/2791 1210/2792 1208/2794
f 1286/2793 1245/2791 1244/2795
f 1244/2795 1245/2791 1208/2794
f 1286/2793 1244/2795 1284/2796
f 1208/2794 1210/2792 1159/2797
f 1284/2796 1244/2795 1242/2798
f 1244/2795 1208/2794 1206/2799
f 1244/2795 1206/2799 1242/2798
f 1208/2794 1159/2797 1156/2800
f 1208/2794 1156/2800 1206/2799
f 1156/2800 1159/2797 1112/2801
f 1242/2798 1206/2799 1204/2802
f 1242/2798 1204/2802 1238/2803
f 1238/2803 1204/2802 1202/2804
f 1204/2802 1206/2799 1154/2805
f 1154/2805 1206/2799 1156/2800
f 1156/2800 1112/2801 1110/2806
f 1156/2800 1110/2806 1154/2805
f 1110/2806 1112/2801 1032/2807
f 1204/2802 1154/2805 1152/2808
f 1204/2802 1152/2808 1202/2804
f 1154/2805 1110/2806 1108/2809
f 1154/2805 1108/2809 1152/2808
f 1110/2806 1032/2807 1030/2810
f 1110/2806 1030/2810 1108/2809
f 1030/2810 1032/2807 933/2811
f 1202/2804 1152/2808 1150/2812
f 1202/2804 1150/2812 1148/2813
f 1152/2808 1108/2809 1106/2814
f 1152/2808 1106/2814 1150/2812
f 1108/2809 1030/2810 1028/2815
f 1108/2809 1028/2815 1106/2814
f 1030/2810 933/2811 931/2816
f 1030/2810 931/2816 1028/2815
f 931/2816 933/2811 837/2817
f 1150/2812 1106/2814 1102/2818
f 1150/2812 1102/2818 1100/2819
f 1100/2819 1102/2818 1022/2820
f 1102/2818 1106/2814 1026/2821
f 1026/2821 1106/2814 1028/2815
f 1022/2820 1102/2818 1024/2822
f 1024/2822 1102/2818 1026/2821
f 1022/2820 1024/2822 923/2823
f 929/2824 1028/2815 931/2816
f 1028/2815 929/2824 1026/2821
f 929/2824 931/2816 835/2825
f 835/2825 931/2816 837/2817
f 1026/2821 929/2824 927/2826
f 1026/2821 927/2826 1024/2822
f 929/2824 835/2825 824/2827
f 929/2824 824/2827 927/2826
f 835/2825 837/2817 774/2828
f 774/2828 837/2817 780/2829
f 774/2828 780/2829 692/2830
f 692/2830 780/2829 724/2831
f 774/2828 692/2830 664/2832
f 835/2825 774/2828 760/2833
f 760/2833 774/2828 664/2832
f 835/2825 760/2833 824/2827
f 760/2833 664/2832 657/2834
f 760/2833 657/2834 744/2835
f 760/2833 744/2835 824/2827
f 744/2835 657/2834 628/2836
f 824/2827 744/2835 822/2837
f 824/2827 822/2837 927/2826
f 744/2835 628/2836 722/2838
f 744/2835 722/2838 822/2837
f 722/2838 628/2836 617/2839
f 927/2826 822/2837 925/2840
f 927/2826 925/2840 1024/2822
f 1024/2822 925/2840 923/2823
f 925/2840 822/2837 812/2841
f 925/2840 812/2841 923/2823
f 812/2841 822/2837 722/2838
f 923/2823 812/2841 810/2842
f 722/2838 617/2839 708/2843
f 722/2838 708/2843 812/2841
f 812/2841 708/2843 810/2842
f 708/2843 617/2839 603/2844
f 810/2842 708/2843 706/2845
f 706/2845 708/2843 603/2844
f 810/2842 706/2845 705/2846
f 706/2845 603/2844 602/2847
f 683/2848 591/2849 597/2850
f 683/2848 597/2850 685/2851
f 683/2848 685/2851 791/2852
f 685/2851 597/2850 607/2853
f 791/2852 685/2851 792/2854
f 791/2852 792/2854 894/2855
f 685/2851 607/2853 697/2856
f 685/2851 697/2856 792/2854
f 697/2856 607/2853 632/2857
f 894/2855 792/2854 896/2858
f 697/2856 632/2857 713/2859
f 713/2859 632/2857 645/2860
f 792/2854 697/2856 794/2861
f 794/2861 697/2856 713/2859
f 896/2858 792/2854 898/2862
f 898/2862 792/2854 794/2861
f 713/2859 645/2860 728/2863
f 728/2863 645/2860 669/2864
f 794/2861 713/2859 797/2865
f 797/2865 713/2859 728/2863
f 794/2861 797/2865 900/2866
f 794/2861 900/2866 898/2862
f 728/2863 669/2864 751/2867
f 751/2867 669/2864 699/2868
f 751/2867 699/2868 764/2869
f 751/2867 764/2869 817/2870
f 728/2863 751/2867 815/2871
f 728/2863 815/2871 797/2865
f 751/2867 817/2870 816/2872
f 751/2867 816/2872 815/2871
f 816/2872 817/2870 906/2873
f 816/2872 906/2873 905/2874
f 816/2872 905/2874 815/2871
f 905/2874 906/2873 1006/2875
f 797/2865 815/2871 903/2876
f 903/2876 815/2871 905/2874
f 797/2865 903/2876 900/2866
f 905/2874 1006/2875 1005/2877
f 905/2874 1005/2877 903/2876
f 1005/2877 1006/2875 1091/2878
f 900/2866 903/2876 1003/2879
f 1003/2879 903/2876 1005/2877
f 1005/2877 1091/2878 1090/2880
f 1005/2877 1090/2880 1003/2879
f 1090/2880 1091/2878 1142/2881
f 900/2866 1003/2879 1000/2882
f 900/2866 1000/2882 898/2862
f 1003/2879 1090/2880 1088/2883
f 1003/2879 1088/2883 1000/2882
f 1090/2880 1142/2881 1141/2884
f 1090/2880 1141/2884 1088/2883
f 1141/2884 1142/2881 1193/2885
f 1141/2884 1193/2885 1192/2886
f 1192/2886 1193/2885 1230/2887
f 1088/2883 1141/2884 1139/2888
f 1139/2888 1141/2884 1192/2886
f 1085/2889 1000/2882 1088/2883
f 1085/2889 1088/2883 1139/2888
f 1000/2882 1085/2889 998/2890
f 1000/2882 998/2890 898/2862
f 1192/2886 1230/2887 1229/2891
f 1229/2891 1230/2887 1272/2892
f 1139/2888 1192/2886 1190/2893
f 1190/2893 1192/2886 1229/2891
s 0
f 1085/2889 1139/2888 1136/2894
s 1
f 1136/2894 1139/2888 1190/2893
f 1083/2895 998/2890 1085/2889
s 0
f 1083/2895 1085/2889 1136/2894
s 1
f 996/2896 898/2862 998/2890
f 996/2896 998/2890 1083/2895
f 898/2862 996/2896 896/2858
f 896/2858 996/2896 994/2897
f 996/2896 1083/2895 1081/2898
f 996/2896 1081/2898 1079/2899
f 1083/2895 1136/2894 1134/2900
f 1083/2895 1134/2900 1081/2898
f 1134/2900 1136/2894 1187/2901
f 1187/2901 1136/2894 1190/2893
f 1081/2898 1134/2900 1132/2902
f 1081/2898 1132/2902 1145/2903
f 1134/2900 1187/2901 1185/2904
f 1134/2900 1185/2904 1132/2902
f 1132/2902 1185/2904 1183/2905
f 1132/2902 1183/2905 1181/2906
f 1183/2905 1185/2904 1222/2907
f 1183/2905 1222/2907 1220/2908
f 1185/2904 1187/2901 1224/2909
f 1185/2904 1224/2909 1222/2907
f 1227/2910 1187/2901 1190/2893
f 1187/2901 1227/2910 1224/2909
f 1227/2910 1190/2893 1229/2891
f 1220/2908 1222/2907 1265/2911
f 1220/2908 1265/2911 1263/2912
f 1222/2907 1224/2909 1267/2913
f 1222/2907 1267/2913 1265/2911
f 1224/2909 1227/2910 1269/2914
f 1224/2909 1269/2914 1267/2913
f 1227/2910 1229/2891 1271/2915
f 1227/2910 1271/2915 1269/2914
f 1271/2915 1229/2891 1272/2892
f 1271/2915 1272/2892 1302/2916
f 1271/2915 1302/2916 1301/2917
f 1271/2915 1301/2917 1269/2914
f 1301/2917 1302/2916 1310/2918
f 1269/2914 1301/2917 1299/2919
f 1299/2919 1301/2917 1310/2918
f 1269/2914 1299/2919 1267/2913
f 1299/2919 1310/2918 1309/2920
f 1267/2913 1299/2919 1297/2921
f 1297/2921 1299/2919 1309/2920
f 1267/2913 1297/2921 1265/2911
f 1297/2921 1309/2920 1308/2922
f 1265/2911 1297/2921 1295/2923
f 1295/2923 1297/2921 1308/2922
f 1265/2911 1295/2923 1263/2912
f 1295/2923 1308/2922 1307/2924
f 1263/2912 1295/2923 1293/2925
f 1293/2925 1295/2923 1307/2924
f 1293/2925 1307/2924 1306/2926
f 1182/2927 1219/2928 1184/2929
f 1184/2929 1219/2928 1221/2930
f 1221/2930 1219/2928 1262/2931
f 1182/2927 1184/2929 1133/2932
f 1182/2927 1133/2932 1131/2933
s 0
f 1131/2933 1133/2932 1082/2934
f 1131/2933 1082/2934 1080/2935
s 1
f 1221/2930 1262/2931 1264/2936
f 1264/2936 1262/2931 1292/2937
f 1184/2929 1221/2930 1186/2938
f 1221/2930 1264/2936 1223/2939
f 1221/2930 1223/2939 1186/2938
f 1264/2936 1292/2937 1294/2940
f 1294/2940 1292/2937 1306/2941
f 1294/2940 1306/2941 1307/2942
f 1264/2936 1294/2940 1266/2943
f 1264/2936 1266/2943 1223/2939
f 1294/2940 1307/2942 1296/2944
f 1294/2940 1296/2944 1266/2943
f 1296/2944 1307/2942 1308/2945
f 1266/2943 1296/2944 1268/2946
f 1296/2944 1308/2945 1298/2947
f 1296/2944 1298/2947 1268/2946
f 1298/2947 1308/2945 1309/2948
f 1298/2947 1309/2948 1300/2949
f 1300/2949 1309/2948 1310/2950
f 1298/2947 1300/2949 1270/2951
f 1298/2947 1270/2951 1268/2946
f 1268/2946 1270/2951 1228/2952
f 1225/2953 1266/2943 1268/2946
f 1266/2943 1225/2953 1223/2939
f 1268/2946 1228/2952 1226/2954
f 1268/2946 1226/2954 1225/2953
f 1226/2954 1228/2952 1191/2955
f 1226/2954 1191/2955 1189/2956
f 1226/2954 1189/2956 1225/2953
f 1189/2956 1191/2955 1140/2957
f 1223/2939 1225/2953 1188/2958
f 1188/2958 1225/2953 1189/2956
f 1223/2939 1188/2958 1186/2938
f 1189/2956 1140/2957 1138/2959
f 1189/2956 1138/2959 1188/2958
f 1138/2959 1140/2957 1089/2960
f 1186/2938 1188/2958 1137/2961
f 1137/2961 1188/2958 1138/2959
f 1138/2959 1089/2960 1087/2962
f 1138/2959 1087/2962 1137/2961
f 1087/2962 1089/2960 1004/2963
f 1186/2938 1137/2961 1135/2964
f 1186/2938 1135/2964 1184/2929
f 1184/2929 1135/2964 1133/2932
f 1135/2964 1137/2961 1086/2965
f 1086/2965 1137/2961 1087/2962
f 1133/2932 1135/2964 1084/2966
f 1084/2966 1135/2964 1086/2965
f 1133/2932 1084/2966 1082/2934
f 1002/2967 1087/2962 1004/2963
s 0
f 1087/2962 1002/2967 1086/2965
s 1
f 1002/2967 1004/2963 904/2968
s 0
f 1084/2966 1086/2965 1001/2969
f 1001/2969 1086/2965 1002/2967
s 1
f 1002/2967 904/2968 902/2970
f 1002/2967 902/2970 1001/2969
f 902/2970 904/2968 799/2971
s 0
f 1084/2966 1001/2969 999/2972
s 1
f 1084/2966 999/2972 1082/2934
f 1001/2969 902/2970 901/2973
f 1001/2969 901/2973 999/2972
s 0
f 902/2970 799/2971 798/2974
f 902/2970 798/2974 901/2973
s 1
f 798/2974 799/2971 750/2975
f 668/2976 750/2975 698/2977
f 750/2975 668/2976 749/2978
f 750/2975 749/2978 798/2974
f 749/2978 668/2976 644/2979
f 901/2973 798/2974 796/2980
f 796/2980 798/2974 749/2978
f 749/2978 644/2979 727/2981
f 749/2978 727/2981 796/2980
f 727/2981 644/2979 631/2982
f 901/2973 796/2980 899/2983
f 901/2973 899/2983 999/2972
f 796/2980 727/2981 795/2984
f 796/2980 795/2984 899/2983
f 727/2981 631/2982 712/2985
f 727/2981 712/2985 795/2984
f 712/2985 631/2982 606/2986
f 999/2972 899/2983 997/2987
f 999/2972 997/2987 1082/2934
f 899/2983 795/2984 897/2988
f 899/2983 897/2988 997/2987
f 795/2984 712/2985 793/2989
f 795/2984 793/2989 897/2988
f 712/2985 606/2986 696/2990
f 712/2985 696/2990 793/2989
f 696/2990 606/2986 592/2991
f 696/2990 592/2991 684/2992
f 684/2992 592/2991 590/2993
f 696/2990 684/2992 785/2994
f 696/2990 785/2994 793/2989
f 785/2994 684/2992 784/2995
f 793/2989 785/2994 895/2996
f 793/2989 895/2996 897/2988
f 895/2996 785/2994 893/2997
f 895/2996 893/2997 995/2998
f 895/2996 995/2998 897/2988
f 897/2988 995/2998 997/2987
f 997/2987 995/2998 1082/2934
f 1082/2934 995/2998 1080/2935
f 1080/2935 995/2998 993/2999
f 1618/3000 1619/3001 1733/3002
f 1733/3002 1619/3001 1734/3003
f 1734/3003 1619/3001 1620/3004
f 1733/3002 1734/3003 1857/3005
f 1733/3002 1857/3005 1856/3006
f 1856/3006 1857/3005 1983/3007
f 1857/3005 1734/3003 1858/3008
f 1857/3005 1858/3008 1984/3009
f 1734/3003 1620/3004 1724/3010
f 1734/3003 1724/3010 1858/3008
f 1724/3010 1620/3004 1621/3011
f 1858/3008 1724/3010 1853/3012
f 1858/3008 1853/3012 1975/3013
f 1724/3010 1621/3011 1725/3014
f 1724/3010 1725/3014 1853/3012
f 1725/3014 1621/3011 1622/3015
f 1853/3012 1725/3014 1846/3016
f 1853/3012 1846/3016 1964/3017
f 1725/3014 1622/3015 1726/3018
f 1725/3014 1726/3018 1846/3016
f 1726/3018 1622/3015 1623/3019
f 1846/3016 1726/3018 1838/3020
f 1846/3016 1838/3020 1956/3021
f 1726/3018 1623/3019 1721/3022
f 1726/3018 1721/3022 1838/3020
f 1838/3020 1721/3022 1827/3023
f 1838/3020 1827/3023 1946/3024
f 1827/3023 1721/3022 1710/3025
f 1721/3022 1623/3019 1614/3026
f 1721/3022 1614/3026 1710/3025
f 1614/3026 1623/3019 1516/3027
f 1710/3025 1614/3026 1606/3028
f 1606/3028 1614/3026 1517/3029
f 2350/3030 2296/1936 2308/1940
f 2350/3030 2308/1940 2352/3031
f 2352/3031 2308/1940 2317/1942
f 2296/1936 2350/3030 2343/3032
f 2296/1936 2343/3032 2291/1935
f 2350/3030 2352/3031 2377/3033
f 2350/3030 2377/3033 2367/3034
f 2350/3030 2367/3034 2343/3032
f 2377/3033 2352/3031 2368/3035
f 2343/3032 2367/3034 2361/3036
f 2368/3035 2352/3031 2354/3037
f 2354/3037 2352/3031 2317/1942
f 2368/3035 2354/3037 2362/3038
f 2335/3039 2291/1935 2343/3032
f 2335/3039 2343/3032 2361/3036
f 2291/1935 2335/3039 2281/1938
f 2335/3039 2361/3036 2349/1955
f 2281/1938 2335/3039 2320/1947
f 2320/1947 2335/3039 2349/1955
f 2362/3038 2354/3037 2345/3040
f 2362/3038 2345/3040 2356/3041
f 2311/3042 2354/3037 2317/1942
f 2354/3037 2311/3042 2345/3040
f 2311/3042 2317/1942 2237/3043
f 2356/3041 2345/3040 2336/3044
f 2356/3041 2336/3044 2338/3045
f 2345/3040 2311/3042 2299/3046
f 2345/3040 2299/3046 2336/3044
f 2299/3046 2311/3042 2238/3047
f 2338/3045 2336/3044 2328/3048
f 2336/3044 2299/3046 2292/3049
f 2336/3044 2292/3049 2328/3048
f 2292/3049 2299/3046 2230/3050
f 2328/3048 2292/3049 2288/3051
f 2288/3051 2292/3049 2218/3052
f 1437/3053 58/3054 1438/3055
f 1438/3055 58/3054 59/3056
f 1437/3053 1438/3055 1517/3057
f 1437/3053 1517/3057 1516/3058
f 1516/3058 1517/3057 1614/3059
f 1517/3057 1438/3055 1504/3060
f 1517/3057 1504/3060 1606/3061
f 1438/3055 59/3056 1418/3062
f 1438/3055 1418/3062 1504/3060
f 1418/3062 59/3056 60/3063
f 1504/3060 1418/3062 1505/3064
f 1504/3060 1505/3064 1599/3065
f 1418/3062 60/3063 1420/3066
f 1418/3062 1420/3066 1505/3064
f 1420/3066 60/3063 45/3067
f 1505/3064 1420/3066 1492/3068
f 1505/3064 1492/3068 1593/3069
f 1420/3066 45/3067 1422/3070
f 1420/3066 1422/3070 1492/3068
f 1422/3070 45/3067 46/3071
f 1492/3068 1422/3070 1491/3072
f 1492/3068 1491/3072 1588/3073
f 1422/3070 46/3071 1425/3074
f 1422/3070 1425/3074 1491/3072
f 1425/3074 46/3071 37/3075
f 1491/3072 1425/3074 1482/3076
f 1491/3072 1482/3076 1578/3077
f 1425/3074 37/3075 1424/3078
f 1425/3074 1424/3078 1482/3076
f 1424/3078 37/3075 28/3079
f 1482/3076 1424/3078 1469/3080
f 1482/3076 1469/3080 1567/3081
s 0
f 1424/3078 28/3079 1423/3082
s 1
f 1424/3078 1423/3082 1469/3080
f 1423/3082 28/3079 21/3083
f 1469/3080 1423/3082 1457/3084
f 1469/3080 1457/3084 1564/3085
f 1423/3082 21/3083 1421/3086
f 1423/3082 1421/3086 1457/3084
f 1421/3086 21/3083 18/3087
f 1457/3084 1421/3086 1456/3088
f 1457/3084 1456/3088 1560/3089
f 1421/3086 18/3087 1419/3090
f 1421/3086 1419/3090 1456/3088
f 1419/3090 18/3087 7/3091
f 1456/3088 1419/3090 1455/3092
f 1456/3088 1455/3092 1555/3093
f 1419/3090 7/3091 1417/3094
f 1419/3090 1417/3094 1455/3092
f 1417/3094 7/3091 6/3095
f 1455/3092 1417/3094 1446/3096
f 1455/3092 1446/3096 1554/3097
f 1417/3094 6/3095 1416/3098
f 1417/3094 1416/3098 1446/3096
f 1416/3098 6/3095 5/3099
f 1446/3096 1416/3098 1444/3100
f 1446/3096 1444/3100 1553/3101
f 1416/3098 5/3099 1414/3102
f 1416/3098 1414/3102 1444/3100
f 1414/3102 5/3099 4/3103
f 1444/3100 1414/3102 1454/3104
f 1444/3100 1454/3104 1551/3105
f 1414/3102 4/3103 1413/3106
f 1414/3102 1413/3106 1454/3104
f 1413/3106 4/3103 3/3107
f 1454/3104 1413/3106 1453/3108
f 1454/3104 1453/3108 1559/3109
f 1413/3106 3/3107 1411/3110
f 1413/3106 1411/3110 1453/3108
f 1411/3110 3/3107 2/3111
f 1453/3108 1411/3110 1451/3112
f 1453/3108 1451/3112 1563/3113
f 1411/3110 2/3111 1409/3114
f 1411/3110 1409/3114 1451/3112
f 1409/3114 2/3111 11/3115
f 1451/3112 1409/3114 1462/3116
f 1451/3112 1462/3116 1565/3117
f 1462/3116 1409/3114 1406/3118
f 1406/3118 1409/3114 11/3115
f 1406/3118 11/3115 9/3119
f 1606/3120 1504/3121 1599/3122
f 1606/3120 1599/3122 1705/3123
f 1606/3120 1705/3123 1710/3124
f 1710/3124 1705/3123 1818/3125
f 1710/3124 1818/3125 1827/3126
f 1827/3126 1818/3125 1935/3127
f 1818/3125 1705/3123 1806/3128
f 1818/3125 1806/3128 1914/3129
f 1705/3123 1599/3122 1699/3130
f 1705/3123 1699/3130 1806/3128
f 1699/3130 1599/3122 1593/3131
f 1593/3131 1599/3122 1505/3132
f 1806/3128 1699/3130 1796/3133
f 1806/3128 1796/3133 1888/3134
f 1699/3130 1593/3131 1692/3135
f 1699/3130 1692/3135 1796/3133
f 1692/3135 1593/3131 1588/3136
f 1588/3136 1593/3131 1492/3137
f 1796/3133 1692/3135 1773/3138
f 1796/3133 1773/3138 1865/3139
f 1692/3135 1588/3136 1679/3140
f 1692/3135 1679/3140 1773/3138
f 1679/3140 1588/3136 1578/3141
f 1578/3141 1588/3136 1491/3142
f 1773/3138 1679/3140 1762/3143
f 1773/3138 1762/3143 1854/3144
f 1679/3140 1578/3141 1673/3145
f 1679/3140 1673/3145 1762/3143
f 1673/3145 1578/3141 1567/3146
f 1567/3146 1578/3141 1482/3147
f 1762/3143 1673/3145 1751/3148
f 1762/3143 1751/3148 1834/3149
f 1673/3145 1567/3146 1668/3150
f 1673/3145 1668/3150 1751/3148
f 1668/3150 1567/3146 1564/3151
f 1564/3151 1567/3146 1469/3152
f 1751/3148 1668/3150 1744/3153
f 1751/3148 1744/3153 1823/3154
f 1668/3150 1564/3151 1664/3155
f 1668/3150 1664/3155 1744/3153
f 1664/3155 1564/3151 1560/3156
f 1560/3156 1564/3151 1457/3157
f 1744/3153 1664/3155 1739/3158
f 1744/3153 1739/3158 1817/3159
f 1664/3155 1560/3156 1659/3160
f 1664/3155 1659/3160 1739/3158
f 1659/3160 1560/3156 1555/3161
f 1555/3161 1560/3156 1456/3162
f 1739/3158 1659/3160 1738/3163
f 1739/3158 1738/3163 1811/3164
f 1659/3160 1555/3161 1658/3165
f 1659/3160 1658/3165 1738/3163
f 1658/3165 1555/3161 1554/3166
f 1554/3166 1555/3161 1455/3167
f 1738/3163 1658/3165 1737/3168
f 1738/3163 1737/3168 1809/3169
f 1658/3165 1554/3166 1657/3170
f 1658/3165 1657/3170 1737/3168
f 1657/3170 1554/3166 1553/3171
f 1553/3171 1554/3166 1446/3172
f 1737/3168 1657/3170 1735/3173
f 1737/3168 1735/3173 1816/3174
f 1657/3170 1553/3171 1663/3175
f 1657/3170 1663/3175 1735/3173
f 1663/3175 1553/3171 1551/3176
f 1551/3176 1553/3171 1444/3177
f 1735/3173 1663/3175 1747/3178
f 1735/3173 1747/3178 1820/3179
f 1663/3175 1551/3176 1661/3180
f 1663/3175 1661/3180 1747/3178
f 1661/3180 1551/3176 1559/3181
f 1559/3181 1551/3176 1454/3182
f 1747/3178 1661/3180 1749/3183
f 1747/3178 1749/3183 1831/3184
f 1661/3180 1559/3181 1667/3185
f 1661/3180 1667/3185 1749/3183
f 1749/3183 1667/3185 1757/3186
f 1749/3183 1757/3186 1852/3187
f 1757/3186 1667/3185 1670/3188
f 1667/3185 1559/3181 1563/3189
f 1667/3185 1563/3189 1670/3188
f 1563/3189 1559/3181 1453/3190
f 1670/3188 1563/3189 1565/3191
f 1565/3191 1563/3189 1451/3192
f 21/3193 127/3194 18/3195
f 7/3196 18/3197 122/3198
f 1751/3199 1823/3200 1834/3201
f 1834/3201 1823/3200 1901/3202
f 1744/3203 1817/3204 1823/3200
f 1823/3200 1817/3204 1895/3205
f 1823/3200 1895/3205 1901/3202
f 1895/3205 1817/3204 1886/3206
f 1834/3201 1901/3202 1913/3207
f 1739/3208 1811/3209 1817/3204
f 1817/3204 1811/3209 1886/3206
f 1901/3202 1895/3205 1958/3210
f 1958/3210 1895/3205 1955/3211
f 1955/3211 1895/3205 1886/3206
f 1958/3210 1955/3211 2013/3212
f 1901/3202 1958/3210 1965/3213
f 1965/3213 1958/3210 2014/3214
f 1901/3202 1965/3213 1913/3207
f 1955/3211 1886/3206 1952/3215
f 1955/3211 1952/3215 2011/3216
f 1952/3215 1886/3206 1884/3217
f 1884/3217 1886/3206 1811/3209
f 1952/3215 1884/3217 1962/3218
f 1952/3215 1962/3218 2019/3219
f 1884/3217 1811/3209 1809/3220
f 1809/3220 1811/3209 1738/3221
f 1962/3218 1884/3217 1893/3222
f 1893/3222 1884/3217 1809/3220
f 1962/3218 1893/3222 1985/3223
f 1962/3218 1985/3223 2031/3224
f 1893/3222 1809/3220 1816/3225
f 1816/3225 1809/3220 1737/3226
f 1985/3223 1893/3222 1908/3227
f 1908/3227 1893/3222 1816/3225
f 1985/3223 1908/3227 1993/3228
f 1985/3223 1993/3228 2041/3229
f 1908/3227 1816/3225 1820/3230
f 1820/3230 1816/3225 1735/3231
f 1993/3228 1908/3227 1923/3232
f 1923/3232 1908/3227 1820/3230
f 1993/3228 1923/3232 2010/3233
f 1993/3228 2010/3233 2085/3234
f 2010/3233 1923/3232 1940/3235
f 1923/3232 1820/3230 1831/3236
f 1923/3232 1831/3236 1940/3235
f 1831/3236 1820/3230 1747/3237
f 1940/3235 1831/3236 1852/3238
f 1852/3238 1831/3236 1749/3239
f 1762/3240 1834/3201 1854/3241
f 1854/3241 1834/3201 1913/3207
f 1854/3241 1913/3207 1941/3242
f 1773/3243 1854/3241 1865/3244
f 1865/3244 1854/3241 1941/3242
f 1941/3242 1913/3207 1989/3245
f 1989/3245 1913/3207 1965/3213
f 1989/3245 1965/3213 2021/3246
f 1941/3242 1989/3245 2024/3247
f 2024/3247 1989/3245 2037/3248
f 1865/3244 1941/3242 1967/3249
f 1967/3249 1941/3242 2024/3247
f 1865/3244 1967/3249 1888/3250
f 1865/3244 1888/3250 1796/3251
f 1967/3249 2024/3247 2057/3252
f 2057/3252 2024/3247 2099/3253
f 1888/3250 1967/3249 1998/3254
f 1998/3254 1967/3249 2057/3252
f 1888/3250 1998/3254 1914/3255
f 1888/3250 1914/3255 1806/3256
f 1998/3254 2057/3252 2112/3257
f 2112/3257 2057/3252 2145/3258
f 1914/3255 1998/3254 2023/3259
f 2023/3259 1998/3254 2112/3257
f 1914/3255 2023/3259 1935/3260
f 1914/3255 1935/3260 1818/3261
f 1935/3260 2023/3259 2036/3262
f 1935/3260 2036/3262 1946/3263
f 1935/3260 1946/3263 1827/3264
f 2036/3262 2023/3259 2144/3265
f 2144/3265 2023/3259 2112/3257
f 2144/3265 2112/3257 2168/3266
f 2036/3262 2144/3265 2163/3267
f 2163/3267 2144/3265 2205/3268
f 2198/3269 2275/3270 2288/3271
f 2288/3271 2275/3270 2312/3272
f 2288/3271 2312/3272 2328/3273
f 2328/3273 2312/3272 2322/3274
f 2328/3273 2322/3274 2338/3275
f 2322/3274 2312/3272 2301/3276
f 2301/3276 2312/3272 2289/3277
f 2289/3277 2312/3272 2275/3270
f 2301/3276 2289/3277 2276/3278
f 2289/3277 2275/3270 2246/3279
f 2246/3279 2275/3270 2183/3280
f 2276/3278 2289/3277 2257/3281
f 2257/3281 2289/3277 2246/3279
f 2276/3278 2257/3281 2240/3282
f 2257/3281 2246/3279 2205/3283
f 2205/3283 2246/3279 2163/3284
f 2240/3282 2257/3281 2219/3285
f 2219/3285 2257/3281 2205/3283
f 2240/3282 2219/3285 2184/3286
f 2219/3285 2205/3283 2168/3287
f 2168/3287 2205/3283 2144/3288
f 2184/3286 2219/3285 2176/3289
f 2176/3289 2219/3285 2168/3287
f 2184/3286 2176/3289 2150/3290
f 2176/3289 2168/3287 2145/3291
f 2145/3291 2168/3287 2112/3292
f 2150/3290 2176/3289 2138/3293
f 2138/3293 2176/3289 2145/3291
f 2150/3290 2138/3293 2111/3294
f 2138/3293 2145/3291 2099/3295
f 2099/3295 2145/3291 2057/3296
f 2111/3294 2138/3293 2089/3297
f 2089/3297 2138/3293 2099/3295
f 2111/3294 2089/3297 2079/3298
f 2089/3297 2099/3295 2037/3299
f 2037/3299 2099/3295 2024/3300
f 2079/3298 2089/3297 2055/3301
f 2055/3301 2089/3297 2037/3299
f 2079/3298 2055/3301 2067/3302
f 2055/3301 2037/3299 2021/3303
f 2021/3303 2037/3299 1989/3304
f 2067/3302 2055/3301 2047/3305
f 2047/3305 2055/3301 2021/3303
f 2067/3302 2047/3305 2066/3306
f 2047/3305 2021/3303 2014/3307
f 2014/3307 2021/3303 1965/3308
f 2066/3306 2047/3305 2045/3309
f 2045/3309 2047/3305 2014/3307
f 2066/3306 2045/3309 2065/3310
f 2045/3309 2014/3307 2013/3311
f 2013/3311 2014/3307 1958/3312
f 2065/3310 2045/3309 2043/3313
f 2043/3313 2045/3309 2013/3311
f 2065/3310 2043/3313 2087/3314
f 2043/3313 2013/3311 2011/3315
f 2011/3315 2013/3311 1955/3316
f 2087/3314 2043/3313 2063/3317
f 2063/3317 2043/3313 2011/3315
f 2087/3314 2063/3317 2097/3318
f 2063/3317 2011/3315 2019/3319
f 2019/3319 2011/3315 1952/3320
f 2097/3318 2063/3317 2077/3321
f 2077/3321 2063/3317 2019/3319
f 2097/3318 2077/3321 2129/3322
f 2077/3321 2019/3319 2031/3323
f 2031/3323 2019/3319 1962/3324
f 2129/3322 2077/3321 2108/3325
f 2108/3325 2077/3321 2031/3323
f 2129/3322 2108/3325 2149/3326
f 2149/3326 2108/3325 2137/3327
f 2108/3325 2031/3323 2041/3328
f 2108/3325 2041/3328 2137/3327
f 2041/3328 2031/3323 1985/3329
f 2137/3327 2041/3328 2085/3330
f 2085/3330 2041/3328 1993/3331
f 2338/3332 2322/3333 2313/3334
f 2338/3332 2313/3334 2329/3335
f 2313/3334 2322/3333 2283/3336
f 2283/3336 2322/3333 2301/3337
f 2329/3335 2313/3334 2268/3338
f 2329/3335 2268/3338 2282/3339
f 2282/3339 2268/3338 2175/3340
f 2268/3338 2313/3334 2239/3341
f 2239/3341 2313/3334 2283/3336
f 2268/3338 2239/3341 2156/3342
f 2283/3336 2301/3337 2258/3343
f 2239/3341 2283/3336 2199/3344
f 2239/3341 2199/3344 2135/3345
f 2199/3344 2283/3336 2258/3343
f 2258/3343 2301/3337 2276/3346
f 2199/3344 2258/3343 2164/3347
f 2199/3344 2164/3347 2100/3348
f 2258/3343 2276/3346 2220/3349
f 2258/3343 2220/3349 2164/3347
f 2220/3349 2276/3346 2240/3350
f 2164/3347 2220/3349 2140/3351
f 2164/3347 2140/3351 2038/3352
f 2220/3349 2240/3350 2169/3353
f 2220/3349 2169/3353 2140/3351
f 2169/3353 2240/3350 2184/3354
s 0
f 2140/3351 2169/3353 2091/3355
s 1
f 2140/3351 2091/3355 2008/3356
f 2169/3353 2184/3354 2139/3357
f 2169/3353 2139/3357 2091/3355
f 2139/3357 2184/3354 2150/3358
f 2091/3355 2139/3357 2034/3359
f 2091/3355 2034/3359 1986/3360
f 2139/3357 2150/3358 2090/3361
f 2139/3357 2090/3361 2034/3359
f 2090/3361 2150/3358 2111/3362
f 2034/3359 2090/3361 2022/3363
f 2034/3359 2022/3363 1966/3364
f 2090/3361 2111/3362 2056/3365
f 2090/3361 2056/3365 2022/3363
f 2056/3365 2111/3362 2079/3366
f 2022/3363 2056/3365 2007/3367
f 2022/3363 2007/3367 1957/3368
f 2056/3365 2079/3366 2048/3369
f 2056/3365 2048/3369 2007/3367
f 2048/3369 2079/3366 2067/3370
f 2007/3367 2048/3369 2006/3371
f 2007/3367 2006/3371 1949/3372
f 2048/3369 2067/3370 2046/3373
f 2048/3369 2046/3373 2006/3371
f 2046/3373 2067/3370 2066/3374
f 2006/3371 2046/3373 2012/3375
f 2006/3371 2012/3375 1953/3376
f 2046/3373 2066/3374 2044/3377
f 2046/3373 2044/3377 2012/3375
f 2044/3377 2066/3374 2065/3378
f 2012/3375 2044/3377 2020/3379
f 2012/3375 2020/3379 1963/3380
f 2044/3377 2065/3378 2064/3381
f 2044/3377 2064/3381 2020/3379
f 2064/3381 2065/3378 2087/3382
f 2020/3379 2064/3381 2032/3383
f 2020/3379 2032/3383 1974/3384
f 2064/3381 2087/3382 2078/3385
f 2064/3381 2078/3385 2032/3383
f 2078/3385 2087/3382 2097/3386
f 2032/3383 2078/3385 2042/3387
f 2032/3383 2042/3387 1994/3388
f 2078/3385 2097/3386 2109/3389
f 2078/3385 2109/3389 2042/3387
f 2109/3389 2097/3386 2129/3390
f 2042/3387 2109/3389 2086/3391
f 2042/3387 2086/3391 2005/3392
f 2086/3391 2109/3389 2134/3393
f 2134/3393 2109/3389 2129/3390
f 2134/3393 2129/3390 2149/3394
f 2293/3395 2193/3396 2204/3397
f 2204/3397 2193/3396 2088/3398
f 2204/3397 2088/3398 2110/3399
f 2110/3399 2088/3398 1950/3400
f 1950/3400 2088/3398 1943/3401
f 1943/3401 2088/3398 2054/3402
f 2054/3402 2088/3398 2193/3396
f 1943/3401 2054/3402 1927/3403
f 2054/3402 2193/3396 2175/3404
f 2175/3404 2193/3396 2282/3405
f 1927/3403 2054/3402 2033/3406
f 2033/3406 2054/3402 2175/3404
f 1927/3403 2033/3406 1909/3407
f 2033/3406 2175/3404 2156/3408
f 2156/3408 2175/3404 2268/3409
f 1909/3407 2033/3406 2015/3410
f 2015/3410 2033/3406 2156/3408
f 1909/3407 2015/3410 1880/3411
f 2015/3410 2156/3408 2135/3412
f 2135/3412 2156/3408 2239/3413
f 1880/3411 2015/3410 1990/3414
f 1990/3414 2015/3410 2135/3412
f 1880/3411 1990/3414 1862/3415
f 1990/3414 2135/3412 2100/3416
f 2100/3416 2135/3412 2199/3417
f 1862/3415 1990/3414 1959/3418
f 1959/3418 1990/3414 2100/3416
f 1862/3415 1959/3418 1847/3419
f 1959/3418 2100/3416 2038/3420
f 2038/3420 2100/3416 2164/3421
f 1847/3419 1959/3418 1936/3422
f 1936/3422 1959/3418 2038/3420
f 1847/3419 1936/3422 1824/3423
f 1824/3423 1936/3422 1902/3424
f 1936/3422 2038/3420 2008/3425
f 1936/3422 2008/3425 1902/3424
f 2008/3425 2038/3420 2140/3426
f 1902/3424 2008/3425 1986/3427
f 1986/3427 2008/3425 2091/3428
f 29/3429 22/3430 128/3431
f 128/3431 22/3430 124/3432
f 124/3432 22/3430 19/3433
f 29/3429 128/3431 133/3434
f 29/3429 133/3434 38/3435
f 128/3431 124/3432 221/3436
f 38/3435 133/3434 143/3437
f 38/3435 143/3437 47/3438
f 133/3434 128/3431 234/3439
f 234/3439 128/3431 221/3436
f 143/3437 133/3434 235/3440
f 235/3440 133/3434 234/3439
f 47/3438 143/3437 147/3441
f 47/3438 147/3441 61/3442
f 143/3437 235/3440 247/3443
f 143/3437 247/3443 147/3441
s 0
f 235/3440 234/3439 317/3444
s 1
f 247/3443 235/3440 323/3445
s 0
f 323/3445 235/3440 317/3444
s 1
f 323/3445 317/3444 414/3446
f 317/3444 234/3439 307/3447
f 307/3447 234/3439 221/3436
f 317/3444 307/3447 396/3448
f 247/3443 323/3445 352/3449
f 352/3449 323/3445 429/3450
f 307/3447 221/3436 303/3451
f 307/3447 303/3451 387/3452
f 303/3451 221/3436 210/3453
f 210/3453 221/3436 124/3432
f 303/3451 210/3453 300/3454
f 303/3451 300/3454 379/3455
f 210/3453 124/3432 123/3456
f 123/3456 124/3432 19/3433
f 123/3456 19/3433 17/3457
f 210/3453 123/3456 201/3458
f 210/3453 201/3458 300/3454
f 123/3456 17/3457 117/3459
f 123/3456 117/3459 201/3458
f 117/3459 17/3457 16/3460
f 300/3454 201/3458 298/3461
f 300/3454 298/3461 372/3462
f 201/3458 117/3459 199/3463
f 201/3458 199/3463 298/3461
f 117/3459 16/3460 115/3464
f 117/3459 115/3464 199/3463
f 115/3464 16/3460 15/3465
f 298/3461 199/3463 297/3466
f 298/3461 297/3466 371/3467
f 199/3463 115/3464 197/3468
f 199/3463 197/3468 297/3466
f 115/3464 15/3465 114/3469
f 115/3464 114/3469 197/3468
f 114/3469 15/3465 14/3470
f 297/3466 197/3468 296/3471
f 297/3466 296/3471 378/3472
f 197/3468 114/3469 208/3473
f 197/3468 208/3473 296/3471
f 114/3469 14/3470 112/3474
f 114/3469 112/3474 208/3473
f 112/3474 14/3470 13/3475
f 296/3471 208/3473 301/3476
f 296/3471 301/3476 385/3477
f 208/3473 112/3474 206/3478
f 208/3473 206/3478 301/3476
f 112/3474 13/3475 121/3479
f 112/3474 121/3479 206/3478
f 121/3479 13/3475 12/3480
f 301/3476 206/3478 304/3481
f 301/3476 304/3481 389/3482
f 206/3478 121/3479 218/3483
f 206/3478 218/3483 304/3481
f 121/3479 12/3480 120/3484
f 121/3479 120/3484 218/3483
f 120/3484 12/3480 10/3485
f 304/3481 218/3483 313/3486
f 304/3481 313/3486 402/3487
f 313/3486 218/3483 232/3488
f 232/3488 218/3483 120/3484
f 232/3488 120/3484 126/3489
f 126/3489 120/3484 10/3485
f 126/3489 10/3485 20/3490
f 1368/3491 70/3492 69/3493
f 69/3493 70/3492 160/3494
f 70/3495 61/3442 155/3496
f 155/3496 61/3442 147/3441
f 70/3495 155/3496 160/3497
f 155/3496 147/3441 257/3498
f 257/3498 147/3441 247/3443
f 257/3498 247/3443 352/3449
f 160/3497 155/3496 264/3499
f 264/3499 155/3496 257/3498
f 160/3497 264/3499 272/3500
f 257/3498 352/3449 367/3501
f 257/3498 367/3501 264/3499
f 367/3501 352/3449 455/3502
f 272/3500 264/3499 386/3503
f 386/3503 264/3499 367/3501
f 386/3503 367/3501 476/3504
f 272/3500 386/3503 395/3505
f 395/3505 386/3503 489/3506
f 1366/3507 69/3508 68/3509
f 68/3509 69/3508 173/3510
f 881/3511 975/3512 987/3513
f 987/3513 975/3512 1044/3514
f 987/3513 1044/3514 1049/3515
f 1049/3515 1044/3514 1050/3516
f 1049/3515 1050/3516 1064/3517
f 1050/3516 1044/3514 1036/3518
f 1036/3518 1044/3514 1014/3519
f 1014/3519 1044/3514 975/3512
f 1036/3518 1014/3519 988/3520
f 1014/3519 975/3512 949/3521
f 949/3521 975/3512 867/3522
f 988/3520 1014/3519 977/3523
f 977/3523 1014/3519 949/3521
f 988/3520 977/3523 957/3524
f 977/3523 949/3521 921/3525
f 957/3524 977/3523 945/3526
f 945/3526 977/3523 921/3525
f 957/3524 945/3526 914/3527
f 945/3526 921/3525 874/3528
f 914/3527 945/3526 883/3529
f 883/3529 945/3526 874/3528
f 914/3527 883/3529 859/3530
f 883/3529 874/3528 834/3531
f 859/3530 883/3529 833/3532
f 833/3532 883/3529 834/3531
f 859/3530 833/3532 790/3533
f 833/3532 834/3531 773/3534
f 790/3533 833/3532 772/3535
f 772/3535 833/3532 773/3534
f 772/3535 773/3534 690/3536
f 118/3537 6/3538 7/3539
f 6/3540 116/3541 5/3542
f 4/3543 5/3544 110/3545
f 2042/3546 2005/3547 1994/3548
f 1994/3548 2005/3547 1934/3549
f 1994/3548 1934/3549 1912/3550
f 1912/3550 1934/3549 1844/3551
f 1912/3550 1844/3551 1832/3552
f 1994/3548 1912/3550 1974/3553
f 1994/3548 1974/3553 2032/3554
f 1912/3550 1832/3552 1900/3555
f 1912/3550 1900/3555 1974/3553
f 1900/3555 1832/3552 1821/3556
f 1974/3553 1900/3555 1963/3557
f 1974/3553 1963/3557 2020/3558
f 1900/3555 1821/3556 1894/3559
f 1900/3555 1894/3559 1963/3557
f 1894/3559 1821/3556 1815/3560
f 1963/3557 1894/3559 1953/3561
f 1963/3557 1953/3561 2012/3562
f 1894/3559 1815/3560 1885/3563
f 1894/3559 1885/3563 1953/3561
f 1885/3563 1815/3560 1810/3564
f 1953/3561 1885/3563 1949/3565
f 1953/3561 1949/3565 2006/3566
f 1885/3563 1810/3564 1878/3567
f 1885/3563 1878/3567 1949/3565
f 1878/3567 1810/3564 1804/3568
f 1949/3565 1878/3567 1957/3569
f 1949/3565 1957/3569 2007/3570
f 1878/3567 1804/3568 1879/3571
f 1878/3567 1879/3571 1957/3569
f 1879/3571 1804/3568 1805/3572
f 1957/3569 1879/3571 1966/3573
f 1957/3569 1966/3573 2022/3574
f 1879/3571 1805/3572 1887/3575
f 1879/3571 1887/3575 1966/3573
f 1887/3575 1805/3572 1812/3576
f 1966/3573 1887/3575 1986/3577
f 1966/3573 1986/3577 2034/3578
f 1986/3577 1887/3575 1902/3579
f 1902/3579 1887/3575 1812/3576
f 1902/3579 1812/3576 1824/3580
f 601/3581 651/3582 737/3583
f 601/3581 737/3583 678/3584
f 678/3584 737/3583 769/3585
f 601/3581 678/3584 586/3586
f 678/3584 769/3585 702/3587
f 586/3586 678/3584 652/3588
f 652/3588 678/3584 702/3587
f 586/3586 652/3588 577/3589
f 652/3588 702/3587 661/3590
f 577/3589 652/3588 623/3591
f 623/3591 652/3588 661/3590
f 577/3589 623/3591 569/3592
f 623/3591 661/3590 653/3593
f 569/3592 623/3591 612/3594
f 612/3594 623/3591 653/3593
f 612/3594 653/3593 638/3595
f 612/3594 638/3595 614/3596
f 612/3594 614/3596 571/3597
f 614/3596 638/3595 639/3598
f 614/3596 639/3598 625/3599
f 614/3596 625/3599 578/3600
f 625/3599 639/3598 654/3601
f 625/3599 654/3601 640/3602
f 625/3599 640/3602 587/3603
f 640/3602 654/3601 662/3604
f 640/3602 662/3604 689/3605
f 640/3602 689/3605 616/3606
f 689/3605 662/3604 721/3607
f 689/3605 721/3607 772/3608
f 689/3605 772/3608 690/3609
f 772/3608 721/3607 790/3610
f 702/3611 769/3612 736/3613
f 702/3611 736/3613 677/3614
f 702/3611 677/3614 661/3615
f 661/3615 677/3614 637/3616
f 661/3615 637/3616 653/3617
f 653/3617 637/3616 622/3618
f 653/3617 622/3618 638/3619
f 119/3620 125/3621 9/3622
f 119/3620 9/3622 11/3623
f 119/3620 11/3623 111/3624
f 111/3624 11/3623 2/3625
f 111/3624 2/3625 113/3626
f 113/3626 2/3625 3/3627
f 113/3626 3/3627 109/3628
f 109/3628 3/3627 4/3629
f 611/3630 639/3631 638/3632
f 790/3633 771/3634 859/3635
